REGION,SETTLEMENTDATE,TOTALDEMAND,RRP,PERIODTYPE
VIC1,2025-06-01 00:00:00,5415.04,134.0,TRADE
VIC1,2025-06-01 00:05:00,5331.86,132.23,TRADE
VIC1,2025-06-01 00:10:00,5340.97,134.34,TRADE
VIC1,2025-06-01 00:15:00,5285.37,138.58,TRADE
VIC1,2025-06-01 00:20:00,5193.24,138.98,TRADE
VIC1,2025-06-01 00:25:00,5174.54,144.33,TRADE
VIC1,2025-06-01 00:30:00,5166.79,138.3,TRADE
VIC1,2025-06-01 00:35:00,5199.46,148.01,TRADE
VIC1,2025-06-01 00:40:00,5162.08,148.4,TRADE
VIC1,2025-06-01 00:45:00,5098.03,147.23,TRADE
VIC1,2025-06-01 00:50:00,5089.81,145.44,TRADE
VIC1,2025-06-01 00:55:00,5055.14,144.7,TRADE
VIC1,2025-06-01 01:00:00,4998.49,132.3,TRADE
VIC1,2025-06-01 01:05:00,4940.13,140.73,TRADE
VIC1,2025-06-01 01:10:00,4909.11,134.1,TRADE
VIC1,2025-06-01 01:15:00,4938.28,140.73,TRADE
VIC1,2025-06-01 01:20:00,4933.49,127.48,TRADE
VIC1,2025-06-01 01:25:00,4825.84,110.77,TRADE
VIC1,2025-06-01 01:30:00,4869.64,102.41,TRADE
VIC1,2025-06-01 01:35:00,4839.08,108.11,TRADE
VIC1,2025-06-01 01:40:00,4818.45,108.27,TRADE
VIC1,2025-06-01 01:45:00,4790.35,104.41,TRADE
VIC1,2025-06-01 01:50:00,4673.77,76.92,TRADE
VIC1,2025-06-01 01:55:00,4645.61,75.0,TRADE
VIC1,2025-06-01 02:00:00,4624.93,73.89,TRADE
VIC1,2025-06-01 02:05:00,4695.19,76.19,TRADE
VIC1,2025-06-01 02:10:00,4639.52,80.91,TRADE
VIC1,2025-06-01 02:15:00,4609.56,79.99,TRADE
VIC1,2025-06-01 02:20:00,4573.34,75.0,TRADE
VIC1,2025-06-01 02:25:00,4561.32,71.87,TRADE
VIC1,2025-06-01 02:30:00,4564.64,68.18,TRADE
VIC1,2025-06-01 02:35:00,4537.73,73.95,TRADE
VIC1,2025-06-01 02:40:00,4460.97,69.0,TRADE
VIC1,2025-06-01 02:45:00,4449.07,65.43,TRADE
VIC1,2025-06-01 02:50:00,4460.08,54.54,TRADE
VIC1,2025-06-01 02:55:00,4492.91,67.54,TRADE
VIC1,2025-06-01 03:00:00,4470.19,47.17,TRADE
VIC1,2025-06-01 03:05:00,4429.98,56.85,TRADE
VIC1,2025-06-01 03:10:00,4438.64,71.11,TRADE
VIC1,2025-06-01 03:15:00,4428.64,49.13,TRADE
VIC1,2025-06-01 03:20:00,4426.09,43.78,TRADE
VIC1,2025-06-01 03:25:00,4332.78,20.01,TRADE
VIC1,2025-06-01 03:30:00,4317.94,20.01,TRADE
VIC1,2025-06-01 03:35:00,4347.81,27.24,TRADE
VIC1,2025-06-01 03:40:00,4381.89,20.01,TRADE
VIC1,2025-06-01 03:45:00,4345.88,20.01,TRADE
VIC1,2025-06-01 03:50:00,4318.03,20.01,TRADE
VIC1,2025-06-01 03:55:00,4307.9,20.01,TRADE
VIC1,2025-06-01 04:00:00,4331.25,27.0,TRADE
VIC1,2025-06-01 04:05:00,4340.16,35.8,TRADE
VIC1,2025-06-01 04:10:00,4274.76,30.28,TRADE
VIC1,2025-06-01 04:15:00,4304.83,35.95,TRADE
VIC1,2025-06-01 04:20:00,4413.37,35.95,TRADE
VIC1,2025-06-01 04:25:00,4393.51,35.95,TRADE
VIC1,2025-06-01 04:30:00,4358.7,20.01,TRADE
VIC1,2025-06-01 04:35:00,4364.47,29.17,TRADE
VIC1,2025-06-01 04:40:00,4366.36,20.01,TRADE
VIC1,2025-06-01 04:45:00,4372.7,35.95,TRADE
VIC1,2025-06-01 04:50:00,4367.4,35.95,TRADE
VIC1,2025-06-01 04:55:00,4306.93,35.95,TRADE
VIC1,2025-06-01 05:00:00,4359.75,35.95,TRADE
VIC1,2025-06-01 05:05:00,4352.8,35.95,TRADE
VIC1,2025-06-01 05:10:00,4310.45,34.12,TRADE
VIC1,2025-06-01 05:15:00,4366.89,20.01,TRADE
VIC1,2025-06-01 05:20:00,4382.77,20.01,TRADE
VIC1,2025-06-01 05:25:00,4400.58,20.01,TRADE
VIC1,2025-06-01 05:30:00,4420.45,20.01,TRADE
VIC1,2025-06-01 05:35:00,4375.91,20.01,TRADE
VIC1,2025-06-01 05:40:00,4395.98,30.86,TRADE
VIC1,2025-06-01 05:45:00,4477.36,35.95,TRADE
VIC1,2025-06-01 05:50:00,4501.08,35.95,TRADE
VIC1,2025-06-01 05:55:00,4489.52,35.95,TRADE
VIC1,2025-06-01 06:00:00,4490.06,35.95,TRADE
VIC1,2025-06-01 06:05:00,4595.42,35.95,TRADE
VIC1,2025-06-01 06:10:00,4620.8,35.95,TRADE
VIC1,2025-06-01 06:15:00,4580.2,35.95,TRADE
VIC1,2025-06-01 06:20:00,4612.0,35.95,TRADE
VIC1,2025-06-01 06:25:00,4707.71,35.95,TRADE
VIC1,2025-06-01 06:30:00,4710.54,36.25,TRADE
VIC1,2025-06-01 06:35:00,4756.52,35.95,TRADE
VIC1,2025-06-01 06:40:00,4788.53,35.95,TRADE
VIC1,2025-06-01 06:45:00,4857.34,57.86,TRADE
VIC1,2025-06-01 06:50:00,4889.64,56.72,TRADE
VIC1,2025-06-01 06:55:00,4877.01,74.5,TRADE
VIC1,2025-06-01 07:00:00,4914.96,75.39,TRADE
VIC1,2025-06-01 07:05:00,5014.01,56.62,TRADE
VIC1,2025-06-01 07:10:00,5045.73,69.88,TRADE
VIC1,2025-06-01 07:15:00,5039.66,69.42,TRADE
VIC1,2025-06-01 07:20:00,5150.84,84.19,TRADE
VIC1,2025-06-01 07:25:00,5216.32,120.0,TRADE
VIC1,2025-06-01 07:30:00,5282.25,120.0,TRADE
VIC1,2025-06-01 07:35:00,5305.98,119.87,TRADE
VIC1,2025-06-01 07:40:00,5376.63,90.0,TRADE
VIC1,2025-06-01 07:45:00,5355.39,90.0,TRADE
VIC1,2025-06-01 07:50:00,5390.33,72.34,TRADE
VIC1,2025-06-01 07:55:00,5457.53,73.52,TRADE
VIC1,2025-06-01 08:00:00,5495.03,47.56,TRADE
VIC1,2025-06-01 08:05:00,5442.4,44.43,TRADE
VIC1,2025-06-01 08:10:00,5533.0,49.26,TRADE
VIC1,2025-06-01 08:15:00,5500.72,52.16,TRADE
VIC1,2025-06-01 08:20:00,5488.15,35.95,TRADE
VIC1,2025-06-01 08:25:00,5424.73,45.87,TRADE
VIC1,2025-06-01 08:30:00,5364.71,20.01,TRADE
VIC1,2025-06-01 08:35:00,5324.81,32.55,TRADE
VIC1,2025-06-01 08:40:00,5291.14,35.95,TRADE
VIC1,2025-06-01 08:45:00,5291.01,35.95,TRADE
VIC1,2025-06-01 08:50:00,5232.44,20.01,TRADE
VIC1,2025-06-01 08:55:00,5186.63,19.19,TRADE
VIC1,2025-06-01 09:00:00,5132.63,2.03,TRADE
VIC1,2025-06-01 09:05:00,5106.92,20.01,TRADE
VIC1,2025-06-01 09:10:00,5044.19,19.19,TRADE
VIC1,2025-06-01 09:15:00,4974.64,19.19,TRADE
VIC1,2025-06-01 09:20:00,4829.81,19.19,TRADE
VIC1,2025-06-01 09:25:00,4801.14,2.03,TRADE
VIC1,2025-06-01 09:30:00,4741.41,8.95,TRADE
VIC1,2025-06-01 09:35:00,4598.43,20.01,TRADE
VIC1,2025-06-01 09:40:00,4602.34,20.01,TRADE
VIC1,2025-06-01 09:45:00,4533.69,20.01,TRADE
VIC1,2025-06-01 09:50:00,4450.4,20.01,TRADE
VIC1,2025-06-01 09:55:00,4356.65,8.24,TRADE
VIC1,2025-06-01 10:00:00,4259.44,8.22,TRADE
VIC1,2025-06-01 10:05:00,4170.22,27.7,TRADE
VIC1,2025-06-01 10:10:00,4129.45,29.78,TRADE
VIC1,2025-06-01 10:15:00,4050.35,30.1,TRADE
VIC1,2025-06-01 10:20:00,4002.45,20.01,TRADE
VIC1,2025-06-01 10:25:00,3965.41,19.19,TRADE
VIC1,2025-06-01 10:30:00,3881.13,19.19,TRADE
VIC1,2025-06-01 10:35:00,3831.04,3.04,TRADE
VIC1,2025-06-01 10:40:00,3724.66,8.26,TRADE
VIC1,2025-06-01 10:45:00,3674.38,8.31,TRADE
VIC1,2025-06-01 10:50:00,3618.95,0.01,TRADE
VIC1,2025-06-01 10:55:00,3552.33,2.03,TRADE
VIC1,2025-06-01 11:00:00,3432.28,-7.56,TRADE
VIC1,2025-06-01 11:05:00,3387.0,0.01,TRADE
VIC1,2025-06-01 11:10:00,3362.34,2.03,TRADE
VIC1,2025-06-01 11:15:00,3336.43,0.01,TRADE
VIC1,2025-06-01 11:20:00,3307.27,0.01,TRADE
VIC1,2025-06-01 11:25:00,3229.83,-8.82,TRADE
VIC1,2025-06-01 11:30:00,3275.79,-13.66,TRADE
VIC1,2025-06-01 11:35:00,3252.11,-8.82,TRADE
VIC1,2025-06-01 11:40:00,3180.94,0.0,TRADE
VIC1,2025-06-01 11:45:00,3136.4,-14.59,TRADE
VIC1,2025-06-01 11:50:00,3042.22,-14.46,TRADE
VIC1,2025-06-01 11:55:00,3089.52,-13.66,TRADE
VIC1,2025-06-01 12:00:00,3129.88,-8.82,TRADE
VIC1,2025-06-01 12:05:00,3106.99,-14.95,TRADE
VIC1,2025-06-01 12:10:00,3115.77,0.0,TRADE
VIC1,2025-06-01 12:15:00,3082.87,0.95,TRADE
VIC1,2025-06-01 12:20:00,3120.81,-13.66,TRADE
VIC1,2025-06-01 12:25:00,3173.88,0.0,TRADE
VIC1,2025-06-01 12:30:00,3066.86,0.0,TRADE
VIC1,2025-06-01 12:35:00,3047.32,2.03,TRADE
VIC1,2025-06-01 12:40:00,3089.5,0.01,TRADE
VIC1,2025-06-01 12:45:00,3045.38,-1.41,TRADE
VIC1,2025-06-01 12:50:00,3081.84,3.04,TRADE
VIC1,2025-06-01 12:55:00,3151.24,3.04,TRADE
VIC1,2025-06-01 13:00:00,3136.66,0.0,TRADE
VIC1,2025-06-01 13:05:00,3097.63,3.04,TRADE
VIC1,2025-06-01 13:10:00,3093.43,7.88,TRADE
VIC1,2025-06-01 13:15:00,3093.45,2.03,TRADE
VIC1,2025-06-01 13:20:00,3148.99,8.07,TRADE
VIC1,2025-06-01 13:25:00,3187.99,0.01,TRADE
VIC1,2025-06-01 13:30:00,3179.56,2.03,TRADE
VIC1,2025-06-01 13:35:00,3177.46,2.03,TRADE
VIC1,2025-06-01 13:40:00,3284.46,9.92,TRADE
VIC1,2025-06-01 13:45:00,3307.14,8.03,TRADE
VIC1,2025-06-01 13:50:00,3326.71,20.04,TRADE
VIC1,2025-06-01 13:55:00,3328.68,0.01,TRADE
VIC1,2025-06-01 14:00:00,3323.4,9.85,TRADE
VIC1,2025-06-01 14:05:00,3380.14,32.98,TRADE
VIC1,2025-06-01 14:10:00,3319.79,0.0,TRADE
VIC1,2025-06-01 14:15:00,3419.83,8.09,TRADE
VIC1,2025-06-01 14:20:00,3516.75,19.63,TRADE
VIC1,2025-06-01 14:25:00,3457.38,0.01,TRADE
VIC1,2025-06-01 14:30:00,3503.92,10.24,TRADE
VIC1,2025-06-01 14:35:00,3549.04,5.71,TRADE
VIC1,2025-06-01 14:40:00,3705.16,35.92,TRADE
VIC1,2025-06-01 14:45:00,3708.19,11.73,TRADE
VIC1,2025-06-01 14:50:00,3851.54,39.02,TRADE
VIC1,2025-06-01 14:55:00,3986.62,41.33,TRADE
VIC1,2025-06-01 15:00:00,4043.6,42.55,TRADE
VIC1,2025-06-01 15:05:00,4099.6,35.95,TRADE
VIC1,2025-06-01 15:10:00,4052.39,47.41,TRADE
VIC1,2025-06-01 15:15:00,4161.27,43.97,TRADE
VIC1,2025-06-01 15:20:00,4333.03,56.33,TRADE
VIC1,2025-06-01 15:25:00,4440.79,75.0,TRADE
VIC1,2025-06-01 15:30:00,4456.64,75.85,TRADE
VIC1,2025-06-01 15:35:00,4564.23,72.24,TRADE
VIC1,2025-06-01 15:40:00,4646.51,68.17,TRADE
VIC1,2025-06-01 15:45:00,4818.02,84.17,TRADE
VIC1,2025-06-01 15:50:00,4905.02,100.88,TRADE
VIC1,2025-06-01 15:55:00,4821.34,98.77,TRADE
VIC1,2025-06-01 16:00:00,5013.67,132.78,TRADE
VIC1,2025-06-01 16:05:00,5099.93,127.36,TRADE
VIC1,2025-06-01 16:10:00,5113.39,160.0,TRADE
VIC1,2025-06-01 16:15:00,5205.06,160.0,TRADE
VIC1,2025-06-01 16:20:00,5270.48,131.97,TRADE
VIC1,2025-06-01 16:25:00,5327.89,138.98,TRADE
VIC1,2025-06-01 16:30:00,5429.71,146.58,TRADE
VIC1,2025-06-01 16:35:00,5435.61,140.76,TRADE
VIC1,2025-06-01 16:40:00,5575.24,153.99,TRADE
VIC1,2025-06-01 16:45:00,5663.77,176.75,TRADE
VIC1,2025-06-01 16:50:00,5704.75,117.71,TRADE
VIC1,2025-06-01 16:55:00,5906.58,148.78,TRADE
VIC1,2025-06-01 17:00:00,5989.76,153.99,TRADE
VIC1,2025-06-01 17:05:00,6089.54,137.86,TRADE
VIC1,2025-06-01 17:10:00,6134.84,142.66,TRADE
VIC1,2025-06-01 17:15:00,6114.91,170.23,TRADE
VIC1,2025-06-01 17:20:00,6194.95,153.99,TRADE
VIC1,2025-06-01 17:25:00,6320.58,212.12,TRADE
VIC1,2025-06-01 17:30:00,6356.6,170.12,TRADE
VIC1,2025-06-01 17:35:00,6364.11,162.83,TRADE
VIC1,2025-06-01 17:40:00,6491.68,164.95,TRADE
VIC1,2025-06-01 17:45:00,6531.3,142.66,TRADE
VIC1,2025-06-01 17:50:00,6545.15,153.99,TRADE
VIC1,2025-06-01 17:55:00,6570.02,137.96,TRADE
VIC1,2025-06-01 18:00:00,6481.99,132.72,TRADE
VIC1,2025-06-01 18:05:00,6541.08,129.32,TRADE
VIC1,2025-06-01 18:10:00,6525.73,135.77,TRADE
VIC1,2025-06-01 18:15:00,6442.56,160.0,TRADE
VIC1,2025-06-01 18:20:00,6469.35,160.0,TRADE
VIC1,2025-06-01 18:25:00,6469.72,160.0,TRADE
VIC1,2025-06-01 18:30:00,6461.42,159.93,TRADE
VIC1,2025-06-01 18:35:00,6468.15,176.97,TRADE
VIC1,2025-06-01 18:40:00,6332.07,142.36,TRADE
VIC1,2025-06-01 18:45:00,6354.97,162.88,TRADE
VIC1,2025-06-01 18:50:00,6368.86,195.53,TRADE
VIC1,2025-06-01 18:55:00,6378.35,159.51,TRADE
VIC1,2025-06-01 19:00:00,6307.97,159.1,TRADE
VIC1,2025-06-01 19:05:00,6357.67,174.6,TRADE
VIC1,2025-06-01 19:10:00,6295.58,160.0,TRADE
VIC1,2025-06-01 19:15:00,6332.52,195.64,TRADE
VIC1,2025-06-01 19:20:00,6295.22,160.0,TRADE
VIC1,2025-06-01 19:25:00,6186.24,166.85,TRADE
VIC1,2025-06-01 19:30:00,6174.53,160.0,TRADE
VIC1,2025-06-01 19:35:00,6190.65,160.0,TRADE
VIC1,2025-06-01 19:40:00,6188.41,160.0,TRADE
VIC1,2025-06-01 19:45:00,6183.77,132.72,TRADE
VIC1,2025-06-01 19:50:00,6178.31,135.89,TRADE
VIC1,2025-06-01 19:55:00,6141.6,128.38,TRADE
VIC1,2025-06-01 20:00:00,6126.68,143.14,TRADE
VIC1,2025-06-01 20:05:00,6014.23,125.08,TRADE
VIC1,2025-06-01 20:10:00,6038.13,125.3,TRADE
VIC1,2025-06-01 20:15:00,6006.16,124.01,TRADE
VIC1,2025-06-01 20:20:00,5984.95,127.38,TRADE
VIC1,2025-06-01 20:25:00,6013.71,127.95,TRADE
VIC1,2025-06-01 20:30:00,5999.97,132.72,TRADE
VIC1,2025-06-01 20:35:00,6000.61,132.72,TRADE
VIC1,2025-06-01 20:40:00,5946.28,132.72,TRADE
VIC1,2025-06-01 20:45:00,5972.34,131.92,TRADE
VIC1,2025-06-01 20:50:00,5900.38,121.26,TRADE
VIC1,2025-06-01 20:55:00,5897.08,120.0,TRADE
VIC1,2025-06-01 21:00:00,5784.36,117.62,TRADE
VIC1,2025-06-01 21:05:00,5757.58,132.72,TRADE
VIC1,2025-06-01 21:10:00,5802.16,132.72,TRADE
VIC1,2025-06-01 21:15:00,5775.94,135.89,TRADE
VIC1,2025-06-01 21:20:00,5732.15,132.72,TRADE
VIC1,2025-06-01 21:25:00,5715.23,122.34,TRADE
VIC1,2025-06-01 21:30:00,5700.44,120.0,TRADE
VIC1,2025-06-01 21:35:00,5649.57,128.81,TRADE
VIC1,2025-06-01 21:40:00,5535.62,120.0,TRADE
VIC1,2025-06-01 21:45:00,5500.96,81.71,TRADE
VIC1,2025-06-01 21:50:00,5560.0,77.68,TRADE
VIC1,2025-06-01 21:55:00,5502.62,99.71,TRADE
VIC1,2025-06-01 22:00:00,5449.11,100.47,TRADE
VIC1,2025-06-01 22:05:00,5358.3,20.01,TRADE
VIC1,2025-06-01 22:10:00,5318.41,120.71,TRADE
VIC1,2025-06-01 22:15:00,5326.95,20.01,TRADE
VIC1,2025-06-01 22:20:00,5213.69,49.64,TRADE
VIC1,2025-06-01 22:25:00,5149.78,8.95,TRADE
VIC1,2025-06-01 22:30:00,5183.5,75.0,TRADE
VIC1,2025-06-01 22:35:00,5206.83,84.25,TRADE
VIC1,2025-06-01 22:40:00,5158.41,64.9,TRADE
VIC1,2025-06-01 22:45:00,5044.68,20.01,TRADE
VIC1,2025-06-01 22:50:00,5070.66,8.95,TRADE
VIC1,2025-06-01 22:55:00,5003.52,51.35,TRADE
VIC1,2025-06-01 23:00:00,5003.18,20.01,TRADE
VIC1,2025-06-01 23:05:00,4915.43,20.01,TRADE
VIC1,2025-06-01 23:10:00,4985.93,8.95,TRADE
VIC1,2025-06-01 23:15:00,5024.54,20.01,TRADE
VIC1,2025-06-01 23:20:00,5085.35,20.01,TRADE
VIC1,2025-06-01 23:25:00,5086.26,8.95,TRADE
VIC1,2025-06-01 23:30:00,5041.01,20.01,TRADE
VIC1,2025-06-01 23:35:00,4978.8,8.95,TRADE
VIC1,2025-06-01 23:40:00,5019.79,51.85,TRADE
VIC1,2025-06-01 23:45:00,4956.33,8.95,TRADE
VIC1,2025-06-01 23:50:00,4947.21,63.25,TRADE
VIC1,2025-06-01 23:55:00,4808.8,8.95,TRADE
VIC1,2025-06-07 00:00:00,5186.08,73.96,TRADE
VIC1,2025-06-07 00:05:00,5167.02,71.35,TRADE
VIC1,2025-06-07 00:10:00,5118.5,47.95,TRADE
VIC1,2025-06-07 00:15:00,5109.64,73.95,TRADE
VIC1,2025-06-07 00:20:00,5002.43,70.68,TRADE
VIC1,2025-06-07 00:25:00,4939.82,71.93,TRADE
VIC1,2025-06-07 00:30:00,5010.33,74.53,TRADE
VIC1,2025-06-07 00:35:00,4963.31,72.48,TRADE
VIC1,2025-06-07 00:40:00,4884.41,74.18,TRADE
VIC1,2025-06-07 00:45:00,4888.55,67.68,TRADE
VIC1,2025-06-07 00:50:00,4841.81,52.81,TRADE
VIC1,2025-06-07 00:55:00,4818.04,52.13,TRADE
VIC1,2025-06-07 01:00:00,4704.87,48.63,TRADE
VIC1,2025-06-07 01:05:00,4711.47,48.56,TRADE
VIC1,2025-06-07 01:10:00,4683.74,35.95,TRADE
VIC1,2025-06-07 01:15:00,4743.92,51.04,TRADE
VIC1,2025-06-07 01:20:00,4698.73,49.35,TRADE
VIC1,2025-06-07 01:25:00,4659.72,48.46,TRADE
VIC1,2025-06-07 01:30:00,4657.4,45.22,TRADE
VIC1,2025-06-07 01:35:00,4591.86,35.95,TRADE
VIC1,2025-06-07 01:40:00,4576.57,35.95,TRADE
VIC1,2025-06-07 01:45:00,4471.67,20.01,TRADE
VIC1,2025-06-07 01:50:00,4405.99,20.01,TRADE
VIC1,2025-06-07 01:55:00,4384.02,20.01,TRADE
VIC1,2025-06-07 02:00:00,4430.48,20.04,TRADE
VIC1,2025-06-07 02:05:00,4420.52,19.19,TRADE
VIC1,2025-06-07 02:10:00,4409.64,19.19,TRADE
VIC1,2025-06-07 02:15:00,4401.1,20.01,TRADE
VIC1,2025-06-07 02:20:00,4416.11,20.01,TRADE
VIC1,2025-06-07 02:25:00,4399.48,20.01,TRADE
VIC1,2025-06-07 02:30:00,4287.24,19.19,TRADE
VIC1,2025-06-07 02:35:00,4308.38,20.01,TRADE
VIC1,2025-06-07 02:40:00,4295.4,20.01,TRADE
VIC1,2025-06-07 02:45:00,4278.64,20.01,TRADE
VIC1,2025-06-07 02:50:00,4270.83,20.01,TRADE
VIC1,2025-06-07 02:55:00,4313.17,20.01,TRADE
VIC1,2025-06-07 03:00:00,4264.38,20.01,TRADE
VIC1,2025-06-07 03:05:00,4263.09,6.45,TRADE
VIC1,2025-06-07 03:10:00,4263.38,10.0,TRADE
VIC1,2025-06-07 03:15:00,4254.23,20.01,TRADE
VIC1,2025-06-07 03:20:00,4244.11,20.01,TRADE
VIC1,2025-06-07 03:25:00,4174.73,0.01,TRADE
VIC1,2025-06-07 03:30:00,4149.99,0.01,TRADE
VIC1,2025-06-07 03:35:00,4151.37,0.01,TRADE
VIC1,2025-06-07 03:40:00,4101.47,4.27,TRADE
VIC1,2025-06-07 03:45:00,4169.85,16.97,TRADE
VIC1,2025-06-07 03:50:00,4162.62,4.27,TRADE
VIC1,2025-06-07 03:55:00,4117.94,5.35,TRADE
VIC1,2025-06-07 04:00:00,4152.13,20.01,TRADE
VIC1,2025-06-07 04:05:00,4115.66,0.0,TRADE
VIC1,2025-06-07 04:10:00,4098.25,-8.82,TRADE
VIC1,2025-06-07 04:15:00,4070.19,-8.82,TRADE
VIC1,2025-06-07 04:20:00,4175.11,4.28,TRADE
VIC1,2025-06-07 04:25:00,4160.83,4.28,TRADE
VIC1,2025-06-07 04:30:00,4060.03,0.01,TRADE
VIC1,2025-06-07 04:35:00,4078.74,0.0,TRADE
VIC1,2025-06-07 04:40:00,4121.32,0.01,TRADE
VIC1,2025-06-07 04:45:00,4129.15,0.01,TRADE
VIC1,2025-06-07 04:50:00,4105.99,0.0,TRADE
VIC1,2025-06-07 04:55:00,4171.94,4.3,TRADE
VIC1,2025-06-07 05:00:00,4212.22,4.3,TRADE
VIC1,2025-06-07 05:05:00,4238.57,4.16,TRADE
VIC1,2025-06-07 05:10:00,4266.47,4.12,TRADE
VIC1,2025-06-07 05:15:00,4282.72,0.01,TRADE
VIC1,2025-06-07 05:20:00,4305.8,3.62,TRADE
VIC1,2025-06-07 05:25:00,4272.59,1.66,TRADE
VIC1,2025-06-07 05:30:00,4237.31,1.76,TRADE
VIC1,2025-06-07 05:35:00,4278.58,1.66,TRADE
VIC1,2025-06-07 05:40:00,4327.63,4.02,TRADE
VIC1,2025-06-07 05:45:00,4379.14,4.11,TRADE
VIC1,2025-06-07 05:50:00,4303.42,4.16,TRADE
VIC1,2025-06-07 05:55:00,4428.53,17.39,TRADE
VIC1,2025-06-07 06:00:00,4440.84,8.95,TRADE
VIC1,2025-06-07 06:05:00,4470.3,0.0,TRADE
VIC1,2025-06-07 06:10:00,4517.31,8.95,TRADE
VIC1,2025-06-07 06:15:00,4473.96,7.81,TRADE
VIC1,2025-06-07 06:20:00,4518.55,8.95,TRADE
VIC1,2025-06-07 06:25:00,4597.98,17.5,TRADE
VIC1,2025-06-07 06:30:00,4618.42,8.95,TRADE
VIC1,2025-06-07 06:35:00,4578.31,6.95,TRADE
VIC1,2025-06-07 06:40:00,4686.25,8.95,TRADE
VIC1,2025-06-07 06:45:00,4726.66,12.42,TRADE
VIC1,2025-06-07 06:50:00,4809.71,14.78,TRADE
VIC1,2025-06-07 06:55:00,4836.38,16.88,TRADE
VIC1,2025-06-07 07:00:00,4802.92,8.95,TRADE
VIC1,2025-06-07 07:05:00,4874.85,8.95,TRADE
VIC1,2025-06-07 07:10:00,4957.76,20.01,TRADE
VIC1,2025-06-07 07:15:00,5030.44,20.01,TRADE
VIC1,2025-06-07 07:20:00,5107.5,20.01,TRADE
VIC1,2025-06-07 07:25:00,5160.63,20.01,TRADE
VIC1,2025-06-07 07:30:00,5226.96,20.01,TRADE
VIC1,2025-06-07 07:35:00,5207.02,8.95,TRADE
VIC1,2025-06-07 07:40:00,5267.75,8.95,TRADE
VIC1,2025-06-07 07:45:00,5262.4,8.95,TRADE
VIC1,2025-06-07 07:50:00,5325.66,31.45,TRADE
VIC1,2025-06-07 07:55:00,5394.04,8.95,TRADE
VIC1,2025-06-07 08:00:00,5453.6,20.01,TRADE
VIC1,2025-06-07 08:05:00,5491.25,8.95,TRADE
VIC1,2025-06-07 08:10:00,5519.59,8.95,TRADE
VIC1,2025-06-07 08:15:00,5612.79,20.01,TRADE
VIC1,2025-06-07 08:20:00,5686.28,8.95,TRADE
VIC1,2025-06-07 08:25:00,5712.52,20.01,TRADE
VIC1,2025-06-07 08:30:00,5711.16,20.01,TRADE
VIC1,2025-06-07 08:35:00,5675.45,20.01,TRADE
VIC1,2025-06-07 08:40:00,5722.77,20.01,TRADE
VIC1,2025-06-07 08:45:00,5818.74,20.01,TRADE
VIC1,2025-06-07 08:50:00,5812.69,20.01,TRADE
VIC1,2025-06-07 08:55:00,5833.07,20.01,TRADE
VIC1,2025-06-07 09:00:00,5924.96,20.01,TRADE
VIC1,2025-06-07 09:05:00,5952.53,39.82,TRADE
VIC1,2025-06-07 09:10:00,6021.44,41.02,TRADE
VIC1,2025-06-07 09:15:00,5941.56,20.01,TRADE
VIC1,2025-06-07 09:20:00,5970.02,30.85,TRADE
VIC1,2025-06-07 09:25:00,6014.73,41.41,TRADE
VIC1,2025-06-07 09:30:00,6063.73,32.42,TRADE
VIC1,2025-06-07 09:35:00,6056.3,27.85,TRADE
VIC1,2025-06-07 09:40:00,6066.17,20.01,TRADE
VIC1,2025-06-07 09:45:00,5991.46,8.96,TRADE
VIC1,2025-06-07 09:50:00,6069.69,-0.01,TRADE
VIC1,2025-06-07 09:55:00,6094.29,8.96,TRADE
VIC1,2025-06-07 10:00:00,6059.76,8.95,TRADE
VIC1,2025-06-07 10:05:00,5973.42,8.95,TRADE
VIC1,2025-06-07 10:10:00,5976.47,20.01,TRADE
VIC1,2025-06-07 10:15:00,6056.99,20.01,TRADE
VIC1,2025-06-07 10:20:00,5994.04,16.25,TRADE
VIC1,2025-06-07 10:25:00,5908.66,8.96,TRADE
VIC1,2025-06-07 10:30:00,5959.78,8.96,TRADE
VIC1,2025-06-07 10:35:00,5932.37,16.04,TRADE
VIC1,2025-06-07 10:40:00,5881.54,13.44,TRADE
VIC1,2025-06-07 10:45:00,5823.82,16.25,TRADE
VIC1,2025-06-07 10:50:00,5731.59,16.25,TRADE
VIC1,2025-06-07 10:55:00,5680.26,16.25,TRADE
VIC1,2025-06-07 11:00:00,5593.47,16.25,TRADE
VIC1,2025-06-07 11:05:00,5520.85,51.77,TRADE
VIC1,2025-06-07 11:10:00,5514.36,61.22,TRADE
VIC1,2025-06-07 11:15:00,5555.06,45.89,TRADE
VIC1,2025-06-07 11:20:00,5515.64,20.01,TRADE
VIC1,2025-06-07 11:25:00,5439.55,20.01,TRADE
VIC1,2025-06-07 11:30:00,5460.07,20.01,TRADE
VIC1,2025-06-07 11:35:00,5401.54,20.01,TRADE
VIC1,2025-06-07 11:40:00,5340.07,12.42,TRADE
VIC1,2025-06-07 11:45:00,5213.98,-11.11,TRADE
VIC1,2025-06-07 11:50:00,5135.4,-8.76,TRADE
VIC1,2025-06-07 11:55:00,5094.82,0.0,TRADE
VIC1,2025-06-07 12:00:00,4976.94,0.01,TRADE
VIC1,2025-06-07 12:05:00,4926.57,8.95,TRADE
VIC1,2025-06-07 12:10:00,4944.77,8.96,TRADE
VIC1,2025-06-07 12:15:00,4883.64,8.96,TRADE
VIC1,2025-06-07 12:20:00,4899.04,16.25,TRADE
VIC1,2025-06-07 12:25:00,4830.42,6.11,TRADE
VIC1,2025-06-07 12:30:00,4793.16,8.95,TRADE
VIC1,2025-06-07 12:35:00,4780.71,8.96,TRADE
VIC1,2025-06-07 12:40:00,4768.68,8.96,TRADE
VIC1,2025-06-07 12:45:00,4803.84,0.01,TRADE
VIC1,2025-06-07 12:50:00,4829.99,-11.11,TRADE
VIC1,2025-06-07 12:55:00,4794.93,-13.66,TRADE
VIC1,2025-06-07 13:00:00,4771.42,-3.49,TRADE
VIC1,2025-06-07 13:05:00,4799.72,-11.11,TRADE
VIC1,2025-06-07 13:10:00,4852.46,7.15,TRADE
VIC1,2025-06-07 13:15:00,4852.04,-3.98,TRADE
VIC1,2025-06-07 13:20:00,4822.12,0.01,TRADE
VIC1,2025-06-07 13:25:00,4809.64,2.34,TRADE
VIC1,2025-06-07 13:30:00,4833.01,8.95,TRADE
VIC1,2025-06-07 13:35:00,4848.19,8.95,TRADE
VIC1,2025-06-07 13:40:00,5003.61,8.95,TRADE
VIC1,2025-06-07 13:45:00,5040.28,20.04,TRADE
VIC1,2025-06-07 13:50:00,5021.17,20.01,TRADE
VIC1,2025-06-07 13:55:00,5072.89,20.01,TRADE
VIC1,2025-06-07 14:00:00,5184.97,20.01,TRADE
VIC1,2025-06-07 14:05:00,5219.88,20.01,TRADE
VIC1,2025-06-07 14:10:00,5317.22,20.04,TRADE
VIC1,2025-06-07 14:15:00,5329.15,21.92,TRADE
VIC1,2025-06-07 14:20:00,5379.15,20.15,TRADE
VIC1,2025-06-07 14:25:00,5525.4,76.05,TRADE
VIC1,2025-06-07 14:30:00,5496.39,141.79,TRADE
VIC1,2025-06-07 14:35:00,5522.02,20.04,TRADE
VIC1,2025-06-07 14:40:00,5547.48,15.78,TRADE
VIC1,2025-06-07 14:45:00,5539.25,15.84,TRADE
VIC1,2025-06-07 14:50:00,5565.96,13.96,TRADE
VIC1,2025-06-07 14:55:00,5556.77,20.01,TRADE
VIC1,2025-06-07 15:00:00,5587.9,71.73,TRADE
VIC1,2025-06-07 15:05:00,5601.38,35.88,TRADE
VIC1,2025-06-07 15:10:00,5617.94,103.27,TRADE
VIC1,2025-06-07 15:15:00,5673.77,79.64,TRADE
VIC1,2025-06-07 15:20:00,5810.23,149.56,TRADE
VIC1,2025-06-07 15:25:00,5857.13,132.72,TRADE
VIC1,2025-06-07 15:30:00,5854.27,106.55,TRADE
VIC1,2025-06-07 15:35:00,5951.29,149.66,TRADE
VIC1,2025-06-07 15:40:00,5987.84,149.66,TRADE
VIC1,2025-06-07 15:45:00,6060.31,137.23,TRADE
VIC1,2025-06-07 15:50:00,6004.48,125.5,TRADE
VIC1,2025-06-07 15:55:00,6050.74,137.53,TRADE
VIC1,2025-06-07 16:00:00,6082.06,144.7,TRADE
VIC1,2025-06-07 16:05:00,6162.14,111.98,TRADE
VIC1,2025-06-07 16:10:00,6160.76,133.49,TRADE
VIC1,2025-06-07 16:15:00,6159.6,132.72,TRADE
VIC1,2025-06-07 16:20:00,6230.45,111.98,TRADE
VIC1,2025-06-07 16:25:00,6326.72,105.53,TRADE
VIC1,2025-06-07 16:30:00,6356.5,98.06,TRADE
VIC1,2025-06-07 16:35:00,6324.15,96.0,TRADE
VIC1,2025-06-07 16:40:00,6377.32,96.0,TRADE
VIC1,2025-06-07 16:45:00,6538.04,96.0,TRADE
VIC1,2025-06-07 16:50:00,6561.52,104.11,TRADE
VIC1,2025-06-07 16:55:00,6602.09,139.66,TRADE
VIC1,2025-06-07 17:00:00,6672.58,140.07,TRADE
VIC1,2025-06-07 17:05:00,6640.26,96.66,TRADE
VIC1,2025-06-07 17:10:00,6766.93,106.85,TRADE
VIC1,2025-06-07 17:15:00,6845.49,116.95,TRADE
VIC1,2025-06-07 17:20:00,6888.35,111.98,TRADE
VIC1,2025-06-07 17:25:00,6905.91,101.45,TRADE
VIC1,2025-06-07 17:30:00,6905.76,111.98,TRADE
VIC1,2025-06-07 17:35:00,6931.54,122.02,TRADE
VIC1,2025-06-07 17:40:00,6970.17,115.25,TRADE
VIC1,2025-06-07 17:45:00,7031.69,139.28,TRADE
VIC1,2025-06-07 17:50:00,6974.64,139.67,TRADE
VIC1,2025-06-07 17:55:00,7018.5,143.59,TRADE
VIC1,2025-06-07 18:00:00,7047.97,145.44,TRADE
VIC1,2025-06-07 18:05:00,6982.62,149.66,TRADE
VIC1,2025-06-07 18:10:00,7003.09,152.76,TRADE
VIC1,2025-06-07 18:15:00,6909.92,151.99,TRADE
VIC1,2025-06-07 18:20:00,6892.06,155.52,TRADE
VIC1,2025-06-07 18:25:00,6880.33,154.33,TRADE
VIC1,2025-06-07 18:30:00,6888.24,157.77,TRADE
VIC1,2025-06-07 18:35:00,6800.56,157.05,TRADE
VIC1,2025-06-07 18:40:00,6804.49,153.54,TRADE
VIC1,2025-06-07 18:45:00,6785.93,155.12,TRADE
VIC1,2025-06-07 18:50:00,6768.03,155.01,TRADE
VIC1,2025-06-07 18:55:00,6726.66,143.23,TRADE
VIC1,2025-06-07 19:00:00,6618.63,139.47,TRADE
VIC1,2025-06-07 19:05:00,6644.39,142.5,TRADE
VIC1,2025-06-07 19:10:00,6584.62,139.79,TRADE
VIC1,2025-06-07 19:15:00,6542.11,142.49,TRADE
VIC1,2025-06-07 19:20:00,6607.47,147.18,TRADE
VIC1,2025-06-07 19:25:00,6628.02,152.08,TRADE
VIC1,2025-06-07 19:30:00,6647.16,146.75,TRADE
VIC1,2025-06-07 19:35:00,6658.74,152.04,TRADE
VIC1,2025-06-07 19:40:00,6579.61,144.7,TRADE
VIC1,2025-06-07 19:45:00,6529.53,143.23,TRADE
VIC1,2025-06-07 19:50:00,6551.05,144.7,TRADE
VIC1,2025-06-07 19:55:00,6511.91,144.33,TRADE
VIC1,2025-06-07 20:00:00,6559.93,150.43,TRADE
VIC1,2025-06-07 20:05:00,6542.57,157.7,TRADE
VIC1,2025-06-07 20:10:00,6435.39,152.61,TRADE
VIC1,2025-06-07 20:15:00,6452.46,150.59,TRADE
VIC1,2025-06-07 20:20:00,6449.2,145.82,TRADE
VIC1,2025-06-07 20:25:00,6393.85,145.07,TRADE
VIC1,2025-06-07 20:30:00,6372.96,145.07,TRADE
VIC1,2025-06-07 20:35:00,6257.65,141.43,TRADE
VIC1,2025-06-07 20:40:00,6253.38,141.79,TRADE
VIC1,2025-06-07 20:45:00,6308.8,153.04,TRADE
VIC1,2025-06-07 20:50:00,6281.44,155.08,TRADE
VIC1,2025-06-07 20:55:00,6248.07,152.9,TRADE
VIC1,2025-06-07 21:00:00,6242.55,141.43,TRADE
VIC1,2025-06-07 21:05:00,6223.02,267.15,TRADE
VIC1,2025-06-07 21:10:00,6081.97,153.58,TRADE
VIC1,2025-06-07 21:15:00,6090.14,132.72,TRADE
VIC1,2025-06-07 21:20:00,6047.78,132.72,TRADE
VIC1,2025-06-07 21:25:00,6098.31,132.72,TRADE
VIC1,2025-06-07 21:30:00,6104.98,153.97,TRADE
VIC1,2025-06-07 21:35:00,6002.09,140.07,TRADE
VIC1,2025-06-07 21:40:00,5917.83,141.83,TRADE
VIC1,2025-06-07 21:45:00,5918.91,210.14,TRADE
VIC1,2025-06-07 21:50:00,5813.52,152.8,TRADE
VIC1,2025-06-07 21:55:00,5885.83,290.83,TRADE
VIC1,2025-06-07 22:00:00,5840.27,144.36,TRADE
VIC1,2025-06-07 22:05:00,5736.01,132.72,TRADE
VIC1,2025-06-07 22:10:00,5739.4,157.05,TRADE
VIC1,2025-06-07 22:15:00,5772.6,163.04,TRADE
VIC1,2025-06-07 22:20:00,5706.49,122.02,TRADE
VIC1,2025-06-07 22:25:00,5668.0,122.02,TRADE
VIC1,2025-06-07 22:30:00,5608.34,122.02,TRADE
VIC1,2025-06-07 22:35:00,5538.71,112.9,TRADE
VIC1,2025-06-07 22:40:00,5545.92,113.75,TRADE
VIC1,2025-06-07 22:45:00,5522.28,122.02,TRADE
VIC1,2025-06-07 22:50:00,5404.43,110.9,TRADE
VIC1,2025-06-07 22:55:00,5375.57,110.64,TRADE
VIC1,2025-06-07 23:00:00,5393.41,216.19,TRADE
VIC1,2025-06-07 23:05:00,5379.34,151.64,TRADE
VIC1,2025-06-07 23:10:00,5479.36,122.02,TRADE
VIC1,2025-06-07 23:15:00,5369.27,107.62,TRADE
VIC1,2025-06-07 23:20:00,5406.85,122.02,TRADE
VIC1,2025-06-07 23:25:00,5438.12,122.02,TRADE
VIC1,2025-06-07 23:30:00,5474.41,140.02,TRADE
VIC1,2025-06-07 23:35:00,5466.83,250.71,TRADE
VIC1,2025-06-07 23:40:00,5324.85,150.13,TRADE
VIC1,2025-06-07 23:45:00,5384.28,206.04,TRADE
VIC1,2025-06-07 23:50:00,5298.84,122.02,TRADE
VIC1,2025-06-07 23:55:00,5248.61,106.17,TRADE
VIC1,2025-06-08 00:00:00,5171.6,100.01,TRADE
VIC1,2025-06-08 00:05:00,5121.08,105.84,TRADE
VIC1,2025-06-08 00:10:00,5119.53,106.11,TRADE
VIC1,2025-06-08 00:15:00,5079.34,106.45,TRADE
VIC1,2025-06-08 00:20:00,5024.65,106.4,TRADE
VIC1,2025-06-08 00:25:00,5006.84,106.79,TRADE
VIC1,2025-06-08 00:30:00,4985.05,106.8,TRADE
VIC1,2025-06-08 00:35:00,4965.6,141.12,TRADE
VIC1,2025-06-08 00:40:00,4940.11,111.78,TRADE
VIC1,2025-06-08 00:45:00,4864.38,105.82,TRADE
VIC1,2025-06-08 00:50:00,4836.69,106.11,TRADE
VIC1,2025-06-08 00:55:00,4759.74,105.82,TRADE
VIC1,2025-06-08 01:00:00,4779.52,74.16,TRADE
VIC1,2025-06-08 01:05:00,4771.62,74.74,TRADE
VIC1,2025-06-08 01:10:00,4724.13,73.95,TRADE
VIC1,2025-06-08 01:15:00,4684.9,54.2,TRADE
VIC1,2025-06-08 01:20:00,4673.38,53.71,TRADE
VIC1,2025-06-08 01:25:00,4649.86,53.66,TRADE
VIC1,2025-06-08 01:30:00,4615.92,52.73,TRADE
VIC1,2025-06-08 01:35:00,4586.02,52.67,TRADE
VIC1,2025-06-08 01:40:00,4535.65,52.36,TRADE
VIC1,2025-06-08 01:45:00,4497.73,52.38,TRADE
VIC1,2025-06-08 01:50:00,4472.61,51.48,TRADE
VIC1,2025-06-08 01:55:00,4465.86,51.46,TRADE
VIC1,2025-06-08 02:00:00,4465.8,51.41,TRADE
VIC1,2025-06-08 02:05:00,4466.38,53.84,TRADE
VIC1,2025-06-08 02:10:00,4432.8,68.9,TRADE
VIC1,2025-06-08 02:15:00,4405.13,54.02,TRADE
VIC1,2025-06-08 02:20:00,4362.29,50.52,TRADE
VIC1,2025-06-08 02:25:00,4316.44,49.69,TRADE
VIC1,2025-06-08 02:30:00,4323.55,33.89,TRADE
VIC1,2025-06-08 02:35:00,4295.27,11.59,TRADE
VIC1,2025-06-08 02:40:00,4257.89,10.51,TRADE
VIC1,2025-06-08 02:45:00,4224.01,10.57,TRADE
VIC1,2025-06-08 02:50:00,4212.41,10.54,TRADE
VIC1,2025-06-08 02:55:00,4203.0,11.58,TRADE
VIC1,2025-06-08 03:00:00,4173.45,10.67,TRADE
VIC1,2025-06-08 03:05:00,4186.36,10.43,TRADE
VIC1,2025-06-08 03:10:00,4163.37,8.95,TRADE
VIC1,2025-06-08 03:15:00,4194.2,9.92,TRADE
VIC1,2025-06-08 03:20:00,4165.06,0.2,TRADE
VIC1,2025-06-08 03:25:00,4134.87,1.09,TRADE
VIC1,2025-06-08 03:30:00,4139.79,9.87,TRADE
VIC1,2025-06-08 03:35:00,4126.4,8.95,TRADE
VIC1,2025-06-08 03:40:00,4142.38,12.42,TRADE
VIC1,2025-06-08 03:45:00,4116.78,20.04,TRADE
VIC1,2025-06-08 03:50:00,4193.42,49.52,TRADE
VIC1,2025-06-08 03:55:00,4165.89,11.86,TRADE
VIC1,2025-06-08 04:00:00,4156.26,20.04,TRADE
VIC1,2025-06-08 04:05:00,4141.17,16.25,TRADE
VIC1,2025-06-08 04:10:00,4102.61,16.25,TRADE
VIC1,2025-06-08 04:15:00,4095.88,8.95,TRADE
VIC1,2025-06-08 04:20:00,4103.82,8.95,TRADE
VIC1,2025-06-08 04:25:00,4102.38,12.42,TRADE
VIC1,2025-06-08 04:30:00,4101.16,8.95,TRADE
VIC1,2025-06-08 04:35:00,4094.31,0.0,TRADE
VIC1,2025-06-08 04:40:00,4092.05,0.2,TRADE
VIC1,2025-06-08 04:45:00,4109.59,0.25,TRADE
VIC1,2025-06-08 04:50:00,4110.15,8.95,TRADE
VIC1,2025-06-08 04:55:00,4101.18,12.78,TRADE
VIC1,2025-06-08 05:00:00,4095.48,8.95,TRADE
VIC1,2025-06-08 05:05:00,4130.5,8.95,TRADE
VIC1,2025-06-08 05:10:00,4146.9,8.95,TRADE
VIC1,2025-06-08 05:15:00,4161.05,8.15,TRADE
VIC1,2025-06-08 05:20:00,4174.44,8.95,TRADE
VIC1,2025-06-08 05:25:00,4214.75,8.95,TRADE
VIC1,2025-06-08 05:30:00,4246.77,0.2,TRADE
VIC1,2025-06-08 05:35:00,4232.06,8.95,TRADE
VIC1,2025-06-08 05:40:00,4256.03,16.25,TRADE
VIC1,2025-06-08 05:45:00,4247.28,16.25,TRADE
VIC1,2025-06-08 05:50:00,4270.58,8.95,TRADE
VIC1,2025-06-08 05:55:00,4307.8,8.95,TRADE
VIC1,2025-06-08 06:00:00,4298.65,8.95,TRADE
VIC1,2025-06-08 06:05:00,4350.36,20.04,TRADE
VIC1,2025-06-08 06:10:00,4390.47,16.25,TRADE
VIC1,2025-06-08 06:15:00,4463.02,45.08,TRADE
VIC1,2025-06-08 06:20:00,4490.56,33.89,TRADE
VIC1,2025-06-08 06:25:00,4550.3,46.98,TRADE
VIC1,2025-06-08 06:30:00,4575.79,46.69,TRADE
VIC1,2025-06-08 06:35:00,4622.21,47.21,TRADE
VIC1,2025-06-08 06:40:00,4654.07,16.25,TRADE
VIC1,2025-06-08 06:45:00,4709.75,33.89,TRADE
VIC1,2025-06-08 06:50:00,4768.64,51.34,TRADE
VIC1,2025-06-08 06:55:00,4714.43,47.68,TRADE
VIC1,2025-06-08 07:00:00,4736.47,51.41,TRADE
VIC1,2025-06-08 07:05:00,4792.27,49.64,TRADE
VIC1,2025-06-08 07:10:00,4765.85,50.92,TRADE
VIC1,2025-06-08 07:15:00,4807.91,51.36,TRADE
VIC1,2025-06-08 07:20:00,4918.46,53.09,TRADE
VIC1,2025-06-08 07:25:00,4951.54,46.13,TRADE
VIC1,2025-06-08 07:30:00,4949.5,51.15,TRADE
VIC1,2025-06-08 07:35:00,4972.87,33.89,TRADE
VIC1,2025-06-08 07:40:00,5029.22,51.88,TRADE
VIC1,2025-06-08 07:45:00,5080.6,34.21,TRADE
VIC1,2025-06-08 07:50:00,5078.11,45.89,TRADE
VIC1,2025-06-08 07:55:00,5110.24,90.01,TRADE
VIC1,2025-06-08 08:00:00,5154.88,8.96,TRADE
VIC1,2025-06-08 08:05:00,5198.49,8.95,TRADE
VIC1,2025-06-08 08:10:00,5240.89,122.92,TRADE
VIC1,2025-06-08 08:15:00,5358.72,134.53,TRADE
VIC1,2025-06-08 08:20:00,5374.66,132.72,TRADE
VIC1,2025-06-08 08:25:00,5405.2,121.59,TRADE
VIC1,2025-06-08 08:30:00,5383.77,48.28,TRADE
VIC1,2025-06-08 08:35:00,5481.26,49.21,TRADE
VIC1,2025-06-08 08:40:00,5564.87,124.03,TRADE
VIC1,2025-06-08 08:45:00,5549.26,121.6,TRADE
VIC1,2025-06-08 08:50:00,5593.9,49.73,TRADE
VIC1,2025-06-08 08:55:00,5703.92,97.39,TRADE
VIC1,2025-06-08 09:00:00,5719.63,213.43,TRADE
VIC1,2025-06-08 09:05:00,5660.47,147.33,TRADE
VIC1,2025-06-08 09:10:00,5682.47,139.45,TRADE
VIC1,2025-06-08 09:15:00,5720.57,127.01,TRADE
VIC1,2025-06-08 09:20:00,5756.85,140.3,TRADE
VIC1,2025-06-08 09:25:00,5780.88,139.54,TRADE
VIC1,2025-06-08 09:30:00,5836.14,144.76,TRADE
VIC1,2025-06-08 09:35:00,5826.16,146.84,TRADE
VIC1,2025-06-08 09:40:00,5796.3,120.54,TRADE
VIC1,2025-06-08 09:45:00,5781.17,81.71,TRADE
VIC1,2025-06-08 09:50:00,5706.38,25.62,TRADE
VIC1,2025-06-08 09:55:00,5704.56,16.25,TRADE
VIC1,2025-06-08 10:00:00,5712.06,20.32,TRADE
VIC1,2025-06-08 10:05:00,5662.79,33.15,TRADE
VIC1,2025-06-08 10:10:00,5708.81,46.34,TRADE
VIC1,2025-06-08 10:15:00,5771.32,90.13,TRADE
VIC1,2025-06-08 10:20:00,5798.25,92.96,TRADE
VIC1,2025-06-08 10:25:00,5705.49,212.12,TRADE
VIC1,2025-06-08 10:30:00,5695.09,150.88,TRADE
VIC1,2025-06-08 10:35:00,5698.23,61.22,TRADE
VIC1,2025-06-08 10:40:00,5684.85,88.26,TRADE
VIC1,2025-06-08 10:45:00,5625.34,90.42,TRADE
VIC1,2025-06-08 10:50:00,5554.55,61.22,TRADE
VIC1,2025-06-08 10:55:00,5563.81,61.22,TRADE
VIC1,2025-06-08 11:00:00,5576.4,89.89,TRADE
VIC1,2025-06-08 11:05:00,5536.07,29.59,TRADE
VIC1,2025-06-08 11:10:00,5497.21,20.01,TRADE
VIC1,2025-06-08 11:15:00,5479.57,16.25,TRADE
VIC1,2025-06-08 11:20:00,5467.72,20.01,TRADE
VIC1,2025-06-08 11:25:00,5468.25,20.04,TRADE
VIC1,2025-06-08 11:30:00,5427.93,19.86,TRADE
VIC1,2025-06-08 11:35:00,5353.35,57.67,TRADE
VIC1,2025-06-08 11:40:00,5264.02,21.56,TRADE
VIC1,2025-06-08 11:45:00,5342.66,22.01,TRADE
VIC1,2025-06-08 11:50:00,5446.47,20.48,TRADE
VIC1,2025-06-08 11:55:00,5453.94,20.21,TRADE
VIC1,2025-06-08 12:00:00,5444.44,22.15,TRADE
VIC1,2025-06-08 12:05:00,5436.02,22.0,TRADE
VIC1,2025-06-08 12:10:00,5468.54,65.35,TRADE
VIC1,2025-06-08 12:15:00,5433.39,107.08,TRADE
VIC1,2025-06-08 12:20:00,5413.4,107.69,TRADE
VIC1,2025-06-08 12:25:00,5374.7,113.26,TRADE
VIC1,2025-06-08 12:30:00,5393.82,107.15,TRADE
VIC1,2025-06-08 12:35:00,5415.69,65.35,TRADE
VIC1,2025-06-08 12:40:00,5379.72,8.96,TRADE
VIC1,2025-06-08 12:45:00,5328.9,8.96,TRADE
VIC1,2025-06-08 12:50:00,5301.37,8.96,TRADE
VIC1,2025-06-08 12:55:00,5332.74,20.04,TRADE
VIC1,2025-06-08 13:00:00,5304.19,14.87,TRADE
VIC1,2025-06-08 13:05:00,5195.98,8.96,TRADE
VIC1,2025-06-08 13:10:00,5227.23,8.96,TRADE
VIC1,2025-06-08 13:15:00,5265.73,12.42,TRADE
VIC1,2025-06-08 13:20:00,5279.34,21.92,TRADE
VIC1,2025-06-08 13:25:00,5231.53,11.35,TRADE
VIC1,2025-06-08 13:30:00,5262.44,8.95,TRADE
VIC1,2025-06-08 13:35:00,5252.1,20.01,TRADE
VIC1,2025-06-08 13:40:00,5262.26,0.01,TRADE
VIC1,2025-06-08 13:45:00,5280.98,8.95,TRADE
VIC1,2025-06-08 13:50:00,5188.35,8.95,TRADE
VIC1,2025-06-08 13:55:00,5224.55,20.04,TRADE
VIC1,2025-06-08 14:00:00,5253.2,0.0,TRADE
VIC1,2025-06-08 14:05:00,5256.49,0.01,TRADE
VIC1,2025-06-08 14:10:00,5359.86,8.95,TRADE
VIC1,2025-06-08 14:15:00,5398.31,65.35,TRADE
VIC1,2025-06-08 14:20:00,5378.62,20.01,TRADE
VIC1,2025-06-08 14:25:00,5457.42,14.27,TRADE
VIC1,2025-06-08 14:30:00,5491.88,20.01,TRADE
VIC1,2025-06-08 14:35:00,5480.76,8.95,TRADE
VIC1,2025-06-08 14:40:00,5558.74,-13.66,TRADE
VIC1,2025-06-08 14:45:00,5465.58,-13.66,TRADE
VIC1,2025-06-08 14:50:00,5454.95,0.01,TRADE
VIC1,2025-06-08 14:55:00,5570.77,0.01,TRADE
VIC1,2025-06-08 15:00:00,5600.84,20.04,TRADE
VIC1,2025-06-08 15:05:00,5637.81,0.0,TRADE
VIC1,2025-06-08 15:10:00,5639.98,16.88,TRADE
VIC1,2025-06-08 15:15:00,5696.8,44.77,TRADE
VIC1,2025-06-08 15:20:00,5743.42,20.01,TRADE
VIC1,2025-06-08 15:25:00,5697.32,0.01,TRADE
VIC1,2025-06-08 15:30:00,5770.41,0.01,TRADE
VIC1,2025-06-08 15:35:00,5722.08,0.01,TRADE
VIC1,2025-06-08 15:40:00,5920.41,45.3,TRADE
VIC1,2025-06-08 15:45:00,5965.05,55.08,TRADE
VIC1,2025-06-08 15:50:00,5999.66,42.11,TRADE
VIC1,2025-06-08 15:55:00,6092.03,56.0,TRADE
VIC1,2025-06-08 16:00:00,6151.37,84.35,TRADE
VIC1,2025-06-08 16:05:00,6241.59,53.11,TRADE
VIC1,2025-06-08 16:10:00,6280.9,57.01,TRADE
VIC1,2025-06-08 16:15:00,6227.89,58.43,TRADE
VIC1,2025-06-08 16:20:00,6254.83,69.49,TRADE
VIC1,2025-06-08 16:25:00,6379.74,87.01,TRADE
VIC1,2025-06-08 16:30:00,6380.0,91.81,TRADE
VIC1,2025-06-08 16:35:00,6392.88,91.26,TRADE
VIC1,2025-06-08 16:40:00,6429.37,90.79,TRADE
VIC1,2025-06-08 16:45:00,6504.14,93.35,TRADE
VIC1,2025-06-08 16:50:00,6519.51,93.35,TRADE
VIC1,2025-06-08 16:55:00,6541.72,109.93,TRADE
VIC1,2025-06-08 17:00:00,6590.45,126.65,TRADE
VIC1,2025-06-08 17:05:00,6684.78,92.27,TRADE
VIC1,2025-06-08 17:10:00,6703.4,91.65,TRADE
VIC1,2025-06-08 17:15:00,6685.46,103.7,TRADE
VIC1,2025-06-08 17:20:00,6797.48,111.98,TRADE
VIC1,2025-06-08 17:25:00,6832.82,105.5,TRADE
VIC1,2025-06-08 17:30:00,6884.69,95.24,TRADE
VIC1,2025-06-08 17:35:00,6907.36,128.71,TRADE
VIC1,2025-06-08 17:40:00,6881.34,124.8,TRADE
VIC1,2025-06-08 17:45:00,6917.72,106.53,TRADE
VIC1,2025-06-08 17:50:00,6945.83,136.86,TRADE
VIC1,2025-06-08 17:55:00,6953.45,130.98,TRADE
VIC1,2025-06-08 18:00:00,6901.33,111.98,TRADE
VIC1,2025-06-08 18:05:00,6942.23,129.57,TRADE
VIC1,2025-06-08 18:10:00,6921.58,97.91,TRADE
VIC1,2025-06-08 18:15:00,6965.53,132.72,TRADE
VIC1,2025-06-08 18:20:00,6975.47,95.88,TRADE
VIC1,2025-06-08 18:25:00,6880.04,94.22,TRADE
VIC1,2025-06-08 18:30:00,6853.42,90.03,TRADE
VIC1,2025-06-08 18:35:00,6880.7,94.85,TRADE
VIC1,2025-06-08 18:40:00,6850.23,92.07,TRADE
VIC1,2025-06-08 18:45:00,6842.25,89.3,TRADE
VIC1,2025-06-08 18:50:00,6857.8,91.33,TRADE
VIC1,2025-06-08 18:55:00,6801.25,91.41,TRADE
VIC1,2025-06-08 19:00:00,6809.36,88.57,TRADE
VIC1,2025-06-08 19:05:00,6726.51,104.07,TRADE
VIC1,2025-06-08 19:10:00,6663.43,89.83,TRADE
VIC1,2025-06-08 19:15:00,6739.92,92.67,TRADE
VIC1,2025-06-08 19:20:00,6662.86,92.02,TRADE
VIC1,2025-06-08 19:25:00,6635.02,92.75,TRADE
VIC1,2025-06-08 19:30:00,6602.13,89.74,TRADE
VIC1,2025-06-08 19:35:00,6602.43,90.43,TRADE
VIC1,2025-06-08 19:40:00,6585.68,93.22,TRADE
VIC1,2025-06-08 19:45:00,6545.48,88.79,TRADE
VIC1,2025-06-08 19:50:00,6530.41,93.13,TRADE
VIC1,2025-06-08 19:55:00,6433.46,91.69,TRADE
VIC1,2025-06-08 20:00:00,6402.6,93.29,TRADE
VIC1,2025-06-08 20:05:00,6464.15,92.37,TRADE
VIC1,2025-06-08 20:10:00,6472.48,93.95,TRADE
VIC1,2025-06-08 20:15:00,6377.41,88.73,TRADE
VIC1,2025-06-08 20:20:00,6402.21,91.02,TRADE
VIC1,2025-06-08 20:25:00,6345.12,84.01,TRADE
VIC1,2025-06-08 20:30:00,6315.19,93.2,TRADE
VIC1,2025-06-08 20:35:00,6299.63,92.23,TRADE
VIC1,2025-06-08 20:40:00,6251.45,93.65,TRADE
VIC1,2025-06-08 20:45:00,6248.76,85.91,TRADE
VIC1,2025-06-08 20:50:00,6209.67,85.91,TRADE
VIC1,2025-06-08 20:55:00,6261.78,104.2,TRADE
VIC1,2025-06-08 21:00:00,6180.48,84.01,TRADE
VIC1,2025-06-08 21:05:00,6182.6,97.22,TRADE
VIC1,2025-06-08 21:10:00,6133.91,84.01,TRADE
VIC1,2025-06-08 21:15:00,6128.3,85.91,TRADE
VIC1,2025-06-08 21:20:00,6111.69,85.91,TRADE
VIC1,2025-06-08 21:25:00,5999.36,84.01,TRADE
VIC1,2025-06-08 21:30:00,5929.69,84.01,TRADE
VIC1,2025-06-08 21:35:00,5903.6,84.64,TRADE
VIC1,2025-06-08 21:40:00,5977.63,85.91,TRADE
VIC1,2025-06-08 21:45:00,5922.38,92.7,TRADE
VIC1,2025-06-08 21:50:00,5890.2,114.56,TRADE
VIC1,2025-06-08 21:55:00,5873.65,111.98,TRADE
VIC1,2025-06-08 22:00:00,5795.67,85.91,TRADE
VIC1,2025-06-08 22:05:00,5761.52,116.29,TRADE
VIC1,2025-06-08 22:10:00,5744.33,90.44,TRADE
VIC1,2025-06-08 22:15:00,5628.8,80.68,TRADE
VIC1,2025-06-08 22:20:00,5634.98,83.75,TRADE
VIC1,2025-06-08 22:25:00,5567.37,88.39,TRADE
VIC1,2025-06-08 22:30:00,5610.12,94.7,TRADE
VIC1,2025-06-08 22:35:00,5474.18,79.19,TRADE
VIC1,2025-06-08 22:40:00,5477.75,81.22,TRADE
VIC1,2025-06-08 22:45:00,5373.06,74.72,TRADE
VIC1,2025-06-08 22:50:00,5446.88,76.61,TRADE
VIC1,2025-06-08 22:55:00,5417.36,76.33,TRADE
VIC1,2025-06-08 23:00:00,5399.24,76.99,TRADE
VIC1,2025-06-08 23:05:00,5395.31,118.62,TRADE
VIC1,2025-06-08 23:10:00,5412.58,114.43,TRADE
VIC1,2025-06-08 23:15:00,5424.9,114.61,TRADE
VIC1,2025-06-08 23:20:00,5475.37,117.71,TRADE
VIC1,2025-06-08 23:25:00,5463.26,120.06,TRADE
VIC1,2025-06-08 23:30:00,5385.72,119.24,TRADE
VIC1,2025-06-08 23:35:00,5385.33,76.24,TRADE
VIC1,2025-06-08 23:40:00,5368.18,122.36,TRADE
VIC1,2025-06-08 23:45:00,5345.62,118.95,TRADE
VIC1,2025-06-08 23:50:00,5305.35,71.94,TRADE
VIC1,2025-06-08 23:55:00,5192.17,53.72,TRADE
VIC1,2025-06-14 00:00:00,5999.48,149.08,TRADE
VIC1,2025-06-14 00:05:00,5935.12,161.2,TRADE
VIC1,2025-06-14 00:10:00,5901.64,157.87,TRADE
VIC1,2025-06-14 00:15:00,5882.07,166.78,TRADE
VIC1,2025-06-14 00:20:00,5841.07,157.55,TRADE
VIC1,2025-06-14 00:25:00,5802.67,156.64,TRADE
VIC1,2025-06-14 00:30:00,5692.46,154.72,TRADE
VIC1,2025-06-14 00:35:00,5633.81,150.05,TRADE
VIC1,2025-06-14 00:40:00,5685.21,165.83,TRADE
VIC1,2025-06-14 00:45:00,5665.6,167.56,TRADE
VIC1,2025-06-14 00:50:00,5598.02,166.14,TRADE
VIC1,2025-06-14 00:55:00,5577.83,146.9,TRADE
VIC1,2025-06-14 01:00:00,5538.09,107.21,TRADE
VIC1,2025-06-14 01:05:00,5497.15,126.65,TRADE
VIC1,2025-06-14 01:10:00,5437.05,156.69,TRADE
VIC1,2025-06-14 01:15:00,5365.36,107.02,TRADE
VIC1,2025-06-14 01:20:00,5317.25,106.04,TRADE
VIC1,2025-06-14 01:25:00,5278.12,106.9,TRADE
VIC1,2025-06-14 01:30:00,5329.13,106.76,TRADE
VIC1,2025-06-14 01:35:00,5292.8,163.42,TRADE
VIC1,2025-06-14 01:40:00,5248.39,206.03,TRADE
VIC1,2025-06-14 01:45:00,5215.79,162.07,TRADE
VIC1,2025-06-14 01:50:00,5182.77,119.07,TRADE
VIC1,2025-06-14 01:55:00,5150.58,116.67,TRADE
VIC1,2025-06-14 02:00:00,5077.53,112.76,TRADE
VIC1,2025-06-14 02:05:00,5032.85,113.43,TRADE
VIC1,2025-06-14 02:10:00,5006.65,101.87,TRADE
VIC1,2025-06-14 02:15:00,5054.3,111.53,TRADE
VIC1,2025-06-14 02:20:00,5024.31,101.0,TRADE
VIC1,2025-06-14 02:25:00,4937.85,99.22,TRADE
VIC1,2025-06-14 02:30:00,4967.62,98.68,TRADE
VIC1,2025-06-14 02:35:00,4961.55,96.0,TRADE
VIC1,2025-06-14 02:40:00,4945.76,94.86,TRADE
VIC1,2025-06-14 02:45:00,4929.1,96.0,TRADE
VIC1,2025-06-14 02:50:00,4911.32,90.91,TRADE
VIC1,2025-06-14 02:55:00,4851.89,84.51,TRADE
VIC1,2025-06-14 03:00:00,4845.09,80.73,TRADE
VIC1,2025-06-14 03:05:00,4838.87,81.67,TRADE
VIC1,2025-06-14 03:10:00,4840.82,80.12,TRADE
VIC1,2025-06-14 03:15:00,4803.14,88.79,TRADE
VIC1,2025-06-14 03:20:00,4876.98,91.78,TRADE
VIC1,2025-06-14 03:25:00,4836.45,85.4,TRADE
VIC1,2025-06-14 03:30:00,4796.85,79.78,TRADE
VIC1,2025-06-14 03:35:00,4791.43,77.56,TRADE
VIC1,2025-06-14 03:40:00,4786.07,76.95,TRADE
VIC1,2025-06-14 03:45:00,4805.96,76.33,TRADE
VIC1,2025-06-14 03:50:00,4814.88,76.24,TRADE
VIC1,2025-06-14 03:55:00,4740.22,75.03,TRADE
VIC1,2025-06-14 04:00:00,4806.91,74.94,TRADE
VIC1,2025-06-14 04:05:00,4738.77,73.92,TRADE
VIC1,2025-06-14 04:10:00,4753.71,84.03,TRADE
VIC1,2025-06-14 04:15:00,4801.93,84.71,TRADE
VIC1,2025-06-14 04:20:00,4833.92,75.77,TRADE
VIC1,2025-06-14 04:25:00,4767.03,73.72,TRADE
VIC1,2025-06-14 04:30:00,4794.12,73.22,TRADE
VIC1,2025-06-14 04:35:00,4814.8,72.66,TRADE
VIC1,2025-06-14 04:40:00,4838.93,83.4,TRADE
VIC1,2025-06-14 04:45:00,4824.75,73.5,TRADE
VIC1,2025-06-14 04:50:00,4784.44,72.16,TRADE
VIC1,2025-06-14 04:55:00,4757.77,71.07,TRADE
VIC1,2025-06-14 05:00:00,4809.22,71.61,TRADE
VIC1,2025-06-14 05:05:00,4866.32,72.09,TRADE
VIC1,2025-06-14 05:10:00,4920.13,72.27,TRADE
VIC1,2025-06-14 05:15:00,4863.7,73.62,TRADE
VIC1,2025-06-14 05:20:00,4932.91,81.99,TRADE
VIC1,2025-06-14 05:25:00,4977.35,71.96,TRADE
VIC1,2025-06-14 05:30:00,5006.89,72.11,TRADE
VIC1,2025-06-14 05:35:00,5002.71,71.62,TRADE
VIC1,2025-06-14 05:40:00,4983.11,71.42,TRADE
VIC1,2025-06-14 05:45:00,5031.39,72.15,TRADE
VIC1,2025-06-14 05:50:00,5104.11,82.67,TRADE
VIC1,2025-06-14 05:55:00,5123.43,72.02,TRADE
VIC1,2025-06-14 06:00:00,5143.5,80.55,TRADE
VIC1,2025-06-14 06:05:00,5176.17,70.28,TRADE
VIC1,2025-06-14 06:10:00,5235.65,79.96,TRADE
VIC1,2025-06-14 06:15:00,5313.08,80.66,TRADE
VIC1,2025-06-14 06:20:00,5269.94,80.08,TRADE
VIC1,2025-06-14 06:25:00,5314.59,80.14,TRADE
VIC1,2025-06-14 06:30:00,5352.67,90.26,TRADE
VIC1,2025-06-14 06:35:00,5444.67,81.42,TRADE
VIC1,2025-06-14 06:40:00,5533.96,91.82,TRADE
VIC1,2025-06-14 06:45:00,5584.88,120.64,TRADE
VIC1,2025-06-14 06:50:00,5656.71,112.17,TRADE
VIC1,2025-06-14 06:55:00,5691.26,108.3,TRADE
VIC1,2025-06-14 07:00:00,5762.01,128.63,TRADE
VIC1,2025-06-14 07:05:00,5763.11,84.96,TRADE
VIC1,2025-06-14 07:10:00,5753.57,123.43,TRADE
VIC1,2025-06-14 07:15:00,5852.27,123.55,TRADE
VIC1,2025-06-14 07:20:00,6007.78,128.38,TRADE
VIC1,2025-06-14 07:25:00,6086.18,130.67,TRADE
VIC1,2025-06-14 07:30:00,6109.98,129.7,TRADE
VIC1,2025-06-14 07:35:00,6162.79,93.08,TRADE
VIC1,2025-06-14 07:40:00,6262.7,102.37,TRADE
VIC1,2025-06-14 07:45:00,6316.7,95.39,TRADE
VIC1,2025-06-14 07:50:00,6318.16,95.47,TRADE
VIC1,2025-06-14 07:55:00,6333.59,76.03,TRADE
VIC1,2025-06-14 08:00:00,6452.38,97.82,TRADE
VIC1,2025-06-14 08:05:00,6471.2,89.26,TRADE
VIC1,2025-06-14 08:10:00,6534.87,98.69,TRADE
VIC1,2025-06-14 08:15:00,6560.38,67.68,TRADE
VIC1,2025-06-14 08:20:00,6566.34,64.77,TRADE
VIC1,2025-06-14 08:25:00,6556.35,57.52,TRADE
VIC1,2025-06-14 08:30:00,6562.03,49.89,TRADE
VIC1,2025-06-14 08:35:00,6429.09,41.57,TRADE
VIC1,2025-06-14 08:40:00,6429.53,55.99,TRADE
VIC1,2025-06-14 08:45:00,6436.73,55.94,TRADE
VIC1,2025-06-14 08:50:00,6451.97,35.94,TRADE
VIC1,2025-06-14 08:55:00,6410.3,34.46,TRADE
VIC1,2025-06-14 09:00:00,6369.06,20.01,TRADE
VIC1,2025-06-14 09:05:00,6318.48,19.19,TRADE
VIC1,2025-06-14 09:10:00,6291.49,52.31,TRADE
VIC1,2025-06-14 09:15:00,6194.02,34.93,TRADE
VIC1,2025-06-14 09:20:00,6193.63,12.95,TRADE
VIC1,2025-06-14 09:25:00,6061.82,0.01,TRADE
VIC1,2025-06-14 09:30:00,6024.11,12.77,TRADE
VIC1,2025-06-14 09:35:00,5957.57,20.01,TRADE
VIC1,2025-06-14 09:40:00,5972.94,41.03,TRADE
VIC1,2025-06-14 09:45:00,5841.57,35.95,TRADE
VIC1,2025-06-14 09:50:00,5757.57,-15.1,TRADE
VIC1,2025-06-14 09:55:00,5730.71,-8.82,TRADE
VIC1,2025-06-14 10:00:00,5712.64,-8.82,TRADE
VIC1,2025-06-14 10:05:00,5644.64,8.95,TRADE
VIC1,2025-06-14 10:10:00,5560.39,39.89,TRADE
VIC1,2025-06-14 10:15:00,5507.65,20.01,TRADE
VIC1,2025-06-14 10:20:00,5441.04,8.96,TRADE
VIC1,2025-06-14 10:25:00,5404.42,8.96,TRADE
VIC1,2025-06-14 10:30:00,5295.34,-13.66,TRADE
VIC1,2025-06-14 10:35:00,5254.71,8.79,TRADE
VIC1,2025-06-14 10:40:00,5215.43,11.3,TRADE
VIC1,2025-06-14 10:45:00,5167.37,-12.88,TRADE
VIC1,2025-06-14 10:50:00,5150.48,0.01,TRADE
VIC1,2025-06-14 10:55:00,5032.77,-13.52,TRADE
VIC1,2025-06-14 11:00:00,5006.75,-13.66,TRADE
VIC1,2025-06-14 11:05:00,4921.73,1.48,TRADE
VIC1,2025-06-14 11:10:00,4916.76,0.01,TRADE
VIC1,2025-06-14 11:15:00,4888.89,-1.03,TRADE
VIC1,2025-06-14 11:20:00,4795.84,-13.66,TRADE
VIC1,2025-06-14 11:25:00,4757.32,-8.82,TRADE
VIC1,2025-06-14 11:30:00,4765.78,-13.66,TRADE
VIC1,2025-06-14 11:35:00,4640.62,-13.66,TRADE
VIC1,2025-06-14 11:40:00,4704.1,-13.52,TRADE
VIC1,2025-06-14 11:45:00,4567.74,-17.0,TRADE
VIC1,2025-06-14 11:50:00,4596.96,-17.48,TRADE
VIC1,2025-06-14 11:55:00,4613.47,-17.0,TRADE
VIC1,2025-06-14 12:00:00,4588.77,-13.66,TRADE
VIC1,2025-06-14 12:05:00,4570.26,-13.66,TRADE
VIC1,2025-06-14 12:10:00,4522.65,-12.3,TRADE
VIC1,2025-06-14 12:15:00,4579.2,-13.66,TRADE
VIC1,2025-06-14 12:20:00,4552.87,-13.66,TRADE
VIC1,2025-06-14 12:25:00,4534.48,-13.66,TRADE
VIC1,2025-06-14 12:30:00,4576.21,-13.52,TRADE
VIC1,2025-06-14 12:35:00,4620.32,-8.82,TRADE
VIC1,2025-06-14 12:40:00,4653.12,5.3,TRADE
VIC1,2025-06-14 12:45:00,4666.48,-0.37,TRADE
VIC1,2025-06-14 12:50:00,4563.21,-13.52,TRADE
VIC1,2025-06-14 12:55:00,4657.62,-8.61,TRADE
VIC1,2025-06-14 13:00:00,4659.88,-8.82,TRADE
VIC1,2025-06-14 13:05:00,4562.35,-8.82,TRADE
VIC1,2025-06-14 13:10:00,4692.27,8.95,TRADE
VIC1,2025-06-14 13:15:00,4687.93,6.02,TRADE
VIC1,2025-06-14 13:20:00,4731.81,6.06,TRADE
VIC1,2025-06-14 13:25:00,4810.61,1.64,TRADE
VIC1,2025-06-14 13:30:00,4793.71,0.0,TRADE
VIC1,2025-06-14 13:35:00,4822.52,8.95,TRADE
VIC1,2025-06-14 13:40:00,4915.56,20.01,TRADE
VIC1,2025-06-14 13:45:00,4930.63,20.01,TRADE
VIC1,2025-06-14 13:50:00,4957.04,20.01,TRADE
VIC1,2025-06-14 13:55:00,4994.64,20.03,TRADE
VIC1,2025-06-14 14:00:00,5041.54,8.95,TRADE
VIC1,2025-06-14 14:05:00,5059.98,20.01,TRADE
VIC1,2025-06-14 14:10:00,5078.32,20.01,TRADE
VIC1,2025-06-14 14:15:00,5141.14,49.42,TRADE
VIC1,2025-06-14 14:20:00,5150.7,49.77,TRADE
VIC1,2025-06-14 14:25:00,5209.04,35.95,TRADE
VIC1,2025-06-14 14:30:00,5313.45,48.99,TRADE
VIC1,2025-06-14 14:35:00,5346.49,37.0,TRADE
VIC1,2025-06-14 14:40:00,5422.98,45.66,TRADE
VIC1,2025-06-14 14:45:00,5463.34,54.56,TRADE
VIC1,2025-06-14 14:50:00,5516.81,50.15,TRADE
VIC1,2025-06-14 14:55:00,5575.58,66.9,TRADE
VIC1,2025-06-14 15:00:00,5599.29,57.14,TRADE
VIC1,2025-06-14 15:05:00,5565.22,49.7,TRADE
VIC1,2025-06-14 15:10:00,5592.87,50.66,TRADE
VIC1,2025-06-14 15:15:00,5629.46,51.05,TRADE
VIC1,2025-06-14 15:20:00,5686.41,60.3,TRADE
VIC1,2025-06-14 15:25:00,5731.02,56.85,TRADE
VIC1,2025-06-14 15:30:00,5816.52,87.64,TRADE
VIC1,2025-06-14 15:35:00,5794.58,55.86,TRADE
VIC1,2025-06-14 15:40:00,5849.4,61.31,TRADE
VIC1,2025-06-14 15:45:00,5904.73,63.6,TRADE
VIC1,2025-06-14 15:50:00,5998.74,79.5,TRADE
VIC1,2025-06-14 15:55:00,6020.05,87.62,TRADE
VIC1,2025-06-14 16:00:00,5966.99,90.4,TRADE
VIC1,2025-06-14 16:05:00,6095.83,82.46,TRADE
VIC1,2025-06-14 16:10:00,6052.9,79.08,TRADE
VIC1,2025-06-14 16:15:00,6218.12,82.46,TRADE
VIC1,2025-06-14 16:20:00,6295.62,96.04,TRADE
VIC1,2025-06-14 16:25:00,6347.53,95.89,TRADE
VIC1,2025-06-14 16:30:00,6453.25,96.0,TRADE
VIC1,2025-06-14 16:35:00,6513.38,104.3,TRADE
VIC1,2025-06-14 16:40:00,6625.21,114.22,TRADE
VIC1,2025-06-14 16:45:00,6603.39,112.18,TRADE
VIC1,2025-06-14 16:50:00,6662.93,92.61,TRADE
VIC1,2025-06-14 16:55:00,6804.1,132.93,TRADE
VIC1,2025-06-14 17:00:00,6877.78,150.94,TRADE
VIC1,2025-06-14 17:05:00,6943.38,132.14,TRADE
VIC1,2025-06-14 17:10:00,7034.2,138.74,TRADE
VIC1,2025-06-14 17:15:00,7065.41,133.95,TRADE
VIC1,2025-06-14 17:20:00,7139.05,141.99,TRADE
VIC1,2025-06-14 17:25:00,7105.24,144.1,TRADE
VIC1,2025-06-14 17:30:00,7202.63,163.63,TRADE
VIC1,2025-06-14 17:35:00,7235.78,162.44,TRADE
VIC1,2025-06-14 17:40:00,7345.61,181.4,TRADE
VIC1,2025-06-14 17:45:00,7378.63,151.68,TRADE
VIC1,2025-06-14 17:50:00,7317.66,152.88,TRADE
VIC1,2025-06-14 17:55:00,7411.8,163.85,TRADE
VIC1,2025-06-14 18:00:00,7395.91,186.24,TRADE
VIC1,2025-06-14 18:05:00,7384.66,173.82,TRADE
VIC1,2025-06-14 18:10:00,7360.01,205.98,TRADE
VIC1,2025-06-14 18:15:00,7266.2,130.3,TRADE
VIC1,2025-06-14 18:20:00,7273.73,144.91,TRADE
VIC1,2025-06-14 18:25:00,7260.12,143.56,TRADE
VIC1,2025-06-14 18:30:00,7286.33,143.84,TRADE
VIC1,2025-06-14 18:35:00,7337.78,148.27,TRADE
VIC1,2025-06-14 18:40:00,7252.22,160.68,TRADE
VIC1,2025-06-14 18:45:00,7274.71,164.78,TRADE
VIC1,2025-06-14 18:50:00,7220.94,158.7,TRADE
VIC1,2025-06-14 18:55:00,7213.78,157.7,TRADE
VIC1,2025-06-14 19:00:00,7157.9,166.9,TRADE
VIC1,2025-06-14 19:05:00,7098.56,167.57,TRADE
VIC1,2025-06-14 19:10:00,7050.66,159.18,TRADE
VIC1,2025-06-14 19:15:00,7076.4,180.0,TRADE
VIC1,2025-06-14 19:20:00,7059.32,143.6,TRADE
VIC1,2025-06-14 19:25:00,7034.41,132.99,TRADE
VIC1,2025-06-14 19:30:00,7039.54,231.31,TRADE
VIC1,2025-06-14 19:35:00,6993.47,152.26,TRADE
VIC1,2025-06-14 19:40:00,6943.57,158.04,TRADE
VIC1,2025-06-14 19:45:00,6884.95,170.04,TRADE
VIC1,2025-06-14 19:50:00,6823.52,141.02,TRADE
VIC1,2025-06-14 19:55:00,6871.56,229.37,TRADE
VIC1,2025-06-14 20:00:00,6895.09,178.95,TRADE
VIC1,2025-06-14 20:05:00,6767.75,170.12,TRADE
VIC1,2025-06-14 20:10:00,6790.91,157.11,TRADE
VIC1,2025-06-14 20:15:00,6776.92,149.94,TRADE
VIC1,2025-06-14 20:20:00,6755.64,174.47,TRADE
VIC1,2025-06-14 20:25:00,6650.35,152.65,TRADE
VIC1,2025-06-14 20:30:00,6682.17,135.44,TRADE
VIC1,2025-06-14 20:35:00,6617.58,133.43,TRADE
VIC1,2025-06-14 20:40:00,6691.92,136.44,TRADE
VIC1,2025-06-14 20:45:00,6653.31,136.28,TRADE
VIC1,2025-06-14 20:50:00,6625.87,134.61,TRADE
VIC1,2025-06-14 20:55:00,6599.4,134.35,TRADE
VIC1,2025-06-14 21:00:00,6563.96,132.09,TRADE
VIC1,2025-06-14 21:05:00,6592.08,133.97,TRADE
VIC1,2025-06-14 21:10:00,6539.77,126.21,TRADE
VIC1,2025-06-14 21:15:00,6460.94,106.02,TRADE
VIC1,2025-06-14 21:20:00,6437.71,122.52,TRADE
VIC1,2025-06-14 21:25:00,6423.06,98.21,TRADE
VIC1,2025-06-14 21:30:00,6438.28,103.54,TRADE
VIC1,2025-06-14 21:35:00,6302.17,94.61,TRADE
VIC1,2025-06-14 21:40:00,6312.17,94.67,TRADE
VIC1,2025-06-14 21:45:00,6269.9,95.3,TRADE
VIC1,2025-06-14 21:50:00,6171.51,93.68,TRADE
VIC1,2025-06-14 21:55:00,6115.49,93.68,TRADE
VIC1,2025-06-14 22:00:00,6121.66,92.8,TRADE
VIC1,2025-06-14 22:05:00,6023.87,94.34,TRADE
VIC1,2025-06-14 22:10:00,5979.25,119.28,TRADE
VIC1,2025-06-14 22:15:00,5941.95,126.49,TRADE
VIC1,2025-06-14 22:20:00,5999.43,127.31,TRADE
VIC1,2025-06-14 22:25:00,5964.54,127.95,TRADE
VIC1,2025-06-14 22:30:00,5914.24,126.51,TRADE
VIC1,2025-06-14 22:35:00,5875.84,118.47,TRADE
VIC1,2025-06-14 22:40:00,5789.47,115.4,TRADE
VIC1,2025-06-14 22:45:00,5765.51,114.56,TRADE
VIC1,2025-06-14 22:50:00,5644.72,101.84,TRADE
VIC1,2025-06-14 22:55:00,5602.85,98.92,TRADE
VIC1,2025-06-14 23:00:00,5649.14,94.84,TRADE
VIC1,2025-06-14 23:05:00,5655.42,100.26,TRADE
VIC1,2025-06-14 23:10:00,5707.77,119.48,TRADE
VIC1,2025-06-14 23:15:00,5776.08,117.51,TRADE
VIC1,2025-06-14 23:20:00,5767.34,99.59,TRADE
VIC1,2025-06-14 23:25:00,5751.36,99.73,TRADE
VIC1,2025-06-14 23:30:00,5666.52,88.15,TRADE
VIC1,2025-06-14 23:35:00,5622.5,88.89,TRADE
VIC1,2025-06-14 23:40:00,5671.78,87.62,TRADE
VIC1,2025-06-14 23:45:00,5648.32,93.66,TRADE
VIC1,2025-06-14 23:50:00,5621.69,90.0,TRADE
VIC1,2025-06-14 23:55:00,5518.72,86.9,TRADE
VIC1,2025-06-15 00:00:00,5532.52,87.48,TRADE
VIC1,2025-06-15 00:05:00,5504.13,86.77,TRADE
VIC1,2025-06-15 00:10:00,5444.27,86.79,TRADE
VIC1,2025-06-15 00:15:00,5417.07,86.13,TRADE
VIC1,2025-06-15 00:20:00,5302.19,79.78,TRADE
VIC1,2025-06-15 00:25:00,5275.68,86.72,TRADE
VIC1,2025-06-15 00:30:00,5308.85,81.99,TRADE
VIC1,2025-06-15 00:35:00,5271.93,85.2,TRADE
VIC1,2025-06-15 00:40:00,5146.31,73.4,TRADE
VIC1,2025-06-15 00:45:00,5144.67,83.45,TRADE
VIC1,2025-06-15 00:50:00,5129.97,83.3,TRADE
VIC1,2025-06-15 00:55:00,5014.61,22.27,TRADE
VIC1,2025-06-15 01:00:00,4980.94,20.01,TRADE
VIC1,2025-06-15 01:05:00,5031.62,86.0,TRADE
VIC1,2025-06-15 01:10:00,4924.94,84.1,TRADE
VIC1,2025-06-15 01:15:00,4892.47,84.32,TRADE
VIC1,2025-06-15 01:20:00,4956.34,86.39,TRADE
VIC1,2025-06-15 01:25:00,4883.76,74.33,TRADE
VIC1,2025-06-15 01:30:00,4871.56,79.67,TRADE
VIC1,2025-06-15 01:35:00,4842.77,85.59,TRADE
VIC1,2025-06-15 01:40:00,4823.97,85.23,TRADE
VIC1,2025-06-15 01:45:00,4727.66,75.21,TRADE
VIC1,2025-06-15 01:50:00,4731.65,81.21,TRADE
VIC1,2025-06-15 01:55:00,4642.64,31.13,TRADE
VIC1,2025-06-15 02:00:00,4629.22,21.01,TRADE
VIC1,2025-06-15 02:05:00,4675.57,28.96,TRADE
VIC1,2025-06-15 02:10:00,4671.95,21.03,TRADE
VIC1,2025-06-15 02:15:00,4649.75,85.4,TRADE
VIC1,2025-06-15 02:20:00,4607.58,84.73,TRADE
VIC1,2025-06-15 02:25:00,4626.64,87.42,TRADE
VIC1,2025-06-15 02:30:00,4607.21,87.36,TRADE
VIC1,2025-06-15 02:35:00,4569.12,86.0,TRADE
VIC1,2025-06-15 02:40:00,4474.23,75.7,TRADE
VIC1,2025-06-15 02:45:00,4476.85,85.76,TRADE
VIC1,2025-06-15 02:50:00,4528.88,88.6,TRADE
VIC1,2025-06-15 02:55:00,4524.38,75.58,TRADE
VIC1,2025-06-15 03:00:00,4467.95,75.56,TRADE
VIC1,2025-06-15 03:05:00,4538.53,76.1,TRADE
VIC1,2025-06-15 03:10:00,4536.76,76.7,TRADE
VIC1,2025-06-15 03:15:00,4520.85,86.81,TRADE
VIC1,2025-06-15 03:20:00,4510.85,87.84,TRADE
VIC1,2025-06-15 03:25:00,4415.27,86.22,TRADE
VIC1,2025-06-15 03:30:00,4482.83,86.13,TRADE
VIC1,2025-06-15 03:35:00,4462.04,88.4,TRADE
VIC1,2025-06-15 03:40:00,4407.1,87.73,TRADE
VIC1,2025-06-15 03:45:00,4412.31,89.23,TRADE
VIC1,2025-06-15 03:50:00,4424.24,87.87,TRADE
VIC1,2025-06-15 03:55:00,4430.08,79.44,TRADE
VIC1,2025-06-15 04:00:00,4327.99,76.53,TRADE
VIC1,2025-06-15 04:05:00,4403.29,90.0,TRADE
VIC1,2025-06-15 04:10:00,4409.23,90.98,TRADE
VIC1,2025-06-15 04:15:00,4338.29,91.93,TRADE
VIC1,2025-06-15 04:20:00,4323.02,91.1,TRADE
VIC1,2025-06-15 04:25:00,4420.22,93.53,TRADE
VIC1,2025-06-15 04:30:00,4422.65,94.99,TRADE
VIC1,2025-06-15 04:35:00,4363.72,94.34,TRADE
VIC1,2025-06-15 04:40:00,4458.59,94.4,TRADE
VIC1,2025-06-15 04:45:00,4434.48,95.09,TRADE
VIC1,2025-06-15 04:50:00,4444.46,94.18,TRADE
VIC1,2025-06-15 04:55:00,4429.79,94.04,TRADE
VIC1,2025-06-15 05:00:00,4386.15,88.31,TRADE
VIC1,2025-06-15 05:05:00,4393.79,96.38,TRADE
VIC1,2025-06-15 05:10:00,4437.4,96.83,TRADE
VIC1,2025-06-15 05:15:00,4429.82,96.37,TRADE
VIC1,2025-06-15 05:20:00,4529.07,99.2,TRADE
VIC1,2025-06-15 05:25:00,4551.01,107.29,TRADE
VIC1,2025-06-15 05:30:00,4536.96,108.41,TRADE
VIC1,2025-06-15 05:35:00,4568.9,111.9,TRADE
VIC1,2025-06-15 05:40:00,4599.43,102.75,TRADE
VIC1,2025-06-15 05:45:00,4619.89,114.13,TRADE
VIC1,2025-06-15 05:50:00,4543.14,110.2,TRADE
VIC1,2025-06-15 05:55:00,4571.29,111.17,TRADE
VIC1,2025-06-15 06:00:00,4576.56,114.82,TRADE
VIC1,2025-06-15 06:05:00,4629.89,99.49,TRADE
VIC1,2025-06-15 06:10:00,4731.59,110.43,TRADE
VIC1,2025-06-15 06:15:00,4790.74,117.11,TRADE
VIC1,2025-06-15 06:20:00,4808.74,117.12,TRADE
VIC1,2025-06-15 06:25:00,4860.76,119.04,TRADE
VIC1,2025-06-15 06:30:00,4895.58,125.83,TRADE
VIC1,2025-06-15 06:35:00,4908.19,117.38,TRADE
VIC1,2025-06-15 06:40:00,4892.7,124.51,TRADE
VIC1,2025-06-15 06:45:00,4925.71,125.41,TRADE
VIC1,2025-06-15 06:50:00,4971.13,132.72,TRADE
VIC1,2025-06-15 06:55:00,5010.93,131.87,TRADE
VIC1,2025-06-15 07:00:00,5091.46,139.79,TRADE
VIC1,2025-06-15 07:05:00,5179.96,132.72,TRADE
VIC1,2025-06-15 07:10:00,5176.88,132.72,TRADE
VIC1,2025-06-15 07:15:00,5261.28,141.99,TRADE
VIC1,2025-06-15 07:20:00,5316.95,141.99,TRADE
VIC1,2025-06-15 07:25:00,5370.44,141.99,TRADE
VIC1,2025-06-15 07:30:00,5377.44,123.66,TRADE
VIC1,2025-06-15 07:35:00,5417.29,135.89,TRADE
VIC1,2025-06-15 07:40:00,5420.15,170.63,TRADE
VIC1,2025-06-15 07:45:00,5455.11,140.07,TRADE
VIC1,2025-06-15 07:50:00,5569.14,155.36,TRADE
VIC1,2025-06-15 07:55:00,5713.91,157.4,TRADE
VIC1,2025-06-15 08:00:00,5636.63,139.03,TRADE
VIC1,2025-06-15 08:05:00,5759.58,172.51,TRADE
VIC1,2025-06-15 08:10:00,5813.84,162.36,TRADE
VIC1,2025-06-15 08:15:00,5835.32,157.03,TRADE
VIC1,2025-06-15 08:20:00,5880.85,151.99,TRADE
VIC1,2025-06-15 08:25:00,5815.26,308.72,TRADE
VIC1,2025-06-15 08:30:00,5841.88,126.68,TRADE
VIC1,2025-06-15 08:35:00,5840.04,155.34,TRADE
VIC1,2025-06-15 08:40:00,5818.84,177.47,TRADE
VIC1,2025-06-15 08:45:00,5824.59,157.37,TRADE
VIC1,2025-06-15 08:50:00,5789.59,143.19,TRADE
VIC1,2025-06-15 08:55:00,5789.76,153.93,TRADE
VIC1,2025-06-15 09:00:00,5810.14,132.72,TRADE
VIC1,2025-06-15 09:05:00,5756.42,132.72,TRADE
VIC1,2025-06-15 09:10:00,5762.78,134.97,TRADE
VIC1,2025-06-15 09:15:00,5747.86,170.1,TRADE
VIC1,2025-06-15 09:20:00,5715.15,169.08,TRADE
VIC1,2025-06-15 09:25:00,5688.47,155.76,TRADE
VIC1,2025-06-15 09:30:00,5663.43,136.52,TRADE
VIC1,2025-06-15 09:35:00,5630.64,154.49,TRADE
VIC1,2025-06-15 09:40:00,5600.28,141.66,TRADE
VIC1,2025-06-15 09:45:00,5574.0,135.52,TRADE
VIC1,2025-06-15 09:50:00,5476.16,132.72,TRADE
VIC1,2025-06-15 09:55:00,5511.12,138.01,TRADE
VIC1,2025-06-15 10:00:00,5454.96,137.76,TRADE
VIC1,2025-06-15 10:05:00,5429.15,141.66,TRADE
VIC1,2025-06-15 10:10:00,5403.33,149.91,TRADE
VIC1,2025-06-15 10:15:00,5329.89,152.1,TRADE
VIC1,2025-06-15 10:20:00,5258.73,235.34,TRADE
VIC1,2025-06-15 10:25:00,5205.62,142.11,TRADE
VIC1,2025-06-15 10:30:00,5127.92,136.2,TRADE
VIC1,2025-06-15 10:35:00,5119.89,139.99,TRADE
VIC1,2025-06-15 10:40:00,5069.13,138.17,TRADE
VIC1,2025-06-15 10:45:00,5064.82,139.24,TRADE
VIC1,2025-06-15 10:50:00,5001.28,141.1,TRADE
VIC1,2025-06-15 10:55:00,4954.1,150.9,TRADE
VIC1,2025-06-15 11:00:00,4775.64,129.61,TRADE
VIC1,2025-06-15 11:05:00,4779.97,242.64,TRADE
VIC1,2025-06-15 11:10:00,4745.71,152.59,TRADE
VIC1,2025-06-15 11:15:00,4711.01,151.23,TRADE
VIC1,2025-06-15 11:20:00,4641.0,150.85,TRADE
VIC1,2025-06-15 11:25:00,4559.7,132.93,TRADE
VIC1,2025-06-15 11:30:00,4507.21,109.75,TRADE
VIC1,2025-06-15 11:35:00,4556.98,160.83,TRADE
VIC1,2025-06-15 11:40:00,4555.58,133.93,TRADE
VIC1,2025-06-15 11:45:00,4469.95,134.96,TRADE
VIC1,2025-06-15 11:50:00,4518.28,138.28,TRADE
VIC1,2025-06-15 11:55:00,4498.64,130.1,TRADE
VIC1,2025-06-15 12:00:00,4571.7,129.59,TRADE
VIC1,2025-06-15 12:05:00,4551.56,128.3,TRADE
VIC1,2025-06-15 12:10:00,4529.69,132.38,TRADE
VIC1,2025-06-15 12:15:00,4591.58,142.71,TRADE
VIC1,2025-06-15 12:20:00,4635.36,98.73,TRADE
VIC1,2025-06-15 12:25:00,4611.79,167.25,TRADE
VIC1,2025-06-15 12:30:00,4653.08,135.06,TRADE
VIC1,2025-06-15 12:35:00,4729.2,134.26,TRADE
VIC1,2025-06-15 12:40:00,4780.79,134.93,TRADE
VIC1,2025-06-15 12:45:00,4814.96,174.54,TRADE
VIC1,2025-06-15 12:50:00,4796.12,170.56,TRADE
VIC1,2025-06-15 12:55:00,4843.98,170.56,TRADE
VIC1,2025-06-15 13:00:00,4940.73,170.56,TRADE
VIC1,2025-06-15 13:05:00,5056.02,180.63,TRADE
VIC1,2025-06-15 13:10:00,5151.03,179.36,TRADE
VIC1,2025-06-15 13:15:00,5143.33,157.66,TRADE
VIC1,2025-06-15 13:20:00,5244.52,178.24,TRADE
VIC1,2025-06-15 13:25:00,5309.57,178.17,TRADE
VIC1,2025-06-15 13:30:00,5346.53,149.65,TRADE
VIC1,2025-06-15 13:35:00,5361.05,171.43,TRADE
VIC1,2025-06-15 13:40:00,5280.73,141.03,TRADE
VIC1,2025-06-15 13:45:00,5372.32,171.38,TRADE
VIC1,2025-06-15 13:50:00,5412.18,147.58,TRADE
VIC1,2025-06-15 13:55:00,5377.4,153.09,TRADE
VIC1,2025-06-15 14:00:00,5425.99,159.17,TRADE
VIC1,2025-06-15 14:05:00,5427.29,145.78,TRADE
VIC1,2025-06-15 14:10:00,5444.78,147.58,TRADE
VIC1,2025-06-15 14:15:00,5471.27,148.83,TRADE
VIC1,2025-06-15 14:20:00,5451.63,171.03,TRADE
VIC1,2025-06-15 14:25:00,5425.51,145.03,TRADE
VIC1,2025-06-15 14:30:00,5494.58,181.07,TRADE
VIC1,2025-06-15 14:35:00,5486.56,149.59,TRADE
VIC1,2025-06-15 14:40:00,5589.28,162.43,TRADE
VIC1,2025-06-15 14:45:00,5565.48,149.18,TRADE
VIC1,2025-06-15 14:50:00,5622.78,143.3,TRADE
VIC1,2025-06-15 14:55:00,5660.39,146.05,TRADE
VIC1,2025-06-15 15:00:00,5676.07,158.46,TRADE
VIC1,2025-06-15 15:05:00,5702.75,181.29,TRADE
VIC1,2025-06-15 15:10:00,5625.42,180.31,TRADE
VIC1,2025-06-15 15:15:00,5633.69,139.15,TRADE
VIC1,2025-06-15 15:20:00,5699.67,130.89,TRADE
VIC1,2025-06-15 15:25:00,5838.17,147.69,TRADE
VIC1,2025-06-15 15:30:00,5859.08,143.1,TRADE
VIC1,2025-06-15 15:35:00,5955.16,159.82,TRADE
VIC1,2025-06-15 15:40:00,6009.98,175.98,TRADE
VIC1,2025-06-15 15:45:00,6076.32,156.11,TRADE
VIC1,2025-06-15 15:50:00,6121.95,145.78,TRADE
VIC1,2025-06-15 15:55:00,6177.95,150.94,TRADE
VIC1,2025-06-15 16:00:00,6171.27,175.04,TRADE
VIC1,2025-06-15 16:05:00,6227.37,140.0,TRADE
VIC1,2025-06-15 16:10:00,6344.32,140.0,TRADE
VIC1,2025-06-15 16:15:00,6379.74,149.87,TRADE
VIC1,2025-06-15 16:20:00,6396.53,172.56,TRADE
VIC1,2025-06-15 16:25:00,6451.43,164.1,TRADE
VIC1,2025-06-15 16:30:00,6507.41,173.26,TRADE
VIC1,2025-06-15 16:35:00,6564.27,199.23,TRADE
VIC1,2025-06-15 16:40:00,6577.17,182.54,TRADE
VIC1,2025-06-15 16:45:00,6649.45,269.47,TRADE
VIC1,2025-06-15 16:50:00,6733.95,228.26,TRADE
VIC1,2025-06-15 16:55:00,6849.62,227.24,TRADE
VIC1,2025-06-15 17:00:00,6812.33,282.82,TRADE
VIC1,2025-06-15 17:05:00,6941.16,224.08,TRADE
VIC1,2025-06-15 17:10:00,7018.07,180.8,TRADE
VIC1,2025-06-15 17:15:00,7071.07,177.25,TRADE
VIC1,2025-06-15 17:20:00,7135.42,179.69,TRADE
VIC1,2025-06-15 17:25:00,7111.11,177.81,TRADE
VIC1,2025-06-15 17:30:00,7220.25,247.35,TRADE
VIC1,2025-06-15 17:35:00,7296.3,205.8,TRADE
VIC1,2025-06-15 17:40:00,7356.32,178.66,TRADE
VIC1,2025-06-15 17:45:00,7322.87,205.8,TRADE
VIC1,2025-06-15 17:50:00,7436.81,196.0,TRADE
VIC1,2025-06-15 17:55:00,7465.48,205.8,TRADE
VIC1,2025-06-15 18:00:00,7459.15,202.39,TRADE
VIC1,2025-06-15 18:05:00,7460.01,205.13,TRADE
VIC1,2025-06-15 18:10:00,7351.33,180.47,TRADE
VIC1,2025-06-15 18:15:00,7346.5,205.8,TRADE
VIC1,2025-06-15 18:20:00,7426.87,215.16,TRADE
VIC1,2025-06-15 18:25:00,7393.69,205.8,TRADE
VIC1,2025-06-15 18:30:00,7337.82,205.13,TRADE
VIC1,2025-06-15 18:35:00,7335.08,180.14,TRADE
VIC1,2025-06-15 18:40:00,7314.77,202.97,TRADE
VIC1,2025-06-15 18:45:00,7310.29,207.58,TRADE
VIC1,2025-06-15 18:50:00,7232.12,199.2,TRADE
VIC1,2025-06-15 18:55:00,7209.32,205.13,TRADE
VIC1,2025-06-15 19:00:00,7238.71,190.43,TRADE
VIC1,2025-06-15 19:05:00,7213.0,193.08,TRADE
VIC1,2025-06-15 19:10:00,7153.5,205.8,TRADE
VIC1,2025-06-15 19:15:00,7142.78,205.8,TRADE
VIC1,2025-06-15 19:20:00,7106.7,194.25,TRADE
VIC1,2025-06-15 19:25:00,7123.58,205.8,TRADE
VIC1,2025-06-15 19:30:00,7092.25,180.27,TRADE
VIC1,2025-06-15 19:35:00,6938.99,178.78,TRADE
VIC1,2025-06-15 19:40:00,6963.77,180.07,TRADE
VIC1,2025-06-15 19:45:00,6846.41,178.81,TRADE
VIC1,2025-06-15 19:50:00,6871.14,177.23,TRADE
VIC1,2025-06-15 19:55:00,6880.1,175.89,TRADE
VIC1,2025-06-15 20:00:00,6865.51,163.68,TRADE
VIC1,2025-06-15 20:05:00,6799.5,161.1,TRADE
VIC1,2025-06-15 20:10:00,6795.88,173.01,TRADE
VIC1,2025-06-15 20:15:00,6726.83,172.81,TRADE
VIC1,2025-06-15 20:20:00,6688.6,162.79,TRADE
VIC1,2025-06-15 20:25:00,6626.22,161.96,TRADE
VIC1,2025-06-15 20:30:00,6596.94,139.73,TRADE
VIC1,2025-06-15 20:35:00,6589.22,154.22,TRADE
VIC1,2025-06-15 20:40:00,6621.06,151.68,TRADE
VIC1,2025-06-15 20:45:00,6518.72,140.0,TRADE
VIC1,2025-06-15 20:50:00,6547.0,140.0,TRADE
VIC1,2025-06-15 20:55:00,6475.64,134.98,TRADE
VIC1,2025-06-15 21:00:00,6462.83,134.74,TRADE
VIC1,2025-06-15 21:05:00,6432.97,140.0,TRADE
VIC1,2025-06-15 21:10:00,6328.8,140.0,TRADE
VIC1,2025-06-15 21:15:00,6294.58,149.17,TRADE
VIC1,2025-06-15 21:20:00,6335.91,153.23,TRADE
VIC1,2025-06-15 21:25:00,6288.88,140.0,TRADE
VIC1,2025-06-15 21:30:00,6232.3,140.28,TRADE
VIC1,2025-06-15 21:35:00,6155.55,141.72,TRADE
VIC1,2025-06-15 21:40:00,6115.27,140.46,TRADE
VIC1,2025-06-15 21:45:00,6040.78,140.0,TRADE
VIC1,2025-06-15 21:50:00,5913.99,130.15,TRADE
VIC1,2025-06-15 21:55:00,5867.02,127.99,TRADE
VIC1,2025-06-15 22:00:00,5859.05,127.93,TRADE
VIC1,2025-06-15 22:05:00,5787.92,129.98,TRADE
VIC1,2025-06-15 22:10:00,5726.88,133.81,TRADE
VIC1,2025-06-15 22:15:00,5750.97,137.96,TRADE
VIC1,2025-06-15 22:20:00,5694.41,126.54,TRADE
VIC1,2025-06-15 22:25:00,5658.76,125.41,TRADE
VIC1,2025-06-15 22:30:00,5630.62,123.34,TRADE
VIC1,2025-06-15 22:35:00,5505.62,123.47,TRADE
VIC1,2025-06-15 22:40:00,5505.26,122.27,TRADE
VIC1,2025-06-15 22:45:00,5486.31,124.93,TRADE
VIC1,2025-06-15 22:50:00,5373.47,77.45,TRADE
VIC1,2025-06-15 22:55:00,5404.59,91.62,TRADE
VIC1,2025-06-15 23:00:00,5343.5,79.93,TRADE
VIC1,2025-06-15 23:05:00,5357.13,82.55,TRADE
VIC1,2025-06-15 23:10:00,5452.62,94.4,TRADE
VIC1,2025-06-15 23:15:00,5353.47,83.82,TRADE
VIC1,2025-06-15 23:20:00,5387.31,82.67,TRADE
VIC1,2025-06-15 23:25:00,5396.17,82.1,TRADE
VIC1,2025-06-15 23:30:00,5363.97,80.84,TRADE
VIC1,2025-06-15 23:35:00,5355.01,76.75,TRADE
VIC1,2025-06-15 23:40:00,5326.56,77.28,TRADE
VIC1,2025-06-15 23:45:00,5281.48,20.01,TRADE
VIC1,2025-06-15 23:50:00,5235.82,29.51,TRADE
VIC1,2025-06-15 23:55:00,5125.66,22.01,TRADE
VIC1,2025-06-21 00:00:00,5722.92,132.96,TRADE
VIC1,2025-06-21 00:05:00,5704.5,142.33,TRADE
VIC1,2025-06-21 00:10:00,5660.66,144.49,TRADE
VIC1,2025-06-21 00:15:00,5615.61,145.78,TRADE
VIC1,2025-06-21 00:20:00,5586.93,146.43,TRADE
VIC1,2025-06-21 00:25:00,5558.49,146.43,TRADE
VIC1,2025-06-21 00:30:00,5533.05,145.71,TRADE
VIC1,2025-06-21 00:35:00,5556.69,145.59,TRADE
VIC1,2025-06-21 00:40:00,5526.65,146.81,TRADE
VIC1,2025-06-21 00:45:00,5460.75,145.73,TRADE
VIC1,2025-06-21 00:50:00,5457.23,144.29,TRADE
VIC1,2025-06-21 00:55:00,5403.36,139.8,TRADE
VIC1,2025-06-21 01:00:00,5378.84,134.78,TRADE
VIC1,2025-06-21 01:05:00,5284.45,134.89,TRADE
VIC1,2025-06-21 01:10:00,5238.97,135.1,TRADE
VIC1,2025-06-21 01:15:00,5206.5,126.94,TRADE
VIC1,2025-06-21 01:20:00,5186.82,109.83,TRADE
VIC1,2025-06-21 01:25:00,5204.7,120.14,TRADE
VIC1,2025-06-21 01:30:00,5188.05,122.09,TRADE
VIC1,2025-06-21 01:35:00,5135.95,118.76,TRADE
VIC1,2025-06-21 01:40:00,5125.07,119.7,TRADE
VIC1,2025-06-21 01:45:00,5080.87,117.87,TRADE
VIC1,2025-06-21 01:50:00,4989.02,106.42,TRADE
VIC1,2025-06-21 01:55:00,5047.8,110.1,TRADE
VIC1,2025-06-21 02:00:00,4930.62,98.66,TRADE
VIC1,2025-06-21 02:05:00,4914.23,96.72,TRADE
VIC1,2025-06-21 02:10:00,4955.62,96.62,TRADE
VIC1,2025-06-21 02:15:00,4926.13,95.27,TRADE
VIC1,2025-06-21 02:20:00,4886.99,98.66,TRADE
VIC1,2025-06-21 02:25:00,4873.85,93.05,TRADE
VIC1,2025-06-21 02:30:00,4879.81,92.68,TRADE
VIC1,2025-06-21 02:35:00,4828.37,92.68,TRADE
VIC1,2025-06-21 02:40:00,4773.93,92.68,TRADE
VIC1,2025-06-21 02:45:00,4777.03,90.59,TRADE
VIC1,2025-06-21 02:50:00,4813.42,92.45,TRADE
VIC1,2025-06-21 02:55:00,4819.62,92.68,TRADE
VIC1,2025-06-21 03:00:00,4780.22,87.23,TRADE
VIC1,2025-06-21 03:05:00,4812.22,92.68,TRADE
VIC1,2025-06-21 03:10:00,4772.07,79.24,TRADE
VIC1,2025-06-21 03:15:00,4692.3,74.75,TRADE
VIC1,2025-06-21 03:20:00,4786.91,92.41,TRADE
VIC1,2025-06-21 03:25:00,4684.03,78.14,TRADE
VIC1,2025-06-21 03:30:00,4642.32,73.8,TRADE
VIC1,2025-06-21 03:35:00,4742.28,74.95,TRADE
VIC1,2025-06-21 03:40:00,4717.32,90.82,TRADE
VIC1,2025-06-21 03:45:00,4708.21,87.29,TRADE
VIC1,2025-06-21 03:50:00,4719.9,84.92,TRADE
VIC1,2025-06-21 03:55:00,4707.55,89.76,TRADE
VIC1,2025-06-21 04:00:00,4646.61,76.0,TRADE
VIC1,2025-06-21 04:05:00,4732.3,86.96,TRADE
VIC1,2025-06-21 04:10:00,4658.96,84.67,TRADE
VIC1,2025-06-21 04:15:00,4700.72,90.5,TRADE
VIC1,2025-06-21 04:20:00,4754.47,91.0,TRADE
VIC1,2025-06-21 04:25:00,4739.82,97.97,TRADE
VIC1,2025-06-21 04:30:00,4715.14,89.9,TRADE
VIC1,2025-06-21 04:35:00,4761.93,90.99,TRADE
VIC1,2025-06-21 04:40:00,4772.66,98.47,TRADE
VIC1,2025-06-21 04:45:00,4768.93,98.66,TRADE
VIC1,2025-06-21 04:50:00,4694.2,82.53,TRADE
VIC1,2025-06-21 04:55:00,4690.95,88.49,TRADE
VIC1,2025-06-21 05:00:00,4724.32,82.94,TRADE
VIC1,2025-06-21 05:05:00,4735.92,83.54,TRADE
VIC1,2025-06-21 05:10:00,4849.33,89.39,TRADE
VIC1,2025-06-21 05:15:00,4865.5,89.0,TRADE
VIC1,2025-06-21 05:20:00,4829.52,83.39,TRADE
VIC1,2025-06-21 05:25:00,4879.1,87.96,TRADE
VIC1,2025-06-21 05:30:00,4887.31,83.95,TRADE
VIC1,2025-06-21 05:35:00,4901.29,87.19,TRADE
VIC1,2025-06-21 05:40:00,4828.57,79.3,TRADE
VIC1,2025-06-21 05:45:00,4956.09,88.68,TRADE
VIC1,2025-06-21 05:50:00,4940.71,87.28,TRADE
VIC1,2025-06-21 05:55:00,5008.48,86.9,TRADE
VIC1,2025-06-21 06:00:00,5056.33,98.74,TRADE
VIC1,2025-06-21 06:05:00,5092.21,98.0,TRADE
VIC1,2025-06-21 06:10:00,5181.37,101.66,TRADE
VIC1,2025-06-21 06:15:00,5261.42,101.71,TRADE
VIC1,2025-06-21 06:20:00,5199.42,100.87,TRADE
VIC1,2025-06-21 06:25:00,5316.95,100.87,TRADE
VIC1,2025-06-21 06:30:00,5400.25,105.06,TRADE
VIC1,2025-06-21 06:35:00,5378.49,108.41,TRADE
VIC1,2025-06-21 06:40:00,5503.0,116.64,TRADE
VIC1,2025-06-21 06:45:00,5575.07,117.63,TRADE
VIC1,2025-06-21 06:50:00,5589.75,117.65,TRADE
VIC1,2025-06-21 06:55:00,5561.33,120.01,TRADE
VIC1,2025-06-21 07:00:00,5639.92,120.01,TRADE
VIC1,2025-06-21 07:05:00,5714.27,160.21,TRADE
VIC1,2025-06-21 07:10:00,5740.13,131.91,TRADE
VIC1,2025-06-21 07:15:00,5827.75,149.94,TRADE
VIC1,2025-06-21 07:20:00,5903.35,141.66,TRADE
VIC1,2025-06-21 07:25:00,5940.63,141.66,TRADE
VIC1,2025-06-21 07:30:00,6012.91,141.99,TRADE
VIC1,2025-06-21 07:35:00,6086.88,141.66,TRADE
VIC1,2025-06-21 07:40:00,6077.34,141.66,TRADE
VIC1,2025-06-21 07:45:00,6235.28,157.72,TRADE
VIC1,2025-06-21 07:50:00,6232.86,158.09,TRADE
VIC1,2025-06-21 07:55:00,6342.65,157.82,TRADE
VIC1,2025-06-21 08:00:00,6321.88,299.38,TRADE
VIC1,2025-06-21 08:05:00,6420.14,193.11,TRADE
VIC1,2025-06-21 08:10:00,6508.83,127.12,TRADE
VIC1,2025-06-21 08:15:00,6514.29,128.38,TRADE
VIC1,2025-06-21 08:20:00,6548.05,176.53,TRADE
VIC1,2025-06-21 08:25:00,6464.27,141.66,TRADE
VIC1,2025-06-21 08:30:00,6523.33,141.64,TRADE
VIC1,2025-06-21 08:35:00,6469.19,142.71,TRADE
VIC1,2025-06-21 08:40:00,6436.32,141.66,TRADE
VIC1,2025-06-21 08:45:00,6455.71,141.66,TRADE
VIC1,2025-06-21 08:50:00,6440.53,136.41,TRADE
VIC1,2025-06-21 08:55:00,6394.24,132.72,TRADE
VIC1,2025-06-21 09:00:00,6377.9,93.01,TRADE
VIC1,2025-06-21 09:05:00,6250.56,93.01,TRADE
VIC1,2025-06-21 09:10:00,6256.3,115.1,TRADE
VIC1,2025-06-21 09:15:00,6226.82,122.67,TRADE
VIC1,2025-06-21 09:20:00,6200.21,64.43,TRADE
VIC1,2025-06-21 09:25:00,6140.86,94.82,TRADE
VIC1,2025-06-21 09:30:00,6037.28,59.18,TRADE
VIC1,2025-06-21 09:35:00,5967.78,78.13,TRADE
VIC1,2025-06-21 09:40:00,5924.89,78.51,TRADE
VIC1,2025-06-21 09:45:00,5838.11,76.6,TRADE
VIC1,2025-06-21 09:50:00,5703.72,46.33,TRADE
VIC1,2025-06-21 09:55:00,5648.63,46.33,TRADE
VIC1,2025-06-21 10:00:00,5604.01,39.66,TRADE
VIC1,2025-06-21 10:05:00,5507.68,39.23,TRADE
VIC1,2025-06-21 10:10:00,5460.64,50.07,TRADE
VIC1,2025-06-21 10:15:00,5401.83,54.2,TRADE
VIC1,2025-06-21 10:20:00,5308.44,46.33,TRADE
VIC1,2025-06-21 10:25:00,5241.83,46.24,TRADE
VIC1,2025-06-21 10:30:00,5061.46,33.19,TRADE
VIC1,2025-06-21 10:35:00,4993.75,35.78,TRADE
VIC1,2025-06-21 10:40:00,4958.06,46.33,TRADE
VIC1,2025-06-21 10:45:00,4887.71,50.38,TRADE
VIC1,2025-06-21 10:50:00,4833.12,46.24,TRADE
VIC1,2025-06-21 10:55:00,4780.64,35.95,TRADE
VIC1,2025-06-21 11:00:00,4760.79,32.66,TRADE
VIC1,2025-06-21 11:05:00,4711.52,37.65,TRADE
VIC1,2025-06-21 11:10:00,4593.42,36.71,TRADE
VIC1,2025-06-21 11:15:00,4524.52,32.52,TRADE
VIC1,2025-06-21 11:20:00,4555.9,35.95,TRADE
VIC1,2025-06-21 11:25:00,4483.45,35.95,TRADE
VIC1,2025-06-21 11:30:00,4411.1,34.91,TRADE
VIC1,2025-06-21 11:35:00,4375.26,34.15,TRADE
VIC1,2025-06-21 11:40:00,4361.86,35.95,TRADE
VIC1,2025-06-21 11:45:00,4333.22,35.95,TRADE
VIC1,2025-06-21 11:50:00,4150.17,31.34,TRADE
VIC1,2025-06-21 11:55:00,4140.73,30.45,TRADE
VIC1,2025-06-21 12:00:00,4129.82,32.28,TRADE
VIC1,2025-06-21 12:05:00,4166.1,31.21,TRADE
VIC1,2025-06-21 12:10:00,4149.97,31.03,TRADE
VIC1,2025-06-21 12:15:00,4111.9,32.22,TRADE
VIC1,2025-06-21 12:20:00,4108.03,29.86,TRADE
VIC1,2025-06-21 12:25:00,4062.24,29.75,TRADE
VIC1,2025-06-21 12:30:00,4079.54,27.27,TRADE
VIC1,2025-06-21 12:35:00,4019.2,28.56,TRADE
VIC1,2025-06-21 12:40:00,4035.42,28.24,TRADE
VIC1,2025-06-21 12:45:00,3930.7,27.41,TRADE
VIC1,2025-06-21 12:50:00,3943.19,28.35,TRADE
VIC1,2025-06-21 12:55:00,4011.26,19.19,TRADE
VIC1,2025-06-21 13:00:00,3997.75,20.01,TRADE
VIC1,2025-06-21 13:05:00,3954.07,28.54,TRADE
VIC1,2025-06-21 13:10:00,4020.46,28.71,TRADE
VIC1,2025-06-21 13:15:00,4000.53,27.11,TRADE
VIC1,2025-06-21 13:20:00,4016.5,29.2,TRADE
VIC1,2025-06-21 13:25:00,3965.61,26.92,TRADE
VIC1,2025-06-21 13:30:00,3973.56,39.91,TRADE
VIC1,2025-06-21 13:35:00,4020.03,29.17,TRADE
VIC1,2025-06-21 13:40:00,4050.65,27.4,TRADE
VIC1,2025-06-21 13:45:00,4044.58,35.79,TRADE
VIC1,2025-06-21 13:50:00,4078.26,27.4,TRADE
VIC1,2025-06-21 13:55:00,4088.71,26.67,TRADE
VIC1,2025-06-21 14:00:00,4128.35,35.95,TRADE
VIC1,2025-06-21 14:05:00,4053.04,27.58,TRADE
VIC1,2025-06-21 14:10:00,4068.02,27.58,TRADE
VIC1,2025-06-21 14:15:00,4142.83,28.79,TRADE
VIC1,2025-06-21 14:20:00,4187.53,42.59,TRADE
VIC1,2025-06-21 14:25:00,4197.38,29.26,TRADE
VIC1,2025-06-21 14:30:00,4258.08,39.68,TRADE
VIC1,2025-06-21 14:35:00,4273.7,35.95,TRADE
VIC1,2025-06-21 14:40:00,4369.45,35.95,TRADE
VIC1,2025-06-21 14:45:00,4418.86,36.35,TRADE
VIC1,2025-06-21 14:50:00,4431.42,28.09,TRADE
VIC1,2025-06-21 14:55:00,4439.92,30.02,TRADE
VIC1,2025-06-21 15:00:00,4558.73,52.82,TRADE
VIC1,2025-06-21 15:05:00,4590.35,35.95,TRADE
VIC1,2025-06-21 15:10:00,4651.25,47.46,TRADE
VIC1,2025-06-21 15:15:00,4683.94,56.7,TRADE
VIC1,2025-06-21 15:20:00,4726.0,49.92,TRADE
VIC1,2025-06-21 15:25:00,4838.81,52.02,TRADE
VIC1,2025-06-21 15:30:00,4843.08,74.75,TRADE
VIC1,2025-06-21 15:35:00,4927.49,65.02,TRADE
VIC1,2025-06-21 15:40:00,5081.21,77.67,TRADE
VIC1,2025-06-21 15:45:00,5109.78,72.29,TRADE
VIC1,2025-06-21 15:50:00,5280.66,87.97,TRADE
VIC1,2025-06-21 15:55:00,5330.9,99.07,TRADE
VIC1,2025-06-21 16:00:00,5450.05,138.5,TRADE
VIC1,2025-06-21 16:05:00,5558.53,149.12,TRADE
VIC1,2025-06-21 16:10:00,5613.03,145.34,TRADE
VIC1,2025-06-21 16:15:00,5658.3,132.05,TRADE
VIC1,2025-06-21 16:20:00,5727.95,168.48,TRADE
VIC1,2025-06-21 16:25:00,5902.39,147.2,TRADE
VIC1,2025-06-21 16:30:00,5928.29,164.46,TRADE
VIC1,2025-06-21 16:35:00,6009.28,156.6,TRADE
VIC1,2025-06-21 16:40:00,6120.78,150.99,TRADE
VIC1,2025-06-21 16:45:00,6285.78,179.03,TRADE
VIC1,2025-06-21 16:50:00,6314.83,160.96,TRADE
VIC1,2025-06-21 16:55:00,6455.2,173.35,TRADE
VIC1,2025-06-21 17:00:00,6549.99,177.7,TRADE
VIC1,2025-06-21 17:05:00,6691.32,205.8,TRADE
VIC1,2025-06-21 17:10:00,6745.52,179.92,TRADE
VIC1,2025-06-21 17:15:00,6786.32,206.78,TRADE
VIC1,2025-06-21 17:20:00,6864.15,187.56,TRADE
VIC1,2025-06-21 17:25:00,6912.18,199.58,TRADE
VIC1,2025-06-21 17:30:00,6971.77,220.46,TRADE
VIC1,2025-06-21 17:35:00,7009.33,203.51,TRADE
VIC1,2025-06-21 17:40:00,7140.91,205.8,TRADE
VIC1,2025-06-21 17:45:00,7196.34,192.47,TRADE
VIC1,2025-06-21 17:50:00,7160.01,205.8,TRADE
VIC1,2025-06-21 17:55:00,7257.02,224.22,TRADE
VIC1,2025-06-21 18:00:00,7304.06,169.72,TRADE
VIC1,2025-06-21 18:05:00,7316.83,205.8,TRADE
VIC1,2025-06-21 18:10:00,7212.89,181.08,TRADE
VIC1,2025-06-21 18:15:00,7216.81,147.91,TRADE
VIC1,2025-06-21 18:20:00,7239.02,178.14,TRADE
VIC1,2025-06-21 18:25:00,7315.24,184.04,TRADE
VIC1,2025-06-21 18:30:00,7269.04,203.05,TRADE
VIC1,2025-06-21 18:35:00,7271.79,172.89,TRADE
VIC1,2025-06-21 18:40:00,7259.05,168.29,TRADE
VIC1,2025-06-21 18:45:00,7230.39,151.77,TRADE
VIC1,2025-06-21 18:50:00,7255.12,165.52,TRADE
VIC1,2025-06-21 18:55:00,7131.07,141.99,TRADE
VIC1,2025-06-21 19:00:00,7155.67,141.99,TRADE
VIC1,2025-06-21 19:05:00,7119.0,142.92,TRADE
VIC1,2025-06-21 19:10:00,7161.48,141.99,TRADE
VIC1,2025-06-21 19:15:00,7187.67,141.99,TRADE
VIC1,2025-06-21 19:20:00,7150.33,137.9,TRADE
VIC1,2025-06-21 19:25:00,7132.58,141.99,TRADE
VIC1,2025-06-21 19:30:00,7122.78,142.28,TRADE
VIC1,2025-06-21 19:35:00,7091.86,152.77,TRADE
VIC1,2025-06-21 19:40:00,7030.53,141.25,TRADE
VIC1,2025-06-21 19:45:00,7023.53,135.72,TRADE
VIC1,2025-06-21 19:50:00,7069.67,137.85,TRADE
VIC1,2025-06-21 19:55:00,7014.29,123.12,TRADE
VIC1,2025-06-21 20:00:00,6973.91,125.22,TRADE
VIC1,2025-06-21 20:05:00,7005.43,136.82,TRADE
VIC1,2025-06-21 20:10:00,6978.18,138.69,TRADE
VIC1,2025-06-21 20:15:00,6924.62,138.09,TRADE
VIC1,2025-06-21 20:20:00,6849.59,125.02,TRADE
VIC1,2025-06-21 20:25:00,6858.8,126.03,TRADE
VIC1,2025-06-21 20:30:00,6921.34,123.99,TRADE
VIC1,2025-06-21 20:35:00,6894.51,125.88,TRADE
VIC1,2025-06-21 20:40:00,6802.22,125.91,TRADE
VIC1,2025-06-21 20:45:00,6834.56,127.82,TRADE
VIC1,2025-06-21 20:50:00,6849.28,126.76,TRADE
VIC1,2025-06-21 20:55:00,6808.12,126.96,TRADE
VIC1,2025-06-21 21:00:00,6792.27,122.02,TRADE
VIC1,2025-06-21 21:05:00,6676.57,122.02,TRADE
VIC1,2025-06-21 21:10:00,6636.55,114.24,TRADE
VIC1,2025-06-21 21:15:00,6619.26,122.02,TRADE
VIC1,2025-06-21 21:20:00,6662.37,121.15,TRADE
VIC1,2025-06-21 21:25:00,6653.62,120.56,TRADE
VIC1,2025-06-21 21:30:00,6620.37,113.05,TRADE
VIC1,2025-06-21 21:35:00,6601.16,126.41,TRADE
VIC1,2025-06-21 21:40:00,6577.07,120.06,TRADE
VIC1,2025-06-21 21:45:00,6522.79,112.36,TRADE
VIC1,2025-06-21 21:50:00,6454.0,112.73,TRADE
VIC1,2025-06-21 21:55:00,6378.54,111.19,TRADE
VIC1,2025-06-21 22:00:00,6347.21,98.81,TRADE
VIC1,2025-06-21 22:05:00,6326.83,111.13,TRADE
VIC1,2025-06-21 22:10:00,6261.47,121.15,TRADE
VIC1,2025-06-21 22:15:00,6255.66,108.26,TRADE
VIC1,2025-06-21 22:20:00,6247.83,82.62,TRADE
VIC1,2025-06-21 22:25:00,6218.27,86.35,TRADE
VIC1,2025-06-21 22:30:00,6223.99,106.43,TRADE
VIC1,2025-06-21 22:35:00,6080.62,107.57,TRADE
VIC1,2025-06-21 22:40:00,6042.0,104.71,TRADE
VIC1,2025-06-21 22:45:00,6118.44,105.52,TRADE
VIC1,2025-06-21 22:50:00,6029.1,102.59,TRADE
VIC1,2025-06-21 22:55:00,5946.42,93.17,TRADE
VIC1,2025-06-21 23:00:00,5955.48,91.96,TRADE
VIC1,2025-06-21 23:05:00,5963.19,98.26,TRADE
VIC1,2025-06-21 23:10:00,6007.52,100.9,TRADE
VIC1,2025-06-21 23:15:00,5982.48,100.87,TRADE
VIC1,2025-06-21 23:20:00,5954.62,98.02,TRADE
VIC1,2025-06-21 23:25:00,6029.79,99.04,TRADE
VIC1,2025-06-21 23:30:00,5999.45,89.15,TRADE
VIC1,2025-06-21 23:35:00,5944.16,88.18,TRADE
VIC1,2025-06-21 23:40:00,5873.36,88.77,TRADE
VIC1,2025-06-21 23:45:00,5812.07,87.63,TRADE
VIC1,2025-06-21 23:50:00,5835.04,87.95,TRADE
VIC1,2025-06-21 23:55:00,5805.24,79.19,TRADE
VIC1,2025-06-22 00:00:00,5757.53,78.08,TRADE
VIC1,2025-06-22 00:05:00,5754.7,78.25,TRADE
VIC1,2025-06-22 00:10:00,5622.83,71.54,TRADE
VIC1,2025-06-22 00:15:00,5598.82,75.17,TRADE
VIC1,2025-06-22 00:20:00,5610.85,71.97,TRADE
VIC1,2025-06-22 00:25:00,5582.47,74.62,TRADE
VIC1,2025-06-22 00:30:00,5536.08,68.27,TRADE
VIC1,2025-06-22 00:35:00,5496.38,70.81,TRADE
VIC1,2025-06-22 00:40:00,5478.53,74.12,TRADE
VIC1,2025-06-22 00:45:00,5419.43,67.34,TRADE
VIC1,2025-06-22 00:50:00,5280.62,55.93,TRADE
VIC1,2025-06-22 00:55:00,5329.94,54.97,TRADE
VIC1,2025-06-22 01:00:00,5330.88,20.01,TRADE
VIC1,2025-06-22 01:05:00,5358.65,56.18,TRADE
VIC1,2025-06-22 01:10:00,5287.5,20.01,TRADE
VIC1,2025-06-22 01:15:00,5289.53,25.2,TRADE
VIC1,2025-06-22 01:20:00,5240.19,8.95,TRADE
VIC1,2025-06-22 01:25:00,5209.53,20.01,TRADE
VIC1,2025-06-22 01:30:00,5141.35,8.95,TRADE
VIC1,2025-06-22 01:35:00,5065.66,20.01,TRADE
VIC1,2025-06-22 01:40:00,5120.37,26.49,TRADE
VIC1,2025-06-22 01:45:00,5043.93,20.01,TRADE
VIC1,2025-06-22 01:50:00,5002.08,19.19,TRADE
VIC1,2025-06-22 01:55:00,4976.48,19.19,TRADE
VIC1,2025-06-22 02:00:00,4939.16,19.19,TRADE
VIC1,2025-06-22 02:05:00,4968.94,20.01,TRADE
VIC1,2025-06-22 02:10:00,4923.73,19.19,TRADE
VIC1,2025-06-22 02:15:00,4835.51,18.9,TRADE
VIC1,2025-06-22 02:20:00,4835.4,19.19,TRADE
VIC1,2025-06-22 02:25:00,4875.26,19.19,TRADE
VIC1,2025-06-22 02:30:00,4839.41,8.95,TRADE
VIC1,2025-06-22 02:35:00,4821.6,19.19,TRADE
VIC1,2025-06-22 02:40:00,4779.2,19.19,TRADE
VIC1,2025-06-22 02:45:00,4768.82,19.19,TRADE
VIC1,2025-06-22 02:50:00,4781.4,19.19,TRADE
VIC1,2025-06-22 02:55:00,4719.92,19.19,TRADE
VIC1,2025-06-22 03:00:00,4671.36,12.82,TRADE
VIC1,2025-06-22 03:05:00,4737.05,19.19,TRADE
VIC1,2025-06-22 03:10:00,4707.63,19.19,TRADE
VIC1,2025-06-22 03:15:00,4695.02,19.19,TRADE
VIC1,2025-06-22 03:20:00,4671.65,19.19,TRADE
VIC1,2025-06-22 03:25:00,4677.4,19.19,TRADE
VIC1,2025-06-22 03:30:00,4654.86,19.19,TRADE
VIC1,2025-06-22 03:35:00,4678.44,19.19,TRADE
VIC1,2025-06-22 03:40:00,4585.67,19.19,TRADE
VIC1,2025-06-22 03:45:00,4578.55,19.19,TRADE
VIC1,2025-06-22 03:50:00,4655.59,19.19,TRADE
VIC1,2025-06-22 03:55:00,4655.01,19.19,TRADE
VIC1,2025-06-22 04:00:00,4641.75,19.19,TRADE
VIC1,2025-06-22 04:05:00,4606.01,19.19,TRADE
VIC1,2025-06-22 04:10:00,4668.31,20.01,TRADE
VIC1,2025-06-22 04:15:00,4639.91,21.01,TRADE
VIC1,2025-06-22 04:20:00,4602.31,20.01,TRADE
VIC1,2025-06-22 04:25:00,4574.6,23.62,TRADE
VIC1,2025-06-22 04:30:00,4566.65,23.62,TRADE
VIC1,2025-06-22 04:35:00,4549.42,20.01,TRADE
VIC1,2025-06-22 04:40:00,4613.18,35.95,TRADE
VIC1,2025-06-22 04:45:00,4630.03,35.95,TRADE
VIC1,2025-06-22 04:50:00,4601.34,35.95,TRADE
VIC1,2025-06-22 04:55:00,4615.69,35.95,TRADE
VIC1,2025-06-22 05:00:00,4629.65,35.95,TRADE
VIC1,2025-06-22 05:05:00,4662.63,35.95,TRADE
VIC1,2025-06-22 05:10:00,4622.97,35.95,TRADE
VIC1,2025-06-22 05:15:00,4621.21,35.95,TRADE
VIC1,2025-06-22 05:20:00,4713.39,35.95,TRADE
VIC1,2025-06-22 05:25:00,4690.01,35.95,TRADE
VIC1,2025-06-22 05:30:00,4731.9,35.95,TRADE
VIC1,2025-06-22 05:35:00,4747.36,37.5,TRADE
VIC1,2025-06-22 05:40:00,4772.92,37.48,TRADE
VIC1,2025-06-22 05:45:00,4826.71,35.95,TRADE
VIC1,2025-06-22 05:50:00,4776.31,35.95,TRADE
VIC1,2025-06-22 05:55:00,4864.3,35.95,TRADE
VIC1,2025-06-22 06:00:00,4804.54,35.57,TRADE
VIC1,2025-06-22 06:05:00,4846.29,44.4,TRADE
VIC1,2025-06-22 06:10:00,4903.71,35.15,TRADE
VIC1,2025-06-22 06:15:00,4919.9,35.95,TRADE
VIC1,2025-06-22 06:20:00,4981.28,35.95,TRADE
VIC1,2025-06-22 06:25:00,5069.19,35.95,TRADE
VIC1,2025-06-22 06:30:00,5029.09,33.69,TRADE
VIC1,2025-06-22 06:35:00,5141.41,46.33,TRADE
VIC1,2025-06-22 06:40:00,5181.55,35.95,TRADE
VIC1,2025-06-22 06:45:00,5215.9,64.37,TRADE
VIC1,2025-06-22 06:50:00,5283.38,65.97,TRADE
VIC1,2025-06-22 06:55:00,5245.08,61.35,TRADE
VIC1,2025-06-22 07:00:00,5295.02,61.95,TRADE
VIC1,2025-06-22 07:05:00,5414.02,61.85,TRADE
VIC1,2025-06-22 07:10:00,5401.2,61.95,TRADE
VIC1,2025-06-22 07:15:00,5436.46,62.5,TRADE
VIC1,2025-06-22 07:20:00,5532.62,70.14,TRADE
VIC1,2025-06-22 07:25:00,5591.76,63.51,TRADE
VIC1,2025-06-22 07:30:00,5638.47,64.06,TRADE
VIC1,2025-06-22 07:35:00,5628.88,64.72,TRADE
VIC1,2025-06-22 07:40:00,5706.03,65.86,TRADE
VIC1,2025-06-22 07:45:00,5827.6,74.47,TRADE
VIC1,2025-06-22 07:50:00,5897.39,68.59,TRADE
VIC1,2025-06-22 07:55:00,5873.88,50.98,TRADE
VIC1,2025-06-22 08:00:00,5997.26,51.35,TRADE
VIC1,2025-06-22 08:05:00,6029.57,69.68,TRADE
VIC1,2025-06-22 08:10:00,6112.94,70.74,TRADE
VIC1,2025-06-22 08:15:00,6024.75,46.33,TRADE
VIC1,2025-06-22 08:20:00,6060.15,36.34,TRADE
VIC1,2025-06-22 08:25:00,6120.97,32.85,TRADE
VIC1,2025-06-22 08:30:00,6110.9,32.85,TRADE
VIC1,2025-06-22 08:35:00,5977.6,20.01,TRADE
VIC1,2025-06-22 08:40:00,6048.6,8.96,TRADE
VIC1,2025-06-22 08:45:00,6002.24,19.19,TRADE
VIC1,2025-06-22 08:50:00,5969.67,26.1,TRADE
VIC1,2025-06-22 08:55:00,5882.67,19.19,TRADE
VIC1,2025-06-22 09:00:00,5826.59,12.34,TRADE
VIC1,2025-06-22 09:05:00,5784.92,12.44,TRADE
VIC1,2025-06-22 09:10:00,5807.15,20.01,TRADE
VIC1,2025-06-22 09:15:00,5775.21,19.19,TRADE
VIC1,2025-06-22 09:20:00,5670.74,11.88,TRADE
VIC1,2025-06-22 09:25:00,5657.03,0.01,TRADE
VIC1,2025-06-22 09:30:00,5576.04,10.35,TRADE
VIC1,2025-06-22 09:35:00,5537.96,8.95,TRADE
VIC1,2025-06-22 09:40:00,5467.06,8.96,TRADE
VIC1,2025-06-22 09:45:00,5316.48,8.95,TRADE
VIC1,2025-06-22 09:50:00,5248.51,8.95,TRADE
VIC1,2025-06-22 09:55:00,5260.38,-13.66,TRADE
VIC1,2025-06-22 10:00:00,5194.85,-3.64,TRADE
VIC1,2025-06-22 10:05:00,5148.26,-7.31,TRADE
VIC1,2025-06-22 10:10:00,5113.75,13.86,TRADE
VIC1,2025-06-22 10:15:00,5096.76,69.13,TRADE
VIC1,2025-06-22 10:20:00,5067.16,31.64,TRADE
VIC1,2025-06-22 10:25:00,4908.44,30.85,TRADE
VIC1,2025-06-22 10:30:00,4836.73,31.65,TRADE
VIC1,2025-06-22 10:35:00,4859.21,53.51,TRADE
VIC1,2025-06-22 10:40:00,4707.5,8.96,TRADE
VIC1,2025-06-22 10:45:00,4712.61,29.19,TRADE
VIC1,2025-06-22 10:50:00,4691.86,-3.91,TRADE
VIC1,2025-06-22 10:55:00,4615.49,23.01,TRADE
VIC1,2025-06-22 11:00:00,4585.49,-13.52,TRADE
VIC1,2025-06-22 11:05:00,4506.49,-13.66,TRADE
VIC1,2025-06-22 11:10:00,4508.05,20.04,TRADE
VIC1,2025-06-22 11:15:00,4417.4,8.96,TRADE
VIC1,2025-06-22 11:20:00,4401.76,8.96,TRADE
VIC1,2025-06-22 11:25:00,4417.61,19.99,TRADE
VIC1,2025-06-22 11:30:00,4326.09,-4.72,TRADE
VIC1,2025-06-22 11:35:00,4329.32,0.01,TRADE
VIC1,2025-06-22 11:40:00,4372.82,0.01,TRADE
VIC1,2025-06-22 11:45:00,4232.42,-19.5,TRADE
VIC1,2025-06-22 11:50:00,4183.26,-13.52,TRADE
VIC1,2025-06-22 11:55:00,4135.33,-7.32,TRADE
VIC1,2025-06-22 12:00:00,4188.72,-17.5,TRADE
VIC1,2025-06-22 12:05:00,4160.96,-20.19,TRADE
VIC1,2025-06-22 12:10:00,4140.7,-19.97,TRADE
VIC1,2025-06-22 12:15:00,4150.31,-20.0,TRADE
VIC1,2025-06-22 12:20:00,4192.17,-19.99,TRADE
VIC1,2025-06-22 12:25:00,4133.7,-19.01,TRADE
VIC1,2025-06-22 12:30:00,4003.67,-17.0,TRADE
VIC1,2025-06-22 12:35:00,4007.18,-17.5,TRADE
VIC1,2025-06-22 12:40:00,4008.05,-13.52,TRADE
VIC1,2025-06-22 12:45:00,3992.09,-19.11,TRADE
VIC1,2025-06-22 12:50:00,3945.26,-19.5,TRADE
VIC1,2025-06-22 12:55:00,3851.22,-19.99,TRADE
VIC1,2025-06-22 13:00:00,3866.01,-19.97,TRADE
VIC1,2025-06-22 13:05:00,3910.94,-18.15,TRADE
VIC1,2025-06-22 13:10:00,3952.14,-19.99,TRADE
VIC1,2025-06-22 13:15:00,3928.48,-19.99,TRADE
VIC1,2025-06-22 13:20:00,3903.33,-20.0,TRADE
VIC1,2025-06-22 13:25:00,3877.65,-18.15,TRADE
VIC1,2025-06-22 13:30:00,3894.45,-21.25,TRADE
VIC1,2025-06-22 13:35:00,3793.03,-19.99,TRADE
VIC1,2025-06-22 13:40:00,3793.34,-20.0,TRADE
VIC1,2025-06-22 13:45:00,3891.42,-18.15,TRADE
VIC1,2025-06-22 13:50:00,3854.41,-20.19,TRADE
VIC1,2025-06-22 13:55:00,3779.83,-19.97,TRADE
VIC1,2025-06-22 14:00:00,3822.34,-21.25,TRADE
VIC1,2025-06-22 14:05:00,3824.22,-20.0,TRADE
VIC1,2025-06-22 14:10:00,3876.61,-20.0,TRADE
VIC1,2025-06-22 14:15:00,3760.47,-21.0,TRADE
VIC1,2025-06-22 14:20:00,3801.48,-21.99,TRADE
VIC1,2025-06-22 14:25:00,4002.98,-20.05,TRADE
VIC1,2025-06-22 14:30:00,4047.55,-20.01,TRADE
VIC1,2025-06-22 14:35:00,4207.92,-20.0,TRADE
VIC1,2025-06-22 14:40:00,4250.22,-19.97,TRADE
VIC1,2025-06-22 14:45:00,4297.87,-20.0,TRADE
VIC1,2025-06-22 14:50:00,4393.35,-20.0,TRADE
VIC1,2025-06-22 14:55:00,4447.14,-19.66,TRADE
VIC1,2025-06-22 15:00:00,4420.6,-17.0,TRADE
VIC1,2025-06-22 15:05:00,4538.38,-20.0,TRADE
VIC1,2025-06-22 15:10:00,4708.17,-20.01,TRADE
VIC1,2025-06-22 15:15:00,4861.36,-19.5,TRADE
VIC1,2025-06-22 15:20:00,4945.76,-17.0,TRADE
VIC1,2025-06-22 15:25:00,4973.39,-17.0,TRADE
VIC1,2025-06-22 15:30:00,4987.57,0.01,TRADE
VIC1,2025-06-22 15:35:00,5078.11,0.01,TRADE
VIC1,2025-06-22 15:40:00,5117.08,0.01,TRADE
VIC1,2025-06-22 15:45:00,5186.86,-13.52,TRADE
VIC1,2025-06-22 15:50:00,5248.63,8.95,TRADE
VIC1,2025-06-22 15:55:00,5459.57,71.62,TRADE
VIC1,2025-06-22 16:00:00,5532.6,103.06,TRADE
VIC1,2025-06-22 16:05:00,5597.73,74.46,TRADE
VIC1,2025-06-22 16:10:00,5681.1,73.8,TRADE
VIC1,2025-06-22 16:15:00,5785.66,86.52,TRADE
VIC1,2025-06-22 16:20:00,5872.38,82.88,TRADE
VIC1,2025-06-22 16:25:00,5948.29,86.11,TRADE
VIC1,2025-06-22 16:30:00,5966.48,104.23,TRADE
VIC1,2025-06-22 16:35:00,6072.13,105.92,TRADE
VIC1,2025-06-22 16:40:00,6168.41,108.67,TRADE
VIC1,2025-06-22 16:45:00,6206.83,112.18,TRADE
VIC1,2025-06-22 16:50:00,6312.3,119.58,TRADE
VIC1,2025-06-22 16:55:00,6349.14,134.76,TRADE
VIC1,2025-06-22 17:00:00,6421.59,124.09,TRADE
VIC1,2025-06-22 17:05:00,6416.02,106.23,TRADE
VIC1,2025-06-22 17:10:00,6501.68,111.62,TRADE
VIC1,2025-06-22 17:15:00,6646.77,141.66,TRADE
VIC1,2025-06-22 17:20:00,6720.39,141.66,TRADE
VIC1,2025-06-22 17:25:00,6750.73,141.99,TRADE
VIC1,2025-06-22 17:30:00,6883.76,156.84,TRADE
VIC1,2025-06-22 17:35:00,6992.02,156.79,TRADE
VIC1,2025-06-22 17:40:00,7049.94,160.03,TRADE
VIC1,2025-06-22 17:45:00,7108.79,172.32,TRADE
VIC1,2025-06-22 17:50:00,7033.17,156.43,TRADE
VIC1,2025-06-22 17:55:00,7112.8,150.84,TRADE
VIC1,2025-06-22 18:00:00,7199.99,155.46,TRADE
VIC1,2025-06-22 18:05:00,7204.84,141.99,TRADE
VIC1,2025-06-22 18:10:00,7203.88,152.63,TRADE
VIC1,2025-06-22 18:15:00,7207.87,153.58,TRADE
VIC1,2025-06-22 18:20:00,7206.43,144.0,TRADE
VIC1,2025-06-22 18:25:00,7223.18,146.34,TRADE
VIC1,2025-06-22 18:30:00,7139.65,141.99,TRADE
VIC1,2025-06-22 18:35:00,7095.7,137.25,TRADE
VIC1,2025-06-22 18:40:00,7124.04,138.17,TRADE
VIC1,2025-06-22 18:45:00,7129.27,141.99,TRADE
VIC1,2025-06-22 18:50:00,7104.65,139.31,TRADE
VIC1,2025-06-22 18:55:00,7028.01,134.65,TRADE
VIC1,2025-06-22 19:00:00,7091.41,141.99,TRADE
VIC1,2025-06-22 19:05:00,7027.6,114.67,TRADE
VIC1,2025-06-22 19:10:00,7054.0,115.25,TRADE
VIC1,2025-06-22 19:15:00,6921.57,105.98,TRADE
VIC1,2025-06-22 19:20:00,6906.42,105.28,TRADE
VIC1,2025-06-22 19:25:00,6948.25,105.26,TRADE
VIC1,2025-06-22 19:30:00,6902.93,104.43,TRADE
VIC1,2025-06-22 19:35:00,6942.61,106.94,TRADE
VIC1,2025-06-22 19:40:00,6895.65,105.16,TRADE
VIC1,2025-06-22 19:45:00,6836.11,103.56,TRADE
VIC1,2025-06-22 19:50:00,6874.16,104.46,TRADE
VIC1,2025-06-22 19:55:00,6848.8,125.35,TRADE
VIC1,2025-06-22 20:00:00,6826.77,103.63,TRADE
VIC1,2025-06-22 20:05:00,6744.39,102.0,TRADE
VIC1,2025-06-22 20:10:00,6716.73,101.81,TRADE
VIC1,2025-06-22 20:15:00,6672.46,100.98,TRADE
VIC1,2025-06-22 20:20:00,6641.08,100.87,TRADE
VIC1,2025-06-22 20:25:00,6688.49,102.6,TRADE
VIC1,2025-06-22 20:30:00,6605.78,91.81,TRADE
VIC1,2025-06-22 20:35:00,6540.44,99.98,TRADE
VIC1,2025-06-22 20:40:00,6499.65,100.72,TRADE
VIC1,2025-06-22 20:45:00,6535.5,101.43,TRADE
VIC1,2025-06-22 20:50:00,6482.58,100.75,TRADE
VIC1,2025-06-22 20:55:00,6495.0,94.83,TRADE
VIC1,2025-06-22 21:00:00,6388.29,89.6,TRADE
VIC1,2025-06-22 21:05:00,6235.25,79.28,TRADE
VIC1,2025-06-22 21:10:00,6307.7,79.27,TRADE
VIC1,2025-06-22 21:15:00,6270.48,70.36,TRADE
VIC1,2025-06-22 21:20:00,6170.07,20.01,TRADE
VIC1,2025-06-22 21:25:00,6182.27,20.01,TRADE
VIC1,2025-06-22 21:30:00,6090.64,8.95,TRADE
VIC1,2025-06-22 21:35:00,6077.63,8.95,TRADE
VIC1,2025-06-22 21:40:00,6028.79,8.95,TRADE
VIC1,2025-06-22 21:45:00,5900.61,0.37,TRADE
VIC1,2025-06-22 21:50:00,5866.7,8.94,TRADE
VIC1,2025-06-22 21:55:00,5817.98,8.95,TRADE
VIC1,2025-06-22 22:00:00,5798.01,8.95,TRADE
VIC1,2025-06-22 22:05:00,5666.51,0.01,TRADE
VIC1,2025-06-22 22:10:00,5648.46,7.95,TRADE
VIC1,2025-06-22 22:15:00,5580.04,8.95,TRADE
VIC1,2025-06-22 22:20:00,5549.97,8.95,TRADE
VIC1,2025-06-22 22:25:00,5405.24,0.01,TRADE
VIC1,2025-06-22 22:30:00,5451.59,8.95,TRADE
VIC1,2025-06-22 22:35:00,5404.48,8.95,TRADE
VIC1,2025-06-22 22:40:00,5338.16,7.95,TRADE
VIC1,2025-06-22 22:45:00,5312.39,8.95,TRADE
VIC1,2025-06-22 22:50:00,5308.81,8.95,TRADE
VIC1,2025-06-22 22:55:00,5243.65,8.95,TRADE
VIC1,2025-06-22 23:00:00,5155.64,8.02,TRADE
VIC1,2025-06-22 23:05:00,5180.69,0.01,TRADE
VIC1,2025-06-22 23:10:00,5361.66,20.48,TRADE
VIC1,2025-06-22 23:15:00,5372.28,8.95,TRADE
VIC1,2025-06-22 23:20:00,5347.98,8.95,TRADE
VIC1,2025-06-22 23:25:00,5337.9,8.59,TRADE
VIC1,2025-06-22 23:30:00,5327.85,8.41,TRADE
VIC1,2025-06-22 23:35:00,5319.28,0.77,TRADE
VIC1,2025-06-22 23:40:00,5168.64,-0.99,TRADE
VIC1,2025-06-22 23:45:00,5108.68,0.0,TRADE
VIC1,2025-06-22 23:50:00,5147.31,1.65,TRADE
VIC1,2025-06-22 23:55:00,5087.61,0.01,TRADE
VIC1,2025-06-28 00:00:00,5731.71,170.11,TRADE
VIC1,2025-06-28 00:05:00,5710.61,168.55,TRADE
VIC1,2025-06-28 00:10:00,5655.86,168.71,TRADE
VIC1,2025-06-28 00:15:00,5666.96,170.41,TRADE
VIC1,2025-06-28 00:20:00,5660.5,174.55,TRADE
VIC1,2025-06-28 00:25:00,5570.52,173.37,TRADE
VIC1,2025-06-28 00:30:00,5612.0,173.34,TRADE
VIC1,2025-06-28 00:35:00,5552.82,163.3,TRADE
VIC1,2025-06-28 00:40:00,5473.5,200.02,TRADE
VIC1,2025-06-28 00:45:00,5437.39,200.02,TRADE
VIC1,2025-06-28 00:50:00,5392.71,188.71,TRADE
VIC1,2025-06-28 00:55:00,5437.64,200.02,TRADE
VIC1,2025-06-28 01:00:00,5399.49,204.55,TRADE
VIC1,2025-06-28 01:05:00,5321.45,189.68,TRADE
VIC1,2025-06-28 01:10:00,5294.52,200.02,TRADE
VIC1,2025-06-28 01:15:00,5328.7,169.95,TRADE
VIC1,2025-06-28 01:20:00,5282.95,180.21,TRADE
VIC1,2025-06-28 01:25:00,5263.13,180.21,TRADE
VIC1,2025-06-28 01:30:00,5211.83,160.35,TRADE
VIC1,2025-06-28 01:35:00,5206.72,171.0,TRADE
VIC1,2025-06-28 01:40:00,5189.24,211.24,TRADE
VIC1,2025-06-28 01:45:00,5067.36,137.96,TRADE
VIC1,2025-06-28 01:50:00,5055.36,192.31,TRADE
VIC1,2025-06-28 01:55:00,5110.84,180.21,TRADE
VIC1,2025-06-28 02:00:00,5057.99,156.27,TRADE
VIC1,2025-06-28 02:05:00,5078.08,146.93,TRADE
VIC1,2025-06-28 02:10:00,5058.77,163.56,TRADE
VIC1,2025-06-28 02:15:00,5029.97,190.42,TRADE
VIC1,2025-06-28 02:20:00,5029.21,166.77,TRADE
VIC1,2025-06-28 02:25:00,5000.28,180.21,TRADE
VIC1,2025-06-28 02:30:00,4893.6,155.03,TRADE
VIC1,2025-06-28 02:35:00,4871.94,160.0,TRADE
VIC1,2025-06-28 02:40:00,4899.1,160.0,TRADE
VIC1,2025-06-28 02:45:00,4915.3,160.42,TRADE
VIC1,2025-06-28 02:50:00,4851.83,160.0,TRADE
VIC1,2025-06-28 02:55:00,4878.82,160.29,TRADE
VIC1,2025-06-28 03:00:00,4877.13,162.59,TRADE
VIC1,2025-06-28 03:05:00,4865.14,160.29,TRADE
VIC1,2025-06-28 03:10:00,4791.37,160.53,TRADE
VIC1,2025-06-28 03:15:00,4778.68,160.11,TRADE
VIC1,2025-06-28 03:20:00,4843.85,160.01,TRADE
VIC1,2025-06-28 03:25:00,4846.4,160.01,TRADE
VIC1,2025-06-28 03:30:00,4761.9,160.0,TRADE
VIC1,2025-06-28 03:35:00,4786.56,160.0,TRADE
VIC1,2025-06-28 03:40:00,4804.82,163.35,TRADE
VIC1,2025-06-28 03:45:00,4732.23,160.01,TRADE
VIC1,2025-06-28 03:50:00,4799.14,180.21,TRADE
VIC1,2025-06-28 03:55:00,4707.75,160.0,TRADE
VIC1,2025-06-28 04:00:00,4685.5,160.01,TRADE
VIC1,2025-06-28 04:05:00,4759.68,160.01,TRADE
VIC1,2025-06-28 04:10:00,4760.96,160.01,TRADE
VIC1,2025-06-28 04:15:00,4742.28,160.0,TRADE
VIC1,2025-06-28 04:20:00,4758.31,160.01,TRADE
VIC1,2025-06-28 04:25:00,4744.3,160.0,TRADE
VIC1,2025-06-28 04:30:00,4771.91,160.01,TRADE
VIC1,2025-06-28 04:35:00,4698.15,151.85,TRADE
VIC1,2025-06-28 04:40:00,4735.57,160.0,TRADE
VIC1,2025-06-28 04:45:00,4722.89,160.0,TRADE
VIC1,2025-06-28 04:50:00,4699.62,160.0,TRADE
VIC1,2025-06-28 04:55:00,4794.73,160.01,TRADE
VIC1,2025-06-28 05:00:00,4792.9,160.0,TRADE
VIC1,2025-06-28 05:05:00,4751.3,159.09,TRADE
VIC1,2025-06-28 05:10:00,4859.15,160.01,TRADE
VIC1,2025-06-28 05:15:00,4868.19,160.01,TRADE
VIC1,2025-06-28 05:20:00,4872.2,160.01,TRADE
VIC1,2025-06-28 05:25:00,4891.96,160.0,TRADE
VIC1,2025-06-28 05:30:00,4835.24,160.08,TRADE
VIC1,2025-06-28 05:35:00,4857.43,160.0,TRADE
VIC1,2025-06-28 05:40:00,4957.15,160.01,TRADE
VIC1,2025-06-28 05:45:00,5000.22,160.01,TRADE
VIC1,2025-06-28 05:50:00,4957.61,160.0,TRADE
VIC1,2025-06-28 05:55:00,5006.98,160.01,TRADE
VIC1,2025-06-28 06:00:00,5064.51,180.21,TRADE
VIC1,2025-06-28 06:05:00,5098.99,160.54,TRADE
VIC1,2025-06-28 06:10:00,5099.14,160.01,TRADE
VIC1,2025-06-28 06:15:00,5123.42,160.01,TRADE
VIC1,2025-06-28 06:20:00,5171.51,166.76,TRADE
VIC1,2025-06-28 06:25:00,5264.25,180.21,TRADE
VIC1,2025-06-28 06:30:00,5332.99,187.32,TRADE
VIC1,2025-06-28 06:35:00,5350.82,180.21,TRADE
VIC1,2025-06-28 06:40:00,5405.06,183.43,TRADE
VIC1,2025-06-28 06:45:00,5493.57,180.21,TRADE
VIC1,2025-06-28 06:50:00,5499.61,199.2,TRADE
VIC1,2025-06-28 06:55:00,5480.25,198.89,TRADE
VIC1,2025-06-28 07:00:00,5513.33,200.02,TRADE
VIC1,2025-06-28 07:05:00,5564.53,180.21,TRADE
VIC1,2025-06-28 07:10:00,5663.37,225.78,TRADE
VIC1,2025-06-28 07:15:00,5731.3,220.5,TRADE
VIC1,2025-06-28 07:20:00,5835.33,225.0,TRADE
VIC1,2025-06-28 07:25:00,5863.21,237.99,TRADE
VIC1,2025-06-28 07:30:00,5943.75,270.82,TRADE
VIC1,2025-06-28 07:35:00,5975.35,238.2,TRADE
VIC1,2025-06-28 07:40:00,6052.53,280.42,TRADE
VIC1,2025-06-28 07:45:00,6021.67,238.2,TRADE
VIC1,2025-06-28 07:50:00,6050.65,270.82,TRADE
VIC1,2025-06-28 07:55:00,6162.84,241.96,TRADE
VIC1,2025-06-28 08:00:00,6178.89,200.02,TRADE
VIC1,2025-06-28 08:05:00,6248.09,220.52,TRADE
VIC1,2025-06-28 08:10:00,6274.51,204.5,TRADE
VIC1,2025-06-28 08:15:00,6345.06,212.86,TRADE
VIC1,2025-06-28 08:20:00,6371.93,212.95,TRADE
VIC1,2025-06-28 08:25:00,6313.26,191.74,TRADE
VIC1,2025-06-28 08:30:00,6332.87,200.02,TRADE
VIC1,2025-06-28 08:35:00,6292.54,160.0,TRADE
VIC1,2025-06-28 08:40:00,6320.19,208.5,TRADE
VIC1,2025-06-28 08:45:00,6390.21,213.09,TRADE
VIC1,2025-06-28 08:50:00,6370.87,227.97,TRADE
VIC1,2025-06-28 08:55:00,6326.98,165.62,TRADE
VIC1,2025-06-28 09:00:00,6350.13,160.0,TRADE
VIC1,2025-06-28 09:05:00,6407.84,211.78,TRADE
VIC1,2025-06-28 09:10:00,6428.25,237.99,TRADE
VIC1,2025-06-28 09:15:00,6458.64,237.99,TRADE
VIC1,2025-06-28 09:20:00,6438.52,237.99,TRADE
VIC1,2025-06-28 09:25:00,6357.34,227.97,TRADE
VIC1,2025-06-28 09:30:00,6340.55,163.7,TRADE
VIC1,2025-06-28 09:35:00,6384.41,243.53,TRADE
VIC1,2025-06-28 09:40:00,6340.51,310.05,TRADE
VIC1,2025-06-28 09:45:00,6308.14,238.2,TRADE
VIC1,2025-06-28 09:50:00,6276.76,238.2,TRADE
VIC1,2025-06-28 09:55:00,6238.42,237.99,TRADE
VIC1,2025-06-28 10:00:00,6180.35,237.99,TRADE
VIC1,2025-06-28 10:05:00,6075.27,238.2,TRADE
VIC1,2025-06-28 10:10:00,6098.32,288.33,TRADE
VIC1,2025-06-28 10:15:00,6031.22,261.52,TRADE
VIC1,2025-06-28 10:20:00,6061.43,238.2,TRADE
VIC1,2025-06-28 10:25:00,6054.31,238.2,TRADE
VIC1,2025-06-28 10:30:00,5995.13,237.99,TRADE
VIC1,2025-06-28 10:35:00,5965.45,238.2,TRADE
VIC1,2025-06-28 10:40:00,5931.52,289.34,TRADE
VIC1,2025-06-28 10:45:00,5872.28,266.96,TRADE
VIC1,2025-06-28 10:50:00,5732.45,205.41,TRADE
VIC1,2025-06-28 10:55:00,5742.39,212.04,TRADE
VIC1,2025-06-28 11:00:00,5763.34,160.92,TRADE
VIC1,2025-06-28 11:05:00,5710.43,159.88,TRADE
VIC1,2025-06-28 11:10:00,5723.17,164.96,TRADE
VIC1,2025-06-28 11:15:00,5632.01,174.69,TRADE
VIC1,2025-06-28 11:20:00,5591.14,222.93,TRADE
VIC1,2025-06-28 11:25:00,5523.01,171.44,TRADE
VIC1,2025-06-28 11:30:00,5468.75,206.74,TRADE
VIC1,2025-06-28 11:35:00,5497.14,235.12,TRADE
VIC1,2025-06-28 11:40:00,5476.62,192.39,TRADE
VIC1,2025-06-28 11:45:00,5456.27,241.96,TRADE
VIC1,2025-06-28 11:50:00,5415.41,170.09,TRADE
VIC1,2025-06-28 11:55:00,5327.5,235.12,TRADE
VIC1,2025-06-28 12:00:00,5274.62,170.47,TRADE
VIC1,2025-06-28 12:05:00,5304.59,135.54,TRADE
VIC1,2025-06-28 12:10:00,5289.49,235.12,TRADE
VIC1,2025-06-28 12:15:00,5099.59,163.32,TRADE
VIC1,2025-06-28 12:20:00,5143.73,165.85,TRADE
VIC1,2025-06-28 12:25:00,5104.98,167.3,TRADE
VIC1,2025-06-28 12:30:00,5051.39,163.28,TRADE
VIC1,2025-06-28 12:35:00,5019.46,160.0,TRADE
VIC1,2025-06-28 12:40:00,4936.44,161.72,TRADE
VIC1,2025-06-28 12:45:00,4906.87,128.71,TRADE
VIC1,2025-06-28 12:50:00,4863.26,106.12,TRADE
VIC1,2025-06-28 12:55:00,4867.58,105.85,TRADE
VIC1,2025-06-28 13:00:00,4816.83,145.57,TRADE
VIC1,2025-06-28 13:05:00,4761.49,145.57,TRADE
VIC1,2025-06-28 13:10:00,4833.93,108.59,TRADE
VIC1,2025-06-28 13:15:00,4724.88,71.21,TRADE
VIC1,2025-06-28 13:20:00,4746.95,130.37,TRADE
VIC1,2025-06-28 13:25:00,4765.68,118.56,TRADE
VIC1,2025-06-28 13:30:00,4764.28,89.0,TRADE
VIC1,2025-06-28 13:35:00,4796.92,129.19,TRADE
VIC1,2025-06-28 13:40:00,4707.36,90.0,TRADE
VIC1,2025-06-28 13:45:00,4724.93,102.56,TRADE
VIC1,2025-06-28 13:50:00,4806.31,119.67,TRADE
VIC1,2025-06-28 13:55:00,4819.4,115.83,TRADE
VIC1,2025-06-28 14:00:00,4800.56,90.0,TRADE
VIC1,2025-06-28 14:05:00,4849.42,106.47,TRADE
VIC1,2025-06-28 14:10:00,4813.45,109.72,TRADE
VIC1,2025-06-28 14:15:00,4792.0,68.92,TRADE
VIC1,2025-06-28 14:20:00,4741.67,56.67,TRADE
VIC1,2025-06-28 14:25:00,4743.85,56.67,TRADE
VIC1,2025-06-28 14:30:00,4833.02,56.72,TRADE
VIC1,2025-06-28 14:35:00,4820.49,60.8,TRADE
VIC1,2025-06-28 14:40:00,4813.52,57.32,TRADE
VIC1,2025-06-28 14:45:00,4824.03,55.51,TRADE
VIC1,2025-06-28 14:50:00,4860.24,56.15,TRADE
VIC1,2025-06-28 14:55:00,4869.43,59.43,TRADE
VIC1,2025-06-28 15:00:00,4807.08,82.22,TRADE
VIC1,2025-06-28 15:05:00,4868.26,83.41,TRADE
VIC1,2025-06-28 15:10:00,4936.05,108.95,TRADE
VIC1,2025-06-28 15:15:00,4987.15,98.86,TRADE
VIC1,2025-06-28 15:20:00,5024.67,110.33,TRADE
VIC1,2025-06-28 15:25:00,5091.97,120.44,TRADE
VIC1,2025-06-28 15:30:00,5176.97,112.03,TRADE
VIC1,2025-06-28 15:35:00,5264.36,119.79,TRADE
VIC1,2025-06-28 15:40:00,5265.17,98.2,TRADE
VIC1,2025-06-28 15:45:00,5345.11,137.96,TRADE
VIC1,2025-06-28 15:50:00,5468.66,180.21,TRADE
VIC1,2025-06-28 15:55:00,5518.44,160.58,TRADE
VIC1,2025-06-28 16:00:00,5532.91,200.02,TRADE
VIC1,2025-06-28 16:05:00,5647.78,167.92,TRADE
VIC1,2025-06-28 16:10:00,5755.04,178.59,TRADE
VIC1,2025-06-28 16:15:00,5784.13,196.18,TRADE
VIC1,2025-06-28 16:20:00,5778.2,200.6,TRADE
VIC1,2025-06-28 16:25:00,5871.71,281.2,TRADE
VIC1,2025-06-28 16:30:00,5997.84,247.51,TRADE
VIC1,2025-06-28 16:35:00,6087.36,267.23,TRADE
VIC1,2025-06-28 16:40:00,6094.31,261.45,TRADE
VIC1,2025-06-28 16:45:00,6237.51,270.82,TRADE
VIC1,2025-06-28 16:50:00,6321.9,260.23,TRADE
VIC1,2025-06-28 16:55:00,6413.97,260.82,TRADE
VIC1,2025-06-28 17:00:00,6522.89,281.91,TRADE
VIC1,2025-06-28 17:05:00,6490.99,245.24,TRADE
VIC1,2025-06-28 17:10:00,6576.02,247.9,TRADE
VIC1,2025-06-28 17:15:00,6647.23,270.55,TRADE
VIC1,2025-06-28 17:20:00,6791.41,270.82,TRADE
VIC1,2025-06-28 17:25:00,6784.0,271.57,TRADE
VIC1,2025-06-28 17:30:00,6866.29,270.14,TRADE
VIC1,2025-06-28 17:35:00,6987.96,274.91,TRADE
VIC1,2025-06-28 17:40:00,7040.15,277.0,TRADE
VIC1,2025-06-28 17:45:00,7121.51,252.8,TRADE
VIC1,2025-06-28 17:50:00,7134.37,271.57,TRADE
VIC1,2025-06-28 17:55:00,7060.95,270.82,TRADE
VIC1,2025-06-28 18:00:00,7043.28,272.41,TRADE
VIC1,2025-06-28 18:05:00,7065.19,266.69,TRADE
VIC1,2025-06-28 18:10:00,7105.52,265.05,TRADE
VIC1,2025-06-28 18:15:00,7099.58,273.4,TRADE
VIC1,2025-06-28 18:20:00,7088.19,275.54,TRADE
VIC1,2025-06-28 18:25:00,7102.56,273.83,TRADE
VIC1,2025-06-28 18:30:00,7075.9,270.98,TRADE
VIC1,2025-06-28 18:35:00,7067.62,271.75,TRADE
VIC1,2025-06-28 18:40:00,6963.66,267.01,TRADE
VIC1,2025-06-28 18:45:00,6940.96,241.13,TRADE
VIC1,2025-06-28 18:50:00,6989.88,242.96,TRADE
VIC1,2025-06-28 18:55:00,6911.29,238.65,TRADE
VIC1,2025-06-28 19:00:00,6957.19,238.02,TRADE
VIC1,2025-06-28 19:05:00,6948.31,273.7,TRADE
VIC1,2025-06-28 19:10:00,6926.7,238.2,TRADE
VIC1,2025-06-28 19:15:00,6903.79,227.42,TRADE
VIC1,2025-06-28 19:20:00,6894.65,207.78,TRADE
VIC1,2025-06-28 19:25:00,6918.24,270.82,TRADE
VIC1,2025-06-28 19:30:00,6758.81,205.51,TRADE
VIC1,2025-06-28 19:35:00,6866.08,265.97,TRADE
VIC1,2025-06-28 19:40:00,6809.76,210.66,TRADE
VIC1,2025-06-28 19:45:00,6817.81,238.2,TRADE
VIC1,2025-06-28 19:50:00,6763.8,224.26,TRADE
VIC1,2025-06-28 19:55:00,6772.44,277.54,TRADE
VIC1,2025-06-28 20:00:00,6723.8,173.02,TRADE
VIC1,2025-06-28 20:05:00,6721.3,270.82,TRADE
VIC1,2025-06-28 20:10:00,6593.91,216.67,TRADE
VIC1,2025-06-28 20:15:00,6581.67,238.24,TRADE
VIC1,2025-06-28 20:20:00,6661.71,270.66,TRADE
VIC1,2025-06-28 20:25:00,6623.78,268.55,TRADE
VIC1,2025-06-28 20:30:00,6599.05,268.5,TRADE
VIC1,2025-06-28 20:35:00,6578.51,270.85,TRADE
VIC1,2025-06-28 20:40:00,6570.03,267.73,TRADE
VIC1,2025-06-28 20:45:00,6578.36,201.91,TRADE
VIC1,2025-06-28 20:50:00,6462.45,178.76,TRADE
VIC1,2025-06-28 20:55:00,6447.43,214.38,TRADE
VIC1,2025-06-28 21:00:00,6468.09,175.8,TRADE
VIC1,2025-06-28 21:05:00,6470.42,181.61,TRADE
VIC1,2025-06-28 21:10:00,6360.02,213.62,TRADE
VIC1,2025-06-28 21:15:00,6412.22,221.37,TRADE
VIC1,2025-06-28 21:20:00,6398.86,199.52,TRADE
VIC1,2025-06-28 21:25:00,6365.61,185.12,TRADE
VIC1,2025-06-28 21:30:00,6285.41,214.47,TRADE
VIC1,2025-06-28 21:35:00,6252.7,267.29,TRADE
VIC1,2025-06-28 21:40:00,6279.28,251.68,TRADE
VIC1,2025-06-28 21:45:00,6273.13,217.87,TRADE
VIC1,2025-06-28 21:50:00,6211.26,245.9,TRADE
VIC1,2025-06-28 21:55:00,6190.74,199.18,TRADE
VIC1,2025-06-28 22:00:00,6185.59,189.4,TRADE
VIC1,2025-06-28 22:05:00,6137.06,253.66,TRADE
VIC1,2025-06-28 22:10:00,6028.25,220.33,TRADE
VIC1,2025-06-28 22:15:00,5998.04,174.97,TRADE
VIC1,2025-06-28 22:20:00,6017.88,172.09,TRADE
VIC1,2025-06-28 22:25:00,6039.66,226.2,TRADE
VIC1,2025-06-28 22:30:00,5957.35,161.69,TRADE
VIC1,2025-06-28 22:35:00,5935.78,260.81,TRADE
VIC1,2025-06-28 22:40:00,5920.64,202.66,TRADE
VIC1,2025-06-28 22:45:00,5877.66,173.59,TRADE
VIC1,2025-06-28 22:50:00,5853.37,156.36,TRADE
VIC1,2025-06-28 22:55:00,5726.51,227.97,TRADE
VIC1,2025-06-28 23:00:00,5691.82,204.52,TRADE
VIC1,2025-06-28 23:05:00,5836.24,208.03,TRADE
VIC1,2025-06-28 23:10:00,5920.49,209.58,TRADE
VIC1,2025-06-28 23:15:00,5927.99,267.84,TRADE
VIC1,2025-06-28 23:20:00,5898.78,263.27,TRADE
VIC1,2025-06-28 23:25:00,5910.23,213.8,TRADE
VIC1,2025-06-28 23:30:00,5904.8,227.97,TRADE
VIC1,2025-06-28 23:35:00,5821.34,227.97,TRADE
VIC1,2025-06-28 23:40:00,5744.47,235.65,TRADE
VIC1,2025-06-28 23:45:00,5761.2,150.13,TRADE
VIC1,2025-06-28 23:50:00,5754.72,180.14,TRADE
VIC1,2025-06-28 23:55:00,5630.33,180.28,TRADE
VIC1,2025-06-29 00:00:00,5622.93,183.06,TRADE
VIC1,2025-06-29 00:05:00,5658.02,160.0,TRADE
VIC1,2025-06-29 00:10:00,5643.36,215.7,TRADE
VIC1,2025-06-29 00:15:00,5530.67,227.97,TRADE
VIC1,2025-06-29 00:20:00,5485.02,185.83,TRADE
VIC1,2025-06-29 00:25:00,5518.21,184.07,TRADE
VIC1,2025-06-29 00:30:00,5482.2,180.82,TRADE
VIC1,2025-06-29 00:35:00,5475.56,157.8,TRADE
VIC1,2025-06-29 00:40:00,5423.63,274.08,TRADE
VIC1,2025-06-29 00:45:00,5398.31,188.0,TRADE
VIC1,2025-06-29 00:50:00,5377.39,266.18,TRADE
VIC1,2025-06-29 00:55:00,5346.21,206.04,TRADE
VIC1,2025-06-29 01:00:00,5251.38,165.35,TRADE
VIC1,2025-06-29 01:05:00,5205.67,178.38,TRADE
VIC1,2025-06-29 01:10:00,5230.09,271.77,TRADE
VIC1,2025-06-29 01:15:00,5250.94,183.19,TRADE
VIC1,2025-06-29 01:20:00,5216.74,160.45,TRADE
VIC1,2025-06-29 01:25:00,5194.56,182.08,TRADE
VIC1,2025-06-29 01:30:00,5179.41,158.5,TRADE
VIC1,2025-06-29 01:35:00,5140.7,199.69,TRADE
VIC1,2025-06-29 01:40:00,4988.66,166.84,TRADE
VIC1,2025-06-29 01:45:00,4987.4,213.03,TRADE
VIC1,2025-06-29 01:50:00,4949.96,187.3,TRADE
VIC1,2025-06-29 01:55:00,4967.84,160.0,TRADE
VIC1,2025-06-29 02:00:00,4976.89,186.35,TRADE
VIC1,2025-06-29 02:05:00,4957.21,190.68,TRADE
VIC1,2025-06-29 02:10:00,4945.32,196.6,TRADE
VIC1,2025-06-29 02:15:00,4904.08,192.19,TRADE
VIC1,2025-06-29 02:20:00,4884.22,191.98,TRADE
VIC1,2025-06-29 02:25:00,4815.16,171.2,TRADE
VIC1,2025-06-29 02:30:00,4785.84,160.0,TRADE
VIC1,2025-06-29 02:35:00,4833.38,169.75,TRADE
VIC1,2025-06-29 02:40:00,4758.14,167.03,TRADE
VIC1,2025-06-29 02:45:00,4735.93,153.59,TRADE
VIC1,2025-06-29 02:50:00,4770.25,171.1,TRADE
VIC1,2025-06-29 02:55:00,4748.85,156.99,TRADE
VIC1,2025-06-29 03:00:00,4742.91,160.0,TRADE
VIC1,2025-06-29 03:05:00,4739.99,154.23,TRADE
VIC1,2025-06-29 03:10:00,4649.88,168.47,TRADE
VIC1,2025-06-29 03:15:00,4721.06,160.0,TRADE
VIC1,2025-06-29 03:20:00,4650.44,156.41,TRADE
VIC1,2025-06-29 03:25:00,4723.54,160.0,TRADE
VIC1,2025-06-29 03:30:00,4632.51,160.0,TRADE
VIC1,2025-06-29 03:35:00,4693.87,160.0,TRADE
VIC1,2025-06-29 03:40:00,4686.68,160.0,TRADE
VIC1,2025-06-29 03:45:00,4696.02,151.62,TRADE
VIC1,2025-06-29 03:50:00,4677.87,151.61,TRADE
VIC1,2025-06-29 03:55:00,4599.18,150.72,TRADE
VIC1,2025-06-29 04:00:00,4583.5,149.0,TRADE
VIC1,2025-06-29 04:05:00,4651.87,116.2,TRADE
VIC1,2025-06-29 04:10:00,4659.89,137.46,TRADE
VIC1,2025-06-29 04:15:00,4632.94,97.74,TRADE
VIC1,2025-06-29 04:20:00,4630.6,108.24,TRADE
VIC1,2025-06-29 04:25:00,4635.58,107.5,TRADE
VIC1,2025-06-29 04:30:00,4651.24,108.16,TRADE
VIC1,2025-06-29 04:35:00,4562.72,108.2,TRADE
VIC1,2025-06-29 04:40:00,4580.23,150.28,TRADE
VIC1,2025-06-29 04:45:00,4569.02,118.46,TRADE
VIC1,2025-06-29 04:50:00,4601.84,135.96,TRADE
VIC1,2025-06-29 04:55:00,4647.59,130.98,TRADE
VIC1,2025-06-29 05:00:00,4645.92,151.32,TRADE
VIC1,2025-06-29 05:05:00,4606.53,149.45,TRADE
VIC1,2025-06-29 05:10:00,4713.92,159.98,TRADE
VIC1,2025-06-29 05:15:00,4731.61,160.0,TRADE
VIC1,2025-06-29 05:20:00,4743.46,160.0,TRADE
VIC1,2025-06-29 05:25:00,4765.47,163.22,TRADE
VIC1,2025-06-29 05:30:00,4750.22,162.68,TRADE
VIC1,2025-06-29 05:35:00,4705.4,147.36,TRADE
VIC1,2025-06-29 05:40:00,4779.51,164.39,TRADE
VIC1,2025-06-29 05:45:00,4806.53,165.6,TRADE
VIC1,2025-06-29 05:50:00,4855.28,159.27,TRADE
VIC1,2025-06-29 05:55:00,4764.2,152.11,TRADE
VIC1,2025-06-29 06:00:00,4843.04,160.0,TRADE
VIC1,2025-06-29 06:05:00,4877.91,162.86,TRADE
VIC1,2025-06-29 06:10:00,4934.13,144.56,TRADE
VIC1,2025-06-29 06:15:00,4960.42,163.76,TRADE
VIC1,2025-06-29 06:20:00,4923.46,156.96,TRADE
VIC1,2025-06-29 06:25:00,4957.54,147.19,TRADE
VIC1,2025-06-29 06:30:00,4980.72,159.22,TRADE
VIC1,2025-06-29 06:35:00,5008.07,153.58,TRADE
VIC1,2025-06-29 06:40:00,5058.24,159.22,TRADE
VIC1,2025-06-29 06:45:00,5093.47,139.41,TRADE
VIC1,2025-06-29 06:50:00,5092.63,181.6,TRADE
VIC1,2025-06-29 06:55:00,5154.04,176.04,TRADE
VIC1,2025-06-29 07:00:00,5201.76,159.22,TRADE
VIC1,2025-06-29 07:05:00,5217.75,178.82,TRADE
VIC1,2025-06-29 07:10:00,5200.21,177.42,TRADE
VIC1,2025-06-29 07:15:00,5287.56,180.1,TRADE
VIC1,2025-06-29 07:20:00,5330.0,237.99,TRADE
VIC1,2025-06-29 07:25:00,5413.43,242.84,TRADE
VIC1,2025-06-29 07:30:00,5486.84,248.42,TRADE
VIC1,2025-06-29 07:35:00,5483.09,176.51,TRADE
VIC1,2025-06-29 07:40:00,5553.26,227.97,TRADE
VIC1,2025-06-29 07:45:00,5576.68,227.97,TRADE
VIC1,2025-06-29 07:50:00,5611.84,239.86,TRADE
VIC1,2025-06-29 07:55:00,5662.15,227.97,TRADE
VIC1,2025-06-29 08:00:00,5617.74,179.71,TRADE
VIC1,2025-06-29 08:05:00,5651.05,161.4,TRADE
VIC1,2025-06-29 08:10:00,5680.77,159.75,TRADE
VIC1,2025-06-29 08:15:00,5715.58,157.99,TRADE
VIC1,2025-06-29 08:20:00,5760.11,155.25,TRADE
VIC1,2025-06-29 08:25:00,5773.22,161.82,TRADE
VIC1,2025-06-29 08:30:00,5744.5,148.86,TRADE
VIC1,2025-06-29 08:35:00,5834.8,170.35,TRADE
VIC1,2025-06-29 08:40:00,5851.68,175.63,TRADE
VIC1,2025-06-29 08:45:00,5862.55,178.26,TRADE
VIC1,2025-06-29 08:50:00,5857.35,160.0,TRADE
VIC1,2025-06-29 08:55:00,5849.91,173.7,TRADE
VIC1,2025-06-29 09:00:00,5777.3,151.96,TRADE
VIC1,2025-06-29 09:05:00,5835.18,164.45,TRADE
VIC1,2025-06-29 09:10:00,5879.25,176.63,TRADE
VIC1,2025-06-29 09:15:00,5825.99,177.99,TRADE
VIC1,2025-06-29 09:20:00,5809.82,181.77,TRADE
VIC1,2025-06-29 09:25:00,5861.77,179.48,TRADE
VIC1,2025-06-29 09:30:00,5844.41,184.32,TRADE
VIC1,2025-06-29 09:35:00,5865.25,166.38,TRADE
VIC1,2025-06-29 09:40:00,5813.49,187.04,TRADE
VIC1,2025-06-29 09:45:00,5790.44,188.27,TRADE
VIC1,2025-06-29 09:50:00,5776.38,168.56,TRADE
VIC1,2025-06-29 09:55:00,5798.13,191.11,TRADE
VIC1,2025-06-29 10:00:00,5716.56,167.01,TRADE
VIC1,2025-06-29 10:05:00,5700.3,216.66,TRADE
VIC1,2025-06-29 10:10:00,5741.0,270.82,TRADE
VIC1,2025-06-29 10:15:00,5664.51,235.54,TRADE
VIC1,2025-06-29 10:20:00,5593.6,225.82,TRADE
VIC1,2025-06-29 10:25:00,5642.14,227.97,TRADE
VIC1,2025-06-29 10:30:00,5596.22,222.01,TRADE
VIC1,2025-06-29 10:35:00,5568.15,160.01,TRADE
VIC1,2025-06-29 10:40:00,5555.85,227.97,TRADE
VIC1,2025-06-29 10:45:00,5567.23,211.36,TRADE
VIC1,2025-06-29 10:50:00,5531.33,233.56,TRADE
VIC1,2025-06-29 10:55:00,5459.76,231.93,TRADE
VIC1,2025-06-29 11:00:00,5422.91,233.76,TRADE
VIC1,2025-06-29 11:05:00,5467.87,235.12,TRADE
VIC1,2025-06-29 11:10:00,5553.92,235.12,TRADE
VIC1,2025-06-29 11:15:00,5524.91,233.51,TRADE
VIC1,2025-06-29 11:20:00,5481.76,188.64,TRADE
VIC1,2025-06-29 11:25:00,5500.92,227.97,TRADE
VIC1,2025-06-29 11:30:00,5446.57,159.22,TRADE
VIC1,2025-06-29 11:35:00,5401.64,175.43,TRADE
VIC1,2025-06-29 11:40:00,5359.21,172.5,TRADE
VIC1,2025-06-29 11:45:00,5375.41,140.82,TRADE
VIC1,2025-06-29 11:50:00,5371.87,159.22,TRADE
VIC1,2025-06-29 11:55:00,5347.75,159.88,TRADE
VIC1,2025-06-29 12:00:00,5336.59,159.88,TRADE
VIC1,2025-06-29 12:05:00,5321.65,159.88,TRADE
VIC1,2025-06-29 12:10:00,5291.6,159.88,TRADE
VIC1,2025-06-29 12:15:00,5290.23,159.88,TRADE
VIC1,2025-06-29 12:20:00,5215.15,159.22,TRADE
VIC1,2025-06-29 12:25:00,5191.35,159.88,TRADE
VIC1,2025-06-29 12:30:00,5207.33,132.72,TRADE
VIC1,2025-06-29 12:35:00,5153.37,103.32,TRADE
VIC1,2025-06-29 12:40:00,5252.63,126.11,TRADE
VIC1,2025-06-29 12:45:00,5217.51,101.53,TRADE
VIC1,2025-06-29 12:50:00,5147.62,159.88,TRADE
VIC1,2025-06-29 12:55:00,5208.53,180.63,TRADE
VIC1,2025-06-29 13:00:00,5219.34,160.0,TRADE
VIC1,2025-06-29 13:05:00,5205.86,174.07,TRADE
VIC1,2025-06-29 13:10:00,5213.29,179.37,TRADE
VIC1,2025-06-29 13:15:00,5124.43,176.27,TRADE
VIC1,2025-06-29 13:20:00,5139.13,159.78,TRADE
VIC1,2025-06-29 13:25:00,5130.14,160.0,TRADE
VIC1,2025-06-29 13:30:00,5124.77,133.65,TRADE
VIC1,2025-06-29 13:35:00,5173.19,181.3,TRADE
VIC1,2025-06-29 13:40:00,5119.09,150.89,TRADE
VIC1,2025-06-29 13:45:00,5151.06,206.99,TRADE
VIC1,2025-06-29 13:50:00,5154.86,182.95,TRADE
VIC1,2025-06-29 13:55:00,5214.11,227.97,TRADE
VIC1,2025-06-29 14:00:00,5125.9,122.02,TRADE
VIC1,2025-06-29 14:05:00,5131.42,153.37,TRADE
VIC1,2025-06-29 14:10:00,5146.9,123.21,TRADE
VIC1,2025-06-29 14:15:00,5186.8,157.8,TRADE
VIC1,2025-06-29 14:20:00,5149.35,183.8,TRADE
VIC1,2025-06-29 14:25:00,5076.76,129.9,TRADE
VIC1,2025-06-29 14:30:00,5163.84,179.12,TRADE
VIC1,2025-06-29 14:35:00,5158.37,160.0,TRADE
VIC1,2025-06-29 14:40:00,5167.83,121.23,TRADE
VIC1,2025-06-29 14:45:00,5126.46,128.05,TRADE
VIC1,2025-06-29 14:50:00,5143.55,162.21,TRADE
VIC1,2025-06-29 14:55:00,5168.45,162.8,TRADE
VIC1,2025-06-29 15:00:00,5219.08,180.21,TRADE
VIC1,2025-06-29 15:05:00,5245.53,150.89,TRADE
VIC1,2025-06-29 15:10:00,5265.18,160.0,TRADE
VIC1,2025-06-29 15:15:00,5285.23,182.18,TRADE
VIC1,2025-06-29 15:20:00,5283.34,186.74,TRADE
VIC1,2025-06-29 15:25:00,5325.52,175.5,TRADE
VIC1,2025-06-29 15:30:00,5384.96,202.64,TRADE
VIC1,2025-06-29 15:35:00,5417.04,190.94,TRADE
VIC1,2025-06-29 15:40:00,5468.21,178.36,TRADE
VIC1,2025-06-29 15:45:00,5536.03,198.26,TRADE
VIC1,2025-06-29 15:50:00,5623.09,204.9,TRADE
VIC1,2025-06-29 15:55:00,5698.51,232.92,TRADE
VIC1,2025-06-29 16:00:00,5742.51,251.88,TRADE
VIC1,2025-06-29 16:05:00,5817.01,185.05,TRADE
VIC1,2025-06-29 16:10:00,5864.72,184.76,TRADE
VIC1,2025-06-29 16:15:00,5937.87,203.35,TRADE
VIC1,2025-06-29 16:20:00,6009.29,224.41,TRADE
VIC1,2025-06-29 16:25:00,6061.63,239.68,TRADE
VIC1,2025-06-29 16:30:00,6160.01,242.15,TRADE
VIC1,2025-06-29 16:35:00,6214.01,237.66,TRADE
VIC1,2025-06-29 16:40:00,6306.11,241.96,TRADE
VIC1,2025-06-29 16:45:00,6375.71,241.96,TRADE
VIC1,2025-06-29 16:50:00,6410.6,241.96,TRADE
VIC1,2025-06-29 16:55:00,6506.03,256.49,TRADE
VIC1,2025-06-29 17:00:00,6565.19,259.39,TRADE
VIC1,2025-06-29 17:05:00,6619.84,223.34,TRADE
VIC1,2025-06-29 17:10:00,6709.53,221.13,TRADE
VIC1,2025-06-29 17:15:00,6799.16,222.26,TRADE
VIC1,2025-06-29 17:20:00,6850.56,252.87,TRADE
VIC1,2025-06-29 17:25:00,6956.34,249.15,TRADE
VIC1,2025-06-29 17:30:00,6960.5,241.96,TRADE
VIC1,2025-06-29 17:35:00,7056.91,241.96,TRADE
VIC1,2025-06-29 17:40:00,7095.55,243.19,TRADE
VIC1,2025-06-29 17:45:00,7166.44,270.82,TRADE
VIC1,2025-06-29 17:50:00,7202.9,280.31,TRADE
VIC1,2025-06-29 17:55:00,7196.01,277.56,TRADE
VIC1,2025-06-29 18:00:00,7181.72,247.33,TRADE
VIC1,2025-06-29 18:05:00,7196.28,244.3,TRADE
VIC1,2025-06-29 18:10:00,7227.71,250.99,TRADE
VIC1,2025-06-29 18:15:00,7231.2,250.16,TRADE
VIC1,2025-06-29 18:20:00,7238.45,270.82,TRADE
VIC1,2025-06-29 18:25:00,7208.7,238.2,TRADE
VIC1,2025-06-29 18:30:00,7200.83,243.21,TRADE
VIC1,2025-06-29 18:35:00,7192.46,245.29,TRADE
VIC1,2025-06-29 18:40:00,7152.13,243.0,TRADE
VIC1,2025-06-29 18:45:00,7152.72,242.81,TRADE
VIC1,2025-06-29 18:50:00,7165.59,251.3,TRADE
VIC1,2025-06-29 18:55:00,7136.84,246.73,TRADE
VIC1,2025-06-29 19:00:00,7135.39,246.62,TRADE
VIC1,2025-06-29 19:05:00,7027.75,238.2,TRADE
VIC1,2025-06-29 19:10:00,7033.49,237.99,TRADE
VIC1,2025-06-29 19:15:00,7066.7,241.11,TRADE
VIC1,2025-06-29 19:20:00,7066.2,240.63,TRADE
VIC1,2025-06-29 19:25:00,7047.13,240.29,TRADE
VIC1,2025-06-29 19:30:00,6939.98,175.39,TRADE
VIC1,2025-06-29 19:35:00,6938.04,175.77,TRADE
VIC1,2025-06-29 19:40:00,6925.49,242.72,TRADE
VIC1,2025-06-29 19:45:00,6874.87,244.52,TRADE
VIC1,2025-06-29 19:50:00,6856.94,250.12,TRADE
VIC1,2025-06-29 19:55:00,6892.0,245.48,TRADE
VIC1,2025-06-29 20:00:00,6844.16,199.3,TRADE
VIC1,2025-06-29 20:05:00,6840.55,213.08,TRADE
VIC1,2025-06-29 20:10:00,6773.08,260.3,TRADE
VIC1,2025-06-29 20:15:00,6782.33,252.06,TRADE
VIC1,2025-06-29 20:20:00,6759.86,213.48,TRADE
VIC1,2025-06-29 20:25:00,6688.99,192.37,TRADE
VIC1,2025-06-29 20:30:00,6722.62,209.4,TRADE
VIC1,2025-06-29 20:35:00,6642.3,198.34,TRADE
VIC1,2025-06-29 20:40:00,6583.07,219.93,TRADE
VIC1,2025-06-29 20:45:00,6563.09,228.3,TRADE
VIC1,2025-06-29 20:50:00,6585.82,211.81,TRADE
VIC1,2025-06-29 20:55:00,6528.78,222.88,TRADE
VIC1,2025-06-29 21:00:00,6480.26,183.55,TRADE
VIC1,2025-06-29 21:05:00,6447.7,226.66,TRADE
VIC1,2025-06-29 21:10:00,6445.56,257.87,TRADE
VIC1,2025-06-29 21:15:00,6320.15,187.99,TRADE
VIC1,2025-06-29 21:20:00,6280.72,186.57,TRADE
VIC1,2025-06-29 21:25:00,6258.0,193.73,TRADE
VIC1,2025-06-29 21:30:00,6225.43,178.83,TRADE
VIC1,2025-06-29 21:35:00,6181.1,180.21,TRADE
VIC1,2025-06-29 21:40:00,6212.8,198.58,TRADE
VIC1,2025-06-29 21:45:00,6167.2,179.23,TRADE
VIC1,2025-06-29 21:50:00,6046.38,159.88,TRADE
VIC1,2025-06-29 21:55:00,6047.32,179.2,TRADE
VIC1,2025-06-29 22:00:00,5981.89,165.58,TRADE
VIC1,2025-06-29 22:05:00,5894.93,173.32,TRADE
VIC1,2025-06-29 22:10:00,5874.07,181.15,TRADE
VIC1,2025-06-29 22:15:00,5866.92,192.39,TRADE
VIC1,2025-06-29 22:20:00,5782.12,175.85,TRADE
VIC1,2025-06-29 22:25:00,5795.55,210.67,TRADE
VIC1,2025-06-29 22:30:00,5663.64,157.76,TRADE
VIC1,2025-06-29 22:35:00,5611.46,175.36,TRADE
VIC1,2025-06-29 22:40:00,5656.22,213.66,TRADE
VIC1,2025-06-29 22:45:00,5555.78,172.05,TRADE
VIC1,2025-06-29 22:50:00,5558.46,181.45,TRADE
VIC1,2025-06-29 22:55:00,5522.33,178.49,TRADE
VIC1,2025-06-29 23:00:00,5498.49,175.57,TRADE
VIC1,2025-06-29 23:05:00,5518.02,182.66,TRADE
VIC1,2025-06-29 23:10:00,5536.63,185.41,TRADE
VIC1,2025-06-29 23:15:00,5570.45,183.82,TRADE
VIC1,2025-06-29 23:20:00,5554.29,183.7,TRADE
VIC1,2025-06-29 23:25:00,5567.24,183.63,TRADE
VIC1,2025-06-29 23:30:00,5593.32,185.43,TRADE
VIC1,2025-06-29 23:35:00,5586.67,181.18,TRADE
VIC1,2025-06-29 23:40:00,5492.33,193.67,TRADE
VIC1,2025-06-29 23:45:00,5480.97,196.0,TRADE
VIC1,2025-06-29 23:50:00,5431.71,189.16,TRADE
VIC1,2025-06-29 23:55:00,5386.24,189.32,TRADE
VIC1,2025-07-05 00:00:00,5418.24,8.95,TRADE
VIC1,2025-07-05 00:05:00,5327.56,19.18,TRADE
VIC1,2025-07-05 00:10:00,5273.84,19.18,TRADE
VIC1,2025-07-05 00:15:00,5316.44,19.18,TRADE
VIC1,2025-07-05 00:20:00,5272.93,19.18,TRADE
VIC1,2025-07-05 00:25:00,5244.67,8.95,TRADE
VIC1,2025-07-05 00:30:00,5243.38,8.95,TRADE
VIC1,2025-07-05 00:35:00,5204.98,8.95,TRADE
VIC1,2025-07-05 00:40:00,5221.21,8.95,TRADE
VIC1,2025-07-05 00:45:00,5169.66,8.95,TRADE
VIC1,2025-07-05 00:50:00,5093.92,8.95,TRADE
VIC1,2025-07-05 00:55:00,5087.41,8.95,TRADE
VIC1,2025-07-05 01:00:00,5075.27,8.95,TRADE
VIC1,2025-07-05 01:05:00,5043.21,8.63,TRADE
VIC1,2025-07-05 01:10:00,5005.04,8.95,TRADE
VIC1,2025-07-05 01:15:00,4988.47,8.95,TRADE
VIC1,2025-07-05 01:20:00,4967.15,8.95,TRADE
VIC1,2025-07-05 01:25:00,4935.1,8.95,TRADE
VIC1,2025-07-05 01:30:00,4916.0,8.95,TRADE
VIC1,2025-07-05 01:35:00,4786.24,8.95,TRADE
VIC1,2025-07-05 01:40:00,4751.72,8.95,TRADE
VIC1,2025-07-05 01:45:00,4734.18,8.95,TRADE
VIC1,2025-07-05 01:50:00,4683.73,8.95,TRADE
VIC1,2025-07-05 01:55:00,4696.72,8.95,TRADE
VIC1,2025-07-05 02:00:00,4655.19,8.95,TRADE
VIC1,2025-07-05 02:05:00,4649.19,8.95,TRADE
VIC1,2025-07-05 02:10:00,4621.58,8.95,TRADE
VIC1,2025-07-05 02:15:00,4624.05,8.95,TRADE
VIC1,2025-07-05 02:20:00,4638.0,8.95,TRADE
VIC1,2025-07-05 02:25:00,4497.81,8.95,TRADE
VIC1,2025-07-05 02:30:00,4496.88,8.95,TRADE
VIC1,2025-07-05 02:35:00,4545.17,8.95,TRADE
VIC1,2025-07-05 02:40:00,4528.31,8.95,TRADE
VIC1,2025-07-05 02:45:00,4429.96,8.95,TRADE
VIC1,2025-07-05 02:50:00,4492.45,8.95,TRADE
VIC1,2025-07-05 02:55:00,4480.04,11.41,TRADE
VIC1,2025-07-05 03:00:00,4482.82,19.18,TRADE
VIC1,2025-07-05 03:05:00,4429.48,19.18,TRADE
VIC1,2025-07-05 03:10:00,4419.88,19.18,TRADE
VIC1,2025-07-05 03:15:00,4435.65,19.18,TRADE
VIC1,2025-07-05 03:20:00,4409.4,19.18,TRADE
VIC1,2025-07-05 03:25:00,4458.57,19.18,TRADE
VIC1,2025-07-05 03:30:00,4376.07,19.18,TRADE
VIC1,2025-07-05 03:35:00,4415.99,19.18,TRADE
VIC1,2025-07-05 03:40:00,4409.71,19.18,TRADE
VIC1,2025-07-05 03:45:00,4430.84,19.18,TRADE
VIC1,2025-07-05 03:50:00,4405.79,20.0,TRADE
VIC1,2025-07-05 03:55:00,4345.44,19.18,TRADE
VIC1,2025-07-05 04:00:00,4368.64,19.18,TRADE
VIC1,2025-07-05 04:05:00,4421.78,19.18,TRADE
VIC1,2025-07-05 04:10:00,4399.42,14.29,TRADE
VIC1,2025-07-05 04:15:00,4379.29,14.47,TRADE
VIC1,2025-07-05 04:20:00,4352.05,14.49,TRADE
VIC1,2025-07-05 04:25:00,4380.87,19.18,TRADE
VIC1,2025-07-05 04:30:00,4375.08,14.48,TRADE
VIC1,2025-07-05 04:35:00,4308.54,8.95,TRADE
VIC1,2025-07-05 04:40:00,4306.31,8.95,TRADE
VIC1,2025-07-05 04:45:00,4341.02,14.62,TRADE
VIC1,2025-07-05 04:50:00,4383.07,18.37,TRADE
VIC1,2025-07-05 04:55:00,4414.07,19.18,TRADE
VIC1,2025-07-05 05:00:00,4410.34,15.5,TRADE
VIC1,2025-07-05 05:05:00,4426.99,19.18,TRADE
VIC1,2025-07-05 05:10:00,4453.03,19.18,TRADE
VIC1,2025-07-05 05:15:00,4472.35,19.18,TRADE
VIC1,2025-07-05 05:20:00,4487.24,19.18,TRADE
VIC1,2025-07-05 05:25:00,4437.58,19.18,TRADE
VIC1,2025-07-05 05:30:00,4444.64,19.18,TRADE
VIC1,2025-07-05 05:35:00,4441.34,19.18,TRADE
VIC1,2025-07-05 05:40:00,4490.93,19.18,TRADE
VIC1,2025-07-05 05:45:00,4591.74,19.18,TRADE
VIC1,2025-07-05 05:50:00,4534.38,19.18,TRADE
VIC1,2025-07-05 05:55:00,4643.59,19.18,TRADE
VIC1,2025-07-05 06:00:00,4672.27,19.18,TRADE
VIC1,2025-07-05 06:05:00,4713.73,19.18,TRADE
VIC1,2025-07-05 06:10:00,4799.2,20.0,TRADE
VIC1,2025-07-05 06:15:00,4732.35,19.18,TRADE
VIC1,2025-07-05 06:20:00,4839.86,23.83,TRADE
VIC1,2025-07-05 06:25:00,4870.16,20.0,TRADE
VIC1,2025-07-05 06:30:00,4857.78,20.0,TRADE
VIC1,2025-07-05 06:35:00,4994.77,20.0,TRADE
VIC1,2025-07-05 06:40:00,5015.61,35.94,TRADE
VIC1,2025-07-05 06:45:00,5065.79,35.94,TRADE
VIC1,2025-07-05 06:50:00,5089.44,32.16,TRADE
VIC1,2025-07-05 06:55:00,5069.75,19.18,TRADE
VIC1,2025-07-05 07:00:00,5114.49,20.0,TRADE
VIC1,2025-07-05 07:05:00,5188.05,19.18,TRADE
VIC1,2025-07-05 07:10:00,5180.14,20.0,TRADE
VIC1,2025-07-05 07:15:00,5305.37,20.86,TRADE
VIC1,2025-07-05 07:20:00,5381.57,35.94,TRADE
VIC1,2025-07-05 07:25:00,5459.12,35.94,TRADE
VIC1,2025-07-05 07:30:00,5528.82,35.94,TRADE
VIC1,2025-07-05 07:35:00,5594.06,50.08,TRADE
VIC1,2025-07-05 07:40:00,5692.37,63.95,TRADE
VIC1,2025-07-05 07:45:00,5745.87,84.5,TRADE
VIC1,2025-07-05 07:50:00,5701.03,73.41,TRADE
VIC1,2025-07-05 07:55:00,5809.78,85.06,TRADE
VIC1,2025-07-05 08:00:00,5928.51,100.16,TRADE
VIC1,2025-07-05 08:05:00,5980.16,92.46,TRADE
VIC1,2025-07-05 08:10:00,6008.52,86.04,TRADE
VIC1,2025-07-05 08:15:00,6016.38,83.65,TRADE
VIC1,2025-07-05 08:20:00,5996.08,73.14,TRADE
VIC1,2025-07-05 08:25:00,5997.59,72.19,TRADE
VIC1,2025-07-05 08:30:00,5849.88,20.0,TRADE
VIC1,2025-07-05 08:35:00,5850.33,19.18,TRADE
VIC1,2025-07-05 08:40:00,5864.5,20.0,TRADE
VIC1,2025-07-05 08:45:00,5804.04,19.18,TRADE
VIC1,2025-07-05 08:50:00,5713.51,0.01,TRADE
VIC1,2025-07-05 08:55:00,5693.6,0.01,TRADE
VIC1,2025-07-05 09:00:00,5632.81,-0.01,TRADE
VIC1,2025-07-05 09:05:00,5586.95,-2.71,TRADE
VIC1,2025-07-05 09:10:00,5497.72,-0.01,TRADE
VIC1,2025-07-05 09:15:00,5377.27,0.56,TRADE
VIC1,2025-07-05 09:20:00,5332.8,2.84,TRADE
VIC1,2025-07-05 09:25:00,5322.76,7.84,TRADE
VIC1,2025-07-05 09:30:00,5247.59,8.95,TRADE
VIC1,2025-07-05 09:35:00,5091.67,0.0,TRADE
VIC1,2025-07-05 09:40:00,5106.34,3.55,TRADE
VIC1,2025-07-05 09:45:00,5033.82,8.95,TRADE
VIC1,2025-07-05 09:50:00,4969.14,-16.49,TRADE
VIC1,2025-07-05 09:55:00,4888.8,-9.96,TRADE
VIC1,2025-07-05 10:00:00,4665.26,-19.5,TRADE
VIC1,2025-07-05 10:05:00,4736.71,-18.11,TRADE
VIC1,2025-07-05 10:10:00,4650.66,-9.83,TRADE
VIC1,2025-07-05 10:15:00,4481.12,-16.49,TRADE
VIC1,2025-07-05 10:20:00,4471.92,-5.06,TRADE
VIC1,2025-07-05 10:25:00,4371.59,-16.5,TRADE
VIC1,2025-07-05 10:30:00,4299.77,-19.5,TRADE
VIC1,2025-07-05 10:35:00,4218.24,-19.5,TRADE
VIC1,2025-07-05 10:40:00,4141.9,-19.5,TRADE
VIC1,2025-07-05 10:45:00,4103.51,-16.5,TRADE
VIC1,2025-07-05 10:50:00,4013.62,-19.99,TRADE
VIC1,2025-07-05 10:55:00,3939.94,-18.99,TRADE
VIC1,2025-07-05 11:00:00,3958.97,-16.49,TRADE
VIC1,2025-07-05 11:05:00,3894.88,-18.14,TRADE
VIC1,2025-07-05 11:10:00,3878.48,-18.14,TRADE
VIC1,2025-07-05 11:15:00,3855.6,-16.49,TRADE
VIC1,2025-07-05 11:20:00,3680.01,-18.0,TRADE
VIC1,2025-07-05 11:25:00,3736.97,-18.0,TRADE
VIC1,2025-07-05 11:30:00,3720.74,-16.0,TRADE
VIC1,2025-07-05 11:35:00,3590.01,-16.5,TRADE
VIC1,2025-07-05 11:40:00,3633.27,-16.15,TRADE
VIC1,2025-07-05 11:45:00,3592.07,-19.5,TRADE
VIC1,2025-07-05 11:50:00,3562.27,-20.0,TRADE
VIC1,2025-07-05 11:55:00,3547.2,-20.8,TRADE
VIC1,2025-07-05 12:00:00,3392.2,-24.42,TRADE
VIC1,2025-07-05 12:05:00,3414.44,-24.42,TRADE
VIC1,2025-07-05 12:10:00,3359.72,-32.99,TRADE
VIC1,2025-07-05 12:15:00,3463.2,-34.04,TRADE
VIC1,2025-07-05 12:20:00,3425.09,-20.8,TRADE
VIC1,2025-07-05 12:25:00,3397.62,-24.42,TRADE
VIC1,2025-07-05 12:30:00,3342.59,-33.9,TRADE
VIC1,2025-07-05 12:35:00,3376.43,-24.42,TRADE
VIC1,2025-07-05 12:40:00,3261.99,-24.42,TRADE
VIC1,2025-07-05 12:45:00,3312.53,-27.78,TRADE
VIC1,2025-07-05 12:50:00,3192.77,-29.05,TRADE
VIC1,2025-07-05 12:55:00,3238.67,-24.42,TRADE
VIC1,2025-07-05 13:00:00,3199.45,-24.42,TRADE
VIC1,2025-07-05 13:05:00,3154.01,-24.42,TRADE
VIC1,2025-07-05 13:10:00,3169.92,-22.36,TRADE
VIC1,2025-07-05 13:15:00,3216.18,-24.42,TRADE
VIC1,2025-07-05 13:20:00,3220.29,-27.96,TRADE
VIC1,2025-07-05 13:25:00,3243.52,-24.42,TRADE
VIC1,2025-07-05 13:30:00,3200.82,-27.92,TRADE
VIC1,2025-07-05 13:35:00,3173.5,-27.87,TRADE
VIC1,2025-07-05 13:40:00,3202.85,-24.42,TRADE
VIC1,2025-07-05 13:45:00,3274.22,-27.77,TRADE
VIC1,2025-07-05 13:50:00,3328.91,-22.99,TRADE
VIC1,2025-07-05 13:55:00,3312.44,-20.8,TRADE
VIC1,2025-07-05 14:00:00,3410.66,-20.0,TRADE
VIC1,2025-07-05 14:05:00,3440.41,-20.0,TRADE
VIC1,2025-07-05 14:10:00,3467.13,-18.0,TRADE
VIC1,2025-07-05 14:15:00,3344.43,-15.03,TRADE
VIC1,2025-07-05 14:20:00,3314.54,-16.0,TRADE
VIC1,2025-07-05 14:25:00,3379.32,-18.0,TRADE
VIC1,2025-07-05 14:30:00,3482.45,-9.96,TRADE
VIC1,2025-07-05 14:35:00,3400.71,-19.5,TRADE
VIC1,2025-07-05 14:40:00,3582.91,-15.03,TRADE
VIC1,2025-07-05 14:45:00,3609.56,-20.0,TRADE
VIC1,2025-07-05 14:50:00,3712.03,-16.5,TRADE
VIC1,2025-07-05 14:55:00,3715.84,-15.03,TRADE
VIC1,2025-07-05 15:00:00,3702.21,-18.0,TRADE
VIC1,2025-07-05 15:05:00,3860.11,-15.03,TRADE
VIC1,2025-07-05 15:10:00,3864.32,-16.5,TRADE
VIC1,2025-07-05 15:15:00,3903.49,-16.0,TRADE
VIC1,2025-07-05 15:20:00,4001.6,-16.49,TRADE
VIC1,2025-07-05 15:25:00,4076.47,-16.5,TRADE
VIC1,2025-07-05 15:30:00,4185.35,-9.96,TRADE
VIC1,2025-07-05 15:35:00,4160.65,-9.96,TRADE
VIC1,2025-07-05 15:40:00,4211.29,0.0,TRADE
VIC1,2025-07-05 15:45:00,4376.82,4.24,TRADE
VIC1,2025-07-05 15:50:00,4461.58,7.35,TRADE
VIC1,2025-07-05 15:55:00,4477.82,16.42,TRADE
VIC1,2025-07-05 16:00:00,4642.12,47.01,TRADE
VIC1,2025-07-05 16:05:00,4795.33,33.12,TRADE
VIC1,2025-07-05 16:10:00,4839.21,98.52,TRADE
VIC1,2025-07-05 16:15:00,4959.47,160.78,TRADE
VIC1,2025-07-05 16:20:00,4956.45,73.69,TRADE
VIC1,2025-07-05 16:25:00,5096.07,76.76,TRADE
VIC1,2025-07-05 16:30:00,5239.47,76.56,TRADE
VIC1,2025-07-05 16:35:00,5343.1,98.04,TRADE
VIC1,2025-07-05 16:40:00,5412.14,75.8,TRADE
VIC1,2025-07-05 16:45:00,5517.28,67.97,TRADE
VIC1,2025-07-05 16:50:00,5625.62,20.0,TRADE
VIC1,2025-07-05 16:55:00,5598.14,20.0,TRADE
VIC1,2025-07-05 17:00:00,5712.03,68.53,TRADE
VIC1,2025-07-05 17:05:00,5800.37,73.56,TRADE
VIC1,2025-07-05 17:10:00,5926.66,73.56,TRADE
VIC1,2025-07-05 17:15:00,5956.55,73.56,TRADE
VIC1,2025-07-05 17:20:00,6041.75,114.05,TRADE
VIC1,2025-07-05 17:25:00,6191.8,118.54,TRADE
VIC1,2025-07-05 17:30:00,6258.26,117.42,TRADE
VIC1,2025-07-05 17:35:00,6268.23,117.42,TRADE
VIC1,2025-07-05 17:40:00,6330.13,118.93,TRADE
VIC1,2025-07-05 17:45:00,6442.7,118.3,TRADE
VIC1,2025-07-05 17:50:00,6421.72,107.29,TRADE
VIC1,2025-07-05 17:55:00,6383.09,73.56,TRADE
VIC1,2025-07-05 18:00:00,6385.52,114.2,TRADE
VIC1,2025-07-05 18:05:00,6480.05,118.54,TRADE
VIC1,2025-07-05 18:10:00,6429.05,99.91,TRADE
VIC1,2025-07-05 18:15:00,6392.83,99.43,TRADE
VIC1,2025-07-05 18:20:00,6463.06,102.22,TRADE
VIC1,2025-07-05 18:25:00,6464.67,101.01,TRADE
VIC1,2025-07-05 18:30:00,6466.65,91.7,TRADE
VIC1,2025-07-05 18:35:00,6466.49,99.66,TRADE
VIC1,2025-07-05 18:40:00,6329.43,73.56,TRADE
VIC1,2025-07-05 18:45:00,6364.93,98.06,TRADE
VIC1,2025-07-05 18:50:00,6412.3,73.56,TRADE
VIC1,2025-07-05 18:55:00,6421.12,85.7,TRADE
VIC1,2025-07-05 19:00:00,6318.27,59.45,TRADE
VIC1,2025-07-05 19:05:00,6375.7,56.62,TRADE
VIC1,2025-07-05 19:10:00,6356.21,63.76,TRADE
VIC1,2025-07-05 19:15:00,6337.7,20.0,TRADE
VIC1,2025-07-05 19:20:00,6250.7,19.18,TRADE
VIC1,2025-07-05 19:25:00,6209.8,19.18,TRADE
VIC1,2025-07-05 19:30:00,6221.84,19.18,TRADE
VIC1,2025-07-05 19:35:00,6229.97,19.18,TRADE
VIC1,2025-07-05 19:40:00,6147.21,19.18,TRADE
VIC1,2025-07-05 19:45:00,6175.36,19.18,TRADE
VIC1,2025-07-05 19:50:00,6187.33,19.18,TRADE
VIC1,2025-07-05 19:55:00,6172.78,19.18,TRADE
VIC1,2025-07-05 20:00:00,6180.45,19.18,TRADE
VIC1,2025-07-05 20:05:00,6183.91,20.76,TRADE
VIC1,2025-07-05 20:10:00,6113.31,20.32,TRADE
VIC1,2025-07-05 20:15:00,6066.23,20.0,TRADE
VIC1,2025-07-05 20:20:00,6115.71,21.14,TRADE
VIC1,2025-07-05 20:25:00,6027.12,20.0,TRADE
VIC1,2025-07-05 20:30:00,6094.19,22.01,TRADE
VIC1,2025-07-05 20:35:00,6106.14,20.0,TRADE
VIC1,2025-07-05 20:40:00,6061.21,20.94,TRADE
VIC1,2025-07-05 20:45:00,6071.75,20.0,TRADE
VIC1,2025-07-05 20:50:00,6067.94,20.0,TRADE
VIC1,2025-07-05 20:55:00,6052.55,20.0,TRADE
VIC1,2025-07-05 21:00:00,5943.78,19.18,TRADE
VIC1,2025-07-05 21:05:00,5917.82,19.18,TRADE
VIC1,2025-07-05 21:10:00,5916.91,19.18,TRADE
VIC1,2025-07-05 21:15:00,5926.45,20.0,TRADE
VIC1,2025-07-05 21:20:00,5970.28,20.76,TRADE
VIC1,2025-07-05 21:25:00,5946.76,20.15,TRADE
VIC1,2025-07-05 21:30:00,5945.71,28.45,TRADE
VIC1,2025-07-05 21:35:00,5925.68,20.0,TRADE
VIC1,2025-07-05 21:40:00,5915.96,72.68,TRADE
VIC1,2025-07-05 21:45:00,5781.66,20.0,TRADE
VIC1,2025-07-05 21:50:00,5772.26,22.0,TRADE
VIC1,2025-07-05 21:55:00,5797.65,20.0,TRADE
VIC1,2025-07-05 22:00:00,5706.76,19.18,TRADE
VIC1,2025-07-05 22:05:00,5675.89,12.63,TRADE
VIC1,2025-07-05 22:10:00,5702.22,19.18,TRADE
VIC1,2025-07-05 22:15:00,5686.06,19.18,TRADE
VIC1,2025-07-05 22:20:00,5607.7,8.95,TRADE
VIC1,2025-07-05 22:25:00,5629.57,19.18,TRADE
VIC1,2025-07-05 22:30:00,5607.92,19.18,TRADE
VIC1,2025-07-05 22:35:00,5466.51,19.18,TRADE
VIC1,2025-07-05 22:40:00,5453.89,19.18,TRADE
VIC1,2025-07-05 22:45:00,5487.03,20.53,TRADE
VIC1,2025-07-05 22:50:00,5469.89,20.0,TRADE
VIC1,2025-07-05 22:55:00,5377.1,19.18,TRADE
VIC1,2025-07-05 23:00:00,5423.69,20.1,TRADE
VIC1,2025-07-05 23:05:00,5419.05,100.95,TRADE
VIC1,2025-07-05 23:10:00,5500.66,93.78,TRADE
VIC1,2025-07-05 23:15:00,5474.02,83.66,TRADE
VIC1,2025-07-05 23:20:00,5404.85,20.0,TRADE
VIC1,2025-07-05 23:25:00,5529.17,83.66,TRADE
VIC1,2025-07-05 23:30:00,5494.76,20.0,TRADE
VIC1,2025-07-05 23:35:00,5474.05,71.76,TRADE
VIC1,2025-07-05 23:40:00,5451.99,20.0,TRADE
VIC1,2025-07-05 23:45:00,5391.93,20.0,TRADE
VIC1,2025-07-05 23:50:00,5287.42,19.18,TRADE
VIC1,2025-07-05 23:55:00,5275.28,19.18,TRADE
VIC1,2025-07-06 00:00:00,5264.52,19.18,TRADE
VIC1,2025-07-06 00:05:00,5289.86,19.18,TRADE
VIC1,2025-07-06 00:10:00,5240.52,19.18,TRADE
VIC1,2025-07-06 00:15:00,5199.86,19.18,TRADE
VIC1,2025-07-06 00:20:00,5167.29,19.18,TRADE
VIC1,2025-07-06 00:25:00,5223.37,20.0,TRADE
VIC1,2025-07-06 00:30:00,5112.25,20.0,TRADE
VIC1,2025-07-06 00:35:00,5116.02,35.94,TRADE
VIC1,2025-07-06 00:40:00,5136.39,35.94,TRADE
VIC1,2025-07-06 00:45:00,5100.71,65.51,TRADE
VIC1,2025-07-06 00:50:00,5043.83,35.94,TRADE
VIC1,2025-07-06 00:55:00,4989.59,44.0,TRADE
VIC1,2025-07-06 01:00:00,5013.24,44.61,TRADE
VIC1,2025-07-06 01:05:00,4993.03,51.71,TRADE
VIC1,2025-07-06 01:10:00,4971.78,56.21,TRADE
VIC1,2025-07-06 01:15:00,4853.89,49.96,TRADE
VIC1,2025-07-06 01:20:00,4823.74,49.29,TRADE
VIC1,2025-07-06 01:25:00,4756.76,48.86,TRADE
VIC1,2025-07-06 01:30:00,4827.1,49.22,TRADE
VIC1,2025-07-06 01:35:00,4781.57,46.33,TRADE
VIC1,2025-07-06 01:40:00,4749.66,49.61,TRADE
VIC1,2025-07-06 01:45:00,4696.58,44.51,TRADE
VIC1,2025-07-06 01:50:00,4652.36,35.94,TRADE
VIC1,2025-07-06 01:55:00,4654.04,35.94,TRADE
VIC1,2025-07-06 02:00:00,4589.69,20.0,TRADE
VIC1,2025-07-06 02:05:00,4462.12,33.52,TRADE
VIC1,2025-07-06 02:10:00,4456.99,39.69,TRADE
VIC1,2025-07-06 02:15:00,4446.69,35.94,TRADE
VIC1,2025-07-06 02:20:00,4407.52,35.94,TRADE
VIC1,2025-07-06 02:25:00,4367.6,35.94,TRADE
VIC1,2025-07-06 02:30:00,4390.77,35.94,TRADE
VIC1,2025-07-06 02:35:00,4426.65,20.0,TRADE
VIC1,2025-07-06 02:40:00,4414.82,20.0,TRADE
VIC1,2025-07-06 02:45:00,4420.06,35.94,TRADE
VIC1,2025-07-06 02:50:00,4383.28,27.63,TRADE
VIC1,2025-07-06 02:55:00,4415.35,19.18,TRADE
VIC1,2025-07-06 03:00:00,4393.27,19.18,TRADE
VIC1,2025-07-06 03:05:00,4422.19,19.18,TRADE
VIC1,2025-07-06 03:10:00,4350.05,19.18,TRADE
VIC1,2025-07-06 03:15:00,4420.86,35.94,TRADE
VIC1,2025-07-06 03:20:00,4411.72,35.94,TRADE
VIC1,2025-07-06 03:25:00,4386.28,20.0,TRADE
VIC1,2025-07-06 03:30:00,4390.14,35.94,TRADE
VIC1,2025-07-06 03:35:00,4359.25,35.94,TRADE
VIC1,2025-07-06 03:40:00,4352.19,35.94,TRADE
VIC1,2025-07-06 03:45:00,4365.93,35.94,TRADE
VIC1,2025-07-06 03:50:00,4268.2,35.94,TRADE
VIC1,2025-07-06 03:55:00,4306.3,20.0,TRADE
VIC1,2025-07-06 04:00:00,4296.9,20.0,TRADE
VIC1,2025-07-06 04:05:00,4306.2,20.0,TRADE
VIC1,2025-07-06 04:10:00,4303.95,20.0,TRADE
VIC1,2025-07-06 04:15:00,4302.22,20.0,TRADE
VIC1,2025-07-06 04:20:00,4307.12,20.0,TRADE
VIC1,2025-07-06 04:25:00,4229.31,19.18,TRADE
VIC1,2025-07-06 04:30:00,4265.09,20.0,TRADE
VIC1,2025-07-06 04:35:00,4274.32,20.0,TRADE
VIC1,2025-07-06 04:40:00,4353.08,33.89,TRADE
VIC1,2025-07-06 04:45:00,4364.31,35.94,TRADE
VIC1,2025-07-06 04:50:00,4278.95,33.89,TRADE
VIC1,2025-07-06 04:55:00,4384.06,36.71,TRADE
VIC1,2025-07-06 05:00:00,4417.75,35.94,TRADE
VIC1,2025-07-06 05:05:00,4356.58,35.94,TRADE
VIC1,2025-07-06 05:10:00,4452.98,65.2,TRADE
VIC1,2025-07-06 05:15:00,4460.68,65.64,TRADE
VIC1,2025-07-06 05:20:00,4398.33,35.94,TRADE
VIC1,2025-07-06 05:25:00,4369.98,35.94,TRADE
VIC1,2025-07-06 05:30:00,4462.14,35.94,TRADE
VIC1,2025-07-06 05:35:00,4471.67,35.94,TRADE
VIC1,2025-07-06 05:40:00,4455.64,65.18,TRADE
VIC1,2025-07-06 05:45:00,4533.99,70.57,TRADE
VIC1,2025-07-06 05:50:00,4524.79,65.71,TRADE
VIC1,2025-07-06 05:55:00,4587.89,69.51,TRADE
VIC1,2025-07-06 06:00:00,4589.25,71.21,TRADE
VIC1,2025-07-06 06:05:00,4545.02,51.62,TRADE
VIC1,2025-07-06 06:10:00,4632.98,67.08,TRADE
VIC1,2025-07-06 06:15:00,4719.33,72.59,TRADE
VIC1,2025-07-06 06:20:00,4684.35,67.7,TRADE
VIC1,2025-07-06 06:25:00,4715.9,67.55,TRADE
VIC1,2025-07-06 06:30:00,4756.65,74.23,TRADE
VIC1,2025-07-06 06:35:00,4794.0,76.92,TRADE
VIC1,2025-07-06 06:40:00,4858.92,72.53,TRADE
VIC1,2025-07-06 06:45:00,4891.47,73.56,TRADE
VIC1,2025-07-06 06:50:00,4865.57,73.56,TRADE
VIC1,2025-07-06 06:55:00,4941.21,75.01,TRADE
VIC1,2025-07-06 07:00:00,5009.41,73.56,TRADE
VIC1,2025-07-06 07:05:00,4958.93,68.45,TRADE
VIC1,2025-07-06 07:10:00,4992.16,72.41,TRADE
VIC1,2025-07-06 07:15:00,5039.65,73.56,TRADE
VIC1,2025-07-06 07:20:00,5109.16,73.56,TRADE
VIC1,2025-07-06 07:25:00,5173.72,76.15,TRADE
VIC1,2025-07-06 07:30:00,5205.82,104.63,TRADE
VIC1,2025-07-06 07:35:00,5226.84,79.74,TRADE
VIC1,2025-07-06 07:40:00,5349.01,94.29,TRADE
VIC1,2025-07-06 07:45:00,5400.35,91.11,TRADE
VIC1,2025-07-06 07:50:00,5417.85,91.63,TRADE
VIC1,2025-07-06 07:55:00,5461.12,88.52,TRADE
VIC1,2025-07-06 08:00:00,5501.01,94.19,TRADE
VIC1,2025-07-06 08:05:00,5522.32,95.75,TRADE
VIC1,2025-07-06 08:10:00,5503.04,80.16,TRADE
VIC1,2025-07-06 08:15:00,5538.43,73.56,TRADE
VIC1,2025-07-06 08:20:00,5593.15,75.83,TRADE
VIC1,2025-07-06 08:25:00,5574.1,63.3,TRADE
VIC1,2025-07-06 08:30:00,5571.54,62.89,TRADE
VIC1,2025-07-06 08:35:00,5535.8,62.9,TRADE
VIC1,2025-07-06 08:40:00,5529.41,57.27,TRADE
VIC1,2025-07-06 08:45:00,5518.11,57.6,TRADE
VIC1,2025-07-06 08:50:00,5485.74,37.23,TRADE
VIC1,2025-07-06 08:55:00,5372.64,37.53,TRADE
VIC1,2025-07-06 09:00:00,5424.03,37.26,TRADE
VIC1,2025-07-06 09:05:00,5372.1,36.63,TRADE
VIC1,2025-07-06 09:10:00,5317.24,46.33,TRADE
VIC1,2025-07-06 09:15:00,5321.0,44.18,TRADE
VIC1,2025-07-06 09:20:00,5286.9,8.95,TRADE
VIC1,2025-07-06 09:25:00,5290.39,40.86,TRADE
VIC1,2025-07-06 09:30:00,5123.99,20.0,TRADE
VIC1,2025-07-06 09:35:00,5048.87,19.63,TRADE
VIC1,2025-07-06 09:40:00,5070.45,20.0,TRADE
VIC1,2025-07-06 09:45:00,5063.91,48.97,TRADE
VIC1,2025-07-06 09:50:00,4991.75,35.75,TRADE
VIC1,2025-07-06 09:55:00,4996.21,20.0,TRADE
VIC1,2025-07-06 10:00:00,4972.39,23.75,TRADE
VIC1,2025-07-06 10:05:00,4937.63,34.83,TRADE
VIC1,2025-07-06 10:10:00,4864.06,41.14,TRADE
VIC1,2025-07-06 10:15:00,4829.48,20.0,TRADE
VIC1,2025-07-06 10:20:00,4792.09,41.03,TRADE
VIC1,2025-07-06 10:25:00,4785.71,20.0,TRADE
VIC1,2025-07-06 10:30:00,4771.57,20.0,TRADE
VIC1,2025-07-06 10:35:00,4703.48,31.13,TRADE
VIC1,2025-07-06 10:40:00,4665.59,56.08,TRADE
VIC1,2025-07-06 10:45:00,4631.24,27.31,TRADE
VIC1,2025-07-06 10:50:00,4648.21,16.77,TRADE
VIC1,2025-07-06 10:55:00,4589.18,20.0,TRADE
VIC1,2025-07-06 11:00:00,4651.23,37.36,TRADE
VIC1,2025-07-06 11:05:00,4646.71,20.0,TRADE
VIC1,2025-07-06 11:10:00,4670.08,40.2,TRADE
VIC1,2025-07-06 11:15:00,4652.49,46.33,TRADE
VIC1,2025-07-06 11:20:00,4648.77,17.52,TRADE
VIC1,2025-07-06 11:25:00,4613.33,27.44,TRADE
VIC1,2025-07-06 11:30:00,4607.65,36.93,TRADE
VIC1,2025-07-06 11:35:00,4517.43,34.57,TRADE
VIC1,2025-07-06 11:40:00,4560.03,34.83,TRADE
VIC1,2025-07-06 11:45:00,4634.99,49.82,TRADE
VIC1,2025-07-06 11:50:00,4694.69,48.71,TRADE
VIC1,2025-07-06 11:55:00,4694.18,46.22,TRADE
VIC1,2025-07-06 12:00:00,4725.19,46.22,TRADE
VIC1,2025-07-06 12:05:00,4731.9,38.87,TRADE
VIC1,2025-07-06 12:10:00,4778.57,46.33,TRADE
VIC1,2025-07-06 12:15:00,4742.71,37.89,TRADE
VIC1,2025-07-06 12:20:00,4761.36,39.65,TRADE
VIC1,2025-07-06 12:25:00,4854.72,54.33,TRADE
VIC1,2025-07-06 12:30:00,4906.19,49.39,TRADE
VIC1,2025-07-06 12:35:00,4896.66,46.22,TRADE
VIC1,2025-07-06 12:40:00,4904.74,71.85,TRADE
VIC1,2025-07-06 12:45:00,5016.66,76.93,TRADE
VIC1,2025-07-06 12:50:00,4996.35,46.22,TRADE
VIC1,2025-07-06 12:55:00,5049.22,46.22,TRADE
VIC1,2025-07-06 13:00:00,5021.62,56.06,TRADE
VIC1,2025-07-06 13:05:00,5025.4,56.31,TRADE
VIC1,2025-07-06 13:10:00,4893.64,61.25,TRADE
VIC1,2025-07-06 13:15:00,4904.39,58.57,TRADE
VIC1,2025-07-06 13:20:00,4938.95,54.66,TRADE
VIC1,2025-07-06 13:25:00,4890.22,47.67,TRADE
VIC1,2025-07-06 13:30:00,4830.64,60.88,TRADE
VIC1,2025-07-06 13:35:00,4774.37,20.0,TRADE
VIC1,2025-07-06 13:40:00,4862.34,52.38,TRADE
VIC1,2025-07-06 13:45:00,4868.83,38.44,TRADE
VIC1,2025-07-06 13:50:00,4830.25,37.83,TRADE
VIC1,2025-07-06 13:55:00,4834.9,49.47,TRADE
VIC1,2025-07-06 14:00:00,4846.04,65.09,TRADE
VIC1,2025-07-06 14:05:00,4854.29,70.38,TRADE
VIC1,2025-07-06 14:10:00,4877.47,50.13,TRADE
VIC1,2025-07-06 14:15:00,4880.56,59.47,TRADE
VIC1,2025-07-06 14:20:00,4944.27,58.16,TRADE
VIC1,2025-07-06 14:25:00,4944.21,79.54,TRADE
VIC1,2025-07-06 14:30:00,4942.43,76.38,TRADE
VIC1,2025-07-06 14:35:00,4975.33,63.92,TRADE
VIC1,2025-07-06 14:40:00,4931.29,79.95,TRADE
VIC1,2025-07-06 14:45:00,4922.72,20.0,TRADE
VIC1,2025-07-06 14:50:00,5015.9,50.68,TRADE
VIC1,2025-07-06 14:55:00,5079.97,61.72,TRADE
VIC1,2025-07-06 15:00:00,5105.86,61.78,TRADE
VIC1,2025-07-06 15:05:00,5165.44,59.74,TRADE
VIC1,2025-07-06 15:10:00,5192.09,59.02,TRADE
VIC1,2025-07-06 15:15:00,5226.76,33.59,TRADE
VIC1,2025-07-06 15:20:00,5175.36,56.93,TRADE
VIC1,2025-07-06 15:25:00,5232.28,63.49,TRADE
VIC1,2025-07-06 15:30:00,5296.09,68.6,TRADE
VIC1,2025-07-06 15:35:00,5385.61,80.37,TRADE
VIC1,2025-07-06 15:40:00,5388.78,79.95,TRADE
VIC1,2025-07-06 15:45:00,5465.85,97.15,TRADE
VIC1,2025-07-06 15:50:00,5487.52,159.89,TRADE
VIC1,2025-07-06 15:55:00,5559.49,146.24,TRADE
VIC1,2025-07-06 16:00:00,5524.4,124.57,TRADE
VIC1,2025-07-06 16:05:00,5646.05,127.38,TRADE
VIC1,2025-07-06 16:10:00,5692.8,164.34,TRADE
VIC1,2025-07-06 16:15:00,5722.04,160.0,TRADE
VIC1,2025-07-06 16:20:00,5740.23,144.32,TRADE
VIC1,2025-07-06 16:25:00,5860.43,154.24,TRADE
VIC1,2025-07-06 16:30:00,5915.29,151.89,TRADE
VIC1,2025-07-06 16:35:00,5974.65,155.99,TRADE
VIC1,2025-07-06 16:40:00,5917.0,155.6,TRADE
VIC1,2025-07-06 16:45:00,6044.12,158.98,TRADE
VIC1,2025-07-06 16:50:00,6089.96,181.28,TRADE
VIC1,2025-07-06 16:55:00,6241.86,209.11,TRADE
VIC1,2025-07-06 17:00:00,6264.73,209.54,TRADE
VIC1,2025-07-06 17:05:00,6343.83,196.16,TRADE
VIC1,2025-07-06 17:10:00,6439.15,177.88,TRADE
VIC1,2025-07-06 17:15:00,6524.36,191.79,TRADE
VIC1,2025-07-06 17:20:00,6554.91,178.37,TRADE
VIC1,2025-07-06 17:25:00,6576.62,209.11,TRADE
VIC1,2025-07-06 17:30:00,6622.25,209.11,TRADE
VIC1,2025-07-06 17:35:00,6751.09,196.3,TRADE
VIC1,2025-07-06 17:40:00,6837.01,222.45,TRADE
VIC1,2025-07-06 17:45:00,6845.28,209.54,TRADE
VIC1,2025-07-06 17:50:00,6951.49,209.54,TRADE
VIC1,2025-07-06 17:55:00,7002.08,223.38,TRADE
VIC1,2025-07-06 18:00:00,7037.26,209.54,TRADE
VIC1,2025-07-06 18:05:00,6975.92,209.54,TRADE
VIC1,2025-07-06 18:10:00,6975.13,227.69,TRADE
VIC1,2025-07-06 18:15:00,7039.99,231.69,TRADE
VIC1,2025-07-06 18:20:00,7024.87,209.54,TRADE
VIC1,2025-07-06 18:25:00,6985.65,232.27,TRADE
VIC1,2025-07-06 18:30:00,6989.13,250.5,TRADE
VIC1,2025-07-06 18:35:00,7006.09,235.52,TRADE
VIC1,2025-07-06 18:40:00,6985.39,209.54,TRADE
VIC1,2025-07-06 18:45:00,6929.77,209.11,TRADE
VIC1,2025-07-06 18:50:00,6893.76,200.02,TRADE
VIC1,2025-07-06 18:55:00,6980.02,209.54,TRADE
VIC1,2025-07-06 19:00:00,6934.57,209.54,TRADE
VIC1,2025-07-06 19:05:00,6864.59,179.94,TRADE
VIC1,2025-07-06 19:10:00,6902.27,202.44,TRADE
VIC1,2025-07-06 19:15:00,6818.54,171.71,TRADE
VIC1,2025-07-06 19:20:00,6901.79,200.02,TRADE
VIC1,2025-07-06 19:25:00,6843.76,200.02,TRADE
VIC1,2025-07-06 19:30:00,6771.84,200.02,TRADE
VIC1,2025-07-06 19:35:00,6774.35,209.54,TRADE
VIC1,2025-07-06 19:40:00,6830.79,200.02,TRADE
VIC1,2025-07-06 19:45:00,6819.77,252.58,TRADE
VIC1,2025-07-06 19:50:00,6734.11,202.48,TRADE
VIC1,2025-07-06 19:55:00,6775.12,250.5,TRADE
VIC1,2025-07-06 20:00:00,6777.99,200.02,TRADE
VIC1,2025-07-06 20:05:00,6725.42,200.02,TRADE
VIC1,2025-07-06 20:10:00,6658.86,166.46,TRADE
VIC1,2025-07-06 20:15:00,6616.53,160.0,TRADE
VIC1,2025-07-06 20:20:00,6646.11,160.0,TRADE
VIC1,2025-07-06 20:25:00,6626.24,164.25,TRADE
VIC1,2025-07-06 20:30:00,6604.65,137.96,TRADE
VIC1,2025-07-06 20:35:00,6620.74,200.02,TRADE
VIC1,2025-07-06 20:40:00,6537.03,196.84,TRADE
VIC1,2025-07-06 20:45:00,6567.13,166.42,TRADE
VIC1,2025-07-06 20:50:00,6555.58,175.88,TRADE
VIC1,2025-07-06 20:55:00,6414.36,161.71,TRADE
VIC1,2025-07-06 21:00:00,6394.1,160.36,TRADE
VIC1,2025-07-06 21:05:00,6344.08,160.0,TRADE
VIC1,2025-07-06 21:10:00,6326.11,157.24,TRADE
VIC1,2025-07-06 21:15:00,6299.32,160.0,TRADE
VIC1,2025-07-06 21:20:00,6343.96,250.5,TRADE
VIC1,2025-07-06 21:25:00,6326.21,227.97,TRADE
VIC1,2025-07-06 21:30:00,6286.43,132.72,TRADE
VIC1,2025-07-06 21:35:00,6270.28,132.72,TRADE
VIC1,2025-07-06 21:40:00,6195.09,270.82,TRADE
VIC1,2025-07-06 21:45:00,6160.88,200.17,TRADE
VIC1,2025-07-06 21:50:00,6047.5,132.72,TRADE
VIC1,2025-07-06 21:55:00,6014.19,159.5,TRADE
VIC1,2025-07-06 22:00:00,5999.75,166.43,TRADE
VIC1,2025-07-06 22:05:00,5906.01,158.83,TRADE
VIC1,2025-07-06 22:10:00,5915.21,130.5,TRADE
VIC1,2025-07-06 22:15:00,5927.86,160.68,TRADE
VIC1,2025-07-06 22:20:00,5868.07,141.58,TRADE
VIC1,2025-07-06 22:25:00,5854.84,141.81,TRADE
VIC1,2025-07-06 22:30:00,5727.36,127.23,TRADE
VIC1,2025-07-06 22:35:00,5704.62,128.81,TRADE
VIC1,2025-07-06 22:40:00,5760.58,140.37,TRADE
VIC1,2025-07-06 22:45:00,5686.21,122.02,TRADE
VIC1,2025-07-06 22:50:00,5686.55,126.07,TRADE
VIC1,2025-07-06 22:55:00,5646.87,122.02,TRADE
VIC1,2025-07-06 23:00:00,5634.57,122.02,TRADE
VIC1,2025-07-06 23:05:00,5551.14,124.41,TRADE
VIC1,2025-07-06 23:10:00,5662.09,127.62,TRADE
VIC1,2025-07-06 23:15:00,5592.66,122.02,TRADE
VIC1,2025-07-06 23:20:00,5685.72,134.4,TRADE
VIC1,2025-07-06 23:25:00,5665.33,135.42,TRADE
VIC1,2025-07-06 23:30:00,5640.33,122.02,TRADE
VIC1,2025-07-06 23:35:00,5700.21,227.97,TRADE
VIC1,2025-07-06 23:40:00,5572.62,137.55,TRADE
VIC1,2025-07-06 23:45:00,5544.26,129.93,TRADE
VIC1,2025-07-06 23:50:00,5452.76,131.48,TRADE
VIC1,2025-07-06 23:55:00,5412.81,140.49,TRADE
VIC1,2025-07-12 00:00:00,5749.79,170.22,TRADE
VIC1,2025-07-12 00:05:00,5718.57,130.65,TRADE
VIC1,2025-07-12 00:10:00,5605.36,120.96,TRADE
VIC1,2025-07-12 00:15:00,5646.83,132.72,TRADE
VIC1,2025-07-12 00:20:00,5620.31,135.21,TRADE
VIC1,2025-07-12 00:25:00,5561.16,136.51,TRADE
VIC1,2025-07-12 00:30:00,5515.8,117.48,TRADE
VIC1,2025-07-12 00:35:00,5425.95,120.07,TRADE
VIC1,2025-07-12 00:40:00,5402.32,136.01,TRADE
VIC1,2025-07-12 00:45:00,5440.97,170.22,TRADE
VIC1,2025-07-12 00:50:00,5315.07,136.22,TRADE
VIC1,2025-07-12 00:55:00,5326.21,175.64,TRADE
VIC1,2025-07-12 01:00:00,5239.18,130.65,TRADE
VIC1,2025-07-12 01:05:00,5303.2,175.64,TRADE
VIC1,2025-07-12 01:10:00,5295.84,162.52,TRADE
VIC1,2025-07-12 01:15:00,5301.83,178.35,TRADE
VIC1,2025-07-12 01:20:00,5195.79,164.13,TRADE
VIC1,2025-07-12 01:25:00,5147.82,127.32,TRADE
VIC1,2025-07-12 01:30:00,5186.71,140.81,TRADE
VIC1,2025-07-12 01:35:00,5151.61,124.28,TRADE
VIC1,2025-07-12 01:40:00,5076.26,113.86,TRADE
VIC1,2025-07-12 01:45:00,5081.87,116.98,TRADE
VIC1,2025-07-12 01:50:00,5074.48,113.28,TRADE
VIC1,2025-07-12 01:55:00,5058.62,114.56,TRADE
VIC1,2025-07-12 02:00:00,5018.32,102.53,TRADE
VIC1,2025-07-12 02:05:00,4939.76,130.64,TRADE
VIC1,2025-07-12 02:10:00,4902.92,135.78,TRADE
VIC1,2025-07-12 02:15:00,4976.99,166.19,TRADE
VIC1,2025-07-12 02:20:00,4958.14,115.45,TRADE
VIC1,2025-07-12 02:25:00,4869.23,102.26,TRADE
VIC1,2025-07-12 02:30:00,4928.05,116.5,TRADE
VIC1,2025-07-12 02:35:00,4909.89,116.92,TRADE
VIC1,2025-07-12 02:40:00,4911.72,114.51,TRADE
VIC1,2025-07-12 02:45:00,4856.93,101.47,TRADE
VIC1,2025-07-12 02:50:00,4784.21,90.32,TRADE
VIC1,2025-07-12 02:55:00,4841.91,101.47,TRADE
VIC1,2025-07-12 03:00:00,4820.51,91.08,TRADE
VIC1,2025-07-12 03:05:00,4747.96,90.0,TRADE
VIC1,2025-07-12 03:10:00,4796.15,89.86,TRADE
VIC1,2025-07-12 03:15:00,4807.35,90.0,TRADE
VIC1,2025-07-12 03:20:00,4801.04,90.0,TRADE
VIC1,2025-07-12 03:25:00,4720.54,89.86,TRADE
VIC1,2025-07-12 03:30:00,4791.48,78.95,TRADE
VIC1,2025-07-12 03:35:00,4798.49,83.83,TRADE
VIC1,2025-07-12 03:40:00,4699.11,83.46,TRADE
VIC1,2025-07-12 03:45:00,4773.65,86.58,TRADE
VIC1,2025-07-12 03:50:00,4736.69,82.98,TRADE
VIC1,2025-07-12 03:55:00,4705.04,81.76,TRADE
VIC1,2025-07-12 04:00:00,4755.28,83.58,TRADE
VIC1,2025-07-12 04:05:00,4778.78,91.0,TRADE
VIC1,2025-07-12 04:10:00,4765.83,90.13,TRADE
VIC1,2025-07-12 04:15:00,4744.83,84.47,TRADE
VIC1,2025-07-12 04:20:00,4673.43,83.02,TRADE
VIC1,2025-07-12 04:25:00,4696.39,82.64,TRADE
VIC1,2025-07-12 04:30:00,4671.94,81.88,TRADE
VIC1,2025-07-12 04:35:00,4707.9,83.07,TRADE
VIC1,2025-07-12 04:40:00,4746.25,86.51,TRADE
VIC1,2025-07-12 04:45:00,4698.94,80.82,TRADE
VIC1,2025-07-12 04:50:00,4765.88,86.56,TRADE
VIC1,2025-07-12 04:55:00,4786.58,95.35,TRADE
VIC1,2025-07-12 05:00:00,4768.8,94.64,TRADE
VIC1,2025-07-12 05:05:00,4707.46,86.07,TRADE
VIC1,2025-07-12 05:10:00,4741.33,94.15,TRADE
VIC1,2025-07-12 05:15:00,4735.02,86.57,TRADE
VIC1,2025-07-12 05:20:00,4856.78,95.82,TRADE
VIC1,2025-07-12 05:25:00,4852.74,86.65,TRADE
VIC1,2025-07-12 05:30:00,4793.53,86.06,TRADE
VIC1,2025-07-12 05:35:00,4887.1,87.48,TRADE
VIC1,2025-07-12 05:40:00,4893.81,87.22,TRADE
VIC1,2025-07-12 05:45:00,4914.62,93.12,TRADE
VIC1,2025-07-12 05:50:00,4885.33,95.61,TRADE
VIC1,2025-07-12 05:55:00,4896.41,96.13,TRADE
VIC1,2025-07-12 06:00:00,4923.55,99.46,TRADE
VIC1,2025-07-12 06:05:00,5040.52,99.71,TRADE
VIC1,2025-07-12 06:10:00,5114.34,109.56,TRADE
VIC1,2025-07-12 06:15:00,5123.37,104.44,TRADE
VIC1,2025-07-12 06:20:00,5137.8,105.16,TRADE
VIC1,2025-07-12 06:25:00,5181.81,105.29,TRADE
VIC1,2025-07-12 06:30:00,5233.76,105.44,TRADE
VIC1,2025-07-12 06:35:00,5180.22,104.54,TRADE
VIC1,2025-07-12 06:40:00,5257.53,134.25,TRADE
VIC1,2025-07-12 06:45:00,5369.23,131.9,TRADE
VIC1,2025-07-12 06:50:00,5397.38,134.25,TRADE
VIC1,2025-07-12 06:55:00,5478.69,140.0,TRADE
VIC1,2025-07-12 07:00:00,5488.94,135.02,TRADE
VIC1,2025-07-12 07:05:00,5566.78,136.63,TRADE
VIC1,2025-07-12 07:10:00,5541.28,134.32,TRADE
VIC1,2025-07-12 07:15:00,5559.9,139.5,TRADE
VIC1,2025-07-12 07:20:00,5627.63,138.03,TRADE
VIC1,2025-07-12 07:25:00,5679.63,140.55,TRADE
VIC1,2025-07-12 07:30:00,5787.27,185.0,TRADE
VIC1,2025-07-12 07:35:00,5741.96,153.28,TRADE
VIC1,2025-07-12 07:40:00,5827.64,185.0,TRADE
VIC1,2025-07-12 07:45:00,5886.77,185.0,TRADE
VIC1,2025-07-12 07:50:00,5921.66,159.7,TRADE
VIC1,2025-07-12 07:55:00,5988.62,208.08,TRADE
VIC1,2025-07-12 08:00:00,6082.56,255.46,TRADE
VIC1,2025-07-12 08:05:00,6089.26,192.78,TRADE
VIC1,2025-07-12 08:10:00,6135.52,150.6,TRADE
VIC1,2025-07-12 08:15:00,6202.33,138.73,TRADE
VIC1,2025-07-12 08:20:00,6207.68,172.9,TRADE
VIC1,2025-07-12 08:25:00,6216.12,131.26,TRADE
VIC1,2025-07-12 08:30:00,6247.5,140.14,TRADE
VIC1,2025-07-12 08:35:00,6190.18,121.08,TRADE
VIC1,2025-07-12 08:40:00,6245.73,107.42,TRADE
VIC1,2025-07-12 08:45:00,6250.79,109.04,TRADE
VIC1,2025-07-12 08:50:00,6290.38,124.54,TRADE
VIC1,2025-07-12 08:55:00,6269.8,138.52,TRADE
VIC1,2025-07-12 09:00:00,6263.93,101.2,TRADE
VIC1,2025-07-12 09:05:00,6216.45,106.59,TRADE
VIC1,2025-07-12 09:10:00,6163.23,103.89,TRADE
VIC1,2025-07-12 09:15:00,6123.21,108.78,TRADE
VIC1,2025-07-12 09:20:00,6134.14,102.86,TRADE
VIC1,2025-07-12 09:25:00,6119.93,103.13,TRADE
VIC1,2025-07-12 09:30:00,6004.02,99.89,TRADE
VIC1,2025-07-12 09:35:00,6047.38,101.52,TRADE
VIC1,2025-07-12 09:40:00,5966.11,75.8,TRADE
VIC1,2025-07-12 09:45:00,5922.82,99.87,TRADE
VIC1,2025-07-12 09:50:00,5848.63,97.81,TRADE
VIC1,2025-07-12 09:55:00,5717.34,68.75,TRADE
VIC1,2025-07-12 10:00:00,5673.94,42.19,TRADE
VIC1,2025-07-12 10:05:00,5589.36,42.19,TRADE
VIC1,2025-07-12 10:10:00,5471.48,41.45,TRADE
VIC1,2025-07-12 10:15:00,5440.21,8.71,TRADE
VIC1,2025-07-12 10:20:00,5352.02,8.95,TRADE
VIC1,2025-07-12 10:25:00,5256.4,8.95,TRADE
VIC1,2025-07-12 10:30:00,5132.99,0.05,TRADE
VIC1,2025-07-12 10:35:00,4970.44,8.95,TRADE
VIC1,2025-07-12 10:40:00,4908.79,20.04,TRADE
VIC1,2025-07-12 10:45:00,4825.77,5.26,TRADE
VIC1,2025-07-12 10:50:00,4704.24,0.01,TRADE
VIC1,2025-07-12 10:55:00,4692.31,5.26,TRADE
VIC1,2025-07-12 11:00:00,4598.44,0.05,TRADE
VIC1,2025-07-12 11:05:00,4500.19,8.95,TRADE
VIC1,2025-07-12 11:10:00,4449.79,8.95,TRADE
VIC1,2025-07-12 11:15:00,4355.18,-3.85,TRADE
VIC1,2025-07-12 11:20:00,4323.84,0.04,TRADE
VIC1,2025-07-12 11:25:00,4249.52,8.95,TRADE
VIC1,2025-07-12 11:30:00,4173.73,0.04,TRADE
VIC1,2025-07-12 11:35:00,4188.51,-0.36,TRADE
VIC1,2025-07-12 11:40:00,4151.75,5.26,TRADE
VIC1,2025-07-12 11:45:00,4090.55,-5.06,TRADE
VIC1,2025-07-12 11:50:00,4011.36,-8.39,TRADE
VIC1,2025-07-12 11:55:00,3984.65,-9.83,TRADE
VIC1,2025-07-12 12:00:00,4012.82,-5.06,TRADE
VIC1,2025-07-12 12:05:00,3944.57,0.0,TRADE
VIC1,2025-07-12 12:10:00,3860.69,-3.44,TRADE
VIC1,2025-07-12 12:15:00,3913.73,0.01,TRADE
VIC1,2025-07-12 12:20:00,3880.96,-2.71,TRADE
VIC1,2025-07-12 12:25:00,3830.65,-8.3,TRADE
VIC1,2025-07-12 12:30:00,3843.03,-8.45,TRADE
VIC1,2025-07-12 12:35:00,3737.29,-14.0,TRADE
VIC1,2025-07-12 12:40:00,3797.83,-14.0,TRADE
VIC1,2025-07-12 12:45:00,3751.18,-16.0,TRADE
VIC1,2025-07-12 12:50:00,3739.19,-17.19,TRADE
VIC1,2025-07-12 12:55:00,3843.92,-14.0,TRADE
VIC1,2025-07-12 13:00:00,3852.07,-14.42,TRADE
VIC1,2025-07-12 13:05:00,3872.32,-14.0,TRADE
VIC1,2025-07-12 13:10:00,3891.5,-14.12,TRADE
VIC1,2025-07-12 13:15:00,3903.16,-14.22,TRADE
VIC1,2025-07-12 13:20:00,4003.24,-15.12,TRADE
VIC1,2025-07-12 13:25:00,4082.46,-14.0,TRADE
VIC1,2025-07-12 13:30:00,4099.48,-14.0,TRADE
VIC1,2025-07-12 13:35:00,4177.46,-8.95,TRADE
VIC1,2025-07-12 13:40:00,4213.19,-8.68,TRADE
VIC1,2025-07-12 13:45:00,4262.61,-14.0,TRADE
VIC1,2025-07-12 13:50:00,4257.39,-9.83,TRADE
VIC1,2025-07-12 13:55:00,4299.33,-14.0,TRADE
VIC1,2025-07-12 14:00:00,4403.04,-14.0,TRADE
VIC1,2025-07-12 14:05:00,4427.28,-14.0,TRADE
VIC1,2025-07-12 14:10:00,4373.81,0.0,TRADE
VIC1,2025-07-12 14:15:00,4379.14,-8.99,TRADE
VIC1,2025-07-12 14:20:00,4362.44,-9.96,TRADE
VIC1,2025-07-12 14:25:00,4380.38,0.01,TRADE
VIC1,2025-07-12 14:30:00,4360.33,0.0,TRADE
VIC1,2025-07-12 14:35:00,4373.94,-8.83,TRADE
VIC1,2025-07-12 14:40:00,4480.79,8.95,TRADE
VIC1,2025-07-12 14:45:00,4574.24,8.95,TRADE
VIC1,2025-07-12 14:50:00,4613.38,8.95,TRADE
VIC1,2025-07-12 14:55:00,4687.3,55.46,TRADE
VIC1,2025-07-12 15:00:00,4689.95,54.85,TRADE
VIC1,2025-07-12 15:05:00,4755.05,8.95,TRADE
VIC1,2025-07-12 15:10:00,4828.88,8.95,TRADE
VIC1,2025-07-12 15:15:00,4877.31,34.98,TRADE
VIC1,2025-07-12 15:20:00,4993.33,45.43,TRADE
VIC1,2025-07-12 15:25:00,5072.8,46.65,TRADE
VIC1,2025-07-12 15:30:00,5165.23,35.62,TRADE
VIC1,2025-07-12 15:35:00,5262.08,8.95,TRADE
VIC1,2025-07-12 15:40:00,5286.32,44.56,TRADE
VIC1,2025-07-12 15:45:00,5343.55,50.62,TRADE
VIC1,2025-07-12 15:50:00,5354.25,62.49,TRADE
VIC1,2025-07-12 15:55:00,5423.34,80.9,TRADE
VIC1,2025-07-12 16:00:00,5506.75,106.93,TRADE
VIC1,2025-07-12 16:05:00,5457.01,81.53,TRADE
VIC1,2025-07-12 16:10:00,5546.2,81.53,TRADE
VIC1,2025-07-12 16:15:00,5667.91,133.11,TRADE
VIC1,2025-07-12 16:20:00,5686.67,132.72,TRADE
VIC1,2025-07-12 16:25:00,5677.04,91.45,TRADE
VIC1,2025-07-12 16:30:00,5750.27,133.11,TRADE
VIC1,2025-07-12 16:35:00,5843.52,125.9,TRADE
VIC1,2025-07-12 16:40:00,5925.09,125.6,TRADE
VIC1,2025-07-12 16:45:00,5945.09,175.29,TRADE
VIC1,2025-07-12 16:50:00,6022.91,185.0,TRADE
VIC1,2025-07-12 16:55:00,6132.0,179.03,TRADE
VIC1,2025-07-12 17:00:00,6201.67,235.16,TRADE
VIC1,2025-07-12 17:05:00,6259.71,157.4,TRADE
VIC1,2025-07-12 17:10:00,6244.56,143.81,TRADE
VIC1,2025-07-12 17:15:00,6354.12,180.19,TRADE
VIC1,2025-07-12 17:20:00,6396.99,202.39,TRADE
VIC1,2025-07-12 17:25:00,6454.56,198.96,TRADE
VIC1,2025-07-12 17:30:00,6456.23,259.11,TRADE
VIC1,2025-07-12 17:35:00,6513.97,175.18,TRADE
VIC1,2025-07-12 17:40:00,6610.63,227.71,TRADE
VIC1,2025-07-12 17:45:00,6636.82,283.24,TRADE
VIC1,2025-07-12 17:50:00,6563.66,170.22,TRADE
VIC1,2025-07-12 17:55:00,6607.26,163.26,TRADE
VIC1,2025-07-12 18:00:00,6707.22,169.15,TRADE
VIC1,2025-07-12 18:05:00,6707.78,163.41,TRADE
VIC1,2025-07-12 18:10:00,6632.27,163.46,TRADE
VIC1,2025-07-12 18:15:00,6719.67,141.47,TRADE
VIC1,2025-07-12 18:20:00,6736.38,140.55,TRADE
VIC1,2025-07-12 18:25:00,6700.45,135.89,TRADE
VIC1,2025-07-12 18:30:00,6737.41,170.22,TRADE
VIC1,2025-07-12 18:35:00,6653.11,135.11,TRADE
VIC1,2025-07-12 18:40:00,6588.27,133.62,TRADE
VIC1,2025-07-12 18:45:00,6630.32,234.93,TRADE
VIC1,2025-07-12 18:50:00,6509.97,131.95,TRADE
VIC1,2025-07-12 18:55:00,6525.96,175.33,TRADE
VIC1,2025-07-12 19:00:00,6581.61,132.72,TRADE
VIC1,2025-07-12 19:05:00,6500.46,133.13,TRADE
VIC1,2025-07-12 19:10:00,6513.88,132.22,TRADE
VIC1,2025-07-12 19:15:00,6557.33,129.49,TRADE
VIC1,2025-07-12 19:20:00,6500.43,100.9,TRADE
VIC1,2025-07-12 19:25:00,6407.61,102.24,TRADE
VIC1,2025-07-12 19:30:00,6404.07,101.06,TRADE
VIC1,2025-07-12 19:35:00,6352.32,101.2,TRADE
VIC1,2025-07-12 19:40:00,6432.33,102.68,TRADE
VIC1,2025-07-12 19:45:00,6383.42,101.46,TRADE
VIC1,2025-07-12 19:50:00,6342.85,98.82,TRADE
VIC1,2025-07-12 19:55:00,6350.54,98.84,TRADE
VIC1,2025-07-12 20:00:00,6333.35,98.2,TRADE
VIC1,2025-07-12 20:05:00,6305.44,97.41,TRADE
VIC1,2025-07-12 20:10:00,6248.19,88.98,TRADE
VIC1,2025-07-12 20:15:00,6176.82,83.44,TRADE
VIC1,2025-07-12 20:20:00,6133.79,74.75,TRADE
VIC1,2025-07-12 20:25:00,6229.24,81.09,TRADE
VIC1,2025-07-12 20:30:00,6186.47,78.94,TRADE
VIC1,2025-07-12 20:35:00,6111.39,82.17,TRADE
VIC1,2025-07-12 20:40:00,6179.57,83.65,TRADE
VIC1,2025-07-12 20:45:00,6146.53,18.6,TRADE
VIC1,2025-07-12 20:50:00,6137.13,20.0,TRADE
VIC1,2025-07-12 20:55:00,6068.49,8.95,TRADE
VIC1,2025-07-12 21:00:00,5972.2,8.95,TRADE
VIC1,2025-07-12 21:05:00,5942.02,8.95,TRADE
VIC1,2025-07-12 21:10:00,5982.26,19.18,TRADE
VIC1,2025-07-12 21:15:00,5966.29,19.18,TRADE
VIC1,2025-07-12 21:20:00,5866.74,0.01,TRADE
VIC1,2025-07-12 21:25:00,5930.36,8.95,TRADE
VIC1,2025-07-12 21:30:00,5929.39,5.26,TRADE
VIC1,2025-07-12 21:35:00,5877.91,8.95,TRADE
VIC1,2025-07-12 21:40:00,5851.65,8.95,TRADE
VIC1,2025-07-12 21:45:00,5716.11,0.01,TRADE
VIC1,2025-07-12 21:50:00,5783.18,8.95,TRADE
VIC1,2025-07-12 21:55:00,5757.9,8.95,TRADE
VIC1,2025-07-12 22:00:00,5742.63,8.95,TRADE
VIC1,2025-07-12 22:05:00,5643.33,8.95,TRADE
VIC1,2025-07-12 22:10:00,5675.53,8.95,TRADE
VIC1,2025-07-12 22:15:00,5657.36,8.95,TRADE
VIC1,2025-07-12 22:20:00,5598.1,7.72,TRADE
VIC1,2025-07-12 22:25:00,5521.43,7.86,TRADE
VIC1,2025-07-12 22:30:00,5471.23,8.85,TRADE
VIC1,2025-07-12 22:35:00,5485.07,8.95,TRADE
VIC1,2025-07-12 22:40:00,5519.65,8.95,TRADE
VIC1,2025-07-12 22:45:00,5376.98,8.02,TRADE
VIC1,2025-07-12 22:50:00,5449.64,8.95,TRADE
VIC1,2025-07-12 22:55:00,5440.75,8.95,TRADE
VIC1,2025-07-12 23:00:00,5386.12,8.95,TRADE
VIC1,2025-07-12 23:05:00,5391.08,8.95,TRADE
VIC1,2025-07-12 23:10:00,5365.0,20.0,TRADE
VIC1,2025-07-12 23:15:00,5503.71,20.0,TRADE
VIC1,2025-07-12 23:20:00,5412.74,8.95,TRADE
VIC1,2025-07-12 23:25:00,5475.23,8.95,TRADE
VIC1,2025-07-12 23:30:00,5529.0,8.95,TRADE
VIC1,2025-07-12 23:35:00,5421.31,8.95,TRADE
VIC1,2025-07-12 23:40:00,5407.24,8.95,TRADE
VIC1,2025-07-12 23:45:00,5330.07,8.95,TRADE
VIC1,2025-07-12 23:50:00,5307.44,8.95,TRADE
VIC1,2025-07-12 23:55:00,5231.16,0.76,TRADE
VIC1,2025-07-13 00:00:00,5127.23,0.53,TRADE
VIC1,2025-07-13 00:05:00,5168.16,0.53,TRADE
VIC1,2025-07-13 00:10:00,5150.84,0.53,TRADE
VIC1,2025-07-13 00:15:00,5112.12,0.53,TRADE
VIC1,2025-07-13 00:20:00,5076.74,0.62,TRADE
VIC1,2025-07-13 00:25:00,5018.32,0.0,TRADE
VIC1,2025-07-13 00:30:00,4995.18,-5.06,TRADE
VIC1,2025-07-13 00:35:00,4978.49,-7.41,TRADE
VIC1,2025-07-13 00:40:00,4952.0,-5.06,TRADE
VIC1,2025-07-13 00:45:00,4836.89,-9.96,TRADE
VIC1,2025-07-13 00:50:00,4791.79,-9.96,TRADE
VIC1,2025-07-13 00:55:00,4771.98,-9.96,TRADE
VIC1,2025-07-13 01:00:00,4763.85,-14.0,TRADE
VIC1,2025-07-13 01:05:00,4754.69,-9.96,TRADE
VIC1,2025-07-13 01:10:00,4744.54,-9.96,TRADE
VIC1,2025-07-13 01:15:00,4708.49,-9.96,TRADE
VIC1,2025-07-13 01:20:00,4705.71,-9.96,TRADE
VIC1,2025-07-13 01:25:00,4648.28,-9.96,TRADE
VIC1,2025-07-13 01:30:00,4553.85,-14.0,TRADE
VIC1,2025-07-13 01:35:00,4563.46,-9.96,TRADE
VIC1,2025-07-13 01:40:00,4599.26,-9.96,TRADE
VIC1,2025-07-13 01:45:00,4585.96,-9.96,TRADE
VIC1,2025-07-13 01:50:00,4520.81,-14.0,TRADE
VIC1,2025-07-13 01:55:00,4528.64,-9.96,TRADE
VIC1,2025-07-13 02:00:00,4473.49,-14.0,TRADE
VIC1,2025-07-13 02:05:00,4455.86,-14.0,TRADE
VIC1,2025-07-13 02:10:00,4358.8,-14.0,TRADE
VIC1,2025-07-13 02:15:00,4347.76,-14.0,TRADE
VIC1,2025-07-13 02:20:00,4373.3,-14.0,TRADE
VIC1,2025-07-13 02:25:00,4414.34,-14.0,TRADE
VIC1,2025-07-13 02:30:00,4349.1,-14.0,TRADE
VIC1,2025-07-13 02:35:00,4350.93,-14.0,TRADE
VIC1,2025-07-13 02:40:00,4341.22,-14.0,TRADE
VIC1,2025-07-13 02:45:00,4342.04,-14.0,TRADE
VIC1,2025-07-13 02:50:00,4312.24,-14.0,TRADE
VIC1,2025-07-13 02:55:00,4230.01,-14.0,TRADE
VIC1,2025-07-13 03:00:00,4231.46,-14.0,TRADE
VIC1,2025-07-13 03:05:00,4219.82,-14.0,TRADE
VIC1,2025-07-13 03:10:00,4208.03,-14.0,TRADE
VIC1,2025-07-13 03:15:00,4213.21,-14.0,TRADE
VIC1,2025-07-13 03:20:00,4197.63,-14.0,TRADE
VIC1,2025-07-13 03:25:00,4281.21,-14.0,TRADE
VIC1,2025-07-13 03:30:00,4246.66,-14.0,TRADE
VIC1,2025-07-13 03:35:00,4227.19,-14.0,TRADE
VIC1,2025-07-13 03:40:00,4226.4,-14.0,TRADE
VIC1,2025-07-13 03:45:00,4217.61,-14.0,TRADE
VIC1,2025-07-13 03:50:00,4210.33,-14.0,TRADE
VIC1,2025-07-13 03:55:00,4142.1,-14.0,TRADE
VIC1,2025-07-13 04:00:00,4109.98,-17.19,TRADE
VIC1,2025-07-13 04:05:00,4182.1,-14.0,TRADE
VIC1,2025-07-13 04:10:00,4162.3,-14.0,TRADE
VIC1,2025-07-13 04:15:00,4168.41,-17.19,TRADE
VIC1,2025-07-13 04:20:00,4213.43,-17.19,TRADE
VIC1,2025-07-13 04:25:00,4191.58,-14.0,TRADE
VIC1,2025-07-13 04:30:00,4177.05,-14.0,TRADE
VIC1,2025-07-13 04:35:00,4099.86,-18.98,TRADE
VIC1,2025-07-13 04:40:00,4083.42,-18.37,TRADE
VIC1,2025-07-13 04:45:00,4167.8,-14.0,TRADE
VIC1,2025-07-13 04:50:00,4163.77,-14.0,TRADE
VIC1,2025-07-13 04:55:00,4159.78,-14.0,TRADE
VIC1,2025-07-13 05:00:00,4167.53,-18.14,TRADE
VIC1,2025-07-13 05:05:00,4192.27,-18.98,TRADE
VIC1,2025-07-13 05:10:00,4233.91,-18.14,TRADE
VIC1,2025-07-13 05:15:00,4233.62,-19.96,TRADE
VIC1,2025-07-13 05:20:00,4175.97,-19.96,TRADE
VIC1,2025-07-13 05:25:00,4222.75,-19.96,TRADE
VIC1,2025-07-13 05:30:00,4246.58,-14.0,TRADE
VIC1,2025-07-13 05:35:00,4150.86,-18.14,TRADE
VIC1,2025-07-13 05:40:00,4254.74,-14.0,TRADE
VIC1,2025-07-13 05:45:00,4249.67,-14.0,TRADE
VIC1,2025-07-13 05:50:00,4287.78,-14.0,TRADE
VIC1,2025-07-13 05:55:00,4198.95,-19.96,TRADE
VIC1,2025-07-13 06:00:00,4239.02,-14.0,TRADE
VIC1,2025-07-13 06:05:00,4259.9,-14.0,TRADE
VIC1,2025-07-13 06:10:00,4262.17,-14.0,TRADE
VIC1,2025-07-13 06:15:00,4298.96,-14.0,TRADE
VIC1,2025-07-13 06:20:00,4365.41,-14.0,TRADE
VIC1,2025-07-13 06:25:00,4381.86,-14.0,TRADE
VIC1,2025-07-13 06:30:00,4422.29,-14.0,TRADE
VIC1,2025-07-13 06:35:00,4406.62,-14.0,TRADE
VIC1,2025-07-13 06:40:00,4493.97,-14.0,TRADE
VIC1,2025-07-13 06:45:00,4517.69,-14.0,TRADE
VIC1,2025-07-13 06:50:00,4543.49,-14.0,TRADE
VIC1,2025-07-13 06:55:00,4566.78,-9.96,TRADE
VIC1,2025-07-13 07:00:00,4564.68,-14.0,TRADE
VIC1,2025-07-13 07:05:00,4647.22,-9.96,TRADE
VIC1,2025-07-13 07:10:00,4597.48,-14.0,TRADE
VIC1,2025-07-13 07:15:00,4694.96,-9.96,TRADE
VIC1,2025-07-13 07:20:00,4825.9,-9.83,TRADE
VIC1,2025-07-13 07:25:00,4809.87,-9.83,TRADE
VIC1,2025-07-13 07:30:00,4812.45,-9.96,TRADE
VIC1,2025-07-13 07:35:00,4886.15,-9.83,TRADE
VIC1,2025-07-13 07:40:00,5001.27,0.01,TRADE
VIC1,2025-07-13 07:45:00,5059.43,0.01,TRADE
VIC1,2025-07-13 07:50:00,5128.03,-7.41,TRADE
VIC1,2025-07-13 07:55:00,5046.13,-9.96,TRADE
VIC1,2025-07-13 08:00:00,5191.58,-14.0,TRADE
VIC1,2025-07-13 08:05:00,5101.42,-14.0,TRADE
VIC1,2025-07-13 08:10:00,5201.03,-9.96,TRADE
VIC1,2025-07-13 08:15:00,5232.47,-12.29,TRADE
VIC1,2025-07-13 08:20:00,5190.22,-11.49,TRADE
VIC1,2025-07-13 08:25:00,5236.21,-9.96,TRADE
VIC1,2025-07-13 08:30:00,5301.08,-0.17,TRADE
VIC1,2025-07-13 08:35:00,5298.22,0.81,TRADE
VIC1,2025-07-13 08:40:00,5266.64,-14.0,TRADE
VIC1,2025-07-13 08:45:00,5293.08,-0.43,TRADE
VIC1,2025-07-13 08:50:00,5299.9,0.01,TRADE
VIC1,2025-07-13 08:55:00,5258.45,-14.0,TRADE
VIC1,2025-07-13 09:00:00,5162.0,-14.0,TRADE
VIC1,2025-07-13 09:05:00,5160.23,-14.0,TRADE
VIC1,2025-07-13 09:10:00,5230.82,-14.0,TRADE
VIC1,2025-07-13 09:15:00,5038.8,-14.0,TRADE
VIC1,2025-07-13 09:20:00,4978.22,-14.0,TRADE
VIC1,2025-07-13 09:25:00,4974.79,-14.0,TRADE
VIC1,2025-07-13 09:30:00,5012.74,-14.0,TRADE
VIC1,2025-07-13 09:35:00,4941.46,-14.0,TRADE
VIC1,2025-07-13 09:40:00,4832.25,-20.37,TRADE
VIC1,2025-07-13 09:45:00,4894.5,-19.5,TRADE
VIC1,2025-07-13 09:50:00,4902.91,-15.99,TRADE
VIC1,2025-07-13 09:55:00,4825.99,-18.0,TRADE
VIC1,2025-07-13 10:00:00,4890.87,-20.99,TRADE
VIC1,2025-07-13 10:05:00,4822.42,-14.0,TRADE
VIC1,2025-07-13 10:10:00,4811.74,-14.0,TRADE
VIC1,2025-07-13 10:15:00,4919.35,-14.0,TRADE
VIC1,2025-07-13 10:20:00,4915.21,-14.0,TRADE
VIC1,2025-07-13 10:25:00,4903.67,-12.45,TRADE
VIC1,2025-07-13 10:30:00,4917.93,-9.96,TRADE
VIC1,2025-07-13 10:35:00,4931.64,-9.96,TRADE
VIC1,2025-07-13 10:40:00,4940.92,-5.17,TRADE
VIC1,2025-07-13 10:45:00,4906.08,-14.0,TRADE
VIC1,2025-07-13 10:50:00,4827.89,-14.0,TRADE
VIC1,2025-07-13 10:55:00,4834.85,-14.0,TRADE
VIC1,2025-07-13 11:00:00,4919.91,-14.0,TRADE
VIC1,2025-07-13 11:05:00,4895.2,-14.0,TRADE
VIC1,2025-07-13 11:10:00,4936.11,-5.89,TRADE
VIC1,2025-07-13 11:15:00,4914.65,-14.0,TRADE
VIC1,2025-07-13 11:20:00,4980.42,-14.0,TRADE
VIC1,2025-07-13 11:25:00,5018.88,-14.0,TRADE
VIC1,2025-07-13 11:30:00,4952.19,-14.0,TRADE
VIC1,2025-07-13 11:35:00,4893.88,-14.0,TRADE
VIC1,2025-07-13 11:40:00,4918.59,-14.0,TRADE
VIC1,2025-07-13 11:45:00,4983.13,-14.0,TRADE
VIC1,2025-07-13 11:50:00,4997.68,-14.0,TRADE
VIC1,2025-07-13 11:55:00,4953.13,-14.0,TRADE
VIC1,2025-07-13 12:00:00,5005.1,-14.0,TRADE
VIC1,2025-07-13 12:05:00,5055.23,-15.99,TRADE
VIC1,2025-07-13 12:10:00,5057.6,-14.0,TRADE
VIC1,2025-07-13 12:15:00,4988.71,-14.0,TRADE
VIC1,2025-07-13 12:20:00,4964.73,-15.99,TRADE
VIC1,2025-07-13 12:25:00,5013.19,-14.0,TRADE
VIC1,2025-07-13 12:30:00,4993.54,-14.39,TRADE
VIC1,2025-07-13 12:35:00,4971.72,-14.0,TRADE
VIC1,2025-07-13 12:40:00,4859.95,-14.0,TRADE
VIC1,2025-07-13 12:45:00,4925.78,-14.37,TRADE
VIC1,2025-07-13 12:50:00,4903.09,-15.99,TRADE
VIC1,2025-07-13 12:55:00,4885.53,-14.0,TRADE
VIC1,2025-07-13 13:00:00,4897.47,-14.09,TRADE
VIC1,2025-07-13 13:05:00,4811.23,-14.0,TRADE
VIC1,2025-07-13 13:10:00,4846.08,-14.0,TRADE
VIC1,2025-07-13 13:15:00,4903.05,-14.0,TRADE
VIC1,2025-07-13 13:20:00,4880.19,-14.0,TRADE
VIC1,2025-07-13 13:25:00,4755.04,-15.99,TRADE
VIC1,2025-07-13 13:30:00,4683.8,-17.75,TRADE
VIC1,2025-07-13 13:35:00,4521.83,-15.0,TRADE
VIC1,2025-07-13 13:40:00,4459.92,-14.0,TRADE
VIC1,2025-07-13 13:45:00,4292.79,-15.99,TRADE
VIC1,2025-07-13 13:50:00,4331.87,-15.99,TRADE
VIC1,2025-07-13 13:55:00,4453.1,-14.0,TRADE
VIC1,2025-07-13 14:00:00,4683.32,-14.0,TRADE
VIC1,2025-07-13 14:05:00,4728.54,-14.0,TRADE
VIC1,2025-07-13 14:10:00,4751.51,-14.0,TRADE
VIC1,2025-07-13 14:15:00,4951.31,0.04,TRADE
VIC1,2025-07-13 14:20:00,4975.29,0.04,TRADE
VIC1,2025-07-13 14:25:00,5095.68,0.04,TRADE
VIC1,2025-07-13 14:30:00,5047.35,1.48,TRADE
VIC1,2025-07-13 14:35:00,5045.05,0.04,TRADE
VIC1,2025-07-13 14:40:00,5067.43,16.5,TRADE
VIC1,2025-07-13 14:45:00,5199.05,8.95,TRADE
VIC1,2025-07-13 14:50:00,5232.96,8.95,TRADE
VIC1,2025-07-13 14:55:00,5259.83,12.42,TRADE
VIC1,2025-07-13 15:00:00,5269.39,0.01,TRADE
VIC1,2025-07-13 15:05:00,5335.48,-14.0,TRADE
VIC1,2025-07-13 15:10:00,5345.91,-14.0,TRADE
VIC1,2025-07-13 15:15:00,5304.99,-0.02,TRADE
VIC1,2025-07-13 15:20:00,5347.26,-11.74,TRADE
VIC1,2025-07-13 15:25:00,5543.93,0.0,TRADE
VIC1,2025-07-13 15:30:00,5572.19,-0.03,TRADE
VIC1,2025-07-13 15:35:00,5592.2,-12.95,TRADE
VIC1,2025-07-13 15:40:00,5662.49,12.4,TRADE
VIC1,2025-07-13 15:45:00,5741.02,20.04,TRADE
VIC1,2025-07-13 15:50:00,5798.05,8.95,TRADE
VIC1,2025-07-13 15:55:00,5840.35,8.95,TRADE
VIC1,2025-07-13 16:00:00,5861.11,22.67,TRADE
VIC1,2025-07-13 16:05:00,5957.78,20.0,TRADE
VIC1,2025-07-13 16:10:00,5987.82,20.0,TRADE
VIC1,2025-07-13 16:15:00,6008.39,28.53,TRADE
VIC1,2025-07-13 16:20:00,6084.06,44.83,TRADE
VIC1,2025-07-13 16:25:00,6124.74,38.83,TRADE
VIC1,2025-07-13 16:30:00,6256.54,8.95,TRADE
VIC1,2025-07-13 16:35:00,6302.73,8.95,TRADE
VIC1,2025-07-13 16:40:00,6274.45,36.39,TRADE
VIC1,2025-07-13 16:45:00,6393.45,20.0,TRADE
VIC1,2025-07-13 16:50:00,6380.07,53.08,TRADE
VIC1,2025-07-13 16:55:00,6467.3,53.13,TRADE
VIC1,2025-07-13 17:00:00,6518.48,73.35,TRADE
VIC1,2025-07-13 17:05:00,6556.66,53.31,TRADE
VIC1,2025-07-13 17:10:00,6552.15,43.32,TRADE
VIC1,2025-07-13 17:15:00,6677.74,58.29,TRADE
VIC1,2025-07-13 17:20:00,6671.26,71.72,TRADE
VIC1,2025-07-13 17:25:00,6676.9,82.91,TRADE
VIC1,2025-07-13 17:30:00,6855.03,97.41,TRADE
VIC1,2025-07-13 17:35:00,6807.15,64.69,TRADE
VIC1,2025-07-13 17:40:00,6806.67,59.21,TRADE
VIC1,2025-07-13 17:45:00,6887.54,61.4,TRADE
VIC1,2025-07-13 17:50:00,6960.19,62.48,TRADE
VIC1,2025-07-13 17:55:00,6998.54,72.61,TRADE
VIC1,2025-07-13 18:00:00,7049.35,95.59,TRADE
VIC1,2025-07-13 18:05:00,6934.82,106.62,TRADE
VIC1,2025-07-13 18:10:00,6649.05,70.57,TRADE
VIC1,2025-07-13 18:15:00,6744.69,83.83,TRADE
VIC1,2025-07-13 18:20:00,6716.01,65.79,TRADE
VIC1,2025-07-13 18:25:00,6621.4,41.85,TRADE
VIC1,2025-07-13 18:30:00,6668.93,64.59,TRADE
VIC1,2025-07-13 18:35:00,6893.27,54.92,TRADE
VIC1,2025-07-13 18:40:00,6948.7,53.63,TRADE
VIC1,2025-07-13 18:45:00,6918.06,45.49,TRADE
VIC1,2025-07-13 18:50:00,6799.54,45.84,TRADE
VIC1,2025-07-13 18:55:00,6758.48,62.24,TRADE
VIC1,2025-07-13 19:00:00,6862.99,49.6,TRADE
VIC1,2025-07-13 19:05:00,6864.89,46.22,TRADE
VIC1,2025-07-13 19:10:00,6811.61,47.07,TRADE
VIC1,2025-07-13 19:15:00,6813.24,45.56,TRADE
VIC1,2025-07-13 19:20:00,6798.16,43.16,TRADE
VIC1,2025-07-13 19:25:00,6798.22,39.06,TRADE
VIC1,2025-07-13 19:30:00,6770.98,34.13,TRADE
VIC1,2025-07-13 19:35:00,6695.12,49.65,TRADE
VIC1,2025-07-13 19:40:00,6693.49,50.93,TRADE
VIC1,2025-07-13 19:45:00,6677.74,50.47,TRADE
VIC1,2025-07-13 19:50:00,6718.16,54.54,TRADE
VIC1,2025-07-13 19:55:00,6690.18,58.69,TRADE
VIC1,2025-07-13 20:00:00,6581.26,45.73,TRADE
VIC1,2025-07-13 20:05:00,6590.28,54.75,TRADE
VIC1,2025-07-13 20:10:00,6576.54,53.68,TRADE
VIC1,2025-07-13 20:15:00,6559.98,55.02,TRADE
VIC1,2025-07-13 20:20:00,6530.08,45.86,TRADE
VIC1,2025-07-13 20:25:00,6433.75,39.08,TRADE
VIC1,2025-07-13 20:30:00,6456.27,35.28,TRADE
VIC1,2025-07-13 20:35:00,6432.39,39.37,TRADE
VIC1,2025-07-13 20:40:00,6416.89,45.97,TRADE
VIC1,2025-07-13 20:45:00,6360.88,31.4,TRADE
VIC1,2025-07-13 20:50:00,6322.59,-14.0,TRADE
VIC1,2025-07-13 20:55:00,6310.09,-14.0,TRADE
VIC1,2025-07-13 21:00:00,6256.67,-14.0,TRADE
VIC1,2025-07-13 21:05:00,6148.01,-14.0,TRADE
VIC1,2025-07-13 21:10:00,6123.17,0.01,TRADE
VIC1,2025-07-13 21:15:00,6083.07,0.01,TRADE
VIC1,2025-07-13 21:20:00,6065.22,0.01,TRADE
VIC1,2025-07-13 21:25:00,6032.17,0.01,TRADE
VIC1,2025-07-13 21:30:00,6025.03,0.01,TRADE
VIC1,2025-07-13 21:35:00,5961.92,0.01,TRADE
VIC1,2025-07-13 21:40:00,5987.0,0.01,TRADE
VIC1,2025-07-13 21:45:00,5979.77,0.53,TRADE
VIC1,2025-07-13 21:50:00,5935.3,8.95,TRADE
VIC1,2025-07-13 21:55:00,5796.2,8.95,TRADE
VIC1,2025-07-13 22:00:00,5725.49,1.14,TRADE
VIC1,2025-07-13 22:05:00,5697.97,8.5,TRADE
VIC1,2025-07-13 22:10:00,5699.6,7.81,TRADE
VIC1,2025-07-13 22:15:00,5573.21,8.24,TRADE
VIC1,2025-07-13 22:20:00,5564.77,7.81,TRADE
VIC1,2025-07-13 22:25:00,5536.72,53.81,TRADE
VIC1,2025-07-13 22:30:00,5499.43,36.95,TRADE
VIC1,2025-07-13 22:35:00,5434.5,39.91,TRADE
VIC1,2025-07-13 22:40:00,5502.07,54.13,TRADE
VIC1,2025-07-13 22:45:00,5461.68,46.12,TRADE
VIC1,2025-07-13 22:50:00,5441.62,29.72,TRADE
VIC1,2025-07-13 22:55:00,5416.18,20.0,TRADE
VIC1,2025-07-13 23:00:00,5281.97,8.95,TRADE
VIC1,2025-07-13 23:05:00,5218.88,8.95,TRADE
VIC1,2025-07-13 23:10:00,5370.92,31.59,TRADE
VIC1,2025-07-13 23:15:00,5331.88,8.95,TRADE
VIC1,2025-07-13 23:20:00,5407.05,8.95,TRADE
VIC1,2025-07-13 23:25:00,5357.12,8.95,TRADE
VIC1,2025-07-13 23:30:00,5353.75,8.95,TRADE
VIC1,2025-07-13 23:35:00,5403.58,8.95,TRADE
VIC1,2025-07-13 23:40:00,5335.86,20.2,TRADE
VIC1,2025-07-13 23:45:00,5273.42,8.95,TRADE
VIC1,2025-07-13 23:50:00,5206.21,6.95,TRADE
VIC1,2025-07-13 23:55:00,5163.31,8.95,TRADE
VIC1,2025-07-19 00:00:00,5552.27,0.0,TRADE
VIC1,2025-07-19 00:05:00,5580.22,0.01,TRADE
VIC1,2025-07-19 00:10:00,5484.29,0.01,TRADE
VIC1,2025-07-19 00:15:00,5515.4,0.01,TRADE
VIC1,2025-07-19 00:20:00,5439.19,0.0,TRADE
VIC1,2025-07-19 00:25:00,5386.61,0.0,TRADE
VIC1,2025-07-19 00:30:00,5364.11,0.0,TRADE
VIC1,2025-07-19 00:35:00,5247.05,0.0,TRADE
VIC1,2025-07-19 00:40:00,5184.54,0.0,TRADE
VIC1,2025-07-19 00:45:00,5191.78,0.0,TRADE
VIC1,2025-07-19 00:50:00,5183.41,0.0,TRADE
VIC1,2025-07-19 00:55:00,5109.33,0.0,TRADE
VIC1,2025-07-19 01:00:00,5116.0,-7.41,TRADE
VIC1,2025-07-19 01:05:00,5067.9,-7.41,TRADE
VIC1,2025-07-19 01:10:00,5027.13,-9.83,TRADE
VIC1,2025-07-19 01:15:00,4929.96,-9.96,TRADE
VIC1,2025-07-19 01:20:00,4896.19,-9.96,TRADE
VIC1,2025-07-19 01:25:00,4904.69,-9.96,TRADE
VIC1,2025-07-19 01:30:00,4939.23,-9.96,TRADE
VIC1,2025-07-19 01:35:00,4890.04,-11.21,TRADE
VIC1,2025-07-19 01:40:00,4844.62,-11.95,TRADE
VIC1,2025-07-19 01:45:00,4818.93,-13.79,TRADE
VIC1,2025-07-19 01:50:00,4792.96,-13.79,TRADE
VIC1,2025-07-19 01:55:00,4757.73,-13.79,TRADE
VIC1,2025-07-19 02:00:00,4713.7,-14.0,TRADE
VIC1,2025-07-19 02:05:00,4697.69,-14.0,TRADE
VIC1,2025-07-19 02:10:00,4703.24,-13.79,TRADE
VIC1,2025-07-19 02:15:00,4691.94,-13.79,TRADE
VIC1,2025-07-19 02:20:00,4605.64,-11.82,TRADE
VIC1,2025-07-19 02:25:00,4617.5,-14.0,TRADE
VIC1,2025-07-19 02:30:00,4663.5,-14.0,TRADE
VIC1,2025-07-19 02:35:00,4687.59,-13.79,TRADE
VIC1,2025-07-19 02:40:00,4648.8,-13.79,TRADE
VIC1,2025-07-19 02:45:00,4546.24,-14.0,TRADE
VIC1,2025-07-19 02:50:00,4524.62,-14.0,TRADE
VIC1,2025-07-19 02:55:00,4509.41,-14.0,TRADE
VIC1,2025-07-19 03:00:00,4537.4,-14.0,TRADE
VIC1,2025-07-19 03:05:00,4606.5,-14.0,TRADE
VIC1,2025-07-19 03:10:00,4590.73,-14.0,TRADE
VIC1,2025-07-19 03:15:00,4572.62,-14.0,TRADE
VIC1,2025-07-19 03:20:00,4578.53,-14.0,TRADE
VIC1,2025-07-19 03:25:00,4603.62,-14.0,TRADE
VIC1,2025-07-19 03:30:00,4591.84,-14.0,TRADE
VIC1,2025-07-19 03:35:00,4510.99,-14.0,TRADE
VIC1,2025-07-19 03:40:00,4527.73,-14.0,TRADE
VIC1,2025-07-19 03:45:00,4564.0,-14.0,TRADE
VIC1,2025-07-19 03:50:00,4579.6,-14.0,TRADE
VIC1,2025-07-19 03:55:00,4525.67,-14.0,TRADE
VIC1,2025-07-19 04:00:00,4537.49,-14.0,TRADE
VIC1,2025-07-19 04:05:00,4568.66,-14.0,TRADE
VIC1,2025-07-19 04:10:00,4571.66,-14.0,TRADE
VIC1,2025-07-19 04:15:00,4592.06,-14.0,TRADE
VIC1,2025-07-19 04:20:00,4502.79,-14.0,TRADE
VIC1,2025-07-19 04:25:00,4545.93,-14.0,TRADE
VIC1,2025-07-19 04:30:00,4582.37,-14.0,TRADE
VIC1,2025-07-19 04:35:00,4575.65,-14.0,TRADE
VIC1,2025-07-19 04:40:00,4601.86,-14.0,TRADE
VIC1,2025-07-19 04:45:00,4600.22,-14.0,TRADE
VIC1,2025-07-19 04:50:00,4594.17,-14.0,TRADE
VIC1,2025-07-19 04:55:00,4600.54,-14.0,TRADE
VIC1,2025-07-19 05:00:00,4635.58,-14.0,TRADE
VIC1,2025-07-19 05:05:00,4567.44,-14.0,TRADE
VIC1,2025-07-19 05:10:00,4581.71,-14.0,TRADE
VIC1,2025-07-19 05:15:00,4589.36,-14.0,TRADE
VIC1,2025-07-19 05:20:00,4575.55,-14.0,TRADE
VIC1,2025-07-19 05:25:00,4660.77,-14.0,TRADE
VIC1,2025-07-19 05:30:00,4682.4,-14.0,TRADE
VIC1,2025-07-19 05:35:00,4615.69,-14.0,TRADE
VIC1,2025-07-19 05:40:00,4714.97,-14.0,TRADE
VIC1,2025-07-19 05:45:00,4730.0,-14.0,TRADE
VIC1,2025-07-19 05:50:00,4773.52,-14.0,TRADE
VIC1,2025-07-19 05:55:00,4717.76,-14.0,TRADE
VIC1,2025-07-19 06:00:00,4753.86,-14.0,TRADE
VIC1,2025-07-19 06:05:00,4892.69,-14.0,TRADE
VIC1,2025-07-19 06:10:00,4941.17,-14.0,TRADE
VIC1,2025-07-19 06:15:00,4950.37,-14.0,TRADE
VIC1,2025-07-19 06:20:00,5024.39,-11.9,TRADE
VIC1,2025-07-19 06:25:00,5069.7,-9.96,TRADE
VIC1,2025-07-19 06:30:00,5095.27,-9.96,TRADE
VIC1,2025-07-19 06:35:00,5057.64,-14.0,TRADE
VIC1,2025-07-19 06:40:00,5098.33,-14.0,TRADE
VIC1,2025-07-19 06:45:00,5148.45,0.01,TRADE
VIC1,2025-07-19 06:50:00,5182.5,0.01,TRADE
VIC1,2025-07-19 06:55:00,5232.56,-14.0,TRADE
VIC1,2025-07-19 07:00:00,5318.15,-14.0,TRADE
VIC1,2025-07-19 07:05:00,5409.46,104.61,TRADE
VIC1,2025-07-19 07:10:00,5318.61,15.51,TRADE
VIC1,2025-07-19 07:15:00,5429.74,6.95,TRADE
VIC1,2025-07-19 07:20:00,5495.67,6.95,TRADE
VIC1,2025-07-19 07:25:00,5516.86,0.01,TRADE
VIC1,2025-07-19 07:30:00,5557.73,20.0,TRADE
VIC1,2025-07-19 07:35:00,5622.15,33.89,TRADE
VIC1,2025-07-19 07:40:00,5716.73,33.89,TRADE
VIC1,2025-07-19 07:45:00,5764.68,69.65,TRADE
VIC1,2025-07-19 07:50:00,5750.08,45.89,TRADE
VIC1,2025-07-19 07:55:00,5806.45,45.89,TRADE
VIC1,2025-07-19 08:00:00,5851.41,45.89,TRADE
VIC1,2025-07-19 08:05:00,5771.66,20.0,TRADE
VIC1,2025-07-19 08:10:00,5848.23,33.89,TRADE
VIC1,2025-07-19 08:15:00,5867.3,22.77,TRADE
VIC1,2025-07-19 08:20:00,5871.72,20.0,TRADE
VIC1,2025-07-19 08:25:00,5882.69,18.0,TRADE
VIC1,2025-07-19 08:30:00,5903.06,4.49,TRADE
VIC1,2025-07-19 08:35:00,5863.55,8.95,TRADE
VIC1,2025-07-19 08:40:00,5866.13,20.0,TRADE
VIC1,2025-07-19 08:45:00,5853.37,0.0,TRADE
VIC1,2025-07-19 08:50:00,5748.9,0.01,TRADE
VIC1,2025-07-19 08:55:00,5724.4,0.01,TRADE
VIC1,2025-07-19 09:00:00,5703.13,0.01,TRADE
VIC1,2025-07-19 09:05:00,5695.28,1.21,TRADE
VIC1,2025-07-19 09:10:00,5702.47,0.0,TRADE
VIC1,2025-07-19 09:15:00,5650.97,0.01,TRADE
VIC1,2025-07-19 09:20:00,5648.9,0.01,TRADE
VIC1,2025-07-19 09:25:00,5642.05,0.01,TRADE
VIC1,2025-07-19 09:30:00,5564.2,0.0,TRADE
VIC1,2025-07-19 09:35:00,5508.41,-5.06,TRADE
VIC1,2025-07-19 09:40:00,5438.57,-9.83,TRADE
VIC1,2025-07-19 09:45:00,5355.67,-9.96,TRADE
VIC1,2025-07-19 09:50:00,5329.96,-9.83,TRADE
VIC1,2025-07-19 09:55:00,5320.19,-9.96,TRADE
VIC1,2025-07-19 10:00:00,5361.66,-9.83,TRADE
VIC1,2025-07-19 10:05:00,5365.84,-9.83,TRADE
VIC1,2025-07-19 10:10:00,5399.38,-9.83,TRADE
VIC1,2025-07-19 10:15:00,5398.31,-9.83,TRADE
VIC1,2025-07-19 10:20:00,5375.81,-9.83,TRADE
VIC1,2025-07-19 10:25:00,5344.73,-9.83,TRADE
VIC1,2025-07-19 10:30:00,5304.81,-9.96,TRADE
VIC1,2025-07-19 10:35:00,5262.14,-9.96,TRADE
VIC1,2025-07-19 10:40:00,5203.8,-9.96,TRADE
VIC1,2025-07-19 10:45:00,5115.96,-13.79,TRADE
VIC1,2025-07-19 10:50:00,5061.01,-13.79,TRADE
VIC1,2025-07-19 10:55:00,5000.63,-13.79,TRADE
VIC1,2025-07-19 11:00:00,4888.66,-14.0,TRADE
VIC1,2025-07-19 11:05:00,4832.15,-14.0,TRADE
VIC1,2025-07-19 11:10:00,4757.84,-14.0,TRADE
VIC1,2025-07-19 11:15:00,4615.63,-14.0,TRADE
VIC1,2025-07-19 11:20:00,4549.18,-14.0,TRADE
VIC1,2025-07-19 11:25:00,4412.52,-15.0,TRADE
VIC1,2025-07-19 11:30:00,4311.85,-15.79,TRADE
VIC1,2025-07-19 11:35:00,4200.85,-18.0,TRADE
VIC1,2025-07-19 11:40:00,4105.61,-18.0,TRADE
VIC1,2025-07-19 11:45:00,4010.75,-19.41,TRADE
VIC1,2025-07-19 11:50:00,3971.85,-19.27,TRADE
VIC1,2025-07-19 11:55:00,3889.57,-16.88,TRADE
VIC1,2025-07-19 12:00:00,3842.84,-16.53,TRADE
VIC1,2025-07-19 12:05:00,3802.79,-15.35,TRADE
VIC1,2025-07-19 12:10:00,3747.74,-19.99,TRADE
VIC1,2025-07-19 12:15:00,3744.29,-19.99,TRADE
VIC1,2025-07-19 12:20:00,3839.78,-17.77,TRADE
VIC1,2025-07-19 12:25:00,3818.53,-19.11,TRADE
VIC1,2025-07-19 12:30:00,3790.12,-17.66,TRADE
VIC1,2025-07-19 12:35:00,3689.61,-17.42,TRADE
VIC1,2025-07-19 12:40:00,3784.46,-17.53,TRADE
VIC1,2025-07-19 12:45:00,3819.91,-19.5,TRADE
VIC1,2025-07-19 12:50:00,3763.28,-20.79,TRADE
VIC1,2025-07-19 12:55:00,3762.8,-20.43,TRADE
VIC1,2025-07-19 13:00:00,3675.13,-20.99,TRADE
VIC1,2025-07-19 13:05:00,3718.68,-19.99,TRADE
VIC1,2025-07-19 13:10:00,3699.77,-19.5,TRADE
VIC1,2025-07-19 13:15:00,3742.52,-19.5,TRADE
VIC1,2025-07-19 13:20:00,3828.79,-18.95,TRADE
VIC1,2025-07-19 13:25:00,3934.34,-18.82,TRADE
VIC1,2025-07-19 13:30:00,3952.01,-19.99,TRADE
VIC1,2025-07-19 13:35:00,4089.27,-20.35,TRADE
VIC1,2025-07-19 13:40:00,4152.32,-19.66,TRADE
VIC1,2025-07-19 13:45:00,4196.72,-19.99,TRADE
VIC1,2025-07-19 13:50:00,4248.24,-17.3,TRADE
VIC1,2025-07-19 13:55:00,4337.52,-17.52,TRADE
VIC1,2025-07-19 14:00:00,4384.14,-16.53,TRADE
VIC1,2025-07-19 14:05:00,4542.26,-16.85,TRADE
VIC1,2025-07-19 14:10:00,4647.65,-16.7,TRADE
VIC1,2025-07-19 14:15:00,4768.52,-18.97,TRADE
VIC1,2025-07-19 14:20:00,4881.71,-16.0,TRADE
VIC1,2025-07-19 14:25:00,4978.93,-14.57,TRADE
VIC1,2025-07-19 14:30:00,5100.62,-14.0,TRADE
VIC1,2025-07-19 14:35:00,5117.66,-14.0,TRADE
VIC1,2025-07-19 14:40:00,5179.24,-14.0,TRADE
VIC1,2025-07-19 14:45:00,5244.16,-13.58,TRADE
VIC1,2025-07-19 14:50:00,5339.07,-13.59,TRADE
VIC1,2025-07-19 14:55:00,5435.15,-8.38,TRADE
VIC1,2025-07-19 15:00:00,5435.96,0.0,TRADE
VIC1,2025-07-19 15:05:00,5489.49,-5.06,TRADE
VIC1,2025-07-19 15:10:00,5522.51,-2.19,TRADE
VIC1,2025-07-19 15:15:00,5545.72,0.0,TRADE
VIC1,2025-07-19 15:20:00,5605.29,27.54,TRADE
VIC1,2025-07-19 15:25:00,5582.44,55.68,TRADE
VIC1,2025-07-19 15:30:00,5598.3,55.75,TRADE
VIC1,2025-07-19 15:35:00,5677.33,43.81,TRADE
VIC1,2025-07-19 15:40:00,5708.31,62.98,TRADE
VIC1,2025-07-19 15:45:00,5801.75,78.03,TRADE
VIC1,2025-07-19 15:50:00,5900.09,57.09,TRADE
VIC1,2025-07-19 15:55:00,5932.92,53.09,TRADE
VIC1,2025-07-19 16:00:00,5899.86,108.91,TRADE
VIC1,2025-07-19 16:05:00,5928.22,55.27,TRADE
VIC1,2025-07-19 16:10:00,5992.2,63.17,TRADE
VIC1,2025-07-19 16:15:00,6114.18,88.84,TRADE
VIC1,2025-07-19 16:20:00,6226.56,95.86,TRADE
VIC1,2025-07-19 16:25:00,6266.09,127.67,TRADE
VIC1,2025-07-19 16:30:00,6359.33,107.57,TRADE
VIC1,2025-07-19 16:35:00,6456.33,136.41,TRADE
VIC1,2025-07-19 16:40:00,6503.84,122.43,TRADE
VIC1,2025-07-19 16:45:00,6477.06,114.15,TRADE
VIC1,2025-07-19 16:50:00,6541.13,133.74,TRADE
VIC1,2025-07-19 16:55:00,6596.64,140.47,TRADE
VIC1,2025-07-19 17:00:00,6660.52,137.99,TRADE
VIC1,2025-07-19 17:05:00,6607.16,130.23,TRADE
VIC1,2025-07-19 17:10:00,6700.69,128.9,TRADE
VIC1,2025-07-19 17:15:00,6744.31,131.23,TRADE
VIC1,2025-07-19 17:20:00,6820.01,138.51,TRADE
VIC1,2025-07-19 17:25:00,6763.92,137.03,TRADE
VIC1,2025-07-19 17:30:00,6832.67,143.11,TRADE
VIC1,2025-07-19 17:35:00,6891.97,133.07,TRADE
VIC1,2025-07-19 17:40:00,7018.47,166.37,TRADE
VIC1,2025-07-19 17:45:00,7021.45,132.72,TRADE
VIC1,2025-07-19 17:50:00,7046.35,150.4,TRADE
VIC1,2025-07-19 17:55:00,7051.66,155.98,TRADE
VIC1,2025-07-19 18:00:00,7044.82,135.14,TRADE
VIC1,2025-07-19 18:05:00,7038.94,131.23,TRADE
VIC1,2025-07-19 18:10:00,6984.8,131.23,TRADE
VIC1,2025-07-19 18:15:00,7017.15,130.23,TRADE
VIC1,2025-07-19 18:20:00,6984.96,131.23,TRADE
VIC1,2025-07-19 18:25:00,7055.73,131.23,TRADE
VIC1,2025-07-19 18:30:00,7036.32,154.41,TRADE
VIC1,2025-07-19 18:35:00,6983.57,155.48,TRADE
VIC1,2025-07-19 18:40:00,6949.96,131.23,TRADE
VIC1,2025-07-19 18:45:00,7000.63,159.21,TRADE
VIC1,2025-07-19 18:50:00,6951.24,131.23,TRADE
VIC1,2025-07-19 18:55:00,6849.11,131.23,TRADE
VIC1,2025-07-19 19:00:00,6898.76,163.29,TRADE
VIC1,2025-07-19 19:05:00,6864.41,135.89,TRADE
VIC1,2025-07-19 19:10:00,6880.17,164.48,TRADE
VIC1,2025-07-19 19:15:00,6827.8,158.67,TRADE
VIC1,2025-07-19 19:20:00,6841.7,163.66,TRADE
VIC1,2025-07-19 19:25:00,6830.0,161.06,TRADE
VIC1,2025-07-19 19:30:00,6820.74,132.72,TRADE
VIC1,2025-07-19 19:35:00,6768.4,152.14,TRADE
VIC1,2025-07-19 19:40:00,6790.19,140.08,TRADE
VIC1,2025-07-19 19:45:00,6774.28,160.56,TRADE
VIC1,2025-07-19 19:50:00,6653.77,207.61,TRADE
VIC1,2025-07-19 19:55:00,6670.78,159.38,TRADE
VIC1,2025-07-19 20:00:00,6690.41,159.59,TRADE
VIC1,2025-07-19 20:05:00,6646.93,160.94,TRADE
VIC1,2025-07-19 20:10:00,6498.3,152.61,TRADE
VIC1,2025-07-19 20:15:00,6499.86,153.63,TRADE
VIC1,2025-07-19 20:20:00,6511.48,153.71,TRADE
VIC1,2025-07-19 20:25:00,6515.37,132.72,TRADE
VIC1,2025-07-19 20:30:00,6467.75,151.59,TRADE
VIC1,2025-07-19 20:35:00,6523.01,131.72,TRADE
VIC1,2025-07-19 20:40:00,6414.22,127.23,TRADE
VIC1,2025-07-19 20:45:00,6447.27,129.88,TRADE
VIC1,2025-07-19 20:50:00,6461.69,152.79,TRADE
VIC1,2025-07-19 20:55:00,6442.28,151.41,TRADE
VIC1,2025-07-19 21:00:00,6318.16,126.98,TRADE
VIC1,2025-07-19 21:05:00,6338.27,150.5,TRADE
VIC1,2025-07-19 21:10:00,6355.86,135.43,TRADE
VIC1,2025-07-19 21:15:00,6354.46,129.48,TRADE
VIC1,2025-07-19 21:20:00,6299.29,121.79,TRADE
VIC1,2025-07-19 21:25:00,6338.67,122.93,TRADE
VIC1,2025-07-19 21:30:00,6311.19,118.67,TRADE
VIC1,2025-07-19 21:35:00,6294.56,132.72,TRADE
VIC1,2025-07-19 21:40:00,6195.72,149.87,TRADE
VIC1,2025-07-19 21:45:00,6155.42,148.56,TRADE
VIC1,2025-07-19 21:50:00,6198.9,155.96,TRADE
VIC1,2025-07-19 21:55:00,6168.46,138.9,TRADE
VIC1,2025-07-19 22:00:00,6121.28,134.81,TRADE
VIC1,2025-07-19 22:05:00,6037.17,134.7,TRADE
VIC1,2025-07-19 22:10:00,6064.03,153.28,TRADE
VIC1,2025-07-19 22:15:00,6080.04,154.35,TRADE
VIC1,2025-07-19 22:20:00,5929.81,126.71,TRADE
VIC1,2025-07-19 22:25:00,5903.76,113.28,TRADE
VIC1,2025-07-19 22:30:00,5885.35,104.02,TRADE
VIC1,2025-07-19 22:35:00,5934.86,125.22,TRADE
VIC1,2025-07-19 22:40:00,5844.59,114.79,TRADE
VIC1,2025-07-19 22:45:00,5872.03,116.48,TRADE
VIC1,2025-07-19 22:50:00,5829.56,100.2,TRADE
VIC1,2025-07-19 22:55:00,5818.46,106.1,TRADE
VIC1,2025-07-19 23:00:00,5836.11,89.9,TRADE
VIC1,2025-07-19 23:05:00,5832.85,111.55,TRADE
VIC1,2025-07-19 23:10:00,5911.0,119.88,TRADE
VIC1,2025-07-19 23:15:00,5867.56,116.86,TRADE
VIC1,2025-07-19 23:20:00,5845.33,112.34,TRADE
VIC1,2025-07-19 23:25:00,5865.03,94.31,TRADE
VIC1,2025-07-19 23:30:00,5848.96,94.26,TRADE
VIC1,2025-07-19 23:35:00,5848.41,151.61,TRADE
VIC1,2025-07-19 23:40:00,5782.67,117.19,TRADE
VIC1,2025-07-19 23:45:00,5748.08,117.44,TRADE
VIC1,2025-07-19 23:50:00,5739.08,108.65,TRADE
VIC1,2025-07-19 23:55:00,5696.8,82.94,TRADE
VIC1,2025-07-20 00:00:00,5597.17,80.29,TRADE
VIC1,2025-07-20 00:05:00,5625.69,89.92,TRADE
VIC1,2025-07-20 00:10:00,5584.55,101.39,TRADE
VIC1,2025-07-20 00:15:00,5533.61,79.74,TRADE
VIC1,2025-07-20 00:20:00,5500.94,74.82,TRADE
VIC1,2025-07-20 00:25:00,5472.7,79.9,TRADE
VIC1,2025-07-20 00:30:00,5436.76,79.16,TRADE
VIC1,2025-07-20 00:35:00,5405.25,78.68,TRADE
VIC1,2025-07-20 00:40:00,5381.57,79.68,TRADE
VIC1,2025-07-20 00:45:00,5359.42,79.31,TRADE
VIC1,2025-07-20 00:50:00,5323.42,77.45,TRADE
VIC1,2025-07-20 00:55:00,5337.04,75.44,TRADE
VIC1,2025-07-20 01:00:00,5331.91,75.39,TRADE
VIC1,2025-07-20 01:05:00,5306.18,79.81,TRADE
VIC1,2025-07-20 01:10:00,5233.46,78.57,TRADE
VIC1,2025-07-20 01:15:00,5220.3,70.76,TRADE
VIC1,2025-07-20 01:20:00,5215.61,73.24,TRADE
VIC1,2025-07-20 01:25:00,5187.56,73.08,TRADE
VIC1,2025-07-20 01:30:00,5133.12,69.67,TRADE
VIC1,2025-07-20 01:35:00,5049.92,69.77,TRADE
VIC1,2025-07-20 01:40:00,5036.85,72.86,TRADE
VIC1,2025-07-20 01:45:00,5086.26,73.04,TRADE
VIC1,2025-07-20 01:50:00,5030.2,69.43,TRADE
VIC1,2025-07-20 01:55:00,5036.33,69.9,TRADE
VIC1,2025-07-20 02:00:00,4982.64,70.81,TRADE
VIC1,2025-07-20 02:05:00,4980.33,73.64,TRADE
VIC1,2025-07-20 02:10:00,4927.73,77.8,TRADE
VIC1,2025-07-20 02:15:00,4833.97,76.08,TRADE
VIC1,2025-07-20 02:20:00,4830.37,68.34,TRADE
VIC1,2025-07-20 02:25:00,4904.61,73.4,TRADE
VIC1,2025-07-20 02:30:00,4871.33,73.39,TRADE
VIC1,2025-07-20 02:35:00,4855.46,73.48,TRADE
VIC1,2025-07-20 02:40:00,4842.7,72.85,TRADE
VIC1,2025-07-20 02:45:00,4811.03,75.81,TRADE
VIC1,2025-07-20 02:50:00,4815.89,71.76,TRADE
VIC1,2025-07-20 02:55:00,4803.62,73.34,TRADE
VIC1,2025-07-20 03:00:00,4709.3,73.49,TRADE
VIC1,2025-07-20 03:05:00,4701.74,79.48,TRADE
VIC1,2025-07-20 03:10:00,4722.37,79.44,TRADE
VIC1,2025-07-20 03:15:00,4719.89,82.02,TRADE
VIC1,2025-07-20 03:20:00,4716.65,83.46,TRADE
VIC1,2025-07-20 03:25:00,4719.41,79.93,TRADE
VIC1,2025-07-20 03:30:00,4721.45,79.4,TRADE
VIC1,2025-07-20 03:35:00,4778.04,83.94,TRADE
VIC1,2025-07-20 03:40:00,4760.46,81.8,TRADE
VIC1,2025-07-20 03:45:00,4743.25,85.99,TRADE
VIC1,2025-07-20 03:50:00,4734.44,81.71,TRADE
VIC1,2025-07-20 03:55:00,4758.06,85.2,TRADE
VIC1,2025-07-20 04:00:00,4755.42,83.55,TRADE
VIC1,2025-07-20 04:05:00,4676.25,80.0,TRADE
VIC1,2025-07-20 04:10:00,4708.32,91.63,TRADE
VIC1,2025-07-20 04:15:00,4720.23,92.54,TRADE
VIC1,2025-07-20 04:20:00,4755.44,93.91,TRADE
VIC1,2025-07-20 04:25:00,4702.42,93.84,TRADE
VIC1,2025-07-20 04:30:00,4763.38,94.56,TRADE
VIC1,2025-07-20 04:35:00,4771.65,94.41,TRADE
VIC1,2025-07-20 04:40:00,4773.75,95.57,TRADE
VIC1,2025-07-20 04:45:00,4754.98,92.51,TRADE
VIC1,2025-07-20 04:50:00,4691.86,90.45,TRADE
VIC1,2025-07-20 04:55:00,4715.48,91.32,TRADE
VIC1,2025-07-20 05:00:00,4788.7,93.18,TRADE
VIC1,2025-07-20 05:05:00,4779.85,84.4,TRADE
VIC1,2025-07-20 05:10:00,4790.36,83.57,TRADE
VIC1,2025-07-20 05:15:00,4853.38,95.1,TRADE
VIC1,2025-07-20 05:20:00,4880.1,95.76,TRADE
VIC1,2025-07-20 05:25:00,4907.78,96.13,TRADE
VIC1,2025-07-20 05:30:00,4836.47,86.66,TRADE
VIC1,2025-07-20 05:35:00,4874.0,85.51,TRADE
VIC1,2025-07-20 05:40:00,4925.95,98.44,TRADE
VIC1,2025-07-20 05:45:00,4887.05,101.27,TRADE
VIC1,2025-07-20 05:50:00,4915.61,94.44,TRADE
VIC1,2025-07-20 05:55:00,5007.71,87.13,TRADE
VIC1,2025-07-20 06:00:00,5065.97,107.51,TRADE
VIC1,2025-07-20 06:05:00,5108.86,106.41,TRADE
VIC1,2025-07-20 06:10:00,5140.65,111.2,TRADE
VIC1,2025-07-20 06:15:00,5190.9,120.0,TRADE
VIC1,2025-07-20 06:20:00,5207.14,124.98,TRADE
VIC1,2025-07-20 06:25:00,5126.5,107.7,TRADE
VIC1,2025-07-20 06:30:00,5261.83,123.3,TRADE
VIC1,2025-07-20 06:35:00,5285.88,120.0,TRADE
VIC1,2025-07-20 06:40:00,5269.36,114.87,TRADE
VIC1,2025-07-20 06:45:00,5387.85,123.46,TRADE
VIC1,2025-07-20 06:50:00,5432.16,131.26,TRADE
VIC1,2025-07-20 06:55:00,5466.15,131.86,TRADE
VIC1,2025-07-20 07:00:00,5517.62,132.53,TRADE
VIC1,2025-07-20 07:05:00,5481.75,124.07,TRADE
VIC1,2025-07-20 07:10:00,5562.54,130.23,TRADE
VIC1,2025-07-20 07:15:00,5676.75,130.23,TRADE
VIC1,2025-07-20 07:20:00,5728.7,133.19,TRADE
VIC1,2025-07-20 07:25:00,5750.98,165.22,TRADE
VIC1,2025-07-20 07:30:00,5791.62,135.02,TRADE
VIC1,2025-07-20 07:35:00,5887.46,166.02,TRADE
VIC1,2025-07-20 07:40:00,5933.86,166.02,TRADE
VIC1,2025-07-20 07:45:00,5882.29,166.02,TRADE
VIC1,2025-07-20 07:50:00,5940.1,177.11,TRADE
VIC1,2025-07-20 07:55:00,5970.29,179.85,TRADE
VIC1,2025-07-20 08:00:00,6029.21,178.98,TRADE
VIC1,2025-07-20 08:05:00,5685.66,135.02,TRADE
VIC1,2025-07-20 08:10:00,5769.61,132.4,TRADE
VIC1,2025-07-20 08:15:00,5785.28,177.95,TRADE
VIC1,2025-07-20 08:20:00,5754.09,163.05,TRADE
VIC1,2025-07-20 08:25:00,5775.79,135.44,TRADE
VIC1,2025-07-20 08:30:00,5728.45,95.0,TRADE
VIC1,2025-07-20 08:35:00,5651.97,65.75,TRADE
VIC1,2025-07-20 08:40:00,5625.56,57.0,TRADE
VIC1,2025-07-20 08:45:00,5563.85,64.73,TRADE
VIC1,2025-07-20 08:50:00,5566.94,56.48,TRADE
VIC1,2025-07-20 08:55:00,5586.47,57.0,TRADE
VIC1,2025-07-20 09:00:00,5610.62,35.54,TRADE
VIC1,2025-07-20 09:05:00,5764.38,56.94,TRADE
VIC1,2025-07-20 09:10:00,5774.02,65.78,TRADE
VIC1,2025-07-20 09:15:00,5705.87,57.54,TRADE
VIC1,2025-07-20 09:20:00,5635.84,42.19,TRADE
VIC1,2025-07-20 09:25:00,5482.17,35.31,TRADE
VIC1,2025-07-20 09:30:00,5467.88,20.04,TRADE
VIC1,2025-07-20 09:35:00,5425.46,34.9,TRADE
VIC1,2025-07-20 09:40:00,5344.24,34.92,TRADE
VIC1,2025-07-20 09:45:00,5272.61,34.51,TRADE
VIC1,2025-07-20 09:50:00,5208.72,22.77,TRADE
VIC1,2025-07-20 09:55:00,5149.42,22.93,TRADE
VIC1,2025-07-20 10:00:00,4993.56,8.95,TRADE
VIC1,2025-07-20 10:05:00,5006.08,11.52,TRADE
VIC1,2025-07-20 10:10:00,4973.99,45.99,TRADE
VIC1,2025-07-20 10:15:00,4916.08,33.35,TRADE
VIC1,2025-07-20 10:20:00,4881.41,8.82,TRADE
VIC1,2025-07-20 10:25:00,4841.73,8.95,TRADE
VIC1,2025-07-20 10:30:00,4778.67,20.0,TRADE
VIC1,2025-07-20 10:35:00,4616.36,10.53,TRADE
VIC1,2025-07-20 10:40:00,4584.07,8.95,TRADE
VIC1,2025-07-20 10:45:00,4492.1,12.29,TRADE
VIC1,2025-07-20 10:50:00,4502.28,10.56,TRADE
VIC1,2025-07-20 10:55:00,4450.18,12.43,TRADE
VIC1,2025-07-20 11:00:00,4384.77,-0.09,TRADE
VIC1,2025-07-20 11:05:00,4288.91,0.01,TRADE
VIC1,2025-07-20 11:10:00,4230.48,9.36,TRADE
VIC1,2025-07-20 11:15:00,4230.05,8.95,TRADE
VIC1,2025-07-20 11:20:00,4213.28,8.95,TRADE
VIC1,2025-07-20 11:25:00,4169.26,8.95,TRADE
VIC1,2025-07-20 11:30:00,4041.49,8.95,TRADE
VIC1,2025-07-20 11:35:00,4058.33,8.95,TRADE
VIC1,2025-07-20 11:40:00,4018.86,8.95,TRADE
VIC1,2025-07-20 11:45:00,3954.11,0.0,TRADE
VIC1,2025-07-20 11:50:00,3938.77,6.8,TRADE
VIC1,2025-07-20 11:55:00,3902.56,-5.11,TRADE
VIC1,2025-07-20 12:00:00,3910.58,0.0,TRADE
VIC1,2025-07-20 12:05:00,3829.71,2.5,TRADE
VIC1,2025-07-20 12:10:00,3742.41,-0.06,TRADE
VIC1,2025-07-20 12:15:00,3713.84,-12.95,TRADE
VIC1,2025-07-20 12:20:00,3667.98,0.0,TRADE
VIC1,2025-07-20 12:25:00,3699.09,8.95,TRADE
VIC1,2025-07-20 12:30:00,3640.23,-12.71,TRADE
VIC1,2025-07-20 12:35:00,3692.98,0.0,TRADE
VIC1,2025-07-20 12:40:00,3692.25,8.95,TRADE
VIC1,2025-07-20 12:45:00,3707.2,-8.96,TRADE
VIC1,2025-07-20 12:50:00,3699.23,-13.01,TRADE
VIC1,2025-07-20 12:55:00,3673.81,0.01,TRADE
VIC1,2025-07-20 13:00:00,3678.87,0.0,TRADE
VIC1,2025-07-20 13:05:00,3627.92,-13.79,TRADE
VIC1,2025-07-20 13:10:00,3687.13,-13.07,TRADE
VIC1,2025-07-20 13:15:00,3670.66,-10.08,TRADE
VIC1,2025-07-20 13:20:00,3673.28,-9.96,TRADE
VIC1,2025-07-20 13:25:00,3739.28,0.0,TRADE
VIC1,2025-07-20 13:30:00,3730.13,0.0,TRADE
VIC1,2025-07-20 13:35:00,3760.86,0.01,TRADE
VIC1,2025-07-20 13:40:00,3787.07,0.01,TRADE
VIC1,2025-07-20 13:45:00,3850.16,8.95,TRADE
VIC1,2025-07-20 13:50:00,3826.18,6.3,TRADE
VIC1,2025-07-20 13:55:00,3912.07,8.95,TRADE
VIC1,2025-07-20 14:00:00,3988.39,8.95,TRADE
VIC1,2025-07-20 14:05:00,3942.78,8.95,TRADE
VIC1,2025-07-20 14:10:00,4057.8,0.01,TRADE
VIC1,2025-07-20 14:15:00,4097.15,11.0,TRADE
VIC1,2025-07-20 14:20:00,4115.89,8.95,TRADE
VIC1,2025-07-20 14:25:00,4117.74,20.0,TRADE
VIC1,2025-07-20 14:30:00,4070.71,20.0,TRADE
VIC1,2025-07-20 14:35:00,4115.91,10.6,TRADE
VIC1,2025-07-20 14:40:00,4243.91,8.95,TRADE
VIC1,2025-07-20 14:45:00,4312.02,10.21,TRADE
VIC1,2025-07-20 14:50:00,4235.99,26.11,TRADE
VIC1,2025-07-20 14:55:00,4249.08,20.0,TRADE
VIC1,2025-07-20 15:00:00,4303.69,21.09,TRADE
VIC1,2025-07-20 15:05:00,4339.68,8.95,TRADE
VIC1,2025-07-20 15:10:00,4419.85,50.33,TRADE
VIC1,2025-07-20 15:15:00,4455.85,30.91,TRADE
VIC1,2025-07-20 15:20:00,4536.01,23.81,TRADE
VIC1,2025-07-20 15:25:00,4650.53,29.86,TRADE
VIC1,2025-07-20 15:30:00,4717.97,50.4,TRADE
VIC1,2025-07-20 15:35:00,4783.9,32.12,TRADE
VIC1,2025-07-20 15:40:00,4887.77,65.5,TRADE
VIC1,2025-07-20 15:45:00,4842.58,40.52,TRADE
VIC1,2025-07-20 15:50:00,4948.08,51.24,TRADE
VIC1,2025-07-20 15:55:00,5048.29,67.24,TRADE
VIC1,2025-07-20 16:00:00,5215.05,91.62,TRADE
VIC1,2025-07-20 16:05:00,5289.55,69.34,TRADE
VIC1,2025-07-20 16:10:00,5342.98,68.89,TRADE
VIC1,2025-07-20 16:15:00,5448.79,89.66,TRADE
VIC1,2025-07-20 16:20:00,5608.12,120.0,TRADE
VIC1,2025-07-20 16:25:00,5738.12,132.72,TRADE
VIC1,2025-07-20 16:30:00,5846.83,120.0,TRADE
VIC1,2025-07-20 16:35:00,5937.53,123.11,TRADE
VIC1,2025-07-20 16:40:00,5959.53,120.0,TRADE
VIC1,2025-07-20 16:45:00,6059.49,136.02,TRADE
VIC1,2025-07-20 16:50:00,6183.3,158.0,TRADE
VIC1,2025-07-20 16:55:00,6285.83,158.0,TRADE
VIC1,2025-07-20 17:00:00,6341.83,158.0,TRADE
VIC1,2025-07-20 17:05:00,6379.34,166.97,TRADE
VIC1,2025-07-20 17:10:00,6508.82,158.0,TRADE
VIC1,2025-07-20 17:15:00,6607.03,166.02,TRADE
VIC1,2025-07-20 17:20:00,6722.58,166.02,TRADE
VIC1,2025-07-20 17:25:00,6839.7,170.02,TRADE
VIC1,2025-07-20 17:30:00,6826.65,170.04,TRADE
VIC1,2025-07-20 17:35:00,6904.57,166.97,TRADE
VIC1,2025-07-20 17:40:00,6938.94,166.97,TRADE
VIC1,2025-07-20 17:45:00,6992.82,297.18,TRADE
VIC1,2025-07-20 17:50:00,7069.19,226.69,TRADE
VIC1,2025-07-20 17:55:00,7137.53,233.45,TRADE
VIC1,2025-07-20 18:00:00,7167.08,203.83,TRADE
VIC1,2025-07-20 18:05:00,7190.11,167.47,TRADE
VIC1,2025-07-20 18:10:00,7270.51,207.03,TRADE
VIC1,2025-07-20 18:15:00,7249.2,164.95,TRADE
VIC1,2025-07-20 18:20:00,7271.79,167.84,TRADE
VIC1,2025-07-20 18:25:00,7280.61,166.97,TRADE
VIC1,2025-07-20 18:30:00,7263.16,166.97,TRADE
VIC1,2025-07-20 18:35:00,7262.71,164.96,TRADE
VIC1,2025-07-20 18:40:00,7256.87,166.97,TRADE
VIC1,2025-07-20 18:45:00,7236.58,166.97,TRADE
VIC1,2025-07-20 18:50:00,7216.0,158.0,TRADE
VIC1,2025-07-20 18:55:00,7221.0,171.37,TRADE
VIC1,2025-07-20 19:00:00,7185.96,140.83,TRADE
VIC1,2025-07-20 19:05:00,7212.72,164.34,TRADE
VIC1,2025-07-20 19:10:00,7192.56,158.0,TRADE
VIC1,2025-07-20 19:15:00,7168.35,131.72,TRADE
VIC1,2025-07-20 19:20:00,7149.61,158.0,TRADE
VIC1,2025-07-20 19:25:00,7129.97,158.0,TRADE
VIC1,2025-07-20 19:30:00,7085.93,141.23,TRADE
VIC1,2025-07-20 19:35:00,7085.95,143.09,TRADE
VIC1,2025-07-20 19:40:00,7083.58,143.68,TRADE
VIC1,2025-07-20 19:45:00,7032.41,158.0,TRADE
VIC1,2025-07-20 19:50:00,7020.64,158.0,TRADE
VIC1,2025-07-20 19:55:00,7020.06,137.78,TRADE
VIC1,2025-07-20 20:00:00,7009.49,138.73,TRADE
VIC1,2025-07-20 20:05:00,6975.48,158.0,TRADE
VIC1,2025-07-20 20:10:00,6944.87,142.24,TRADE
VIC1,2025-07-20 20:15:00,6920.64,131.23,TRADE
VIC1,2025-07-20 20:20:00,6913.2,131.23,TRADE
VIC1,2025-07-20 20:25:00,6894.17,122.02,TRADE
VIC1,2025-07-20 20:30:00,6882.98,122.02,TRADE
VIC1,2025-07-20 20:35:00,6832.56,131.23,TRADE
VIC1,2025-07-20 20:40:00,6786.13,131.23,TRADE
VIC1,2025-07-20 20:45:00,6755.84,131.23,TRADE
VIC1,2025-07-20 20:50:00,6728.64,122.02,TRADE
VIC1,2025-07-20 20:55:00,6694.0,98.57,TRADE
VIC1,2025-07-20 21:00:00,6656.9,86.59,TRADE
VIC1,2025-07-20 21:05:00,6581.32,120.0,TRADE
VIC1,2025-07-20 21:10:00,6565.55,99.35,TRADE
VIC1,2025-07-20 21:15:00,6533.68,82.79,TRADE
VIC1,2025-07-20 21:20:00,6501.34,80.0,TRADE
VIC1,2025-07-20 21:25:00,6447.46,78.76,TRADE
VIC1,2025-07-20 21:30:00,6423.74,76.81,TRADE
VIC1,2025-07-20 21:35:00,6365.23,71.95,TRADE
VIC1,2025-07-20 21:40:00,6317.71,72.24,TRADE
VIC1,2025-07-20 21:45:00,6248.31,59.88,TRADE
VIC1,2025-07-20 21:50:00,6269.97,68.08,TRADE
VIC1,2025-07-20 21:55:00,6227.44,62.57,TRADE
VIC1,2025-07-20 22:00:00,6167.11,51.52,TRADE
VIC1,2025-07-20 22:05:00,6037.36,58.25,TRADE
VIC1,2025-07-20 22:10:00,6047.23,70.55,TRADE
VIC1,2025-07-20 22:15:00,6017.47,67.25,TRADE
VIC1,2025-07-20 22:20:00,5925.8,59.53,TRADE
VIC1,2025-07-20 22:25:00,5946.88,58.97,TRADE
VIC1,2025-07-20 22:30:00,5884.46,52.51,TRADE
VIC1,2025-07-20 22:35:00,5787.94,57.66,TRADE
VIC1,2025-07-20 22:40:00,5703.81,20.0,TRADE
VIC1,2025-07-20 22:45:00,5733.44,21.0,TRADE
VIC1,2025-07-20 22:50:00,5625.39,14.21,TRADE
VIC1,2025-07-20 22:55:00,5573.06,2.87,TRADE
VIC1,2025-07-20 23:00:00,5551.38,8.95,TRADE
VIC1,2025-07-20 23:05:00,5580.21,8.95,TRADE
VIC1,2025-07-20 23:10:00,5654.71,8.95,TRADE
VIC1,2025-07-20 23:15:00,5663.52,8.95,TRADE
VIC1,2025-07-20 23:20:00,5536.15,0.01,TRADE
VIC1,2025-07-20 23:25:00,5522.22,8.95,TRADE
VIC1,2025-07-20 23:30:00,5554.65,8.95,TRADE
VIC1,2025-07-20 23:35:00,5586.79,8.95,TRADE
VIC1,2025-07-20 23:40:00,5488.34,8.95,TRADE
VIC1,2025-07-20 23:45:00,5449.07,8.95,TRADE
VIC1,2025-07-20 23:50:00,5446.46,8.95,TRADE
VIC1,2025-07-20 23:55:00,5364.17,0.01,TRADE
VIC1,2025-07-26 00:00:00,5661.02,-0.99,TRADE
VIC1,2025-07-26 00:05:00,5672.5,0.01,TRADE
VIC1,2025-07-26 00:10:00,5618.15,0.05,TRADE
VIC1,2025-07-26 00:15:00,5643.59,0.06,TRADE
VIC1,2025-07-26 00:20:00,5603.74,0.01,TRADE
VIC1,2025-07-26 00:25:00,5500.25,0.0,TRADE
VIC1,2025-07-26 00:30:00,5554.3,0.01,TRADE
VIC1,2025-07-26 00:35:00,5508.56,0.01,TRADE
VIC1,2025-07-26 00:40:00,5527.6,0.01,TRADE
VIC1,2025-07-26 00:45:00,5422.06,0.0,TRADE
VIC1,2025-07-26 00:50:00,5369.58,0.0,TRADE
VIC1,2025-07-26 00:55:00,5366.65,0.01,TRADE
VIC1,2025-07-26 01:00:00,5379.08,0.0,TRADE
VIC1,2025-07-26 01:05:00,5324.1,0.01,TRADE
VIC1,2025-07-26 01:10:00,5304.11,0.0,TRADE
VIC1,2025-07-26 01:15:00,5246.24,0.0,TRADE
VIC1,2025-07-26 01:20:00,5227.22,0.01,TRADE
VIC1,2025-07-26 01:25:00,5120.77,-7.41,TRADE
VIC1,2025-07-26 01:30:00,5084.95,-9.83,TRADE
VIC1,2025-07-26 01:35:00,5053.71,-2.53,TRADE
VIC1,2025-07-26 01:40:00,5137.42,0.01,TRADE
VIC1,2025-07-26 01:45:00,5067.09,-2.29,TRADE
VIC1,2025-07-26 01:50:00,5034.61,-1.93,TRADE
VIC1,2025-07-26 01:55:00,5004.89,0.0,TRADE
VIC1,2025-07-26 02:00:00,4986.28,0.0,TRADE
VIC1,2025-07-26 02:05:00,4965.79,0.01,TRADE
VIC1,2025-07-26 02:10:00,4830.51,0.01,TRADE
VIC1,2025-07-26 02:15:00,4828.71,0.0,TRADE
VIC1,2025-07-26 02:20:00,4869.49,0.0,TRADE
VIC1,2025-07-26 02:25:00,4831.19,-1.93,TRADE
VIC1,2025-07-26 02:30:00,4745.08,-9.83,TRADE
VIC1,2025-07-26 02:35:00,4731.88,0.0,TRADE
VIC1,2025-07-26 02:40:00,4782.15,0.01,TRADE
VIC1,2025-07-26 02:45:00,4744.23,0.0,TRADE
VIC1,2025-07-26 02:50:00,4661.02,-8.79,TRADE
VIC1,2025-07-26 02:55:00,4700.38,-2.14,TRADE
VIC1,2025-07-26 03:00:00,4744.21,-2.17,TRADE
VIC1,2025-07-26 03:05:00,4676.13,-2.82,TRADE
VIC1,2025-07-26 03:10:00,4644.32,-8.72,TRADE
VIC1,2025-07-26 03:15:00,4668.19,0.0,TRADE
VIC1,2025-07-26 03:20:00,4703.37,0.0,TRADE
VIC1,2025-07-26 03:25:00,4682.04,-2.22,TRADE
VIC1,2025-07-26 03:30:00,4640.85,-8.84,TRADE
VIC1,2025-07-26 03:35:00,4558.58,-8.75,TRADE
VIC1,2025-07-26 03:40:00,4633.24,-7.41,TRADE
VIC1,2025-07-26 03:45:00,4621.48,0.0,TRADE
VIC1,2025-07-26 03:50:00,4613.75,-2.82,TRADE
VIC1,2025-07-26 03:55:00,4578.7,-2.82,TRADE
VIC1,2025-07-26 04:00:00,4566.48,-8.68,TRADE
VIC1,2025-07-26 04:05:00,4567.56,-9.83,TRADE
VIC1,2025-07-26 04:10:00,4582.02,-7.41,TRADE
VIC1,2025-07-26 04:15:00,4488.4,-12.0,TRADE
VIC1,2025-07-26 04:20:00,4547.91,-2.17,TRADE
VIC1,2025-07-26 04:25:00,4561.79,-9.83,TRADE
VIC1,2025-07-26 04:30:00,4520.42,-8.95,TRADE
VIC1,2025-07-26 04:35:00,4588.85,-2.27,TRADE
VIC1,2025-07-26 04:40:00,4519.09,-7.41,TRADE
VIC1,2025-07-26 04:45:00,4523.77,-2.82,TRADE
VIC1,2025-07-26 04:50:00,4517.14,-2.82,TRADE
VIC1,2025-07-26 04:55:00,4600.03,-2.82,TRADE
VIC1,2025-07-26 05:00:00,4605.0,-2.23,TRADE
VIC1,2025-07-26 05:05:00,4518.44,-12.0,TRADE
VIC1,2025-07-26 05:10:00,4632.82,0.0,TRADE
VIC1,2025-07-26 05:15:00,4663.1,-2.82,TRADE
VIC1,2025-07-26 05:20:00,4695.56,0.01,TRADE
VIC1,2025-07-26 05:25:00,4697.35,0.01,TRADE
VIC1,2025-07-26 05:30:00,4747.4,0.01,TRADE
VIC1,2025-07-26 05:35:00,4763.9,0.2,TRADE
VIC1,2025-07-26 05:40:00,4789.83,0.01,TRADE
VIC1,2025-07-26 05:45:00,4721.73,0.01,TRADE
VIC1,2025-07-26 05:50:00,4816.95,0.01,TRADE
VIC1,2025-07-26 05:55:00,4819.76,0.01,TRADE
VIC1,2025-07-26 06:00:00,4862.94,20.04,TRADE
VIC1,2025-07-26 06:05:00,4946.75,20.04,TRADE
VIC1,2025-07-26 06:10:00,4955.05,20.0,TRADE
VIC1,2025-07-26 06:15:00,5028.74,20.0,TRADE
VIC1,2025-07-26 06:20:00,4946.8,20.0,TRADE
VIC1,2025-07-26 06:25:00,5000.81,20.0,TRADE
VIC1,2025-07-26 06:30:00,5057.92,45.89,TRADE
VIC1,2025-07-26 06:35:00,5113.5,20.0,TRADE
VIC1,2025-07-26 06:40:00,5155.15,8.95,TRADE
VIC1,2025-07-26 06:45:00,5263.77,50.62,TRADE
VIC1,2025-07-26 06:50:00,5291.09,12.42,TRADE
VIC1,2025-07-26 06:55:00,5284.18,8.95,TRADE
VIC1,2025-07-26 07:00:00,5327.12,8.95,TRADE
VIC1,2025-07-26 07:05:00,5474.53,49.14,TRADE
VIC1,2025-07-26 07:10:00,5418.89,8.95,TRADE
VIC1,2025-07-26 07:15:00,5503.67,8.95,TRADE
VIC1,2025-07-26 07:20:00,5521.98,8.95,TRADE
VIC1,2025-07-26 07:25:00,5580.61,19.18,TRADE
VIC1,2025-07-26 07:30:00,5609.78,19.18,TRADE
VIC1,2025-07-26 07:35:00,5660.84,8.95,TRADE
VIC1,2025-07-26 07:40:00,5694.26,37.45,TRADE
VIC1,2025-07-26 07:45:00,5774.45,42.82,TRADE
VIC1,2025-07-26 07:50:00,5817.21,53.48,TRADE
VIC1,2025-07-26 07:55:00,5872.23,70.8,TRADE
VIC1,2025-07-26 08:00:00,5916.03,73.2,TRADE
VIC1,2025-07-26 08:05:00,5972.56,95.12,TRADE
VIC1,2025-07-26 08:10:00,5986.83,69.44,TRADE
VIC1,2025-07-26 08:15:00,6021.87,75.8,TRADE
VIC1,2025-07-26 08:20:00,6044.55,70.4,TRADE
VIC1,2025-07-26 08:25:00,6122.0,70.91,TRADE
VIC1,2025-07-26 08:30:00,6136.12,74.24,TRADE
VIC1,2025-07-26 08:35:00,6183.86,75.89,TRADE
VIC1,2025-07-26 08:40:00,6224.58,82.79,TRADE
VIC1,2025-07-26 08:45:00,6255.17,79.94,TRADE
VIC1,2025-07-26 08:50:00,6271.3,75.8,TRADE
VIC1,2025-07-26 08:55:00,6318.2,75.19,TRADE
VIC1,2025-07-26 09:00:00,6313.17,75.8,TRADE
VIC1,2025-07-26 09:05:00,6285.09,80.09,TRADE
VIC1,2025-07-26 09:10:00,6317.41,75.8,TRADE
VIC1,2025-07-26 09:15:00,6338.12,79.41,TRADE
VIC1,2025-07-26 09:20:00,6329.15,75.89,TRADE
VIC1,2025-07-26 09:25:00,6362.71,67.84,TRADE
VIC1,2025-07-26 09:30:00,6359.24,80.44,TRADE
VIC1,2025-07-26 09:35:00,6306.15,77.76,TRADE
VIC1,2025-07-26 09:40:00,6334.13,99.86,TRADE
VIC1,2025-07-26 09:45:00,6321.49,77.23,TRADE
VIC1,2025-07-26 09:50:00,6312.14,75.89,TRADE
VIC1,2025-07-26 09:55:00,6295.15,75.89,TRADE
VIC1,2025-07-26 10:00:00,6250.97,75.8,TRADE
VIC1,2025-07-26 10:05:00,6252.89,75.8,TRADE
VIC1,2025-07-26 10:10:00,6309.48,93.56,TRADE
VIC1,2025-07-26 10:15:00,6307.5,75.8,TRADE
VIC1,2025-07-26 10:20:00,6323.39,75.89,TRADE
VIC1,2025-07-26 10:25:00,6313.4,83.03,TRADE
VIC1,2025-07-26 10:30:00,6344.42,110.8,TRADE
VIC1,2025-07-26 10:35:00,6269.86,77.75,TRADE
VIC1,2025-07-26 10:40:00,6378.46,94.62,TRADE
VIC1,2025-07-26 10:45:00,6389.4,83.49,TRADE
VIC1,2025-07-26 10:50:00,6454.53,80.72,TRADE
VIC1,2025-07-26 10:55:00,6454.66,81.23,TRADE
VIC1,2025-07-26 11:00:00,6387.77,78.11,TRADE
VIC1,2025-07-26 11:05:00,6322.29,77.87,TRADE
VIC1,2025-07-26 11:10:00,6392.15,76.99,TRADE
VIC1,2025-07-26 11:15:00,6421.71,77.44,TRADE
VIC1,2025-07-26 11:20:00,6433.53,70.34,TRADE
VIC1,2025-07-26 11:25:00,6319.12,75.8,TRADE
VIC1,2025-07-26 11:30:00,6344.15,75.75,TRADE
VIC1,2025-07-26 11:35:00,6335.13,74.7,TRADE
VIC1,2025-07-26 11:40:00,6351.14,74.58,TRADE
VIC1,2025-07-26 11:45:00,6326.69,75.8,TRADE
VIC1,2025-07-26 11:50:00,6314.22,75.8,TRADE
VIC1,2025-07-26 11:55:00,6268.7,73.09,TRADE
VIC1,2025-07-26 12:00:00,6301.66,67.91,TRADE
VIC1,2025-07-26 12:05:00,6237.75,50.05,TRADE
VIC1,2025-07-26 12:10:00,6241.02,57.13,TRADE
VIC1,2025-07-26 12:15:00,6332.86,57.66,TRADE
VIC1,2025-07-26 12:20:00,6272.9,50.24,TRADE
VIC1,2025-07-26 12:25:00,6234.11,20.0,TRADE
VIC1,2025-07-26 12:30:00,6223.2,29.03,TRADE
VIC1,2025-07-26 12:35:00,6208.48,22.63,TRADE
VIC1,2025-07-26 12:40:00,6271.1,62.01,TRADE
VIC1,2025-07-26 12:45:00,6125.25,27.22,TRADE
VIC1,2025-07-26 12:50:00,6170.91,20.56,TRADE
VIC1,2025-07-26 12:55:00,6214.03,49.46,TRADE
VIC1,2025-07-26 13:00:00,6228.9,45.34,TRADE
VIC1,2025-07-26 13:05:00,6209.86,48.33,TRADE
VIC1,2025-07-26 13:10:00,6243.64,90.09,TRADE
VIC1,2025-07-26 13:15:00,6201.43,66.27,TRADE
VIC1,2025-07-26 13:20:00,6218.77,74.09,TRADE
VIC1,2025-07-26 13:25:00,6240.35,48.57,TRADE
VIC1,2025-07-26 13:30:00,6203.96,55.15,TRADE
VIC1,2025-07-26 13:35:00,6210.09,46.67,TRADE
VIC1,2025-07-26 13:40:00,6252.03,36.19,TRADE
VIC1,2025-07-26 13:45:00,6224.37,63.96,TRADE
VIC1,2025-07-26 13:50:00,6284.62,63.84,TRADE
VIC1,2025-07-26 13:55:00,6279.19,63.68,TRADE
VIC1,2025-07-26 14:00:00,6317.75,56.74,TRADE
VIC1,2025-07-26 14:05:00,6217.84,66.63,TRADE
VIC1,2025-07-26 14:10:00,6186.43,60.6,TRADE
VIC1,2025-07-26 14:15:00,6270.63,76.36,TRADE
VIC1,2025-07-26 14:20:00,6176.82,59.59,TRADE
VIC1,2025-07-26 14:25:00,6230.13,63.32,TRADE
VIC1,2025-07-26 14:30:00,6304.12,67.59,TRADE
VIC1,2025-07-26 14:35:00,6294.5,58.51,TRADE
VIC1,2025-07-26 14:40:00,6288.02,62.66,TRADE
VIC1,2025-07-26 14:45:00,6225.67,52.96,TRADE
VIC1,2025-07-26 14:50:00,6287.22,58.97,TRADE
VIC1,2025-07-26 14:55:00,6282.19,63.96,TRADE
VIC1,2025-07-26 15:00:00,6199.79,60.58,TRADE
VIC1,2025-07-26 15:05:00,6255.67,63.61,TRADE
VIC1,2025-07-26 15:10:00,6310.89,70.15,TRADE
VIC1,2025-07-26 15:15:00,6321.65,62.97,TRADE
VIC1,2025-07-26 15:20:00,6344.01,77.63,TRADE
VIC1,2025-07-26 15:25:00,6350.61,77.82,TRADE
VIC1,2025-07-26 15:30:00,6384.05,83.02,TRADE
VIC1,2025-07-26 15:35:00,6368.62,73.41,TRADE
VIC1,2025-07-26 15:40:00,6382.33,84.48,TRADE
VIC1,2025-07-26 15:45:00,6362.92,77.79,TRADE
VIC1,2025-07-26 15:50:00,6443.38,113.63,TRADE
VIC1,2025-07-26 15:55:00,6472.97,83.0,TRADE
VIC1,2025-07-26 16:00:00,6415.8,120.0,TRADE
VIC1,2025-07-26 16:05:00,6524.86,80.0,TRADE
VIC1,2025-07-26 16:10:00,6532.24,79.14,TRADE
VIC1,2025-07-26 16:15:00,6613.88,78.44,TRADE
VIC1,2025-07-26 16:20:00,6614.65,80.0,TRADE
VIC1,2025-07-26 16:25:00,6549.89,78.7,TRADE
VIC1,2025-07-26 16:30:00,6639.7,87.23,TRADE
VIC1,2025-07-26 16:35:00,6712.59,80.0,TRADE
VIC1,2025-07-26 16:40:00,6758.08,80.0,TRADE
VIC1,2025-07-26 16:45:00,6728.65,80.0,TRADE
VIC1,2025-07-26 16:50:00,6831.18,91.58,TRADE
VIC1,2025-07-26 16:55:00,6882.48,90.54,TRADE
VIC1,2025-07-26 17:00:00,6921.86,80.0,TRADE
VIC1,2025-07-26 17:05:00,6922.52,91.84,TRADE
VIC1,2025-07-26 17:10:00,6910.22,80.0,TRADE
VIC1,2025-07-26 17:15:00,7006.29,87.81,TRADE
VIC1,2025-07-26 17:20:00,7020.56,80.0,TRADE
VIC1,2025-07-26 17:25:00,7089.66,80.0,TRADE
VIC1,2025-07-26 17:30:00,7204.3,118.02,TRADE
VIC1,2025-07-26 17:35:00,7189.25,80.0,TRADE
VIC1,2025-07-26 17:40:00,7223.17,80.0,TRADE
VIC1,2025-07-26 17:45:00,7270.12,80.75,TRADE
VIC1,2025-07-26 17:50:00,7280.09,93.99,TRADE
VIC1,2025-07-26 17:55:00,7341.24,80.0,TRADE
VIC1,2025-07-26 18:00:00,7255.37,89.66,TRADE
VIC1,2025-07-26 18:05:00,7241.76,80.0,TRADE
VIC1,2025-07-26 18:10:00,7318.36,93.08,TRADE
VIC1,2025-07-26 18:15:00,7310.08,90.71,TRADE
VIC1,2025-07-26 18:20:00,7269.6,90.02,TRADE
VIC1,2025-07-26 18:25:00,7300.28,82.98,TRADE
VIC1,2025-07-26 18:30:00,7282.28,90.43,TRADE
VIC1,2025-07-26 18:35:00,7263.55,86.4,TRADE
VIC1,2025-07-26 18:40:00,7181.3,80.0,TRADE
VIC1,2025-07-26 18:45:00,7198.1,91.21,TRADE
VIC1,2025-07-26 18:50:00,7232.71,82.98,TRADE
VIC1,2025-07-26 18:55:00,7196.6,83.13,TRADE
VIC1,2025-07-26 19:00:00,7125.48,85.8,TRADE
VIC1,2025-07-26 19:05:00,7149.26,114.23,TRADE
VIC1,2025-07-26 19:10:00,7085.14,93.18,TRADE
VIC1,2025-07-26 19:15:00,7103.06,82.99,TRADE
VIC1,2025-07-26 19:20:00,7049.55,80.0,TRADE
VIC1,2025-07-26 19:25:00,7011.73,84.9,TRADE
VIC1,2025-07-26 19:30:00,7055.08,84.32,TRADE
VIC1,2025-07-26 19:35:00,7024.48,126.11,TRADE
VIC1,2025-07-26 19:40:00,6938.61,125.85,TRADE
VIC1,2025-07-26 19:45:00,6946.75,125.49,TRADE
VIC1,2025-07-26 19:50:00,6943.56,125.49,TRADE
VIC1,2025-07-26 19:55:00,6918.36,131.23,TRADE
VIC1,2025-07-26 20:00:00,6832.94,131.23,TRADE
VIC1,2025-07-26 20:05:00,6799.27,86.89,TRADE
VIC1,2025-07-26 20:10:00,6871.74,126.05,TRADE
VIC1,2025-07-26 20:15:00,6834.67,131.23,TRADE
VIC1,2025-07-26 20:20:00,6742.38,125.78,TRADE
VIC1,2025-07-26 20:25:00,6774.08,131.23,TRADE
VIC1,2025-07-26 20:30:00,6788.3,134.37,TRADE
VIC1,2025-07-26 20:35:00,6778.27,136.83,TRADE
VIC1,2025-07-26 20:40:00,6672.21,131.23,TRADE
VIC1,2025-07-26 20:45:00,6641.74,131.23,TRADE
VIC1,2025-07-26 20:50:00,6677.01,131.23,TRADE
VIC1,2025-07-26 20:55:00,6659.39,131.23,TRADE
VIC1,2025-07-26 21:00:00,6669.72,131.23,TRADE
VIC1,2025-07-26 21:05:00,6582.66,131.23,TRADE
VIC1,2025-07-26 21:10:00,6577.14,131.23,TRADE
VIC1,2025-07-26 21:15:00,6578.76,131.23,TRADE
VIC1,2025-07-26 21:20:00,6510.55,128.4,TRADE
VIC1,2025-07-26 21:25:00,6462.84,98.51,TRADE
VIC1,2025-07-26 21:30:00,6452.37,83.52,TRADE
VIC1,2025-07-26 21:35:00,6458.64,131.23,TRADE
VIC1,2025-07-26 21:40:00,6442.63,131.23,TRADE
VIC1,2025-07-26 21:45:00,6374.45,97.34,TRADE
VIC1,2025-07-26 21:50:00,6335.93,82.98,TRADE
VIC1,2025-07-26 21:55:00,6314.12,89.76,TRADE
VIC1,2025-07-26 22:00:00,6285.7,83.27,TRADE
VIC1,2025-07-26 22:05:00,6129.34,80.44,TRADE
VIC1,2025-07-26 22:10:00,6137.42,88.78,TRADE
VIC1,2025-07-26 22:15:00,6222.17,88.65,TRADE
VIC1,2025-07-26 22:20:00,6162.44,80.0,TRADE
VIC1,2025-07-26 22:25:00,6104.85,80.0,TRADE
VIC1,2025-07-26 22:30:00,6116.76,80.0,TRADE
VIC1,2025-07-26 22:35:00,6079.46,80.0,TRADE
VIC1,2025-07-26 22:40:00,6039.64,80.0,TRADE
VIC1,2025-07-26 22:45:00,5939.29,80.0,TRADE
VIC1,2025-07-26 22:50:00,5927.38,78.51,TRADE
VIC1,2025-07-26 22:55:00,5984.29,76.67,TRADE
VIC1,2025-07-26 23:00:00,5908.48,70.15,TRADE
VIC1,2025-07-26 23:05:00,5904.4,76.26,TRADE
VIC1,2025-07-26 23:10:00,6011.55,80.0,TRADE
VIC1,2025-07-26 23:15:00,6012.19,80.0,TRADE
VIC1,2025-07-26 23:20:00,5876.34,70.82,TRADE
VIC1,2025-07-26 23:25:00,5970.64,73.02,TRADE
VIC1,2025-07-26 23:30:00,5996.88,76.95,TRADE
VIC1,2025-07-26 23:35:00,5899.82,75.85,TRADE
VIC1,2025-07-26 23:40:00,5821.68,76.0,TRADE
VIC1,2025-07-26 23:45:00,5845.73,75.65,TRADE
VIC1,2025-07-26 23:50:00,5804.88,72.56,TRADE
VIC1,2025-07-26 23:55:00,5743.01,71.13,TRADE
VIC1,2025-07-27 00:00:00,5713.51,71.58,TRADE
VIC1,2025-07-27 00:05:00,5670.36,73.68,TRADE
VIC1,2025-07-27 00:10:00,5622.63,72.52,TRADE
VIC1,2025-07-27 00:15:00,5542.78,68.01,TRADE
VIC1,2025-07-27 00:20:00,5561.32,71.77,TRADE
VIC1,2025-07-27 00:25:00,5559.73,70.3,TRADE
VIC1,2025-07-27 00:30:00,5438.0,66.58,TRADE
VIC1,2025-07-27 00:35:00,5472.84,69.87,TRADE
VIC1,2025-07-27 00:40:00,5435.58,70.09,TRADE
VIC1,2025-07-27 00:45:00,5413.39,67.58,TRADE
VIC1,2025-07-27 00:50:00,5395.67,52.88,TRADE
VIC1,2025-07-27 00:55:00,5286.52,65.35,TRADE
VIC1,2025-07-27 01:00:00,5294.86,51.68,TRADE
VIC1,2025-07-27 01:05:00,5265.09,59.31,TRADE
VIC1,2025-07-27 01:10:00,5192.9,59.18,TRADE
VIC1,2025-07-27 01:15:00,5193.21,51.6,TRADE
VIC1,2025-07-27 01:20:00,5192.31,52.01,TRADE
VIC1,2025-07-27 01:25:00,5148.35,51.99,TRADE
VIC1,2025-07-27 01:30:00,5109.29,52.02,TRADE
VIC1,2025-07-27 01:35:00,5022.96,52.33,TRADE
VIC1,2025-07-27 01:40:00,5054.55,54.19,TRADE
VIC1,2025-07-27 01:45:00,5030.4,52.37,TRADE
VIC1,2025-07-27 01:50:00,4928.84,48.02,TRADE
VIC1,2025-07-27 01:55:00,4978.69,51.95,TRADE
VIC1,2025-07-27 02:00:00,4900.71,51.2,TRADE
VIC1,2025-07-27 02:05:00,4909.93,51.16,TRADE
VIC1,2025-07-27 02:10:00,4824.15,50.33,TRADE
VIC1,2025-07-27 02:15:00,4778.14,50.34,TRADE
VIC1,2025-07-27 02:20:00,4752.81,45.89,TRADE
VIC1,2025-07-27 02:25:00,4800.92,49.61,TRADE
VIC1,2025-07-27 02:30:00,4774.83,45.89,TRADE
VIC1,2025-07-27 02:35:00,4656.78,35.94,TRADE
VIC1,2025-07-27 02:40:00,4677.66,45.89,TRADE
VIC1,2025-07-27 02:45:00,4690.29,45.89,TRADE
VIC1,2025-07-27 02:50:00,4678.63,45.89,TRADE
VIC1,2025-07-27 02:55:00,4578.85,35.94,TRADE
VIC1,2025-07-27 03:00:00,4529.61,20.0,TRADE
VIC1,2025-07-27 03:05:00,4602.23,38.69,TRADE
VIC1,2025-07-27 03:10:00,4586.81,35.94,TRADE
VIC1,2025-07-27 03:15:00,4547.81,33.3,TRADE
VIC1,2025-07-27 03:20:00,4599.45,35.94,TRADE
VIC1,2025-07-27 03:25:00,4605.0,35.94,TRADE
VIC1,2025-07-27 03:30:00,4613.9,35.94,TRADE
VIC1,2025-07-27 03:35:00,4478.58,20.0,TRADE
VIC1,2025-07-27 03:40:00,4503.91,20.0,TRADE
VIC1,2025-07-27 03:45:00,4471.89,35.48,TRADE
VIC1,2025-07-27 03:50:00,4507.22,35.48,TRADE
VIC1,2025-07-27 03:55:00,4475.44,20.0,TRADE
VIC1,2025-07-27 04:00:00,4467.77,20.0,TRADE
VIC1,2025-07-27 04:05:00,4445.98,20.0,TRADE
VIC1,2025-07-27 04:10:00,4466.43,20.0,TRADE
VIC1,2025-07-27 04:15:00,4468.29,21.76,TRADE
VIC1,2025-07-27 04:20:00,4429.97,19.18,TRADE
VIC1,2025-07-27 04:25:00,4444.24,19.18,TRADE
VIC1,2025-07-27 04:30:00,4451.42,19.18,TRADE
VIC1,2025-07-27 04:35:00,4379.31,18.18,TRADE
VIC1,2025-07-27 04:40:00,4441.41,19.18,TRADE
VIC1,2025-07-27 04:45:00,4450.9,19.18,TRADE
VIC1,2025-07-27 04:50:00,4482.05,20.0,TRADE
VIC1,2025-07-27 04:55:00,4484.68,19.18,TRADE
VIC1,2025-07-27 05:00:00,4397.24,0.06,TRADE
VIC1,2025-07-27 05:05:00,4433.05,19.18,TRADE
VIC1,2025-07-27 05:10:00,4439.69,19.18,TRADE
VIC1,2025-07-27 05:15:00,4430.17,20.0,TRADE
VIC1,2025-07-27 05:20:00,4499.05,19.18,TRADE
VIC1,2025-07-27 05:25:00,4531.35,20.0,TRADE
VIC1,2025-07-27 05:30:00,4482.3,19.18,TRADE
VIC1,2025-07-27 05:35:00,4585.77,20.0,TRADE
VIC1,2025-07-27 05:40:00,4581.14,20.0,TRADE
VIC1,2025-07-27 05:45:00,4608.42,35.94,TRADE
VIC1,2025-07-27 05:50:00,4590.0,20.0,TRADE
VIC1,2025-07-27 05:55:00,4550.83,20.0,TRADE
VIC1,2025-07-27 06:00:00,4653.53,35.94,TRADE
VIC1,2025-07-27 06:05:00,4678.45,35.94,TRADE
VIC1,2025-07-27 06:10:00,4686.82,20.0,TRADE
VIC1,2025-07-27 06:15:00,4767.24,20.0,TRADE
VIC1,2025-07-27 06:20:00,4824.6,20.0,TRADE
VIC1,2025-07-27 06:25:00,4839.38,20.0,TRADE
VIC1,2025-07-27 06:30:00,4808.96,20.0,TRADE
VIC1,2025-07-27 06:35:00,4814.39,19.18,TRADE
VIC1,2025-07-27 06:40:00,4930.91,19.18,TRADE
VIC1,2025-07-27 06:45:00,4932.29,21.5,TRADE
VIC1,2025-07-27 06:50:00,4997.66,43.27,TRADE
VIC1,2025-07-27 06:55:00,5077.15,45.89,TRADE
VIC1,2025-07-27 07:00:00,5120.09,54.39,TRADE
VIC1,2025-07-27 07:05:00,5177.17,62.76,TRADE
VIC1,2025-07-27 07:10:00,5194.22,61.21,TRADE
VIC1,2025-07-27 07:15:00,5162.0,28.73,TRADE
VIC1,2025-07-27 07:20:00,5339.67,49.46,TRADE
VIC1,2025-07-27 07:25:00,5329.06,20.0,TRADE
VIC1,2025-07-27 07:30:00,5381.1,47.71,TRADE
VIC1,2025-07-27 07:35:00,5438.61,49.42,TRADE
VIC1,2025-07-27 07:40:00,5465.28,50.32,TRADE
VIC1,2025-07-27 07:45:00,5539.05,51.08,TRADE
VIC1,2025-07-27 07:50:00,5488.13,50.67,TRADE
VIC1,2025-07-27 07:55:00,5489.23,32.25,TRADE
VIC1,2025-07-27 08:00:00,5582.29,51.14,TRADE
VIC1,2025-07-27 08:05:00,5620.57,45.0,TRADE
VIC1,2025-07-27 08:10:00,5582.55,32.36,TRADE
VIC1,2025-07-27 08:15:00,5661.4,32.62,TRADE
VIC1,2025-07-27 08:20:00,5690.65,20.0,TRADE
VIC1,2025-07-27 08:25:00,5743.25,33.12,TRADE
VIC1,2025-07-27 08:30:00,5618.9,20.0,TRADE
VIC1,2025-07-27 08:35:00,5648.97,34.92,TRADE
VIC1,2025-07-27 08:40:00,5728.49,57.93,TRADE
VIC1,2025-07-27 08:45:00,5759.1,58.84,TRADE
VIC1,2025-07-27 08:50:00,5784.79,51.59,TRADE
VIC1,2025-07-27 08:55:00,5791.89,50.48,TRADE
VIC1,2025-07-27 09:00:00,5810.43,12.89,TRADE
VIC1,2025-07-27 09:05:00,5810.02,35.93,TRADE
VIC1,2025-07-27 09:10:00,5814.3,35.19,TRADE
VIC1,2025-07-27 09:15:00,5788.21,46.42,TRADE
VIC1,2025-07-27 09:20:00,5865.23,35.49,TRADE
VIC1,2025-07-27 09:25:00,5900.1,36.83,TRADE
VIC1,2025-07-27 09:30:00,5847.16,20.0,TRADE
VIC1,2025-07-27 09:35:00,5902.76,51.42,TRADE
VIC1,2025-07-27 09:40:00,5895.99,51.27,TRADE
VIC1,2025-07-27 09:45:00,5870.81,32.55,TRADE
VIC1,2025-07-27 09:50:00,5823.66,20.0,TRADE
VIC1,2025-07-27 09:55:00,5706.46,0.05,TRADE
VIC1,2025-07-27 10:00:00,5747.02,0.01,TRADE
VIC1,2025-07-27 10:05:00,5756.12,8.95,TRADE
VIC1,2025-07-27 10:10:00,5732.32,12.43,TRADE
VIC1,2025-07-27 10:15:00,5708.58,22.22,TRADE
VIC1,2025-07-27 10:20:00,5657.68,17.41,TRADE
VIC1,2025-07-27 10:25:00,5615.03,0.06,TRADE
VIC1,2025-07-27 10:30:00,5534.63,0.0,TRADE
VIC1,2025-07-27 10:35:00,5367.69,0.16,TRADE
VIC1,2025-07-27 10:40:00,5317.58,35.72,TRADE
VIC1,2025-07-27 10:45:00,5273.56,9.16,TRADE
VIC1,2025-07-27 10:50:00,5326.96,0.06,TRADE
VIC1,2025-07-27 10:55:00,5262.06,0.06,TRADE
VIC1,2025-07-27 11:00:00,5226.61,11.12,TRADE
VIC1,2025-07-27 11:05:00,5193.34,8.95,TRADE
VIC1,2025-07-27 11:10:00,5214.04,0.06,TRADE
VIC1,2025-07-27 11:15:00,5156.29,0.0,TRADE
VIC1,2025-07-27 11:20:00,5040.86,0.06,TRADE
VIC1,2025-07-27 11:25:00,4972.82,8.95,TRADE
VIC1,2025-07-27 11:30:00,4985.95,1.21,TRADE
VIC1,2025-07-27 11:35:00,4833.01,8.95,TRADE
VIC1,2025-07-27 11:40:00,4741.9,8.95,TRADE
VIC1,2025-07-27 11:45:00,4716.81,-7.41,TRADE
VIC1,2025-07-27 11:50:00,4752.17,0.0,TRADE
VIC1,2025-07-27 11:55:00,4786.16,8.95,TRADE
VIC1,2025-07-27 12:00:00,4655.2,0.0,TRADE
VIC1,2025-07-27 12:05:00,4636.43,0.0,TRADE
VIC1,2025-07-27 12:10:00,4643.34,11.18,TRADE
VIC1,2025-07-27 12:15:00,4688.12,8.95,TRADE
VIC1,2025-07-27 12:20:00,4609.09,0.12,TRADE
VIC1,2025-07-27 12:25:00,4641.9,0.05,TRADE
VIC1,2025-07-27 12:30:00,4644.07,0.05,TRADE
VIC1,2025-07-27 12:35:00,4672.67,0.05,TRADE
VIC1,2025-07-27 12:40:00,4736.6,8.95,TRADE
VIC1,2025-07-27 12:45:00,4655.68,0.01,TRADE
VIC1,2025-07-27 12:50:00,4727.05,-14.0,TRADE
VIC1,2025-07-27 12:55:00,4824.3,8.95,TRADE
VIC1,2025-07-27 13:00:00,4768.6,8.95,TRADE
VIC1,2025-07-27 13:05:00,4774.29,0.05,TRADE
VIC1,2025-07-27 13:10:00,4771.68,-0.51,TRADE
VIC1,2025-07-27 13:15:00,4820.91,20.0,TRADE
VIC1,2025-07-27 13:20:00,4781.76,8.95,TRADE
VIC1,2025-07-27 13:25:00,4787.77,17.33,TRADE
VIC1,2025-07-27 13:30:00,4820.89,8.95,TRADE
VIC1,2025-07-27 13:35:00,4881.09,8.95,TRADE
VIC1,2025-07-27 13:40:00,4961.45,20.0,TRADE
VIC1,2025-07-27 13:45:00,4929.74,0.05,TRADE
VIC1,2025-07-27 13:50:00,5003.24,8.95,TRADE
VIC1,2025-07-27 13:55:00,5056.35,22.65,TRADE
VIC1,2025-07-27 14:00:00,5035.38,0.05,TRADE
VIC1,2025-07-27 14:05:00,4990.34,8.95,TRADE
VIC1,2025-07-27 14:10:00,5034.17,8.95,TRADE
VIC1,2025-07-27 14:15:00,5134.41,20.76,TRADE
VIC1,2025-07-27 14:20:00,5122.26,20.0,TRADE
VIC1,2025-07-27 14:25:00,5161.39,8.95,TRADE
VIC1,2025-07-27 14:30:00,5147.48,13.29,TRADE
VIC1,2025-07-27 14:35:00,5195.71,20.76,TRADE
VIC1,2025-07-27 14:40:00,5168.1,8.95,TRADE
VIC1,2025-07-27 14:45:00,5112.12,-1.06,TRADE
VIC1,2025-07-27 14:50:00,5155.71,20.0,TRADE
VIC1,2025-07-27 14:55:00,5296.72,21.14,TRADE
VIC1,2025-07-27 15:00:00,5285.3,20.0,TRADE
VIC1,2025-07-27 15:05:00,5281.93,8.95,TRADE
VIC1,2025-07-27 15:10:00,5300.19,40.15,TRADE
VIC1,2025-07-27 15:15:00,5329.34,20.0,TRADE
VIC1,2025-07-27 15:20:00,5428.08,36.15,TRADE
VIC1,2025-07-27 15:25:00,5412.93,33.25,TRADE
VIC1,2025-07-27 15:30:00,5426.02,0.05,TRADE
VIC1,2025-07-27 15:35:00,5517.97,8.95,TRADE
VIC1,2025-07-27 15:40:00,5605.7,8.95,TRADE
VIC1,2025-07-27 15:45:00,5563.94,20.0,TRADE
VIC1,2025-07-27 15:50:00,5667.17,23.84,TRADE
VIC1,2025-07-27 15:55:00,5723.38,0.05,TRADE
VIC1,2025-07-27 16:00:00,5789.13,8.95,TRADE
VIC1,2025-07-27 16:05:00,5799.02,0.05,TRADE
VIC1,2025-07-27 16:10:00,5778.38,8.95,TRADE
VIC1,2025-07-27 16:15:00,5906.07,8.95,TRADE
VIC1,2025-07-27 16:20:00,5951.62,50.34,TRADE
VIC1,2025-07-27 16:25:00,5924.2,30.45,TRADE
VIC1,2025-07-27 16:30:00,6092.53,53.98,TRADE
VIC1,2025-07-27 16:35:00,6203.19,49.31,TRADE
VIC1,2025-07-27 16:40:00,6279.83,55.35,TRADE
VIC1,2025-07-27 16:45:00,6274.92,48.4,TRADE
VIC1,2025-07-27 16:50:00,6347.96,70.19,TRADE
VIC1,2025-07-27 16:55:00,6452.98,71.29,TRADE
VIC1,2025-07-27 17:00:00,6560.53,70.77,TRADE
VIC1,2025-07-27 17:05:00,6612.76,66.32,TRADE
VIC1,2025-07-27 17:10:00,6634.17,64.25,TRADE
VIC1,2025-07-27 17:15:00,6727.67,69.91,TRADE
VIC1,2025-07-27 17:20:00,6729.02,69.98,TRADE
VIC1,2025-07-27 17:25:00,6831.95,71.73,TRADE
VIC1,2025-07-27 17:30:00,6834.47,71.16,TRADE
VIC1,2025-07-27 17:35:00,6951.11,69.77,TRADE
VIC1,2025-07-27 17:40:00,6954.49,68.36,TRADE
VIC1,2025-07-27 17:45:00,7069.03,68.55,TRADE
VIC1,2025-07-27 17:50:00,7043.12,64.02,TRADE
VIC1,2025-07-27 17:55:00,7076.94,68.96,TRADE
VIC1,2025-07-27 18:00:00,7156.89,69.09,TRADE
VIC1,2025-07-27 18:05:00,7099.61,65.51,TRADE
VIC1,2025-07-27 18:10:00,7048.51,61.83,TRADE
VIC1,2025-07-27 18:15:00,7057.53,67.05,TRADE
VIC1,2025-07-27 18:20:00,7078.23,68.03,TRADE
VIC1,2025-07-27 18:25:00,7096.3,71.3,TRADE
VIC1,2025-07-27 18:30:00,7088.07,74.16,TRADE
VIC1,2025-07-27 18:35:00,7140.72,73.08,TRADE
VIC1,2025-07-27 18:40:00,7118.98,73.1,TRADE
VIC1,2025-07-27 18:45:00,7044.02,65.81,TRADE
VIC1,2025-07-27 18:50:00,7121.26,74.23,TRADE
VIC1,2025-07-27 18:55:00,7053.06,74.23,TRADE
VIC1,2025-07-27 19:00:00,7058.85,74.23,TRADE
VIC1,2025-07-27 19:05:00,7044.27,74.75,TRADE
VIC1,2025-07-27 19:10:00,6965.88,74.23,TRADE
VIC1,2025-07-27 19:15:00,6928.33,73.61,TRADE
VIC1,2025-07-27 19:20:00,6907.56,73.21,TRADE
VIC1,2025-07-27 19:25:00,6968.22,72.98,TRADE
VIC1,2025-07-27 19:30:00,6922.2,72.22,TRADE
VIC1,2025-07-27 19:35:00,6810.33,54.79,TRADE
VIC1,2025-07-27 19:40:00,6874.17,59.62,TRADE
VIC1,2025-07-27 19:45:00,6860.35,59.25,TRADE
VIC1,2025-07-27 19:50:00,6825.96,60.56,TRADE
VIC1,2025-07-27 19:55:00,6715.89,58.7,TRADE
VIC1,2025-07-27 20:00:00,6749.03,57.97,TRADE
VIC1,2025-07-27 20:05:00,6747.51,70.19,TRADE
VIC1,2025-07-27 20:10:00,6694.59,70.14,TRADE
VIC1,2025-07-27 20:15:00,6642.78,69.49,TRADE
VIC1,2025-07-27 20:20:00,6621.8,68.99,TRADE
VIC1,2025-07-27 20:25:00,6612.16,68.66,TRADE
VIC1,2025-07-27 20:30:00,6616.98,69.66,TRADE
VIC1,2025-07-27 20:35:00,6515.44,68.02,TRADE
VIC1,2025-07-27 20:40:00,6518.28,69.17,TRADE
VIC1,2025-07-27 20:45:00,6499.61,68.85,TRADE
VIC1,2025-07-27 20:50:00,6424.7,56.09,TRADE
VIC1,2025-07-27 20:55:00,6456.64,65.43,TRADE
VIC1,2025-07-27 21:00:00,6416.96,58.8,TRADE
VIC1,2025-07-27 21:05:00,6365.73,60.52,TRADE
VIC1,2025-07-27 21:10:00,6390.12,60.1,TRADE
VIC1,2025-07-27 21:15:00,6274.71,42.13,TRADE
VIC1,2025-07-27 21:20:00,6215.52,53.98,TRADE
VIC1,2025-07-27 21:25:00,6234.85,57.0,TRADE
VIC1,2025-07-27 21:30:00,6203.87,52.98,TRADE
VIC1,2025-07-27 21:35:00,6161.16,57.0,TRADE
VIC1,2025-07-27 21:40:00,6116.77,57.61,TRADE
VIC1,2025-07-27 21:45:00,6080.55,57.06,TRADE
VIC1,2025-07-27 21:50:00,6021.94,50.85,TRADE
VIC1,2025-07-27 21:55:00,5869.46,21.0,TRADE
VIC1,2025-07-27 22:00:00,5878.68,21.0,TRADE
VIC1,2025-07-27 22:05:00,5804.05,49.95,TRADE
VIC1,2025-07-27 22:10:00,5748.23,52.03,TRADE
VIC1,2025-07-27 22:15:00,5802.82,52.25,TRADE
VIC1,2025-07-27 22:20:00,5707.97,25.91,TRADE
VIC1,2025-07-27 22:25:00,5726.42,30.56,TRADE
VIC1,2025-07-27 22:30:00,5683.03,28.67,TRADE
VIC1,2025-07-27 22:35:00,5661.23,37.28,TRADE
VIC1,2025-07-27 22:40:00,5464.86,8.95,TRADE
VIC1,2025-07-27 22:45:00,5436.21,8.95,TRADE
VIC1,2025-07-27 22:50:00,5521.8,37.41,TRADE
VIC1,2025-07-27 22:55:00,5453.52,49.42,TRADE
VIC1,2025-07-27 23:00:00,5373.76,8.95,TRADE
VIC1,2025-07-27 23:05:00,5364.3,20.0,TRADE
VIC1,2025-07-27 23:10:00,5508.03,49.02,TRADE
VIC1,2025-07-27 23:15:00,5515.64,58.45,TRADE
VIC1,2025-07-27 23:20:00,5465.23,48.62,TRADE
VIC1,2025-07-27 23:25:00,5366.93,20.96,TRADE
VIC1,2025-07-27 23:30:00,5480.63,49.83,TRADE
VIC1,2025-07-27 23:35:00,5476.58,60.64,TRADE
VIC1,2025-07-27 23:40:00,5290.33,20.96,TRADE
VIC1,2025-07-27 23:45:00,5365.37,42.24,TRADE
VIC1,2025-07-27 23:50:00,5323.49,44.15,TRADE
VIC1,2025-07-27 23:55:00,5252.78,44.92,TRADE
VIC1,2025-08-02 00:00:00,5843.12,125.98,TRADE
VIC1,2025-08-02 00:05:00,5841.24,168.95,TRADE
VIC1,2025-08-02 00:10:00,5747.58,158.0,TRADE
VIC1,2025-08-02 00:15:00,5777.42,158.0,TRADE
VIC1,2025-08-02 00:20:00,5754.53,130.11,TRADE
VIC1,2025-08-02 00:25:00,5732.01,131.26,TRADE
VIC1,2025-08-02 00:30:00,5712.25,132.0,TRADE
VIC1,2025-08-02 00:35:00,5576.25,130.92,TRADE
VIC1,2025-08-02 00:40:00,5562.5,158.0,TRADE
VIC1,2025-08-02 00:45:00,5533.38,131.61,TRADE
VIC1,2025-08-02 00:50:00,5478.41,132.37,TRADE
VIC1,2025-08-02 00:55:00,5416.81,123.39,TRADE
VIC1,2025-08-02 01:00:00,5483.43,131.44,TRADE
VIC1,2025-08-02 01:05:00,5449.52,158.0,TRADE
VIC1,2025-08-02 01:10:00,5378.14,134.32,TRADE
VIC1,2025-08-02 01:15:00,5392.4,132.1,TRADE
VIC1,2025-08-02 01:20:00,5354.52,125.58,TRADE
VIC1,2025-08-02 01:25:00,5340.91,125.59,TRADE
VIC1,2025-08-02 01:30:00,5229.07,120.0,TRADE
VIC1,2025-08-02 01:35:00,5253.02,120.78,TRADE
VIC1,2025-08-02 01:40:00,5257.0,115.91,TRADE
VIC1,2025-08-02 01:45:00,5228.04,112.48,TRADE
VIC1,2025-08-02 01:50:00,5170.77,103.45,TRADE
VIC1,2025-08-02 01:55:00,5118.59,107.37,TRADE
VIC1,2025-08-02 02:00:00,5138.84,103.35,TRADE
VIC1,2025-08-02 02:05:00,5107.96,103.81,TRADE
VIC1,2025-08-02 02:10:00,4985.42,113.6,TRADE
VIC1,2025-08-02 02:15:00,5040.66,120.0,TRADE
VIC1,2025-08-02 02:20:00,5009.02,118.3,TRADE
VIC1,2025-08-02 02:25:00,4913.55,102.82,TRADE
VIC1,2025-08-02 02:30:00,4983.21,107.41,TRADE
VIC1,2025-08-02 02:35:00,4943.28,102.94,TRADE
VIC1,2025-08-02 02:40:00,4953.14,97.46,TRADE
VIC1,2025-08-02 02:45:00,4862.33,93.64,TRADE
VIC1,2025-08-02 02:50:00,4850.73,91.21,TRADE
VIC1,2025-08-02 02:55:00,4905.49,90.63,TRADE
VIC1,2025-08-02 03:00:00,4884.98,90.94,TRADE
VIC1,2025-08-02 03:05:00,4870.01,95.98,TRADE
VIC1,2025-08-02 03:10:00,4871.38,96.12,TRADE
VIC1,2025-08-02 03:15:00,4875.19,100.13,TRADE
VIC1,2025-08-02 03:20:00,4850.96,89.91,TRADE
VIC1,2025-08-02 03:25:00,4774.49,89.01,TRADE
VIC1,2025-08-02 03:30:00,4837.51,91.57,TRADE
VIC1,2025-08-02 03:35:00,4833.28,96.09,TRADE
VIC1,2025-08-02 03:40:00,4824.27,103.23,TRADE
VIC1,2025-08-02 03:45:00,4806.74,95.02,TRADE
VIC1,2025-08-02 03:50:00,4818.8,90.97,TRADE
VIC1,2025-08-02 03:55:00,4824.6,90.59,TRADE
VIC1,2025-08-02 04:00:00,4796.16,89.42,TRADE
VIC1,2025-08-02 04:05:00,4703.53,82.89,TRADE
VIC1,2025-08-02 04:10:00,4789.54,92.23,TRADE
VIC1,2025-08-02 04:15:00,4771.73,92.23,TRADE
VIC1,2025-08-02 04:20:00,4768.83,92.31,TRADE
VIC1,2025-08-02 04:25:00,4785.94,92.23,TRADE
VIC1,2025-08-02 04:30:00,4778.11,92.23,TRADE
VIC1,2025-08-02 04:35:00,4795.3,92.23,TRADE
VIC1,2025-08-02 04:40:00,4752.91,91.86,TRADE
VIC1,2025-08-02 04:45:00,4760.95,91.84,TRADE
VIC1,2025-08-02 04:50:00,4838.91,92.0,TRADE
VIC1,2025-08-02 04:55:00,4838.9,91.66,TRADE
VIC1,2025-08-02 05:00:00,4849.54,89.05,TRADE
VIC1,2025-08-02 05:05:00,4885.39,89.64,TRADE
VIC1,2025-08-02 05:10:00,4945.04,92.23,TRADE
VIC1,2025-08-02 05:15:00,4974.93,92.23,TRADE
VIC1,2025-08-02 05:20:00,4900.36,80.0,TRADE
VIC1,2025-08-02 05:25:00,4948.23,82.29,TRADE
VIC1,2025-08-02 05:30:00,4957.71,82.42,TRADE
VIC1,2025-08-02 05:35:00,4959.36,81.61,TRADE
VIC1,2025-08-02 05:40:00,5055.27,87.62,TRADE
VIC1,2025-08-02 05:45:00,5090.95,89.6,TRADE
VIC1,2025-08-02 05:50:00,5086.28,95.22,TRADE
VIC1,2025-08-02 05:55:00,5097.54,93.8,TRADE
VIC1,2025-08-02 06:00:00,5165.9,99.98,TRADE
VIC1,2025-08-02 06:05:00,5178.89,90.25,TRADE
VIC1,2025-08-02 06:10:00,5191.74,98.95,TRADE
VIC1,2025-08-02 06:15:00,5239.89,99.27,TRADE
VIC1,2025-08-02 06:20:00,5330.83,100.73,TRADE
VIC1,2025-08-02 06:25:00,5379.69,116.25,TRADE
VIC1,2025-08-02 06:30:00,5395.35,110.63,TRADE
VIC1,2025-08-02 06:35:00,5445.91,112.1,TRADE
VIC1,2025-08-02 06:40:00,5545.47,116.11,TRADE
VIC1,2025-08-02 06:45:00,5548.71,116.05,TRADE
VIC1,2025-08-02 06:50:00,5548.64,115.64,TRADE
VIC1,2025-08-02 06:55:00,5614.38,117.79,TRADE
VIC1,2025-08-02 07:00:00,5762.53,137.13,TRADE
VIC1,2025-08-02 07:05:00,5761.01,120.0,TRADE
VIC1,2025-08-02 07:10:00,5800.28,120.0,TRADE
VIC1,2025-08-02 07:15:00,5872.01,120.0,TRADE
VIC1,2025-08-02 07:20:00,5984.38,125.33,TRADE
VIC1,2025-08-02 07:25:00,6050.12,154.38,TRADE
VIC1,2025-08-02 07:30:00,6060.8,151.46,TRADE
VIC1,2025-08-02 07:35:00,6087.23,132.87,TRADE
VIC1,2025-08-02 07:40:00,6202.83,156.02,TRADE
VIC1,2025-08-02 07:45:00,6259.11,158.49,TRADE
VIC1,2025-08-02 07:50:00,6267.55,156.02,TRADE
VIC1,2025-08-02 07:55:00,6316.49,156.02,TRADE
VIC1,2025-08-02 08:00:00,6329.87,130.07,TRADE
VIC1,2025-08-02 08:05:00,6344.83,129.23,TRADE
VIC1,2025-08-02 08:10:00,6319.55,119.3,TRADE
VIC1,2025-08-02 08:15:00,6346.97,98.59,TRADE
VIC1,2025-08-02 08:20:00,6404.89,103.69,TRADE
VIC1,2025-08-02 08:25:00,6381.0,93.4,TRADE
VIC1,2025-08-02 08:30:00,6369.91,81.45,TRADE
VIC1,2025-08-02 08:35:00,6408.66,80.29,TRADE
VIC1,2025-08-02 08:40:00,6462.24,80.0,TRADE
VIC1,2025-08-02 08:45:00,6416.44,80.0,TRADE
VIC1,2025-08-02 08:50:00,6303.0,77.17,TRADE
VIC1,2025-08-02 08:55:00,6194.3,66.11,TRADE
VIC1,2025-08-02 09:00:00,6208.48,75.8,TRADE
VIC1,2025-08-02 09:05:00,6304.79,80.0,TRADE
VIC1,2025-08-02 09:10:00,6235.47,78.59,TRADE
VIC1,2025-08-02 09:15:00,6089.16,75.8,TRADE
VIC1,2025-08-02 09:20:00,6005.48,60.96,TRADE
VIC1,2025-08-02 09:25:00,6076.14,57.0,TRADE
VIC1,2025-08-02 09:30:00,6013.16,57.22,TRADE
VIC1,2025-08-02 09:35:00,5982.56,60.29,TRADE
VIC1,2025-08-02 09:40:00,5916.91,74.13,TRADE
VIC1,2025-08-02 09:45:00,5766.46,57.6,TRADE
VIC1,2025-08-02 09:50:00,5718.19,54.8,TRADE
VIC1,2025-08-02 09:55:00,5640.52,53.87,TRADE
VIC1,2025-08-02 10:00:00,5579.2,60.14,TRADE
VIC1,2025-08-02 10:05:00,5535.83,70.79,TRADE
VIC1,2025-08-02 10:10:00,5531.45,60.13,TRADE
VIC1,2025-08-02 10:15:00,5503.18,60.46,TRADE
VIC1,2025-08-02 10:20:00,5331.08,51.26,TRADE
VIC1,2025-08-02 10:25:00,5233.24,38.84,TRADE
VIC1,2025-08-02 10:30:00,5268.02,51.22,TRADE
VIC1,2025-08-02 10:35:00,5203.19,76.06,TRADE
VIC1,2025-08-02 10:40:00,5038.59,50.42,TRADE
VIC1,2025-08-02 10:45:00,4985.63,32.21,TRADE
VIC1,2025-08-02 10:50:00,4995.91,50.75,TRADE
VIC1,2025-08-02 10:55:00,4899.82,57.0,TRADE
VIC1,2025-08-02 11:00:00,4769.78,34.04,TRADE
VIC1,2025-08-02 11:05:00,4691.69,35.94,TRADE
VIC1,2025-08-02 11:10:00,4732.38,53.06,TRADE
VIC1,2025-08-02 11:15:00,4646.77,30.81,TRADE
VIC1,2025-08-02 11:20:00,4520.47,34.91,TRADE
VIC1,2025-08-02 11:25:00,4506.68,57.0,TRADE
VIC1,2025-08-02 11:30:00,4487.21,26.1,TRADE
VIC1,2025-08-02 11:35:00,4456.89,31.43,TRADE
VIC1,2025-08-02 11:40:00,4371.68,31.56,TRADE
VIC1,2025-08-02 11:45:00,4217.11,20.04,TRADE
VIC1,2025-08-02 11:50:00,4177.41,20.04,TRADE
VIC1,2025-08-02 11:55:00,4169.01,25.01,TRADE
VIC1,2025-08-02 12:00:00,4108.03,20.04,TRADE
VIC1,2025-08-02 12:05:00,4087.89,20.04,TRADE
VIC1,2025-08-02 12:10:00,4016.28,20.04,TRADE
VIC1,2025-08-02 12:15:00,3991.26,35.94,TRADE
VIC1,2025-08-02 12:20:00,3943.01,44.72,TRADE
VIC1,2025-08-02 12:25:00,3859.92,31.34,TRADE
VIC1,2025-08-02 12:30:00,3722.48,31.51,TRADE
VIC1,2025-08-02 12:35:00,3763.55,20.04,TRADE
VIC1,2025-08-02 12:40:00,3760.73,19.18,TRADE
VIC1,2025-08-02 12:45:00,3717.01,11.06,TRADE
VIC1,2025-08-02 12:50:00,3714.88,19.0,TRADE
VIC1,2025-08-02 12:55:00,3677.29,12.42,TRADE
VIC1,2025-08-02 13:00:00,3611.91,11.06,TRADE
VIC1,2025-08-02 13:05:00,3479.25,8.95,TRADE
VIC1,2025-08-02 13:10:00,3509.0,8.95,TRADE
VIC1,2025-08-02 13:15:00,3524.42,1.13,TRADE
VIC1,2025-08-02 13:20:00,3558.8,7.6,TRADE
VIC1,2025-08-02 13:25:00,3555.99,8.95,TRADE
VIC1,2025-08-02 13:30:00,3517.9,8.95,TRADE
VIC1,2025-08-02 13:35:00,3514.28,8.95,TRADE
VIC1,2025-08-02 13:40:00,3532.57,1.14,TRADE
VIC1,2025-08-02 13:45:00,3417.12,1.07,TRADE
VIC1,2025-08-02 13:50:00,3428.87,1.13,TRADE
VIC1,2025-08-02 13:55:00,3450.34,8.95,TRADE
VIC1,2025-08-02 14:00:00,3469.31,1.17,TRADE
VIC1,2025-08-02 14:05:00,3449.92,19.0,TRADE
VIC1,2025-08-02 14:10:00,3528.65,19.0,TRADE
VIC1,2025-08-02 14:15:00,3551.71,12.13,TRADE
VIC1,2025-08-02 14:20:00,3533.87,2.18,TRADE
VIC1,2025-08-02 14:25:00,3604.19,11.92,TRADE
VIC1,2025-08-02 14:30:00,3622.93,8.95,TRADE
VIC1,2025-08-02 14:35:00,3692.5,8.95,TRADE
VIC1,2025-08-02 14:40:00,3675.28,8.95,TRADE
VIC1,2025-08-02 14:45:00,3785.6,19.0,TRADE
VIC1,2025-08-02 14:50:00,3821.33,8.95,TRADE
VIC1,2025-08-02 14:55:00,3815.2,8.95,TRADE
VIC1,2025-08-02 15:00:00,3953.37,12.65,TRADE
VIC1,2025-08-02 15:05:00,3989.46,14.59,TRADE
VIC1,2025-08-02 15:10:00,4036.01,19.0,TRADE
VIC1,2025-08-02 15:15:00,4011.65,8.95,TRADE
VIC1,2025-08-02 15:20:00,4061.51,8.95,TRADE
VIC1,2025-08-02 15:25:00,4179.43,20.0,TRADE
VIC1,2025-08-02 15:30:00,4226.48,19.18,TRADE
VIC1,2025-08-02 15:35:00,4326.34,44.95,TRADE
VIC1,2025-08-02 15:40:00,4431.4,45.37,TRADE
VIC1,2025-08-02 15:45:00,4518.95,50.54,TRADE
VIC1,2025-08-02 15:50:00,4613.12,51.76,TRADE
VIC1,2025-08-02 15:55:00,4617.5,57.0,TRADE
VIC1,2025-08-02 16:00:00,4688.7,65.33,TRADE
VIC1,2025-08-02 16:05:00,4833.32,56.72,TRADE
VIC1,2025-08-02 16:10:00,4905.23,67.34,TRADE
VIC1,2025-08-02 16:15:00,4991.79,70.33,TRADE
VIC1,2025-08-02 16:20:00,5081.4,80.0,TRADE
VIC1,2025-08-02 16:25:00,5222.61,93.6,TRADE
VIC1,2025-08-02 16:30:00,5327.31,96.37,TRADE
VIC1,2025-08-02 16:35:00,5380.01,108.4,TRADE
VIC1,2025-08-02 16:40:00,5526.62,120.0,TRADE
VIC1,2025-08-02 16:45:00,5604.91,131.23,TRADE
VIC1,2025-08-02 16:50:00,5801.0,151.84,TRADE
VIC1,2025-08-02 16:55:00,5831.92,156.97,TRADE
VIC1,2025-08-02 17:00:00,5987.02,170.5,TRADE
VIC1,2025-08-02 17:05:00,6067.93,161.5,TRADE
VIC1,2025-08-02 17:10:00,6152.08,156.97,TRADE
VIC1,2025-08-02 17:15:00,6288.32,173.38,TRADE
VIC1,2025-08-02 17:20:00,6357.26,163.67,TRADE
VIC1,2025-08-02 17:25:00,6343.36,173.78,TRADE
VIC1,2025-08-02 17:30:00,6421.9,210.33,TRADE
VIC1,2025-08-02 17:35:00,6482.9,170.22,TRADE
VIC1,2025-08-02 17:40:00,6588.72,196.78,TRADE
VIC1,2025-08-02 17:45:00,6636.5,200.89,TRADE
VIC1,2025-08-02 17:50:00,6784.24,239.82,TRADE
VIC1,2025-08-02 17:55:00,6825.01,236.45,TRADE
VIC1,2025-08-02 18:00:00,6923.92,225.34,TRADE
VIC1,2025-08-02 18:05:00,6985.48,214.96,TRADE
VIC1,2025-08-02 18:10:00,7011.54,223.36,TRADE
VIC1,2025-08-02 18:15:00,6939.56,198.89,TRADE
VIC1,2025-08-02 18:20:00,7010.59,230.84,TRADE
VIC1,2025-08-02 18:25:00,7043.84,229.45,TRADE
VIC1,2025-08-02 18:30:00,7035.92,237.83,TRADE
VIC1,2025-08-02 18:35:00,6985.99,228.79,TRADE
VIC1,2025-08-02 18:40:00,7080.59,230.45,TRADE
VIC1,2025-08-02 18:45:00,7057.95,217.1,TRADE
VIC1,2025-08-02 18:50:00,7074.33,237.64,TRADE
VIC1,2025-08-02 18:55:00,6944.84,173.93,TRADE
VIC1,2025-08-02 19:00:00,6988.24,221.81,TRADE
VIC1,2025-08-02 19:05:00,6948.44,189.04,TRADE
VIC1,2025-08-02 19:10:00,6972.59,170.26,TRADE
VIC1,2025-08-02 19:15:00,7081.7,223.38,TRADE
VIC1,2025-08-02 19:20:00,7045.54,220.53,TRADE
VIC1,2025-08-02 19:25:00,6994.15,158.52,TRADE
VIC1,2025-08-02 19:30:00,7024.32,218.0,TRADE
VIC1,2025-08-02 19:35:00,7080.75,194.0,TRADE
VIC1,2025-08-02 19:40:00,7061.32,205.53,TRADE
VIC1,2025-08-02 19:45:00,7066.76,217.11,TRADE
VIC1,2025-08-02 19:50:00,6963.85,158.0,TRADE
VIC1,2025-08-02 19:55:00,6996.49,201.98,TRADE
VIC1,2025-08-02 20:00:00,7025.73,188.76,TRADE
VIC1,2025-08-02 20:05:00,6908.53,183.85,TRADE
VIC1,2025-08-02 20:10:00,6953.82,183.85,TRADE
VIC1,2025-08-02 20:15:00,6918.38,183.85,TRADE
VIC1,2025-08-02 20:20:00,6920.47,208.34,TRADE
VIC1,2025-08-02 20:25:00,6810.74,162.39,TRADE
VIC1,2025-08-02 20:30:00,6801.13,158.0,TRADE
VIC1,2025-08-02 20:35:00,6859.11,205.43,TRADE
VIC1,2025-08-02 20:40:00,6774.24,234.39,TRADE
VIC1,2025-08-02 20:45:00,6703.53,198.32,TRADE
VIC1,2025-08-02 20:50:00,6781.23,183.85,TRADE
VIC1,2025-08-02 20:55:00,6778.17,192.93,TRADE
VIC1,2025-08-02 21:00:00,6750.19,241.13,TRADE
VIC1,2025-08-02 21:05:00,6682.88,161.98,TRADE
VIC1,2025-08-02 21:10:00,6649.7,158.0,TRADE
VIC1,2025-08-02 21:15:00,6624.48,164.47,TRADE
VIC1,2025-08-02 21:20:00,6693.71,197.61,TRADE
VIC1,2025-08-02 21:25:00,6589.71,158.0,TRADE
VIC1,2025-08-02 21:30:00,6632.0,185.87,TRADE
VIC1,2025-08-02 21:35:00,6604.81,207.69,TRADE
VIC1,2025-08-02 21:40:00,6584.03,224.09,TRADE
VIC1,2025-08-02 21:45:00,6552.54,217.72,TRADE
VIC1,2025-08-02 21:50:00,6433.4,158.0,TRADE
VIC1,2025-08-02 21:55:00,6491.82,207.34,TRADE
VIC1,2025-08-02 22:00:00,6481.13,177.2,TRADE
VIC1,2025-08-02 22:05:00,6357.74,132.72,TRADE
VIC1,2025-08-02 22:10:00,6388.72,186.61,TRADE
VIC1,2025-08-02 22:15:00,6355.25,161.96,TRADE
VIC1,2025-08-02 22:20:00,6288.05,169.37,TRADE
VIC1,2025-08-02 22:25:00,6195.68,176.42,TRADE
VIC1,2025-08-02 22:30:00,6306.57,177.29,TRADE
VIC1,2025-08-02 22:35:00,6259.55,240.08,TRADE
VIC1,2025-08-02 22:40:00,6092.5,165.7,TRADE
VIC1,2025-08-02 22:45:00,6158.13,167.9,TRADE
VIC1,2025-08-02 22:50:00,6155.75,195.34,TRADE
VIC1,2025-08-02 22:55:00,6031.95,158.0,TRADE
VIC1,2025-08-02 23:00:00,6056.59,150.13,TRADE
VIC1,2025-08-02 23:05:00,6080.73,150.06,TRADE
VIC1,2025-08-02 23:10:00,6184.44,158.0,TRADE
VIC1,2025-08-02 23:15:00,6129.44,158.0,TRADE
VIC1,2025-08-02 23:20:00,6083.01,120.91,TRADE
VIC1,2025-08-02 23:25:00,6195.3,127.43,TRADE
VIC1,2025-08-02 23:30:00,6219.83,132.77,TRADE
VIC1,2025-08-02 23:35:00,6131.46,133.1,TRADE
VIC1,2025-08-02 23:40:00,6113.42,131.86,TRADE
VIC1,2025-08-02 23:45:00,6085.61,122.02,TRADE
VIC1,2025-08-02 23:50:00,5961.37,119.65,TRADE
VIC1,2025-08-02 23:55:00,5926.49,110.65,TRADE
VIC1,2025-08-03 00:00:00,5968.22,119.73,TRADE
VIC1,2025-08-03 00:05:00,5857.87,120.0,TRADE
VIC1,2025-08-03 00:10:00,5828.91,115.15,TRADE
VIC1,2025-08-03 00:15:00,5874.88,114.65,TRADE
VIC1,2025-08-03 00:20:00,5876.46,103.98,TRADE
VIC1,2025-08-03 00:25:00,5824.34,104.23,TRADE
VIC1,2025-08-03 00:30:00,5774.43,97.0,TRADE
VIC1,2025-08-03 00:35:00,5742.53,95.43,TRADE
VIC1,2025-08-03 00:40:00,5711.85,95.61,TRADE
VIC1,2025-08-03 00:45:00,5659.75,94.13,TRADE
VIC1,2025-08-03 00:50:00,5556.93,87.01,TRADE
VIC1,2025-08-03 00:55:00,5587.55,84.75,TRADE
VIC1,2025-08-03 01:00:00,5585.93,80.0,TRADE
VIC1,2025-08-03 01:05:00,5536.84,80.0,TRADE
VIC1,2025-08-03 01:10:00,5508.13,80.0,TRADE
VIC1,2025-08-03 01:15:00,5495.93,80.0,TRADE
VIC1,2025-08-03 01:20:00,5451.08,80.0,TRADE
VIC1,2025-08-03 01:25:00,5352.57,80.0,TRADE
VIC1,2025-08-03 01:30:00,5376.46,75.8,TRADE
VIC1,2025-08-03 01:35:00,5374.29,80.0,TRADE
VIC1,2025-08-03 01:40:00,5287.23,76.8,TRADE
VIC1,2025-08-03 01:45:00,5284.56,80.0,TRADE
VIC1,2025-08-03 01:50:00,5252.27,76.66,TRADE
VIC1,2025-08-03 01:55:00,5215.32,75.8,TRADE
VIC1,2025-08-03 02:00:00,5145.44,71.74,TRADE
VIC1,2025-08-03 02:05:00,5204.9,74.39,TRADE
VIC1,2025-08-03 02:10:00,5094.46,75.8,TRADE
VIC1,2025-08-03 02:15:00,5146.5,75.8,TRADE
VIC1,2025-08-03 02:20:00,5124.04,75.8,TRADE
VIC1,2025-08-03 02:25:00,5124.33,74.3,TRADE
VIC1,2025-08-03 02:30:00,5096.29,73.68,TRADE
VIC1,2025-08-03 02:35:00,5096.55,74.27,TRADE
VIC1,2025-08-03 02:40:00,5078.09,73.13,TRADE
VIC1,2025-08-03 02:45:00,4984.98,68.63,TRADE
VIC1,2025-08-03 02:50:00,4953.64,68.83,TRADE
VIC1,2025-08-03 02:55:00,4938.34,68.34,TRADE
VIC1,2025-08-03 03:00:00,4986.96,71.67,TRADE
VIC1,2025-08-03 03:05:00,4900.88,66.27,TRADE
VIC1,2025-08-03 03:10:00,4979.44,78.2,TRADE
VIC1,2025-08-03 03:15:00,4951.64,72.47,TRADE
VIC1,2025-08-03 03:20:00,4934.04,68.33,TRADE
VIC1,2025-08-03 03:25:00,4932.12,68.21,TRADE
VIC1,2025-08-03 03:30:00,4933.71,66.33,TRADE
VIC1,2025-08-03 03:35:00,4933.64,53.93,TRADE
VIC1,2025-08-03 03:40:00,4934.15,71.02,TRADE
VIC1,2025-08-03 03:45:00,4798.07,66.32,TRADE
VIC1,2025-08-03 03:50:00,4865.51,75.8,TRADE
VIC1,2025-08-03 03:55:00,4859.82,69.53,TRADE
VIC1,2025-08-03 04:00:00,4868.53,68.95,TRADE
VIC1,2025-08-03 04:05:00,4887.53,69.87,TRADE
VIC1,2025-08-03 04:10:00,4884.7,71.4,TRADE
VIC1,2025-08-03 04:15:00,4894.66,70.82,TRADE
VIC1,2025-08-03 04:20:00,4935.9,69.98,TRADE
VIC1,2025-08-03 04:25:00,4830.11,66.71,TRADE
VIC1,2025-08-03 04:30:00,4899.83,70.32,TRADE
VIC1,2025-08-03 04:35:00,4908.23,75.8,TRADE
VIC1,2025-08-03 04:40:00,4851.66,68.83,TRADE
VIC1,2025-08-03 04:45:00,4886.73,68.47,TRADE
VIC1,2025-08-03 04:50:00,4899.92,66.99,TRADE
VIC1,2025-08-03 04:55:00,4922.48,65.31,TRADE
VIC1,2025-08-03 05:00:00,4937.9,66.2,TRADE
VIC1,2025-08-03 05:05:00,4879.66,50.72,TRADE
VIC1,2025-08-03 05:10:00,4907.49,57.0,TRADE
VIC1,2025-08-03 05:15:00,4933.34,57.0,TRADE
VIC1,2025-08-03 05:20:00,4898.36,56.52,TRADE
VIC1,2025-08-03 05:25:00,4948.58,57.0,TRADE
VIC1,2025-08-03 05:30:00,5020.09,62.68,TRADE
VIC1,2025-08-03 05:35:00,5030.39,61.8,TRADE
VIC1,2025-08-03 05:40:00,5049.08,61.48,TRADE
VIC1,2025-08-03 05:45:00,5032.74,57.0,TRADE
VIC1,2025-08-03 05:50:00,5061.53,62.16,TRADE
VIC1,2025-08-03 05:55:00,5072.12,57.0,TRADE
VIC1,2025-08-03 06:00:00,5041.54,61.35,TRADE
VIC1,2025-08-03 06:05:00,5074.33,50.0,TRADE
VIC1,2025-08-03 06:10:00,5213.04,66.6,TRADE
VIC1,2025-08-03 06:15:00,5254.4,63.37,TRADE
VIC1,2025-08-03 06:20:00,5201.06,64.54,TRADE
VIC1,2025-08-03 06:25:00,5291.3,65.59,TRADE
VIC1,2025-08-03 06:30:00,5337.43,69.19,TRADE
VIC1,2025-08-03 06:35:00,5317.11,63.27,TRADE
VIC1,2025-08-03 06:40:00,5348.73,68.26,TRADE
VIC1,2025-08-03 06:45:00,5426.3,68.18,TRADE
VIC1,2025-08-03 06:50:00,5519.76,68.37,TRADE
VIC1,2025-08-03 06:55:00,5477.79,63.07,TRADE
VIC1,2025-08-03 07:00:00,5591.9,67.93,TRADE
VIC1,2025-08-03 07:05:00,5594.33,67.61,TRADE
VIC1,2025-08-03 07:10:00,5587.54,60.36,TRADE
VIC1,2025-08-03 07:15:00,5725.92,68.89,TRADE
VIC1,2025-08-03 07:20:00,5738.43,71.26,TRADE
VIC1,2025-08-03 07:25:00,5868.45,57.0,TRADE
VIC1,2025-08-03 07:30:00,5925.48,57.04,TRADE
VIC1,2025-08-03 07:35:00,5955.44,57.0,TRADE
VIC1,2025-08-03 07:40:00,6007.07,57.0,TRADE
VIC1,2025-08-03 07:45:00,5934.41,26.91,TRADE
VIC1,2025-08-03 07:50:00,6048.09,41.16,TRADE
VIC1,2025-08-03 07:55:00,6088.38,33.4,TRADE
VIC1,2025-08-03 08:00:00,6082.31,19.18,TRADE
VIC1,2025-08-03 08:05:00,6046.89,19.0,TRADE
VIC1,2025-08-03 08:10:00,6096.13,19.0,TRADE
VIC1,2025-08-03 08:15:00,6063.8,19.0,TRADE
VIC1,2025-08-03 08:20:00,6037.87,11.19,TRADE
VIC1,2025-08-03 08:25:00,5945.57,10.59,TRADE
VIC1,2025-08-03 08:30:00,5923.31,10.56,TRADE
VIC1,2025-08-03 08:35:00,5886.45,10.67,TRADE
VIC1,2025-08-03 08:40:00,5892.19,17.58,TRADE
VIC1,2025-08-03 08:45:00,5810.33,11.21,TRADE
VIC1,2025-08-03 08:50:00,5711.4,8.95,TRADE
VIC1,2025-08-03 08:55:00,5701.26,0.01,TRADE
VIC1,2025-08-03 09:00:00,5681.78,0.01,TRADE
VIC1,2025-08-03 09:05:00,5572.15,0.01,TRADE
VIC1,2025-08-03 09:10:00,5504.03,8.95,TRADE
VIC1,2025-08-03 09:15:00,5382.09,0.01,TRADE
VIC1,2025-08-03 09:20:00,5372.21,8.95,TRADE
VIC1,2025-08-03 09:25:00,5336.59,8.95,TRADE
VIC1,2025-08-03 09:30:00,5188.03,8.95,TRADE
VIC1,2025-08-03 09:35:00,5224.27,19.18,TRADE
VIC1,2025-08-03 09:40:00,5104.87,11.2,TRADE
VIC1,2025-08-03 09:45:00,5039.41,0.0,TRADE
VIC1,2025-08-03 09:50:00,4930.87,0.01,TRADE
VIC1,2025-08-03 09:55:00,4709.67,0.01,TRADE
VIC1,2025-08-03 10:00:00,4606.29,0.01,TRADE
VIC1,2025-08-03 10:05:00,4592.5,-12.62,TRADE
VIC1,2025-08-03 10:10:00,4637.5,1.94,TRADE
VIC1,2025-08-03 10:15:00,4512.32,8.95,TRADE
VIC1,2025-08-03 10:20:00,4395.57,-8.49,TRADE
VIC1,2025-08-03 10:25:00,4358.16,-3.46,TRADE
VIC1,2025-08-03 10:30:00,4257.03,-12.0,TRADE
VIC1,2025-08-03 10:35:00,4122.25,-13.5,TRADE
VIC1,2025-08-03 10:40:00,4064.03,-11.5,TRADE
VIC1,2025-08-03 10:45:00,3967.13,-12.47,TRADE
VIC1,2025-08-03 10:50:00,3887.01,-10.8,TRADE
VIC1,2025-08-03 10:55:00,3771.21,-11.41,TRADE
VIC1,2025-08-03 11:00:00,3701.22,-7.89,TRADE
VIC1,2025-08-03 11:05:00,3602.06,-8.79,TRADE
VIC1,2025-08-03 11:10:00,3550.13,14.78,TRADE
VIC1,2025-08-03 11:15:00,3446.34,0.08,TRADE
VIC1,2025-08-03 11:20:00,3486.56,0.08,TRADE
VIC1,2025-08-03 11:25:00,3440.59,-10.71,TRADE
VIC1,2025-08-03 11:30:00,3429.39,0.0,TRADE
VIC1,2025-08-03 11:35:00,3364.14,-12.9,TRADE
VIC1,2025-08-03 11:40:00,3351.89,-13.46,TRADE
VIC1,2025-08-03 11:45:00,3309.64,-10.38,TRADE
VIC1,2025-08-03 11:50:00,3112.73,-15.98,TRADE
VIC1,2025-08-03 11:55:00,3136.44,-13.5,TRADE
VIC1,2025-08-03 12:00:00,3129.18,-12.44,TRADE
VIC1,2025-08-03 12:05:00,3038.2,-13.0,TRADE
VIC1,2025-08-03 12:10:00,3093.99,-10.22,TRADE
VIC1,2025-08-03 12:15:00,2923.93,-9.98,TRADE
VIC1,2025-08-03 12:20:00,2981.92,-11.84,TRADE
VIC1,2025-08-03 12:25:00,2979.89,-15.29,TRADE
VIC1,2025-08-03 12:30:00,3024.27,-7.5,TRADE
VIC1,2025-08-03 12:35:00,2839.56,-12.9,TRADE
VIC1,2025-08-03 12:40:00,2831.84,-7.87,TRADE
VIC1,2025-08-03 12:45:00,2804.77,-12.9,TRADE
VIC1,2025-08-03 12:50:00,2845.57,-9.86,TRADE
VIC1,2025-08-03 12:55:00,2838.13,-7.76,TRADE
VIC1,2025-08-03 13:00:00,2708.42,-11.88,TRADE
VIC1,2025-08-03 13:05:00,2742.13,-6.08,TRADE
VIC1,2025-08-03 13:10:00,2743.06,-1.57,TRADE
VIC1,2025-08-03 13:15:00,2762.09,-1.58,TRADE
VIC1,2025-08-03 13:20:00,2717.85,-3.63,TRADE
VIC1,2025-08-03 13:25:00,2689.19,-11.51,TRADE
VIC1,2025-08-03 13:30:00,2710.79,-6.16,TRADE
VIC1,2025-08-03 13:35:00,2703.8,-12.0,TRADE
VIC1,2025-08-03 13:40:00,2833.75,-2.51,TRADE
VIC1,2025-08-03 13:45:00,2809.36,-6.16,TRADE
VIC1,2025-08-03 13:50:00,2711.46,-6.16,TRADE
VIC1,2025-08-03 13:55:00,2804.68,-6.16,TRADE
VIC1,2025-08-03 14:00:00,2794.37,-3.64,TRADE
VIC1,2025-08-03 14:05:00,2829.99,-11.14,TRADE
VIC1,2025-08-03 14:10:00,2811.51,-11.06,TRADE
VIC1,2025-08-03 14:15:00,2808.68,-9.33,TRADE
VIC1,2025-08-03 14:20:00,2815.89,-9.27,TRADE
VIC1,2025-08-03 14:25:00,2916.17,-2.48,TRADE
VIC1,2025-08-03 14:30:00,2942.46,-6.16,TRADE
VIC1,2025-08-03 14:35:00,2890.89,-6.16,TRADE
VIC1,2025-08-03 14:40:00,3042.72,-2.6,TRADE
VIC1,2025-08-03 14:45:00,3062.83,-2.6,TRADE
VIC1,2025-08-03 14:50:00,3157.98,-0.35,TRADE
VIC1,2025-08-03 14:55:00,3177.96,-2.58,TRADE
VIC1,2025-08-03 15:00:00,3187.4,-2.56,TRADE
VIC1,2025-08-03 15:05:00,3254.03,-0.35,TRADE
VIC1,2025-08-03 15:10:00,3333.97,-7.9,TRADE
VIC1,2025-08-03 15:15:00,3461.25,-1.92,TRADE
VIC1,2025-08-03 15:20:00,3488.56,-2.42,TRADE
VIC1,2025-08-03 15:25:00,3554.97,12.0,TRADE
VIC1,2025-08-03 15:30:00,3662.47,38.39,TRADE
VIC1,2025-08-03 15:35:00,3726.84,18.81,TRADE
VIC1,2025-08-03 15:40:00,3717.8,14.91,TRADE
VIC1,2025-08-03 15:45:00,3816.95,9.94,TRADE
VIC1,2025-08-03 15:50:00,3989.78,-6.36,TRADE
VIC1,2025-08-03 15:55:00,4090.95,31.51,TRADE
VIC1,2025-08-03 16:00:00,4145.52,52.94,TRADE
VIC1,2025-08-03 16:05:00,4218.32,11.67,TRADE
VIC1,2025-08-03 16:10:00,4376.45,35.8,TRADE
VIC1,2025-08-03 16:15:00,4484.21,35.94,TRADE
VIC1,2025-08-03 16:20:00,4488.32,10.18,TRADE
VIC1,2025-08-03 16:25:00,4633.93,19.18,TRADE
VIC1,2025-08-03 16:30:00,4818.59,58.54,TRADE
VIC1,2025-08-03 16:35:00,4942.5,43.28,TRADE
VIC1,2025-08-03 16:40:00,4990.26,65.25,TRADE
VIC1,2025-08-03 16:45:00,5184.89,75.8,TRADE
VIC1,2025-08-03 16:50:00,5310.31,99.0,TRADE
VIC1,2025-08-03 16:55:00,5427.3,113.13,TRADE
VIC1,2025-08-03 17:00:00,5512.2,121.05,TRADE
VIC1,2025-08-03 17:05:00,5531.53,108.13,TRADE
VIC1,2025-08-03 17:10:00,5626.89,75.8,TRADE
VIC1,2025-08-03 17:15:00,5824.8,125.49,TRADE
VIC1,2025-08-03 17:20:00,5879.91,130.23,TRADE
VIC1,2025-08-03 17:25:00,5920.43,131.27,TRADE
VIC1,2025-08-03 17:30:00,6070.27,136.19,TRADE
VIC1,2025-08-03 17:35:00,6161.97,132.51,TRADE
VIC1,2025-08-03 17:40:00,6267.56,137.4,TRADE
VIC1,2025-08-03 17:45:00,6269.57,182.3,TRADE
VIC1,2025-08-03 17:50:00,6316.07,182.14,TRADE
VIC1,2025-08-03 17:55:00,6447.72,242.17,TRADE
VIC1,2025-08-03 18:00:00,6447.84,220.8,TRADE
VIC1,2025-08-03 18:05:00,6539.17,132.4,TRADE
VIC1,2025-08-03 18:10:00,6713.72,134.27,TRADE
VIC1,2025-08-03 18:15:00,6749.96,130.55,TRADE
VIC1,2025-08-03 18:20:00,6770.66,128.3,TRADE
VIC1,2025-08-03 18:25:00,6773.59,116.99,TRADE
VIC1,2025-08-03 18:30:00,6809.07,125.2,TRADE
VIC1,2025-08-03 18:35:00,6821.19,130.23,TRADE
VIC1,2025-08-03 18:40:00,6751.71,104.89,TRADE
VIC1,2025-08-03 18:45:00,6744.85,96.19,TRADE
VIC1,2025-08-03 18:50:00,6830.92,102.21,TRADE
VIC1,2025-08-03 18:55:00,6826.12,124.08,TRADE
VIC1,2025-08-03 19:00:00,6747.49,83.98,TRADE
VIC1,2025-08-03 19:05:00,6776.45,112.1,TRADE
VIC1,2025-08-03 19:10:00,6754.0,83.98,TRADE
VIC1,2025-08-03 19:15:00,6737.69,82.98,TRADE
VIC1,2025-08-03 19:20:00,6677.22,96.05,TRADE
VIC1,2025-08-03 19:25:00,6742.41,96.37,TRADE
VIC1,2025-08-03 19:30:00,6723.7,110.24,TRADE
VIC1,2025-08-03 19:35:00,6677.95,111.01,TRADE
VIC1,2025-08-03 19:40:00,6647.11,102.85,TRADE
VIC1,2025-08-03 19:45:00,6635.98,103.08,TRADE
VIC1,2025-08-03 19:50:00,6682.27,100.02,TRADE
VIC1,2025-08-03 19:55:00,6657.82,79.33,TRADE
VIC1,2025-08-03 20:00:00,6549.31,96.41,TRADE
VIC1,2025-08-03 20:05:00,6588.58,86.59,TRADE
VIC1,2025-08-03 20:10:00,6531.29,79.67,TRADE
VIC1,2025-08-03 20:15:00,6512.49,75.8,TRADE
VIC1,2025-08-03 20:20:00,6571.11,75.8,TRADE
VIC1,2025-08-03 20:25:00,6569.59,80.37,TRADE
VIC1,2025-08-03 20:30:00,6491.36,35.94,TRADE
VIC1,2025-08-03 20:35:00,6388.6,35.94,TRADE
VIC1,2025-08-03 20:40:00,6375.92,37.47,TRADE
VIC1,2025-08-03 20:45:00,6405.87,39.14,TRADE
VIC1,2025-08-03 20:50:00,6445.16,35.94,TRADE
VIC1,2025-08-03 20:55:00,6393.49,62.62,TRADE
VIC1,2025-08-03 21:00:00,6342.52,59.34,TRADE
VIC1,2025-08-03 21:05:00,6313.31,17.8,TRADE
VIC1,2025-08-03 21:10:00,6260.12,19.0,TRADE
VIC1,2025-08-03 21:15:00,6161.99,8.95,TRADE
VIC1,2025-08-03 21:20:00,6082.74,8.95,TRADE
VIC1,2025-08-03 21:25:00,6155.57,20.0,TRADE
VIC1,2025-08-03 21:30:00,6174.29,19.0,TRADE
VIC1,2025-08-03 21:35:00,6103.78,19.0,TRADE
VIC1,2025-08-03 21:40:00,6053.67,19.0,TRADE
VIC1,2025-08-03 21:45:00,6017.13,18.66,TRADE
VIC1,2025-08-03 21:50:00,5938.31,5.76,TRADE
VIC1,2025-08-03 21:55:00,5843.25,8.95,TRADE
VIC1,2025-08-03 22:00:00,5744.93,8.95,TRADE
VIC1,2025-08-03 22:05:00,5706.45,8.95,TRADE
VIC1,2025-08-03 22:10:00,5663.52,8.95,TRADE
VIC1,2025-08-03 22:15:00,5687.35,8.95,TRADE
VIC1,2025-08-03 22:20:00,5704.51,8.95,TRADE
VIC1,2025-08-03 22:25:00,5642.01,8.95,TRADE
VIC1,2025-08-03 22:30:00,5608.08,8.95,TRADE
VIC1,2025-08-03 22:35:00,5596.84,8.95,TRADE
VIC1,2025-08-03 22:40:00,5549.82,-0.92,TRADE
VIC1,2025-08-03 22:45:00,5533.21,8.95,TRADE
VIC1,2025-08-03 22:50:00,5395.77,0.48,TRADE
VIC1,2025-08-03 22:55:00,5397.68,0.74,TRADE
VIC1,2025-08-03 23:00:00,5414.8,8.95,TRADE
VIC1,2025-08-03 23:05:00,5380.52,8.95,TRADE
VIC1,2025-08-03 23:10:00,5469.36,19.0,TRADE
VIC1,2025-08-03 23:15:00,5527.61,19.0,TRADE
VIC1,2025-08-03 23:20:00,5509.46,8.95,TRADE
VIC1,2025-08-03 23:25:00,5477.11,8.95,TRADE
VIC1,2025-08-03 23:30:00,5361.84,8.95,TRADE
VIC1,2025-08-03 23:35:00,5405.55,18.9,TRADE
VIC1,2025-08-03 23:40:00,5380.86,8.95,TRADE
VIC1,2025-08-03 23:45:00,5344.37,8.95,TRADE
VIC1,2025-08-03 23:50:00,5276.64,8.95,TRADE
VIC1,2025-08-03 23:55:00,5259.47,8.95,TRADE
VIC1,2025-08-09 00:00:00,5687.67,80.0,TRADE
VIC1,2025-08-09 00:05:00,5690.95,80.0,TRADE
VIC1,2025-08-09 00:10:00,5646.6,80.0,TRADE
VIC1,2025-08-09 00:15:00,5643.88,80.0,TRADE
VIC1,2025-08-09 00:20:00,5595.81,80.0,TRADE
VIC1,2025-08-09 00:25:00,5503.22,78.37,TRADE
VIC1,2025-08-09 00:30:00,5457.46,77.6,TRADE
VIC1,2025-08-09 00:35:00,5469.42,77.72,TRADE
VIC1,2025-08-09 00:40:00,5421.25,78.62,TRADE
VIC1,2025-08-09 00:45:00,5379.61,77.2,TRADE
VIC1,2025-08-09 00:50:00,5388.37,77.52,TRADE
VIC1,2025-08-09 00:55:00,5400.15,80.0,TRADE
VIC1,2025-08-09 01:00:00,5271.75,75.8,TRADE
VIC1,2025-08-09 01:05:00,5328.61,77.48,TRADE
VIC1,2025-08-09 01:10:00,5241.34,77.81,TRADE
VIC1,2025-08-09 01:15:00,5284.67,77.81,TRADE
VIC1,2025-08-09 01:20:00,5263.86,75.8,TRADE
VIC1,2025-08-09 01:25:00,5238.76,76.16,TRADE
VIC1,2025-08-09 01:30:00,5143.83,75.11,TRADE
VIC1,2025-08-09 01:35:00,5114.76,75.33,TRADE
VIC1,2025-08-09 01:40:00,5110.29,75.94,TRADE
VIC1,2025-08-09 01:45:00,5111.37,74.45,TRADE
VIC1,2025-08-09 01:50:00,5120.65,73.11,TRADE
VIC1,2025-08-09 01:55:00,5025.31,73.84,TRADE
VIC1,2025-08-09 02:00:00,5062.16,62.97,TRADE
VIC1,2025-08-09 02:05:00,5055.37,74.65,TRADE
VIC1,2025-08-09 02:10:00,5041.37,77.23,TRADE
VIC1,2025-08-09 02:15:00,5024.0,75.63,TRADE
VIC1,2025-08-09 02:20:00,4918.12,72.5,TRADE
VIC1,2025-08-09 02:25:00,4901.46,74.26,TRADE
VIC1,2025-08-09 02:30:00,4888.52,74.43,TRADE
VIC1,2025-08-09 02:35:00,4950.92,73.61,TRADE
VIC1,2025-08-09 02:40:00,4951.77,73.62,TRADE
VIC1,2025-08-09 02:45:00,4921.65,74.26,TRADE
VIC1,2025-08-09 02:50:00,4910.8,57.99,TRADE
VIC1,2025-08-09 02:55:00,4970.53,75.36,TRADE
VIC1,2025-08-09 03:00:00,4959.07,75.74,TRADE
VIC1,2025-08-09 03:05:00,4859.06,73.32,TRADE
VIC1,2025-08-09 03:10:00,4894.75,74.69,TRADE
VIC1,2025-08-09 03:15:00,4818.57,73.93,TRADE
VIC1,2025-08-09 03:20:00,4867.69,73.69,TRADE
VIC1,2025-08-09 03:25:00,4856.96,78.31,TRADE
VIC1,2025-08-09 03:30:00,4867.95,75.27,TRADE
VIC1,2025-08-09 03:35:00,4767.56,73.32,TRADE
VIC1,2025-08-09 03:40:00,4842.17,75.14,TRADE
VIC1,2025-08-09 03:45:00,4816.59,75.73,TRADE
VIC1,2025-08-09 03:50:00,4823.22,75.44,TRADE
VIC1,2025-08-09 03:55:00,4830.81,73.71,TRADE
VIC1,2025-08-09 04:00:00,4741.29,73.32,TRADE
VIC1,2025-08-09 04:05:00,4737.86,74.0,TRADE
VIC1,2025-08-09 04:10:00,4836.21,75.8,TRADE
VIC1,2025-08-09 04:15:00,4816.96,75.47,TRADE
VIC1,2025-08-09 04:20:00,4807.7,74.25,TRADE
VIC1,2025-08-09 04:25:00,4806.75,75.15,TRADE
VIC1,2025-08-09 04:30:00,4813.7,74.88,TRADE
VIC1,2025-08-09 04:35:00,4847.16,74.34,TRADE
VIC1,2025-08-09 04:40:00,4779.89,73.65,TRADE
VIC1,2025-08-09 04:45:00,4799.67,76.94,TRADE
VIC1,2025-08-09 04:50:00,4841.37,78.31,TRADE
VIC1,2025-08-09 04:55:00,4848.97,79.76,TRADE
VIC1,2025-08-09 05:00:00,4825.8,80.0,TRADE
VIC1,2025-08-09 05:05:00,4890.74,78.11,TRADE
VIC1,2025-08-09 05:10:00,4940.75,79.45,TRADE
VIC1,2025-08-09 05:15:00,4957.53,73.6,TRADE
VIC1,2025-08-09 05:20:00,5001.79,75.8,TRADE
VIC1,2025-08-09 05:25:00,4999.97,75.8,TRADE
VIC1,2025-08-09 05:30:00,4934.14,79.39,TRADE
VIC1,2025-08-09 05:35:00,4993.82,80.0,TRADE
VIC1,2025-08-09 05:40:00,5078.84,80.0,TRADE
VIC1,2025-08-09 05:45:00,5012.68,80.0,TRADE
VIC1,2025-08-09 05:50:00,5101.21,80.0,TRADE
VIC1,2025-08-09 05:55:00,5163.19,83.58,TRADE
VIC1,2025-08-09 06:00:00,5202.81,93.87,TRADE
VIC1,2025-08-09 06:05:00,5221.57,80.0,TRADE
VIC1,2025-08-09 06:10:00,5194.19,80.0,TRADE
VIC1,2025-08-09 06:15:00,5250.87,80.99,TRADE
VIC1,2025-08-09 06:20:00,5256.19,81.06,TRADE
VIC1,2025-08-09 06:25:00,5376.57,85.56,TRADE
VIC1,2025-08-09 06:30:00,5429.31,111.64,TRADE
VIC1,2025-08-09 06:35:00,5433.95,83.68,TRADE
VIC1,2025-08-09 06:40:00,5535.12,132.72,TRADE
VIC1,2025-08-09 06:45:00,5529.1,80.99,TRADE
VIC1,2025-08-09 06:50:00,5589.93,81.17,TRADE
VIC1,2025-08-09 06:55:00,5635.94,132.72,TRADE
VIC1,2025-08-09 07:00:00,5615.61,140.55,TRADE
VIC1,2025-08-09 07:05:00,5670.09,132.72,TRADE
VIC1,2025-08-09 07:10:00,5717.32,136.26,TRADE
VIC1,2025-08-09 07:15:00,5787.4,168.2,TRADE
VIC1,2025-08-09 07:20:00,5761.75,137.02,TRADE
VIC1,2025-08-09 07:25:00,5943.73,170.22,TRADE
VIC1,2025-08-09 07:30:00,5955.36,168.2,TRADE
VIC1,2025-08-09 07:35:00,5988.1,186.75,TRADE
VIC1,2025-08-09 07:40:00,5993.06,170.58,TRADE
VIC1,2025-08-09 07:45:00,6031.96,170.58,TRADE
VIC1,2025-08-09 07:50:00,6126.41,181.75,TRADE
VIC1,2025-08-09 07:55:00,6155.66,239.97,TRADE
VIC1,2025-08-09 08:00:00,6027.54,175.64,TRADE
VIC1,2025-08-09 08:05:00,6095.97,165.65,TRADE
VIC1,2025-08-09 08:10:00,6132.42,169.52,TRADE
VIC1,2025-08-09 08:15:00,6105.27,160.5,TRADE
VIC1,2025-08-09 08:20:00,6085.21,153.75,TRADE
VIC1,2025-08-09 08:25:00,6021.59,171.7,TRADE
VIC1,2025-08-09 08:30:00,5948.35,144.3,TRADE
VIC1,2025-08-09 08:35:00,5907.46,146.46,TRADE
VIC1,2025-08-09 08:40:00,5904.0,150.45,TRADE
VIC1,2025-08-09 08:45:00,5839.04,115.77,TRADE
VIC1,2025-08-09 08:50:00,5838.85,103.22,TRADE
VIC1,2025-08-09 08:55:00,5734.3,66.23,TRADE
VIC1,2025-08-09 09:00:00,5698.12,66.49,TRADE
VIC1,2025-08-09 09:05:00,5653.19,107.92,TRADE
VIC1,2025-08-09 09:10:00,5514.06,80.69,TRADE
VIC1,2025-08-09 09:15:00,5437.26,77.25,TRADE
VIC1,2025-08-09 09:20:00,5410.45,75.8,TRADE
VIC1,2025-08-09 09:25:00,5380.63,75.8,TRADE
VIC1,2025-08-09 09:30:00,5282.3,55.41,TRADE
VIC1,2025-08-09 09:35:00,5211.66,44.12,TRADE
VIC1,2025-08-09 09:40:00,5138.96,57.43,TRADE
VIC1,2025-08-09 09:45:00,5042.26,54.73,TRADE
VIC1,2025-08-09 09:50:00,4927.6,33.07,TRADE
VIC1,2025-08-09 09:55:00,4848.54,35.82,TRADE
VIC1,2025-08-09 10:00:00,4818.57,42.5,TRADE
VIC1,2025-08-09 10:05:00,4773.31,41.79,TRADE
VIC1,2025-08-09 10:10:00,4636.32,32.86,TRADE
VIC1,2025-08-09 10:15:00,4638.5,55.09,TRADE
VIC1,2025-08-09 10:20:00,4501.04,34.91,TRADE
VIC1,2025-08-09 10:25:00,4499.55,34.63,TRADE
VIC1,2025-08-09 10:30:00,4309.39,45.39,TRADE
VIC1,2025-08-09 10:35:00,4223.08,40.94,TRADE
VIC1,2025-08-09 10:40:00,4185.31,34.91,TRADE
VIC1,2025-08-09 10:45:00,4107.13,31.3,TRADE
VIC1,2025-08-09 10:50:00,3985.13,39.18,TRADE
VIC1,2025-08-09 10:55:00,3966.86,32.56,TRADE
VIC1,2025-08-09 11:00:00,3887.53,40.48,TRADE
VIC1,2025-08-09 11:05:00,3784.12,33.13,TRADE
VIC1,2025-08-09 11:10:00,3783.01,44.57,TRADE
VIC1,2025-08-09 11:15:00,3642.02,30.25,TRADE
VIC1,2025-08-09 11:20:00,3664.05,31.57,TRADE
VIC1,2025-08-09 11:25:00,3575.82,37.51,TRADE
VIC1,2025-08-09 11:30:00,3549.3,31.67,TRADE
VIC1,2025-08-09 11:35:00,3533.93,19.18,TRADE
VIC1,2025-08-09 11:40:00,3520.38,19.18,TRADE
VIC1,2025-08-09 11:45:00,3479.28,11.57,TRADE
VIC1,2025-08-09 11:50:00,3439.76,20.04,TRADE
VIC1,2025-08-09 11:55:00,3237.78,4.42,TRADE
VIC1,2025-08-09 12:00:00,3268.03,20.04,TRADE
VIC1,2025-08-09 12:05:00,3156.35,19.0,TRADE
VIC1,2025-08-09 12:10:00,3134.11,19.18,TRADE
VIC1,2025-08-09 12:15:00,3166.44,30.61,TRADE
VIC1,2025-08-09 12:20:00,3065.34,19.18,TRADE
VIC1,2025-08-09 12:25:00,3087.27,0.0,TRADE
VIC1,2025-08-09 12:30:00,3086.25,18.87,TRADE
VIC1,2025-08-09 12:35:00,3059.83,0.01,TRADE
VIC1,2025-08-09 12:40:00,2969.0,8.95,TRADE
VIC1,2025-08-09 12:45:00,3059.16,4.74,TRADE
VIC1,2025-08-09 12:50:00,2940.55,7.35,TRADE
VIC1,2025-08-09 12:55:00,3018.34,11.94,TRADE
VIC1,2025-08-09 13:00:00,2922.0,20.04,TRADE
VIC1,2025-08-09 13:05:00,2965.0,20.81,TRADE
VIC1,2025-08-09 13:10:00,2968.94,47.03,TRADE
VIC1,2025-08-09 13:15:00,2965.98,29.27,TRADE
VIC1,2025-08-09 13:20:00,2985.19,20.04,TRADE
VIC1,2025-08-09 13:25:00,2937.68,19.0,TRADE
VIC1,2025-08-09 13:30:00,2963.4,19.18,TRADE
VIC1,2025-08-09 13:35:00,3055.19,19.0,TRADE
VIC1,2025-08-09 13:40:00,3080.88,19.04,TRADE
VIC1,2025-08-09 13:45:00,3059.05,38.72,TRADE
VIC1,2025-08-09 13:50:00,3045.85,44.67,TRADE
VIC1,2025-08-09 13:55:00,3039.0,19.0,TRADE
VIC1,2025-08-09 14:00:00,3113.86,45.73,TRADE
VIC1,2025-08-09 14:05:00,3010.47,19.18,TRADE
VIC1,2025-08-09 14:10:00,3066.51,37.66,TRADE
VIC1,2025-08-09 14:15:00,3109.75,20.6,TRADE
VIC1,2025-08-09 14:20:00,3194.11,48.15,TRADE
VIC1,2025-08-09 14:25:00,3192.21,48.86,TRADE
VIC1,2025-08-09 14:30:00,3255.13,67.18,TRADE
VIC1,2025-08-09 14:35:00,3284.26,45.15,TRADE
VIC1,2025-08-09 14:40:00,3352.3,45.44,TRADE
VIC1,2025-08-09 14:45:00,3336.48,34.63,TRADE
VIC1,2025-08-09 14:50:00,3448.93,19.0,TRADE
VIC1,2025-08-09 14:55:00,3570.88,56.54,TRADE
VIC1,2025-08-09 15:00:00,3585.42,51.13,TRADE
VIC1,2025-08-09 15:05:00,3623.76,19.18,TRADE
VIC1,2025-08-09 15:10:00,3697.9,19.18,TRADE
VIC1,2025-08-09 15:15:00,3739.41,19.18,TRADE
VIC1,2025-08-09 15:20:00,3828.1,39.48,TRADE
VIC1,2025-08-09 15:25:00,3750.55,64.21,TRADE
VIC1,2025-08-09 15:30:00,3830.81,58.11,TRADE
VIC1,2025-08-09 15:35:00,3938.6,41.64,TRADE
VIC1,2025-08-09 15:40:00,4011.33,66.04,TRADE
VIC1,2025-08-09 15:45:00,4017.58,57.61,TRADE
VIC1,2025-08-09 15:50:00,4179.98,70.15,TRADE
VIC1,2025-08-09 15:55:00,4226.51,68.31,TRADE
VIC1,2025-08-09 16:00:00,4333.17,70.69,TRADE
VIC1,2025-08-09 16:05:00,4415.03,42.97,TRADE
VIC1,2025-08-09 16:10:00,4452.77,35.79,TRADE
VIC1,2025-08-09 16:15:00,4550.86,57.0,TRADE
VIC1,2025-08-09 16:20:00,4754.26,70.15,TRADE
VIC1,2025-08-09 16:25:00,4828.15,71.24,TRADE
VIC1,2025-08-09 16:30:00,4935.76,83.59,TRADE
VIC1,2025-08-09 16:35:00,5041.23,80.0,TRADE
VIC1,2025-08-09 16:40:00,5123.74,80.0,TRADE
VIC1,2025-08-09 16:45:00,5223.72,97.0,TRADE
VIC1,2025-08-09 16:50:00,5277.35,133.52,TRADE
VIC1,2025-08-09 16:55:00,5367.5,130.53,TRADE
VIC1,2025-08-09 17:00:00,5585.72,169.24,TRADE
VIC1,2025-08-09 17:05:00,5619.05,133.03,TRADE
VIC1,2025-08-09 17:10:00,5763.8,137.19,TRADE
VIC1,2025-08-09 17:15:00,5926.91,179.63,TRADE
VIC1,2025-08-09 17:20:00,5976.88,152.18,TRADE
VIC1,2025-08-09 17:25:00,6037.17,158.0,TRADE
VIC1,2025-08-09 17:30:00,6094.71,168.2,TRADE
VIC1,2025-08-09 17:35:00,6126.96,142.06,TRADE
VIC1,2025-08-09 17:40:00,6186.69,140.55,TRADE
VIC1,2025-08-09 17:45:00,6394.34,167.64,TRADE
VIC1,2025-08-09 17:50:00,6429.31,146.83,TRADE
VIC1,2025-08-09 17:55:00,6461.27,145.12,TRADE
VIC1,2025-08-09 18:00:00,6563.05,160.04,TRADE
VIC1,2025-08-09 18:05:00,6664.25,160.36,TRADE
VIC1,2025-08-09 18:10:00,6588.22,132.72,TRADE
VIC1,2025-08-09 18:15:00,6705.21,128.94,TRADE
VIC1,2025-08-09 18:20:00,6651.85,125.35,TRADE
VIC1,2025-08-09 18:25:00,6662.42,135.89,TRADE
VIC1,2025-08-09 18:30:00,6685.39,129.84,TRADE
VIC1,2025-08-09 18:35:00,6736.83,124.65,TRADE
VIC1,2025-08-09 18:40:00,6739.78,136.12,TRADE
VIC1,2025-08-09 18:45:00,6724.04,122.11,TRADE
VIC1,2025-08-09 18:50:00,6643.59,126.71,TRADE
VIC1,2025-08-09 18:55:00,6721.97,128.27,TRADE
VIC1,2025-08-09 19:00:00,6745.19,126.6,TRADE
VIC1,2025-08-09 19:05:00,6665.29,116.95,TRADE
VIC1,2025-08-09 19:10:00,6608.69,112.14,TRADE
VIC1,2025-08-09 19:15:00,6651.94,120.0,TRADE
VIC1,2025-08-09 19:20:00,6634.65,128.03,TRADE
VIC1,2025-08-09 19:25:00,6558.05,112.14,TRADE
VIC1,2025-08-09 19:30:00,6630.34,130.62,TRADE
VIC1,2025-08-09 19:35:00,6626.3,120.0,TRADE
VIC1,2025-08-09 19:40:00,6605.04,113.63,TRADE
VIC1,2025-08-09 19:45:00,6607.28,113.84,TRADE
VIC1,2025-08-09 19:50:00,6511.75,125.5,TRADE
VIC1,2025-08-09 19:55:00,6491.97,120.0,TRADE
VIC1,2025-08-09 20:00:00,6494.82,112.14,TRADE
VIC1,2025-08-09 20:05:00,6567.79,132.72,TRADE
VIC1,2025-08-09 20:10:00,6513.25,168.2,TRADE
VIC1,2025-08-09 20:15:00,6437.63,130.36,TRADE
VIC1,2025-08-09 20:20:00,6468.13,140.55,TRADE
VIC1,2025-08-09 20:25:00,6458.95,133.76,TRADE
VIC1,2025-08-09 20:30:00,6404.5,134.4,TRADE
VIC1,2025-08-09 20:35:00,6315.99,140.55,TRADE
VIC1,2025-08-09 20:40:00,6316.69,131.33,TRADE
VIC1,2025-08-09 20:45:00,6362.45,141.23,TRADE
VIC1,2025-08-09 20:50:00,6373.97,128.17,TRADE
VIC1,2025-08-09 20:55:00,6390.4,132.13,TRADE
VIC1,2025-08-09 21:00:00,6330.48,127.64,TRADE
VIC1,2025-08-09 21:05:00,6266.19,120.0,TRADE
VIC1,2025-08-09 21:10:00,6316.18,142.14,TRADE
VIC1,2025-08-09 21:15:00,6315.5,147.94,TRADE
VIC1,2025-08-09 21:20:00,6218.89,132.41,TRADE
VIC1,2025-08-09 21:25:00,6216.23,122.43,TRADE
VIC1,2025-08-09 21:30:00,6254.77,140.55,TRADE
VIC1,2025-08-09 21:35:00,6242.45,135.88,TRADE
VIC1,2025-08-09 21:40:00,6158.08,112.87,TRADE
VIC1,2025-08-09 21:45:00,6165.38,112.44,TRADE
VIC1,2025-08-09 21:50:00,6164.72,140.55,TRADE
VIC1,2025-08-09 21:55:00,6118.93,107.51,TRADE
VIC1,2025-08-09 22:00:00,6113.38,108.44,TRADE
VIC1,2025-08-09 22:05:00,5968.69,95.35,TRADE
VIC1,2025-08-09 22:10:00,5962.87,97.62,TRADE
VIC1,2025-08-09 22:15:00,5954.19,109.18,TRADE
VIC1,2025-08-09 22:20:00,5895.54,103.86,TRADE
VIC1,2025-08-09 22:25:00,5884.02,95.61,TRADE
VIC1,2025-08-09 22:30:00,5879.51,104.16,TRADE
VIC1,2025-08-09 22:35:00,5874.11,108.95,TRADE
VIC1,2025-08-09 22:40:00,5846.99,106.63,TRADE
VIC1,2025-08-09 22:45:00,5812.02,108.19,TRADE
VIC1,2025-08-09 22:50:00,5742.01,108.19,TRADE
VIC1,2025-08-09 22:55:00,5715.88,97.0,TRADE
VIC1,2025-08-09 23:00:00,5671.99,94.11,TRADE
VIC1,2025-08-09 23:05:00,5693.39,104.15,TRADE
VIC1,2025-08-09 23:10:00,5830.69,110.59,TRADE
VIC1,2025-08-09 23:15:00,5878.25,114.37,TRADE
VIC1,2025-08-09 23:20:00,5824.76,97.0,TRADE
VIC1,2025-08-09 23:25:00,5751.35,107.38,TRADE
VIC1,2025-08-09 23:30:00,5816.62,97.0,TRADE
VIC1,2025-08-09 23:35:00,5783.85,80.03,TRADE
VIC1,2025-08-09 23:40:00,5742.86,114.07,TRADE
VIC1,2025-08-09 23:45:00,5723.18,95.4,TRADE
VIC1,2025-08-09 23:50:00,5675.31,94.79,TRADE
VIC1,2025-08-09 23:55:00,5609.14,90.11,TRADE
VIC1,2025-08-10 00:00:00,5524.82,83.35,TRADE
VIC1,2025-08-10 00:05:00,5626.16,97.0,TRADE
VIC1,2025-08-10 00:10:00,5561.55,97.0,TRADE
VIC1,2025-08-10 00:15:00,5510.96,93.81,TRADE
VIC1,2025-08-10 00:20:00,5475.34,91.01,TRADE
VIC1,2025-08-10 00:25:00,5447.42,89.97,TRADE
VIC1,2025-08-10 00:30:00,5425.2,89.72,TRADE
VIC1,2025-08-10 00:35:00,5384.21,90.87,TRADE
VIC1,2025-08-10 00:40:00,5289.21,89.42,TRADE
VIC1,2025-08-10 00:45:00,5282.88,90.97,TRADE
VIC1,2025-08-10 00:50:00,5242.59,89.66,TRADE
VIC1,2025-08-10 00:55:00,5304.49,92.94,TRADE
VIC1,2025-08-10 01:00:00,5251.0,90.16,TRADE
VIC1,2025-08-10 01:05:00,5226.51,92.78,TRADE
VIC1,2025-08-10 01:10:00,5200.74,92.36,TRADE
VIC1,2025-08-10 01:15:00,5186.18,93.6,TRADE
VIC1,2025-08-10 01:20:00,5147.77,93.6,TRADE
VIC1,2025-08-10 01:25:00,5048.2,89.14,TRADE
VIC1,2025-08-10 01:30:00,5071.07,92.94,TRADE
VIC1,2025-08-10 01:35:00,5056.03,91.4,TRADE
VIC1,2025-08-10 01:40:00,4973.73,91.82,TRADE
VIC1,2025-08-10 01:45:00,4980.71,90.78,TRADE
VIC1,2025-08-10 01:50:00,4956.95,90.16,TRADE
VIC1,2025-08-10 01:55:00,4925.9,89.66,TRADE
VIC1,2025-08-10 02:00:00,4910.5,89.97,TRADE
VIC1,2025-08-10 02:05:00,4837.68,89.42,TRADE
VIC1,2025-08-10 02:10:00,4853.49,88.67,TRADE
VIC1,2025-08-10 02:15:00,4852.34,89.66,TRADE
VIC1,2025-08-10 02:20:00,4836.82,89.42,TRADE
VIC1,2025-08-10 02:25:00,4803.99,89.15,TRADE
VIC1,2025-08-10 02:30:00,4800.5,89.13,TRADE
VIC1,2025-08-10 02:35:00,4798.07,89.83,TRADE
VIC1,2025-08-10 02:40:00,4785.57,89.34,TRADE
VIC1,2025-08-10 02:45:00,4696.13,88.5,TRADE
VIC1,2025-08-10 02:50:00,4736.2,90.19,TRADE
VIC1,2025-08-10 02:55:00,4761.89,89.84,TRADE
VIC1,2025-08-10 03:00:00,4675.65,87.59,TRADE
VIC1,2025-08-10 03:05:00,4759.77,89.92,TRADE
VIC1,2025-08-10 03:10:00,4738.29,90.82,TRADE
VIC1,2025-08-10 03:15:00,4732.8,90.8,TRADE
VIC1,2025-08-10 03:20:00,4721.51,84.85,TRADE
VIC1,2025-08-10 03:25:00,4622.38,84.4,TRADE
VIC1,2025-08-10 03:30:00,4712.86,86.86,TRADE
VIC1,2025-08-10 03:35:00,4688.78,85.77,TRADE
VIC1,2025-08-10 03:40:00,4703.26,80.0,TRADE
VIC1,2025-08-10 03:45:00,4721.72,80.0,TRADE
VIC1,2025-08-10 03:50:00,4708.14,92.3,TRADE
VIC1,2025-08-10 03:55:00,4732.96,92.19,TRADE
VIC1,2025-08-10 04:00:00,4691.81,86.09,TRADE
VIC1,2025-08-10 04:05:00,4633.58,78.52,TRADE
VIC1,2025-08-10 04:10:00,4630.86,80.37,TRADE
VIC1,2025-08-10 04:15:00,4654.25,81.99,TRADE
VIC1,2025-08-10 04:20:00,4698.16,81.94,TRADE
VIC1,2025-08-10 04:25:00,4720.08,82.66,TRADE
VIC1,2025-08-10 04:30:00,4641.08,80.5,TRADE
VIC1,2025-08-10 04:35:00,4692.45,81.97,TRADE
VIC1,2025-08-10 04:40:00,4727.97,83.03,TRADE
VIC1,2025-08-10 04:45:00,4721.0,85.71,TRADE
VIC1,2025-08-10 04:50:00,4727.96,86.71,TRADE
VIC1,2025-08-10 04:55:00,4680.69,81.43,TRADE
VIC1,2025-08-10 05:00:00,4670.59,83.47,TRADE
VIC1,2025-08-10 05:05:00,4735.3,82.04,TRADE
VIC1,2025-08-10 05:10:00,4778.44,82.76,TRADE
VIC1,2025-08-10 05:15:00,4802.38,82.67,TRADE
VIC1,2025-08-10 05:20:00,4843.77,102.98,TRADE
VIC1,2025-08-10 05:25:00,4825.4,83.74,TRADE
VIC1,2025-08-10 05:30:00,4843.14,120.35,TRADE
VIC1,2025-08-10 05:35:00,4757.7,84.35,TRADE
VIC1,2025-08-10 05:40:00,4812.02,136.64,TRADE
VIC1,2025-08-10 05:45:00,4825.28,102.82,TRADE
VIC1,2025-08-10 05:50:00,4847.7,104.37,TRADE
VIC1,2025-08-10 05:55:00,4946.82,135.18,TRADE
VIC1,2025-08-10 06:00:00,4989.24,135.46,TRADE
VIC1,2025-08-10 06:05:00,4922.03,90.0,TRADE
VIC1,2025-08-10 06:10:00,5041.43,135.55,TRADE
VIC1,2025-08-10 06:15:00,5088.79,148.05,TRADE
VIC1,2025-08-10 06:20:00,5102.1,133.18,TRADE
VIC1,2025-08-10 06:25:00,5050.94,135.56,TRADE
VIC1,2025-08-10 06:30:00,5090.74,134.96,TRADE
VIC1,2025-08-10 06:35:00,5114.37,136.42,TRADE
VIC1,2025-08-10 06:40:00,5204.53,137.11,TRADE
VIC1,2025-08-10 06:45:00,5267.34,139.31,TRADE
VIC1,2025-08-10 06:50:00,5292.4,137.09,TRADE
VIC1,2025-08-10 06:55:00,5438.61,171.14,TRADE
VIC1,2025-08-10 07:00:00,5437.37,183.36,TRADE
VIC1,2025-08-10 07:05:00,5433.88,156.81,TRADE
VIC1,2025-08-10 07:10:00,5408.96,157.9,TRADE
VIC1,2025-08-10 07:15:00,5548.74,175.92,TRADE
VIC1,2025-08-10 07:20:00,5609.53,181.65,TRADE
VIC1,2025-08-10 07:25:00,5576.14,178.29,TRADE
VIC1,2025-08-10 07:30:00,5614.92,175.81,TRADE
VIC1,2025-08-10 07:35:00,5687.06,187.68,TRADE
VIC1,2025-08-10 07:40:00,5737.49,192.26,TRADE
VIC1,2025-08-10 07:45:00,5682.31,193.09,TRADE
VIC1,2025-08-10 07:50:00,5747.69,187.09,TRADE
VIC1,2025-08-10 07:55:00,5747.6,165.56,TRADE
VIC1,2025-08-10 08:00:00,5758.75,176.72,TRADE
VIC1,2025-08-10 08:05:00,5739.85,176.78,TRADE
VIC1,2025-08-10 08:10:00,5683.25,137.87,TRADE
VIC1,2025-08-10 08:15:00,5678.14,138.97,TRADE
VIC1,2025-08-10 08:20:00,5751.4,174.02,TRADE
VIC1,2025-08-10 08:25:00,5665.2,136.63,TRADE
VIC1,2025-08-10 08:30:00,5681.42,132.25,TRADE
VIC1,2025-08-10 08:35:00,5615.33,170.91,TRADE
VIC1,2025-08-10 08:40:00,5561.62,136.02,TRADE
VIC1,2025-08-10 08:45:00,5542.2,133.8,TRADE
VIC1,2025-08-10 08:50:00,5481.39,90.0,TRADE
VIC1,2025-08-10 08:55:00,5362.62,78.03,TRADE
VIC1,2025-08-10 09:00:00,5285.55,83.28,TRADE
VIC1,2025-08-10 09:05:00,5220.02,75.8,TRADE
VIC1,2025-08-10 09:10:00,5198.77,84.3,TRADE
VIC1,2025-08-10 09:15:00,5149.03,83.49,TRADE
VIC1,2025-08-10 09:20:00,5054.9,77.29,TRADE
VIC1,2025-08-10 09:25:00,5020.03,71.18,TRADE
VIC1,2025-08-10 09:30:00,4928.96,35.39,TRADE
VIC1,2025-08-10 09:35:00,4864.35,19.0,TRADE
VIC1,2025-08-10 09:40:00,4734.91,32.34,TRADE
VIC1,2025-08-10 09:45:00,4720.25,75.85,TRADE
VIC1,2025-08-10 09:50:00,4661.66,50.78,TRADE
VIC1,2025-08-10 09:55:00,4495.93,8.95,TRADE
VIC1,2025-08-10 10:00:00,4501.08,35.88,TRADE
VIC1,2025-08-10 10:05:00,4409.91,23.25,TRADE
VIC1,2025-08-10 10:10:00,4405.62,73.96,TRADE
VIC1,2025-08-10 10:15:00,4245.17,80.02,TRADE
VIC1,2025-08-10 10:20:00,4100.87,34.62,TRADE
VIC1,2025-08-10 10:25:00,4038.76,34.6,TRADE
VIC1,2025-08-10 10:30:00,4035.91,35.26,TRADE
VIC1,2025-08-10 10:35:00,3942.23,48.65,TRADE
VIC1,2025-08-10 10:40:00,3827.24,33.24,TRADE
VIC1,2025-08-10 10:45:00,3783.73,45.89,TRADE
VIC1,2025-08-10 10:50:00,3681.03,57.19,TRADE
VIC1,2025-08-10 10:55:00,3650.07,31.85,TRADE
VIC1,2025-08-10 11:00:00,3464.78,21.44,TRADE
VIC1,2025-08-10 11:05:00,3434.41,45.89,TRADE
VIC1,2025-08-10 11:10:00,3442.65,31.43,TRADE
VIC1,2025-08-10 11:15:00,3380.33,34.3,TRADE
VIC1,2025-08-10 11:20:00,3306.52,31.57,TRADE
VIC1,2025-08-10 11:25:00,3277.8,31.48,TRADE
VIC1,2025-08-10 11:30:00,3185.23,31.22,TRADE
VIC1,2025-08-10 11:35:00,3138.74,31.57,TRADE
VIC1,2025-08-10 11:40:00,3043.4,30.73,TRADE
VIC1,2025-08-10 11:45:00,2974.17,34.48,TRADE
VIC1,2025-08-10 11:50:00,3023.22,31.65,TRADE
VIC1,2025-08-10 11:55:00,2989.11,31.68,TRADE
VIC1,2025-08-10 12:00:00,2923.22,30.94,TRADE
VIC1,2025-08-10 12:05:00,2925.91,31.2,TRADE
VIC1,2025-08-10 12:10:00,2932.59,31.57,TRADE
VIC1,2025-08-10 12:15:00,2890.36,31.57,TRADE
VIC1,2025-08-10 12:20:00,2809.45,30.36,TRADE
VIC1,2025-08-10 12:25:00,2799.8,34.91,TRADE
VIC1,2025-08-10 12:30:00,2797.7,33.54,TRADE
VIC1,2025-08-10 12:35:00,2771.89,19.0,TRADE
VIC1,2025-08-10 12:40:00,2802.31,19.0,TRADE
VIC1,2025-08-10 12:45:00,2794.21,30.38,TRADE
VIC1,2025-08-10 12:50:00,2794.3,19.0,TRADE
VIC1,2025-08-10 12:55:00,2794.68,19.0,TRADE
VIC1,2025-08-10 13:00:00,2716.33,29.77,TRADE
VIC1,2025-08-10 13:05:00,2792.86,19.0,TRADE
VIC1,2025-08-10 13:10:00,2822.04,20.04,TRADE
VIC1,2025-08-10 13:15:00,2789.29,20.04,TRADE
VIC1,2025-08-10 13:20:00,2836.53,20.04,TRADE
VIC1,2025-08-10 13:25:00,2827.7,25.89,TRADE
VIC1,2025-08-10 13:30:00,2846.9,19.87,TRADE
VIC1,2025-08-10 13:35:00,2816.23,29.42,TRADE
VIC1,2025-08-10 13:40:00,2764.28,29.86,TRADE
VIC1,2025-08-10 13:45:00,2848.55,19.0,TRADE
VIC1,2025-08-10 13:50:00,2844.41,19.0,TRADE
VIC1,2025-08-10 13:55:00,2809.01,19.0,TRADE
VIC1,2025-08-10 14:00:00,2869.97,8.95,TRADE
VIC1,2025-08-10 14:05:00,2900.75,20.04,TRADE
VIC1,2025-08-10 14:10:00,2940.26,19.0,TRADE
VIC1,2025-08-10 14:15:00,2967.86,8.95,TRADE
VIC1,2025-08-10 14:20:00,2899.45,8.95,TRADE
VIC1,2025-08-10 14:25:00,2989.95,19.82,TRADE
VIC1,2025-08-10 14:30:00,3032.96,8.95,TRADE
VIC1,2025-08-10 14:35:00,3072.28,28.22,TRADE
VIC1,2025-08-10 14:40:00,3127.18,8.95,TRADE
VIC1,2025-08-10 14:45:00,3159.32,19.18,TRADE
VIC1,2025-08-10 14:50:00,3207.14,0.0,TRADE
VIC1,2025-08-10 14:55:00,3300.71,19.0,TRADE
VIC1,2025-08-10 15:00:00,3231.88,19.0,TRADE
VIC1,2025-08-10 15:05:00,3292.85,8.95,TRADE
VIC1,2025-08-10 15:10:00,3430.99,33.89,TRADE
VIC1,2025-08-10 15:15:00,3477.77,29.83,TRADE
VIC1,2025-08-10 15:20:00,3567.11,29.76,TRADE
VIC1,2025-08-10 15:25:00,3637.46,33.89,TRADE
VIC1,2025-08-10 15:30:00,3686.21,40.91,TRADE
VIC1,2025-08-10 15:35:00,3762.25,19.1,TRADE
VIC1,2025-08-10 15:40:00,3774.35,0.0,TRADE
VIC1,2025-08-10 15:45:00,3848.47,8.95,TRADE
VIC1,2025-08-10 15:50:00,3976.78,31.13,TRADE
VIC1,2025-08-10 15:55:00,4159.13,46.69,TRADE
VIC1,2025-08-10 16:00:00,4224.27,84.39,TRADE
VIC1,2025-08-10 16:05:00,4212.07,38.0,TRADE
VIC1,2025-08-10 16:10:00,4385.94,52.0,TRADE
VIC1,2025-08-10 16:15:00,4459.89,38.0,TRADE
VIC1,2025-08-10 16:20:00,4578.47,72.95,TRADE
VIC1,2025-08-10 16:25:00,4605.02,80.0,TRADE
VIC1,2025-08-10 16:30:00,4671.22,80.0,TRADE
VIC1,2025-08-10 16:35:00,4909.41,76.29,TRADE
VIC1,2025-08-10 16:40:00,5069.32,95.22,TRADE
VIC1,2025-08-10 16:45:00,5038.43,97.82,TRADE
VIC1,2025-08-10 16:50:00,5205.55,112.14,TRADE
VIC1,2025-08-10 16:55:00,5312.89,132.72,TRADE
VIC1,2025-08-10 17:00:00,5468.19,138.8,TRADE
VIC1,2025-08-10 17:05:00,5532.51,135.84,TRADE
VIC1,2025-08-10 17:10:00,5652.02,112.14,TRADE
VIC1,2025-08-10 17:15:00,5809.54,158.0,TRADE
VIC1,2025-08-10 17:20:00,5825.86,158.0,TRADE
VIC1,2025-08-10 17:25:00,5956.65,140.55,TRADE
VIC1,2025-08-10 17:30:00,6058.27,171.65,TRADE
VIC1,2025-08-10 17:35:00,6108.76,158.0,TRADE
VIC1,2025-08-10 17:40:00,6193.72,171.76,TRADE
VIC1,2025-08-10 17:45:00,6288.73,145.17,TRADE
VIC1,2025-08-10 17:50:00,6398.22,158.0,TRADE
VIC1,2025-08-10 17:55:00,6433.27,165.3,TRADE
VIC1,2025-08-10 18:00:00,6461.89,169.52,TRADE
VIC1,2025-08-10 18:05:00,6580.18,158.0,TRADE
VIC1,2025-08-10 18:10:00,6645.17,158.0,TRADE
VIC1,2025-08-10 18:15:00,6736.44,170.22,TRADE
VIC1,2025-08-10 18:20:00,6697.77,166.29,TRADE
VIC1,2025-08-10 18:25:00,6805.93,170.22,TRADE
VIC1,2025-08-10 18:30:00,6806.52,154.16,TRADE
VIC1,2025-08-10 18:35:00,6833.59,166.33,TRADE
VIC1,2025-08-10 18:40:00,6786.05,158.0,TRADE
VIC1,2025-08-10 18:45:00,6718.41,158.0,TRADE
VIC1,2025-08-10 18:50:00,6768.31,158.0,TRADE
VIC1,2025-08-10 18:55:00,6838.07,160.57,TRADE
VIC1,2025-08-10 19:00:00,6788.89,145.22,TRADE
VIC1,2025-08-10 19:05:00,6772.91,149.05,TRADE
VIC1,2025-08-10 19:10:00,6694.45,138.98,TRADE
VIC1,2025-08-10 19:15:00,6755.67,141.42,TRADE
VIC1,2025-08-10 19:20:00,6747.14,140.55,TRADE
VIC1,2025-08-10 19:25:00,6726.51,148.67,TRADE
VIC1,2025-08-10 19:30:00,6666.38,140.55,TRADE
VIC1,2025-08-10 19:35:00,6646.08,134.11,TRADE
VIC1,2025-08-10 19:40:00,6670.82,148.71,TRADE
VIC1,2025-08-10 19:45:00,6614.19,120.0,TRADE
VIC1,2025-08-10 19:50:00,6621.88,120.0,TRADE
VIC1,2025-08-10 19:55:00,6679.91,120.0,TRADE
VIC1,2025-08-10 20:00:00,6676.31,113.03,TRADE
VIC1,2025-08-10 20:05:00,6636.79,133.26,TRADE
VIC1,2025-08-10 20:10:00,6598.63,158.0,TRADE
VIC1,2025-08-10 20:15:00,6472.95,132.72,TRADE
VIC1,2025-08-10 20:20:00,6517.1,140.55,TRADE
VIC1,2025-08-10 20:25:00,6473.64,132.72,TRADE
VIC1,2025-08-10 20:30:00,6436.75,120.0,TRADE
VIC1,2025-08-10 20:35:00,6452.57,115.81,TRADE
VIC1,2025-08-10 20:40:00,6463.31,120.0,TRADE
VIC1,2025-08-10 20:45:00,6463.29,120.0,TRADE
VIC1,2025-08-10 20:50:00,6447.46,107.0,TRADE
VIC1,2025-08-10 20:55:00,6352.09,98.66,TRADE
VIC1,2025-08-10 21:00:00,6359.28,120.0,TRADE
VIC1,2025-08-10 21:05:00,6310.0,103.8,TRADE
VIC1,2025-08-10 21:10:00,6304.21,120.0,TRADE
VIC1,2025-08-10 21:15:00,6191.82,102.73,TRADE
VIC1,2025-08-10 21:20:00,6173.41,101.76,TRADE
VIC1,2025-08-10 21:25:00,6230.4,97.0,TRADE
VIC1,2025-08-10 21:30:00,6236.4,101.45,TRADE
VIC1,2025-08-10 21:35:00,6188.02,97.0,TRADE
VIC1,2025-08-10 21:40:00,6143.58,97.0,TRADE
VIC1,2025-08-10 21:45:00,6022.95,83.68,TRADE
VIC1,2025-08-10 21:50:00,5970.67,81.45,TRADE
VIC1,2025-08-10 21:55:00,5994.78,82.59,TRADE
VIC1,2025-08-10 22:00:00,5939.58,80.0,TRADE
VIC1,2025-08-10 22:05:00,5801.9,79.31,TRADE
VIC1,2025-08-10 22:10:00,5848.7,80.0,TRADE
VIC1,2025-08-10 22:15:00,5809.64,82.38,TRADE
VIC1,2025-08-10 22:20:00,5741.46,80.0,TRADE
VIC1,2025-08-10 22:25:00,5656.56,80.0,TRADE
VIC1,2025-08-10 22:30:00,5596.31,80.0,TRADE
VIC1,2025-08-10 22:35:00,5657.97,80.0,TRADE
VIC1,2025-08-10 22:40:00,5649.25,82.23,TRADE
VIC1,2025-08-10 22:45:00,5518.2,77.76,TRADE
VIC1,2025-08-10 22:50:00,5539.91,80.0,TRADE
VIC1,2025-08-10 22:55:00,5500.2,80.0,TRADE
VIC1,2025-08-10 23:00:00,5483.0,80.0,TRADE
VIC1,2025-08-10 23:05:00,5405.18,75.8,TRADE
VIC1,2025-08-10 23:10:00,5490.37,80.0,TRADE
VIC1,2025-08-10 23:15:00,5646.86,92.23,TRADE
VIC1,2025-08-10 23:20:00,5504.43,77.27,TRADE
VIC1,2025-08-10 23:25:00,5636.99,92.23,TRADE
VIC1,2025-08-10 23:30:00,5548.11,83.5,TRADE
VIC1,2025-08-10 23:35:00,5515.34,77.92,TRADE
VIC1,2025-08-10 23:40:00,5476.27,82.52,TRADE
VIC1,2025-08-10 23:45:00,5433.96,76.58,TRADE
VIC1,2025-08-10 23:50:00,5343.29,76.78,TRADE
VIC1,2025-08-10 23:55:00,5341.4,76.58,TRADE
VIC1,2025-08-16 00:00:00,5677.93,72.69,TRADE
VIC1,2025-08-16 00:05:00,5659.84,71.16,TRADE
VIC1,2025-08-16 00:10:00,5613.63,69.95,TRADE
VIC1,2025-08-16 00:15:00,5610.84,69.59,TRADE
VIC1,2025-08-16 00:20:00,5584.02,69.15,TRADE
VIC1,2025-08-16 00:25:00,5470.99,68.13,TRADE
VIC1,2025-08-16 00:30:00,5412.49,58.31,TRADE
VIC1,2025-08-16 00:35:00,5436.84,67.68,TRADE
VIC1,2025-08-16 00:40:00,5393.53,69.12,TRADE
VIC1,2025-08-16 00:45:00,5286.4,73.34,TRADE
VIC1,2025-08-16 00:50:00,5348.28,74.49,TRADE
VIC1,2025-08-16 00:55:00,5333.47,74.04,TRADE
VIC1,2025-08-16 01:00:00,5336.11,72.75,TRADE
VIC1,2025-08-16 01:05:00,5321.86,76.56,TRADE
VIC1,2025-08-16 01:10:00,5237.58,76.62,TRADE
VIC1,2025-08-16 01:15:00,5198.38,76.56,TRADE
VIC1,2025-08-16 01:20:00,5235.19,75.8,TRADE
VIC1,2025-08-16 01:25:00,5232.35,73.32,TRADE
VIC1,2025-08-16 01:30:00,5173.55,73.14,TRADE
VIC1,2025-08-16 01:35:00,5127.14,75.08,TRADE
VIC1,2025-08-16 01:40:00,5080.13,71.84,TRADE
VIC1,2025-08-16 01:45:00,5022.69,70.24,TRADE
VIC1,2025-08-16 01:50:00,4979.13,70.19,TRADE
VIC1,2025-08-16 01:55:00,4872.93,69.72,TRADE
VIC1,2025-08-16 02:00:00,4856.23,66.49,TRADE
VIC1,2025-08-16 02:05:00,4902.48,60.2,TRADE
VIC1,2025-08-16 02:10:00,4910.52,61.88,TRADE
VIC1,2025-08-16 02:15:00,4814.44,61.87,TRADE
VIC1,2025-08-16 02:20:00,4873.57,63.24,TRADE
VIC1,2025-08-16 02:25:00,4895.62,61.51,TRADE
VIC1,2025-08-16 02:30:00,4877.78,75.11,TRADE
VIC1,2025-08-16 02:35:00,4821.33,71.09,TRADE
VIC1,2025-08-16 02:40:00,4730.02,71.97,TRADE
VIC1,2025-08-16 02:45:00,4724.9,69.56,TRADE
VIC1,2025-08-16 02:50:00,4646.56,66.04,TRADE
VIC1,2025-08-16 02:55:00,4659.98,66.01,TRADE
VIC1,2025-08-16 03:00:00,4670.21,66.73,TRADE
VIC1,2025-08-16 03:05:00,4679.67,66.06,TRADE
VIC1,2025-08-16 03:10:00,4631.16,57.39,TRADE
VIC1,2025-08-16 03:15:00,4684.09,61.53,TRADE
VIC1,2025-08-16 03:20:00,4684.76,65.65,TRADE
VIC1,2025-08-16 03:25:00,4713.35,70.62,TRADE
VIC1,2025-08-16 03:30:00,4723.03,67.17,TRADE
VIC1,2025-08-16 03:35:00,4569.77,66.01,TRADE
VIC1,2025-08-16 03:40:00,4543.13,65.5,TRADE
VIC1,2025-08-16 03:45:00,4560.7,66.91,TRADE
VIC1,2025-08-16 03:50:00,4590.94,66.5,TRADE
VIC1,2025-08-16 03:55:00,4581.98,67.94,TRADE
VIC1,2025-08-16 04:00:00,4541.93,71.45,TRADE
VIC1,2025-08-16 04:05:00,4573.61,73.12,TRADE
VIC1,2025-08-16 04:10:00,4593.54,76.63,TRADE
VIC1,2025-08-16 04:15:00,4579.19,75.8,TRADE
VIC1,2025-08-16 04:20:00,4512.62,74.95,TRADE
VIC1,2025-08-16 04:25:00,4513.75,75.8,TRADE
VIC1,2025-08-16 04:30:00,4589.39,76.07,TRADE
VIC1,2025-08-16 04:35:00,4600.65,72.51,TRADE
VIC1,2025-08-16 04:40:00,4618.4,75.8,TRADE
VIC1,2025-08-16 04:45:00,4640.74,76.8,TRADE
VIC1,2025-08-16 04:50:00,4608.11,76.28,TRADE
VIC1,2025-08-16 04:55:00,4635.59,80.33,TRADE
VIC1,2025-08-16 05:00:00,4541.08,75.8,TRADE
VIC1,2025-08-16 05:05:00,4593.4,72.86,TRADE
VIC1,2025-08-16 05:10:00,4714.21,81.21,TRADE
VIC1,2025-08-16 05:15:00,4656.64,82.82,TRADE
VIC1,2025-08-16 05:20:00,4773.85,91.94,TRADE
VIC1,2025-08-16 05:25:00,4735.83,86.0,TRADE
VIC1,2025-08-16 05:30:00,4772.08,80.75,TRADE
VIC1,2025-08-16 05:35:00,4791.05,78.11,TRADE
VIC1,2025-08-16 05:40:00,4845.51,84.22,TRADE
VIC1,2025-08-16 05:45:00,4847.82,87.33,TRADE
VIC1,2025-08-16 05:50:00,4855.24,88.61,TRADE
VIC1,2025-08-16 05:55:00,4901.15,110.41,TRADE
VIC1,2025-08-16 06:00:00,4987.61,112.95,TRADE
VIC1,2025-08-16 06:05:00,4930.82,79.16,TRADE
VIC1,2025-08-16 06:10:00,5057.89,94.27,TRADE
VIC1,2025-08-16 06:15:00,5108.13,101.78,TRADE
VIC1,2025-08-16 06:20:00,5150.13,101.62,TRADE
VIC1,2025-08-16 06:25:00,5194.03,119.41,TRADE
VIC1,2025-08-16 06:30:00,5178.3,119.35,TRADE
VIC1,2025-08-16 06:35:00,5178.45,104.53,TRADE
VIC1,2025-08-16 06:40:00,5326.22,116.91,TRADE
VIC1,2025-08-16 06:45:00,5404.29,158.34,TRADE
VIC1,2025-08-16 06:50:00,5462.67,160.68,TRADE
VIC1,2025-08-16 06:55:00,5499.29,111.82,TRADE
VIC1,2025-08-16 07:00:00,5559.03,112.71,TRADE
VIC1,2025-08-16 07:05:00,5612.77,110.03,TRADE
VIC1,2025-08-16 07:10:00,5652.03,88.65,TRADE
VIC1,2025-08-16 07:15:00,5592.23,86.71,TRADE
VIC1,2025-08-16 07:20:00,5631.8,81.91,TRADE
VIC1,2025-08-16 07:25:00,5733.56,82.43,TRADE
VIC1,2025-08-16 07:30:00,5773.28,114.3,TRADE
VIC1,2025-08-16 07:35:00,5850.42,175.64,TRADE
VIC1,2025-08-16 07:40:00,5902.46,286.05,TRADE
VIC1,2025-08-16 07:45:00,5941.03,197.29,TRADE
VIC1,2025-08-16 07:50:00,5981.69,183.5,TRADE
VIC1,2025-08-16 07:55:00,6044.95,195.11,TRADE
VIC1,2025-08-16 08:00:00,5955.19,114.03,TRADE
VIC1,2025-08-16 08:05:00,5956.19,101.1,TRADE
VIC1,2025-08-16 08:10:00,6040.25,98.58,TRADE
VIC1,2025-08-16 08:15:00,6022.51,78.59,TRADE
VIC1,2025-08-16 08:20:00,6059.9,75.8,TRADE
VIC1,2025-08-16 08:25:00,6001.69,60.99,TRADE
VIC1,2025-08-16 08:30:00,5934.86,59.57,TRADE
VIC1,2025-08-16 08:35:00,5880.22,59.62,TRADE
VIC1,2025-08-16 08:40:00,5862.7,73.13,TRADE
VIC1,2025-08-16 08:45:00,5859.62,38.13,TRADE
VIC1,2025-08-16 08:50:00,5725.46,19.0,TRADE
VIC1,2025-08-16 08:55:00,5667.22,19.37,TRADE
VIC1,2025-08-16 09:00:00,5712.75,24.72,TRADE
VIC1,2025-08-16 09:05:00,5704.96,47.36,TRADE
VIC1,2025-08-16 09:10:00,5639.71,47.0,TRADE
VIC1,2025-08-16 09:15:00,5555.45,38.1,TRADE
VIC1,2025-08-16 09:20:00,5493.92,33.89,TRADE
VIC1,2025-08-16 09:25:00,5434.86,36.01,TRADE
VIC1,2025-08-16 09:30:00,5334.02,11.05,TRADE
VIC1,2025-08-16 09:35:00,5252.76,11.05,TRADE
VIC1,2025-08-16 09:40:00,5231.58,11.05,TRADE
VIC1,2025-08-16 09:45:00,5015.25,0.0,TRADE
VIC1,2025-08-16 09:50:00,4959.83,0.0,TRADE
VIC1,2025-08-16 09:55:00,4818.74,0.0,TRADE
VIC1,2025-08-16 10:00:00,4701.61,0.0,TRADE
VIC1,2025-08-16 10:05:00,4585.68,8.95,TRADE
VIC1,2025-08-16 10:10:00,4510.07,9.76,TRADE
VIC1,2025-08-16 10:15:00,4448.27,8.95,TRADE
VIC1,2025-08-16 10:20:00,4449.99,0.0,TRADE
VIC1,2025-08-16 10:25:00,4343.0,0.0,TRADE
VIC1,2025-08-16 10:30:00,4358.36,8.95,TRADE
VIC1,2025-08-16 10:35:00,4284.6,-9.37,TRADE
VIC1,2025-08-16 10:40:00,4292.89,0.0,TRADE
VIC1,2025-08-16 10:45:00,4328.61,0.0,TRADE
VIC1,2025-08-16 10:50:00,4270.58,-10.0,TRADE
VIC1,2025-08-16 10:55:00,4288.7,0.0,TRADE
VIC1,2025-08-16 11:00:00,4178.51,-10.0,TRADE
VIC1,2025-08-16 11:05:00,4175.14,-1.57,TRADE
VIC1,2025-08-16 11:10:00,4315.28,0.01,TRADE
VIC1,2025-08-16 11:15:00,4243.67,0.01,TRADE
VIC1,2025-08-16 11:20:00,4277.44,-6.08,TRADE
VIC1,2025-08-16 11:25:00,4160.96,-9.24,TRADE
VIC1,2025-08-16 11:30:00,4023.96,-2.34,TRADE
VIC1,2025-08-16 11:35:00,3998.11,0.08,TRADE
VIC1,2025-08-16 11:40:00,3872.0,-6.08,TRADE
VIC1,2025-08-16 11:45:00,3801.87,-11.0,TRADE
VIC1,2025-08-16 11:50:00,3874.15,-8.55,TRADE
VIC1,2025-08-16 11:55:00,3868.73,-10.0,TRADE
VIC1,2025-08-16 12:00:00,3808.84,-10.0,TRADE
VIC1,2025-08-16 12:05:00,3780.19,-9.88,TRADE
VIC1,2025-08-16 12:10:00,3744.42,-11.11,TRADE
VIC1,2025-08-16 12:15:00,3768.03,-11.08,TRADE
VIC1,2025-08-16 12:20:00,3690.51,-10.0,TRADE
VIC1,2025-08-16 12:25:00,3683.39,-10.0,TRADE
VIC1,2025-08-16 12:30:00,3728.4,-6.16,TRADE
VIC1,2025-08-16 12:35:00,3637.35,-8.81,TRADE
VIC1,2025-08-16 12:40:00,3549.63,-9.82,TRADE
VIC1,2025-08-16 12:45:00,3661.19,-1.57,TRADE
VIC1,2025-08-16 12:50:00,3637.04,-6.16,TRADE
VIC1,2025-08-16 12:55:00,3679.04,-6.16,TRADE
VIC1,2025-08-16 13:00:00,3635.72,-9.77,TRADE
VIC1,2025-08-16 13:05:00,3605.32,-9.86,TRADE
VIC1,2025-08-16 13:10:00,3598.32,-8.47,TRADE
VIC1,2025-08-16 13:15:00,3626.88,-1.57,TRADE
VIC1,2025-08-16 13:20:00,3530.33,-9.88,TRADE
VIC1,2025-08-16 13:25:00,3614.56,0.0,TRADE
VIC1,2025-08-16 13:30:00,3687.94,3.72,TRADE
VIC1,2025-08-16 13:35:00,3721.49,0.0,TRADE
VIC1,2025-08-16 13:40:00,3799.5,-6.16,TRADE
VIC1,2025-08-16 13:45:00,3732.57,-8.51,TRADE
VIC1,2025-08-16 13:50:00,3815.81,-9.97,TRADE
VIC1,2025-08-16 13:55:00,3943.89,-1.57,TRADE
VIC1,2025-08-16 14:00:00,3933.83,-0.7,TRADE
VIC1,2025-08-16 14:05:00,3932.58,-6.16,TRADE
VIC1,2025-08-16 14:10:00,3896.48,-10.0,TRADE
VIC1,2025-08-16 14:15:00,3932.05,-10.11,TRADE
VIC1,2025-08-16 14:20:00,3948.76,-10.0,TRADE
VIC1,2025-08-16 14:25:00,3853.11,-12.09,TRADE
VIC1,2025-08-16 14:30:00,4018.23,-12.9,TRADE
VIC1,2025-08-16 14:35:00,4211.64,-10.23,TRADE
VIC1,2025-08-16 14:40:00,4265.59,-10.13,TRADE
VIC1,2025-08-16 14:45:00,4273.51,-10.85,TRADE
VIC1,2025-08-16 14:50:00,4402.03,-12.24,TRADE
VIC1,2025-08-16 14:55:00,4475.95,-10.0,TRADE
VIC1,2025-08-16 15:00:00,4591.22,10.84,TRADE
VIC1,2025-08-16 15:05:00,4701.2,37.09,TRADE
VIC1,2025-08-16 15:10:00,4779.81,0.0,TRADE
VIC1,2025-08-16 15:15:00,4759.57,0.0,TRADE
VIC1,2025-08-16 15:20:00,4888.18,0.0,TRADE
VIC1,2025-08-16 15:25:00,4922.4,30.72,TRADE
VIC1,2025-08-16 15:30:00,4966.09,0.0,TRADE
VIC1,2025-08-16 15:35:00,5016.6,-3.5,TRADE
VIC1,2025-08-16 15:40:00,5055.53,0.0,TRADE
VIC1,2025-08-16 15:45:00,5112.81,0.01,TRADE
VIC1,2025-08-16 15:50:00,5171.41,10.6,TRADE
VIC1,2025-08-16 15:55:00,5308.42,8.95,TRADE
VIC1,2025-08-16 16:00:00,5394.77,19.0,TRADE
VIC1,2025-08-16 16:05:00,5398.36,8.95,TRADE
VIC1,2025-08-16 16:10:00,5505.89,10.72,TRADE
VIC1,2025-08-16 16:15:00,5706.67,29.59,TRADE
VIC1,2025-08-16 16:20:00,5815.45,86.39,TRADE
VIC1,2025-08-16 16:25:00,5884.48,101.69,TRADE
VIC1,2025-08-16 16:30:00,6007.92,84.54,TRADE
VIC1,2025-08-16 16:35:00,6063.66,109.25,TRADE
VIC1,2025-08-16 16:40:00,6191.01,195.83,TRADE
VIC1,2025-08-16 16:45:00,6129.58,208.41,TRADE
VIC1,2025-08-16 16:50:00,6224.36,156.12,TRADE
VIC1,2025-08-16 16:55:00,6406.15,186.25,TRADE
VIC1,2025-08-16 17:00:00,6470.44,198.3,TRADE
VIC1,2025-08-16 17:05:00,6455.68,140.87,TRADE
VIC1,2025-08-16 17:10:00,6616.07,243.03,TRADE
VIC1,2025-08-16 17:15:00,6635.78,166.66,TRADE
VIC1,2025-08-16 17:20:00,6659.6,156.49,TRADE
VIC1,2025-08-16 17:25:00,6836.09,160.0,TRADE
VIC1,2025-08-16 17:30:00,6931.2,193.8,TRADE
VIC1,2025-08-16 17:35:00,6867.28,143.41,TRADE
VIC1,2025-08-16 17:40:00,7059.95,170.22,TRADE
VIC1,2025-08-16 17:45:00,7152.73,173.64,TRADE
VIC1,2025-08-16 17:50:00,7125.13,177.38,TRADE
VIC1,2025-08-16 17:55:00,7236.14,194.67,TRADE
VIC1,2025-08-16 18:00:00,7293.74,178.33,TRADE
VIC1,2025-08-16 18:05:00,7236.21,224.31,TRADE
VIC1,2025-08-16 18:10:00,7287.48,177.8,TRADE
VIC1,2025-08-16 18:15:00,7357.31,242.55,TRADE
VIC1,2025-08-16 18:20:00,7389.54,220.98,TRADE
VIC1,2025-08-16 18:25:00,7355.04,177.7,TRADE
VIC1,2025-08-16 18:30:00,7347.85,220.1,TRADE
VIC1,2025-08-16 18:35:00,7394.54,223.0,TRADE
VIC1,2025-08-16 18:40:00,7411.65,224.25,TRADE
VIC1,2025-08-16 18:45:00,7328.1,223.32,TRADE
VIC1,2025-08-16 18:50:00,7389.36,222.04,TRADE
VIC1,2025-08-16 18:55:00,7362.69,196.86,TRADE
VIC1,2025-08-16 19:00:00,7338.21,222.74,TRADE
VIC1,2025-08-16 19:05:00,7353.09,195.97,TRADE
VIC1,2025-08-16 19:10:00,7227.62,212.41,TRADE
VIC1,2025-08-16 19:15:00,7282.03,245.45,TRADE
VIC1,2025-08-16 19:20:00,7270.47,195.27,TRADE
VIC1,2025-08-16 19:25:00,7195.57,219.23,TRADE
VIC1,2025-08-16 19:30:00,7216.71,195.51,TRADE
VIC1,2025-08-16 19:35:00,7208.71,188.36,TRADE
VIC1,2025-08-16 19:40:00,7191.09,177.33,TRADE
VIC1,2025-08-16 19:45:00,7189.37,194.65,TRADE
VIC1,2025-08-16 19:50:00,7117.21,245.45,TRADE
VIC1,2025-08-16 19:55:00,7072.61,197.28,TRADE
VIC1,2025-08-16 20:00:00,7103.13,195.07,TRADE
VIC1,2025-08-16 20:05:00,7102.25,180.5,TRADE
VIC1,2025-08-16 20:10:00,6985.24,192.9,TRADE
VIC1,2025-08-16 20:15:00,7047.51,215.31,TRADE
VIC1,2025-08-16 20:20:00,7014.14,197.29,TRADE
VIC1,2025-08-16 20:25:00,6993.94,227.97,TRADE
VIC1,2025-08-16 20:30:00,6897.65,194.08,TRADE
VIC1,2025-08-16 20:35:00,6879.97,193.48,TRADE
VIC1,2025-08-16 20:40:00,6908.06,205.84,TRADE
VIC1,2025-08-16 20:45:00,6882.29,216.05,TRADE
VIC1,2025-08-16 20:50:00,6849.16,195.84,TRADE
VIC1,2025-08-16 20:55:00,6841.22,195.4,TRADE
VIC1,2025-08-16 21:00:00,6831.96,185.17,TRADE
VIC1,2025-08-16 21:05:00,6800.54,179.09,TRADE
VIC1,2025-08-16 21:10:00,6704.43,166.52,TRADE
VIC1,2025-08-16 21:15:00,6668.97,164.11,TRADE
VIC1,2025-08-16 21:20:00,6719.45,138.94,TRADE
VIC1,2025-08-16 21:25:00,6714.37,141.49,TRADE
VIC1,2025-08-16 21:30:00,6685.63,129.67,TRADE
VIC1,2025-08-16 21:35:00,6686.46,167.96,TRADE
VIC1,2025-08-16 21:40:00,6654.03,181.14,TRADE
VIC1,2025-08-16 21:45:00,6519.29,166.42,TRADE
VIC1,2025-08-16 21:50:00,6487.22,143.34,TRADE
VIC1,2025-08-16 21:55:00,6492.45,166.42,TRADE
VIC1,2025-08-16 22:00:00,6387.47,122.02,TRADE
VIC1,2025-08-16 22:05:00,6344.29,163.93,TRADE
VIC1,2025-08-16 22:10:00,6299.05,163.64,TRADE
VIC1,2025-08-16 22:15:00,6284.97,161.37,TRADE
VIC1,2025-08-16 22:20:00,6248.1,121.64,TRADE
VIC1,2025-08-16 22:25:00,6290.3,122.02,TRADE
VIC1,2025-08-16 22:30:00,6240.16,97.0,TRADE
VIC1,2025-08-16 22:35:00,6118.87,109.0,TRADE
VIC1,2025-08-16 22:40:00,6177.71,123.41,TRADE
VIC1,2025-08-16 22:45:00,6153.11,117.17,TRADE
VIC1,2025-08-16 22:50:00,6100.81,105.35,TRADE
VIC1,2025-08-16 22:55:00,6079.48,90.67,TRADE
VIC1,2025-08-16 23:00:00,5961.72,82.31,TRADE
VIC1,2025-08-16 23:05:00,5898.12,89.19,TRADE
VIC1,2025-08-16 23:10:00,5988.57,110.62,TRADE
VIC1,2025-08-16 23:15:00,6086.24,109.96,TRADE
VIC1,2025-08-16 23:20:00,6073.65,91.45,TRADE
VIC1,2025-08-16 23:25:00,6040.06,82.58,TRADE
VIC1,2025-08-16 23:30:00,5988.92,86.42,TRADE
VIC1,2025-08-16 23:35:00,5985.58,87.23,TRADE
VIC1,2025-08-16 23:40:00,5987.92,103.98,TRADE
VIC1,2025-08-16 23:45:00,5908.51,81.86,TRADE
VIC1,2025-08-16 23:50:00,5778.47,80.46,TRADE
VIC1,2025-08-16 23:55:00,5784.96,87.94,TRADE
VIC1,2025-08-17 00:00:00,5855.58,81.63,TRADE
VIC1,2025-08-17 00:05:00,5783.48,81.14,TRADE
VIC1,2025-08-17 00:10:00,5745.42,81.51,TRADE
VIC1,2025-08-17 00:15:00,5743.15,82.47,TRADE
VIC1,2025-08-17 00:20:00,5693.67,81.35,TRADE
VIC1,2025-08-17 00:25:00,5651.04,80.05,TRADE
VIC1,2025-08-17 00:30:00,5553.59,78.21,TRADE
VIC1,2025-08-17 00:35:00,5534.85,78.97,TRADE
VIC1,2025-08-17 00:40:00,5615.16,85.97,TRADE
VIC1,2025-08-17 00:45:00,5564.35,80.58,TRADE
VIC1,2025-08-17 00:50:00,5528.79,79.39,TRADE
VIC1,2025-08-17 00:55:00,5566.59,83.46,TRADE
VIC1,2025-08-17 01:00:00,5531.47,80.27,TRADE
VIC1,2025-08-17 01:05:00,5514.18,90.08,TRADE
VIC1,2025-08-17 01:10:00,5445.57,80.96,TRADE
VIC1,2025-08-17 01:15:00,5380.14,80.43,TRADE
VIC1,2025-08-17 01:20:00,5427.11,83.03,TRADE
VIC1,2025-08-17 01:25:00,5394.24,80.36,TRADE
VIC1,2025-08-17 01:30:00,5327.56,79.83,TRADE
VIC1,2025-08-17 01:35:00,5305.83,79.66,TRADE
VIC1,2025-08-17 01:40:00,5288.61,78.7,TRADE
VIC1,2025-08-17 01:45:00,5258.92,79.39,TRADE
VIC1,2025-08-17 01:50:00,5163.31,77.67,TRADE
VIC1,2025-08-17 01:55:00,5131.89,76.78,TRADE
VIC1,2025-08-17 02:00:00,5198.69,78.07,TRADE
VIC1,2025-08-17 02:05:00,5204.83,79.49,TRADE
VIC1,2025-08-17 02:10:00,5178.34,83.78,TRADE
VIC1,2025-08-17 02:15:00,5091.34,79.39,TRADE
VIC1,2025-08-17 02:20:00,5105.91,80.94,TRADE
VIC1,2025-08-17 02:25:00,5019.21,78.5,TRADE
VIC1,2025-08-17 02:30:00,4969.78,77.67,TRADE
VIC1,2025-08-17 02:35:00,5023.59,78.8,TRADE
VIC1,2025-08-17 02:40:00,4967.65,78.5,TRADE
VIC1,2025-08-17 02:45:00,4977.57,78.93,TRADE
VIC1,2025-08-17 02:50:00,4980.01,79.34,TRADE
VIC1,2025-08-17 02:55:00,4973.61,80.29,TRADE
VIC1,2025-08-17 03:00:00,4934.13,79.08,TRADE
VIC1,2025-08-17 03:05:00,4926.17,80.08,TRADE
VIC1,2025-08-17 03:10:00,4950.15,86.63,TRADE
VIC1,2025-08-17 03:15:00,4951.16,83.71,TRADE
VIC1,2025-08-17 03:20:00,4859.72,77.67,TRADE
VIC1,2025-08-17 03:25:00,4924.53,80.85,TRADE
VIC1,2025-08-17 03:30:00,4924.55,85.0,TRADE
VIC1,2025-08-17 03:35:00,4821.61,78.33,TRADE
VIC1,2025-08-17 03:40:00,4906.75,81.54,TRADE
VIC1,2025-08-17 03:45:00,4899.56,85.5,TRADE
VIC1,2025-08-17 03:50:00,4884.26,84.11,TRADE
VIC1,2025-08-17 03:55:00,4867.59,78.13,TRADE
VIC1,2025-08-17 04:00:00,4787.44,76.71,TRADE
VIC1,2025-08-17 04:05:00,4879.18,84.6,TRADE
VIC1,2025-08-17 04:10:00,4866.73,85.98,TRADE
VIC1,2025-08-17 04:15:00,4867.59,83.24,TRADE
VIC1,2025-08-17 04:20:00,4891.66,78.85,TRADE
VIC1,2025-08-17 04:25:00,4889.23,82.06,TRADE
VIC1,2025-08-17 04:30:00,4905.04,81.01,TRADE
VIC1,2025-08-17 04:35:00,4896.72,80.61,TRADE
VIC1,2025-08-17 04:40:00,4828.02,80.0,TRADE
VIC1,2025-08-17 04:45:00,4873.91,83.06,TRADE
VIC1,2025-08-17 04:50:00,4910.05,83.24,TRADE
VIC1,2025-08-17 04:55:00,4881.03,81.22,TRADE
VIC1,2025-08-17 05:00:00,4947.05,81.75,TRADE
VIC1,2025-08-17 05:05:00,4943.95,83.02,TRADE
VIC1,2025-08-17 05:10:00,4969.89,85.68,TRADE
VIC1,2025-08-17 05:15:00,4969.77,87.26,TRADE
VIC1,2025-08-17 05:20:00,4984.3,83.02,TRADE
VIC1,2025-08-17 05:25:00,4905.75,79.56,TRADE
VIC1,2025-08-17 05:30:00,4961.69,90.0,TRADE
VIC1,2025-08-17 05:35:00,5009.53,81.61,TRADE
VIC1,2025-08-17 05:40:00,5070.46,78.19,TRADE
VIC1,2025-08-17 05:45:00,5077.85,75.89,TRADE
VIC1,2025-08-17 05:50:00,5048.45,85.33,TRADE
VIC1,2025-08-17 05:55:00,5098.99,91.33,TRADE
VIC1,2025-08-17 06:00:00,5095.8,81.48,TRADE
VIC1,2025-08-17 06:05:00,5074.21,76.3,TRADE
VIC1,2025-08-17 06:10:00,5121.43,80.67,TRADE
VIC1,2025-08-17 06:15:00,5135.8,81.16,TRADE
VIC1,2025-08-17 06:20:00,5138.07,83.1,TRADE
VIC1,2025-08-17 06:25:00,5224.52,90.4,TRADE
VIC1,2025-08-17 06:30:00,5188.81,104.18,TRADE
VIC1,2025-08-17 06:35:00,5302.68,97.1,TRADE
VIC1,2025-08-17 06:40:00,5381.96,107.46,TRADE
VIC1,2025-08-17 06:45:00,5415.64,111.27,TRADE
VIC1,2025-08-17 06:50:00,5494.11,154.38,TRADE
VIC1,2025-08-17 06:55:00,5415.72,87.97,TRADE
VIC1,2025-08-17 07:00:00,5497.78,176.34,TRADE
VIC1,2025-08-17 07:05:00,5508.49,161.99,TRADE
VIC1,2025-08-17 07:10:00,5512.28,80.0,TRADE
VIC1,2025-08-17 07:15:00,5629.62,89.58,TRADE
VIC1,2025-08-17 07:20:00,5697.28,123.44,TRADE
VIC1,2025-08-17 07:25:00,5788.61,135.17,TRADE
VIC1,2025-08-17 07:30:00,5812.38,178.94,TRADE
VIC1,2025-08-17 07:35:00,5812.58,132.72,TRADE
VIC1,2025-08-17 07:40:00,5888.57,191.31,TRADE
VIC1,2025-08-17 07:45:00,5901.2,132.72,TRADE
VIC1,2025-08-17 07:50:00,5948.75,132.72,TRADE
VIC1,2025-08-17 07:55:00,5936.29,132.72,TRADE
VIC1,2025-08-17 08:00:00,5867.34,120.83,TRADE
VIC1,2025-08-17 08:05:00,5883.46,101.69,TRADE
VIC1,2025-08-17 08:10:00,5984.32,144.09,TRADE
VIC1,2025-08-17 08:15:00,5954.17,101.19,TRADE
VIC1,2025-08-17 08:20:00,5926.91,141.37,TRADE
VIC1,2025-08-17 08:25:00,5939.95,148.39,TRADE
VIC1,2025-08-17 08:30:00,5889.52,132.72,TRADE
VIC1,2025-08-17 08:35:00,5880.6,135.7,TRADE
VIC1,2025-08-17 08:40:00,5813.44,146.84,TRADE
VIC1,2025-08-17 08:45:00,5857.92,132.72,TRADE
VIC1,2025-08-17 08:50:00,5826.77,75.8,TRADE
VIC1,2025-08-17 08:55:00,5799.03,76.76,TRADE
VIC1,2025-08-17 09:00:00,5833.85,75.86,TRADE
VIC1,2025-08-17 09:05:00,5831.42,132.72,TRADE
VIC1,2025-08-17 09:10:00,5806.27,132.72,TRADE
VIC1,2025-08-17 09:15:00,5774.58,83.66,TRADE
VIC1,2025-08-17 09:20:00,5662.22,75.8,TRADE
VIC1,2025-08-17 09:25:00,5651.28,110.78,TRADE
VIC1,2025-08-17 09:30:00,5664.74,132.72,TRADE
VIC1,2025-08-17 09:35:00,5599.87,77.77,TRADE
VIC1,2025-08-17 09:40:00,5589.83,74.68,TRADE
VIC1,2025-08-17 09:45:00,5540.22,75.8,TRADE
VIC1,2025-08-17 09:50:00,5517.6,75.51,TRADE
VIC1,2025-08-17 09:55:00,5472.38,74.72,TRADE
VIC1,2025-08-17 10:00:00,5357.28,73.47,TRADE
VIC1,2025-08-17 10:05:00,5349.12,83.55,TRADE
VIC1,2025-08-17 10:10:00,5386.82,132.72,TRADE
VIC1,2025-08-17 10:15:00,5246.39,78.5,TRADE
VIC1,2025-08-17 10:20:00,5245.91,78.29,TRADE
VIC1,2025-08-17 10:25:00,5114.35,75.45,TRADE
VIC1,2025-08-17 10:30:00,5061.44,73.85,TRADE
VIC1,2025-08-17 10:35:00,4995.85,73.47,TRADE
VIC1,2025-08-17 10:40:00,4949.46,72.16,TRADE
VIC1,2025-08-17 10:45:00,4782.82,48.19,TRADE
VIC1,2025-08-17 10:50:00,4669.08,34.91,TRADE
VIC1,2025-08-17 10:55:00,4663.59,34.13,TRADE
VIC1,2025-08-17 11:00:00,4612.58,20.04,TRADE
VIC1,2025-08-17 11:05:00,4461.42,20.04,TRADE
VIC1,2025-08-17 11:10:00,4464.84,19.0,TRADE
VIC1,2025-08-17 11:15:00,4485.53,20.04,TRADE
VIC1,2025-08-17 11:20:00,4420.45,19.99,TRADE
VIC1,2025-08-17 11:25:00,4419.91,20.04,TRADE
VIC1,2025-08-17 11:30:00,4423.45,20.04,TRADE
VIC1,2025-08-17 11:35:00,4349.75,19.0,TRADE
VIC1,2025-08-17 11:40:00,4425.58,19.7,TRADE
VIC1,2025-08-17 11:45:00,4380.08,43.52,TRADE
VIC1,2025-08-17 11:50:00,4297.4,19.0,TRADE
VIC1,2025-08-17 11:55:00,4299.56,19.0,TRADE
VIC1,2025-08-17 12:00:00,4283.69,48.19,TRADE
VIC1,2025-08-17 12:05:00,4320.37,37.88,TRADE
VIC1,2025-08-17 12:10:00,4299.18,31.57,TRADE
VIC1,2025-08-17 12:15:00,4289.03,34.91,TRADE
VIC1,2025-08-17 12:20:00,4371.56,34.91,TRADE
VIC1,2025-08-17 12:25:00,4439.14,20.07,TRADE
VIC1,2025-08-17 12:30:00,4404.65,20.04,TRADE
VIC1,2025-08-17 12:35:00,4488.09,10.72,TRADE
VIC1,2025-08-17 12:40:00,4561.56,10.53,TRADE
VIC1,2025-08-17 12:45:00,4601.85,19.0,TRADE
VIC1,2025-08-17 12:50:00,4558.44,10.49,TRADE
VIC1,2025-08-17 12:55:00,4582.57,19.0,TRADE
VIC1,2025-08-17 13:00:00,4715.43,20.04,TRADE
VIC1,2025-08-17 13:05:00,4745.1,20.04,TRADE
VIC1,2025-08-17 13:10:00,4775.38,78.24,TRADE
VIC1,2025-08-17 13:15:00,4789.45,39.5,TRADE
VIC1,2025-08-17 13:20:00,4873.53,39.91,TRADE
VIC1,2025-08-17 13:25:00,4910.73,76.16,TRADE
VIC1,2025-08-17 13:30:00,4819.61,39.95,TRADE
VIC1,2025-08-17 13:35:00,4852.8,39.3,TRADE
VIC1,2025-08-17 13:40:00,4975.17,45.83,TRADE
VIC1,2025-08-17 13:45:00,4982.96,70.12,TRADE
VIC1,2025-08-17 13:50:00,4979.42,49.24,TRADE
VIC1,2025-08-17 13:55:00,4985.71,70.12,TRADE
VIC1,2025-08-17 14:00:00,5011.81,70.12,TRADE
VIC1,2025-08-17 14:05:00,5013.91,90.0,TRADE
VIC1,2025-08-17 14:10:00,4892.93,90.0,TRADE
VIC1,2025-08-17 14:15:00,5017.3,50.74,TRADE
VIC1,2025-08-17 14:20:00,5045.45,75.8,TRADE
VIC1,2025-08-17 14:25:00,4969.87,49.97,TRADE
VIC1,2025-08-17 14:30:00,5063.96,49.99,TRADE
VIC1,2025-08-17 14:35:00,5034.76,50.48,TRADE
VIC1,2025-08-17 14:40:00,5101.36,50.65,TRADE
VIC1,2025-08-17 14:45:00,5079.55,86.39,TRADE
VIC1,2025-08-17 14:50:00,5034.83,86.39,TRADE
VIC1,2025-08-17 14:55:00,5163.76,87.48,TRADE
VIC1,2025-08-17 15:00:00,5193.48,80.0,TRADE
VIC1,2025-08-17 15:05:00,5168.73,81.87,TRADE
VIC1,2025-08-17 15:10:00,5236.71,86.39,TRADE
VIC1,2025-08-17 15:15:00,5227.47,80.0,TRADE
VIC1,2025-08-17 15:20:00,5284.57,107.07,TRADE
VIC1,2025-08-17 15:25:00,5295.29,75.8,TRADE
VIC1,2025-08-17 15:30:00,5229.73,86.28,TRADE
VIC1,2025-08-17 15:35:00,5305.32,75.8,TRADE
VIC1,2025-08-17 15:40:00,5365.76,97.67,TRADE
VIC1,2025-08-17 15:45:00,5470.92,183.01,TRADE
VIC1,2025-08-17 15:50:00,5508.71,85.04,TRADE
VIC1,2025-08-17 15:55:00,5501.28,137.16,TRADE
VIC1,2025-08-17 16:00:00,5647.7,133.81,TRADE
VIC1,2025-08-17 16:05:00,5660.44,141.78,TRADE
VIC1,2025-08-17 16:10:00,5732.44,119.88,TRADE
VIC1,2025-08-17 16:15:00,5791.53,123.98,TRADE
VIC1,2025-08-17 16:20:00,5777.42,122.02,TRADE
VIC1,2025-08-17 16:25:00,5921.54,158.0,TRADE
VIC1,2025-08-17 16:30:00,5972.97,122.02,TRADE
VIC1,2025-08-17 16:35:00,5986.4,122.02,TRADE
VIC1,2025-08-17 16:40:00,6165.74,182.01,TRADE
VIC1,2025-08-17 16:45:00,6241.04,192.92,TRADE
VIC1,2025-08-17 16:50:00,6338.19,173.95,TRADE
VIC1,2025-08-17 16:55:00,6419.56,178.61,TRADE
VIC1,2025-08-17 17:00:00,6428.53,223.36,TRADE
VIC1,2025-08-17 17:05:00,6453.2,183.85,TRADE
VIC1,2025-08-17 17:10:00,6575.15,168.2,TRADE
VIC1,2025-08-17 17:15:00,6695.4,223.72,TRADE
VIC1,2025-08-17 17:20:00,6759.48,188.44,TRADE
VIC1,2025-08-17 17:25:00,6791.25,173.85,TRADE
VIC1,2025-08-17 17:30:00,6945.87,227.81,TRADE
VIC1,2025-08-17 17:35:00,6979.38,223.36,TRADE
VIC1,2025-08-17 17:40:00,7087.7,183.9,TRADE
VIC1,2025-08-17 17:45:00,7160.6,223.36,TRADE
VIC1,2025-08-17 17:50:00,7097.11,195.11,TRADE
VIC1,2025-08-17 17:55:00,7161.68,226.62,TRADE
VIC1,2025-08-17 18:00:00,7263.45,245.45,TRADE
VIC1,2025-08-17 18:05:00,7253.66,224.49,TRADE
VIC1,2025-08-17 18:10:00,7288.8,222.64,TRADE
VIC1,2025-08-17 18:15:00,7428.97,246.48,TRADE
VIC1,2025-08-17 18:20:00,7417.98,245.45,TRADE
VIC1,2025-08-17 18:25:00,7477.55,246.94,TRADE
VIC1,2025-08-17 18:30:00,7449.88,246.94,TRADE
VIC1,2025-08-17 18:35:00,7356.5,270.82,TRADE
VIC1,2025-08-17 18:40:00,7414.98,245.45,TRADE
VIC1,2025-08-17 18:45:00,7373.27,279.09,TRADE
VIC1,2025-08-17 18:50:00,7385.94,287.26,TRADE
VIC1,2025-08-17 18:55:00,7374.52,298.0,TRADE
VIC1,2025-08-17 19:00:00,7346.45,273.95,TRADE
VIC1,2025-08-17 19:05:00,7332.95,283.86,TRADE
VIC1,2025-08-17 19:10:00,7345.68,246.94,TRADE
VIC1,2025-08-17 19:15:00,7224.64,217.49,TRADE
VIC1,2025-08-17 19:20:00,7230.38,240.0,TRADE
VIC1,2025-08-17 19:25:00,7247.83,277.93,TRADE
VIC1,2025-08-17 19:30:00,7226.54,240.0,TRADE
VIC1,2025-08-17 19:35:00,7180.72,246.94,TRADE
VIC1,2025-08-17 19:40:00,7160.18,240.0,TRADE
VIC1,2025-08-17 19:45:00,7216.16,237.27,TRADE
VIC1,2025-08-17 19:50:00,7211.08,195.11,TRADE
VIC1,2025-08-17 19:55:00,7127.13,237.42,TRADE
VIC1,2025-08-17 20:00:00,7087.42,193.47,TRADE
VIC1,2025-08-17 20:05:00,7022.56,210.86,TRADE
VIC1,2025-08-17 20:10:00,7028.18,195.39,TRADE
VIC1,2025-08-17 20:15:00,7033.95,162.01,TRADE
VIC1,2025-08-17 20:20:00,7027.44,172.51,TRADE
VIC1,2025-08-17 20:25:00,7023.5,165.13,TRADE
VIC1,2025-08-17 20:30:00,7015.41,181.61,TRADE
VIC1,2025-08-17 20:35:00,6972.97,157.48,TRADE
VIC1,2025-08-17 20:40:00,6931.05,240.0,TRADE
VIC1,2025-08-17 20:45:00,6912.59,221.95,TRADE
VIC1,2025-08-17 20:50:00,6819.07,198.1,TRADE
VIC1,2025-08-17 20:55:00,6750.59,220.99,TRADE
VIC1,2025-08-17 21:00:00,6702.44,205.08,TRADE
VIC1,2025-08-17 21:05:00,6665.75,208.23,TRADE
VIC1,2025-08-17 21:10:00,6637.36,218.07,TRADE
VIC1,2025-08-17 21:15:00,6644.22,195.98,TRADE
VIC1,2025-08-17 21:20:00,6639.05,172.66,TRADE
VIC1,2025-08-17 21:25:00,6544.3,191.59,TRADE
VIC1,2025-08-17 21:30:00,6541.81,169.26,TRADE
VIC1,2025-08-17 21:35:00,6501.52,171.02,TRADE
VIC1,2025-08-17 21:40:00,6446.7,192.92,TRADE
VIC1,2025-08-17 21:45:00,6379.26,191.59,TRADE
VIC1,2025-08-17 21:50:00,6236.8,147.55,TRADE
VIC1,2025-08-17 21:55:00,6211.44,173.33,TRADE
VIC1,2025-08-17 22:00:00,6151.54,158.0,TRADE
VIC1,2025-08-17 22:05:00,6136.76,168.08,TRADE
VIC1,2025-08-17 22:10:00,6070.92,158.0,TRADE
VIC1,2025-08-17 22:15:00,5996.34,144.59,TRADE
VIC1,2025-08-17 22:20:00,5968.99,142.7,TRADE
VIC1,2025-08-17 22:25:00,5923.39,144.37,TRADE
VIC1,2025-08-17 22:30:00,5879.96,142.65,TRADE
VIC1,2025-08-17 22:35:00,5787.26,142.53,TRADE
VIC1,2025-08-17 22:40:00,5741.0,144.45,TRADE
VIC1,2025-08-17 22:45:00,5813.82,158.0,TRADE
VIC1,2025-08-17 22:50:00,5765.57,145.02,TRADE
VIC1,2025-08-17 22:55:00,5646.48,134.92,TRADE
VIC1,2025-08-17 23:00:00,5694.15,140.23,TRADE
VIC1,2025-08-17 23:05:00,5675.45,149.62,TRADE
VIC1,2025-08-17 23:10:00,5775.05,158.0,TRADE
VIC1,2025-08-17 23:15:00,5809.32,158.0,TRADE
VIC1,2025-08-17 23:20:00,5663.64,140.04,TRADE
VIC1,2025-08-17 23:25:00,5761.32,142.22,TRADE
VIC1,2025-08-17 23:30:00,5750.38,138.87,TRADE
VIC1,2025-08-17 23:35:00,5639.84,138.18,TRADE
VIC1,2025-08-17 23:40:00,5650.44,158.0,TRADE
VIC1,2025-08-17 23:45:00,5649.03,159.02,TRADE
VIC1,2025-08-17 23:50:00,5589.59,138.82,TRADE
VIC1,2025-08-17 23:55:00,5560.99,158.0,TRADE
VIC1,2025-08-23 00:00:00,5341.75,108.74,TRADE
VIC1,2025-08-23 00:05:00,5302.09,112.03,TRADE
VIC1,2025-08-23 00:10:00,5228.69,115.18,TRADE
VIC1,2025-08-23 00:15:00,5270.6,114.42,TRADE
VIC1,2025-08-23 00:20:00,5190.44,113.78,TRADE
VIC1,2025-08-23 00:25:00,5165.94,112.89,TRADE
VIC1,2025-08-23 00:30:00,5090.36,113.0,TRADE
VIC1,2025-08-23 00:35:00,5030.94,111.09,TRADE
VIC1,2025-08-23 00:40:00,5010.95,115.54,TRADE
VIC1,2025-08-23 00:45:00,5032.0,114.58,TRADE
VIC1,2025-08-23 00:50:00,5041.99,115.53,TRADE
VIC1,2025-08-23 00:55:00,4928.12,113.0,TRADE
VIC1,2025-08-23 01:00:00,4975.31,113.09,TRADE
VIC1,2025-08-23 01:05:00,4984.86,111.09,TRADE
VIC1,2025-08-23 01:10:00,4954.93,111.44,TRADE
VIC1,2025-08-23 01:15:00,4912.71,110.59,TRADE
VIC1,2025-08-23 01:20:00,4836.86,103.91,TRADE
VIC1,2025-08-23 01:25:00,4819.41,93.71,TRADE
VIC1,2025-08-23 01:30:00,4857.78,96.76,TRADE
VIC1,2025-08-23 01:35:00,4826.76,96.9,TRADE
VIC1,2025-08-23 01:40:00,4776.11,94.96,TRADE
VIC1,2025-08-23 01:45:00,4752.9,92.98,TRADE
VIC1,2025-08-23 01:50:00,4713.03,87.78,TRADE
VIC1,2025-08-23 01:55:00,4708.27,89.31,TRADE
VIC1,2025-08-23 02:00:00,4639.25,82.22,TRADE
VIC1,2025-08-23 02:05:00,4696.53,114.09,TRADE
VIC1,2025-08-23 02:10:00,4683.38,99.99,TRADE
VIC1,2025-08-23 02:15:00,4646.82,99.14,TRADE
VIC1,2025-08-23 02:20:00,4649.31,98.07,TRADE
VIC1,2025-08-23 02:25:00,4607.72,92.23,TRADE
VIC1,2025-08-23 02:30:00,4604.99,92.23,TRADE
VIC1,2025-08-23 02:35:00,4573.54,92.51,TRADE
VIC1,2025-08-23 02:40:00,4506.16,92.23,TRADE
VIC1,2025-08-23 02:45:00,4504.75,90.52,TRADE
VIC1,2025-08-23 02:50:00,4470.83,89.76,TRADE
VIC1,2025-08-23 02:55:00,4509.24,90.52,TRADE
VIC1,2025-08-23 03:00:00,4503.99,92.23,TRADE
VIC1,2025-08-23 03:05:00,4492.74,90.85,TRADE
VIC1,2025-08-23 03:10:00,4506.76,92.23,TRADE
VIC1,2025-08-23 03:15:00,4498.83,92.23,TRADE
VIC1,2025-08-23 03:20:00,4474.68,92.51,TRADE
VIC1,2025-08-23 03:25:00,4421.28,92.1,TRADE
VIC1,2025-08-23 03:30:00,4415.93,91.17,TRADE
VIC1,2025-08-23 03:35:00,4467.69,92.51,TRADE
VIC1,2025-08-23 03:40:00,4482.85,96.29,TRADE
VIC1,2025-08-23 03:45:00,4468.61,92.1,TRADE
VIC1,2025-08-23 03:50:00,4387.19,89.72,TRADE
VIC1,2025-08-23 03:55:00,4483.65,92.51,TRADE
VIC1,2025-08-23 04:00:00,4459.25,92.51,TRADE
VIC1,2025-08-23 04:05:00,4454.25,87.26,TRADE
VIC1,2025-08-23 04:10:00,4421.87,93.22,TRADE
VIC1,2025-08-23 04:15:00,4376.1,84.8,TRADE
VIC1,2025-08-23 04:20:00,4385.57,83.16,TRADE
VIC1,2025-08-23 04:25:00,4474.45,84.22,TRADE
VIC1,2025-08-23 04:30:00,4473.99,87.67,TRADE
VIC1,2025-08-23 04:35:00,4432.02,88.2,TRADE
VIC1,2025-08-23 04:40:00,4464.25,82.19,TRADE
VIC1,2025-08-23 04:45:00,4511.74,84.78,TRADE
VIC1,2025-08-23 04:50:00,4478.02,83.79,TRADE
VIC1,2025-08-23 04:55:00,4450.34,84.39,TRADE
VIC1,2025-08-23 05:00:00,4459.64,84.4,TRADE
VIC1,2025-08-23 05:05:00,4487.81,92.18,TRADE
VIC1,2025-08-23 05:10:00,4586.59,92.8,TRADE
VIC1,2025-08-23 05:15:00,4584.2,89.31,TRADE
VIC1,2025-08-23 05:20:00,4586.18,115.86,TRADE
VIC1,2025-08-23 05:25:00,4644.26,110.66,TRADE
VIC1,2025-08-23 05:30:00,4628.12,104.02,TRADE
VIC1,2025-08-23 05:35:00,4664.22,98.82,TRADE
VIC1,2025-08-23 05:40:00,4642.99,104.74,TRADE
VIC1,2025-08-23 05:45:00,4657.32,123.91,TRADE
VIC1,2025-08-23 05:50:00,4735.07,127.5,TRADE
VIC1,2025-08-23 05:55:00,4754.28,120.03,TRADE
VIC1,2025-08-23 06:00:00,4690.82,122.76,TRADE
VIC1,2025-08-23 06:05:00,4788.16,131.4,TRADE
VIC1,2025-08-23 06:10:00,4839.16,132.72,TRADE
VIC1,2025-08-23 06:15:00,4821.91,137.37,TRADE
VIC1,2025-08-23 06:20:00,4853.36,158.97,TRADE
VIC1,2025-08-23 06:25:00,4904.11,138.28,TRADE
VIC1,2025-08-23 06:30:00,5003.32,158.97,TRADE
VIC1,2025-08-23 06:35:00,4965.41,134.33,TRADE
VIC1,2025-08-23 06:40:00,5040.83,135.93,TRADE
VIC1,2025-08-23 06:45:00,5102.35,137.64,TRADE
VIC1,2025-08-23 06:50:00,5162.57,132.86,TRADE
VIC1,2025-08-23 06:55:00,5174.57,132.72,TRADE
VIC1,2025-08-23 07:00:00,5232.57,132.72,TRADE
VIC1,2025-08-23 07:05:00,5294.02,168.04,TRADE
VIC1,2025-08-23 07:10:00,5310.51,169.36,TRADE
VIC1,2025-08-23 07:15:00,5369.98,170.22,TRADE
VIC1,2025-08-23 07:20:00,5293.97,192.84,TRADE
VIC1,2025-08-23 07:25:00,5391.87,223.36,TRADE
VIC1,2025-08-23 07:30:00,5416.2,173.81,TRADE
VIC1,2025-08-23 07:35:00,5438.05,175.02,TRADE
VIC1,2025-08-23 07:40:00,5393.88,195.89,TRADE
VIC1,2025-08-23 07:45:00,5463.52,195.89,TRADE
VIC1,2025-08-23 07:50:00,5438.72,195.89,TRADE
VIC1,2025-08-23 07:55:00,5452.04,184.77,TRADE
VIC1,2025-08-23 08:00:00,5342.03,151.72,TRADE
VIC1,2025-08-23 08:05:00,5404.34,169.69,TRADE
VIC1,2025-08-23 08:10:00,5461.92,172.49,TRADE
VIC1,2025-08-23 08:15:00,5441.9,174.08,TRADE
VIC1,2025-08-23 08:20:00,5357.27,167.35,TRADE
VIC1,2025-08-23 08:25:00,5453.12,171.95,TRADE
VIC1,2025-08-23 08:30:00,5418.88,154.12,TRADE
VIC1,2025-08-23 08:35:00,5082.59,142.74,TRADE
VIC1,2025-08-23 08:40:00,5120.57,144.87,TRADE
VIC1,2025-08-23 08:45:00,5042.09,123.79,TRADE
VIC1,2025-08-23 08:50:00,4941.33,108.37,TRADE
VIC1,2025-08-23 08:55:00,4943.81,110.5,TRADE
VIC1,2025-08-23 09:00:00,4868.1,108.11,TRADE
VIC1,2025-08-23 09:05:00,4863.22,109.16,TRADE
VIC1,2025-08-23 09:10:00,5148.27,168.39,TRADE
VIC1,2025-08-23 09:15:00,4878.67,96.87,TRADE
VIC1,2025-08-23 09:20:00,4862.32,110.41,TRADE
VIC1,2025-08-23 09:25:00,4762.7,75.8,TRADE
VIC1,2025-08-23 09:30:00,4568.44,48.17,TRADE
VIC1,2025-08-23 09:35:00,4566.32,73.93,TRADE
VIC1,2025-08-23 09:40:00,4452.15,46.2,TRADE
VIC1,2025-08-23 09:45:00,4473.71,55.27,TRADE
VIC1,2025-08-23 09:50:00,4514.8,74.19,TRADE
VIC1,2025-08-23 09:55:00,4520.09,48.16,TRADE
VIC1,2025-08-23 10:00:00,4364.72,35.61,TRADE
VIC1,2025-08-23 10:05:00,4459.26,45.63,TRADE
VIC1,2025-08-23 10:10:00,4417.25,55.63,TRADE
VIC1,2025-08-23 10:15:00,4354.31,12.42,TRADE
VIC1,2025-08-23 10:20:00,4310.05,32.59,TRADE
VIC1,2025-08-23 10:25:00,4269.57,34.35,TRADE
VIC1,2025-08-23 10:30:00,4179.5,12.42,TRADE
VIC1,2025-08-23 10:35:00,4136.12,19.0,TRADE
VIC1,2025-08-23 10:40:00,4086.54,32.53,TRADE
VIC1,2025-08-23 10:45:00,4087.77,19.0,TRADE
VIC1,2025-08-23 10:50:00,4029.08,12.42,TRADE
VIC1,2025-08-23 10:55:00,4009.41,33.76,TRADE
VIC1,2025-08-23 11:00:00,3899.53,11.58,TRADE
VIC1,2025-08-23 11:05:00,3977.44,28.97,TRADE
VIC1,2025-08-23 11:10:00,3984.55,37.88,TRADE
VIC1,2025-08-23 11:15:00,3823.09,11.52,TRADE
VIC1,2025-08-23 11:20:00,3842.61,31.27,TRADE
VIC1,2025-08-23 11:25:00,3882.72,33.18,TRADE
VIC1,2025-08-23 11:30:00,3796.9,19.0,TRADE
VIC1,2025-08-23 11:35:00,3696.85,19.0,TRADE
VIC1,2025-08-23 11:40:00,3681.59,36.22,TRADE
VIC1,2025-08-23 11:45:00,3711.31,31.51,TRADE
VIC1,2025-08-23 11:50:00,3639.46,10.17,TRADE
VIC1,2025-08-23 11:55:00,3668.6,20.04,TRADE
VIC1,2025-08-23 12:00:00,3685.83,20.04,TRADE
VIC1,2025-08-23 12:05:00,3650.97,19.1,TRADE
VIC1,2025-08-23 12:10:00,3695.95,30.01,TRADE
VIC1,2025-08-23 12:15:00,3635.81,19.0,TRADE
VIC1,2025-08-23 12:20:00,3675.83,20.04,TRADE
VIC1,2025-08-23 12:25:00,3679.11,20.04,TRADE
VIC1,2025-08-23 12:30:00,3657.48,29.01,TRADE
VIC1,2025-08-23 12:35:00,3629.32,20.04,TRADE
VIC1,2025-08-23 12:40:00,3602.18,33.53,TRADE
VIC1,2025-08-23 12:45:00,3529.02,20.04,TRADE
VIC1,2025-08-23 12:50:00,3476.45,32.87,TRADE
VIC1,2025-08-23 12:55:00,3369.26,28.79,TRADE
VIC1,2025-08-23 13:00:00,3296.13,31.3,TRADE
VIC1,2025-08-23 13:05:00,3267.93,20.04,TRADE
VIC1,2025-08-23 13:10:00,3231.46,12.42,TRADE
VIC1,2025-08-23 13:15:00,3247.18,32.39,TRADE
VIC1,2025-08-23 13:20:00,3237.11,32.33,TRADE
VIC1,2025-08-23 13:25:00,3225.97,19.0,TRADE
VIC1,2025-08-23 13:30:00,3220.68,19.23,TRADE
VIC1,2025-08-23 13:35:00,3148.31,31.47,TRADE
VIC1,2025-08-23 13:40:00,3165.33,27.89,TRADE
VIC1,2025-08-23 13:45:00,3183.05,27.23,TRADE
VIC1,2025-08-23 13:50:00,3159.34,20.46,TRADE
VIC1,2025-08-23 13:55:00,3168.67,20.04,TRADE
VIC1,2025-08-23 14:00:00,3111.0,20.88,TRADE
VIC1,2025-08-23 14:05:00,3086.58,11.52,TRADE
VIC1,2025-08-23 14:10:00,3099.73,-11.0,TRADE
VIC1,2025-08-23 14:15:00,2999.0,0.0,TRADE
VIC1,2025-08-23 14:20:00,2958.18,0.01,TRADE
VIC1,2025-08-23 14:25:00,3054.94,20.0,TRADE
VIC1,2025-08-23 14:30:00,3059.47,0.01,TRADE
VIC1,2025-08-23 14:35:00,3092.5,0.97,TRADE
VIC1,2025-08-23 14:40:00,3163.11,8.95,TRADE
VIC1,2025-08-23 14:45:00,3208.35,18.99,TRADE
VIC1,2025-08-23 14:50:00,3154.95,0.01,TRADE
VIC1,2025-08-23 14:55:00,3254.93,0.0,TRADE
VIC1,2025-08-23 15:00:00,3278.56,8.95,TRADE
VIC1,2025-08-23 15:05:00,3286.13,0.01,TRADE
VIC1,2025-08-23 15:10:00,3433.62,20.0,TRADE
VIC1,2025-08-23 15:15:00,3424.21,8.95,TRADE
VIC1,2025-08-23 15:20:00,3389.7,8.95,TRADE
VIC1,2025-08-23 15:25:00,3503.54,13.19,TRADE
VIC1,2025-08-23 15:30:00,3602.69,31.16,TRADE
VIC1,2025-08-23 15:35:00,3699.61,19.1,TRADE
VIC1,2025-08-23 15:40:00,3720.34,20.04,TRADE
VIC1,2025-08-23 15:45:00,3814.23,36.05,TRADE
VIC1,2025-08-23 15:50:00,3903.95,54.39,TRADE
VIC1,2025-08-23 15:55:00,3963.85,48.3,TRADE
VIC1,2025-08-23 16:00:00,3983.39,48.69,TRADE
VIC1,2025-08-23 16:05:00,4111.84,20.05,TRADE
VIC1,2025-08-23 16:10:00,4223.03,30.76,TRADE
VIC1,2025-08-23 16:15:00,4331.08,48.73,TRADE
VIC1,2025-08-23 16:20:00,4339.51,49.01,TRADE
VIC1,2025-08-23 16:25:00,4532.36,91.75,TRADE
VIC1,2025-08-23 16:30:00,4654.82,170.12,TRADE
VIC1,2025-08-23 16:35:00,4689.29,105.37,TRADE
VIC1,2025-08-23 16:40:00,4820.62,111.69,TRADE
VIC1,2025-08-23 16:45:00,4856.69,118.01,TRADE
VIC1,2025-08-23 16:50:00,4952.32,115.92,TRADE
VIC1,2025-08-23 16:55:00,5106.93,174.92,TRADE
VIC1,2025-08-23 17:00:00,5122.47,180.84,TRADE
VIC1,2025-08-23 17:05:00,5304.69,114.67,TRADE
VIC1,2025-08-23 17:10:00,5455.16,120.95,TRADE
VIC1,2025-08-23 17:15:00,5525.11,140.28,TRADE
VIC1,2025-08-23 17:20:00,5553.48,132.72,TRADE
VIC1,2025-08-23 17:25:00,5664.25,152.67,TRADE
VIC1,2025-08-23 17:30:00,5736.57,158.97,TRADE
VIC1,2025-08-23 17:35:00,5819.34,132.42,TRADE
VIC1,2025-08-23 17:40:00,5842.12,155.1,TRADE
VIC1,2025-08-23 17:45:00,5990.17,143.18,TRADE
VIC1,2025-08-23 17:50:00,5968.14,145.99,TRADE
VIC1,2025-08-23 17:55:00,6066.22,157.25,TRADE
VIC1,2025-08-23 18:00:00,6154.58,158.97,TRADE
VIC1,2025-08-23 18:05:00,6245.77,140.55,TRADE
VIC1,2025-08-23 18:10:00,6306.54,161.28,TRADE
VIC1,2025-08-23 18:15:00,6371.68,158.32,TRADE
VIC1,2025-08-23 18:20:00,6385.05,134.79,TRADE
VIC1,2025-08-23 18:25:00,6435.36,158.97,TRADE
VIC1,2025-08-23 18:30:00,6364.33,161.84,TRADE
VIC1,2025-08-23 18:35:00,6463.36,130.2,TRADE
VIC1,2025-08-23 18:40:00,6520.72,168.38,TRADE
VIC1,2025-08-23 18:45:00,6506.5,132.72,TRADE
VIC1,2025-08-23 18:50:00,6504.14,140.55,TRADE
VIC1,2025-08-23 18:55:00,6486.77,158.97,TRADE
VIC1,2025-08-23 19:00:00,6484.53,170.22,TRADE
VIC1,2025-08-23 19:05:00,6438.37,144.52,TRADE
VIC1,2025-08-23 19:10:00,6377.07,177.2,TRADE
VIC1,2025-08-23 19:15:00,6353.04,167.13,TRADE
VIC1,2025-08-23 19:20:00,6400.4,175.21,TRADE
VIC1,2025-08-23 19:25:00,6399.15,140.95,TRADE
VIC1,2025-08-23 19:30:00,6408.83,136.99,TRADE
VIC1,2025-08-23 19:35:00,6411.58,175.18,TRADE
VIC1,2025-08-23 19:40:00,6369.48,170.22,TRADE
VIC1,2025-08-23 19:45:00,6362.1,135.3,TRADE
VIC1,2025-08-23 19:50:00,6343.37,158.97,TRADE
VIC1,2025-08-23 19:55:00,6299.94,170.22,TRADE
VIC1,2025-08-23 20:00:00,6346.33,167.84,TRADE
VIC1,2025-08-23 20:05:00,6344.62,163.31,TRADE
VIC1,2025-08-23 20:10:00,6303.88,167.84,TRADE
VIC1,2025-08-23 20:15:00,6344.46,170.22,TRADE
VIC1,2025-08-23 20:20:00,6353.43,175.78,TRADE
VIC1,2025-08-23 20:25:00,6333.7,166.09,TRADE
VIC1,2025-08-23 20:30:00,6311.21,156.83,TRADE
VIC1,2025-08-23 20:35:00,6238.34,156.03,TRADE
VIC1,2025-08-23 20:40:00,6314.97,172.17,TRADE
VIC1,2025-08-23 20:45:00,6280.68,183.9,TRADE
VIC1,2025-08-23 20:50:00,6265.7,224.21,TRADE
VIC1,2025-08-23 20:55:00,6271.1,264.23,TRADE
VIC1,2025-08-23 21:00:00,6227.68,176.74,TRADE
VIC1,2025-08-23 21:05:00,6146.46,170.62,TRADE
VIC1,2025-08-23 21:10:00,6179.57,183.9,TRADE
VIC1,2025-08-23 21:15:00,6077.67,180.84,TRADE
VIC1,2025-08-23 21:20:00,6094.45,270.82,TRADE
VIC1,2025-08-23 21:25:00,6075.32,261.84,TRADE
VIC1,2025-08-23 21:30:00,6102.6,263.87,TRADE
VIC1,2025-08-23 21:35:00,6099.6,225.91,TRADE
VIC1,2025-08-23 21:40:00,6082.49,299.29,TRADE
VIC1,2025-08-23 21:45:00,6053.32,308.84,TRADE
VIC1,2025-08-23 21:50:00,6024.76,195.3,TRADE
VIC1,2025-08-23 21:55:00,6013.03,188.62,TRADE
VIC1,2025-08-23 22:00:00,5903.92,180.31,TRADE
VIC1,2025-08-23 22:05:00,5870.03,181.71,TRADE
VIC1,2025-08-23 22:10:00,5883.31,183.11,TRADE
VIC1,2025-08-23 22:15:00,5909.37,184.21,TRADE
VIC1,2025-08-23 22:20:00,5868.38,182.68,TRADE
VIC1,2025-08-23 22:25:00,5814.81,169.21,TRADE
VIC1,2025-08-23 22:30:00,5856.49,167.67,TRADE
VIC1,2025-08-23 22:35:00,5818.73,158.97,TRADE
VIC1,2025-08-23 22:40:00,5796.61,158.97,TRADE
VIC1,2025-08-23 22:45:00,5710.3,149.15,TRADE
VIC1,2025-08-23 22:50:00,5700.01,158.97,TRADE
VIC1,2025-08-23 22:55:00,5657.39,141.8,TRADE
VIC1,2025-08-23 23:00:00,5685.89,147.23,TRADE
VIC1,2025-08-23 23:05:00,5697.71,166.31,TRADE
VIC1,2025-08-23 23:10:00,5705.36,170.92,TRADE
VIC1,2025-08-23 23:15:00,5825.86,182.15,TRADE
VIC1,2025-08-23 23:20:00,5798.37,177.35,TRADE
VIC1,2025-08-23 23:25:00,5796.39,169.16,TRADE
VIC1,2025-08-23 23:30:00,5774.39,164.34,TRADE
VIC1,2025-08-23 23:35:00,5689.67,150.06,TRADE
VIC1,2025-08-23 23:40:00,5652.65,160.03,TRADE
VIC1,2025-08-23 23:45:00,5705.5,159.86,TRADE
VIC1,2025-08-23 23:50:00,5666.55,148.77,TRADE
VIC1,2025-08-23 23:55:00,5599.49,147.6,TRADE
VIC1,2025-08-24 00:00:00,5586.86,132.45,TRADE
VIC1,2025-08-24 00:05:00,5560.27,152.76,TRADE
VIC1,2025-08-24 00:10:00,5531.85,156.8,TRADE
VIC1,2025-08-24 00:15:00,5435.73,154.66,TRADE
VIC1,2025-08-24 00:20:00,5411.81,149.67,TRADE
VIC1,2025-08-24 00:25:00,5445.41,167.95,TRADE
VIC1,2025-08-24 00:30:00,5426.81,151.11,TRADE
VIC1,2025-08-24 00:35:00,5390.77,158.97,TRADE
VIC1,2025-08-24 00:40:00,5358.06,151.07,TRADE
VIC1,2025-08-24 00:45:00,5334.22,150.91,TRADE
VIC1,2025-08-24 00:50:00,5298.71,149.02,TRADE
VIC1,2025-08-24 00:55:00,5222.91,144.24,TRADE
VIC1,2025-08-24 01:00:00,5193.75,120.57,TRADE
VIC1,2025-08-24 01:05:00,5244.53,167.98,TRADE
VIC1,2025-08-24 01:10:00,5207.8,165.89,TRADE
VIC1,2025-08-24 01:15:00,5166.75,167.16,TRADE
VIC1,2025-08-24 01:20:00,5134.87,166.99,TRADE
VIC1,2025-08-24 01:25:00,5106.68,148.28,TRADE
VIC1,2025-08-24 01:30:00,5071.16,146.17,TRADE
VIC1,2025-08-24 01:35:00,4960.33,110.06,TRADE
VIC1,2025-08-24 01:40:00,4958.0,121.28,TRADE
VIC1,2025-08-24 01:45:00,4981.13,121.18,TRADE
VIC1,2025-08-24 01:50:00,4893.37,108.36,TRADE
VIC1,2025-08-24 01:55:00,4924.26,115.55,TRADE
VIC1,2025-08-24 02:00:00,4820.32,88.22,TRADE
VIC1,2025-08-24 02:05:00,4921.4,109.81,TRADE
VIC1,2025-08-24 02:10:00,4891.3,109.03,TRADE
VIC1,2025-08-24 02:15:00,4854.72,106.17,TRADE
VIC1,2025-08-24 02:20:00,4803.98,105.0,TRADE
VIC1,2025-08-24 02:25:00,4757.49,104.45,TRADE
VIC1,2025-08-24 02:30:00,4724.74,103.54,TRADE
VIC1,2025-08-24 02:35:00,4760.84,106.06,TRADE
VIC1,2025-08-24 02:40:00,4754.3,106.22,TRADE
VIC1,2025-08-24 02:45:00,4675.5,105.12,TRADE
VIC1,2025-08-24 02:50:00,4741.43,106.05,TRADE
VIC1,2025-08-24 02:55:00,4732.1,105.91,TRADE
VIC1,2025-08-24 03:00:00,4705.4,104.43,TRADE
VIC1,2025-08-24 03:05:00,4661.55,103.51,TRADE
VIC1,2025-08-24 03:10:00,4650.77,103.7,TRADE
VIC1,2025-08-24 03:15:00,4730.62,104.36,TRADE
VIC1,2025-08-24 03:20:00,4744.93,109.82,TRADE
VIC1,2025-08-24 03:25:00,4647.54,100.48,TRADE
VIC1,2025-08-24 03:30:00,4702.16,103.51,TRADE
VIC1,2025-08-24 03:35:00,4699.13,103.64,TRADE
VIC1,2025-08-24 03:40:00,4680.91,105.69,TRADE
VIC1,2025-08-24 03:45:00,4651.19,101.93,TRADE
VIC1,2025-08-24 03:50:00,4588.23,100.37,TRADE
VIC1,2025-08-24 03:55:00,4657.02,104.94,TRADE
VIC1,2025-08-24 04:00:00,4674.56,105.67,TRADE
VIC1,2025-08-24 04:05:00,4599.44,100.56,TRADE
VIC1,2025-08-24 04:10:00,4680.42,115.66,TRADE
VIC1,2025-08-24 04:15:00,4651.59,105.94,TRADE
VIC1,2025-08-24 04:20:00,4669.9,101.29,TRADE
VIC1,2025-08-24 04:25:00,4665.67,105.71,TRADE
VIC1,2025-08-24 04:30:00,4585.82,99.78,TRADE
VIC1,2025-08-24 04:35:00,4591.15,105.73,TRADE
VIC1,2025-08-24 04:40:00,4589.54,106.86,TRADE
VIC1,2025-08-24 04:45:00,4615.21,106.32,TRADE
VIC1,2025-08-24 04:50:00,4610.02,106.36,TRADE
VIC1,2025-08-24 04:55:00,4614.07,106.04,TRADE
VIC1,2025-08-24 05:00:00,4676.36,106.39,TRADE
VIC1,2025-08-24 05:05:00,4626.67,88.64,TRADE
VIC1,2025-08-24 05:10:00,4723.59,106.5,TRADE
VIC1,2025-08-24 05:15:00,4735.85,99.19,TRADE
VIC1,2025-08-24 05:20:00,4763.33,106.88,TRADE
VIC1,2025-08-24 05:25:00,4762.39,105.71,TRADE
VIC1,2025-08-24 05:30:00,4706.61,99.21,TRADE
VIC1,2025-08-24 05:35:00,4764.37,104.16,TRADE
VIC1,2025-08-24 05:40:00,4816.3,110.54,TRADE
VIC1,2025-08-24 05:45:00,4750.57,109.83,TRADE
VIC1,2025-08-24 05:50:00,4819.79,109.76,TRADE
VIC1,2025-08-24 05:55:00,4837.82,110.83,TRADE
VIC1,2025-08-24 06:00:00,4868.9,112.5,TRADE
VIC1,2025-08-24 06:05:00,4926.46,111.54,TRADE
VIC1,2025-08-24 06:10:00,4920.21,109.55,TRADE
VIC1,2025-08-24 06:15:00,5020.59,157.88,TRADE
VIC1,2025-08-24 06:20:00,5066.25,119.77,TRADE
VIC1,2025-08-24 06:25:00,5077.09,119.73,TRADE
VIC1,2025-08-24 06:30:00,5120.88,158.75,TRADE
VIC1,2025-08-24 06:35:00,5149.53,136.52,TRADE
VIC1,2025-08-24 06:40:00,5196.15,139.94,TRADE
VIC1,2025-08-24 06:45:00,5235.46,158.97,TRADE
VIC1,2025-08-24 06:50:00,5173.3,97.26,TRADE
VIC1,2025-08-24 06:55:00,5258.25,95.63,TRADE
VIC1,2025-08-24 07:00:00,5267.85,95.63,TRADE
VIC1,2025-08-24 07:05:00,5399.4,132.72,TRADE
VIC1,2025-08-24 07:10:00,5284.46,92.6,TRADE
VIC1,2025-08-24 07:15:00,5396.84,118.05,TRADE
VIC1,2025-08-24 07:20:00,5433.45,118.73,TRADE
VIC1,2025-08-24 07:25:00,5455.97,119.85,TRADE
VIC1,2025-08-24 07:30:00,5393.59,95.11,TRADE
VIC1,2025-08-24 07:35:00,5386.33,95.63,TRADE
VIC1,2025-08-24 07:40:00,5438.51,106.18,TRADE
VIC1,2025-08-24 07:45:00,5459.82,92.35,TRADE
VIC1,2025-08-24 07:50:00,5433.52,68.81,TRADE
VIC1,2025-08-24 07:55:00,5376.8,67.33,TRADE
VIC1,2025-08-24 08:00:00,5372.6,66.46,TRADE
VIC1,2025-08-24 08:05:00,5332.69,56.24,TRADE
VIC1,2025-08-24 08:10:00,5297.1,54.86,TRADE
VIC1,2025-08-24 08:15:00,5180.22,33.89,TRADE
VIC1,2025-08-24 08:20:00,5171.59,33.89,TRADE
VIC1,2025-08-24 08:25:00,5154.04,19.0,TRADE
VIC1,2025-08-24 08:30:00,5047.24,19.0,TRADE
VIC1,2025-08-24 08:35:00,4989.14,30.44,TRADE
VIC1,2025-08-24 08:40:00,4934.62,28.32,TRADE
VIC1,2025-08-24 08:45:00,4856.5,28.54,TRADE
VIC1,2025-08-24 08:50:00,4703.56,25.44,TRADE
VIC1,2025-08-24 08:55:00,4588.64,19.0,TRADE
VIC1,2025-08-24 09:00:00,4583.19,18.85,TRADE
VIC1,2025-08-24 09:05:00,4562.04,21.1,TRADE
VIC1,2025-08-24 09:10:00,4468.63,19.0,TRADE
VIC1,2025-08-24 09:15:00,4377.21,19.0,TRADE
VIC1,2025-08-24 09:20:00,4308.93,11.05,TRADE
VIC1,2025-08-24 09:25:00,4222.23,11.05,TRADE
VIC1,2025-08-24 09:30:00,4151.23,0.08,TRADE
VIC1,2025-08-24 09:35:00,3995.6,0.08,TRADE
VIC1,2025-08-24 09:40:00,3913.71,8.95,TRADE
VIC1,2025-08-24 09:45:00,3865.36,8.95,TRADE
VIC1,2025-08-24 09:50:00,3853.28,8.95,TRADE
VIC1,2025-08-24 09:55:00,3650.49,0.08,TRADE
VIC1,2025-08-24 10:00:00,3672.25,8.95,TRADE
VIC1,2025-08-24 10:05:00,3521.31,8.95,TRADE
VIC1,2025-08-24 10:10:00,3524.48,8.95,TRADE
VIC1,2025-08-24 10:15:00,3412.2,4.05,TRADE
VIC1,2025-08-24 10:20:00,3339.58,0.08,TRADE
VIC1,2025-08-24 10:25:00,3256.35,4.79,TRADE
VIC1,2025-08-24 10:30:00,3188.31,3.84,TRADE
VIC1,2025-08-24 10:35:00,3192.6,9.84,TRADE
VIC1,2025-08-24 10:40:00,3134.6,8.95,TRADE
VIC1,2025-08-24 10:45:00,3050.92,0.05,TRADE
VIC1,2025-08-24 10:50:00,3004.91,0.0,TRADE
VIC1,2025-08-24 10:55:00,2952.66,0.0,TRADE
VIC1,2025-08-24 11:00:00,2869.03,0.05,TRADE
VIC1,2025-08-24 11:05:00,2752.05,0.01,TRADE
VIC1,2025-08-24 11:10:00,2779.4,0.05,TRADE
VIC1,2025-08-24 11:15:00,2765.95,0.05,TRADE
VIC1,2025-08-24 11:20:00,2774.35,0.08,TRADE
VIC1,2025-08-24 11:25:00,2742.84,0.05,TRADE
VIC1,2025-08-24 11:30:00,2634.23,0.05,TRADE
VIC1,2025-08-24 11:35:00,2655.05,0.08,TRADE
VIC1,2025-08-24 11:40:00,2660.6,0.08,TRADE
VIC1,2025-08-24 11:45:00,2634.88,2.47,TRADE
VIC1,2025-08-24 11:50:00,2599.89,2.47,TRADE
VIC1,2025-08-24 11:55:00,2534.34,0.05,TRADE
VIC1,2025-08-24 12:00:00,2499.42,0.08,TRADE
VIC1,2025-08-24 12:05:00,2543.09,0.08,TRADE
VIC1,2025-08-24 12:10:00,2558.9,0.08,TRADE
VIC1,2025-08-24 12:15:00,2560.34,8.86,TRADE
VIC1,2025-08-24 12:20:00,2509.04,3.46,TRADE
VIC1,2025-08-24 12:25:00,2478.87,0.05,TRADE
VIC1,2025-08-24 12:30:00,2531.12,11.05,TRADE
VIC1,2025-08-24 12:35:00,2488.64,10.33,TRADE
VIC1,2025-08-24 12:40:00,2474.32,11.05,TRADE
VIC1,2025-08-24 12:45:00,2380.63,11.05,TRADE
VIC1,2025-08-24 12:50:00,2403.36,9.95,TRADE
VIC1,2025-08-24 12:55:00,2400.28,8.95,TRADE
VIC1,2025-08-24 13:00:00,2408.75,8.95,TRADE
VIC1,2025-08-24 13:05:00,2421.02,11.05,TRADE
VIC1,2025-08-24 13:10:00,2456.58,11.05,TRADE
VIC1,2025-08-24 13:15:00,2446.77,11.06,TRADE
VIC1,2025-08-24 13:20:00,2433.41,9.46,TRADE
VIC1,2025-08-24 13:25:00,2477.33,11.06,TRADE
VIC1,2025-08-24 13:30:00,2380.73,9.59,TRADE
VIC1,2025-08-24 13:35:00,2456.62,19.0,TRADE
VIC1,2025-08-24 13:40:00,2485.18,19.0,TRADE
VIC1,2025-08-24 13:45:00,2529.04,19.0,TRADE
VIC1,2025-08-24 13:50:00,2549.6,19.18,TRADE
VIC1,2025-08-24 13:55:00,2543.52,19.2,TRADE
VIC1,2025-08-24 14:00:00,2591.94,19.18,TRADE
VIC1,2025-08-24 14:05:00,2624.93,19.0,TRADE
VIC1,2025-08-24 14:10:00,2652.44,19.18,TRADE
VIC1,2025-08-24 14:15:00,2591.99,19.18,TRADE
VIC1,2025-08-24 14:20:00,2649.64,29.05,TRADE
VIC1,2025-08-24 14:25:00,2689.74,20.04,TRADE
VIC1,2025-08-24 14:30:00,2728.21,19.0,TRADE
VIC1,2025-08-24 14:35:00,2741.63,12.42,TRADE
VIC1,2025-08-24 14:40:00,2846.37,19.0,TRADE
VIC1,2025-08-24 14:45:00,2940.02,19.56,TRADE
VIC1,2025-08-24 14:50:00,3029.28,20.04,TRADE
VIC1,2025-08-24 14:55:00,3049.93,38.17,TRADE
VIC1,2025-08-24 15:00:00,3047.91,39.35,TRADE
VIC1,2025-08-24 15:05:00,3098.13,46.65,TRADE
VIC1,2025-08-24 15:10:00,3088.73,38.17,TRADE
VIC1,2025-08-24 15:15:00,3237.79,54.62,TRADE
VIC1,2025-08-24 15:20:00,3314.34,48.17,TRADE
VIC1,2025-08-24 15:25:00,3401.28,48.17,TRADE
VIC1,2025-08-24 15:30:00,3473.86,49.92,TRADE
VIC1,2025-08-24 15:35:00,3578.68,59.37,TRADE
VIC1,2025-08-24 15:40:00,3597.48,70.83,TRADE
VIC1,2025-08-24 15:45:00,3701.32,75.8,TRADE
VIC1,2025-08-24 15:50:00,3725.75,66.32,TRADE
VIC1,2025-08-24 15:55:00,3852.63,59.06,TRADE
VIC1,2025-08-24 16:00:00,3936.06,67.74,TRADE
VIC1,2025-08-24 16:05:00,4052.1,71.84,TRADE
VIC1,2025-08-24 16:10:00,4109.16,71.74,TRADE
VIC1,2025-08-24 16:15:00,4282.68,98.3,TRADE
VIC1,2025-08-24 16:20:00,4399.8,100.4,TRADE
VIC1,2025-08-24 16:25:00,4453.13,132.72,TRADE
VIC1,2025-08-24 16:30:00,4621.89,176.39,TRADE
VIC1,2025-08-24 16:35:00,4701.62,155.99,TRADE
VIC1,2025-08-24 16:40:00,4834.3,166.3,TRADE
VIC1,2025-08-24 16:45:00,4959.3,132.72,TRADE
VIC1,2025-08-24 16:50:00,5071.77,166.73,TRADE
VIC1,2025-08-24 16:55:00,5133.36,160.53,TRADE
VIC1,2025-08-24 17:00:00,5258.25,183.43,TRADE
VIC1,2025-08-24 17:05:00,5397.77,120.72,TRADE
VIC1,2025-08-24 17:10:00,5501.58,151.12,TRADE
VIC1,2025-08-24 17:15:00,5686.69,166.36,TRADE
VIC1,2025-08-24 17:20:00,5750.98,158.97,TRADE
VIC1,2025-08-24 17:25:00,5867.32,170.22,TRADE
VIC1,2025-08-24 17:30:00,5966.75,179.32,TRADE
VIC1,2025-08-24 17:35:00,6026.94,158.97,TRADE
VIC1,2025-08-24 17:40:00,6090.82,158.97,TRADE
VIC1,2025-08-24 17:45:00,6187.31,158.97,TRADE
VIC1,2025-08-24 17:50:00,6227.88,166.75,TRADE
VIC1,2025-08-24 17:55:00,6425.49,172.57,TRADE
VIC1,2025-08-24 18:00:00,6456.58,171.86,TRADE
VIC1,2025-08-24 18:05:00,6523.87,171.72,TRADE
VIC1,2025-08-24 18:10:00,6607.82,175.64,TRADE
VIC1,2025-08-24 18:15:00,6692.56,176.55,TRADE
VIC1,2025-08-24 18:20:00,6720.13,183.36,TRADE
VIC1,2025-08-24 18:25:00,6739.85,182.16,TRADE
VIC1,2025-08-24 18:30:00,6752.04,181.28,TRADE
VIC1,2025-08-24 18:35:00,6828.43,173.94,TRADE
VIC1,2025-08-24 18:40:00,6818.05,175.88,TRADE
VIC1,2025-08-24 18:45:00,6749.33,177.31,TRADE
VIC1,2025-08-24 18:50:00,6735.56,158.97,TRADE
VIC1,2025-08-24 18:55:00,6821.51,180.06,TRADE
VIC1,2025-08-24 19:00:00,6822.55,173.4,TRADE
VIC1,2025-08-24 19:05:00,6776.52,169.63,TRADE
VIC1,2025-08-24 19:10:00,6777.65,170.22,TRADE
VIC1,2025-08-24 19:15:00,6687.47,158.97,TRADE
VIC1,2025-08-24 19:20:00,6687.8,166.75,TRADE
VIC1,2025-08-24 19:25:00,6694.21,158.97,TRADE
VIC1,2025-08-24 19:30:00,6736.0,158.97,TRADE
VIC1,2025-08-24 19:35:00,6738.86,158.97,TRADE
VIC1,2025-08-24 19:40:00,6721.42,158.97,TRADE
VIC1,2025-08-24 19:45:00,6592.78,147.56,TRADE
VIC1,2025-08-24 19:50:00,6662.97,154.29,TRADE
VIC1,2025-08-24 19:55:00,6658.48,157.72,TRADE
VIC1,2025-08-24 20:00:00,6649.89,155.17,TRADE
VIC1,2025-08-24 20:05:00,6633.92,158.97,TRADE
VIC1,2025-08-24 20:10:00,6535.6,152.88,TRADE
VIC1,2025-08-24 20:15:00,6520.28,152.07,TRADE
VIC1,2025-08-24 20:20:00,6490.68,145.83,TRADE
VIC1,2025-08-24 20:25:00,6537.93,146.75,TRADE
VIC1,2025-08-24 20:30:00,6502.03,154.08,TRADE
VIC1,2025-08-24 20:35:00,6422.22,128.86,TRADE
VIC1,2025-08-24 20:40:00,6489.73,147.47,TRADE
VIC1,2025-08-24 20:45:00,6447.47,123.88,TRADE
VIC1,2025-08-24 20:50:00,6445.16,119.5,TRADE
VIC1,2025-08-24 20:55:00,6357.35,113.88,TRADE
VIC1,2025-08-24 21:00:00,6327.51,111.98,TRADE
VIC1,2025-08-24 21:05:00,6323.47,116.17,TRADE
VIC1,2025-08-24 21:10:00,6355.01,120.49,TRADE
VIC1,2025-08-24 21:15:00,6332.47,116.12,TRADE
VIC1,2025-08-24 21:20:00,6287.4,105.43,TRADE
VIC1,2025-08-24 21:25:00,6261.11,111.98,TRADE
VIC1,2025-08-24 21:30:00,6256.65,111.98,TRADE
VIC1,2025-08-24 21:35:00,6231.54,111.98,TRADE
VIC1,2025-08-24 21:40:00,6104.3,112.57,TRADE
VIC1,2025-08-24 21:45:00,6053.91,102.52,TRADE
VIC1,2025-08-24 21:50:00,6077.48,100.94,TRADE
VIC1,2025-08-24 21:55:00,6072.71,100.19,TRADE
VIC1,2025-08-24 22:00:00,5974.08,84.58,TRADE
VIC1,2025-08-24 22:05:00,5951.97,97.0,TRADE
VIC1,2025-08-24 22:10:00,5876.53,98.02,TRADE
VIC1,2025-08-24 22:15:00,5855.59,101.72,TRADE
VIC1,2025-08-24 22:20:00,5799.98,95.47,TRADE
VIC1,2025-08-24 22:25:00,5737.53,95.68,TRADE
VIC1,2025-08-24 22:30:00,5785.75,97.0,TRADE
VIC1,2025-08-24 22:35:00,5757.31,91.23,TRADE
VIC1,2025-08-24 22:40:00,5679.42,85.55,TRADE
VIC1,2025-08-24 22:45:00,5625.53,84.07,TRADE
VIC1,2025-08-24 22:50:00,5623.45,82.35,TRADE
VIC1,2025-08-24 22:55:00,5568.7,81.38,TRADE
VIC1,2025-08-24 23:00:00,5489.86,75.8,TRADE
VIC1,2025-08-24 23:05:00,5429.66,76.39,TRADE
VIC1,2025-08-24 23:10:00,5502.73,95.01,TRADE
VIC1,2025-08-24 23:15:00,5618.63,86.71,TRADE
VIC1,2025-08-24 23:20:00,5578.02,84.56,TRADE
VIC1,2025-08-24 23:25:00,5539.98,84.44,TRADE
VIC1,2025-08-24 23:30:00,5603.89,97.97,TRADE
VIC1,2025-08-24 23:35:00,5540.43,98.52,TRADE
VIC1,2025-08-24 23:40:00,5492.19,96.53,TRADE
VIC1,2025-08-24 23:45:00,5394.71,85.28,TRADE
VIC1,2025-08-24 23:50:00,5359.76,83.89,TRADE
VIC1,2025-08-24 23:55:00,5427.05,94.68,TRADE
VIC1,2025-08-30 00:00:00,5628.64,0.0,TRADE
VIC1,2025-08-30 00:05:00,5631.14,0.01,TRADE
VIC1,2025-08-30 00:10:00,5685.09,21.44,TRADE
VIC1,2025-08-30 00:15:00,5704.36,56.35,TRADE
VIC1,2025-08-30 00:20:00,5594.06,19.0,TRADE
VIC1,2025-08-30 00:25:00,5595.11,8.95,TRADE
VIC1,2025-08-30 00:30:00,5588.26,8.95,TRADE
VIC1,2025-08-30 00:35:00,5553.99,0.76,TRADE
VIC1,2025-08-30 00:40:00,5495.07,0.76,TRADE
VIC1,2025-08-30 00:45:00,5482.9,0.76,TRADE
VIC1,2025-08-30 00:50:00,5389.43,0.01,TRADE
VIC1,2025-08-30 00:55:00,5424.42,0.71,TRADE
VIC1,2025-08-30 01:00:00,5304.01,0.01,TRADE
VIC1,2025-08-30 01:05:00,5307.48,-6.16,TRADE
VIC1,2025-08-30 01:10:00,5303.12,-6.16,TRADE
VIC1,2025-08-30 01:15:00,5298.59,0.01,TRADE
VIC1,2025-08-30 01:20:00,5240.1,-1.39,TRADE
VIC1,2025-08-30 01:25:00,5199.02,-6.08,TRADE
VIC1,2025-08-30 01:30:00,5200.8,-6.08,TRADE
VIC1,2025-08-30 01:35:00,5009.76,-6.16,TRADE
VIC1,2025-08-30 01:40:00,4980.0,-8.67,TRADE
VIC1,2025-08-30 01:45:00,4964.92,-8.63,TRADE
VIC1,2025-08-30 01:50:00,4936.15,-10.0,TRADE
VIC1,2025-08-30 01:55:00,4950.37,-10.0,TRADE
VIC1,2025-08-30 02:00:00,4910.7,-10.0,TRADE
VIC1,2025-08-30 02:05:00,4909.96,-10.0,TRADE
VIC1,2025-08-30 02:10:00,4797.13,-10.0,TRADE
VIC1,2025-08-30 02:15:00,4854.43,-10.0,TRADE
VIC1,2025-08-30 02:20:00,4837.3,-10.0,TRADE
VIC1,2025-08-30 02:25:00,4806.77,-10.0,TRADE
VIC1,2025-08-30 02:30:00,4780.43,-10.0,TRADE
VIC1,2025-08-30 02:35:00,4670.14,-10.0,TRADE
VIC1,2025-08-30 02:40:00,4729.59,-10.0,TRADE
VIC1,2025-08-30 02:45:00,4669.9,-10.0,TRADE
VIC1,2025-08-30 02:50:00,4731.36,-10.0,TRADE
VIC1,2025-08-30 02:55:00,4704.34,-10.0,TRADE
VIC1,2025-08-30 03:00:00,4610.48,-10.0,TRADE
VIC1,2025-08-30 03:05:00,4668.48,-10.0,TRADE
VIC1,2025-08-30 03:10:00,4664.39,-10.0,TRADE
VIC1,2025-08-30 03:15:00,4664.41,-10.0,TRADE
VIC1,2025-08-30 03:20:00,4652.02,-10.0,TRADE
VIC1,2025-08-30 03:25:00,4551.53,-10.0,TRADE
VIC1,2025-08-30 03:30:00,4572.33,-10.0,TRADE
VIC1,2025-08-30 03:35:00,4636.21,-10.0,TRADE
VIC1,2025-08-30 03:40:00,4627.61,-10.0,TRADE
VIC1,2025-08-30 03:45:00,4543.66,-10.0,TRADE
VIC1,2025-08-30 03:50:00,4624.99,-10.0,TRADE
VIC1,2025-08-30 03:55:00,4562.45,-10.0,TRADE
VIC1,2025-08-30 04:00:00,4605.29,-10.0,TRADE
VIC1,2025-08-30 04:05:00,4582.41,-10.0,TRADE
VIC1,2025-08-30 04:10:00,4490.6,-10.0,TRADE
VIC1,2025-08-30 04:15:00,4491.54,-10.0,TRADE
VIC1,2025-08-30 04:20:00,4576.94,-10.0,TRADE
VIC1,2025-08-30 04:25:00,4587.31,-10.0,TRADE
VIC1,2025-08-30 04:30:00,4499.47,-10.0,TRADE
VIC1,2025-08-30 04:35:00,4565.18,-10.0,TRADE
VIC1,2025-08-30 04:40:00,4586.46,-10.0,TRADE
VIC1,2025-08-30 04:45:00,4594.33,-10.0,TRADE
VIC1,2025-08-30 04:50:00,4601.55,-10.0,TRADE
VIC1,2025-08-30 04:55:00,4548.85,-10.0,TRADE
VIC1,2025-08-30 05:00:00,4533.08,-10.0,TRADE
VIC1,2025-08-30 05:05:00,4621.1,-10.0,TRADE
VIC1,2025-08-30 05:10:00,4603.75,-10.0,TRADE
VIC1,2025-08-30 05:15:00,4624.29,-10.0,TRADE
VIC1,2025-08-30 05:20:00,4692.99,-10.0,TRADE
VIC1,2025-08-30 05:25:00,4677.24,-10.0,TRADE
VIC1,2025-08-30 05:30:00,4698.49,-10.0,TRADE
VIC1,2025-08-30 05:35:00,4655.8,-10.0,TRADE
VIC1,2025-08-30 05:40:00,4669.11,-10.0,TRADE
VIC1,2025-08-30 05:45:00,4703.13,-10.0,TRADE
VIC1,2025-08-30 05:50:00,4785.01,-6.16,TRADE
VIC1,2025-08-30 05:55:00,4800.21,-6.16,TRADE
VIC1,2025-08-30 06:00:00,4776.57,-6.16,TRADE
VIC1,2025-08-30 06:05:00,4875.4,-3.07,TRADE
VIC1,2025-08-30 06:10:00,4940.15,0.01,TRADE
VIC1,2025-08-30 06:15:00,5011.67,0.77,TRADE
VIC1,2025-08-30 06:20:00,5005.66,0.7,TRADE
VIC1,2025-08-30 06:25:00,5070.9,8.95,TRADE
VIC1,2025-08-30 06:30:00,5133.43,19.0,TRADE
VIC1,2025-08-30 06:35:00,5172.07,19.0,TRADE
VIC1,2025-08-30 06:40:00,5282.62,19.0,TRADE
VIC1,2025-08-30 06:45:00,5316.75,19.0,TRADE
VIC1,2025-08-30 06:50:00,5350.46,10.13,TRADE
VIC1,2025-08-30 06:55:00,5422.15,19.0,TRADE
VIC1,2025-08-30 07:00:00,5511.49,30.42,TRADE
VIC1,2025-08-30 07:05:00,5510.72,19.18,TRADE
VIC1,2025-08-30 07:10:00,5464.13,16.39,TRADE
VIC1,2025-08-30 07:15:00,5500.17,1.14,TRADE
VIC1,2025-08-30 07:20:00,5592.8,13.11,TRADE
VIC1,2025-08-30 07:25:00,5647.19,1.14,TRADE
VIC1,2025-08-30 07:30:00,5656.79,0.01,TRADE
VIC1,2025-08-30 07:35:00,5685.38,1.08,TRADE
VIC1,2025-08-30 07:40:00,5661.87,1.08,TRADE
VIC1,2025-08-30 07:45:00,5696.44,1.05,TRADE
VIC1,2025-08-30 07:50:00,5685.65,-6.16,TRADE
VIC1,2025-08-30 07:55:00,5716.11,-6.08,TRADE
VIC1,2025-08-30 08:00:00,5591.82,-10.0,TRADE
VIC1,2025-08-30 08:05:00,5697.54,-10.0,TRADE
VIC1,2025-08-30 08:10:00,5696.8,-10.0,TRADE
VIC1,2025-08-30 08:15:00,5752.98,3.28,TRADE
VIC1,2025-08-30 08:20:00,5682.76,4.61,TRADE
VIC1,2025-08-30 08:25:00,5652.28,-4.14,TRADE
VIC1,2025-08-30 08:30:00,5601.99,-3.46,TRADE
VIC1,2025-08-30 08:35:00,5508.86,-10.0,TRADE
VIC1,2025-08-30 08:40:00,5521.95,-4.78,TRADE
VIC1,2025-08-30 08:45:00,5527.17,2.16,TRADE
VIC1,2025-08-30 08:50:00,5467.69,2.8,TRADE
VIC1,2025-08-30 08:55:00,5497.83,-5.37,TRADE
VIC1,2025-08-30 09:00:00,5521.59,-4.4,TRADE
VIC1,2025-08-30 09:05:00,5409.56,-10.0,TRADE
VIC1,2025-08-30 09:10:00,5333.36,-1.22,TRADE
VIC1,2025-08-30 09:15:00,5386.71,-10.0,TRADE
VIC1,2025-08-30 09:20:00,5255.22,-6.16,TRADE
VIC1,2025-08-30 09:25:00,4977.81,-12.0,TRADE
VIC1,2025-08-30 09:30:00,5062.44,-12.0,TRADE
VIC1,2025-08-30 09:35:00,4983.01,-15.65,TRADE
VIC1,2025-08-30 09:40:00,5018.4,-12.0,TRADE
VIC1,2025-08-30 09:45:00,4998.21,-10.0,TRADE
VIC1,2025-08-30 09:50:00,4864.74,-14.37,TRADE
VIC1,2025-08-30 09:55:00,4979.0,-19.99,TRADE
VIC1,2025-08-30 10:00:00,4947.77,-12.0,TRADE
VIC1,2025-08-30 10:05:00,4901.83,-13.75,TRADE
VIC1,2025-08-30 10:10:00,4894.2,-11.0,TRADE
VIC1,2025-08-30 10:15:00,4701.06,-14.37,TRADE
VIC1,2025-08-30 10:20:00,4655.75,-16.38,TRADE
VIC1,2025-08-30 10:25:00,4516.1,-19.99,TRADE
VIC1,2025-08-30 10:30:00,4415.57,-19.99,TRADE
VIC1,2025-08-30 10:35:00,4254.73,-20.99,TRADE
VIC1,2025-08-30 10:40:00,4157.4,-19.99,TRADE
VIC1,2025-08-30 10:45:00,4085.47,-19.99,TRADE
VIC1,2025-08-30 10:50:00,4134.83,-20.0,TRADE
VIC1,2025-08-30 10:55:00,4173.89,-21.28,TRADE
VIC1,2025-08-30 11:00:00,4250.38,-20.37,TRADE
VIC1,2025-08-30 11:05:00,4321.93,-19.99,TRADE
VIC1,2025-08-30 11:10:00,4436.0,-11.49,TRADE
VIC1,2025-08-30 11:15:00,4340.1,-18.14,TRADE
VIC1,2025-08-30 11:20:00,4314.4,-14.77,TRADE
VIC1,2025-08-30 11:25:00,4191.88,-16.96,TRADE
VIC1,2025-08-30 11:30:00,4113.28,-16.99,TRADE
VIC1,2025-08-30 11:35:00,4010.49,-16.76,TRADE
VIC1,2025-08-30 11:40:00,3849.17,-18.24,TRADE
VIC1,2025-08-30 11:45:00,3831.16,-18.03,TRADE
VIC1,2025-08-30 11:50:00,3756.38,-18.13,TRADE
VIC1,2025-08-30 11:55:00,3860.45,-18.5,TRADE
VIC1,2025-08-30 12:00:00,3932.17,-17.73,TRADE
VIC1,2025-08-30 12:05:00,3929.88,-15.0,TRADE
VIC1,2025-08-30 12:10:00,3941.75,-19.15,TRADE
VIC1,2025-08-30 12:15:00,3996.73,-18.08,TRADE
VIC1,2025-08-30 12:20:00,3986.54,-16.38,TRADE
VIC1,2025-08-30 12:25:00,4056.82,-15.0,TRADE
VIC1,2025-08-30 12:30:00,4245.43,-14.19,TRADE
VIC1,2025-08-30 12:35:00,4236.26,-14.01,TRADE
VIC1,2025-08-30 12:40:00,4255.85,-14.0,TRADE
VIC1,2025-08-30 12:45:00,4317.64,-14.37,TRADE
VIC1,2025-08-30 12:50:00,4286.56,-14.01,TRADE
VIC1,2025-08-30 12:55:00,4242.7,-14.37,TRADE
VIC1,2025-08-30 13:00:00,4048.04,-15.0,TRADE
VIC1,2025-08-30 13:05:00,3936.96,-17.62,TRADE
VIC1,2025-08-30 13:10:00,3985.75,-18.02,TRADE
VIC1,2025-08-30 13:15:00,3985.19,-15.66,TRADE
VIC1,2025-08-30 13:20:00,4035.29,-18.73,TRADE
VIC1,2025-08-30 13:25:00,4038.23,-16.38,TRADE
VIC1,2025-08-30 13:30:00,4133.01,-14.8,TRADE
VIC1,2025-08-30 13:35:00,4207.47,-16.38,TRADE
VIC1,2025-08-30 13:40:00,4166.75,-16.53,TRADE
VIC1,2025-08-30 13:45:00,4283.45,-14.53,TRADE
VIC1,2025-08-30 13:50:00,4252.64,-14.37,TRADE
VIC1,2025-08-30 13:55:00,4262.19,-16.38,TRADE
VIC1,2025-08-30 14:00:00,4257.42,-16.38,TRADE
VIC1,2025-08-30 14:05:00,4226.61,-15.95,TRADE
VIC1,2025-08-30 14:10:00,4143.14,-16.38,TRADE
VIC1,2025-08-30 14:15:00,4229.17,-16.38,TRADE
VIC1,2025-08-30 14:20:00,4306.39,-16.38,TRADE
VIC1,2025-08-30 14:25:00,4302.9,-14.53,TRADE
VIC1,2025-08-30 14:30:00,4472.75,-13.47,TRADE
VIC1,2025-08-30 14:35:00,4564.93,-13.56,TRADE
VIC1,2025-08-30 14:40:00,4454.99,-16.51,TRADE
VIC1,2025-08-30 14:45:00,4519.07,-14.62,TRADE
VIC1,2025-08-30 14:50:00,4614.2,-16.38,TRADE
VIC1,2025-08-30 14:55:00,4588.56,-12.0,TRADE
VIC1,2025-08-30 15:00:00,4491.4,-14.08,TRADE
VIC1,2025-08-30 15:05:00,4538.56,-15.46,TRADE
VIC1,2025-08-30 15:10:00,4609.35,-15.0,TRADE
VIC1,2025-08-30 15:15:00,4729.45,-12.9,TRADE
VIC1,2025-08-30 15:20:00,4702.62,-14.05,TRADE
VIC1,2025-08-30 15:25:00,4807.95,-13.75,TRADE
VIC1,2025-08-30 15:30:00,4863.97,-10.0,TRADE
VIC1,2025-08-30 15:35:00,4968.44,-10.0,TRADE
VIC1,2025-08-30 15:40:00,5041.67,-10.0,TRADE
VIC1,2025-08-30 15:45:00,5127.52,-9.56,TRADE
VIC1,2025-08-30 15:50:00,5108.31,0.0,TRADE
VIC1,2025-08-30 15:55:00,5157.66,23.93,TRADE
VIC1,2025-08-30 16:00:00,5219.74,24.04,TRADE
VIC1,2025-08-30 16:05:00,5285.17,19.9,TRADE
VIC1,2025-08-30 16:10:00,5308.1,-1.22,TRADE
VIC1,2025-08-30 16:15:00,5266.52,-3.07,TRADE
VIC1,2025-08-30 16:20:00,5271.98,0.0,TRADE
VIC1,2025-08-30 16:25:00,5440.01,35.52,TRADE
VIC1,2025-08-30 16:30:00,5520.59,88.68,TRADE
VIC1,2025-08-30 16:35:00,5570.86,117.92,TRADE
VIC1,2025-08-30 16:40:00,5638.81,80.0,TRADE
VIC1,2025-08-30 16:45:00,5733.06,93.03,TRADE
VIC1,2025-08-30 16:50:00,5836.69,101.39,TRADE
VIC1,2025-08-30 16:55:00,5882.71,80.0,TRADE
VIC1,2025-08-30 17:00:00,5951.71,85.3,TRADE
VIC1,2025-08-30 17:05:00,6115.4,80.0,TRADE
VIC1,2025-08-30 17:10:00,6214.73,80.0,TRADE
VIC1,2025-08-30 17:15:00,6225.54,88.99,TRADE
VIC1,2025-08-30 17:20:00,6299.41,106.66,TRADE
VIC1,2025-08-30 17:25:00,6309.8,120.0,TRADE
VIC1,2025-08-30 17:30:00,6396.34,120.0,TRADE
VIC1,2025-08-30 17:35:00,6502.81,99.46,TRADE
VIC1,2025-08-30 17:40:00,6560.46,98.66,TRADE
VIC1,2025-08-30 17:45:00,6692.24,98.66,TRADE
VIC1,2025-08-30 17:50:00,6662.05,98.66,TRADE
VIC1,2025-08-30 17:55:00,6730.66,98.66,TRADE
VIC1,2025-08-30 18:00:00,6783.79,104.13,TRADE
VIC1,2025-08-30 18:05:00,6788.91,99.63,TRADE
VIC1,2025-08-30 18:10:00,6802.02,103.11,TRADE
VIC1,2025-08-30 18:15:00,6863.14,120.0,TRADE
VIC1,2025-08-30 18:20:00,6899.35,103.68,TRADE
VIC1,2025-08-30 18:25:00,6887.38,102.66,TRADE
VIC1,2025-08-30 18:30:00,6919.37,120.0,TRADE
VIC1,2025-08-30 18:35:00,6907.54,106.35,TRADE
VIC1,2025-08-30 18:40:00,6938.16,105.06,TRADE
VIC1,2025-08-30 18:45:00,6893.14,103.74,TRADE
VIC1,2025-08-30 18:50:00,6917.87,103.53,TRADE
VIC1,2025-08-30 18:55:00,6888.36,98.7,TRADE
VIC1,2025-08-30 19:00:00,6828.27,101.26,TRADE
VIC1,2025-08-30 19:05:00,6829.29,101.25,TRADE
VIC1,2025-08-30 19:10:00,6796.45,102.65,TRADE
VIC1,2025-08-30 19:15:00,6749.81,98.66,TRADE
VIC1,2025-08-30 19:20:00,6753.29,101.31,TRADE
VIC1,2025-08-30 19:25:00,6719.29,99.96,TRADE
VIC1,2025-08-30 19:30:00,6694.95,120.0,TRADE
VIC1,2025-08-30 19:35:00,6680.84,119.82,TRADE
VIC1,2025-08-30 19:40:00,6624.53,120.0,TRADE
VIC1,2025-08-30 19:45:00,6640.65,120.0,TRADE
VIC1,2025-08-30 19:50:00,6598.16,107.89,TRADE
VIC1,2025-08-30 19:55:00,6524.42,113.12,TRADE
VIC1,2025-08-30 20:00:00,6507.52,120.0,TRADE
VIC1,2025-08-30 20:05:00,6470.28,94.07,TRADE
VIC1,2025-08-30 20:10:00,6473.93,110.0,TRADE
VIC1,2025-08-30 20:15:00,6412.18,87.39,TRADE
VIC1,2025-08-30 20:20:00,6411.12,108.75,TRADE
VIC1,2025-08-30 20:25:00,6389.0,92.23,TRADE
VIC1,2025-08-30 20:30:00,6393.05,113.04,TRADE
VIC1,2025-08-30 20:35:00,6366.83,101.62,TRADE
VIC1,2025-08-30 20:40:00,6385.75,125.49,TRADE
VIC1,2025-08-30 20:45:00,6308.67,103.33,TRADE
VIC1,2025-08-30 20:50:00,6298.41,99.86,TRADE
VIC1,2025-08-30 20:55:00,6270.93,117.82,TRADE
VIC1,2025-08-30 21:00:00,6216.03,85.83,TRADE
VIC1,2025-08-30 21:05:00,6197.21,88.55,TRADE
VIC1,2025-08-30 21:10:00,6205.43,96.37,TRADE
VIC1,2025-08-30 21:15:00,6194.09,93.9,TRADE
VIC1,2025-08-30 21:20:00,6151.74,103.64,TRADE
VIC1,2025-08-30 21:25:00,6103.37,104.2,TRADE
VIC1,2025-08-30 21:30:00,6090.99,94.73,TRADE
VIC1,2025-08-30 21:35:00,6065.27,90.79,TRADE
VIC1,2025-08-30 21:40:00,6144.25,101.8,TRADE
VIC1,2025-08-30 21:45:00,6061.47,96.19,TRADE
VIC1,2025-08-30 21:50:00,5979.23,88.29,TRADE
VIC1,2025-08-30 21:55:00,5907.27,80.7,TRADE
VIC1,2025-08-30 22:00:00,5848.66,82.33,TRADE
VIC1,2025-08-30 22:05:00,5871.32,93.83,TRADE
VIC1,2025-08-30 22:10:00,5758.97,82.73,TRADE
VIC1,2025-08-30 22:15:00,5767.78,84.63,TRADE
VIC1,2025-08-30 22:20:00,5732.75,81.89,TRADE
VIC1,2025-08-30 22:25:00,5722.2,83.48,TRADE
VIC1,2025-08-30 22:30:00,5689.27,80.86,TRADE
VIC1,2025-08-30 22:35:00,5670.53,101.76,TRADE
VIC1,2025-08-30 22:40:00,5565.34,96.13,TRADE
VIC1,2025-08-30 22:45:00,5639.09,102.56,TRADE
VIC1,2025-08-30 22:50:00,5638.24,88.62,TRADE
VIC1,2025-08-30 22:55:00,5512.98,85.14,TRADE
VIC1,2025-08-30 23:00:00,5526.91,82.11,TRADE
VIC1,2025-08-30 23:05:00,5586.87,99.11,TRADE
VIC1,2025-08-30 23:10:00,5667.85,88.5,TRADE
VIC1,2025-08-30 23:15:00,5678.56,90.02,TRADE
VIC1,2025-08-30 23:20:00,5614.87,81.04,TRADE
VIC1,2025-08-30 23:25:00,5588.3,85.23,TRADE
VIC1,2025-08-30 23:30:00,5674.12,103.61,TRADE
VIC1,2025-08-30 23:35:00,5624.7,87.3,TRADE
VIC1,2025-08-30 23:40:00,5547.25,82.75,TRADE
VIC1,2025-08-30 23:45:00,5515.87,81.77,TRADE
VIC1,2025-08-30 23:50:00,5454.46,81.97,TRADE
VIC1,2025-08-30 23:55:00,5366.5,80.23,TRADE
VIC1,2025-08-31 00:00:00,5337.75,80.0,TRADE
VIC1,2025-08-31 00:05:00,5318.11,80.0,TRADE
VIC1,2025-08-31 00:10:00,5255.28,80.0,TRADE
VIC1,2025-08-31 00:15:00,5291.88,80.2,TRADE
VIC1,2025-08-31 00:20:00,5230.81,79.53,TRADE
VIC1,2025-08-31 00:25:00,5196.6,77.8,TRADE
VIC1,2025-08-31 00:30:00,5191.24,80.0,TRADE
VIC1,2025-08-31 00:35:00,5161.2,77.53,TRADE
VIC1,2025-08-31 00:40:00,5026.43,75.8,TRADE
VIC1,2025-08-31 00:45:00,5054.46,75.8,TRADE
VIC1,2025-08-31 00:50:00,5013.53,75.8,TRADE
VIC1,2025-08-31 00:55:00,4944.8,75.8,TRADE
VIC1,2025-08-31 01:00:00,4981.36,75.8,TRADE
VIC1,2025-08-31 01:05:00,4976.08,80.66,TRADE
VIC1,2025-08-31 01:10:00,4980.41,77.42,TRADE
VIC1,2025-08-31 01:15:00,4938.98,81.12,TRADE
VIC1,2025-08-31 01:20:00,4926.83,77.32,TRADE
VIC1,2025-08-31 01:25:00,4909.16,78.3,TRADE
VIC1,2025-08-31 01:30:00,4865.06,75.8,TRADE
VIC1,2025-08-31 01:35:00,4853.87,75.82,TRADE
VIC1,2025-08-31 01:40:00,4764.79,79.55,TRADE
VIC1,2025-08-31 01:45:00,4809.62,80.31,TRADE
VIC1,2025-08-31 01:50:00,4712.26,79.22,TRADE
VIC1,2025-08-31 01:55:00,4695.88,76.78,TRADE
VIC1,2025-08-31 02:00:00,4742.28,79.36,TRADE
VIC1,2025-08-31 02:05:00,4708.17,79.52,TRADE
VIC1,2025-08-31 02:10:00,4711.32,93.57,TRADE
VIC1,2025-08-31 02:15:00,4696.54,79.72,TRADE
VIC1,2025-08-31 02:20:00,4680.48,92.84,TRADE
VIC1,2025-08-31 02:25:00,4612.23,80.0,TRADE
VIC1,2025-08-31 02:30:00,4582.6,91.22,TRADE
VIC1,2025-08-31 02:35:00,4580.22,92.81,TRADE
VIC1,2025-08-31 02:40:00,4554.19,92.8,TRADE
VIC1,2025-08-31 02:45:00,4622.62,93.49,TRADE
VIC1,2025-08-31 02:50:00,4622.47,82.15,TRADE
VIC1,2025-08-31 02:55:00,4530.36,80.0,TRADE
VIC1,2025-08-31 03:00:00,4605.23,87.1,TRADE
VIC1,2025-08-31 03:05:00,4602.06,81.03,TRADE
VIC1,2025-08-31 03:10:00,4574.63,94.44,TRADE
VIC1,2025-08-31 03:15:00,4556.97,94.5,TRADE
VIC1,2025-08-31 03:20:00,4526.79,87.13,TRADE
VIC1,2025-08-31 03:25:00,4457.65,80.45,TRADE
VIC1,2025-08-31 03:30:00,4473.57,78.72,TRADE
VIC1,2025-08-31 03:35:00,4430.04,80.0,TRADE
VIC1,2025-08-31 03:40:00,4475.76,80.0,TRADE
VIC1,2025-08-31 03:45:00,4480.34,92.03,TRADE
VIC1,2025-08-31 03:50:00,4482.11,92.04,TRADE
VIC1,2025-08-31 03:55:00,4492.97,94.7,TRADE
VIC1,2025-08-31 04:00:00,4504.03,91.97,TRADE
VIC1,2025-08-31 04:05:00,4522.98,93.92,TRADE
VIC1,2025-08-31 04:10:00,4470.12,93.02,TRADE
VIC1,2025-08-31 04:15:00,4431.77,85.57,TRADE
VIC1,2025-08-31 04:20:00,4476.92,95.23,TRADE
VIC1,2025-08-31 04:25:00,4484.82,94.39,TRADE
VIC1,2025-08-31 04:30:00,4421.28,85.72,TRADE
VIC1,2025-08-31 04:35:00,4491.28,89.65,TRADE
VIC1,2025-08-31 04:40:00,4491.7,95.64,TRADE
VIC1,2025-08-31 04:45:00,4507.13,93.08,TRADE
VIC1,2025-08-31 04:50:00,4481.43,92.96,TRADE
VIC1,2025-08-31 04:55:00,4399.78,93.29,TRADE
VIC1,2025-08-31 05:00:00,4413.81,97.83,TRADE
VIC1,2025-08-31 05:05:00,4521.34,106.07,TRADE
VIC1,2025-08-31 05:10:00,4559.19,109.26,TRADE
VIC1,2025-08-31 05:15:00,4482.32,100.49,TRADE
VIC1,2025-08-31 05:20:00,4522.94,102.81,TRADE
VIC1,2025-08-31 05:25:00,4541.63,102.96,TRADE
VIC1,2025-08-31 05:30:00,4576.66,106.02,TRADE
VIC1,2025-08-31 05:35:00,4576.25,106.61,TRADE
VIC1,2025-08-31 05:40:00,4546.13,106.69,TRADE
VIC1,2025-08-31 05:45:00,4552.74,105.81,TRADE
VIC1,2025-08-31 05:50:00,4610.05,106.69,TRADE
VIC1,2025-08-31 05:55:00,4649.16,104.01,TRADE
VIC1,2025-08-31 06:00:00,4629.59,112.53,TRADE
VIC1,2025-08-31 06:05:00,4690.41,101.1,TRADE
VIC1,2025-08-31 06:10:00,4749.69,102.65,TRADE
VIC1,2025-08-31 06:15:00,4803.83,105.82,TRADE
VIC1,2025-08-31 06:20:00,4827.23,117.24,TRADE
VIC1,2025-08-31 06:25:00,4822.83,108.09,TRADE
VIC1,2025-08-31 06:30:00,4793.11,107.46,TRADE
VIC1,2025-08-31 06:35:00,4902.01,107.44,TRADE
VIC1,2025-08-31 06:40:00,4940.28,110.28,TRADE
VIC1,2025-08-31 06:45:00,4905.27,90.0,TRADE
VIC1,2025-08-31 06:50:00,4981.49,101.58,TRADE
VIC1,2025-08-31 06:55:00,4985.34,90.0,TRADE
VIC1,2025-08-31 07:00:00,5046.29,77.21,TRADE
VIC1,2025-08-31 07:05:00,5057.23,80.0,TRADE
VIC1,2025-08-31 07:10:00,4954.42,75.8,TRADE
VIC1,2025-08-31 07:15:00,5074.7,75.8,TRADE
VIC1,2025-08-31 07:20:00,5120.75,73.99,TRADE
VIC1,2025-08-31 07:25:00,5063.03,57.23,TRADE
VIC1,2025-08-31 07:30:00,5099.38,24.52,TRADE
VIC1,2025-08-31 07:35:00,5115.45,19.0,TRADE
VIC1,2025-08-31 07:40:00,5101.41,19.18,TRADE
VIC1,2025-08-31 07:45:00,5143.06,37.88,TRADE
VIC1,2025-08-31 07:50:00,5151.8,19.18,TRADE
VIC1,2025-08-31 07:55:00,5055.67,19.0,TRADE
VIC1,2025-08-31 08:00:00,5108.79,19.18,TRADE
VIC1,2025-08-31 08:05:00,5073.92,19.18,TRADE
VIC1,2025-08-31 08:10:00,5102.31,20.97,TRADE
VIC1,2025-08-31 08:15:00,5111.81,19.18,TRADE
VIC1,2025-08-31 08:20:00,5094.9,19.18,TRADE
VIC1,2025-08-31 08:25:00,5103.43,19.18,TRADE
VIC1,2025-08-31 08:30:00,4994.8,0.08,TRADE
VIC1,2025-08-31 08:35:00,5017.91,20.97,TRADE
VIC1,2025-08-31 08:40:00,4997.29,19.18,TRADE
VIC1,2025-08-31 08:45:00,4986.38,19.0,TRADE
VIC1,2025-08-31 08:50:00,4901.42,19.18,TRADE
VIC1,2025-08-31 08:55:00,4878.89,19.0,TRADE
VIC1,2025-08-31 09:00:00,4836.55,8.95,TRADE
VIC1,2025-08-31 09:05:00,4744.82,19.76,TRADE
VIC1,2025-08-31 09:10:00,4852.0,19.98,TRADE
VIC1,2025-08-31 09:15:00,4811.37,13.25,TRADE
VIC1,2025-08-31 09:20:00,4737.13,0.06,TRADE
VIC1,2025-08-31 09:25:00,4715.02,0.06,TRADE
VIC1,2025-08-31 09:30:00,4778.42,0.01,TRADE
VIC1,2025-08-31 09:35:00,4778.5,0.01,TRADE
VIC1,2025-08-31 09:40:00,4760.82,0.08,TRADE
VIC1,2025-08-31 09:45:00,4831.69,12.02,TRADE
VIC1,2025-08-31 09:50:00,4827.01,0.08,TRADE
VIC1,2025-08-31 09:55:00,4798.65,7.68,TRADE
VIC1,2025-08-31 10:00:00,4767.17,0.08,TRADE
VIC1,2025-08-31 10:05:00,4676.88,0.08,TRADE
VIC1,2025-08-31 10:10:00,4751.76,19.0,TRADE
VIC1,2025-08-31 10:15:00,4697.41,11.97,TRADE
VIC1,2025-08-31 10:20:00,4640.22,0.08,TRADE
VIC1,2025-08-31 10:25:00,4546.29,19.0,TRADE
VIC1,2025-08-31 10:30:00,4532.64,0.05,TRADE
VIC1,2025-08-31 10:35:00,4551.76,20.97,TRADE
VIC1,2025-08-31 10:40:00,4516.47,8.95,TRADE
VIC1,2025-08-31 10:45:00,4474.59,0.05,TRADE
VIC1,2025-08-31 10:50:00,4378.84,0.0,TRADE
VIC1,2025-08-31 10:55:00,4311.15,-1.9,TRADE
VIC1,2025-08-31 11:00:00,4300.43,0.0,TRADE
VIC1,2025-08-31 11:05:00,4373.53,0.0,TRADE
VIC1,2025-08-31 11:10:00,4435.01,19.0,TRADE
VIC1,2025-08-31 11:15:00,4405.72,0.0,TRADE
VIC1,2025-08-31 11:20:00,4355.36,3.13,TRADE
VIC1,2025-08-31 11:25:00,4350.61,0.0,TRADE
VIC1,2025-08-31 11:30:00,4287.1,-7.14,TRADE
VIC1,2025-08-31 11:35:00,4283.65,0.0,TRADE
VIC1,2025-08-31 11:40:00,4188.15,-1.22,TRADE
VIC1,2025-08-31 11:45:00,4185.32,-6.08,TRADE
VIC1,2025-08-31 11:50:00,4138.28,-10.0,TRADE
VIC1,2025-08-31 11:55:00,4121.01,-10.0,TRADE
VIC1,2025-08-31 12:00:00,4190.3,-10.0,TRADE
VIC1,2025-08-31 12:05:00,4195.47,-10.0,TRADE
VIC1,2025-08-31 12:10:00,4156.16,-10.0,TRADE
VIC1,2025-08-31 12:15:00,4200.63,-10.0,TRADE
VIC1,2025-08-31 12:20:00,4117.98,-10.0,TRADE
VIC1,2025-08-31 12:25:00,4168.56,-10.0,TRADE
VIC1,2025-08-31 12:30:00,4138.78,-10.67,TRADE
VIC1,2025-08-31 12:35:00,4054.73,-12.0,TRADE
VIC1,2025-08-31 12:40:00,4073.56,-11.57,TRADE
VIC1,2025-08-31 12:45:00,4016.2,-11.0,TRADE
VIC1,2025-08-31 12:50:00,4007.13,-11.58,TRADE
VIC1,2025-08-31 12:55:00,3948.31,-14.25,TRADE
VIC1,2025-08-31 13:00:00,4089.75,-12.42,TRADE
VIC1,2025-08-31 13:05:00,3975.72,-12.39,TRADE
VIC1,2025-08-31 13:10:00,3967.4,-14.37,TRADE
VIC1,2025-08-31 13:15:00,4053.32,-12.0,TRADE
VIC1,2025-08-31 13:20:00,4031.28,-14.29,TRADE
VIC1,2025-08-31 13:25:00,4004.11,-13.75,TRADE
VIC1,2025-08-31 13:30:00,3989.24,-12.5,TRADE
VIC1,2025-08-31 13:35:00,3988.33,-14.37,TRADE
VIC1,2025-08-31 13:40:00,3989.71,-12.0,TRADE
VIC1,2025-08-31 13:45:00,3993.51,-11.38,TRADE
VIC1,2025-08-31 13:50:00,3907.1,-12.0,TRADE
VIC1,2025-08-31 13:55:00,3877.36,-12.27,TRADE
VIC1,2025-08-31 14:00:00,3871.09,-12.0,TRADE
VIC1,2025-08-31 14:05:00,3904.76,-10.24,TRADE
VIC1,2025-08-31 14:10:00,3865.18,-11.0,TRADE
VIC1,2025-08-31 14:15:00,3903.81,-11.38,TRADE
VIC1,2025-08-31 14:20:00,3951.25,-11.02,TRADE
VIC1,2025-08-31 14:25:00,3982.49,-11.16,TRADE
VIC1,2025-08-31 14:30:00,4036.71,-10.37,TRADE
VIC1,2025-08-31 14:35:00,3928.62,-12.0,TRADE
VIC1,2025-08-31 14:40:00,3984.4,-11.7,TRADE
VIC1,2025-08-31 14:45:00,3921.4,-10.96,TRADE
VIC1,2025-08-31 14:50:00,3943.88,-10.0,TRADE
VIC1,2025-08-31 14:55:00,3916.92,-10.0,TRADE
VIC1,2025-08-31 15:00:00,3920.51,-10.0,TRADE
VIC1,2025-08-31 15:05:00,3956.77,-10.0,TRADE
VIC1,2025-08-31 15:10:00,3957.31,-10.0,TRADE
VIC1,2025-08-31 15:15:00,3946.23,-10.0,TRADE
VIC1,2025-08-31 15:20:00,3968.19,-10.0,TRADE
VIC1,2025-08-31 15:25:00,4036.19,-9.22,TRADE
VIC1,2025-08-31 15:30:00,4073.9,-6.16,TRADE
VIC1,2025-08-31 15:35:00,4134.34,-10.0,TRADE
VIC1,2025-08-31 15:40:00,4180.79,-9.26,TRADE
VIC1,2025-08-31 15:45:00,4154.28,-6.16,TRADE
VIC1,2025-08-31 15:50:00,4199.33,-6.16,TRADE
VIC1,2025-08-31 15:55:00,4282.61,-5.81,TRADE
VIC1,2025-08-31 16:00:00,4317.09,0.0,TRADE
VIC1,2025-08-31 16:05:00,4436.03,0.0,TRADE
VIC1,2025-08-31 16:10:00,4500.9,8.95,TRADE
VIC1,2025-08-31 16:15:00,4605.03,37.01,TRADE
VIC1,2025-08-31 16:20:00,4671.05,19.0,TRADE
VIC1,2025-08-31 16:25:00,4836.27,57.43,TRADE
VIC1,2025-08-31 16:30:00,4909.15,75.8,TRADE
VIC1,2025-08-31 16:35:00,4932.07,56.5,TRADE
VIC1,2025-08-31 16:40:00,4982.83,57.16,TRADE
VIC1,2025-08-31 16:45:00,5018.85,68.97,TRADE
VIC1,2025-08-31 16:50:00,5092.54,61.08,TRADE
VIC1,2025-08-31 16:55:00,5320.11,79.03,TRADE
VIC1,2025-08-31 17:00:00,5397.51,80.0,TRADE
VIC1,2025-08-31 17:05:00,5437.77,80.0,TRADE
VIC1,2025-08-31 17:10:00,5416.43,80.0,TRADE
VIC1,2025-08-31 17:15:00,5606.81,84.31,TRADE
VIC1,2025-08-31 17:20:00,5724.64,96.52,TRADE
VIC1,2025-08-31 17:25:00,5743.83,116.87,TRADE
VIC1,2025-08-31 17:30:00,5850.12,120.0,TRADE
VIC1,2025-08-31 17:35:00,5939.78,97.0,TRADE
VIC1,2025-08-31 17:40:00,5994.34,110.48,TRADE
VIC1,2025-08-31 17:45:00,6011.15,119.29,TRADE
VIC1,2025-08-31 17:50:00,6099.79,115.43,TRADE
VIC1,2025-08-31 17:55:00,6230.72,132.72,TRADE
VIC1,2025-08-31 18:00:00,6213.81,123.45,TRADE
VIC1,2025-08-31 18:05:00,6265.0,121.67,TRADE
VIC1,2025-08-31 18:10:00,6323.08,122.66,TRADE
VIC1,2025-08-31 18:15:00,6441.63,132.72,TRADE
VIC1,2025-08-31 18:20:00,6526.74,145.93,TRADE
VIC1,2025-08-31 18:25:00,6505.73,132.72,TRADE
VIC1,2025-08-31 18:30:00,6623.14,151.57,TRADE
VIC1,2025-08-31 18:35:00,6629.57,132.72,TRADE
VIC1,2025-08-31 18:40:00,6665.31,132.72,TRADE
VIC1,2025-08-31 18:45:00,6654.55,135.89,TRADE
VIC1,2025-08-31 18:50:00,6587.55,149.24,TRADE
VIC1,2025-08-31 18:55:00,6556.43,151.0,TRADE
VIC1,2025-08-31 19:00:00,6569.06,142.46,TRADE
VIC1,2025-08-31 19:05:00,6543.76,132.72,TRADE
VIC1,2025-08-31 19:10:00,6609.77,154.87,TRADE
VIC1,2025-08-31 19:15:00,6584.27,162.66,TRADE
VIC1,2025-08-31 19:20:00,6519.65,150.55,TRADE
VIC1,2025-08-31 19:25:00,6549.95,123.13,TRADE
VIC1,2025-08-31 19:30:00,6528.05,154.59,TRADE
VIC1,2025-08-31 19:35:00,6506.42,137.27,TRADE
VIC1,2025-08-31 19:40:00,6423.0,142.16,TRADE
VIC1,2025-08-31 19:45:00,6362.09,130.73,TRADE
VIC1,2025-08-31 19:50:00,6415.78,132.85,TRADE
VIC1,2025-08-31 19:55:00,6444.71,132.72,TRADE
VIC1,2025-08-31 20:00:00,6453.57,132.83,TRADE
VIC1,2025-08-31 20:05:00,6365.7,132.72,TRADE
VIC1,2025-08-31 20:10:00,6400.93,130.08,TRADE
VIC1,2025-08-31 20:15:00,6372.23,144.7,TRADE
VIC1,2025-08-31 20:20:00,6357.05,152.07,TRADE
VIC1,2025-08-31 20:25:00,6312.9,131.2,TRADE
VIC1,2025-08-31 20:30:00,6227.37,123.23,TRADE
VIC1,2025-08-31 20:35:00,6268.26,148.77,TRADE
VIC1,2025-08-31 20:40:00,6260.31,151.25,TRADE
VIC1,2025-08-31 20:45:00,6129.3,136.95,TRADE
VIC1,2025-08-31 20:50:00,6192.74,147.63,TRADE
VIC1,2025-08-31 20:55:00,6178.35,139.16,TRADE
VIC1,2025-08-31 21:00:00,6122.3,124.2,TRADE
VIC1,2025-08-31 21:05:00,6110.04,137.07,TRADE
VIC1,2025-08-31 21:10:00,6002.53,135.99,TRADE
VIC1,2025-08-31 21:15:00,5989.89,132.72,TRADE
VIC1,2025-08-31 21:20:00,6019.34,126.49,TRADE
VIC1,2025-08-31 21:25:00,6014.38,132.72,TRADE
VIC1,2025-08-31 21:30:00,5862.89,120.0,TRADE
VIC1,2025-08-31 21:35:00,5910.93,120.0,TRADE
VIC1,2025-08-31 21:40:00,5874.31,120.0,TRADE
VIC1,2025-08-31 21:45:00,5870.21,123.42,TRADE
VIC1,2025-08-31 21:50:00,5822.55,120.0,TRADE
VIC1,2025-08-31 21:55:00,5699.45,121.59,TRADE
VIC1,2025-08-31 22:00:00,5662.99,97.0,TRADE
VIC1,2025-08-31 22:05:00,5609.99,103.28,TRADE
VIC1,2025-08-31 22:10:00,5563.95,120.0,TRADE
VIC1,2025-08-31 22:15:00,5536.62,120.0,TRADE
VIC1,2025-08-31 22:20:00,5493.44,97.25,TRADE
VIC1,2025-08-31 22:25:00,5439.93,97.96,TRADE
VIC1,2025-08-31 22:30:00,5401.69,91.94,TRADE
VIC1,2025-08-31 22:35:00,5370.19,100.26,TRADE
VIC1,2025-08-31 22:40:00,5356.1,120.0,TRADE
VIC1,2025-08-31 22:45:00,5345.1,106.38,TRADE
VIC1,2025-08-31 22:50:00,5327.57,92.89,TRADE
VIC1,2025-08-31 22:55:00,5274.09,92.04,TRADE
VIC1,2025-08-31 23:00:00,5227.8,92.1,TRADE
VIC1,2025-08-31 23:05:00,5242.52,97.0,TRADE
VIC1,2025-08-31 23:10:00,5334.03,104.91,TRADE
VIC1,2025-08-31 23:15:00,5364.8,97.0,TRADE
VIC1,2025-08-31 23:20:00,5328.76,97.0,TRADE
VIC1,2025-08-31 23:25:00,5361.4,91.15,TRADE
VIC1,2025-08-31 23:30:00,5310.33,90.44,TRADE
VIC1,2025-08-31 23:35:00,5295.72,91.75,TRADE
VIC1,2025-08-31 23:40:00,5272.01,91.55,TRADE
VIC1,2025-08-31 23:45:00,5246.34,90.0,TRADE
VIC1,2025-08-31 23:50:00,5195.23,90.0,TRADE
VIC1,2025-08-31 23:55:00,5243.71,96.08,TRADE
