REGION,SETTLEMENTDATE,TOTALDEMAND,RRP,PERIODTYPE
VIC1,2025-01-01 00:05:00,4339.0,130.0,TRADE
VIC1,2025-01-01 00:10:00,4310.79,125.5,TRADE
VIC1,2025-01-01 00:15:00,4243.74,129.02,TRADE
VIC1,2025-01-01 00:20:00,4269.83,116.97,TRADE
VIC1,2025-01-01 00:25:00,4242.11,116.5,TRADE
VIC1,2025-01-01 00:30:00,4217.03,119.44,TRADE
VIC1,2025-01-01 00:35:00,4194.26,110.18,TRADE
VIC1,2025-01-01 00:40:00,4196.62,118.58,TRADE
VIC1,2025-01-01 00:45:00,4160.17,119.08,TRADE
VIC1,2025-01-01 00:50:00,4158.5,117.29,TRADE
VIC1,2025-01-01 00:55:00,4155.03,130.0,TRADE
VIC1,2025-01-01 01:00:00,4127.38,119.1,TRADE
VIC1,2025-01-01 01:05:00,4102.84,118.63,TRADE
VIC1,2025-01-01 01:10:00,4124.8,119.2,TRADE
VIC1,2025-01-01 01:15:00,4088.19,109.61,TRADE
VIC1,2025-01-01 01:20:00,4068.73,119.39,TRADE
VIC1,2025-01-01 01:25:00,4049.82,115.48,TRADE
VIC1,2025-01-01 01:30:00,4000.47,110.84,TRADE
VIC1,2025-01-01 01:35:00,4002.96,110.7,TRADE
VIC1,2025-01-01 01:40:00,3999.07,106.3,TRADE
VIC1,2025-01-01 01:45:00,3997.75,106.18,TRADE
VIC1,2025-01-01 01:50:00,3950.42,104.15,TRADE
VIC1,2025-01-01 01:55:00,3961.03,104.81,TRADE
VIC1,2025-01-01 02:00:00,3922.86,104.48,TRADE
VIC1,2025-01-01 02:05:00,3917.03,104.44,TRADE
VIC1,2025-01-01 02:10:00,3883.1,105.37,TRADE
VIC1,2025-01-01 02:15:00,3838.28,102.77,TRADE
VIC1,2025-01-01 02:20:00,3869.16,103.52,TRADE
VIC1,2025-01-01 02:25:00,3830.64,101.82,TRADE
VIC1,2025-01-01 02:30:00,3806.88,100.99,TRADE
VIC1,2025-01-01 02:35:00,3769.81,100.13,TRADE
VIC1,2025-01-01 02:40:00,3787.87,100.08,TRADE
VIC1,2025-01-01 02:45:00,3765.55,99.0,TRADE
VIC1,2025-01-01 02:50:00,3775.7,99.0,TRADE
VIC1,2025-01-01 02:55:00,3739.82,99.0,TRADE
VIC1,2025-01-01 03:00:00,3752.65,99.0,TRADE
VIC1,2025-01-01 03:05:00,3725.24,99.0,TRADE
VIC1,2025-01-01 03:10:00,3720.96,99.0,TRADE
VIC1,2025-01-01 03:15:00,3738.48,99.82,TRADE
VIC1,2025-01-01 03:20:00,3733.99,98.35,TRADE
VIC1,2025-01-01 03:25:00,3787.79,99.0,TRADE
VIC1,2025-01-01 03:30:00,3730.21,99.0,TRADE
VIC1,2025-01-01 03:35:00,3722.16,99.0,TRADE
VIC1,2025-01-01 03:40:00,3745.7,101.06,TRADE
VIC1,2025-01-01 03:45:00,3708.85,99.04,TRADE
VIC1,2025-01-01 03:50:00,3734.06,99.0,TRADE
VIC1,2025-01-01 03:55:00,3731.38,99.0,TRADE
VIC1,2025-01-01 04:00:00,3733.96,99.0,TRADE
VIC1,2025-01-01 04:05:00,3750.01,101.38,TRADE
VIC1,2025-01-01 04:10:00,3763.55,101.3,TRADE
VIC1,2025-01-01 04:15:00,3756.89,99.0,TRADE
VIC1,2025-01-01 04:20:00,3741.92,99.0,TRADE
VIC1,2025-01-01 04:25:00,3771.72,99.0,TRADE
VIC1,2025-01-01 04:30:00,3765.92,99.0,TRADE
VIC1,2025-01-01 04:35:00,3774.36,99.0,TRADE
VIC1,2025-01-01 04:40:00,3784.91,99.0,TRADE
VIC1,2025-01-01 04:45:00,3746.57,99.0,TRADE
VIC1,2025-01-01 04:50:00,3765.71,99.0,TRADE
VIC1,2025-01-01 04:55:00,3744.6,97.45,TRADE
VIC1,2025-01-01 05:00:00,3746.72,98.92,TRADE
VIC1,2025-01-01 05:05:00,3746.05,99.0,TRADE
VIC1,2025-01-01 05:10:00,3735.9,99.0,TRADE
VIC1,2025-01-01 05:15:00,3714.9,98.17,TRADE
VIC1,2025-01-01 05:20:00,3721.57,97.36,TRADE
VIC1,2025-01-01 05:25:00,3713.06,93.88,TRADE
VIC1,2025-01-01 05:30:00,3689.71,85.68,TRADE
VIC1,2025-01-01 05:35:00,3664.64,82.77,TRADE
VIC1,2025-01-01 05:40:00,3654.44,84.19,TRADE
VIC1,2025-01-01 05:45:00,3618.89,78.43,TRADE
VIC1,2025-01-01 05:50:00,3630.04,74.81,TRADE
VIC1,2025-01-01 05:55:00,3594.48,53.46,TRADE
VIC1,2025-01-01 06:00:00,3592.56,53.4,TRADE
VIC1,2025-01-01 06:05:00,3585.92,19.19,TRADE
VIC1,2025-01-01 06:10:00,3609.37,41.63,TRADE
VIC1,2025-01-01 06:15:00,3587.13,12.0,TRADE
VIC1,2025-01-01 06:20:00,3562.96,-14.7,TRADE
VIC1,2025-01-01 06:25:00,3528.54,-18.31,TRADE
VIC1,2025-01-01 06:30:00,3494.5,-18.71,TRADE
VIC1,2025-01-01 06:35:00,3435.34,-18.79,TRADE
VIC1,2025-01-01 06:40:00,3410.02,-18.48,TRADE
VIC1,2025-01-01 06:45:00,3382.75,-19.57,TRADE
VIC1,2025-01-01 06:50:00,3400.19,-30.5,TRADE
VIC1,2025-01-01 06:55:00,3398.73,-30.45,TRADE
VIC1,2025-01-01 07:00:00,3384.0,-25.87,TRADE
VIC1,2025-01-01 07:05:00,3372.6,-25.34,TRADE
VIC1,2025-01-01 07:10:00,3309.18,-21.0,TRADE
VIC1,2025-01-01 07:15:00,3228.25,-32.0,TRADE
VIC1,2025-01-01 07:20:00,3265.78,-28.9,TRADE
VIC1,2025-01-01 07:25:00,3243.83,-29.3,TRADE
VIC1,2025-01-01 07:30:00,3192.93,-29.79,TRADE
VIC1,2025-01-01 07:35:00,3149.26,-32.0,TRADE
VIC1,2025-01-01 07:40:00,3181.4,-30.79,TRADE
VIC1,2025-01-01 07:45:00,3135.55,-32.0,TRADE
VIC1,2025-01-01 07:50:00,3164.43,-33.0,TRADE
VIC1,2025-01-01 07:55:00,3122.91,-31.58,TRADE
VIC1,2025-01-01 08:00:00,3055.05,-30.37,TRADE
VIC1,2025-01-01 08:05:00,3011.05,-32.0,TRADE
VIC1,2025-01-01 08:10:00,3020.8,-32.0,TRADE
VIC1,2025-01-01 08:15:00,2983.51,-32.0,TRADE
VIC1,2025-01-01 08:20:00,2954.96,-33.84,TRADE
VIC1,2025-01-01 08:25:00,2939.29,-34.67,TRADE
VIC1,2025-01-01 08:30:00,2923.77,-35.05,TRADE
VIC1,2025-01-01 08:35:00,2973.34,-35.41,TRADE
VIC1,2025-01-01 08:40:00,2936.47,-35.34,TRADE
VIC1,2025-01-01 08:45:00,2867.68,-37.41,TRADE
VIC1,2025-01-01 08:50:00,2899.16,-37.77,TRADE
VIC1,2025-01-01 08:55:00,2842.41,-50.08,TRADE
VIC1,2025-01-01 09:00:00,2799.96,-38.94,TRADE
VIC1,2025-01-01 09:05:00,2673.83,-66.3,TRADE
VIC1,2025-01-01 09:10:00,2647.68,-46.55,TRADE
VIC1,2025-01-01 09:15:00,2538.82,-66.3,TRADE
VIC1,2025-01-01 09:20:00,2523.65,-66.3,TRADE
VIC1,2025-01-01 09:25:00,2427.33,-66.3,TRADE
VIC1,2025-01-01 09:30:00,2373.53,-162.31,TRADE
VIC1,2025-01-01 09:35:00,2296.58,-66.3,TRADE
VIC1,2025-01-01 09:40:00,2146.89,-56.21,TRADE
VIC1,2025-01-01 09:45:00,2083.34,-66.3,TRADE
VIC1,2025-01-01 09:50:00,1971.48,-157.58,TRADE
VIC1,2025-01-01 09:55:00,2119.09,-161.19,TRADE
VIC1,2025-01-01 10:00:00,2111.2,-110.24,TRADE
VIC1,2025-01-01 10:05:00,2071.31,-126.97,TRADE
VIC1,2025-01-01 10:10:00,2087.84,-105.01,TRADE
VIC1,2025-01-01 10:15:00,2070.33,-66.3,TRADE
VIC1,2025-01-01 10:20:00,2003.0,-96.77,TRADE
VIC1,2025-01-01 10:25:00,1972.49,-110.24,TRADE
VIC1,2025-01-01 10:30:00,1886.84,-105.01,TRADE
VIC1,2025-01-01 10:35:00,1848.92,-109.42,TRADE
VIC1,2025-01-01 10:40:00,1807.57,-74.4,TRADE
VIC1,2025-01-01 10:45:00,1749.92,-126.65,TRADE
VIC1,2025-01-01 10:50:00,1738.32,-136.43,TRADE
VIC1,2025-01-01 10:55:00,1665.94,-141.43,TRADE
VIC1,2025-01-01 11:00:00,1683.66,-142.45,TRADE
VIC1,2025-01-01 11:05:00,1591.1,-202.25,TRADE
VIC1,2025-01-01 11:10:00,1578.0,-125.97,TRADE
VIC1,2025-01-01 11:15:00,1598.32,-181.0,TRADE
VIC1,2025-01-01 11:20:00,1543.86,-110.24,TRADE
VIC1,2025-01-01 11:25:00,1525.77,-204.48,TRADE
VIC1,2025-01-01 11:30:00,1528.35,-177.52,TRADE
VIC1,2025-01-01 11:35:00,1532.43,-197.81,TRADE
VIC1,2025-01-01 11:40:00,1526.47,-125.81,TRADE
VIC1,2025-01-01 11:45:00,1529.92,-125.78,TRADE
VIC1,2025-01-01 11:50:00,1474.06,-208.65,TRADE
VIC1,2025-01-01 11:55:00,1503.26,-181.0,TRADE
VIC1,2025-01-01 12:00:00,1476.65,-206.06,TRADE
VIC1,2025-01-01 12:05:00,1505.06,-91.18,TRADE
VIC1,2025-01-01 12:10:00,1400.13,-203.35,TRADE
VIC1,2025-01-01 12:15:00,1460.44,-253.6,TRADE
VIC1,2025-01-01 12:20:00,1438.95,-253.6,TRADE
VIC1,2025-01-01 12:25:00,1427.43,-328.8,TRADE
VIC1,2025-01-01 12:30:00,1433.27,-325.38,TRADE
VIC1,2025-01-01 12:35:00,1442.3,-368.27,TRADE
VIC1,2025-01-01 12:40:00,1437.6,-389.0,TRADE
VIC1,2025-01-01 12:45:00,1461.69,-386.61,TRADE
VIC1,2025-01-01 12:50:00,1483.39,-286.9,TRADE
VIC1,2025-01-01 12:55:00,1474.42,-209.33,TRADE
VIC1,2025-01-01 13:00:00,1450.15,-282.28,TRADE
VIC1,2025-01-01 13:05:00,1469.19,-217.34,TRADE
VIC1,2025-01-01 13:10:00,1512.95,-207.99,TRADE
VIC1,2025-01-01 13:15:00,1505.33,-219.81,TRADE
VIC1,2025-01-01 13:20:00,1515.83,-218.08,TRADE
VIC1,2025-01-01 13:25:00,1503.6,-140.0,TRADE
VIC1,2025-01-01 13:30:00,1519.75,-208.78,TRADE
VIC1,2025-01-01 13:35:00,1500.98,-161.0,TRADE
VIC1,2025-01-01 13:40:00,1578.33,-161.0,TRADE
VIC1,2025-01-01 13:45:00,1555.4,-217.36,TRADE
VIC1,2025-01-01 13:50:00,1609.88,-161.0,TRADE
VIC1,2025-01-01 13:55:00,1616.32,-220.09,TRADE
VIC1,2025-01-01 14:00:00,1629.68,-152.0,TRADE
VIC1,2025-01-01 14:05:00,1645.54,-317.91,TRADE
VIC1,2025-01-01 14:10:00,1670.78,-326.83,TRADE
VIC1,2025-01-01 14:15:00,1698.58,-347.87,TRADE
VIC1,2025-01-01 14:20:00,1732.95,-351.54,TRADE
VIC1,2025-01-01 14:25:00,1795.53,-340.74,TRADE
VIC1,2025-01-01 14:30:00,1849.45,-351.41,TRADE
VIC1,2025-01-01 14:35:00,1855.91,-335.98,TRADE
VIC1,2025-01-01 14:40:00,1895.21,-336.82,TRADE
VIC1,2025-01-01 14:45:00,1979.33,-161.0,TRADE
VIC1,2025-01-01 14:50:00,2009.07,-181.0,TRADE
VIC1,2025-01-01 14:55:00,2051.15,-181.0,TRADE
VIC1,2025-01-01 15:00:00,2117.15,-181.0,TRADE
VIC1,2025-01-01 15:05:00,2152.53,-115.06,TRADE
VIC1,2025-01-01 15:10:00,2229.29,-110.24,TRADE
VIC1,2025-01-01 15:15:00,2276.8,-95.12,TRADE
VIC1,2025-01-01 15:20:00,2292.73,-66.3,TRADE
VIC1,2025-01-01 15:25:00,2388.44,-66.3,TRADE
VIC1,2025-01-01 15:30:00,2472.42,-66.3,TRADE
VIC1,2025-01-01 15:35:00,2585.04,-66.3,TRADE
VIC1,2025-01-01 15:40:00,2652.11,-62.51,TRADE
VIC1,2025-01-01 15:45:00,2643.88,-63.94,TRADE
VIC1,2025-01-01 15:50:00,2732.19,-57.9,TRADE
VIC1,2025-01-01 15:55:00,2785.29,-63.94,TRADE
VIC1,2025-01-01 16:00:00,2837.15,-56.18,TRADE
VIC1,2025-01-01 16:05:00,2913.66,-57.9,TRADE
VIC1,2025-01-01 16:10:00,2998.96,-57.9,TRADE
VIC1,2025-01-01 16:15:00,3155.92,-57.9,TRADE
VIC1,2025-01-01 16:20:00,3264.76,-45.05,TRADE
VIC1,2025-01-01 16:25:00,3366.16,-45.05,TRADE
VIC1,2025-01-01 16:30:00,3423.14,-45.05,TRADE
VIC1,2025-01-01 16:35:00,3491.39,-63.94,TRADE
VIC1,2025-01-01 16:40:00,3639.22,-62.51,TRADE
VIC1,2025-01-01 16:45:00,3700.26,-57.9,TRADE
VIC1,2025-01-01 16:50:00,3786.24,-45.05,TRADE
VIC1,2025-01-01 16:55:00,3872.53,-45.05,TRADE
VIC1,2025-01-01 17:00:00,3944.15,-41.73,TRADE
VIC1,2025-01-01 17:05:00,4014.56,-50.08,TRADE
VIC1,2025-01-01 17:10:00,4069.03,-45.73,TRADE
VIC1,2025-01-01 17:15:00,4185.38,-45.05,TRADE
VIC1,2025-01-01 17:20:00,4238.6,-45.05,TRADE
VIC1,2025-01-01 17:25:00,4296.15,-41.73,TRADE
VIC1,2025-01-01 17:30:00,4303.88,-41.73,TRADE
VIC1,2025-01-01 17:35:00,4374.48,-45.05,TRADE
VIC1,2025-01-01 17:40:00,4235.26,-45.05,TRADE
VIC1,2025-01-01 17:45:00,4276.62,-38.31,TRADE
VIC1,2025-01-01 17:50:00,4290.82,-37.18,TRADE
VIC1,2025-01-01 17:55:00,4278.22,-34.93,TRADE
VIC1,2025-01-01 18:00:00,4305.47,-34.67,TRADE
VIC1,2025-01-01 18:05:00,4307.53,-21.0,TRADE
VIC1,2025-01-01 18:10:00,4276.31,-19.99,TRADE
VIC1,2025-01-01 18:15:00,4302.3,8.95,TRADE
VIC1,2025-01-01 18:20:00,4267.5,7.92,TRADE
VIC1,2025-01-01 18:25:00,4256.09,8.95,TRADE
VIC1,2025-01-01 18:30:00,4247.29,8.59,TRADE
VIC1,2025-01-01 18:35:00,4204.03,-19.99,TRADE
VIC1,2025-01-01 18:40:00,4211.12,0.0,TRADE
VIC1,2025-01-01 18:45:00,4262.22,-19.99,TRADE
VIC1,2025-01-01 18:50:00,4273.67,8.95,TRADE
VIC1,2025-01-01 18:55:00,4309.22,8.95,TRADE
VIC1,2025-01-01 19:00:00,4333.89,9.0,TRADE
VIC1,2025-01-01 19:05:00,4364.25,8.95,TRADE
VIC1,2025-01-01 19:10:00,4336.12,8.95,TRADE
VIC1,2025-01-01 19:15:00,4349.05,8.95,TRADE
VIC1,2025-01-01 19:20:00,4376.79,17.99,TRADE
VIC1,2025-01-01 19:25:00,4435.36,17.99,TRADE
VIC1,2025-01-01 19:30:00,4447.42,17.99,TRADE
VIC1,2025-01-01 19:35:00,4463.43,45.8,TRADE
VIC1,2025-01-01 19:40:00,4468.88,45.8,TRADE
VIC1,2025-01-01 19:45:00,4474.19,17.99,TRADE
VIC1,2025-01-01 19:50:00,4444.46,45.8,TRADE
VIC1,2025-01-01 19:55:00,4436.75,45.8,TRADE
VIC1,2025-01-01 20:00:00,4447.18,41.92,TRADE
VIC1,2025-01-01 20:05:00,4488.6,21.98,TRADE
VIC1,2025-01-01 20:10:00,4457.92,12.0,TRADE
VIC1,2025-01-01 20:15:00,4445.12,12.0,TRADE
VIC1,2025-01-01 20:20:00,4449.76,38.79,TRADE
VIC1,2025-01-01 20:25:00,4445.92,61.92,TRADE
VIC1,2025-01-01 20:30:00,4424.3,38.51,TRADE
VIC1,2025-01-01 20:35:00,4431.45,47.19,TRADE
VIC1,2025-01-01 20:40:00,4398.26,43.26,TRADE
VIC1,2025-01-01 20:45:00,4398.99,40.0,TRADE
VIC1,2025-01-01 20:50:00,4391.72,46.51,TRADE
VIC1,2025-01-01 20:55:00,4366.84,40.3,TRADE
VIC1,2025-01-01 21:00:00,4351.22,40.19,TRADE
VIC1,2025-01-01 21:05:00,4307.08,26.18,TRADE
VIC1,2025-01-01 21:10:00,4308.47,78.13,TRADE
VIC1,2025-01-01 21:15:00,4294.1,23.73,TRADE
VIC1,2025-01-01 21:20:00,4305.73,32.35,TRADE
VIC1,2025-01-01 21:25:00,4245.43,33.0,TRADE
VIC1,2025-01-01 21:30:00,4248.03,51.58,TRADE
VIC1,2025-01-01 21:35:00,4236.97,68.04,TRADE
VIC1,2025-01-01 21:40:00,4236.25,82.74,TRADE
VIC1,2025-01-01 21:45:00,4189.13,67.17,TRADE
VIC1,2025-01-01 21:50:00,4164.76,65.15,TRADE
VIC1,2025-01-01 21:55:00,4138.55,50.85,TRADE
VIC1,2025-01-01 22:00:00,4116.21,52.05,TRADE
VIC1,2025-01-01 22:05:00,4050.02,42.68,TRADE
VIC1,2025-01-01 22:10:00,4063.42,0.0,TRADE
VIC1,2025-01-01 22:15:00,4025.06,44.9,TRADE
VIC1,2025-01-01 22:20:00,4091.87,82.1,TRADE
VIC1,2025-01-01 22:25:00,4026.01,74.73,TRADE
VIC1,2025-01-01 22:30:00,4020.3,72.35,TRADE
VIC1,2025-01-01 22:35:00,4029.01,72.53,TRADE
VIC1,2025-01-01 22:40:00,4016.46,73.94,TRADE
VIC1,2025-01-01 22:45:00,3981.35,61.04,TRADE
VIC1,2025-01-01 22:50:00,4007.93,70.56,TRADE
VIC1,2025-01-01 22:55:00,4013.91,65.23,TRADE
VIC1,2025-01-01 23:00:00,3982.63,53.56,TRADE
VIC1,2025-01-01 23:05:00,4019.06,75.0,TRADE
VIC1,2025-01-01 23:10:00,4104.54,99.0,TRADE
VIC1,2025-01-01 23:15:00,4130.38,80.43,TRADE
VIC1,2025-01-01 23:20:00,4123.04,77.09,TRADE
VIC1,2025-01-01 23:25:00,4143.24,80.61,TRADE
VIC1,2025-01-01 23:30:00,4146.15,76.43,TRADE
VIC1,2025-01-01 23:35:00,4139.88,74.24,TRADE
VIC1,2025-01-01 23:40:00,4121.0,77.45,TRADE
VIC1,2025-01-01 23:45:00,4071.11,69.36,TRADE
VIC1,2025-01-01 23:50:00,4061.42,76.67,TRADE
VIC1,2025-01-01 23:55:00,4037.91,75.17,TRADE
VIC1,2025-01-02 00:00:00,4019.93,73.51,TRADE
VIC1,2025-01-02 00:05:00,4018.97,75.0,TRADE
VIC1,2025-01-02 00:10:00,3992.49,75.0,TRADE
VIC1,2025-01-02 00:15:00,3954.18,70.44,TRADE
VIC1,2025-01-02 00:20:00,3917.8,69.46,TRADE
VIC1,2025-01-02 00:25:00,3911.13,72.57,TRADE
VIC1,2025-01-02 00:30:00,3897.31,63.99,TRADE
VIC1,2025-01-02 00:35:00,3837.75,64.03,TRADE
VIC1,2025-01-02 00:40:00,3840.42,70.56,TRADE
VIC1,2025-01-02 00:45:00,3813.63,64.63,TRADE
VIC1,2025-01-02 00:50:00,3814.46,64.59,TRADE
VIC1,2025-01-02 00:55:00,3815.42,64.08,TRADE
VIC1,2025-01-02 01:00:00,3796.56,64.59,TRADE
VIC1,2025-01-02 01:05:00,3794.79,66.66,TRADE
VIC1,2025-01-02 01:10:00,3791.56,65.63,TRADE
VIC1,2025-01-02 01:15:00,3774.92,72.2,TRADE
VIC1,2025-01-02 01:20:00,3765.88,72.15,TRADE
VIC1,2025-01-02 01:25:00,3699.56,64.61,TRADE
VIC1,2025-01-02 01:30:00,3746.44,64.61,TRADE
VIC1,2025-01-02 01:35:00,3744.89,66.59,TRADE
VIC1,2025-01-02 01:40:00,3694.65,64.03,TRADE
VIC1,2025-01-02 01:45:00,3696.68,64.49,TRADE
VIC1,2025-01-02 01:50:00,3686.62,64.51,TRADE
VIC1,2025-01-02 01:55:00,3648.69,63.29,TRADE
VIC1,2025-01-02 02:00:00,3646.74,63.25,TRADE
VIC1,2025-01-02 02:05:00,3638.33,63.24,TRADE
VIC1,2025-01-02 02:10:00,3623.07,63.3,TRADE
VIC1,2025-01-02 02:15:00,3635.81,63.27,TRADE
VIC1,2025-01-02 02:20:00,3620.48,63.29,TRADE
VIC1,2025-01-02 02:25:00,3587.95,62.75,TRADE
VIC1,2025-01-02 02:30:00,3586.15,45.14,TRADE
VIC1,2025-01-02 02:35:00,3554.11,29.42,TRADE
VIC1,2025-01-02 02:40:00,3552.62,31.89,TRADE
VIC1,2025-01-02 02:45:00,3544.01,23.88,TRADE
VIC1,2025-01-02 02:50:00,3551.49,19.19,TRADE
VIC1,2025-01-02 02:55:00,3510.86,19.19,TRADE
VIC1,2025-01-02 03:00:00,3520.29,19.19,TRADE
VIC1,2025-01-02 03:05:00,3519.34,19.19,TRADE
VIC1,2025-01-02 03:10:00,3522.88,19.19,TRADE
VIC1,2025-01-02 03:15:00,3552.69,19.19,TRADE
VIC1,2025-01-02 03:20:00,3563.24,19.19,TRADE
VIC1,2025-01-02 03:25:00,3570.04,19.19,TRADE
VIC1,2025-01-02 03:30:00,3554.45,19.19,TRADE
VIC1,2025-01-02 03:35:00,3549.49,19.19,TRADE
VIC1,2025-01-02 03:40:00,3576.81,24.33,TRADE
VIC1,2025-01-02 03:45:00,3587.52,62.01,TRADE
VIC1,2025-01-02 03:50:00,3585.92,61.96,TRADE
VIC1,2025-01-02 03:55:00,3592.04,61.91,TRADE
VIC1,2025-01-02 04:00:00,3627.96,62.45,TRADE
VIC1,2025-01-02 04:05:00,3631.13,62.46,TRADE
VIC1,2025-01-02 04:10:00,3649.02,62.96,TRADE
VIC1,2025-01-02 04:15:00,3659.73,63.36,TRADE
VIC1,2025-01-02 04:20:00,3696.12,63.45,TRADE
VIC1,2025-01-02 04:25:00,3703.7,63.37,TRADE
VIC1,2025-01-02 04:30:00,3658.93,62.92,TRADE
VIC1,2025-01-02 04:35:00,3705.91,63.39,TRADE
VIC1,2025-01-02 04:40:00,3705.86,63.55,TRADE
VIC1,2025-01-02 04:45:00,3706.38,55.61,TRADE
VIC1,2025-01-02 04:50:00,3721.85,56.57,TRADE
VIC1,2025-01-02 04:55:00,3744.75,65.07,TRADE
VIC1,2025-01-02 05:00:00,3740.67,63.99,TRADE
VIC1,2025-01-02 05:05:00,3752.52,56.09,TRADE
VIC1,2025-01-02 05:10:00,3819.5,65.12,TRADE
VIC1,2025-01-02 05:15:00,3828.95,65.12,TRADE
VIC1,2025-01-02 05:20:00,3822.84,66.31,TRADE
VIC1,2025-01-02 05:25:00,3789.2,66.35,TRADE
VIC1,2025-01-02 05:30:00,3830.24,65.01,TRADE
VIC1,2025-01-02 05:35:00,3819.76,63.95,TRADE
VIC1,2025-01-02 05:40:00,3846.61,64.05,TRADE
VIC1,2025-01-02 05:45:00,3839.02,47.7,TRADE
VIC1,2025-01-02 05:50:00,3842.13,47.34,TRADE
VIC1,2025-01-02 05:55:00,3798.69,8.95,TRADE
VIC1,2025-01-02 06:00:00,3786.04,0.45,TRADE
VIC1,2025-01-02 06:05:00,3758.16,9.0,TRADE
VIC1,2025-01-02 06:10:00,3812.96,9.0,TRADE
VIC1,2025-01-02 06:15:00,3818.62,-13.29,TRADE
VIC1,2025-01-02 06:20:00,3776.68,-4.0,TRADE
VIC1,2025-01-02 06:25:00,3751.55,-18.05,TRADE
VIC1,2025-01-02 06:30:00,3740.61,-19.64,TRADE
VIC1,2025-01-02 06:35:00,3672.26,-33.78,TRADE
VIC1,2025-01-02 06:40:00,3692.32,-36.09,TRADE
VIC1,2025-01-02 06:45:00,3668.38,-63.99,TRADE
VIC1,2025-01-02 06:50:00,3645.09,-39.0,TRADE
VIC1,2025-01-02 06:55:00,3601.91,-35.85,TRADE
VIC1,2025-01-02 07:00:00,3615.92,-39.0,TRADE
VIC1,2025-01-02 07:05:00,3590.45,-44.94,TRADE
VIC1,2025-01-02 07:10:00,3562.67,-66.3,TRADE
VIC1,2025-01-02 07:15:00,3492.24,-44.29,TRADE
VIC1,2025-01-02 07:20:00,3436.68,-51.54,TRADE
VIC1,2025-01-02 07:25:00,3385.1,-42.77,TRADE
VIC1,2025-01-02 07:30:00,3357.14,-65.0,TRADE
VIC1,2025-01-02 07:35:00,3294.88,-66.3,TRADE
VIC1,2025-01-02 07:40:00,3300.37,-57.9,TRADE
VIC1,2025-01-02 07:45:00,3211.52,-57.9,TRADE
VIC1,2025-01-02 07:50:00,3164.11,-63.94,TRADE
VIC1,2025-01-02 07:55:00,3130.67,-38.31,TRADE
VIC1,2025-01-02 08:00:00,3136.25,-65.0,TRADE
VIC1,2025-01-02 08:05:00,3128.13,-38.31,TRADE
VIC1,2025-01-02 08:10:00,3130.46,-34.85,TRADE
VIC1,2025-01-02 08:15:00,3081.24,-42.28,TRADE
VIC1,2025-01-02 08:20:00,2990.77,-50.08,TRADE
VIC1,2025-01-02 08:25:00,2989.19,-34.7,TRADE
VIC1,2025-01-02 08:30:00,2906.66,-38.31,TRADE
VIC1,2025-01-02 08:35:00,2883.07,-50.08,TRADE
VIC1,2025-01-02 08:40:00,2823.49,-45.05,TRADE
VIC1,2025-01-02 08:45:00,2825.18,-41.73,TRADE
VIC1,2025-01-02 08:50:00,2737.38,-50.08,TRADE
VIC1,2025-01-02 08:55:00,2649.1,-66.3,TRADE
VIC1,2025-01-02 09:00:00,2689.15,-36.48,TRADE
VIC1,2025-01-02 09:05:00,2540.05,-66.3,TRADE
VIC1,2025-01-02 09:10:00,2549.26,-63.94,TRADE
VIC1,2025-01-02 09:15:00,2419.82,-40.32,TRADE
VIC1,2025-01-02 09:20:00,2352.87,-66.3,TRADE
VIC1,2025-01-02 09:25:00,2413.14,-63.94,TRADE
VIC1,2025-01-02 09:30:00,2264.37,-57.9,TRADE
VIC1,2025-01-02 09:35:00,2196.25,-62.51,TRADE
VIC1,2025-01-02 09:40:00,2182.03,-57.9,TRADE
VIC1,2025-01-02 09:45:00,2098.54,-66.3,TRADE
VIC1,2025-01-02 09:50:00,2145.73,-57.9,TRADE
VIC1,2025-01-02 09:55:00,2050.22,-66.3,TRADE
VIC1,2025-01-02 10:00:00,2071.75,-66.3,TRADE
VIC1,2025-01-02 10:05:00,2035.92,-388.14,TRADE
VIC1,2025-01-02 10:10:00,2171.18,-140.0,TRADE
VIC1,2025-01-02 10:15:00,2126.16,-69.63,TRADE
VIC1,2025-01-02 10:20:00,2085.8,-105.01,TRADE
VIC1,2025-01-02 10:25:00,2098.36,-246.46,TRADE
VIC1,2025-01-02 10:30:00,2034.43,-253.6,TRADE
VIC1,2025-01-02 10:35:00,1992.52,-253.6,TRADE
VIC1,2025-01-02 10:40:00,1990.53,-140.0,TRADE
VIC1,2025-01-02 10:45:00,1987.36,-122.6,TRADE
VIC1,2025-01-02 10:50:00,1959.79,-100.36,TRADE
VIC1,2025-01-02 10:55:00,1900.01,-69.63,TRADE
VIC1,2025-01-02 11:00:00,1915.58,-66.3,TRADE
VIC1,2025-01-02 11:05:00,1891.88,-66.3,TRADE
VIC1,2025-01-02 11:10:00,1883.16,-66.3,TRADE
VIC1,2025-01-02 11:15:00,1865.65,-66.3,TRADE
VIC1,2025-01-02 11:20:00,1803.57,-69.63,TRADE
VIC1,2025-01-02 11:25:00,1821.38,-69.63,TRADE
VIC1,2025-01-02 11:30:00,1807.96,-69.63,TRADE
VIC1,2025-01-02 11:35:00,1778.74,-69.63,TRADE
VIC1,2025-01-02 11:40:00,1755.72,-69.63,TRADE
VIC1,2025-01-02 11:45:00,1749.26,-69.63,TRADE
VIC1,2025-01-02 11:50:00,1719.9,-69.63,TRADE
VIC1,2025-01-02 11:55:00,1717.75,-79.88,TRADE
VIC1,2025-01-02 12:00:00,1706.57,-102.44,TRADE
VIC1,2025-01-02 12:05:00,1709.78,-69.63,TRADE
VIC1,2025-01-02 12:10:00,1706.49,-69.63,TRADE
VIC1,2025-01-02 12:15:00,1675.62,-84.86,TRADE
VIC1,2025-01-02 12:20:00,1682.19,-69.63,TRADE
VIC1,2025-01-02 12:25:00,1669.6,-84.86,TRADE
VIC1,2025-01-02 12:30:00,1671.33,-103.99,TRADE
VIC1,2025-01-02 12:35:00,1652.84,-84.86,TRADE
VIC1,2025-01-02 12:40:00,1646.4,-80.06,TRADE
VIC1,2025-01-02 12:45:00,1679.86,-104.0,TRADE
VIC1,2025-01-02 12:50:00,1658.86,-102.83,TRADE
VIC1,2025-01-02 12:55:00,1684.44,-105.01,TRADE
VIC1,2025-01-02 13:00:00,1680.91,-69.63,TRADE
VIC1,2025-01-02 13:05:00,1668.97,-442.83,TRADE
VIC1,2025-01-02 13:10:00,1701.25,-410.05,TRADE
VIC1,2025-01-02 13:15:00,1708.37,-406.77,TRADE
VIC1,2025-01-02 13:20:00,1692.69,-150.0,TRADE
VIC1,2025-01-02 13:25:00,1700.45,-152.0,TRADE
VIC1,2025-01-02 13:30:00,1745.91,-150.0,TRADE
VIC1,2025-01-02 13:35:00,1727.38,-150.0,TRADE
VIC1,2025-01-02 13:40:00,1753.88,-105.01,TRADE
VIC1,2025-01-02 13:45:00,1762.86,-84.86,TRADE
VIC1,2025-01-02 13:50:00,1780.33,-66.3,TRADE
VIC1,2025-01-02 13:55:00,1780.45,-102.34,TRADE
VIC1,2025-01-02 14:00:00,1781.81,-102.34,TRADE
VIC1,2025-01-02 14:05:00,1854.4,-84.86,TRADE
VIC1,2025-01-02 14:10:00,1834.52,-84.86,TRADE
VIC1,2025-01-02 14:15:00,1870.41,-84.86,TRADE
VIC1,2025-01-02 14:20:00,1860.63,-84.86,TRADE
VIC1,2025-01-02 14:25:00,1905.17,-84.86,TRADE
VIC1,2025-01-02 14:30:00,1933.47,-66.3,TRADE
VIC1,2025-01-02 14:35:00,1937.76,-66.3,TRADE
VIC1,2025-01-02 14:40:00,1976.6,-66.3,TRADE
VIC1,2025-01-02 14:45:00,2040.36,-66.3,TRADE
VIC1,2025-01-02 14:50:00,2094.07,-66.3,TRADE
VIC1,2025-01-02 14:55:00,2135.22,-66.3,TRADE
VIC1,2025-01-02 15:00:00,2135.17,-66.3,TRADE
VIC1,2025-01-02 15:05:00,2177.91,-63.94,TRADE
VIC1,2025-01-02 15:10:00,2199.65,-63.94,TRADE
VIC1,2025-01-02 15:15:00,2215.16,-66.3,TRADE
VIC1,2025-01-02 15:20:00,2325.15,-57.9,TRADE
VIC1,2025-01-02 15:25:00,2326.25,-61.37,TRADE
VIC1,2025-01-02 15:30:00,2375.39,-50.08,TRADE
VIC1,2025-01-02 15:35:00,2411.95,-205.63,TRADE
VIC1,2025-01-02 15:40:00,2549.39,-110.24,TRADE
VIC1,2025-01-02 15:45:00,2576.52,-66.3,TRADE
VIC1,2025-01-02 15:50:00,2673.53,-66.3,TRADE
VIC1,2025-01-02 15:55:00,2723.48,-66.3,TRADE
VIC1,2025-01-02 16:00:00,2790.08,-66.3,TRADE
VIC1,2025-01-02 16:05:00,2847.04,-66.3,TRADE
VIC1,2025-01-02 16:10:00,2855.62,-66.3,TRADE
VIC1,2025-01-02 16:15:00,2916.86,-66.3,TRADE
VIC1,2025-01-02 16:20:00,2988.03,-66.3,TRADE
VIC1,2025-01-02 16:25:00,3088.39,-57.9,TRADE
VIC1,2025-01-02 16:30:00,3115.8,-46.55,TRADE
VIC1,2025-01-02 16:35:00,3222.38,-57.9,TRADE
VIC1,2025-01-02 16:40:00,3258.88,-57.9,TRADE
VIC1,2025-01-02 16:45:00,3319.85,-50.08,TRADE
VIC1,2025-01-02 16:50:00,3429.45,-50.08,TRADE
VIC1,2025-01-02 16:55:00,3543.0,-45.05,TRADE
VIC1,2025-01-02 17:00:00,3482.21,-38.31,TRADE
VIC1,2025-01-02 17:05:00,3565.26,-50.08,TRADE
VIC1,2025-01-02 17:10:00,3531.13,-62.51,TRADE
VIC1,2025-01-02 17:15:00,3683.97,-38.31,TRADE
VIC1,2025-01-02 17:20:00,3699.6,-50.08,TRADE
VIC1,2025-01-02 17:25:00,3798.71,-38.76,TRADE
VIC1,2025-01-02 17:30:00,3878.82,-38.31,TRADE
VIC1,2025-01-02 17:35:00,3939.42,-35.5,TRADE
VIC1,2025-01-02 17:40:00,4031.83,-34.46,TRADE
VIC1,2025-01-02 17:45:00,4102.57,-33.77,TRADE
VIC1,2025-01-02 17:50:00,4109.63,-32.0,TRADE
VIC1,2025-01-02 17:55:00,4180.51,-21.0,TRADE
VIC1,2025-01-02 18:00:00,4202.7,-20.36,TRADE
VIC1,2025-01-02 18:05:00,4273.68,-20.19,TRADE
VIC1,2025-01-02 18:10:00,4300.83,-10.25,TRADE
VIC1,2025-01-02 18:15:00,4319.03,8.95,TRADE
VIC1,2025-01-02 18:20:00,4335.04,9.0,TRADE
VIC1,2025-01-02 18:25:00,4374.58,9.0,TRADE
VIC1,2025-01-02 18:30:00,4400.77,8.95,TRADE
VIC1,2025-01-02 18:35:00,4400.95,48.22,TRADE
VIC1,2025-01-02 18:40:00,4465.39,65.8,TRADE
VIC1,2025-01-02 18:45:00,4503.18,58.5,TRADE
VIC1,2025-01-02 18:50:00,4516.13,65.8,TRADE
VIC1,2025-01-02 18:55:00,4528.28,74.91,TRADE
VIC1,2025-01-02 19:00:00,4543.59,83.98,TRADE
VIC1,2025-01-02 19:05:00,4554.67,65.8,TRADE
VIC1,2025-01-02 19:10:00,4555.15,72.47,TRADE
VIC1,2025-01-02 19:15:00,4618.82,59.71,TRADE
VIC1,2025-01-02 19:20:00,4636.09,69.35,TRADE
VIC1,2025-01-02 19:25:00,4631.76,65.8,TRADE
VIC1,2025-01-02 19:30:00,4645.3,73.36,TRADE
VIC1,2025-01-02 19:35:00,4675.88,65.8,TRADE
VIC1,2025-01-02 19:40:00,4671.09,65.8,TRADE
VIC1,2025-01-02 19:45:00,4694.17,65.8,TRADE
VIC1,2025-01-02 19:50:00,4678.34,65.8,TRADE
VIC1,2025-01-02 19:55:00,4721.65,73.52,TRADE
VIC1,2025-01-02 20:00:00,4662.56,65.8,TRADE
VIC1,2025-01-02 20:05:00,4665.5,59.24,TRADE
VIC1,2025-01-02 20:10:00,4677.57,60.0,TRADE
VIC1,2025-01-02 20:15:00,4682.73,65.31,TRADE
VIC1,2025-01-02 20:20:00,4644.39,58.27,TRADE
VIC1,2025-01-02 20:25:00,4683.1,65.27,TRADE
VIC1,2025-01-02 20:30:00,4636.18,60.33,TRADE
VIC1,2025-01-02 20:35:00,4656.73,66.18,TRADE
VIC1,2025-01-02 20:40:00,4585.74,66.09,TRADE
VIC1,2025-01-02 20:45:00,4572.39,65.8,TRADE
VIC1,2025-01-02 20:50:00,4503.18,63.72,TRADE
VIC1,2025-01-02 20:55:00,4528.06,64.19,TRADE
VIC1,2025-01-02 21:00:00,4509.86,64.76,TRADE
VIC1,2025-01-02 21:05:00,4471.85,64.26,TRADE
VIC1,2025-01-02 21:10:00,4495.78,64.2,TRADE
VIC1,2025-01-02 21:15:00,4468.97,64.12,TRADE
VIC1,2025-01-02 21:20:00,4448.76,63.54,TRADE
VIC1,2025-01-02 21:25:00,4444.01,64.05,TRADE
VIC1,2025-01-02 21:30:00,4408.39,64.94,TRADE
VIC1,2025-01-02 21:35:00,4392.81,71.6,TRADE
VIC1,2025-01-02 21:40:00,4350.29,73.58,TRADE
VIC1,2025-01-02 21:45:00,4316.4,68.39,TRADE
VIC1,2025-01-02 21:50:00,4303.55,66.9,TRADE
VIC1,2025-01-02 21:55:00,4292.18,67.37,TRADE
VIC1,2025-01-02 22:00:00,4239.08,67.01,TRADE
VIC1,2025-01-02 22:05:00,4195.56,46.05,TRADE
VIC1,2025-01-02 22:10:00,4228.22,67.93,TRADE
VIC1,2025-01-02 22:15:00,4229.71,66.28,TRADE
VIC1,2025-01-02 22:20:00,4187.47,66.29,TRADE
VIC1,2025-01-02 22:25:00,4172.88,66.22,TRADE
VIC1,2025-01-02 22:30:00,4169.34,62.71,TRADE
VIC1,2025-01-02 22:35:00,4139.05,81.71,TRADE
VIC1,2025-01-02 22:40:00,4127.49,71.08,TRADE
VIC1,2025-01-02 22:45:00,4082.71,63.71,TRADE
VIC1,2025-01-02 22:50:00,4088.32,63.58,TRADE
VIC1,2025-01-02 22:55:00,4068.77,63.01,TRADE
VIC1,2025-01-02 23:00:00,4072.33,63.53,TRADE
VIC1,2025-01-02 23:05:00,4077.31,70.5,TRADE
VIC1,2025-01-02 23:10:00,4213.08,83.69,TRADE
VIC1,2025-01-02 23:15:00,4249.95,75.4,TRADE
VIC1,2025-01-02 23:20:00,4250.76,73.14,TRADE
VIC1,2025-01-02 23:25:00,4245.27,73.06,TRADE
VIC1,2025-01-02 23:30:00,4250.82,73.13,TRADE
VIC1,2025-01-02 23:35:00,4238.76,72.93,TRADE
VIC1,2025-01-02 23:40:00,4192.42,83.04,TRADE
VIC1,2025-01-02 23:45:00,4127.74,74.04,TRADE
VIC1,2025-01-02 23:50:00,4132.57,76.82,TRADE
VIC1,2025-01-02 23:55:00,4111.59,74.65,TRADE
VIC1,2025-01-03 00:00:00,4061.25,67.64,TRADE
VIC1,2025-01-03 00:05:00,4079.16,73.49,TRADE
VIC1,2025-01-03 00:10:00,4024.47,73.53,TRADE
VIC1,2025-01-03 00:15:00,3984.12,73.61,TRADE
VIC1,2025-01-03 00:20:00,4008.12,73.58,TRADE
VIC1,2025-01-03 00:25:00,3960.25,72.37,TRADE
VIC1,2025-01-03 00:30:00,3953.72,64.89,TRADE
VIC1,2025-01-03 00:35:00,3925.85,71.28,TRADE
VIC1,2025-01-03 00:40:00,3889.96,66.49,TRADE
VIC1,2025-01-03 00:45:00,3888.96,71.72,TRADE
VIC1,2025-01-03 00:50:00,3874.22,65.14,TRADE
VIC1,2025-01-03 00:55:00,3850.08,63.49,TRADE
VIC1,2025-01-03 01:00:00,3849.9,64.84,TRADE
VIC1,2025-01-03 01:05:00,3838.4,63.67,TRADE
VIC1,2025-01-03 01:10:00,3803.38,64.31,TRADE
VIC1,2025-01-03 01:15:00,3787.07,64.27,TRADE
VIC1,2025-01-03 01:20:00,3777.24,37.16,TRADE
VIC1,2025-01-03 01:25:00,3778.35,65.59,TRADE
VIC1,2025-01-03 01:30:00,3765.13,64.19,TRADE
VIC1,2025-01-03 01:35:00,3764.57,64.8,TRADE
VIC1,2025-01-03 01:40:00,3745.7,50.69,TRADE
VIC1,2025-01-03 01:45:00,3692.06,25.46,TRADE
VIC1,2025-01-03 01:50:00,3678.12,33.94,TRADE
VIC1,2025-01-03 01:55:00,3668.96,29.2,TRADE
VIC1,2025-01-03 02:00:00,3655.68,63.04,TRADE
VIC1,2025-01-03 02:05:00,3659.08,62.87,TRADE
VIC1,2025-01-03 02:10:00,3677.33,64.0,TRADE
VIC1,2025-01-03 02:15:00,3655.11,49.06,TRADE
VIC1,2025-01-03 02:20:00,3625.81,63.88,TRADE
VIC1,2025-01-03 02:25:00,3597.4,61.62,TRADE
VIC1,2025-01-03 02:30:00,3602.72,63.88,TRADE
VIC1,2025-01-03 02:35:00,3591.94,65.33,TRADE
VIC1,2025-01-03 02:40:00,3594.6,19.19,TRADE
VIC1,2025-01-03 02:45:00,3581.3,41.7,TRADE
VIC1,2025-01-03 02:50:00,3578.82,62.04,TRADE
VIC1,2025-01-03 02:55:00,3602.44,19.19,TRADE
VIC1,2025-01-03 03:00:00,3608.22,29.85,TRADE
VIC1,2025-01-03 03:05:00,3589.44,63.12,TRADE
VIC1,2025-01-03 03:10:00,3617.13,63.2,TRADE
VIC1,2025-01-03 03:15:00,3639.42,65.24,TRADE
VIC1,2025-01-03 03:20:00,3623.38,63.11,TRADE
VIC1,2025-01-03 03:25:00,3646.34,63.12,TRADE
VIC1,2025-01-03 03:30:00,3637.59,45.22,TRADE
VIC1,2025-01-03 03:35:00,3646.85,63.11,TRADE
VIC1,2025-01-03 03:40:00,3661.84,71.5,TRADE
VIC1,2025-01-03 03:45:00,3696.64,66.01,TRADE
VIC1,2025-01-03 03:50:00,3685.33,66.08,TRADE
VIC1,2025-01-03 03:55:00,3701.33,64.27,TRADE
VIC1,2025-01-03 04:00:00,3695.11,32.52,TRADE
VIC1,2025-01-03 04:05:00,3707.15,61.94,TRADE
VIC1,2025-01-03 04:10:00,3775.06,75.99,TRADE
VIC1,2025-01-03 04:15:00,3802.91,62.78,TRADE
VIC1,2025-01-03 04:20:00,3794.28,69.73,TRADE
VIC1,2025-01-03 04:25:00,3796.14,64.55,TRADE
VIC1,2025-01-03 04:30:00,3808.77,65.89,TRADE
VIC1,2025-01-03 04:35:00,3808.63,65.5,TRADE
VIC1,2025-01-03 04:40:00,3811.64,65.2,TRADE
VIC1,2025-01-03 04:45:00,3840.2,66.27,TRADE
VIC1,2025-01-03 04:50:00,3845.41,67.97,TRADE
VIC1,2025-01-03 04:55:00,3836.92,66.81,TRADE
VIC1,2025-01-03 05:00:00,3850.68,66.77,TRADE
VIC1,2025-01-03 05:05:00,3851.61,66.17,TRADE
VIC1,2025-01-03 05:10:00,3952.72,70.47,TRADE
VIC1,2025-01-03 05:15:00,3941.38,70.44,TRADE
VIC1,2025-01-03 05:20:00,3949.99,69.19,TRADE
VIC1,2025-01-03 05:25:00,3967.51,69.73,TRADE
VIC1,2025-01-03 05:30:00,4003.06,68.34,TRADE
VIC1,2025-01-03 05:35:00,3969.24,63.37,TRADE
VIC1,2025-01-03 05:40:00,3966.16,53.14,TRADE
VIC1,2025-01-03 05:45:00,4025.17,65.9,TRADE
VIC1,2025-01-03 05:50:00,3974.49,49.89,TRADE
VIC1,2025-01-03 05:55:00,3971.35,39.68,TRADE
VIC1,2025-01-03 06:00:00,4003.89,39.88,TRADE
VIC1,2025-01-03 06:05:00,3985.23,31.23,TRADE
VIC1,2025-01-03 06:10:00,4017.02,12.0,TRADE
VIC1,2025-01-03 06:15:00,4026.36,8.15,TRADE
VIC1,2025-01-03 06:20:00,3988.38,0.0,TRADE
VIC1,2025-01-03 06:25:00,3945.49,0.0,TRADE
VIC1,2025-01-03 06:30:00,3927.97,-15.06,TRADE
VIC1,2025-01-03 06:35:00,3867.97,-23.1,TRADE
VIC1,2025-01-03 06:40:00,3828.38,-20.81,TRADE
VIC1,2025-01-03 06:45:00,3792.52,-22.51,TRADE
VIC1,2025-01-03 06:50:00,3776.91,-33.19,TRADE
VIC1,2025-01-03 06:55:00,3775.42,-32.0,TRADE
VIC1,2025-01-03 07:00:00,3711.81,-30.75,TRADE
VIC1,2025-01-03 07:05:00,3673.64,-30.68,TRADE
VIC1,2025-01-03 07:10:00,3616.71,-31.54,TRADE
VIC1,2025-01-03 07:15:00,3568.67,-20.81,TRADE
VIC1,2025-01-03 07:20:00,3508.36,-33.43,TRADE
VIC1,2025-01-03 07:25:00,3476.88,-31.57,TRADE
VIC1,2025-01-03 07:30:00,3394.07,-32.0,TRADE
VIC1,2025-01-03 07:35:00,3366.85,-32.0,TRADE
VIC1,2025-01-03 07:40:00,3299.92,-32.0,TRADE
VIC1,2025-01-03 07:45:00,3268.94,-27.49,TRADE
VIC1,2025-01-03 07:50:00,3217.41,-34.91,TRADE
VIC1,2025-01-03 07:55:00,3163.38,-32.47,TRADE
VIC1,2025-01-03 08:00:00,3119.99,-65.0,TRADE
VIC1,2025-01-03 08:05:00,3119.2,-65.0,TRADE
VIC1,2025-01-03 08:10:00,3126.84,-49.18,TRADE
VIC1,2025-01-03 08:15:00,3017.13,-41.84,TRADE
VIC1,2025-01-03 08:20:00,3000.52,-63.94,TRADE
VIC1,2025-01-03 08:25:00,2954.16,-35.5,TRADE
VIC1,2025-01-03 08:30:00,2915.98,-50.08,TRADE
VIC1,2025-01-03 08:35:00,2873.89,-50.08,TRADE
VIC1,2025-01-03 08:40:00,2806.11,-57.9,TRADE
VIC1,2025-01-03 08:45:00,2773.42,-34.79,TRADE
VIC1,2025-01-03 08:50:00,2687.81,-34.09,TRADE
VIC1,2025-01-03 08:55:00,2641.35,-34.65,TRADE
VIC1,2025-01-03 09:00:00,2588.86,-32.57,TRADE
VIC1,2025-01-03 09:05:00,2508.91,-33.01,TRADE
VIC1,2025-01-03 09:10:00,2530.63,-33.0,TRADE
VIC1,2025-01-03 09:15:00,2466.63,-30.75,TRADE
VIC1,2025-01-03 09:20:00,2394.95,-21.81,TRADE
VIC1,2025-01-03 09:25:00,2360.15,-36.09,TRADE
VIC1,2025-01-03 09:30:00,2373.31,-21.21,TRADE
VIC1,2025-01-03 09:35:00,2272.28,-90.01,TRADE
VIC1,2025-01-03 09:40:00,2387.79,-61.37,TRADE
VIC1,2025-01-03 09:45:00,2315.48,-69.63,TRADE
VIC1,2025-01-03 09:50:00,2349.44,-66.3,TRADE
VIC1,2025-01-03 09:55:00,2338.27,-41.73,TRADE
VIC1,2025-01-03 10:00:00,2241.95,-55.13,TRADE
VIC1,2025-01-03 10:05:00,2227.19,-66.3,TRADE
VIC1,2025-01-03 10:10:00,2270.14,-33.35,TRADE
VIC1,2025-01-03 10:15:00,2186.11,-32.0,TRADE
VIC1,2025-01-03 10:20:00,2079.88,-41.73,TRADE
VIC1,2025-01-03 10:25:00,2145.71,-35.97,TRADE
VIC1,2025-01-03 10:30:00,2148.54,-41.73,TRADE
VIC1,2025-01-03 10:35:00,2120.01,-45.05,TRADE
VIC1,2025-01-03 10:40:00,2128.41,-36.82,TRADE
VIC1,2025-01-03 10:45:00,2118.12,-35.83,TRADE
VIC1,2025-01-03 10:50:00,2102.22,-35.71,TRADE
VIC1,2025-01-03 10:55:00,2075.02,-36.61,TRADE
VIC1,2025-01-03 11:00:00,2068.18,-43.82,TRADE
VIC1,2025-01-03 11:05:00,2077.13,-36.6,TRADE
VIC1,2025-01-03 11:10:00,2094.22,-34.46,TRADE
VIC1,2025-01-03 11:15:00,2096.8,-36.13,TRADE
VIC1,2025-01-03 11:20:00,2088.99,-35.74,TRADE
VIC1,2025-01-03 11:25:00,2128.28,-42.28,TRADE
VIC1,2025-01-03 11:30:00,2112.55,-33.8,TRADE
VIC1,2025-01-03 11:35:00,2132.63,-32.72,TRADE
VIC1,2025-01-03 11:40:00,2055.99,-33.65,TRADE
VIC1,2025-01-03 11:45:00,2105.38,-32.73,TRADE
VIC1,2025-01-03 11:50:00,2094.35,-34.29,TRADE
VIC1,2025-01-03 11:55:00,2135.55,-33.77,TRADE
VIC1,2025-01-03 12:00:00,2120.49,-33.74,TRADE
VIC1,2025-01-03 12:05:00,2150.06,-32.33,TRADE
VIC1,2025-01-03 12:10:00,2146.43,-30.45,TRADE
VIC1,2025-01-03 12:15:00,2140.69,-32.0,TRADE
VIC1,2025-01-03 12:20:00,2184.45,-30.7,TRADE
VIC1,2025-01-03 12:25:00,2157.28,-32.0,TRADE
VIC1,2025-01-03 12:30:00,2172.27,-31.02,TRADE
VIC1,2025-01-03 12:35:00,2185.82,-31.27,TRADE
VIC1,2025-01-03 12:40:00,2202.74,-30.31,TRADE
VIC1,2025-01-03 12:45:00,2244.77,-32.0,TRADE
VIC1,2025-01-03 12:50:00,2271.64,-22.89,TRADE
VIC1,2025-01-03 12:55:00,2294.45,-31.98,TRADE
VIC1,2025-01-03 13:00:00,2271.44,-22.87,TRADE
VIC1,2025-01-03 13:05:00,2316.55,-32.0,TRADE
VIC1,2025-01-03 13:10:00,2387.99,-21.87,TRADE
VIC1,2025-01-03 13:15:00,2375.38,-31.53,TRADE
VIC1,2025-01-03 13:20:00,2429.08,-27.27,TRADE
VIC1,2025-01-03 13:25:00,2446.79,-38.15,TRADE
VIC1,2025-01-03 13:30:00,2528.38,-29.0,TRADE
VIC1,2025-01-03 13:35:00,2542.89,-32.0,TRADE
VIC1,2025-01-03 13:40:00,2580.67,-32.0,TRADE
VIC1,2025-01-03 13:45:00,2613.77,-32.0,TRADE
VIC1,2025-01-03 13:50:00,2650.33,-22.29,TRADE
VIC1,2025-01-03 13:55:00,2649.54,-26.12,TRADE
VIC1,2025-01-03 14:00:00,2732.85,-20.96,TRADE
VIC1,2025-01-03 14:05:00,2733.09,-20.96,TRADE
VIC1,2025-01-03 14:10:00,2792.77,-20.96,TRADE
VIC1,2025-01-03 14:15:00,2810.4,-21.0,TRADE
VIC1,2025-01-03 14:20:00,2826.3,-32.0,TRADE
VIC1,2025-01-03 14:25:00,2921.15,-34.85,TRADE
VIC1,2025-01-03 14:30:00,2992.25,-32.68,TRADE
VIC1,2025-01-03 14:35:00,3037.1,-29.82,TRADE
VIC1,2025-01-03 14:40:00,3049.34,-33.03,TRADE
VIC1,2025-01-03 14:45:00,3212.8,-32.0,TRADE
VIC1,2025-01-03 14:50:00,3230.36,32.94,TRADE
VIC1,2025-01-03 14:55:00,3225.47,-19.99,TRADE
VIC1,2025-01-03 15:00:00,3297.61,-18.62,TRADE
VIC1,2025-01-03 15:05:00,3337.61,-31.3,TRADE
VIC1,2025-01-03 15:10:00,3431.0,-28.03,TRADE
VIC1,2025-01-03 15:15:00,3459.66,-20.19,TRADE
VIC1,2025-01-03 15:20:00,3557.27,-20.8,TRADE
VIC1,2025-01-03 15:25:00,3661.18,-21.0,TRADE
VIC1,2025-01-03 15:30:00,3724.72,8.95,TRADE
VIC1,2025-01-03 15:35:00,3793.69,9.0,TRADE
VIC1,2025-01-03 15:40:00,3847.49,0.0,TRADE
VIC1,2025-01-03 15:45:00,3926.52,8.99,TRADE
VIC1,2025-01-03 15:50:00,4027.68,8.99,TRADE
VIC1,2025-01-03 15:55:00,4049.1,12.85,TRADE
VIC1,2025-01-03 16:00:00,4148.61,9.0,TRADE
VIC1,2025-01-03 16:05:00,4214.59,8.95,TRADE
VIC1,2025-01-03 16:10:00,4324.75,9.0,TRADE
VIC1,2025-01-03 16:15:00,4432.54,12.0,TRADE
VIC1,2025-01-03 16:20:00,4484.27,23.26,TRADE
VIC1,2025-01-03 16:25:00,4527.72,12.0,TRADE
VIC1,2025-01-03 16:30:00,4660.79,67.31,TRADE
VIC1,2025-01-03 16:35:00,4794.78,54.75,TRADE
VIC1,2025-01-03 16:40:00,4878.39,93.84,TRADE
VIC1,2025-01-03 16:45:00,4961.48,105.72,TRADE
VIC1,2025-01-03 16:50:00,5028.73,100.43,TRADE
VIC1,2025-01-03 16:55:00,5080.45,93.72,TRADE
VIC1,2025-01-03 17:00:00,5196.38,105.42,TRADE
VIC1,2025-01-03 17:05:00,5281.49,107.86,TRADE
VIC1,2025-01-03 17:10:00,5282.86,113.21,TRADE
VIC1,2025-01-03 17:15:00,5383.61,110.57,TRADE
VIC1,2025-01-03 17:20:00,5459.95,102.66,TRADE
VIC1,2025-01-03 17:25:00,5520.38,99.0,TRADE
VIC1,2025-01-03 17:30:00,5641.62,116.42,TRADE
VIC1,2025-01-03 17:35:00,5633.63,99.0,TRADE
VIC1,2025-01-03 17:40:00,5685.64,99.0,TRADE
VIC1,2025-01-03 17:45:00,5778.91,114.71,TRADE
VIC1,2025-01-03 17:50:00,5825.47,118.48,TRADE
VIC1,2025-01-03 17:55:00,5867.81,130.0,TRADE
VIC1,2025-01-03 18:00:00,5908.91,152.58,TRADE
VIC1,2025-01-03 18:05:00,5937.6,141.03,TRADE
VIC1,2025-01-03 18:10:00,5962.94,130.0,TRADE
VIC1,2025-01-03 18:15:00,6016.9,139.36,TRADE
VIC1,2025-01-03 18:20:00,6008.17,156.05,TRADE
VIC1,2025-01-03 18:25:00,6015.1,160.0,TRADE
VIC1,2025-01-03 18:30:00,6064.74,198.73,TRADE
VIC1,2025-01-03 18:35:00,6079.12,160.0,TRADE
VIC1,2025-01-03 18:40:00,6087.21,160.0,TRADE
VIC1,2025-01-03 18:45:00,6117.82,216.41,TRADE
VIC1,2025-01-03 18:50:00,6098.07,186.42,TRADE
VIC1,2025-01-03 18:55:00,6153.3,187.99,TRADE
VIC1,2025-01-03 19:00:00,6137.9,217.46,TRADE
VIC1,2025-01-03 19:05:00,6115.59,198.96,TRADE
VIC1,2025-01-03 19:10:00,6114.39,202.88,TRADE
VIC1,2025-01-03 19:15:00,6126.72,190.14,TRADE
VIC1,2025-01-03 19:20:00,6096.67,207.24,TRADE
VIC1,2025-01-03 19:25:00,6070.58,223.37,TRADE
VIC1,2025-01-03 19:30:00,6050.72,211.02,TRADE
VIC1,2025-01-03 19:35:00,6011.49,194.12,TRADE
VIC1,2025-01-03 19:40:00,5968.21,153.03,TRADE
VIC1,2025-01-03 19:45:00,5976.75,146.87,TRADE
VIC1,2025-01-03 19:50:00,5940.27,146.42,TRADE
VIC1,2025-01-03 19:55:00,5896.0,138.0,TRADE
VIC1,2025-01-03 20:00:00,5874.65,137.21,TRADE
VIC1,2025-01-03 20:05:00,5878.46,142.2,TRADE
VIC1,2025-01-03 20:10:00,5830.67,148.16,TRADE
VIC1,2025-01-03 20:15:00,5801.77,155.39,TRADE
VIC1,2025-01-03 20:20:00,5766.57,147.97,TRADE
VIC1,2025-01-03 20:25:00,5775.88,142.08,TRADE
VIC1,2025-01-03 20:30:00,5743.77,135.64,TRADE
VIC1,2025-01-03 20:35:00,5697.7,139.7,TRADE
VIC1,2025-01-03 20:40:00,5633.68,134.0,TRADE
VIC1,2025-01-03 20:45:00,5604.47,140.87,TRADE
VIC1,2025-01-03 20:50:00,5550.2,132.72,TRADE
VIC1,2025-01-03 20:55:00,5539.22,134.0,TRADE
VIC1,2025-01-03 21:00:00,5495.83,131.96,TRADE
VIC1,2025-01-03 21:05:00,5427.63,137.73,TRADE
VIC1,2025-01-03 21:10:00,5400.06,133.0,TRADE
VIC1,2025-01-03 21:15:00,5368.21,132.34,TRADE
VIC1,2025-01-03 21:20:00,5317.3,130.02,TRADE
VIC1,2025-01-03 21:25:00,5287.9,130.61,TRADE
VIC1,2025-01-03 21:30:00,5247.56,130.17,TRADE
VIC1,2025-01-03 21:35:00,5188.54,148.04,TRADE
VIC1,2025-01-03 21:40:00,5112.97,134.33,TRADE
VIC1,2025-01-03 21:45:00,5098.62,135.52,TRADE
VIC1,2025-01-03 21:50:00,5057.9,136.36,TRADE
VIC1,2025-01-03 21:55:00,5039.97,135.61,TRADE
VIC1,2025-01-03 22:00:00,4993.39,134.33,TRADE
VIC1,2025-01-03 22:05:00,4980.8,146.03,TRADE
VIC1,2025-01-03 22:10:00,4927.5,133.0,TRADE
VIC1,2025-01-03 22:15:00,4926.85,137.85,TRADE
VIC1,2025-01-03 22:20:00,4898.63,133.33,TRADE
VIC1,2025-01-03 22:25:00,4879.62,131.01,TRADE
VIC1,2025-01-03 22:30:00,4875.79,130.34,TRADE
VIC1,2025-01-03 22:35:00,4818.24,130.01,TRADE
VIC1,2025-01-03 22:40:00,4828.05,131.34,TRADE
VIC1,2025-01-03 22:45:00,4784.57,129.3,TRADE
VIC1,2025-01-03 22:50:00,4776.36,128.62,TRADE
VIC1,2025-01-03 22:55:00,4728.35,120.16,TRADE
VIC1,2025-01-03 23:00:00,4726.39,119.87,TRADE
VIC1,2025-01-03 23:05:00,4715.42,119.06,TRADE
VIC1,2025-01-03 23:10:00,4828.89,127.84,TRADE
VIC1,2025-01-03 23:15:00,4872.71,120.64,TRADE
VIC1,2025-01-03 23:20:00,4849.53,128.35,TRADE
VIC1,2025-01-03 23:25:00,4864.42,127.8,TRADE
VIC1,2025-01-03 23:30:00,4846.42,120.67,TRADE
VIC1,2025-01-03 23:35:00,4827.85,129.68,TRADE
VIC1,2025-01-03 23:40:00,4775.79,129.68,TRADE
VIC1,2025-01-03 23:45:00,4701.9,127.28,TRADE
VIC1,2025-01-03 23:50:00,4688.19,128.47,TRADE
VIC1,2025-01-03 23:55:00,4643.15,118.53,TRADE
VIC1,2025-01-06 00:00:00,4996.6,73.19,TRADE
VIC1,2025-01-06 00:05:00,4996.08,75.0,TRADE
VIC1,2025-01-06 00:10:00,4984.67,75.0,TRADE
VIC1,2025-01-06 00:15:00,4924.73,70.69,TRADE
VIC1,2025-01-06 00:20:00,4905.18,67.85,TRADE
VIC1,2025-01-06 00:25:00,4891.7,71.76,TRADE
VIC1,2025-01-06 00:30:00,4860.4,74.38,TRADE
VIC1,2025-01-06 00:35:00,4800.81,75.0,TRADE
VIC1,2025-01-06 00:40:00,4796.71,73.88,TRADE
VIC1,2025-01-06 00:45:00,4786.28,71.9,TRADE
VIC1,2025-01-06 00:50:00,4754.89,72.88,TRADE
VIC1,2025-01-06 00:55:00,4726.11,72.82,TRADE
VIC1,2025-01-06 01:00:00,4711.84,66.73,TRADE
VIC1,2025-01-06 01:05:00,4703.92,77.16,TRADE
VIC1,2025-01-06 01:10:00,4661.52,82.06,TRADE
VIC1,2025-01-06 01:15:00,4656.84,82.58,TRADE
VIC1,2025-01-06 01:20:00,4600.32,78.18,TRADE
VIC1,2025-01-06 01:25:00,4560.45,75.54,TRADE
VIC1,2025-01-06 01:30:00,4555.89,75.6,TRADE
VIC1,2025-01-06 01:35:00,4541.33,77.01,TRADE
VIC1,2025-01-06 01:40:00,4510.59,76.17,TRADE
VIC1,2025-01-06 01:45:00,4495.04,82.13,TRADE
VIC1,2025-01-06 01:50:00,4466.86,83.75,TRADE
VIC1,2025-01-06 01:55:00,4436.14,86.0,TRADE
VIC1,2025-01-06 02:00:00,4442.08,86.0,TRADE
VIC1,2025-01-06 02:05:00,4400.7,84.9,TRADE
VIC1,2025-01-06 02:10:00,4414.18,86.0,TRADE
VIC1,2025-01-06 02:15:00,4387.4,86.0,TRADE
VIC1,2025-01-06 02:20:00,4398.39,81.58,TRADE
VIC1,2025-01-06 02:25:00,4383.83,81.22,TRADE
VIC1,2025-01-06 02:30:00,4340.93,80.42,TRADE
VIC1,2025-01-06 02:35:00,4331.26,81.16,TRADE
VIC1,2025-01-06 02:40:00,4317.92,81.78,TRADE
VIC1,2025-01-06 02:45:00,4303.24,82.86,TRADE
VIC1,2025-01-06 02:50:00,4267.02,85.08,TRADE
VIC1,2025-01-06 02:55:00,4228.54,86.0,TRADE
VIC1,2025-01-06 03:00:00,4217.44,93.82,TRADE
VIC1,2025-01-06 03:05:00,4251.43,99.0,TRADE
VIC1,2025-01-06 03:10:00,4255.45,99.0,TRADE
VIC1,2025-01-06 03:15:00,4266.39,102.37,TRADE
VIC1,2025-01-06 03:20:00,4316.17,107.24,TRADE
VIC1,2025-01-06 03:25:00,4342.35,103.06,TRADE
VIC1,2025-01-06 03:30:00,4339.16,99.79,TRADE
VIC1,2025-01-06 03:35:00,4356.32,100.48,TRADE
VIC1,2025-01-06 03:40:00,4356.34,99.0,TRADE
VIC1,2025-01-06 03:45:00,4384.07,99.0,TRADE
VIC1,2025-01-06 03:50:00,4387.24,99.0,TRADE
VIC1,2025-01-06 03:55:00,4420.35,98.75,TRADE
VIC1,2025-01-06 04:00:00,4409.07,99.0,TRADE
VIC1,2025-01-06 04:05:00,4460.26,99.34,TRADE
VIC1,2025-01-06 04:10:00,4464.98,97.54,TRADE
VIC1,2025-01-06 04:15:00,4481.11,95.89,TRADE
VIC1,2025-01-06 04:20:00,4482.11,86.0,TRADE
VIC1,2025-01-06 04:25:00,4480.39,89.5,TRADE
VIC1,2025-01-06 04:30:00,4448.77,89.53,TRADE
VIC1,2025-01-06 04:35:00,4490.67,89.62,TRADE
VIC1,2025-01-06 04:40:00,4481.95,85.64,TRADE
VIC1,2025-01-06 04:45:00,4501.34,85.15,TRADE
VIC1,2025-01-06 04:50:00,4499.56,86.0,TRADE
VIC1,2025-01-06 04:55:00,4480.6,86.0,TRADE
VIC1,2025-01-06 05:00:00,4505.24,86.0,TRADE
VIC1,2025-01-06 05:05:00,4491.82,81.01,TRADE
VIC1,2025-01-06 05:10:00,4601.35,94.34,TRADE
VIC1,2025-01-06 05:15:00,4640.65,95.0,TRADE
VIC1,2025-01-06 05:20:00,4677.49,95.72,TRADE
VIC1,2025-01-06 05:25:00,4698.56,87.36,TRADE
VIC1,2025-01-06 05:30:00,4699.89,86.0,TRADE
VIC1,2025-01-06 05:35:00,4661.9,89.22,TRADE
VIC1,2025-01-06 05:40:00,4670.23,90.14,TRADE
VIC1,2025-01-06 05:45:00,4750.59,86.0,TRADE
VIC1,2025-01-06 05:50:00,4711.61,76.79,TRADE
VIC1,2025-01-06 05:55:00,4768.05,78.04,TRADE
VIC1,2025-01-06 06:00:00,4772.54,76.07,TRADE
VIC1,2025-01-06 06:05:00,4773.34,77.12,TRADE
VIC1,2025-01-06 06:10:00,4873.0,116.65,TRADE
VIC1,2025-01-06 06:15:00,4901.11,92.56,TRADE
VIC1,2025-01-06 06:20:00,4914.79,74.66,TRADE
VIC1,2025-01-06 06:25:00,4970.36,81.31,TRADE
VIC1,2025-01-06 06:30:00,4989.56,74.66,TRADE
VIC1,2025-01-06 06:35:00,5026.69,74.66,TRADE
VIC1,2025-01-06 06:40:00,5026.51,75.3,TRADE
VIC1,2025-01-06 06:45:00,5054.11,74.66,TRADE
VIC1,2025-01-06 06:50:00,5044.8,58.56,TRADE
VIC1,2025-01-06 06:55:00,5055.01,74.07,TRADE
VIC1,2025-01-06 07:00:00,5084.39,74.85,TRADE
VIC1,2025-01-06 07:05:00,5061.51,47.48,TRADE
VIC1,2025-01-06 07:10:00,5083.48,74.27,TRADE
VIC1,2025-01-06 07:15:00,5107.46,73.88,TRADE
VIC1,2025-01-06 07:20:00,5148.23,74.66,TRADE
VIC1,2025-01-06 07:25:00,5167.95,74.66,TRADE
VIC1,2025-01-06 07:30:00,5190.49,74.66,TRADE
VIC1,2025-01-06 07:35:00,5208.63,78.91,TRADE
VIC1,2025-01-06 07:40:00,5219.83,107.77,TRADE
VIC1,2025-01-06 07:45:00,5218.42,115.53,TRADE
VIC1,2025-01-06 07:50:00,5246.09,148.04,TRADE
VIC1,2025-01-06 07:55:00,5298.19,177.81,TRADE
VIC1,2025-01-06 08:00:00,5307.52,147.51,TRADE
VIC1,2025-01-06 08:05:00,5352.53,178.54,TRADE
VIC1,2025-01-06 08:10:00,5374.21,179.4,TRADE
VIC1,2025-01-06 08:15:00,5429.72,238.44,TRADE
VIC1,2025-01-06 08:20:00,5422.61,205.73,TRADE
VIC1,2025-01-06 08:25:00,5425.98,235.98,TRADE
VIC1,2025-01-06 08:30:00,5434.32,166.61,TRADE
VIC1,2025-01-06 08:35:00,5451.04,119.2,TRADE
VIC1,2025-01-06 08:40:00,5434.57,179.03,TRADE
VIC1,2025-01-06 08:45:00,5406.03,92.2,TRADE
VIC1,2025-01-06 08:50:00,5439.56,93.25,TRADE
VIC1,2025-01-06 08:55:00,5434.69,192.57,TRADE
VIC1,2025-01-06 09:00:00,5441.0,124.0,TRADE
VIC1,2025-01-06 09:05:00,5404.59,106.99,TRADE
VIC1,2025-01-06 09:10:00,5416.46,122.14,TRADE
VIC1,2025-01-06 09:15:00,5386.75,119.91,TRADE
VIC1,2025-01-06 09:20:00,5369.52,118.43,TRADE
VIC1,2025-01-06 09:25:00,5366.58,81.09,TRADE
VIC1,2025-01-06 09:30:00,5366.26,116.35,TRADE
VIC1,2025-01-06 09:35:00,5342.65,78.82,TRADE
VIC1,2025-01-06 09:40:00,5329.5,77.56,TRADE
VIC1,2025-01-06 09:45:00,5332.78,48.39,TRADE
VIC1,2025-01-06 09:50:00,5307.6,74.93,TRADE
VIC1,2025-01-06 09:55:00,5301.59,55.19,TRADE
VIC1,2025-01-06 10:00:00,5289.68,54.2,TRADE
VIC1,2025-01-06 10:05:00,5234.06,72.69,TRADE
VIC1,2025-01-06 10:10:00,5183.55,46.26,TRADE
VIC1,2025-01-06 10:15:00,5121.68,20.04,TRADE
VIC1,2025-01-06 10:20:00,5099.22,19.19,TRADE
VIC1,2025-01-06 10:25:00,5076.88,19.19,TRADE
VIC1,2025-01-06 10:30:00,5027.17,19.19,TRADE
VIC1,2025-01-06 10:35:00,5001.31,33.08,TRADE
VIC1,2025-01-06 10:40:00,4953.05,12.42,TRADE
VIC1,2025-01-06 10:45:00,4940.4,32.46,TRADE
VIC1,2025-01-06 10:50:00,4859.5,20.04,TRADE
VIC1,2025-01-06 10:55:00,4837.4,19.19,TRADE
VIC1,2025-01-06 11:00:00,4819.89,0.0,TRADE
VIC1,2025-01-06 11:05:00,4806.76,20.04,TRADE
VIC1,2025-01-06 11:10:00,4779.9,33.0,TRADE
VIC1,2025-01-06 11:15:00,4756.39,33.0,TRADE
VIC1,2025-01-06 11:20:00,4751.46,33.0,TRADE
VIC1,2025-01-06 11:25:00,4768.42,33.0,TRADE
VIC1,2025-01-06 11:30:00,4768.48,33.0,TRADE
VIC1,2025-01-06 11:35:00,4779.06,33.0,TRADE
VIC1,2025-01-06 11:40:00,4768.42,49.02,TRADE
VIC1,2025-01-06 11:45:00,4707.13,33.0,TRADE
VIC1,2025-01-06 11:50:00,4719.89,33.0,TRADE
VIC1,2025-01-06 11:55:00,4682.22,8.71,TRADE
VIC1,2025-01-06 12:00:00,4628.13,19.19,TRADE
VIC1,2025-01-06 12:05:00,4608.07,11.07,TRADE
VIC1,2025-01-06 12:10:00,4594.7,8.95,TRADE
VIC1,2025-01-06 12:15:00,4612.71,8.95,TRADE
VIC1,2025-01-06 12:20:00,4600.64,12.0,TRADE
VIC1,2025-01-06 12:25:00,4643.38,12.78,TRADE
VIC1,2025-01-06 12:30:00,4665.28,12.0,TRADE
VIC1,2025-01-06 12:35:00,4669.89,12.0,TRADE
VIC1,2025-01-06 12:40:00,4595.33,-0.49,TRADE
VIC1,2025-01-06 12:45:00,4563.31,-19.88,TRADE
VIC1,2025-01-06 12:50:00,4461.5,-20.81,TRADE
VIC1,2025-01-06 12:55:00,4383.84,-18.15,TRADE
VIC1,2025-01-06 13:00:00,4359.68,-21.0,TRADE
VIC1,2025-01-06 13:05:00,4331.86,-18.15,TRADE
VIC1,2025-01-06 13:10:00,4316.39,0.0,TRADE
VIC1,2025-01-06 13:15:00,4293.63,12.0,TRADE
VIC1,2025-01-06 13:20:00,4221.06,8.95,TRADE
VIC1,2025-01-06 13:25:00,4238.41,8.95,TRADE
VIC1,2025-01-06 13:30:00,4220.88,8.95,TRADE
VIC1,2025-01-06 13:35:00,4262.29,8.95,TRADE
VIC1,2025-01-06 13:40:00,4257.31,8.95,TRADE
VIC1,2025-01-06 13:45:00,4208.4,0.0,TRADE
VIC1,2025-01-06 13:50:00,4264.61,12.0,TRADE
VIC1,2025-01-06 13:55:00,4269.95,8.95,TRADE
VIC1,2025-01-06 14:00:00,4293.42,8.95,TRADE
VIC1,2025-01-06 14:05:00,4326.85,8.95,TRADE
VIC1,2025-01-06 14:10:00,4320.62,8.95,TRADE
VIC1,2025-01-06 14:15:00,4306.17,0.0,TRADE
VIC1,2025-01-06 14:20:00,4276.41,0.0,TRADE
VIC1,2025-01-06 14:25:00,4204.4,0.0,TRADE
VIC1,2025-01-06 14:30:00,4182.84,0.0,TRADE
VIC1,2025-01-06 14:35:00,4183.78,8.95,TRADE
VIC1,2025-01-06 14:40:00,4220.23,-18.15,TRADE
VIC1,2025-01-06 14:45:00,4227.85,25.04,TRADE
VIC1,2025-01-06 14:50:00,4188.6,11.07,TRADE
VIC1,2025-01-06 14:55:00,4187.49,8.95,TRADE
VIC1,2025-01-06 15:00:00,4138.48,0.0,TRADE
VIC1,2025-01-06 15:05:00,4113.92,8.95,TRADE
VIC1,2025-01-06 15:10:00,4126.17,12.0,TRADE
VIC1,2025-01-06 15:15:00,4140.23,8.95,TRADE
VIC1,2025-01-06 15:20:00,4116.3,8.95,TRADE
VIC1,2025-01-06 15:25:00,4093.18,8.95,TRADE
VIC1,2025-01-06 15:30:00,4070.43,8.95,TRADE
VIC1,2025-01-06 15:35:00,4053.4,8.95,TRADE
VIC1,2025-01-06 15:40:00,4049.1,8.95,TRADE
VIC1,2025-01-06 15:45:00,3977.76,8.95,TRADE
VIC1,2025-01-06 15:50:00,4023.19,12.92,TRADE
VIC1,2025-01-06 15:55:00,3956.95,9.99,TRADE
VIC1,2025-01-06 16:00:00,3946.77,0.0,TRADE
VIC1,2025-01-06 16:05:00,3921.62,-3.67,TRADE
VIC1,2025-01-06 16:10:00,3888.23,-4.0,TRADE
VIC1,2025-01-06 16:15:00,3973.2,8.34,TRADE
VIC1,2025-01-06 16:20:00,3964.8,8.37,TRADE
VIC1,2025-01-06 16:25:00,4044.39,0.0,TRADE
VIC1,2025-01-06 16:30:00,4079.23,0.0,TRADE
VIC1,2025-01-06 16:35:00,4132.79,8.95,TRADE
VIC1,2025-01-06 16:40:00,4126.82,8.36,TRADE
VIC1,2025-01-06 16:45:00,4195.26,0.0,TRADE
VIC1,2025-01-06 16:50:00,4181.87,8.95,TRADE
VIC1,2025-01-06 16:55:00,4196.14,0.0,TRADE
VIC1,2025-01-06 17:00:00,4205.11,8.59,TRADE
VIC1,2025-01-06 17:05:00,4232.48,8.95,TRADE
VIC1,2025-01-06 17:10:00,4184.14,-19.99,TRADE
VIC1,2025-01-06 17:15:00,4214.12,-20.96,TRADE
VIC1,2025-01-06 17:20:00,4204.97,-20.81,TRADE
VIC1,2025-01-06 17:25:00,4225.27,-0.5,TRADE
VIC1,2025-01-06 17:30:00,4222.82,8.95,TRADE
VIC1,2025-01-06 17:35:00,4257.83,8.95,TRADE
VIC1,2025-01-06 17:40:00,4247.78,8.95,TRADE
VIC1,2025-01-06 17:45:00,4232.09,8.95,TRADE
VIC1,2025-01-06 17:50:00,4263.49,9.0,TRADE
VIC1,2025-01-06 17:55:00,4235.29,8.95,TRADE
VIC1,2025-01-06 18:00:00,4300.17,9.0,TRADE
VIC1,2025-01-06 18:05:00,4302.23,9.0,TRADE
VIC1,2025-01-06 18:10:00,4296.39,9.0,TRADE
VIC1,2025-01-06 18:15:00,4290.65,8.95,TRADE
VIC1,2025-01-06 18:20:00,4344.12,8.95,TRADE
VIC1,2025-01-06 18:25:00,4373.48,9.0,TRADE
VIC1,2025-01-06 18:30:00,4474.69,9.0,TRADE
VIC1,2025-01-06 18:35:00,4462.14,9.0,TRADE
VIC1,2025-01-06 18:40:00,4517.25,8.95,TRADE
VIC1,2025-01-06 18:45:00,4472.93,8.95,TRADE
VIC1,2025-01-06 18:50:00,4497.74,9.0,TRADE
VIC1,2025-01-06 18:55:00,4542.18,9.0,TRADE
VIC1,2025-01-06 19:00:00,4548.82,9.0,TRADE
VIC1,2025-01-06 19:05:00,4547.13,9.0,TRADE
VIC1,2025-01-06 19:10:00,4571.08,17.99,TRADE
VIC1,2025-01-06 19:15:00,4610.08,17.99,TRADE
VIC1,2025-01-06 19:20:00,4621.29,17.99,TRADE
VIC1,2025-01-06 19:25:00,4670.85,35.0,TRADE
VIC1,2025-01-06 19:30:00,4640.11,21.29,TRADE
VIC1,2025-01-06 19:35:00,4668.49,40.76,TRADE
VIC1,2025-01-06 19:40:00,4665.31,33.0,TRADE
VIC1,2025-01-06 19:45:00,4691.12,46.3,TRADE
VIC1,2025-01-06 19:50:00,4709.95,36.3,TRADE
VIC1,2025-01-06 19:55:00,4678.47,33.0,TRADE
VIC1,2025-01-06 20:00:00,4687.17,37.91,TRADE
VIC1,2025-01-06 20:05:00,4673.51,45.6,TRADE
VIC1,2025-01-06 20:10:00,4693.32,46.68,TRADE
VIC1,2025-01-06 20:15:00,4693.83,65.8,TRADE
VIC1,2025-01-06 20:20:00,4669.81,46.68,TRADE
VIC1,2025-01-06 20:25:00,4699.84,63.77,TRADE
VIC1,2025-01-06 20:30:00,4679.06,46.95,TRADE
VIC1,2025-01-06 20:35:00,4644.23,46.91,TRADE
VIC1,2025-01-06 20:40:00,4625.66,46.68,TRADE
VIC1,2025-01-06 20:45:00,4621.92,46.47,TRADE
VIC1,2025-01-06 20:50:00,4571.24,33.0,TRADE
VIC1,2025-01-06 20:55:00,4575.44,35.42,TRADE
VIC1,2025-01-06 21:00:00,4553.22,33.0,TRADE
VIC1,2025-01-06 21:05:00,4472.19,33.0,TRADE
VIC1,2025-01-06 21:10:00,4438.29,33.0,TRADE
VIC1,2025-01-06 21:15:00,4424.45,17.99,TRADE
VIC1,2025-01-06 21:20:00,4387.49,12.0,TRADE
VIC1,2025-01-06 21:25:00,4363.11,12.0,TRADE
VIC1,2025-01-06 21:30:00,4355.91,12.0,TRADE
VIC1,2025-01-06 21:35:00,4357.02,33.0,TRADE
VIC1,2025-01-06 21:40:00,4298.11,33.0,TRADE
VIC1,2025-01-06 21:45:00,4284.65,33.0,TRADE
VIC1,2025-01-06 21:50:00,4236.3,8.95,TRADE
VIC1,2025-01-06 21:55:00,4208.86,33.0,TRADE
VIC1,2025-01-06 22:00:00,4176.72,9.0,TRADE
VIC1,2025-01-06 22:05:00,4141.64,9.0,TRADE
VIC1,2025-01-06 22:10:00,4150.55,12.0,TRADE
VIC1,2025-01-06 22:15:00,4136.1,12.0,TRADE
VIC1,2025-01-06 22:20:00,4132.09,33.0,TRADE
VIC1,2025-01-06 22:25:00,4144.94,33.0,TRADE
VIC1,2025-01-06 22:30:00,4139.64,8.95,TRADE
VIC1,2025-01-06 22:35:00,4104.22,69.59,TRADE
VIC1,2025-01-06 22:40:00,4103.43,33.0,TRADE
VIC1,2025-01-06 22:45:00,4087.76,33.0,TRADE
VIC1,2025-01-06 22:50:00,4073.06,33.0,TRADE
VIC1,2025-01-06 22:55:00,4057.66,8.95,TRADE
VIC1,2025-01-06 23:00:00,4023.84,8.95,TRADE
VIC1,2025-01-06 23:05:00,4058.82,8.95,TRADE
VIC1,2025-01-06 23:10:00,4203.81,39.0,TRADE
VIC1,2025-01-06 23:15:00,4262.59,45.85,TRADE
VIC1,2025-01-06 23:20:00,4232.73,8.95,TRADE
VIC1,2025-01-06 23:25:00,4238.75,54.89,TRADE
VIC1,2025-01-06 23:30:00,4254.39,8.95,TRADE
VIC1,2025-01-06 23:35:00,4283.94,69.91,TRADE
VIC1,2025-01-06 23:40:00,4235.93,61.44,TRADE
VIC1,2025-01-06 23:45:00,4171.32,0.0,TRADE
VIC1,2025-01-06 23:50:00,4146.34,8.95,TRADE
VIC1,2025-01-06 23:55:00,4115.17,8.95,TRADE
VIC1,2025-01-07 00:00:00,4056.62,8.95,TRADE
VIC1,2025-01-07 00:05:00,4040.29,8.95,TRADE
VIC1,2025-01-07 00:10:00,4011.19,8.95,TRADE
VIC1,2025-01-07 00:15:00,4008.65,8.95,TRADE
VIC1,2025-01-07 00:20:00,3984.55,8.95,TRADE
VIC1,2025-01-07 00:25:00,3960.37,8.95,TRADE
VIC1,2025-01-07 00:30:00,3954.12,8.95,TRADE
VIC1,2025-01-07 00:35:00,3922.83,8.95,TRADE
VIC1,2025-01-07 00:40:00,3900.22,8.95,TRADE
VIC1,2025-01-07 00:45:00,3880.08,8.95,TRADE
VIC1,2025-01-07 00:50:00,3879.29,8.95,TRADE
VIC1,2025-01-07 00:55:00,3833.63,8.95,TRADE
VIC1,2025-01-07 01:00:00,3821.07,8.95,TRADE
VIC1,2025-01-07 01:05:00,3810.05,8.95,TRADE
VIC1,2025-01-07 01:10:00,3815.93,8.95,TRADE
VIC1,2025-01-07 01:15:00,3786.68,8.95,TRADE
VIC1,2025-01-07 01:20:00,3743.06,8.95,TRADE
VIC1,2025-01-07 01:25:00,3719.7,8.85,TRADE
VIC1,2025-01-07 01:30:00,3704.91,8.95,TRADE
VIC1,2025-01-07 01:35:00,3688.52,55.55,TRADE
VIC1,2025-01-07 01:40:00,3644.41,8.95,TRADE
VIC1,2025-01-07 01:45:00,3653.5,8.95,TRADE
VIC1,2025-01-07 01:50:00,3623.56,6.55,TRADE
VIC1,2025-01-07 01:55:00,3622.43,8.95,TRADE
VIC1,2025-01-07 02:00:00,3629.03,5.3,TRADE
VIC1,2025-01-07 02:05:00,3570.83,-20.0,TRADE
VIC1,2025-01-07 02:10:00,3566.4,8.95,TRADE
VIC1,2025-01-07 02:15:00,3548.57,8.95,TRADE
VIC1,2025-01-07 02:20:00,3528.86,8.95,TRADE
VIC1,2025-01-07 02:25:00,3502.43,8.95,TRADE
VIC1,2025-01-07 02:30:00,3506.65,8.95,TRADE
VIC1,2025-01-07 02:35:00,3496.09,8.95,TRADE
VIC1,2025-01-07 02:40:00,3505.95,8.95,TRADE
VIC1,2025-01-07 02:45:00,3530.85,8.95,TRADE
VIC1,2025-01-07 02:50:00,3510.69,6.95,TRADE
VIC1,2025-01-07 02:55:00,3516.42,8.6,TRADE
VIC1,2025-01-07 03:00:00,3498.73,8.95,TRADE
VIC1,2025-01-07 03:05:00,3496.7,8.95,TRADE
VIC1,2025-01-07 03:10:00,3498.47,8.95,TRADE
VIC1,2025-01-07 03:15:00,3503.8,8.95,TRADE
VIC1,2025-01-07 03:20:00,3467.37,8.95,TRADE
VIC1,2025-01-07 03:25:00,3506.6,8.95,TRADE
VIC1,2025-01-07 03:30:00,3521.4,68.23,TRADE
VIC1,2025-01-07 03:35:00,3522.38,69.86,TRADE
VIC1,2025-01-07 03:40:00,3564.04,69.34,TRADE
VIC1,2025-01-07 03:45:00,3562.3,-20.0,TRADE
VIC1,2025-01-07 03:50:00,3547.58,-19.99,TRADE
VIC1,2025-01-07 03:55:00,3535.17,-19.99,TRADE
VIC1,2025-01-07 04:00:00,3578.23,8.95,TRADE
VIC1,2025-01-07 04:05:00,3589.45,27.56,TRADE
VIC1,2025-01-07 04:10:00,3610.04,24.28,TRADE
VIC1,2025-01-07 04:15:00,3652.29,27.73,TRADE
VIC1,2025-01-07 04:20:00,3667.06,24.28,TRADE
VIC1,2025-01-07 04:25:00,3679.12,8.95,TRADE
VIC1,2025-01-07 04:30:00,3678.72,8.95,TRADE
VIC1,2025-01-07 04:35:00,3680.73,8.95,TRADE
VIC1,2025-01-07 04:40:00,3750.41,20.04,TRADE
VIC1,2025-01-07 04:45:00,3739.21,8.95,TRADE
VIC1,2025-01-07 04:50:00,3773.18,19.19,TRADE
VIC1,2025-01-07 04:55:00,3788.98,19.19,TRADE
VIC1,2025-01-07 05:00:00,3821.76,20.18,TRADE
VIC1,2025-01-07 05:05:00,3820.28,19.19,TRADE
VIC1,2025-01-07 05:10:00,3854.16,20.06,TRADE
VIC1,2025-01-07 05:15:00,3877.66,19.19,TRADE
VIC1,2025-01-07 05:20:00,3954.82,33.0,TRADE
VIC1,2025-01-07 05:25:00,3952.79,23.2,TRADE
VIC1,2025-01-07 05:30:00,3965.36,23.71,TRADE
VIC1,2025-01-07 05:35:00,3955.95,33.0,TRADE
VIC1,2025-01-07 05:40:00,4030.69,60.49,TRADE
VIC1,2025-01-07 05:45:00,4075.84,62.64,TRADE
VIC1,2025-01-07 05:50:00,4086.74,62.7,TRADE
VIC1,2025-01-07 05:55:00,4073.3,44.65,TRADE
VIC1,2025-01-07 06:00:00,4015.19,-10.42,TRADE
VIC1,2025-01-07 06:05:00,4083.01,-10.46,TRADE
VIC1,2025-01-07 06:10:00,4171.25,19.19,TRADE
VIC1,2025-01-07 06:15:00,4132.15,-19.99,TRADE
VIC1,2025-01-07 06:20:00,4162.51,-21.3,TRADE
VIC1,2025-01-07 06:25:00,4116.8,-20.0,TRADE
VIC1,2025-01-07 06:30:00,4089.53,-21.43,TRADE
VIC1,2025-01-07 06:35:00,4083.8,-21.72,TRADE
VIC1,2025-01-07 06:40:00,4109.17,-19.99,TRADE
VIC1,2025-01-07 06:45:00,4024.22,-11.06,TRADE
VIC1,2025-01-07 06:50:00,4048.19,-21.7,TRADE
VIC1,2025-01-07 06:55:00,3987.07,-34.4,TRADE
VIC1,2025-01-07 07:00:00,3970.24,-36.69,TRADE
VIC1,2025-01-07 07:05:00,3933.89,-35.38,TRADE
VIC1,2025-01-07 07:10:00,3880.81,-37.03,TRADE
VIC1,2025-01-07 07:15:00,3852.9,-63.94,TRADE
VIC1,2025-01-07 07:20:00,3859.64,-50.08,TRADE
VIC1,2025-01-07 07:25:00,3840.68,-65.0,TRADE
VIC1,2025-01-07 07:30:00,3811.2,-66.3,TRADE
VIC1,2025-01-07 07:35:00,3812.78,-41.73,TRADE
VIC1,2025-01-07 07:40:00,3744.24,-63.94,TRADE
VIC1,2025-01-07 07:45:00,3768.68,-57.9,TRADE
VIC1,2025-01-07 07:50:00,3745.44,-57.9,TRADE
VIC1,2025-01-07 07:55:00,3655.66,-66.3,TRADE
VIC1,2025-01-07 08:00:00,3632.8,-57.9,TRADE
VIC1,2025-01-07 08:05:00,3598.05,-50.08,TRADE
VIC1,2025-01-07 08:10:00,3545.58,-44.9,TRADE
VIC1,2025-01-07 08:15:00,3505.73,-45.68,TRADE
VIC1,2025-01-07 08:20:00,3450.83,-57.9,TRADE
VIC1,2025-01-07 08:25:00,3365.6,-66.3,TRADE
VIC1,2025-01-07 08:30:00,3364.01,-66.3,TRADE
VIC1,2025-01-07 08:35:00,3289.05,-66.3,TRADE
VIC1,2025-01-07 08:40:00,3266.2,-45.05,TRADE
VIC1,2025-01-07 08:45:00,3126.8,-41.73,TRADE
VIC1,2025-01-07 08:50:00,3118.16,-57.05,TRADE
VIC1,2025-01-07 08:55:00,3066.56,-45.05,TRADE
VIC1,2025-01-07 09:00:00,2973.06,-46.55,TRADE
VIC1,2025-01-07 09:05:00,2945.85,-56.15,TRADE
VIC1,2025-01-07 09:10:00,2952.71,-47.58,TRADE
VIC1,2025-01-07 09:15:00,2871.46,-51.18,TRADE
VIC1,2025-01-07 09:20:00,2819.02,-63.94,TRADE
VIC1,2025-01-07 09:25:00,2836.72,-45.05,TRADE
VIC1,2025-01-07 09:30:00,2727.77,-57.9,TRADE
VIC1,2025-01-07 09:35:00,2702.61,-50.08,TRADE
VIC1,2025-01-07 09:40:00,2655.78,-49.71,TRADE
VIC1,2025-01-07 09:45:00,2652.04,-56.0,TRADE
VIC1,2025-01-07 09:50:00,2586.65,-66.3,TRADE
VIC1,2025-01-07 09:55:00,2618.54,-66.3,TRADE
VIC1,2025-01-07 10:00:00,2597.38,-48.39,TRADE
VIC1,2025-01-07 10:05:00,2526.68,-212.19,TRADE
VIC1,2025-01-07 10:10:00,2696.54,-91.18,TRADE
VIC1,2025-01-07 10:15:00,2676.0,-106.33,TRADE
VIC1,2025-01-07 10:20:00,2651.4,-66.3,TRADE
VIC1,2025-01-07 10:25:00,2574.17,-66.3,TRADE
VIC1,2025-01-07 10:30:00,2626.36,-66.3,TRADE
VIC1,2025-01-07 10:35:00,2637.16,-66.3,TRADE
VIC1,2025-01-07 10:40:00,2610.6,-66.3,TRADE
VIC1,2025-01-07 10:45:00,2656.2,-66.3,TRADE
VIC1,2025-01-07 10:50:00,2601.51,-57.9,TRADE
VIC1,2025-01-07 10:55:00,2532.41,-63.94,TRADE
VIC1,2025-01-07 11:00:00,2530.16,-63.94,TRADE
VIC1,2025-01-07 11:05:00,2499.43,-63.94,TRADE
VIC1,2025-01-07 11:10:00,2500.33,-63.94,TRADE
VIC1,2025-01-07 11:15:00,2478.42,-66.3,TRADE
VIC1,2025-01-07 11:20:00,2517.16,-66.3,TRADE
VIC1,2025-01-07 11:25:00,2529.55,-66.3,TRADE
VIC1,2025-01-07 11:30:00,2503.71,-62.39,TRADE
VIC1,2025-01-07 11:35:00,2448.01,-63.94,TRADE
VIC1,2025-01-07 11:40:00,2392.79,-66.3,TRADE
VIC1,2025-01-07 11:45:00,2470.09,-63.94,TRADE
VIC1,2025-01-07 11:50:00,2404.07,-66.3,TRADE
VIC1,2025-01-07 11:55:00,2443.06,-63.94,TRADE
VIC1,2025-01-07 12:00:00,2389.68,-63.94,TRADE
VIC1,2025-01-07 12:05:00,2384.33,-62.39,TRADE
VIC1,2025-01-07 12:10:00,2395.27,-63.94,TRADE
VIC1,2025-01-07 12:15:00,2437.39,-63.94,TRADE
VIC1,2025-01-07 12:20:00,2418.93,-63.94,TRADE
VIC1,2025-01-07 12:25:00,2458.25,-63.94,TRADE
VIC1,2025-01-07 12:30:00,2428.9,-62.39,TRADE
VIC1,2025-01-07 12:35:00,2453.89,-116.75,TRADE
VIC1,2025-01-07 12:40:00,2566.07,-89.08,TRADE
VIC1,2025-01-07 12:45:00,2572.78,-66.3,TRADE
VIC1,2025-01-07 12:50:00,2570.38,-84.86,TRADE
VIC1,2025-01-07 12:55:00,2569.56,-122.75,TRADE
VIC1,2025-01-07 13:00:00,2593.76,-109.2,TRADE
VIC1,2025-01-07 13:05:00,2614.4,-84.86,TRADE
VIC1,2025-01-07 13:10:00,2619.5,-66.3,TRADE
VIC1,2025-01-07 13:15:00,2644.56,-66.3,TRADE
VIC1,2025-01-07 13:20:00,2632.51,-66.3,TRADE
VIC1,2025-01-07 13:25:00,2674.35,-66.3,TRADE
VIC1,2025-01-07 13:30:00,2661.63,-63.94,TRADE
VIC1,2025-01-07 13:35:00,2616.57,-63.94,TRADE
VIC1,2025-01-07 13:40:00,2613.28,-62.4,TRADE
VIC1,2025-01-07 13:45:00,2611.52,-46.55,TRADE
VIC1,2025-01-07 13:50:00,2603.54,-45.05,TRADE
VIC1,2025-01-07 13:55:00,2606.2,-41.73,TRADE
VIC1,2025-01-07 14:00:00,2626.51,-41.73,TRADE
VIC1,2025-01-07 14:05:00,2683.34,-41.73,TRADE
VIC1,2025-01-07 14:10:00,2556.39,-41.73,TRADE
VIC1,2025-01-07 14:15:00,2531.11,-45.05,TRADE
VIC1,2025-01-07 14:20:00,2567.68,-41.73,TRADE
VIC1,2025-01-07 14:25:00,2591.12,-41.73,TRADE
VIC1,2025-01-07 14:30:00,2618.68,-41.73,TRADE
VIC1,2025-01-07 14:35:00,2673.47,-41.73,TRADE
VIC1,2025-01-07 14:40:00,2634.8,-46.06,TRADE
VIC1,2025-01-07 14:45:00,2686.04,-63.94,TRADE
VIC1,2025-01-07 14:50:00,2725.81,-66.3,TRADE
VIC1,2025-01-07 14:55:00,2785.57,-62.51,TRADE
VIC1,2025-01-07 15:00:00,2762.85,-57.9,TRADE
VIC1,2025-01-07 15:05:00,2836.94,-62.51,TRADE
VIC1,2025-01-07 15:10:00,2827.28,-62.51,TRADE
VIC1,2025-01-07 15:15:00,2869.49,-50.08,TRADE
VIC1,2025-01-07 15:20:00,2914.28,-62.51,TRADE
VIC1,2025-01-07 15:25:00,2942.23,-63.94,TRADE
VIC1,2025-01-07 15:30:00,2972.65,-63.94,TRADE
VIC1,2025-01-07 15:35:00,2992.12,-66.3,TRADE
VIC1,2025-01-07 15:40:00,3086.87,-57.9,TRADE
VIC1,2025-01-07 15:45:00,3114.32,-63.94,TRADE
VIC1,2025-01-07 15:50:00,3125.11,-63.94,TRADE
VIC1,2025-01-07 15:55:00,3156.54,-50.08,TRADE
VIC1,2025-01-07 16:00:00,3207.07,-50.08,TRADE
VIC1,2025-01-07 16:05:00,3198.39,-63.94,TRADE
VIC1,2025-01-07 16:10:00,3296.35,-46.55,TRADE
VIC1,2025-01-07 16:15:00,3326.07,-55.78,TRADE
VIC1,2025-01-07 16:20:00,3443.58,-63.94,TRADE
VIC1,2025-01-07 16:25:00,3509.61,-57.9,TRADE
VIC1,2025-01-07 16:30:00,3527.17,-63.94,TRADE
VIC1,2025-01-07 16:35:00,3620.14,-57.9,TRADE
VIC1,2025-01-07 16:40:00,3659.8,-62.51,TRADE
VIC1,2025-01-07 16:45:00,3746.31,-50.08,TRADE
VIC1,2025-01-07 16:50:00,3800.54,-50.08,TRADE
VIC1,2025-01-07 16:55:00,3879.68,-38.31,TRADE
VIC1,2025-01-07 17:00:00,3935.5,-35.5,TRADE
VIC1,2025-01-07 17:05:00,3997.84,-35.29,TRADE
VIC1,2025-01-07 17:10:00,4000.06,-35.38,TRADE
VIC1,2025-01-07 17:15:00,4101.92,-35.93,TRADE
VIC1,2025-01-07 17:20:00,4123.12,-30.75,TRADE
VIC1,2025-01-07 17:25:00,4171.38,-34.46,TRADE
VIC1,2025-01-07 17:30:00,4218.72,-20.81,TRADE
VIC1,2025-01-07 17:35:00,4247.42,-35.5,TRADE
VIC1,2025-01-07 17:40:00,4343.46,-21.0,TRADE
VIC1,2025-01-07 17:45:00,4333.68,-33.09,TRADE
VIC1,2025-01-07 17:50:00,4467.69,-21.0,TRADE
VIC1,2025-01-07 17:55:00,4487.79,-23.46,TRADE
VIC1,2025-01-07 18:00:00,4537.77,-30.75,TRADE
VIC1,2025-01-07 18:05:00,4568.04,-22.25,TRADE
VIC1,2025-01-07 18:10:00,4591.42,-19.99,TRADE
VIC1,2025-01-07 18:15:00,4640.19,0.0,TRADE
VIC1,2025-01-07 18:20:00,4698.77,-2.28,TRADE
VIC1,2025-01-07 18:25:00,4667.29,-20.81,TRADE
VIC1,2025-01-07 18:30:00,4709.61,-19.99,TRADE
VIC1,2025-01-07 18:35:00,4750.24,-20.7,TRADE
VIC1,2025-01-07 18:40:00,4797.55,-19.99,TRADE
VIC1,2025-01-07 18:45:00,4789.01,48.29,TRADE
VIC1,2025-01-07 18:50:00,4827.39,58.49,TRADE
VIC1,2025-01-07 18:55:00,4860.66,49.93,TRADE
VIC1,2025-01-07 19:00:00,4846.45,44.48,TRADE
VIC1,2025-01-07 19:05:00,4881.59,33.0,TRADE
VIC1,2025-01-07 19:10:00,4877.65,43.14,TRADE
VIC1,2025-01-07 19:15:00,4874.68,42.7,TRADE
VIC1,2025-01-07 19:20:00,4861.91,36.0,TRADE
VIC1,2025-01-07 19:25:00,4881.13,35.0,TRADE
VIC1,2025-01-07 19:30:00,4851.07,33.2,TRADE
VIC1,2025-01-07 19:35:00,4866.79,33.0,TRADE
VIC1,2025-01-07 19:40:00,4852.05,33.0,TRADE
VIC1,2025-01-07 19:45:00,4874.66,33.0,TRADE
VIC1,2025-01-07 19:50:00,4879.1,32.42,TRADE
VIC1,2025-01-07 19:55:00,4857.98,31.96,TRADE
VIC1,2025-01-07 20:00:00,4837.22,18.22,TRADE
VIC1,2025-01-07 20:05:00,4817.33,29.11,TRADE
VIC1,2025-01-07 20:10:00,4824.15,30.43,TRADE
VIC1,2025-01-07 20:15:00,4819.09,30.31,TRADE
VIC1,2025-01-07 20:20:00,4778.21,29.86,TRADE
VIC1,2025-01-07 20:25:00,4753.07,19.19,TRADE
VIC1,2025-01-07 20:30:00,4752.92,19.19,TRADE
VIC1,2025-01-07 20:35:00,4708.18,24.61,TRADE
VIC1,2025-01-07 20:40:00,4676.48,28.21,TRADE
VIC1,2025-01-07 20:45:00,4716.89,31.02,TRADE
VIC1,2025-01-07 20:50:00,4691.07,19.19,TRADE
VIC1,2025-01-07 20:55:00,4671.54,19.19,TRADE
VIC1,2025-01-07 21:00:00,4642.66,19.19,TRADE
VIC1,2025-01-07 21:05:00,4580.42,19.19,TRADE
VIC1,2025-01-07 21:10:00,4569.6,19.19,TRADE
VIC1,2025-01-07 21:15:00,4529.35,19.19,TRADE
VIC1,2025-01-07 21:20:00,4500.93,19.19,TRADE
VIC1,2025-01-07 21:25:00,4495.5,19.19,TRADE
VIC1,2025-01-07 21:30:00,4456.76,19.19,TRADE
VIC1,2025-01-07 21:35:00,4445.12,19.19,TRADE
VIC1,2025-01-07 21:40:00,4388.21,17.59,TRADE
VIC1,2025-01-07 21:45:00,4409.23,19.19,TRADE
VIC1,2025-01-07 21:50:00,4338.04,12.57,TRADE
VIC1,2025-01-07 21:55:00,4293.1,12.0,TRADE
VIC1,2025-01-07 22:00:00,4272.61,12.0,TRADE
VIC1,2025-01-07 22:05:00,4192.56,8.95,TRADE
VIC1,2025-01-07 22:10:00,4192.31,8.95,TRADE
VIC1,2025-01-07 22:15:00,4215.04,8.95,TRADE
VIC1,2025-01-07 22:20:00,4198.41,8.95,TRADE
VIC1,2025-01-07 22:25:00,4182.5,5.35,TRADE
VIC1,2025-01-07 22:30:00,4161.71,8.95,TRADE
VIC1,2025-01-07 22:35:00,4148.83,8.95,TRADE
VIC1,2025-01-07 22:40:00,4165.18,12.0,TRADE
VIC1,2025-01-07 22:45:00,4142.11,12.0,TRADE
VIC1,2025-01-07 22:50:00,4135.66,8.41,TRADE
VIC1,2025-01-07 22:55:00,4102.55,12.0,TRADE
VIC1,2025-01-07 23:00:00,4096.66,12.0,TRADE
VIC1,2025-01-07 23:05:00,4124.01,12.0,TRADE
VIC1,2025-01-07 23:10:00,4288.13,36.0,TRADE
VIC1,2025-01-07 23:15:00,4344.99,34.29,TRADE
VIC1,2025-01-07 23:20:00,4356.86,36.0,TRADE
VIC1,2025-01-07 23:25:00,4319.44,33.0,TRADE
VIC1,2025-01-07 23:30:00,4344.44,55.08,TRADE
VIC1,2025-01-07 23:35:00,4326.62,56.25,TRADE
VIC1,2025-01-07 23:40:00,4302.01,62.78,TRADE
VIC1,2025-01-07 23:45:00,4211.63,50.6,TRADE
VIC1,2025-01-07 23:50:00,4207.39,61.57,TRADE
VIC1,2025-01-07 23:55:00,4185.04,47.83,TRADE
VIC1,2025-01-08 00:00:00,4206.7,62.68,TRADE
VIC1,2025-01-08 00:05:00,4162.34,63.73,TRADE
VIC1,2025-01-08 00:10:00,4174.93,63.74,TRADE
VIC1,2025-01-08 00:15:00,4121.96,63.82,TRADE
VIC1,2025-01-08 00:20:00,4083.45,64.43,TRADE
VIC1,2025-01-08 00:25:00,4066.37,64.84,TRADE
VIC1,2025-01-08 00:30:00,4042.92,64.78,TRADE
VIC1,2025-01-08 00:35:00,4036.37,64.79,TRADE
VIC1,2025-01-08 00:40:00,4024.31,65.49,TRADE
VIC1,2025-01-08 00:45:00,4054.58,65.39,TRADE
VIC1,2025-01-08 00:50:00,4026.9,65.31,TRADE
VIC1,2025-01-08 00:55:00,4006.34,61.57,TRADE
VIC1,2025-01-08 01:00:00,4000.17,61.72,TRADE
VIC1,2025-01-08 01:05:00,4007.13,44.47,TRADE
VIC1,2025-01-08 01:10:00,4014.11,62.98,TRADE
VIC1,2025-01-08 01:15:00,3980.38,66.95,TRADE
VIC1,2025-01-08 01:20:00,3960.89,61.29,TRADE
VIC1,2025-01-08 01:25:00,3953.23,61.72,TRADE
VIC1,2025-01-08 01:30:00,3916.89,58.72,TRADE
VIC1,2025-01-08 01:35:00,3907.39,65.79,TRADE
VIC1,2025-01-08 01:40:00,3889.77,66.44,TRADE
VIC1,2025-01-08 01:45:00,3877.3,65.69,TRADE
VIC1,2025-01-08 01:50:00,3874.58,66.2,TRADE
VIC1,2025-01-08 01:55:00,3848.21,60.1,TRADE
VIC1,2025-01-08 02:00:00,3862.0,49.68,TRADE
VIC1,2025-01-08 02:05:00,3850.78,49.61,TRADE
VIC1,2025-01-08 02:10:00,3874.19,49.64,TRADE
VIC1,2025-01-08 02:15:00,3865.8,45.46,TRADE
VIC1,2025-01-08 02:20:00,3852.89,49.14,TRADE
VIC1,2025-01-08 02:25:00,3845.34,49.11,TRADE
VIC1,2025-01-08 02:30:00,3835.6,35.6,TRADE
VIC1,2025-01-08 02:35:00,3809.42,61.8,TRADE
VIC1,2025-01-08 02:40:00,3778.64,49.48,TRADE
VIC1,2025-01-08 02:45:00,3786.15,49.04,TRADE
VIC1,2025-01-08 02:50:00,3759.96,49.02,TRADE
VIC1,2025-01-08 02:55:00,3745.35,44.32,TRADE
VIC1,2025-01-08 03:00:00,3729.92,49.13,TRADE
VIC1,2025-01-08 03:05:00,3716.89,52.51,TRADE
VIC1,2025-01-08 03:10:00,3718.3,51.71,TRADE
VIC1,2025-01-08 03:15:00,3758.64,64.65,TRADE
VIC1,2025-01-08 03:20:00,3739.02,60.34,TRADE
VIC1,2025-01-08 03:25:00,3751.86,50.64,TRADE
VIC1,2025-01-08 03:30:00,3754.79,61.88,TRADE
VIC1,2025-01-08 03:35:00,3743.75,50.16,TRADE
VIC1,2025-01-08 03:40:00,3755.14,51.19,TRADE
VIC1,2025-01-08 03:45:00,3746.05,47.45,TRADE
VIC1,2025-01-08 03:50:00,3747.68,50.58,TRADE
VIC1,2025-01-08 03:55:00,3743.51,63.89,TRADE
VIC1,2025-01-08 04:00:00,3741.15,67.41,TRADE
VIC1,2025-01-08 04:05:00,3742.42,66.56,TRADE
VIC1,2025-01-08 04:10:00,3787.24,68.61,TRADE
VIC1,2025-01-08 04:15:00,3766.01,68.02,TRADE
VIC1,2025-01-08 04:20:00,3795.57,67.95,TRADE
VIC1,2025-01-08 04:25:00,3804.97,71.5,TRADE
VIC1,2025-01-08 04:30:00,3800.74,67.93,TRADE
VIC1,2025-01-08 04:35:00,3833.34,67.88,TRADE
VIC1,2025-01-08 04:40:00,3890.4,67.89,TRADE
VIC1,2025-01-08 04:45:00,3908.74,68.58,TRADE
VIC1,2025-01-08 04:50:00,3925.27,69.17,TRADE
VIC1,2025-01-08 04:55:00,3934.06,68.61,TRADE
VIC1,2025-01-08 05:00:00,3939.49,69.09,TRADE
VIC1,2025-01-08 05:05:00,3984.53,69.79,TRADE
VIC1,2025-01-08 05:10:00,4061.26,73.8,TRADE
VIC1,2025-01-08 05:15:00,4111.16,70.87,TRADE
VIC1,2025-01-08 05:20:00,4116.03,71.46,TRADE
VIC1,2025-01-08 05:25:00,4113.41,70.83,TRADE
VIC1,2025-01-08 05:30:00,4127.49,70.18,TRADE
VIC1,2025-01-08 05:35:00,4149.45,70.17,TRADE
VIC1,2025-01-08 05:40:00,4196.18,71.47,TRADE
VIC1,2025-01-08 05:45:00,4174.03,69.59,TRADE
VIC1,2025-01-08 05:50:00,4163.33,36.47,TRADE
VIC1,2025-01-08 05:55:00,4175.18,45.5,TRADE
VIC1,2025-01-08 06:00:00,4200.44,24.26,TRADE
VIC1,2025-01-08 06:05:00,4192.96,31.08,TRADE
VIC1,2025-01-08 06:10:00,4250.45,32.45,TRADE
VIC1,2025-01-08 06:15:00,4244.34,8.95,TRADE
VIC1,2025-01-08 06:20:00,4257.95,0.0,TRADE
VIC1,2025-01-08 06:25:00,4195.89,-6.84,TRADE
VIC1,2025-01-08 06:30:00,4204.24,-20.0,TRADE
VIC1,2025-01-08 06:35:00,4209.47,-30.75,TRADE
VIC1,2025-01-08 06:40:00,4142.07,-31.09,TRADE
VIC1,2025-01-08 06:45:00,4130.14,-30.75,TRADE
VIC1,2025-01-08 06:50:00,4111.0,-30.75,TRADE
VIC1,2025-01-08 06:55:00,4053.25,-30.75,TRADE
VIC1,2025-01-08 07:00:00,4001.62,-20.19,TRADE
VIC1,2025-01-08 07:05:00,4014.55,-29.97,TRADE
VIC1,2025-01-08 07:10:00,3974.09,-29.7,TRADE
VIC1,2025-01-08 07:15:00,3929.89,-20.19,TRADE
VIC1,2025-01-08 07:20:00,3881.4,-30.75,TRADE
VIC1,2025-01-08 07:25:00,3849.65,-31.2,TRADE
VIC1,2025-01-08 07:30:00,3811.35,-30.75,TRADE
VIC1,2025-01-08 07:35:00,3760.57,-28.86,TRADE
VIC1,2025-01-08 07:40:00,3697.63,-32.34,TRADE
VIC1,2025-01-08 07:45:00,3673.29,-32.0,TRADE
VIC1,2025-01-08 07:50:00,3644.11,-33.5,TRADE
VIC1,2025-01-08 07:55:00,3605.03,-33.5,TRADE
VIC1,2025-01-08 08:00:00,3559.54,-35.5,TRADE
VIC1,2025-01-08 08:05:00,3576.06,-33.28,TRADE
VIC1,2025-01-08 08:10:00,3534.77,-34.0,TRADE
VIC1,2025-01-08 08:15:00,3484.65,-33.68,TRADE
VIC1,2025-01-08 08:20:00,3435.01,-34.46,TRADE
VIC1,2025-01-08 08:25:00,3379.21,-45.05,TRADE
VIC1,2025-01-08 08:30:00,3353.48,-33.57,TRADE
VIC1,2025-01-08 08:35:00,3277.41,-33.94,TRADE
VIC1,2025-01-08 08:40:00,3253.7,-32.47,TRADE
VIC1,2025-01-08 08:45:00,3196.2,-32.53,TRADE
VIC1,2025-01-08 08:50:00,3179.42,-32.4,TRADE
VIC1,2025-01-08 08:55:00,3144.49,-34.46,TRADE
VIC1,2025-01-08 09:00:00,3108.71,-35.06,TRADE
VIC1,2025-01-08 09:05:00,3101.38,-35.5,TRADE
VIC1,2025-01-08 09:10:00,3079.45,-34.46,TRADE
VIC1,2025-01-08 09:15:00,3028.83,-43.13,TRADE
VIC1,2025-01-08 09:20:00,2986.97,-43.41,TRADE
VIC1,2025-01-08 09:25:00,2949.49,-48.52,TRADE
VIC1,2025-01-08 09:30:00,2915.59,-48.51,TRADE
VIC1,2025-01-08 09:35:00,2892.17,-48.52,TRADE
VIC1,2025-01-08 09:40:00,2846.4,-48.51,TRADE
VIC1,2025-01-08 09:45:00,2834.6,-48.51,TRADE
VIC1,2025-01-08 09:50:00,2836.24,-50.01,TRADE
VIC1,2025-01-08 09:55:00,2805.81,-50.01,TRADE
VIC1,2025-01-08 10:00:00,2785.85,-48.38,TRADE
VIC1,2025-01-08 10:05:00,2762.71,-44.07,TRADE
VIC1,2025-01-08 10:10:00,2746.91,-43.4,TRADE
VIC1,2025-01-08 10:15:00,2736.46,-35.22,TRADE
VIC1,2025-01-08 10:20:00,2702.03,-35.31,TRADE
VIC1,2025-01-08 10:25:00,2724.71,-35.63,TRADE
VIC1,2025-01-08 10:30:00,2682.19,-35.5,TRADE
VIC1,2025-01-08 10:35:00,2691.09,-33.93,TRADE
VIC1,2025-01-08 10:40:00,2656.7,-33.82,TRADE
VIC1,2025-01-08 10:45:00,2675.35,-34.07,TRADE
VIC1,2025-01-08 10:50:00,2697.64,-34.06,TRADE
VIC1,2025-01-08 10:55:00,2680.0,-34.72,TRADE
VIC1,2025-01-08 11:00:00,2679.21,-32.0,TRADE
VIC1,2025-01-08 11:05:00,2663.67,-59.63,TRADE
VIC1,2025-01-08 11:10:00,2730.81,-50.01,TRADE
VIC1,2025-01-08 11:15:00,2758.0,-45.05,TRADE
VIC1,2025-01-08 11:20:00,2734.33,-50.08,TRADE
VIC1,2025-01-08 11:25:00,2762.06,-39.13,TRADE
VIC1,2025-01-08 11:30:00,2782.39,-50.08,TRADE
VIC1,2025-01-08 11:35:00,2791.57,-50.01,TRADE
VIC1,2025-01-08 11:40:00,2795.66,-57.9,TRADE
VIC1,2025-01-08 11:45:00,2861.94,-50.01,TRADE
VIC1,2025-01-08 11:50:00,2814.49,-50.08,TRADE
VIC1,2025-01-08 11:55:00,2893.1,-34.97,TRADE
VIC1,2025-01-08 12:00:00,2881.39,-35.1,TRADE
VIC1,2025-01-08 12:05:00,2949.7,-32.18,TRADE
VIC1,2025-01-08 12:10:00,2921.05,-33.01,TRADE
VIC1,2025-01-08 12:15:00,2982.04,-33.01,TRADE
VIC1,2025-01-08 12:20:00,2997.57,-32.0,TRADE
VIC1,2025-01-08 12:25:00,3012.37,-32.0,TRADE
VIC1,2025-01-08 12:30:00,3043.76,-33.0,TRADE
VIC1,2025-01-08 12:35:00,3094.74,-18.15,TRADE
VIC1,2025-01-08 12:40:00,3078.92,-32.0,TRADE
VIC1,2025-01-08 12:45:00,3120.29,-10.4,TRADE
VIC1,2025-01-08 12:50:00,3130.37,125.5,TRADE
VIC1,2025-01-08 12:55:00,3119.26,125.5,TRADE
VIC1,2025-01-08 13:00:00,3127.79,45.89,TRADE
VIC1,2025-01-08 13:05:00,3135.28,45.89,TRADE
VIC1,2025-01-08 13:10:00,3198.42,9.88,TRADE
VIC1,2025-01-08 13:15:00,3231.58,8.95,TRADE
VIC1,2025-01-08 13:20:00,3254.88,45.89,TRADE
VIC1,2025-01-08 13:25:00,3319.67,8.95,TRADE
VIC1,2025-01-08 13:30:00,3356.6,45.89,TRADE
VIC1,2025-01-08 13:35:00,3356.94,-20.19,TRADE
VIC1,2025-01-08 13:40:00,3410.36,0.0,TRADE
VIC1,2025-01-08 13:45:00,3432.27,-21.46,TRADE
VIC1,2025-01-08 13:50:00,3489.16,-18.15,TRADE
VIC1,2025-01-08 13:55:00,3492.8,0.0,TRADE
VIC1,2025-01-08 14:00:00,3493.06,1.0,TRADE
VIC1,2025-01-08 14:05:00,3524.04,-18.15,TRADE
VIC1,2025-01-08 14:10:00,3555.8,-18.55,TRADE
VIC1,2025-01-08 14:15:00,3574.11,-32.0,TRADE
VIC1,2025-01-08 14:20:00,3637.14,-12.64,TRADE
VIC1,2025-01-08 14:25:00,3636.86,-32.0,TRADE
VIC1,2025-01-08 14:30:00,3654.15,-32.0,TRADE
VIC1,2025-01-08 14:35:00,3714.9,-32.0,TRADE
VIC1,2025-01-08 14:40:00,3747.09,-30.75,TRADE
VIC1,2025-01-08 14:45:00,3757.11,-21.0,TRADE
VIC1,2025-01-08 14:50:00,3841.78,-30.75,TRADE
VIC1,2025-01-08 14:55:00,3885.15,-21.0,TRADE
VIC1,2025-01-08 15:00:00,3942.05,-30.75,TRADE
VIC1,2025-01-08 15:05:00,3951.44,-30.75,TRADE
VIC1,2025-01-08 15:10:00,4036.04,-21.0,TRADE
VIC1,2025-01-08 15:15:00,4056.85,-21.0,TRADE
VIC1,2025-01-08 15:20:00,4099.68,-21.0,TRADE
VIC1,2025-01-08 15:25:00,4170.32,33.0,TRADE
VIC1,2025-01-08 15:30:00,4273.79,39.98,TRADE
VIC1,2025-01-08 15:35:00,4302.8,9.07,TRADE
VIC1,2025-01-08 15:40:00,4386.18,8.95,TRADE
VIC1,2025-01-08 15:45:00,4475.85,39.46,TRADE
VIC1,2025-01-08 15:50:00,4529.89,9.0,TRADE
VIC1,2025-01-08 15:55:00,4597.75,9.0,TRADE
VIC1,2025-01-08 16:00:00,4681.17,9.0,TRADE
VIC1,2025-01-08 16:05:00,4709.2,8.95,TRADE
VIC1,2025-01-08 16:10:00,4774.6,-19.99,TRADE
VIC1,2025-01-08 16:15:00,4794.81,8.95,TRADE
VIC1,2025-01-08 16:20:00,4897.52,8.95,TRADE
VIC1,2025-01-08 16:25:00,5018.25,20.04,TRADE
VIC1,2025-01-08 16:30:00,5075.96,20.04,TRADE
VIC1,2025-01-08 16:35:00,5221.44,38.87,TRADE
VIC1,2025-01-08 16:40:00,5269.16,32.94,TRADE
VIC1,2025-01-08 16:45:00,5340.33,41.03,TRADE
VIC1,2025-01-08 16:50:00,5437.91,35.54,TRADE
VIC1,2025-01-08 16:55:00,5491.98,22.83,TRADE
VIC1,2025-01-08 17:00:00,5560.1,21.18,TRADE
VIC1,2025-01-08 17:05:00,5611.76,20.81,TRADE
VIC1,2025-01-08 17:10:00,5602.55,75.0,TRADE
VIC1,2025-01-08 17:15:00,5630.07,83.14,TRADE
VIC1,2025-01-08 17:20:00,5730.94,112.06,TRADE
VIC1,2025-01-08 17:25:00,5809.05,100.34,TRADE
VIC1,2025-01-08 17:30:00,5858.86,89.09,TRADE
VIC1,2025-01-08 17:35:00,5947.74,86.0,TRADE
VIC1,2025-01-08 17:40:00,5981.82,86.0,TRADE
VIC1,2025-01-08 17:45:00,6005.19,87.91,TRADE
VIC1,2025-01-08 17:50:00,6058.02,117.91,TRADE
VIC1,2025-01-08 17:55:00,6142.77,117.91,TRADE
VIC1,2025-01-08 18:00:00,6279.1,126.73,TRADE
VIC1,2025-01-08 18:05:00,6312.85,120.46,TRADE
VIC1,2025-01-08 18:10:00,6299.32,125.08,TRADE
VIC1,2025-01-08 18:15:00,6336.14,127.25,TRADE
VIC1,2025-01-08 18:20:00,6345.29,176.12,TRADE
VIC1,2025-01-08 18:25:00,6314.39,127.25,TRADE
VIC1,2025-01-08 18:30:00,6306.43,127.34,TRADE
VIC1,2025-01-08 18:35:00,6253.86,125.43,TRADE
VIC1,2025-01-08 18:40:00,6248.49,124.66,TRADE
VIC1,2025-01-08 18:45:00,6235.45,130.0,TRADE
VIC1,2025-01-08 18:50:00,6236.3,130.0,TRADE
VIC1,2025-01-08 18:55:00,6218.96,128.93,TRADE
VIC1,2025-01-08 19:00:00,6171.21,130.0,TRADE
VIC1,2025-01-08 19:05:00,6171.83,128.21,TRADE
VIC1,2025-01-08 19:10:00,6102.62,129.48,TRADE
VIC1,2025-01-08 19:15:00,6108.48,134.0,TRADE
VIC1,2025-01-08 19:20:00,6111.24,135.61,TRADE
VIC1,2025-01-08 19:25:00,6099.7,133.89,TRADE
VIC1,2025-01-08 19:30:00,6021.64,133.67,TRADE
VIC1,2025-01-08 19:35:00,6002.48,132.67,TRADE
VIC1,2025-01-08 19:40:00,5984.65,132.34,TRADE
VIC1,2025-01-08 19:45:00,5964.43,123.81,TRADE
VIC1,2025-01-08 19:50:00,5948.13,124.08,TRADE
VIC1,2025-01-08 19:55:00,5918.55,124.04,TRADE
VIC1,2025-01-08 20:00:00,5885.65,110.49,TRADE
VIC1,2025-01-08 20:05:00,5854.34,105.17,TRADE
VIC1,2025-01-08 20:10:00,5826.1,117.72,TRADE
VIC1,2025-01-08 20:15:00,5804.07,113.32,TRADE
VIC1,2025-01-08 20:20:00,5773.97,99.78,TRADE
VIC1,2025-01-08 20:25:00,5765.51,112.61,TRADE
VIC1,2025-01-08 20:30:00,5704.91,99.78,TRADE
VIC1,2025-01-08 20:35:00,5675.34,100.08,TRADE
VIC1,2025-01-08 20:40:00,5597.46,99.78,TRADE
VIC1,2025-01-08 20:45:00,5611.83,117.42,TRADE
VIC1,2025-01-08 20:50:00,5550.55,96.52,TRADE
VIC1,2025-01-08 20:55:00,5489.07,96.27,TRADE
VIC1,2025-01-08 21:00:00,5483.41,97.02,TRADE
VIC1,2025-01-08 21:05:00,5435.96,103.83,TRADE
VIC1,2025-01-08 21:10:00,5379.57,92.39,TRADE
VIC1,2025-01-08 21:15:00,5316.54,92.47,TRADE
VIC1,2025-01-08 21:20:00,5279.33,91.1,TRADE
VIC1,2025-01-08 21:25:00,5238.52,89.75,TRADE
VIC1,2025-01-08 21:30:00,5214.75,89.35,TRADE
VIC1,2025-01-08 21:35:00,5194.02,93.57,TRADE
VIC1,2025-01-08 21:40:00,5155.97,92.68,TRADE
VIC1,2025-01-08 21:45:00,5113.79,91.9,TRADE
VIC1,2025-01-08 21:50:00,5076.84,90.17,TRADE
VIC1,2025-01-08 21:55:00,5027.19,90.21,TRADE
VIC1,2025-01-08 22:00:00,4958.73,91.87,TRADE
VIC1,2025-01-08 22:05:00,4934.24,99.78,TRADE
VIC1,2025-01-08 22:10:00,4929.79,109.92,TRADE
VIC1,2025-01-08 22:15:00,4928.16,111.99,TRADE
VIC1,2025-01-08 22:20:00,4906.89,108.54,TRADE
VIC1,2025-01-08 22:25:00,4873.56,94.35,TRADE
VIC1,2025-01-08 22:30:00,4872.14,107.8,TRADE
VIC1,2025-01-08 22:35:00,4811.56,108.69,TRADE
VIC1,2025-01-08 22:40:00,4793.72,108.85,TRADE
VIC1,2025-01-08 22:45:00,4759.71,108.87,TRADE
VIC1,2025-01-08 22:50:00,4730.62,108.73,TRADE
VIC1,2025-01-08 22:55:00,4716.21,109.19,TRADE
VIC1,2025-01-08 23:00:00,4691.58,108.08,TRADE
VIC1,2025-01-08 23:05:00,4710.69,108.4,TRADE
VIC1,2025-01-08 23:10:00,4853.82,114.65,TRADE
VIC1,2025-01-08 23:15:00,4866.96,114.07,TRADE
VIC1,2025-01-08 23:20:00,4853.84,113.21,TRADE
VIC1,2025-01-08 23:25:00,4832.36,112.02,TRADE
VIC1,2025-01-08 23:30:00,4857.82,111.12,TRADE
VIC1,2025-01-08 23:35:00,4851.7,112.62,TRADE
VIC1,2025-01-08 23:40:00,4769.6,112.07,TRADE
VIC1,2025-01-08 23:45:00,4728.32,111.19,TRADE
VIC1,2025-01-08 23:50:00,4677.08,106.67,TRADE
VIC1,2025-01-08 23:55:00,4636.37,91.85,TRADE
VIC1,2025-01-09 00:00:00,4592.67,100.77,TRADE
VIC1,2025-01-09 00:05:00,4576.29,106.26,TRADE
VIC1,2025-01-09 00:10:00,4511.82,103.22,TRADE
VIC1,2025-01-09 00:15:00,4496.59,93.38,TRADE
VIC1,2025-01-09 00:20:00,4497.24,104.79,TRADE
VIC1,2025-01-09 00:25:00,4431.34,108.85,TRADE
VIC1,2025-01-09 00:30:00,4459.15,108.84,TRADE
VIC1,2025-01-09 00:35:00,4423.09,119.79,TRADE
VIC1,2025-01-09 00:40:00,4397.96,120.48,TRADE
VIC1,2025-01-09 00:45:00,4357.74,127.26,TRADE
VIC1,2025-01-09 00:50:00,4374.28,148.27,TRADE
VIC1,2025-01-09 00:55:00,4335.82,127.43,TRADE
VIC1,2025-01-09 01:00:00,4302.1,120.33,TRADE
VIC1,2025-01-09 01:05:00,4283.41,153.95,TRADE
VIC1,2025-01-09 01:10:00,4253.87,152.69,TRADE
VIC1,2025-01-09 01:15:00,4231.86,143.02,TRADE
VIC1,2025-01-09 01:20:00,4226.38,143.05,TRADE
VIC1,2025-01-09 01:25:00,4211.96,115.82,TRADE
VIC1,2025-01-09 01:30:00,4192.67,116.72,TRADE
VIC1,2025-01-09 01:35:00,4149.04,116.42,TRADE
VIC1,2025-01-09 01:40:00,4150.48,117.59,TRADE
VIC1,2025-01-09 01:45:00,4124.29,118.8,TRADE
VIC1,2025-01-09 01:50:00,4084.48,116.42,TRADE
VIC1,2025-01-09 01:55:00,4065.44,112.36,TRADE
VIC1,2025-01-09 02:00:00,4066.76,112.64,TRADE
VIC1,2025-01-09 02:05:00,4064.81,118.18,TRADE
VIC1,2025-01-09 02:10:00,4069.19,86.09,TRADE
VIC1,2025-01-09 02:15:00,4070.54,111.4,TRADE
VIC1,2025-01-09 02:20:00,4033.92,92.1,TRADE
VIC1,2025-01-09 02:25:00,4043.43,91.62,TRADE
VIC1,2025-01-09 02:30:00,4029.28,86.76,TRADE
VIC1,2025-01-09 02:35:00,4031.82,91.01,TRADE
VIC1,2025-01-09 02:40:00,4002.74,88.25,TRADE
VIC1,2025-01-09 02:45:00,4007.81,114.93,TRADE
VIC1,2025-01-09 02:50:00,4016.07,114.27,TRADE
VIC1,2025-01-09 02:55:00,4002.3,113.69,TRADE
VIC1,2025-01-09 03:00:00,4003.92,102.57,TRADE
VIC1,2025-01-09 03:05:00,3993.92,113.98,TRADE
VIC1,2025-01-09 03:10:00,4017.26,116.12,TRADE
VIC1,2025-01-09 03:15:00,4022.59,115.82,TRADE
VIC1,2025-01-09 03:20:00,4026.73,113.98,TRADE
VIC1,2025-01-09 03:25:00,4001.86,87.54,TRADE
VIC1,2025-01-09 03:30:00,4022.34,103.94,TRADE
VIC1,2025-01-09 03:35:00,4032.37,113.41,TRADE
VIC1,2025-01-09 03:40:00,4009.27,99.65,TRADE
VIC1,2025-01-09 03:45:00,4009.91,99.0,TRADE
VIC1,2025-01-09 03:50:00,4022.51,99.49,TRADE
VIC1,2025-01-09 03:55:00,4023.45,113.12,TRADE
VIC1,2025-01-09 04:00:00,4029.42,101.18,TRADE
VIC1,2025-01-09 04:05:00,4064.33,87.41,TRADE
VIC1,2025-01-09 04:10:00,4093.67,99.0,TRADE
VIC1,2025-01-09 04:15:00,4094.42,100.67,TRADE
VIC1,2025-01-09 04:20:00,4098.66,100.37,TRADE
VIC1,2025-01-09 04:25:00,4105.54,101.21,TRADE
VIC1,2025-01-09 04:30:00,4128.05,99.0,TRADE
VIC1,2025-01-09 04:35:00,4150.8,101.85,TRADE
VIC1,2025-01-09 04:40:00,4175.89,101.56,TRADE
VIC1,2025-01-09 04:45:00,4192.62,99.0,TRADE
VIC1,2025-01-09 04:50:00,4216.55,99.11,TRADE
VIC1,2025-01-09 04:55:00,4222.73,99.0,TRADE
VIC1,2025-01-09 05:00:00,4230.8,117.92,TRADE
VIC1,2025-01-09 05:05:00,4200.88,105.6,TRADE
VIC1,2025-01-09 05:10:00,4278.06,116.68,TRADE
VIC1,2025-01-09 05:15:00,4313.25,118.88,TRADE
VIC1,2025-01-09 05:20:00,4342.45,110.6,TRADE
VIC1,2025-01-09 05:25:00,4359.63,115.15,TRADE
VIC1,2025-01-09 05:30:00,4333.26,116.12,TRADE
VIC1,2025-01-09 05:35:00,4337.19,99.0,TRADE
VIC1,2025-01-09 05:40:00,4375.17,99.0,TRADE
VIC1,2025-01-09 05:45:00,4405.35,102.31,TRADE
VIC1,2025-01-09 05:50:00,4382.25,109.32,TRADE
VIC1,2025-01-09 05:55:00,4383.68,85.28,TRADE
VIC1,2025-01-09 06:00:00,4387.2,85.3,TRADE
VIC1,2025-01-09 06:05:00,4386.34,83.85,TRADE
VIC1,2025-01-09 06:10:00,4426.89,77.07,TRADE
VIC1,2025-01-09 06:15:00,4483.56,75.83,TRADE
VIC1,2025-01-09 06:20:00,4481.06,33.89,TRADE
VIC1,2025-01-09 06:25:00,4476.27,-18.15,TRADE
VIC1,2025-01-09 06:30:00,4477.78,12.14,TRADE
VIC1,2025-01-09 06:35:00,4497.3,9.0,TRADE
VIC1,2025-01-09 06:40:00,4511.89,9.0,TRADE
VIC1,2025-01-09 06:45:00,4445.34,9.0,TRADE
VIC1,2025-01-09 06:50:00,4418.09,9.0,TRADE
VIC1,2025-01-09 06:55:00,4357.46,9.0,TRADE
VIC1,2025-01-09 07:00:00,4379.69,-18.15,TRADE
VIC1,2025-01-09 07:05:00,4366.28,9.0,TRADE
VIC1,2025-01-09 07:10:00,4400.1,20.04,TRADE
VIC1,2025-01-09 07:15:00,4404.66,36.82,TRADE
VIC1,2025-01-09 07:20:00,4415.85,8.8,TRADE
VIC1,2025-01-09 07:25:00,4426.11,9.0,TRADE
VIC1,2025-01-09 07:30:00,4434.98,20.04,TRADE
VIC1,2025-01-09 07:35:00,4392.05,12.0,TRADE
VIC1,2025-01-09 07:40:00,4372.65,50.38,TRADE
VIC1,2025-01-09 07:45:00,4328.34,35.71,TRADE
VIC1,2025-01-09 07:50:00,4286.19,12.42,TRADE
VIC1,2025-01-09 07:55:00,4249.48,58.88,TRADE
VIC1,2025-01-09 08:00:00,4257.0,57.16,TRADE
VIC1,2025-01-09 08:05:00,4241.82,35.43,TRADE
VIC1,2025-01-09 08:10:00,4329.42,56.86,TRADE
VIC1,2025-01-09 08:15:00,4369.06,76.63,TRADE
VIC1,2025-01-09 08:20:00,4357.27,57.18,TRADE
VIC1,2025-01-09 08:25:00,4374.61,57.17,TRADE
VIC1,2025-01-09 08:30:00,4373.2,57.13,TRADE
VIC1,2025-01-09 08:35:00,4276.83,9.0,TRADE
VIC1,2025-01-09 08:40:00,4248.25,-18.15,TRADE
VIC1,2025-01-09 08:45:00,4265.47,9.0,TRADE
VIC1,2025-01-09 08:50:00,4272.5,9.0,TRADE
VIC1,2025-01-09 08:55:00,4260.81,19.9,TRADE
VIC1,2025-01-09 09:00:00,4268.5,20.04,TRADE
VIC1,2025-01-09 09:05:00,4284.22,32.02,TRADE
VIC1,2025-01-09 09:10:00,4247.61,31.93,TRADE
VIC1,2025-01-09 09:15:00,4057.41,37.04,TRADE
VIC1,2025-01-09 09:20:00,3889.02,-19.99,TRADE
VIC1,2025-01-09 09:25:00,3803.6,12.39,TRADE
VIC1,2025-01-09 09:30:00,3699.62,7.8,TRADE
VIC1,2025-01-09 09:35:00,3722.47,20.04,TRADE
VIC1,2025-01-09 09:40:00,3809.19,12.0,TRADE
VIC1,2025-01-09 09:45:00,3830.4,12.0,TRADE
VIC1,2025-01-09 09:50:00,3774.06,8.44,TRADE
VIC1,2025-01-09 09:55:00,3664.79,32.02,TRADE
VIC1,2025-01-09 10:00:00,3606.71,20.04,TRADE
VIC1,2025-01-09 10:05:00,3591.35,33.0,TRADE
VIC1,2025-01-09 10:10:00,3603.7,33.0,TRADE
VIC1,2025-01-09 10:15:00,3574.67,35.5,TRADE
VIC1,2025-01-09 10:20:00,3592.7,12.35,TRADE
VIC1,2025-01-09 10:25:00,3620.29,7.8,TRADE
VIC1,2025-01-09 10:30:00,3653.59,8.21,TRADE
VIC1,2025-01-09 10:35:00,3536.31,9.0,TRADE
VIC1,2025-01-09 10:40:00,3519.95,10.13,TRADE
VIC1,2025-01-09 10:45:00,3639.6,-18.15,TRADE
VIC1,2025-01-09 10:50:00,3675.59,-19.99,TRADE
VIC1,2025-01-09 10:55:00,3708.77,-21.0,TRADE
VIC1,2025-01-09 11:00:00,3778.17,-20.07,TRADE
VIC1,2025-01-09 11:05:00,3832.18,9.05,TRADE
VIC1,2025-01-09 11:10:00,3885.71,12.0,TRADE
VIC1,2025-01-09 11:15:00,3935.11,8.31,TRADE
VIC1,2025-01-09 11:20:00,3991.55,-18.71,TRADE
VIC1,2025-01-09 11:25:00,4067.82,9.8,TRADE
VIC1,2025-01-09 11:30:00,4163.22,9.93,TRADE
VIC1,2025-01-09 11:35:00,4214.52,12.0,TRADE
VIC1,2025-01-09 11:40:00,4267.02,55.26,TRADE
VIC1,2025-01-09 11:45:00,4316.73,33.0,TRADE
VIC1,2025-01-09 11:50:00,4339.12,56.02,TRADE
VIC1,2025-01-09 11:55:00,4366.86,35.09,TRADE
VIC1,2025-01-09 12:00:00,4388.62,56.51,TRADE
VIC1,2025-01-09 12:05:00,4415.05,55.53,TRADE
VIC1,2025-01-09 12:10:00,4474.72,33.0,TRADE
VIC1,2025-01-09 12:15:00,4537.05,82.65,TRADE
VIC1,2025-01-09 12:20:00,4505.04,156.02,TRADE
VIC1,2025-01-09 12:25:00,4565.41,58.96,TRADE
VIC1,2025-01-09 12:30:00,4603.69,100.0,TRADE
VIC1,2025-01-09 12:35:00,4708.0,150.37,TRADE
VIC1,2025-01-09 12:40:00,4753.32,105.61,TRADE
VIC1,2025-01-09 12:45:00,4753.36,115.53,TRADE
VIC1,2025-01-09 12:50:00,4814.1,106.73,TRADE
VIC1,2025-01-09 12:55:00,4823.58,98.79,TRADE
VIC1,2025-01-09 13:00:00,4846.74,90.0,TRADE
VIC1,2025-01-09 13:05:00,4928.11,90.0,TRADE
VIC1,2025-01-09 13:10:00,4920.75,92.5,TRADE
VIC1,2025-01-09 13:15:00,4918.47,85.23,TRADE
VIC1,2025-01-09 13:20:00,4911.4,104.76,TRADE
VIC1,2025-01-09 13:25:00,4969.63,107.18,TRADE
VIC1,2025-01-09 13:30:00,5011.93,114.65,TRADE
VIC1,2025-01-09 13:35:00,5063.45,116.72,TRADE
VIC1,2025-01-09 13:40:00,5062.61,135.93,TRADE
VIC1,2025-01-09 13:45:00,5051.38,115.53,TRADE
VIC1,2025-01-09 13:50:00,5054.1,112.45,TRADE
VIC1,2025-01-09 13:55:00,5084.03,114.94,TRADE
VIC1,2025-01-09 14:00:00,5064.99,111.79,TRADE
VIC1,2025-01-09 14:05:00,5055.44,113.12,TRADE
VIC1,2025-01-09 14:10:00,4997.37,85.2,TRADE
VIC1,2025-01-09 14:15:00,4979.2,83.02,TRADE
VIC1,2025-01-09 14:20:00,5019.75,85.21,TRADE
VIC1,2025-01-09 14:25:00,5081.28,84.98,TRADE
VIC1,2025-01-09 14:30:00,5021.85,83.36,TRADE
VIC1,2025-01-09 14:35:00,5077.6,90.0,TRADE
VIC1,2025-01-09 14:40:00,5074.45,84.77,TRADE
VIC1,2025-01-09 14:45:00,5082.23,59.04,TRADE
VIC1,2025-01-09 14:50:00,5108.98,81.49,TRADE
VIC1,2025-01-09 14:55:00,5089.2,94.83,TRADE
VIC1,2025-01-09 15:00:00,5121.43,114.43,TRADE
VIC1,2025-01-09 15:05:00,5181.1,115.65,TRADE
VIC1,2025-01-09 15:10:00,5186.51,115.06,TRADE
VIC1,2025-01-09 15:15:00,5199.27,115.65,TRADE
VIC1,2025-01-09 15:20:00,5182.38,85.86,TRADE
VIC1,2025-01-09 15:25:00,5232.26,115.06,TRADE
VIC1,2025-01-09 15:30:00,5314.56,117.19,TRADE
VIC1,2025-01-09 15:35:00,5432.79,118.54,TRADE
VIC1,2025-01-09 15:40:00,5515.51,162.61,TRADE
VIC1,2025-01-09 15:45:00,5542.86,176.12,TRADE
VIC1,2025-01-09 15:50:00,5567.54,200.2,TRADE
VIC1,2025-01-09 15:55:00,5584.74,176.12,TRADE
VIC1,2025-01-09 16:00:00,5641.67,176.12,TRADE
VIC1,2025-01-09 16:05:00,5641.01,130.0,TRADE
VIC1,2025-01-09 16:10:00,5676.19,130.0,TRADE
VIC1,2025-01-09 16:15:00,5671.9,137.96,TRADE
VIC1,2025-01-09 16:20:00,5709.36,133.67,TRADE
VIC1,2025-01-09 16:25:00,5770.9,130.0,TRADE
VIC1,2025-01-09 16:30:00,5867.6,135.87,TRADE
VIC1,2025-01-09 16:35:00,5966.09,132.67,TRADE
VIC1,2025-01-09 16:40:00,6008.94,133.67,TRADE
VIC1,2025-01-09 16:45:00,6063.79,133.33,TRADE
VIC1,2025-01-09 16:50:00,6160.25,138.0,TRADE
VIC1,2025-01-09 16:55:00,6192.74,136.41,TRADE
VIC1,2025-01-09 17:00:00,6313.17,137.96,TRADE
VIC1,2025-01-09 17:05:00,6322.46,131.67,TRADE
VIC1,2025-01-09 17:10:00,6335.28,132.0,TRADE
VIC1,2025-01-09 17:15:00,6363.8,137.96,TRADE
VIC1,2025-01-09 17:20:00,6400.72,158.22,TRADE
VIC1,2025-01-09 17:25:00,6421.5,160.0,TRADE
VIC1,2025-01-09 17:30:00,6443.11,160.0,TRADE
VIC1,2025-01-09 17:35:00,6481.08,138.0,TRADE
VIC1,2025-01-09 17:40:00,6526.55,134.33,TRADE
VIC1,2025-01-09 17:45:00,6560.99,144.67,TRADE
VIC1,2025-01-09 17:50:00,6596.62,154.02,TRADE
VIC1,2025-01-09 17:55:00,6625.64,158.14,TRADE
VIC1,2025-01-09 18:00:00,6606.66,158.53,TRADE
VIC1,2025-01-09 18:05:00,6587.91,176.12,TRADE
VIC1,2025-01-09 18:10:00,6568.59,149.98,TRADE
VIC1,2025-01-09 18:15:00,6603.16,176.12,TRADE
VIC1,2025-01-09 18:20:00,6524.45,148.36,TRADE
VIC1,2025-01-09 18:25:00,6547.13,149.41,TRADE
VIC1,2025-01-09 18:30:00,6530.94,157.06,TRADE
VIC1,2025-01-09 18:35:00,6472.56,176.12,TRADE
VIC1,2025-01-09 18:40:00,6462.71,172.53,TRADE
VIC1,2025-01-09 18:45:00,6465.37,176.12,TRADE
VIC1,2025-01-09 18:50:00,6457.88,185.27,TRADE
VIC1,2025-01-09 18:55:00,6477.17,240.05,TRADE
VIC1,2025-01-09 19:00:00,6426.06,186.69,TRADE
VIC1,2025-01-09 19:05:00,6407.38,222.97,TRADE
VIC1,2025-01-09 19:10:00,6387.09,223.73,TRADE
VIC1,2025-01-09 19:15:00,6400.13,239.36,TRADE
VIC1,2025-01-09 19:20:00,6352.4,241.96,TRADE
VIC1,2025-01-09 19:25:00,6327.94,190.96,TRADE
VIC1,2025-01-09 19:30:00,6306.67,232.99,TRADE
VIC1,2025-01-09 19:35:00,6311.26,285.09,TRADE
VIC1,2025-01-09 19:40:00,6271.16,238.39,TRADE
VIC1,2025-01-09 19:45:00,6219.02,154.3,TRADE
VIC1,2025-01-09 19:50:00,6264.26,164.37,TRADE
VIC1,2025-01-09 19:55:00,6228.64,156.69,TRADE
VIC1,2025-01-09 20:00:00,6202.98,156.68,TRADE
VIC1,2025-01-09 20:05:00,6164.69,138.0,TRADE
VIC1,2025-01-09 20:10:00,6141.68,137.96,TRADE
VIC1,2025-01-09 20:15:00,6124.99,133.3,TRADE
VIC1,2025-01-09 20:20:00,6070.42,132.67,TRADE
VIC1,2025-01-09 20:25:00,6020.64,134.12,TRADE
VIC1,2025-01-09 20:30:00,5970.76,132.34,TRADE
VIC1,2025-01-09 20:35:00,5932.21,133.2,TRADE
VIC1,2025-01-09 20:40:00,5877.34,134.38,TRADE
VIC1,2025-01-09 20:45:00,5826.11,132.3,TRADE
VIC1,2025-01-09 20:50:00,5786.91,132.26,TRADE
VIC1,2025-01-09 20:55:00,5736.41,131.34,TRADE
VIC1,2025-01-09 21:00:00,5691.92,129.68,TRADE
VIC1,2025-01-09 21:05:00,5652.92,143.16,TRADE
VIC1,2025-01-09 21:10:00,5613.24,164.93,TRADE
VIC1,2025-01-09 21:15:00,5527.25,163.77,TRADE
VIC1,2025-01-09 21:20:00,5477.14,162.54,TRADE
VIC1,2025-01-09 21:25:00,5452.05,156.26,TRADE
VIC1,2025-01-09 21:30:00,5403.89,135.06,TRADE
VIC1,2025-01-09 21:35:00,5385.04,136.58,TRADE
VIC1,2025-01-09 21:40:00,5363.33,135.1,TRADE
VIC1,2025-01-09 21:45:00,5294.95,131.89,TRADE
VIC1,2025-01-09 21:50:00,5243.77,128.68,TRADE
VIC1,2025-01-09 21:55:00,5212.01,128.68,TRADE
VIC1,2025-01-09 22:00:00,5156.85,125.29,TRADE
VIC1,2025-01-09 22:05:00,5129.82,126.02,TRADE
VIC1,2025-01-09 22:10:00,5083.12,126.45,TRADE
VIC1,2025-01-09 22:15:00,5069.58,128.02,TRADE
VIC1,2025-01-09 22:20:00,5052.69,126.35,TRADE
VIC1,2025-01-09 22:25:00,5032.0,126.35,TRADE
VIC1,2025-01-09 22:30:00,5002.16,129.01,TRADE
VIC1,2025-01-09 22:35:00,4946.08,128.02,TRADE
VIC1,2025-01-09 22:40:00,4944.66,130.01,TRADE
VIC1,2025-01-09 22:45:00,4874.97,126.02,TRADE
VIC1,2025-01-09 22:50:00,4876.77,122.09,TRADE
VIC1,2025-01-09 22:55:00,4831.81,122.91,TRADE
VIC1,2025-01-09 23:00:00,4810.58,106.91,TRADE
VIC1,2025-01-09 23:05:00,4850.96,118.68,TRADE
VIC1,2025-01-09 23:10:00,4986.37,134.44,TRADE
VIC1,2025-01-09 23:15:00,5010.29,133.17,TRADE
VIC1,2025-01-09 23:20:00,4978.29,131.83,TRADE
VIC1,2025-01-09 23:25:00,4950.72,132.26,TRADE
VIC1,2025-01-09 23:30:00,4939.16,131.99,TRADE
VIC1,2025-01-09 23:35:00,4944.72,132.82,TRADE
VIC1,2025-01-09 23:40:00,4861.06,129.66,TRADE
VIC1,2025-01-09 23:45:00,4804.7,129.77,TRADE
VIC1,2025-01-09 23:50:00,4803.1,145.43,TRADE
VIC1,2025-01-09 23:55:00,4727.44,128.22,TRADE
VIC1,2025-01-10 00:00:00,4715.89,127.8,TRADE
VIC1,2025-01-10 00:05:00,4705.08,157.14,TRADE
VIC1,2025-01-10 00:10:00,4659.41,123.79,TRADE
VIC1,2025-01-10 00:15:00,4626.32,108.45,TRADE
VIC1,2025-01-10 00:20:00,4588.88,105.98,TRADE
VIC1,2025-01-10 00:25:00,4564.19,99.0,TRADE
VIC1,2025-01-10 00:30:00,4539.47,122.7,TRADE
VIC1,2025-01-10 00:35:00,4546.35,120.1,TRADE
VIC1,2025-01-10 00:40:00,4510.93,119.56,TRADE
VIC1,2025-01-10 00:45:00,4527.05,127.36,TRADE
VIC1,2025-01-10 00:50:00,4515.17,158.41,TRADE
VIC1,2025-01-10 00:55:00,4499.51,119.54,TRADE
VIC1,2025-01-10 01:00:00,4487.1,117.64,TRADE
VIC1,2025-01-10 01:05:00,4476.76,116.42,TRADE
VIC1,2025-01-10 01:10:00,4458.36,116.42,TRADE
VIC1,2025-01-10 01:15:00,4428.63,115.82,TRADE
VIC1,2025-01-10 01:20:00,4399.86,115.53,TRADE
VIC1,2025-01-10 01:25:00,4376.1,115.23,TRADE
VIC1,2025-01-10 01:30:00,4344.74,116.12,TRADE
VIC1,2025-01-10 01:35:00,4307.55,116.42,TRADE
VIC1,2025-01-10 01:40:00,4295.74,117.94,TRADE
VIC1,2025-01-10 01:45:00,4288.7,132.37,TRADE
VIC1,2025-01-10 01:50:00,4258.74,118.63,TRADE
VIC1,2025-01-10 01:55:00,4267.98,118.61,TRADE
VIC1,2025-01-10 02:00:00,4244.38,129.24,TRADE
VIC1,2025-01-10 02:05:00,4234.51,165.99,TRADE
VIC1,2025-01-10 02:10:00,4231.4,139.33,TRADE
VIC1,2025-01-10 02:15:00,4204.08,149.01,TRADE
VIC1,2025-01-10 02:20:00,4191.46,149.07,TRADE
VIC1,2025-01-10 02:25:00,4181.24,142.6,TRADE
VIC1,2025-01-10 02:30:00,4172.46,165.05,TRADE
VIC1,2025-01-10 02:35:00,4143.5,162.86,TRADE
VIC1,2025-01-10 02:40:00,4160.11,164.03,TRADE
VIC1,2025-01-10 02:45:00,4143.89,164.06,TRADE
VIC1,2025-01-10 02:50:00,4135.12,163.98,TRADE
VIC1,2025-01-10 02:55:00,4114.87,163.58,TRADE
VIC1,2025-01-10 03:00:00,4121.2,160.75,TRADE
VIC1,2025-01-10 03:05:00,4106.57,164.11,TRADE
VIC1,2025-01-10 03:10:00,4116.3,165.3,TRADE
VIC1,2025-01-10 03:15:00,4126.2,166.92,TRADE
VIC1,2025-01-10 03:20:00,4117.48,164.22,TRADE
VIC1,2025-01-10 03:25:00,4110.28,166.4,TRADE
VIC1,2025-01-10 03:30:00,4122.2,159.81,TRADE
VIC1,2025-01-10 03:35:00,4120.57,170.23,TRADE
VIC1,2025-01-10 03:40:00,4129.87,168.32,TRADE
VIC1,2025-01-10 03:45:00,4149.8,170.11,TRADE
VIC1,2025-01-10 03:50:00,4149.84,129.27,TRADE
VIC1,2025-01-10 03:55:00,4182.2,140.71,TRADE
VIC1,2025-01-10 04:00:00,4133.85,140.02,TRADE
VIC1,2025-01-10 04:05:00,4186.58,141.21,TRADE
VIC1,2025-01-10 04:10:00,4208.29,153.94,TRADE
VIC1,2025-01-10 04:15:00,4227.74,156.06,TRADE
VIC1,2025-01-10 04:20:00,4273.89,176.12,TRADE
VIC1,2025-01-10 04:25:00,4258.25,141.68,TRADE
VIC1,2025-01-10 04:30:00,4291.87,141.96,TRADE
VIC1,2025-01-10 04:35:00,4295.62,109.62,TRADE
VIC1,2025-01-10 04:40:00,4367.63,123.6,TRADE
VIC1,2025-01-10 04:45:00,4353.8,123.27,TRADE
VIC1,2025-01-10 04:50:00,4399.83,132.91,TRADE
VIC1,2025-01-10 04:55:00,4389.14,139.99,TRADE
VIC1,2025-01-10 05:00:00,4442.39,150.9,TRADE
VIC1,2025-01-10 05:05:00,4481.95,160.0,TRADE
VIC1,2025-01-10 05:10:00,4559.26,160.0,TRADE
VIC1,2025-01-10 05:15:00,4583.95,160.0,TRADE
VIC1,2025-01-10 05:20:00,4606.74,160.0,TRADE
VIC1,2025-01-10 05:25:00,4625.86,176.12,TRADE
VIC1,2025-01-10 05:30:00,4643.45,176.12,TRADE
VIC1,2025-01-10 05:35:00,4697.89,176.12,TRADE
VIC1,2025-01-10 05:40:00,4727.26,160.0,TRADE
VIC1,2025-01-10 05:45:00,4725.18,160.0,TRADE
VIC1,2025-01-10 05:50:00,4737.39,140.6,TRADE
VIC1,2025-01-10 05:55:00,4771.6,137.22,TRADE
VIC1,2025-01-10 06:00:00,4736.02,121.48,TRADE
VIC1,2025-01-10 06:05:00,4759.01,118.33,TRADE
VIC1,2025-01-10 06:10:00,4839.76,115.71,TRADE
VIC1,2025-01-10 06:15:00,4864.59,105.17,TRADE
VIC1,2025-01-10 06:20:00,4862.17,99.0,TRADE
VIC1,2025-01-10 06:25:00,4861.16,99.0,TRADE
VIC1,2025-01-10 06:30:00,4883.05,86.0,TRADE
VIC1,2025-01-10 06:35:00,4861.74,86.0,TRADE
VIC1,2025-01-10 06:40:00,4879.76,86.0,TRADE
VIC1,2025-01-10 06:45:00,4854.98,98.37,TRADE
VIC1,2025-01-10 06:50:00,4851.16,97.62,TRADE
VIC1,2025-01-10 06:55:00,4851.99,96.62,TRADE
VIC1,2025-01-10 07:00:00,4867.18,96.62,TRADE
VIC1,2025-01-10 07:05:00,4803.37,98.11,TRADE
VIC1,2025-01-10 07:10:00,4828.9,99.0,TRADE
VIC1,2025-01-10 07:15:00,4842.83,99.0,TRADE
VIC1,2025-01-10 07:20:00,4838.61,107.18,TRADE
VIC1,2025-01-10 07:25:00,4823.75,111.23,TRADE
VIC1,2025-01-10 07:30:00,4749.27,111.64,TRADE
VIC1,2025-01-10 07:35:00,4724.01,133.75,TRADE
VIC1,2025-01-10 07:40:00,4726.98,115.52,TRADE
VIC1,2025-01-10 07:45:00,4793.22,123.38,TRADE
VIC1,2025-01-10 07:50:00,4759.96,112.4,TRADE
VIC1,2025-01-10 07:55:00,4687.41,112.93,TRADE
VIC1,2025-01-10 08:00:00,4565.32,62.59,TRADE
VIC1,2025-01-10 08:05:00,4525.73,122.46,TRADE
VIC1,2025-01-10 08:10:00,4534.72,112.5,TRADE
VIC1,2025-01-10 08:15:00,4454.34,80.7,TRADE
VIC1,2025-01-10 08:20:00,4392.73,106.91,TRADE
VIC1,2025-01-10 08:25:00,4344.86,79.52,TRADE
VIC1,2025-01-10 08:30:00,4412.27,111.71,TRADE
VIC1,2025-01-10 08:35:00,4356.42,120.98,TRADE
VIC1,2025-01-10 08:40:00,4327.48,80.73,TRADE
VIC1,2025-01-10 08:45:00,4343.34,110.79,TRADE
VIC1,2025-01-10 08:50:00,4265.88,79.81,TRADE
VIC1,2025-01-10 08:55:00,4177.76,77.11,TRADE
VIC1,2025-01-10 09:00:00,4117.71,58.18,TRADE
VIC1,2025-01-10 09:05:00,4097.19,57.25,TRADE
VIC1,2025-01-10 09:10:00,4111.99,89.08,TRADE
VIC1,2025-01-10 09:15:00,4120.73,33.0,TRADE
VIC1,2025-01-10 09:20:00,4072.52,33.0,TRADE
VIC1,2025-01-10 09:25:00,4013.65,22.1,TRADE
VIC1,2025-01-10 09:30:00,3956.04,12.0,TRADE
VIC1,2025-01-10 09:35:00,3894.22,12.0,TRADE
VIC1,2025-01-10 09:40:00,3881.01,21.65,TRADE
VIC1,2025-01-10 09:45:00,3842.88,12.0,TRADE
VIC1,2025-01-10 09:50:00,3830.5,12.0,TRADE
VIC1,2025-01-10 09:55:00,3868.85,21.24,TRADE
VIC1,2025-01-10 10:00:00,3832.55,13.77,TRADE
VIC1,2025-01-10 10:05:00,3798.1,-11.16,TRADE
VIC1,2025-01-10 10:10:00,3854.17,9.1,TRADE
VIC1,2025-01-10 10:15:00,3835.94,4.2,TRADE
VIC1,2025-01-10 10:20:00,3808.52,9.1,TRADE
VIC1,2025-01-10 10:25:00,3871.21,72.26,TRADE
VIC1,2025-01-10 10:30:00,3852.12,7.77,TRADE
VIC1,2025-01-10 10:35:00,3827.02,20.04,TRADE
VIC1,2025-01-10 10:40:00,3842.93,-22.18,TRADE
VIC1,2025-01-10 10:45:00,3897.8,12.13,TRADE
VIC1,2025-01-10 10:50:00,3845.81,9.1,TRADE
VIC1,2025-01-10 10:55:00,3892.84,-18.15,TRADE
VIC1,2025-01-10 11:00:00,3916.19,-11.26,TRADE
VIC1,2025-01-10 11:05:00,3963.56,12.42,TRADE
VIC1,2025-01-10 11:10:00,3943.45,82.37,TRADE
VIC1,2025-01-10 11:15:00,3967.06,52.87,TRADE
VIC1,2025-01-10 11:20:00,3999.14,12.14,TRADE
VIC1,2025-01-10 11:25:00,4050.67,22.48,TRADE
VIC1,2025-01-10 11:30:00,4088.37,75.36,TRADE
VIC1,2025-01-10 11:35:00,4089.3,8.95,TRADE
VIC1,2025-01-10 11:40:00,4018.18,36.1,TRADE
VIC1,2025-01-10 11:45:00,4041.82,69.54,TRADE
VIC1,2025-01-10 11:50:00,4026.74,47.64,TRADE
VIC1,2025-01-10 11:55:00,4074.42,-15.89,TRADE
VIC1,2025-01-10 12:00:00,4094.08,12.13,TRADE
VIC1,2025-01-10 12:05:00,4140.98,12.42,TRADE
VIC1,2025-01-10 12:10:00,4193.78,46.29,TRADE
VIC1,2025-01-10 12:15:00,4120.54,8.95,TRADE
VIC1,2025-01-10 12:20:00,4170.75,11.68,TRADE
VIC1,2025-01-10 12:25:00,4215.74,20.04,TRADE
VIC1,2025-01-10 12:30:00,4201.13,8.95,TRADE
VIC1,2025-01-10 12:35:00,4214.51,22.1,TRADE
VIC1,2025-01-10 12:40:00,4189.65,58.08,TRADE
VIC1,2025-01-10 12:45:00,4194.87,54.74,TRADE
VIC1,2025-01-10 12:50:00,4227.92,62.37,TRADE
VIC1,2025-01-10 12:55:00,4302.8,47.49,TRADE
VIC1,2025-01-10 13:00:00,4421.28,8.95,TRADE
VIC1,2025-01-10 13:05:00,4471.99,11.85,TRADE
VIC1,2025-01-10 13:10:00,4429.24,-21.9,TRADE
VIC1,2025-01-10 13:15:00,4523.98,-18.15,TRADE
VIC1,2025-01-10 13:20:00,4571.53,0.0,TRADE
VIC1,2025-01-10 13:25:00,4587.18,0.0,TRADE
VIC1,2025-01-10 13:30:00,4497.16,-21.0,TRADE
VIC1,2025-01-10 13:35:00,4589.75,0.97,TRADE
VIC1,2025-01-10 13:40:00,4525.81,8.95,TRADE
VIC1,2025-01-10 13:45:00,4563.72,0.99,TRADE
VIC1,2025-01-10 13:50:00,4568.15,12.42,TRADE
VIC1,2025-01-10 13:55:00,4647.54,43.83,TRADE
VIC1,2025-01-10 14:00:00,4642.96,79.88,TRADE
VIC1,2025-01-10 14:05:00,4586.34,70.35,TRADE
VIC1,2025-01-10 14:10:00,4672.39,80.6,TRADE
VIC1,2025-01-10 14:15:00,4747.61,82.5,TRADE
VIC1,2025-01-10 14:20:00,4737.36,77.2,TRADE
VIC1,2025-01-10 14:25:00,4808.31,83.63,TRADE
VIC1,2025-01-10 14:30:00,4765.85,90.0,TRADE
VIC1,2025-01-10 14:35:00,4850.53,82.5,TRADE
VIC1,2025-01-10 14:40:00,4814.57,34.77,TRADE
VIC1,2025-01-10 14:45:00,4850.62,34.16,TRADE
VIC1,2025-01-10 14:50:00,4914.09,41.48,TRADE
VIC1,2025-01-10 14:55:00,5026.66,83.98,TRADE
VIC1,2025-01-10 15:00:00,5045.74,80.03,TRADE
VIC1,2025-01-10 15:05:00,5071.47,12.0,TRADE
VIC1,2025-01-10 15:10:00,5114.39,42.7,TRADE
VIC1,2025-01-10 15:15:00,5178.94,35.32,TRADE
VIC1,2025-01-10 15:20:00,5197.03,57.9,TRADE
VIC1,2025-01-10 15:25:00,5248.88,59.32,TRADE
VIC1,2025-01-10 15:30:00,5200.95,35.41,TRADE
VIC1,2025-01-10 15:35:00,5242.18,82.59,TRADE
VIC1,2025-01-10 15:40:00,5316.94,99.0,TRADE
VIC1,2025-01-10 15:45:00,5351.05,95.48,TRADE
VIC1,2025-01-10 15:50:00,5440.5,99.0,TRADE
VIC1,2025-01-10 15:55:00,5503.05,93.31,TRADE
VIC1,2025-01-10 16:00:00,5627.35,112.64,TRADE
VIC1,2025-01-10 16:05:00,5652.07,103.65,TRADE
VIC1,2025-01-10 16:10:00,5666.51,112.09,TRADE
VIC1,2025-01-10 16:15:00,5697.88,111.81,TRADE
VIC1,2025-01-10 16:20:00,5823.64,115.23,TRADE
VIC1,2025-01-10 16:25:00,5857.43,125.43,TRADE
VIC1,2025-01-10 16:30:00,5994.49,133.2,TRADE
VIC1,2025-01-10 16:35:00,6103.07,118.85,TRADE
VIC1,2025-01-10 16:40:00,6060.84,86.41,TRADE
VIC1,2025-01-10 16:45:00,6155.5,86.0,TRADE
VIC1,2025-01-10 16:50:00,6185.26,86.0,TRADE
VIC1,2025-01-10 16:55:00,6219.79,84.84,TRADE
VIC1,2025-01-10 17:00:00,6396.03,87.6,TRADE
VIC1,2025-01-10 17:05:00,6420.22,110.65,TRADE
VIC1,2025-01-10 17:10:00,6378.55,91.33,TRADE
VIC1,2025-01-10 17:15:00,6371.17,99.0,TRADE
VIC1,2025-01-10 17:20:00,6451.49,103.25,TRADE
VIC1,2025-01-10 17:25:00,6521.3,114.36,TRADE
VIC1,2025-01-10 17:30:00,6522.26,115.23,TRADE
VIC1,2025-01-10 17:35:00,6514.86,99.0,TRADE
VIC1,2025-01-10 17:40:00,6534.88,99.0,TRADE
VIC1,2025-01-10 17:45:00,6635.66,102.3,TRADE
VIC1,2025-01-10 17:50:00,6715.99,112.09,TRADE
VIC1,2025-01-10 17:55:00,6747.96,114.65,TRADE
VIC1,2025-01-10 18:00:00,6691.66,123.22,TRADE
VIC1,2025-01-10 18:05:00,6784.99,117.91,TRADE
VIC1,2025-01-10 18:10:00,6774.54,121.64,TRADE
VIC1,2025-01-10 18:15:00,6819.24,139.93,TRADE
VIC1,2025-01-10 18:20:00,6800.59,140.32,TRADE
VIC1,2025-01-10 18:25:00,6771.46,141.28,TRADE
VIC1,2025-01-10 18:30:00,6783.94,160.0,TRADE
VIC1,2025-01-10 18:35:00,6746.2,125.89,TRADE
VIC1,2025-01-10 18:40:00,6751.14,176.12,TRADE
VIC1,2025-01-10 18:45:00,6739.97,159.76,TRADE
VIC1,2025-01-10 18:50:00,6641.05,152.81,TRADE
VIC1,2025-01-10 18:55:00,6607.04,143.39,TRADE
VIC1,2025-01-10 19:00:00,6691.58,160.0,TRADE
VIC1,2025-01-10 19:05:00,6674.23,149.87,TRADE
VIC1,2025-01-10 19:10:00,6633.73,160.0,TRADE
VIC1,2025-01-10 19:15:00,6645.07,170.23,TRADE
VIC1,2025-01-10 19:20:00,6607.0,171.11,TRADE
VIC1,2025-01-10 19:25:00,6644.77,176.12,TRADE
VIC1,2025-01-10 19:30:00,6532.51,160.0,TRADE
VIC1,2025-01-10 19:35:00,6516.94,160.0,TRADE
VIC1,2025-01-10 19:40:00,6503.48,160.0,TRADE
VIC1,2025-01-10 19:45:00,6511.62,145.12,TRADE
VIC1,2025-01-10 19:50:00,6446.01,135.84,TRADE
VIC1,2025-01-10 19:55:00,6457.68,136.57,TRADE
VIC1,2025-01-10 20:00:00,6445.65,135.45,TRADE
VIC1,2025-01-10 20:05:00,6381.86,133.63,TRADE
VIC1,2025-01-10 20:10:00,6349.8,134.38,TRADE
VIC1,2025-01-10 20:15:00,6395.86,133.8,TRADE
VIC1,2025-01-10 20:20:00,6364.58,132.72,TRADE
VIC1,2025-01-10 20:25:00,6264.85,131.34,TRADE
VIC1,2025-01-10 20:30:00,6297.3,130.67,TRADE
VIC1,2025-01-10 20:35:00,6176.36,130.0,TRADE
VIC1,2025-01-10 20:40:00,6140.72,128.35,TRADE
VIC1,2025-01-10 20:45:00,6085.18,130.0,TRADE
VIC1,2025-01-10 20:50:00,6065.11,130.0,TRADE
VIC1,2025-01-10 20:55:00,6089.07,132.41,TRADE
VIC1,2025-01-10 21:00:00,5971.68,122.87,TRADE
VIC1,2025-01-10 21:05:00,5976.09,139.77,TRADE
VIC1,2025-01-10 21:10:00,5921.69,160.0,TRADE
VIC1,2025-01-10 21:15:00,5885.14,145.52,TRADE
VIC1,2025-01-10 21:20:00,5745.74,136.64,TRADE
VIC1,2025-01-10 21:25:00,5732.32,150.85,TRADE
VIC1,2025-01-10 21:30:00,5672.37,138.47,TRADE
VIC1,2025-01-10 21:35:00,5678.24,137.96,TRADE
VIC1,2025-01-10 21:40:00,5644.05,139.55,TRADE
VIC1,2025-01-10 21:45:00,5538.01,137.69,TRADE
VIC1,2025-01-10 21:50:00,5601.16,140.46,TRADE
VIC1,2025-01-10 21:55:00,5509.43,129.93,TRADE
VIC1,2025-01-10 22:00:00,5488.54,137.63,TRADE
VIC1,2025-01-10 22:05:00,5362.02,134.48,TRADE
VIC1,2025-01-10 22:10:00,5325.27,128.02,TRADE
VIC1,2025-01-10 22:15:00,5340.64,129.34,TRADE
VIC1,2025-01-10 22:20:00,5302.59,128.35,TRADE
VIC1,2025-01-10 22:25:00,5319.44,129.34,TRADE
VIC1,2025-01-10 22:30:00,5343.5,132.27,TRADE
VIC1,2025-01-10 22:35:00,5293.17,133.15,TRADE
VIC1,2025-01-10 22:40:00,5244.27,133.64,TRADE
VIC1,2025-01-10 22:45:00,5234.15,134.19,TRADE
VIC1,2025-01-10 22:50:00,5237.95,134.78,TRADE
VIC1,2025-01-10 22:55:00,5083.73,129.34,TRADE
VIC1,2025-01-10 23:00:00,5158.78,131.36,TRADE
VIC1,2025-01-10 23:05:00,5140.78,129.68,TRADE
VIC1,2025-01-10 23:10:00,5155.7,131.89,TRADE
VIC1,2025-01-10 23:15:00,5215.45,133.72,TRADE
VIC1,2025-01-10 23:20:00,5287.19,167.62,TRADE
VIC1,2025-01-10 23:25:00,5269.11,137.03,TRADE
VIC1,2025-01-10 23:30:00,5257.37,135.73,TRADE
VIC1,2025-01-10 23:35:00,5239.06,152.38,TRADE
VIC1,2025-01-10 23:40:00,5179.93,134.15,TRADE
VIC1,2025-01-10 23:45:00,5117.54,132.76,TRADE
VIC1,2025-01-10 23:50:00,5069.9,130.67,TRADE
VIC1,2025-01-10 23:55:00,4973.99,130.34,TRADE
VIC1,2025-01-13 00:00:00,4539.72,130.46,TRADE
VIC1,2025-01-13 00:05:00,4452.13,170.46,TRADE
VIC1,2025-01-13 00:10:00,4397.31,136.71,TRADE
VIC1,2025-01-13 00:15:00,4389.62,136.83,TRADE
VIC1,2025-01-13 00:20:00,4375.48,137.35,TRADE
VIC1,2025-01-13 00:25:00,4339.0,137.77,TRADE
VIC1,2025-01-13 00:30:00,4401.5,148.16,TRADE
VIC1,2025-01-13 00:35:00,4384.66,146.56,TRADE
VIC1,2025-01-13 00:40:00,4308.17,156.3,TRADE
VIC1,2025-01-13 00:45:00,4338.7,154.76,TRADE
VIC1,2025-01-13 00:50:00,4338.77,156.37,TRADE
VIC1,2025-01-13 00:55:00,4358.21,145.66,TRADE
VIC1,2025-01-13 01:00:00,4324.17,151.45,TRADE
VIC1,2025-01-13 01:05:00,4220.11,124.38,TRADE
VIC1,2025-01-13 01:10:00,4301.59,145.92,TRADE
VIC1,2025-01-13 01:15:00,4272.25,131.65,TRADE
VIC1,2025-01-13 01:20:00,4267.79,147.93,TRADE
VIC1,2025-01-13 01:25:00,4264.25,150.39,TRADE
VIC1,2025-01-13 01:30:00,4272.14,148.89,TRADE
VIC1,2025-01-13 01:35:00,4249.96,115.61,TRADE
VIC1,2025-01-13 01:40:00,4246.19,138.36,TRADE
VIC1,2025-01-13 01:45:00,4142.11,111.84,TRADE
VIC1,2025-01-13 01:50:00,4129.3,115.5,TRADE
VIC1,2025-01-13 01:55:00,4167.96,122.71,TRADE
VIC1,2025-01-13 02:00:00,4143.93,109.84,TRADE
VIC1,2025-01-13 02:05:00,4098.37,147.0,TRADE
VIC1,2025-01-13 02:10:00,4089.32,137.79,TRADE
VIC1,2025-01-13 02:15:00,4074.31,137.66,TRADE
VIC1,2025-01-13 02:20:00,4084.12,136.79,TRADE
VIC1,2025-01-13 02:25:00,4099.45,129.46,TRADE
VIC1,2025-01-13 02:30:00,4132.61,147.79,TRADE
VIC1,2025-01-13 02:35:00,4129.84,145.57,TRADE
VIC1,2025-01-13 02:40:00,4130.83,148.44,TRADE
VIC1,2025-01-13 02:45:00,4067.37,128.68,TRADE
VIC1,2025-01-13 02:50:00,4063.06,148.58,TRADE
VIC1,2025-01-13 02:55:00,4125.23,150.46,TRADE
VIC1,2025-01-13 03:00:00,4114.05,150.44,TRADE
VIC1,2025-01-13 03:05:00,4105.32,150.61,TRADE
VIC1,2025-01-13 03:10:00,4133.08,150.04,TRADE
VIC1,2025-01-13 03:15:00,4133.99,138.02,TRADE
VIC1,2025-01-13 03:20:00,4046.53,128.73,TRADE
VIC1,2025-01-13 03:25:00,4109.67,136.53,TRADE
VIC1,2025-01-13 03:30:00,4037.73,124.46,TRADE
VIC1,2025-01-13 03:35:00,4058.0,125.56,TRADE
VIC1,2025-01-13 03:40:00,4073.34,125.39,TRADE
VIC1,2025-01-13 03:45:00,4138.93,130.0,TRADE
VIC1,2025-01-13 03:50:00,4158.17,130.0,TRADE
VIC1,2025-01-13 03:55:00,4140.09,130.0,TRADE
VIC1,2025-01-13 04:00:00,4183.11,150.7,TRADE
VIC1,2025-01-13 04:05:00,4213.85,146.36,TRADE
VIC1,2025-01-13 04:10:00,4180.9,143.98,TRADE
VIC1,2025-01-13 04:15:00,4220.01,154.92,TRADE
VIC1,2025-01-13 04:20:00,4214.06,156.47,TRADE
VIC1,2025-01-13 04:25:00,4302.44,156.14,TRADE
VIC1,2025-01-13 04:30:00,4324.96,155.23,TRADE
VIC1,2025-01-13 04:35:00,4256.89,146.57,TRADE
VIC1,2025-01-13 04:40:00,4296.22,160.0,TRADE
VIC1,2025-01-13 04:45:00,4325.8,154.42,TRADE
VIC1,2025-01-13 04:50:00,4438.73,156.94,TRADE
VIC1,2025-01-13 04:55:00,4451.14,160.0,TRADE
VIC1,2025-01-13 05:00:00,4421.15,158.97,TRADE
VIC1,2025-01-13 05:05:00,4477.93,160.0,TRADE
VIC1,2025-01-13 05:10:00,4631.19,194.62,TRADE
VIC1,2025-01-13 05:15:00,4687.42,191.11,TRADE
VIC1,2025-01-13 05:20:00,4595.68,166.49,TRADE
VIC1,2025-01-13 05:25:00,4631.2,188.69,TRADE
VIC1,2025-01-13 05:30:00,4650.0,198.78,TRADE
VIC1,2025-01-13 05:35:00,4656.3,182.0,TRADE
VIC1,2025-01-13 05:40:00,4741.67,242.22,TRADE
VIC1,2025-01-13 05:45:00,4783.07,197.81,TRADE
VIC1,2025-01-13 05:50:00,4762.81,164.63,TRADE
VIC1,2025-01-13 05:55:00,4868.23,218.9,TRADE
VIC1,2025-01-13 06:00:00,4843.58,160.0,TRADE
VIC1,2025-01-13 06:05:00,4870.45,160.0,TRADE
VIC1,2025-01-13 06:10:00,4972.83,155.53,TRADE
VIC1,2025-01-13 06:15:00,5022.37,154.36,TRADE
VIC1,2025-01-13 06:20:00,5089.49,128.25,TRADE
VIC1,2025-01-13 06:25:00,4990.58,126.02,TRADE
VIC1,2025-01-13 06:30:00,4980.49,127.35,TRADE
VIC1,2025-01-13 06:35:00,5006.66,127.02,TRADE
VIC1,2025-01-13 06:40:00,5066.04,128.35,TRADE
VIC1,2025-01-13 06:45:00,5132.11,132.77,TRADE
VIC1,2025-01-13 06:50:00,5141.69,131.29,TRADE
VIC1,2025-01-13 06:55:00,5080.16,125.58,TRADE
VIC1,2025-01-13 07:00:00,5106.22,124.38,TRADE
VIC1,2025-01-13 07:05:00,5110.28,112.58,TRADE
VIC1,2025-01-13 07:10:00,5094.34,104.14,TRADE
VIC1,2025-01-13 07:15:00,5113.77,119.36,TRADE
VIC1,2025-01-13 07:20:00,4979.74,108.69,TRADE
VIC1,2025-01-13 07:25:00,5013.96,106.6,TRADE
VIC1,2025-01-13 07:30:00,5018.54,106.6,TRADE
VIC1,2025-01-13 07:35:00,4958.28,103.66,TRADE
VIC1,2025-01-13 07:40:00,4956.4,104.73,TRADE
VIC1,2025-01-13 07:45:00,4936.67,115.82,TRADE
VIC1,2025-01-13 07:50:00,4958.32,114.94,TRADE
VIC1,2025-01-13 07:55:00,4960.36,107.99,TRADE
VIC1,2025-01-13 08:00:00,4851.65,103.94,TRADE
VIC1,2025-01-13 08:05:00,4887.46,103.68,TRADE
VIC1,2025-01-13 08:10:00,4843.14,103.41,TRADE
VIC1,2025-01-13 08:15:00,4689.81,94.53,TRADE
VIC1,2025-01-13 08:20:00,4701.42,93.35,TRADE
VIC1,2025-01-13 08:25:00,4628.92,92.09,TRADE
VIC1,2025-01-13 08:30:00,4598.65,90.0,TRADE
VIC1,2025-01-13 08:35:00,4534.61,32.1,TRADE
VIC1,2025-01-13 08:40:00,4548.79,38.86,TRADE
VIC1,2025-01-13 08:45:00,4388.91,12.0,TRADE
VIC1,2025-01-13 08:50:00,4403.07,0.0,TRADE
VIC1,2025-01-13 08:55:00,4344.66,12.13,TRADE
VIC1,2025-01-13 09:00:00,4306.82,21.12,TRADE
VIC1,2025-01-13 09:05:00,4172.4,33.0,TRADE
VIC1,2025-01-13 09:10:00,4135.15,33.0,TRADE
VIC1,2025-01-13 09:15:00,4053.49,31.33,TRADE
VIC1,2025-01-13 09:20:00,3971.83,9.14,TRADE
VIC1,2025-01-13 09:25:00,3924.61,9.34,TRADE
VIC1,2025-01-13 09:30:00,3862.84,9.0,TRADE
VIC1,2025-01-13 09:35:00,3874.43,9.52,TRADE
VIC1,2025-01-13 09:40:00,3809.1,9.0,TRADE
VIC1,2025-01-13 09:45:00,3744.36,-10.48,TRADE
VIC1,2025-01-13 09:50:00,3673.93,-2.16,TRADE
VIC1,2025-01-13 09:55:00,3726.68,-18.15,TRADE
VIC1,2025-01-13 10:00:00,3708.95,-19.71,TRADE
VIC1,2025-01-13 10:05:00,3712.47,-20.0,TRADE
VIC1,2025-01-13 10:10:00,3717.15,-20.0,TRADE
VIC1,2025-01-13 10:15:00,3625.92,-21.57,TRADE
VIC1,2025-01-13 10:20:00,3618.51,-32.33,TRADE
VIC1,2025-01-13 10:25:00,3698.8,-32.0,TRADE
VIC1,2025-01-13 10:30:00,3643.03,-19.88,TRADE
VIC1,2025-01-13 10:35:00,3629.53,-32.8,TRADE
VIC1,2025-01-13 10:40:00,3629.64,-33.5,TRADE
VIC1,2025-01-13 10:45:00,3692.32,-34.82,TRADE
VIC1,2025-01-13 10:50:00,3586.15,-39.32,TRADE
VIC1,2025-01-13 10:55:00,3670.01,-37.26,TRADE
VIC1,2025-01-13 11:00:00,3558.47,-38.23,TRADE
VIC1,2025-01-13 11:05:00,3576.75,-39.08,TRADE
VIC1,2025-01-13 11:10:00,3560.32,-20.79,TRADE
VIC1,2025-01-13 11:15:00,3502.6,-35.87,TRADE
VIC1,2025-01-13 11:20:00,3549.97,-33.96,TRADE
VIC1,2025-01-13 11:25:00,3524.78,-20.19,TRADE
VIC1,2025-01-13 11:30:00,3503.37,-32.0,TRADE
VIC1,2025-01-13 11:35:00,3547.63,-21.04,TRADE
VIC1,2025-01-13 11:40:00,3538.02,20.13,TRADE
VIC1,2025-01-13 11:45:00,3515.63,-11.03,TRADE
VIC1,2025-01-13 11:50:00,3464.39,-32.0,TRADE
VIC1,2025-01-13 11:55:00,3514.43,-32.0,TRADE
VIC1,2025-01-13 12:00:00,3529.74,-36.91,TRADE
VIC1,2025-01-13 12:05:00,3523.18,-34.82,TRADE
VIC1,2025-01-13 12:10:00,3576.15,0.0,TRADE
VIC1,2025-01-13 12:15:00,3528.57,-32.0,TRADE
VIC1,2025-01-13 12:20:00,3582.44,-11.41,TRADE
VIC1,2025-01-13 12:25:00,3618.57,-21.96,TRADE
VIC1,2025-01-13 12:30:00,3621.63,-43.23,TRADE
VIC1,2025-01-13 12:35:00,3735.49,-35.17,TRADE
VIC1,2025-01-13 12:40:00,3745.42,-11.16,TRADE
VIC1,2025-01-13 12:45:00,3717.57,44.29,TRADE
VIC1,2025-01-13 12:50:00,3814.61,36.37,TRADE
VIC1,2025-01-13 12:55:00,3856.22,35.54,TRADE
VIC1,2025-01-13 13:00:00,3830.39,35.3,TRADE
VIC1,2025-01-13 13:05:00,3745.54,74.65,TRADE
VIC1,2025-01-13 13:10:00,3794.23,3.74,TRADE
VIC1,2025-01-13 13:15:00,3848.66,43.86,TRADE
VIC1,2025-01-13 13:20:00,3897.69,55.33,TRADE
VIC1,2025-01-13 13:25:00,3896.92,54.87,TRADE
VIC1,2025-01-13 13:30:00,3974.42,73.67,TRADE
VIC1,2025-01-13 13:35:00,4026.99,75.33,TRADE
VIC1,2025-01-13 13:40:00,4097.87,55.84,TRADE
VIC1,2025-01-13 13:45:00,4172.16,57.1,TRADE
VIC1,2025-01-13 13:50:00,4268.81,33.0,TRADE
VIC1,2025-01-13 13:55:00,4285.53,-10.09,TRADE
VIC1,2025-01-13 14:00:00,4395.56,88.36,TRADE
VIC1,2025-01-13 14:05:00,4470.54,47.64,TRADE
VIC1,2025-01-13 14:10:00,4569.14,59.32,TRADE
VIC1,2025-01-13 14:15:00,4538.44,59.21,TRADE
VIC1,2025-01-13 14:20:00,4549.72,56.52,TRADE
VIC1,2025-01-13 14:25:00,4628.09,81.0,TRADE
VIC1,2025-01-13 14:30:00,4683.04,65.51,TRADE
VIC1,2025-01-13 14:35:00,4529.95,82.99,TRADE
VIC1,2025-01-13 14:40:00,4548.03,83.51,TRADE
VIC1,2025-01-13 14:45:00,4563.13,82.62,TRADE
VIC1,2025-01-13 14:50:00,4602.82,84.82,TRADE
VIC1,2025-01-13 14:55:00,4665.1,101.29,TRADE
VIC1,2025-01-13 15:00:00,4600.32,83.81,TRADE
VIC1,2025-01-13 15:05:00,4574.01,82.5,TRADE
VIC1,2025-01-13 15:10:00,4727.2,130.0,TRADE
VIC1,2025-01-13 15:15:00,4719.84,102.87,TRADE
VIC1,2025-01-13 15:20:00,4776.61,99.0,TRADE
VIC1,2025-01-13 15:25:00,4855.27,130.0,TRADE
VIC1,2025-01-13 15:30:00,5001.11,147.13,TRADE
VIC1,2025-01-13 15:35:00,5116.54,181.26,TRADE
VIC1,2025-01-13 15:40:00,5105.8,102.21,TRADE
VIC1,2025-01-13 15:45:00,5105.99,111.47,TRADE
VIC1,2025-01-13 15:50:00,5057.45,102.55,TRADE
VIC1,2025-01-13 15:55:00,5176.28,108.56,TRADE
VIC1,2025-01-13 16:00:00,5295.76,115.0,TRADE
VIC1,2025-01-13 16:05:00,5330.7,130.0,TRADE
VIC1,2025-01-13 16:10:00,5316.56,135.73,TRADE
VIC1,2025-01-13 16:15:00,5456.38,137.39,TRADE
VIC1,2025-01-13 16:20:00,5497.22,140.43,TRADE
VIC1,2025-01-13 16:25:00,5605.15,167.5,TRADE
VIC1,2025-01-13 16:30:00,5581.06,115.0,TRADE
VIC1,2025-01-13 16:35:00,5615.88,111.61,TRADE
VIC1,2025-01-13 16:40:00,5671.1,89.45,TRADE
VIC1,2025-01-13 16:45:00,5815.59,99.0,TRADE
VIC1,2025-01-13 16:50:00,5898.95,99.0,TRADE
VIC1,2025-01-13 16:55:00,5883.65,-56.36,TRADE
VIC1,2025-01-13 17:00:00,6031.91,-32.0,TRADE
VIC1,2025-01-13 17:05:00,6087.1,-20.19,TRADE
VIC1,2025-01-13 17:10:00,6042.4,-19.99,TRADE
VIC1,2025-01-13 17:15:00,6054.02,-3.15,TRADE
VIC1,2025-01-13 17:20:00,6010.91,22.43,TRADE
VIC1,2025-01-13 17:25:00,6028.21,22.21,TRADE
VIC1,2025-01-13 17:30:00,6105.25,74.05,TRADE
VIC1,2025-01-13 17:35:00,6056.65,0.0,TRADE
VIC1,2025-01-13 17:40:00,5988.57,27.9,TRADE
VIC1,2025-01-13 17:45:00,6059.76,75.0,TRADE
VIC1,2025-01-13 17:50:00,6107.7,90.0,TRADE
VIC1,2025-01-13 17:55:00,6139.86,97.75,TRADE
VIC1,2025-01-13 18:00:00,6135.55,99.0,TRADE
VIC1,2025-01-13 18:05:00,6164.6,99.0,TRADE
VIC1,2025-01-13 18:10:00,6248.09,114.94,TRADE
VIC1,2025-01-13 18:15:00,6236.05,108.39,TRADE
VIC1,2025-01-13 18:20:00,6334.19,115.0,TRADE
VIC1,2025-01-13 18:25:00,6349.16,114.94,TRADE
VIC1,2025-01-13 18:30:00,6279.87,110.62,TRADE
VIC1,2025-01-13 18:35:00,6354.83,112.65,TRADE
VIC1,2025-01-13 18:40:00,6373.18,112.93,TRADE
VIC1,2025-01-13 18:45:00,6372.17,112.65,TRADE
VIC1,2025-01-13 18:50:00,6368.45,114.96,TRADE
VIC1,2025-01-13 18:55:00,6287.95,112.36,TRADE
VIC1,2025-01-13 19:00:00,6307.89,115.0,TRADE
VIC1,2025-01-13 19:05:00,6318.83,134.76,TRADE
VIC1,2025-01-13 19:10:00,6193.17,115.0,TRADE
VIC1,2025-01-13 19:15:00,6255.98,132.39,TRADE
VIC1,2025-01-13 19:20:00,6276.87,133.73,TRADE
VIC1,2025-01-13 19:25:00,6243.73,135.67,TRADE
VIC1,2025-01-13 19:30:00,6234.96,132.72,TRADE
VIC1,2025-01-13 19:35:00,6090.72,151.48,TRADE
VIC1,2025-01-13 19:40:00,6075.29,204.06,TRADE
VIC1,2025-01-13 19:45:00,6093.67,170.23,TRADE
VIC1,2025-01-13 19:50:00,6036.52,180.01,TRADE
VIC1,2025-01-13 19:55:00,5996.5,164.23,TRADE
VIC1,2025-01-13 20:00:00,5997.77,180.01,TRADE
VIC1,2025-01-13 20:05:00,5999.01,180.01,TRADE
VIC1,2025-01-13 20:10:00,5937.29,170.23,TRADE
VIC1,2025-01-13 20:15:00,5974.08,160.19,TRADE
VIC1,2025-01-13 20:20:00,5812.02,151.49,TRADE
VIC1,2025-01-13 20:25:00,5803.56,144.56,TRADE
VIC1,2025-01-13 20:30:00,5744.66,142.93,TRADE
VIC1,2025-01-13 20:35:00,5775.36,149.88,TRADE
VIC1,2025-01-13 20:40:00,5718.73,149.4,TRADE
VIC1,2025-01-13 20:45:00,5627.8,140.82,TRADE
VIC1,2025-01-13 20:50:00,5631.17,141.49,TRADE
VIC1,2025-01-13 20:55:00,5614.1,142.46,TRADE
VIC1,2025-01-13 21:00:00,5549.78,137.54,TRADE
VIC1,2025-01-13 21:05:00,5413.88,135.48,TRADE
VIC1,2025-01-13 21:10:00,5437.22,140.56,TRADE
VIC1,2025-01-13 21:15:00,5338.37,138.19,TRADE
VIC1,2025-01-13 21:20:00,5283.1,132.72,TRADE
VIC1,2025-01-13 21:25:00,5232.07,136.27,TRADE
VIC1,2025-01-13 21:30:00,5257.79,129.02,TRADE
VIC1,2025-01-13 21:35:00,5245.79,149.84,TRADE
VIC1,2025-01-13 21:40:00,5137.7,160.0,TRADE
VIC1,2025-01-13 21:45:00,5135.53,141.13,TRADE
VIC1,2025-01-13 21:50:00,5115.59,139.81,TRADE
VIC1,2025-01-13 21:55:00,5051.37,132.72,TRADE
VIC1,2025-01-13 22:00:00,5001.59,129.02,TRADE
VIC1,2025-01-13 22:05:00,4896.31,126.79,TRADE
VIC1,2025-01-13 22:10:00,4881.68,129.02,TRADE
VIC1,2025-01-13 22:15:00,4864.99,129.02,TRADE
VIC1,2025-01-13 22:20:00,4839.35,137.22,TRADE
VIC1,2025-01-13 22:25:00,4907.6,144.55,TRADE
VIC1,2025-01-13 22:30:00,4780.87,129.02,TRADE
VIC1,2025-01-13 22:35:00,4849.44,145.11,TRADE
VIC1,2025-01-13 22:40:00,4821.34,142.72,TRADE
VIC1,2025-01-13 22:45:00,4757.08,144.91,TRADE
VIC1,2025-01-13 22:50:00,4686.06,137.47,TRADE
VIC1,2025-01-13 22:55:00,4623.39,140.97,TRADE
VIC1,2025-01-13 23:00:00,4647.32,143.88,TRADE
VIC1,2025-01-13 23:05:00,4718.83,151.83,TRADE
VIC1,2025-01-13 23:10:00,4801.51,160.0,TRADE
VIC1,2025-01-13 23:15:00,4844.61,145.75,TRADE
VIC1,2025-01-13 23:20:00,4860.98,143.88,TRADE
VIC1,2025-01-13 23:25:00,4867.95,144.34,TRADE
VIC1,2025-01-13 23:30:00,4775.61,142.29,TRADE
VIC1,2025-01-13 23:35:00,4818.26,160.0,TRADE
VIC1,2025-01-13 23:40:00,4701.7,160.0,TRADE
VIC1,2025-01-13 23:45:00,4613.41,160.0,TRADE
VIC1,2025-01-13 23:50:00,4682.22,160.0,TRADE
VIC1,2025-01-13 23:55:00,4645.96,160.0,TRADE
VIC1,2025-01-14 00:00:00,4508.77,139.43,TRADE
VIC1,2025-01-14 00:05:00,4580.2,145.92,TRADE
VIC1,2025-01-14 00:10:00,4565.85,145.95,TRADE
VIC1,2025-01-14 00:15:00,4482.91,133.0,TRADE
VIC1,2025-01-14 00:20:00,4434.87,129.12,TRADE
VIC1,2025-01-14 00:25:00,4510.73,130.0,TRADE
VIC1,2025-01-14 00:30:00,4485.39,137.49,TRADE
VIC1,2025-01-14 00:35:00,4355.16,126.19,TRADE
VIC1,2025-01-14 00:40:00,4357.08,130.0,TRADE
VIC1,2025-01-14 00:45:00,4378.82,138.92,TRADE
VIC1,2025-01-14 00:50:00,4370.53,144.23,TRADE
VIC1,2025-01-14 00:55:00,4278.65,130.43,TRADE
VIC1,2025-01-14 01:00:00,4322.42,136.29,TRADE
VIC1,2025-01-14 01:05:00,4331.58,139.79,TRADE
VIC1,2025-01-14 01:10:00,4330.58,137.79,TRADE
VIC1,2025-01-14 01:15:00,4318.23,138.71,TRADE
VIC1,2025-01-14 01:20:00,4235.54,139.03,TRADE
VIC1,2025-01-14 01:25:00,4205.6,139.62,TRADE
VIC1,2025-01-14 01:30:00,4206.99,140.99,TRADE
VIC1,2025-01-14 01:35:00,4243.63,137.43,TRADE
VIC1,2025-01-14 01:40:00,4249.58,137.43,TRADE
VIC1,2025-01-14 01:45:00,4192.03,130.0,TRADE
VIC1,2025-01-14 01:50:00,4193.35,137.12,TRADE
VIC1,2025-01-14 01:55:00,4153.53,124.58,TRADE
VIC1,2025-01-14 02:00:00,4096.97,123.19,TRADE
VIC1,2025-01-14 02:05:00,4075.06,123.51,TRADE
VIC1,2025-01-14 02:10:00,4110.87,134.76,TRADE
VIC1,2025-01-14 02:15:00,4083.8,130.0,TRADE
VIC1,2025-01-14 02:20:00,4078.07,130.0,TRADE
VIC1,2025-01-14 02:25:00,4172.28,130.0,TRADE
VIC1,2025-01-14 02:30:00,4147.33,126.04,TRADE
VIC1,2025-01-14 02:35:00,4121.47,124.27,TRADE
VIC1,2025-01-14 02:40:00,4102.09,124.24,TRADE
VIC1,2025-01-14 02:45:00,4125.14,134.31,TRADE
VIC1,2025-01-14 02:50:00,4035.42,121.78,TRADE
VIC1,2025-01-14 02:55:00,4096.06,130.0,TRADE
VIC1,2025-01-14 03:00:00,4028.52,124.58,TRADE
VIC1,2025-01-14 03:05:00,4036.8,124.58,TRADE
VIC1,2025-01-14 03:10:00,4057.47,130.0,TRADE
VIC1,2025-01-14 03:15:00,4136.94,135.1,TRADE
VIC1,2025-01-14 03:20:00,4117.14,131.92,TRADE
VIC1,2025-01-14 03:25:00,4075.59,123.64,TRADE
VIC1,2025-01-14 03:30:00,4059.45,124.86,TRADE
VIC1,2025-01-14 03:35:00,4062.55,124.88,TRADE
VIC1,2025-01-14 03:40:00,4149.01,135.64,TRADE
VIC1,2025-01-14 03:45:00,4152.41,131.2,TRADE
VIC1,2025-01-14 03:50:00,4183.51,160.0,TRADE
VIC1,2025-01-14 03:55:00,4151.59,155.05,TRADE
VIC1,2025-01-14 04:00:00,4117.5,154.43,TRADE
VIC1,2025-01-14 04:05:00,4137.73,160.0,TRADE
VIC1,2025-01-14 04:10:00,4238.84,159.86,TRADE
VIC1,2025-01-14 04:15:00,4249.51,160.0,TRADE
VIC1,2025-01-14 04:20:00,4217.89,160.0,TRADE
VIC1,2025-01-14 04:25:00,4325.46,160.0,TRADE
VIC1,2025-01-14 04:30:00,4323.56,160.0,TRADE
VIC1,2025-01-14 04:35:00,4295.82,157.59,TRADE
VIC1,2025-01-14 04:40:00,4339.01,160.0,TRADE
VIC1,2025-01-14 04:45:00,4422.5,161.31,TRADE
VIC1,2025-01-14 04:50:00,4348.29,156.39,TRADE
VIC1,2025-01-14 04:55:00,4411.64,269.62,TRADE
VIC1,2025-01-14 05:00:00,4390.69,161.51,TRADE
VIC1,2025-01-14 05:05:00,4505.63,233.87,TRADE
VIC1,2025-01-14 05:10:00,4565.45,243.13,TRADE
VIC1,2025-01-14 05:15:00,4603.44,234.89,TRADE
VIC1,2025-01-14 05:20:00,4624.9,263.46,TRADE
VIC1,2025-01-14 05:25:00,4659.67,229.46,TRADE
VIC1,2025-01-14 05:30:00,4707.7,263.52,TRADE
VIC1,2025-01-14 05:35:00,4725.67,222.35,TRADE
VIC1,2025-01-14 05:40:00,4776.23,224.56,TRADE
VIC1,2025-01-14 05:45:00,4721.29,218.67,TRADE
VIC1,2025-01-14 05:50:00,4732.89,168.32,TRADE
VIC1,2025-01-14 05:55:00,4816.88,207.1,TRADE
VIC1,2025-01-14 06:00:00,4852.61,160.39,TRADE
VIC1,2025-01-14 06:05:00,4910.83,160.0,TRADE
VIC1,2025-01-14 06:10:00,4877.69,160.0,TRADE
VIC1,2025-01-14 06:15:00,5050.63,160.0,TRADE
VIC1,2025-01-14 06:20:00,5040.09,159.86,TRADE
VIC1,2025-01-14 06:25:00,4987.88,150.35,TRADE
VIC1,2025-01-14 06:30:00,5060.26,148.16,TRADE
VIC1,2025-01-14 06:35:00,5003.68,157.65,TRADE
VIC1,2025-01-14 06:40:00,5017.87,151.29,TRADE
VIC1,2025-01-14 06:45:00,5040.44,146.17,TRADE
VIC1,2025-01-14 06:50:00,5034.35,142.55,TRADE
VIC1,2025-01-14 06:55:00,5127.94,147.88,TRADE
VIC1,2025-01-14 07:00:00,5099.14,135.39,TRADE
VIC1,2025-01-14 07:05:00,5095.32,134.64,TRADE
VIC1,2025-01-14 07:10:00,5071.86,143.12,TRADE
VIC1,2025-01-14 07:15:00,5096.27,143.51,TRADE
VIC1,2025-01-14 07:20:00,5026.03,139.29,TRADE
VIC1,2025-01-14 07:25:00,5119.53,141.11,TRADE
VIC1,2025-01-14 07:30:00,4966.58,136.46,TRADE
VIC1,2025-01-14 07:35:00,4974.97,135.41,TRADE
VIC1,2025-01-14 07:40:00,4918.06,132.95,TRADE
VIC1,2025-01-14 07:45:00,4967.57,132.49,TRADE
VIC1,2025-01-14 07:50:00,4897.56,107.21,TRADE
VIC1,2025-01-14 07:55:00,4878.69,112.09,TRADE
VIC1,2025-01-14 08:00:00,4924.91,111.87,TRADE
VIC1,2025-01-14 08:05:00,4958.05,139.12,TRADE
VIC1,2025-01-14 08:10:00,4968.63,139.5,TRADE
VIC1,2025-01-14 08:15:00,4890.31,135.38,TRADE
VIC1,2025-01-14 08:20:00,4855.95,107.46,TRADE
VIC1,2025-01-14 08:25:00,4817.91,99.0,TRADE
VIC1,2025-01-14 08:30:00,4708.88,94.42,TRADE
VIC1,2025-01-14 08:35:00,4658.81,95.1,TRADE
VIC1,2025-01-14 08:40:00,4604.25,95.87,TRADE
VIC1,2025-01-14 08:45:00,4594.09,96.69,TRADE
VIC1,2025-01-14 08:50:00,4501.42,87.64,TRADE
VIC1,2025-01-14 08:55:00,4478.45,87.39,TRADE
VIC1,2025-01-14 09:00:00,4392.73,93.2,TRADE
VIC1,2025-01-14 09:05:00,4358.21,93.29,TRADE
VIC1,2025-01-14 09:10:00,4312.97,32.1,TRADE
VIC1,2025-01-14 09:15:00,4264.57,9.34,TRADE
VIC1,2025-01-14 09:20:00,4272.85,18.63,TRADE
VIC1,2025-01-14 09:25:00,4193.54,13.01,TRADE
VIC1,2025-01-14 09:30:00,4176.99,12.0,TRADE
VIC1,2025-01-14 09:35:00,4045.11,13.01,TRADE
VIC1,2025-01-14 09:40:00,4030.36,12.32,TRADE
VIC1,2025-01-14 09:45:00,4042.27,20.04,TRADE
VIC1,2025-01-14 09:50:00,3983.48,9.1,TRADE
VIC1,2025-01-14 09:55:00,3913.11,9.05,TRADE
VIC1,2025-01-14 10:00:00,3797.47,8.95,TRADE
VIC1,2025-01-14 10:05:00,3746.25,9.1,TRADE
VIC1,2025-01-14 10:10:00,3713.22,8.95,TRADE
VIC1,2025-01-14 10:15:00,3634.1,8.95,TRADE
VIC1,2025-01-14 10:20:00,3634.03,12.0,TRADE
VIC1,2025-01-14 10:25:00,3592.42,9.1,TRADE
VIC1,2025-01-14 10:30:00,3488.72,-12.8,TRADE
VIC1,2025-01-14 10:35:00,3517.33,0.0,TRADE
VIC1,2025-01-14 10:40:00,3469.13,8.95,TRADE
VIC1,2025-01-14 10:45:00,3461.85,-10.46,TRADE
VIC1,2025-01-14 10:50:00,3464.34,-10.62,TRADE
VIC1,2025-01-14 10:55:00,3382.83,0.0,TRADE
VIC1,2025-01-14 11:00:00,3358.86,-30.75,TRADE
VIC1,2025-01-14 11:05:00,3356.79,-13.91,TRADE
VIC1,2025-01-14 11:10:00,3358.48,-10.28,TRADE
VIC1,2025-01-14 11:15:00,3389.69,8.95,TRADE
VIC1,2025-01-14 11:20:00,3392.5,8.95,TRADE
VIC1,2025-01-14 11:25:00,3374.97,-12.18,TRADE
VIC1,2025-01-14 11:30:00,3407.26,8.95,TRADE
VIC1,2025-01-14 11:35:00,3381.84,-13.18,TRADE
VIC1,2025-01-14 11:40:00,3390.98,9.1,TRADE
VIC1,2025-01-14 11:45:00,3298.82,9.53,TRADE
VIC1,2025-01-14 11:50:00,3320.5,9.1,TRADE
VIC1,2025-01-14 11:55:00,3328.62,9.74,TRADE
VIC1,2025-01-14 12:00:00,3336.55,9.57,TRADE
VIC1,2025-01-14 12:05:00,3351.55,9.1,TRADE
VIC1,2025-01-14 12:10:00,3435.6,9.1,TRADE
VIC1,2025-01-14 12:15:00,3451.58,20.04,TRADE
VIC1,2025-01-14 12:20:00,3382.84,12.42,TRADE
VIC1,2025-01-14 12:25:00,3510.86,8.95,TRADE
VIC1,2025-01-14 12:30:00,3510.8,9.1,TRADE
VIC1,2025-01-14 12:35:00,3503.36,9.67,TRADE
VIC1,2025-01-14 12:40:00,3454.96,9.6,TRADE
VIC1,2025-01-14 12:45:00,3477.21,6.14,TRADE
VIC1,2025-01-14 12:50:00,3467.81,8.95,TRADE
VIC1,2025-01-14 12:55:00,3579.34,9.55,TRADE
VIC1,2025-01-14 13:00:00,3580.91,14.94,TRADE
VIC1,2025-01-14 13:05:00,3521.68,2.09,TRADE
VIC1,2025-01-14 13:10:00,3637.06,-21.0,TRADE
VIC1,2025-01-14 13:15:00,3654.36,-32.0,TRADE
VIC1,2025-01-14 13:20:00,3697.84,-32.0,TRADE
VIC1,2025-01-14 13:25:00,3700.66,-32.0,TRADE
VIC1,2025-01-14 13:30:00,3654.87,-34.46,TRADE
VIC1,2025-01-14 13:35:00,3673.95,7.96,TRADE
VIC1,2025-01-14 13:40:00,3688.41,8.95,TRADE
VIC1,2025-01-14 13:45:00,3725.14,-19.99,TRADE
VIC1,2025-01-14 13:50:00,3724.83,8.95,TRADE
VIC1,2025-01-14 13:55:00,3809.61,8.95,TRADE
VIC1,2025-01-14 14:00:00,3841.0,-20.56,TRADE
VIC1,2025-01-14 14:05:00,3800.2,-21.0,TRADE
VIC1,2025-01-14 14:10:00,3919.52,11.97,TRADE
VIC1,2025-01-14 14:15:00,3920.44,8.95,TRADE
VIC1,2025-01-14 14:20:00,3987.82,55.64,TRADE
VIC1,2025-01-14 14:25:00,4060.91,11.99,TRADE
VIC1,2025-01-14 14:30:00,3996.9,-12.18,TRADE
VIC1,2025-01-14 14:35:00,4054.13,11.91,TRADE
VIC1,2025-01-14 14:40:00,4182.68,-19.99,TRADE
VIC1,2025-01-14 14:45:00,4191.65,51.64,TRADE
VIC1,2025-01-14 14:50:00,4233.75,39.3,TRADE
VIC1,2025-01-14 14:55:00,4315.61,-19.94,TRADE
VIC1,2025-01-14 15:00:00,4371.53,33.0,TRADE
VIC1,2025-01-14 15:05:00,4410.96,54.38,TRADE
VIC1,2025-01-14 15:10:00,4467.36,70.12,TRADE
VIC1,2025-01-14 15:15:00,4455.74,54.53,TRADE
VIC1,2025-01-14 15:20:00,4536.65,6.87,TRADE
VIC1,2025-01-14 15:25:00,4613.01,-19.87,TRADE
VIC1,2025-01-14 15:30:00,4712.49,86.0,TRADE
VIC1,2025-01-14 15:35:00,4779.43,75.46,TRADE
VIC1,2025-01-14 15:40:00,4836.77,87.83,TRADE
VIC1,2025-01-14 15:45:00,4931.56,84.72,TRADE
VIC1,2025-01-14 15:50:00,5016.35,102.35,TRADE
VIC1,2025-01-14 15:55:00,5083.01,109.94,TRADE
VIC1,2025-01-14 16:00:00,5071.51,101.9,TRADE
VIC1,2025-01-14 16:05:00,5099.93,86.0,TRADE
VIC1,2025-01-14 16:10:00,5146.82,98.59,TRADE
VIC1,2025-01-14 16:15:00,5281.75,102.16,TRADE
VIC1,2025-01-14 16:20:00,5371.47,116.71,TRADE
VIC1,2025-01-14 16:25:00,5358.96,124.65,TRADE
VIC1,2025-01-14 16:30:00,5580.0,131.02,TRADE
VIC1,2025-01-14 16:35:00,5606.48,126.89,TRADE
VIC1,2025-01-14 16:40:00,5658.43,111.98,TRADE
VIC1,2025-01-14 16:45:00,5719.97,124.87,TRADE
VIC1,2025-01-14 16:50:00,5745.92,126.98,TRADE
VIC1,2025-01-14 16:55:00,5913.4,130.0,TRADE
VIC1,2025-01-14 17:00:00,5965.53,130.0,TRADE
VIC1,2025-01-14 17:05:00,6065.31,206.91,TRADE
VIC1,2025-01-14 17:10:00,5975.03,146.88,TRADE
VIC1,2025-01-14 17:15:00,6073.37,130.63,TRADE
VIC1,2025-01-14 17:20:00,6174.59,169.58,TRADE
VIC1,2025-01-14 17:25:00,6231.26,194.86,TRADE
VIC1,2025-01-14 17:30:00,6213.8,231.01,TRADE
VIC1,2025-01-14 17:35:00,6252.39,267.61,TRADE
VIC1,2025-01-14 17:40:00,6358.03,90.35,TRADE
VIC1,2025-01-14 17:45:00,6434.7,99.0,TRADE
VIC1,2025-01-14 17:50:00,6397.24,99.0,TRADE
VIC1,2025-01-14 17:55:00,6475.71,99.0,TRADE
VIC1,2025-01-14 18:00:00,6529.33,99.0,TRADE
VIC1,2025-01-14 18:05:00,6561.49,99.0,TRADE
VIC1,2025-01-14 18:10:00,6525.17,99.0,TRADE
VIC1,2025-01-14 18:15:00,6534.38,99.0,TRADE
VIC1,2025-01-14 18:20:00,6578.88,113.5,TRADE
VIC1,2025-01-14 18:25:00,6711.4,134.89,TRADE
VIC1,2025-01-14 18:30:00,6689.88,164.23,TRADE
VIC1,2025-01-14 18:35:00,6690.96,165.77,TRADE
VIC1,2025-01-14 18:40:00,6708.93,170.23,TRADE
VIC1,2025-01-14 18:45:00,6737.04,180.01,TRADE
VIC1,2025-01-14 18:50:00,6631.17,166.01,TRADE
VIC1,2025-01-14 18:55:00,6724.9,169.28,TRADE
VIC1,2025-01-14 19:00:00,6622.61,168.61,TRADE
VIC1,2025-01-14 19:05:00,6601.98,132.72,TRADE
VIC1,2025-01-14 19:10:00,6661.51,180.01,TRADE
VIC1,2025-01-14 19:15:00,6584.9,227.28,TRADE
VIC1,2025-01-14 19:20:00,6477.7,207.65,TRADE
VIC1,2025-01-14 19:25:00,6546.91,230.72,TRADE
VIC1,2025-01-14 19:30:00,6481.8,187.99,TRADE
VIC1,2025-01-14 19:35:00,6375.09,214.57,TRADE
VIC1,2025-01-14 19:40:00,6344.88,202.38,TRADE
VIC1,2025-01-14 19:45:00,6365.97,180.01,TRADE
VIC1,2025-01-14 19:50:00,6285.52,170.1,TRADE
VIC1,2025-01-14 19:55:00,6242.24,167.06,TRADE
VIC1,2025-01-14 20:00:00,6199.03,151.06,TRADE
VIC1,2025-01-14 20:05:00,6169.41,164.23,TRADE
VIC1,2025-01-14 20:10:00,6188.75,164.23,TRADE
VIC1,2025-01-14 20:15:00,6114.1,146.72,TRADE
VIC1,2025-01-14 20:20:00,6091.85,140.56,TRADE
VIC1,2025-01-14 20:25:00,6086.48,142.92,TRADE
VIC1,2025-01-14 20:30:00,6043.08,132.72,TRADE
VIC1,2025-01-14 20:35:00,6052.42,146.02,TRADE
VIC1,2025-01-14 20:40:00,5906.78,147.34,TRADE
VIC1,2025-01-14 20:45:00,5857.45,146.11,TRADE
VIC1,2025-01-14 20:50:00,5910.67,136.24,TRADE
VIC1,2025-01-14 20:55:00,5871.83,128.77,TRADE
VIC1,2025-01-14 21:00:00,5801.77,115.84,TRADE
VIC1,2025-01-14 21:05:00,5729.14,129.02,TRADE
VIC1,2025-01-14 21:10:00,5710.57,135.57,TRADE
VIC1,2025-01-14 21:15:00,5675.97,130.91,TRADE
VIC1,2025-01-14 21:20:00,5538.45,130.0,TRADE
VIC1,2025-01-14 21:25:00,5575.52,129.83,TRADE
VIC1,2025-01-14 21:30:00,5408.07,114.7,TRADE
VIC1,2025-01-14 21:35:00,5429.13,130.0,TRADE
VIC1,2025-01-14 21:40:00,5412.03,130.0,TRADE
VIC1,2025-01-14 21:45:00,5401.27,122.52,TRADE
VIC1,2025-01-14 21:50:00,5313.77,124.26,TRADE
VIC1,2025-01-14 21:55:00,5267.83,115.77,TRADE
VIC1,2025-01-14 22:00:00,5246.9,99.0,TRADE
VIC1,2025-01-14 22:05:00,5073.07,99.0,TRADE
VIC1,2025-01-14 22:10:00,5081.92,99.0,TRADE
VIC1,2025-01-14 22:15:00,5091.35,124.79,TRADE
VIC1,2025-01-14 22:20:00,5018.32,99.0,TRADE
VIC1,2025-01-14 22:25:00,4978.02,100.05,TRADE
VIC1,2025-01-14 22:30:00,5061.54,99.0,TRADE
VIC1,2025-01-14 22:35:00,4973.21,99.0,TRADE
VIC1,2025-01-14 22:40:00,4892.77,78.13,TRADE
VIC1,2025-01-14 22:45:00,4939.84,95.89,TRADE
VIC1,2025-01-14 22:50:00,4928.66,99.08,TRADE
VIC1,2025-01-14 22:55:00,4820.34,96.57,TRADE
VIC1,2025-01-14 23:00:00,4883.55,99.0,TRADE
VIC1,2025-01-14 23:05:00,4923.97,103.51,TRADE
VIC1,2025-01-14 23:10:00,4926.66,99.0,TRADE
VIC1,2025-01-14 23:15:00,5007.96,99.0,TRADE
VIC1,2025-01-14 23:20:00,4978.03,87.81,TRADE
VIC1,2025-01-14 23:25:00,4998.1,99.0,TRADE
VIC1,2025-01-14 23:30:00,5093.05,99.0,TRADE
VIC1,2025-01-14 23:35:00,5056.07,99.0,TRADE
VIC1,2025-01-14 23:40:00,4904.54,99.0,TRADE
VIC1,2025-01-14 23:45:00,4859.67,99.0,TRADE
VIC1,2025-01-14 23:50:00,4909.32,99.0,TRADE
VIC1,2025-01-14 23:55:00,4863.31,99.0,TRADE
VIC1,2025-01-15 00:00:00,4737.66,96.61,TRADE
VIC1,2025-01-15 00:05:00,4763.76,96.38,TRADE
VIC1,2025-01-15 00:10:00,4721.44,96.49,TRADE
VIC1,2025-01-15 00:15:00,4722.04,112.19,TRADE
VIC1,2025-01-15 00:20:00,4681.12,99.07,TRADE
VIC1,2025-01-15 00:25:00,4613.58,100.22,TRADE
VIC1,2025-01-15 00:30:00,4610.03,104.13,TRADE
VIC1,2025-01-15 00:35:00,4667.4,111.31,TRADE
VIC1,2025-01-15 00:40:00,4601.18,113.0,TRADE
VIC1,2025-01-15 00:45:00,4496.31,133.84,TRADE
VIC1,2025-01-15 00:50:00,4563.55,143.24,TRADE
VIC1,2025-01-15 00:55:00,4556.47,113.57,TRADE
VIC1,2025-01-15 01:00:00,4554.11,119.8,TRADE
VIC1,2025-01-15 01:05:00,4443.19,113.57,TRADE
VIC1,2025-01-15 01:10:00,4427.95,113.57,TRADE
VIC1,2025-01-15 01:15:00,4482.04,215.41,TRADE
VIC1,2025-01-15 01:20:00,4343.66,103.64,TRADE
VIC1,2025-01-15 01:25:00,4315.82,114.15,TRADE
VIC1,2025-01-15 01:30:00,4367.13,124.29,TRADE
VIC1,2025-01-15 01:35:00,4311.36,110.94,TRADE
VIC1,2025-01-15 01:40:00,4360.13,130.0,TRADE
VIC1,2025-01-15 01:45:00,4279.26,113.86,TRADE
VIC1,2025-01-15 01:50:00,4294.71,113.86,TRADE
VIC1,2025-01-15 01:55:00,4215.03,123.88,TRADE
VIC1,2025-01-15 02:00:00,4158.66,110.98,TRADE
VIC1,2025-01-15 02:05:00,4224.25,135.68,TRADE
VIC1,2025-01-15 02:10:00,4259.39,134.72,TRADE
VIC1,2025-01-15 02:15:00,4235.91,110.71,TRADE
VIC1,2025-01-15 02:20:00,4161.98,102.67,TRADE
VIC1,2025-01-15 02:25:00,4211.54,111.31,TRADE
VIC1,2025-01-15 02:30:00,4156.68,99.0,TRADE
VIC1,2025-01-15 02:35:00,4117.46,91.13,TRADE
VIC1,2025-01-15 02:40:00,4054.44,86.0,TRADE
VIC1,2025-01-15 02:45:00,4008.95,84.25,TRADE
VIC1,2025-01-15 02:50:00,4005.99,84.16,TRADE
VIC1,2025-01-15 02:55:00,4032.41,84.7,TRADE
VIC1,2025-01-15 03:00:00,4038.18,86.0,TRADE
VIC1,2025-01-15 03:05:00,4060.67,90.0,TRADE
VIC1,2025-01-15 03:10:00,4085.82,90.0,TRADE
VIC1,2025-01-15 03:15:00,4069.7,79.08,TRADE
VIC1,2025-01-15 03:20:00,4090.69,83.42,TRADE
VIC1,2025-01-15 03:25:00,4092.4,88.33,TRADE
VIC1,2025-01-15 03:30:00,4096.17,82.63,TRADE
VIC1,2025-01-15 03:35:00,4139.04,92.99,TRADE
VIC1,2025-01-15 03:40:00,4163.27,89.77,TRADE
VIC1,2025-01-15 03:45:00,4172.2,91.03,TRADE
VIC1,2025-01-15 03:50:00,4196.77,98.66,TRADE
VIC1,2025-01-15 03:55:00,4198.35,99.0,TRADE
VIC1,2025-01-15 04:00:00,4214.09,99.0,TRADE
VIC1,2025-01-15 04:05:00,4225.22,100.04,TRADE
VIC1,2025-01-15 04:10:00,4276.32,99.22,TRADE
VIC1,2025-01-15 04:15:00,4276.7,99.0,TRADE
VIC1,2025-01-15 04:20:00,4325.65,99.0,TRADE
VIC1,2025-01-15 04:25:00,4325.12,99.0,TRADE
VIC1,2025-01-15 04:30:00,4332.78,99.0,TRADE
VIC1,2025-01-15 04:35:00,4347.06,99.0,TRADE
VIC1,2025-01-15 04:40:00,4390.24,99.0,TRADE
VIC1,2025-01-15 04:45:00,4381.2,99.0,TRADE
VIC1,2025-01-15 04:50:00,4405.96,103.64,TRADE
VIC1,2025-01-15 04:55:00,4423.1,110.77,TRADE
VIC1,2025-01-15 05:00:00,4442.16,112.21,TRADE
VIC1,2025-01-15 05:05:00,4472.32,109.34,TRADE
VIC1,2025-01-15 05:10:00,4560.57,112.49,TRADE
VIC1,2025-01-15 05:15:00,4571.62,111.93,TRADE
VIC1,2025-01-15 05:20:00,4583.77,123.74,TRADE
VIC1,2025-01-15 05:25:00,4686.33,129.83,TRADE
VIC1,2025-01-15 05:30:00,4725.66,130.0,TRADE
VIC1,2025-01-15 05:35:00,4695.64,112.18,TRADE
VIC1,2025-01-15 05:40:00,4764.67,111.06,TRADE
VIC1,2025-01-15 05:45:00,4737.02,105.89,TRADE
VIC1,2025-01-15 05:50:00,4726.21,101.51,TRADE
VIC1,2025-01-15 05:55:00,4786.74,101.86,TRADE
VIC1,2025-01-15 06:00:00,4761.48,99.55,TRADE
VIC1,2025-01-15 06:05:00,4849.43,101.89,TRADE
VIC1,2025-01-15 06:10:00,4891.96,101.88,TRADE
VIC1,2025-01-15 06:15:00,4916.63,101.65,TRADE
VIC1,2025-01-15 06:20:00,4965.42,101.38,TRADE
VIC1,2025-01-15 06:25:00,4945.5,101.75,TRADE
VIC1,2025-01-15 06:30:00,4951.86,99.0,TRADE
VIC1,2025-01-15 06:35:00,5024.46,99.0,TRADE
VIC1,2025-01-15 06:40:00,5050.77,101.72,TRADE
VIC1,2025-01-15 06:45:00,5112.57,103.9,TRADE
VIC1,2025-01-15 06:50:00,5099.38,104.65,TRADE
VIC1,2025-01-15 06:55:00,5065.11,111.21,TRADE
VIC1,2025-01-15 07:00:00,5150.54,107.46,TRADE
VIC1,2025-01-15 07:05:00,5173.08,106.25,TRADE
VIC1,2025-01-15 07:10:00,5158.05,86.0,TRADE
VIC1,2025-01-15 07:15:00,5174.22,86.0,TRADE
VIC1,2025-01-15 07:20:00,5220.46,75.36,TRADE
VIC1,2025-01-15 07:25:00,5240.24,90.1,TRADE
VIC1,2025-01-15 07:30:00,5267.18,35.91,TRADE
VIC1,2025-01-15 07:35:00,5224.48,56.77,TRADE
VIC1,2025-01-15 07:40:00,5226.28,77.08,TRADE
VIC1,2025-01-15 07:45:00,5276.61,56.32,TRADE
VIC1,2025-01-15 07:50:00,5316.11,54.49,TRADE
VIC1,2025-01-15 07:55:00,5343.4,39.76,TRADE
VIC1,2025-01-15 08:00:00,5325.05,29.99,TRADE
VIC1,2025-01-15 08:05:00,5308.58,12.0,TRADE
VIC1,2025-01-15 08:10:00,5391.57,39.87,TRADE
VIC1,2025-01-15 08:15:00,5450.43,51.74,TRADE
VIC1,2025-01-15 08:20:00,5425.87,0.0,TRADE
VIC1,2025-01-15 08:25:00,5398.66,51.68,TRADE
VIC1,2025-01-15 08:30:00,5408.76,50.46,TRADE
VIC1,2025-01-15 08:35:00,5412.13,63.22,TRADE
VIC1,2025-01-15 08:40:00,5479.02,61.77,TRADE
VIC1,2025-01-15 08:45:00,5502.78,59.5,TRADE
VIC1,2025-01-15 08:50:00,5462.49,58.98,TRADE
VIC1,2025-01-15 08:55:00,5437.98,57.78,TRADE
VIC1,2025-01-15 09:00:00,5356.56,43.03,TRADE
VIC1,2025-01-15 09:05:00,5324.7,41.1,TRADE
VIC1,2025-01-15 09:10:00,5312.57,33.0,TRADE
VIC1,2025-01-15 09:15:00,5311.8,-12.03,TRADE
VIC1,2025-01-15 09:20:00,5247.13,-21.0,TRADE
VIC1,2025-01-15 09:25:00,5172.28,8.95,TRADE
VIC1,2025-01-15 09:30:00,5130.4,33.0,TRADE
VIC1,2025-01-15 09:35:00,5160.13,8.95,TRADE
VIC1,2025-01-15 09:40:00,5084.07,12.0,TRADE
VIC1,2025-01-15 09:45:00,5067.36,35.59,TRADE
VIC1,2025-01-15 09:50:00,4964.23,35.83,TRADE
VIC1,2025-01-15 09:55:00,4971.68,42.95,TRADE
VIC1,2025-01-15 10:00:00,4885.69,33.0,TRADE
VIC1,2025-01-15 10:05:00,4877.92,43.38,TRADE
VIC1,2025-01-15 10:10:00,4841.46,-18.28,TRADE
VIC1,2025-01-15 10:15:00,4815.9,-17.32,TRADE
VIC1,2025-01-15 10:20:00,4741.32,-8.47,TRADE
VIC1,2025-01-15 10:25:00,4759.41,-19.99,TRADE
VIC1,2025-01-15 10:30:00,4704.93,-19.99,TRADE
VIC1,2025-01-15 10:35:00,4663.49,-19.99,TRADE
VIC1,2025-01-15 10:40:00,4651.65,11.99,TRADE
VIC1,2025-01-15 10:45:00,4684.77,33.89,TRADE
VIC1,2025-01-15 10:50:00,4720.31,-18.75,TRADE
VIC1,2025-01-15 10:55:00,4683.27,-0.01,TRADE
VIC1,2025-01-15 11:00:00,4638.0,8.95,TRADE
VIC1,2025-01-15 11:05:00,4659.47,0.0,TRADE
VIC1,2025-01-15 11:10:00,4619.69,43.41,TRADE
VIC1,2025-01-15 11:15:00,4546.71,11.99,TRADE
VIC1,2025-01-15 11:20:00,4446.8,11.99,TRADE
VIC1,2025-01-15 11:25:00,4432.38,30.89,TRADE
VIC1,2025-01-15 11:30:00,4404.13,11.99,TRADE
VIC1,2025-01-15 11:35:00,4377.38,-12.03,TRADE
VIC1,2025-01-15 11:40:00,4405.73,-21.57,TRADE
VIC1,2025-01-15 11:45:00,4390.37,-24.14,TRADE
VIC1,2025-01-15 11:50:00,4361.39,-24.59,TRADE
VIC1,2025-01-15 11:55:00,4367.49,-31.68,TRADE
VIC1,2025-01-15 12:00:00,4415.51,36.21,TRADE
VIC1,2025-01-15 12:05:00,4531.37,28.34,TRADE
VIC1,2025-01-15 12:10:00,4562.59,28.03,TRADE
VIC1,2025-01-15 12:15:00,4593.24,11.99,TRADE
VIC1,2025-01-15 12:20:00,4505.79,8.95,TRADE
VIC1,2025-01-15 12:25:00,4549.6,-12.03,TRADE
VIC1,2025-01-15 12:30:00,4506.14,-31.09,TRADE
VIC1,2025-01-15 12:35:00,4465.6,-32.55,TRADE
VIC1,2025-01-15 12:40:00,4453.1,11.61,TRADE
VIC1,2025-01-15 12:45:00,4336.26,-18.15,TRADE
VIC1,2025-01-15 12:50:00,4342.55,-31.94,TRADE
VIC1,2025-01-15 12:55:00,4212.65,-29.39,TRADE
VIC1,2025-01-15 13:00:00,4187.39,-28.19,TRADE
VIC1,2025-01-15 13:05:00,4124.9,-27.83,TRADE
VIC1,2025-01-15 13:10:00,4177.95,-27.38,TRADE
VIC1,2025-01-15 13:15:00,4221.41,-11.55,TRADE
VIC1,2025-01-15 13:20:00,4276.11,0.0,TRADE
VIC1,2025-01-15 13:25:00,4360.39,0.0,TRADE
VIC1,2025-01-15 13:30:00,4430.2,-31.01,TRADE
VIC1,2025-01-15 13:35:00,4498.01,-12.03,TRADE
VIC1,2025-01-15 13:40:00,4605.31,28.3,TRADE
VIC1,2025-01-15 13:45:00,4651.39,-12.03,TRADE
VIC1,2025-01-15 13:50:00,4674.5,11.98,TRADE
VIC1,2025-01-15 13:55:00,4755.95,25.8,TRADE
VIC1,2025-01-15 14:00:00,4803.65,-52.18,TRADE
VIC1,2025-01-15 14:05:00,4881.35,-123.06,TRADE
VIC1,2025-01-15 14:10:00,4868.94,-45.05,TRADE
VIC1,2025-01-15 14:15:00,4936.66,-34.46,TRADE
VIC1,2025-01-15 14:20:00,4878.38,-38.31,TRADE
VIC1,2025-01-15 14:25:00,4922.08,-35.85,TRADE
VIC1,2025-01-15 14:30:00,5025.39,-34.57,TRADE
VIC1,2025-01-15 14:35:00,5042.69,-34.46,TRADE
VIC1,2025-01-15 14:40:00,5051.07,-38.31,TRADE
VIC1,2025-01-15 14:45:00,4993.95,-34.46,TRADE
VIC1,2025-01-15 14:50:00,5016.13,-26.9,TRADE
VIC1,2025-01-15 14:55:00,5014.6,-18.15,TRADE
VIC1,2025-01-15 15:00:00,4976.67,-21.96,TRADE
VIC1,2025-01-15 15:05:00,4952.83,-31.09,TRADE
VIC1,2025-01-15 15:10:00,4948.61,-39.49,TRADE
VIC1,2025-01-15 15:15:00,5020.91,-38.28,TRADE
VIC1,2025-01-15 15:20:00,5023.93,-34.46,TRADE
VIC1,2025-01-15 15:25:00,4946.79,-50.08,TRADE
VIC1,2025-01-15 15:30:00,5013.62,-38.31,TRADE
VIC1,2025-01-15 15:35:00,4995.0,-20.19,TRADE
VIC1,2025-01-15 15:40:00,4922.62,11.99,TRADE
VIC1,2025-01-15 15:45:00,4894.21,8.95,TRADE
VIC1,2025-01-15 15:50:00,4900.19,-38.28,TRADE
VIC1,2025-01-15 15:55:00,4938.69,-63.94,TRADE
VIC1,2025-01-15 16:00:00,4921.27,-63.94,TRADE
VIC1,2025-01-15 16:05:00,4905.22,-63.94,TRADE
VIC1,2025-01-15 16:10:00,4938.0,-38.31,TRADE
VIC1,2025-01-15 16:15:00,4923.49,-63.94,TRADE
VIC1,2025-01-15 16:20:00,4916.9,-84.67,TRADE
VIC1,2025-01-15 16:25:00,4929.95,-50.08,TRADE
VIC1,2025-01-15 16:30:00,4925.63,-50.08,TRADE
VIC1,2025-01-15 16:35:00,4984.32,-50.08,TRADE
VIC1,2025-01-15 16:40:00,4997.64,-50.08,TRADE
VIC1,2025-01-15 16:45:00,5002.05,-38.31,TRADE
VIC1,2025-01-15 16:50:00,5059.6,-44.38,TRADE
VIC1,2025-01-15 16:55:00,5042.5,-38.31,TRADE
VIC1,2025-01-15 17:00:00,5035.36,-38.31,TRADE
VIC1,2025-01-15 17:05:00,5066.83,-45.0,TRADE
VIC1,2025-01-15 17:10:00,5040.56,-34.46,TRADE
VIC1,2025-01-15 17:15:00,5043.35,-34.46,TRADE
VIC1,2025-01-15 17:20:00,5062.47,-41.62,TRADE
VIC1,2025-01-15 17:25:00,5043.66,-38.31,TRADE
VIC1,2025-01-15 17:30:00,5127.93,-36.34,TRADE
VIC1,2025-01-15 17:35:00,5099.67,-36.3,TRADE
VIC1,2025-01-15 17:40:00,5119.37,-38.31,TRADE
VIC1,2025-01-15 17:45:00,5121.03,-38.26,TRADE
VIC1,2025-01-15 17:50:00,5079.88,-38.31,TRADE
VIC1,2025-01-15 17:55:00,5041.92,-38.31,TRADE
VIC1,2025-01-15 18:00:00,5031.91,-37.39,TRADE
VIC1,2025-01-15 18:05:00,5012.49,-36.7,TRADE
VIC1,2025-01-15 18:10:00,4983.93,-34.46,TRADE
VIC1,2025-01-15 18:15:00,4960.91,-38.31,TRADE
VIC1,2025-01-15 18:20:00,4976.32,-38.31,TRADE
VIC1,2025-01-15 18:25:00,4961.78,-38.31,TRADE
VIC1,2025-01-15 18:30:00,4925.18,-35.5,TRADE
VIC1,2025-01-15 18:35:00,4892.8,-38.31,TRADE
VIC1,2025-01-15 18:40:00,4891.64,-35.5,TRADE
VIC1,2025-01-15 18:45:00,4930.85,-34.06,TRADE
VIC1,2025-01-15 18:50:00,4937.11,-34.46,TRADE
VIC1,2025-01-15 18:55:00,4905.4,-32.37,TRADE
VIC1,2025-01-15 19:00:00,4900.31,-21.57,TRADE
VIC1,2025-01-15 19:05:00,4874.03,-30.75,TRADE
VIC1,2025-01-15 19:10:00,4897.14,-21.0,TRADE
VIC1,2025-01-15 19:15:00,4937.52,-21.0,TRADE
VIC1,2025-01-15 19:20:00,4970.29,-21.0,TRADE
VIC1,2025-01-15 19:25:00,4954.76,-20.78,TRADE
VIC1,2025-01-15 19:30:00,4979.91,-30.75,TRADE
VIC1,2025-01-15 19:35:00,4902.74,-32.47,TRADE
VIC1,2025-01-15 19:40:00,4941.11,-20.68,TRADE
VIC1,2025-01-15 19:45:00,4901.19,-19.48,TRADE
VIC1,2025-01-15 19:50:00,4873.95,-19.41,TRADE
VIC1,2025-01-15 19:55:00,4970.31,-4.46,TRADE
VIC1,2025-01-15 20:00:00,4935.64,-18.94,TRADE
VIC1,2025-01-15 20:05:00,4960.07,-9.66,TRADE
VIC1,2025-01-15 20:10:00,4977.99,12.0,TRADE
VIC1,2025-01-15 20:15:00,4940.91,11.91,TRADE
VIC1,2025-01-15 20:20:00,4853.34,-19.99,TRADE
VIC1,2025-01-15 20:25:00,4917.3,12.0,TRADE
VIC1,2025-01-15 20:30:00,4846.89,-9.65,TRADE
VIC1,2025-01-15 20:35:00,4819.66,12.0,TRADE
VIC1,2025-01-15 20:40:00,4785.12,12.0,TRADE
VIC1,2025-01-15 20:45:00,4747.58,12.0,TRADE
VIC1,2025-01-15 20:50:00,4724.46,12.0,TRADE
VIC1,2025-01-15 20:55:00,4721.42,12.0,TRADE
VIC1,2025-01-15 21:00:00,4687.74,22.04,TRADE
VIC1,2025-01-15 21:05:00,4656.39,12.0,TRADE
VIC1,2025-01-15 21:10:00,4674.1,0.0,TRADE
VIC1,2025-01-15 21:15:00,4682.98,8.95,TRADE
VIC1,2025-01-15 21:20:00,4701.1,12.0,TRADE
VIC1,2025-01-15 21:25:00,4624.5,12.0,TRADE
VIC1,2025-01-15 21:30:00,4653.0,33.0,TRADE
VIC1,2025-01-15 21:35:00,4585.78,33.0,TRADE
VIC1,2025-01-15 21:40:00,4619.48,88.27,TRADE
VIC1,2025-01-15 21:45:00,4526.6,55.89,TRADE
VIC1,2025-01-15 21:50:00,4558.38,87.39,TRADE
VIC1,2025-01-15 21:55:00,4518.43,87.42,TRADE
VIC1,2025-01-15 22:00:00,4352.13,55.89,TRADE
VIC1,2025-01-15 22:05:00,4336.2,39.0,TRADE
VIC1,2025-01-15 22:10:00,4449.72,89.27,TRADE
VIC1,2025-01-15 22:15:00,4445.48,89.95,TRADE
VIC1,2025-01-15 22:20:00,4353.86,76.84,TRADE
VIC1,2025-01-15 22:25:00,4393.75,79.37,TRADE
VIC1,2025-01-15 22:30:00,4397.71,92.07,TRADE
VIC1,2025-01-15 22:35:00,4370.35,92.17,TRADE
VIC1,2025-01-15 22:40:00,4250.08,79.85,TRADE
VIC1,2025-01-15 22:45:00,4216.61,91.07,TRADE
VIC1,2025-01-15 22:50:00,4254.21,81.04,TRADE
VIC1,2025-01-15 22:55:00,4252.81,82.49,TRADE
VIC1,2025-01-15 23:00:00,4287.53,91.0,TRADE
VIC1,2025-01-15 23:05:00,4341.75,92.57,TRADE
VIC1,2025-01-15 23:10:00,4479.71,95.68,TRADE
VIC1,2025-01-15 23:15:00,4508.57,100.01,TRADE
VIC1,2025-01-15 23:20:00,4479.68,84.81,TRADE
VIC1,2025-01-15 23:25:00,4529.77,93.73,TRADE
VIC1,2025-01-15 23:30:00,4514.93,97.09,TRADE
VIC1,2025-01-15 23:35:00,4413.7,96.55,TRADE
VIC1,2025-01-15 23:40:00,4398.76,107.77,TRADE
VIC1,2025-01-15 23:45:00,4402.45,102.61,TRADE
VIC1,2025-01-15 23:50:00,4351.65,99.13,TRADE
VIC1,2025-01-15 23:55:00,4313.65,96.5,TRADE
VIC1,2025-01-16 00:00:00,4295.4,99.5,TRADE
VIC1,2025-01-16 00:05:00,4261.3,103.46,TRADE
VIC1,2025-01-16 00:10:00,4175.62,94.41,TRADE
VIC1,2025-01-16 00:15:00,4210.56,95.12,TRADE
VIC1,2025-01-16 00:20:00,4120.77,82.62,TRADE
VIC1,2025-01-16 00:25:00,4091.64,83.37,TRADE
VIC1,2025-01-16 00:30:00,4141.57,82.09,TRADE
VIC1,2025-01-16 00:35:00,4139.17,95.43,TRADE
VIC1,2025-01-16 00:40:00,4069.31,93.39,TRADE
VIC1,2025-01-16 00:45:00,4103.09,98.88,TRADE
VIC1,2025-01-16 00:50:00,4096.08,104.98,TRADE
VIC1,2025-01-16 00:55:00,4079.34,103.79,TRADE
VIC1,2025-01-16 01:00:00,4073.64,95.73,TRADE
VIC1,2025-01-16 01:05:00,3963.87,96.13,TRADE
VIC1,2025-01-16 01:10:00,4026.9,105.27,TRADE
VIC1,2025-01-16 01:15:00,3992.33,103.6,TRADE
VIC1,2025-01-16 01:20:00,3920.8,70.44,TRADE
VIC1,2025-01-16 01:25:00,3951.15,91.0,TRADE
VIC1,2025-01-16 01:30:00,3946.55,94.86,TRADE
VIC1,2025-01-16 01:35:00,3956.89,95.66,TRADE
VIC1,2025-01-16 01:40:00,3844.31,81.71,TRADE
VIC1,2025-01-16 01:45:00,3827.87,93.24,TRADE
VIC1,2025-01-16 01:50:00,3821.66,81.55,TRADE
VIC1,2025-01-16 01:55:00,3838.26,83.39,TRADE
VIC1,2025-01-16 02:00:00,3772.92,83.14,TRADE
VIC1,2025-01-16 02:05:00,3845.02,95.89,TRADE
VIC1,2025-01-16 02:10:00,3855.31,94.66,TRADE
VIC1,2025-01-16 02:15:00,3807.31,82.11,TRADE
VIC1,2025-01-16 02:20:00,3857.74,95.32,TRADE
VIC1,2025-01-16 02:25:00,3838.58,83.25,TRADE
VIC1,2025-01-16 02:30:00,3838.01,83.96,TRADE
VIC1,2025-01-16 02:35:00,3828.37,82.04,TRADE
VIC1,2025-01-16 02:40:00,3798.07,94.51,TRADE
VIC1,2025-01-16 02:45:00,3783.11,83.93,TRADE
VIC1,2025-01-16 02:50:00,3859.65,97.58,TRADE
VIC1,2025-01-16 02:55:00,3861.46,98.37,TRADE
VIC1,2025-01-16 03:00:00,3785.33,80.8,TRADE
VIC1,2025-01-16 03:05:00,3793.32,91.25,TRADE
VIC1,2025-01-16 03:10:00,3830.58,99.06,TRADE
VIC1,2025-01-16 03:15:00,3844.42,97.43,TRADE
VIC1,2025-01-16 03:20:00,3881.8,99.42,TRADE
VIC1,2025-01-16 03:25:00,3910.72,98.26,TRADE
VIC1,2025-01-16 03:30:00,3893.4,97.72,TRADE
VIC1,2025-01-16 03:35:00,3828.33,96.89,TRADE
VIC1,2025-01-16 03:40:00,3841.69,83.93,TRADE
VIC1,2025-01-16 03:45:00,3944.68,98.25,TRADE
VIC1,2025-01-16 03:50:00,3930.44,100.51,TRADE
VIC1,2025-01-16 03:55:00,3940.22,100.08,TRADE
VIC1,2025-01-16 04:00:00,3967.79,100.45,TRADE
VIC1,2025-01-16 04:05:00,4009.87,102.11,TRADE
VIC1,2025-01-16 04:10:00,4056.87,112.18,TRADE
VIC1,2025-01-16 04:15:00,3983.16,118.12,TRADE
VIC1,2025-01-16 04:20:00,3992.25,125.5,TRADE
VIC1,2025-01-16 04:25:00,4076.17,128.42,TRADE
VIC1,2025-01-16 04:30:00,4090.65,128.62,TRADE
VIC1,2025-01-16 04:35:00,4137.73,126.1,TRADE
VIC1,2025-01-16 04:40:00,4197.48,125.5,TRADE
VIC1,2025-01-16 04:45:00,4197.77,130.57,TRADE
VIC1,2025-01-16 04:50:00,4238.47,131.92,TRADE
VIC1,2025-01-16 04:55:00,4164.06,131.59,TRADE
VIC1,2025-01-16 05:00:00,4243.42,160.0,TRADE
VIC1,2025-01-16 05:05:00,4320.31,123.36,TRADE
VIC1,2025-01-16 05:10:00,4382.57,136.37,TRADE
VIC1,2025-01-16 05:15:00,4399.79,130.0,TRADE
VIC1,2025-01-16 05:20:00,4420.77,130.0,TRADE
VIC1,2025-01-16 05:25:00,4467.29,130.0,TRADE
VIC1,2025-01-16 05:30:00,4425.97,130.0,TRADE
VIC1,2025-01-16 05:35:00,4443.98,130.0,TRADE
VIC1,2025-01-16 05:40:00,4537.22,149.27,TRADE
VIC1,2025-01-16 05:45:00,4483.45,130.85,TRADE
VIC1,2025-01-16 05:50:00,4496.42,130.0,TRADE
VIC1,2025-01-16 05:55:00,4492.16,130.0,TRADE
VIC1,2025-01-16 06:00:00,4593.51,126.51,TRADE
VIC1,2025-01-16 06:05:00,4601.62,122.5,TRADE
VIC1,2025-01-16 06:10:00,4622.22,120.86,TRADE
VIC1,2025-01-16 06:15:00,4656.23,112.34,TRADE
VIC1,2025-01-16 06:20:00,4644.38,111.66,TRADE
VIC1,2025-01-16 06:25:00,4686.36,113.61,TRADE
VIC1,2025-01-16 06:30:00,4591.55,77.78,TRADE
VIC1,2025-01-16 06:35:00,4579.72,77.87,TRADE
VIC1,2025-01-16 06:40:00,4655.32,95.2,TRADE
VIC1,2025-01-16 06:45:00,4669.05,77.83,TRADE
VIC1,2025-01-16 06:50:00,4567.61,68.0,TRADE
VIC1,2025-01-16 06:55:00,4547.67,69.97,TRADE
VIC1,2025-01-16 07:00:00,4561.95,69.78,TRADE
VIC1,2025-01-16 07:05:00,4542.07,73.28,TRADE
VIC1,2025-01-16 07:10:00,4507.84,75.0,TRADE
VIC1,2025-01-16 07:15:00,4460.24,69.65,TRADE
VIC1,2025-01-16 07:20:00,4334.32,55.89,TRADE
VIC1,2025-01-16 07:25:00,4344.33,54.09,TRADE
VIC1,2025-01-16 07:30:00,4377.86,53.65,TRADE
VIC1,2025-01-16 07:35:00,4388.91,73.24,TRADE
VIC1,2025-01-16 07:40:00,4288.49,45.16,TRADE
VIC1,2025-01-16 07:45:00,4268.4,8.95,TRADE
VIC1,2025-01-16 07:50:00,4255.97,-17.87,TRADE
VIC1,2025-01-16 07:55:00,4170.3,-17.48,TRADE
VIC1,2025-01-16 08:00:00,4090.61,-21.0,TRADE
VIC1,2025-01-16 08:05:00,3998.62,-21.0,TRADE
VIC1,2025-01-16 08:10:00,4061.5,-19.99,TRADE
VIC1,2025-01-16 08:15:00,4042.54,-17.88,TRADE
VIC1,2025-01-16 08:20:00,4140.95,-8.99,TRADE
VIC1,2025-01-16 08:25:00,4058.86,-17.78,TRADE
VIC1,2025-01-16 08:30:00,3976.31,-20.0,TRADE
VIC1,2025-01-16 08:35:00,3996.48,-17.56,TRADE
VIC1,2025-01-16 08:40:00,3979.14,-21.0,TRADE
VIC1,2025-01-16 08:45:00,3830.51,-29.0,TRADE
VIC1,2025-01-16 08:50:00,3814.81,-19.99,TRADE
VIC1,2025-01-16 08:55:00,3788.78,-19.99,TRADE
VIC1,2025-01-16 09:00:00,3752.86,-29.0,TRADE
VIC1,2025-01-16 09:05:00,3861.28,-7.51,TRADE
VIC1,2025-01-16 09:10:00,3712.79,-7.51,TRADE
VIC1,2025-01-16 09:15:00,3700.68,-8.87,TRADE
VIC1,2025-01-16 09:20:00,3661.0,-12.03,TRADE
VIC1,2025-01-16 09:25:00,3656.02,-12.03,TRADE
VIC1,2025-01-16 09:30:00,3615.17,-29.0,TRADE
VIC1,2025-01-16 09:35:00,3581.4,-21.0,TRADE
VIC1,2025-01-16 09:40:00,3605.03,-12.03,TRADE
VIC1,2025-01-16 09:45:00,3620.05,-18.38,TRADE
VIC1,2025-01-16 09:50:00,3477.63,-21.57,TRADE
VIC1,2025-01-16 09:55:00,3486.88,-21.0,TRADE
VIC1,2025-01-16 10:00:00,3450.44,-29.15,TRADE
VIC1,2025-01-16 10:05:00,3522.98,-26.84,TRADE
VIC1,2025-01-16 10:10:00,3454.12,-29.27,TRADE
VIC1,2025-01-16 10:15:00,3418.07,-31.09,TRADE
VIC1,2025-01-16 10:20:00,3393.58,-32.0,TRADE
VIC1,2025-01-16 10:25:00,3429.04,-31.59,TRADE
VIC1,2025-01-16 10:30:00,3390.81,-31.09,TRADE
VIC1,2025-01-16 10:35:00,3447.52,-30.36,TRADE
VIC1,2025-01-16 10:40:00,3436.39,-29.0,TRADE
VIC1,2025-01-16 10:45:00,3397.26,-31.58,TRADE
VIC1,2025-01-16 10:50:00,3390.25,-33.49,TRADE
VIC1,2025-01-16 10:55:00,3273.03,-31.27,TRADE
VIC1,2025-01-16 11:00:00,3238.03,-30.75,TRADE
VIC1,2025-01-16 11:05:00,3218.45,-32.0,TRADE
VIC1,2025-01-16 11:10:00,3264.16,-32.21,TRADE
VIC1,2025-01-16 11:15:00,3323.97,-31.96,TRADE
VIC1,2025-01-16 11:20:00,3229.24,-31.87,TRADE
VIC1,2025-01-16 11:25:00,3234.18,-31.87,TRADE
VIC1,2025-01-16 11:30:00,3172.74,-32.92,TRADE
VIC1,2025-01-16 11:35:00,3173.17,-31.96,TRADE
VIC1,2025-01-16 11:40:00,3057.03,-31.4,TRADE
VIC1,2025-01-16 11:45:00,2987.95,-32.0,TRADE
VIC1,2025-01-16 11:50:00,3023.64,-31.43,TRADE
VIC1,2025-01-16 11:55:00,2942.52,-30.85,TRADE
VIC1,2025-01-16 12:00:00,2892.7,-32.0,TRADE
VIC1,2025-01-16 12:05:00,2914.43,-31.21,TRADE
VIC1,2025-01-16 12:10:00,2913.52,-31.09,TRADE
VIC1,2025-01-16 12:15:00,2973.59,-30.42,TRADE
VIC1,2025-01-16 12:20:00,2977.37,-30.75,TRADE
VIC1,2025-01-16 12:25:00,3008.9,-30.75,TRADE
VIC1,2025-01-16 12:30:00,2964.38,-29.96,TRADE
VIC1,2025-01-16 12:35:00,2993.16,-48.0,TRADE
VIC1,2025-01-16 12:40:00,2970.97,-46.97,TRADE
VIC1,2025-01-16 12:45:00,3036.76,-34.46,TRADE
VIC1,2025-01-16 12:50:00,3058.09,-38.31,TRADE
VIC1,2025-01-16 12:55:00,3045.09,-38.31,TRADE
VIC1,2025-01-16 13:00:00,3001.29,-46.97,TRADE
VIC1,2025-01-16 13:05:00,3069.46,-32.9,TRADE
VIC1,2025-01-16 13:10:00,3002.29,-32.0,TRADE
VIC1,2025-01-16 13:15:00,2950.15,-34.46,TRADE
VIC1,2025-01-16 13:20:00,2966.85,-39.49,TRADE
VIC1,2025-01-16 13:25:00,2909.05,-34.46,TRADE
VIC1,2025-01-16 13:30:00,2885.48,-38.31,TRADE
VIC1,2025-01-16 13:35:00,2864.13,-38.31,TRADE
VIC1,2025-01-16 13:40:00,2912.87,-33.33,TRADE
VIC1,2025-01-16 13:45:00,2901.84,-32.0,TRADE
VIC1,2025-01-16 13:50:00,2806.86,-39.49,TRADE
VIC1,2025-01-16 13:55:00,2856.15,-34.46,TRADE
VIC1,2025-01-16 14:00:00,2857.88,-34.96,TRADE
VIC1,2025-01-16 14:05:00,2763.84,-39.49,TRADE
VIC1,2025-01-16 14:10:00,2793.17,-38.31,TRADE
VIC1,2025-01-16 14:15:00,2727.87,-48.0,TRADE
VIC1,2025-01-16 14:20:00,2737.26,-48.0,TRADE
VIC1,2025-01-16 14:25:00,2785.49,-45.05,TRADE
VIC1,2025-01-16 14:30:00,2785.63,-39.49,TRADE
VIC1,2025-01-16 14:35:00,2683.18,-48.0,TRADE
VIC1,2025-01-16 14:40:00,2851.07,-35.37,TRADE
VIC1,2025-01-16 14:45:00,2895.23,-46.97,TRADE
VIC1,2025-01-16 14:50:00,2896.26,-41.88,TRADE
VIC1,2025-01-16 14:55:00,2917.39,-46.97,TRADE
VIC1,2025-01-16 15:00:00,2851.2,-41.43,TRADE
VIC1,2025-01-16 15:05:00,2842.7,-46.97,TRADE
VIC1,2025-01-16 15:10:00,2894.12,-45.05,TRADE
VIC1,2025-01-16 15:15:00,2895.31,-38.31,TRADE
VIC1,2025-01-16 15:20:00,2911.19,-45.05,TRADE
VIC1,2025-01-16 15:25:00,2953.43,-48.0,TRADE
VIC1,2025-01-16 15:30:00,3091.81,-36.54,TRADE
VIC1,2025-01-16 15:35:00,3156.53,-38.31,TRADE
VIC1,2025-01-16 15:40:00,3122.81,-46.97,TRADE
VIC1,2025-01-16 15:45:00,3147.63,-48.0,TRADE
VIC1,2025-01-16 15:50:00,3245.63,-41.53,TRADE
VIC1,2025-01-16 15:55:00,3299.12,-39.49,TRADE
VIC1,2025-01-16 16:00:00,3312.53,-37.4,TRADE
VIC1,2025-01-16 16:05:00,3401.24,-36.89,TRADE
VIC1,2025-01-16 16:10:00,3355.42,-36.85,TRADE
VIC1,2025-01-16 16:15:00,3460.97,-30.75,TRADE
VIC1,2025-01-16 16:20:00,3425.62,-32.0,TRADE
VIC1,2025-01-16 16:25:00,3528.92,-32.0,TRADE
VIC1,2025-01-16 16:30:00,3604.2,-30.95,TRADE
VIC1,2025-01-16 16:35:00,3689.56,-32.0,TRADE
VIC1,2025-01-16 16:40:00,3723.61,-29.0,TRADE
VIC1,2025-01-16 16:45:00,3838.27,-28.17,TRADE
VIC1,2025-01-16 16:50:00,3824.27,-28.21,TRADE
VIC1,2025-01-16 16:55:00,3937.41,-29.44,TRADE
VIC1,2025-01-16 17:00:00,4028.38,-27.93,TRADE
VIC1,2025-01-16 17:05:00,4053.96,-29.0,TRADE
VIC1,2025-01-16 17:10:00,4034.57,-29.56,TRADE
VIC1,2025-01-16 17:15:00,4101.18,-29.86,TRADE
VIC1,2025-01-16 17:20:00,4107.63,-29.66,TRADE
VIC1,2025-01-16 17:25:00,4145.92,-28.35,TRADE
VIC1,2025-01-16 17:30:00,4180.75,-28.22,TRADE
VIC1,2025-01-16 17:35:00,4225.76,-29.0,TRADE
VIC1,2025-01-16 17:40:00,4288.72,-29.0,TRADE
VIC1,2025-01-16 17:45:00,4393.51,-21.47,TRADE
VIC1,2025-01-16 17:50:00,4483.52,0.0,TRADE
VIC1,2025-01-16 17:55:00,4488.15,8.95,TRADE
VIC1,2025-01-16 18:00:00,4516.74,33.89,TRADE
VIC1,2025-01-16 18:05:00,4586.42,68.54,TRADE
VIC1,2025-01-16 18:10:00,4630.37,80.39,TRADE
VIC1,2025-01-16 18:15:00,4654.96,49.82,TRADE
VIC1,2025-01-16 18:20:00,4698.94,66.14,TRADE
VIC1,2025-01-16 18:25:00,4802.13,66.72,TRADE
VIC1,2025-01-16 18:30:00,4874.38,77.41,TRADE
VIC1,2025-01-16 18:35:00,4860.33,75.0,TRADE
VIC1,2025-01-16 18:40:00,4986.15,86.0,TRADE
VIC1,2025-01-16 18:45:00,5018.59,99.0,TRADE
VIC1,2025-01-16 18:50:00,5036.84,99.0,TRADE
VIC1,2025-01-16 18:55:00,4997.39,89.25,TRADE
VIC1,2025-01-16 19:00:00,4985.64,127.23,TRADE
VIC1,2025-01-16 19:05:00,4960.92,118.12,TRADE
VIC1,2025-01-16 19:10:00,5024.49,130.0,TRADE
VIC1,2025-01-16 19:15:00,5052.75,130.0,TRADE
VIC1,2025-01-16 19:20:00,5069.61,136.57,TRADE
VIC1,2025-01-16 19:25:00,5021.84,139.94,TRADE
VIC1,2025-01-16 19:30:00,5090.39,150.24,TRADE
VIC1,2025-01-16 19:35:00,5081.96,163.38,TRADE
VIC1,2025-01-16 19:40:00,5044.26,150.64,TRADE
VIC1,2025-01-16 19:45:00,5068.91,154.01,TRADE
VIC1,2025-01-16 19:50:00,5135.48,155.44,TRADE
VIC1,2025-01-16 19:55:00,5121.74,150.52,TRADE
VIC1,2025-01-16 20:00:00,5069.68,136.75,TRADE
VIC1,2025-01-16 20:05:00,5100.94,144.98,TRADE
VIC1,2025-01-16 20:10:00,5079.79,125.8,TRADE
VIC1,2025-01-16 20:15:00,5113.54,125.5,TRADE
VIC1,2025-01-16 20:20:00,5051.21,127.45,TRADE
VIC1,2025-01-16 20:25:00,4956.35,118.12,TRADE
VIC1,2025-01-16 20:30:00,4970.29,105.57,TRADE
VIC1,2025-01-16 20:35:00,4958.13,115.65,TRADE
VIC1,2025-01-16 20:40:00,4926.47,115.82,TRADE
VIC1,2025-01-16 20:45:00,4966.94,118.47,TRADE
VIC1,2025-01-16 20:50:00,4978.78,124.23,TRADE
VIC1,2025-01-16 20:55:00,4911.12,112.37,TRADE
VIC1,2025-01-16 21:00:00,4957.06,116.51,TRADE
VIC1,2025-01-16 21:05:00,4955.86,130.0,TRADE
VIC1,2025-01-16 21:10:00,4963.07,154.77,TRADE
VIC1,2025-01-16 21:15:00,4878.46,184.75,TRADE
VIC1,2025-01-16 21:20:00,4846.97,191.23,TRADE
VIC1,2025-01-16 21:25:00,4881.85,224.09,TRADE
VIC1,2025-01-16 21:30:00,4779.74,192.49,TRADE
VIC1,2025-01-16 21:35:00,4768.86,160.0,TRADE
VIC1,2025-01-16 21:40:00,4744.39,195.72,TRADE
VIC1,2025-01-16 21:45:00,4684.9,160.0,TRADE
VIC1,2025-01-16 21:50:00,4720.32,160.0,TRADE
VIC1,2025-01-16 21:55:00,4623.37,158.0,TRADE
VIC1,2025-01-16 22:00:00,4567.07,124.42,TRADE
VIC1,2025-01-16 22:05:00,4568.55,156.02,TRADE
VIC1,2025-01-16 22:10:00,4569.56,136.92,TRADE
VIC1,2025-01-16 22:15:00,4516.83,136.92,TRADE
VIC1,2025-01-16 22:20:00,4622.22,160.0,TRADE
VIC1,2025-01-16 22:25:00,4562.59,130.0,TRADE
VIC1,2025-01-16 22:30:00,4582.35,130.0,TRADE
VIC1,2025-01-16 22:35:00,4420.54,99.0,TRADE
VIC1,2025-01-16 22:40:00,4435.16,99.0,TRADE
VIC1,2025-01-16 22:45:00,4549.36,92.51,TRADE
VIC1,2025-01-16 22:50:00,4520.3,83.19,TRADE
VIC1,2025-01-16 22:55:00,4459.2,92.0,TRADE
VIC1,2025-01-16 23:00:00,4531.47,81.81,TRADE
VIC1,2025-01-16 23:05:00,4509.25,91.83,TRADE
VIC1,2025-01-16 23:10:00,4655.86,99.0,TRADE
VIC1,2025-01-16 23:15:00,4646.88,99.0,TRADE
VIC1,2025-01-16 23:20:00,4603.12,99.0,TRADE
VIC1,2025-01-16 23:25:00,4597.17,99.0,TRADE
VIC1,2025-01-16 23:30:00,4644.79,99.0,TRADE
VIC1,2025-01-16 23:35:00,4698.98,107.05,TRADE
VIC1,2025-01-16 23:40:00,4620.22,99.0,TRADE
VIC1,2025-01-16 23:45:00,4548.53,99.0,TRADE
VIC1,2025-01-16 23:50:00,4550.88,99.0,TRADE
VIC1,2025-01-16 23:55:00,4538.4,99.0,TRADE
VIC1,2025-01-17 00:00:00,4453.05,95.41,TRADE
VIC1,2025-01-17 00:05:00,4427.79,95.32,TRADE
VIC1,2025-01-17 00:10:00,4408.45,99.0,TRADE
VIC1,2025-01-17 00:15:00,4426.18,99.0,TRADE
VIC1,2025-01-17 00:20:00,4387.22,93.98,TRADE
VIC1,2025-01-17 00:25:00,4305.39,94.6,TRADE
VIC1,2025-01-17 00:30:00,4335.51,96.85,TRADE
VIC1,2025-01-17 00:35:00,4326.04,94.75,TRADE
VIC1,2025-01-17 00:40:00,4310.83,96.28,TRADE
VIC1,2025-01-17 00:45:00,4303.41,99.0,TRADE
VIC1,2025-01-17 00:50:00,4193.69,95.44,TRADE
VIC1,2025-01-17 00:55:00,4229.37,85.65,TRADE
VIC1,2025-01-17 01:00:00,4237.62,88.37,TRADE
VIC1,2025-01-17 01:05:00,4205.7,99.0,TRADE
VIC1,2025-01-17 01:10:00,4207.81,103.91,TRADE
VIC1,2025-01-17 01:15:00,4209.5,111.78,TRADE
VIC1,2025-01-17 01:20:00,4165.18,105.48,TRADE
VIC1,2025-01-17 01:25:00,4095.84,99.0,TRADE
VIC1,2025-01-17 01:30:00,4162.88,105.36,TRADE
VIC1,2025-01-17 01:35:00,4079.36,104.38,TRADE
VIC1,2025-01-17 01:40:00,4068.56,96.1,TRADE
VIC1,2025-01-17 01:45:00,4124.24,99.0,TRADE
VIC1,2025-01-17 01:50:00,4045.18,87.27,TRADE
VIC1,2025-01-17 01:55:00,4049.49,87.19,TRADE
VIC1,2025-01-17 02:00:00,4058.76,84.99,TRADE
VIC1,2025-01-17 02:05:00,4008.6,73.95,TRADE
VIC1,2025-01-17 02:10:00,4067.47,87.13,TRADE
VIC1,2025-01-17 02:15:00,4052.9,74.61,TRADE
VIC1,2025-01-17 02:20:00,3987.56,73.36,TRADE
VIC1,2025-01-17 02:25:00,3950.09,74.04,TRADE
VIC1,2025-01-17 02:30:00,3962.96,72.17,TRADE
VIC1,2025-01-17 02:35:00,3999.88,72.15,TRADE
VIC1,2025-01-17 02:40:00,4086.54,75.4,TRADE
VIC1,2025-01-17 02:45:00,4036.87,71.53,TRADE
VIC1,2025-01-17 02:50:00,4003.88,71.55,TRADE
VIC1,2025-01-17 02:55:00,4005.55,71.54,TRADE
VIC1,2025-01-17 03:00:00,4014.61,72.22,TRADE
VIC1,2025-01-17 03:05:00,4014.17,72.06,TRADE
VIC1,2025-01-17 03:10:00,3990.01,72.18,TRADE
VIC1,2025-01-17 03:15:00,3951.97,70.79,TRADE
VIC1,2025-01-17 03:20:00,4009.61,71.36,TRADE
VIC1,2025-01-17 03:25:00,4041.99,75.04,TRADE
VIC1,2025-01-17 03:30:00,4015.59,72.0,TRADE
VIC1,2025-01-17 03:35:00,4003.23,70.78,TRADE
VIC1,2025-01-17 03:40:00,4066.2,71.35,TRADE
VIC1,2025-01-17 03:45:00,4065.98,72.05,TRADE
VIC1,2025-01-17 03:50:00,4086.44,74.04,TRADE
VIC1,2025-01-17 03:55:00,4002.01,71.43,TRADE
VIC1,2025-01-17 04:00:00,4022.52,71.48,TRADE
VIC1,2025-01-17 04:05:00,4121.84,71.98,TRADE
VIC1,2025-01-17 04:10:00,4155.42,73.06,TRADE
VIC1,2025-01-17 04:15:00,4157.37,70.79,TRADE
VIC1,2025-01-17 04:20:00,4188.15,72.4,TRADE
VIC1,2025-01-17 04:25:00,4182.94,71.45,TRADE
VIC1,2025-01-17 04:30:00,4129.7,70.15,TRADE
VIC1,2025-01-17 04:35:00,4171.78,52.65,TRADE
VIC1,2025-01-17 04:40:00,4271.96,75.0,TRADE
VIC1,2025-01-17 04:45:00,4295.5,71.84,TRADE
VIC1,2025-01-17 04:50:00,4207.49,45.86,TRADE
VIC1,2025-01-17 04:55:00,4267.65,70.33,TRADE
VIC1,2025-01-17 05:00:00,4343.22,72.24,TRADE
VIC1,2025-01-17 05:05:00,4363.82,52.36,TRADE
VIC1,2025-01-17 05:10:00,4480.83,84.12,TRADE
VIC1,2025-01-17 05:15:00,4470.92,82.21,TRADE
VIC1,2025-01-17 05:20:00,4475.48,83.88,TRADE
VIC1,2025-01-17 05:25:00,4505.23,83.32,TRADE
VIC1,2025-01-17 05:30:00,4465.06,75.0,TRADE
VIC1,2025-01-17 05:35:00,4468.68,81.21,TRADE
VIC1,2025-01-17 05:40:00,4548.82,82.49,TRADE
VIC1,2025-01-17 05:45:00,4562.89,81.93,TRADE
VIC1,2025-01-17 05:50:00,4621.04,80.62,TRADE
VIC1,2025-01-17 05:55:00,4675.6,73.9,TRADE
VIC1,2025-01-17 06:00:00,4607.33,54.2,TRADE
VIC1,2025-01-17 06:05:00,4671.55,55.58,TRADE
VIC1,2025-01-17 06:10:00,4796.59,58.32,TRADE
VIC1,2025-01-17 06:15:00,4786.07,51.24,TRADE
VIC1,2025-01-17 06:20:00,4878.32,55.84,TRADE
VIC1,2025-01-17 06:25:00,4787.42,39.89,TRADE
VIC1,2025-01-17 06:30:00,4881.24,32.26,TRADE
VIC1,2025-01-17 06:35:00,4911.82,9.0,TRADE
VIC1,2025-01-17 06:40:00,4856.37,8.95,TRADE
VIC1,2025-01-17 06:45:00,4871.11,8.95,TRADE
VIC1,2025-01-17 06:50:00,4839.15,4.95,TRADE
VIC1,2025-01-17 06:55:00,4805.66,-20.27,TRADE
VIC1,2025-01-17 07:00:00,4676.66,-19.16,TRADE
VIC1,2025-01-17 07:05:00,4650.02,-15.62,TRADE
VIC1,2025-01-17 07:10:00,4634.73,-21.95,TRADE
VIC1,2025-01-17 07:15:00,4585.55,-18.76,TRADE
VIC1,2025-01-17 07:20:00,4431.89,8.15,TRADE
VIC1,2025-01-17 07:25:00,4466.09,-21.91,TRADE
VIC1,2025-01-17 07:30:00,4430.97,-27.79,TRADE
VIC1,2025-01-17 07:35:00,4321.97,-32.0,TRADE
VIC1,2025-01-17 07:40:00,4298.38,-27.98,TRADE
VIC1,2025-01-17 07:45:00,4192.65,-35.45,TRADE
VIC1,2025-01-17 07:50:00,4290.42,-31.09,TRADE
VIC1,2025-01-17 07:55:00,4145.62,-34.46,TRADE
VIC1,2025-01-17 08:00:00,4193.68,-34.46,TRADE
VIC1,2025-01-17 08:05:00,4169.14,-34.46,TRADE
VIC1,2025-01-17 08:10:00,4203.5,-35.77,TRADE
VIC1,2025-01-17 08:15:00,4113.59,-36.42,TRADE
VIC1,2025-01-17 08:20:00,4076.66,-37.86,TRADE
VIC1,2025-01-17 08:25:00,4044.11,-37.91,TRADE
VIC1,2025-01-17 08:30:00,4062.19,-38.31,TRADE
VIC1,2025-01-17 08:35:00,4022.79,-38.57,TRADE
VIC1,2025-01-17 08:40:00,3968.86,-42.23,TRADE
VIC1,2025-01-17 08:45:00,3890.66,-42.57,TRADE
VIC1,2025-01-17 08:50:00,3854.25,-57.9,TRADE
VIC1,2025-01-17 08:55:00,3774.97,-50.01,TRADE
VIC1,2025-01-17 09:00:00,3732.14,-50.01,TRADE
VIC1,2025-01-17 09:05:00,3658.77,-57.9,TRADE
VIC1,2025-01-17 09:10:00,3682.16,-50.01,TRADE
VIC1,2025-01-17 09:15:00,3615.62,-50.01,TRADE
VIC1,2025-01-17 09:20:00,3635.77,-50.01,TRADE
VIC1,2025-01-17 09:25:00,3606.44,-46.97,TRADE
VIC1,2025-01-17 09:30:00,3505.85,-50.01,TRADE
VIC1,2025-01-17 09:35:00,3511.14,-50.01,TRADE
VIC1,2025-01-17 09:40:00,3481.99,-35.42,TRADE
VIC1,2025-01-17 09:45:00,3392.43,-44.11,TRADE
VIC1,2025-01-17 09:50:00,3369.41,-66.3,TRADE
VIC1,2025-01-17 09:55:00,3366.68,-50.01,TRADE
VIC1,2025-01-17 10:00:00,3297.86,-66.3,TRADE
VIC1,2025-01-17 10:05:00,3411.51,-50.01,TRADE
VIC1,2025-01-17 10:10:00,3237.18,-38.31,TRADE
VIC1,2025-01-17 10:15:00,3198.33,-66.31,TRADE
VIC1,2025-01-17 10:20:00,3263.72,-57.9,TRADE
VIC1,2025-01-17 10:25:00,3203.12,-50.01,TRADE
VIC1,2025-01-17 10:30:00,3119.29,-50.01,TRADE
VIC1,2025-01-17 10:35:00,3153.14,-49.18,TRADE
VIC1,2025-01-17 10:40:00,3131.12,-50.01,TRADE
VIC1,2025-01-17 10:45:00,3024.11,-50.08,TRADE
VIC1,2025-01-17 10:50:00,3065.5,-50.08,TRADE
VIC1,2025-01-17 10:55:00,3013.71,-43.22,TRADE
VIC1,2025-01-17 11:00:00,2903.13,-50.08,TRADE
VIC1,2025-01-17 11:05:00,2943.82,-57.9,TRADE
VIC1,2025-01-17 11:10:00,2938.27,-50.01,TRADE
VIC1,2025-01-17 11:15:00,2911.92,-36.26,TRADE
VIC1,2025-01-17 11:20:00,2820.78,-63.94,TRADE
VIC1,2025-01-17 11:25:00,2845.76,-66.31,TRADE
VIC1,2025-01-17 11:30:00,2859.16,-66.3,TRADE
VIC1,2025-01-17 11:35:00,2812.45,-66.3,TRADE
VIC1,2025-01-17 11:40:00,2726.91,-50.08,TRADE
VIC1,2025-01-17 11:45:00,2615.85,-66.31,TRADE
VIC1,2025-01-17 11:50:00,2717.56,-57.9,TRADE
VIC1,2025-01-17 11:55:00,2664.76,-45.05,TRADE
VIC1,2025-01-17 12:00:00,2597.71,-66.31,TRADE
VIC1,2025-01-17 12:05:00,2601.15,-66.31,TRADE
VIC1,2025-01-17 12:10:00,2640.32,-66.3,TRADE
VIC1,2025-01-17 12:15:00,2501.34,-66.3,TRADE
VIC1,2025-01-17 12:20:00,2515.24,-66.3,TRADE
VIC1,2025-01-17 12:25:00,2512.52,-66.31,TRADE
VIC1,2025-01-17 12:30:00,2419.71,-66.31,TRADE
VIC1,2025-01-17 12:35:00,2491.23,-63.94,TRADE
VIC1,2025-01-17 12:40:00,2451.73,-63.94,TRADE
VIC1,2025-01-17 12:45:00,2467.65,-66.31,TRADE
VIC1,2025-01-17 12:50:00,2418.19,-66.31,TRADE
VIC1,2025-01-17 12:55:00,2453.05,-66.31,TRADE
VIC1,2025-01-17 13:00:00,2453.87,-66.3,TRADE
VIC1,2025-01-17 13:05:00,2356.89,-169.27,TRADE
VIC1,2025-01-17 13:10:00,2255.38,-140.0,TRADE
VIC1,2025-01-17 13:15:00,2208.15,-91.18,TRADE
VIC1,2025-01-17 13:20:00,2281.99,-100.92,TRADE
VIC1,2025-01-17 13:25:00,2246.81,-66.31,TRADE
VIC1,2025-01-17 13:30:00,2244.23,-66.31,TRADE
VIC1,2025-01-17 13:35:00,2283.17,-66.31,TRADE
VIC1,2025-01-17 13:40:00,2217.55,-66.31,TRADE
VIC1,2025-01-17 13:45:00,2224.35,-66.3,TRADE
VIC1,2025-01-17 13:50:00,2340.69,-61.37,TRADE
VIC1,2025-01-17 13:55:00,2297.95,-63.94,TRADE
VIC1,2025-01-17 14:00:00,2476.55,-61.43,TRADE
VIC1,2025-01-17 14:05:00,2570.33,-61.32,TRADE
VIC1,2025-01-17 14:10:00,2551.45,-62.51,TRADE
VIC1,2025-01-17 14:15:00,2590.88,-61.51,TRADE
VIC1,2025-01-17 14:20:00,2594.66,-60.96,TRADE
VIC1,2025-01-17 14:25:00,2659.81,-60.79,TRADE
VIC1,2025-01-17 14:30:00,2651.32,-60.77,TRADE
VIC1,2025-01-17 14:35:00,2623.1,-61.26,TRADE
VIC1,2025-01-17 14:40:00,2711.43,-57.9,TRADE
VIC1,2025-01-17 14:45:00,2665.73,-57.9,TRADE
VIC1,2025-01-17 14:50:00,2788.07,-50.08,TRADE
VIC1,2025-01-17 14:55:00,2808.04,-59.46,TRADE
VIC1,2025-01-17 15:00:00,2782.28,-59.45,TRADE
VIC1,2025-01-17 15:05:00,2798.58,-60.86,TRADE
VIC1,2025-01-17 15:10:00,2888.24,-57.9,TRADE
VIC1,2025-01-17 15:15:00,2882.94,-59.47,TRADE
VIC1,2025-01-17 15:20:00,2935.73,-57.9,TRADE
VIC1,2025-01-17 15:25:00,3068.23,-50.01,TRADE
VIC1,2025-01-17 15:30:00,3021.36,-46.97,TRADE
VIC1,2025-01-17 15:35:00,3133.06,-63.94,TRADE
VIC1,2025-01-17 15:40:00,3132.12,-63.94,TRADE
VIC1,2025-01-17 15:45:00,3210.43,-66.3,TRADE
VIC1,2025-01-17 15:50:00,3359.71,-66.31,TRADE
VIC1,2025-01-17 15:55:00,3394.24,-50.08,TRADE
VIC1,2025-01-17 16:00:00,3338.7,-62.51,TRADE
VIC1,2025-01-17 16:05:00,3451.89,-57.9,TRADE
VIC1,2025-01-17 16:10:00,3526.03,-53.67,TRADE
VIC1,2025-01-17 16:15:00,3506.51,-50.01,TRADE
VIC1,2025-01-17 16:20:00,3624.42,-50.01,TRADE
VIC1,2025-01-17 16:25:00,3718.12,-38.31,TRADE
VIC1,2025-01-17 16:30:00,3840.27,-38.31,TRADE
VIC1,2025-01-17 16:35:00,3861.88,-38.31,TRADE
VIC1,2025-01-17 16:40:00,3721.31,-38.31,TRADE
VIC1,2025-01-17 16:45:00,3834.14,-34.67,TRADE
VIC1,2025-01-17 16:50:00,3921.63,-34.46,TRADE
VIC1,2025-01-17 16:55:00,3912.74,-34.46,TRADE
VIC1,2025-01-17 17:00:00,4074.57,-34.46,TRADE
VIC1,2025-01-17 17:05:00,4091.43,-34.46,TRADE
VIC1,2025-01-17 17:10:00,4098.78,-34.46,TRADE
VIC1,2025-01-17 17:15:00,4077.19,-34.19,TRADE
VIC1,2025-01-17 17:20:00,4045.23,-33.05,TRADE
VIC1,2025-01-17 17:25:00,4199.25,-33.3,TRADE
VIC1,2025-01-17 17:30:00,4315.83,-32.0,TRADE
VIC1,2025-01-17 17:35:00,4335.07,-32.89,TRADE
VIC1,2025-01-17 17:40:00,4457.55,-32.93,TRADE
VIC1,2025-01-17 17:45:00,4515.32,-32.0,TRADE
VIC1,2025-01-17 17:50:00,4584.42,-31.63,TRADE
VIC1,2025-01-17 17:55:00,4534.63,-31.43,TRADE
VIC1,2025-01-17 18:00:00,4594.68,-30.75,TRADE
VIC1,2025-01-17 18:05:00,4715.17,-32.0,TRADE
VIC1,2025-01-17 18:10:00,4746.09,-21.0,TRADE
VIC1,2025-01-17 18:15:00,4766.72,-19.99,TRADE
VIC1,2025-01-17 18:20:00,4794.38,-21.57,TRADE
VIC1,2025-01-17 18:25:00,4882.74,-19.95,TRADE
VIC1,2025-01-17 18:30:00,4888.4,12.0,TRADE
VIC1,2025-01-17 18:35:00,4966.65,12.0,TRADE
VIC1,2025-01-17 18:40:00,4851.78,12.0,TRADE
VIC1,2025-01-17 18:45:00,4879.51,17.99,TRADE
VIC1,2025-01-17 18:50:00,4995.52,17.99,TRADE
VIC1,2025-01-17 18:55:00,4963.62,17.99,TRADE
VIC1,2025-01-17 19:00:00,5034.1,33.0,TRADE
VIC1,2025-01-17 19:05:00,5057.66,33.0,TRADE
VIC1,2025-01-17 19:10:00,5044.78,33.0,TRADE
VIC1,2025-01-17 19:15:00,5010.95,33.0,TRADE
VIC1,2025-01-17 19:20:00,4965.08,17.99,TRADE
VIC1,2025-01-17 19:25:00,5065.37,33.0,TRADE
VIC1,2025-01-17 19:30:00,5088.63,33.0,TRADE
VIC1,2025-01-17 19:35:00,5113.77,33.0,TRADE
VIC1,2025-01-17 19:40:00,5079.94,17.99,TRADE
VIC1,2025-01-17 19:45:00,5018.95,17.99,TRADE
VIC1,2025-01-17 19:50:00,4999.18,12.0,TRADE
VIC1,2025-01-17 19:55:00,5087.6,65.8,TRADE
VIC1,2025-01-17 20:00:00,4924.98,17.99,TRADE
VIC1,2025-01-17 20:05:00,4972.6,33.0,TRADE
VIC1,2025-01-17 20:10:00,4982.2,33.0,TRADE
VIC1,2025-01-17 20:15:00,5033.48,33.0,TRADE
VIC1,2025-01-17 20:20:00,4991.83,33.0,TRADE
VIC1,2025-01-17 20:25:00,4897.77,19.19,TRADE
VIC1,2025-01-17 20:30:00,4891.97,33.0,TRADE
VIC1,2025-01-17 20:35:00,4949.02,33.0,TRADE
VIC1,2025-01-17 20:40:00,4855.57,33.0,TRADE
VIC1,2025-01-17 20:45:00,4896.69,55.89,TRADE
VIC1,2025-01-17 20:50:00,4872.85,33.0,TRADE
VIC1,2025-01-17 20:55:00,4837.38,33.0,TRADE
VIC1,2025-01-17 21:00:00,4810.61,33.0,TRADE
VIC1,2025-01-17 21:05:00,4708.14,17.99,TRADE
VIC1,2025-01-17 21:10:00,4743.68,33.0,TRADE
VIC1,2025-01-17 21:15:00,4726.33,17.99,TRADE
VIC1,2025-01-17 21:20:00,4656.41,12.0,TRADE
VIC1,2025-01-17 21:25:00,4671.8,12.0,TRADE
VIC1,2025-01-17 21:30:00,4653.36,12.0,TRADE
VIC1,2025-01-17 21:35:00,4600.04,12.0,TRADE
VIC1,2025-01-17 21:40:00,4626.06,17.99,TRADE
VIC1,2025-01-17 21:45:00,4533.12,8.95,TRADE
VIC1,2025-01-17 21:50:00,4524.66,12.0,TRADE
VIC1,2025-01-17 21:55:00,4419.33,8.95,TRADE
VIC1,2025-01-17 22:00:00,4478.49,12.0,TRADE
VIC1,2025-01-17 22:05:00,4427.66,12.0,TRADE
VIC1,2025-01-17 22:10:00,4415.39,8.95,TRADE
VIC1,2025-01-17 22:15:00,4480.66,12.0,TRADE
VIC1,2025-01-17 22:20:00,4424.89,8.95,TRADE
VIC1,2025-01-17 22:25:00,4375.29,3.9,TRADE
VIC1,2025-01-17 22:30:00,4294.7,8.95,TRADE
VIC1,2025-01-17 22:35:00,4337.53,8.95,TRADE
VIC1,2025-01-17 22:40:00,4349.7,8.95,TRADE
VIC1,2025-01-17 22:45:00,4319.45,8.95,TRADE
VIC1,2025-01-17 22:50:00,4347.53,8.95,TRADE
VIC1,2025-01-17 22:55:00,4327.58,8.95,TRADE
VIC1,2025-01-17 23:00:00,4290.32,8.95,TRADE
VIC1,2025-01-17 23:05:00,4223.57,7.95,TRADE
VIC1,2025-01-17 23:10:00,4433.41,33.89,TRADE
VIC1,2025-01-17 23:15:00,4448.19,17.99,TRADE
VIC1,2025-01-17 23:20:00,4522.7,17.99,TRADE
VIC1,2025-01-17 23:25:00,4550.72,17.99,TRADE
VIC1,2025-01-17 23:30:00,4500.32,17.99,TRADE
VIC1,2025-01-17 23:35:00,4440.3,0.0,TRADE
VIC1,2025-01-17 23:40:00,4448.68,3.15,TRADE
VIC1,2025-01-17 23:45:00,4369.59,-7.51,TRADE
VIC1,2025-01-17 23:50:00,4315.03,-7.51,TRADE
VIC1,2025-01-17 23:55:00,4232.06,-19.23,TRADE
VIC1,2025-01-20 00:00:00,4918.38,104.21,TRADE
VIC1,2025-01-20 00:05:00,4877.28,109.75,TRADE
VIC1,2025-01-20 00:10:00,4798.75,106.72,TRADE
VIC1,2025-01-20 00:15:00,4757.68,112.76,TRADE
VIC1,2025-01-20 00:20:00,4791.31,113.9,TRADE
VIC1,2025-01-20 00:25:00,4767.87,115.06,TRADE
VIC1,2025-01-20 00:30:00,4679.06,114.19,TRADE
VIC1,2025-01-20 00:35:00,4730.86,118.34,TRADE
VIC1,2025-01-20 00:40:00,4690.19,118.01,TRADE
VIC1,2025-01-20 00:45:00,4658.68,116.29,TRADE
VIC1,2025-01-20 00:50:00,4580.19,115.65,TRADE
VIC1,2025-01-20 00:55:00,4578.46,115.65,TRADE
VIC1,2025-01-20 01:00:00,4562.49,115.35,TRADE
VIC1,2025-01-20 01:05:00,4600.51,117.53,TRADE
VIC1,2025-01-20 01:10:00,4607.54,118.73,TRADE
VIC1,2025-01-20 01:15:00,4571.99,117.04,TRADE
VIC1,2025-01-20 01:20:00,4559.16,115.65,TRADE
VIC1,2025-01-20 01:25:00,4542.4,115.65,TRADE
VIC1,2025-01-20 01:30:00,4477.26,114.77,TRADE
VIC1,2025-01-20 01:35:00,4431.49,115.35,TRADE
VIC1,2025-01-20 01:40:00,4364.05,114.77,TRADE
VIC1,2025-01-20 01:45:00,4414.13,115.35,TRADE
VIC1,2025-01-20 01:50:00,4416.4,116.57,TRADE
VIC1,2025-01-20 01:55:00,4321.67,114.48,TRADE
VIC1,2025-01-20 02:00:00,4379.78,115.65,TRADE
VIC1,2025-01-20 02:05:00,4382.67,116.84,TRADE
VIC1,2025-01-20 02:10:00,4358.14,116.25,TRADE
VIC1,2025-01-20 02:15:00,4289.93,115.06,TRADE
VIC1,2025-01-20 02:20:00,4265.2,114.77,TRADE
VIC1,2025-01-20 02:25:00,4325.73,115.35,TRADE
VIC1,2025-01-20 02:30:00,4328.7,115.35,TRADE
VIC1,2025-01-20 02:35:00,4317.22,115.37,TRADE
VIC1,2025-01-20 02:40:00,4321.4,115.37,TRADE
VIC1,2025-01-20 02:45:00,4311.23,116.29,TRADE
VIC1,2025-01-20 02:50:00,4297.75,118.85,TRADE
VIC1,2025-01-20 02:55:00,4230.52,114.77,TRADE
VIC1,2025-01-20 03:00:00,4209.5,115.06,TRADE
VIC1,2025-01-20 03:05:00,4268.94,118.77,TRADE
VIC1,2025-01-20 03:10:00,4278.8,114.48,TRADE
VIC1,2025-01-20 03:15:00,4280.21,114.77,TRADE
VIC1,2025-01-20 03:20:00,4306.9,119.24,TRADE
VIC1,2025-01-20 03:25:00,4303.33,114.77,TRADE
VIC1,2025-01-20 03:30:00,4301.76,115.08,TRADE
VIC1,2025-01-20 03:35:00,4252.59,114.08,TRADE
VIC1,2025-01-20 03:40:00,4258.69,114.22,TRADE
VIC1,2025-01-20 03:45:00,4316.54,119.6,TRADE
VIC1,2025-01-20 03:50:00,4334.99,120.21,TRADE
VIC1,2025-01-20 03:55:00,4362.04,120.0,TRADE
VIC1,2025-01-20 04:00:00,4354.6,119.91,TRADE
VIC1,2025-01-20 04:05:00,4353.89,113.32,TRADE
VIC1,2025-01-20 04:10:00,4408.75,116.11,TRADE
VIC1,2025-01-20 04:15:00,4436.72,122.04,TRADE
VIC1,2025-01-20 04:20:00,4379.77,113.32,TRADE
VIC1,2025-01-20 04:25:00,4414.88,113.61,TRADE
VIC1,2025-01-20 04:30:00,4431.07,121.1,TRADE
VIC1,2025-01-20 04:35:00,4442.78,113.9,TRADE
VIC1,2025-01-20 04:40:00,4521.54,121.37,TRADE
VIC1,2025-01-20 04:45:00,4542.88,121.09,TRADE
VIC1,2025-01-20 04:50:00,4586.0,122.31,TRADE
VIC1,2025-01-20 04:55:00,4580.52,121.46,TRADE
VIC1,2025-01-20 05:00:00,4624.9,121.88,TRADE
VIC1,2025-01-20 05:05:00,4593.29,117.9,TRADE
VIC1,2025-01-20 05:10:00,4753.16,142.8,TRADE
VIC1,2025-01-20 05:15:00,4700.6,123.84,TRADE
VIC1,2025-01-20 05:20:00,4704.06,123.84,TRADE
VIC1,2025-01-20 05:25:00,4866.5,195.43,TRADE
VIC1,2025-01-20 05:30:00,4884.45,136.13,TRADE
VIC1,2025-01-20 05:35:00,4902.47,136.69,TRADE
VIC1,2025-01-20 05:40:00,4931.32,135.78,TRADE
VIC1,2025-01-20 05:45:00,4963.26,135.95,TRADE
VIC1,2025-01-20 05:50:00,4960.03,140.42,TRADE
VIC1,2025-01-20 05:55:00,4948.89,135.59,TRADE
VIC1,2025-01-20 06:00:00,4988.8,146.18,TRADE
VIC1,2025-01-20 06:05:00,5081.98,154.29,TRADE
VIC1,2025-01-20 06:10:00,5173.82,158.25,TRADE
VIC1,2025-01-20 06:15:00,5182.0,157.09,TRADE
VIC1,2025-01-20 06:20:00,5248.87,157.76,TRADE
VIC1,2025-01-20 06:25:00,5219.42,137.64,TRADE
VIC1,2025-01-20 06:30:00,5220.47,132.72,TRADE
VIC1,2025-01-20 06:35:00,5226.15,135.94,TRADE
VIC1,2025-01-20 06:40:00,5181.96,136.09,TRADE
VIC1,2025-01-20 06:45:00,5187.6,135.24,TRADE
VIC1,2025-01-20 06:50:00,5204.67,145.03,TRADE
VIC1,2025-01-20 06:55:00,5245.5,136.92,TRADE
VIC1,2025-01-20 07:00:00,5201.88,115.95,TRADE
VIC1,2025-01-20 07:05:00,5220.36,135.31,TRADE
VIC1,2025-01-20 07:10:00,5109.5,97.87,TRADE
VIC1,2025-01-20 07:15:00,5160.59,130.21,TRADE
VIC1,2025-01-20 07:20:00,5184.8,126.33,TRADE
VIC1,2025-01-20 07:25:00,5100.05,33.89,TRADE
VIC1,2025-01-20 07:30:00,5073.6,111.4,TRADE
VIC1,2025-01-20 07:35:00,4973.85,20.04,TRADE
VIC1,2025-01-20 07:40:00,4966.67,90.0,TRADE
VIC1,2025-01-20 07:45:00,5031.87,36.24,TRADE
VIC1,2025-01-20 07:50:00,4987.36,28.71,TRADE
VIC1,2025-01-20 07:55:00,4962.63,90.0,TRADE
VIC1,2025-01-20 08:00:00,4933.53,54.7,TRADE
VIC1,2025-01-20 08:05:00,4984.64,35.65,TRADE
VIC1,2025-01-20 08:10:00,4969.82,35.78,TRADE
VIC1,2025-01-20 08:15:00,4918.79,36.24,TRADE
VIC1,2025-01-20 08:20:00,4963.96,35.88,TRADE
VIC1,2025-01-20 08:25:00,4929.78,35.65,TRADE
VIC1,2025-01-20 08:30:00,4941.8,33.89,TRADE
VIC1,2025-01-20 08:35:00,4893.56,89.4,TRADE
VIC1,2025-01-20 08:40:00,4937.2,36.24,TRADE
VIC1,2025-01-20 08:45:00,4928.49,26.09,TRADE
VIC1,2025-01-20 08:50:00,5041.49,36.24,TRADE
VIC1,2025-01-20 08:55:00,5017.23,93.35,TRADE
VIC1,2025-01-20 09:00:00,4910.43,36.24,TRADE
VIC1,2025-01-20 09:05:00,4854.42,35.75,TRADE
VIC1,2025-01-20 09:10:00,4862.84,36.24,TRADE
VIC1,2025-01-20 09:15:00,4814.37,46.62,TRADE
VIC1,2025-01-20 09:20:00,4751.88,36.24,TRADE
VIC1,2025-01-20 09:25:00,4815.95,36.24,TRADE
VIC1,2025-01-20 09:30:00,4724.76,35.81,TRADE
VIC1,2025-01-20 09:35:00,4684.88,36.24,TRADE
VIC1,2025-01-20 09:40:00,4667.44,36.24,TRADE
VIC1,2025-01-20 09:45:00,4658.38,36.24,TRADE
VIC1,2025-01-20 09:50:00,4649.55,34.81,TRADE
VIC1,2025-01-20 09:55:00,4649.98,34.36,TRADE
VIC1,2025-01-20 10:00:00,4725.48,20.13,TRADE
VIC1,2025-01-20 10:05:00,4808.17,84.31,TRADE
VIC1,2025-01-20 10:10:00,4950.46,158.83,TRADE
VIC1,2025-01-20 10:15:00,4990.44,168.38,TRADE
VIC1,2025-01-20 10:20:00,5023.85,221.67,TRADE
VIC1,2025-01-20 10:25:00,5093.37,162.65,TRADE
VIC1,2025-01-20 10:30:00,5243.16,162.54,TRADE
VIC1,2025-01-20 10:35:00,5359.25,216.63,TRADE
VIC1,2025-01-20 10:40:00,5454.03,171.7,TRADE
VIC1,2025-01-20 10:45:00,5390.34,187.94,TRADE
VIC1,2025-01-20 10:50:00,5398.33,175.78,TRADE
VIC1,2025-01-20 10:55:00,5449.77,134.2,TRADE
VIC1,2025-01-20 11:00:00,5348.45,111.33,TRADE
VIC1,2025-01-20 11:05:00,5315.02,153.0,TRADE
VIC1,2025-01-20 11:10:00,5275.86,132.51,TRADE
VIC1,2025-01-20 11:15:00,5183.06,111.66,TRADE
VIC1,2025-01-20 11:20:00,5186.31,101.26,TRADE
VIC1,2025-01-20 11:25:00,5179.33,101.94,TRADE
VIC1,2025-01-20 11:30:00,5066.0,82.5,TRADE
VIC1,2025-01-20 11:35:00,5125.75,82.5,TRADE
VIC1,2025-01-20 11:40:00,5203.32,100.47,TRADE
VIC1,2025-01-20 11:45:00,5333.34,104.82,TRADE
VIC1,2025-01-20 11:50:00,5376.4,125.77,TRADE
VIC1,2025-01-20 11:55:00,5396.25,113.04,TRADE
VIC1,2025-01-20 12:00:00,5519.35,175.65,TRADE
VIC1,2025-01-20 12:05:00,5552.41,143.75,TRADE
VIC1,2025-01-20 12:10:00,5539.2,144.02,TRADE
VIC1,2025-01-20 12:15:00,5456.21,113.32,TRADE
VIC1,2025-01-20 12:20:00,5464.33,133.18,TRADE
VIC1,2025-01-20 12:25:00,5566.76,133.86,TRADE
VIC1,2025-01-20 12:30:00,5608.26,133.18,TRADE
VIC1,2025-01-20 12:35:00,5594.04,132.18,TRADE
VIC1,2025-01-20 12:40:00,5664.22,111.95,TRADE
VIC1,2025-01-20 12:45:00,5739.83,119.68,TRADE
VIC1,2025-01-20 12:50:00,5826.71,154.17,TRADE
VIC1,2025-01-20 12:55:00,5911.81,133.86,TRADE
VIC1,2025-01-20 13:00:00,5968.41,159.5,TRADE
VIC1,2025-01-20 13:05:00,5944.12,134.55,TRADE
VIC1,2025-01-20 13:10:00,5970.88,155.37,TRADE
VIC1,2025-01-20 13:15:00,5980.27,134.2,TRADE
VIC1,2025-01-20 13:20:00,6124.36,193.11,TRADE
VIC1,2025-01-20 13:25:00,6117.39,191.47,TRADE
VIC1,2025-01-20 13:30:00,6095.51,154.17,TRADE
VIC1,2025-01-20 13:35:00,6222.57,135.24,TRADE
VIC1,2025-01-20 13:40:00,6337.57,126.6,TRADE
VIC1,2025-01-20 13:45:00,6364.76,134.89,TRADE
VIC1,2025-01-20 13:50:00,6386.5,156.18,TRADE
VIC1,2025-01-20 13:55:00,6299.18,156.58,TRADE
VIC1,2025-01-20 14:00:00,6256.36,136.64,TRADE
VIC1,2025-01-20 14:05:00,6326.89,135.59,TRADE
VIC1,2025-01-20 14:10:00,6312.38,114.48,TRADE
VIC1,2025-01-20 14:15:00,6337.4,113.9,TRADE
VIC1,2025-01-20 14:20:00,6363.12,113.9,TRADE
VIC1,2025-01-20 14:25:00,6399.51,134.2,TRADE
VIC1,2025-01-20 14:30:00,6439.19,134.89,TRADE
VIC1,2025-01-20 14:35:00,6448.99,137.0,TRADE
VIC1,2025-01-20 14:40:00,6493.9,156.18,TRADE
VIC1,2025-01-20 14:45:00,6675.03,197.0,TRADE
VIC1,2025-01-20 14:50:00,6752.29,197.0,TRADE
VIC1,2025-01-20 14:55:00,6727.31,138.09,TRADE
VIC1,2025-01-20 15:00:00,6883.85,186.08,TRADE
VIC1,2025-01-20 15:05:00,6883.19,159.15,TRADE
VIC1,2025-01-20 15:10:00,6865.46,146.5,TRADE
VIC1,2025-01-20 15:15:00,6923.11,158.2,TRADE
VIC1,2025-01-20 15:20:00,6856.48,155.89,TRADE
VIC1,2025-01-20 15:25:00,6899.03,132.72,TRADE
VIC1,2025-01-20 15:30:00,6947.63,137.63,TRADE
VIC1,2025-01-20 15:35:00,6987.83,135.39,TRADE
VIC1,2025-01-20 15:40:00,6927.35,115.35,TRADE
VIC1,2025-01-20 15:45:00,7026.08,123.96,TRADE
VIC1,2025-01-20 15:50:00,7061.98,131.5,TRADE
VIC1,2025-01-20 15:55:00,7079.57,117.08,TRADE
VIC1,2025-01-20 16:00:00,7050.21,115.65,TRADE
VIC1,2025-01-20 16:05:00,7106.78,115.06,TRADE
VIC1,2025-01-20 16:10:00,7112.16,116.25,TRADE
VIC1,2025-01-20 16:15:00,7155.25,134.85,TRADE
VIC1,2025-01-20 16:20:00,7225.17,153.51,TRADE
VIC1,2025-01-20 16:25:00,7285.51,154.66,TRADE
VIC1,2025-01-20 16:30:00,7502.78,223.37,TRADE
VIC1,2025-01-20 16:35:00,7447.37,223.42,TRADE
VIC1,2025-01-20 16:40:00,7420.46,137.0,TRADE
VIC1,2025-01-20 16:45:00,7476.85,158.65,TRADE
VIC1,2025-01-20 16:50:00,7513.06,244.47,TRADE
VIC1,2025-01-20 16:55:00,7537.71,157.13,TRADE
VIC1,2025-01-20 17:00:00,7560.86,180.94,TRADE
VIC1,2025-01-20 17:05:00,7618.46,137.27,TRADE
VIC1,2025-01-20 17:10:00,7618.12,120.03,TRADE
VIC1,2025-01-20 17:15:00,7593.11,137.27,TRADE
VIC1,2025-01-20 17:20:00,7685.64,176.89,TRADE
VIC1,2025-01-20 17:25:00,7681.14,186.67,TRADE
VIC1,2025-01-20 17:30:00,7702.2,151.23,TRADE
VIC1,2025-01-20 17:35:00,7708.22,149.83,TRADE
VIC1,2025-01-20 17:40:00,7675.25,160.85,TRADE
VIC1,2025-01-20 17:45:00,7653.6,213.67,TRADE
VIC1,2025-01-20 17:50:00,7681.06,206.39,TRADE
VIC1,2025-01-20 17:55:00,7686.57,223.37,TRADE
VIC1,2025-01-20 18:00:00,7730.73,210.6,TRADE
VIC1,2025-01-20 18:05:00,7783.48,284.59,TRADE
VIC1,2025-01-20 18:10:00,7697.22,223.44,TRADE
VIC1,2025-01-20 18:15:00,7740.72,224.46,TRADE
VIC1,2025-01-20 18:20:00,7735.27,281.95,TRADE
VIC1,2025-01-20 18:25:00,7723.4,286.67,TRADE
VIC1,2025-01-20 18:30:00,7649.57,280.63,TRADE
VIC1,2025-01-20 18:35:00,7605.98,181.08,TRADE
VIC1,2025-01-20 18:40:00,7718.89,280.81,TRADE
VIC1,2025-01-20 18:45:00,7645.88,213.15,TRADE
VIC1,2025-01-20 18:50:00,7642.26,240.0,TRADE
VIC1,2025-01-20 18:55:00,7651.29,223.56,TRADE
VIC1,2025-01-20 19:00:00,7581.28,219.87,TRADE
VIC1,2025-01-20 19:05:00,7520.4,238.1,TRADE
VIC1,2025-01-20 19:10:00,7528.68,225.56,TRADE
VIC1,2025-01-20 19:15:00,7471.65,280.94,TRADE
VIC1,2025-01-20 19:20:00,7449.99,249.08,TRADE
VIC1,2025-01-20 19:25:00,7415.89,263.08,TRADE
VIC1,2025-01-20 19:30:00,7320.75,252.53,TRADE
VIC1,2025-01-20 19:35:00,7289.1,257.65,TRADE
VIC1,2025-01-20 19:40:00,7297.34,266.42,TRADE
VIC1,2025-01-20 19:45:00,7221.0,280.63,TRADE
VIC1,2025-01-20 19:50:00,7236.7,254.1,TRADE
VIC1,2025-01-20 19:55:00,7130.58,254.7,TRADE
VIC1,2025-01-20 20:00:00,7178.37,280.63,TRADE
VIC1,2025-01-20 20:05:00,7103.61,233.12,TRADE
VIC1,2025-01-20 20:10:00,6987.37,199.77,TRADE
VIC1,2025-01-20 20:15:00,7110.97,222.13,TRADE
VIC1,2025-01-20 20:20:00,7045.04,207.09,TRADE
VIC1,2025-01-20 20:25:00,7013.98,205.35,TRADE
VIC1,2025-01-20 20:30:00,6855.6,140.65,TRADE
VIC1,2025-01-20 20:35:00,6833.51,147.2,TRADE
VIC1,2025-01-20 20:40:00,6818.45,165.67,TRADE
VIC1,2025-01-20 20:45:00,6821.61,135.96,TRADE
VIC1,2025-01-20 20:50:00,6637.8,132.4,TRADE
VIC1,2025-01-20 20:55:00,6656.75,133.58,TRADE
VIC1,2025-01-20 21:00:00,6626.99,135.96,TRADE
VIC1,2025-01-20 21:05:00,6575.37,167.82,TRADE
VIC1,2025-01-20 21:10:00,6411.68,133.89,TRADE
VIC1,2025-01-20 21:15:00,6374.36,133.5,TRADE
VIC1,2025-01-20 21:20:00,6351.95,132.51,TRADE
VIC1,2025-01-20 21:25:00,6338.33,143.38,TRADE
VIC1,2025-01-20 21:30:00,6168.7,132.72,TRADE
VIC1,2025-01-20 21:35:00,6208.72,336.42,TRADE
VIC1,2025-01-20 21:40:00,6068.97,223.61,TRADE
VIC1,2025-01-20 21:45:00,5974.27,142.72,TRADE
VIC1,2025-01-20 21:50:00,5925.38,168.3,TRADE
VIC1,2025-01-20 21:55:00,5753.31,143.07,TRADE
VIC1,2025-01-20 22:00:00,5716.42,144.22,TRADE
VIC1,2025-01-20 22:05:00,5762.7,144.0,TRADE
VIC1,2025-01-20 22:10:00,5750.81,136.6,TRADE
VIC1,2025-01-20 22:15:00,5722.01,155.89,TRADE
VIC1,2025-01-20 22:20:00,5622.41,133.65,TRADE
VIC1,2025-01-20 22:25:00,5636.48,134.52,TRADE
VIC1,2025-01-20 22:30:00,5535.63,133.06,TRADE
VIC1,2025-01-20 22:35:00,5574.11,196.42,TRADE
VIC1,2025-01-20 22:40:00,5482.53,160.0,TRADE
VIC1,2025-01-20 22:45:00,5420.09,164.48,TRADE
VIC1,2025-01-20 22:50:00,5430.92,160.0,TRADE
VIC1,2025-01-20 22:55:00,5389.03,168.09,TRADE
VIC1,2025-01-20 23:00:00,5353.01,160.0,TRADE
VIC1,2025-01-20 23:05:00,5425.32,168.4,TRADE
VIC1,2025-01-20 23:10:00,5520.68,171.04,TRADE
VIC1,2025-01-20 23:15:00,5511.37,169.8,TRADE
VIC1,2025-01-20 23:20:00,5546.83,170.37,TRADE
VIC1,2025-01-20 23:25:00,5493.03,169.8,TRADE
VIC1,2025-01-20 23:30:00,5508.81,175.22,TRADE
VIC1,2025-01-20 23:35:00,5432.91,167.77,TRADE
VIC1,2025-01-20 23:40:00,5374.95,160.0,TRADE
VIC1,2025-01-20 23:45:00,5307.6,160.0,TRADE
VIC1,2025-01-20 23:50:00,5281.74,160.0,TRADE
VIC1,2025-01-20 23:55:00,5292.63,161.94,TRADE
VIC1,2025-01-21 00:00:00,5233.28,141.77,TRADE
VIC1,2025-01-21 00:05:00,5174.67,135.94,TRADE
VIC1,2025-01-21 00:10:00,5182.03,144.46,TRADE
VIC1,2025-01-21 00:15:00,5147.39,191.64,TRADE
VIC1,2025-01-21 00:20:00,5107.39,136.83,TRADE
VIC1,2025-01-21 00:25:00,5026.81,136.56,TRADE
VIC1,2025-01-21 00:30:00,4981.08,129.67,TRADE
VIC1,2025-01-21 00:35:00,4985.17,135.94,TRADE
VIC1,2025-01-21 00:40:00,5025.25,160.43,TRADE
VIC1,2025-01-21 00:45:00,4897.96,135.94,TRADE
VIC1,2025-01-21 00:50:00,4956.02,159.75,TRADE
VIC1,2025-01-21 00:55:00,4958.6,190.71,TRADE
VIC1,2025-01-21 01:00:00,4928.22,137.53,TRADE
VIC1,2025-01-21 01:05:00,4842.79,129.33,TRADE
VIC1,2025-01-21 01:10:00,4884.68,153.78,TRADE
VIC1,2025-01-21 01:15:00,4780.73,130.0,TRADE
VIC1,2025-01-21 01:20:00,4735.3,130.0,TRADE
VIC1,2025-01-21 01:25:00,4823.37,133.18,TRADE
VIC1,2025-01-21 01:30:00,4804.18,132.85,TRADE
VIC1,2025-01-21 01:35:00,4728.62,134.2,TRADE
VIC1,2025-01-21 01:40:00,4782.42,140.88,TRADE
VIC1,2025-01-21 01:45:00,4724.82,150.3,TRADE
VIC1,2025-01-21 01:50:00,4708.33,130.0,TRADE
VIC1,2025-01-21 01:55:00,4667.1,130.0,TRADE
VIC1,2025-01-21 02:00:00,4613.08,113.32,TRADE
VIC1,2025-01-21 02:05:00,4686.1,130.0,TRADE
VIC1,2025-01-21 02:10:00,4681.98,113.61,TRADE
VIC1,2025-01-21 02:15:00,4658.28,130.08,TRADE
VIC1,2025-01-21 02:20:00,4662.19,149.67,TRADE
VIC1,2025-01-21 02:25:00,4688.55,131.73,TRADE
VIC1,2025-01-21 02:30:00,4640.63,102.38,TRADE
VIC1,2025-01-21 02:35:00,4606.41,130.61,TRADE
VIC1,2025-01-21 02:40:00,4548.64,130.54,TRADE
VIC1,2025-01-21 02:45:00,4609.62,161.21,TRADE
VIC1,2025-01-21 02:50:00,4617.89,149.4,TRADE
VIC1,2025-01-21 02:55:00,4555.51,125.78,TRADE
VIC1,2025-01-21 03:00:00,4622.31,148.47,TRADE
VIC1,2025-01-21 03:05:00,4599.02,103.06,TRADE
VIC1,2025-01-21 03:10:00,4539.41,151.43,TRADE
VIC1,2025-01-21 03:15:00,4536.89,148.19,TRADE
VIC1,2025-01-21 03:20:00,4539.71,103.72,TRADE
VIC1,2025-01-21 03:25:00,4562.45,126.97,TRADE
VIC1,2025-01-21 03:30:00,4644.98,195.09,TRADE
VIC1,2025-01-21 03:35:00,4627.41,163.22,TRADE
VIC1,2025-01-21 03:40:00,4564.86,104.01,TRADE
VIC1,2025-01-21 03:45:00,4565.3,132.3,TRADE
VIC1,2025-01-21 03:50:00,4608.78,165.24,TRADE
VIC1,2025-01-21 03:55:00,4643.2,148.58,TRADE
VIC1,2025-01-21 04:00:00,4587.8,104.67,TRADE
VIC1,2025-01-21 04:05:00,4669.73,158.88,TRADE
VIC1,2025-01-21 04:10:00,4737.44,157.05,TRADE
VIC1,2025-01-21 04:15:00,4692.79,147.15,TRADE
VIC1,2025-01-21 04:20:00,4671.43,149.14,TRADE
VIC1,2025-01-21 04:25:00,4700.51,157.15,TRADE
VIC1,2025-01-21 04:30:00,4722.99,159.28,TRADE
VIC1,2025-01-21 04:35:00,4719.51,131.62,TRADE
VIC1,2025-01-21 04:40:00,4747.94,132.47,TRADE
VIC1,2025-01-21 04:45:00,4754.75,132.02,TRADE
VIC1,2025-01-21 04:50:00,4815.68,137.28,TRADE
VIC1,2025-01-21 04:55:00,4791.51,135.17,TRADE
VIC1,2025-01-21 05:00:00,4933.39,164.69,TRADE
VIC1,2025-01-21 05:05:00,4958.36,164.03,TRADE
VIC1,2025-01-21 05:10:00,5055.89,182.34,TRADE
VIC1,2025-01-21 05:15:00,5094.5,198.34,TRADE
VIC1,2025-01-21 05:20:00,5125.68,165.5,TRADE
VIC1,2025-01-21 05:25:00,5155.61,165.87,TRADE
VIC1,2025-01-21 05:30:00,5143.68,164.96,TRADE
VIC1,2025-01-21 05:35:00,5143.57,164.16,TRADE
VIC1,2025-01-21 05:40:00,5262.27,186.54,TRADE
VIC1,2025-01-21 05:45:00,5361.13,220.01,TRADE
VIC1,2025-01-21 05:50:00,5256.14,167.88,TRADE
VIC1,2025-01-21 05:55:00,5358.03,218.87,TRADE
VIC1,2025-01-21 06:00:00,5372.6,228.05,TRADE
VIC1,2025-01-21 06:05:00,5398.03,209.6,TRADE
VIC1,2025-01-21 06:10:00,5444.24,218.1,TRADE
VIC1,2025-01-21 06:15:00,5433.81,208.04,TRADE
VIC1,2025-01-21 06:20:00,5441.82,226.08,TRADE
VIC1,2025-01-21 06:25:00,5512.77,169.61,TRADE
VIC1,2025-01-21 06:30:00,5555.65,168.53,TRADE
VIC1,2025-01-21 06:35:00,5502.58,167.89,TRADE
VIC1,2025-01-21 06:40:00,5553.24,176.53,TRADE
VIC1,2025-01-21 06:45:00,5594.79,171.0,TRADE
VIC1,2025-01-21 06:50:00,5559.8,169.97,TRADE
VIC1,2025-01-21 06:55:00,5479.26,146.29,TRADE
VIC1,2025-01-21 07:00:00,5462.52,135.55,TRADE
VIC1,2025-01-21 07:05:00,5440.43,136.2,TRADE
VIC1,2025-01-21 07:10:00,5411.67,123.99,TRADE
VIC1,2025-01-21 07:15:00,5514.05,134.91,TRADE
VIC1,2025-01-21 07:20:00,5462.97,134.19,TRADE
VIC1,2025-01-21 07:25:00,5453.43,132.72,TRADE
VIC1,2025-01-21 07:30:00,5451.89,132.87,TRADE
VIC1,2025-01-21 07:35:00,5433.35,121.99,TRADE
VIC1,2025-01-21 07:40:00,5395.37,132.84,TRADE
VIC1,2025-01-21 07:45:00,5327.36,132.53,TRADE
VIC1,2025-01-21 07:50:00,5310.15,120.82,TRADE
VIC1,2025-01-21 07:55:00,5268.52,61.38,TRADE
VIC1,2025-01-21 08:00:00,5306.37,108.08,TRADE
VIC1,2025-01-21 08:05:00,5312.51,98.86,TRADE
VIC1,2025-01-21 08:10:00,5293.52,113.2,TRADE
VIC1,2025-01-21 08:15:00,5273.67,103.36,TRADE
VIC1,2025-01-21 08:20:00,5244.15,60.7,TRADE
VIC1,2025-01-21 08:25:00,5194.93,84.94,TRADE
VIC1,2025-01-21 08:30:00,5059.54,45.71,TRADE
VIC1,2025-01-21 08:35:00,5025.15,45.89,TRADE
VIC1,2025-01-21 08:40:00,5057.18,45.89,TRADE
VIC1,2025-01-21 08:45:00,4967.1,34.83,TRADE
VIC1,2025-01-21 08:50:00,4871.1,9.1,TRADE
VIC1,2025-01-21 08:55:00,4968.25,12.0,TRADE
VIC1,2025-01-21 09:00:00,4944.06,19.19,TRADE
VIC1,2025-01-21 09:05:00,4933.76,8.63,TRADE
VIC1,2025-01-21 09:10:00,4911.33,19.19,TRADE
VIC1,2025-01-21 09:15:00,4815.68,12.0,TRADE
VIC1,2025-01-21 09:20:00,4781.11,8.95,TRADE
VIC1,2025-01-21 09:25:00,4810.03,12.0,TRADE
VIC1,2025-01-21 09:30:00,4760.49,12.0,TRADE
VIC1,2025-01-21 09:35:00,4788.3,12.0,TRADE
VIC1,2025-01-21 09:40:00,4760.53,12.1,TRADE
VIC1,2025-01-21 09:45:00,4827.45,20.24,TRADE
VIC1,2025-01-21 09:50:00,4757.94,12.01,TRADE
VIC1,2025-01-21 09:55:00,4790.14,20.04,TRADE
VIC1,2025-01-21 10:00:00,4662.13,11.9,TRADE
VIC1,2025-01-21 10:05:00,4705.71,8.95,TRADE
VIC1,2025-01-21 10:10:00,4818.48,36.21,TRADE
VIC1,2025-01-21 10:15:00,4744.68,45.54,TRADE
VIC1,2025-01-21 10:20:00,4793.41,45.31,TRADE
VIC1,2025-01-21 10:25:00,4768.0,36.01,TRADE
VIC1,2025-01-21 10:30:00,4732.04,36.01,TRADE
VIC1,2025-01-21 10:35:00,4710.83,35.09,TRADE
VIC1,2025-01-21 10:40:00,4753.91,33.0,TRADE
VIC1,2025-01-21 10:45:00,4837.21,129.89,TRADE
VIC1,2025-01-21 10:50:00,4865.27,141.79,TRADE
VIC1,2025-01-21 10:55:00,4948.86,142.63,TRADE
VIC1,2025-01-21 11:00:00,5043.09,139.78,TRADE
VIC1,2025-01-21 11:05:00,5085.16,160.0,TRADE
VIC1,2025-01-21 11:10:00,5099.75,144.8,TRADE
VIC1,2025-01-21 11:15:00,5108.8,159.01,TRADE
VIC1,2025-01-21 11:20:00,5041.72,132.2,TRADE
VIC1,2025-01-21 11:25:00,5185.49,159.26,TRADE
VIC1,2025-01-21 11:30:00,5160.03,160.0,TRADE
VIC1,2025-01-21 11:35:00,5200.51,163.6,TRADE
VIC1,2025-01-21 11:40:00,5190.88,132.2,TRADE
VIC1,2025-01-21 11:45:00,5231.96,102.84,TRADE
VIC1,2025-01-21 11:50:00,5353.91,132.2,TRADE
VIC1,2025-01-21 11:55:00,5298.75,121.0,TRADE
VIC1,2025-01-21 12:00:00,5359.55,119.6,TRADE
VIC1,2025-01-21 12:05:00,5451.49,122.74,TRADE
VIC1,2025-01-21 12:10:00,5481.38,120.61,TRADE
VIC1,2025-01-21 12:15:00,5628.05,133.54,TRADE
VIC1,2025-01-21 12:20:00,5639.06,120.38,TRADE
VIC1,2025-01-21 12:25:00,5644.93,82.5,TRADE
VIC1,2025-01-21 12:30:00,5619.81,92.85,TRADE
VIC1,2025-01-21 12:35:00,5647.35,83.66,TRADE
VIC1,2025-01-21 12:40:00,5572.25,82.5,TRADE
VIC1,2025-01-21 12:45:00,5589.42,90.0,TRADE
VIC1,2025-01-21 12:50:00,5602.86,83.88,TRADE
VIC1,2025-01-21 12:55:00,5719.35,121.17,TRADE
VIC1,2025-01-21 13:00:00,5749.59,120.9,TRADE
VIC1,2025-01-21 13:05:00,5807.25,123.05,TRADE
VIC1,2025-01-21 13:10:00,5814.52,120.21,TRADE
VIC1,2025-01-21 13:15:00,5882.45,122.12,TRADE
VIC1,2025-01-21 13:20:00,5859.96,120.81,TRADE
VIC1,2025-01-21 13:25:00,5958.8,124.31,TRADE
VIC1,2025-01-21 13:30:00,5926.59,120.98,TRADE
VIC1,2025-01-21 13:35:00,5919.18,119.8,TRADE
VIC1,2025-01-21 13:40:00,5926.31,126.55,TRADE
VIC1,2025-01-21 13:45:00,5939.87,135.96,TRADE
VIC1,2025-01-21 13:50:00,5983.46,137.29,TRADE
VIC1,2025-01-21 13:55:00,5903.78,122.72,TRADE
VIC1,2025-01-21 14:00:00,5954.29,160.0,TRADE
VIC1,2025-01-21 14:05:00,6019.59,136.58,TRADE
VIC1,2025-01-21 14:10:00,6051.29,231.01,TRADE
VIC1,2025-01-21 14:15:00,6054.2,228.1,TRADE
VIC1,2025-01-21 14:20:00,6045.06,135.96,TRADE
VIC1,2025-01-21 14:25:00,6094.09,184.8,TRADE
VIC1,2025-01-21 14:30:00,6211.21,153.75,TRADE
VIC1,2025-01-21 14:35:00,6300.02,176.89,TRADE
VIC1,2025-01-21 14:40:00,6314.19,122.73,TRADE
VIC1,2025-01-21 14:45:00,6311.12,122.74,TRADE
VIC1,2025-01-21 14:50:00,6284.58,119.8,TRADE
VIC1,2025-01-21 14:55:00,6440.71,119.8,TRADE
VIC1,2025-01-21 15:00:00,6420.77,111.5,TRADE
VIC1,2025-01-21 15:05:00,6533.11,90.0,TRADE
VIC1,2025-01-21 15:10:00,6633.68,90.0,TRADE
VIC1,2025-01-21 15:15:00,6684.27,82.5,TRADE
VIC1,2025-01-21 15:20:00,6686.14,59.02,TRADE
VIC1,2025-01-21 15:25:00,6791.54,82.5,TRADE
VIC1,2025-01-21 15:30:00,6821.74,82.5,TRADE
VIC1,2025-01-21 15:35:00,6845.76,56.25,TRADE
VIC1,2025-01-21 15:40:00,6750.07,72.14,TRADE
VIC1,2025-01-21 15:45:00,6921.35,89.45,TRADE
VIC1,2025-01-21 15:50:00,6952.8,89.45,TRADE
VIC1,2025-01-21 15:55:00,6931.85,74.87,TRADE
VIC1,2025-01-21 16:00:00,6958.42,67.8,TRADE
VIC1,2025-01-21 16:05:00,7043.75,78.84,TRADE
VIC1,2025-01-21 16:10:00,7048.14,51.75,TRADE
VIC1,2025-01-21 16:15:00,6962.71,58.35,TRADE
VIC1,2025-01-21 16:20:00,7174.93,89.45,TRADE
VIC1,2025-01-21 16:25:00,7096.0,89.45,TRADE
VIC1,2025-01-21 16:30:00,7089.42,33.0,TRADE
VIC1,2025-01-21 16:35:00,7288.24,27.4,TRADE
VIC1,2025-01-21 16:40:00,7239.72,9.44,TRADE
VIC1,2025-01-21 16:45:00,7199.11,99.0,TRADE
VIC1,2025-01-21 16:50:00,7229.93,99.0,TRADE
VIC1,2025-01-21 16:55:00,7264.36,99.0,TRADE
VIC1,2025-01-21 17:00:00,7330.05,87.43,TRADE
VIC1,2025-01-21 17:05:00,7618.34,99.0,TRADE
VIC1,2025-01-21 17:10:00,7522.76,99.0,TRADE
VIC1,2025-01-21 17:15:00,7416.47,99.0,TRADE
VIC1,2025-01-21 17:20:00,7553.73,131.92,TRADE
VIC1,2025-01-21 17:25:00,7691.4,160.0,TRADE
VIC1,2025-01-21 17:30:00,7640.22,226.59,TRADE
VIC1,2025-01-21 17:35:00,7571.5,129.02,TRADE
VIC1,2025-01-21 17:40:00,7550.97,68.81,TRADE
VIC1,2025-01-21 17:45:00,7496.66,135.26,TRADE
VIC1,2025-01-21 17:50:00,7722.06,159.66,TRADE
VIC1,2025-01-21 17:55:00,7852.13,240.0,TRADE
VIC1,2025-01-21 18:00:00,7866.43,240.0,TRADE
VIC1,2025-01-21 18:05:00,7939.6,164.23,TRADE
VIC1,2025-01-21 18:10:00,7801.74,139.08,TRADE
VIC1,2025-01-21 18:15:00,7819.36,145.17,TRADE
VIC1,2025-01-21 18:20:00,7666.98,164.23,TRADE
VIC1,2025-01-21 18:25:00,7585.65,138.72,TRADE
VIC1,2025-01-21 18:30:00,7581.59,164.23,TRADE
VIC1,2025-01-21 18:35:00,7553.02,146.13,TRADE
VIC1,2025-01-21 18:40:00,7520.79,143.89,TRADE
VIC1,2025-01-21 18:45:00,7464.29,162.24,TRADE
VIC1,2025-01-21 18:50:00,7491.21,163.06,TRADE
VIC1,2025-01-21 18:55:00,7417.91,138.66,TRADE
VIC1,2025-01-21 19:00:00,7378.14,146.36,TRADE
VIC1,2025-01-21 19:05:00,7212.93,132.72,TRADE
VIC1,2025-01-21 19:10:00,7267.63,145.6,TRADE
VIC1,2025-01-21 19:15:00,7288.73,144.7,TRADE
VIC1,2025-01-21 19:20:00,7200.78,164.23,TRADE
VIC1,2025-01-21 19:25:00,7171.28,179.48,TRADE
VIC1,2025-01-21 19:30:00,7137.19,226.32,TRADE
VIC1,2025-01-21 19:35:00,7104.71,196.43,TRADE
VIC1,2025-01-21 19:40:00,6721.91,129.02,TRADE
VIC1,2025-01-21 19:45:00,6696.87,133.23,TRADE
VIC1,2025-01-21 19:50:00,6577.83,133.46,TRADE
VIC1,2025-01-21 19:55:00,6569.27,135.27,TRADE
VIC1,2025-01-21 20:00:00,6567.0,136.53,TRADE
VIC1,2025-01-21 20:05:00,6510.8,144.38,TRADE
VIC1,2025-01-21 20:10:00,6426.45,145.66,TRADE
VIC1,2025-01-21 20:15:00,6417.07,149.08,TRADE
VIC1,2025-01-21 20:20:00,6361.03,148.43,TRADE
VIC1,2025-01-21 20:25:00,6290.14,144.5,TRADE
VIC1,2025-01-21 20:30:00,6207.46,142.92,TRADE
VIC1,2025-01-21 20:35:00,6233.3,127.94,TRADE
VIC1,2025-01-21 20:40:00,6208.57,151.58,TRADE
VIC1,2025-01-21 20:45:00,6031.23,133.88,TRADE
VIC1,2025-01-21 20:50:00,6011.05,134.91,TRADE
VIC1,2025-01-21 20:55:00,6014.89,129.69,TRADE
VIC1,2025-01-21 21:00:00,5989.93,126.47,TRADE
VIC1,2025-01-21 21:05:00,5924.8,130.0,TRADE
VIC1,2025-01-21 21:10:00,5826.85,133.89,TRADE
VIC1,2025-01-21 21:15:00,5799.09,130.0,TRADE
VIC1,2025-01-21 21:20:00,5752.61,130.0,TRADE
VIC1,2025-01-21 21:25:00,5612.56,124.33,TRADE
VIC1,2025-01-21 21:30:00,5670.34,126.63,TRADE
VIC1,2025-01-21 21:35:00,5614.18,160.0,TRADE
VIC1,2025-01-21 21:40:00,5551.55,160.0,TRADE
VIC1,2025-01-21 21:45:00,5428.49,160.0,TRADE
VIC1,2025-01-21 21:50:00,5379.74,160.0,TRADE
VIC1,2025-01-21 21:55:00,5359.23,160.0,TRADE
VIC1,2025-01-21 22:00:00,5342.24,133.54,TRADE
VIC1,2025-01-21 22:05:00,5271.53,131.38,TRADE
VIC1,2025-01-21 22:10:00,5265.04,131.54,TRADE
VIC1,2025-01-21 22:15:00,5249.71,131.28,TRADE
VIC1,2025-01-21 22:20:00,5191.12,132.17,TRADE
VIC1,2025-01-21 22:25:00,5074.96,121.53,TRADE
VIC1,2025-01-21 22:30:00,5068.98,130.5,TRADE
VIC1,2025-01-21 22:35:00,5094.0,130.0,TRADE
VIC1,2025-01-21 22:40:00,5014.57,130.0,TRADE
VIC1,2025-01-21 22:45:00,4977.92,128.81,TRADE
VIC1,2025-01-21 22:50:00,5053.15,130.0,TRADE
VIC1,2025-01-21 22:55:00,5025.91,129.02,TRADE
VIC1,2025-01-21 23:00:00,4920.39,99.0,TRADE
VIC1,2025-01-21 23:05:00,4991.53,99.0,TRADE
VIC1,2025-01-21 23:10:00,5079.15,129.07,TRADE
VIC1,2025-01-21 23:15:00,5132.41,129.03,TRADE
VIC1,2025-01-21 23:20:00,5104.7,121.36,TRADE
VIC1,2025-01-21 23:25:00,5044.85,121.79,TRADE
VIC1,2025-01-21 23:30:00,5115.04,114.57,TRADE
VIC1,2025-01-21 23:35:00,5098.93,123.33,TRADE
VIC1,2025-01-21 23:40:00,4928.43,130.0,TRADE
VIC1,2025-01-21 23:45:00,4949.46,131.06,TRADE
VIC1,2025-01-21 23:50:00,4949.48,130.0,TRADE
VIC1,2025-01-21 23:55:00,4862.23,111.89,TRADE
VIC1,2025-01-22 00:00:00,4840.7,99.0,TRADE
VIC1,2025-01-22 00:05:00,4761.28,91.18,TRADE
VIC1,2025-01-22 00:10:00,4717.67,97.71,TRADE
VIC1,2025-01-22 00:15:00,4765.91,96.81,TRADE
VIC1,2025-01-22 00:20:00,4737.39,97.57,TRADE
VIC1,2025-01-22 00:25:00,4689.85,86.05,TRADE
VIC1,2025-01-22 00:30:00,4664.31,78.76,TRADE
VIC1,2025-01-22 00:35:00,4657.67,75.26,TRADE
VIC1,2025-01-22 00:40:00,4631.31,78.56,TRADE
VIC1,2025-01-22 00:45:00,4536.23,72.73,TRADE
VIC1,2025-01-22 00:50:00,4525.03,33.89,TRADE
VIC1,2025-01-22 00:55:00,4565.29,72.46,TRADE
VIC1,2025-01-22 01:00:00,4558.05,73.13,TRADE
VIC1,2025-01-22 01:05:00,4517.06,77.96,TRADE
VIC1,2025-01-22 01:10:00,4466.13,12.0,TRADE
VIC1,2025-01-22 01:15:00,4460.97,9.1,TRADE
VIC1,2025-01-22 01:20:00,4447.71,9.0,TRADE
VIC1,2025-01-22 01:25:00,4361.51,9.0,TRADE
VIC1,2025-01-22 01:30:00,4332.62,9.33,TRADE
VIC1,2025-01-22 01:35:00,4304.22,8.95,TRADE
VIC1,2025-01-22 01:40:00,4306.79,26.72,TRADE
VIC1,2025-01-22 01:45:00,4234.88,29.12,TRADE
VIC1,2025-01-22 01:50:00,4284.82,17.93,TRADE
VIC1,2025-01-22 01:55:00,4282.53,8.95,TRADE
VIC1,2025-01-22 02:00:00,4286.87,8.95,TRADE
VIC1,2025-01-22 02:05:00,4252.21,8.95,TRADE
VIC1,2025-01-22 02:10:00,4168.94,8.95,TRADE
VIC1,2025-01-22 02:15:00,4164.34,6.56,TRADE
VIC1,2025-01-22 02:20:00,4203.74,8.95,TRADE
VIC1,2025-01-22 02:25:00,4200.08,7.95,TRADE
VIC1,2025-01-22 02:30:00,4121.54,-7.18,TRADE
VIC1,2025-01-22 02:35:00,4137.33,8.16,TRADE
VIC1,2025-01-22 02:40:00,4132.46,8.95,TRADE
VIC1,2025-01-22 02:45:00,4122.5,8.95,TRADE
VIC1,2025-01-22 02:50:00,4094.63,-7.13,TRADE
VIC1,2025-01-22 02:55:00,4025.5,-7.18,TRADE
VIC1,2025-01-22 03:00:00,4121.32,8.56,TRADE
VIC1,2025-01-22 03:05:00,4108.03,8.15,TRADE
VIC1,2025-01-22 03:10:00,4054.77,8.95,TRADE
VIC1,2025-01-22 03:15:00,4127.01,8.95,TRADE
VIC1,2025-01-22 03:20:00,4132.63,8.95,TRADE
VIC1,2025-01-22 03:25:00,4123.97,-7.13,TRADE
VIC1,2025-01-22 03:30:00,4069.63,0.0,TRADE
VIC1,2025-01-22 03:35:00,4061.42,8.95,TRADE
VIC1,2025-01-22 03:40:00,4091.07,8.95,TRADE
VIC1,2025-01-22 03:45:00,4125.15,7.44,TRADE
VIC1,2025-01-22 03:50:00,4076.15,8.17,TRADE
VIC1,2025-01-22 03:55:00,4078.44,8.95,TRADE
VIC1,2025-01-22 04:00:00,4078.32,8.37,TRADE
VIC1,2025-01-22 04:05:00,4093.8,8.95,TRADE
VIC1,2025-01-22 04:10:00,4159.65,8.95,TRADE
VIC1,2025-01-22 04:15:00,4218.24,8.95,TRADE
VIC1,2025-01-22 04:20:00,4201.8,-6.95,TRADE
VIC1,2025-01-22 04:25:00,4249.06,8.95,TRADE
VIC1,2025-01-22 04:30:00,4216.5,0.0,TRADE
VIC1,2025-01-22 04:35:00,4223.68,8.95,TRADE
VIC1,2025-01-22 04:40:00,4281.23,10.01,TRADE
VIC1,2025-01-22 04:45:00,4303.24,9.0,TRADE
VIC1,2025-01-22 04:50:00,4333.47,9.0,TRADE
VIC1,2025-01-22 04:55:00,4381.82,8.95,TRADE
VIC1,2025-01-22 05:00:00,4400.72,8.95,TRADE
VIC1,2025-01-22 05:05:00,4416.34,9.0,TRADE
VIC1,2025-01-22 05:10:00,4512.11,12.73,TRADE
VIC1,2025-01-22 05:15:00,4578.28,9.25,TRADE
VIC1,2025-01-22 05:20:00,4601.49,9.0,TRADE
VIC1,2025-01-22 05:25:00,4646.76,9.0,TRADE
VIC1,2025-01-22 05:30:00,4652.12,9.01,TRADE
VIC1,2025-01-22 05:35:00,4664.17,15.51,TRADE
VIC1,2025-01-22 05:40:00,4718.84,24.17,TRADE
VIC1,2025-01-22 05:45:00,4749.68,78.34,TRADE
VIC1,2025-01-22 05:50:00,4753.68,68.73,TRADE
VIC1,2025-01-22 05:55:00,4791.22,33.89,TRADE
VIC1,2025-01-22 06:00:00,4801.02,68.1,TRADE
VIC1,2025-01-22 06:05:00,4826.48,33.89,TRADE
VIC1,2025-01-22 06:10:00,4892.9,64.15,TRADE
VIC1,2025-01-22 06:15:00,4907.59,51.63,TRADE
VIC1,2025-01-22 06:20:00,4891.4,33.89,TRADE
VIC1,2025-01-22 06:25:00,4891.51,12.0,TRADE
VIC1,2025-01-22 06:30:00,4896.11,33.89,TRADE
VIC1,2025-01-22 06:35:00,4892.57,12.0,TRADE
VIC1,2025-01-22 06:40:00,4948.38,12.0,TRADE
VIC1,2025-01-22 06:45:00,4913.52,9.0,TRADE
VIC1,2025-01-22 06:50:00,4878.92,9.0,TRADE
VIC1,2025-01-22 06:55:00,4862.3,9.0,TRADE
VIC1,2025-01-22 07:00:00,4872.93,9.15,TRADE
VIC1,2025-01-22 07:05:00,4850.51,9.01,TRADE
VIC1,2025-01-22 07:10:00,4783.34,-19.49,TRADE
VIC1,2025-01-22 07:15:00,4769.62,-19.99,TRADE
VIC1,2025-01-22 07:20:00,4722.21,-20.0,TRADE
VIC1,2025-01-22 07:25:00,4724.49,-20.0,TRADE
VIC1,2025-01-22 07:30:00,4604.93,-20.0,TRADE
VIC1,2025-01-22 07:35:00,4660.6,-20.14,TRADE
VIC1,2025-01-22 07:40:00,4624.43,-20.29,TRADE
VIC1,2025-01-22 07:45:00,4599.74,-32.0,TRADE
VIC1,2025-01-22 07:50:00,4715.86,-20.94,TRADE
VIC1,2025-01-22 07:55:00,4714.63,8.95,TRADE
VIC1,2025-01-22 08:00:00,4714.29,-30.75,TRADE
VIC1,2025-01-22 08:05:00,4738.23,-34.46,TRADE
VIC1,2025-01-22 08:10:00,4771.69,-34.46,TRADE
VIC1,2025-01-22 08:15:00,4801.95,-30.75,TRADE
VIC1,2025-01-22 08:20:00,4690.33,-32.0,TRADE
VIC1,2025-01-22 08:25:00,4718.67,-33.5,TRADE
VIC1,2025-01-22 08:30:00,4718.61,-21.39,TRADE
VIC1,2025-01-22 08:35:00,4720.91,-17.41,TRADE
VIC1,2025-01-22 08:40:00,4690.56,0.54,TRADE
VIC1,2025-01-22 08:45:00,4630.29,2.16,TRADE
VIC1,2025-01-22 08:50:00,4625.57,-18.08,TRADE
VIC1,2025-01-22 08:55:00,4616.92,-26.15,TRADE
VIC1,2025-01-22 09:00:00,4552.23,-33.51,TRADE
VIC1,2025-01-22 09:05:00,4533.41,-32.83,TRADE
VIC1,2025-01-22 09:10:00,4483.84,-30.35,TRADE
VIC1,2025-01-22 09:15:00,4406.21,-29.55,TRADE
VIC1,2025-01-22 09:20:00,4371.14,-28.13,TRADE
VIC1,2025-01-22 09:25:00,4300.41,-29.53,TRADE
VIC1,2025-01-22 09:30:00,4200.99,-28.39,TRADE
VIC1,2025-01-22 09:35:00,4107.19,-28.78,TRADE
VIC1,2025-01-22 09:40:00,4064.15,-34.46,TRADE
VIC1,2025-01-22 09:45:00,4050.01,-31.79,TRADE
VIC1,2025-01-22 09:50:00,4003.62,-34.93,TRADE
VIC1,2025-01-22 09:55:00,4018.7,-27.48,TRADE
VIC1,2025-01-22 10:00:00,3899.65,-38.04,TRADE
VIC1,2025-01-22 10:05:00,3833.08,-31.09,TRADE
VIC1,2025-01-22 10:10:00,3770.01,-31.09,TRADE
VIC1,2025-01-22 10:15:00,3754.46,-34.46,TRADE
VIC1,2025-01-22 10:20:00,3761.82,-34.93,TRADE
VIC1,2025-01-22 10:25:00,3802.67,-37.03,TRADE
VIC1,2025-01-22 10:30:00,3758.0,-34.67,TRADE
VIC1,2025-01-22 10:35:00,3729.11,-34.46,TRADE
VIC1,2025-01-22 10:40:00,3738.36,-34.46,TRADE
VIC1,2025-01-22 10:45:00,3706.32,-34.46,TRADE
VIC1,2025-01-22 10:50:00,3655.41,-34.67,TRADE
VIC1,2025-01-22 10:55:00,3635.47,-34.67,TRADE
VIC1,2025-01-22 11:00:00,3619.82,-34.93,TRADE
VIC1,2025-01-22 11:05:00,3644.77,-34.46,TRADE
VIC1,2025-01-22 11:10:00,3662.2,-34.46,TRADE
VIC1,2025-01-22 11:15:00,3649.07,-34.46,TRADE
VIC1,2025-01-22 11:20:00,3569.75,-38.31,TRADE
VIC1,2025-01-22 11:25:00,3564.61,-34.93,TRADE
VIC1,2025-01-22 11:30:00,3574.58,-34.46,TRADE
VIC1,2025-01-22 11:35:00,3468.69,-34.67,TRADE
VIC1,2025-01-22 11:40:00,3515.48,-38.31,TRADE
VIC1,2025-01-22 11:45:00,3527.64,-43.36,TRADE
VIC1,2025-01-22 11:50:00,3567.94,-34.67,TRADE
VIC1,2025-01-22 11:55:00,3566.23,-44.0,TRADE
VIC1,2025-01-22 12:00:00,3617.65,-39.17,TRADE
VIC1,2025-01-22 12:05:00,3638.06,-38.31,TRADE
VIC1,2025-01-22 12:10:00,3643.49,-38.31,TRADE
VIC1,2025-01-22 12:15:00,3689.2,-38.31,TRADE
VIC1,2025-01-22 12:20:00,3691.38,-38.31,TRADE
VIC1,2025-01-22 12:25:00,3708.2,-36.65,TRADE
VIC1,2025-01-22 12:30:00,3690.7,-33.5,TRADE
VIC1,2025-01-22 12:35:00,3660.99,-39.54,TRADE
VIC1,2025-01-22 12:40:00,3733.02,-38.31,TRADE
VIC1,2025-01-22 12:45:00,3674.91,-38.31,TRADE
VIC1,2025-01-22 12:50:00,3645.32,-39.33,TRADE
VIC1,2025-01-22 12:55:00,3568.64,-39.49,TRADE
VIC1,2025-01-22 13:00:00,3503.36,-38.31,TRADE
VIC1,2025-01-22 13:05:00,3379.37,-44.0,TRADE
VIC1,2025-01-22 13:10:00,3344.83,-44.0,TRADE
VIC1,2025-01-22 13:15:00,3259.25,-44.37,TRADE
VIC1,2025-01-22 13:20:00,3161.99,-44.0,TRADE
VIC1,2025-01-22 13:25:00,3131.36,-43.39,TRADE
VIC1,2025-01-22 13:30:00,3034.19,-44.0,TRADE
VIC1,2025-01-22 13:35:00,3066.99,-56.41,TRADE
VIC1,2025-01-22 13:40:00,2986.42,-1000.0,TRADE
VIC1,2025-01-22 13:45:00,3152.49,-1000.0,TRADE
VIC1,2025-01-22 13:50:00,3112.49,-152.0,TRADE
VIC1,2025-01-22 13:55:00,3089.51,-105.01,TRADE
VIC1,2025-01-22 14:00:00,3116.72,-66.31,TRADE
VIC1,2025-01-22 14:05:00,3077.1,-63.94,TRADE
VIC1,2025-01-22 14:10:00,3070.47,-51.69,TRADE
VIC1,2025-01-22 14:15:00,3065.25,-46.73,TRADE
VIC1,2025-01-22 14:20:00,3042.25,-46.73,TRADE
VIC1,2025-01-22 14:25:00,3046.65,-45.05,TRADE
VIC1,2025-01-22 14:30:00,3053.02,-50.01,TRADE
VIC1,2025-01-22 14:35:00,3077.24,-50.08,TRADE
VIC1,2025-01-22 14:40:00,3061.02,-63.94,TRADE
VIC1,2025-01-22 14:45:00,3089.53,-50.01,TRADE
VIC1,2025-01-22 14:50:00,3084.47,-58.24,TRADE
VIC1,2025-01-22 14:55:00,3114.43,-59.01,TRADE
VIC1,2025-01-22 15:00:00,3162.96,-50.08,TRADE
VIC1,2025-01-22 15:05:00,3154.93,-50.01,TRADE
VIC1,2025-01-22 15:10:00,3144.35,-55.64,TRADE
VIC1,2025-01-22 15:15:00,3220.98,-44.0,TRADE
VIC1,2025-01-22 15:20:00,3197.92,-50.01,TRADE
VIC1,2025-01-22 15:25:00,3223.37,-50.01,TRADE
VIC1,2025-01-22 15:30:00,3262.78,-50.01,TRADE
VIC1,2025-01-22 15:35:00,3250.14,-50.01,TRADE
VIC1,2025-01-22 15:40:00,3168.07,-38.31,TRADE
VIC1,2025-01-22 15:45:00,3157.17,-38.31,TRADE
VIC1,2025-01-22 15:50:00,3202.06,-50.01,TRADE
VIC1,2025-01-22 15:55:00,3276.64,-49.18,TRADE
VIC1,2025-01-22 16:00:00,3380.01,-49.18,TRADE
VIC1,2025-01-22 16:05:00,3400.35,-45.05,TRADE
VIC1,2025-01-22 16:10:00,3381.0,-49.18,TRADE
VIC1,2025-01-22 16:15:00,3426.3,-49.18,TRADE
VIC1,2025-01-22 16:20:00,3521.05,-45.05,TRADE
VIC1,2025-01-22 16:25:00,3593.46,-44.0,TRADE
VIC1,2025-01-22 16:30:00,3618.7,-50.01,TRADE
VIC1,2025-01-22 16:35:00,3686.35,-44.0,TRADE
VIC1,2025-01-22 16:40:00,3807.59,-45.05,TRADE
VIC1,2025-01-22 16:45:00,3801.54,-45.05,TRADE
VIC1,2025-01-22 16:50:00,3896.33,-38.31,TRADE
VIC1,2025-01-22 16:55:00,3976.86,-32.96,TRADE
VIC1,2025-01-22 17:00:00,4053.65,-33.18,TRADE
VIC1,2025-01-22 17:05:00,4102.2,-33.29,TRADE
VIC1,2025-01-22 17:10:00,4119.78,-32.8,TRADE
VIC1,2025-01-22 17:15:00,4189.07,-32.0,TRADE
VIC1,2025-01-22 17:20:00,4204.51,-30.75,TRADE
VIC1,2025-01-22 17:25:00,4268.34,-30.29,TRADE
VIC1,2025-01-22 17:30:00,4309.88,-30.24,TRADE
VIC1,2025-01-22 17:35:00,4377.18,-32.58,TRADE
VIC1,2025-01-22 17:40:00,4450.67,-32.0,TRADE
VIC1,2025-01-22 17:45:00,4532.8,-30.75,TRADE
VIC1,2025-01-22 17:50:00,4539.03,-30.44,TRADE
VIC1,2025-01-22 17:55:00,4553.9,-29.63,TRADE
VIC1,2025-01-22 18:00:00,4606.25,-21.0,TRADE
VIC1,2025-01-22 18:05:00,4645.09,-29.7,TRADE
VIC1,2025-01-22 18:10:00,4748.44,-29.06,TRADE
VIC1,2025-01-22 18:15:00,4816.78,-26.73,TRADE
VIC1,2025-01-22 18:20:00,4842.82,-20.0,TRADE
VIC1,2025-01-22 18:25:00,4900.54,-19.57,TRADE
VIC1,2025-01-22 18:30:00,4940.36,-19.39,TRADE
VIC1,2025-01-22 18:35:00,4979.26,-19.44,TRADE
VIC1,2025-01-22 18:40:00,5024.61,-19.99,TRADE
VIC1,2025-01-22 18:45:00,5108.13,-7.24,TRADE
VIC1,2025-01-22 18:50:00,5120.93,8.95,TRADE
VIC1,2025-01-22 18:55:00,5087.04,8.95,TRADE
VIC1,2025-01-22 19:00:00,5137.8,9.0,TRADE
VIC1,2025-01-22 19:05:00,5190.68,9.0,TRADE
VIC1,2025-01-22 19:10:00,5185.8,9.38,TRADE
VIC1,2025-01-22 19:15:00,5250.37,9.77,TRADE
VIC1,2025-01-22 19:20:00,5265.29,9.78,TRADE
VIC1,2025-01-22 19:25:00,5240.24,10.01,TRADE
VIC1,2025-01-22 19:30:00,5202.62,9.0,TRADE
VIC1,2025-01-22 19:35:00,5189.26,8.95,TRADE
VIC1,2025-01-22 19:40:00,5209.37,9.0,TRADE
VIC1,2025-01-22 19:45:00,5163.4,8.95,TRADE
VIC1,2025-01-22 19:50:00,5142.98,8.95,TRADE
VIC1,2025-01-22 19:55:00,5176.1,9.0,TRADE
VIC1,2025-01-22 20:00:00,5160.92,9.0,TRADE
VIC1,2025-01-22 20:05:00,5209.08,9.0,TRADE
VIC1,2025-01-22 20:10:00,5166.81,8.95,TRADE
VIC1,2025-01-22 20:15:00,5176.29,8.95,TRADE
VIC1,2025-01-22 20:20:00,5172.97,8.95,TRADE
VIC1,2025-01-22 20:25:00,5085.34,9.0,TRADE
VIC1,2025-01-22 20:30:00,5062.31,15.89,TRADE
VIC1,2025-01-22 20:35:00,5098.06,9.0,TRADE
VIC1,2025-01-22 20:40:00,5069.23,9.0,TRADE
VIC1,2025-01-22 20:45:00,5046.47,17.81,TRADE
VIC1,2025-01-22 20:50:00,4926.84,5.36,TRADE
VIC1,2025-01-22 20:55:00,4979.1,8.95,TRADE
VIC1,2025-01-22 21:00:00,4884.13,9.0,TRADE
VIC1,2025-01-22 21:05:00,4851.83,0.0,TRADE
VIC1,2025-01-22 21:10:00,4829.18,0.0,TRADE
VIC1,2025-01-22 21:15:00,4824.73,8.95,TRADE
VIC1,2025-01-22 21:20:00,4796.05,8.95,TRADE
VIC1,2025-01-22 21:25:00,4771.44,8.95,TRADE
VIC1,2025-01-22 21:30:00,4695.93,0.0,TRADE
VIC1,2025-01-22 21:35:00,4707.91,0.0,TRADE
VIC1,2025-01-22 21:40:00,4594.03,8.95,TRADE
VIC1,2025-01-22 21:45:00,4625.15,8.95,TRADE
VIC1,2025-01-22 21:50:00,4529.22,8.95,TRADE
VIC1,2025-01-22 21:55:00,4497.59,9.0,TRADE
VIC1,2025-01-22 22:00:00,4465.18,9.0,TRADE
VIC1,2025-01-22 22:05:00,4433.3,9.2,TRADE
VIC1,2025-01-22 22:10:00,4492.84,9.15,TRADE
VIC1,2025-01-22 22:15:00,4569.27,40.72,TRADE
VIC1,2025-01-22 22:20:00,4518.84,8.95,TRADE
VIC1,2025-01-22 22:25:00,4457.69,9.0,TRADE
VIC1,2025-01-22 22:30:00,4515.55,9.06,TRADE
VIC1,2025-01-22 22:35:00,4459.93,9.0,TRADE
VIC1,2025-01-22 22:40:00,4454.52,9.15,TRADE
VIC1,2025-01-22 22:45:00,4345.5,8.95,TRADE
VIC1,2025-01-22 22:50:00,4365.62,9.0,TRADE
VIC1,2025-01-22 22:55:00,4392.37,10.38,TRADE
VIC1,2025-01-22 23:00:00,4416.28,9.0,TRADE
VIC1,2025-01-22 23:05:00,4372.52,9.0,TRADE
VIC1,2025-01-22 23:10:00,4560.0,14.0,TRADE
VIC1,2025-01-22 23:15:00,4593.59,9.0,TRADE
VIC1,2025-01-22 23:20:00,4565.06,12.0,TRADE
VIC1,2025-01-22 23:25:00,4517.17,9.0,TRADE
VIC1,2025-01-22 23:30:00,4547.94,43.42,TRADE
VIC1,2025-01-22 23:35:00,4612.54,51.17,TRADE
VIC1,2025-01-22 23:40:00,4580.16,50.85,TRADE
VIC1,2025-01-22 23:45:00,4537.95,53.08,TRADE
VIC1,2025-01-22 23:50:00,4549.53,68.25,TRADE
VIC1,2025-01-22 23:55:00,4514.36,50.68,TRADE
VIC1,2025-01-23 00:00:00,4453.67,43.23,TRADE
VIC1,2025-01-23 00:05:00,4385.17,33.89,TRADE
VIC1,2025-01-23 00:10:00,4306.24,20.04,TRADE
VIC1,2025-01-23 00:15:00,4238.48,20.04,TRADE
VIC1,2025-01-23 00:20:00,4249.04,20.04,TRADE
VIC1,2025-01-23 00:25:00,4255.34,50.42,TRADE
VIC1,2025-01-23 00:30:00,4194.05,33.89,TRADE
VIC1,2025-01-23 00:35:00,4188.93,33.89,TRADE
VIC1,2025-01-23 00:40:00,4238.41,51.33,TRADE
VIC1,2025-01-23 00:45:00,4237.07,50.83,TRADE
VIC1,2025-01-23 00:50:00,4231.08,52.07,TRADE
VIC1,2025-01-23 00:55:00,4137.96,51.25,TRADE
VIC1,2025-01-23 01:00:00,4129.17,51.66,TRADE
VIC1,2025-01-23 01:05:00,4175.43,80.5,TRADE
VIC1,2025-01-23 01:10:00,4165.05,52.02,TRADE
VIC1,2025-01-23 01:15:00,4086.28,51.15,TRADE
VIC1,2025-01-23 01:20:00,4089.61,51.12,TRADE
VIC1,2025-01-23 01:25:00,4097.05,51.05,TRADE
VIC1,2025-01-23 01:30:00,4032.55,50.66,TRADE
VIC1,2025-01-23 01:35:00,4034.32,50.68,TRADE
VIC1,2025-01-23 01:40:00,3946.13,33.89,TRADE
VIC1,2025-01-23 01:45:00,3937.13,33.89,TRADE
VIC1,2025-01-23 01:50:00,3975.44,33.89,TRADE
VIC1,2025-01-23 01:55:00,4002.45,33.89,TRADE
VIC1,2025-01-23 02:00:00,3917.37,63.88,TRADE
VIC1,2025-01-23 02:05:00,3985.01,33.89,TRADE
VIC1,2025-01-23 02:10:00,4013.24,51.02,TRADE
VIC1,2025-01-23 02:15:00,4028.63,50.92,TRADE
VIC1,2025-01-23 02:20:00,3991.39,33.89,TRADE
VIC1,2025-01-23 02:25:00,3921.9,33.89,TRADE
VIC1,2025-01-23 02:30:00,3907.47,33.89,TRADE
VIC1,2025-01-23 02:35:00,3890.55,33.89,TRADE
VIC1,2025-01-23 02:40:00,3987.75,77.39,TRADE
VIC1,2025-01-23 02:45:00,3981.81,50.85,TRADE
VIC1,2025-01-23 02:50:00,3931.89,50.38,TRADE
VIC1,2025-01-23 02:55:00,3959.64,50.74,TRADE
VIC1,2025-01-23 03:00:00,3971.64,55.65,TRADE
VIC1,2025-01-23 03:05:00,3937.08,77.66,TRADE
VIC1,2025-01-23 03:10:00,3937.69,64.5,TRADE
VIC1,2025-01-23 03:15:00,3881.84,49.89,TRADE
VIC1,2025-01-23 03:20:00,3859.74,52.1,TRADE
VIC1,2025-01-23 03:25:00,3918.04,52.44,TRADE
VIC1,2025-01-23 03:30:00,3938.97,60.99,TRADE
VIC1,2025-01-23 03:35:00,3879.3,52.42,TRADE
VIC1,2025-01-23 03:40:00,3890.0,52.87,TRADE
VIC1,2025-01-23 03:45:00,3969.06,75.0,TRADE
VIC1,2025-01-23 03:50:00,3947.17,51.97,TRADE
VIC1,2025-01-23 03:55:00,3984.4,53.32,TRADE
VIC1,2025-01-23 04:00:00,3988.22,52.82,TRADE
VIC1,2025-01-23 04:05:00,3947.99,69.11,TRADE
VIC1,2025-01-23 04:10:00,3986.89,70.42,TRADE
VIC1,2025-01-23 04:15:00,3981.23,69.96,TRADE
VIC1,2025-01-23 04:20:00,4014.56,69.36,TRADE
VIC1,2025-01-23 04:25:00,4020.36,69.9,TRADE
VIC1,2025-01-23 04:30:00,4060.85,71.11,TRADE
VIC1,2025-01-23 04:35:00,4070.49,70.98,TRADE
VIC1,2025-01-23 04:40:00,4191.95,80.66,TRADE
VIC1,2025-01-23 04:45:00,4224.81,81.92,TRADE
VIC1,2025-01-23 04:50:00,4248.8,86.0,TRADE
VIC1,2025-01-23 04:55:00,4327.88,86.0,TRADE
VIC1,2025-01-23 05:00:00,4320.39,97.26,TRADE
VIC1,2025-01-23 05:05:00,4290.07,85.0,TRADE
VIC1,2025-01-23 05:10:00,4333.04,86.0,TRADE
VIC1,2025-01-23 05:15:00,4434.44,86.0,TRADE
VIC1,2025-01-23 05:20:00,4436.35,95.35,TRADE
VIC1,2025-01-23 05:25:00,4418.74,99.0,TRADE
VIC1,2025-01-23 05:30:00,4528.87,99.0,TRADE
VIC1,2025-01-23 05:35:00,4517.93,99.0,TRADE
VIC1,2025-01-23 05:40:00,4569.29,99.0,TRADE
VIC1,2025-01-23 05:45:00,4598.79,99.0,TRADE
VIC1,2025-01-23 05:50:00,4546.25,99.0,TRADE
VIC1,2025-01-23 05:55:00,4596.19,99.0,TRADE
VIC1,2025-01-23 06:00:00,4698.33,99.0,TRADE
VIC1,2025-01-23 06:05:00,4694.93,99.0,TRADE
VIC1,2025-01-23 06:10:00,4796.59,99.0,TRADE
VIC1,2025-01-23 06:15:00,4785.43,108.0,TRADE
VIC1,2025-01-23 06:20:00,4839.22,108.02,TRADE
VIC1,2025-01-23 06:25:00,4813.22,114.73,TRADE
VIC1,2025-01-23 06:30:00,4825.31,97.49,TRADE
VIC1,2025-01-23 06:35:00,4761.1,118.12,TRADE
VIC1,2025-01-23 06:40:00,4762.26,104.4,TRADE
VIC1,2025-01-23 06:45:00,4824.67,118.12,TRADE
VIC1,2025-01-23 06:50:00,4790.88,118.12,TRADE
VIC1,2025-01-23 06:55:00,4808.15,129.02,TRADE
VIC1,2025-01-23 07:00:00,4753.75,118.12,TRADE
VIC1,2025-01-23 07:05:00,4792.11,105.89,TRADE
VIC1,2025-01-23 07:10:00,4756.61,112.3,TRADE
VIC1,2025-01-23 07:15:00,4691.07,86.23,TRADE
VIC1,2025-01-23 07:20:00,4631.2,12.0,TRADE
VIC1,2025-01-23 07:25:00,4714.23,37.9,TRADE
VIC1,2025-01-23 07:30:00,4682.21,106.05,TRADE
VIC1,2025-01-23 07:35:00,4669.41,88.1,TRADE
VIC1,2025-01-23 07:40:00,4683.16,118.12,TRADE
VIC1,2025-01-23 07:45:00,4719.04,118.12,TRADE
VIC1,2025-01-23 07:50:00,4721.01,89.06,TRADE
VIC1,2025-01-23 07:55:00,4651.98,20.04,TRADE
VIC1,2025-01-23 08:00:00,4563.41,20.04,TRADE
VIC1,2025-01-23 08:05:00,4588.96,11.36,TRADE
VIC1,2025-01-23 08:10:00,4648.37,9.0,TRADE
VIC1,2025-01-23 08:15:00,4662.84,118.12,TRADE
VIC1,2025-01-23 08:20:00,4536.83,45.59,TRADE
VIC1,2025-01-23 08:25:00,4584.6,20.04,TRADE
VIC1,2025-01-23 08:30:00,4561.23,20.04,TRADE
VIC1,2025-01-23 08:35:00,4495.88,9.0,TRADE
VIC1,2025-01-23 08:40:00,4421.98,16.01,TRADE
VIC1,2025-01-23 08:45:00,4376.17,9.02,TRADE
VIC1,2025-01-23 08:50:00,4352.34,10.38,TRADE
VIC1,2025-01-23 08:55:00,4423.52,45.14,TRADE
VIC1,2025-01-23 09:00:00,4367.22,8.95,TRADE
VIC1,2025-01-23 09:05:00,4249.74,9.15,TRADE
VIC1,2025-01-23 09:10:00,4290.2,45.89,TRADE
VIC1,2025-01-23 09:15:00,4199.62,17.47,TRADE
VIC1,2025-01-23 09:20:00,4088.02,8.04,TRADE
VIC1,2025-01-23 09:25:00,4021.91,8.95,TRADE
VIC1,2025-01-23 09:30:00,3909.57,8.95,TRADE
VIC1,2025-01-23 09:35:00,3900.76,9.0,TRADE
VIC1,2025-01-23 09:40:00,3867.08,8.95,TRADE
VIC1,2025-01-23 09:45:00,3897.23,8.95,TRADE
VIC1,2025-01-23 09:50:00,3880.82,8.95,TRADE
VIC1,2025-01-23 09:55:00,3724.26,-9.56,TRADE
VIC1,2025-01-23 10:00:00,3778.22,-9.78,TRADE
VIC1,2025-01-23 10:05:00,3776.9,8.95,TRADE
VIC1,2025-01-23 10:10:00,3748.48,8.95,TRADE
VIC1,2025-01-23 10:15:00,3776.41,8.71,TRADE
VIC1,2025-01-23 10:20:00,3697.77,8.95,TRADE
VIC1,2025-01-23 10:25:00,3697.4,8.95,TRADE
VIC1,2025-01-23 10:30:00,3672.56,8.95,TRADE
VIC1,2025-01-23 10:35:00,3608.42,8.65,TRADE
VIC1,2025-01-23 10:40:00,3486.47,-9.49,TRADE
VIC1,2025-01-23 10:45:00,3465.42,8.53,TRADE
VIC1,2025-01-23 10:50:00,3490.92,8.72,TRADE
VIC1,2025-01-23 10:55:00,3437.88,-18.97,TRADE
VIC1,2025-01-23 11:00:00,3549.74,8.81,TRADE
VIC1,2025-01-23 11:05:00,3564.98,4.64,TRADE
VIC1,2025-01-23 11:10:00,3553.76,-18.66,TRADE
VIC1,2025-01-23 11:15:00,3542.75,-18.47,TRADE
VIC1,2025-01-23 11:20:00,3616.66,-19.11,TRADE
VIC1,2025-01-23 11:25:00,3697.28,-20.19,TRADE
VIC1,2025-01-23 11:30:00,3739.73,-20.82,TRADE
VIC1,2025-01-23 11:35:00,3774.79,-10.47,TRADE
VIC1,2025-01-23 11:40:00,3799.78,-12.49,TRADE
VIC1,2025-01-23 11:45:00,3822.86,-21.42,TRADE
VIC1,2025-01-23 11:50:00,4027.86,8.95,TRADE
VIC1,2025-01-23 11:55:00,4163.79,31.0,TRADE
VIC1,2025-01-23 12:00:00,4190.52,8.95,TRADE
VIC1,2025-01-23 12:05:00,4224.21,0.0,TRADE
VIC1,2025-01-23 12:10:00,4268.12,8.95,TRADE
VIC1,2025-01-23 12:15:00,4231.98,-22.47,TRADE
VIC1,2025-01-23 12:20:00,4156.09,-26.9,TRADE
VIC1,2025-01-23 12:25:00,4091.22,-27.82,TRADE
VIC1,2025-01-23 12:30:00,4033.69,-27.9,TRADE
VIC1,2025-01-23 12:35:00,4043.44,-29.6,TRADE
VIC1,2025-01-23 12:40:00,4018.56,-29.12,TRADE
VIC1,2025-01-23 12:45:00,3992.88,-31.41,TRADE
VIC1,2025-01-23 12:50:00,4139.89,-26.73,TRADE
VIC1,2025-01-23 12:55:00,4224.38,-27.3,TRADE
VIC1,2025-01-23 13:00:00,4284.23,-26.12,TRADE
VIC1,2025-01-23 13:05:00,4370.85,-26.47,TRADE
VIC1,2025-01-23 13:10:00,4290.6,-25.88,TRADE
VIC1,2025-01-23 13:15:00,4364.86,-19.99,TRADE
VIC1,2025-01-23 13:20:00,4276.91,-26.41,TRADE
VIC1,2025-01-23 13:25:00,4332.71,-26.57,TRADE
VIC1,2025-01-23 13:30:00,4455.0,-19.99,TRADE
VIC1,2025-01-23 13:35:00,4464.45,-19.35,TRADE
VIC1,2025-01-23 13:40:00,4548.03,-23.02,TRADE
VIC1,2025-01-23 13:45:00,4545.59,-21.0,TRADE
VIC1,2025-01-23 13:50:00,4586.72,-19.57,TRADE
VIC1,2025-01-23 13:55:00,4603.6,-18.32,TRADE
VIC1,2025-01-23 14:00:00,4688.88,-12.91,TRADE
VIC1,2025-01-23 14:05:00,4753.24,0.0,TRADE
VIC1,2025-01-23 14:10:00,4705.79,-13.28,TRADE
VIC1,2025-01-23 14:15:00,4703.19,8.95,TRADE
VIC1,2025-01-23 14:20:00,4765.0,0.0,TRADE
VIC1,2025-01-23 14:25:00,4847.43,34.38,TRADE
VIC1,2025-01-23 14:30:00,4881.47,33.76,TRADE
VIC1,2025-01-23 14:35:00,4866.6,34.47,TRADE
VIC1,2025-01-23 14:40:00,4849.32,8.95,TRADE
VIC1,2025-01-23 14:45:00,4935.76,30.47,TRADE
VIC1,2025-01-23 14:50:00,4887.16,30.98,TRADE
VIC1,2025-01-23 14:55:00,4920.68,33.0,TRADE
VIC1,2025-01-23 15:00:00,4856.48,8.95,TRADE
VIC1,2025-01-23 15:05:00,4797.29,8.95,TRADE
VIC1,2025-01-23 15:10:00,4871.36,32.62,TRADE
VIC1,2025-01-23 15:15:00,4958.73,32.99,TRADE
VIC1,2025-01-23 15:20:00,4956.26,33.0,TRADE
VIC1,2025-01-23 15:25:00,4871.96,8.95,TRADE
VIC1,2025-01-23 15:30:00,4978.23,33.0,TRADE
VIC1,2025-01-23 15:35:00,5006.62,32.2,TRADE
VIC1,2025-01-23 15:40:00,4995.49,33.0,TRADE
VIC1,2025-01-23 15:45:00,5002.24,33.0,TRADE
VIC1,2025-01-23 15:50:00,5017.9,40.06,TRADE
VIC1,2025-01-23 15:55:00,5047.41,45.89,TRADE
VIC1,2025-01-23 16:00:00,5122.86,77.33,TRADE
VIC1,2025-01-23 16:05:00,5129.66,33.0,TRADE
VIC1,2025-01-23 16:10:00,5104.62,33.89,TRADE
VIC1,2025-01-23 16:15:00,5112.72,33.89,TRADE
VIC1,2025-01-23 16:20:00,5100.47,30.07,TRADE
VIC1,2025-01-23 16:25:00,5204.83,58.62,TRADE
VIC1,2025-01-23 16:30:00,5190.73,66.85,TRADE
VIC1,2025-01-23 16:35:00,5095.83,60.29,TRADE
VIC1,2025-01-23 16:40:00,5112.55,58.89,TRADE
VIC1,2025-01-23 16:45:00,5110.12,60.16,TRADE
VIC1,2025-01-23 16:50:00,5214.91,67.38,TRADE
VIC1,2025-01-23 16:55:00,5223.01,70.1,TRADE
VIC1,2025-01-23 17:00:00,5178.55,82.18,TRADE
VIC1,2025-01-23 17:05:00,5230.66,89.82,TRADE
VIC1,2025-01-23 17:10:00,5208.12,87.03,TRADE
VIC1,2025-01-23 17:15:00,5207.18,96.16,TRADE
VIC1,2025-01-23 17:20:00,5199.9,84.48,TRADE
VIC1,2025-01-23 17:25:00,5155.68,85.17,TRADE
VIC1,2025-01-23 17:30:00,5178.11,105.2,TRADE
VIC1,2025-01-23 17:35:00,5203.35,14.65,TRADE
VIC1,2025-01-23 17:40:00,5208.05,68.34,TRADE
VIC1,2025-01-23 17:45:00,5208.19,113.46,TRADE
VIC1,2025-01-23 17:50:00,5272.76,40.36,TRADE
VIC1,2025-01-23 17:55:00,5298.59,66.97,TRADE
VIC1,2025-01-23 18:00:00,5267.83,12.21,TRADE
VIC1,2025-01-23 18:05:00,5301.27,12.29,TRADE
VIC1,2025-01-23 18:10:00,5308.25,99.0,TRADE
VIC1,2025-01-23 18:15:00,5243.55,99.0,TRADE
VIC1,2025-01-23 18:20:00,5191.11,125.5,TRADE
VIC1,2025-01-23 18:25:00,5161.39,57.79,TRADE
VIC1,2025-01-23 18:30:00,5176.97,87.12,TRADE
VIC1,2025-01-23 18:35:00,5262.74,112.32,TRADE
VIC1,2025-01-23 18:40:00,5250.5,113.46,TRADE
VIC1,2025-01-23 18:45:00,5243.55,111.83,TRADE
VIC1,2025-01-23 18:50:00,5216.06,118.12,TRADE
VIC1,2025-01-23 18:55:00,5241.36,112.08,TRADE
VIC1,2025-01-23 19:00:00,5262.62,139.38,TRADE
VIC1,2025-01-23 19:05:00,5180.81,99.0,TRADE
VIC1,2025-01-23 19:10:00,5252.34,109.86,TRADE
VIC1,2025-01-23 19:15:00,5189.21,99.48,TRADE
VIC1,2025-01-23 19:20:00,5206.35,99.0,TRADE
VIC1,2025-01-23 19:25:00,5270.9,108.99,TRADE
VIC1,2025-01-23 19:30:00,5240.98,118.12,TRADE
VIC1,2025-01-23 19:35:00,5282.73,119.96,TRADE
VIC1,2025-01-23 19:40:00,5245.18,105.52,TRADE
VIC1,2025-01-23 19:45:00,5270.43,115.26,TRADE
VIC1,2025-01-23 19:50:00,5225.96,113.07,TRADE
VIC1,2025-01-23 19:55:00,5211.63,104.61,TRADE
VIC1,2025-01-23 20:00:00,5163.52,99.0,TRADE
VIC1,2025-01-23 20:05:00,5156.0,109.71,TRADE
VIC1,2025-01-23 20:10:00,5151.81,111.42,TRADE
VIC1,2025-01-23 20:15:00,5182.95,118.24,TRADE
VIC1,2025-01-23 20:20:00,5185.88,99.0,TRADE
VIC1,2025-01-23 20:25:00,5177.25,110.99,TRADE
VIC1,2025-01-23 20:30:00,5041.08,99.0,TRADE
VIC1,2025-01-23 20:35:00,5084.9,110.66,TRADE
VIC1,2025-01-23 20:40:00,5054.67,99.12,TRADE
VIC1,2025-01-23 20:45:00,4967.69,99.0,TRADE
VIC1,2025-01-23 20:50:00,4991.59,99.0,TRADE
VIC1,2025-01-23 20:55:00,4862.84,90.72,TRADE
VIC1,2025-01-23 21:00:00,4800.18,90.71,TRADE
VIC1,2025-01-23 21:05:00,4782.34,99.0,TRADE
VIC1,2025-01-23 21:10:00,4754.36,99.0,TRADE
VIC1,2025-01-23 21:15:00,4827.56,112.75,TRADE
VIC1,2025-01-23 21:20:00,4784.14,98.41,TRADE
VIC1,2025-01-23 21:25:00,4692.03,96.74,TRADE
VIC1,2025-01-23 21:30:00,4757.05,90.38,TRADE
VIC1,2025-01-23 21:35:00,4717.86,99.0,TRADE
VIC1,2025-01-23 21:40:00,4645.23,121.43,TRADE
VIC1,2025-01-23 21:45:00,4613.7,99.74,TRADE
VIC1,2025-01-23 21:50:00,4542.14,99.0,TRADE
VIC1,2025-01-23 21:55:00,4512.21,99.0,TRADE
VIC1,2025-01-23 22:00:00,4562.16,99.0,TRADE
VIC1,2025-01-23 22:05:00,4497.75,99.0,TRADE
VIC1,2025-01-23 22:10:00,4466.88,99.0,TRADE
VIC1,2025-01-23 22:15:00,4455.76,99.0,TRADE
VIC1,2025-01-23 22:20:00,4511.46,114.49,TRADE
VIC1,2025-01-23 22:25:00,4525.21,99.0,TRADE
VIC1,2025-01-23 22:30:00,4523.81,99.0,TRADE
VIC1,2025-01-23 22:35:00,4425.55,99.0,TRADE
VIC1,2025-01-23 22:40:00,4429.9,99.0,TRADE
VIC1,2025-01-23 22:45:00,4392.87,97.76,TRADE
VIC1,2025-01-23 22:50:00,4386.05,85.64,TRADE
VIC1,2025-01-23 22:55:00,4365.87,86.0,TRADE
VIC1,2025-01-23 23:00:00,4348.34,86.06,TRADE
VIC1,2025-01-23 23:05:00,4441.38,90.61,TRADE
VIC1,2025-01-23 23:10:00,4579.55,99.0,TRADE
VIC1,2025-01-23 23:15:00,4545.44,97.75,TRADE
VIC1,2025-01-23 23:20:00,4588.21,99.0,TRADE
VIC1,2025-01-23 23:25:00,4613.63,99.0,TRADE
VIC1,2025-01-23 23:30:00,4551.22,99.0,TRADE
VIC1,2025-01-23 23:35:00,4579.73,99.0,TRADE
VIC1,2025-01-23 23:40:00,4488.52,99.0,TRADE
VIC1,2025-01-23 23:45:00,4445.57,93.04,TRADE
VIC1,2025-01-23 23:50:00,4453.6,99.0,TRADE
VIC1,2025-01-23 23:55:00,4389.43,99.0,TRADE
VIC1,2025-01-24 00:00:00,4439.12,99.0,TRADE
VIC1,2025-01-24 00:05:00,4375.66,99.0,TRADE
VIC1,2025-01-24 00:10:00,4328.33,127.25,TRADE
VIC1,2025-01-24 00:15:00,4311.05,99.75,TRADE
VIC1,2025-01-24 00:20:00,4327.9,100.41,TRADE
VIC1,2025-01-24 00:25:00,4309.37,101.21,TRADE
VIC1,2025-01-24 00:30:00,4302.04,102.12,TRADE
VIC1,2025-01-24 00:35:00,4251.24,103.75,TRADE
VIC1,2025-01-24 00:40:00,4185.6,104.57,TRADE
VIC1,2025-01-24 00:45:00,4147.47,106.38,TRADE
VIC1,2025-01-24 00:50:00,4123.2,107.19,TRADE
VIC1,2025-01-24 00:55:00,4113.68,108.01,TRADE
VIC1,2025-01-24 01:00:00,4125.74,108.85,TRADE
VIC1,2025-01-24 01:05:00,4163.76,119.3,TRADE
VIC1,2025-01-24 01:10:00,4057.05,99.0,TRADE
VIC1,2025-01-24 01:15:00,4121.16,100.74,TRADE
VIC1,2025-01-24 01:20:00,4073.83,99.0,TRADE
VIC1,2025-01-24 01:25:00,4059.81,99.0,TRADE
VIC1,2025-01-24 01:30:00,3981.35,99.0,TRADE
VIC1,2025-01-24 01:35:00,3983.31,99.0,TRADE
VIC1,2025-01-24 01:40:00,3945.76,86.78,TRADE
VIC1,2025-01-24 01:45:00,3929.88,82.6,TRADE
VIC1,2025-01-24 01:50:00,4009.67,90.42,TRADE
VIC1,2025-01-24 01:55:00,3980.61,88.33,TRADE
VIC1,2025-01-24 02:00:00,3946.18,94.02,TRADE
VIC1,2025-01-24 02:05:00,3972.06,88.0,TRADE
VIC1,2025-01-24 02:10:00,3984.55,84.32,TRADE
VIC1,2025-01-24 02:15:00,3950.0,75.31,TRADE
VIC1,2025-01-24 02:20:00,3949.42,79.0,TRADE
VIC1,2025-01-24 02:25:00,3849.3,78.22,TRADE
VIC1,2025-01-24 02:30:00,3828.18,77.34,TRADE
VIC1,2025-01-24 02:35:00,3863.32,75.56,TRADE
VIC1,2025-01-24 02:40:00,3851.55,78.32,TRADE
VIC1,2025-01-24 02:45:00,3791.31,77.13,TRADE
VIC1,2025-01-24 02:50:00,3853.72,77.09,TRADE
VIC1,2025-01-24 02:55:00,3859.57,75.08,TRADE
VIC1,2025-01-24 03:00:00,3854.54,81.03,TRADE
VIC1,2025-01-24 03:05:00,3873.2,85.7,TRADE
VIC1,2025-01-24 03:10:00,3840.9,78.94,TRADE
VIC1,2025-01-24 03:15:00,3825.63,76.01,TRADE
VIC1,2025-01-24 03:20:00,3887.3,81.28,TRADE
VIC1,2025-01-24 03:25:00,3887.88,81.84,TRADE
VIC1,2025-01-24 03:30:00,3861.18,78.88,TRADE
VIC1,2025-01-24 03:35:00,3881.16,86.0,TRADE
VIC1,2025-01-24 03:40:00,3911.66,86.0,TRADE
VIC1,2025-01-24 03:45:00,3932.84,86.0,TRADE
VIC1,2025-01-24 03:50:00,3863.59,82.62,TRADE
VIC1,2025-01-24 03:55:00,3932.43,89.74,TRADE
VIC1,2025-01-24 04:00:00,3866.62,83.77,TRADE
VIC1,2025-01-24 04:05:00,3885.21,79.43,TRADE
VIC1,2025-01-24 04:10:00,3956.51,86.0,TRADE
VIC1,2025-01-24 04:15:00,3918.67,87.01,TRADE
VIC1,2025-01-24 04:20:00,4023.66,98.24,TRADE
VIC1,2025-01-24 04:25:00,4040.61,92.4,TRADE
VIC1,2025-01-24 04:30:00,3992.63,97.99,TRADE
VIC1,2025-01-24 04:35:00,4087.75,99.0,TRADE
VIC1,2025-01-24 04:40:00,4102.59,99.0,TRADE
VIC1,2025-01-24 04:45:00,4139.99,113.04,TRADE
VIC1,2025-01-24 04:50:00,4133.13,99.0,TRADE
VIC1,2025-01-24 04:55:00,4124.29,112.71,TRADE
VIC1,2025-01-24 05:00:00,4172.32,113.61,TRADE
VIC1,2025-01-24 05:05:00,4187.77,99.0,TRADE
VIC1,2025-01-24 05:10:00,4276.07,115.06,TRADE
VIC1,2025-01-24 05:15:00,4366.09,136.47,TRADE
VIC1,2025-01-24 05:20:00,4315.25,126.42,TRADE
VIC1,2025-01-24 05:25:00,4388.97,126.27,TRADE
VIC1,2025-01-24 05:30:00,4473.68,127.43,TRADE
VIC1,2025-01-24 05:35:00,4497.53,129.47,TRADE
VIC1,2025-01-24 05:40:00,4533.43,126.85,TRADE
VIC1,2025-01-24 05:45:00,4562.78,125.81,TRADE
VIC1,2025-01-24 05:50:00,4521.5,119.59,TRADE
VIC1,2025-01-24 05:55:00,4499.08,119.43,TRADE
VIC1,2025-01-24 06:00:00,4526.66,114.75,TRADE
VIC1,2025-01-24 06:05:00,4634.33,125.73,TRADE
VIC1,2025-01-24 06:10:00,4673.5,99.89,TRADE
VIC1,2025-01-24 06:15:00,4715.25,99.0,TRADE
VIC1,2025-01-24 06:20:00,4784.68,99.0,TRADE
VIC1,2025-01-24 06:25:00,4722.05,86.7,TRADE
VIC1,2025-01-24 06:30:00,4739.41,86.0,TRADE
VIC1,2025-01-24 06:35:00,4734.84,66.2,TRADE
VIC1,2025-01-24 06:40:00,4729.2,69.45,TRADE
VIC1,2025-01-24 06:45:00,4675.59,30.44,TRADE
VIC1,2025-01-24 06:50:00,4756.85,9.0,TRADE
VIC1,2025-01-24 06:55:00,4766.33,36.7,TRADE
VIC1,2025-01-24 07:00:00,4755.78,12.0,TRADE
VIC1,2025-01-24 07:05:00,4681.57,48.33,TRADE
VIC1,2025-01-24 07:10:00,4696.04,0.0,TRADE
VIC1,2025-01-24 07:15:00,4721.37,0.0,TRADE
VIC1,2025-01-24 07:20:00,4595.35,0.0,TRADE
VIC1,2025-01-24 07:25:00,4630.92,-19.89,TRADE
VIC1,2025-01-24 07:30:00,4551.29,-29.09,TRADE
VIC1,2025-01-24 07:35:00,4542.03,-29.41,TRADE
VIC1,2025-01-24 07:40:00,4556.47,-30.18,TRADE
VIC1,2025-01-24 07:45:00,4543.55,-29.97,TRADE
VIC1,2025-01-24 07:50:00,4427.43,-40.59,TRADE
VIC1,2025-01-24 07:55:00,4474.95,-32.16,TRADE
VIC1,2025-01-24 08:00:00,4419.27,-35.04,TRADE
VIC1,2025-01-24 08:05:00,4405.7,-44.0,TRADE
VIC1,2025-01-24 08:10:00,4348.89,-59.47,TRADE
VIC1,2025-01-24 08:15:00,4286.84,-59.47,TRADE
VIC1,2025-01-24 08:20:00,4361.15,-50.01,TRADE
VIC1,2025-01-24 08:25:00,4237.33,-50.08,TRADE
VIC1,2025-01-24 08:30:00,4223.65,-50.01,TRADE
VIC1,2025-01-24 08:35:00,4154.77,-42.65,TRADE
VIC1,2025-01-24 08:40:00,4144.17,-38.31,TRADE
VIC1,2025-01-24 08:45:00,4097.42,-44.0,TRADE
VIC1,2025-01-24 08:50:00,3993.81,-44.0,TRADE
VIC1,2025-01-24 08:55:00,4024.59,-38.31,TRADE
VIC1,2025-01-24 09:00:00,4003.46,-38.31,TRADE
VIC1,2025-01-24 09:05:00,3836.28,-34.86,TRADE
VIC1,2025-01-24 09:10:00,3789.29,-34.46,TRADE
VIC1,2025-01-24 09:15:00,3768.01,-33.5,TRADE
VIC1,2025-01-24 09:20:00,3745.98,-36.86,TRADE
VIC1,2025-01-24 09:25:00,3754.87,9.73,TRADE
VIC1,2025-01-24 09:30:00,3489.24,-38.31,TRADE
VIC1,2025-01-24 09:35:00,3508.76,-20.19,TRADE
VIC1,2025-01-24 09:40:00,3401.27,-30.75,TRADE
VIC1,2025-01-24 09:45:00,3443.83,-30.75,TRADE
VIC1,2025-01-24 09:50:00,3390.37,-33.5,TRADE
VIC1,2025-01-24 09:55:00,3333.04,-38.31,TRADE
VIC1,2025-01-24 10:00:00,3276.13,-38.31,TRADE
VIC1,2025-01-24 10:05:00,3271.94,-45.05,TRADE
VIC1,2025-01-24 10:10:00,3297.76,-42.44,TRADE
VIC1,2025-01-24 10:15:00,3367.9,-30.75,TRADE
VIC1,2025-01-24 10:20:00,3195.26,-50.08,TRADE
VIC1,2025-01-24 10:25:00,3149.03,-50.08,TRADE
VIC1,2025-01-24 10:30:00,3149.74,-38.31,TRADE
VIC1,2025-01-24 10:35:00,3100.85,-31.09,TRADE
VIC1,2025-01-24 10:40:00,3083.78,-38.33,TRADE
VIC1,2025-01-24 10:45:00,3058.17,-46.73,TRADE
VIC1,2025-01-24 10:50:00,3019.99,-45.05,TRADE
VIC1,2025-01-24 10:55:00,3100.93,-50.08,TRADE
VIC1,2025-01-24 11:00:00,3053.62,-37.67,TRADE
VIC1,2025-01-24 11:05:00,3033.29,-85.09,TRADE
VIC1,2025-01-24 11:10:00,3054.62,-66.31,TRADE
VIC1,2025-01-24 11:15:00,3130.34,-66.31,TRADE
VIC1,2025-01-24 11:20:00,3186.86,-66.31,TRADE
VIC1,2025-01-24 11:25:00,3172.31,-66.31,TRADE
VIC1,2025-01-24 11:30:00,3046.26,-80.31,TRADE
VIC1,2025-01-24 11:35:00,3067.47,-115.05,TRADE
VIC1,2025-01-24 11:40:00,3148.25,-66.31,TRADE
VIC1,2025-01-24 11:45:00,3073.87,-61.2,TRADE
VIC1,2025-01-24 11:50:00,2926.51,-66.31,TRADE
VIC1,2025-01-24 11:55:00,2897.81,-59.03,TRADE
VIC1,2025-01-24 12:00:00,2799.24,-59.47,TRADE
VIC1,2025-01-24 12:05:00,2765.45,-66.31,TRADE
VIC1,2025-01-24 12:10:00,2692.97,-61.2,TRADE
VIC1,2025-01-24 12:15:00,2681.18,-46.76,TRADE
VIC1,2025-01-24 12:20:00,2646.13,-59.47,TRADE
VIC1,2025-01-24 12:25:00,2658.58,-59.47,TRADE
VIC1,2025-01-24 12:30:00,2640.25,-59.47,TRADE
VIC1,2025-01-24 12:35:00,2653.33,-59.47,TRADE
VIC1,2025-01-24 12:40:00,2652.59,-50.08,TRADE
VIC1,2025-01-24 12:45:00,2708.22,-55.28,TRADE
VIC1,2025-01-24 12:50:00,2757.96,-50.08,TRADE
VIC1,2025-01-24 12:55:00,2716.11,-63.82,TRADE
VIC1,2025-01-24 13:00:00,2688.76,-61.01,TRADE
VIC1,2025-01-24 13:05:00,2690.58,-66.31,TRADE
VIC1,2025-01-24 13:10:00,2663.2,-110.24,TRADE
VIC1,2025-01-24 13:15:00,2604.26,-122.91,TRADE
VIC1,2025-01-24 13:20:00,2587.92,-66.31,TRADE
VIC1,2025-01-24 13:25:00,2600.06,-84.86,TRADE
VIC1,2025-01-24 13:30:00,2721.44,-66.31,TRADE
VIC1,2025-01-24 13:35:00,2646.75,-115.05,TRADE
VIC1,2025-01-24 13:40:00,2617.82,-86.6,TRADE
VIC1,2025-01-24 13:45:00,2637.71,-63.94,TRADE
VIC1,2025-01-24 13:50:00,2681.96,-110.24,TRADE
VIC1,2025-01-24 13:55:00,2669.38,-109.46,TRADE
VIC1,2025-01-24 14:00:00,2592.03,-110.24,TRADE
VIC1,2025-01-24 14:05:00,2595.94,-66.31,TRADE
VIC1,2025-01-24 14:10:00,2659.94,-84.86,TRADE
VIC1,2025-01-24 14:15:00,2755.26,-66.31,TRADE
VIC1,2025-01-24 14:20:00,2807.89,-62.4,TRADE
VIC1,2025-01-24 14:25:00,2763.39,-66.31,TRADE
VIC1,2025-01-24 14:30:00,2718.89,-62.17,TRADE
VIC1,2025-01-24 14:35:00,2770.99,-51.69,TRADE
VIC1,2025-01-24 14:40:00,2775.27,-50.01,TRADE
VIC1,2025-01-24 14:45:00,2783.86,-50.08,TRADE
VIC1,2025-01-24 14:50:00,2659.02,-46.73,TRADE
VIC1,2025-01-24 14:55:00,2731.87,-63.94,TRADE
VIC1,2025-01-24 15:00:00,2782.93,-63.94,TRADE
VIC1,2025-01-24 15:05:00,2882.66,-45.05,TRADE
VIC1,2025-01-24 15:10:00,2804.56,-38.31,TRADE
VIC1,2025-01-24 15:15:00,2865.08,-59.47,TRADE
VIC1,2025-01-24 15:20:00,2841.57,-50.08,TRADE
VIC1,2025-01-24 15:25:00,2920.82,-38.31,TRADE
VIC1,2025-01-24 15:30:00,2871.59,-38.31,TRADE
VIC1,2025-01-24 15:35:00,2931.79,-61.2,TRADE
VIC1,2025-01-24 15:40:00,2940.35,-59.47,TRADE
VIC1,2025-01-24 15:45:00,3004.53,-45.05,TRADE
VIC1,2025-01-24 15:50:00,3122.99,-34.46,TRADE
VIC1,2025-01-24 15:55:00,3077.26,-34.67,TRADE
VIC1,2025-01-24 16:00:00,3181.04,-34.67,TRADE
VIC1,2025-01-24 16:05:00,3195.31,-38.31,TRADE
VIC1,2025-01-24 16:10:00,3198.34,-45.05,TRADE
VIC1,2025-01-24 16:15:00,3172.42,-50.08,TRADE
VIC1,2025-01-24 16:20:00,3290.88,-38.31,TRADE
VIC1,2025-01-24 16:25:00,3290.46,-34.46,TRADE
VIC1,2025-01-24 16:30:00,3353.93,-21.0,TRADE
VIC1,2025-01-24 16:35:00,3417.31,-59.47,TRADE
VIC1,2025-01-24 16:40:00,3590.81,-50.08,TRADE
VIC1,2025-01-24 16:45:00,3660.96,-59.47,TRADE
VIC1,2025-01-24 16:50:00,3684.44,-46.73,TRADE
VIC1,2025-01-24 16:55:00,3841.88,-45.05,TRADE
VIC1,2025-01-24 17:00:00,3914.48,-2.33,TRADE
VIC1,2025-01-24 17:05:00,3847.59,-19.57,TRADE
VIC1,2025-01-24 17:10:00,3904.51,-32.49,TRADE
VIC1,2025-01-24 17:15:00,3947.56,-19.57,TRADE
VIC1,2025-01-24 17:20:00,4025.97,-34.46,TRADE
VIC1,2025-01-24 17:25:00,4128.29,-2.33,TRADE
VIC1,2025-01-24 17:30:00,4117.71,-2.33,TRADE
VIC1,2025-01-24 17:35:00,4216.61,-32.56,TRADE
VIC1,2025-01-24 17:40:00,4447.66,10.46,TRADE
VIC1,2025-01-24 17:45:00,4444.04,10.46,TRADE
VIC1,2025-01-24 17:50:00,4592.59,10.54,TRADE
VIC1,2025-01-24 17:55:00,4636.14,24.94,TRADE
VIC1,2025-01-24 18:00:00,4740.19,99.0,TRADE
VIC1,2025-01-24 18:05:00,4965.52,57.52,TRADE
VIC1,2025-01-24 18:10:00,5125.3,130.0,TRADE
VIC1,2025-01-24 18:15:00,4875.06,113.61,TRADE
VIC1,2025-01-24 18:20:00,4942.23,129.02,TRADE
VIC1,2025-01-24 18:25:00,5160.99,129.02,TRADE
VIC1,2025-01-24 18:30:00,5265.7,130.0,TRADE
VIC1,2025-01-24 18:35:00,5304.82,129.02,TRADE
VIC1,2025-01-24 18:40:00,5398.64,170.23,TRADE
VIC1,2025-01-24 18:45:00,5380.03,130.0,TRADE
VIC1,2025-01-24 18:50:00,5342.5,178.72,TRADE
VIC1,2025-01-24 18:55:00,5335.92,162.19,TRADE
VIC1,2025-01-24 19:00:00,5428.84,178.05,TRADE
VIC1,2025-01-24 19:05:00,5343.48,137.26,TRADE
VIC1,2025-01-24 19:10:00,5524.99,160.0,TRADE
VIC1,2025-01-24 19:15:00,5564.87,137.8,TRADE
VIC1,2025-01-24 19:20:00,5491.85,160.0,TRADE
VIC1,2025-01-24 19:25:00,5480.27,160.0,TRADE
VIC1,2025-01-24 19:30:00,5493.25,160.0,TRADE
VIC1,2025-01-24 19:35:00,5397.98,134.74,TRADE
VIC1,2025-01-24 19:40:00,5406.25,135.26,TRADE
VIC1,2025-01-24 19:45:00,5439.1,131.89,TRADE
VIC1,2025-01-24 19:50:00,5461.18,130.0,TRADE
VIC1,2025-01-24 19:55:00,5417.08,129.47,TRADE
VIC1,2025-01-24 20:00:00,5348.28,126.91,TRADE
VIC1,2025-01-24 20:05:00,5455.19,129.02,TRADE
VIC1,2025-01-24 20:10:00,5402.93,129.02,TRADE
VIC1,2025-01-24 20:15:00,5381.42,127.74,TRADE
VIC1,2025-01-24 20:20:00,5282.1,121.62,TRADE
VIC1,2025-01-24 20:25:00,5270.22,125.57,TRADE
VIC1,2025-01-24 20:30:00,5216.97,113.9,TRADE
VIC1,2025-01-24 20:35:00,5319.39,126.23,TRADE
VIC1,2025-01-24 20:40:00,5224.24,125.42,TRADE
VIC1,2025-01-24 20:45:00,5141.17,119.04,TRADE
VIC1,2025-01-24 20:50:00,5162.04,115.06,TRADE
VIC1,2025-01-24 20:55:00,5102.03,111.58,TRADE
VIC1,2025-01-24 21:00:00,5026.09,96.98,TRADE
VIC1,2025-01-24 21:05:00,4885.33,99.0,TRADE
VIC1,2025-01-24 21:10:00,4873.51,99.0,TRADE
VIC1,2025-01-24 21:15:00,4973.15,96.12,TRADE
VIC1,2025-01-24 21:20:00,4937.23,90.02,TRADE
VIC1,2025-01-24 21:25:00,4893.88,90.12,TRADE
VIC1,2025-01-24 21:30:00,4918.38,82.94,TRADE
VIC1,2025-01-24 21:35:00,4911.67,93.79,TRADE
VIC1,2025-01-24 21:40:00,4918.19,92.37,TRADE
VIC1,2025-01-24 21:45:00,4815.44,85.16,TRADE
VIC1,2025-01-24 21:50:00,4816.49,85.35,TRADE
VIC1,2025-01-24 21:55:00,4732.94,83.54,TRADE
VIC1,2025-01-24 22:00:00,4762.48,86.0,TRADE
VIC1,2025-01-24 22:05:00,4728.59,86.0,TRADE
VIC1,2025-01-24 22:10:00,4738.68,83.21,TRADE
VIC1,2025-01-24 22:15:00,4726.0,83.25,TRADE
VIC1,2025-01-24 22:20:00,4777.54,86.0,TRADE
VIC1,2025-01-24 22:25:00,4771.76,83.8,TRADE
VIC1,2025-01-24 22:30:00,4745.64,84.96,TRADE
VIC1,2025-01-24 22:35:00,4649.78,77.44,TRADE
VIC1,2025-01-24 22:40:00,4668.74,84.04,TRADE
VIC1,2025-01-24 22:45:00,4726.77,85.34,TRADE
VIC1,2025-01-24 22:50:00,4748.2,81.88,TRADE
VIC1,2025-01-24 22:55:00,4620.85,81.89,TRADE
VIC1,2025-01-24 23:00:00,4709.95,83.17,TRADE
VIC1,2025-01-24 23:05:00,4729.77,84.91,TRADE
VIC1,2025-01-24 23:10:00,4858.13,94.18,TRADE
VIC1,2025-01-24 23:15:00,4810.73,93.97,TRADE
VIC1,2025-01-24 23:20:00,4790.17,94.15,TRADE
VIC1,2025-01-24 23:25:00,4786.88,94.48,TRADE
VIC1,2025-01-24 23:30:00,4815.76,103.32,TRADE
VIC1,2025-01-24 23:35:00,4873.08,111.58,TRADE
VIC1,2025-01-24 23:40:00,4920.64,121.02,TRADE
VIC1,2025-01-24 23:45:00,4830.51,116.35,TRADE
VIC1,2025-01-24 23:50:00,4759.17,112.59,TRADE
VIC1,2025-01-24 23:55:00,4754.68,158.42,TRADE
VIC1,2025-01-27 00:00:00,4799.94,75.0,TRADE
VIC1,2025-01-27 00:05:00,4742.75,55.63,TRADE
VIC1,2025-01-27 00:10:00,4708.28,73.56,TRADE
VIC1,2025-01-27 00:15:00,4625.65,66.46,TRADE
VIC1,2025-01-27 00:20:00,4560.02,55.3,TRADE
VIC1,2025-01-27 00:25:00,4535.09,54.91,TRADE
VIC1,2025-01-27 00:30:00,4571.83,54.83,TRADE
VIC1,2025-01-27 00:35:00,4549.05,56.25,TRADE
VIC1,2025-01-27 00:40:00,4477.65,54.36,TRADE
VIC1,2025-01-27 00:45:00,4468.4,54.32,TRADE
VIC1,2025-01-27 00:50:00,4443.85,53.83,TRADE
VIC1,2025-01-27 00:55:00,4427.92,53.37,TRADE
VIC1,2025-01-27 01:00:00,4428.97,52.94,TRADE
VIC1,2025-01-27 01:05:00,4367.89,52.99,TRADE
VIC1,2025-01-27 01:10:00,4368.9,52.48,TRADE
VIC1,2025-01-27 01:15:00,4431.08,52.47,TRADE
VIC1,2025-01-27 01:20:00,4400.18,45.89,TRADE
VIC1,2025-01-27 01:25:00,4321.01,50.69,TRADE
VIC1,2025-01-27 01:30:00,4377.41,51.15,TRADE
VIC1,2025-01-27 01:35:00,4359.95,47.67,TRADE
VIC1,2025-01-27 01:40:00,4333.82,47.21,TRADE
VIC1,2025-01-27 01:45:00,4327.34,54.68,TRADE
VIC1,2025-01-27 01:50:00,4246.02,46.3,TRADE
VIC1,2025-01-27 01:55:00,4196.15,43.21,TRADE
VIC1,2025-01-27 02:00:00,4244.0,43.78,TRADE
VIC1,2025-01-27 02:05:00,4247.06,60.74,TRADE
VIC1,2025-01-27 02:10:00,4181.64,44.13,TRADE
VIC1,2025-01-27 02:15:00,4259.39,47.35,TRADE
VIC1,2025-01-27 02:20:00,4255.66,33.89,TRADE
VIC1,2025-01-27 02:25:00,4222.09,12.0,TRADE
VIC1,2025-01-27 02:30:00,4053.21,8.95,TRADE
VIC1,2025-01-27 02:35:00,3925.51,8.95,TRADE
VIC1,2025-01-27 02:40:00,3885.27,8.95,TRADE
VIC1,2025-01-27 02:45:00,3894.98,8.95,TRADE
VIC1,2025-01-27 02:50:00,3865.79,8.95,TRADE
VIC1,2025-01-27 02:55:00,3836.95,8.95,TRADE
VIC1,2025-01-27 03:00:00,3811.17,8.95,TRADE
VIC1,2025-01-27 03:05:00,3826.49,8.23,TRADE
VIC1,2025-01-27 03:10:00,3811.44,8.95,TRADE
VIC1,2025-01-27 03:15:00,3725.8,8.15,TRADE
VIC1,2025-01-27 03:20:00,3758.73,8.95,TRADE
VIC1,2025-01-27 03:25:00,3812.85,8.95,TRADE
VIC1,2025-01-27 03:30:00,3868.4,8.95,TRADE
VIC1,2025-01-27 03:35:00,3794.43,8.95,TRADE
VIC1,2025-01-27 03:40:00,3868.05,8.95,TRADE
VIC1,2025-01-27 03:45:00,3884.45,8.95,TRADE
VIC1,2025-01-27 03:50:00,3878.19,9.0,TRADE
VIC1,2025-01-27 03:55:00,3897.47,-7.51,TRADE
VIC1,2025-01-27 04:00:00,3843.28,-7.51,TRADE
VIC1,2025-01-27 04:05:00,3853.58,0.0,TRADE
VIC1,2025-01-27 04:10:00,3906.29,8.25,TRADE
VIC1,2025-01-27 04:15:00,3979.14,6.55,TRADE
VIC1,2025-01-27 04:20:00,3920.59,1.5,TRADE
VIC1,2025-01-27 04:25:00,3948.94,0.0,TRADE
VIC1,2025-01-27 04:30:00,3902.99,0.0,TRADE
VIC1,2025-01-27 04:35:00,3937.94,8.95,TRADE
VIC1,2025-01-27 04:40:00,3907.63,7.95,TRADE
VIC1,2025-01-27 04:45:00,3878.99,0.0,TRADE
VIC1,2025-01-27 04:50:00,3842.09,-19.22,TRADE
VIC1,2025-01-27 04:55:00,3899.5,-19.19,TRADE
VIC1,2025-01-27 05:00:00,3908.35,-19.19,TRADE
VIC1,2025-01-27 05:05:00,3965.53,-19.57,TRADE
VIC1,2025-01-27 05:10:00,4016.24,-19.57,TRADE
VIC1,2025-01-27 05:15:00,4030.04,-19.57,TRADE
VIC1,2025-01-27 05:20:00,4073.37,-7.51,TRADE
VIC1,2025-01-27 05:25:00,4125.5,-7.51,TRADE
VIC1,2025-01-27 05:30:00,4053.44,-7.51,TRADE
VIC1,2025-01-27 05:35:00,4061.2,-7.51,TRADE
VIC1,2025-01-27 05:40:00,4043.33,-7.51,TRADE
VIC1,2025-01-27 05:45:00,4068.68,0.91,TRADE
VIC1,2025-01-27 05:50:00,4031.95,-7.51,TRADE
VIC1,2025-01-27 05:55:00,4015.56,-7.51,TRADE
VIC1,2025-01-27 06:00:00,4023.93,-19.99,TRADE
VIC1,2025-01-27 06:05:00,3939.04,-7.51,TRADE
VIC1,2025-01-27 06:10:00,3963.48,8.46,TRADE
VIC1,2025-01-27 06:15:00,4034.78,12.0,TRADE
VIC1,2025-01-27 06:20:00,4008.13,7.51,TRADE
VIC1,2025-01-27 06:25:00,3940.34,-7.51,TRADE
VIC1,2025-01-27 06:30:00,3891.99,-19.41,TRADE
VIC1,2025-01-27 06:35:00,3840.0,-19.99,TRADE
VIC1,2025-01-27 06:40:00,3763.77,-19.99,TRADE
VIC1,2025-01-27 06:45:00,3693.0,-21.0,TRADE
VIC1,2025-01-27 06:50:00,3678.98,-27.62,TRADE
VIC1,2025-01-27 06:55:00,3672.03,-27.42,TRADE
VIC1,2025-01-27 07:00:00,3651.32,-28.09,TRADE
VIC1,2025-01-27 07:05:00,3605.05,-27.3,TRADE
VIC1,2025-01-27 07:10:00,3565.29,-28.47,TRADE
VIC1,2025-01-27 07:15:00,3686.32,-28.39,TRADE
VIC1,2025-01-27 07:20:00,3537.3,-30.47,TRADE
VIC1,2025-01-27 07:25:00,3412.62,-30.75,TRADE
VIC1,2025-01-27 07:30:00,3430.98,-33.97,TRADE
VIC1,2025-01-27 07:35:00,3523.31,-38.31,TRADE
VIC1,2025-01-27 07:40:00,3559.59,-33.5,TRADE
VIC1,2025-01-27 07:45:00,3516.35,-32.0,TRADE
VIC1,2025-01-27 07:50:00,3597.16,-30.75,TRADE
VIC1,2025-01-27 07:55:00,3480.68,-31.03,TRADE
VIC1,2025-01-27 08:00:00,3413.48,-31.28,TRADE
VIC1,2025-01-27 08:05:00,3272.48,-33.5,TRADE
VIC1,2025-01-27 08:10:00,3404.91,-33.5,TRADE
VIC1,2025-01-27 08:15:00,3381.61,-34.46,TRADE
VIC1,2025-01-27 08:20:00,3385.33,-38.31,TRADE
VIC1,2025-01-27 08:25:00,3492.24,-38.31,TRADE
VIC1,2025-01-27 08:30:00,3612.78,-34.46,TRADE
VIC1,2025-01-27 08:35:00,3592.12,-38.31,TRADE
VIC1,2025-01-27 08:40:00,3666.21,-50.08,TRADE
VIC1,2025-01-27 08:45:00,3812.89,-48.53,TRADE
VIC1,2025-01-27 08:50:00,3911.87,-38.51,TRADE
VIC1,2025-01-27 08:55:00,3965.69,-38.31,TRADE
VIC1,2025-01-27 09:00:00,4035.36,-38.31,TRADE
VIC1,2025-01-27 09:05:00,4134.55,-34.46,TRADE
VIC1,2025-01-27 09:10:00,4218.21,-20.19,TRADE
VIC1,2025-01-27 09:15:00,4170.57,-33.5,TRADE
VIC1,2025-01-27 09:20:00,4133.77,-33.5,TRADE
VIC1,2025-01-27 09:25:00,4268.97,-33.5,TRADE
VIC1,2025-01-27 09:30:00,4127.47,-34.46,TRADE
VIC1,2025-01-27 09:35:00,4058.51,-38.31,TRADE
VIC1,2025-01-27 09:40:00,4192.27,-30.75,TRADE
VIC1,2025-01-27 09:45:00,4148.62,-34.46,TRADE
VIC1,2025-01-27 09:50:00,4194.85,-33.5,TRADE
VIC1,2025-01-27 09:55:00,4323.18,-30.75,TRADE
VIC1,2025-01-27 10:00:00,4236.97,-34.46,TRADE
VIC1,2025-01-27 10:05:00,4158.49,-34.46,TRADE
VIC1,2025-01-27 10:10:00,4044.45,-34.46,TRADE
VIC1,2025-01-27 10:15:00,3982.0,-38.31,TRADE
VIC1,2025-01-27 10:20:00,3886.92,-45.05,TRADE
VIC1,2025-01-27 10:25:00,3690.05,-50.08,TRADE
VIC1,2025-01-27 10:30:00,3569.65,-46.73,TRADE
VIC1,2025-01-27 10:35:00,3567.78,-50.08,TRADE
VIC1,2025-01-27 10:40:00,3572.42,-59.47,TRADE
VIC1,2025-01-27 10:45:00,3608.49,-52.36,TRADE
VIC1,2025-01-27 10:50:00,3636.93,-44.0,TRADE
VIC1,2025-01-27 10:55:00,3680.27,-50.08,TRADE
VIC1,2025-01-27 11:00:00,3646.1,-50.08,TRADE
VIC1,2025-01-27 11:05:00,3647.83,-45.05,TRADE
VIC1,2025-01-27 11:10:00,3644.34,-50.08,TRADE
VIC1,2025-01-27 11:15:00,3584.98,-46.73,TRADE
VIC1,2025-01-27 11:20:00,3429.84,-59.47,TRADE
VIC1,2025-01-27 11:25:00,3352.17,-49.75,TRADE
VIC1,2025-01-27 11:30:00,3356.5,-50.08,TRADE
VIC1,2025-01-27 11:35:00,3465.74,-62.51,TRADE
VIC1,2025-01-27 11:40:00,3382.93,-50.08,TRADE
VIC1,2025-01-27 11:45:00,3384.63,-59.47,TRADE
VIC1,2025-01-27 11:50:00,3536.27,-59.47,TRADE
VIC1,2025-01-27 11:55:00,3592.91,-59.47,TRADE
VIC1,2025-01-27 12:00:00,3645.97,-50.08,TRADE
VIC1,2025-01-27 12:05:00,3662.58,-50.08,TRADE
VIC1,2025-01-27 12:10:00,3698.9,-52.03,TRADE
VIC1,2025-01-27 12:15:00,3738.83,-46.73,TRADE
VIC1,2025-01-27 12:20:00,3820.93,-45.05,TRADE
VIC1,2025-01-27 12:25:00,3935.58,-45.05,TRADE
VIC1,2025-01-27 12:30:00,3956.8,-39.49,TRADE
VIC1,2025-01-27 12:35:00,4021.88,-38.31,TRADE
VIC1,2025-01-27 12:40:00,4116.29,-38.31,TRADE
VIC1,2025-01-27 12:45:00,4194.5,-38.31,TRADE
VIC1,2025-01-27 12:50:00,4204.51,-35.53,TRADE
VIC1,2025-01-27 12:55:00,4276.21,-36.09,TRADE
VIC1,2025-01-27 13:00:00,4319.84,-33.64,TRADE
VIC1,2025-01-27 13:05:00,4398.44,-34.46,TRADE
VIC1,2025-01-27 13:10:00,4520.54,-33.5,TRADE
VIC1,2025-01-27 13:15:00,4662.96,-31.09,TRADE
VIC1,2025-01-27 13:20:00,4595.98,-21.0,TRADE
VIC1,2025-01-27 13:25:00,4742.62,-18.1,TRADE
VIC1,2025-01-27 13:30:00,4734.81,-18.04,TRADE
VIC1,2025-01-27 13:35:00,4926.2,8.95,TRADE
VIC1,2025-01-27 13:40:00,4997.5,8.95,TRADE
VIC1,2025-01-27 13:45:00,4940.48,8.95,TRADE
VIC1,2025-01-27 13:50:00,5086.79,9.58,TRADE
VIC1,2025-01-27 13:55:00,5208.92,20.54,TRADE
VIC1,2025-01-27 14:00:00,5207.34,17.01,TRADE
VIC1,2025-01-27 14:05:00,5318.63,-16.91,TRADE
VIC1,2025-01-27 14:10:00,5382.05,12.74,TRADE
VIC1,2025-01-27 14:15:00,5454.48,12.74,TRADE
VIC1,2025-01-27 14:20:00,5674.13,64.58,TRADE
VIC1,2025-01-27 14:25:00,5710.84,39.93,TRADE
VIC1,2025-01-27 14:30:00,5827.88,12.74,TRADE
VIC1,2025-01-27 14:35:00,5959.34,17.01,TRADE
VIC1,2025-01-27 14:40:00,6106.68,65.08,TRADE
VIC1,2025-01-27 14:45:00,6265.84,83.66,TRADE
VIC1,2025-01-27 14:50:00,6391.68,29.54,TRADE
VIC1,2025-01-27 14:55:00,6503.11,83.66,TRADE
VIC1,2025-01-27 15:00:00,6712.18,180.01,TRADE
VIC1,2025-01-27 15:05:00,7058.52,479.49,TRADE
VIC1,2025-01-27 15:10:00,7269.48,251.18,TRADE
VIC1,2025-01-27 15:15:00,7382.47,274.13,TRADE
VIC1,2025-01-27 15:20:00,7611.27,242.57,TRADE
VIC1,2025-01-27 15:25:00,7842.43,299.9,TRADE
VIC1,2025-01-27 15:30:00,7981.09,323.89,TRADE
VIC1,2025-01-27 15:35:00,8015.35,254.5,TRADE
VIC1,2025-01-27 15:40:00,8150.78,337.21,TRADE
VIC1,2025-01-27 15:45:00,8149.77,285.91,TRADE
VIC1,2025-01-27 15:50:00,7940.18,182.28,TRADE
VIC1,2025-01-27 15:55:00,7889.29,170.31,TRADE
VIC1,2025-01-27 16:00:00,7701.91,120.42,TRADE
VIC1,2025-01-27 16:05:00,7757.74,120.42,TRADE
VIC1,2025-01-27 16:10:00,7784.31,81.37,TRADE
VIC1,2025-01-27 16:15:00,8128.47,234.7,TRADE
VIC1,2025-01-27 16:20:00,8320.44,240.3,TRADE
VIC1,2025-01-27 16:25:00,8441.0,323.18,TRADE
VIC1,2025-01-27 16:30:00,8637.55,323.2,TRADE
VIC1,2025-01-27 16:35:00,8573.39,244.78,TRADE
VIC1,2025-01-27 16:40:00,8652.33,239.01,TRADE
VIC1,2025-01-27 16:45:00,8710.95,239.01,TRADE
VIC1,2025-01-27 16:50:00,8733.41,239.01,TRADE
VIC1,2025-01-27 16:55:00,8692.19,170.31,TRADE
VIC1,2025-01-27 17:00:00,8556.62,121.25,TRADE
VIC1,2025-01-27 17:05:00,8496.85,225.43,TRADE
VIC1,2025-01-27 17:10:00,8049.41,109.15,TRADE
VIC1,2025-01-27 17:15:00,7956.43,25.57,TRADE
VIC1,2025-01-27 17:20:00,7936.75,56.32,TRADE
VIC1,2025-01-27 17:25:00,8184.47,239.01,TRADE
VIC1,2025-01-27 17:30:00,8139.26,137.77,TRADE
VIC1,2025-01-27 17:35:00,8098.05,132.57,TRADE
VIC1,2025-01-27 17:40:00,8116.55,70.9,TRADE
VIC1,2025-01-27 17:45:00,8167.85,119.13,TRADE
VIC1,2025-01-27 17:50:00,8179.27,99.48,TRADE
VIC1,2025-01-27 17:55:00,8104.36,92.44,TRADE
VIC1,2025-01-27 18:00:00,8081.2,108.6,TRADE
VIC1,2025-01-27 18:05:00,7903.01,142.71,TRADE
VIC1,2025-01-27 18:10:00,7772.09,111.98,TRADE
VIC1,2025-01-27 18:15:00,7606.03,113.31,TRADE
VIC1,2025-01-27 18:20:00,7618.26,116.85,TRADE
VIC1,2025-01-27 18:25:00,7503.56,117.42,TRADE
VIC1,2025-01-27 18:30:00,7487.44,116.74,TRADE
VIC1,2025-01-27 18:35:00,7413.99,112.28,TRADE
VIC1,2025-01-27 18:40:00,7306.03,103.88,TRADE
VIC1,2025-01-27 18:45:00,7242.97,111.98,TRADE
VIC1,2025-01-27 18:50:00,7242.02,116.25,TRADE
VIC1,2025-01-27 18:55:00,7228.02,116.55,TRADE
VIC1,2025-01-27 19:00:00,7264.05,117.4,TRADE
VIC1,2025-01-27 19:05:00,7096.82,111.05,TRADE
VIC1,2025-01-27 19:10:00,7076.05,109.72,TRADE
VIC1,2025-01-27 19:15:00,6978.43,103.35,TRADE
VIC1,2025-01-27 19:20:00,7010.27,99.0,TRADE
VIC1,2025-01-27 19:25:00,6780.11,65.8,TRADE
VIC1,2025-01-27 19:30:00,6709.6,95.55,TRADE
VIC1,2025-01-27 19:35:00,6846.85,99.0,TRADE
VIC1,2025-01-27 19:40:00,6790.2,98.15,TRADE
VIC1,2025-01-27 19:45:00,6747.75,92.2,TRADE
VIC1,2025-01-27 19:50:00,6572.91,89.45,TRADE
VIC1,2025-01-27 19:55:00,6594.82,81.15,TRADE
VIC1,2025-01-27 20:00:00,6422.82,75.47,TRADE
VIC1,2025-01-27 20:05:00,6329.18,84.98,TRADE
VIC1,2025-01-27 20:10:00,6476.24,87.49,TRADE
VIC1,2025-01-27 20:15:00,6384.37,87.49,TRADE
VIC1,2025-01-27 20:20:00,6299.43,85.28,TRADE
VIC1,2025-01-27 20:25:00,6333.42,86.0,TRADE
VIC1,2025-01-27 20:30:00,6307.32,82.36,TRADE
VIC1,2025-01-27 20:35:00,6152.6,76.01,TRADE
VIC1,2025-01-27 20:40:00,6202.44,77.12,TRADE
VIC1,2025-01-27 20:45:00,6107.2,74.75,TRADE
VIC1,2025-01-27 20:50:00,6073.4,66.48,TRADE
VIC1,2025-01-27 20:55:00,5901.83,60.21,TRADE
VIC1,2025-01-27 21:00:00,5847.05,57.2,TRADE
VIC1,2025-01-27 21:05:00,5753.94,63.24,TRADE
VIC1,2025-01-27 21:10:00,5694.5,67.54,TRADE
VIC1,2025-01-27 21:15:00,5698.9,69.37,TRADE
VIC1,2025-01-27 21:20:00,5648.35,63.1,TRADE
VIC1,2025-01-27 21:25:00,5569.14,59.93,TRADE
VIC1,2025-01-27 21:30:00,5547.7,57.21,TRADE
VIC1,2025-01-27 21:35:00,5520.63,71.9,TRADE
VIC1,2025-01-27 21:40:00,5527.27,78.16,TRADE
VIC1,2025-01-27 21:45:00,5429.02,69.52,TRADE
VIC1,2025-01-27 21:50:00,5364.87,63.24,TRADE
VIC1,2025-01-27 21:55:00,5383.58,63.13,TRADE
VIC1,2025-01-27 22:00:00,5373.75,19.19,TRADE
VIC1,2025-01-27 22:05:00,5215.02,19.19,TRADE
VIC1,2025-01-27 22:10:00,5080.43,12.0,TRADE
VIC1,2025-01-27 22:15:00,5058.49,17.7,TRADE
VIC1,2025-01-27 22:20:00,5040.65,19.19,TRADE
VIC1,2025-01-27 22:25:00,4872.36,9.0,TRADE
VIC1,2025-01-27 22:30:00,4815.8,9.0,TRADE
VIC1,2025-01-27 22:35:00,4804.31,18.09,TRADE
VIC1,2025-01-27 22:40:00,4923.49,19.79,TRADE
VIC1,2025-01-27 22:45:00,4857.4,19.19,TRADE
VIC1,2025-01-27 22:50:00,4752.94,12.0,TRADE
VIC1,2025-01-27 22:55:00,4878.95,19.19,TRADE
VIC1,2025-01-27 23:00:00,4809.93,9.0,TRADE
VIC1,2025-01-27 23:05:00,4818.55,9.0,TRADE
VIC1,2025-01-27 23:10:00,4806.07,9.0,TRADE
VIC1,2025-01-27 23:15:00,4819.57,19.19,TRADE
VIC1,2025-01-27 23:20:00,4870.38,19.19,TRADE
VIC1,2025-01-27 23:25:00,4936.39,19.19,TRADE
VIC1,2025-01-27 23:30:00,4959.01,19.19,TRADE
VIC1,2025-01-27 23:35:00,4771.74,8.95,TRADE
VIC1,2025-01-27 23:40:00,4805.29,8.95,TRADE
VIC1,2025-01-27 23:45:00,4754.02,9.11,TRADE
VIC1,2025-01-27 23:50:00,4676.15,9.0,TRADE
VIC1,2025-01-27 23:55:00,4642.58,9.0,TRADE
VIC1,2025-01-28 00:00:00,4517.4,9.0,TRADE
VIC1,2025-01-28 00:05:00,4622.41,16.1,TRADE
VIC1,2025-01-28 00:10:00,4551.65,9.0,TRADE
VIC1,2025-01-28 00:15:00,4423.33,8.95,TRADE
VIC1,2025-01-28 00:20:00,4342.62,8.95,TRADE
VIC1,2025-01-28 00:25:00,4397.87,9.0,TRADE
VIC1,2025-01-28 00:30:00,4387.68,9.0,TRADE
VIC1,2025-01-28 00:35:00,4340.75,8.95,TRADE
VIC1,2025-01-28 00:40:00,4312.35,9.0,TRADE
VIC1,2025-01-28 00:45:00,4170.48,8.95,TRADE
VIC1,2025-01-28 00:50:00,4198.58,8.95,TRADE
VIC1,2025-01-28 00:55:00,4249.61,9.0,TRADE
VIC1,2025-01-28 01:00:00,4261.22,9.0,TRADE
VIC1,2025-01-28 01:05:00,4091.15,8.95,TRADE
VIC1,2025-01-28 01:10:00,4130.79,9.0,TRADE
VIC1,2025-01-28 01:15:00,4181.43,9.11,TRADE
VIC1,2025-01-28 01:20:00,4109.03,8.95,TRADE
VIC1,2025-01-28 01:25:00,4125.32,9.0,TRADE
VIC1,2025-01-28 01:30:00,4068.68,9.0,TRADE
VIC1,2025-01-28 01:35:00,3974.82,9.0,TRADE
VIC1,2025-01-28 01:40:00,4000.42,9.0,TRADE
VIC1,2025-01-28 01:45:00,3953.47,8.95,TRADE
VIC1,2025-01-28 01:50:00,4006.77,9.0,TRADE
VIC1,2025-01-28 01:55:00,3947.01,9.0,TRADE
VIC1,2025-01-28 02:00:00,3938.79,9.0,TRADE
VIC1,2025-01-28 02:05:00,3904.55,9.0,TRADE
VIC1,2025-01-28 02:10:00,3928.94,9.0,TRADE
VIC1,2025-01-28 02:15:00,3817.13,-1.91,TRADE
VIC1,2025-01-28 02:20:00,3828.02,8.95,TRADE
VIC1,2025-01-28 02:25:00,3870.57,8.95,TRADE
VIC1,2025-01-28 02:30:00,3872.12,8.95,TRADE
VIC1,2025-01-28 02:35:00,3918.26,8.02,TRADE
VIC1,2025-01-28 02:40:00,3952.88,8.95,TRADE
VIC1,2025-01-28 02:45:00,4007.49,8.95,TRADE
VIC1,2025-01-28 02:50:00,3931.59,8.95,TRADE
VIC1,2025-01-28 02:55:00,3983.1,8.95,TRADE
VIC1,2025-01-28 03:00:00,3901.35,8.95,TRADE
VIC1,2025-01-28 03:05:00,3871.04,9.0,TRADE
VIC1,2025-01-28 03:10:00,3864.77,8.15,TRADE
VIC1,2025-01-28 03:15:00,3878.13,8.95,TRADE
VIC1,2025-01-28 03:20:00,3890.24,9.0,TRADE
VIC1,2025-01-28 03:25:00,3907.71,9.0,TRADE
VIC1,2025-01-28 03:30:00,3807.62,7.95,TRADE
VIC1,2025-01-28 03:35:00,3886.54,8.95,TRADE
VIC1,2025-01-28 03:40:00,3928.16,9.0,TRADE
VIC1,2025-01-28 03:45:00,3871.4,8.95,TRADE
VIC1,2025-01-28 03:50:00,3878.63,8.95,TRADE
VIC1,2025-01-28 03:55:00,3803.22,8.15,TRADE
VIC1,2025-01-28 04:00:00,3819.87,8.95,TRADE
VIC1,2025-01-28 04:05:00,3900.47,9.0,TRADE
VIC1,2025-01-28 04:10:00,3988.75,9.15,TRADE
VIC1,2025-01-28 04:15:00,3949.37,9.0,TRADE
VIC1,2025-01-28 04:20:00,4041.97,19.19,TRADE
VIC1,2025-01-28 04:25:00,4066.97,19.19,TRADE
VIC1,2025-01-28 04:30:00,4122.69,19.32,TRADE
VIC1,2025-01-28 04:35:00,4228.03,57.93,TRADE
VIC1,2025-01-28 04:40:00,4289.54,62.99,TRADE
VIC1,2025-01-28 04:45:00,4425.98,64.06,TRADE
VIC1,2025-01-28 04:50:00,4492.96,67.14,TRADE
VIC1,2025-01-28 04:55:00,4462.82,66.85,TRADE
VIC1,2025-01-28 05:00:00,4425.4,65.54,TRADE
VIC1,2025-01-28 05:05:00,4558.54,72.26,TRADE
VIC1,2025-01-28 05:10:00,4630.18,85.92,TRADE
VIC1,2025-01-28 05:15:00,4661.99,82.24,TRADE
VIC1,2025-01-28 05:20:00,4711.53,78.69,TRADE
VIC1,2025-01-28 05:25:00,4659.5,77.49,TRADE
VIC1,2025-01-28 05:30:00,4726.11,78.11,TRADE
VIC1,2025-01-28 05:35:00,4729.96,79.98,TRADE
VIC1,2025-01-28 05:40:00,4824.16,91.58,TRADE
VIC1,2025-01-28 05:45:00,4838.47,93.15,TRADE
VIC1,2025-01-28 05:50:00,4793.35,86.0,TRADE
VIC1,2025-01-28 05:55:00,4863.41,82.32,TRADE
VIC1,2025-01-28 06:00:00,4881.36,86.0,TRADE
VIC1,2025-01-28 06:05:00,4888.89,86.0,TRADE
VIC1,2025-01-28 06:10:00,4886.4,86.0,TRADE
VIC1,2025-01-28 06:15:00,4883.38,93.26,TRADE
VIC1,2025-01-28 06:20:00,4870.15,92.0,TRADE
VIC1,2025-01-28 06:25:00,4840.56,80.89,TRADE
VIC1,2025-01-28 06:30:00,4777.22,82.36,TRADE
VIC1,2025-01-28 06:35:00,4742.32,87.52,TRADE
VIC1,2025-01-28 06:40:00,4775.3,84.59,TRADE
VIC1,2025-01-28 06:45:00,4706.83,84.51,TRADE
VIC1,2025-01-28 06:50:00,4729.79,82.75,TRADE
VIC1,2025-01-28 06:55:00,4667.13,80.31,TRADE
VIC1,2025-01-28 07:00:00,4673.83,79.69,TRADE
VIC1,2025-01-28 07:05:00,4724.27,79.07,TRADE
VIC1,2025-01-28 07:10:00,4537.19,73.73,TRADE
VIC1,2025-01-28 07:15:00,4656.45,37.0,TRADE
VIC1,2025-01-28 07:20:00,4751.55,19.19,TRADE
VIC1,2025-01-28 07:25:00,4730.46,33.89,TRADE
VIC1,2025-01-28 07:30:00,4681.09,27.32,TRADE
VIC1,2025-01-28 07:35:00,4688.89,27.05,TRADE
VIC1,2025-01-28 07:40:00,4701.02,19.19,TRADE
VIC1,2025-01-28 07:45:00,4668.87,18.9,TRADE
VIC1,2025-01-28 07:50:00,4539.58,-18.4,TRADE
VIC1,2025-01-28 07:55:00,4379.16,-20.19,TRADE
VIC1,2025-01-28 08:00:00,4287.23,-30.75,TRADE
VIC1,2025-01-28 08:05:00,4321.77,-19.99,TRADE
VIC1,2025-01-28 08:10:00,4339.2,19.37,TRADE
VIC1,2025-01-28 08:15:00,4402.5,9.64,TRADE
VIC1,2025-01-28 08:20:00,4327.24,-18.08,TRADE
VIC1,2025-01-28 08:25:00,4338.6,-15.03,TRADE
VIC1,2025-01-28 08:30:00,4404.68,-18.08,TRADE
VIC1,2025-01-28 08:35:00,4272.58,-21.0,TRADE
VIC1,2025-01-28 08:40:00,4263.44,-31.09,TRADE
VIC1,2025-01-28 08:45:00,4141.51,-31.09,TRADE
VIC1,2025-01-28 08:50:00,4185.57,4.5,TRADE
VIC1,2025-01-28 08:55:00,4161.67,34.76,TRADE
VIC1,2025-01-28 09:00:00,4100.23,4.5,TRADE
VIC1,2025-01-28 09:05:00,4101.54,-31.09,TRADE
VIC1,2025-01-28 09:10:00,4081.17,-33.5,TRADE
VIC1,2025-01-28 09:15:00,4029.42,-38.31,TRADE
VIC1,2025-01-28 09:20:00,3891.48,-38.31,TRADE
VIC1,2025-01-28 09:25:00,3962.79,-34.46,TRADE
VIC1,2025-01-28 09:30:00,3885.03,-45.05,TRADE
VIC1,2025-01-28 09:35:00,3879.67,-34.46,TRADE
VIC1,2025-01-28 09:40:00,3781.86,-50.08,TRADE
VIC1,2025-01-28 09:45:00,3758.09,-46.73,TRADE
VIC1,2025-01-28 09:50:00,3772.84,-31.09,TRADE
VIC1,2025-01-28 09:55:00,3786.15,-30.75,TRADE
VIC1,2025-01-28 10:00:00,3653.03,-30.75,TRADE
VIC1,2025-01-28 10:05:00,3651.47,-31.09,TRADE
VIC1,2025-01-28 10:10:00,3668.41,-21.0,TRADE
VIC1,2025-01-28 10:15:00,3630.54,-38.31,TRADE
VIC1,2025-01-28 10:20:00,3681.03,-38.31,TRADE
VIC1,2025-01-28 10:25:00,3546.35,-38.58,TRADE
VIC1,2025-01-28 10:30:00,3492.97,-38.31,TRADE
VIC1,2025-01-28 10:35:00,3445.05,-34.46,TRADE
VIC1,2025-01-28 10:40:00,3429.36,-38.31,TRADE
VIC1,2025-01-28 10:45:00,3425.09,-50.08,TRADE
VIC1,2025-01-28 10:50:00,3465.48,-45.05,TRADE
VIC1,2025-01-28 10:55:00,3377.93,-40.82,TRADE
VIC1,2025-01-28 11:00:00,3383.26,-34.46,TRADE
VIC1,2025-01-28 11:05:00,3388.97,-34.46,TRADE
VIC1,2025-01-28 11:10:00,3316.82,-40.78,TRADE
VIC1,2025-01-28 11:15:00,3299.71,-40.82,TRADE
VIC1,2025-01-28 11:20:00,3137.71,-59.7,TRADE
VIC1,2025-01-28 11:25:00,3111.79,-66.31,TRADE
VIC1,2025-01-28 11:30:00,3139.15,-59.47,TRADE
VIC1,2025-01-28 11:35:00,2980.06,-59.47,TRADE
VIC1,2025-01-28 11:40:00,2980.39,-66.31,TRADE
VIC1,2025-01-28 11:45:00,3011.89,-66.31,TRADE
VIC1,2025-01-28 11:50:00,3022.8,-63.94,TRADE
VIC1,2025-01-28 11:55:00,2976.13,-50.08,TRADE
VIC1,2025-01-28 12:00:00,3015.84,-50.85,TRADE
VIC1,2025-01-28 12:05:00,3001.19,-45.05,TRADE
VIC1,2025-01-28 12:10:00,2939.2,-49.54,TRADE
VIC1,2025-01-28 12:15:00,2941.82,-43.35,TRADE
VIC1,2025-01-28 12:20:00,2943.47,-50.08,TRADE
VIC1,2025-01-28 12:25:00,2966.17,-47.77,TRADE
VIC1,2025-01-28 12:30:00,2939.92,-50.08,TRADE
VIC1,2025-01-28 12:35:00,2878.95,-46.34,TRADE
VIC1,2025-01-28 12:40:00,2861.11,-50.08,TRADE
VIC1,2025-01-28 12:45:00,2922.45,-59.47,TRADE
VIC1,2025-01-28 12:50:00,3079.37,-50.08,TRADE
VIC1,2025-01-28 12:55:00,3128.62,-50.08,TRADE
VIC1,2025-01-28 13:00:00,3192.59,-50.08,TRADE
VIC1,2025-01-28 13:05:00,3140.39,-63.94,TRADE
VIC1,2025-01-28 13:10:00,3160.05,-63.94,TRADE
VIC1,2025-01-28 13:15:00,3079.62,-63.94,TRADE
VIC1,2025-01-28 13:20:00,3006.13,-63.94,TRADE
VIC1,2025-01-28 13:25:00,3047.77,-66.31,TRADE
VIC1,2025-01-28 13:30:00,3094.41,-66.31,TRADE
VIC1,2025-01-28 13:35:00,3172.43,-59.47,TRADE
VIC1,2025-01-28 13:40:00,2960.58,-63.94,TRADE
VIC1,2025-01-28 13:45:00,3000.12,-63.94,TRADE
VIC1,2025-01-28 13:50:00,2955.84,-66.31,TRADE
VIC1,2025-01-28 13:55:00,3076.1,-66.31,TRADE
VIC1,2025-01-28 14:00:00,3174.47,-59.47,TRADE
VIC1,2025-01-28 14:05:00,3089.07,-59.47,TRADE
VIC1,2025-01-28 14:10:00,3139.49,-51.87,TRADE
VIC1,2025-01-28 14:15:00,3043.32,-46.73,TRADE
VIC1,2025-01-28 14:20:00,3132.59,-45.05,TRADE
VIC1,2025-01-28 14:25:00,3245.85,-41.12,TRADE
VIC1,2025-01-28 14:30:00,3240.39,-43.34,TRADE
VIC1,2025-01-28 14:35:00,3200.15,-41.12,TRADE
VIC1,2025-01-28 14:40:00,3148.54,-46.73,TRADE
VIC1,2025-01-28 14:45:00,3289.32,-38.49,TRADE
VIC1,2025-01-28 14:50:00,3302.32,-43.76,TRADE
VIC1,2025-01-28 14:55:00,3362.54,-47.75,TRADE
VIC1,2025-01-28 15:00:00,3359.18,-38.31,TRADE
VIC1,2025-01-28 15:05:00,3373.67,-41.98,TRADE
VIC1,2025-01-28 15:10:00,3359.81,-38.22,TRADE
VIC1,2025-01-28 15:15:00,3418.93,-33.79,TRADE
VIC1,2025-01-28 15:20:00,3338.66,-38.31,TRADE
VIC1,2025-01-28 15:25:00,3440.8,-38.31,TRADE
VIC1,2025-01-28 15:30:00,3544.92,-34.46,TRADE
VIC1,2025-01-28 15:35:00,3617.76,-14.14,TRADE
VIC1,2025-01-28 15:40:00,3446.91,-38.31,TRADE
VIC1,2025-01-28 15:45:00,3630.19,-38.31,TRADE
VIC1,2025-01-28 15:50:00,3752.13,-50.08,TRADE
VIC1,2025-01-28 15:55:00,3817.25,-50.08,TRADE
VIC1,2025-01-28 16:00:00,3897.36,-38.31,TRADE
VIC1,2025-01-28 16:05:00,3983.38,-33.5,TRADE
VIC1,2025-01-28 16:10:00,4109.98,-33.5,TRADE
VIC1,2025-01-28 16:15:00,4158.79,-19.57,TRADE
VIC1,2025-01-28 16:20:00,4244.78,-19.57,TRADE
VIC1,2025-01-28 16:25:00,4356.09,4.5,TRADE
VIC1,2025-01-28 16:30:00,4414.49,8.95,TRADE
VIC1,2025-01-28 16:35:00,4450.33,8.95,TRADE
VIC1,2025-01-28 16:40:00,4560.89,8.95,TRADE
VIC1,2025-01-28 16:45:00,4536.42,4.5,TRADE
VIC1,2025-01-28 16:50:00,4627.63,4.5,TRADE
VIC1,2025-01-28 16:55:00,4688.52,4.5,TRADE
VIC1,2025-01-28 17:00:00,4820.43,22.54,TRADE
VIC1,2025-01-28 17:05:00,4755.26,-21.0,TRADE
VIC1,2025-01-28 17:10:00,4655.22,-38.31,TRADE
VIC1,2025-01-28 17:15:00,4661.29,-38.31,TRADE
VIC1,2025-01-28 17:20:00,4821.49,8.95,TRADE
VIC1,2025-01-28 17:25:00,4825.45,8.95,TRADE
VIC1,2025-01-28 17:30:00,4917.91,17.99,TRADE
VIC1,2025-01-28 17:35:00,4978.22,8.95,TRADE
VIC1,2025-01-28 17:40:00,4946.65,8.95,TRADE
VIC1,2025-01-28 17:45:00,5077.49,8.95,TRADE
VIC1,2025-01-28 17:50:00,5128.35,17.99,TRADE
VIC1,2025-01-28 17:55:00,5167.19,17.99,TRADE
VIC1,2025-01-28 18:00:00,5275.91,8.95,TRADE
VIC1,2025-01-28 18:05:00,5367.76,17.99,TRADE
VIC1,2025-01-28 18:10:00,5177.02,17.99,TRADE
VIC1,2025-01-28 18:15:00,5193.97,58.61,TRADE
VIC1,2025-01-28 18:20:00,5152.56,8.95,TRADE
VIC1,2025-01-28 18:25:00,5152.17,9.0,TRADE
VIC1,2025-01-28 18:30:00,5289.73,19.19,TRADE
VIC1,2025-01-28 18:35:00,5378.78,17.99,TRADE
VIC1,2025-01-28 18:40:00,5501.21,12.0,TRADE
VIC1,2025-01-28 18:45:00,5666.66,65.8,TRADE
VIC1,2025-01-28 18:50:00,5656.6,65.86,TRADE
VIC1,2025-01-28 18:55:00,5648.54,65.8,TRADE
VIC1,2025-01-28 19:00:00,5644.54,66.06,TRADE
VIC1,2025-01-28 19:05:00,5618.92,65.29,TRADE
VIC1,2025-01-28 19:10:00,5647.13,65.8,TRADE
VIC1,2025-01-28 19:15:00,5637.67,65.8,TRADE
VIC1,2025-01-28 19:20:00,5654.01,65.61,TRADE
VIC1,2025-01-28 19:25:00,5637.4,66.17,TRADE
VIC1,2025-01-28 19:30:00,5570.46,49.47,TRADE
VIC1,2025-01-28 19:35:00,5582.77,65.76,TRADE
VIC1,2025-01-28 19:40:00,5505.65,66.82,TRADE
VIC1,2025-01-28 19:45:00,5489.42,66.9,TRADE
VIC1,2025-01-28 19:50:00,5481.27,66.9,TRADE
VIC1,2025-01-28 19:55:00,5560.19,67.58,TRADE
VIC1,2025-01-28 20:00:00,5509.65,67.09,TRADE
VIC1,2025-01-28 20:05:00,5458.58,66.06,TRADE
VIC1,2025-01-28 20:10:00,5538.3,67.19,TRADE
VIC1,2025-01-28 20:15:00,5559.56,68.26,TRADE
VIC1,2025-01-28 20:20:00,5476.58,67.14,TRADE
VIC1,2025-01-28 20:25:00,5442.33,69.35,TRADE
VIC1,2025-01-28 20:30:00,5343.22,73.94,TRADE
VIC1,2025-01-28 20:35:00,5293.56,77.12,TRADE
VIC1,2025-01-28 20:40:00,5261.98,74.09,TRADE
VIC1,2025-01-28 20:45:00,5324.21,74.65,TRADE
VIC1,2025-01-28 20:50:00,5275.22,73.71,TRADE
VIC1,2025-01-28 20:55:00,5245.55,67.61,TRADE
VIC1,2025-01-28 21:00:00,5204.54,68.26,TRADE
VIC1,2025-01-28 21:05:00,5218.79,68.23,TRADE
VIC1,2025-01-28 21:10:00,5132.38,66.4,TRADE
VIC1,2025-01-28 21:15:00,5165.97,66.99,TRADE
VIC1,2025-01-28 21:20:00,5164.73,66.97,TRADE
VIC1,2025-01-28 21:25:00,5120.64,65.75,TRADE
VIC1,2025-01-28 21:30:00,5077.09,64.48,TRADE
VIC1,2025-01-28 21:35:00,5061.81,66.99,TRADE
VIC1,2025-01-28 21:40:00,4991.9,65.71,TRADE
VIC1,2025-01-28 21:45:00,4929.0,65.09,TRADE
VIC1,2025-01-28 21:50:00,4840.24,62.93,TRADE
VIC1,2025-01-28 21:55:00,4814.9,61.61,TRADE
VIC1,2025-01-28 22:00:00,4853.97,58.15,TRADE
VIC1,2025-01-28 22:05:00,4825.87,63.88,TRADE
VIC1,2025-01-28 22:10:00,4826.98,63.86,TRADE
VIC1,2025-01-28 22:15:00,4834.2,64.36,TRADE
VIC1,2025-01-28 22:20:00,4776.99,63.82,TRADE
VIC1,2025-01-28 22:25:00,4753.43,41.75,TRADE
VIC1,2025-01-28 22:30:00,4678.91,38.28,TRADE
VIC1,2025-01-28 22:35:00,4664.67,38.24,TRADE
VIC1,2025-01-28 22:40:00,4673.72,40.2,TRADE
VIC1,2025-01-28 22:45:00,4641.87,48.26,TRADE
VIC1,2025-01-28 22:50:00,4600.83,39.91,TRADE
VIC1,2025-01-28 22:55:00,4611.98,39.06,TRADE
VIC1,2025-01-28 23:00:00,4614.01,38.58,TRADE
VIC1,2025-01-28 23:05:00,4617.02,60.01,TRADE
VIC1,2025-01-28 23:10:00,4779.74,66.92,TRADE
VIC1,2025-01-28 23:15:00,4658.88,65.75,TRADE
VIC1,2025-01-28 23:20:00,4671.31,66.28,TRADE
VIC1,2025-01-28 23:25:00,4744.81,67.33,TRADE
VIC1,2025-01-28 23:30:00,4706.89,66.85,TRADE
VIC1,2025-01-28 23:35:00,4569.17,68.08,TRADE
VIC1,2025-01-28 23:40:00,4655.19,70.07,TRADE
VIC1,2025-01-28 23:45:00,4581.42,39.3,TRADE
VIC1,2025-01-28 23:50:00,4558.37,69.47,TRADE
VIC1,2025-01-28 23:55:00,4456.74,44.32,TRADE
VIC1,2025-01-29 00:00:00,4434.46,67.13,TRADE
VIC1,2025-01-29 00:05:00,4501.48,68.08,TRADE
VIC1,2025-01-29 00:10:00,4574.78,68.01,TRADE
VIC1,2025-01-29 00:15:00,4514.26,52.52,TRADE
VIC1,2025-01-29 00:20:00,4499.17,69.28,TRADE
VIC1,2025-01-29 00:25:00,4554.94,55.0,TRADE
VIC1,2025-01-29 00:30:00,4463.34,68.0,TRADE
VIC1,2025-01-29 00:35:00,4397.28,67.48,TRADE
VIC1,2025-01-29 00:40:00,4417.29,69.39,TRADE
VIC1,2025-01-29 00:45:00,4378.35,68.04,TRADE
VIC1,2025-01-29 00:50:00,4335.85,50.24,TRADE
VIC1,2025-01-29 00:55:00,4282.09,49.95,TRADE
VIC1,2025-01-29 01:00:00,4309.58,27.44,TRADE
VIC1,2025-01-29 01:05:00,4288.08,49.48,TRADE
VIC1,2025-01-29 01:10:00,4294.26,67.76,TRADE
VIC1,2025-01-29 01:15:00,4301.1,49.87,TRADE
VIC1,2025-01-29 01:20:00,4321.15,49.87,TRADE
VIC1,2025-01-29 01:25:00,4214.9,48.64,TRADE
VIC1,2025-01-29 01:30:00,4246.32,47.86,TRADE
VIC1,2025-01-29 01:35:00,4245.34,23.86,TRADE
VIC1,2025-01-29 01:40:00,4085.53,19.19,TRADE
VIC1,2025-01-29 01:45:00,4022.57,18.99,TRADE
VIC1,2025-01-29 01:50:00,4000.26,19.19,TRADE
VIC1,2025-01-29 01:55:00,3980.17,17.36,TRADE
VIC1,2025-01-29 02:00:00,3975.23,12.0,TRADE
VIC1,2025-01-29 02:05:00,3840.57,12.0,TRADE
VIC1,2025-01-29 02:10:00,3938.34,16.66,TRADE
VIC1,2025-01-29 02:15:00,3929.06,12.29,TRADE
VIC1,2025-01-29 02:20:00,3897.7,12.0,TRADE
VIC1,2025-01-29 02:25:00,3942.86,12.0,TRADE
VIC1,2025-01-29 02:30:00,3895.73,9.0,TRADE
VIC1,2025-01-29 02:35:00,3884.6,9.1,TRADE
VIC1,2025-01-29 02:40:00,3808.05,9.0,TRADE
VIC1,2025-01-29 02:45:00,3850.01,9.0,TRADE
VIC1,2025-01-29 02:50:00,3838.52,9.0,TRADE
VIC1,2025-01-29 02:55:00,3821.64,9.0,TRADE
VIC1,2025-01-29 03:00:00,3923.84,9.0,TRADE
VIC1,2025-01-29 03:05:00,4059.92,19.19,TRADE
VIC1,2025-01-29 03:10:00,4062.39,19.19,TRADE
VIC1,2025-01-29 03:15:00,4014.68,19.19,TRADE
VIC1,2025-01-29 03:20:00,4077.27,19.19,TRADE
VIC1,2025-01-29 03:25:00,4054.34,12.0,TRADE
VIC1,2025-01-29 03:30:00,3982.73,9.0,TRADE
VIC1,2025-01-29 03:35:00,3951.77,9.0,TRADE
VIC1,2025-01-29 03:40:00,3924.66,9.0,TRADE
VIC1,2025-01-29 03:45:00,3958.11,9.0,TRADE
VIC1,2025-01-29 03:50:00,3933.59,9.0,TRADE
VIC1,2025-01-29 03:55:00,3915.89,12.0,TRADE
VIC1,2025-01-29 04:00:00,3935.48,9.0,TRADE
VIC1,2025-01-29 04:05:00,3948.55,9.0,TRADE
VIC1,2025-01-29 04:10:00,3987.14,9.0,TRADE
VIC1,2025-01-29 04:15:00,3984.53,9.0,TRADE
VIC1,2025-01-29 04:20:00,4011.03,9.0,TRADE
VIC1,2025-01-29 04:25:00,4037.51,9.0,TRADE
VIC1,2025-01-29 04:30:00,4047.91,9.0,TRADE
VIC1,2025-01-29 04:35:00,4047.97,9.0,TRADE
VIC1,2025-01-29 04:40:00,4181.08,17.0,TRADE
VIC1,2025-01-29 04:45:00,4166.13,9.0,TRADE
VIC1,2025-01-29 04:50:00,4216.18,17.98,TRADE
VIC1,2025-01-29 04:55:00,4238.56,19.19,TRADE
VIC1,2025-01-29 05:00:00,4318.91,20.71,TRADE
VIC1,2025-01-29 05:05:00,4385.35,65.4,TRADE
VIC1,2025-01-29 05:10:00,4537.56,72.57,TRADE
VIC1,2025-01-29 05:15:00,4694.48,72.25,TRADE
VIC1,2025-01-29 05:20:00,4705.26,72.8,TRADE
VIC1,2025-01-29 05:25:00,4771.02,83.04,TRADE
VIC1,2025-01-29 05:30:00,4796.79,91.82,TRADE
VIC1,2025-01-29 05:35:00,4799.82,119.11,TRADE
VIC1,2025-01-29 05:40:00,4873.72,128.45,TRADE
VIC1,2025-01-29 05:45:00,4853.62,125.5,TRADE
VIC1,2025-01-29 05:50:00,4842.63,136.18,TRADE
VIC1,2025-01-29 05:55:00,4879.18,99.5,TRADE
VIC1,2025-01-29 06:00:00,4881.19,79.98,TRADE
VIC1,2025-01-29 06:05:00,4880.74,83.0,TRADE
VIC1,2025-01-29 06:10:00,4923.66,91.31,TRADE
VIC1,2025-01-29 06:15:00,4926.36,79.29,TRADE
VIC1,2025-01-29 06:20:00,4939.6,74.68,TRADE
VIC1,2025-01-29 06:25:00,4899.0,71.35,TRADE
VIC1,2025-01-29 06:30:00,4864.99,69.61,TRADE
VIC1,2025-01-29 06:35:00,4812.45,33.89,TRADE
VIC1,2025-01-29 06:40:00,4769.11,8.95,TRADE
VIC1,2025-01-29 06:45:00,4764.41,0.0,TRADE
VIC1,2025-01-29 06:50:00,4734.55,0.0,TRADE
VIC1,2025-01-29 06:55:00,4587.98,-7.51,TRADE
VIC1,2025-01-29 07:00:00,4599.83,-7.51,TRADE
VIC1,2025-01-29 07:05:00,4653.67,-7.51,TRADE
VIC1,2025-01-29 07:10:00,4525.07,-7.51,TRADE
VIC1,2025-01-29 07:15:00,4509.81,-20.38,TRADE
VIC1,2025-01-29 07:20:00,4449.09,-7.51,TRADE
VIC1,2025-01-29 07:25:00,4365.17,-19.99,TRADE
VIC1,2025-01-29 07:30:00,4297.78,0.0,TRADE
VIC1,2025-01-29 07:35:00,4214.13,-29.04,TRADE
VIC1,2025-01-29 07:40:00,4121.91,-45.05,TRADE
VIC1,2025-01-29 07:45:00,4053.06,-67.35,TRADE
VIC1,2025-01-29 07:50:00,4164.84,7.46,TRADE
VIC1,2025-01-29 07:55:00,3948.66,-26.81,TRADE
VIC1,2025-01-29 08:00:00,4108.84,36.43,TRADE
VIC1,2025-01-29 08:05:00,3988.22,9.95,TRADE
VIC1,2025-01-29 08:10:00,3961.8,-33.5,TRADE
VIC1,2025-01-29 08:15:00,4009.05,45.83,TRADE
VIC1,2025-01-29 08:20:00,3795.48,-6.94,TRADE
VIC1,2025-01-29 08:25:00,3764.12,-20.19,TRADE
VIC1,2025-01-29 08:30:00,3733.23,8.95,TRADE
VIC1,2025-01-29 08:35:00,3717.77,-19.99,TRADE
VIC1,2025-01-29 08:40:00,3621.92,-19.99,TRADE
VIC1,2025-01-29 08:45:00,3519.91,-19.99,TRADE
VIC1,2025-01-29 08:50:00,3524.72,0.0,TRADE
VIC1,2025-01-29 08:55:00,3524.65,-19.99,TRADE
VIC1,2025-01-29 09:00:00,3426.3,-38.31,TRADE
VIC1,2025-01-29 09:05:00,3362.13,-30.75,TRADE
VIC1,2025-01-29 09:10:00,3317.9,-30.75,TRADE
VIC1,2025-01-29 09:15:00,3321.48,-33.5,TRADE
VIC1,2025-01-29 09:20:00,3288.95,-59.23,TRADE
VIC1,2025-01-29 09:25:00,3298.73,-33.5,TRADE
VIC1,2025-01-29 09:30:00,3231.06,-58.87,TRADE
VIC1,2025-01-29 09:35:00,3250.61,-36.24,TRADE
VIC1,2025-01-29 09:40:00,3249.63,-38.31,TRADE
VIC1,2025-01-29 09:45:00,3137.98,-38.31,TRADE
VIC1,2025-01-29 09:50:00,3135.07,-38.31,TRADE
VIC1,2025-01-29 09:55:00,3146.19,-36.15,TRADE
VIC1,2025-01-29 10:00:00,3127.79,-33.37,TRADE
VIC1,2025-01-29 10:05:00,3154.5,-33.5,TRADE
VIC1,2025-01-29 10:10:00,3189.12,-45.05,TRADE
VIC1,2025-01-29 10:15:00,3194.77,-41.21,TRADE
VIC1,2025-01-29 10:20:00,3129.72,-44.64,TRADE
VIC1,2025-01-29 10:25:00,3119.66,-44.78,TRADE
VIC1,2025-01-29 10:30:00,3053.61,-45.05,TRADE
VIC1,2025-01-29 10:35:00,3014.48,-45.05,TRADE
VIC1,2025-01-29 10:40:00,2911.75,-50.08,TRADE
VIC1,2025-01-29 10:45:00,2904.86,-48.13,TRADE
VIC1,2025-01-29 10:50:00,2879.78,-34.46,TRADE
VIC1,2025-01-29 10:55:00,2860.78,-58.87,TRADE
VIC1,2025-01-29 11:00:00,2831.74,-30.75,TRADE
VIC1,2025-01-29 11:05:00,2757.94,-66.31,TRADE
VIC1,2025-01-29 11:10:00,2838.04,-66.31,TRADE
VIC1,2025-01-29 11:15:00,2879.15,-59.47,TRADE
VIC1,2025-01-29 11:20:00,2873.63,-115.14,TRADE
VIC1,2025-01-29 11:25:00,2914.54,-91.18,TRADE
VIC1,2025-01-29 11:30:00,2915.34,-66.31,TRADE
VIC1,2025-01-29 11:35:00,2896.19,-66.31,TRADE
VIC1,2025-01-29 11:40:00,2897.37,-66.31,TRADE
VIC1,2025-01-29 11:45:00,2857.86,-66.31,TRADE
VIC1,2025-01-29 11:50:00,2839.06,-66.31,TRADE
VIC1,2025-01-29 11:55:00,2814.55,-63.94,TRADE
VIC1,2025-01-29 12:00:00,2756.84,-66.31,TRADE
VIC1,2025-01-29 12:05:00,2770.11,-59.92,TRADE
VIC1,2025-01-29 12:10:00,2705.5,-58.87,TRADE
VIC1,2025-01-29 12:15:00,2761.94,-59.41,TRADE
VIC1,2025-01-29 12:20:00,2706.69,-63.94,TRADE
VIC1,2025-01-29 12:25:00,2766.55,-60.87,TRADE
VIC1,2025-01-29 12:30:00,2763.89,-61.15,TRADE
VIC1,2025-01-29 12:35:00,2789.03,-50.08,TRADE
VIC1,2025-01-29 12:40:00,2801.65,-58.87,TRADE
VIC1,2025-01-29 12:45:00,2813.77,-51.82,TRADE
VIC1,2025-01-29 12:50:00,2821.55,-58.87,TRADE
VIC1,2025-01-29 12:55:00,2823.42,-58.87,TRADE
VIC1,2025-01-29 13:00:00,2818.43,-58.87,TRADE
VIC1,2025-01-29 13:05:00,2865.78,-50.08,TRADE
VIC1,2025-01-29 13:10:00,2915.68,-38.31,TRADE
VIC1,2025-01-29 13:15:00,2874.62,-50.08,TRADE
VIC1,2025-01-29 13:20:00,2897.97,-58.87,TRADE
VIC1,2025-01-29 13:25:00,2916.56,-46.73,TRADE
VIC1,2025-01-29 13:30:00,2897.24,-38.31,TRADE
VIC1,2025-01-29 13:35:00,2876.25,-39.49,TRADE
VIC1,2025-01-29 13:40:00,2719.05,-39.49,TRADE
VIC1,2025-01-29 13:45:00,2728.81,-38.31,TRADE
VIC1,2025-01-29 13:50:00,2700.89,-50.08,TRADE
VIC1,2025-01-29 13:55:00,2757.8,-38.31,TRADE
VIC1,2025-01-29 14:00:00,2716.29,-50.08,TRADE
VIC1,2025-01-29 14:05:00,2727.09,-38.31,TRADE
VIC1,2025-01-29 14:10:00,2669.96,-58.87,TRADE
VIC1,2025-01-29 14:15:00,2673.38,-59.47,TRADE
VIC1,2025-01-29 14:20:00,2707.74,-58.87,TRADE
VIC1,2025-01-29 14:25:00,2719.5,-39.49,TRADE
VIC1,2025-01-29 14:30:00,2835.91,-22.03,TRADE
VIC1,2025-01-29 14:35:00,2755.79,-50.08,TRADE
VIC1,2025-01-29 14:40:00,2798.1,-46.73,TRADE
VIC1,2025-01-29 14:45:00,2848.55,-37.68,TRADE
VIC1,2025-01-29 14:50:00,2801.43,-50.08,TRADE
VIC1,2025-01-29 14:55:00,2887.54,-38.31,TRADE
VIC1,2025-01-29 15:00:00,2935.35,-50.08,TRADE
VIC1,2025-01-29 15:05:00,2956.35,-50.08,TRADE
VIC1,2025-01-29 15:10:00,3034.04,-38.31,TRADE
VIC1,2025-01-29 15:15:00,3067.5,0.0,TRADE
VIC1,2025-01-29 15:20:00,3001.35,-20.19,TRADE
VIC1,2025-01-29 15:25:00,2977.99,-34.46,TRADE
VIC1,2025-01-29 15:30:00,3070.58,-19.99,TRADE
VIC1,2025-01-29 15:35:00,3066.43,-34.46,TRADE
VIC1,2025-01-29 15:40:00,3172.07,-19.57,TRADE
VIC1,2025-01-29 15:45:00,3233.43,4.5,TRADE
VIC1,2025-01-29 15:50:00,3202.94,-19.99,TRADE
VIC1,2025-01-29 15:55:00,3307.99,-20.0,TRADE
VIC1,2025-01-29 16:00:00,3309.18,-20.97,TRADE
VIC1,2025-01-29 16:05:00,3349.41,-50.08,TRADE
VIC1,2025-01-29 16:10:00,3407.93,-38.31,TRADE
VIC1,2025-01-29 16:15:00,3541.48,-59.47,TRADE
VIC1,2025-01-29 16:20:00,3641.49,-38.31,TRADE
VIC1,2025-01-29 16:25:00,3743.13,-59.47,TRADE
VIC1,2025-01-29 16:30:00,3863.18,-38.31,TRADE
VIC1,2025-01-29 16:35:00,3941.06,-39.49,TRADE
VIC1,2025-01-29 16:40:00,3936.75,-50.08,TRADE
VIC1,2025-01-29 16:45:00,4030.35,-20.0,TRADE
VIC1,2025-01-29 16:50:00,4052.9,-30.75,TRADE
VIC1,2025-01-29 16:55:00,4083.65,-33.5,TRADE
VIC1,2025-01-29 17:00:00,4210.92,-19.57,TRADE
VIC1,2025-01-29 17:05:00,4222.3,-19.57,TRADE
VIC1,2025-01-29 17:10:00,4101.89,-20.0,TRADE
VIC1,2025-01-29 17:15:00,4257.87,4.5,TRADE
VIC1,2025-01-29 17:20:00,4287.64,17.99,TRADE
VIC1,2025-01-29 17:25:00,4380.27,8.95,TRADE
VIC1,2025-01-29 17:30:00,4449.39,8.95,TRADE
VIC1,2025-01-29 17:35:00,4397.26,9.0,TRADE
VIC1,2025-01-29 17:40:00,4386.67,9.0,TRADE
VIC1,2025-01-29 17:45:00,4511.45,-19.57,TRADE
VIC1,2025-01-29 17:50:00,4637.44,8.95,TRADE
VIC1,2025-01-29 17:55:00,4746.79,-33.5,TRADE
VIC1,2025-01-29 18:00:00,4858.02,-20.0,TRADE
VIC1,2025-01-29 18:05:00,5006.86,-32.0,TRADE
VIC1,2025-01-29 18:10:00,5063.82,8.95,TRADE
VIC1,2025-01-29 18:15:00,5137.45,0.0,TRADE
VIC1,2025-01-29 18:20:00,5286.1,0.0,TRADE
VIC1,2025-01-29 18:25:00,5156.33,0.0,TRADE
VIC1,2025-01-29 18:30:00,5168.58,-45.05,TRADE
VIC1,2025-01-29 18:35:00,5069.55,-32.0,TRADE
VIC1,2025-01-29 18:40:00,5120.52,-20.19,TRADE
VIC1,2025-01-29 18:45:00,5224.6,-19.72,TRADE
VIC1,2025-01-29 18:50:00,5301.94,-16.15,TRADE
VIC1,2025-01-29 18:55:00,5333.35,-7.51,TRADE
VIC1,2025-01-29 19:00:00,5391.91,8.95,TRADE
VIC1,2025-01-29 19:05:00,5349.64,8.95,TRADE
VIC1,2025-01-29 19:10:00,5329.05,8.95,TRADE
VIC1,2025-01-29 19:15:00,5428.78,8.95,TRADE
VIC1,2025-01-29 19:20:00,5483.28,9.0,TRADE
VIC1,2025-01-29 19:25:00,5496.14,9.0,TRADE
VIC1,2025-01-29 19:30:00,5519.87,12.0,TRADE
VIC1,2025-01-29 19:35:00,5544.84,9.01,TRADE
VIC1,2025-01-29 19:40:00,5552.68,15.0,TRADE
VIC1,2025-01-29 19:45:00,5567.16,9.0,TRADE
VIC1,2025-01-29 19:50:00,5571.1,17.99,TRADE
VIC1,2025-01-29 19:55:00,5569.34,52.81,TRADE
VIC1,2025-01-29 20:00:00,5586.99,89.04,TRADE
VIC1,2025-01-29 20:05:00,5597.21,69.4,TRADE
VIC1,2025-01-29 20:10:00,5583.07,68.64,TRADE
VIC1,2025-01-29 20:15:00,5620.17,71.26,TRADE
VIC1,2025-01-29 20:20:00,5492.7,71.5,TRADE
VIC1,2025-01-29 20:25:00,5535.8,99.86,TRADE
VIC1,2025-01-29 20:30:00,5486.38,79.59,TRADE
VIC1,2025-01-29 20:35:00,5362.0,72.18,TRADE
VIC1,2025-01-29 20:40:00,5326.35,73.8,TRADE
VIC1,2025-01-29 20:45:00,5288.84,79.63,TRADE
VIC1,2025-01-29 20:50:00,5342.15,90.17,TRADE
VIC1,2025-01-29 20:55:00,5180.84,72.03,TRADE
VIC1,2025-01-29 21:00:00,5142.97,68.63,TRADE
VIC1,2025-01-29 21:05:00,5111.35,72.26,TRADE
VIC1,2025-01-29 21:10:00,5197.89,82.77,TRADE
VIC1,2025-01-29 21:15:00,5193.14,83.71,TRADE
VIC1,2025-01-29 21:20:00,5077.33,75.16,TRADE
VIC1,2025-01-29 21:25:00,5094.5,75.6,TRADE
VIC1,2025-01-29 21:30:00,5109.55,72.56,TRADE
VIC1,2025-01-29 21:35:00,5068.63,66.39,TRADE
VIC1,2025-01-29 21:40:00,5083.98,74.6,TRADE
VIC1,2025-01-29 21:45:00,4989.71,67.03,TRADE
VIC1,2025-01-29 21:50:00,4884.27,65.25,TRADE
VIC1,2025-01-29 21:55:00,4886.96,65.87,TRADE
VIC1,2025-01-29 22:00:00,4830.4,66.28,TRADE
VIC1,2025-01-29 22:05:00,4757.67,73.76,TRADE
VIC1,2025-01-29 22:10:00,4785.94,79.0,TRADE
VIC1,2025-01-29 22:15:00,4742.49,74.28,TRADE
VIC1,2025-01-29 22:20:00,4789.57,74.87,TRADE
VIC1,2025-01-29 22:25:00,4677.22,71.15,TRADE
VIC1,2025-01-29 22:30:00,4638.87,67.56,TRADE
VIC1,2025-01-29 22:35:00,4695.03,72.87,TRADE
VIC1,2025-01-29 22:40:00,4729.9,79.0,TRADE
VIC1,2025-01-29 22:45:00,4619.75,76.87,TRADE
VIC1,2025-01-29 22:50:00,4616.04,72.16,TRADE
VIC1,2025-01-29 22:55:00,4528.41,71.01,TRADE
VIC1,2025-01-29 23:00:00,4561.1,70.92,TRADE
VIC1,2025-01-29 23:05:00,4543.59,72.23,TRADE
VIC1,2025-01-29 23:10:00,4791.92,81.18,TRADE
VIC1,2025-01-29 23:15:00,4832.36,79.98,TRADE
VIC1,2025-01-29 23:20:00,4784.58,78.58,TRADE
VIC1,2025-01-29 23:25:00,4765.23,79.0,TRADE
VIC1,2025-01-29 23:30:00,4901.18,80.07,TRADE
VIC1,2025-01-29 23:35:00,4841.28,79.0,TRADE
VIC1,2025-01-29 23:40:00,4820.58,79.0,TRADE
VIC1,2025-01-29 23:45:00,4752.63,77.32,TRADE
VIC1,2025-01-29 23:50:00,4658.5,76.24,TRADE
VIC1,2025-01-29 23:55:00,4651.0,76.28,TRADE
VIC1,2025-01-30 00:00:00,4620.48,75.65,TRADE
VIC1,2025-01-30 00:05:00,4604.27,69.42,TRADE
VIC1,2025-01-30 00:10:00,4567.15,77.69,TRADE
VIC1,2025-01-30 00:15:00,4518.83,72.93,TRADE
VIC1,2025-01-30 00:20:00,4560.61,79.0,TRADE
VIC1,2025-01-30 00:25:00,4504.39,61.49,TRADE
VIC1,2025-01-30 00:30:00,4495.74,68.66,TRADE
VIC1,2025-01-30 00:35:00,4486.64,71.02,TRADE
VIC1,2025-01-30 00:40:00,4550.31,79.0,TRADE
VIC1,2025-01-30 00:45:00,4487.37,70.95,TRADE
VIC1,2025-01-30 00:50:00,4404.21,69.17,TRADE
VIC1,2025-01-30 00:55:00,4397.38,69.14,TRADE
VIC1,2025-01-30 01:00:00,4397.27,68.57,TRADE
VIC1,2025-01-30 01:05:00,4472.44,70.36,TRADE
VIC1,2025-01-30 01:10:00,4412.23,73.96,TRADE
VIC1,2025-01-30 01:15:00,4334.58,68.6,TRADE
VIC1,2025-01-30 01:20:00,4416.6,69.04,TRADE
VIC1,2025-01-30 01:25:00,4367.36,69.0,TRADE
VIC1,2025-01-30 01:30:00,4342.95,68.37,TRADE
VIC1,2025-01-30 01:35:00,4278.09,67.88,TRADE
VIC1,2025-01-30 01:40:00,4264.36,67.34,TRADE
VIC1,2025-01-30 01:45:00,4246.43,67.27,TRADE
VIC1,2025-01-30 01:50:00,4210.81,35.95,TRADE
VIC1,2025-01-30 01:55:00,4286.51,67.33,TRADE
VIC1,2025-01-30 02:00:00,4283.67,66.73,TRADE
VIC1,2025-01-30 02:05:00,4219.98,66.73,TRADE
VIC1,2025-01-30 02:10:00,4305.21,71.54,TRADE
VIC1,2025-01-30 02:15:00,4267.84,52.66,TRADE
VIC1,2025-01-30 02:20:00,4262.45,35.95,TRADE
VIC1,2025-01-30 02:25:00,4219.2,67.21,TRADE
VIC1,2025-01-30 02:30:00,4232.15,67.7,TRADE
VIC1,2025-01-30 02:35:00,4285.98,68.21,TRADE
VIC1,2025-01-30 02:40:00,4263.8,67.72,TRADE
VIC1,2025-01-30 02:45:00,4248.88,67.69,TRADE
VIC1,2025-01-30 02:50:00,4244.65,67.14,TRADE
VIC1,2025-01-30 02:55:00,4274.46,67.13,TRADE
VIC1,2025-01-30 03:00:00,4277.23,67.1,TRADE
VIC1,2025-01-30 03:05:00,4278.44,72.35,TRADE
VIC1,2025-01-30 03:10:00,4213.45,67.73,TRADE
VIC1,2025-01-30 03:15:00,4174.71,36.01,TRADE
VIC1,2025-01-30 03:20:00,4242.6,70.69,TRADE
VIC1,2025-01-30 03:25:00,4278.72,72.28,TRADE
VIC1,2025-01-30 03:30:00,4246.93,72.25,TRADE
VIC1,2025-01-30 03:35:00,4259.72,72.2,TRADE
VIC1,2025-01-30 03:40:00,4276.06,72.82,TRADE
VIC1,2025-01-30 03:45:00,4293.68,72.82,TRADE
VIC1,2025-01-30 03:50:00,4192.48,71.77,TRADE
VIC1,2025-01-30 03:55:00,4229.94,72.39,TRADE
VIC1,2025-01-30 04:00:00,4352.18,89.95,TRADE
VIC1,2025-01-30 04:05:00,4246.94,69.48,TRADE
VIC1,2025-01-30 04:10:00,4326.99,69.96,TRADE
VIC1,2025-01-30 04:15:00,4366.34,79.0,TRADE
VIC1,2025-01-30 04:20:00,4417.31,91.36,TRADE
VIC1,2025-01-30 04:25:00,4454.71,82.57,TRADE
VIC1,2025-01-30 04:30:00,4417.94,79.0,TRADE
VIC1,2025-01-30 04:35:00,4521.62,76.95,TRADE
VIC1,2025-01-30 04:40:00,4564.94,79.0,TRADE
VIC1,2025-01-30 04:45:00,4528.27,79.0,TRADE
VIC1,2025-01-30 04:50:00,4598.25,88.6,TRADE
VIC1,2025-01-30 04:55:00,4486.49,83.12,TRADE
VIC1,2025-01-30 05:00:00,4551.95,81.03,TRADE
VIC1,2025-01-30 05:05:00,4580.94,87.06,TRADE
VIC1,2025-01-30 05:10:00,4731.1,120.0,TRADE
VIC1,2025-01-30 05:15:00,4797.8,95.9,TRADE
VIC1,2025-01-30 05:20:00,4783.38,120.0,TRADE
VIC1,2025-01-30 05:25:00,4910.57,125.5,TRADE
VIC1,2025-01-30 05:30:00,4967.49,125.5,TRADE
VIC1,2025-01-30 05:35:00,5028.32,128.74,TRADE
VIC1,2025-01-30 05:40:00,5057.56,139.41,TRADE
VIC1,2025-01-30 05:45:00,4929.27,125.5,TRADE
VIC1,2025-01-30 05:50:00,4963.04,160.0,TRADE
VIC1,2025-01-30 05:55:00,4996.47,129.07,TRADE
VIC1,2025-01-30 06:00:00,5011.08,128.9,TRADE
VIC1,2025-01-30 06:05:00,5037.68,123.4,TRADE
VIC1,2025-01-30 06:10:00,5045.08,122.18,TRADE
VIC1,2025-01-30 06:15:00,5078.04,112.2,TRADE
VIC1,2025-01-30 06:20:00,5117.36,103.89,TRADE
VIC1,2025-01-30 06:25:00,5028.0,79.0,TRADE
VIC1,2025-01-30 06:30:00,4954.97,79.0,TRADE
VIC1,2025-01-30 06:35:00,5013.29,80.09,TRADE
VIC1,2025-01-30 06:40:00,5023.6,71.6,TRADE
VIC1,2025-01-30 06:45:00,5000.18,59.0,TRADE
VIC1,2025-01-30 06:50:00,5104.29,67.96,TRADE
VIC1,2025-01-30 06:55:00,5037.38,49.89,TRADE
VIC1,2025-01-30 07:00:00,4970.69,38.64,TRADE
VIC1,2025-01-30 07:05:00,5002.37,49.78,TRADE
VIC1,2025-01-30 07:10:00,4926.49,59.0,TRADE
VIC1,2025-01-30 07:15:00,4885.75,50.54,TRADE
VIC1,2025-01-30 07:20:00,4747.26,37.46,TRADE
VIC1,2025-01-30 07:25:00,4743.27,39.52,TRADE
VIC1,2025-01-30 07:30:00,4699.69,19.19,TRADE
VIC1,2025-01-30 07:35:00,4741.86,12.0,TRADE
VIC1,2025-01-30 07:40:00,4783.64,9.0,TRADE
VIC1,2025-01-30 07:45:00,4707.45,9.0,TRADE
VIC1,2025-01-30 07:50:00,4619.72,0.0,TRADE
VIC1,2025-01-30 07:55:00,4606.37,-20.0,TRADE
VIC1,2025-01-30 08:00:00,4633.84,-21.0,TRADE
VIC1,2025-01-30 08:05:00,4511.62,-21.22,TRADE
VIC1,2025-01-30 08:10:00,4524.28,-0.5,TRADE
VIC1,2025-01-30 08:15:00,4343.44,-31.09,TRADE
VIC1,2025-01-30 08:20:00,4261.37,-30.75,TRADE
VIC1,2025-01-30 08:25:00,4297.87,-31.09,TRADE
VIC1,2025-01-30 08:30:00,4305.02,-30.75,TRADE
VIC1,2025-01-30 08:35:00,4212.25,-19.99,TRADE
VIC1,2025-01-30 08:40:00,4079.55,-34.46,TRADE
VIC1,2025-01-30 08:45:00,4150.61,-33.53,TRADE
VIC1,2025-01-30 08:50:00,4163.93,-34.46,TRADE
VIC1,2025-01-30 08:55:00,4092.21,-34.46,TRADE
VIC1,2025-01-30 09:00:00,3991.47,-37.18,TRADE
VIC1,2025-01-30 09:05:00,3916.93,-34.46,TRADE
VIC1,2025-01-30 09:10:00,3967.82,-34.46,TRADE
VIC1,2025-01-30 09:15:00,3930.89,-57.91,TRADE
VIC1,2025-01-30 09:20:00,3842.64,-55.92,TRADE
VIC1,2025-01-30 09:25:00,3938.89,-19.99,TRADE
VIC1,2025-01-30 09:30:00,3901.04,-34.46,TRADE
VIC1,2025-01-30 09:35:00,3867.36,-34.48,TRADE
VIC1,2025-01-30 09:40:00,3983.53,-34.46,TRADE
VIC1,2025-01-30 09:45:00,3882.81,-54.74,TRADE
VIC1,2025-01-30 09:50:00,3851.17,-34.54,TRADE
VIC1,2025-01-30 09:55:00,3874.78,-21.0,TRADE
VIC1,2025-01-30 10:00:00,3819.42,-45.05,TRADE
VIC1,2025-01-30 10:05:00,3713.0,-34.46,TRADE
VIC1,2025-01-30 10:10:00,3801.72,-38.28,TRADE
VIC1,2025-01-30 10:15:00,3798.72,-34.46,TRADE
VIC1,2025-01-30 10:20:00,3644.39,-37.01,TRADE
VIC1,2025-01-30 10:25:00,3535.49,-36.13,TRADE
VIC1,2025-01-30 10:30:00,3548.03,-44.0,TRADE
VIC1,2025-01-30 10:35:00,3475.68,-36.87,TRADE
VIC1,2025-01-30 10:40:00,3337.01,-37.18,TRADE
VIC1,2025-01-30 10:45:00,3344.28,-44.0,TRADE
VIC1,2025-01-30 10:50:00,3352.32,-36.78,TRADE
VIC1,2025-01-30 10:55:00,3308.44,-44.0,TRADE
VIC1,2025-01-30 11:00:00,3362.08,-44.0,TRADE
VIC1,2025-01-30 11:05:00,3330.48,-37.18,TRADE
VIC1,2025-01-30 11:10:00,3278.28,-38.17,TRADE
VIC1,2025-01-30 11:15:00,3239.46,-35.79,TRADE
VIC1,2025-01-30 11:20:00,3249.11,-37.18,TRADE
VIC1,2025-01-30 11:25:00,3385.42,-34.93,TRADE
VIC1,2025-01-30 11:30:00,3393.31,-34.46,TRADE
VIC1,2025-01-30 11:35:00,3255.53,-34.93,TRADE
VIC1,2025-01-30 11:40:00,3280.0,-37.18,TRADE
VIC1,2025-01-30 11:45:00,3270.81,-34.67,TRADE
VIC1,2025-01-30 11:50:00,3097.14,-34.67,TRADE
VIC1,2025-01-30 11:55:00,2994.14,-41.32,TRADE
VIC1,2025-01-30 12:00:00,2957.22,-37.48,TRADE
VIC1,2025-01-30 12:05:00,2996.78,-63.7,TRADE
VIC1,2025-01-30 12:10:00,2879.19,-48.0,TRADE
VIC1,2025-01-30 12:15:00,2864.32,-55.68,TRADE
VIC1,2025-01-30 12:20:00,2953.66,-50.08,TRADE
VIC1,2025-01-30 12:25:00,2910.71,-42.04,TRADE
VIC1,2025-01-30 12:30:00,2900.79,-34.67,TRADE
VIC1,2025-01-30 12:35:00,2804.83,-59.23,TRADE
VIC1,2025-01-30 12:40:00,2791.92,-48.0,TRADE
VIC1,2025-01-30 12:45:00,2799.22,-44.85,TRADE
VIC1,2025-01-30 12:50:00,2800.94,-48.0,TRADE
VIC1,2025-01-30 12:55:00,2696.33,-61.21,TRADE
VIC1,2025-01-30 13:00:00,2663.32,-50.01,TRADE
VIC1,2025-01-30 13:05:00,2688.18,-48.0,TRADE
VIC1,2025-01-30 13:10:00,2718.95,-48.0,TRADE
VIC1,2025-01-30 13:15:00,2684.86,-50.08,TRADE
VIC1,2025-01-30 13:20:00,2567.41,-62.95,TRADE
VIC1,2025-01-30 13:25:00,2572.28,-50.08,TRADE
VIC1,2025-01-30 13:30:00,2593.85,-50.01,TRADE
VIC1,2025-01-30 13:35:00,2515.81,-75.01,TRADE
VIC1,2025-01-30 13:40:00,2636.98,-50.01,TRADE
VIC1,2025-01-30 13:45:00,2622.32,-50.08,TRADE
VIC1,2025-01-30 13:50:00,2634.18,-66.31,TRADE
VIC1,2025-01-30 13:55:00,2620.85,-66.31,TRADE
VIC1,2025-01-30 14:00:00,2600.8,-63.94,TRADE
VIC1,2025-01-30 14:05:00,2646.05,-50.01,TRADE
VIC1,2025-01-30 14:10:00,2664.6,-60.0,TRADE
VIC1,2025-01-30 14:15:00,2647.9,-50.08,TRADE
VIC1,2025-01-30 14:20:00,2663.26,-48.0,TRADE
VIC1,2025-01-30 14:25:00,2761.18,-46.27,TRADE
VIC1,2025-01-30 14:30:00,2782.2,-37.18,TRADE
VIC1,2025-01-30 14:35:00,2776.46,-34.67,TRADE
VIC1,2025-01-30 14:40:00,2783.26,-57.46,TRADE
VIC1,2025-01-30 14:45:00,2843.21,-37.18,TRADE
VIC1,2025-01-30 14:50:00,2855.43,-39.49,TRADE
VIC1,2025-01-30 14:55:00,2865.39,-34.67,TRADE
VIC1,2025-01-30 15:00:00,2940.93,-19.99,TRADE
VIC1,2025-01-30 15:05:00,2950.02,-34.67,TRADE
VIC1,2025-01-30 15:10:00,3052.38,4.5,TRADE
VIC1,2025-01-30 15:15:00,2938.29,-34.46,TRADE
VIC1,2025-01-30 15:20:00,3102.43,-37.18,TRADE
VIC1,2025-01-30 15:25:00,3104.44,0.0,TRADE
VIC1,2025-01-30 15:30:00,3035.3,-34.67,TRADE
VIC1,2025-01-30 15:35:00,3231.67,-14.17,TRADE
VIC1,2025-01-30 15:40:00,3020.42,17.77,TRADE
VIC1,2025-01-30 15:45:00,3091.02,-30.75,TRADE
VIC1,2025-01-30 15:50:00,3167.86,4.5,TRADE
VIC1,2025-01-30 15:55:00,3221.87,-31.93,TRADE
VIC1,2025-01-30 16:00:00,3367.27,-45.65,TRADE
VIC1,2025-01-30 16:05:00,3476.46,-19.57,TRADE
VIC1,2025-01-30 16:10:00,3540.89,-31.83,TRADE
VIC1,2025-01-30 16:15:00,3668.61,-30.75,TRADE
VIC1,2025-01-30 16:20:00,3658.76,4.5,TRADE
VIC1,2025-01-30 16:25:00,3758.8,-19.99,TRADE
VIC1,2025-01-30 16:30:00,3873.84,-33.5,TRADE
VIC1,2025-01-30 16:35:00,3947.8,33.47,TRADE
VIC1,2025-01-30 16:40:00,3816.07,8.95,TRADE
VIC1,2025-01-30 16:45:00,3977.31,-19.99,TRADE
VIC1,2025-01-30 16:50:00,4113.58,52.06,TRADE
VIC1,2025-01-30 16:55:00,4128.87,33.89,TRADE
VIC1,2025-01-30 17:00:00,4216.09,-21.0,TRADE
VIC1,2025-01-30 17:05:00,4339.2,-6.31,TRADE
VIC1,2025-01-30 17:10:00,4086.65,8.95,TRADE
VIC1,2025-01-30 17:15:00,4202.06,33.89,TRADE
VIC1,2025-01-30 17:20:00,4318.09,49.6,TRADE
VIC1,2025-01-30 17:25:00,4328.52,65.4,TRADE
VIC1,2025-01-30 17:30:00,4364.91,66.02,TRADE
VIC1,2025-01-30 17:35:00,4523.84,65.74,TRADE
VIC1,2025-01-30 17:40:00,4551.9,65.8,TRADE
VIC1,2025-01-30 17:45:00,4583.79,66.19,TRADE
VIC1,2025-01-30 17:50:00,4714.17,91.15,TRADE
VIC1,2025-01-30 17:55:00,4798.85,61.16,TRADE
VIC1,2025-01-30 18:00:00,4932.38,65.06,TRADE
VIC1,2025-01-30 18:05:00,5121.66,65.8,TRADE
VIC1,2025-01-30 18:10:00,5184.9,112.48,TRADE
VIC1,2025-01-30 18:15:00,4915.67,111.07,TRADE
VIC1,2025-01-30 18:20:00,5024.53,122.45,TRADE
VIC1,2025-01-30 18:25:00,5097.91,103.39,TRADE
VIC1,2025-01-30 18:30:00,5337.96,104.24,TRADE
VIC1,2025-01-30 18:35:00,5455.54,101.65,TRADE
VIC1,2025-01-30 18:40:00,5483.25,85.37,TRADE
VIC1,2025-01-30 18:45:00,5618.05,101.65,TRADE
VIC1,2025-01-30 18:50:00,5535.74,103.23,TRADE
VIC1,2025-01-30 18:55:00,5560.5,102.2,TRADE
VIC1,2025-01-30 19:00:00,5507.6,124.42,TRADE
VIC1,2025-01-30 19:05:00,5494.89,101.58,TRADE
VIC1,2025-01-30 19:10:00,5548.88,101.65,TRADE
VIC1,2025-01-30 19:15:00,5564.93,125.5,TRADE
VIC1,2025-01-30 19:20:00,5451.79,101.65,TRADE
VIC1,2025-01-30 19:25:00,5552.27,102.74,TRADE
VIC1,2025-01-30 19:30:00,5462.86,101.65,TRADE
VIC1,2025-01-30 19:35:00,5478.89,111.91,TRADE
VIC1,2025-01-30 19:40:00,5455.73,79.78,TRADE
VIC1,2025-01-30 19:45:00,5423.91,105.89,TRADE
VIC1,2025-01-30 19:50:00,5474.45,123.38,TRADE
VIC1,2025-01-30 19:55:00,5476.67,111.64,TRADE
VIC1,2025-01-30 20:00:00,5385.1,109.5,TRADE
VIC1,2025-01-30 20:05:00,5467.59,124.28,TRADE
VIC1,2025-01-30 20:10:00,5456.59,107.44,TRADE
VIC1,2025-01-30 20:15:00,5455.88,107.29,TRADE
VIC1,2025-01-30 20:20:00,5394.2,108.2,TRADE
VIC1,2025-01-30 20:25:00,5299.38,79.0,TRADE
VIC1,2025-01-30 20:30:00,5255.26,79.0,TRADE
VIC1,2025-01-30 20:35:00,5280.18,79.0,TRADE
VIC1,2025-01-30 20:40:00,5238.71,79.0,TRADE
VIC1,2025-01-30 20:45:00,5196.06,79.0,TRADE
VIC1,2025-01-30 20:50:00,5221.5,78.23,TRADE
VIC1,2025-01-30 20:55:00,5180.53,77.64,TRADE
VIC1,2025-01-30 21:00:00,5161.22,71.64,TRADE
VIC1,2025-01-30 21:05:00,5039.09,70.47,TRADE
VIC1,2025-01-30 21:10:00,5030.2,79.0,TRADE
VIC1,2025-01-30 21:15:00,5015.89,94.94,TRADE
VIC1,2025-01-30 21:20:00,4928.83,70.79,TRADE
VIC1,2025-01-30 21:25:00,5023.8,79.0,TRADE
VIC1,2025-01-30 21:30:00,4970.48,79.0,TRADE
VIC1,2025-01-30 21:35:00,4895.25,96.43,TRADE
VIC1,2025-01-30 21:40:00,4873.07,82.77,TRADE
VIC1,2025-01-30 21:45:00,4835.93,95.65,TRADE
VIC1,2025-01-30 21:50:00,4806.63,83.04,TRADE
VIC1,2025-01-30 21:55:00,4676.2,79.0,TRADE
VIC1,2025-01-30 22:00:00,4642.96,68.56,TRADE
VIC1,2025-01-30 22:05:00,4656.26,70.1,TRADE
VIC1,2025-01-30 22:10:00,4702.92,75.95,TRADE
VIC1,2025-01-30 22:15:00,4682.67,75.18,TRADE
VIC1,2025-01-30 22:20:00,4760.89,76.34,TRADE
VIC1,2025-01-30 22:25:00,4729.35,73.95,TRADE
VIC1,2025-01-30 22:30:00,4697.3,71.09,TRADE
VIC1,2025-01-30 22:35:00,4614.29,69.93,TRADE
VIC1,2025-01-30 22:40:00,4634.51,70.45,TRADE
VIC1,2025-01-30 22:45:00,4671.6,70.44,TRADE
VIC1,2025-01-30 22:50:00,4681.33,67.93,TRADE
VIC1,2025-01-30 22:55:00,4660.47,68.43,TRADE
VIC1,2025-01-30 23:00:00,4618.16,67.8,TRADE
VIC1,2025-01-30 23:05:00,4668.86,52.21,TRADE
VIC1,2025-01-30 23:10:00,4862.38,79.0,TRADE
VIC1,2025-01-30 23:15:00,4846.56,67.7,TRADE
VIC1,2025-01-30 23:20:00,4743.77,59.0,TRADE
VIC1,2025-01-30 23:25:00,4770.18,59.0,TRADE
VIC1,2025-01-30 23:30:00,4792.22,68.36,TRADE
VIC1,2025-01-30 23:35:00,4755.05,68.44,TRADE
VIC1,2025-01-30 23:40:00,4770.5,69.74,TRADE
VIC1,2025-01-30 23:45:00,4695.74,68.47,TRADE
VIC1,2025-01-30 23:50:00,4617.93,59.0,TRADE
VIC1,2025-01-30 23:55:00,4630.73,58.11,TRADE
VIC1,2025-01-31 00:00:00,4611.61,59.0,TRADE
VIC1,2025-01-31 00:05:00,4597.74,68.59,TRADE
VIC1,2025-01-31 00:10:00,4466.5,67.05,TRADE
VIC1,2025-01-31 00:15:00,4476.07,67.19,TRADE
VIC1,2025-01-31 00:20:00,4483.11,66.89,TRADE
VIC1,2025-01-31 00:25:00,4446.65,56.45,TRADE
VIC1,2025-01-31 00:30:00,4361.39,50.35,TRADE
VIC1,2025-01-31 00:35:00,4428.31,69.38,TRADE
VIC1,2025-01-31 00:40:00,4352.61,64.52,TRADE
VIC1,2025-01-31 00:45:00,4347.59,59.0,TRADE
VIC1,2025-01-31 00:50:00,4264.97,55.97,TRADE
VIC1,2025-01-31 00:55:00,4238.68,59.0,TRADE
VIC1,2025-01-31 01:00:00,4311.86,67.03,TRADE
VIC1,2025-01-31 01:05:00,4311.66,70.51,TRADE
VIC1,2025-01-31 01:10:00,4255.52,69.9,TRADE
VIC1,2025-01-31 01:15:00,4271.32,69.89,TRADE
VIC1,2025-01-31 01:20:00,4272.82,68.56,TRADE
VIC1,2025-01-31 01:25:00,4241.35,51.49,TRADE
VIC1,2025-01-31 01:30:00,4262.48,68.59,TRADE
VIC1,2025-01-31 01:35:00,4178.58,59.0,TRADE
VIC1,2025-01-31 01:40:00,4209.19,67.99,TRADE
VIC1,2025-01-31 01:45:00,4228.54,68.62,TRADE
VIC1,2025-01-31 01:50:00,4177.52,67.41,TRADE
VIC1,2025-01-31 01:55:00,4196.52,59.0,TRADE
VIC1,2025-01-31 02:00:00,4175.24,66.42,TRADE
VIC1,2025-01-31 02:05:00,4174.09,66.85,TRADE
VIC1,2025-01-31 02:10:00,4121.81,50.16,TRADE
VIC1,2025-01-31 02:15:00,4110.3,66.8,TRADE
VIC1,2025-01-31 02:20:00,4092.45,66.24,TRADE
VIC1,2025-01-31 02:25:00,4190.0,66.83,TRADE
VIC1,2025-01-31 02:30:00,4152.46,59.0,TRADE
VIC1,2025-01-31 02:35:00,4079.18,65.56,TRADE
VIC1,2025-01-31 02:40:00,4157.89,67.28,TRADE
VIC1,2025-01-31 02:45:00,4159.73,66.71,TRADE
VIC1,2025-01-31 02:50:00,4120.35,66.53,TRADE
VIC1,2025-01-31 02:55:00,4041.62,48.76,TRADE
VIC1,2025-01-31 03:00:00,4062.92,65.0,TRADE
VIC1,2025-01-31 03:05:00,4059.59,48.36,TRADE
VIC1,2025-01-31 03:10:00,4168.57,67.95,TRADE
VIC1,2025-01-31 03:15:00,4129.43,64.95,TRADE
VIC1,2025-01-31 03:20:00,4137.25,65.55,TRADE
VIC1,2025-01-31 03:25:00,4171.71,66.01,TRADE
VIC1,2025-01-31 03:30:00,4161.16,65.52,TRADE
VIC1,2025-01-31 03:35:00,4100.21,59.0,TRADE
VIC1,2025-01-31 03:40:00,4107.69,64.84,TRADE
VIC1,2025-01-31 03:45:00,4100.99,64.33,TRADE
VIC1,2025-01-31 03:50:00,4184.67,64.86,TRADE
VIC1,2025-01-31 03:55:00,4211.23,64.9,TRADE
VIC1,2025-01-31 04:00:00,4142.34,59.0,TRADE
VIC1,2025-01-31 04:05:00,4218.61,66.65,TRADE
VIC1,2025-01-31 04:10:00,4234.89,67.2,TRADE
VIC1,2025-01-31 04:15:00,4184.01,65.61,TRADE
VIC1,2025-01-31 04:20:00,4304.51,79.0,TRADE
VIC1,2025-01-31 04:25:00,4274.07,68.38,TRADE
VIC1,2025-01-31 04:30:00,4274.47,79.0,TRADE
VIC1,2025-01-31 04:35:00,4324.93,64.62,TRADE
VIC1,2025-01-31 04:40:00,4415.16,77.03,TRADE
VIC1,2025-01-31 04:45:00,4418.73,65.97,TRADE
VIC1,2025-01-31 04:50:00,4382.72,65.49,TRADE
VIC1,2025-01-31 04:55:00,4485.75,75.45,TRADE
VIC1,2025-01-31 05:00:00,4507.78,79.0,TRADE
VIC1,2025-01-31 05:05:00,4578.03,79.0,TRADE
VIC1,2025-01-31 05:10:00,4582.72,79.0,TRADE
VIC1,2025-01-31 05:15:00,4588.91,90.57,TRADE
VIC1,2025-01-31 05:20:00,4656.47,113.81,TRADE
VIC1,2025-01-31 05:25:00,4741.29,119.77,TRADE
VIC1,2025-01-31 05:30:00,4755.04,120.0,TRADE
VIC1,2025-01-31 05:35:00,4755.39,120.81,TRADE
VIC1,2025-01-31 05:40:00,4834.31,122.74,TRADE
VIC1,2025-01-31 05:45:00,4866.25,138.35,TRADE
VIC1,2025-01-31 05:50:00,4799.14,132.14,TRADE
VIC1,2025-01-31 05:55:00,4856.07,120.58,TRADE
VIC1,2025-01-31 06:00:00,4821.02,99.67,TRADE
VIC1,2025-01-31 06:05:00,4870.01,101.34,TRADE
VIC1,2025-01-31 06:10:00,4916.96,92.44,TRADE
VIC1,2025-01-31 06:15:00,5031.07,101.27,TRADE
VIC1,2025-01-31 06:20:00,5018.84,89.48,TRADE
VIC1,2025-01-31 06:25:00,4889.8,79.0,TRADE
VIC1,2025-01-31 06:30:00,5011.09,79.0,TRADE
VIC1,2025-01-31 06:35:00,4979.71,79.0,TRADE
VIC1,2025-01-31 06:40:00,4991.65,59.0,TRADE
VIC1,2025-01-31 06:45:00,4925.79,59.0,TRADE
VIC1,2025-01-31 06:50:00,4856.62,54.87,TRADE
VIC1,2025-01-31 06:55:00,4879.36,55.28,TRADE
VIC1,2025-01-31 07:00:00,4877.46,47.89,TRADE
VIC1,2025-01-31 07:05:00,4893.11,55.45,TRADE
VIC1,2025-01-31 07:10:00,4828.1,54.9,TRADE
VIC1,2025-01-31 07:15:00,4831.98,54.37,TRADE
VIC1,2025-01-31 07:20:00,4783.25,53.88,TRADE
VIC1,2025-01-31 07:25:00,4670.18,40.51,TRADE
VIC1,2025-01-31 07:30:00,4618.91,39.8,TRADE
VIC1,2025-01-31 07:35:00,4709.54,41.21,TRADE
VIC1,2025-01-31 07:40:00,4647.98,32.85,TRADE
VIC1,2025-01-31 07:45:00,4553.75,37.4,TRADE
VIC1,2025-01-31 07:50:00,4556.94,46.34,TRADE
VIC1,2025-01-31 07:55:00,4488.04,19.19,TRADE
VIC1,2025-01-31 08:00:00,4457.96,19.19,TRADE
VIC1,2025-01-31 08:05:00,4343.52,-18.08,TRADE
VIC1,2025-01-31 08:10:00,4373.32,-20.19,TRADE
VIC1,2025-01-31 08:15:00,4521.93,-15.93,TRADE
VIC1,2025-01-31 08:20:00,4422.82,-18.08,TRADE
VIC1,2025-01-31 08:25:00,4289.2,-20.19,TRADE
VIC1,2025-01-31 08:30:00,4319.26,-17.55,TRADE
VIC1,2025-01-31 08:35:00,4282.49,-20.0,TRADE
VIC1,2025-01-31 08:40:00,4256.14,-19.38,TRADE
VIC1,2025-01-31 08:45:00,4128.43,0.0,TRADE
VIC1,2025-01-31 08:50:00,4079.86,8.95,TRADE
VIC1,2025-01-31 08:55:00,3982.65,8.95,TRADE
VIC1,2025-01-31 09:00:00,3957.25,8.95,TRADE
VIC1,2025-01-31 09:05:00,3928.61,8.95,TRADE
VIC1,2025-01-31 09:10:00,3804.77,-21.0,TRADE
VIC1,2025-01-31 09:15:00,3815.35,8.95,TRADE
VIC1,2025-01-31 09:20:00,3690.73,-31.09,TRADE
VIC1,2025-01-31 09:25:00,3616.68,-22.91,TRADE
VIC1,2025-01-31 09:30:00,3661.03,-29.7,TRADE
VIC1,2025-01-31 09:35:00,3605.3,-22.03,TRADE
VIC1,2025-01-31 09:40:00,3490.13,-26.7,TRADE
VIC1,2025-01-31 09:45:00,3409.26,-22.79,TRADE
VIC1,2025-01-31 09:50:00,3368.26,-32.94,TRADE
VIC1,2025-01-31 09:55:00,3305.25,-33.72,TRADE
VIC1,2025-01-31 10:00:00,3191.19,-34.46,TRADE
VIC1,2025-01-31 10:05:00,3175.58,-33.6,TRADE
VIC1,2025-01-31 10:10:00,3114.2,-32.95,TRADE
VIC1,2025-01-31 10:15:00,3109.52,-32.58,TRADE
VIC1,2025-01-31 10:20:00,3097.17,-32.0,TRADE
VIC1,2025-01-31 10:25:00,3145.39,-34.46,TRADE
VIC1,2025-01-31 10:30:00,3197.05,-26.7,TRADE
VIC1,2025-01-31 10:35:00,3156.65,-22.03,TRADE
VIC1,2025-01-31 10:40:00,3148.38,-11.02,TRADE
VIC1,2025-01-31 10:45:00,3105.9,-15.11,TRADE
VIC1,2025-01-31 10:50:00,3076.48,-28.84,TRADE
VIC1,2025-01-31 10:55:00,3083.61,-32.0,TRADE
VIC1,2025-01-31 11:00:00,3085.09,-29.54,TRADE
VIC1,2025-01-31 11:05:00,3055.99,-20.19,TRADE
VIC1,2025-01-31 11:10:00,3005.06,-34.46,TRADE
VIC1,2025-01-31 11:15:00,3048.56,-32.0,TRADE
VIC1,2025-01-31 11:20:00,2948.06,-40.31,TRADE
VIC1,2025-01-31 11:25:00,2916.12,-40.49,TRADE
VIC1,2025-01-31 11:30:00,2827.09,-40.98,TRADE
VIC1,2025-01-31 11:35:00,2947.49,-38.21,TRADE
VIC1,2025-01-31 11:40:00,2914.34,-38.48,TRADE
VIC1,2025-01-31 11:45:00,2910.36,-34.46,TRADE
VIC1,2025-01-31 11:50:00,2836.21,-34.46,TRADE
VIC1,2025-01-31 11:55:00,2865.03,-34.46,TRADE
VIC1,2025-01-31 12:00:00,2780.97,-38.08,TRADE
VIC1,2025-01-31 12:05:00,2790.61,-37.71,TRADE
VIC1,2025-01-31 12:10:00,2828.97,-34.46,TRADE
VIC1,2025-01-31 12:15:00,2918.2,-35.1,TRADE
VIC1,2025-01-31 12:20:00,2778.79,-32.0,TRADE
VIC1,2025-01-31 12:25:00,2600.14,-37.35,TRADE
VIC1,2025-01-31 12:30:00,2845.26,-33.5,TRADE
VIC1,2025-01-31 12:35:00,2782.33,-37.86,TRADE
VIC1,2025-01-31 12:40:00,2817.29,-37.86,TRADE
VIC1,2025-01-31 12:45:00,2865.73,-34.83,TRADE
VIC1,2025-01-31 12:50:00,2874.26,-33.5,TRADE
VIC1,2025-01-31 12:55:00,2821.55,-21.0,TRADE
VIC1,2025-01-31 13:00:00,2830.94,-34.46,TRADE
VIC1,2025-01-31 13:05:00,2937.19,-16.95,TRADE
VIC1,2025-01-31 13:10:00,2797.02,-33.5,TRADE
VIC1,2025-01-31 13:15:00,2881.51,-37.83,TRADE
VIC1,2025-01-31 13:20:00,2852.99,-23.72,TRADE
VIC1,2025-01-31 13:25:00,2829.46,-37.19,TRADE
VIC1,2025-01-31 13:30:00,2966.73,-33.5,TRADE
VIC1,2025-01-31 13:35:00,2843.4,-30.75,TRADE
VIC1,2025-01-31 13:40:00,2889.07,-32.0,TRADE
VIC1,2025-01-31 13:45:00,2989.39,-30.75,TRADE
VIC1,2025-01-31 13:50:00,2837.82,-36.88,TRADE
VIC1,2025-01-31 13:55:00,2866.57,-34.46,TRADE
VIC1,2025-01-31 14:00:00,2916.27,-30.75,TRADE
VIC1,2025-01-31 14:05:00,2901.57,-37.19,TRADE
VIC1,2025-01-31 14:10:00,2991.01,-33.07,TRADE
VIC1,2025-01-31 14:15:00,2971.46,-34.59,TRADE
VIC1,2025-01-31 14:20:00,2958.34,-23.13,TRADE
VIC1,2025-01-31 14:25:00,3021.79,-33.5,TRADE
VIC1,2025-01-31 14:30:00,3102.59,-21.0,TRADE
VIC1,2025-01-31 14:35:00,3136.21,-23.12,TRADE
VIC1,2025-01-31 14:40:00,3154.55,-15.8,TRADE
VIC1,2025-01-31 14:45:00,3154.28,-28.41,TRADE
VIC1,2025-01-31 14:50:00,3233.84,-8.06,TRADE
VIC1,2025-01-31 14:55:00,3294.03,-19.57,TRADE
VIC1,2025-01-31 15:00:00,3296.17,-30.75,TRADE
VIC1,2025-01-31 15:05:00,3242.23,-21.0,TRADE
VIC1,2025-01-31 15:10:00,3420.93,-7.51,TRADE
VIC1,2025-01-31 15:15:00,3534.87,-1.92,TRADE
VIC1,2025-01-31 15:20:00,3442.03,-21.0,TRADE
VIC1,2025-01-31 15:25:00,3567.2,8.95,TRADE
VIC1,2025-01-31 15:30:00,3576.45,-11.72,TRADE
VIC1,2025-01-31 15:35:00,3495.41,-23.28,TRADE
VIC1,2025-01-31 15:40:00,3516.87,-11.83,TRADE
VIC1,2025-01-31 15:45:00,3636.06,-11.72,TRADE
VIC1,2025-01-31 15:50:00,3736.46,7.99,TRADE
VIC1,2025-01-31 15:55:00,3809.06,12.0,TRADE
VIC1,2025-01-31 16:00:00,3835.0,8.76,TRADE
VIC1,2025-01-31 16:05:00,3771.36,-20.76,TRADE
VIC1,2025-01-31 16:10:00,3559.64,-28.65,TRADE
VIC1,2025-01-31 16:15:00,3539.86,-27.73,TRADE
VIC1,2025-01-31 16:20:00,3663.72,-20.19,TRADE
VIC1,2025-01-31 16:25:00,3673.48,-43.98,TRADE
VIC1,2025-01-31 16:30:00,3866.39,-23.01,TRADE
VIC1,2025-01-31 16:35:00,3934.64,-19.78,TRADE
VIC1,2025-01-31 16:40:00,3962.86,-12.81,TRADE
VIC1,2025-01-31 16:45:00,3958.91,-18.08,TRADE
VIC1,2025-01-31 16:50:00,4081.64,-19.99,TRADE
VIC1,2025-01-31 16:55:00,4126.73,-21.0,TRADE
VIC1,2025-01-31 17:00:00,4248.67,-18.08,TRADE
VIC1,2025-01-31 17:05:00,4319.17,-20.19,TRADE
VIC1,2025-01-31 17:10:00,4311.67,-30.75,TRADE
VIC1,2025-01-31 17:15:00,4343.55,-19.57,TRADE
VIC1,2025-01-31 17:20:00,4519.81,9.0,TRADE
VIC1,2025-01-31 17:25:00,4612.46,-19.57,TRADE
VIC1,2025-01-31 17:30:00,4851.96,-8.05,TRADE
VIC1,2025-01-31 17:35:00,5127.69,-20.0,TRADE
VIC1,2025-01-31 17:40:00,5232.9,-1.7,TRADE
VIC1,2025-01-31 17:45:00,5295.41,1.25,TRADE
VIC1,2025-01-31 17:50:00,5271.01,8.95,TRADE
VIC1,2025-01-31 17:55:00,5281.78,9.0,TRADE
VIC1,2025-01-31 18:00:00,5320.62,11.01,TRADE
VIC1,2025-01-31 18:05:00,5453.3,56.05,TRADE
VIC1,2025-01-31 18:10:00,5408.1,125.88,TRADE
VIC1,2025-01-31 18:15:00,5215.55,126.09,TRADE
VIC1,2025-01-31 18:20:00,5390.34,123.02,TRADE
VIC1,2025-01-31 18:25:00,5524.7,120.59,TRADE
VIC1,2025-01-31 18:30:00,5603.57,118.44,TRADE
VIC1,2025-01-31 18:35:00,5601.62,72.84,TRADE
VIC1,2025-01-31 18:40:00,5652.85,71.24,TRADE
VIC1,2025-01-31 18:45:00,5763.01,72.72,TRADE
VIC1,2025-01-31 18:50:00,5774.86,109.12,TRADE
VIC1,2025-01-31 18:55:00,5829.7,109.38,TRADE
VIC1,2025-01-31 19:00:00,5831.9,117.92,TRADE
VIC1,2025-01-31 19:05:00,5745.48,107.45,TRADE
VIC1,2025-01-31 19:10:00,5742.76,96.93,TRADE
VIC1,2025-01-31 19:15:00,5807.12,107.19,TRADE
VIC1,2025-01-31 19:20:00,5734.61,73.8,TRADE
VIC1,2025-01-31 19:25:00,5818.32,105.52,TRADE
VIC1,2025-01-31 19:30:00,5841.01,81.03,TRADE
VIC1,2025-01-31 19:35:00,5751.9,79.03,TRADE
VIC1,2025-01-31 19:40:00,5717.4,68.14,TRADE
VIC1,2025-01-31 19:45:00,5740.92,98.41,TRADE
VIC1,2025-01-31 19:50:00,5759.91,105.42,TRADE
VIC1,2025-01-31 19:55:00,5674.61,94.5,TRADE
VIC1,2025-01-31 20:00:00,5697.4,96.49,TRADE
VIC1,2025-01-31 20:05:00,5579.92,78.08,TRADE
VIC1,2025-01-31 20:10:00,5595.6,96.32,TRADE
VIC1,2025-01-31 20:15:00,5568.86,94.74,TRADE
VIC1,2025-01-31 20:20:00,5492.86,94.39,TRADE
VIC1,2025-01-31 20:25:00,5513.61,95.21,TRADE
VIC1,2025-01-31 20:30:00,5547.41,77.93,TRADE
VIC1,2025-01-31 20:35:00,5494.1,98.87,TRADE
VIC1,2025-01-31 20:40:00,5503.2,101.11,TRADE
VIC1,2025-01-31 20:45:00,5473.38,84.34,TRADE
VIC1,2025-01-31 20:50:00,5404.55,71.96,TRADE
VIC1,2025-01-31 20:55:00,5262.31,72.07,TRADE
VIC1,2025-01-31 21:00:00,5281.71,72.05,TRADE
VIC1,2025-01-31 21:05:00,5288.48,79.28,TRADE
VIC1,2025-01-31 21:10:00,5267.82,71.87,TRADE
VIC1,2025-01-31 21:15:00,5147.31,70.19,TRADE
VIC1,2025-01-31 21:20:00,5171.18,70.12,TRADE
VIC1,2025-01-31 21:25:00,5165.21,70.66,TRADE
VIC1,2025-01-31 21:30:00,5036.74,69.02,TRADE
VIC1,2025-01-31 21:35:00,5084.58,70.08,TRADE
VIC1,2025-01-31 21:40:00,4998.59,63.88,TRADE
VIC1,2025-01-31 21:45:00,4963.57,67.05,TRADE
VIC1,2025-01-31 21:50:00,4909.47,67.27,TRADE
VIC1,2025-01-31 21:55:00,4949.98,68.29,TRADE
VIC1,2025-01-31 22:00:00,4870.67,61.73,TRADE
VIC1,2025-01-31 22:05:00,4793.36,67.81,TRADE
VIC1,2025-01-31 22:10:00,4793.75,73.26,TRADE
VIC1,2025-01-31 22:15:00,4743.8,72.63,TRADE
VIC1,2025-01-31 22:20:00,4806.8,79.73,TRADE
VIC1,2025-01-31 22:25:00,4695.91,63.14,TRADE
VIC1,2025-01-31 22:30:00,4740.43,67.57,TRADE
VIC1,2025-01-31 22:35:00,4682.05,67.01,TRADE
VIC1,2025-01-31 22:40:00,4657.04,61.96,TRADE
VIC1,2025-01-31 22:45:00,4770.09,65.14,TRADE
VIC1,2025-01-31 22:50:00,4718.62,49.28,TRADE
VIC1,2025-01-31 22:55:00,4622.66,35.95,TRADE
VIC1,2025-01-31 23:00:00,4668.64,49.3,TRADE
VIC1,2025-01-31 23:05:00,4716.02,63.81,TRADE
VIC1,2025-01-31 23:10:00,4880.14,64.45,TRADE
VIC1,2025-01-31 23:15:00,4836.08,64.34,TRADE
VIC1,2025-01-31 23:20:00,4824.24,64.39,TRADE
VIC1,2025-01-31 23:25:00,4890.31,64.83,TRADE
VIC1,2025-01-31 23:30:00,4874.89,65.49,TRADE
VIC1,2025-01-31 23:35:00,4869.73,67.11,TRADE
VIC1,2025-01-31 23:40:00,4828.37,66.83,TRADE
VIC1,2025-01-31 23:45:00,4740.7,65.6,TRADE
VIC1,2025-01-31 23:50:00,4691.98,66.08,TRADE
VIC1,2025-01-31 23:55:00,4703.13,66.1,TRADE
VIC1,2025-02-03 00:00:00,5399.86,18.63,TRADE
VIC1,2025-02-03 00:05:00,5411.75,79.0,TRADE
VIC1,2025-02-03 00:10:00,5235.77,8.95,TRADE
VIC1,2025-02-03 00:15:00,5278.82,8.95,TRADE
VIC1,2025-02-03 00:20:00,5234.62,8.95,TRADE
VIC1,2025-02-03 00:25:00,5193.45,9.0,TRADE
VIC1,2025-02-03 00:30:00,5151.89,8.95,TRADE
VIC1,2025-02-03 00:35:00,5174.81,9.0,TRADE
VIC1,2025-02-03 00:40:00,5163.92,-5.58,TRADE
VIC1,2025-02-03 00:45:00,5055.24,-5.6,TRADE
VIC1,2025-02-03 00:50:00,5052.95,-5.57,TRADE
VIC1,2025-02-03 00:55:00,5027.71,8.95,TRADE
VIC1,2025-02-03 01:00:00,4977.19,9.0,TRADE
VIC1,2025-02-03 01:05:00,4968.1,8.15,TRADE
VIC1,2025-02-03 01:10:00,4893.12,8.95,TRADE
VIC1,2025-02-03 01:15:00,4869.04,8.95,TRADE
VIC1,2025-02-03 01:20:00,4912.6,8.95,TRADE
VIC1,2025-02-03 01:25:00,4886.53,7.95,TRADE
VIC1,2025-02-03 01:30:00,4906.53,8.95,TRADE
VIC1,2025-02-03 01:35:00,4974.02,8.95,TRADE
VIC1,2025-02-03 01:40:00,4984.38,8.95,TRADE
VIC1,2025-02-03 01:45:00,4944.49,8.95,TRADE
VIC1,2025-02-03 01:50:00,4895.28,8.95,TRADE
VIC1,2025-02-03 01:55:00,4766.95,7.95,TRADE
VIC1,2025-02-03 02:00:00,4809.72,8.95,TRADE
VIC1,2025-02-03 02:05:00,4816.78,8.95,TRADE
VIC1,2025-02-03 02:10:00,4807.46,8.95,TRADE
VIC1,2025-02-03 02:15:00,4713.29,-20.0,TRADE
VIC1,2025-02-03 02:20:00,4740.12,8.95,TRADE
VIC1,2025-02-03 02:25:00,4727.14,8.95,TRADE
VIC1,2025-02-03 02:30:00,4559.14,-20.0,TRADE
VIC1,2025-02-03 02:35:00,4613.0,9.0,TRADE
VIC1,2025-02-03 02:40:00,4660.59,9.0,TRADE
VIC1,2025-02-03 02:45:00,4673.24,8.95,TRADE
VIC1,2025-02-03 02:50:00,4582.37,-20.0,TRADE
VIC1,2025-02-03 02:55:00,4615.97,-7.51,TRADE
VIC1,2025-02-03 03:00:00,4678.49,9.0,TRADE
VIC1,2025-02-03 03:05:00,4640.63,8.95,TRADE
VIC1,2025-02-03 03:10:00,4653.85,8.95,TRADE
VIC1,2025-02-03 03:15:00,4662.6,-19.57,TRADE
VIC1,2025-02-03 03:20:00,4629.47,-19.57,TRADE
VIC1,2025-02-03 03:25:00,4630.14,0.0,TRADE
VIC1,2025-02-03 03:30:00,4585.19,8.95,TRADE
VIC1,2025-02-03 03:35:00,4586.38,8.95,TRADE
VIC1,2025-02-03 03:40:00,4604.59,8.95,TRADE
VIC1,2025-02-03 03:45:00,4592.32,8.95,TRADE
VIC1,2025-02-03 03:50:00,4672.09,8.95,TRADE
VIC1,2025-02-03 03:55:00,4723.0,8.95,TRADE
VIC1,2025-02-03 04:00:00,4676.5,8.95,TRADE
VIC1,2025-02-03 04:05:00,4817.37,8.95,TRADE
VIC1,2025-02-03 04:10:00,4866.43,9.0,TRADE
VIC1,2025-02-03 04:15:00,4905.04,9.0,TRADE
VIC1,2025-02-03 04:20:00,4891.7,9.0,TRADE
VIC1,2025-02-03 04:25:00,4811.81,8.95,TRADE
VIC1,2025-02-03 04:30:00,4815.83,8.95,TRADE
VIC1,2025-02-03 04:35:00,4854.96,8.95,TRADE
VIC1,2025-02-03 04:40:00,5017.82,66.94,TRADE
VIC1,2025-02-03 04:45:00,5023.9,9.0,TRADE
VIC1,2025-02-03 04:50:00,4973.01,8.95,TRADE
VIC1,2025-02-03 04:55:00,5103.26,19.19,TRADE
VIC1,2025-02-03 05:00:00,5097.93,19.19,TRADE
VIC1,2025-02-03 05:05:00,5126.95,71.34,TRADE
VIC1,2025-02-03 05:10:00,5264.44,80.28,TRADE
VIC1,2025-02-03 05:15:00,5218.32,91.22,TRADE
VIC1,2025-02-03 05:20:00,5279.41,105.28,TRADE
VIC1,2025-02-03 05:25:00,5330.19,114.15,TRADE
VIC1,2025-02-03 05:30:00,5329.73,120.0,TRADE
VIC1,2025-02-03 05:35:00,5434.8,120.95,TRADE
VIC1,2025-02-03 05:40:00,5530.16,137.96,TRADE
VIC1,2025-02-03 05:45:00,5547.73,145.9,TRADE
VIC1,2025-02-03 05:50:00,5566.88,130.9,TRADE
VIC1,2025-02-03 05:55:00,5567.66,143.83,TRADE
VIC1,2025-02-03 06:00:00,5573.51,123.51,TRADE
VIC1,2025-02-03 06:05:00,5582.65,120.0,TRADE
VIC1,2025-02-03 06:10:00,5693.18,120.98,TRADE
VIC1,2025-02-03 06:15:00,5823.94,128.98,TRADE
VIC1,2025-02-03 06:20:00,5837.15,132.72,TRADE
VIC1,2025-02-03 06:25:00,5811.08,133.89,TRADE
VIC1,2025-02-03 06:30:00,5878.47,149.45,TRADE
VIC1,2025-02-03 06:35:00,5842.96,149.68,TRADE
VIC1,2025-02-03 06:40:00,5849.42,209.89,TRADE
VIC1,2025-02-03 06:45:00,5734.45,100.01,TRADE
VIC1,2025-02-03 06:50:00,5666.36,80.41,TRADE
VIC1,2025-02-03 06:55:00,5844.51,120.53,TRADE
VIC1,2025-02-03 07:00:00,5875.17,117.8,TRADE
VIC1,2025-02-03 07:05:00,5745.48,116.79,TRADE
VIC1,2025-02-03 07:10:00,5753.2,116.55,TRADE
VIC1,2025-02-03 07:15:00,5813.36,118.64,TRADE
VIC1,2025-02-03 07:20:00,5773.37,92.92,TRADE
VIC1,2025-02-03 07:25:00,5672.49,79.0,TRADE
VIC1,2025-02-03 07:30:00,5599.17,59.0,TRADE
VIC1,2025-02-03 07:35:00,5568.35,82.67,TRADE
VIC1,2025-02-03 07:40:00,5623.72,82.75,TRADE
VIC1,2025-02-03 07:45:00,5636.45,62.14,TRADE
VIC1,2025-02-03 07:50:00,5753.04,101.52,TRADE
VIC1,2025-02-03 07:55:00,5776.77,120.83,TRADE
VIC1,2025-02-03 08:00:00,5795.73,121.6,TRADE
VIC1,2025-02-03 08:05:00,5827.26,158.05,TRADE
VIC1,2025-02-03 08:10:00,5889.37,238.58,TRADE
VIC1,2025-02-03 08:15:00,5833.08,156.42,TRADE
VIC1,2025-02-03 08:20:00,5860.68,158.34,TRADE
VIC1,2025-02-03 08:25:00,6043.57,252.93,TRADE
VIC1,2025-02-03 08:30:00,6131.55,252.63,TRADE
VIC1,2025-02-03 08:35:00,5978.35,241.96,TRADE
VIC1,2025-02-03 08:40:00,6004.88,165.84,TRADE
VIC1,2025-02-03 08:45:00,6047.06,123.66,TRADE
VIC1,2025-02-03 08:50:00,5937.52,100.34,TRADE
VIC1,2025-02-03 08:55:00,5936.26,112.44,TRADE
VIC1,2025-02-03 09:00:00,5837.91,110.91,TRADE
VIC1,2025-02-03 09:05:00,5798.89,66.08,TRADE
VIC1,2025-02-03 09:10:00,5815.33,59.09,TRADE
VIC1,2025-02-03 09:15:00,5845.92,54.71,TRADE
VIC1,2025-02-03 09:20:00,5842.22,39.89,TRADE
VIC1,2025-02-03 09:25:00,5852.64,34.74,TRADE
VIC1,2025-02-03 09:30:00,6053.68,53.41,TRADE
VIC1,2025-02-03 09:35:00,6076.87,59.56,TRADE
VIC1,2025-02-03 09:40:00,6071.19,55.58,TRADE
VIC1,2025-02-03 09:45:00,6122.96,57.58,TRADE
VIC1,2025-02-03 09:50:00,6131.05,54.01,TRADE
VIC1,2025-02-03 09:55:00,6268.8,94.68,TRADE
VIC1,2025-02-03 10:00:00,6320.18,104.51,TRADE
VIC1,2025-02-03 10:05:00,6323.08,82.5,TRADE
VIC1,2025-02-03 10:10:00,6396.89,107.18,TRADE
VIC1,2025-02-03 10:15:00,6412.29,106.6,TRADE
VIC1,2025-02-03 10:20:00,6407.6,105.39,TRADE
VIC1,2025-02-03 10:25:00,6474.48,119.8,TRADE
VIC1,2025-02-03 10:30:00,6425.44,106.34,TRADE
VIC1,2025-02-03 10:35:00,6515.38,120.82,TRADE
VIC1,2025-02-03 10:40:00,6532.92,160.11,TRADE
VIC1,2025-02-03 10:45:00,6592.11,165.59,TRADE
VIC1,2025-02-03 10:50:00,6566.59,123.65,TRADE
VIC1,2025-02-03 10:55:00,6613.49,115.02,TRADE
VIC1,2025-02-03 11:00:00,6712.88,125.89,TRADE
VIC1,2025-02-03 11:05:00,6760.45,126.23,TRADE
VIC1,2025-02-03 11:10:00,6787.41,138.65,TRADE
VIC1,2025-02-03 11:15:00,6691.65,139.38,TRADE
VIC1,2025-02-03 11:20:00,6787.8,128.52,TRADE
VIC1,2025-02-03 11:25:00,6893.2,230.03,TRADE
VIC1,2025-02-03 11:30:00,6940.31,259.84,TRADE
VIC1,2025-02-03 11:35:00,7013.78,210.31,TRADE
VIC1,2025-02-03 11:40:00,7055.34,190.08,TRADE
VIC1,2025-02-03 11:45:00,7021.98,140.29,TRADE
VIC1,2025-02-03 11:50:00,6894.65,114.3,TRADE
VIC1,2025-02-03 11:55:00,6862.46,113.75,TRADE
VIC1,2025-02-03 12:00:00,6981.31,115.61,TRADE
VIC1,2025-02-03 12:05:00,6944.92,115.02,TRADE
VIC1,2025-02-03 12:10:00,7039.22,116.51,TRADE
VIC1,2025-02-03 12:15:00,7051.25,128.92,TRADE
VIC1,2025-02-03 12:20:00,6997.9,169.93,TRADE
VIC1,2025-02-03 12:25:00,7049.81,141.62,TRADE
VIC1,2025-02-03 12:30:00,7044.42,154.16,TRADE
VIC1,2025-02-03 12:35:00,6962.07,82.5,TRADE
VIC1,2025-02-03 12:40:00,6902.36,99.63,TRADE
VIC1,2025-02-03 12:45:00,6867.24,98.74,TRADE
VIC1,2025-02-03 12:50:00,6909.83,115.02,TRADE
VIC1,2025-02-03 12:55:00,6900.23,114.73,TRADE
VIC1,2025-02-03 13:00:00,6882.98,114.73,TRADE
VIC1,2025-02-03 13:05:00,6863.79,117.11,TRADE
VIC1,2025-02-03 13:10:00,6860.93,116.21,TRADE
VIC1,2025-02-03 13:15:00,6843.04,89.99,TRADE
VIC1,2025-02-03 13:20:00,6878.16,99.16,TRADE
VIC1,2025-02-03 13:25:00,6743.21,82.5,TRADE
VIC1,2025-02-03 13:30:00,6733.15,83.9,TRADE
VIC1,2025-02-03 13:35:00,6798.46,92.31,TRADE
VIC1,2025-02-03 13:40:00,6892.32,82.5,TRADE
VIC1,2025-02-03 13:45:00,6921.88,105.24,TRADE
VIC1,2025-02-03 13:50:00,6950.4,115.91,TRADE
VIC1,2025-02-03 13:55:00,7064.54,115.02,TRADE
VIC1,2025-02-03 14:00:00,7115.1,127.47,TRADE
VIC1,2025-02-03 14:05:00,7172.14,88.85,TRADE
VIC1,2025-02-03 14:10:00,7323.54,110.46,TRADE
VIC1,2025-02-03 14:15:00,7424.43,128.48,TRADE
VIC1,2025-02-03 14:20:00,7556.37,168.45,TRADE
VIC1,2025-02-03 14:25:00,7596.83,137.96,TRADE
VIC1,2025-02-03 14:30:00,7740.55,211.02,TRADE
VIC1,2025-02-03 14:35:00,7860.41,244.39,TRADE
VIC1,2025-02-03 14:40:00,8008.95,228.79,TRADE
VIC1,2025-02-03 14:45:00,8092.75,282.98,TRADE
VIC1,2025-02-03 14:50:00,8199.71,282.95,TRADE
VIC1,2025-02-03 14:55:00,8310.84,487.25,TRADE
VIC1,2025-02-03 15:00:00,8298.81,292.55,TRADE
VIC1,2025-02-03 15:05:00,8372.76,282.89,TRADE
VIC1,2025-02-03 15:10:00,8530.48,500.52,TRADE
VIC1,2025-02-03 15:15:00,8696.74,725.25,TRADE
VIC1,2025-02-03 15:20:00,8874.83,754.75,TRADE
VIC1,2025-02-03 15:25:00,8904.36,574.5,TRADE
VIC1,2025-02-03 15:30:00,8806.4,289.57,TRADE
VIC1,2025-02-03 15:35:00,8827.13,222.41,TRADE
VIC1,2025-02-03 15:40:00,8858.34,228.9,TRADE
VIC1,2025-02-03 15:45:00,8844.91,310.76,TRADE
VIC1,2025-02-03 15:50:00,8801.35,220.35,TRADE
VIC1,2025-02-03 15:55:00,8669.91,214.82,TRADE
VIC1,2025-02-03 16:00:00,8704.42,280.05,TRADE
VIC1,2025-02-03 16:05:00,8686.43,296.19,TRADE
VIC1,2025-02-03 16:10:00,8634.21,496.58,TRADE
VIC1,2025-02-03 16:15:00,8810.68,847.93,TRADE
VIC1,2025-02-03 16:20:00,8779.63,512.17,TRADE
VIC1,2025-02-03 16:25:00,8906.97,508.42,TRADE
VIC1,2025-02-03 16:30:00,8801.2,406.48,TRADE
VIC1,2025-02-03 16:35:00,8916.13,274.38,TRADE
VIC1,2025-02-03 16:40:00,8909.52,293.31,TRADE
VIC1,2025-02-03 16:45:00,8896.96,230.2,TRADE
VIC1,2025-02-03 16:50:00,8997.76,288.09,TRADE
VIC1,2025-02-03 16:55:00,8895.12,246.01,TRADE
VIC1,2025-02-03 17:00:00,8893.44,227.9,TRADE
VIC1,2025-02-03 17:05:00,8867.01,216.39,TRADE
VIC1,2025-02-03 17:10:00,8774.62,215.64,TRADE
VIC1,2025-02-03 17:15:00,9070.33,297.19,TRADE
VIC1,2025-02-03 17:20:00,9174.66,292.54,TRADE
VIC1,2025-02-03 17:25:00,9254.71,523.81,TRADE
VIC1,2025-02-03 17:30:00,9345.93,295.48,TRADE
VIC1,2025-02-03 17:35:00,9311.58,309.24,TRADE
VIC1,2025-02-03 17:40:00,8983.81,294.73,TRADE
VIC1,2025-02-03 17:45:00,8940.21,296.93,TRADE
VIC1,2025-02-03 17:50:00,9036.05,399.37,TRADE
VIC1,2025-02-03 17:55:00,8953.33,527.07,TRADE
VIC1,2025-02-03 18:00:00,8981.07,329.25,TRADE
VIC1,2025-02-03 18:05:00,9059.1,299.72,TRADE
VIC1,2025-02-03 18:10:00,9107.48,302.65,TRADE
VIC1,2025-02-03 18:15:00,9174.95,320.39,TRADE
VIC1,2025-02-03 18:20:00,9180.44,301.7,TRADE
VIC1,2025-02-03 18:25:00,9387.6,331.07,TRADE
VIC1,2025-02-03 18:30:00,9400.09,336.78,TRADE
VIC1,2025-02-03 18:35:00,9404.68,311.38,TRADE
VIC1,2025-02-03 18:40:00,9490.53,361.61,TRADE
VIC1,2025-02-03 18:45:00,9456.88,500.08,TRADE
VIC1,2025-02-03 18:50:00,9446.15,896.95,TRADE
VIC1,2025-02-03 18:55:00,9330.24,501.1,TRADE
VIC1,2025-02-03 19:00:00,9340.61,910.96,TRADE
VIC1,2025-02-03 19:05:00,9175.63,11346.81,TRADE
VIC1,2025-02-03 19:10:00,9061.1,11144.4,TRADE
VIC1,2025-02-03 19:15:00,8980.55,8369.72,TRADE
VIC1,2025-02-03 19:20:00,8889.74,3844.0,TRADE
VIC1,2025-02-03 19:25:00,8811.07,1119.51,TRADE
VIC1,2025-02-03 19:30:00,8820.25,377.5,TRADE
VIC1,2025-02-03 19:35:00,8765.26,279.23,TRADE
VIC1,2025-02-03 19:40:00,8648.66,168.21,TRADE
VIC1,2025-02-03 19:45:00,8426.42,164.26,TRADE
VIC1,2025-02-03 19:50:00,8416.54,153.37,TRADE
VIC1,2025-02-03 19:55:00,8408.99,152.53,TRADE
VIC1,2025-02-03 20:00:00,8436.49,160.0,TRADE
VIC1,2025-02-03 20:05:00,8259.59,240.01,TRADE
VIC1,2025-02-03 20:10:00,8200.12,160.0,TRADE
VIC1,2025-02-03 20:15:00,8095.78,226.61,TRADE
VIC1,2025-02-03 20:20:00,8011.72,181.93,TRADE
VIC1,2025-02-03 20:25:00,7867.26,160.0,TRADE
VIC1,2025-02-03 20:30:00,7801.38,160.0,TRADE
VIC1,2025-02-03 20:35:00,7758.65,174.86,TRADE
VIC1,2025-02-03 20:40:00,7794.58,274.04,TRADE
VIC1,2025-02-03 20:45:00,7694.3,191.36,TRADE
VIC1,2025-02-03 20:50:00,7642.99,192.01,TRADE
VIC1,2025-02-03 20:55:00,7605.53,170.68,TRADE
VIC1,2025-02-03 21:00:00,7535.3,168.61,TRADE
VIC1,2025-02-03 21:05:00,7472.52,238.09,TRADE
VIC1,2025-02-03 21:10:00,7264.47,195.25,TRADE
VIC1,2025-02-03 21:15:00,7132.39,194.4,TRADE
VIC1,2025-02-03 21:20:00,6985.96,191.68,TRADE
VIC1,2025-02-03 21:25:00,6875.68,166.1,TRADE
VIC1,2025-02-03 21:30:00,6812.27,154.86,TRADE
VIC1,2025-02-03 21:35:00,6747.5,191.56,TRADE
VIC1,2025-02-03 21:40:00,6658.37,195.15,TRADE
VIC1,2025-02-03 21:45:00,6597.43,200.89,TRADE
VIC1,2025-02-03 21:50:00,6558.39,171.44,TRADE
VIC1,2025-02-03 21:55:00,6486.3,160.0,TRADE
VIC1,2025-02-03 22:00:00,6461.13,137.96,TRADE
VIC1,2025-02-03 22:05:00,6495.02,147.87,TRADE
VIC1,2025-02-03 22:10:00,6462.9,152.71,TRADE
VIC1,2025-02-03 22:15:00,6488.45,160.0,TRADE
VIC1,2025-02-03 22:20:00,6495.76,156.7,TRADE
VIC1,2025-02-03 22:25:00,6453.6,160.0,TRADE
VIC1,2025-02-03 22:30:00,6427.12,160.0,TRADE
VIC1,2025-02-03 22:35:00,6349.83,165.56,TRADE
VIC1,2025-02-03 22:40:00,6246.91,160.0,TRADE
VIC1,2025-02-03 22:45:00,6239.11,154.92,TRADE
VIC1,2025-02-03 22:50:00,6145.05,154.84,TRADE
VIC1,2025-02-03 22:55:00,6217.97,120.0,TRADE
VIC1,2025-02-03 23:00:00,6253.21,148.12,TRADE
VIC1,2025-02-03 23:05:00,6166.32,146.76,TRADE
VIC1,2025-02-03 23:10:00,6277.08,167.15,TRADE
VIC1,2025-02-03 23:15:00,6253.46,160.0,TRADE
VIC1,2025-02-03 23:20:00,6236.42,160.0,TRADE
VIC1,2025-02-03 23:25:00,6182.6,157.91,TRADE
VIC1,2025-02-03 23:30:00,6106.23,121.7,TRADE
VIC1,2025-02-03 23:35:00,6005.89,120.0,TRADE
VIC1,2025-02-03 23:40:00,6036.7,120.0,TRADE
VIC1,2025-02-03 23:45:00,5973.31,120.0,TRADE
VIC1,2025-02-03 23:50:00,5795.56,97.88,TRADE
VIC1,2025-02-03 23:55:00,5748.76,99.07,TRADE
VIC1,2025-02-04 00:00:00,5838.66,98.57,TRADE
VIC1,2025-02-04 00:05:00,5774.59,120.0,TRADE
VIC1,2025-02-04 00:10:00,5794.01,132.13,TRADE
VIC1,2025-02-04 00:15:00,5687.32,120.0,TRADE
VIC1,2025-02-04 00:20:00,5545.37,114.73,TRADE
VIC1,2025-02-04 00:25:00,5535.97,116.81,TRADE
VIC1,2025-02-04 00:30:00,5534.79,108.91,TRADE
VIC1,2025-02-04 00:35:00,5578.49,114.44,TRADE
VIC1,2025-02-04 00:40:00,5463.77,108.96,TRADE
VIC1,2025-02-04 00:45:00,5463.4,109.75,TRADE
VIC1,2025-02-04 00:50:00,5437.57,108.79,TRADE
VIC1,2025-02-04 00:55:00,5352.12,97.72,TRADE
VIC1,2025-02-04 01:00:00,5297.17,96.83,TRADE
VIC1,2025-02-04 01:05:00,5177.31,86.76,TRADE
VIC1,2025-02-04 01:10:00,5137.76,81.13,TRADE
VIC1,2025-02-04 01:15:00,5183.37,80.19,TRADE
VIC1,2025-02-04 01:20:00,5216.82,75.98,TRADE
VIC1,2025-02-04 01:25:00,5160.18,76.17,TRADE
VIC1,2025-02-04 01:30:00,5182.01,75.13,TRADE
VIC1,2025-02-04 01:35:00,5219.65,72.43,TRADE
VIC1,2025-02-04 01:40:00,5223.1,72.38,TRADE
VIC1,2025-02-04 01:45:00,5203.68,75.54,TRADE
VIC1,2025-02-04 01:50:00,5137.16,68.54,TRADE
VIC1,2025-02-04 01:55:00,5222.29,75.48,TRADE
VIC1,2025-02-04 02:00:00,5101.4,65.51,TRADE
VIC1,2025-02-04 02:05:00,5158.64,70.01,TRADE
VIC1,2025-02-04 02:10:00,5223.43,74.81,TRADE
VIC1,2025-02-04 02:15:00,5085.95,68.57,TRADE
VIC1,2025-02-04 02:20:00,5150.18,75.75,TRADE
VIC1,2025-02-04 02:25:00,5108.87,75.4,TRADE
VIC1,2025-02-04 02:30:00,5077.31,75.14,TRADE
VIC1,2025-02-04 02:35:00,5074.22,76.75,TRADE
VIC1,2025-02-04 02:40:00,5009.14,75.94,TRADE
VIC1,2025-02-04 02:45:00,5007.62,73.09,TRADE
VIC1,2025-02-04 02:50:00,5131.7,79.83,TRADE
VIC1,2025-02-04 02:55:00,5104.58,76.09,TRADE
VIC1,2025-02-04 03:00:00,5010.98,69.46,TRADE
VIC1,2025-02-04 03:05:00,5083.15,76.09,TRADE
VIC1,2025-02-04 03:10:00,5086.1,72.44,TRADE
VIC1,2025-02-04 03:15:00,5055.24,74.72,TRADE
VIC1,2025-02-04 03:20:00,5057.33,73.83,TRADE
VIC1,2025-02-04 03:25:00,5022.58,72.93,TRADE
VIC1,2025-02-04 03:30:00,5066.2,71.78,TRADE
VIC1,2025-02-04 03:35:00,5051.51,73.92,TRADE
VIC1,2025-02-04 03:40:00,5021.65,71.64,TRADE
VIC1,2025-02-04 03:45:00,5063.89,74.38,TRADE
VIC1,2025-02-04 03:50:00,5048.11,74.22,TRADE
VIC1,2025-02-04 03:55:00,5039.74,72.39,TRADE
VIC1,2025-02-04 04:00:00,5068.43,74.61,TRADE
VIC1,2025-02-04 04:05:00,4979.4,46.29,TRADE
VIC1,2025-02-04 04:10:00,5064.56,75.89,TRADE
VIC1,2025-02-04 04:15:00,5052.7,79.0,TRADE
VIC1,2025-02-04 04:20:00,4977.38,75.6,TRADE
VIC1,2025-02-04 04:25:00,5116.31,56.12,TRADE
VIC1,2025-02-04 04:30:00,5119.82,79.0,TRADE
VIC1,2025-02-04 04:35:00,5144.12,76.22,TRADE
VIC1,2025-02-04 04:40:00,5170.36,79.0,TRADE
VIC1,2025-02-04 04:45:00,5132.44,75.93,TRADE
VIC1,2025-02-04 04:50:00,5194.69,79.0,TRADE
VIC1,2025-02-04 04:55:00,5315.17,80.22,TRADE
VIC1,2025-02-04 05:00:00,5339.46,89.69,TRADE
VIC1,2025-02-04 05:05:00,5331.03,86.66,TRADE
VIC1,2025-02-04 05:10:00,5590.45,112.16,TRADE
VIC1,2025-02-04 05:15:00,5661.6,117.43,TRADE
VIC1,2025-02-04 05:20:00,5721.88,120.0,TRADE
VIC1,2025-02-04 05:25:00,5802.16,133.18,TRADE
VIC1,2025-02-04 05:30:00,5744.06,120.0,TRADE
VIC1,2025-02-04 05:35:00,5822.77,120.0,TRADE
VIC1,2025-02-04 05:40:00,5977.54,143.24,TRADE
VIC1,2025-02-04 05:45:00,5995.41,152.7,TRADE
VIC1,2025-02-04 05:50:00,6002.68,154.07,TRADE
VIC1,2025-02-04 05:55:00,6125.27,153.17,TRADE
VIC1,2025-02-04 06:00:00,6212.16,160.0,TRADE
VIC1,2025-02-04 06:05:00,6212.44,153.65,TRADE
VIC1,2025-02-04 06:10:00,6327.17,177.25,TRADE
VIC1,2025-02-04 06:15:00,6282.28,206.06,TRADE
VIC1,2025-02-04 06:20:00,6318.82,181.24,TRADE
VIC1,2025-02-04 06:25:00,6354.09,206.35,TRADE
VIC1,2025-02-04 06:30:00,6361.26,178.19,TRADE
VIC1,2025-02-04 06:35:00,6382.27,160.0,TRADE
VIC1,2025-02-04 06:40:00,6394.24,160.0,TRADE
VIC1,2025-02-04 06:45:00,6523.53,159.8,TRADE
VIC1,2025-02-04 06:50:00,6500.06,160.0,TRADE
VIC1,2025-02-04 06:55:00,6384.75,160.0,TRADE
VIC1,2025-02-04 07:00:00,6370.65,120.0,TRADE
VIC1,2025-02-04 07:05:00,6398.43,160.0,TRADE
VIC1,2025-02-04 07:10:00,6328.16,160.0,TRADE
VIC1,2025-02-04 07:15:00,6339.12,160.0,TRADE
VIC1,2025-02-04 07:20:00,6214.61,146.72,TRADE
VIC1,2025-02-04 07:25:00,6261.49,148.42,TRADE
VIC1,2025-02-04 07:30:00,6375.88,203.09,TRADE
VIC1,2025-02-04 07:35:00,6315.1,206.5,TRADE
VIC1,2025-02-04 07:40:00,6394.43,208.2,TRADE
VIC1,2025-02-04 07:45:00,6421.83,164.36,TRADE
VIC1,2025-02-04 07:50:00,6440.76,174.96,TRADE
VIC1,2025-02-04 07:55:00,6476.31,186.59,TRADE
VIC1,2025-02-04 08:00:00,6440.84,195.5,TRADE
VIC1,2025-02-04 08:05:00,6410.47,178.94,TRADE
VIC1,2025-02-04 08:10:00,6408.03,206.81,TRADE
VIC1,2025-02-04 08:15:00,6517.72,216.58,TRADE
VIC1,2025-02-04 08:20:00,6446.43,186.3,TRADE
VIC1,2025-02-04 08:25:00,6593.84,301.03,TRADE
VIC1,2025-02-04 08:30:00,6634.92,301.03,TRADE
VIC1,2025-02-04 08:35:00,6643.64,443.38,TRADE
VIC1,2025-02-04 08:40:00,6484.56,138.42,TRADE
VIC1,2025-02-04 08:45:00,6407.33,135.5,TRADE
VIC1,2025-02-04 08:50:00,6472.44,129.72,TRADE
VIC1,2025-02-04 08:55:00,6465.73,101.84,TRADE
VIC1,2025-02-04 09:00:00,6387.5,90.95,TRADE
VIC1,2025-02-04 09:05:00,6407.79,100.63,TRADE
VIC1,2025-02-04 09:10:00,6400.9,94.15,TRADE
VIC1,2025-02-04 09:15:00,6258.48,85.0,TRADE
VIC1,2025-02-04 09:20:00,6333.37,92.5,TRADE
VIC1,2025-02-04 09:25:00,6437.48,93.21,TRADE
VIC1,2025-02-04 09:30:00,6396.09,100.01,TRADE
VIC1,2025-02-04 09:35:00,6327.09,94.3,TRADE
VIC1,2025-02-04 09:40:00,6294.11,132.86,TRADE
VIC1,2025-02-04 09:45:00,6342.76,132.87,TRADE
VIC1,2025-02-04 09:50:00,6358.7,132.2,TRADE
VIC1,2025-02-04 09:55:00,6328.75,112.99,TRADE
VIC1,2025-02-04 10:00:00,6272.07,66.55,TRADE
VIC1,2025-02-04 10:05:00,6192.35,102.07,TRADE
VIC1,2025-02-04 10:10:00,6134.33,100.01,TRADE
VIC1,2025-02-04 10:15:00,6148.4,101.43,TRADE
VIC1,2025-02-04 10:20:00,6080.19,55.65,TRADE
VIC1,2025-02-04 10:25:00,6113.47,56.12,TRADE
VIC1,2025-02-04 10:30:00,6076.2,82.5,TRADE
VIC1,2025-02-04 10:35:00,5944.38,56.12,TRADE
VIC1,2025-02-04 10:40:00,6022.74,64.63,TRADE
VIC1,2025-02-04 10:45:00,6068.78,64.75,TRADE
VIC1,2025-02-04 10:50:00,5990.13,55.66,TRADE
VIC1,2025-02-04 10:55:00,6100.88,113.0,TRADE
VIC1,2025-02-04 11:00:00,6157.61,124.5,TRADE
VIC1,2025-02-04 11:05:00,6110.45,106.28,TRADE
VIC1,2025-02-04 11:10:00,6152.63,114.44,TRADE
VIC1,2025-02-04 11:15:00,6004.5,113.0,TRADE
VIC1,2025-02-04 11:20:00,5960.5,102.1,TRADE
VIC1,2025-02-04 11:25:00,6064.79,111.17,TRADE
VIC1,2025-02-04 11:30:00,6000.24,100.01,TRADE
VIC1,2025-02-04 11:35:00,6043.66,111.46,TRADE
VIC1,2025-02-04 11:40:00,6163.92,67.99,TRADE
VIC1,2025-02-04 11:45:00,6303.05,100.01,TRADE
VIC1,2025-02-04 11:50:00,6465.09,111.91,TRADE
VIC1,2025-02-04 11:55:00,6604.03,112.31,TRADE
VIC1,2025-02-04 12:00:00,6713.42,111.46,TRADE
VIC1,2025-02-04 12:05:00,6885.95,113.28,TRADE
VIC1,2025-02-04 12:10:00,7009.36,114.73,TRADE
VIC1,2025-02-04 12:15:00,7025.37,114.15,TRADE
VIC1,2025-02-04 12:20:00,7136.86,114.44,TRADE
VIC1,2025-02-04 12:25:00,7177.43,114.15,TRADE
VIC1,2025-02-04 12:30:00,7187.47,114.73,TRADE
VIC1,2025-02-04 12:35:00,7198.95,113.0,TRADE
VIC1,2025-02-04 12:40:00,7208.21,113.29,TRADE
VIC1,2025-02-04 12:45:00,7289.44,119.8,TRADE
VIC1,2025-02-04 12:50:00,7359.36,119.8,TRADE
VIC1,2025-02-04 12:55:00,7353.96,119.8,TRADE
VIC1,2025-02-04 13:00:00,7364.54,124.16,TRADE
VIC1,2025-02-04 13:05:00,7338.69,183.73,TRADE
VIC1,2025-02-04 13:10:00,7039.45,119.8,TRADE
VIC1,2025-02-04 13:15:00,7113.82,119.8,TRADE
VIC1,2025-02-04 13:20:00,7271.77,222.26,TRADE
VIC1,2025-02-04 13:25:00,7292.95,221.83,TRADE
VIC1,2025-02-04 13:30:00,7197.04,171.61,TRADE
VIC1,2025-02-04 13:35:00,7194.37,119.8,TRADE
VIC1,2025-02-04 13:40:00,7232.82,160.0,TRADE
VIC1,2025-02-04 13:45:00,7226.83,100.01,TRADE
VIC1,2025-02-04 13:50:00,7337.58,112.32,TRADE
VIC1,2025-02-04 13:55:00,7481.28,109.81,TRADE
VIC1,2025-02-04 14:00:00,7540.89,117.81,TRADE
VIC1,2025-02-04 14:05:00,7485.24,89.09,TRADE
VIC1,2025-02-04 14:10:00,7561.05,20.04,TRADE
VIC1,2025-02-04 14:15:00,7561.84,8.95,TRADE
VIC1,2025-02-04 14:20:00,7703.02,46.43,TRADE
VIC1,2025-02-04 14:25:00,7634.65,116.21,TRADE
VIC1,2025-02-04 14:30:00,7534.01,116.51,TRADE
VIC1,2025-02-04 14:35:00,7625.22,113.27,TRADE
VIC1,2025-02-04 14:40:00,7785.46,117.39,TRADE
VIC1,2025-02-04 14:45:00,7916.05,151.55,TRADE
VIC1,2025-02-04 14:50:00,7935.65,116.21,TRADE
VIC1,2025-02-04 14:55:00,8126.73,148.09,TRADE
VIC1,2025-02-04 15:00:00,8087.44,117.11,TRADE
VIC1,2025-02-04 15:05:00,8062.53,116.81,TRADE
VIC1,2025-02-04 15:10:00,7852.61,160.0,TRADE
VIC1,2025-02-04 15:15:00,7666.03,-34.02,TRADE
VIC1,2025-02-04 15:20:00,7567.35,-30.9,TRADE
VIC1,2025-02-04 15:25:00,7548.3,-35.41,TRADE
VIC1,2025-02-04 15:30:00,7534.15,-32.63,TRADE
VIC1,2025-02-04 15:35:00,7376.89,-30.75,TRADE
VIC1,2025-02-04 15:40:00,7416.79,-19.57,TRADE
VIC1,2025-02-04 15:45:00,7429.89,-20.0,TRADE
VIC1,2025-02-04 15:50:00,7300.12,-14.62,TRADE
VIC1,2025-02-04 15:55:00,7288.39,-5.33,TRADE
VIC1,2025-02-04 16:00:00,7389.05,9.0,TRADE
VIC1,2025-02-04 16:05:00,7307.42,9.0,TRADE
VIC1,2025-02-04 16:10:00,7176.8,8.95,TRADE
VIC1,2025-02-04 16:15:00,7213.38,9.53,TRADE
VIC1,2025-02-04 16:20:00,7426.03,35.0,TRADE
VIC1,2025-02-04 16:25:00,7302.2,20.91,TRADE
VIC1,2025-02-04 16:30:00,7374.25,35.0,TRADE
VIC1,2025-02-04 16:35:00,7277.51,12.0,TRADE
VIC1,2025-02-04 16:40:00,7222.1,8.95,TRADE
VIC1,2025-02-04 16:45:00,7366.41,15.23,TRADE
VIC1,2025-02-04 16:50:00,7432.71,27.07,TRADE
VIC1,2025-02-04 16:55:00,7417.39,35.0,TRADE
VIC1,2025-02-04 17:00:00,7455.45,59.0,TRADE
VIC1,2025-02-04 17:05:00,7379.92,9.0,TRADE
VIC1,2025-02-04 17:10:00,7202.79,-18.15,TRADE
VIC1,2025-02-04 17:15:00,7052.71,8.95,TRADE
VIC1,2025-02-04 17:20:00,6956.26,9.0,TRADE
VIC1,2025-02-04 17:25:00,6880.39,9.0,TRADE
VIC1,2025-02-04 17:30:00,6986.68,9.0,TRADE
VIC1,2025-02-04 17:35:00,6799.18,9.0,TRADE
VIC1,2025-02-04 17:40:00,6958.92,14.0,TRADE
VIC1,2025-02-04 17:45:00,6954.87,8.95,TRADE
VIC1,2025-02-04 17:50:00,6961.44,112.44,TRADE
VIC1,2025-02-04 17:55:00,6888.8,8.95,TRADE
VIC1,2025-02-04 18:00:00,6714.25,20.04,TRADE
VIC1,2025-02-04 18:05:00,6736.76,103.19,TRADE
VIC1,2025-02-04 18:10:00,6717.46,9.0,TRADE
VIC1,2025-02-04 18:15:00,6659.13,9.76,TRADE
VIC1,2025-02-04 18:20:00,6671.15,44.15,TRADE
VIC1,2025-02-04 18:25:00,6593.08,101.65,TRADE
VIC1,2025-02-04 18:30:00,6614.98,101.65,TRADE
VIC1,2025-02-04 18:35:00,6514.15,101.65,TRADE
VIC1,2025-02-04 18:40:00,6515.57,111.88,TRADE
VIC1,2025-02-04 18:45:00,6484.59,113.0,TRADE
VIC1,2025-02-04 18:50:00,6587.86,114.44,TRADE
VIC1,2025-02-04 18:55:00,6483.98,125.57,TRADE
VIC1,2025-02-04 19:00:00,6569.14,136.9,TRADE
VIC1,2025-02-04 19:05:00,6510.48,171.58,TRADE
VIC1,2025-02-04 19:10:00,6514.44,166.32,TRADE
VIC1,2025-02-04 19:15:00,6452.82,139.8,TRADE
VIC1,2025-02-04 19:20:00,6317.78,137.69,TRADE
VIC1,2025-02-04 19:25:00,6344.71,129.68,TRADE
VIC1,2025-02-04 19:30:00,6392.4,138.34,TRADE
VIC1,2025-02-04 19:35:00,6326.47,116.4,TRADE
VIC1,2025-02-04 19:40:00,6293.41,124.23,TRADE
VIC1,2025-02-04 19:45:00,6307.07,131.36,TRADE
VIC1,2025-02-04 19:50:00,6227.02,121.62,TRADE
VIC1,2025-02-04 19:55:00,6155.56,120.0,TRADE
VIC1,2025-02-04 20:00:00,6102.38,120.0,TRADE
VIC1,2025-02-04 20:05:00,6055.27,138.74,TRADE
VIC1,2025-02-04 20:10:00,6062.56,135.77,TRADE
VIC1,2025-02-04 20:15:00,5903.33,120.0,TRADE
VIC1,2025-02-04 20:20:00,5982.0,125.5,TRADE
VIC1,2025-02-04 20:25:00,5926.93,120.0,TRADE
VIC1,2025-02-04 20:30:00,5862.12,120.0,TRADE
VIC1,2025-02-04 20:35:00,5721.18,112.43,TRADE
VIC1,2025-02-04 20:40:00,5656.16,111.81,TRADE
VIC1,2025-02-04 20:45:00,5624.69,115.02,TRADE
VIC1,2025-02-04 20:50:00,5603.0,113.86,TRADE
VIC1,2025-02-04 20:55:00,5539.27,111.66,TRADE
VIC1,2025-02-04 21:00:00,5552.83,87.03,TRADE
VIC1,2025-02-04 21:05:00,5459.2,100.94,TRADE
VIC1,2025-02-04 21:10:00,5456.17,191.83,TRADE
VIC1,2025-02-04 21:15:00,5442.61,196.07,TRADE
VIC1,2025-02-04 21:20:00,5468.97,194.98,TRADE
VIC1,2025-02-04 21:25:00,5341.54,133.24,TRADE
VIC1,2025-02-04 21:30:00,5404.28,135.44,TRADE
VIC1,2025-02-04 21:35:00,5444.0,135.13,TRADE
VIC1,2025-02-04 21:40:00,5315.46,129.71,TRADE
VIC1,2025-02-04 21:45:00,5312.22,120.8,TRADE
VIC1,2025-02-04 21:50:00,5265.89,111.29,TRADE
VIC1,2025-02-04 21:55:00,5273.43,105.55,TRADE
VIC1,2025-02-04 22:00:00,5169.12,92.33,TRADE
VIC1,2025-02-04 22:05:00,5087.83,106.34,TRADE
VIC1,2025-02-04 22:10:00,5168.28,117.6,TRADE
VIC1,2025-02-04 22:15:00,5131.53,112.0,TRADE
VIC1,2025-02-04 22:20:00,5103.62,107.14,TRADE
VIC1,2025-02-04 22:25:00,5057.17,102.46,TRADE
VIC1,2025-02-04 22:30:00,5035.83,101.64,TRADE
VIC1,2025-02-04 22:35:00,4908.9,106.97,TRADE
VIC1,2025-02-04 22:40:00,4810.39,80.05,TRADE
VIC1,2025-02-04 22:45:00,4832.64,112.78,TRADE
VIC1,2025-02-04 22:50:00,4824.54,93.21,TRADE
VIC1,2025-02-04 22:55:00,4824.99,92.87,TRADE
VIC1,2025-02-04 23:00:00,4827.81,95.62,TRADE
VIC1,2025-02-04 23:05:00,4843.49,77.6,TRADE
VIC1,2025-02-04 23:10:00,4976.6,97.11,TRADE
VIC1,2025-02-04 23:15:00,4977.3,92.97,TRADE
VIC1,2025-02-04 23:20:00,4874.15,79.45,TRADE
VIC1,2025-02-04 23:25:00,5015.59,85.69,TRADE
VIC1,2025-02-04 23:30:00,5060.5,93.88,TRADE
VIC1,2025-02-04 23:35:00,4946.16,84.34,TRADE
VIC1,2025-02-04 23:40:00,4855.32,92.05,TRADE
VIC1,2025-02-04 23:45:00,4779.98,77.72,TRADE
VIC1,2025-02-04 23:50:00,4783.0,84.71,TRADE
VIC1,2025-02-04 23:55:00,4658.39,79.45,TRADE
VIC1,2025-02-05 00:00:00,4690.7,76.47,TRADE
VIC1,2025-02-05 00:05:00,4654.3,75.86,TRADE
VIC1,2025-02-05 00:10:00,4586.14,78.36,TRADE
VIC1,2025-02-05 00:15:00,4599.1,76.48,TRADE
VIC1,2025-02-05 00:20:00,4509.89,74.18,TRADE
VIC1,2025-02-05 00:25:00,4521.69,71.46,TRADE
VIC1,2025-02-05 00:30:00,4522.75,68.83,TRADE
VIC1,2025-02-05 00:35:00,4503.89,69.0,TRADE
VIC1,2025-02-05 00:40:00,4464.59,31.59,TRADE
VIC1,2025-02-05 00:45:00,4294.95,12.0,TRADE
VIC1,2025-02-05 00:50:00,4199.52,9.29,TRADE
VIC1,2025-02-05 00:55:00,4185.21,9.05,TRADE
VIC1,2025-02-05 01:00:00,4244.28,14.8,TRADE
VIC1,2025-02-05 01:05:00,4139.52,12.21,TRADE
VIC1,2025-02-05 01:10:00,4149.75,9.12,TRADE
VIC1,2025-02-05 01:15:00,4115.68,9.02,TRADE
VIC1,2025-02-05 01:20:00,4180.09,12.33,TRADE
VIC1,2025-02-05 01:25:00,4051.62,8.95,TRADE
VIC1,2025-02-05 01:30:00,4085.95,9.02,TRADE
VIC1,2025-02-05 01:35:00,4033.18,9.0,TRADE
VIC1,2025-02-05 01:40:00,4136.33,10.01,TRADE
VIC1,2025-02-05 01:45:00,4137.32,9.01,TRADE
VIC1,2025-02-05 01:50:00,4079.95,9.0,TRADE
VIC1,2025-02-05 01:55:00,4042.4,9.0,TRADE
VIC1,2025-02-05 02:00:00,4113.63,16.69,TRADE
VIC1,2025-02-05 02:05:00,4056.86,9.0,TRADE
VIC1,2025-02-05 02:10:00,4031.81,9.0,TRADE
VIC1,2025-02-05 02:15:00,3977.58,8.95,TRADE
VIC1,2025-02-05 02:20:00,3980.58,8.95,TRADE
VIC1,2025-02-05 02:25:00,4053.0,9.0,TRADE
VIC1,2025-02-05 02:30:00,3944.86,8.95,TRADE
VIC1,2025-02-05 02:35:00,3989.28,17.19,TRADE
VIC1,2025-02-05 02:40:00,3995.16,11.01,TRADE
VIC1,2025-02-05 02:45:00,3956.66,9.0,TRADE
VIC1,2025-02-05 02:50:00,3949.12,9.05,TRADE
VIC1,2025-02-05 02:55:00,3837.97,9.0,TRADE
VIC1,2025-02-05 03:00:00,3840.5,9.0,TRADE
VIC1,2025-02-05 03:05:00,3791.31,9.0,TRADE
VIC1,2025-02-05 03:10:00,3872.24,16.69,TRADE
VIC1,2025-02-05 03:15:00,3848.4,9.06,TRADE
VIC1,2025-02-05 03:20:00,3927.81,18.99,TRADE
VIC1,2025-02-05 03:25:00,3892.89,9.02,TRADE
VIC1,2025-02-05 03:30:00,3917.99,15.63,TRADE
VIC1,2025-02-05 03:35:00,3864.93,9.0,TRADE
VIC1,2025-02-05 03:40:00,3922.46,19.19,TRADE
VIC1,2025-02-05 03:45:00,3966.54,19.06,TRADE
VIC1,2025-02-05 03:50:00,3942.67,13.31,TRADE
VIC1,2025-02-05 03:55:00,3933.26,12.98,TRADE
VIC1,2025-02-05 04:00:00,3968.36,12.3,TRADE
VIC1,2025-02-05 04:05:00,3981.15,12.2,TRADE
VIC1,2025-02-05 04:10:00,4032.34,12.0,TRADE
VIC1,2025-02-05 04:15:00,4051.95,12.89,TRADE
VIC1,2025-02-05 04:20:00,4063.24,12.0,TRADE
VIC1,2025-02-05 04:25:00,4048.03,19.19,TRADE
VIC1,2025-02-05 04:30:00,4048.16,19.19,TRADE
VIC1,2025-02-05 04:35:00,4140.15,19.19,TRADE
VIC1,2025-02-05 04:40:00,4139.4,19.19,TRADE
VIC1,2025-02-05 04:45:00,4271.29,50.48,TRADE
VIC1,2025-02-05 04:50:00,4376.7,54.06,TRADE
VIC1,2025-02-05 04:55:00,4446.16,53.59,TRADE
VIC1,2025-02-05 05:00:00,4468.96,92.67,TRADE
VIC1,2025-02-05 05:05:00,4550.88,89.45,TRADE
VIC1,2025-02-05 05:10:00,4680.25,102.62,TRADE
VIC1,2025-02-05 05:15:00,4776.8,135.83,TRADE
VIC1,2025-02-05 05:20:00,4731.73,133.5,TRADE
VIC1,2025-02-05 05:25:00,4752.61,132.72,TRADE
VIC1,2025-02-05 05:30:00,4833.51,136.8,TRADE
VIC1,2025-02-05 05:35:00,4817.15,133.6,TRADE
VIC1,2025-02-05 05:40:00,4928.04,135.62,TRADE
VIC1,2025-02-05 05:45:00,4981.7,134.53,TRADE
VIC1,2025-02-05 05:50:00,4997.79,137.28,TRADE
VIC1,2025-02-05 05:55:00,5023.08,173.93,TRADE
VIC1,2025-02-05 06:00:00,5002.04,119.22,TRADE
VIC1,2025-02-05 06:05:00,5122.09,131.92,TRADE
VIC1,2025-02-05 06:10:00,5209.06,133.14,TRADE
VIC1,2025-02-05 06:15:00,5221.27,130.27,TRADE
VIC1,2025-02-05 06:20:00,5239.0,118.97,TRADE
VIC1,2025-02-05 06:25:00,5265.85,114.41,TRADE
VIC1,2025-02-05 06:30:00,5202.0,83.0,TRADE
VIC1,2025-02-05 06:35:00,5177.54,38.0,TRADE
VIC1,2025-02-05 06:40:00,5179.74,41.33,TRADE
VIC1,2025-02-05 06:45:00,5080.39,12.0,TRADE
VIC1,2025-02-05 06:50:00,5076.6,14.39,TRADE
VIC1,2025-02-05 06:55:00,5008.51,9.0,TRADE
VIC1,2025-02-05 07:00:00,4929.82,9.0,TRADE
VIC1,2025-02-05 07:05:00,4856.12,9.0,TRADE
VIC1,2025-02-05 07:10:00,4857.72,8.95,TRADE
VIC1,2025-02-05 07:15:00,4763.4,0.0,TRADE
VIC1,2025-02-05 07:20:00,4821.9,-5.76,TRADE
VIC1,2025-02-05 07:25:00,4886.16,0.0,TRADE
VIC1,2025-02-05 07:30:00,4766.8,-5.68,TRADE
VIC1,2025-02-05 07:35:00,4771.47,-20.13,TRADE
VIC1,2025-02-05 07:40:00,4728.54,-29.75,TRADE
VIC1,2025-02-05 07:45:00,4634.71,-30.75,TRADE
VIC1,2025-02-05 07:50:00,4446.47,-30.86,TRADE
VIC1,2025-02-05 07:55:00,4485.83,-30.86,TRADE
VIC1,2025-02-05 08:00:00,4434.46,-32.0,TRADE
VIC1,2025-02-05 08:05:00,4415.25,-32.0,TRADE
VIC1,2025-02-05 08:10:00,4439.5,-31.58,TRADE
VIC1,2025-02-05 08:15:00,4408.36,-32.0,TRADE
VIC1,2025-02-05 08:20:00,4419.63,-32.0,TRADE
VIC1,2025-02-05 08:25:00,4357.8,-32.2,TRADE
VIC1,2025-02-05 08:30:00,4306.77,-32.2,TRADE
VIC1,2025-02-05 08:35:00,4189.86,-32.63,TRADE
VIC1,2025-02-05 08:40:00,4173.89,-32.63,TRADE
VIC1,2025-02-05 08:45:00,4155.92,-36.12,TRADE
VIC1,2025-02-05 08:50:00,4041.08,-33.77,TRADE
VIC1,2025-02-05 08:55:00,3907.77,-32.63,TRADE
VIC1,2025-02-05 09:00:00,3807.07,-32.63,TRADE
VIC1,2025-02-05 09:05:00,3727.71,-35.78,TRADE
VIC1,2025-02-05 09:10:00,3624.54,-35.68,TRADE
VIC1,2025-02-05 09:15:00,3538.77,-43.29,TRADE
VIC1,2025-02-05 09:20:00,3446.47,-46.69,TRADE
VIC1,2025-02-05 09:25:00,3406.64,-43.92,TRADE
VIC1,2025-02-05 09:30:00,3312.39,-48.0,TRADE
VIC1,2025-02-05 09:35:00,3242.1,-51.69,TRADE
VIC1,2025-02-05 09:40:00,3254.69,-66.31,TRADE
VIC1,2025-02-05 09:45:00,3202.55,-64.89,TRADE
VIC1,2025-02-05 09:50:00,3182.5,-63.27,TRADE
VIC1,2025-02-05 09:55:00,3116.19,-50.01,TRADE
VIC1,2025-02-05 10:00:00,3043.59,-61.37,TRADE
VIC1,2025-02-05 10:05:00,3013.51,-66.3,TRADE
VIC1,2025-02-05 10:10:00,3019.6,-67.82,TRADE
VIC1,2025-02-05 10:15:00,3039.67,-61.37,TRADE
VIC1,2025-02-05 10:20:00,2893.5,-66.31,TRADE
VIC1,2025-02-05 10:25:00,2954.66,-66.31,TRADE
VIC1,2025-02-05 10:30:00,2963.3,-66.31,TRADE
VIC1,2025-02-05 10:35:00,2974.16,-66.31,TRADE
VIC1,2025-02-05 10:40:00,2927.47,-66.3,TRADE
VIC1,2025-02-05 10:45:00,2924.65,-50.08,TRADE
VIC1,2025-02-05 10:50:00,2790.89,-50.01,TRADE
VIC1,2025-02-05 10:55:00,2755.29,-56.26,TRADE
VIC1,2025-02-05 11:00:00,2764.68,-50.08,TRADE
VIC1,2025-02-05 11:05:00,2717.93,-50.01,TRADE
VIC1,2025-02-05 11:10:00,2725.76,-50.08,TRADE
VIC1,2025-02-05 11:15:00,2686.4,-47.75,TRADE
VIC1,2025-02-05 11:20:00,2655.3,-53.35,TRADE
VIC1,2025-02-05 11:25:00,2702.8,-50.08,TRADE
VIC1,2025-02-05 11:30:00,2705.67,-59.62,TRADE
VIC1,2025-02-05 11:35:00,2693.34,-53.55,TRADE
VIC1,2025-02-05 11:40:00,2701.64,-53.33,TRADE
VIC1,2025-02-05 11:45:00,2724.69,-53.6,TRADE
VIC1,2025-02-05 11:50:00,2723.9,-50.47,TRADE
VIC1,2025-02-05 11:55:00,2744.98,-50.01,TRADE
VIC1,2025-02-05 12:00:00,2699.65,-52.31,TRADE
VIC1,2025-02-05 12:05:00,2734.84,-47.44,TRADE
VIC1,2025-02-05 12:10:00,2776.27,-50.01,TRADE
VIC1,2025-02-05 12:15:00,2756.03,-50.01,TRADE
VIC1,2025-02-05 12:20:00,2742.7,-50.01,TRADE
VIC1,2025-02-05 12:25:00,2815.7,-75.73,TRADE
VIC1,2025-02-05 12:30:00,2817.14,-45.97,TRADE
VIC1,2025-02-05 12:35:00,2853.69,-39.12,TRADE
VIC1,2025-02-05 12:40:00,2825.95,-44.52,TRADE
VIC1,2025-02-05 12:45:00,2847.42,-49.51,TRADE
VIC1,2025-02-05 12:50:00,2842.66,-48.0,TRADE
VIC1,2025-02-05 12:55:00,2886.42,-48.0,TRADE
VIC1,2025-02-05 13:00:00,2857.99,-44.0,TRADE
VIC1,2025-02-05 13:05:00,2949.54,-66.3,TRADE
VIC1,2025-02-05 13:10:00,3112.69,-62.66,TRADE
VIC1,2025-02-05 13:15:00,3043.02,-66.31,TRADE
VIC1,2025-02-05 13:20:00,3160.51,-66.31,TRADE
VIC1,2025-02-05 13:25:00,3211.73,-66.31,TRADE
VIC1,2025-02-05 13:30:00,3173.4,-66.31,TRADE
VIC1,2025-02-05 13:35:00,3134.6,-66.3,TRADE
VIC1,2025-02-05 13:40:00,3225.22,-62.39,TRADE
VIC1,2025-02-05 13:45:00,3126.17,-50.01,TRADE
VIC1,2025-02-05 13:50:00,3153.51,-48.0,TRADE
VIC1,2025-02-05 13:55:00,3229.91,-44.0,TRADE
VIC1,2025-02-05 14:00:00,3311.07,-35.86,TRADE
VIC1,2025-02-05 14:05:00,3344.5,-35.88,TRADE
VIC1,2025-02-05 14:10:00,3383.17,-36.12,TRADE
VIC1,2025-02-05 14:15:00,3446.86,-34.17,TRADE
VIC1,2025-02-05 14:20:00,3524.32,-33.24,TRADE
VIC1,2025-02-05 14:25:00,3617.72,-32.67,TRADE
VIC1,2025-02-05 14:30:00,3626.17,-30.75,TRADE
VIC1,2025-02-05 14:35:00,3537.36,-34.55,TRADE
VIC1,2025-02-05 14:40:00,3555.64,-34.61,TRADE
VIC1,2025-02-05 14:45:00,3660.31,-32.12,TRADE
VIC1,2025-02-05 14:50:00,3655.26,-32.08,TRADE
VIC1,2025-02-05 14:55:00,3718.78,-2.28,TRADE
VIC1,2025-02-05 15:00:00,3696.28,-19.57,TRADE
VIC1,2025-02-05 15:05:00,3691.86,-26.41,TRADE
VIC1,2025-02-05 15:10:00,3767.63,-30.28,TRADE
VIC1,2025-02-05 15:15:00,3831.1,-2.28,TRADE
VIC1,2025-02-05 15:20:00,3995.7,33.0,TRADE
VIC1,2025-02-05 15:25:00,3873.54,33.0,TRADE
VIC1,2025-02-05 15:30:00,4060.53,-2.28,TRADE
VIC1,2025-02-05 15:35:00,4094.52,35.95,TRADE
VIC1,2025-02-05 15:40:00,4135.0,-20.09,TRADE
VIC1,2025-02-05 15:45:00,4178.4,38.5,TRADE
VIC1,2025-02-05 15:50:00,4255.9,9.0,TRADE
VIC1,2025-02-05 15:55:00,4450.09,-30.4,TRADE
VIC1,2025-02-05 16:00:00,4384.42,9.0,TRADE
VIC1,2025-02-05 16:05:00,4537.57,8.95,TRADE
VIC1,2025-02-05 16:10:00,4626.37,8.95,TRADE
VIC1,2025-02-05 16:15:00,4694.18,8.95,TRADE
VIC1,2025-02-05 16:20:00,4818.82,-20.0,TRADE
VIC1,2025-02-05 16:25:00,4848.29,7.84,TRADE
VIC1,2025-02-05 16:30:00,5036.17,8.95,TRADE
VIC1,2025-02-05 16:35:00,5052.13,9.0,TRADE
VIC1,2025-02-05 16:40:00,5127.45,0.0,TRADE
VIC1,2025-02-05 16:45:00,5227.2,8.95,TRADE
VIC1,2025-02-05 16:50:00,5245.34,8.95,TRADE
VIC1,2025-02-05 16:55:00,5377.43,8.95,TRADE
VIC1,2025-02-05 17:00:00,5493.75,20.04,TRADE
VIC1,2025-02-05 17:05:00,5557.66,9.0,TRADE
VIC1,2025-02-05 17:10:00,5420.06,9.0,TRADE
VIC1,2025-02-05 17:15:00,5506.46,-10.53,TRADE
VIC1,2025-02-05 17:20:00,5525.37,8.95,TRADE
VIC1,2025-02-05 17:25:00,5599.81,8.95,TRADE
VIC1,2025-02-05 17:30:00,5616.61,8.95,TRADE
VIC1,2025-02-05 17:35:00,5560.22,-33.14,TRADE
VIC1,2025-02-05 17:40:00,5427.41,-29.12,TRADE
VIC1,2025-02-05 17:45:00,5632.35,-20.19,TRADE
VIC1,2025-02-05 17:50:00,5767.91,8.95,TRADE
VIC1,2025-02-05 17:55:00,5810.35,35.0,TRADE
VIC1,2025-02-05 18:00:00,5759.31,109.2,TRADE
VIC1,2025-02-05 18:05:00,5767.82,59.0,TRADE
VIC1,2025-02-05 18:10:00,5822.96,113.0,TRADE
VIC1,2025-02-05 18:15:00,5906.02,130.15,TRADE
VIC1,2025-02-05 18:20:00,5971.18,223.37,TRADE
VIC1,2025-02-05 18:25:00,6091.01,223.37,TRADE
VIC1,2025-02-05 18:30:00,6170.55,299.5,TRADE
VIC1,2025-02-05 18:35:00,6157.04,222.09,TRADE
VIC1,2025-02-05 18:40:00,6170.19,136.56,TRADE
VIC1,2025-02-05 18:45:00,6099.91,136.54,TRADE
VIC1,2025-02-05 18:50:00,6124.64,137.26,TRADE
VIC1,2025-02-05 18:55:00,6214.09,137.99,TRADE
VIC1,2025-02-05 19:00:00,6242.14,137.47,TRADE
VIC1,2025-02-05 19:05:00,6252.18,138.75,TRADE
VIC1,2025-02-05 19:10:00,6267.99,137.95,TRADE
VIC1,2025-02-05 19:15:00,6210.0,138.03,TRADE
VIC1,2025-02-05 19:20:00,6235.25,146.94,TRADE
VIC1,2025-02-05 19:25:00,6170.48,134.67,TRADE
VIC1,2025-02-05 19:30:00,6163.79,132.72,TRADE
VIC1,2025-02-05 19:35:00,5992.07,129.78,TRADE
VIC1,2025-02-05 19:40:00,5950.08,123.54,TRADE
VIC1,2025-02-05 19:45:00,5902.34,120.21,TRADE
VIC1,2025-02-05 19:50:00,5816.13,128.17,TRADE
VIC1,2025-02-05 19:55:00,5916.92,146.46,TRADE
VIC1,2025-02-05 20:00:00,5880.65,141.99,TRADE
VIC1,2025-02-05 20:05:00,5814.18,140.86,TRADE
VIC1,2025-02-05 20:10:00,5798.98,152.7,TRADE
VIC1,2025-02-05 20:15:00,5755.35,152.7,TRADE
VIC1,2025-02-05 20:20:00,5774.13,153.83,TRADE
VIC1,2025-02-05 20:25:00,5731.5,153.9,TRADE
VIC1,2025-02-05 20:30:00,5668.78,145.12,TRADE
VIC1,2025-02-05 20:35:00,5724.1,153.69,TRADE
VIC1,2025-02-05 20:40:00,5693.86,150.6,TRADE
VIC1,2025-02-05 20:45:00,5666.08,146.19,TRADE
VIC1,2025-02-05 20:50:00,5636.41,143.82,TRADE
VIC1,2025-02-05 20:55:00,5573.4,137.6,TRADE
VIC1,2025-02-05 21:00:00,5538.19,116.21,TRADE
VIC1,2025-02-05 21:05:00,5439.98,133.5,TRADE
VIC1,2025-02-05 21:10:00,5525.85,143.7,TRADE
VIC1,2025-02-05 21:15:00,5503.3,137.03,TRADE
VIC1,2025-02-05 21:20:00,5411.91,135.46,TRADE
VIC1,2025-02-05 21:25:00,5420.84,134.74,TRADE
VIC1,2025-02-05 21:30:00,5404.06,133.17,TRADE
VIC1,2025-02-05 21:35:00,5357.46,132.72,TRADE
VIC1,2025-02-05 21:40:00,5317.32,118.22,TRADE
VIC1,2025-02-05 21:45:00,5210.28,111.0,TRADE
VIC1,2025-02-05 21:50:00,5133.25,110.76,TRADE
VIC1,2025-02-05 21:55:00,5150.67,111.3,TRADE
VIC1,2025-02-05 22:00:00,5106.61,104.85,TRADE
VIC1,2025-02-05 22:05:00,5047.73,112.84,TRADE
VIC1,2025-02-05 22:10:00,5017.06,145.32,TRADE
VIC1,2025-02-05 22:15:00,4985.91,146.21,TRADE
VIC1,2025-02-05 22:20:00,4969.4,146.19,TRADE
VIC1,2025-02-05 22:25:00,4967.06,131.87,TRADE
VIC1,2025-02-05 22:30:00,4903.49,119.06,TRADE
VIC1,2025-02-05 22:35:00,4805.12,109.66,TRADE
VIC1,2025-02-05 22:40:00,4820.74,130.0,TRADE
VIC1,2025-02-05 22:45:00,4790.45,132.92,TRADE
VIC1,2025-02-05 22:50:00,4808.88,112.42,TRADE
VIC1,2025-02-05 22:55:00,4786.12,109.28,TRADE
VIC1,2025-02-05 23:00:00,4782.36,103.22,TRADE
VIC1,2025-02-05 23:05:00,4795.17,111.16,TRADE
VIC1,2025-02-05 23:10:00,4933.57,150.26,TRADE
VIC1,2025-02-05 23:15:00,4945.21,113.61,TRADE
VIC1,2025-02-05 23:20:00,4850.84,111.69,TRADE
VIC1,2025-02-05 23:25:00,4839.39,112.65,TRADE
VIC1,2025-02-05 23:30:00,4848.23,112.71,TRADE
VIC1,2025-02-05 23:35:00,4803.18,110.25,TRADE
VIC1,2025-02-05 23:40:00,4886.69,119.32,TRADE
VIC1,2025-02-05 23:45:00,4793.2,113.86,TRADE
VIC1,2025-02-05 23:50:00,4741.74,113.94,TRADE
VIC1,2025-02-05 23:55:00,4764.7,113.97,TRADE
VIC1,2025-02-06 00:00:00,4701.79,109.86,TRADE
VIC1,2025-02-06 00:05:00,4724.95,117.9,TRADE
VIC1,2025-02-06 00:10:00,4579.34,100.01,TRADE
VIC1,2025-02-06 00:15:00,4542.97,104.0,TRADE
VIC1,2025-02-06 00:20:00,4609.4,97.13,TRADE
VIC1,2025-02-06 00:25:00,4555.07,120.0,TRADE
VIC1,2025-02-06 00:30:00,4443.42,89.2,TRADE
VIC1,2025-02-06 00:35:00,4505.71,108.39,TRADE
VIC1,2025-02-06 00:40:00,4488.56,100.01,TRADE
VIC1,2025-02-06 00:45:00,4469.76,100.01,TRADE
VIC1,2025-02-06 00:50:00,4385.87,100.39,TRADE
VIC1,2025-02-06 00:55:00,4362.09,100.01,TRADE
VIC1,2025-02-06 01:00:00,4465.45,101.92,TRADE
VIC1,2025-02-06 01:05:00,4452.31,100.01,TRADE
VIC1,2025-02-06 01:10:00,4405.22,100.01,TRADE
VIC1,2025-02-06 01:15:00,4437.24,100.01,TRADE
VIC1,2025-02-06 01:20:00,4434.77,100.01,TRADE
VIC1,2025-02-06 01:25:00,4428.06,101.01,TRADE
VIC1,2025-02-06 01:30:00,4409.22,103.16,TRADE
VIC1,2025-02-06 01:35:00,4346.23,103.88,TRADE
VIC1,2025-02-06 01:40:00,4353.28,103.54,TRADE
VIC1,2025-02-06 01:45:00,4332.27,100.8,TRADE
VIC1,2025-02-06 01:50:00,4325.22,103.88,TRADE
VIC1,2025-02-06 01:55:00,4380.25,103.0,TRADE
VIC1,2025-02-06 02:00:00,4341.29,114.4,TRADE
VIC1,2025-02-06 02:05:00,4288.27,103.21,TRADE
VIC1,2025-02-06 02:10:00,4359.78,112.24,TRADE
VIC1,2025-02-06 02:15:00,4341.99,102.91,TRADE
VIC1,2025-02-06 02:20:00,4350.76,103.68,TRADE
VIC1,2025-02-06 02:25:00,4335.11,103.8,TRADE
VIC1,2025-02-06 02:30:00,4268.69,103.02,TRADE
VIC1,2025-02-06 02:35:00,4331.19,112.7,TRADE
VIC1,2025-02-06 02:40:00,4359.44,114.2,TRADE
VIC1,2025-02-06 02:45:00,4356.63,120.0,TRADE
VIC1,2025-02-06 02:50:00,4348.01,115.23,TRADE
VIC1,2025-02-06 02:55:00,4337.92,120.0,TRADE
VIC1,2025-02-06 03:00:00,4335.57,119.8,TRADE
VIC1,2025-02-06 03:05:00,4318.58,120.0,TRADE
VIC1,2025-02-06 03:10:00,4289.54,108.85,TRADE
VIC1,2025-02-06 03:15:00,4382.4,132.87,TRADE
VIC1,2025-02-06 03:20:00,4373.56,120.0,TRADE
VIC1,2025-02-06 03:25:00,4307.63,120.0,TRADE
VIC1,2025-02-06 03:30:00,4409.6,153.25,TRADE
VIC1,2025-02-06 03:35:00,4424.23,153.21,TRADE
VIC1,2025-02-06 03:40:00,4447.93,153.3,TRADE
VIC1,2025-02-06 03:45:00,4414.49,121.84,TRADE
VIC1,2025-02-06 03:50:00,4488.76,134.51,TRADE
VIC1,2025-02-06 03:55:00,4461.25,119.32,TRADE
VIC1,2025-02-06 04:00:00,4484.28,118.81,TRADE
VIC1,2025-02-06 04:05:00,4479.68,112.72,TRADE
VIC1,2025-02-06 04:10:00,4531.36,134.22,TRADE
VIC1,2025-02-06 04:15:00,4522.61,134.57,TRADE
VIC1,2025-02-06 04:20:00,4578.61,147.41,TRADE
VIC1,2025-02-06 04:25:00,4607.69,151.48,TRADE
VIC1,2025-02-06 04:30:00,4538.16,125.57,TRADE
VIC1,2025-02-06 04:35:00,4619.26,121.45,TRADE
VIC1,2025-02-06 04:40:00,4706.62,133.17,TRADE
VIC1,2025-02-06 04:45:00,4708.86,160.0,TRADE
VIC1,2025-02-06 04:50:00,4746.37,158.75,TRADE
VIC1,2025-02-06 04:55:00,4718.0,159.2,TRADE
VIC1,2025-02-06 05:00:00,4820.14,160.0,TRADE
VIC1,2025-02-06 05:05:00,4894.69,160.0,TRADE
VIC1,2025-02-06 05:10:00,4980.68,160.0,TRADE
VIC1,2025-02-06 05:15:00,5024.44,160.0,TRADE
VIC1,2025-02-06 05:20:00,5057.17,160.0,TRADE
VIC1,2025-02-06 05:25:00,5152.95,170.23,TRADE
VIC1,2025-02-06 05:30:00,5207.3,175.36,TRADE
VIC1,2025-02-06 05:35:00,5126.46,160.0,TRADE
VIC1,2025-02-06 05:40:00,5198.21,205.51,TRADE
VIC1,2025-02-06 05:45:00,5284.28,208.47,TRADE
VIC1,2025-02-06 05:50:00,5349.07,223.37,TRADE
VIC1,2025-02-06 05:55:00,5345.68,223.39,TRADE
VIC1,2025-02-06 06:00:00,5400.2,216.8,TRADE
VIC1,2025-02-06 06:05:00,5478.26,216.35,TRADE
VIC1,2025-02-06 06:10:00,5489.64,255.66,TRADE
VIC1,2025-02-06 06:15:00,5530.65,236.92,TRADE
VIC1,2025-02-06 06:20:00,5626.56,221.77,TRADE
VIC1,2025-02-06 06:25:00,5617.45,218.54,TRADE
VIC1,2025-02-06 06:30:00,5493.41,166.4,TRADE
VIC1,2025-02-06 06:35:00,5478.44,160.0,TRADE
VIC1,2025-02-06 06:40:00,5470.09,134.89,TRADE
VIC1,2025-02-06 06:45:00,5468.63,132.72,TRADE
VIC1,2025-02-06 06:50:00,5429.8,132.72,TRADE
VIC1,2025-02-06 06:55:00,5405.56,132.21,TRADE
VIC1,2025-02-06 07:00:00,5398.06,113.29,TRADE
VIC1,2025-02-06 07:05:00,5373.74,111.76,TRADE
VIC1,2025-02-06 07:10:00,5249.89,103.19,TRADE
VIC1,2025-02-06 07:15:00,5251.37,100.01,TRADE
VIC1,2025-02-06 07:20:00,5083.39,79.0,TRADE
VIC1,2025-02-06 07:25:00,5109.4,79.0,TRADE
VIC1,2025-02-06 07:30:00,5045.49,59.0,TRADE
VIC1,2025-02-06 07:35:00,4997.68,79.0,TRADE
VIC1,2025-02-06 07:40:00,4930.53,70.06,TRADE
VIC1,2025-02-06 07:45:00,4879.75,61.17,TRADE
VIC1,2025-02-06 07:50:00,4780.61,61.59,TRADE
VIC1,2025-02-06 07:55:00,4783.3,76.06,TRADE
VIC1,2025-02-06 08:00:00,4729.72,30.19,TRADE
VIC1,2025-02-06 08:05:00,4760.85,35.95,TRADE
VIC1,2025-02-06 08:10:00,4794.23,41.57,TRADE
VIC1,2025-02-06 08:15:00,4832.44,31.82,TRADE
VIC1,2025-02-06 08:20:00,4755.18,32.86,TRADE
VIC1,2025-02-06 08:25:00,4756.81,26.3,TRADE
VIC1,2025-02-06 08:30:00,4783.81,31.7,TRADE
VIC1,2025-02-06 08:35:00,4759.49,25.51,TRADE
VIC1,2025-02-06 08:40:00,4763.24,35.0,TRADE
VIC1,2025-02-06 08:45:00,4697.73,-18.47,TRADE
VIC1,2025-02-06 08:50:00,4536.29,-16.19,TRADE
VIC1,2025-02-06 08:55:00,4465.93,9.0,TRADE
VIC1,2025-02-06 09:00:00,4426.47,12.42,TRADE
VIC1,2025-02-06 09:05:00,4492.46,12.0,TRADE
VIC1,2025-02-06 09:10:00,4501.3,12.42,TRADE
VIC1,2025-02-06 09:15:00,4394.49,-13.47,TRADE
VIC1,2025-02-06 09:20:00,4250.08,0.0,TRADE
VIC1,2025-02-06 09:25:00,4238.6,0.0,TRADE
VIC1,2025-02-06 09:30:00,4240.9,8.95,TRADE
VIC1,2025-02-06 09:35:00,4120.4,8.95,TRADE
VIC1,2025-02-06 09:40:00,4173.88,8.95,TRADE
VIC1,2025-02-06 09:45:00,4210.71,9.0,TRADE
VIC1,2025-02-06 09:50:00,4147.05,8.95,TRADE
VIC1,2025-02-06 09:55:00,4163.26,-15.62,TRADE
VIC1,2025-02-06 10:00:00,4126.29,8.95,TRADE
VIC1,2025-02-06 10:05:00,4154.46,8.95,TRADE
VIC1,2025-02-06 10:10:00,4133.37,8.95,TRADE
VIC1,2025-02-06 10:15:00,4195.76,9.0,TRADE
VIC1,2025-02-06 10:20:00,4206.24,9.03,TRADE
VIC1,2025-02-06 10:25:00,4143.96,8.95,TRADE
VIC1,2025-02-06 10:30:00,4092.06,-17.34,TRADE
VIC1,2025-02-06 10:35:00,4169.95,13.16,TRADE
VIC1,2025-02-06 10:40:00,4158.2,9.0,TRADE
VIC1,2025-02-06 10:45:00,4214.83,12.78,TRADE
VIC1,2025-02-06 10:50:00,4315.79,13.01,TRADE
VIC1,2025-02-06 10:55:00,4366.38,15.16,TRADE
VIC1,2025-02-06 11:00:00,4399.42,14.71,TRADE
VIC1,2025-02-06 11:05:00,4474.01,17.77,TRADE
VIC1,2025-02-06 11:10:00,4499.73,16.15,TRADE
VIC1,2025-02-06 11:15:00,4506.23,20.04,TRADE
VIC1,2025-02-06 11:20:00,4579.38,90.0,TRADE
VIC1,2025-02-06 11:25:00,4666.14,54.7,TRADE
VIC1,2025-02-06 11:30:00,4669.3,13.01,TRADE
VIC1,2025-02-06 11:35:00,4716.17,19.19,TRADE
VIC1,2025-02-06 11:40:00,4612.47,-31.37,TRADE
VIC1,2025-02-06 11:45:00,4761.26,112.44,TRADE
VIC1,2025-02-06 11:50:00,4665.31,16.43,TRADE
VIC1,2025-02-06 11:55:00,4731.7,12.0,TRADE
VIC1,2025-02-06 12:00:00,4758.39,12.05,TRADE
VIC1,2025-02-06 12:05:00,4697.37,-46.73,TRADE
VIC1,2025-02-06 12:10:00,4627.52,-30.4,TRADE
VIC1,2025-02-06 12:15:00,4673.34,-32.2,TRADE
VIC1,2025-02-06 12:20:00,4748.34,-32.61,TRADE
VIC1,2025-02-06 12:25:00,4804.47,-32.0,TRADE
VIC1,2025-02-06 12:30:00,4793.58,-37.19,TRADE
VIC1,2025-02-06 12:35:00,4875.38,-33.81,TRADE
VIC1,2025-02-06 12:40:00,4861.83,-32.63,TRADE
VIC1,2025-02-06 12:45:00,4931.76,-32.2,TRADE
VIC1,2025-02-06 12:50:00,4894.29,-32.12,TRADE
VIC1,2025-02-06 12:55:00,5010.8,-12.94,TRADE
VIC1,2025-02-06 13:00:00,5059.28,-20.0,TRADE
VIC1,2025-02-06 13:05:00,5243.08,8.95,TRADE
VIC1,2025-02-06 13:10:00,5299.81,39.15,TRADE
VIC1,2025-02-06 13:15:00,5311.49,16.43,TRADE
VIC1,2025-02-06 13:20:00,5337.07,12.15,TRADE
VIC1,2025-02-06 13:25:00,5468.34,36.01,TRADE
VIC1,2025-02-06 13:30:00,5480.75,19.19,TRADE
VIC1,2025-02-06 13:35:00,5504.7,28.87,TRADE
VIC1,2025-02-06 13:40:00,5545.94,19.19,TRADE
VIC1,2025-02-06 13:45:00,5682.26,110.61,TRADE
VIC1,2025-02-06 13:50:00,5709.53,75.8,TRADE
VIC1,2025-02-06 13:55:00,5798.62,113.57,TRADE
VIC1,2025-02-06 14:00:00,5931.3,119.8,TRADE
VIC1,2025-02-06 14:05:00,5975.27,119.8,TRADE
VIC1,2025-02-06 14:10:00,6010.42,119.8,TRADE
VIC1,2025-02-06 14:15:00,6092.88,119.8,TRADE
VIC1,2025-02-06 14:20:00,6206.13,126.63,TRADE
VIC1,2025-02-06 14:25:00,6251.61,126.85,TRADE
VIC1,2025-02-06 14:30:00,6254.36,122.45,TRADE
VIC1,2025-02-06 14:35:00,6328.54,66.12,TRADE
VIC1,2025-02-06 14:40:00,6572.57,110.64,TRADE
VIC1,2025-02-06 14:45:00,6652.76,112.44,TRADE
VIC1,2025-02-06 14:50:00,6701.59,120.0,TRADE
VIC1,2025-02-06 14:55:00,6628.07,120.0,TRADE
VIC1,2025-02-06 15:00:00,6775.36,114.73,TRADE
VIC1,2025-02-06 15:05:00,6907.73,119.8,TRADE
VIC1,2025-02-06 15:10:00,6880.45,100.01,TRADE
VIC1,2025-02-06 15:15:00,7049.33,115.32,TRADE
VIC1,2025-02-06 15:20:00,7142.83,299.29,TRADE
VIC1,2025-02-06 15:25:00,7255.16,299.29,TRADE
VIC1,2025-02-06 15:30:00,7235.85,296.14,TRADE
VIC1,2025-02-06 15:35:00,7228.52,119.8,TRADE
VIC1,2025-02-06 15:40:00,7253.56,137.96,TRADE
VIC1,2025-02-06 15:45:00,7324.67,162.89,TRADE
VIC1,2025-02-06 15:50:00,7439.87,223.37,TRADE
VIC1,2025-02-06 15:55:00,7361.49,223.37,TRADE
VIC1,2025-02-06 16:00:00,7475.52,299.5,TRADE
VIC1,2025-02-06 16:05:00,7573.84,117.31,TRADE
VIC1,2025-02-06 16:10:00,7721.76,137.96,TRADE
VIC1,2025-02-06 16:15:00,7825.78,210.11,TRADE
VIC1,2025-02-06 16:20:00,7815.3,137.96,TRADE
VIC1,2025-02-06 16:25:00,7976.59,151.0,TRADE
VIC1,2025-02-06 16:30:00,8076.38,201.65,TRADE
VIC1,2025-02-06 16:35:00,8192.79,163.24,TRADE
VIC1,2025-02-06 16:40:00,8222.1,144.13,TRADE
VIC1,2025-02-06 16:45:00,8220.69,124.53,TRADE
VIC1,2025-02-06 16:50:00,8216.3,299.5,TRADE
VIC1,2025-02-06 16:55:00,8411.4,299.5,TRADE
VIC1,2025-02-06 17:00:00,8355.91,299.5,TRADE
VIC1,2025-02-06 17:05:00,8314.17,183.85,TRADE
VIC1,2025-02-06 17:10:00,8331.44,155.03,TRADE
VIC1,2025-02-06 17:15:00,8378.13,183.85,TRADE
VIC1,2025-02-06 17:20:00,8503.87,299.29,TRADE
VIC1,2025-02-06 17:25:00,8452.99,183.85,TRADE
VIC1,2025-02-06 17:30:00,8612.76,301.43,TRADE
VIC1,2025-02-06 17:35:00,8544.79,218.54,TRADE
VIC1,2025-02-06 17:40:00,8645.75,227.97,TRADE
VIC1,2025-02-06 17:45:00,8746.22,205.78,TRADE
VIC1,2025-02-06 17:50:00,8648.61,100.01,TRADE
VIC1,2025-02-06 17:55:00,8696.63,183.85,TRADE
VIC1,2025-02-06 18:00:00,8656.68,301.43,TRADE
VIC1,2025-02-06 18:05:00,8657.1,299.29,TRADE
VIC1,2025-02-06 18:10:00,8701.25,299.29,TRADE
VIC1,2025-02-06 18:15:00,8546.32,290.58,TRADE
VIC1,2025-02-06 18:20:00,8599.35,294.75,TRADE
VIC1,2025-02-06 18:25:00,8497.1,293.69,TRADE
VIC1,2025-02-06 18:30:00,8524.59,299.29,TRADE
VIC1,2025-02-06 18:35:00,8642.67,309.92,TRADE
VIC1,2025-02-06 18:40:00,8677.92,340.18,TRADE
VIC1,2025-02-06 18:45:00,8671.76,310.93,TRADE
VIC1,2025-02-06 18:50:00,8763.02,322.95,TRADE
VIC1,2025-02-06 18:55:00,8772.68,323.07,TRADE
VIC1,2025-02-06 19:00:00,8763.16,322.93,TRADE
VIC1,2025-02-06 19:05:00,8694.95,320.6,TRADE
VIC1,2025-02-06 19:10:00,8606.75,318.3,TRADE
VIC1,2025-02-06 19:15:00,8549.3,315.85,TRADE
VIC1,2025-02-06 19:20:00,8564.88,321.23,TRADE
VIC1,2025-02-06 19:25:00,8473.46,320.85,TRADE
VIC1,2025-02-06 19:30:00,8395.9,320.87,TRADE
VIC1,2025-02-06 19:35:00,8328.8,315.0,TRADE
VIC1,2025-02-06 19:40:00,8251.25,312.45,TRADE
VIC1,2025-02-06 19:45:00,8191.09,312.06,TRADE
VIC1,2025-02-06 19:50:00,8064.0,307.04,TRADE
VIC1,2025-02-06 19:55:00,8024.34,306.85,TRADE
VIC1,2025-02-06 20:00:00,8065.97,308.96,TRADE
VIC1,2025-02-06 20:05:00,7943.94,311.43,TRADE
VIC1,2025-02-06 20:10:00,7841.73,306.7,TRADE
VIC1,2025-02-06 20:15:00,7841.02,306.43,TRADE
VIC1,2025-02-06 20:20:00,7779.67,304.02,TRADE
VIC1,2025-02-06 20:25:00,7661.66,287.51,TRADE
VIC1,2025-02-06 20:30:00,7546.69,240.0,TRADE
VIC1,2025-02-06 20:35:00,7373.56,285.29,TRADE
VIC1,2025-02-06 20:40:00,7388.41,288.32,TRADE
VIC1,2025-02-06 20:45:00,7290.94,238.89,TRADE
VIC1,2025-02-06 20:50:00,7145.52,171.9,TRADE
VIC1,2025-02-06 20:55:00,7102.2,183.85,TRADE
VIC1,2025-02-06 21:00:00,7000.93,173.79,TRADE
VIC1,2025-02-06 21:05:00,6905.69,204.82,TRADE
VIC1,2025-02-06 21:10:00,6771.68,202.52,TRADE
VIC1,2025-02-06 21:15:00,6741.44,201.91,TRADE
VIC1,2025-02-06 21:20:00,6664.88,183.85,TRADE
VIC1,2025-02-06 21:25:00,6542.36,171.38,TRADE
VIC1,2025-02-06 21:30:00,6471.64,183.85,TRADE
VIC1,2025-02-06 21:35:00,6384.61,157.7,TRADE
VIC1,2025-02-06 21:40:00,6312.47,176.57,TRADE
VIC1,2025-02-06 21:45:00,6330.73,168.83,TRADE
VIC1,2025-02-06 21:50:00,6224.98,206.41,TRADE
VIC1,2025-02-06 21:55:00,6149.42,157.41,TRADE
VIC1,2025-02-06 22:00:00,6072.08,166.99,TRADE
VIC1,2025-02-06 22:05:00,5963.89,145.49,TRADE
VIC1,2025-02-06 22:10:00,5907.67,152.1,TRADE
VIC1,2025-02-06 22:15:00,5932.05,154.44,TRADE
VIC1,2025-02-06 22:20:00,5801.37,137.24,TRADE
VIC1,2025-02-06 22:25:00,5801.56,143.18,TRADE
VIC1,2025-02-06 22:30:00,5859.1,144.47,TRADE
VIC1,2025-02-06 22:35:00,5787.85,136.97,TRADE
VIC1,2025-02-06 22:40:00,5725.8,138.34,TRADE
VIC1,2025-02-06 22:45:00,5724.78,135.97,TRADE
VIC1,2025-02-06 22:50:00,5630.06,123.43,TRADE
VIC1,2025-02-06 22:55:00,5558.99,120.0,TRADE
VIC1,2025-02-06 23:00:00,5483.9,120.0,TRADE
VIC1,2025-02-06 23:05:00,5450.02,122.95,TRADE
VIC1,2025-02-06 23:10:00,5637.72,150.9,TRADE
VIC1,2025-02-06 23:15:00,5690.72,137.33,TRADE
VIC1,2025-02-06 23:20:00,5566.79,129.61,TRADE
VIC1,2025-02-06 23:25:00,5602.48,137.96,TRADE
VIC1,2025-02-06 23:30:00,5579.33,137.31,TRADE
VIC1,2025-02-06 23:35:00,5563.3,133.6,TRADE
VIC1,2025-02-06 23:40:00,5463.05,151.71,TRADE
VIC1,2025-02-06 23:45:00,5293.22,129.15,TRADE
VIC1,2025-02-06 23:50:00,5253.95,133.59,TRADE
VIC1,2025-02-06 23:55:00,5275.05,130.27,TRADE
VIC1,2025-02-07 00:00:00,5260.3,131.28,TRADE
VIC1,2025-02-07 00:05:00,5146.76,130.11,TRADE
VIC1,2025-02-07 00:10:00,5085.08,130.99,TRADE
VIC1,2025-02-07 00:15:00,5116.28,130.12,TRADE
VIC1,2025-02-07 00:20:00,5112.07,130.07,TRADE
VIC1,2025-02-07 00:25:00,5040.75,129.21,TRADE
VIC1,2025-02-07 00:30:00,4997.15,128.17,TRADE
VIC1,2025-02-07 00:35:00,4878.83,120.0,TRADE
VIC1,2025-02-07 00:40:00,4856.52,152.48,TRADE
VIC1,2025-02-07 00:45:00,4828.53,152.55,TRADE
VIC1,2025-02-07 00:50:00,4853.16,136.62,TRADE
VIC1,2025-02-07 00:55:00,4806.15,120.0,TRADE
VIC1,2025-02-07 01:00:00,4790.74,134.62,TRADE
VIC1,2025-02-07 01:05:00,4776.49,160.0,TRADE
VIC1,2025-02-07 01:10:00,4802.77,160.0,TRADE
VIC1,2025-02-07 01:15:00,4756.5,160.0,TRADE
VIC1,2025-02-07 01:20:00,4699.44,121.9,TRADE
VIC1,2025-02-07 01:25:00,4673.87,120.93,TRADE
VIC1,2025-02-07 01:30:00,4664.26,126.82,TRADE
VIC1,2025-02-07 01:35:00,4652.85,160.0,TRADE
VIC1,2025-02-07 01:40:00,4639.54,151.63,TRADE
VIC1,2025-02-07 01:45:00,4663.78,152.76,TRADE
VIC1,2025-02-07 01:50:00,4636.4,146.0,TRADE
VIC1,2025-02-07 01:55:00,4619.69,138.7,TRADE
VIC1,2025-02-07 02:00:00,4529.06,135.55,TRADE
VIC1,2025-02-07 02:05:00,4534.45,136.21,TRADE
VIC1,2025-02-07 02:10:00,4623.84,160.0,TRADE
VIC1,2025-02-07 02:15:00,4614.05,160.0,TRADE
VIC1,2025-02-07 02:20:00,4469.03,136.29,TRADE
VIC1,2025-02-07 02:25:00,4502.74,154.07,TRADE
VIC1,2025-02-07 02:30:00,4558.56,160.0,TRADE
VIC1,2025-02-07 02:35:00,4562.12,160.0,TRADE
VIC1,2025-02-07 02:40:00,4486.1,150.21,TRADE
VIC1,2025-02-07 02:45:00,4500.66,136.95,TRADE
VIC1,2025-02-07 02:50:00,4571.84,159.74,TRADE
VIC1,2025-02-07 02:55:00,4501.5,150.32,TRADE
VIC1,2025-02-07 03:00:00,4421.95,135.94,TRADE
VIC1,2025-02-07 03:05:00,4450.63,134.89,TRADE
VIC1,2025-02-07 03:10:00,4522.48,156.38,TRADE
VIC1,2025-02-07 03:15:00,4514.88,160.0,TRADE
VIC1,2025-02-07 03:20:00,4444.17,160.0,TRADE
VIC1,2025-02-07 03:25:00,4538.04,160.0,TRADE
VIC1,2025-02-07 03:30:00,4530.97,259.03,TRADE
VIC1,2025-02-07 03:35:00,4481.69,146.62,TRADE
VIC1,2025-02-07 03:40:00,4462.03,160.0,TRADE
VIC1,2025-02-07 03:45:00,4521.33,155.33,TRADE
VIC1,2025-02-07 03:50:00,4619.54,153.8,TRADE
VIC1,2025-02-07 03:55:00,4576.18,137.27,TRADE
VIC1,2025-02-07 04:00:00,4581.61,149.73,TRADE
VIC1,2025-02-07 04:05:00,4664.89,154.7,TRADE
VIC1,2025-02-07 04:10:00,4715.51,160.0,TRADE
VIC1,2025-02-07 04:15:00,4659.27,152.76,TRADE
VIC1,2025-02-07 04:20:00,4762.62,160.0,TRADE
VIC1,2025-02-07 04:25:00,4772.08,160.0,TRADE
VIC1,2025-02-07 04:30:00,4805.83,160.0,TRADE
VIC1,2025-02-07 04:35:00,4806.12,160.0,TRADE
VIC1,2025-02-07 04:40:00,4756.13,160.0,TRADE
VIC1,2025-02-07 04:45:00,4778.16,160.0,TRADE
VIC1,2025-02-07 04:50:00,4845.24,160.0,TRADE
VIC1,2025-02-07 04:55:00,4929.65,268.19,TRADE
VIC1,2025-02-07 05:00:00,4936.97,272.18,TRADE
VIC1,2025-02-07 05:05:00,4974.39,160.0,TRADE
VIC1,2025-02-07 05:10:00,5152.29,210.01,TRADE
VIC1,2025-02-07 05:15:00,5184.6,192.39,TRADE
VIC1,2025-02-07 05:20:00,5169.5,162.81,TRADE
VIC1,2025-02-07 05:25:00,5190.21,266.55,TRADE
VIC1,2025-02-07 05:30:00,5191.59,160.0,TRADE
VIC1,2025-02-07 05:35:00,5273.04,261.8,TRADE
VIC1,2025-02-07 05:40:00,5280.12,262.84,TRADE
VIC1,2025-02-07 05:45:00,5325.38,265.15,TRADE
VIC1,2025-02-07 05:50:00,5335.61,263.05,TRADE
VIC1,2025-02-07 05:55:00,5448.38,267.47,TRADE
VIC1,2025-02-07 06:00:00,5414.1,160.0,TRADE
VIC1,2025-02-07 06:05:00,5525.99,214.96,TRADE
VIC1,2025-02-07 06:10:00,5568.18,248.47,TRADE
VIC1,2025-02-07 06:15:00,5618.07,250.39,TRADE
VIC1,2025-02-07 06:20:00,5716.39,250.42,TRADE
VIC1,2025-02-07 06:25:00,5664.59,258.78,TRADE
VIC1,2025-02-07 06:30:00,5669.81,160.0,TRADE
VIC1,2025-02-07 06:35:00,5615.59,174.07,TRADE
VIC1,2025-02-07 06:40:00,5640.01,198.89,TRADE
VIC1,2025-02-07 06:45:00,5705.3,160.0,TRADE
VIC1,2025-02-07 06:50:00,5616.87,129.99,TRADE
VIC1,2025-02-07 06:55:00,5663.84,120.0,TRADE
VIC1,2025-02-07 07:00:00,5646.58,115.61,TRADE
VIC1,2025-02-07 07:05:00,5715.25,120.0,TRADE
VIC1,2025-02-07 07:10:00,5649.04,113.86,TRADE
VIC1,2025-02-07 07:15:00,5678.31,115.02,TRADE
VIC1,2025-02-07 07:20:00,5703.43,114.73,TRADE
VIC1,2025-02-07 07:25:00,5696.64,113.29,TRADE
VIC1,2025-02-07 07:30:00,5652.42,97.28,TRADE
VIC1,2025-02-07 07:35:00,5600.73,120.0,TRADE
VIC1,2025-02-07 07:40:00,5465.69,99.58,TRADE
VIC1,2025-02-07 07:45:00,5595.29,88.62,TRADE
VIC1,2025-02-07 07:50:00,5589.62,89.12,TRADE
VIC1,2025-02-07 07:55:00,5515.55,89.34,TRADE
VIC1,2025-02-07 08:00:00,5447.83,69.52,TRADE
VIC1,2025-02-07 08:05:00,5581.03,152.71,TRADE
VIC1,2025-02-07 08:10:00,5630.95,246.41,TRADE
VIC1,2025-02-07 08:15:00,5653.74,301.03,TRADE
VIC1,2025-02-07 08:20:00,5578.64,307.65,TRADE
VIC1,2025-02-07 08:25:00,5636.4,133.15,TRADE
VIC1,2025-02-07 08:30:00,5550.16,36.01,TRADE
VIC1,2025-02-07 08:35:00,5670.76,121.5,TRADE
VIC1,2025-02-07 08:40:00,5669.72,132.81,TRADE
VIC1,2025-02-07 08:45:00,5576.22,121.73,TRADE
VIC1,2025-02-07 08:50:00,5545.07,46.66,TRADE
VIC1,2025-02-07 08:55:00,5555.05,49.06,TRADE
VIC1,2025-02-07 09:00:00,5522.35,76.47,TRADE
VIC1,2025-02-07 09:05:00,5579.79,120.6,TRADE
VIC1,2025-02-07 09:10:00,5427.86,85.45,TRADE
VIC1,2025-02-07 09:15:00,5381.06,63.37,TRADE
VIC1,2025-02-07 09:20:00,5313.72,58.76,TRADE
VIC1,2025-02-07 09:25:00,5389.49,53.45,TRADE
VIC1,2025-02-07 09:30:00,5448.88,68.04,TRADE
VIC1,2025-02-07 09:35:00,5446.84,37.48,TRADE
VIC1,2025-02-07 09:40:00,5363.91,33.0,TRADE
VIC1,2025-02-07 09:45:00,5397.88,21.85,TRADE
VIC1,2025-02-07 09:50:00,5434.14,33.0,TRADE
VIC1,2025-02-07 09:55:00,5525.91,28.62,TRADE
VIC1,2025-02-07 10:00:00,5561.28,33.0,TRADE
VIC1,2025-02-07 10:05:00,5542.97,21.25,TRADE
VIC1,2025-02-07 10:10:00,5568.48,69.27,TRADE
VIC1,2025-02-07 10:15:00,5536.84,36.51,TRADE
VIC1,2025-02-07 10:20:00,5504.96,82.5,TRADE
VIC1,2025-02-07 10:25:00,5409.67,81.62,TRADE
VIC1,2025-02-07 10:30:00,5397.23,57.14,TRADE
VIC1,2025-02-07 10:35:00,5339.23,45.94,TRADE
VIC1,2025-02-07 10:40:00,5229.37,51.3,TRADE
VIC1,2025-02-07 10:45:00,5229.74,33.0,TRADE
VIC1,2025-02-07 10:50:00,5253.47,80.54,TRADE
VIC1,2025-02-07 10:55:00,5230.39,33.0,TRADE
VIC1,2025-02-07 11:00:00,5181.18,33.0,TRADE
VIC1,2025-02-07 11:05:00,5250.94,72.55,TRADE
VIC1,2025-02-07 11:10:00,5264.52,55.97,TRADE
VIC1,2025-02-07 11:15:00,5204.28,82.5,TRADE
VIC1,2025-02-07 11:20:00,5162.77,82.5,TRADE
VIC1,2025-02-07 11:25:00,4994.92,75.8,TRADE
VIC1,2025-02-07 11:30:00,5048.81,72.32,TRADE
VIC1,2025-02-07 11:35:00,4934.61,33.0,TRADE
VIC1,2025-02-07 11:40:00,5119.57,57.2,TRADE
VIC1,2025-02-07 11:45:00,5145.83,72.32,TRADE
VIC1,2025-02-07 11:50:00,5133.34,55.89,TRADE
VIC1,2025-02-07 11:55:00,5052.96,66.12,TRADE
VIC1,2025-02-07 12:00:00,5103.35,66.12,TRADE
VIC1,2025-02-07 12:05:00,5147.17,82.5,TRADE
VIC1,2025-02-07 12:10:00,5144.14,73.56,TRADE
VIC1,2025-02-07 12:15:00,5066.62,82.5,TRADE
VIC1,2025-02-07 12:20:00,4958.62,76.23,TRADE
VIC1,2025-02-07 12:25:00,4973.92,66.12,TRADE
VIC1,2025-02-07 12:30:00,5109.13,82.5,TRADE
VIC1,2025-02-07 12:35:00,4997.19,82.5,TRADE
VIC1,2025-02-07 12:40:00,4946.61,82.5,TRADE
VIC1,2025-02-07 12:45:00,4883.25,82.5,TRADE
VIC1,2025-02-07 12:50:00,4882.27,82.5,TRADE
VIC1,2025-02-07 12:55:00,4848.39,79.88,TRADE
VIC1,2025-02-07 13:00:00,4750.7,82.5,TRADE
VIC1,2025-02-07 13:05:00,4688.66,36.01,TRADE
VIC1,2025-02-07 13:10:00,4879.45,39.0,TRADE
VIC1,2025-02-07 13:15:00,4940.65,33.11,TRADE
VIC1,2025-02-07 13:20:00,4997.73,68.04,TRADE
VIC1,2025-02-07 13:25:00,5093.47,33.0,TRADE
VIC1,2025-02-07 13:30:00,5053.05,19.19,TRADE
VIC1,2025-02-07 13:35:00,4990.58,58.25,TRADE
VIC1,2025-02-07 13:40:00,4889.02,33.0,TRADE
VIC1,2025-02-07 13:45:00,4971.53,12.54,TRADE
VIC1,2025-02-07 13:50:00,4979.1,-15.64,TRADE
VIC1,2025-02-07 13:55:00,5016.55,13.01,TRADE
VIC1,2025-02-07 14:00:00,5075.11,19.19,TRADE
VIC1,2025-02-07 14:05:00,5108.34,8.95,TRADE
VIC1,2025-02-07 14:10:00,5038.31,9.0,TRADE
VIC1,2025-02-07 14:15:00,5062.05,8.95,TRADE
VIC1,2025-02-07 14:20:00,5115.09,8.95,TRADE
VIC1,2025-02-07 14:25:00,5128.37,9.0,TRADE
VIC1,2025-02-07 14:30:00,4994.19,8.95,TRADE
VIC1,2025-02-07 14:35:00,4824.8,9.0,TRADE
VIC1,2025-02-07 14:40:00,4836.23,-20.0,TRADE
VIC1,2025-02-07 14:45:00,4941.54,-21.0,TRADE
VIC1,2025-02-07 14:50:00,4989.44,-20.0,TRADE
VIC1,2025-02-07 14:55:00,5031.25,-16.59,TRADE
VIC1,2025-02-07 15:00:00,5008.7,-20.0,TRADE
VIC1,2025-02-07 15:05:00,5115.91,-19.7,TRADE
VIC1,2025-02-07 15:10:00,5117.14,-19.99,TRADE
VIC1,2025-02-07 15:15:00,5274.37,-19.57,TRADE
VIC1,2025-02-07 15:20:00,5185.27,-11.21,TRADE
VIC1,2025-02-07 15:25:00,5199.86,8.95,TRADE
VIC1,2025-02-07 15:30:00,5204.26,8.95,TRADE
VIC1,2025-02-07 15:35:00,5234.76,-18.1,TRADE
VIC1,2025-02-07 15:40:00,5367.95,0.0,TRADE
VIC1,2025-02-07 15:45:00,5445.77,-19.99,TRADE
VIC1,2025-02-07 15:50:00,5455.36,-19.57,TRADE
VIC1,2025-02-07 15:55:00,5527.41,9.0,TRADE
VIC1,2025-02-07 16:00:00,5543.27,8.95,TRADE
VIC1,2025-02-07 16:05:00,5636.08,8.95,TRADE
VIC1,2025-02-07 16:10:00,5613.15,-18.88,TRADE
VIC1,2025-02-07 16:15:00,5610.8,8.95,TRADE
VIC1,2025-02-07 16:20:00,5574.68,8.95,TRADE
VIC1,2025-02-07 16:25:00,5702.41,9.53,TRADE
VIC1,2025-02-07 16:30:00,5716.1,8.98,TRADE
VIC1,2025-02-07 16:35:00,5655.9,8.95,TRADE
VIC1,2025-02-07 16:40:00,5649.57,20.04,TRADE
VIC1,2025-02-07 16:45:00,5645.95,-19.04,TRADE
VIC1,2025-02-07 16:50:00,5643.7,-18.15,TRADE
VIC1,2025-02-07 16:55:00,5529.63,-19.57,TRADE
VIC1,2025-02-07 17:00:00,5598.36,11.38,TRADE
VIC1,2025-02-07 17:05:00,5572.42,8.95,TRADE
VIC1,2025-02-07 17:10:00,5506.36,-63.94,TRADE
VIC1,2025-02-07 17:15:00,5123.56,-37.19,TRADE
VIC1,2025-02-07 17:20:00,5109.33,-50.01,TRADE
VIC1,2025-02-07 17:25:00,5150.46,-45.05,TRADE
VIC1,2025-02-07 17:30:00,5151.16,-37.19,TRADE
VIC1,2025-02-07 17:35:00,5044.38,-32.0,TRADE
VIC1,2025-02-07 17:40:00,5125.2,-29.4,TRADE
VIC1,2025-02-07 17:45:00,5109.32,-22.55,TRADE
VIC1,2025-02-07 17:50:00,5455.77,-20.19,TRADE
VIC1,2025-02-07 17:55:00,5666.58,-5.2,TRADE
VIC1,2025-02-07 18:00:00,5651.51,8.2,TRADE
VIC1,2025-02-07 18:05:00,5683.21,9.0,TRADE
VIC1,2025-02-07 18:10:00,5578.65,10.5,TRADE
VIC1,2025-02-07 18:15:00,5520.3,8.95,TRADE
VIC1,2025-02-07 18:20:00,5654.52,123.54,TRADE
VIC1,2025-02-07 18:25:00,5679.09,120.91,TRADE
VIC1,2025-02-07 18:30:00,5774.66,131.52,TRADE
VIC1,2025-02-07 18:35:00,5801.01,99.65,TRADE
VIC1,2025-02-07 18:40:00,5863.46,83.83,TRADE
VIC1,2025-02-07 18:45:00,5813.61,99.65,TRADE
VIC1,2025-02-07 18:50:00,5719.28,111.6,TRADE
VIC1,2025-02-07 18:55:00,5656.59,99.65,TRADE
VIC1,2025-02-07 19:00:00,5771.87,111.88,TRADE
VIC1,2025-02-07 19:05:00,5763.83,111.2,TRADE
VIC1,2025-02-07 19:10:00,5768.84,111.89,TRADE
VIC1,2025-02-07 19:15:00,5680.93,109.21,TRADE
VIC1,2025-02-07 19:20:00,5694.49,99.65,TRADE
VIC1,2025-02-07 19:25:00,5625.99,98.39,TRADE
VIC1,2025-02-07 19:30:00,5563.82,89.76,TRADE
VIC1,2025-02-07 19:35:00,5582.93,88.75,TRADE
VIC1,2025-02-07 19:40:00,5594.08,99.65,TRADE
VIC1,2025-02-07 19:45:00,5589.4,88.54,TRADE
VIC1,2025-02-07 19:50:00,5562.12,65.34,TRADE
VIC1,2025-02-07 19:55:00,5535.01,89.45,TRADE
VIC1,2025-02-07 20:00:00,5538.32,76.0,TRADE
VIC1,2025-02-07 20:05:00,5524.62,73.05,TRADE
VIC1,2025-02-07 20:10:00,5403.4,73.58,TRADE
VIC1,2025-02-07 20:15:00,5342.58,73.75,TRADE
VIC1,2025-02-07 20:20:00,5262.38,67.23,TRADE
VIC1,2025-02-07 20:25:00,5274.51,66.8,TRADE
VIC1,2025-02-07 20:30:00,5237.29,67.31,TRADE
VIC1,2025-02-07 20:35:00,5154.23,76.78,TRADE
VIC1,2025-02-07 20:40:00,5115.54,71.4,TRADE
VIC1,2025-02-07 20:45:00,5078.8,70.88,TRADE
VIC1,2025-02-07 20:50:00,4997.89,75.48,TRADE
VIC1,2025-02-07 20:55:00,4999.55,70.64,TRADE
VIC1,2025-02-07 21:00:00,4991.34,67.29,TRADE
VIC1,2025-02-07 21:05:00,4948.64,68.4,TRADE
VIC1,2025-02-07 21:10:00,4987.24,75.16,TRADE
VIC1,2025-02-07 21:15:00,4874.13,74.7,TRADE
VIC1,2025-02-07 21:20:00,4828.26,69.63,TRADE
VIC1,2025-02-07 21:25:00,4818.85,69.62,TRADE
VIC1,2025-02-07 21:30:00,4844.33,75.77,TRADE
VIC1,2025-02-07 21:35:00,4844.87,75.93,TRADE
VIC1,2025-02-07 21:40:00,4831.3,75.67,TRADE
VIC1,2025-02-07 21:45:00,4804.4,70.76,TRADE
VIC1,2025-02-07 21:50:00,4693.9,72.18,TRADE
VIC1,2025-02-07 21:55:00,4637.53,84.47,TRADE
VIC1,2025-02-07 22:00:00,4688.84,76.86,TRADE
VIC1,2025-02-07 22:05:00,4661.08,85.15,TRADE
VIC1,2025-02-07 22:10:00,4612.03,82.64,TRADE
VIC1,2025-02-07 22:15:00,4583.25,73.76,TRADE
VIC1,2025-02-07 22:20:00,4607.62,77.23,TRADE
VIC1,2025-02-07 22:25:00,4574.06,74.22,TRADE
VIC1,2025-02-07 22:30:00,4570.79,84.45,TRADE
VIC1,2025-02-07 22:35:00,4533.14,78.52,TRADE
VIC1,2025-02-07 22:40:00,4595.92,76.45,TRADE
VIC1,2025-02-07 22:45:00,4618.96,73.64,TRADE
VIC1,2025-02-07 22:50:00,4609.63,74.24,TRADE
VIC1,2025-02-07 22:55:00,4609.36,72.39,TRADE
VIC1,2025-02-07 23:00:00,4538.38,72.97,TRADE
VIC1,2025-02-07 23:05:00,4546.74,87.36,TRADE
VIC1,2025-02-07 23:10:00,4646.96,91.19,TRADE
VIC1,2025-02-07 23:15:00,4773.2,93.42,TRADE
VIC1,2025-02-07 23:20:00,4708.88,92.5,TRADE
VIC1,2025-02-07 23:25:00,4745.09,90.61,TRADE
VIC1,2025-02-07 23:30:00,4707.02,90.92,TRADE
VIC1,2025-02-07 23:35:00,4734.21,90.37,TRADE
VIC1,2025-02-07 23:40:00,4740.04,89.47,TRADE
VIC1,2025-02-07 23:45:00,4721.6,82.4,TRADE
VIC1,2025-02-07 23:50:00,4658.27,76.14,TRADE
VIC1,2025-02-07 23:55:00,4583.86,35.95,TRADE
VIC1,2025-02-10 00:00:00,4190.28,-10.09,TRADE
VIC1,2025-02-10 00:05:00,4217.15,-10.06,TRADE
VIC1,2025-02-10 00:10:00,4142.01,-10.0,TRADE
VIC1,2025-02-10 00:15:00,4103.89,-18.57,TRADE
VIC1,2025-02-10 00:20:00,3985.08,-19.1,TRADE
VIC1,2025-02-10 00:25:00,3934.06,-18.9,TRADE
VIC1,2025-02-10 00:30:00,3954.75,-19.17,TRADE
VIC1,2025-02-10 00:35:00,3937.32,-19.03,TRADE
VIC1,2025-02-10 00:40:00,3889.09,-18.92,TRADE
VIC1,2025-02-10 00:45:00,3887.99,-19.12,TRADE
VIC1,2025-02-10 00:50:00,3887.94,-18.57,TRADE
VIC1,2025-02-10 00:55:00,3859.03,-6.01,TRADE
VIC1,2025-02-10 01:00:00,3815.83,-6.01,TRADE
VIC1,2025-02-10 01:05:00,3814.27,-9.74,TRADE
VIC1,2025-02-10 01:10:00,3831.67,-6.01,TRADE
VIC1,2025-02-10 01:15:00,3882.78,-6.01,TRADE
VIC1,2025-02-10 01:20:00,3827.86,-9.76,TRADE
VIC1,2025-02-10 01:25:00,3761.17,-19.35,TRADE
VIC1,2025-02-10 01:30:00,3839.36,-18.57,TRADE
VIC1,2025-02-10 01:35:00,3819.18,-9.85,TRADE
VIC1,2025-02-10 01:40:00,3725.41,-19.36,TRADE
VIC1,2025-02-10 01:45:00,3747.83,-18.57,TRADE
VIC1,2025-02-10 01:50:00,3661.21,-19.12,TRADE
VIC1,2025-02-10 01:55:00,3634.22,-18.98,TRADE
VIC1,2025-02-10 02:00:00,3660.44,-19.21,TRADE
VIC1,2025-02-10 02:05:00,3667.27,-19.27,TRADE
VIC1,2025-02-10 02:10:00,3578.07,-18.84,TRADE
VIC1,2025-02-10 02:15:00,3601.66,-19.05,TRADE
VIC1,2025-02-10 02:20:00,3607.79,-19.05,TRADE
VIC1,2025-02-10 02:25:00,3615.54,-19.1,TRADE
VIC1,2025-02-10 02:30:00,3564.72,-19.07,TRADE
VIC1,2025-02-10 02:35:00,3629.66,-19.33,TRADE
VIC1,2025-02-10 02:40:00,3545.15,-18.95,TRADE
VIC1,2025-02-10 02:45:00,3530.96,-18.95,TRADE
VIC1,2025-02-10 02:50:00,3585.98,-18.57,TRADE
VIC1,2025-02-10 02:55:00,3585.07,-18.57,TRADE
VIC1,2025-02-10 03:00:00,3566.29,-9.57,TRADE
VIC1,2025-02-10 03:05:00,3607.49,-6.01,TRADE
VIC1,2025-02-10 03:10:00,3625.67,-6.01,TRADE
VIC1,2025-02-10 03:15:00,3522.24,-9.52,TRADE
VIC1,2025-02-10 03:20:00,3529.66,-6.01,TRADE
VIC1,2025-02-10 03:25:00,3610.84,0.0,TRADE
VIC1,2025-02-10 03:30:00,3521.5,-6.01,TRADE
VIC1,2025-02-10 03:35:00,3566.51,8.64,TRADE
VIC1,2025-02-10 03:40:00,3698.59,33.0,TRADE
VIC1,2025-02-10 03:45:00,3798.91,8.95,TRADE
VIC1,2025-02-10 03:50:00,3803.55,8.95,TRADE
VIC1,2025-02-10 03:55:00,3841.38,8.95,TRADE
VIC1,2025-02-10 04:00:00,3841.64,8.95,TRADE
VIC1,2025-02-10 04:05:00,3775.25,8.95,TRADE
VIC1,2025-02-10 04:10:00,3826.12,8.95,TRADE
VIC1,2025-02-10 04:15:00,3870.92,8.99,TRADE
VIC1,2025-02-10 04:20:00,3837.4,8.95,TRADE
VIC1,2025-02-10 04:25:00,3840.18,8.95,TRADE
VIC1,2025-02-10 04:30:00,3844.2,8.95,TRADE
VIC1,2025-02-10 04:35:00,3856.31,8.95,TRADE
VIC1,2025-02-10 04:40:00,3899.73,8.95,TRADE
VIC1,2025-02-10 04:45:00,3996.91,33.0,TRADE
VIC1,2025-02-10 04:50:00,4005.02,8.95,TRADE
VIC1,2025-02-10 04:55:00,4017.49,8.95,TRADE
VIC1,2025-02-10 05:00:00,4109.72,33.89,TRADE
VIC1,2025-02-10 05:05:00,4180.16,8.95,TRADE
VIC1,2025-02-10 05:10:00,4279.23,95.12,TRADE
VIC1,2025-02-10 05:15:00,4269.39,33.0,TRADE
VIC1,2025-02-10 05:20:00,4295.48,8.95,TRADE
VIC1,2025-02-10 05:25:00,4366.86,8.95,TRADE
VIC1,2025-02-10 05:30:00,4470.65,0.0,TRADE
VIC1,2025-02-10 05:35:00,4415.77,0.0,TRADE
VIC1,2025-02-10 05:40:00,4504.41,33.0,TRADE
VIC1,2025-02-10 05:45:00,4541.23,33.0,TRADE
VIC1,2025-02-10 05:50:00,4594.45,33.0,TRADE
VIC1,2025-02-10 05:55:00,4652.83,33.0,TRADE
VIC1,2025-02-10 06:00:00,4702.86,33.0,TRADE
VIC1,2025-02-10 06:05:00,4674.79,33.0,TRADE
VIC1,2025-02-10 06:10:00,4827.42,97.11,TRADE
VIC1,2025-02-10 06:15:00,4865.71,87.29,TRADE
VIC1,2025-02-10 06:20:00,4999.03,50.23,TRADE
VIC1,2025-02-10 06:25:00,4987.01,33.0,TRADE
VIC1,2025-02-10 06:30:00,4933.14,33.0,TRADE
VIC1,2025-02-10 06:35:00,4950.14,33.0,TRADE
VIC1,2025-02-10 06:40:00,4952.8,33.0,TRADE
VIC1,2025-02-10 06:45:00,4885.52,8.95,TRADE
VIC1,2025-02-10 06:50:00,4822.27,8.95,TRADE
VIC1,2025-02-10 06:55:00,4722.63,-9.5,TRADE
VIC1,2025-02-10 07:00:00,4840.59,0.0,TRADE
VIC1,2025-02-10 07:05:00,4930.19,8.95,TRADE
VIC1,2025-02-10 07:10:00,4924.16,7.19,TRADE
VIC1,2025-02-10 07:15:00,4854.32,0.0,TRADE
VIC1,2025-02-10 07:20:00,4760.79,-19.53,TRADE
VIC1,2025-02-10 07:25:00,4825.27,-19.99,TRADE
VIC1,2025-02-10 07:30:00,4701.28,-19.45,TRADE
VIC1,2025-02-10 07:35:00,4682.84,-19.67,TRADE
VIC1,2025-02-10 07:40:00,4609.14,-19.54,TRADE
VIC1,2025-02-10 07:45:00,4595.54,-29.16,TRADE
VIC1,2025-02-10 07:50:00,4636.16,-19.68,TRADE
VIC1,2025-02-10 07:55:00,4628.74,-19.99,TRADE
VIC1,2025-02-10 08:00:00,4622.4,-20.19,TRADE
VIC1,2025-02-10 08:05:00,4574.16,-20.19,TRADE
VIC1,2025-02-10 08:10:00,4646.28,-31.5,TRADE
VIC1,2025-02-10 08:15:00,4583.61,-21.0,TRADE
VIC1,2025-02-10 08:20:00,4559.14,-21.0,TRADE
VIC1,2025-02-10 08:25:00,4463.42,-29.36,TRADE
VIC1,2025-02-10 08:30:00,4436.47,-29.52,TRADE
VIC1,2025-02-10 08:35:00,4289.9,-30.75,TRADE
VIC1,2025-02-10 08:40:00,4438.34,-18.57,TRADE
VIC1,2025-02-10 08:45:00,4345.17,-20.19,TRADE
VIC1,2025-02-10 08:50:00,4325.95,-21.83,TRADE
VIC1,2025-02-10 08:55:00,4311.57,-32.0,TRADE
VIC1,2025-02-10 09:00:00,4243.22,-21.0,TRADE
VIC1,2025-02-10 09:05:00,4225.53,-30.75,TRADE
VIC1,2025-02-10 09:10:00,4188.39,-20.19,TRADE
VIC1,2025-02-10 09:15:00,4214.01,-19.99,TRADE
VIC1,2025-02-10 09:20:00,4153.53,-18.57,TRADE
VIC1,2025-02-10 09:25:00,4108.77,-19.99,TRADE
VIC1,2025-02-10 09:30:00,4094.47,-76.04,TRADE
VIC1,2025-02-10 09:35:00,3997.59,-61.37,TRADE
VIC1,2025-02-10 09:40:00,4044.7,-48.0,TRADE
VIC1,2025-02-10 09:45:00,3980.73,-50.08,TRADE
VIC1,2025-02-10 09:50:00,3921.46,-45.05,TRADE
VIC1,2025-02-10 09:55:00,3981.72,-50.08,TRADE
VIC1,2025-02-10 10:00:00,3934.09,-44.0,TRADE
VIC1,2025-02-10 10:05:00,3800.61,-37.19,TRADE
VIC1,2025-02-10 10:10:00,3852.42,-37.19,TRADE
VIC1,2025-02-10 10:15:00,3897.09,-34.67,TRADE
VIC1,2025-02-10 10:20:00,3897.24,-32.2,TRADE
VIC1,2025-02-10 10:25:00,4005.16,-31.5,TRADE
VIC1,2025-02-10 10:30:00,3940.64,-31.5,TRADE
VIC1,2025-02-10 10:35:00,3909.93,-31.5,TRADE
VIC1,2025-02-10 10:40:00,3797.92,-32.2,TRADE
VIC1,2025-02-10 10:45:00,3754.14,-31.5,TRADE
VIC1,2025-02-10 10:50:00,3708.16,-31.27,TRADE
VIC1,2025-02-10 10:55:00,3675.59,-30.25,TRADE
VIC1,2025-02-10 11:00:00,3626.97,-29.91,TRADE
VIC1,2025-02-10 11:05:00,3706.0,-20.64,TRADE
VIC1,2025-02-10 11:10:00,3803.94,-20.73,TRADE
VIC1,2025-02-10 11:15:00,3889.82,-29.02,TRADE
VIC1,2025-02-10 11:20:00,3782.95,-31.5,TRADE
VIC1,2025-02-10 11:25:00,3820.99,-30.75,TRADE
VIC1,2025-02-10 11:30:00,3814.65,-30.75,TRADE
VIC1,2025-02-10 11:35:00,3759.55,-31.5,TRADE
VIC1,2025-02-10 11:40:00,3774.42,-31.5,TRADE
VIC1,2025-02-10 11:45:00,3838.64,-31.5,TRADE
VIC1,2025-02-10 11:50:00,3735.63,-32.0,TRADE
VIC1,2025-02-10 11:55:00,3822.28,-32.2,TRADE
VIC1,2025-02-10 12:00:00,3827.55,-31.5,TRADE
VIC1,2025-02-10 12:05:00,3832.06,-61.98,TRADE
VIC1,2025-02-10 12:10:00,3573.75,-66.31,TRADE
VIC1,2025-02-10 12:15:00,3498.56,-66.31,TRADE
VIC1,2025-02-10 12:20:00,3522.71,-59.47,TRADE
VIC1,2025-02-10 12:25:00,3637.59,-59.47,TRADE
VIC1,2025-02-10 12:30:00,3442.67,-50.08,TRADE
VIC1,2025-02-10 12:35:00,3476.31,-61.28,TRADE
VIC1,2025-02-10 12:40:00,3452.74,-58.87,TRADE
VIC1,2025-02-10 12:45:00,3497.53,-45.05,TRADE
VIC1,2025-02-10 12:50:00,3671.88,-45.05,TRADE
VIC1,2025-02-10 12:55:00,3652.99,-45.05,TRADE
VIC1,2025-02-10 13:00:00,3672.95,-44.0,TRADE
VIC1,2025-02-10 13:05:00,3765.95,-57.61,TRADE
VIC1,2025-02-10 13:10:00,3649.35,-46.18,TRADE
VIC1,2025-02-10 13:15:00,3650.04,-50.08,TRADE
VIC1,2025-02-10 13:20:00,3706.98,-45.05,TRADE
VIC1,2025-02-10 13:25:00,3660.24,-50.08,TRADE
VIC1,2025-02-10 13:30:00,3535.83,-59.47,TRADE
VIC1,2025-02-10 13:35:00,3674.88,-52.78,TRADE
VIC1,2025-02-10 13:40:00,3581.57,-46.18,TRADE
VIC1,2025-02-10 13:45:00,3527.12,-46.18,TRADE
VIC1,2025-02-10 13:50:00,3577.96,-46.57,TRADE
VIC1,2025-02-10 13:55:00,3637.56,-37.19,TRADE
VIC1,2025-02-10 14:00:00,3575.5,-45.05,TRADE
VIC1,2025-02-10 14:05:00,3704.7,-34.93,TRADE
VIC1,2025-02-10 14:10:00,3669.3,-32.63,TRADE
VIC1,2025-02-10 14:15:00,3783.45,-34.67,TRADE
VIC1,2025-02-10 14:20:00,3829.93,-32.63,TRADE
VIC1,2025-02-10 14:25:00,3784.15,-31.5,TRADE
VIC1,2025-02-10 14:30:00,3770.57,-8.32,TRADE
VIC1,2025-02-10 14:35:00,3850.69,-30.75,TRADE
VIC1,2025-02-10 14:40:00,3879.19,-2.28,TRADE
VIC1,2025-02-10 14:45:00,3901.39,-2.28,TRADE
VIC1,2025-02-10 14:50:00,3889.86,-24.9,TRADE
VIC1,2025-02-10 14:55:00,3975.69,-34.67,TRADE
VIC1,2025-02-10 15:00:00,3955.57,-31.5,TRADE
VIC1,2025-02-10 15:05:00,3929.57,-34.67,TRADE
VIC1,2025-02-10 15:10:00,3946.9,-31.5,TRADE
VIC1,2025-02-10 15:15:00,4075.43,-20.19,TRADE
VIC1,2025-02-10 15:20:00,4098.05,-13.0,TRADE
VIC1,2025-02-10 15:25:00,4064.33,-31.5,TRADE
VIC1,2025-02-10 15:30:00,4213.36,-27.35,TRADE
VIC1,2025-02-10 15:35:00,4078.47,-31.5,TRADE
VIC1,2025-02-10 15:40:00,4075.3,-31.5,TRADE
VIC1,2025-02-10 15:45:00,4062.43,-31.5,TRADE
VIC1,2025-02-10 15:50:00,4101.09,-8.08,TRADE
VIC1,2025-02-10 15:55:00,4250.45,-31.5,TRADE
VIC1,2025-02-10 16:00:00,4253.28,6.7,TRADE
VIC1,2025-02-10 16:05:00,4288.37,1.74,TRADE
VIC1,2025-02-10 16:10:00,4354.32,-45.05,TRADE
VIC1,2025-02-10 16:15:00,4512.83,-22.81,TRADE
VIC1,2025-02-10 16:20:00,4526.14,8.95,TRADE
VIC1,2025-02-10 16:25:00,4537.39,-6.55,TRADE
VIC1,2025-02-10 16:30:00,4606.65,-44.48,TRADE
VIC1,2025-02-10 16:35:00,4708.73,-30.75,TRADE
VIC1,2025-02-10 16:40:00,4709.49,9.0,TRADE
VIC1,2025-02-10 16:45:00,4785.66,-14.69,TRADE
VIC1,2025-02-10 16:50:00,4694.38,-41.14,TRADE
VIC1,2025-02-10 16:55:00,4977.76,-30.75,TRADE
VIC1,2025-02-10 17:00:00,5100.57,-31.5,TRADE
VIC1,2025-02-10 17:05:00,5158.85,-13.26,TRADE
VIC1,2025-02-10 17:10:00,5046.35,96.28,TRADE
VIC1,2025-02-10 17:15:00,4968.61,12.15,TRADE
VIC1,2025-02-10 17:20:00,4997.21,-22.0,TRADE
VIC1,2025-02-10 17:25:00,5122.34,10.74,TRADE
VIC1,2025-02-10 17:30:00,5130.14,5.0,TRADE
VIC1,2025-02-10 17:35:00,5232.01,105.76,TRADE
VIC1,2025-02-10 17:40:00,5307.6,-9.66,TRADE
VIC1,2025-02-10 17:45:00,5293.66,113.07,TRADE
VIC1,2025-02-10 17:50:00,5368.48,113.05,TRADE
VIC1,2025-02-10 17:55:00,5453.99,120.0,TRADE
VIC1,2025-02-10 18:00:00,5491.21,99.65,TRADE
VIC1,2025-02-10 18:05:00,5450.69,88.2,TRADE
VIC1,2025-02-10 18:10:00,5524.9,99.65,TRADE
VIC1,2025-02-10 18:15:00,5602.94,99.65,TRADE
VIC1,2025-02-10 18:20:00,5729.67,99.65,TRADE
VIC1,2025-02-10 18:25:00,5758.29,99.65,TRADE
VIC1,2025-02-10 18:30:00,5805.62,123.54,TRADE
VIC1,2025-02-10 18:35:00,5690.3,122.38,TRADE
VIC1,2025-02-10 18:40:00,5678.06,121.38,TRADE
VIC1,2025-02-10 18:45:00,5678.56,123.54,TRADE
VIC1,2025-02-10 18:50:00,5813.56,130.85,TRADE
VIC1,2025-02-10 18:55:00,5803.94,125.5,TRADE
VIC1,2025-02-10 19:00:00,5819.99,130.52,TRADE
VIC1,2025-02-10 19:05:00,5813.39,120.0,TRADE
VIC1,2025-02-10 19:10:00,5760.22,118.39,TRADE
VIC1,2025-02-10 19:15:00,5877.69,120.0,TRADE
VIC1,2025-02-10 19:20:00,5750.93,99.65,TRADE
VIC1,2025-02-10 19:25:00,5793.7,117.11,TRADE
VIC1,2025-02-10 19:30:00,5814.08,120.0,TRADE
VIC1,2025-02-10 19:35:00,5839.9,100.29,TRADE
VIC1,2025-02-10 19:40:00,5751.13,104.62,TRADE
VIC1,2025-02-10 19:45:00,5887.64,107.97,TRADE
VIC1,2025-02-10 19:50:00,5814.11,102.46,TRADE
VIC1,2025-02-10 19:55:00,5765.3,110.72,TRADE
VIC1,2025-02-10 20:00:00,5727.37,108.46,TRADE
VIC1,2025-02-10 20:05:00,5610.64,97.33,TRADE
VIC1,2025-02-10 20:10:00,5602.24,88.3,TRADE
VIC1,2025-02-10 20:15:00,5670.81,102.04,TRADE
VIC1,2025-02-10 20:20:00,5619.41,102.64,TRADE
VIC1,2025-02-10 20:25:00,5558.9,86.99,TRADE
VIC1,2025-02-10 20:30:00,5608.09,92.28,TRADE
VIC1,2025-02-10 20:35:00,5521.71,88.59,TRADE
VIC1,2025-02-10 20:40:00,5485.33,95.4,TRADE
VIC1,2025-02-10 20:45:00,5428.41,94.45,TRADE
VIC1,2025-02-10 20:50:00,5297.33,93.79,TRADE
VIC1,2025-02-10 20:55:00,5265.42,79.96,TRADE
VIC1,2025-02-10 21:00:00,5278.55,88.29,TRADE
VIC1,2025-02-10 21:05:00,5188.0,102.89,TRADE
VIC1,2025-02-10 21:10:00,5224.55,104.82,TRADE
VIC1,2025-02-10 21:15:00,5113.51,102.98,TRADE
VIC1,2025-02-10 21:20:00,5094.34,101.16,TRADE
VIC1,2025-02-10 21:25:00,5104.35,98.79,TRADE
VIC1,2025-02-10 21:30:00,5134.84,92.77,TRADE
VIC1,2025-02-10 21:35:00,5119.7,100.26,TRADE
VIC1,2025-02-10 21:40:00,5017.89,99.39,TRADE
VIC1,2025-02-10 21:45:00,4989.44,99.33,TRADE
VIC1,2025-02-10 21:50:00,4936.11,86.58,TRADE
VIC1,2025-02-10 21:55:00,4939.27,74.94,TRADE
VIC1,2025-02-10 22:00:00,4896.11,73.51,TRADE
VIC1,2025-02-10 22:05:00,4898.59,78.53,TRADE
VIC1,2025-02-10 22:10:00,4872.56,77.86,TRADE
VIC1,2025-02-10 22:15:00,4899.37,76.85,TRADE
VIC1,2025-02-10 22:20:00,4829.35,76.34,TRADE
VIC1,2025-02-10 22:25:00,4809.77,77.31,TRADE
VIC1,2025-02-10 22:30:00,4787.45,75.87,TRADE
VIC1,2025-02-10 22:35:00,4856.51,80.18,TRADE
VIC1,2025-02-10 22:40:00,4855.15,86.62,TRADE
VIC1,2025-02-10 22:45:00,4783.23,78.55,TRADE
VIC1,2025-02-10 22:50:00,4786.7,78.85,TRADE
VIC1,2025-02-10 22:55:00,4735.26,69.96,TRADE
VIC1,2025-02-10 23:00:00,4785.14,69.13,TRADE
VIC1,2025-02-10 23:05:00,4856.1,72.87,TRADE
VIC1,2025-02-10 23:10:00,4902.54,73.41,TRADE
VIC1,2025-02-10 23:15:00,4866.13,73.24,TRADE
VIC1,2025-02-10 23:20:00,4928.36,75.57,TRADE
VIC1,2025-02-10 23:25:00,4951.58,74.79,TRADE
VIC1,2025-02-10 23:30:00,4902.86,71.13,TRADE
VIC1,2025-02-10 23:35:00,4944.98,77.41,TRADE
VIC1,2025-02-10 23:40:00,4875.27,79.09,TRADE
VIC1,2025-02-10 23:45:00,4846.93,75.2,TRADE
VIC1,2025-02-10 23:50:00,4760.24,79.88,TRADE
VIC1,2025-02-10 23:55:00,4707.69,77.77,TRADE
VIC1,2025-02-11 00:00:00,4794.05,81.6,TRADE
VIC1,2025-02-11 00:05:00,4789.07,81.16,TRADE
VIC1,2025-02-11 00:10:00,4707.11,90.82,TRADE
VIC1,2025-02-11 00:15:00,4662.49,90.33,TRADE
VIC1,2025-02-11 00:20:00,4653.51,80.47,TRADE
VIC1,2025-02-11 00:25:00,4647.08,79.24,TRADE
VIC1,2025-02-11 00:30:00,4613.94,76.56,TRADE
VIC1,2025-02-11 00:35:00,4486.5,78.57,TRADE
VIC1,2025-02-11 00:40:00,4567.52,79.34,TRADE
VIC1,2025-02-11 00:45:00,4598.2,80.87,TRADE
VIC1,2025-02-11 00:50:00,4511.34,78.61,TRADE
VIC1,2025-02-11 00:55:00,4597.58,78.13,TRADE
VIC1,2025-02-11 01:00:00,4609.52,70.92,TRADE
VIC1,2025-02-11 01:05:00,4615.39,69.05,TRADE
VIC1,2025-02-11 01:10:00,4601.33,68.23,TRADE
VIC1,2025-02-11 01:15:00,4537.28,36.01,TRADE
VIC1,2025-02-11 01:20:00,4505.65,81.61,TRADE
VIC1,2025-02-11 01:25:00,4449.63,19.99,TRADE
VIC1,2025-02-11 01:30:00,4549.29,74.54,TRADE
VIC1,2025-02-11 01:35:00,4522.62,78.8,TRADE
VIC1,2025-02-11 01:40:00,4394.29,75.9,TRADE
VIC1,2025-02-11 01:45:00,4363.44,80.08,TRADE
VIC1,2025-02-11 01:50:00,4405.75,70.51,TRADE
VIC1,2025-02-11 01:55:00,4466.26,67.5,TRADE
VIC1,2025-02-11 02:00:00,4262.18,20.04,TRADE
VIC1,2025-02-11 02:05:00,4232.22,76.32,TRADE
VIC1,2025-02-11 02:10:00,4255.18,76.71,TRADE
VIC1,2025-02-11 02:15:00,4233.51,68.81,TRADE
VIC1,2025-02-11 02:20:00,4283.91,20.04,TRADE
VIC1,2025-02-11 02:25:00,4271.19,90.0,TRADE
VIC1,2025-02-11 02:30:00,4275.22,77.82,TRADE
VIC1,2025-02-11 02:35:00,4267.07,76.94,TRADE
VIC1,2025-02-11 02:40:00,4224.04,20.04,TRADE
VIC1,2025-02-11 02:45:00,4190.94,76.37,TRADE
VIC1,2025-02-11 02:50:00,4217.6,69.12,TRADE
VIC1,2025-02-11 02:55:00,4220.8,66.2,TRADE
VIC1,2025-02-11 03:00:00,4298.57,70.84,TRADE
VIC1,2025-02-11 03:05:00,4265.91,70.66,TRADE
VIC1,2025-02-11 03:10:00,4210.98,65.44,TRADE
VIC1,2025-02-11 03:15:00,4298.11,70.81,TRADE
VIC1,2025-02-11 03:20:00,4272.04,74.46,TRADE
VIC1,2025-02-11 03:25:00,4286.97,70.18,TRADE
VIC1,2025-02-11 03:30:00,4286.33,74.41,TRADE
VIC1,2025-02-11 03:35:00,4208.5,36.01,TRADE
VIC1,2025-02-11 03:40:00,4277.1,81.45,TRADE
VIC1,2025-02-11 03:45:00,4274.12,79.55,TRADE
VIC1,2025-02-11 03:50:00,4278.66,81.44,TRADE
VIC1,2025-02-11 03:55:00,4289.92,82.44,TRADE
VIC1,2025-02-11 04:00:00,4299.28,82.8,TRADE
VIC1,2025-02-11 04:05:00,4318.21,71.26,TRADE
VIC1,2025-02-11 04:10:00,4411.71,97.23,TRADE
VIC1,2025-02-11 04:15:00,4346.3,83.0,TRADE
VIC1,2025-02-11 04:20:00,4351.95,81.79,TRADE
VIC1,2025-02-11 04:25:00,4424.97,87.4,TRADE
VIC1,2025-02-11 04:30:00,4395.2,94.94,TRADE
VIC1,2025-02-11 04:35:00,4380.77,93.67,TRADE
VIC1,2025-02-11 04:40:00,4401.3,100.96,TRADE
VIC1,2025-02-11 04:45:00,4515.73,114.15,TRADE
VIC1,2025-02-11 04:50:00,4520.02,130.56,TRADE
VIC1,2025-02-11 04:55:00,4551.39,119.56,TRADE
VIC1,2025-02-11 05:00:00,4597.01,129.85,TRADE
VIC1,2025-02-11 05:05:00,4572.52,110.55,TRADE
VIC1,2025-02-11 05:10:00,4657.21,121.98,TRADE
VIC1,2025-02-11 05:15:00,4683.72,122.51,TRADE
VIC1,2025-02-11 05:20:00,4766.56,135.82,TRADE
VIC1,2025-02-11 05:25:00,4839.31,131.85,TRADE
VIC1,2025-02-11 05:30:00,4941.17,132.72,TRADE
VIC1,2025-02-11 05:35:00,4965.61,125.82,TRADE
VIC1,2025-02-11 05:40:00,4983.73,148.6,TRADE
VIC1,2025-02-11 05:45:00,4945.57,156.09,TRADE
VIC1,2025-02-11 05:50:00,5039.88,160.0,TRADE
VIC1,2025-02-11 05:55:00,5065.61,129.89,TRADE
VIC1,2025-02-11 06:00:00,5161.76,148.7,TRADE
VIC1,2025-02-11 06:05:00,5191.06,152.28,TRADE
VIC1,2025-02-11 06:10:00,5209.65,150.59,TRADE
VIC1,2025-02-11 06:15:00,5290.88,152.7,TRADE
VIC1,2025-02-11 06:20:00,5360.23,152.82,TRADE
VIC1,2025-02-11 06:25:00,5429.04,146.06,TRADE
VIC1,2025-02-11 06:30:00,5381.6,111.07,TRADE
VIC1,2025-02-11 06:35:00,5298.95,81.93,TRADE
VIC1,2025-02-11 06:40:00,5298.48,88.24,TRADE
VIC1,2025-02-11 06:45:00,5288.97,88.13,TRADE
VIC1,2025-02-11 06:50:00,5291.06,80.45,TRADE
VIC1,2025-02-11 06:55:00,5236.4,79.44,TRADE
VIC1,2025-02-11 07:00:00,5004.68,63.4,TRADE
VIC1,2025-02-11 07:05:00,5075.81,58.51,TRADE
VIC1,2025-02-11 07:10:00,4973.18,56.0,TRADE
VIC1,2025-02-11 07:15:00,4952.66,56.57,TRADE
VIC1,2025-02-11 07:20:00,5010.22,60.12,TRADE
VIC1,2025-02-11 07:25:00,4936.51,44.55,TRADE
VIC1,2025-02-11 07:30:00,4880.86,57.84,TRADE
VIC1,2025-02-11 07:35:00,4855.68,36.01,TRADE
VIC1,2025-02-11 07:40:00,4794.81,42.83,TRADE
VIC1,2025-02-11 07:45:00,4801.95,9.0,TRADE
VIC1,2025-02-11 07:50:00,4699.4,13.01,TRADE
VIC1,2025-02-11 07:55:00,4722.81,35.0,TRADE
VIC1,2025-02-11 08:00:00,4792.11,49.96,TRADE
VIC1,2025-02-11 08:05:00,4712.59,63.7,TRADE
VIC1,2025-02-11 08:10:00,4807.43,63.9,TRADE
VIC1,2025-02-11 08:15:00,4707.45,13.01,TRADE
VIC1,2025-02-11 08:20:00,4689.93,20.04,TRADE
VIC1,2025-02-11 08:25:00,4639.44,20.04,TRADE
VIC1,2025-02-11 08:30:00,4574.99,20.04,TRADE
VIC1,2025-02-11 08:35:00,4404.78,12.81,TRADE
VIC1,2025-02-11 08:40:00,4364.46,20.04,TRADE
VIC1,2025-02-11 08:45:00,4398.04,12.1,TRADE
VIC1,2025-02-11 08:50:00,4336.82,20.04,TRADE
VIC1,2025-02-11 08:55:00,4297.65,33.0,TRADE
VIC1,2025-02-11 09:00:00,4237.23,20.04,TRADE
VIC1,2025-02-11 09:05:00,4255.66,32.0,TRADE
VIC1,2025-02-11 09:10:00,4164.99,33.0,TRADE
VIC1,2025-02-11 09:15:00,4165.47,33.0,TRADE
VIC1,2025-02-11 09:20:00,4026.75,33.0,TRADE
VIC1,2025-02-11 09:25:00,3981.96,29.24,TRADE
VIC1,2025-02-11 09:30:00,4009.32,33.0,TRADE
VIC1,2025-02-11 09:35:00,3994.13,33.0,TRADE
VIC1,2025-02-11 09:40:00,3932.26,36.01,TRADE
VIC1,2025-02-11 09:45:00,3923.38,33.0,TRADE
VIC1,2025-02-11 09:50:00,3895.92,33.0,TRADE
VIC1,2025-02-11 09:55:00,3847.57,33.01,TRADE
VIC1,2025-02-11 10:00:00,3723.28,35.64,TRADE
VIC1,2025-02-11 10:05:00,3782.56,30.98,TRADE
VIC1,2025-02-11 10:10:00,3842.21,61.71,TRADE
VIC1,2025-02-11 10:15:00,3790.59,61.8,TRADE
VIC1,2025-02-11 10:20:00,3771.47,60.89,TRADE
VIC1,2025-02-11 10:25:00,3752.09,46.29,TRADE
VIC1,2025-02-11 10:30:00,3663.94,33.0,TRADE
VIC1,2025-02-11 10:35:00,3677.85,54.48,TRADE
VIC1,2025-02-11 10:40:00,3710.38,56.94,TRADE
VIC1,2025-02-11 10:45:00,3768.71,61.57,TRADE
VIC1,2025-02-11 10:50:00,3679.69,56.75,TRADE
VIC1,2025-02-11 10:55:00,3695.41,47.06,TRADE
VIC1,2025-02-11 11:00:00,3756.23,33.03,TRADE
VIC1,2025-02-11 11:05:00,3780.79,20.04,TRADE
VIC1,2025-02-11 11:10:00,3769.07,25.52,TRADE
VIC1,2025-02-11 11:15:00,3827.33,33.04,TRADE
VIC1,2025-02-11 11:20:00,3806.34,12.0,TRADE
VIC1,2025-02-11 11:25:00,3855.61,18.78,TRADE
VIC1,2025-02-11 11:30:00,3836.1,44.81,TRADE
VIC1,2025-02-11 11:35:00,3831.11,35.57,TRADE
VIC1,2025-02-11 11:40:00,3859.94,55.51,TRADE
VIC1,2025-02-11 11:45:00,3860.9,55.8,TRADE
VIC1,2025-02-11 11:50:00,3752.96,36.01,TRADE
VIC1,2025-02-11 11:55:00,3885.89,55.58,TRADE
VIC1,2025-02-11 12:00:00,3888.83,58.99,TRADE
VIC1,2025-02-11 12:05:00,3924.03,59.69,TRADE
VIC1,2025-02-11 12:10:00,3901.78,56.33,TRADE
VIC1,2025-02-11 12:15:00,3846.9,35.46,TRADE
VIC1,2025-02-11 12:20:00,3849.87,44.57,TRADE
VIC1,2025-02-11 12:25:00,3901.29,38.15,TRADE
VIC1,2025-02-11 12:30:00,3865.51,48.16,TRADE
VIC1,2025-02-11 12:35:00,3987.62,64.62,TRADE
VIC1,2025-02-11 12:40:00,3971.2,58.49,TRADE
VIC1,2025-02-11 12:45:00,4002.84,58.31,TRADE
VIC1,2025-02-11 12:50:00,4066.58,62.1,TRADE
VIC1,2025-02-11 12:55:00,4131.93,100.67,TRADE
VIC1,2025-02-11 13:00:00,4157.46,101.12,TRADE
VIC1,2025-02-11 13:05:00,4118.55,89.21,TRADE
VIC1,2025-02-11 13:10:00,4187.42,100.62,TRADE
VIC1,2025-02-11 13:15:00,4221.39,97.72,TRADE
VIC1,2025-02-11 13:20:00,4281.74,89.78,TRADE
VIC1,2025-02-11 13:25:00,4442.64,107.05,TRADE
VIC1,2025-02-11 13:30:00,4401.87,86.01,TRADE
VIC1,2025-02-11 13:35:00,4532.12,96.95,TRADE
VIC1,2025-02-11 13:40:00,4515.74,90.42,TRADE
VIC1,2025-02-11 13:45:00,4550.64,96.27,TRADE
VIC1,2025-02-11 13:50:00,4612.84,90.0,TRADE
VIC1,2025-02-11 13:55:00,4592.63,90.0,TRADE
VIC1,2025-02-11 14:00:00,4594.36,65.5,TRADE
VIC1,2025-02-11 14:05:00,4597.49,60.59,TRADE
VIC1,2025-02-11 14:10:00,4606.14,70.65,TRADE
VIC1,2025-02-11 14:15:00,4763.75,90.0,TRADE
VIC1,2025-02-11 14:20:00,4879.49,58.12,TRADE
VIC1,2025-02-11 14:25:00,4888.51,54.66,TRADE
VIC1,2025-02-11 14:30:00,5063.83,90.0,TRADE
VIC1,2025-02-11 14:35:00,5112.33,59.32,TRADE
VIC1,2025-02-11 14:40:00,5293.28,66.61,TRADE
VIC1,2025-02-11 14:45:00,5363.01,71.88,TRADE
VIC1,2025-02-11 14:50:00,5364.27,132.72,TRADE
VIC1,2025-02-11 14:55:00,5305.82,90.0,TRADE
VIC1,2025-02-11 15:00:00,5463.66,132.51,TRADE
VIC1,2025-02-11 15:05:00,5521.38,142.58,TRADE
VIC1,2025-02-11 15:10:00,5449.09,85.81,TRADE
VIC1,2025-02-11 15:15:00,5552.7,130.56,TRADE
VIC1,2025-02-11 15:20:00,5645.96,131.84,TRADE
VIC1,2025-02-11 15:25:00,5725.6,133.41,TRADE
VIC1,2025-02-11 15:30:00,5831.58,132.18,TRADE
VIC1,2025-02-11 15:35:00,5808.15,59.0,TRADE
VIC1,2025-02-11 15:40:00,5865.58,63.05,TRADE
VIC1,2025-02-11 15:45:00,5865.5,56.59,TRADE
VIC1,2025-02-11 15:50:00,6045.83,89.02,TRADE
VIC1,2025-02-11 15:55:00,6091.2,119.87,TRADE
VIC1,2025-02-11 16:00:00,6120.45,121.75,TRADE
VIC1,2025-02-11 16:05:00,6123.22,79.0,TRADE
VIC1,2025-02-11 16:10:00,6248.2,83.22,TRADE
VIC1,2025-02-11 16:15:00,6288.91,88.31,TRADE
VIC1,2025-02-11 16:20:00,6395.05,122.4,TRADE
VIC1,2025-02-11 16:25:00,6412.62,100.01,TRADE
VIC1,2025-02-11 16:30:00,6558.38,121.5,TRADE
VIC1,2025-02-11 16:35:00,6698.47,123.69,TRADE
VIC1,2025-02-11 16:40:00,6761.61,122.25,TRADE
VIC1,2025-02-11 16:45:00,6668.45,118.78,TRADE
VIC1,2025-02-11 16:50:00,6792.59,129.63,TRADE
VIC1,2025-02-11 16:55:00,6825.2,120.47,TRADE
VIC1,2025-02-11 17:00:00,7037.63,171.75,TRADE
VIC1,2025-02-11 17:05:00,7136.61,145.02,TRADE
VIC1,2025-02-11 17:10:00,7077.69,129.27,TRADE
VIC1,2025-02-11 17:15:00,7114.0,132.51,TRADE
VIC1,2025-02-11 17:20:00,7164.66,134.43,TRADE
VIC1,2025-02-11 17:25:00,7267.05,145.27,TRADE
VIC1,2025-02-11 17:30:00,7373.82,175.52,TRADE
VIC1,2025-02-11 17:35:00,7355.56,144.78,TRADE
VIC1,2025-02-11 17:40:00,7470.87,170.56,TRADE
VIC1,2025-02-11 17:45:00,7579.75,202.82,TRADE
VIC1,2025-02-11 17:50:00,7645.29,172.21,TRADE
VIC1,2025-02-11 17:55:00,7756.08,181.4,TRADE
VIC1,2025-02-11 18:00:00,7752.94,211.65,TRADE
VIC1,2025-02-11 18:05:00,7666.0,170.24,TRADE
VIC1,2025-02-11 18:10:00,7738.95,226.62,TRADE
VIC1,2025-02-11 18:15:00,7852.96,299.5,TRADE
VIC1,2025-02-11 18:20:00,7853.63,299.5,TRADE
VIC1,2025-02-11 18:25:00,7913.38,299.5,TRADE
VIC1,2025-02-11 18:30:00,7801.98,329.47,TRADE
VIC1,2025-02-11 18:35:00,7905.71,335.83,TRADE
VIC1,2025-02-11 18:40:00,7812.03,336.47,TRADE
VIC1,2025-02-11 18:45:00,7830.26,343.89,TRADE
VIC1,2025-02-11 18:50:00,7756.86,338.86,TRADE
VIC1,2025-02-11 18:55:00,7728.41,337.63,TRADE
VIC1,2025-02-11 19:00:00,7641.98,218.48,TRADE
VIC1,2025-02-11 19:05:00,7682.7,200.16,TRADE
VIC1,2025-02-11 19:10:00,7569.82,212.15,TRADE
VIC1,2025-02-11 19:15:00,7590.41,156.07,TRADE
VIC1,2025-02-11 19:20:00,7468.07,170.7,TRADE
VIC1,2025-02-11 19:25:00,7433.35,193.95,TRADE
VIC1,2025-02-11 19:30:00,7497.13,161.34,TRADE
VIC1,2025-02-11 19:35:00,7361.61,156.49,TRADE
VIC1,2025-02-11 19:40:00,7235.71,181.97,TRADE
VIC1,2025-02-11 19:45:00,7192.39,162.72,TRADE
VIC1,2025-02-11 19:50:00,7209.85,170.2,TRADE
VIC1,2025-02-11 19:55:00,7057.97,164.82,TRADE
VIC1,2025-02-11 20:00:00,7137.35,164.31,TRADE
VIC1,2025-02-11 20:05:00,7078.05,159.14,TRADE
VIC1,2025-02-11 20:10:00,7050.08,168.45,TRADE
VIC1,2025-02-11 20:15:00,6992.43,159.03,TRADE
VIC1,2025-02-11 20:20:00,6862.94,148.74,TRADE
VIC1,2025-02-11 20:25:00,6813.85,143.46,TRADE
VIC1,2025-02-11 20:30:00,6728.5,126.87,TRADE
VIC1,2025-02-11 20:35:00,6667.3,126.88,TRADE
VIC1,2025-02-11 20:40:00,6558.86,125.9,TRADE
VIC1,2025-02-11 20:45:00,6478.24,124.84,TRADE
VIC1,2025-02-11 20:50:00,6460.15,118.72,TRADE
VIC1,2025-02-11 20:55:00,6433.75,116.73,TRADE
VIC1,2025-02-11 21:00:00,6382.39,116.42,TRADE
VIC1,2025-02-11 21:05:00,6162.7,123.79,TRADE
VIC1,2025-02-11 21:10:00,6207.7,126.98,TRADE
VIC1,2025-02-11 21:15:00,6111.75,126.46,TRADE
VIC1,2025-02-11 21:20:00,5971.59,120.0,TRADE
VIC1,2025-02-11 21:25:00,5985.36,120.0,TRADE
VIC1,2025-02-11 21:30:00,5956.59,118.83,TRADE
VIC1,2025-02-11 21:35:00,5842.75,120.0,TRADE
VIC1,2025-02-11 21:40:00,5726.62,120.0,TRADE
VIC1,2025-02-11 21:45:00,5686.82,119.89,TRADE
VIC1,2025-02-11 21:50:00,5657.33,115.91,TRADE
VIC1,2025-02-11 21:55:00,5658.08,116.39,TRADE
VIC1,2025-02-11 22:00:00,5519.07,103.66,TRADE
VIC1,2025-02-11 22:05:00,5523.04,119.82,TRADE
VIC1,2025-02-11 22:10:00,5484.04,119.21,TRADE
VIC1,2025-02-11 22:15:00,5483.93,117.84,TRADE
VIC1,2025-02-11 22:20:00,5399.38,114.08,TRADE
VIC1,2025-02-11 22:25:00,5393.41,100.67,TRADE
VIC1,2025-02-11 22:30:00,5364.85,86.97,TRADE
VIC1,2025-02-11 22:35:00,5389.53,96.09,TRADE
VIC1,2025-02-11 22:40:00,5351.13,82.19,TRADE
VIC1,2025-02-11 22:45:00,5322.07,79.0,TRADE
VIC1,2025-02-11 22:50:00,5313.37,82.14,TRADE
VIC1,2025-02-11 22:55:00,5249.67,79.0,TRADE
VIC1,2025-02-11 23:00:00,5308.0,81.98,TRADE
VIC1,2025-02-11 23:05:00,5171.03,83.24,TRADE
VIC1,2025-02-11 23:10:00,5305.89,102.06,TRADE
VIC1,2025-02-11 23:15:00,5380.94,102.76,TRADE
VIC1,2025-02-11 23:20:00,5406.41,95.86,TRADE
VIC1,2025-02-11 23:25:00,5314.02,92.62,TRADE
VIC1,2025-02-11 23:30:00,5391.8,95.99,TRADE
VIC1,2025-02-11 23:35:00,5365.43,95.8,TRADE
VIC1,2025-02-11 23:40:00,5363.69,98.81,TRADE
VIC1,2025-02-11 23:45:00,5286.19,95.99,TRADE
VIC1,2025-02-11 23:50:00,5201.55,93.3,TRADE
VIC1,2025-02-11 23:55:00,5232.11,91.21,TRADE
VIC1,2025-02-12 00:00:00,5214.18,91.17,TRADE
VIC1,2025-02-12 00:05:00,5221.95,98.01,TRADE
VIC1,2025-02-12 00:10:00,5123.9,95.54,TRADE
VIC1,2025-02-12 00:15:00,5136.42,97.19,TRADE
VIC1,2025-02-12 00:20:00,5098.42,98.07,TRADE
VIC1,2025-02-12 00:25:00,5074.88,97.88,TRADE
VIC1,2025-02-12 00:30:00,4994.61,90.81,TRADE
VIC1,2025-02-12 00:35:00,4984.4,97.51,TRADE
VIC1,2025-02-12 00:40:00,4934.58,96.82,TRADE
VIC1,2025-02-12 00:45:00,4918.8,100.12,TRADE
VIC1,2025-02-12 00:50:00,4973.91,101.52,TRADE
VIC1,2025-02-12 00:55:00,4936.21,95.99,TRADE
VIC1,2025-02-12 01:00:00,4853.88,94.43,TRADE
VIC1,2025-02-12 01:05:00,4850.34,106.07,TRADE
VIC1,2025-02-12 01:10:00,4886.63,108.01,TRADE
VIC1,2025-02-12 01:15:00,4890.23,105.03,TRADE
VIC1,2025-02-12 01:20:00,4894.23,104.25,TRADE
VIC1,2025-02-12 01:25:00,4815.34,98.07,TRADE
VIC1,2025-02-12 01:30:00,4822.78,103.64,TRADE
VIC1,2025-02-12 01:35:00,4807.43,110.92,TRADE
VIC1,2025-02-12 01:40:00,4742.61,106.42,TRADE
VIC1,2025-02-12 01:45:00,4726.84,108.59,TRADE
VIC1,2025-02-12 01:50:00,4670.58,107.2,TRADE
VIC1,2025-02-12 01:55:00,4732.16,109.77,TRADE
VIC1,2025-02-12 02:00:00,4669.87,102.59,TRADE
VIC1,2025-02-12 02:05:00,4730.55,109.98,TRADE
VIC1,2025-02-12 02:10:00,4678.09,109.15,TRADE
VIC1,2025-02-12 02:15:00,4708.13,109.84,TRADE
VIC1,2025-02-12 02:20:00,4612.4,104.45,TRADE
VIC1,2025-02-12 02:25:00,4614.36,107.55,TRADE
VIC1,2025-02-12 02:30:00,4645.39,107.53,TRADE
VIC1,2025-02-12 02:35:00,4661.18,107.23,TRADE
VIC1,2025-02-12 02:40:00,4571.93,99.09,TRADE
VIC1,2025-02-12 02:45:00,4639.76,106.24,TRADE
VIC1,2025-02-12 02:50:00,4644.37,106.62,TRADE
VIC1,2025-02-12 02:55:00,4602.69,98.28,TRADE
VIC1,2025-02-12 03:00:00,4580.53,96.27,TRADE
VIC1,2025-02-12 03:05:00,4543.58,104.52,TRADE
VIC1,2025-02-12 03:10:00,4601.68,109.28,TRADE
VIC1,2025-02-12 03:15:00,4567.98,105.27,TRADE
VIC1,2025-02-12 03:20:00,4566.27,103.68,TRADE
VIC1,2025-02-12 03:25:00,4578.75,104.5,TRADE
VIC1,2025-02-12 03:30:00,4594.23,105.17,TRADE
VIC1,2025-02-12 03:35:00,4584.38,104.99,TRADE
VIC1,2025-02-12 03:40:00,4604.01,105.89,TRADE
VIC1,2025-02-12 03:45:00,4598.55,106.52,TRADE
VIC1,2025-02-12 03:50:00,4602.06,107.98,TRADE
VIC1,2025-02-12 03:55:00,4568.75,105.99,TRADE
VIC1,2025-02-12 04:00:00,4615.84,110.38,TRADE
VIC1,2025-02-12 04:05:00,4645.7,110.33,TRADE
VIC1,2025-02-12 04:10:00,4667.77,111.51,TRADE
VIC1,2025-02-12 04:15:00,4695.13,114.35,TRADE
VIC1,2025-02-12 04:20:00,4715.92,118.26,TRADE
VIC1,2025-02-12 04:25:00,4779.32,120.0,TRADE
VIC1,2025-02-12 04:30:00,4758.36,118.93,TRADE
VIC1,2025-02-12 04:35:00,4807.08,107.29,TRADE
VIC1,2025-02-12 04:40:00,4815.66,111.26,TRADE
VIC1,2025-02-12 04:45:00,4837.71,106.55,TRADE
VIC1,2025-02-12 04:50:00,4867.17,111.33,TRADE
VIC1,2025-02-12 04:55:00,4918.24,111.81,TRADE
VIC1,2025-02-12 05:00:00,4947.2,113.29,TRADE
VIC1,2025-02-12 05:05:00,4999.72,104.86,TRADE
VIC1,2025-02-12 05:10:00,5104.31,120.0,TRADE
VIC1,2025-02-12 05:15:00,5208.38,135.94,TRADE
VIC1,2025-02-12 05:20:00,5180.38,134.51,TRADE
VIC1,2025-02-12 05:25:00,5254.48,140.22,TRADE
VIC1,2025-02-12 05:30:00,5316.42,146.47,TRADE
VIC1,2025-02-12 05:35:00,5334.22,137.91,TRADE
VIC1,2025-02-12 05:40:00,5387.5,143.83,TRADE
VIC1,2025-02-12 05:45:00,5481.08,160.0,TRADE
VIC1,2025-02-12 05:50:00,5505.04,165.06,TRADE
VIC1,2025-02-12 05:55:00,5533.84,166.75,TRADE
VIC1,2025-02-12 06:00:00,5584.97,164.29,TRADE
VIC1,2025-02-12 06:05:00,5597.17,145.38,TRADE
VIC1,2025-02-12 06:10:00,5741.47,175.49,TRADE
VIC1,2025-02-12 06:15:00,5530.7,174.94,TRADE
VIC1,2025-02-12 06:20:00,5555.75,160.0,TRADE
VIC1,2025-02-12 06:25:00,5601.22,147.92,TRADE
VIC1,2025-02-12 06:30:00,5597.85,137.26,TRADE
VIC1,2025-02-12 06:35:00,5635.91,138.06,TRADE
VIC1,2025-02-12 06:40:00,5618.9,120.0,TRADE
VIC1,2025-02-12 06:45:00,5655.85,112.96,TRADE
VIC1,2025-02-12 06:50:00,5648.24,92.86,TRADE
VIC1,2025-02-12 06:55:00,5635.99,79.0,TRADE
VIC1,2025-02-12 07:00:00,5610.64,79.0,TRADE
VIC1,2025-02-12 07:05:00,5608.67,62.35,TRADE
VIC1,2025-02-12 07:10:00,5541.28,79.0,TRADE
VIC1,2025-02-12 07:15:00,5526.99,63.51,TRADE
VIC1,2025-02-12 07:20:00,5490.09,85.22,TRADE
VIC1,2025-02-12 07:25:00,5495.88,46.5,TRADE
VIC1,2025-02-12 07:30:00,5396.79,168.3,TRADE
VIC1,2025-02-12 07:35:00,5362.9,123.5,TRADE
VIC1,2025-02-12 07:40:00,5382.23,82.11,TRADE
VIC1,2025-02-12 07:45:00,5345.97,68.47,TRADE
VIC1,2025-02-12 07:50:00,5301.39,155.99,TRADE
VIC1,2025-02-12 07:55:00,5252.81,90.0,TRADE
VIC1,2025-02-12 08:00:00,5293.71,20.27,TRADE
VIC1,2025-02-12 08:05:00,5286.06,143.66,TRADE
VIC1,2025-02-12 08:10:00,5282.21,79.0,TRADE
VIC1,2025-02-12 08:15:00,5260.17,110.76,TRADE
VIC1,2025-02-12 08:20:00,5249.36,133.4,TRADE
VIC1,2025-02-12 08:25:00,5190.63,46.29,TRADE
VIC1,2025-02-12 08:30:00,5176.07,45.74,TRADE
VIC1,2025-02-12 08:35:00,5138.23,130.65,TRADE
VIC1,2025-02-12 08:40:00,5100.27,85.22,TRADE
VIC1,2025-02-12 08:45:00,5067.58,46.5,TRADE
VIC1,2025-02-12 08:50:00,5085.36,140.25,TRADE
VIC1,2025-02-12 08:55:00,4997.29,46.5,TRADE
VIC1,2025-02-12 09:00:00,4992.99,35.0,TRADE
VIC1,2025-02-12 09:05:00,4994.36,134.01,TRADE
VIC1,2025-02-12 09:10:00,4935.53,50.43,TRADE
VIC1,2025-02-12 09:15:00,4953.41,69.13,TRADE
VIC1,2025-02-12 09:20:00,4904.86,135.59,TRADE
VIC1,2025-02-12 09:25:00,4866.08,68.88,TRADE
VIC1,2025-02-12 09:30:00,4853.55,45.89,TRADE
VIC1,2025-02-12 09:35:00,4844.92,123.88,TRADE
VIC1,2025-02-12 09:40:00,4836.19,67.16,TRADE
VIC1,2025-02-12 09:45:00,4825.69,95.26,TRADE
VIC1,2025-02-12 09:50:00,4807.63,134.14,TRADE
VIC1,2025-02-12 09:55:00,4783.97,82.07,TRADE
VIC1,2025-02-12 10:00:00,4803.69,101.25,TRADE
VIC1,2025-02-12 10:05:00,4820.53,141.32,TRADE
VIC1,2025-02-12 10:10:00,4835.6,92.88,TRADE
VIC1,2025-02-12 10:15:00,4857.59,133.84,TRADE
VIC1,2025-02-12 10:20:00,4859.22,162.99,TRADE
VIC1,2025-02-12 10:25:00,4855.47,88.85,TRADE
VIC1,2025-02-12 10:30:00,4825.21,148.57,TRADE
VIC1,2025-02-12 10:35:00,4856.08,65.51,TRADE
VIC1,2025-02-12 10:40:00,4901.42,101.89,TRADE
VIC1,2025-02-12 10:45:00,4913.3,172.51,TRADE
VIC1,2025-02-12 10:50:00,4917.13,125.24,TRADE
VIC1,2025-02-12 10:55:00,4937.87,129.29,TRADE
VIC1,2025-02-12 11:00:00,4925.63,171.6,TRADE
VIC1,2025-02-12 11:05:00,4965.89,113.29,TRADE
VIC1,2025-02-12 11:10:00,4978.16,100.02,TRADE
VIC1,2025-02-12 11:15:00,4998.35,173.9,TRADE
VIC1,2025-02-12 11:20:00,5019.86,106.93,TRADE
VIC1,2025-02-12 11:25:00,5085.26,129.98,TRADE
VIC1,2025-02-12 11:30:00,5106.39,163.92,TRADE
VIC1,2025-02-12 11:35:00,5123.6,98.02,TRADE
VIC1,2025-02-12 11:40:00,5139.52,106.45,TRADE
VIC1,2025-02-12 11:45:00,5156.66,172.2,TRADE
VIC1,2025-02-12 11:50:00,5211.81,123.64,TRADE
VIC1,2025-02-12 11:55:00,5224.68,113.57,TRADE
VIC1,2025-02-12 12:00:00,5217.5,169.7,TRADE
VIC1,2025-02-12 12:05:00,5273.6,127.57,TRADE
VIC1,2025-02-12 12:10:00,5295.99,129.97,TRADE
VIC1,2025-02-12 12:15:00,5334.92,194.28,TRADE
VIC1,2025-02-12 12:20:00,5363.52,134.0,TRADE
VIC1,2025-02-12 12:25:00,5411.98,134.81,TRADE
VIC1,2025-02-12 12:30:00,5419.12,218.16,TRADE
VIC1,2025-02-12 12:35:00,5492.0,135.24,TRADE
VIC1,2025-02-12 12:40:00,5530.41,113.86,TRADE
VIC1,2025-02-12 12:45:00,5588.51,179.06,TRADE
VIC1,2025-02-12 12:50:00,5616.23,137.93,TRADE
VIC1,2025-02-12 12:55:00,5649.08,137.57,TRADE
VIC1,2025-02-12 13:00:00,5650.61,182.37,TRADE
VIC1,2025-02-12 13:05:00,5689.05,160.7,TRADE
VIC1,2025-02-12 13:10:00,5756.31,139.29,TRADE
VIC1,2025-02-12 13:15:00,5774.36,176.22,TRADE
VIC1,2025-02-12 13:20:00,5829.48,173.95,TRADE
VIC1,2025-02-12 13:25:00,5811.26,134.21,TRADE
VIC1,2025-02-12 13:30:00,5838.11,201.8,TRADE
VIC1,2025-02-12 13:35:00,5997.24,158.18,TRADE
VIC1,2025-02-12 13:40:00,5739.13,107.06,TRADE
VIC1,2025-02-12 13:45:00,5798.36,100.01,TRADE
VIC1,2025-02-12 13:50:00,5788.12,123.88,TRADE
VIC1,2025-02-12 13:55:00,5815.25,131.17,TRADE
VIC1,2025-02-12 14:00:00,5852.25,113.98,TRADE
VIC1,2025-02-12 14:05:00,5852.34,122.07,TRADE
VIC1,2025-02-12 14:10:00,5902.18,117.72,TRADE
VIC1,2025-02-12 14:15:00,6022.79,127.86,TRADE
VIC1,2025-02-12 14:20:00,6080.06,130.48,TRADE
VIC1,2025-02-12 14:25:00,6064.73,126.74,TRADE
VIC1,2025-02-12 14:30:00,6100.32,118.63,TRADE
VIC1,2025-02-12 14:35:00,6196.81,127.03,TRADE
VIC1,2025-02-12 14:40:00,6139.94,116.07,TRADE
VIC1,2025-02-12 14:45:00,6373.6,121.77,TRADE
VIC1,2025-02-12 14:50:00,6499.15,124.83,TRADE
VIC1,2025-02-12 14:55:00,6521.57,128.22,TRADE
VIC1,2025-02-12 15:00:00,6562.6,125.59,TRADE
VIC1,2025-02-12 15:05:00,6647.15,127.82,TRADE
VIC1,2025-02-12 15:10:00,6799.44,147.54,TRADE
VIC1,2025-02-12 15:15:00,6882.61,149.93,TRADE
VIC1,2025-02-12 15:20:00,6942.64,151.53,TRADE
VIC1,2025-02-12 15:25:00,7022.97,151.26,TRADE
VIC1,2025-02-12 15:30:00,7122.97,176.22,TRADE
VIC1,2025-02-12 15:35:00,7232.79,154.0,TRADE
VIC1,2025-02-12 15:40:00,7325.72,153.2,TRADE
VIC1,2025-02-12 15:45:00,7378.8,155.08,TRADE
VIC1,2025-02-12 15:50:00,7499.98,183.85,TRADE
VIC1,2025-02-12 15:55:00,7574.03,158.22,TRADE
VIC1,2025-02-12 16:00:00,7700.47,214.83,TRADE
VIC1,2025-02-12 16:05:00,7687.3,152.81,TRADE
VIC1,2025-02-12 16:10:00,7803.74,153.2,TRADE
VIC1,2025-02-12 16:15:00,7858.29,161.24,TRADE
VIC1,2025-02-12 16:20:00,7843.34,165.45,TRADE
VIC1,2025-02-12 16:25:00,7916.22,177.92,TRADE
VIC1,2025-02-12 16:30:00,8017.29,183.28,TRADE
VIC1,2025-02-12 16:35:00,8102.7,163.86,TRADE
VIC1,2025-02-12 16:40:00,8048.32,155.14,TRADE
VIC1,2025-02-12 16:45:00,8150.4,231.52,TRADE
VIC1,2025-02-12 16:50:00,8183.51,202.63,TRADE
VIC1,2025-02-12 16:55:00,8247.82,224.41,TRADE
VIC1,2025-02-12 17:00:00,8310.8,188.73,TRADE
VIC1,2025-02-12 17:05:00,8345.49,186.23,TRADE
VIC1,2025-02-12 17:10:00,8262.61,196.43,TRADE
VIC1,2025-02-12 17:15:00,8386.92,247.53,TRADE
VIC1,2025-02-12 17:20:00,8526.88,262.45,TRADE
VIC1,2025-02-12 17:25:00,8555.53,267.71,TRADE
VIC1,2025-02-12 17:30:00,8698.54,270.5,TRADE
VIC1,2025-02-12 17:35:00,8775.62,219.75,TRADE
VIC1,2025-02-12 17:40:00,8806.88,280.69,TRADE
VIC1,2025-02-12 17:45:00,8838.81,271.0,TRADE
VIC1,2025-02-12 17:50:00,8795.54,268.62,TRADE
VIC1,2025-02-12 17:55:00,8962.58,329.8,TRADE
VIC1,2025-02-12 18:00:00,8989.62,335.64,TRADE
VIC1,2025-02-12 18:05:00,9003.51,300.17,TRADE
VIC1,2025-02-12 18:10:00,8955.25,298.1,TRADE
VIC1,2025-02-12 18:15:00,9088.59,308.26,TRADE
VIC1,2025-02-12 18:20:00,9061.8,328.5,TRADE
VIC1,2025-02-12 18:25:00,9120.97,357.67,TRADE
VIC1,2025-02-12 18:30:00,9047.81,358.82,TRADE
VIC1,2025-02-12 18:35:00,9078.43,365.2,TRADE
VIC1,2025-02-12 18:40:00,8783.25,366.72,TRADE
VIC1,2025-02-12 18:45:00,8873.51,900.0,TRADE
VIC1,2025-02-12 18:50:00,8692.17,372.31,TRADE
VIC1,2025-02-12 18:55:00,8738.24,375.07,TRADE
VIC1,2025-02-12 19:00:00,8780.77,374.69,TRADE
VIC1,2025-02-12 19:05:00,8716.8,368.8,TRADE
VIC1,2025-02-12 19:10:00,8573.16,352.04,TRADE
VIC1,2025-02-12 19:15:00,8413.05,349.78,TRADE
VIC1,2025-02-12 19:20:00,8376.53,349.3,TRADE
VIC1,2025-02-12 19:25:00,8251.71,344.3,TRADE
VIC1,2025-02-12 19:30:00,8241.26,349.25,TRADE
VIC1,2025-02-12 19:35:00,8285.65,341.19,TRADE
VIC1,2025-02-12 19:40:00,8370.07,368.54,TRADE
VIC1,2025-02-12 19:45:00,8418.97,364.36,TRADE
VIC1,2025-02-12 19:50:00,8375.58,361.9,TRADE
VIC1,2025-02-12 19:55:00,8296.43,356.77,TRADE
VIC1,2025-02-12 20:00:00,8181.82,316.08,TRADE
VIC1,2025-02-12 20:05:00,8154.42,298.17,TRADE
VIC1,2025-02-12 20:10:00,8019.92,270.82,TRADE
VIC1,2025-02-12 20:15:00,7981.39,251.23,TRADE
VIC1,2025-02-12 20:20:00,7985.91,253.02,TRADE
VIC1,2025-02-12 20:25:00,7906.13,163.45,TRADE
VIC1,2025-02-12 20:30:00,7825.74,159.57,TRADE
VIC1,2025-02-12 20:35:00,7817.39,162.18,TRADE
VIC1,2025-02-12 20:40:00,7727.13,162.3,TRADE
VIC1,2025-02-12 20:45:00,7613.88,145.54,TRADE
VIC1,2025-02-12 20:50:00,7469.1,141.18,TRADE
VIC1,2025-02-12 20:55:00,7358.41,151.03,TRADE
VIC1,2025-02-12 21:00:00,7332.25,126.71,TRADE
VIC1,2025-02-12 21:05:00,7302.61,147.24,TRADE
VIC1,2025-02-12 21:10:00,7240.39,148.32,TRADE
VIC1,2025-02-12 21:15:00,7056.6,131.51,TRADE
VIC1,2025-02-12 21:20:00,7073.96,137.96,TRADE
VIC1,2025-02-12 21:25:00,7006.12,136.17,TRADE
VIC1,2025-02-12 21:30:00,6903.26,131.74,TRADE
VIC1,2025-02-12 21:35:00,6833.86,132.44,TRADE
VIC1,2025-02-12 21:40:00,6667.93,124.19,TRADE
VIC1,2025-02-12 21:45:00,6604.03,120.77,TRADE
VIC1,2025-02-12 21:50:00,6496.49,118.26,TRADE
VIC1,2025-02-12 21:55:00,6499.12,119.44,TRADE
VIC1,2025-02-12 22:00:00,6439.41,119.44,TRADE
VIC1,2025-02-12 22:05:00,6289.85,119.37,TRADE
VIC1,2025-02-12 22:10:00,6285.88,120.0,TRADE
VIC1,2025-02-12 22:15:00,6315.03,120.24,TRADE
VIC1,2025-02-12 22:20:00,6202.01,118.75,TRADE
VIC1,2025-02-12 22:25:00,6023.87,108.18,TRADE
VIC1,2025-02-12 22:30:00,6107.39,109.32,TRADE
VIC1,2025-02-12 22:35:00,6052.8,113.57,TRADE
VIC1,2025-02-12 22:40:00,5954.31,112.72,TRADE
VIC1,2025-02-12 22:45:00,5774.48,111.91,TRADE
VIC1,2025-02-12 22:50:00,5784.6,102.05,TRADE
VIC1,2025-02-12 22:55:00,5730.34,100.88,TRADE
VIC1,2025-02-12 23:00:00,5695.28,100.01,TRADE
VIC1,2025-02-12 23:05:00,5670.38,105.76,TRADE
VIC1,2025-02-12 23:10:00,5743.27,118.3,TRADE
VIC1,2025-02-12 23:15:00,5632.02,115.52,TRADE
VIC1,2025-02-12 23:20:00,5542.13,115.18,TRADE
VIC1,2025-02-12 23:25:00,5646.99,116.42,TRADE
VIC1,2025-02-12 23:30:00,5493.68,103.64,TRADE
VIC1,2025-02-12 23:35:00,5461.43,112.72,TRADE
VIC1,2025-02-12 23:40:00,5456.88,104.1,TRADE
VIC1,2025-02-12 23:45:00,5557.19,104.03,TRADE
VIC1,2025-02-12 23:50:00,5418.96,89.45,TRADE
VIC1,2025-02-12 23:55:00,5264.21,79.0,TRADE
VIC1,2025-02-13 00:00:00,5317.96,72.8,TRADE
VIC1,2025-02-13 00:05:00,5392.05,79.0,TRADE
VIC1,2025-02-13 00:10:00,5332.87,80.66,TRADE
VIC1,2025-02-13 00:15:00,5220.54,76.81,TRADE
VIC1,2025-02-13 00:20:00,5094.87,74.12,TRADE
VIC1,2025-02-13 00:25:00,5063.64,72.22,TRADE
VIC1,2025-02-13 00:30:00,5069.39,71.25,TRADE
VIC1,2025-02-13 00:35:00,5063.76,75.72,TRADE
VIC1,2025-02-13 00:40:00,4975.38,75.24,TRADE
VIC1,2025-02-13 00:45:00,4984.45,12.08,TRADE
VIC1,2025-02-13 00:50:00,4955.94,9.05,TRADE
VIC1,2025-02-13 00:55:00,4921.23,9.0,TRADE
VIC1,2025-02-13 01:00:00,4926.0,9.3,TRADE
VIC1,2025-02-13 01:05:00,4847.99,9.1,TRADE
VIC1,2025-02-13 01:10:00,4844.59,9.0,TRADE
VIC1,2025-02-13 01:15:00,4856.36,9.0,TRADE
VIC1,2025-02-13 01:20:00,4812.62,9.0,TRADE
VIC1,2025-02-13 01:25:00,4802.43,8.95,TRADE
VIC1,2025-02-13 01:30:00,4766.4,8.95,TRADE
VIC1,2025-02-13 01:35:00,4742.27,8.95,TRADE
VIC1,2025-02-13 01:40:00,4666.26,7.67,TRADE
VIC1,2025-02-13 01:45:00,4716.87,11.69,TRADE
VIC1,2025-02-13 01:50:00,4633.02,0.0,TRADE
VIC1,2025-02-13 01:55:00,4650.46,8.95,TRADE
VIC1,2025-02-13 02:00:00,4760.39,-5.87,TRADE
VIC1,2025-02-13 02:05:00,4666.59,0.0,TRADE
VIC1,2025-02-13 02:10:00,4565.48,-5.9,TRADE
VIC1,2025-02-13 02:15:00,4455.49,-6.01,TRADE
VIC1,2025-02-13 02:20:00,4440.29,-6.01,TRADE
VIC1,2025-02-13 02:25:00,4466.7,0.0,TRADE
VIC1,2025-02-13 02:30:00,4434.52,0.0,TRADE
VIC1,2025-02-13 02:35:00,4479.9,8.95,TRADE
VIC1,2025-02-13 02:40:00,4566.04,8.95,TRADE
VIC1,2025-02-13 02:45:00,4740.89,9.0,TRADE
VIC1,2025-02-13 02:50:00,4769.34,9.0,TRADE
VIC1,2025-02-13 02:55:00,4750.83,8.95,TRADE
VIC1,2025-02-13 03:00:00,4780.88,8.95,TRADE
VIC1,2025-02-13 03:05:00,4810.75,8.95,TRADE
VIC1,2025-02-13 03:10:00,4819.88,8.95,TRADE
VIC1,2025-02-13 03:15:00,4757.77,-5.81,TRADE
VIC1,2025-02-13 03:20:00,4641.93,-5.87,TRADE
VIC1,2025-02-13 03:25:00,4601.11,0.0,TRADE
VIC1,2025-02-13 03:30:00,4496.54,0.0,TRADE
VIC1,2025-02-13 03:35:00,4449.66,8.95,TRADE
VIC1,2025-02-13 03:40:00,4584.26,9.0,TRADE
VIC1,2025-02-13 03:45:00,4633.66,9.0,TRADE
VIC1,2025-02-13 03:50:00,4641.06,9.0,TRADE
VIC1,2025-02-13 03:55:00,4607.85,8.95,TRADE
VIC1,2025-02-13 04:00:00,4580.39,8.95,TRADE
VIC1,2025-02-13 04:05:00,4632.46,8.95,TRADE
VIC1,2025-02-13 04:10:00,4757.16,9.01,TRADE
VIC1,2025-02-13 04:15:00,4738.02,9.0,TRADE
VIC1,2025-02-13 04:20:00,4749.61,9.0,TRADE
VIC1,2025-02-13 04:25:00,4857.85,9.0,TRADE
VIC1,2025-02-13 04:30:00,4918.91,9.0,TRADE
VIC1,2025-02-13 04:35:00,4851.43,-16.78,TRADE
VIC1,2025-02-13 04:40:00,4871.62,8.95,TRADE
VIC1,2025-02-13 04:45:00,4881.69,9.0,TRADE
VIC1,2025-02-13 04:50:00,5020.59,9.0,TRADE
VIC1,2025-02-13 04:55:00,5032.5,8.95,TRADE
VIC1,2025-02-13 05:00:00,5065.11,8.95,TRADE
VIC1,2025-02-13 05:05:00,5135.71,1.73,TRADE
VIC1,2025-02-13 05:10:00,5403.19,9.0,TRADE
VIC1,2025-02-13 05:15:00,5509.74,13.01,TRADE
VIC1,2025-02-13 05:20:00,5520.52,9.15,TRADE
VIC1,2025-02-13 05:25:00,5501.59,8.95,TRADE
VIC1,2025-02-13 05:30:00,5674.76,21.9,TRADE
VIC1,2025-02-13 05:35:00,5755.33,9.0,TRADE
VIC1,2025-02-13 05:40:00,5747.38,101.14,TRADE
VIC1,2025-02-13 05:45:00,5598.91,90.0,TRADE
VIC1,2025-02-13 05:50:00,5624.18,109.01,TRADE
VIC1,2025-02-13 05:55:00,5749.99,112.92,TRADE
VIC1,2025-02-13 06:00:00,5703.76,111.0,TRADE
VIC1,2025-02-13 06:05:00,5750.66,111.82,TRADE
VIC1,2025-02-13 06:10:00,5772.7,111.81,TRADE
VIC1,2025-02-13 06:15:00,5916.63,102.97,TRADE
VIC1,2025-02-13 06:20:00,5932.62,106.74,TRADE
VIC1,2025-02-13 06:25:00,5973.92,103.12,TRADE
VIC1,2025-02-13 06:30:00,5923.38,98.2,TRADE
VIC1,2025-02-13 06:35:00,5783.25,71.05,TRADE
VIC1,2025-02-13 06:40:00,5919.75,43.27,TRADE
VIC1,2025-02-13 06:45:00,5893.21,33.38,TRADE
VIC1,2025-02-13 06:50:00,5856.02,12.0,TRADE
VIC1,2025-02-13 06:55:00,5951.72,9.1,TRADE
VIC1,2025-02-13 07:00:00,5987.06,9.0,TRADE
VIC1,2025-02-13 07:05:00,5953.63,10.76,TRADE
VIC1,2025-02-13 07:10:00,6027.94,19.99,TRADE
VIC1,2025-02-13 07:15:00,5923.08,8.95,TRADE
VIC1,2025-02-13 07:20:00,5869.9,-17.99,TRADE
VIC1,2025-02-13 07:25:00,5822.43,8.95,TRADE
VIC1,2025-02-13 07:30:00,5887.46,8.95,TRADE
VIC1,2025-02-13 07:35:00,5924.84,27.14,TRADE
VIC1,2025-02-13 07:40:00,5849.81,42.39,TRADE
VIC1,2025-02-13 07:45:00,5997.62,8.95,TRADE
VIC1,2025-02-13 07:50:00,5970.73,1.73,TRADE
VIC1,2025-02-13 07:55:00,5940.59,8.95,TRADE
VIC1,2025-02-13 08:00:00,5837.08,0.0,TRADE
VIC1,2025-02-13 08:05:00,5929.73,-19.12,TRADE
VIC1,2025-02-13 08:10:00,5890.9,0.0,TRADE
VIC1,2025-02-13 08:15:00,6072.07,8.95,TRADE
VIC1,2025-02-13 08:20:00,5993.53,0.0,TRADE
VIC1,2025-02-13 08:25:00,6033.53,-19.05,TRADE
VIC1,2025-02-13 08:30:00,5909.8,-19.99,TRADE
VIC1,2025-02-13 08:35:00,5913.25,8.95,TRADE
VIC1,2025-02-13 08:40:00,5983.44,-17.23,TRADE
VIC1,2025-02-13 08:45:00,5925.76,32.07,TRADE
VIC1,2025-02-13 08:50:00,5820.43,24.68,TRADE
VIC1,2025-02-13 08:55:00,5956.68,8.95,TRADE
VIC1,2025-02-13 09:00:00,5837.49,27.11,TRADE
VIC1,2025-02-13 09:05:00,5805.43,34.68,TRADE
VIC1,2025-02-13 09:10:00,5920.08,37.36,TRADE
VIC1,2025-02-13 09:15:00,5700.61,-18.15,TRADE
VIC1,2025-02-13 09:20:00,5957.18,8.95,TRADE
VIC1,2025-02-13 09:25:00,5838.88,8.95,TRADE
VIC1,2025-02-13 09:30:00,5769.65,-18.15,TRADE
VIC1,2025-02-13 09:35:00,5831.87,-18.15,TRADE
VIC1,2025-02-13 09:40:00,5601.53,-18.71,TRADE
VIC1,2025-02-13 09:45:00,5841.84,-20.19,TRADE
VIC1,2025-02-13 09:50:00,5739.06,-19.99,TRADE
VIC1,2025-02-13 09:55:00,5622.57,-20.76,TRADE
VIC1,2025-02-13 10:00:00,5740.5,-19.99,TRADE
VIC1,2025-02-13 10:05:00,5623.62,-0.78,TRADE
VIC1,2025-02-13 10:10:00,5842.72,9.0,TRADE
VIC1,2025-02-13 10:15:00,5686.21,-0.16,TRADE
VIC1,2025-02-13 10:20:00,5873.5,10.75,TRADE
VIC1,2025-02-13 10:25:00,5867.01,10.59,TRADE
VIC1,2025-02-13 10:30:00,5880.41,12.0,TRADE
VIC1,2025-02-13 10:35:00,5671.13,17.19,TRADE
VIC1,2025-02-13 10:40:00,5616.67,37.89,TRADE
VIC1,2025-02-13 10:45:00,5647.04,29.94,TRADE
VIC1,2025-02-13 10:50:00,5510.14,27.33,TRADE
VIC1,2025-02-13 10:55:00,5625.52,8.95,TRADE
VIC1,2025-02-13 11:00:00,5531.87,36.14,TRADE
VIC1,2025-02-13 11:05:00,5734.3,-19.01,TRADE
VIC1,2025-02-13 11:10:00,5569.57,-5.78,TRADE
VIC1,2025-02-13 11:15:00,5340.51,7.99,TRADE
VIC1,2025-02-13 11:20:00,5569.23,-19.99,TRADE
VIC1,2025-02-13 11:25:00,5590.09,28.51,TRADE
VIC1,2025-02-13 11:30:00,5395.16,17.51,TRADE
VIC1,2025-02-13 11:35:00,5618.13,-24.21,TRADE
VIC1,2025-02-13 11:40:00,5823.61,-29.0,TRADE
VIC1,2025-02-13 11:45:00,5777.65,-18.57,TRADE
VIC1,2025-02-13 11:50:00,5886.59,-29.0,TRADE
VIC1,2025-02-13 11:55:00,6029.99,34.55,TRADE
VIC1,2025-02-13 12:00:00,6044.88,55.77,TRADE
VIC1,2025-02-13 12:05:00,5930.69,45.89,TRADE
VIC1,2025-02-13 12:10:00,6019.95,25.48,TRADE
VIC1,2025-02-13 12:15:00,6169.62,34.72,TRADE
VIC1,2025-02-13 12:20:00,6114.68,33.74,TRADE
VIC1,2025-02-13 12:25:00,6069.29,9.0,TRADE
VIC1,2025-02-13 12:30:00,6078.75,-21.0,TRADE
VIC1,2025-02-13 12:35:00,6115.44,8.95,TRADE
VIC1,2025-02-13 12:40:00,6145.8,9.0,TRADE
VIC1,2025-02-13 12:45:00,6142.74,9.0,TRADE
VIC1,2025-02-13 12:50:00,6312.72,8.95,TRADE
VIC1,2025-02-13 12:55:00,6414.4,45.89,TRADE
VIC1,2025-02-13 13:00:00,6371.52,45.89,TRADE
VIC1,2025-02-13 13:05:00,6480.52,45.89,TRADE
VIC1,2025-02-13 13:10:00,6492.46,45.89,TRADE
VIC1,2025-02-13 13:15:00,6627.06,96.84,TRADE
VIC1,2025-02-13 13:20:00,6470.61,37.74,TRADE
VIC1,2025-02-13 13:25:00,6576.23,68.85,TRADE
VIC1,2025-02-13 13:30:00,6655.67,78.4,TRADE
VIC1,2025-02-13 13:35:00,6797.62,92.86,TRADE
VIC1,2025-02-13 13:40:00,6899.43,138.04,TRADE
VIC1,2025-02-13 13:45:00,7013.42,139.91,TRADE
VIC1,2025-02-13 13:50:00,7058.8,120.29,TRADE
VIC1,2025-02-13 13:55:00,7200.87,164.79,TRADE
VIC1,2025-02-13 14:00:00,7334.12,373.26,TRADE
VIC1,2025-02-13 14:05:00,7417.83,108.79,TRADE
VIC1,2025-02-13 14:10:00,7553.8,316.98,TRADE
VIC1,2025-02-13 14:15:00,7709.74,389.38,TRADE
VIC1,2025-02-13 14:20:00,7818.48,506.31,TRADE
VIC1,2025-02-13 14:25:00,7842.56,239.19,TRADE
VIC1,2025-02-13 14:30:00,7764.42,228.51,TRADE
VIC1,2025-02-13 14:35:00,7802.8,133.14,TRADE
VIC1,2025-02-13 14:40:00,7915.27,239.16,TRADE
VIC1,2025-02-13 14:45:00,7900.49,228.54,TRADE
VIC1,2025-02-13 14:50:00,7995.78,219.9,TRADE
VIC1,2025-02-13 14:55:00,8054.23,82.8,TRADE
VIC1,2025-02-13 15:00:00,8101.51,31.0,TRADE
VIC1,2025-02-13 15:05:00,8107.38,48.05,TRADE
VIC1,2025-02-13 15:10:00,8118.43,85.33,TRADE
VIC1,2025-02-13 15:15:00,8168.68,102.66,TRADE
VIC1,2025-02-13 15:20:00,8303.54,196.68,TRADE
VIC1,2025-02-13 15:25:00,8454.67,239.01,TRADE
VIC1,2025-02-13 15:30:00,8625.15,237.88,TRADE
VIC1,2025-02-13 15:35:00,8756.0,157.34,TRADE
VIC1,2025-02-13 15:40:00,8944.43,179.39,TRADE
VIC1,2025-02-13 15:45:00,8920.62,150.64,TRADE
VIC1,2025-02-13 15:50:00,8862.3,75.35,TRADE
VIC1,2025-02-13 15:55:00,8747.14,49.71,TRADE
VIC1,2025-02-13 16:00:00,8739.12,85.22,TRADE
VIC1,2025-02-13 16:05:00,8827.12,151.18,TRADE
VIC1,2025-02-13 16:10:00,8806.67,85.22,TRADE
VIC1,2025-02-13 16:15:00,8790.75,80.8,TRADE
VIC1,2025-02-13 16:20:00,8711.23,85.22,TRADE
VIC1,2025-02-13 16:25:00,8545.35,120.0,TRADE
VIC1,2025-02-13 16:30:00,8537.35,196.71,TRADE
VIC1,2025-02-13 16:35:00,8526.56,160.0,TRADE
VIC1,2025-02-13 16:40:00,8477.76,160.0,TRADE
VIC1,2025-02-13 16:45:00,8241.16,99.84,TRADE
VIC1,2025-02-13 16:50:00,8158.19,115.39,TRADE
VIC1,2025-02-13 16:55:00,8157.52,183.85,TRADE
VIC1,2025-02-13 17:00:00,7953.37,149.67,TRADE
VIC1,2025-02-13 17:05:00,7871.57,153.36,TRADE
VIC1,2025-02-13 17:10:00,7546.08,100.71,TRADE
VIC1,2025-02-13 17:15:00,7605.1,107.28,TRADE
VIC1,2025-02-13 17:20:00,7532.83,106.69,TRADE
VIC1,2025-02-13 17:25:00,7383.22,106.7,TRADE
VIC1,2025-02-13 17:30:00,7302.5,100.3,TRADE
VIC1,2025-02-13 17:35:00,7309.9,169.89,TRADE
VIC1,2025-02-13 17:40:00,7168.42,120.0,TRADE
VIC1,2025-02-13 17:45:00,7162.51,143.63,TRADE
VIC1,2025-02-13 17:50:00,7149.97,135.47,TRADE
VIC1,2025-02-13 17:55:00,7014.34,123.54,TRADE
VIC1,2025-02-13 18:00:00,6887.14,131.43,TRADE
VIC1,2025-02-13 18:05:00,6939.47,165.4,TRADE
VIC1,2025-02-13 18:10:00,6795.8,170.23,TRADE
VIC1,2025-02-13 18:15:00,6741.79,0.0,TRADE
VIC1,2025-02-13 18:20:00,6637.05,0.0,TRADE
VIC1,2025-02-13 18:25:00,6615.77,8.95,TRADE
VIC1,2025-02-13 18:30:00,6528.89,0.0,TRADE
VIC1,2025-02-13 18:35:00,6507.74,0.0,TRADE
VIC1,2025-02-13 18:40:00,6451.2,8.95,TRADE
VIC1,2025-02-13 18:45:00,6438.84,8.95,TRADE
VIC1,2025-02-13 18:50:00,6439.86,9.0,TRADE
VIC1,2025-02-13 18:55:00,6360.61,9.0,TRADE
VIC1,2025-02-13 19:00:00,6396.99,8.95,TRADE
VIC1,2025-02-13 19:05:00,6351.7,59.0,TRADE
VIC1,2025-02-13 19:10:00,6357.57,104.74,TRADE
VIC1,2025-02-13 19:15:00,6410.07,113.57,TRADE
VIC1,2025-02-13 19:20:00,6425.57,123.54,TRADE
VIC1,2025-02-13 19:25:00,6489.97,142.47,TRADE
VIC1,2025-02-13 19:30:00,6470.43,127.93,TRADE
VIC1,2025-02-13 19:35:00,6604.25,144.3,TRADE
VIC1,2025-02-13 19:40:00,6501.26,120.0,TRADE
VIC1,2025-02-13 19:45:00,6476.71,125.5,TRADE
VIC1,2025-02-13 19:50:00,6351.43,120.0,TRADE
VIC1,2025-02-13 19:55:00,6342.89,115.74,TRADE
VIC1,2025-02-13 20:00:00,6297.2,113.4,TRADE
VIC1,2025-02-13 20:05:00,6213.74,112.93,TRADE
VIC1,2025-02-13 20:10:00,6197.63,112.73,TRADE
VIC1,2025-02-13 20:15:00,6141.21,106.5,TRADE
VIC1,2025-02-13 20:20:00,6004.66,99.65,TRADE
VIC1,2025-02-13 20:25:00,5921.28,94.54,TRADE
VIC1,2025-02-13 20:30:00,5942.05,94.65,TRADE
VIC1,2025-02-13 20:35:00,5938.98,99.78,TRADE
VIC1,2025-02-13 20:40:00,6090.06,113.86,TRADE
VIC1,2025-02-13 20:45:00,6091.88,114.73,TRADE
VIC1,2025-02-13 20:50:00,5924.36,111.24,TRADE
VIC1,2025-02-13 20:55:00,5899.83,111.76,TRADE
VIC1,2025-02-13 21:00:00,5806.03,100.01,TRADE
VIC1,2025-02-13 21:05:00,5762.57,112.04,TRADE
VIC1,2025-02-13 21:10:00,5721.65,109.1,TRADE
VIC1,2025-02-13 21:15:00,5675.62,108.36,TRADE
VIC1,2025-02-13 21:20:00,5628.92,106.28,TRADE
VIC1,2025-02-13 21:25:00,5594.87,107.51,TRADE
VIC1,2025-02-13 21:30:00,5579.87,99.67,TRADE
VIC1,2025-02-13 21:35:00,5397.9,108.93,TRADE
VIC1,2025-02-13 21:40:00,5461.68,116.51,TRADE
VIC1,2025-02-13 21:45:00,5408.54,108.94,TRADE
VIC1,2025-02-13 21:50:00,5334.28,112.29,TRADE
VIC1,2025-02-13 21:55:00,5263.4,111.63,TRADE
VIC1,2025-02-13 22:00:00,5114.66,102.74,TRADE
VIC1,2025-02-13 22:05:00,5019.77,110.43,TRADE
VIC1,2025-02-13 22:10:00,5110.77,113.6,TRADE
VIC1,2025-02-13 22:15:00,5168.8,116.04,TRADE
VIC1,2025-02-13 22:20:00,4973.71,112.17,TRADE
VIC1,2025-02-13 22:25:00,5082.29,114.31,TRADE
VIC1,2025-02-13 22:30:00,5037.97,112.76,TRADE
VIC1,2025-02-13 22:35:00,4970.84,120.0,TRADE
VIC1,2025-02-13 22:40:00,4980.53,120.0,TRADE
VIC1,2025-02-13 22:45:00,4831.31,102.4,TRADE
VIC1,2025-02-13 22:50:00,4928.46,103.33,TRADE
VIC1,2025-02-13 22:55:00,4934.15,103.12,TRADE
VIC1,2025-02-13 23:00:00,4881.89,101.59,TRADE
VIC1,2025-02-13 23:05:00,4879.22,103.14,TRADE
VIC1,2025-02-13 23:10:00,5034.78,112.19,TRADE
VIC1,2025-02-13 23:15:00,5112.68,133.15,TRADE
VIC1,2025-02-13 23:20:00,5075.8,120.0,TRADE
VIC1,2025-02-13 23:25:00,4978.39,120.0,TRADE
VIC1,2025-02-13 23:30:00,4966.95,118.52,TRADE
VIC1,2025-02-13 23:35:00,5022.85,120.0,TRADE
VIC1,2025-02-13 23:40:00,4972.0,120.0,TRADE
VIC1,2025-02-13 23:45:00,4882.5,111.33,TRADE
VIC1,2025-02-13 23:50:00,4850.77,101.48,TRADE
VIC1,2025-02-13 23:55:00,4778.47,100.85,TRADE
VIC1,2025-02-14 00:00:00,4663.61,84.29,TRADE
VIC1,2025-02-14 00:05:00,4645.32,92.53,TRADE
VIC1,2025-02-14 00:10:00,4619.65,95.01,TRADE
VIC1,2025-02-14 00:15:00,4573.97,87.1,TRADE
VIC1,2025-02-14 00:20:00,4541.81,87.34,TRADE
VIC1,2025-02-14 00:25:00,4513.99,79.99,TRADE
VIC1,2025-02-14 00:30:00,4454.38,79.0,TRADE
VIC1,2025-02-14 00:35:00,4507.27,81.66,TRADE
VIC1,2025-02-14 00:40:00,4464.11,88.3,TRADE
VIC1,2025-02-14 00:45:00,4389.16,83.26,TRADE
VIC1,2025-02-14 00:50:00,4391.15,89.11,TRADE
VIC1,2025-02-14 00:55:00,4370.76,84.89,TRADE
VIC1,2025-02-14 01:00:00,4312.63,83.33,TRADE
VIC1,2025-02-14 01:05:00,4297.5,83.95,TRADE
VIC1,2025-02-14 01:10:00,4276.82,82.48,TRADE
VIC1,2025-02-14 01:15:00,4244.6,77.85,TRADE
VIC1,2025-02-14 01:20:00,4253.86,89.16,TRADE
VIC1,2025-02-14 01:25:00,4187.41,82.76,TRADE
VIC1,2025-02-14 01:30:00,4227.83,85.13,TRADE
VIC1,2025-02-14 01:35:00,4213.17,85.8,TRADE
VIC1,2025-02-14 01:40:00,4204.05,85.96,TRADE
VIC1,2025-02-14 01:45:00,4202.66,86.91,TRADE
VIC1,2025-02-14 01:50:00,4145.08,92.59,TRADE
VIC1,2025-02-14 01:55:00,4112.75,88.13,TRADE
VIC1,2025-02-14 02:00:00,4053.44,81.71,TRADE
VIC1,2025-02-14 02:05:00,4035.75,87.2,TRADE
VIC1,2025-02-14 02:10:00,4127.65,83.43,TRADE
VIC1,2025-02-14 02:15:00,4106.82,82.35,TRADE
VIC1,2025-02-14 02:20:00,4069.02,86.16,TRADE
VIC1,2025-02-14 02:25:00,4057.32,86.01,TRADE
VIC1,2025-02-14 02:30:00,4018.66,86.1,TRADE
VIC1,2025-02-14 02:35:00,4043.36,85.77,TRADE
VIC1,2025-02-14 02:40:00,3954.74,83.66,TRADE
VIC1,2025-02-14 02:45:00,3925.37,78.91,TRADE
VIC1,2025-02-14 02:50:00,4009.97,79.0,TRADE
VIC1,2025-02-14 02:55:00,4035.96,79.0,TRADE
VIC1,2025-02-14 03:00:00,3995.9,79.05,TRADE
VIC1,2025-02-14 03:05:00,4038.69,86.4,TRADE
VIC1,2025-02-14 03:10:00,4064.64,85.83,TRADE
VIC1,2025-02-14 03:15:00,4001.39,87.73,TRADE
VIC1,2025-02-14 03:20:00,3942.04,82.38,TRADE
VIC1,2025-02-14 03:25:00,3876.11,81.96,TRADE
VIC1,2025-02-14 03:30:00,3876.32,89.66,TRADE
VIC1,2025-02-14 03:35:00,3981.56,85.75,TRADE
VIC1,2025-02-14 03:40:00,3986.21,91.51,TRADE
VIC1,2025-02-14 03:45:00,3992.15,95.29,TRADE
VIC1,2025-02-14 03:50:00,3990.73,85.69,TRADE
VIC1,2025-02-14 03:55:00,4065.44,89.8,TRADE
VIC1,2025-02-14 04:00:00,4037.67,95.68,TRADE
VIC1,2025-02-14 04:05:00,3971.6,89.08,TRADE
VIC1,2025-02-14 04:10:00,4074.66,98.47,TRADE
VIC1,2025-02-14 04:15:00,4094.15,103.64,TRADE
VIC1,2025-02-14 04:20:00,4141.72,105.98,TRADE
VIC1,2025-02-14 04:25:00,4200.19,120.0,TRADE
VIC1,2025-02-14 04:30:00,4194.13,110.51,TRADE
VIC1,2025-02-14 04:35:00,4149.44,92.12,TRADE
VIC1,2025-02-14 04:40:00,4240.05,97.31,TRADE
VIC1,2025-02-14 04:45:00,4257.94,102.67,TRADE
VIC1,2025-02-14 04:50:00,4325.49,104.44,TRADE
VIC1,2025-02-14 04:55:00,4293.95,105.15,TRADE
VIC1,2025-02-14 05:00:00,4272.84,116.0,TRADE
VIC1,2025-02-14 05:05:00,4392.99,120.0,TRADE
VIC1,2025-02-14 05:10:00,4516.33,137.67,TRADE
VIC1,2025-02-14 05:15:00,4466.97,138.04,TRADE
VIC1,2025-02-14 05:20:00,4595.12,139.37,TRADE
VIC1,2025-02-14 05:25:00,4646.42,127.58,TRADE
VIC1,2025-02-14 05:30:00,4695.09,142.01,TRADE
VIC1,2025-02-14 05:35:00,4715.28,122.23,TRADE
VIC1,2025-02-14 05:40:00,4702.03,124.88,TRADE
VIC1,2025-02-14 05:45:00,4773.03,148.42,TRADE
VIC1,2025-02-14 05:50:00,4907.08,151.21,TRADE
VIC1,2025-02-14 05:55:00,4945.01,154.18,TRADE
VIC1,2025-02-14 06:00:00,4980.89,146.25,TRADE
VIC1,2025-02-14 06:05:00,5057.67,156.14,TRADE
VIC1,2025-02-14 06:10:00,5132.25,159.27,TRADE
VIC1,2025-02-14 06:15:00,5191.86,154.61,TRADE
VIC1,2025-02-14 06:20:00,5108.43,156.14,TRADE
VIC1,2025-02-14 06:25:00,5140.15,158.13,TRADE
VIC1,2025-02-14 06:30:00,5112.89,151.64,TRADE
VIC1,2025-02-14 06:35:00,5103.75,175.22,TRADE
VIC1,2025-02-14 06:40:00,5186.21,191.59,TRADE
VIC1,2025-02-14 06:45:00,5157.21,183.32,TRADE
VIC1,2025-02-14 06:50:00,5057.5,152.22,TRADE
VIC1,2025-02-14 06:55:00,5064.51,152.68,TRADE
VIC1,2025-02-14 07:00:00,5046.72,120.99,TRADE
VIC1,2025-02-14 07:05:00,4997.12,139.29,TRADE
VIC1,2025-02-14 07:10:00,4952.36,124.25,TRADE
VIC1,2025-02-14 07:15:00,4902.4,138.04,TRADE
VIC1,2025-02-14 07:20:00,4866.03,116.91,TRADE
VIC1,2025-02-14 07:25:00,4729.43,110.62,TRADE
VIC1,2025-02-14 07:30:00,4794.46,111.67,TRADE
VIC1,2025-02-14 07:35:00,4771.41,115.28,TRADE
VIC1,2025-02-14 07:40:00,4719.34,117.76,TRADE
VIC1,2025-02-14 07:45:00,4707.19,157.86,TRADE
VIC1,2025-02-14 07:50:00,4726.01,108.3,TRADE
VIC1,2025-02-14 07:55:00,4724.37,55.89,TRADE
VIC1,2025-02-14 08:00:00,4634.3,36.75,TRADE
VIC1,2025-02-14 08:05:00,4466.61,104.24,TRADE
VIC1,2025-02-14 08:10:00,4597.56,55.89,TRADE
VIC1,2025-02-14 08:15:00,4523.54,111.76,TRADE
VIC1,2025-02-14 08:20:00,4461.5,67.69,TRADE
VIC1,2025-02-14 08:25:00,4465.47,66.37,TRADE
VIC1,2025-02-14 08:30:00,4383.15,71.82,TRADE
VIC1,2025-02-14 08:35:00,4306.57,86.99,TRADE
VIC1,2025-02-14 08:40:00,4290.34,62.0,TRADE
VIC1,2025-02-14 08:45:00,4248.85,12.73,TRADE
VIC1,2025-02-14 08:50:00,4133.47,-8.65,TRADE
VIC1,2025-02-14 08:55:00,4119.8,-11.32,TRADE
VIC1,2025-02-14 09:00:00,4093.22,15.27,TRADE
VIC1,2025-02-14 09:05:00,4105.67,33.0,TRADE
VIC1,2025-02-14 09:10:00,4024.98,33.0,TRADE
VIC1,2025-02-14 09:15:00,4024.69,18.07,TRADE
VIC1,2025-02-14 09:20:00,4050.79,19.19,TRADE
VIC1,2025-02-14 09:25:00,4112.4,19.19,TRADE
VIC1,2025-02-14 09:30:00,4141.82,17.65,TRADE
VIC1,2025-02-14 09:35:00,4157.44,18.91,TRADE
VIC1,2025-02-14 09:40:00,4190.19,21.59,TRADE
VIC1,2025-02-14 09:45:00,4219.17,21.86,TRADE
VIC1,2025-02-14 09:50:00,4191.51,33.0,TRADE
VIC1,2025-02-14 09:55:00,4278.58,19.19,TRADE
VIC1,2025-02-14 10:00:00,4376.54,33.0,TRADE
VIC1,2025-02-14 10:05:00,4408.46,112.53,TRADE
VIC1,2025-02-14 10:10:00,4239.87,82.5,TRADE
VIC1,2025-02-14 10:15:00,4155.24,63.73,TRADE
VIC1,2025-02-14 10:20:00,4008.94,55.89,TRADE
VIC1,2025-02-14 10:25:00,4001.68,33.0,TRADE
VIC1,2025-02-14 10:30:00,3957.47,36.01,TRADE
VIC1,2025-02-14 10:35:00,3940.55,55.89,TRADE
VIC1,2025-02-14 10:40:00,3923.9,18.63,TRADE
VIC1,2025-02-14 10:45:00,3926.1,13.01,TRADE
VIC1,2025-02-14 10:50:00,3946.96,13.01,TRADE
VIC1,2025-02-14 10:55:00,4065.2,-23.79,TRADE
VIC1,2025-02-14 11:00:00,4070.09,-11.23,TRADE
VIC1,2025-02-14 11:05:00,4140.69,-10.06,TRADE
VIC1,2025-02-14 11:10:00,3985.79,0.0,TRADE
VIC1,2025-02-14 11:15:00,3967.75,111.35,TRADE
VIC1,2025-02-14 11:20:00,3993.33,90.0,TRADE
VIC1,2025-02-14 11:25:00,3948.58,33.0,TRADE
VIC1,2025-02-14 11:30:00,3909.02,32.99,TRADE
VIC1,2025-02-14 11:35:00,3914.03,0.0,TRADE
VIC1,2025-02-14 11:40:00,3978.91,33.0,TRADE
VIC1,2025-02-14 11:45:00,4010.98,33.0,TRADE
VIC1,2025-02-14 11:50:00,3941.88,33.0,TRADE
VIC1,2025-02-14 11:55:00,3918.66,33.0,TRADE
VIC1,2025-02-14 12:00:00,3913.64,-21.0,TRADE
VIC1,2025-02-14 12:05:00,3931.08,33.0,TRADE
VIC1,2025-02-14 12:10:00,3852.43,33.0,TRADE
VIC1,2025-02-14 12:15:00,3842.23,-31.5,TRADE
VIC1,2025-02-14 12:20:00,3837.49,-21.0,TRADE
VIC1,2025-02-14 12:25:00,3676.64,-30.86,TRADE
VIC1,2025-02-14 12:30:00,3617.56,-34.67,TRADE
VIC1,2025-02-14 12:35:00,3752.55,-21.0,TRADE
VIC1,2025-02-14 12:40:00,3816.06,-0.15,TRADE
VIC1,2025-02-14 12:45:00,3804.4,30.19,TRADE
VIC1,2025-02-14 12:50:00,3664.41,-19.99,TRADE
VIC1,2025-02-14 12:55:00,3592.25,-18.57,TRADE
VIC1,2025-02-14 13:00:00,3667.51,81.34,TRADE
VIC1,2025-02-14 13:05:00,3695.61,-18.57,TRADE
VIC1,2025-02-14 13:10:00,3522.08,38.88,TRADE
VIC1,2025-02-14 13:15:00,3472.4,-30.38,TRADE
VIC1,2025-02-14 13:20:00,3518.71,-10.82,TRADE
VIC1,2025-02-14 13:25:00,3545.54,-30.75,TRADE
VIC1,2025-02-14 13:30:00,3652.08,-21.0,TRADE
VIC1,2025-02-14 13:35:00,3728.67,-31.5,TRADE
VIC1,2025-02-14 13:40:00,3832.68,-32.63,TRADE
VIC1,2025-02-14 13:45:00,3925.71,-44.8,TRADE
VIC1,2025-02-14 13:50:00,3961.51,-44.8,TRADE
VIC1,2025-02-14 13:55:00,4051.65,-41.41,TRADE
VIC1,2025-02-14 14:00:00,3909.03,-32.63,TRADE
VIC1,2025-02-14 14:05:00,3970.76,-36.9,TRADE
VIC1,2025-02-14 14:10:00,4036.44,-34.67,TRADE
VIC1,2025-02-14 14:15:00,3918.79,-24.54,TRADE
VIC1,2025-02-14 14:20:00,4018.6,-32.63,TRADE
VIC1,2025-02-14 14:25:00,4178.18,-13.12,TRADE
VIC1,2025-02-14 14:30:00,4126.97,-11.03,TRADE
VIC1,2025-02-14 14:35:00,4101.37,67.92,TRADE
VIC1,2025-02-14 14:40:00,4384.06,32.99,TRADE
VIC1,2025-02-14 14:45:00,4465.42,5.05,TRADE
VIC1,2025-02-14 14:50:00,4441.9,-18.57,TRADE
VIC1,2025-02-14 14:55:00,4481.27,-17.72,TRADE
VIC1,2025-02-14 15:00:00,4567.82,-12.64,TRADE
VIC1,2025-02-14 15:05:00,4544.05,-7.36,TRADE
VIC1,2025-02-14 15:10:00,4407.25,-5.33,TRADE
VIC1,2025-02-14 15:15:00,4303.86,-19.99,TRADE
VIC1,2025-02-14 15:20:00,4220.38,-21.0,TRADE
VIC1,2025-02-14 15:25:00,4096.89,-45.05,TRADE
VIC1,2025-02-14 15:30:00,4099.64,-20.19,TRADE
VIC1,2025-02-14 15:35:00,4037.42,8.17,TRADE
VIC1,2025-02-14 15:40:00,3845.32,-18.57,TRADE
VIC1,2025-02-14 15:45:00,3741.85,-32.63,TRADE
VIC1,2025-02-14 15:50:00,3995.12,-30.75,TRADE
VIC1,2025-02-14 15:55:00,4011.44,-21.0,TRADE
VIC1,2025-02-14 16:00:00,4106.01,-18.15,TRADE
VIC1,2025-02-14 16:05:00,4220.32,-32.63,TRADE
VIC1,2025-02-14 16:10:00,4327.18,-32.63,TRADE
VIC1,2025-02-14 16:15:00,4446.04,-29.64,TRADE
VIC1,2025-02-14 16:20:00,4505.09,-31.5,TRADE
VIC1,2025-02-14 16:25:00,4663.6,9.0,TRADE
VIC1,2025-02-14 16:30:00,4694.38,-19.99,TRADE
VIC1,2025-02-14 16:35:00,4493.12,-29.0,TRADE
VIC1,2025-02-14 16:40:00,4504.14,8.95,TRADE
VIC1,2025-02-14 16:45:00,4479.3,9.0,TRADE
VIC1,2025-02-14 16:50:00,4593.81,8.95,TRADE
VIC1,2025-02-14 16:55:00,4621.16,9.65,TRADE
VIC1,2025-02-14 17:00:00,4665.33,9.0,TRADE
VIC1,2025-02-14 17:05:00,4621.86,-21.0,TRADE
VIC1,2025-02-14 17:10:00,4740.54,-30.75,TRADE
VIC1,2025-02-14 17:15:00,4846.61,-31.5,TRADE
VIC1,2025-02-14 17:20:00,4946.87,-31.5,TRADE
VIC1,2025-02-14 17:25:00,5240.53,-21.0,TRADE
VIC1,2025-02-14 17:30:00,5114.08,-20.19,TRADE
VIC1,2025-02-14 17:35:00,5051.72,-29.0,TRADE
VIC1,2025-02-14 17:40:00,5067.99,-19.99,TRADE
VIC1,2025-02-14 17:45:00,5096.68,-29.0,TRADE
VIC1,2025-02-14 17:50:00,5143.62,-20.0,TRADE
VIC1,2025-02-14 17:55:00,5010.5,-19.99,TRADE
VIC1,2025-02-14 18:00:00,5146.19,8.41,TRADE
VIC1,2025-02-14 18:05:00,5089.85,-18.57,TRADE
VIC1,2025-02-14 18:10:00,5065.91,9.0,TRADE
VIC1,2025-02-14 18:15:00,5067.04,87.85,TRADE
VIC1,2025-02-14 18:20:00,5163.69,-63.94,TRADE
VIC1,2025-02-14 18:25:00,5088.72,-36.9,TRADE
VIC1,2025-02-14 18:30:00,5134.02,-36.9,TRADE
VIC1,2025-02-14 18:35:00,5161.5,-32.63,TRADE
VIC1,2025-02-14 18:40:00,5215.84,-30.75,TRADE
VIC1,2025-02-14 18:45:00,5224.19,-21.0,TRADE
VIC1,2025-02-14 18:50:00,5307.55,-19.99,TRADE
VIC1,2025-02-14 18:55:00,5405.05,-2.25,TRADE
VIC1,2025-02-14 19:00:00,5489.32,4.5,TRADE
VIC1,2025-02-14 19:05:00,5451.34,9.0,TRADE
VIC1,2025-02-14 19:10:00,5246.31,8.95,TRADE
VIC1,2025-02-14 19:15:00,5320.01,45.79,TRADE
VIC1,2025-02-14 19:20:00,5275.94,8.95,TRADE
VIC1,2025-02-14 19:25:00,5335.89,87.85,TRADE
VIC1,2025-02-14 19:30:00,5315.55,52.79,TRADE
VIC1,2025-02-14 19:35:00,5260.81,8.95,TRADE
VIC1,2025-02-14 19:40:00,5262.5,9.0,TRADE
VIC1,2025-02-14 19:45:00,5281.21,9.0,TRADE
VIC1,2025-02-14 19:50:00,5244.57,8.95,TRADE
VIC1,2025-02-14 19:55:00,5203.49,8.95,TRADE
VIC1,2025-02-14 20:00:00,5182.78,9.0,TRADE
VIC1,2025-02-14 20:05:00,5158.72,1.65,TRADE
VIC1,2025-02-14 20:10:00,5137.42,102.98,TRADE
VIC1,2025-02-14 20:15:00,5117.91,48.54,TRADE
VIC1,2025-02-14 20:20:00,5124.96,53.84,TRADE
VIC1,2025-02-14 20:25:00,5124.14,105.51,TRADE
VIC1,2025-02-14 20:30:00,5092.17,87.85,TRADE
VIC1,2025-02-14 20:35:00,5117.09,87.85,TRADE
VIC1,2025-02-14 20:40:00,5104.9,80.11,TRADE
VIC1,2025-02-14 20:45:00,5090.36,96.78,TRADE
VIC1,2025-02-14 20:50:00,5087.61,103.91,TRADE
VIC1,2025-02-14 20:55:00,5016.12,104.17,TRADE
VIC1,2025-02-14 21:00:00,4956.95,93.37,TRADE
VIC1,2025-02-14 21:05:00,4964.0,73.8,TRADE
VIC1,2025-02-14 21:10:00,4896.91,93.81,TRADE
VIC1,2025-02-14 21:15:00,4856.46,97.46,TRADE
VIC1,2025-02-14 21:20:00,4759.71,94.52,TRADE
VIC1,2025-02-14 21:25:00,4844.17,104.9,TRADE
VIC1,2025-02-14 21:30:00,4783.1,90.34,TRADE
VIC1,2025-02-14 21:35:00,4792.93,92.12,TRADE
VIC1,2025-02-14 21:40:00,4800.93,92.83,TRADE
VIC1,2025-02-14 21:45:00,4756.87,91.94,TRADE
VIC1,2025-02-14 21:50:00,4714.12,94.33,TRADE
VIC1,2025-02-14 21:55:00,4617.92,94.31,TRADE
VIC1,2025-02-14 22:00:00,4475.98,47.57,TRADE
VIC1,2025-02-14 22:05:00,4373.65,108.74,TRADE
VIC1,2025-02-14 22:10:00,4431.23,105.64,TRADE
VIC1,2025-02-14 22:15:00,4537.17,105.88,TRADE
VIC1,2025-02-14 22:20:00,4582.02,106.35,TRADE
VIC1,2025-02-14 22:25:00,4595.22,95.73,TRADE
VIC1,2025-02-14 22:30:00,4587.12,102.1,TRADE
VIC1,2025-02-14 22:35:00,4520.08,101.76,TRADE
VIC1,2025-02-14 22:40:00,4540.73,92.83,TRADE
VIC1,2025-02-14 22:45:00,4426.75,90.79,TRADE
VIC1,2025-02-14 22:50:00,4423.95,90.96,TRADE
VIC1,2025-02-14 22:55:00,4425.82,105.56,TRADE
VIC1,2025-02-14 23:00:00,4437.52,104.86,TRADE
VIC1,2025-02-14 23:05:00,4478.66,96.99,TRADE
VIC1,2025-02-14 23:10:00,4572.88,102.35,TRADE
VIC1,2025-02-14 23:15:00,4579.4,103.8,TRADE
VIC1,2025-02-14 23:20:00,4502.92,102.46,TRADE
VIC1,2025-02-14 23:25:00,4628.06,98.59,TRADE
VIC1,2025-02-14 23:30:00,4502.53,89.37,TRADE
VIC1,2025-02-14 23:35:00,4518.58,89.52,TRADE
VIC1,2025-02-14 23:40:00,4538.27,98.46,TRADE
VIC1,2025-02-14 23:45:00,4533.12,100.48,TRADE
VIC1,2025-02-14 23:50:00,4404.5,99.3,TRADE
VIC1,2025-02-14 23:55:00,4410.24,101.26,TRADE
VIC1,2025-02-17 00:00:00,4367.35,100.68,TRADE
VIC1,2025-02-17 00:05:00,4357.56,103.27,TRADE
VIC1,2025-02-17 00:10:00,4303.11,106.49,TRADE
VIC1,2025-02-17 00:15:00,4276.21,103.12,TRADE
VIC1,2025-02-17 00:20:00,4328.8,101.96,TRADE
VIC1,2025-02-17 00:25:00,4318.21,100.24,TRADE
VIC1,2025-02-17 00:30:00,4298.5,96.19,TRADE
VIC1,2025-02-17 00:35:00,4288.11,95.92,TRADE
VIC1,2025-02-17 00:40:00,4257.89,96.71,TRADE
VIC1,2025-02-17 00:45:00,4232.9,96.32,TRADE
VIC1,2025-02-17 00:50:00,4177.61,88.13,TRADE
VIC1,2025-02-17 00:55:00,4140.31,95.03,TRADE
VIC1,2025-02-17 01:00:00,4158.98,88.66,TRADE
VIC1,2025-02-17 01:05:00,4172.77,94.41,TRADE
VIC1,2025-02-17 01:10:00,4119.31,87.95,TRADE
VIC1,2025-02-17 01:15:00,4165.07,99.86,TRADE
VIC1,2025-02-17 01:20:00,4189.73,95.41,TRADE
VIC1,2025-02-17 01:25:00,4151.0,89.29,TRADE
VIC1,2025-02-17 01:30:00,4089.45,89.45,TRADE
VIC1,2025-02-17 01:35:00,4077.09,94.14,TRADE
VIC1,2025-02-17 01:40:00,4051.65,85.82,TRADE
VIC1,2025-02-17 01:45:00,4104.48,94.2,TRADE
VIC1,2025-02-17 01:50:00,4101.99,88.82,TRADE
VIC1,2025-02-17 01:55:00,3986.34,82.45,TRADE
VIC1,2025-02-17 02:00:00,4042.32,88.17,TRADE
VIC1,2025-02-17 02:05:00,4054.98,82.86,TRADE
VIC1,2025-02-17 02:10:00,4083.05,82.84,TRADE
VIC1,2025-02-17 02:15:00,4115.86,83.33,TRADE
VIC1,2025-02-17 02:20:00,4020.17,74.54,TRADE
VIC1,2025-02-17 02:25:00,4031.8,80.68,TRADE
VIC1,2025-02-17 02:30:00,3986.61,74.96,TRADE
VIC1,2025-02-17 02:35:00,4041.45,82.28,TRADE
VIC1,2025-02-17 02:40:00,4027.59,82.83,TRADE
VIC1,2025-02-17 02:45:00,3998.65,81.06,TRADE
VIC1,2025-02-17 02:50:00,4022.83,81.83,TRADE
VIC1,2025-02-17 02:55:00,3997.28,75.6,TRADE
VIC1,2025-02-17 03:00:00,4040.77,91.82,TRADE
VIC1,2025-02-17 03:05:00,3987.86,89.18,TRADE
VIC1,2025-02-17 03:10:00,3952.36,89.08,TRADE
VIC1,2025-02-17 03:15:00,3942.22,95.77,TRADE
VIC1,2025-02-17 03:20:00,3973.46,87.86,TRADE
VIC1,2025-02-17 03:25:00,4027.72,89.14,TRADE
VIC1,2025-02-17 03:30:00,4045.49,82.27,TRADE
VIC1,2025-02-17 03:35:00,3984.15,79.0,TRADE
VIC1,2025-02-17 03:40:00,4068.74,87.47,TRADE
VIC1,2025-02-17 03:45:00,4061.76,87.54,TRADE
VIC1,2025-02-17 03:50:00,4041.63,86.29,TRADE
VIC1,2025-02-17 03:55:00,4069.8,86.25,TRADE
VIC1,2025-02-17 04:00:00,4048.73,88.4,TRADE
VIC1,2025-02-17 04:05:00,4084.03,79.0,TRADE
VIC1,2025-02-17 04:10:00,4157.92,85.77,TRADE
VIC1,2025-02-17 04:15:00,4260.13,91.19,TRADE
VIC1,2025-02-17 04:20:00,4196.39,87.62,TRADE
VIC1,2025-02-17 04:25:00,4264.52,103.85,TRADE
VIC1,2025-02-17 04:30:00,4311.6,114.19,TRADE
VIC1,2025-02-17 04:35:00,4310.82,112.0,TRADE
VIC1,2025-02-17 04:40:00,4362.54,112.85,TRADE
VIC1,2025-02-17 04:45:00,4315.81,103.32,TRADE
VIC1,2025-02-17 04:50:00,4356.44,113.61,TRADE
VIC1,2025-02-17 04:55:00,4413.5,113.32,TRADE
VIC1,2025-02-17 05:00:00,4486.89,115.65,TRADE
VIC1,2025-02-17 05:05:00,4550.43,111.44,TRADE
VIC1,2025-02-17 05:10:00,4698.35,116.85,TRADE
VIC1,2025-02-17 05:15:00,4722.24,116.85,TRADE
VIC1,2025-02-17 05:20:00,4786.39,126.85,TRADE
VIC1,2025-02-17 05:25:00,4838.65,135.52,TRADE
VIC1,2025-02-17 05:30:00,4957.08,138.36,TRADE
VIC1,2025-02-17 05:35:00,5007.36,137.68,TRADE
VIC1,2025-02-17 05:40:00,4985.64,137.54,TRADE
VIC1,2025-02-17 05:45:00,5027.79,170.23,TRADE
VIC1,2025-02-17 05:50:00,5129.43,175.22,TRADE
VIC1,2025-02-17 05:55:00,5175.79,170.56,TRADE
VIC1,2025-02-17 06:00:00,5238.62,215.66,TRADE
VIC1,2025-02-17 06:05:00,5279.59,215.9,TRADE
VIC1,2025-02-17 06:10:00,5422.96,220.95,TRADE
VIC1,2025-02-17 06:15:00,5455.86,230.53,TRADE
VIC1,2025-02-17 06:20:00,5515.68,234.86,TRADE
VIC1,2025-02-17 06:25:00,5473.59,219.12,TRADE
VIC1,2025-02-17 06:30:00,5457.94,200.89,TRADE
VIC1,2025-02-17 06:35:00,5495.05,147.31,TRADE
VIC1,2025-02-17 06:40:00,5438.96,137.74,TRADE
VIC1,2025-02-17 06:45:00,5433.15,136.02,TRADE
VIC1,2025-02-17 06:50:00,5324.85,135.32,TRADE
VIC1,2025-02-17 06:55:00,5296.03,124.74,TRADE
VIC1,2025-02-17 07:00:00,5275.69,118.77,TRADE
VIC1,2025-02-17 07:05:00,5165.69,87.85,TRADE
VIC1,2025-02-17 07:10:00,5015.03,49.65,TRADE
VIC1,2025-02-17 07:15:00,4909.89,47.09,TRADE
VIC1,2025-02-17 07:20:00,4856.38,12.0,TRADE
VIC1,2025-02-17 07:25:00,4865.75,83.66,TRADE
VIC1,2025-02-17 07:30:00,4709.53,0.36,TRADE
VIC1,2025-02-17 07:35:00,4729.26,51.21,TRADE
VIC1,2025-02-17 07:40:00,4647.92,36.2,TRADE
VIC1,2025-02-17 07:45:00,4570.93,12.0,TRADE
VIC1,2025-02-17 07:50:00,4474.82,8.95,TRADE
VIC1,2025-02-17 07:55:00,4416.96,9.0,TRADE
VIC1,2025-02-17 08:00:00,4471.07,9.0,TRADE
VIC1,2025-02-17 08:05:00,4521.15,83.66,TRADE
VIC1,2025-02-17 08:10:00,4372.2,9.0,TRADE
VIC1,2025-02-17 08:15:00,4300.56,-20.1,TRADE
VIC1,2025-02-17 08:20:00,4288.19,-10.78,TRADE
VIC1,2025-02-17 08:25:00,4173.05,-21.29,TRADE
VIC1,2025-02-17 08:30:00,4071.76,-21.0,TRADE
VIC1,2025-02-17 08:35:00,3814.78,-25.3,TRADE
VIC1,2025-02-17 08:40:00,3742.31,-24.04,TRADE
VIC1,2025-02-17 08:45:00,3728.87,-28.12,TRADE
VIC1,2025-02-17 08:50:00,3808.98,-20.19,TRADE
VIC1,2025-02-17 08:55:00,3661.68,-28.33,TRADE
VIC1,2025-02-17 09:00:00,3626.17,-25.24,TRADE
VIC1,2025-02-17 09:05:00,3580.58,33.0,TRADE
VIC1,2025-02-17 09:10:00,3524.66,82.5,TRADE
VIC1,2025-02-17 09:15:00,3346.2,-20.12,TRADE
VIC1,2025-02-17 09:20:00,3171.63,-28.74,TRADE
VIC1,2025-02-17 09:25:00,3290.23,-20.19,TRADE
VIC1,2025-02-17 09:30:00,3261.29,-25.72,TRADE
VIC1,2025-02-17 09:35:00,3290.77,111.5,TRADE
VIC1,2025-02-17 09:40:00,3012.57,-28.27,TRADE
VIC1,2025-02-17 09:45:00,3060.69,-27.98,TRADE
VIC1,2025-02-17 09:50:00,2926.5,-30.56,TRADE
VIC1,2025-02-17 09:55:00,2851.43,-31.5,TRADE
VIC1,2025-02-17 10:00:00,2905.13,-30.92,TRADE
VIC1,2025-02-17 10:05:00,2932.49,-31.14,TRADE
VIC1,2025-02-17 10:10:00,2680.42,-31.42,TRADE
VIC1,2025-02-17 10:15:00,2732.04,-33.11,TRADE
VIC1,2025-02-17 10:20:00,2715.89,-32.22,TRADE
VIC1,2025-02-17 10:25:00,2627.98,-33.26,TRADE
VIC1,2025-02-17 10:30:00,2677.0,-33.76,TRADE
VIC1,2025-02-17 10:35:00,2594.31,-33.08,TRADE
VIC1,2025-02-17 10:40:00,2675.35,-33.45,TRADE
VIC1,2025-02-17 10:45:00,2534.51,-32.82,TRADE
VIC1,2025-02-17 10:50:00,2497.91,-31.84,TRADE
VIC1,2025-02-17 10:55:00,2477.35,-31.63,TRADE
VIC1,2025-02-17 11:00:00,2531.88,-31.49,TRADE
VIC1,2025-02-17 11:05:00,2437.52,-30.43,TRADE
VIC1,2025-02-17 11:10:00,2422.82,-32.67,TRADE
VIC1,2025-02-17 11:15:00,2513.66,-31.84,TRADE
VIC1,2025-02-17 11:20:00,2416.38,-29.44,TRADE
VIC1,2025-02-17 11:25:00,2397.95,-27.89,TRADE
VIC1,2025-02-17 11:30:00,2300.3,-27.96,TRADE
VIC1,2025-02-17 11:35:00,2357.37,-27.69,TRADE
VIC1,2025-02-17 11:40:00,2365.23,-27.43,TRADE
VIC1,2025-02-17 11:45:00,2311.25,-28.15,TRADE
VIC1,2025-02-17 11:50:00,2211.48,-28.18,TRADE
VIC1,2025-02-17 11:55:00,2176.73,-27.37,TRADE
VIC1,2025-02-17 12:00:00,2179.41,-28.45,TRADE
VIC1,2025-02-17 12:05:00,2289.23,-27.1,TRADE
VIC1,2025-02-17 12:10:00,2199.21,-26.42,TRADE
VIC1,2025-02-17 12:15:00,2241.07,-26.32,TRADE
VIC1,2025-02-17 12:20:00,2316.93,-26.68,TRADE
VIC1,2025-02-17 12:25:00,2334.36,-26.4,TRADE
VIC1,2025-02-17 12:30:00,2293.29,-26.43,TRADE
VIC1,2025-02-17 12:35:00,2278.66,-26.19,TRADE
VIC1,2025-02-17 12:40:00,2234.78,-26.76,TRADE
VIC1,2025-02-17 12:45:00,2376.15,-26.89,TRADE
VIC1,2025-02-17 12:50:00,2278.13,-26.2,TRADE
VIC1,2025-02-17 12:55:00,2267.5,-26.86,TRADE
VIC1,2025-02-17 13:00:00,2360.43,-26.65,TRADE
VIC1,2025-02-17 13:05:00,2370.75,-27.54,TRADE
VIC1,2025-02-17 13:10:00,2352.71,-29.0,TRADE
VIC1,2025-02-17 13:15:00,2426.09,-27.71,TRADE
VIC1,2025-02-17 13:20:00,2425.13,-27.84,TRADE
VIC1,2025-02-17 13:25:00,2459.58,-26.95,TRADE
VIC1,2025-02-17 13:30:00,2348.83,-27.45,TRADE
VIC1,2025-02-17 13:35:00,2322.33,-27.43,TRADE
VIC1,2025-02-17 13:40:00,2431.96,-27.92,TRADE
VIC1,2025-02-17 13:45:00,2365.79,-28.15,TRADE
VIC1,2025-02-17 13:50:00,2336.35,-19.74,TRADE
VIC1,2025-02-17 13:55:00,2325.03,-20.05,TRADE
VIC1,2025-02-17 14:00:00,2172.32,-20.19,TRADE
VIC1,2025-02-17 14:05:00,2243.57,-19.84,TRADE
VIC1,2025-02-17 14:10:00,2245.49,-20.52,TRADE
VIC1,2025-02-17 14:15:00,2291.94,-13.61,TRADE
VIC1,2025-02-17 14:20:00,2173.87,-3.6,TRADE
VIC1,2025-02-17 14:25:00,2182.18,-19.87,TRADE
VIC1,2025-02-17 14:30:00,2361.15,-6.36,TRADE
VIC1,2025-02-17 14:35:00,2353.29,-15.62,TRADE
VIC1,2025-02-17 14:40:00,2371.06,-30.86,TRADE
VIC1,2025-02-17 14:45:00,2456.96,-20.19,TRADE
VIC1,2025-02-17 14:50:00,2498.58,-15.62,TRADE
VIC1,2025-02-17 14:55:00,2490.75,-15.62,TRADE
VIC1,2025-02-17 15:00:00,2422.36,-15.62,TRADE
VIC1,2025-02-17 15:05:00,2505.87,-32.2,TRADE
VIC1,2025-02-17 15:10:00,2595.98,-17.88,TRADE
VIC1,2025-02-17 15:15:00,2685.66,-15.62,TRADE
VIC1,2025-02-17 15:20:00,2757.24,-18.47,TRADE
VIC1,2025-02-17 15:25:00,2926.82,0.0,TRADE
VIC1,2025-02-17 15:30:00,2821.47,8.95,TRADE
VIC1,2025-02-17 15:35:00,2855.8,27.46,TRADE
VIC1,2025-02-17 15:40:00,2899.39,33.0,TRADE
VIC1,2025-02-17 15:45:00,2903.32,-10.05,TRADE
VIC1,2025-02-17 15:50:00,3040.59,77.05,TRADE
VIC1,2025-02-17 15:55:00,3094.27,30.23,TRADE
VIC1,2025-02-17 16:00:00,3197.69,82.34,TRADE
VIC1,2025-02-17 16:05:00,3271.32,14.44,TRADE
VIC1,2025-02-17 16:10:00,3263.39,0.0,TRADE
VIC1,2025-02-17 16:15:00,3373.11,9.03,TRADE
VIC1,2025-02-17 16:20:00,3425.38,12.0,TRADE
VIC1,2025-02-17 16:25:00,3582.48,8.95,TRADE
VIC1,2025-02-17 16:30:00,3752.25,30.77,TRADE
VIC1,2025-02-17 16:35:00,3707.91,8.95,TRADE
VIC1,2025-02-17 16:40:00,3803.88,12.0,TRADE
VIC1,2025-02-17 16:45:00,4005.7,28.83,TRADE
VIC1,2025-02-17 16:50:00,4058.83,33.0,TRADE
VIC1,2025-02-17 16:55:00,4013.08,33.0,TRADE
VIC1,2025-02-17 17:00:00,4089.56,59.0,TRADE
VIC1,2025-02-17 17:05:00,4126.04,59.0,TRADE
VIC1,2025-02-17 17:10:00,4130.9,50.07,TRADE
VIC1,2025-02-17 17:15:00,4195.97,49.85,TRADE
VIC1,2025-02-17 17:20:00,4184.13,59.39,TRADE
VIC1,2025-02-17 17:25:00,4342.98,77.84,TRADE
VIC1,2025-02-17 17:30:00,4445.43,80.11,TRADE
VIC1,2025-02-17 17:35:00,4501.76,79.27,TRADE
VIC1,2025-02-17 17:40:00,4589.01,98.3,TRADE
VIC1,2025-02-17 17:45:00,4676.97,111.88,TRADE
VIC1,2025-02-17 17:50:00,4807.72,150.8,TRADE
VIC1,2025-02-17 17:55:00,4822.75,160.0,TRADE
VIC1,2025-02-17 18:00:00,4856.64,160.0,TRADE
VIC1,2025-02-17 18:05:00,4910.57,130.16,TRADE
VIC1,2025-02-17 18:10:00,5051.14,160.0,TRADE
VIC1,2025-02-17 18:15:00,5138.76,144.82,TRADE
VIC1,2025-02-17 18:20:00,5253.44,160.0,TRADE
VIC1,2025-02-17 18:25:00,5306.04,160.0,TRADE
VIC1,2025-02-17 18:30:00,5353.92,223.37,TRADE
VIC1,2025-02-17 18:35:00,5510.76,160.0,TRADE
VIC1,2025-02-17 18:40:00,5467.38,160.0,TRADE
VIC1,2025-02-17 18:45:00,5459.86,149.81,TRADE
VIC1,2025-02-17 18:50:00,5582.89,160.0,TRADE
VIC1,2025-02-17 18:55:00,5587.81,157.57,TRADE
VIC1,2025-02-17 19:00:00,5503.19,144.25,TRADE
VIC1,2025-02-17 19:05:00,5566.67,144.4,TRADE
VIC1,2025-02-17 19:10:00,5574.06,146.71,TRADE
VIC1,2025-02-17 19:15:00,5520.7,138.57,TRADE
VIC1,2025-02-17 19:20:00,5578.16,148.02,TRADE
VIC1,2025-02-17 19:25:00,5465.18,130.26,TRADE
VIC1,2025-02-17 19:30:00,5485.72,147.71,TRADE
VIC1,2025-02-17 19:35:00,5540.15,151.86,TRADE
VIC1,2025-02-17 19:40:00,5540.84,146.9,TRADE
VIC1,2025-02-17 19:45:00,5432.53,135.82,TRADE
VIC1,2025-02-17 19:50:00,5481.16,148.4,TRADE
VIC1,2025-02-17 19:55:00,5459.71,147.99,TRADE
VIC1,2025-02-17 20:00:00,5423.68,148.4,TRADE
VIC1,2025-02-17 20:05:00,5287.17,139.86,TRADE
VIC1,2025-02-17 20:10:00,5239.91,136.3,TRADE
VIC1,2025-02-17 20:15:00,5206.96,136.55,TRADE
VIC1,2025-02-17 20:20:00,5267.61,144.31,TRADE
VIC1,2025-02-17 20:25:00,5217.55,136.23,TRADE
VIC1,2025-02-17 20:30:00,5115.64,120.0,TRADE
VIC1,2025-02-17 20:35:00,5148.66,120.0,TRADE
VIC1,2025-02-17 20:40:00,5109.98,120.0,TRADE
VIC1,2025-02-17 20:45:00,5105.78,120.0,TRADE
VIC1,2025-02-17 20:50:00,5039.87,120.0,TRADE
VIC1,2025-02-17 20:55:00,4998.49,118.79,TRADE
VIC1,2025-02-17 21:00:00,5041.75,119.63,TRADE
VIC1,2025-02-17 21:05:00,4909.68,115.1,TRADE
VIC1,2025-02-17 21:10:00,4957.09,120.0,TRADE
VIC1,2025-02-17 21:15:00,4875.29,118.48,TRADE
VIC1,2025-02-17 21:20:00,4900.26,119.8,TRADE
VIC1,2025-02-17 21:25:00,4854.42,118.95,TRADE
VIC1,2025-02-17 21:30:00,4835.5,118.95,TRADE
VIC1,2025-02-17 21:35:00,4706.33,119.0,TRADE
VIC1,2025-02-17 21:40:00,4744.45,122.51,TRADE
VIC1,2025-02-17 21:45:00,4719.46,120.58,TRADE
VIC1,2025-02-17 21:50:00,4731.67,141.85,TRADE
VIC1,2025-02-17 21:55:00,4671.21,120.0,TRADE
VIC1,2025-02-17 22:00:00,4604.27,120.0,TRADE
VIC1,2025-02-17 22:05:00,4590.31,121.27,TRADE
VIC1,2025-02-17 22:10:00,4638.38,120.0,TRADE
VIC1,2025-02-17 22:15:00,4648.77,120.89,TRADE
VIC1,2025-02-17 22:20:00,4527.62,119.81,TRADE
VIC1,2025-02-17 22:25:00,4515.85,120.0,TRADE
VIC1,2025-02-17 22:30:00,4547.55,120.68,TRADE
VIC1,2025-02-17 22:35:00,4601.14,129.21,TRADE
VIC1,2025-02-17 22:40:00,4633.78,130.51,TRADE
VIC1,2025-02-17 22:45:00,4574.28,119.68,TRADE
VIC1,2025-02-17 22:50:00,4528.92,116.85,TRADE
VIC1,2025-02-17 22:55:00,4552.24,117.15,TRADE
VIC1,2025-02-17 23:00:00,4562.08,108.03,TRADE
VIC1,2025-02-17 23:05:00,4511.24,114.77,TRADE
VIC1,2025-02-17 23:10:00,4648.11,115.95,TRADE
VIC1,2025-02-17 23:15:00,4730.1,118.04,TRADE
VIC1,2025-02-17 23:20:00,4799.74,126.87,TRADE
VIC1,2025-02-17 23:25:00,4783.51,119.0,TRADE
VIC1,2025-02-17 23:30:00,4716.06,116.85,TRADE
VIC1,2025-02-17 23:35:00,4739.62,124.59,TRADE
VIC1,2025-02-17 23:40:00,4653.6,122.11,TRADE
VIC1,2025-02-17 23:45:00,4594.13,118.0,TRADE
VIC1,2025-02-17 23:50:00,4502.47,115.65,TRADE
VIC1,2025-02-17 23:55:00,4458.78,105.85,TRADE
VIC1,2025-02-18 00:00:00,4447.55,104.64,TRADE
VIC1,2025-02-18 00:05:00,4522.71,124.55,TRADE
VIC1,2025-02-18 00:10:00,4536.39,125.6,TRADE
VIC1,2025-02-18 00:15:00,4443.06,124.43,TRADE
VIC1,2025-02-18 00:20:00,4425.37,123.81,TRADE
VIC1,2025-02-18 00:25:00,4402.77,123.82,TRADE
VIC1,2025-02-18 00:30:00,4376.92,123.81,TRADE
VIC1,2025-02-18 00:35:00,4397.14,125.98,TRADE
VIC1,2025-02-18 00:40:00,4320.25,123.81,TRADE
VIC1,2025-02-18 00:45:00,4313.36,124.4,TRADE
VIC1,2025-02-18 00:50:00,4409.3,125.89,TRADE
VIC1,2025-02-18 00:55:00,4403.25,125.64,TRADE
VIC1,2025-02-18 01:00:00,4371.66,125.72,TRADE
VIC1,2025-02-18 01:05:00,4383.17,151.35,TRADE
VIC1,2025-02-18 01:10:00,4348.16,206.54,TRADE
VIC1,2025-02-18 01:15:00,4363.25,157.47,TRADE
VIC1,2025-02-18 01:20:00,4270.91,145.47,TRADE
VIC1,2025-02-18 01:25:00,4212.76,131.02,TRADE
VIC1,2025-02-18 01:30:00,4228.29,132.72,TRADE
VIC1,2025-02-18 01:35:00,4224.56,126.19,TRADE
VIC1,2025-02-18 01:40:00,4194.7,122.44,TRADE
VIC1,2025-02-18 01:45:00,4274.27,130.92,TRADE
VIC1,2025-02-18 01:50:00,4285.96,130.69,TRADE
VIC1,2025-02-18 01:55:00,4261.76,130.85,TRADE
VIC1,2025-02-18 02:00:00,4232.36,132.3,TRADE
VIC1,2025-02-18 02:05:00,4169.31,118.35,TRADE
VIC1,2025-02-18 02:10:00,4216.24,133.08,TRADE
VIC1,2025-02-18 02:15:00,4266.28,132.19,TRADE
VIC1,2025-02-18 02:20:00,4171.91,116.25,TRADE
VIC1,2025-02-18 02:25:00,4249.35,117.73,TRADE
VIC1,2025-02-18 02:30:00,4249.54,118.62,TRADE
VIC1,2025-02-18 02:35:00,4222.51,118.35,TRADE
VIC1,2025-02-18 02:40:00,4165.56,113.14,TRADE
VIC1,2025-02-18 02:45:00,4283.99,117.46,TRADE
VIC1,2025-02-18 02:50:00,4192.33,113.43,TRADE
VIC1,2025-02-18 02:55:00,4156.66,111.9,TRADE
VIC1,2025-02-18 03:00:00,4129.08,113.14,TRADE
VIC1,2025-02-18 03:05:00,4166.95,118.66,TRADE
VIC1,2025-02-18 03:10:00,4159.23,130.31,TRADE
VIC1,2025-02-18 03:15:00,4184.29,133.09,TRADE
VIC1,2025-02-18 03:20:00,4202.5,129.31,TRADE
VIC1,2025-02-18 03:25:00,4171.07,125.97,TRADE
VIC1,2025-02-18 03:30:00,4175.83,119.3,TRADE
VIC1,2025-02-18 03:35:00,4109.5,117.15,TRADE
VIC1,2025-02-18 03:40:00,4133.72,118.25,TRADE
VIC1,2025-02-18 03:45:00,4137.86,119.33,TRADE
VIC1,2025-02-18 03:50:00,4216.43,124.24,TRADE
VIC1,2025-02-18 03:55:00,4205.65,118.93,TRADE
VIC1,2025-02-18 04:00:00,4204.13,127.71,TRADE
VIC1,2025-02-18 04:05:00,4312.69,133.62,TRADE
VIC1,2025-02-18 04:10:00,4332.87,134.22,TRADE
VIC1,2025-02-18 04:15:00,4346.7,155.49,TRADE
VIC1,2025-02-18 04:20:00,4392.26,155.23,TRADE
VIC1,2025-02-18 04:25:00,4386.22,132.72,TRADE
VIC1,2025-02-18 04:30:00,4382.01,131.97,TRADE
VIC1,2025-02-18 04:35:00,4333.97,121.39,TRADE
VIC1,2025-02-18 04:40:00,4348.9,120.0,TRADE
VIC1,2025-02-18 04:45:00,4344.08,106.09,TRADE
VIC1,2025-02-18 04:50:00,4453.95,110.35,TRADE
VIC1,2025-02-18 04:55:00,4558.62,124.55,TRADE
VIC1,2025-02-18 05:00:00,4602.41,124.92,TRADE
VIC1,2025-02-18 05:05:00,4556.4,109.16,TRADE
VIC1,2025-02-18 05:10:00,4750.89,126.25,TRADE
VIC1,2025-02-18 05:15:00,4826.68,127.85,TRADE
VIC1,2025-02-18 05:20:00,4893.67,140.42,TRADE
VIC1,2025-02-18 05:25:00,4951.9,151.11,TRADE
VIC1,2025-02-18 05:30:00,4933.03,151.89,TRADE
VIC1,2025-02-18 05:35:00,4956.78,140.75,TRADE
VIC1,2025-02-18 05:40:00,5079.95,160.0,TRADE
VIC1,2025-02-18 05:45:00,5143.3,167.82,TRADE
VIC1,2025-02-18 05:50:00,5120.26,181.34,TRADE
VIC1,2025-02-18 05:55:00,5280.16,218.73,TRADE
VIC1,2025-02-18 06:00:00,5282.64,216.31,TRADE
VIC1,2025-02-18 06:05:00,5319.18,169.32,TRADE
VIC1,2025-02-18 06:10:00,5369.6,156.0,TRADE
VIC1,2025-02-18 06:15:00,5355.04,159.79,TRADE
VIC1,2025-02-18 06:20:00,5438.59,139.34,TRADE
VIC1,2025-02-18 06:25:00,5420.03,150.72,TRADE
VIC1,2025-02-18 06:30:00,5464.15,137.64,TRADE
VIC1,2025-02-18 06:35:00,5389.34,127.39,TRADE
VIC1,2025-02-18 06:40:00,5347.69,122.84,TRADE
VIC1,2025-02-18 06:45:00,5316.62,136.16,TRADE
VIC1,2025-02-18 06:50:00,5192.47,111.98,TRADE
VIC1,2025-02-18 06:55:00,5114.22,100.01,TRADE
VIC1,2025-02-18 07:00:00,5101.4,100.01,TRADE
VIC1,2025-02-18 07:05:00,4972.44,104.24,TRADE
VIC1,2025-02-18 07:10:00,4770.82,86.87,TRADE
VIC1,2025-02-18 07:15:00,4686.02,79.0,TRADE
VIC1,2025-02-18 07:20:00,4650.39,76.73,TRADE
VIC1,2025-02-18 07:25:00,4611.89,59.0,TRADE
VIC1,2025-02-18 07:30:00,4465.8,12.0,TRADE
VIC1,2025-02-18 07:35:00,4410.62,35.03,TRADE
VIC1,2025-02-18 07:40:00,4303.34,4.85,TRADE
VIC1,2025-02-18 07:45:00,4259.15,98.42,TRADE
VIC1,2025-02-18 07:50:00,4217.67,9.0,TRADE
VIC1,2025-02-18 07:55:00,4183.09,8.95,TRADE
VIC1,2025-02-18 08:00:00,4094.09,0.0,TRADE
VIC1,2025-02-18 08:05:00,4088.27,9.0,TRADE
VIC1,2025-02-18 08:10:00,3986.84,8.95,TRADE
VIC1,2025-02-18 08:15:00,3898.25,9.0,TRADE
VIC1,2025-02-18 08:20:00,3912.9,-20.0,TRADE
VIC1,2025-02-18 08:25:00,3751.76,-25.42,TRADE
VIC1,2025-02-18 08:30:00,3669.91,-25.64,TRADE
VIC1,2025-02-18 08:35:00,3633.1,-28.39,TRADE
VIC1,2025-02-18 08:40:00,3532.01,-29.73,TRADE
VIC1,2025-02-18 08:45:00,3393.91,-30.28,TRADE
VIC1,2025-02-18 08:50:00,3353.43,-31.63,TRADE
VIC1,2025-02-18 08:55:00,3346.75,-30.12,TRADE
VIC1,2025-02-18 09:00:00,3274.05,-29.0,TRADE
VIC1,2025-02-18 09:05:00,3254.48,-29.06,TRADE
VIC1,2025-02-18 09:10:00,3265.0,-28.46,TRADE
VIC1,2025-02-18 09:15:00,3206.69,-26.92,TRADE
VIC1,2025-02-18 09:20:00,3103.04,-26.38,TRADE
VIC1,2025-02-18 09:25:00,3040.15,-26.06,TRADE
VIC1,2025-02-18 09:30:00,2983.73,-27.54,TRADE
VIC1,2025-02-18 09:35:00,2977.64,-26.26,TRADE
VIC1,2025-02-18 09:40:00,2896.2,-24.96,TRADE
VIC1,2025-02-18 09:45:00,2819.94,-24.63,TRADE
VIC1,2025-02-18 09:50:00,2740.68,-26.28,TRADE
VIC1,2025-02-18 09:55:00,2735.72,-25.44,TRADE
VIC1,2025-02-18 10:00:00,2775.91,-26.55,TRADE
VIC1,2025-02-18 10:05:00,2787.0,-25.19,TRADE
VIC1,2025-02-18 10:10:00,2760.01,-25.61,TRADE
VIC1,2025-02-18 10:15:00,2765.26,-25.18,TRADE
VIC1,2025-02-18 10:20:00,2752.08,-26.29,TRADE
VIC1,2025-02-18 10:25:00,2736.65,-27.22,TRADE
VIC1,2025-02-18 10:30:00,2718.79,-26.98,TRADE
VIC1,2025-02-18 10:35:00,2744.74,-29.0,TRADE
VIC1,2025-02-18 10:40:00,2779.33,-30.63,TRADE
VIC1,2025-02-18 10:45:00,2724.13,-29.0,TRADE
VIC1,2025-02-18 10:50:00,2752.69,-31.97,TRADE
VIC1,2025-02-18 10:55:00,2677.67,-33.04,TRADE
VIC1,2025-02-18 11:00:00,2697.29,-34.24,TRADE
VIC1,2025-02-18 11:05:00,2707.16,-32.08,TRADE
VIC1,2025-02-18 11:10:00,2674.05,-31.59,TRADE
VIC1,2025-02-18 11:15:00,2788.63,-30.86,TRADE
VIC1,2025-02-18 11:20:00,2656.82,-34.93,TRADE
VIC1,2025-02-18 11:25:00,2680.17,-30.75,TRADE
VIC1,2025-02-18 11:30:00,2667.2,-32.63,TRADE
VIC1,2025-02-18 11:35:00,2780.31,-30.47,TRADE
VIC1,2025-02-18 11:40:00,2773.62,-26.86,TRADE
VIC1,2025-02-18 11:45:00,2771.84,-30.75,TRADE
VIC1,2025-02-18 11:50:00,2862.64,-29.0,TRADE
VIC1,2025-02-18 11:55:00,2878.37,-30.75,TRADE
VIC1,2025-02-18 12:00:00,2864.79,-30.75,TRADE
VIC1,2025-02-18 12:05:00,2895.62,-29.0,TRADE
VIC1,2025-02-18 12:10:00,2935.33,-29.23,TRADE
VIC1,2025-02-18 12:15:00,3007.27,-29.61,TRADE
VIC1,2025-02-18 12:20:00,3101.17,-25.77,TRADE
VIC1,2025-02-18 12:25:00,3071.91,-25.24,TRADE
VIC1,2025-02-18 12:30:00,3140.86,-26.13,TRADE
VIC1,2025-02-18 12:35:00,3167.4,-26.04,TRADE
VIC1,2025-02-18 12:40:00,3219.35,-25.57,TRADE
VIC1,2025-02-18 12:45:00,3243.48,-26.23,TRADE
VIC1,2025-02-18 12:50:00,3321.08,-26.85,TRADE
VIC1,2025-02-18 12:55:00,3378.03,-25.38,TRADE
VIC1,2025-02-18 13:00:00,3341.61,-24.94,TRADE
VIC1,2025-02-18 13:05:00,3353.36,-36.75,TRADE
VIC1,2025-02-18 13:10:00,3137.01,-21.73,TRADE
VIC1,2025-02-18 13:15:00,3069.3,-23.0,TRADE
VIC1,2025-02-18 13:20:00,3079.38,-28.63,TRADE
VIC1,2025-02-18 13:25:00,3036.49,-23.7,TRADE
VIC1,2025-02-18 13:30:00,3088.74,-23.79,TRADE
VIC1,2025-02-18 13:35:00,3153.07,-24.07,TRADE
VIC1,2025-02-18 13:40:00,3240.51,-24.94,TRADE
VIC1,2025-02-18 13:45:00,3503.07,-30.75,TRADE
VIC1,2025-02-18 13:50:00,3273.19,-23.13,TRADE
VIC1,2025-02-18 13:55:00,3191.75,-25.38,TRADE
VIC1,2025-02-18 14:00:00,3238.8,-31.32,TRADE
VIC1,2025-02-18 14:05:00,3236.36,-31.5,TRADE
VIC1,2025-02-18 14:10:00,3308.77,-39.49,TRADE
VIC1,2025-02-18 14:15:00,3337.76,-31.5,TRADE
VIC1,2025-02-18 14:20:00,3337.94,-31.5,TRADE
VIC1,2025-02-18 14:25:00,3367.69,-34.67,TRADE
VIC1,2025-02-18 14:30:00,3440.37,-31.5,TRADE
VIC1,2025-02-18 14:35:00,3537.99,-30.75,TRADE
VIC1,2025-02-18 14:40:00,3573.41,-21.0,TRADE
VIC1,2025-02-18 14:45:00,3559.31,-26.73,TRADE
VIC1,2025-02-18 14:50:00,3660.67,-21.0,TRADE
VIC1,2025-02-18 14:55:00,3566.3,-32.2,TRADE
VIC1,2025-02-18 15:00:00,3651.0,-31.5,TRADE
VIC1,2025-02-18 15:05:00,3715.34,-32.2,TRADE
VIC1,2025-02-18 15:10:00,3662.07,-45.05,TRADE
VIC1,2025-02-18 15:15:00,3681.88,-45.34,TRADE
VIC1,2025-02-18 15:20:00,3717.37,-59.47,TRADE
VIC1,2025-02-18 15:25:00,3782.92,-59.47,TRADE
VIC1,2025-02-18 15:30:00,3912.26,-45.05,TRADE
VIC1,2025-02-18 15:35:00,4015.47,-51.01,TRADE
VIC1,2025-02-18 15:40:00,4013.49,-59.47,TRADE
VIC1,2025-02-18 15:45:00,4087.49,-50.08,TRADE
VIC1,2025-02-18 15:50:00,4159.9,-45.05,TRADE
VIC1,2025-02-18 15:55:00,4168.85,-59.47,TRADE
VIC1,2025-02-18 16:00:00,4249.4,-36.75,TRADE
VIC1,2025-02-18 16:05:00,4308.78,-31.5,TRADE
VIC1,2025-02-18 16:10:00,3988.89,-32.63,TRADE
VIC1,2025-02-18 16:15:00,3955.97,-32.2,TRADE
VIC1,2025-02-18 16:20:00,4013.87,-31.5,TRADE
VIC1,2025-02-18 16:25:00,4082.22,-31.5,TRADE
VIC1,2025-02-18 16:30:00,4154.27,-21.0,TRADE
VIC1,2025-02-18 16:35:00,4192.78,-20.19,TRADE
VIC1,2025-02-18 16:40:00,4246.16,-19.68,TRADE
VIC1,2025-02-18 16:45:00,4233.56,-21.0,TRADE
VIC1,2025-02-18 16:50:00,4245.0,-17.06,TRADE
VIC1,2025-02-18 16:55:00,4206.94,8.95,TRADE
VIC1,2025-02-18 17:00:00,4325.01,8.95,TRADE
VIC1,2025-02-18 17:05:00,4320.57,-31.5,TRADE
VIC1,2025-02-18 17:10:00,4312.22,-39.49,TRADE
VIC1,2025-02-18 17:15:00,4520.97,-31.5,TRADE
VIC1,2025-02-18 17:20:00,4575.12,-32.2,TRADE
VIC1,2025-02-18 17:25:00,4732.42,8.95,TRADE
VIC1,2025-02-18 17:30:00,4774.35,8.95,TRADE
VIC1,2025-02-18 17:35:00,4899.82,8.95,TRADE
VIC1,2025-02-18 17:40:00,4941.51,8.95,TRADE
VIC1,2025-02-18 17:45:00,5047.87,23.28,TRADE
VIC1,2025-02-18 17:50:00,5098.88,12.0,TRADE
VIC1,2025-02-18 17:55:00,5213.89,12.0,TRADE
VIC1,2025-02-18 18:00:00,5097.31,104.83,TRADE
VIC1,2025-02-18 18:05:00,5168.8,69.26,TRADE
VIC1,2025-02-18 18:10:00,5244.29,87.85,TRADE
VIC1,2025-02-18 18:15:00,5252.56,87.85,TRADE
VIC1,2025-02-18 18:20:00,5261.25,9.74,TRADE
VIC1,2025-02-18 18:25:00,5203.35,12.84,TRADE
VIC1,2025-02-18 18:30:00,5216.09,0.0,TRADE
VIC1,2025-02-18 18:35:00,5152.74,9.0,TRADE
VIC1,2025-02-18 18:40:00,5166.15,0.0,TRADE
VIC1,2025-02-18 18:45:00,5144.88,-6.01,TRADE
VIC1,2025-02-18 18:50:00,5087.27,0.0,TRADE
VIC1,2025-02-18 18:55:00,5211.51,0.0,TRADE
VIC1,2025-02-18 19:00:00,5223.31,8.95,TRADE
VIC1,2025-02-18 19:05:00,5195.18,79.0,TRADE
VIC1,2025-02-18 19:10:00,5263.71,111.88,TRADE
VIC1,2025-02-18 19:15:00,5341.47,120.0,TRADE
VIC1,2025-02-18 19:20:00,5320.38,120.0,TRADE
VIC1,2025-02-18 19:25:00,5399.75,116.5,TRADE
VIC1,2025-02-18 19:30:00,5399.09,112.79,TRADE
VIC1,2025-02-18 19:35:00,5365.26,112.8,TRADE
VIC1,2025-02-18 19:40:00,5412.52,113.65,TRADE
VIC1,2025-02-18 19:45:00,5367.14,111.88,TRADE
VIC1,2025-02-18 19:50:00,5355.2,113.08,TRADE
VIC1,2025-02-18 19:55:00,5346.16,111.88,TRADE
VIC1,2025-02-18 20:00:00,5315.33,106.45,TRADE
VIC1,2025-02-18 20:05:00,5253.38,110.39,TRADE
VIC1,2025-02-18 20:10:00,5232.95,111.74,TRADE
VIC1,2025-02-18 20:15:00,5175.15,89.05,TRADE
VIC1,2025-02-18 20:20:00,5138.65,90.37,TRADE
VIC1,2025-02-18 20:25:00,5157.0,87.85,TRADE
VIC1,2025-02-18 20:30:00,5122.63,90.1,TRADE
VIC1,2025-02-18 20:35:00,5078.33,87.85,TRADE
VIC1,2025-02-18 20:40:00,5068.68,88.99,TRADE
VIC1,2025-02-18 20:45:00,4962.79,87.85,TRADE
VIC1,2025-02-18 20:50:00,4917.46,83.48,TRADE
VIC1,2025-02-18 20:55:00,4865.77,87.85,TRADE
VIC1,2025-02-18 21:00:00,4779.82,81.0,TRADE
VIC1,2025-02-18 21:05:00,4767.35,88.98,TRADE
VIC1,2025-02-18 21:10:00,4780.99,94.47,TRADE
VIC1,2025-02-18 21:15:00,4734.45,91.11,TRADE
VIC1,2025-02-18 21:20:00,4698.91,86.1,TRADE
VIC1,2025-02-18 21:25:00,4718.08,87.85,TRADE
VIC1,2025-02-18 21:30:00,4632.84,82.44,TRADE
VIC1,2025-02-18 21:35:00,4641.12,84.81,TRADE
VIC1,2025-02-18 21:40:00,4564.54,87.96,TRADE
VIC1,2025-02-18 21:45:00,4530.16,87.85,TRADE
VIC1,2025-02-18 21:50:00,4481.52,86.44,TRADE
VIC1,2025-02-18 21:55:00,4455.03,85.84,TRADE
VIC1,2025-02-18 22:00:00,4353.7,79.0,TRADE
VIC1,2025-02-18 22:05:00,4356.21,88.55,TRADE
VIC1,2025-02-18 22:10:00,4389.54,91.62,TRADE
VIC1,2025-02-18 22:15:00,4412.14,90.27,TRADE
VIC1,2025-02-18 22:20:00,4374.41,88.23,TRADE
VIC1,2025-02-18 22:25:00,4351.81,87.85,TRADE
VIC1,2025-02-18 22:30:00,4350.25,79.0,TRADE
VIC1,2025-02-18 22:35:00,4316.44,79.2,TRADE
VIC1,2025-02-18 22:40:00,4341.12,86.31,TRADE
VIC1,2025-02-18 22:45:00,4292.24,83.16,TRADE
VIC1,2025-02-18 22:50:00,4293.93,83.19,TRADE
VIC1,2025-02-18 22:55:00,4265.26,79.0,TRADE
VIC1,2025-02-18 23:00:00,4280.39,82.62,TRADE
VIC1,2025-02-18 23:05:00,4354.23,91.82,TRADE
VIC1,2025-02-18 23:10:00,4446.38,92.91,TRADE
VIC1,2025-02-18 23:15:00,4459.25,84.84,TRADE
VIC1,2025-02-18 23:20:00,4470.62,86.07,TRADE
VIC1,2025-02-18 23:25:00,4481.79,84.91,TRADE
VIC1,2025-02-18 23:30:00,4450.94,88.0,TRADE
VIC1,2025-02-18 23:35:00,4427.64,88.41,TRADE
VIC1,2025-02-18 23:40:00,4438.02,89.83,TRADE
VIC1,2025-02-18 23:45:00,4392.72,86.48,TRADE
VIC1,2025-02-18 23:50:00,4366.91,79.0,TRADE
VIC1,2025-02-18 23:55:00,4281.14,79.0,TRADE
VIC1,2025-02-19 00:00:00,4305.29,79.0,TRADE
VIC1,2025-02-19 00:05:00,4294.33,79.0,TRADE
VIC1,2025-02-19 00:10:00,4273.64,87.92,TRADE
VIC1,2025-02-19 00:15:00,4239.34,79.0,TRADE
VIC1,2025-02-19 00:20:00,4183.9,79.0,TRADE
VIC1,2025-02-19 00:25:00,4163.27,79.05,TRADE
VIC1,2025-02-19 00:30:00,4102.36,79.0,TRADE
VIC1,2025-02-19 00:35:00,4092.58,79.0,TRADE
VIC1,2025-02-19 00:40:00,4089.56,79.0,TRADE
VIC1,2025-02-19 00:45:00,4094.96,79.0,TRADE
VIC1,2025-02-19 00:50:00,4069.08,79.0,TRADE
VIC1,2025-02-19 00:55:00,4039.94,79.0,TRADE
VIC1,2025-02-19 01:00:00,4005.72,76.91,TRADE
VIC1,2025-02-19 01:05:00,3993.43,78.32,TRADE
VIC1,2025-02-19 01:10:00,4002.74,78.36,TRADE
VIC1,2025-02-19 01:15:00,3993.86,69.31,TRADE
VIC1,2025-02-19 01:20:00,3971.75,68.37,TRADE
VIC1,2025-02-19 01:25:00,4009.1,68.9,TRADE
VIC1,2025-02-19 01:30:00,3961.03,66.98,TRADE
VIC1,2025-02-19 01:35:00,3935.13,66.45,TRADE
VIC1,2025-02-19 01:40:00,3929.24,70.93,TRADE
VIC1,2025-02-19 01:45:00,3900.22,65.92,TRADE
VIC1,2025-02-19 01:50:00,3879.8,65.31,TRADE
VIC1,2025-02-19 01:55:00,3890.41,64.87,TRADE
VIC1,2025-02-19 02:00:00,3903.29,64.33,TRADE
VIC1,2025-02-19 02:05:00,3885.36,64.71,TRADE
VIC1,2025-02-19 02:10:00,3897.16,54.38,TRADE
VIC1,2025-02-19 02:15:00,3860.33,54.45,TRADE
VIC1,2025-02-19 02:20:00,3796.12,9.0,TRADE
VIC1,2025-02-19 02:25:00,3691.89,9.0,TRADE
VIC1,2025-02-19 02:30:00,3551.98,8.02,TRADE
VIC1,2025-02-19 02:35:00,3479.44,0.0,TRADE
VIC1,2025-02-19 02:40:00,3511.99,8.95,TRADE
VIC1,2025-02-19 02:45:00,3505.73,9.0,TRADE
VIC1,2025-02-19 02:50:00,3472.44,8.95,TRADE
VIC1,2025-02-19 02:55:00,3467.27,0.0,TRADE
VIC1,2025-02-19 03:00:00,3473.32,0.0,TRADE
VIC1,2025-02-19 03:05:00,3513.43,-6.01,TRADE
VIC1,2025-02-19 03:10:00,3543.59,0.0,TRADE
VIC1,2025-02-19 03:15:00,3503.02,-6.01,TRADE
VIC1,2025-02-19 03:20:00,3518.76,-5.86,TRADE
VIC1,2025-02-19 03:25:00,3527.2,-5.86,TRADE
VIC1,2025-02-19 03:30:00,3538.06,8.95,TRADE
VIC1,2025-02-19 03:35:00,3622.74,12.0,TRADE
VIC1,2025-02-19 03:40:00,3599.89,9.0,TRADE
VIC1,2025-02-19 03:45:00,3636.54,8.3,TRADE
VIC1,2025-02-19 03:50:00,3608.82,8.35,TRADE
VIC1,2025-02-19 03:55:00,3656.94,8.95,TRADE
VIC1,2025-02-19 04:00:00,3677.32,9.0,TRADE
VIC1,2025-02-19 04:05:00,3709.25,9.0,TRADE
VIC1,2025-02-19 04:10:00,3754.45,9.15,TRADE
VIC1,2025-02-19 04:15:00,3790.07,9.2,TRADE
VIC1,2025-02-19 04:20:00,3761.65,9.0,TRADE
VIC1,2025-02-19 04:25:00,3812.88,8.95,TRADE
VIC1,2025-02-19 04:30:00,3805.78,9.0,TRADE
VIC1,2025-02-19 04:35:00,3807.16,9.0,TRADE
VIC1,2025-02-19 04:40:00,3877.02,20.56,TRADE
VIC1,2025-02-19 04:45:00,3949.4,9.2,TRADE
VIC1,2025-02-19 04:50:00,4011.44,12.0,TRADE
VIC1,2025-02-19 04:55:00,4055.98,12.0,TRADE
VIC1,2025-02-19 05:00:00,4128.74,39.95,TRADE
VIC1,2025-02-19 05:05:00,4275.37,68.71,TRADE
VIC1,2025-02-19 05:10:00,4512.86,79.0,TRADE
VIC1,2025-02-19 05:15:00,4627.98,79.0,TRADE
VIC1,2025-02-19 05:20:00,4636.42,79.0,TRADE
VIC1,2025-02-19 05:25:00,4736.81,79.0,TRADE
VIC1,2025-02-19 05:30:00,4788.09,80.96,TRADE
VIC1,2025-02-19 05:35:00,4775.04,79.0,TRADE
VIC1,2025-02-19 05:40:00,4859.66,79.0,TRADE
VIC1,2025-02-19 05:45:00,4875.49,79.38,TRADE
VIC1,2025-02-19 05:50:00,4911.39,82.51,TRADE
VIC1,2025-02-19 05:55:00,4972.21,92.34,TRADE
VIC1,2025-02-19 06:00:00,4981.37,95.52,TRADE
VIC1,2025-02-19 06:05:00,5007.63,111.72,TRADE
VIC1,2025-02-19 06:10:00,5122.11,120.0,TRADE
VIC1,2025-02-19 06:15:00,5138.27,120.0,TRADE
VIC1,2025-02-19 06:20:00,5239.39,115.82,TRADE
VIC1,2025-02-19 06:25:00,5244.62,101.96,TRADE
VIC1,2025-02-19 06:30:00,5239.57,92.43,TRADE
VIC1,2025-02-19 06:35:00,5226.65,79.0,TRADE
VIC1,2025-02-19 06:40:00,5263.87,79.0,TRADE
VIC1,2025-02-19 06:45:00,5290.77,77.33,TRADE
VIC1,2025-02-19 06:50:00,5274.58,59.0,TRADE
VIC1,2025-02-19 06:55:00,5218.86,55.87,TRADE
VIC1,2025-02-19 07:00:00,5197.76,50.03,TRADE
VIC1,2025-02-19 07:05:00,5174.35,33.89,TRADE
VIC1,2025-02-19 07:10:00,5111.44,18.8,TRADE
VIC1,2025-02-19 07:15:00,5119.82,12.0,TRADE
VIC1,2025-02-19 07:20:00,5044.15,8.95,TRADE
VIC1,2025-02-19 07:25:00,5010.03,0.0,TRADE
VIC1,2025-02-19 07:30:00,4947.8,0.0,TRADE
VIC1,2025-02-19 07:35:00,4960.37,8.95,TRADE
VIC1,2025-02-19 07:40:00,4949.4,13.16,TRADE
VIC1,2025-02-19 07:45:00,4821.37,9.0,TRADE
VIC1,2025-02-19 07:50:00,4695.81,8.95,TRADE
VIC1,2025-02-19 07:55:00,4652.24,-19.99,TRADE
VIC1,2025-02-19 08:00:00,4454.23,0.0,TRADE
VIC1,2025-02-19 08:05:00,4547.21,-20.0,TRADE
VIC1,2025-02-19 08:10:00,4445.02,-20.0,TRADE
VIC1,2025-02-19 08:15:00,4479.17,10.81,TRADE
VIC1,2025-02-19 08:20:00,4427.57,9.0,TRADE
VIC1,2025-02-19 08:25:00,4453.34,24.83,TRADE
VIC1,2025-02-19 08:30:00,4409.55,9.53,TRADE
VIC1,2025-02-19 08:35:00,4357.62,8.95,TRADE
VIC1,2025-02-19 08:40:00,4349.5,34.12,TRADE
VIC1,2025-02-19 08:45:00,4383.4,9.0,TRADE
VIC1,2025-02-19 08:50:00,4335.36,8.95,TRADE
VIC1,2025-02-19 08:55:00,4398.12,9.0,TRADE
VIC1,2025-02-19 09:00:00,4390.01,-31.5,TRADE
VIC1,2025-02-19 09:05:00,4327.1,5.05,TRADE
VIC1,2025-02-19 09:10:00,4382.45,9.24,TRADE
VIC1,2025-02-19 09:15:00,4332.5,-32.63,TRADE
VIC1,2025-02-19 09:20:00,4352.1,-45.15,TRADE
VIC1,2025-02-19 09:25:00,4405.3,-44.8,TRADE
VIC1,2025-02-19 09:30:00,4397.66,-50.08,TRADE
VIC1,2025-02-19 09:35:00,4331.09,27.71,TRADE
VIC1,2025-02-19 09:40:00,4004.6,34.5,TRADE
VIC1,2025-02-19 09:45:00,3911.37,0.0,TRADE
VIC1,2025-02-19 09:50:00,3941.73,-21.0,TRADE
VIC1,2025-02-19 09:55:00,3877.64,-20.19,TRADE
VIC1,2025-02-19 10:00:00,3909.17,-31.5,TRADE
VIC1,2025-02-19 10:05:00,3918.01,-20.19,TRADE
VIC1,2025-02-19 10:10:00,3915.71,-17.06,TRADE
VIC1,2025-02-19 10:15:00,3894.92,-31.5,TRADE
VIC1,2025-02-19 10:20:00,3957.9,-31.5,TRADE
VIC1,2025-02-19 10:25:00,3921.09,4.5,TRADE
VIC1,2025-02-19 10:30:00,3830.5,-16.11,TRADE
VIC1,2025-02-19 10:35:00,3829.34,-19.99,TRADE
VIC1,2025-02-19 10:40:00,3810.31,-18.03,TRADE
VIC1,2025-02-19 10:45:00,3783.03,-30.75,TRADE
VIC1,2025-02-19 10:50:00,3724.54,-19.49,TRADE
VIC1,2025-02-19 10:55:00,3679.62,-20.19,TRADE
VIC1,2025-02-19 11:00:00,3645.68,-17.06,TRADE
VIC1,2025-02-19 11:05:00,3634.69,-18.4,TRADE
VIC1,2025-02-19 11:10:00,3611.61,-20.19,TRADE
VIC1,2025-02-19 11:15:00,3627.33,-20.19,TRADE
VIC1,2025-02-19 11:20:00,3591.13,-30.75,TRADE
VIC1,2025-02-19 11:25:00,3621.66,-31.5,TRADE
VIC1,2025-02-19 11:30:00,3639.83,-20.19,TRADE
VIC1,2025-02-19 11:35:00,3595.02,-32.63,TRADE
VIC1,2025-02-19 11:40:00,3600.71,-45.05,TRADE
VIC1,2025-02-19 11:45:00,3622.96,-32.63,TRADE
VIC1,2025-02-19 11:50:00,3658.21,-30.75,TRADE
VIC1,2025-02-19 11:55:00,3630.55,-32.63,TRADE
VIC1,2025-02-19 12:00:00,3661.17,-32.2,TRADE
VIC1,2025-02-19 12:05:00,3787.02,-55.82,TRADE
VIC1,2025-02-19 12:10:00,3832.72,-34.67,TRADE
VIC1,2025-02-19 12:15:00,3770.7,-45.05,TRADE
VIC1,2025-02-19 12:20:00,3822.76,-30.75,TRADE
VIC1,2025-02-19 12:25:00,3749.38,-34.93,TRADE
VIC1,2025-02-19 12:30:00,3735.45,-34.93,TRADE
VIC1,2025-02-19 12:35:00,3714.83,-36.75,TRADE
VIC1,2025-02-19 12:40:00,3719.26,-34.93,TRADE
VIC1,2025-02-19 12:45:00,3623.06,-45.05,TRADE
VIC1,2025-02-19 12:50:00,3666.25,-50.08,TRADE
VIC1,2025-02-19 12:55:00,3687.04,-45.34,TRADE
VIC1,2025-02-19 13:00:00,3641.78,-45.34,TRADE
VIC1,2025-02-19 13:05:00,3683.02,-50.08,TRADE
VIC1,2025-02-19 13:10:00,3697.42,-50.08,TRADE
VIC1,2025-02-19 13:15:00,3620.12,-62.51,TRADE
VIC1,2025-02-19 13:20:00,3674.41,-45.05,TRADE
VIC1,2025-02-19 13:25:00,3697.86,-50.08,TRADE
VIC1,2025-02-19 13:30:00,3661.91,-59.47,TRADE
VIC1,2025-02-19 13:35:00,3616.45,-50.08,TRADE
VIC1,2025-02-19 13:40:00,3521.1,-36.75,TRADE
VIC1,2025-02-19 13:45:00,3451.75,-34.67,TRADE
VIC1,2025-02-19 13:50:00,3443.39,-36.75,TRADE
VIC1,2025-02-19 13:55:00,3495.72,-36.75,TRADE
VIC1,2025-02-19 14:00:00,3500.46,-34.93,TRADE
VIC1,2025-02-19 14:05:00,3500.64,-36.75,TRADE
VIC1,2025-02-19 14:10:00,3456.46,-36.75,TRADE
VIC1,2025-02-19 14:15:00,3447.38,-45.05,TRADE
VIC1,2025-02-19 14:20:00,3465.08,-45.05,TRADE
VIC1,2025-02-19 14:25:00,3414.19,-45.34,TRADE
VIC1,2025-02-19 14:30:00,3371.19,-45.05,TRADE
VIC1,2025-02-19 14:35:00,3325.68,-45.34,TRADE
VIC1,2025-02-19 14:40:00,3331.77,-59.47,TRADE
VIC1,2025-02-19 14:45:00,3421.79,-32.63,TRADE
VIC1,2025-02-19 14:50:00,3399.42,-32.63,TRADE
VIC1,2025-02-19 14:55:00,3427.36,-36.75,TRADE
VIC1,2025-02-19 15:00:00,3449.52,-36.75,TRADE
VIC1,2025-02-19 15:05:00,3451.2,-66.31,TRADE
VIC1,2025-02-19 15:10:00,3419.06,-62.44,TRADE
VIC1,2025-02-19 15:15:00,3401.95,-57.3,TRADE
VIC1,2025-02-19 15:20:00,3466.1,-45.05,TRADE
VIC1,2025-02-19 15:25:00,3452.0,-50.08,TRADE
VIC1,2025-02-19 15:30:00,3531.84,-50.08,TRADE
VIC1,2025-02-19 15:35:00,3496.07,-59.47,TRADE
VIC1,2025-02-19 15:40:00,3645.43,-36.75,TRADE
VIC1,2025-02-19 15:45:00,3656.34,-42.54,TRADE
VIC1,2025-02-19 15:50:00,3746.07,-36.75,TRADE
VIC1,2025-02-19 15:55:00,3764.55,-45.05,TRADE
VIC1,2025-02-19 16:00:00,3906.73,-36.75,TRADE
VIC1,2025-02-19 16:05:00,3978.7,-45.34,TRADE
VIC1,2025-02-19 16:10:00,4043.83,-45.34,TRADE
VIC1,2025-02-19 16:15:00,4230.13,-45.05,TRADE
VIC1,2025-02-19 16:20:00,4379.87,-32.63,TRADE
VIC1,2025-02-19 16:25:00,4468.07,-31.5,TRADE
VIC1,2025-02-19 16:30:00,4320.73,-31.5,TRADE
VIC1,2025-02-19 16:35:00,4351.87,-32.63,TRADE
VIC1,2025-02-19 16:40:00,4432.68,-32.63,TRADE
VIC1,2025-02-19 16:45:00,4474.46,-32.63,TRADE
VIC1,2025-02-19 16:50:00,4551.58,-32.2,TRADE
VIC1,2025-02-19 16:55:00,4546.76,-21.0,TRADE
VIC1,2025-02-19 17:00:00,4601.7,-30.75,TRADE
VIC1,2025-02-19 17:05:00,4648.67,85.44,TRADE
VIC1,2025-02-19 17:10:00,4450.67,8.95,TRADE
VIC1,2025-02-19 17:15:00,4356.43,-21.0,TRADE
VIC1,2025-02-19 17:20:00,4434.91,-17.06,TRADE
VIC1,2025-02-19 17:25:00,4492.18,-0.58,TRADE
VIC1,2025-02-19 17:30:00,4630.47,83.66,TRADE
VIC1,2025-02-19 17:35:00,4538.2,8.45,TRADE
VIC1,2025-02-19 17:40:00,4499.42,9.0,TRADE
VIC1,2025-02-19 17:45:00,4620.63,107.31,TRADE
VIC1,2025-02-19 17:50:00,4751.75,72.15,TRADE
VIC1,2025-02-19 17:55:00,4966.46,12.43,TRADE
VIC1,2025-02-19 18:00:00,5148.35,12.59,TRADE
VIC1,2025-02-19 18:05:00,5142.56,9.0,TRADE
VIC1,2025-02-19 18:10:00,5133.09,87.85,TRADE
VIC1,2025-02-19 18:15:00,5239.96,36.9,TRADE
VIC1,2025-02-19 18:20:00,5320.24,111.88,TRADE
VIC1,2025-02-19 18:25:00,5376.24,132.14,TRADE
VIC1,2025-02-19 18:30:00,5436.94,144.38,TRADE
VIC1,2025-02-19 18:35:00,5415.42,102.58,TRADE
VIC1,2025-02-19 18:40:00,5507.43,101.12,TRADE
VIC1,2025-02-19 18:45:00,5346.62,85.68,TRADE
VIC1,2025-02-19 18:50:00,5433.57,98.95,TRADE
VIC1,2025-02-19 18:55:00,5552.13,99.75,TRADE
VIC1,2025-02-19 19:00:00,5529.26,104.1,TRADE
VIC1,2025-02-19 19:05:00,5439.02,92.24,TRADE
VIC1,2025-02-19 19:10:00,5349.14,87.85,TRADE
VIC1,2025-02-19 19:15:00,5447.8,88.67,TRADE
VIC1,2025-02-19 19:20:00,5430.64,87.85,TRADE
VIC1,2025-02-19 19:25:00,5422.05,77.41,TRADE
VIC1,2025-02-19 19:30:00,5442.12,83.33,TRADE
VIC1,2025-02-19 19:35:00,5448.34,73.8,TRADE
VIC1,2025-02-19 19:40:00,5467.28,76.25,TRADE
VIC1,2025-02-19 19:45:00,5417.49,72.42,TRADE
VIC1,2025-02-19 19:50:00,5438.42,79.0,TRADE
VIC1,2025-02-19 19:55:00,5507.44,79.0,TRADE
VIC1,2025-02-19 20:00:00,5507.85,81.32,TRADE
VIC1,2025-02-19 20:05:00,5281.6,79.0,TRADE
VIC1,2025-02-19 20:10:00,5320.39,79.0,TRADE
VIC1,2025-02-19 20:15:00,5375.03,74.12,TRADE
VIC1,2025-02-19 20:20:00,5322.23,73.8,TRADE
VIC1,2025-02-19 20:25:00,5207.97,68.27,TRADE
VIC1,2025-02-19 20:30:00,5255.6,70.74,TRADE
VIC1,2025-02-19 20:35:00,5121.97,68.31,TRADE
VIC1,2025-02-19 20:40:00,5101.33,72.32,TRADE
VIC1,2025-02-19 20:45:00,5187.09,74.62,TRADE
VIC1,2025-02-19 20:50:00,5149.42,70.29,TRADE
VIC1,2025-02-19 20:55:00,5088.63,69.65,TRADE
VIC1,2025-02-19 21:00:00,5055.15,69.21,TRADE
VIC1,2025-02-19 21:05:00,4964.56,69.57,TRADE
VIC1,2025-02-19 21:10:00,5007.95,72.52,TRADE
VIC1,2025-02-19 21:15:00,4886.27,68.38,TRADE
VIC1,2025-02-19 21:20:00,4865.98,72.05,TRADE
VIC1,2025-02-19 21:25:00,4867.55,71.18,TRADE
VIC1,2025-02-19 21:30:00,4798.35,67.16,TRADE
VIC1,2025-02-19 21:35:00,4842.03,70.35,TRADE
VIC1,2025-02-19 21:40:00,4802.03,74.02,TRADE
VIC1,2025-02-19 21:45:00,4836.86,70.45,TRADE
VIC1,2025-02-19 21:50:00,4822.75,69.83,TRADE
VIC1,2025-02-19 21:55:00,4750.31,63.49,TRADE
VIC1,2025-02-19 22:00:00,4722.67,62.28,TRADE
VIC1,2025-02-19 22:05:00,4705.79,65.15,TRADE
VIC1,2025-02-19 22:10:00,4702.72,73.25,TRADE
VIC1,2025-02-19 22:15:00,4653.51,65.14,TRADE
VIC1,2025-02-19 22:20:00,4625.37,67.67,TRADE
VIC1,2025-02-19 22:25:00,4697.17,67.33,TRADE
VIC1,2025-02-19 22:30:00,4649.56,64.72,TRADE
VIC1,2025-02-19 22:35:00,4622.92,64.86,TRADE
VIC1,2025-02-19 22:40:00,4688.03,65.92,TRADE
VIC1,2025-02-19 22:45:00,4621.36,66.71,TRADE
VIC1,2025-02-19 22:50:00,4621.31,67.43,TRADE
VIC1,2025-02-19 22:55:00,4499.68,64.22,TRADE
VIC1,2025-02-19 23:00:00,4506.44,63.54,TRADE
VIC1,2025-02-19 23:05:00,4595.66,67.46,TRADE
VIC1,2025-02-19 23:10:00,4736.04,69.99,TRADE
VIC1,2025-02-19 23:15:00,4844.8,75.31,TRADE
VIC1,2025-02-19 23:20:00,4699.07,74.82,TRADE
VIC1,2025-02-19 23:25:00,4754.56,72.78,TRADE
VIC1,2025-02-19 23:30:00,4742.47,81.65,TRADE
VIC1,2025-02-19 23:35:00,4725.12,74.7,TRADE
VIC1,2025-02-19 23:40:00,4711.33,94.89,TRADE
VIC1,2025-02-19 23:45:00,4585.83,75.53,TRADE
VIC1,2025-02-19 23:50:00,4594.06,73.8,TRADE
VIC1,2025-02-19 23:55:00,4630.24,77.62,TRADE
VIC1,2025-02-20 00:00:00,4611.47,76.12,TRADE
VIC1,2025-02-20 00:05:00,4512.1,75.0,TRADE
VIC1,2025-02-20 00:10:00,4510.83,85.95,TRADE
VIC1,2025-02-20 00:15:00,4486.89,72.45,TRADE
VIC1,2025-02-20 00:20:00,4446.07,67.09,TRADE
VIC1,2025-02-20 00:25:00,4381.8,66.04,TRADE
VIC1,2025-02-20 00:30:00,4342.75,63.15,TRADE
VIC1,2025-02-20 00:35:00,4388.42,68.19,TRADE
VIC1,2025-02-20 00:40:00,4391.09,71.7,TRADE
VIC1,2025-02-20 00:45:00,4314.04,55.97,TRADE
VIC1,2025-02-20 00:50:00,4349.89,65.79,TRADE
VIC1,2025-02-20 00:55:00,4380.84,67.6,TRADE
VIC1,2025-02-20 01:00:00,4316.22,52.95,TRADE
VIC1,2025-02-20 01:05:00,4351.77,68.17,TRADE
VIC1,2025-02-20 01:10:00,4327.69,68.45,TRADE
VIC1,2025-02-20 01:15:00,4293.78,68.14,TRADE
VIC1,2025-02-20 01:20:00,4325.51,69.3,TRADE
VIC1,2025-02-20 01:25:00,4336.48,68.51,TRADE
VIC1,2025-02-20 01:30:00,4232.41,68.75,TRADE
VIC1,2025-02-20 01:35:00,4224.08,68.24,TRADE
VIC1,2025-02-20 01:40:00,4206.07,68.04,TRADE
VIC1,2025-02-20 01:45:00,4212.25,67.48,TRADE
VIC1,2025-02-20 01:50:00,4205.96,68.07,TRADE
VIC1,2025-02-20 01:55:00,4108.02,57.13,TRADE
VIC1,2025-02-20 02:00:00,4124.09,67.57,TRADE
VIC1,2025-02-20 02:05:00,4196.52,69.16,TRADE
VIC1,2025-02-20 02:10:00,4199.51,69.35,TRADE
VIC1,2025-02-20 02:15:00,4104.37,58.92,TRADE
VIC1,2025-02-20 02:20:00,4159.13,69.3,TRADE
VIC1,2025-02-20 02:25:00,4150.31,68.49,TRADE
VIC1,2025-02-20 02:30:00,4119.95,59.5,TRADE
VIC1,2025-02-20 02:35:00,4115.44,68.99,TRADE
VIC1,2025-02-20 02:40:00,4030.05,58.7,TRADE
VIC1,2025-02-20 02:45:00,4011.01,67.45,TRADE
VIC1,2025-02-20 02:50:00,4005.75,57.75,TRADE
VIC1,2025-02-20 02:55:00,4105.89,67.25,TRADE
VIC1,2025-02-20 03:00:00,4109.48,67.14,TRADE
VIC1,2025-02-20 03:05:00,4014.34,58.59,TRADE
VIC1,2025-02-20 03:10:00,4093.82,67.88,TRADE
VIC1,2025-02-20 03:15:00,4089.51,49.42,TRADE
VIC1,2025-02-20 03:20:00,4117.35,58.64,TRADE
VIC1,2025-02-20 03:25:00,4123.26,58.3,TRADE
VIC1,2025-02-20 03:30:00,4040.79,47.02,TRADE
VIC1,2025-02-20 03:35:00,4126.57,57.49,TRADE
VIC1,2025-02-20 03:40:00,4127.35,57.44,TRADE
VIC1,2025-02-20 03:45:00,4070.64,56.6,TRADE
VIC1,2025-02-20 03:50:00,4165.39,66.65,TRADE
VIC1,2025-02-20 03:55:00,4232.12,68.43,TRADE
VIC1,2025-02-20 04:00:00,4228.53,67.9,TRADE
VIC1,2025-02-20 04:05:00,4230.88,20.04,TRADE
VIC1,2025-02-20 04:10:00,4287.34,49.16,TRADE
VIC1,2025-02-20 04:15:00,4189.78,44.07,TRADE
VIC1,2025-02-20 04:20:00,4321.87,53.59,TRADE
VIC1,2025-02-20 04:25:00,4301.17,48.33,TRADE
VIC1,2025-02-20 04:30:00,4345.09,48.33,TRADE
VIC1,2025-02-20 04:35:00,4437.87,53.64,TRADE
VIC1,2025-02-20 04:40:00,4386.15,48.33,TRADE
VIC1,2025-02-20 04:45:00,4465.79,52.16,TRADE
VIC1,2025-02-20 04:50:00,4488.97,59.0,TRADE
VIC1,2025-02-20 04:55:00,4520.56,59.0,TRADE
VIC1,2025-02-20 05:00:00,4538.2,59.0,TRADE
VIC1,2025-02-20 05:05:00,4505.9,53.08,TRADE
VIC1,2025-02-20 05:10:00,4642.06,63.44,TRADE
VIC1,2025-02-20 05:15:00,4739.67,64.83,TRADE
VIC1,2025-02-20 05:20:00,4778.85,68.69,TRADE
VIC1,2025-02-20 05:25:00,4786.19,71.54,TRADE
VIC1,2025-02-20 05:30:00,4869.99,74.32,TRADE
VIC1,2025-02-20 05:35:00,4867.41,74.66,TRADE
VIC1,2025-02-20 05:40:00,4926.92,76.1,TRADE
VIC1,2025-02-20 05:45:00,4907.73,75.74,TRADE
VIC1,2025-02-20 05:50:00,4937.3,76.23,TRADE
VIC1,2025-02-20 05:55:00,5039.77,79.0,TRADE
VIC1,2025-02-20 06:00:00,5069.91,79.0,TRADE
VIC1,2025-02-20 06:05:00,5085.58,79.0,TRADE
VIC1,2025-02-20 06:10:00,5204.68,79.0,TRADE
VIC1,2025-02-20 06:15:00,5277.94,79.0,TRADE
VIC1,2025-02-20 06:20:00,5313.35,79.0,TRADE
VIC1,2025-02-20 06:25:00,5265.09,78.94,TRADE
VIC1,2025-02-20 06:30:00,5272.1,79.0,TRADE
VIC1,2025-02-20 06:35:00,5352.41,60.2,TRADE
VIC1,2025-02-20 06:40:00,5336.22,68.26,TRADE
VIC1,2025-02-20 06:45:00,5286.63,73.83,TRADE
VIC1,2025-02-20 06:50:00,5289.19,59.0,TRADE
VIC1,2025-02-20 06:55:00,5242.55,33.74,TRADE
VIC1,2025-02-20 07:00:00,5208.52,9.0,TRADE
VIC1,2025-02-20 07:05:00,5139.17,34.56,TRADE
VIC1,2025-02-20 07:10:00,5029.88,12.0,TRADE
VIC1,2025-02-20 07:15:00,5107.37,9.0,TRADE
VIC1,2025-02-20 07:20:00,5038.4,-6.01,TRADE
VIC1,2025-02-20 07:25:00,5100.9,-9.49,TRADE
VIC1,2025-02-20 07:30:00,5084.79,-20.0,TRADE
VIC1,2025-02-20 07:35:00,5138.33,-6.01,TRADE
VIC1,2025-02-20 07:40:00,5019.78,-6.01,TRADE
VIC1,2025-02-20 07:45:00,4988.98,-22.23,TRADE
VIC1,2025-02-20 07:50:00,4853.24,-22.65,TRADE
VIC1,2025-02-20 07:55:00,4809.63,-32.0,TRADE
VIC1,2025-02-20 08:00:00,4760.16,-32.2,TRADE
VIC1,2025-02-20 08:05:00,4811.64,-32.2,TRADE
VIC1,2025-02-20 08:10:00,4826.8,-32.0,TRADE
VIC1,2025-02-20 08:15:00,4751.85,-32.0,TRADE
VIC1,2025-02-20 08:20:00,4741.63,-15.62,TRADE
VIC1,2025-02-20 08:25:00,4597.31,9.0,TRADE
VIC1,2025-02-20 08:30:00,4505.55,-21.0,TRADE
VIC1,2025-02-20 08:35:00,4217.57,-34.78,TRADE
VIC1,2025-02-20 08:40:00,4291.42,-45.96,TRADE
VIC1,2025-02-20 08:45:00,4143.47,-77.68,TRADE
VIC1,2025-02-20 08:50:00,4256.51,-50.01,TRADE
VIC1,2025-02-20 08:55:00,4263.07,-62.43,TRADE
VIC1,2025-02-20 09:00:00,4189.07,-45.05,TRADE
VIC1,2025-02-20 09:05:00,4343.79,-58.33,TRADE
VIC1,2025-02-20 09:10:00,4407.15,-50.01,TRADE
VIC1,2025-02-20 09:15:00,4307.47,-49.75,TRADE
VIC1,2025-02-20 09:20:00,4155.13,-45.05,TRADE
VIC1,2025-02-20 09:25:00,4200.01,-35.26,TRADE
VIC1,2025-02-20 09:30:00,4110.07,-33.32,TRADE
VIC1,2025-02-20 09:35:00,4096.72,-29.61,TRADE
VIC1,2025-02-20 09:40:00,3873.88,-77.65,TRADE
VIC1,2025-02-20 09:45:00,3966.03,-61.37,TRADE
VIC1,2025-02-20 09:50:00,3961.38,-59.47,TRADE
VIC1,2025-02-20 09:55:00,3912.92,-31.34,TRADE
VIC1,2025-02-20 10:00:00,3860.34,-45.34,TRADE
VIC1,2025-02-20 10:05:00,3790.0,-45.62,TRADE
VIC1,2025-02-20 10:10:00,3812.71,-62.95,TRADE
VIC1,2025-02-20 10:15:00,3862.23,-50.08,TRADE
VIC1,2025-02-20 10:20:00,3938.82,-45.05,TRADE
VIC1,2025-02-20 10:25:00,4054.77,-35.55,TRADE
VIC1,2025-02-20 10:30:00,4177.53,-33.78,TRADE
VIC1,2025-02-20 10:35:00,4146.04,-32.2,TRADE
VIC1,2025-02-20 10:40:00,4125.05,-32.49,TRADE
VIC1,2025-02-20 10:45:00,4142.73,-33.63,TRADE
VIC1,2025-02-20 10:50:00,4018.73,-34.4,TRADE
VIC1,2025-02-20 10:55:00,3902.9,-32.83,TRADE
VIC1,2025-02-20 11:00:00,3698.89,-33.06,TRADE
VIC1,2025-02-20 11:05:00,3430.64,-31.13,TRADE
VIC1,2025-02-20 11:10:00,3341.58,-30.39,TRADE
VIC1,2025-02-20 11:15:00,3295.45,-29.87,TRADE
VIC1,2025-02-20 11:20:00,3116.64,-34.63,TRADE
VIC1,2025-02-20 11:25:00,3060.94,-50.08,TRADE
VIC1,2025-02-20 11:30:00,3051.59,-30.86,TRADE
VIC1,2025-02-20 11:35:00,3066.33,-50.08,TRADE
VIC1,2025-02-20 11:40:00,2857.8,-34.78,TRADE
VIC1,2025-02-20 11:45:00,2854.36,-34.78,TRADE
VIC1,2025-02-20 11:50:00,2737.51,-32.63,TRADE
VIC1,2025-02-20 11:55:00,2708.31,-34.78,TRADE
VIC1,2025-02-20 12:00:00,2614.64,-32.63,TRADE
VIC1,2025-02-20 12:05:00,2568.04,-61.94,TRADE
VIC1,2025-02-20 12:10:00,2662.57,-61.37,TRADE
VIC1,2025-02-20 12:15:00,2624.31,-45.34,TRADE
VIC1,2025-02-20 12:20:00,2438.05,-48.0,TRADE
VIC1,2025-02-20 12:25:00,2530.97,-66.31,TRADE
VIC1,2025-02-20 12:30:00,2435.98,-66.31,TRADE
VIC1,2025-02-20 12:35:00,2517.99,-59.47,TRADE
VIC1,2025-02-20 12:40:00,2467.56,-66.31,TRADE
VIC1,2025-02-20 12:45:00,2430.44,-103.41,TRADE
VIC1,2025-02-20 12:50:00,2330.72,-54.87,TRADE
VIC1,2025-02-20 12:55:00,2503.78,-47.29,TRADE
VIC1,2025-02-20 13:00:00,2450.52,-86.14,TRADE
VIC1,2025-02-20 13:05:00,2317.21,-66.31,TRADE
VIC1,2025-02-20 13:10:00,2328.7,-66.31,TRADE
VIC1,2025-02-20 13:15:00,2489.86,-66.31,TRADE
VIC1,2025-02-20 13:20:00,2476.4,-75.48,TRADE
VIC1,2025-02-20 13:25:00,2521.54,-66.31,TRADE
VIC1,2025-02-20 13:30:00,2518.8,-75.64,TRADE
VIC1,2025-02-20 13:35:00,2381.25,-66.31,TRADE
VIC1,2025-02-20 13:40:00,2395.26,-66.31,TRADE
VIC1,2025-02-20 13:45:00,2331.84,-75.01,TRADE
VIC1,2025-02-20 13:50:00,2372.69,-66.31,TRADE
VIC1,2025-02-20 13:55:00,2456.35,-66.31,TRADE
VIC1,2025-02-20 14:00:00,2479.2,-66.3,TRADE
VIC1,2025-02-20 14:05:00,2510.81,-75.01,TRADE
VIC1,2025-02-20 14:10:00,2594.73,-53.07,TRADE
VIC1,2025-02-20 14:15:00,2509.78,-66.3,TRADE
VIC1,2025-02-20 14:20:00,2593.96,-62.95,TRADE
VIC1,2025-02-20 14:25:00,2594.98,-62.95,TRADE
VIC1,2025-02-20 14:30:00,2503.29,-60.95,TRADE
VIC1,2025-02-20 14:35:00,2549.78,-66.31,TRADE
VIC1,2025-02-20 14:40:00,2658.61,-66.31,TRADE
VIC1,2025-02-20 14:45:00,2647.05,-62.95,TRADE
VIC1,2025-02-20 14:50:00,2715.3,-62.95,TRADE
VIC1,2025-02-20 14:55:00,2636.1,-50.01,TRADE
VIC1,2025-02-20 15:00:00,2693.25,-66.31,TRADE
VIC1,2025-02-20 15:05:00,2641.02,-49.51,TRADE
VIC1,2025-02-20 15:10:00,2643.99,-45.05,TRADE
VIC1,2025-02-20 15:15:00,2641.66,-44.52,TRADE
VIC1,2025-02-20 15:20:00,2732.44,-44.0,TRADE
VIC1,2025-02-20 15:25:00,2881.83,-40.35,TRADE
VIC1,2025-02-20 15:30:00,2892.41,-36.4,TRADE
VIC1,2025-02-20 15:35:00,2866.32,-50.08,TRADE
VIC1,2025-02-20 15:40:00,2926.63,-32.63,TRADE
VIC1,2025-02-20 15:45:00,2992.38,-32.2,TRADE
VIC1,2025-02-20 15:50:00,3032.95,-32.2,TRADE
VIC1,2025-02-20 15:55:00,3062.7,-32.63,TRADE
VIC1,2025-02-20 16:00:00,3148.23,-29.67,TRADE
VIC1,2025-02-20 16:05:00,3299.53,-29.44,TRADE
VIC1,2025-02-20 16:10:00,3413.11,-27.04,TRADE
VIC1,2025-02-20 16:15:00,3417.72,-32.63,TRADE
VIC1,2025-02-20 16:20:00,3446.26,-30.75,TRADE
VIC1,2025-02-20 16:25:00,3550.03,-13.85,TRADE
VIC1,2025-02-20 16:30:00,3798.95,14.17,TRADE
VIC1,2025-02-20 16:35:00,3698.41,3.62,TRADE
VIC1,2025-02-20 16:40:00,3626.4,30.2,TRADE
VIC1,2025-02-20 16:45:00,3664.82,-13.06,TRADE
VIC1,2025-02-20 16:50:00,3715.14,0.0,TRADE
VIC1,2025-02-20 16:55:00,3791.35,34.86,TRADE
VIC1,2025-02-20 17:00:00,3789.87,37.62,TRADE
VIC1,2025-02-20 17:05:00,3920.0,37.15,TRADE
VIC1,2025-02-20 17:10:00,3901.22,12.17,TRADE
VIC1,2025-02-20 17:15:00,4060.91,-1.49,TRADE
VIC1,2025-02-20 17:20:00,4461.55,56.31,TRADE
VIC1,2025-02-20 17:25:00,4302.15,8.95,TRADE
VIC1,2025-02-20 17:30:00,4273.56,59.0,TRADE
VIC1,2025-02-20 17:35:00,4413.15,8.95,TRADE
VIC1,2025-02-20 17:40:00,4419.93,9.0,TRADE
VIC1,2025-02-20 17:45:00,4723.59,8.95,TRADE
VIC1,2025-02-20 17:50:00,4942.35,9.0,TRADE
VIC1,2025-02-20 17:55:00,4986.0,9.0,TRADE
VIC1,2025-02-20 18:00:00,5195.68,9.0,TRADE
VIC1,2025-02-20 18:05:00,5246.29,20.04,TRADE
VIC1,2025-02-20 18:10:00,5336.07,81.85,TRADE
VIC1,2025-02-20 18:15:00,5416.43,57.41,TRADE
VIC1,2025-02-20 18:20:00,5404.03,76.04,TRADE
VIC1,2025-02-20 18:25:00,5399.67,49.63,TRADE
VIC1,2025-02-20 18:30:00,5527.32,79.0,TRADE
VIC1,2025-02-20 18:35:00,5478.41,79.0,TRADE
VIC1,2025-02-20 18:40:00,5351.04,81.85,TRADE
VIC1,2025-02-20 18:45:00,5364.04,79.0,TRADE
VIC1,2025-02-20 18:50:00,5421.36,81.85,TRADE
VIC1,2025-02-20 18:55:00,5417.07,81.85,TRADE
VIC1,2025-02-20 19:00:00,5355.21,81.94,TRADE
VIC1,2025-02-20 19:05:00,5358.81,79.0,TRADE
VIC1,2025-02-20 19:10:00,5430.98,81.85,TRADE
VIC1,2025-02-20 19:15:00,5436.04,79.12,TRADE
VIC1,2025-02-20 19:20:00,5409.3,79.0,TRADE
VIC1,2025-02-20 19:25:00,5460.84,79.0,TRADE
VIC1,2025-02-20 19:30:00,5453.02,79.0,TRADE
VIC1,2025-02-20 19:35:00,5459.75,79.0,TRADE
VIC1,2025-02-20 19:40:00,5506.43,79.0,TRADE
VIC1,2025-02-20 19:45:00,5410.0,70.11,TRADE
VIC1,2025-02-20 19:50:00,5426.41,73.88,TRADE
VIC1,2025-02-20 19:55:00,5406.93,73.95,TRADE
VIC1,2025-02-20 20:00:00,5431.43,71.85,TRADE
VIC1,2025-02-20 20:05:00,5456.99,74.96,TRADE
VIC1,2025-02-20 20:10:00,5420.05,73.42,TRADE
VIC1,2025-02-20 20:15:00,5453.3,74.69,TRADE
VIC1,2025-02-20 20:20:00,5403.25,74.97,TRADE
VIC1,2025-02-20 20:25:00,5365.52,72.74,TRADE
VIC1,2025-02-20 20:30:00,5267.14,70.77,TRADE
VIC1,2025-02-20 20:35:00,5213.33,64.19,TRADE
VIC1,2025-02-20 20:40:00,5208.39,70.5,TRADE
VIC1,2025-02-20 20:45:00,5281.41,70.96,TRADE
VIC1,2025-02-20 20:50:00,5260.48,65.59,TRADE
VIC1,2025-02-20 20:55:00,5217.28,52.91,TRADE
VIC1,2025-02-20 21:00:00,5183.08,55.15,TRADE
VIC1,2025-02-20 21:05:00,5126.6,44.23,TRADE
VIC1,2025-02-20 21:10:00,5164.14,54.97,TRADE
VIC1,2025-02-20 21:15:00,5103.47,50.93,TRADE
VIC1,2025-02-20 21:20:00,4972.78,44.15,TRADE
VIC1,2025-02-20 21:25:00,4922.2,37.74,TRADE
VIC1,2025-02-20 21:30:00,4919.82,31.44,TRADE
VIC1,2025-02-20 21:35:00,4956.03,43.11,TRADE
VIC1,2025-02-20 21:40:00,4965.17,43.71,TRADE
VIC1,2025-02-20 21:45:00,4900.35,31.16,TRADE
VIC1,2025-02-20 21:50:00,4857.12,31.17,TRADE
VIC1,2025-02-20 21:55:00,4839.43,30.88,TRADE
VIC1,2025-02-20 22:00:00,4794.33,30.86,TRADE
VIC1,2025-02-20 22:05:00,4720.67,12.0,TRADE
VIC1,2025-02-20 22:10:00,4727.43,29.95,TRADE
VIC1,2025-02-20 22:15:00,4855.72,31.06,TRADE
VIC1,2025-02-20 22:20:00,4762.81,30.78,TRADE
VIC1,2025-02-20 22:25:00,4731.43,30.4,TRADE
VIC1,2025-02-20 22:30:00,4761.67,30.99,TRADE
VIC1,2025-02-20 22:35:00,4689.66,30.49,TRADE
VIC1,2025-02-20 22:40:00,4726.59,30.75,TRADE
VIC1,2025-02-20 22:45:00,4645.19,30.49,TRADE
VIC1,2025-02-20 22:50:00,4600.96,9.0,TRADE
VIC1,2025-02-20 22:55:00,4576.99,12.0,TRADE
VIC1,2025-02-20 23:00:00,4691.38,30.43,TRADE
VIC1,2025-02-20 23:05:00,4703.42,35.06,TRADE
VIC1,2025-02-20 23:10:00,4772.77,50.91,TRADE
VIC1,2025-02-20 23:15:00,4812.04,49.72,TRADE
VIC1,2025-02-20 23:20:00,4797.51,49.27,TRADE
VIC1,2025-02-20 23:25:00,4816.91,50.49,TRADE
VIC1,2025-02-20 23:30:00,4820.43,50.2,TRADE
VIC1,2025-02-20 23:35:00,4722.62,49.88,TRADE
VIC1,2025-02-20 23:40:00,4732.61,53.94,TRADE
VIC1,2025-02-20 23:45:00,4760.5,52.98,TRADE
VIC1,2025-02-20 23:50:00,4690.84,49.48,TRADE
VIC1,2025-02-20 23:55:00,4600.94,49.05,TRADE
VIC1,2025-02-21 00:00:00,4678.34,49.4,TRADE
VIC1,2025-02-21 00:05:00,4614.6,50.72,TRADE
VIC1,2025-02-21 00:10:00,4629.88,59.0,TRADE
VIC1,2025-02-21 00:15:00,4490.84,44.22,TRADE
VIC1,2025-02-21 00:20:00,4466.55,44.07,TRADE
VIC1,2025-02-21 00:25:00,4535.95,49.49,TRADE
VIC1,2025-02-21 00:30:00,4502.97,49.44,TRADE
VIC1,2025-02-21 00:35:00,4521.92,50.27,TRADE
VIC1,2025-02-21 00:40:00,4401.32,50.46,TRADE
VIC1,2025-02-21 00:45:00,4467.03,50.84,TRADE
VIC1,2025-02-21 00:50:00,4436.52,46.65,TRADE
VIC1,2025-02-21 00:55:00,4439.09,46.91,TRADE
VIC1,2025-02-21 01:00:00,4390.61,45.64,TRADE
VIC1,2025-02-21 01:05:00,4380.05,31.32,TRADE
VIC1,2025-02-21 01:10:00,4450.88,49.92,TRADE
VIC1,2025-02-21 01:15:00,4434.14,45.98,TRADE
VIC1,2025-02-21 01:20:00,4359.36,30.75,TRADE
VIC1,2025-02-21 01:25:00,4417.51,48.49,TRADE
VIC1,2025-02-21 01:30:00,4428.3,49.86,TRADE
VIC1,2025-02-21 01:35:00,4376.47,49.44,TRADE
VIC1,2025-02-21 01:40:00,4383.44,49.03,TRADE
VIC1,2025-02-21 01:45:00,4291.17,12.0,TRADE
VIC1,2025-02-21 01:50:00,4200.97,19.25,TRADE
VIC1,2025-02-21 01:55:00,4195.98,48.6,TRADE
VIC1,2025-02-21 02:00:00,4245.9,45.57,TRADE
VIC1,2025-02-21 02:05:00,4268.91,45.95,TRADE
VIC1,2025-02-21 02:10:00,4369.42,50.5,TRADE
VIC1,2025-02-21 02:15:00,4354.81,50.05,TRADE
VIC1,2025-02-21 02:20:00,4354.25,46.21,TRADE
VIC1,2025-02-21 02:25:00,4309.43,45.88,TRADE
VIC1,2025-02-21 02:30:00,4277.1,45.25,TRADE
VIC1,2025-02-21 02:35:00,4265.5,45.54,TRADE
VIC1,2025-02-21 02:40:00,4192.34,23.53,TRADE
VIC1,2025-02-21 02:45:00,4126.76,12.0,TRADE
VIC1,2025-02-21 02:50:00,4070.57,20.04,TRADE
VIC1,2025-02-21 02:55:00,4095.98,12.0,TRADE
VIC1,2025-02-21 03:00:00,4003.11,12.0,TRADE
VIC1,2025-02-21 03:05:00,4011.32,9.0,TRADE
VIC1,2025-02-21 03:10:00,4032.59,15.91,TRADE
VIC1,2025-02-21 03:15:00,4073.16,12.0,TRADE
VIC1,2025-02-21 03:20:00,3967.33,9.0,TRADE
VIC1,2025-02-21 03:25:00,3984.59,9.0,TRADE
VIC1,2025-02-21 03:30:00,4049.38,12.02,TRADE
VIC1,2025-02-21 03:35:00,4103.7,12.0,TRADE
VIC1,2025-02-21 03:40:00,4129.39,12.0,TRADE
VIC1,2025-02-21 03:45:00,4174.36,12.0,TRADE
VIC1,2025-02-21 03:50:00,4185.74,12.0,TRADE
VIC1,2025-02-21 03:55:00,4213.96,9.0,TRADE
VIC1,2025-02-21 04:00:00,4248.36,9.0,TRADE
VIC1,2025-02-21 04:05:00,4182.56,9.0,TRADE
VIC1,2025-02-21 04:10:00,4208.38,9.73,TRADE
VIC1,2025-02-21 04:15:00,4354.34,12.0,TRADE
VIC1,2025-02-21 04:20:00,4359.91,12.0,TRADE
VIC1,2025-02-21 04:25:00,4400.22,12.0,TRADE
VIC1,2025-02-21 04:30:00,4377.96,15.39,TRADE
VIC1,2025-02-21 04:35:00,4409.46,8.95,TRADE
VIC1,2025-02-21 04:40:00,4525.91,27.91,TRADE
VIC1,2025-02-21 04:45:00,4628.48,9.0,TRADE
VIC1,2025-02-21 04:50:00,4673.38,28.57,TRADE
VIC1,2025-02-21 04:55:00,4714.09,28.32,TRADE
VIC1,2025-02-21 05:00:00,4756.4,35.0,TRADE
VIC1,2025-02-21 05:05:00,4805.37,27.86,TRADE
VIC1,2025-02-21 05:10:00,4845.42,45.13,TRADE
VIC1,2025-02-21 05:15:00,4979.06,61.42,TRADE
VIC1,2025-02-21 05:20:00,4895.2,58.59,TRADE
VIC1,2025-02-21 05:25:00,5061.51,62.78,TRADE
VIC1,2025-02-21 05:30:00,5082.2,62.09,TRADE
VIC1,2025-02-21 05:35:00,5029.96,59.0,TRADE
VIC1,2025-02-21 05:40:00,5113.88,61.23,TRADE
VIC1,2025-02-21 05:45:00,5130.85,68.63,TRADE
VIC1,2025-02-21 05:50:00,5120.05,69.96,TRADE
VIC1,2025-02-21 05:55:00,5175.07,72.46,TRADE
VIC1,2025-02-21 06:00:00,5186.4,70.35,TRADE
VIC1,2025-02-21 06:05:00,5298.9,73.73,TRADE
VIC1,2025-02-21 06:10:00,5334.25,74.54,TRADE
VIC1,2025-02-21 06:15:00,5413.08,75.6,TRADE
VIC1,2025-02-21 06:20:00,5448.68,76.32,TRADE
VIC1,2025-02-21 06:25:00,5447.27,79.0,TRADE
VIC1,2025-02-21 06:30:00,5331.35,59.0,TRADE
VIC1,2025-02-21 06:35:00,5312.25,54.71,TRADE
VIC1,2025-02-21 06:40:00,5328.85,55.13,TRADE
VIC1,2025-02-21 06:45:00,5350.0,44.59,TRADE
VIC1,2025-02-21 06:50:00,5316.7,31.77,TRADE
VIC1,2025-02-21 06:55:00,5192.77,0.0,TRADE
VIC1,2025-02-21 07:00:00,5019.64,0.0,TRADE
VIC1,2025-02-21 07:05:00,5006.64,0.0,TRADE
VIC1,2025-02-21 07:10:00,4840.34,-17.86,TRADE
VIC1,2025-02-21 07:15:00,4505.67,-21.0,TRADE
VIC1,2025-02-21 07:20:00,4545.7,-21.4,TRADE
VIC1,2025-02-21 07:25:00,4432.26,-26.31,TRADE
VIC1,2025-02-21 07:30:00,4475.95,-20.19,TRADE
VIC1,2025-02-21 07:35:00,4360.3,-23.5,TRADE
VIC1,2025-02-21 07:40:00,4276.29,-22.98,TRADE
VIC1,2025-02-21 07:45:00,4303.07,-26.97,TRADE
VIC1,2025-02-21 07:50:00,4316.15,-28.17,TRADE
VIC1,2025-02-21 07:55:00,4317.8,0.0,TRADE
VIC1,2025-02-21 08:00:00,4316.31,13.76,TRADE
VIC1,2025-02-21 08:05:00,4330.28,33.0,TRADE
VIC1,2025-02-21 08:10:00,4270.23,-21.92,TRADE
VIC1,2025-02-21 08:15:00,4186.67,39.18,TRADE
VIC1,2025-02-21 08:20:00,4003.96,-31.5,TRADE
VIC1,2025-02-21 08:25:00,4053.7,-28.1,TRADE
VIC1,2025-02-21 08:30:00,4019.95,-20.19,TRADE
VIC1,2025-02-21 08:35:00,3991.89,12.0,TRADE
VIC1,2025-02-21 08:40:00,3786.71,-30.75,TRADE
VIC1,2025-02-21 08:45:00,3826.98,33.0,TRADE
VIC1,2025-02-21 08:50:00,3510.22,-31.5,TRADE
VIC1,2025-02-21 08:55:00,3602.17,8.95,TRADE
VIC1,2025-02-21 09:00:00,3362.92,-39.03,TRADE
VIC1,2025-02-21 09:05:00,3394.04,-31.5,TRADE
VIC1,2025-02-21 09:10:00,3437.27,-31.72,TRADE
VIC1,2025-02-21 09:15:00,3525.86,-32.83,TRADE
VIC1,2025-02-21 09:20:00,3559.2,-36.8,TRADE
VIC1,2025-02-21 09:25:00,3561.54,-32.63,TRADE
VIC1,2025-02-21 09:30:00,3485.56,-36.19,TRADE
VIC1,2025-02-21 09:35:00,3449.0,-35.81,TRADE
VIC1,2025-02-21 09:40:00,3342.03,-35.58,TRADE
VIC1,2025-02-21 09:45:00,3370.05,-33.17,TRADE
VIC1,2025-02-21 09:50:00,3280.69,-34.71,TRADE
VIC1,2025-02-21 09:55:00,3349.68,-33.33,TRADE
VIC1,2025-02-21 10:00:00,3279.8,-32.63,TRADE
VIC1,2025-02-21 10:05:00,3244.62,-33.23,TRADE
VIC1,2025-02-21 10:10:00,3124.89,-34.25,TRADE
VIC1,2025-02-21 10:15:00,3094.77,-31.66,TRADE
VIC1,2025-02-21 10:20:00,3079.54,-31.5,TRADE
VIC1,2025-02-21 10:25:00,2979.53,-32.05,TRADE
VIC1,2025-02-21 10:30:00,3071.21,-29.46,TRADE
VIC1,2025-02-21 10:35:00,3043.61,-29.11,TRADE
VIC1,2025-02-21 10:40:00,2876.53,-30.44,TRADE
VIC1,2025-02-21 10:45:00,2855.91,-29.47,TRADE
VIC1,2025-02-21 10:50:00,2834.3,-28.38,TRADE
VIC1,2025-02-21 10:55:00,2804.02,-28.07,TRADE
VIC1,2025-02-21 11:00:00,2733.68,-28.06,TRADE
VIC1,2025-02-21 11:05:00,2801.77,-25.86,TRADE
VIC1,2025-02-21 11:10:00,2614.75,-27.33,TRADE
VIC1,2025-02-21 11:15:00,2526.48,-27.74,TRADE
VIC1,2025-02-21 11:20:00,2641.62,-27.97,TRADE
VIC1,2025-02-21 11:25:00,2610.79,-27.96,TRADE
VIC1,2025-02-21 11:30:00,2636.4,-27.96,TRADE
VIC1,2025-02-21 11:35:00,2639.93,-27.58,TRADE
VIC1,2025-02-21 11:40:00,2643.95,-27.58,TRADE
VIC1,2025-02-21 11:45:00,2822.64,-28.64,TRADE
VIC1,2025-02-21 11:50:00,2744.25,-28.5,TRADE
VIC1,2025-02-21 11:55:00,2750.9,-28.44,TRADE
VIC1,2025-02-21 12:00:00,2754.91,-28.25,TRADE
VIC1,2025-02-21 12:05:00,2746.95,-28.68,TRADE
VIC1,2025-02-21 12:10:00,3039.8,-29.2,TRADE
VIC1,2025-02-21 12:15:00,2924.33,-28.38,TRADE
VIC1,2025-02-21 12:20:00,2908.81,-27.48,TRADE
VIC1,2025-02-21 12:25:00,2973.88,-28.14,TRADE
VIC1,2025-02-21 12:30:00,2972.72,-28.91,TRADE
VIC1,2025-02-21 12:35:00,2997.68,-28.7,TRADE
VIC1,2025-02-21 12:40:00,2936.88,-28.75,TRADE
VIC1,2025-02-21 12:45:00,2964.96,-28.71,TRADE
VIC1,2025-02-21 12:50:00,3012.05,-28.01,TRADE
VIC1,2025-02-21 12:55:00,3138.18,-28.09,TRADE
VIC1,2025-02-21 13:00:00,3208.58,-27.28,TRADE
VIC1,2025-02-21 13:05:00,3062.73,-29.34,TRADE
VIC1,2025-02-21 13:10:00,3103.26,-29.98,TRADE
VIC1,2025-02-21 13:15:00,3156.91,-27.31,TRADE
VIC1,2025-02-21 13:20:00,3108.55,-29.39,TRADE
VIC1,2025-02-21 13:25:00,2909.1,-28.23,TRADE
VIC1,2025-02-21 13:30:00,2936.72,-28.54,TRADE
VIC1,2025-02-21 13:35:00,2998.02,-28.48,TRADE
VIC1,2025-02-21 13:40:00,3019.14,-14.48,TRADE
VIC1,2025-02-21 13:45:00,3079.84,-21.24,TRADE
VIC1,2025-02-21 13:50:00,3099.2,-21.26,TRADE
VIC1,2025-02-21 13:55:00,3120.57,-29.22,TRADE
VIC1,2025-02-21 14:00:00,3124.11,-29.3,TRADE
VIC1,2025-02-21 14:05:00,3185.58,-26.0,TRADE
VIC1,2025-02-21 14:10:00,3240.02,-27.51,TRADE
VIC1,2025-02-21 14:15:00,3370.24,-27.43,TRADE
VIC1,2025-02-21 14:20:00,3313.1,-22.9,TRADE
VIC1,2025-02-21 14:25:00,3440.36,0.0,TRADE
VIC1,2025-02-21 14:30:00,3419.45,-14.69,TRADE
VIC1,2025-02-21 14:35:00,3532.32,-17.06,TRADE
VIC1,2025-02-21 14:40:00,3541.41,-1.98,TRADE
VIC1,2025-02-21 14:45:00,3571.79,0.0,TRADE
VIC1,2025-02-21 14:50:00,3685.47,33.48,TRADE
VIC1,2025-02-21 14:55:00,3791.53,44.26,TRADE
VIC1,2025-02-21 15:00:00,3862.7,20.47,TRADE
VIC1,2025-02-21 15:05:00,4005.33,12.0,TRADE
VIC1,2025-02-21 15:10:00,4120.75,13.38,TRADE
VIC1,2025-02-21 15:15:00,4166.53,12.01,TRADE
VIC1,2025-02-21 15:20:00,4262.4,12.0,TRADE
VIC1,2025-02-21 15:25:00,4443.92,43.56,TRADE
VIC1,2025-02-21 15:30:00,4448.7,19.9,TRADE
VIC1,2025-02-21 15:35:00,4624.73,20.12,TRADE
VIC1,2025-02-21 15:40:00,4792.37,8.95,TRADE
VIC1,2025-02-21 15:45:00,4816.28,59.0,TRADE
VIC1,2025-02-21 15:50:00,4932.7,76.64,TRADE
VIC1,2025-02-21 15:55:00,4930.84,36.08,TRADE
VIC1,2025-02-21 16:00:00,4985.42,77.9,TRADE
VIC1,2025-02-21 16:05:00,5030.36,12.11,TRADE
VIC1,2025-02-21 16:10:00,5113.32,35.0,TRADE
VIC1,2025-02-21 16:15:00,5155.2,48.85,TRADE
VIC1,2025-02-21 16:20:00,5358.45,36.93,TRADE
VIC1,2025-02-21 16:25:00,5616.72,97.18,TRADE
VIC1,2025-02-21 16:30:00,5578.67,79.0,TRADE
VIC1,2025-02-21 16:35:00,5712.55,90.0,TRADE
VIC1,2025-02-21 16:40:00,5719.81,113.98,TRADE
VIC1,2025-02-21 16:45:00,5777.55,108.01,TRADE
VIC1,2025-02-21 16:50:00,5801.24,56.2,TRADE
VIC1,2025-02-21 16:55:00,5719.53,57.14,TRADE
VIC1,2025-02-21 17:00:00,5912.04,90.0,TRADE
VIC1,2025-02-21 17:05:00,6012.5,113.63,TRADE
VIC1,2025-02-21 17:10:00,6006.48,118.67,TRADE
VIC1,2025-02-21 17:15:00,5965.58,124.99,TRADE
VIC1,2025-02-21 17:20:00,6000.48,135.72,TRADE
VIC1,2025-02-21 17:25:00,6141.88,156.53,TRADE
VIC1,2025-02-21 17:30:00,6229.9,171.25,TRADE
VIC1,2025-02-21 17:35:00,6380.54,132.37,TRADE
VIC1,2025-02-21 17:40:00,6427.88,140.86,TRADE
VIC1,2025-02-21 17:45:00,6512.8,170.23,TRADE
VIC1,2025-02-21 17:50:00,6540.68,160.0,TRADE
VIC1,2025-02-21 17:55:00,6669.73,141.12,TRADE
VIC1,2025-02-21 18:00:00,6676.14,170.23,TRADE
VIC1,2025-02-21 18:05:00,6766.23,170.23,TRADE
VIC1,2025-02-21 18:10:00,6766.27,177.43,TRADE
VIC1,2025-02-21 18:15:00,6773.9,177.21,TRADE
VIC1,2025-02-21 18:20:00,6890.54,231.35,TRADE
VIC1,2025-02-21 18:25:00,6917.06,218.87,TRADE
VIC1,2025-02-21 18:30:00,6814.4,183.85,TRADE
VIC1,2025-02-21 18:35:00,6657.5,152.34,TRADE
VIC1,2025-02-21 18:40:00,6775.87,160.0,TRADE
VIC1,2025-02-21 18:45:00,6770.54,158.3,TRADE
VIC1,2025-02-21 18:50:00,6671.47,156.54,TRADE
VIC1,2025-02-21 18:55:00,6722.4,172.24,TRADE
VIC1,2025-02-21 19:00:00,6747.7,172.47,TRADE
VIC1,2025-02-21 19:05:00,6631.05,155.83,TRADE
VIC1,2025-02-21 19:10:00,6650.32,186.95,TRADE
VIC1,2025-02-21 19:15:00,6658.63,158.99,TRADE
VIC1,2025-02-21 19:20:00,6660.23,197.89,TRADE
VIC1,2025-02-21 19:25:00,6632.15,183.85,TRADE
VIC1,2025-02-21 19:30:00,6679.46,183.85,TRADE
VIC1,2025-02-21 19:35:00,6749.05,202.76,TRADE
VIC1,2025-02-21 19:40:00,6643.42,156.5,TRADE
VIC1,2025-02-21 19:45:00,6671.2,154.99,TRADE
VIC1,2025-02-21 19:50:00,6626.91,183.85,TRADE
VIC1,2025-02-21 19:55:00,6587.0,160.77,TRADE
VIC1,2025-02-21 20:00:00,6596.44,160.5,TRADE
VIC1,2025-02-21 20:05:00,6374.91,155.79,TRADE
VIC1,2025-02-21 20:10:00,6346.28,156.7,TRADE
VIC1,2025-02-21 20:15:00,6285.2,157.16,TRADE
VIC1,2025-02-21 20:20:00,6193.58,147.98,TRADE
VIC1,2025-02-21 20:25:00,6202.29,147.8,TRADE
VIC1,2025-02-21 20:30:00,6133.59,129.7,TRADE
VIC1,2025-02-21 20:35:00,6071.2,139.19,TRADE
VIC1,2025-02-21 20:40:00,5927.86,127.99,TRADE
VIC1,2025-02-21 20:45:00,5903.72,127.39,TRADE
VIC1,2025-02-21 20:50:00,5904.9,139.19,TRADE
VIC1,2025-02-21 20:55:00,5846.43,150.64,TRADE
VIC1,2025-02-21 21:00:00,5767.08,128.51,TRADE
VIC1,2025-02-21 21:05:00,5739.45,138.83,TRADE
VIC1,2025-02-21 21:10:00,5750.71,139.55,TRADE
VIC1,2025-02-21 21:15:00,5695.2,125.85,TRADE
VIC1,2025-02-21 21:20:00,5666.32,135.51,TRADE
VIC1,2025-02-21 21:25:00,5602.46,126.14,TRADE
VIC1,2025-02-21 21:30:00,5547.77,123.46,TRADE
VIC1,2025-02-21 21:35:00,5569.34,128.45,TRADE
VIC1,2025-02-21 21:40:00,5583.6,129.44,TRADE
VIC1,2025-02-21 21:45:00,5537.52,129.03,TRADE
VIC1,2025-02-21 21:50:00,5474.56,130.62,TRADE
VIC1,2025-02-21 21:55:00,5422.33,127.04,TRADE
VIC1,2025-02-21 22:00:00,5326.09,125.26,TRADE
VIC1,2025-02-21 22:05:00,5196.89,120.81,TRADE
VIC1,2025-02-21 22:10:00,5121.22,118.42,TRADE
VIC1,2025-02-21 22:15:00,5205.06,125.22,TRADE
VIC1,2025-02-21 22:20:00,5222.7,125.77,TRADE
VIC1,2025-02-21 22:25:00,5166.13,123.3,TRADE
VIC1,2025-02-21 22:30:00,5120.41,118.42,TRADE
VIC1,2025-02-21 22:35:00,5125.11,118.18,TRADE
VIC1,2025-02-21 22:40:00,5115.66,118.11,TRADE
VIC1,2025-02-21 22:45:00,4993.73,115.67,TRADE
VIC1,2025-02-21 22:50:00,5062.12,117.41,TRADE
VIC1,2025-02-21 22:55:00,4990.21,117.5,TRADE
VIC1,2025-02-21 23:00:00,4892.94,114.48,TRADE
VIC1,2025-02-21 23:05:00,4958.1,116.26,TRADE
VIC1,2025-02-21 23:10:00,5061.1,124.33,TRADE
VIC1,2025-02-21 23:15:00,5135.39,126.33,TRADE
VIC1,2025-02-21 23:20:00,5182.32,126.43,TRADE
VIC1,2025-02-21 23:25:00,5066.8,123.68,TRADE
VIC1,2025-02-21 23:30:00,5111.55,124.99,TRADE
VIC1,2025-02-21 23:35:00,5099.12,148.03,TRADE
VIC1,2025-02-21 23:40:00,5067.93,149.58,TRADE
VIC1,2025-02-21 23:45:00,5048.17,124.96,TRADE
VIC1,2025-02-21 23:50:00,4896.46,117.44,TRADE
VIC1,2025-02-21 23:55:00,4821.62,115.35,TRADE
VIC1,2025-02-24 00:00:00,4392.32,62.56,TRADE
VIC1,2025-02-24 00:05:00,4251.08,62.8,TRADE
VIC1,2025-02-24 00:10:00,4261.3,67.6,TRADE
VIC1,2025-02-24 00:15:00,4272.33,68.03,TRADE
VIC1,2025-02-24 00:20:00,4191.65,64.35,TRADE
VIC1,2025-02-24 00:25:00,4202.75,67.51,TRADE
VIC1,2025-02-24 00:30:00,4185.25,66.93,TRADE
VIC1,2025-02-24 00:35:00,4074.48,64.35,TRADE
VIC1,2025-02-24 00:40:00,4147.01,67.69,TRADE
VIC1,2025-02-24 00:45:00,4132.87,67.68,TRADE
VIC1,2025-02-24 00:50:00,4099.03,66.51,TRADE
VIC1,2025-02-24 00:55:00,4035.16,66.01,TRADE
VIC1,2025-02-24 01:00:00,3969.69,67.11,TRADE
VIC1,2025-02-24 01:05:00,3889.63,49.07,TRADE
VIC1,2025-02-24 01:10:00,4008.07,65.97,TRADE
VIC1,2025-02-24 01:15:00,3967.05,66.68,TRADE
VIC1,2025-02-24 01:20:00,3897.66,64.58,TRADE
VIC1,2025-02-24 01:25:00,3904.67,62.85,TRADE
VIC1,2025-02-24 01:30:00,3886.5,59.1,TRADE
VIC1,2025-02-24 01:35:00,3866.21,62.99,TRADE
VIC1,2025-02-24 01:40:00,3803.83,64.16,TRADE
VIC1,2025-02-24 01:45:00,3775.95,64.26,TRADE
VIC1,2025-02-24 01:50:00,3804.49,64.74,TRADE
VIC1,2025-02-24 01:55:00,3781.15,64.17,TRADE
VIC1,2025-02-24 02:00:00,3758.11,62.79,TRADE
VIC1,2025-02-24 02:05:00,3738.01,62.58,TRADE
VIC1,2025-02-24 02:10:00,3722.27,63.1,TRADE
VIC1,2025-02-24 02:15:00,3714.4,64.16,TRADE
VIC1,2025-02-24 02:20:00,3599.58,12.0,TRADE
VIC1,2025-02-24 02:25:00,3658.47,65.36,TRADE
VIC1,2025-02-24 02:30:00,3683.28,61.34,TRADE
VIC1,2025-02-24 02:35:00,3699.55,65.16,TRADE
VIC1,2025-02-24 02:40:00,3708.77,65.09,TRADE
VIC1,2025-02-24 02:45:00,3682.09,63.66,TRADE
VIC1,2025-02-24 02:50:00,3701.82,64.32,TRADE
VIC1,2025-02-24 02:55:00,3696.29,65.94,TRADE
VIC1,2025-02-24 03:00:00,3590.59,12.0,TRADE
VIC1,2025-02-24 03:05:00,3565.61,64.78,TRADE
VIC1,2025-02-24 03:10:00,3747.15,67.07,TRADE
VIC1,2025-02-24 03:15:00,3777.66,68.66,TRADE
VIC1,2025-02-24 03:20:00,3762.48,68.64,TRADE
VIC1,2025-02-24 03:25:00,3794.42,70.97,TRADE
VIC1,2025-02-24 03:30:00,3793.55,71.03,TRADE
VIC1,2025-02-24 03:35:00,3795.16,74.9,TRADE
VIC1,2025-02-24 03:40:00,3772.11,71.72,TRADE
VIC1,2025-02-24 03:45:00,3694.97,69.26,TRADE
VIC1,2025-02-24 03:50:00,3778.4,70.46,TRADE
VIC1,2025-02-24 03:55:00,3736.8,68.69,TRADE
VIC1,2025-02-24 04:00:00,3753.77,69.13,TRADE
VIC1,2025-02-24 04:05:00,3882.75,68.71,TRADE
VIC1,2025-02-24 04:10:00,3942.57,75.8,TRADE
VIC1,2025-02-24 04:15:00,3931.05,74.83,TRADE
VIC1,2025-02-24 04:20:00,3978.59,77.57,TRADE
VIC1,2025-02-24 04:25:00,4012.71,79.0,TRADE
VIC1,2025-02-24 04:30:00,4052.52,81.73,TRADE
VIC1,2025-02-24 04:35:00,3981.41,79.0,TRADE
VIC1,2025-02-24 04:40:00,4158.48,103.99,TRADE
VIC1,2025-02-24 04:45:00,4169.02,103.23,TRADE
VIC1,2025-02-24 04:50:00,4222.55,103.97,TRADE
VIC1,2025-02-24 04:55:00,4244.66,103.06,TRADE
VIC1,2025-02-24 05:00:00,4252.38,103.07,TRADE
VIC1,2025-02-24 05:05:00,4313.63,99.0,TRADE
VIC1,2025-02-24 05:10:00,4428.7,114.84,TRADE
VIC1,2025-02-24 05:15:00,4403.39,116.26,TRADE
VIC1,2025-02-24 05:20:00,4359.64,117.5,TRADE
VIC1,2025-02-24 05:25:00,4521.97,120.0,TRADE
VIC1,2025-02-24 05:30:00,4539.46,117.77,TRADE
VIC1,2025-02-24 05:35:00,4601.55,98.04,TRADE
VIC1,2025-02-24 05:40:00,4701.36,112.61,TRADE
VIC1,2025-02-24 05:45:00,4769.72,112.54,TRADE
VIC1,2025-02-24 05:50:00,4775.27,112.83,TRADE
VIC1,2025-02-24 05:55:00,4787.93,112.22,TRADE
VIC1,2025-02-24 06:00:00,4874.18,112.39,TRADE
VIC1,2025-02-24 06:05:00,4918.25,107.83,TRADE
VIC1,2025-02-24 06:10:00,5046.85,115.97,TRADE
VIC1,2025-02-24 06:15:00,5168.24,120.0,TRADE
VIC1,2025-02-24 06:20:00,5246.85,135.89,TRADE
VIC1,2025-02-24 06:25:00,5147.38,132.22,TRADE
VIC1,2025-02-24 06:30:00,5239.41,118.33,TRADE
VIC1,2025-02-24 06:35:00,5243.92,124.43,TRADE
VIC1,2025-02-24 06:40:00,5308.76,130.59,TRADE
VIC1,2025-02-24 06:45:00,5293.97,161.53,TRADE
VIC1,2025-02-24 06:50:00,5267.99,131.56,TRADE
VIC1,2025-02-24 06:55:00,5187.97,116.27,TRADE
VIC1,2025-02-24 07:00:00,5180.46,110.47,TRADE
VIC1,2025-02-24 07:05:00,5120.22,112.39,TRADE
VIC1,2025-02-24 07:10:00,5094.82,100.81,TRADE
VIC1,2025-02-24 07:15:00,5031.49,91.19,TRADE
VIC1,2025-02-24 07:20:00,4927.74,50.6,TRADE
VIC1,2025-02-24 07:25:00,4965.41,79.94,TRADE
VIC1,2025-02-24 07:30:00,4921.02,8.95,TRADE
VIC1,2025-02-24 07:35:00,4895.72,33.89,TRADE
VIC1,2025-02-24 07:40:00,4740.15,1.65,TRADE
VIC1,2025-02-24 07:45:00,4641.05,0.0,TRADE
VIC1,2025-02-24 07:50:00,4600.34,8.95,TRADE
VIC1,2025-02-24 07:55:00,4581.02,8.95,TRADE
VIC1,2025-02-24 08:00:00,4510.16,8.95,TRADE
VIC1,2025-02-24 08:05:00,4492.6,17.37,TRADE
VIC1,2025-02-24 08:10:00,4486.45,16.7,TRADE
VIC1,2025-02-24 08:15:00,4372.71,17.21,TRADE
VIC1,2025-02-24 08:20:00,4575.23,17.47,TRADE
VIC1,2025-02-24 08:25:00,4488.81,17.05,TRADE
VIC1,2025-02-24 08:30:00,4351.36,15.97,TRADE
VIC1,2025-02-24 08:35:00,4348.41,11.66,TRADE
VIC1,2025-02-24 08:40:00,4292.34,10.04,TRADE
VIC1,2025-02-24 08:45:00,4401.93,1.08,TRADE
VIC1,2025-02-24 08:50:00,4426.46,8.95,TRADE
VIC1,2025-02-24 08:55:00,4311.31,8.95,TRADE
VIC1,2025-02-24 09:00:00,4230.11,0.0,TRADE
VIC1,2025-02-24 09:05:00,4367.07,33.0,TRADE
VIC1,2025-02-24 09:10:00,4300.47,8.95,TRADE
VIC1,2025-02-24 09:15:00,4186.99,1.07,TRADE
VIC1,2025-02-24 09:20:00,4245.24,8.95,TRADE
VIC1,2025-02-24 09:25:00,4276.52,9.81,TRADE
VIC1,2025-02-24 09:30:00,4259.04,8.95,TRADE
VIC1,2025-02-24 09:35:00,4198.13,8.95,TRADE
VIC1,2025-02-24 09:40:00,4103.82,1.07,TRADE
VIC1,2025-02-24 09:45:00,4101.29,8.95,TRADE
VIC1,2025-02-24 09:50:00,4065.13,1.07,TRADE
VIC1,2025-02-24 09:55:00,4075.27,1.07,TRADE
VIC1,2025-02-24 10:00:00,4045.59,8.95,TRADE
VIC1,2025-02-24 10:05:00,4037.17,5.36,TRADE
VIC1,2025-02-24 10:10:00,4089.25,34.81,TRADE
VIC1,2025-02-24 10:15:00,4036.29,9.57,TRADE
VIC1,2025-02-24 10:20:00,4060.25,8.95,TRADE
VIC1,2025-02-24 10:25:00,4023.41,1.07,TRADE
VIC1,2025-02-24 10:30:00,3889.77,1.06,TRADE
VIC1,2025-02-24 10:35:00,3910.4,8.95,TRADE
VIC1,2025-02-24 10:40:00,3810.42,1.06,TRADE
VIC1,2025-02-24 10:45:00,3804.46,8.95,TRADE
VIC1,2025-02-24 10:50:00,3827.86,9.78,TRADE
VIC1,2025-02-24 10:55:00,3781.05,8.92,TRADE
VIC1,2025-02-24 11:00:00,3710.89,8.95,TRADE
VIC1,2025-02-24 11:05:00,3692.88,15.12,TRADE
VIC1,2025-02-24 11:10:00,3724.6,49.51,TRADE
VIC1,2025-02-24 11:15:00,3687.86,10.31,TRADE
VIC1,2025-02-24 11:20:00,3577.69,-19.99,TRADE
VIC1,2025-02-24 11:25:00,3640.59,-8.69,TRADE
VIC1,2025-02-24 11:30:00,3689.81,8.95,TRADE
VIC1,2025-02-24 11:35:00,3679.95,10.11,TRADE
VIC1,2025-02-24 11:40:00,3729.31,8.95,TRADE
VIC1,2025-02-24 11:45:00,3719.12,-13.07,TRADE
VIC1,2025-02-24 11:50:00,3699.54,8.95,TRADE
VIC1,2025-02-24 11:55:00,3631.97,8.95,TRADE
VIC1,2025-02-24 12:00:00,3507.39,-31.08,TRADE
VIC1,2025-02-24 12:05:00,3549.18,-31.05,TRADE
VIC1,2025-02-24 12:10:00,3616.72,8.95,TRADE
VIC1,2025-02-24 12:15:00,3555.68,-17.4,TRADE
VIC1,2025-02-24 12:20:00,3519.04,-20.19,TRADE
VIC1,2025-02-24 12:25:00,3440.78,-30.75,TRADE
VIC1,2025-02-24 12:30:00,3488.2,-28.57,TRADE
VIC1,2025-02-24 12:35:00,3459.13,-32.63,TRADE
VIC1,2025-02-24 12:40:00,3468.68,-28.01,TRADE
VIC1,2025-02-24 12:45:00,3424.8,-8.69,TRADE
VIC1,2025-02-24 12:50:00,3399.01,-8.69,TRADE
VIC1,2025-02-24 12:55:00,3498.44,-20.19,TRADE
VIC1,2025-02-24 13:00:00,3451.08,-21.0,TRADE
VIC1,2025-02-24 13:05:00,3393.19,9.85,TRADE
VIC1,2025-02-24 13:10:00,3140.76,0.0,TRADE
VIC1,2025-02-24 13:15:00,3230.82,10.61,TRADE
VIC1,2025-02-24 13:20:00,3082.42,8.95,TRADE
VIC1,2025-02-24 13:25:00,3079.1,8.95,TRADE
VIC1,2025-02-24 13:30:00,3045.46,9.96,TRADE
VIC1,2025-02-24 13:35:00,3108.89,8.95,TRADE
VIC1,2025-02-24 13:40:00,3070.35,-8.69,TRADE
VIC1,2025-02-24 13:45:00,3076.48,-8.69,TRADE
VIC1,2025-02-24 13:50:00,3112.19,10.14,TRADE
VIC1,2025-02-24 13:55:00,3077.34,8.95,TRADE
VIC1,2025-02-24 14:00:00,3051.78,2.64,TRADE
VIC1,2025-02-24 14:05:00,3102.63,13.72,TRADE
VIC1,2025-02-24 14:10:00,3114.54,9.8,TRADE
VIC1,2025-02-24 14:15:00,3103.47,8.95,TRADE
VIC1,2025-02-24 14:20:00,3209.85,15.12,TRADE
VIC1,2025-02-24 14:25:00,3243.94,9.78,TRADE
VIC1,2025-02-24 14:30:00,3309.13,15.12,TRADE
VIC1,2025-02-24 14:35:00,3212.39,8.95,TRADE
VIC1,2025-02-24 14:40:00,3168.18,-18.15,TRADE
VIC1,2025-02-24 14:45:00,3258.63,8.95,TRADE
VIC1,2025-02-24 14:50:00,3344.92,0.0,TRADE
VIC1,2025-02-24 14:55:00,3425.62,8.95,TRADE
VIC1,2025-02-24 15:00:00,3511.52,8.95,TRADE
VIC1,2025-02-24 15:05:00,3564.77,8.95,TRADE
VIC1,2025-02-24 15:10:00,3598.72,8.95,TRADE
VIC1,2025-02-24 15:15:00,3594.94,8.95,TRADE
VIC1,2025-02-24 15:20:00,3749.52,9.76,TRADE
VIC1,2025-02-24 15:25:00,3810.06,8.95,TRADE
VIC1,2025-02-24 15:30:00,3748.71,8.95,TRADE
VIC1,2025-02-24 15:35:00,3789.38,15.12,TRADE
VIC1,2025-02-24 15:40:00,3776.49,55.77,TRADE
VIC1,2025-02-24 15:45:00,3807.26,34.66,TRADE
VIC1,2025-02-24 15:50:00,3828.38,34.61,TRADE
VIC1,2025-02-24 15:55:00,4028.97,15.12,TRADE
VIC1,2025-02-24 16:00:00,4140.19,15.12,TRADE
VIC1,2025-02-24 16:05:00,4258.4,20.46,TRADE
VIC1,2025-02-24 16:10:00,4305.32,15.12,TRADE
VIC1,2025-02-24 16:15:00,4314.48,15.12,TRADE
VIC1,2025-02-24 16:20:00,4442.38,8.95,TRADE
VIC1,2025-02-24 16:25:00,4505.33,8.95,TRADE
VIC1,2025-02-24 16:30:00,4703.59,-4.56,TRADE
VIC1,2025-02-24 16:35:00,4755.57,20.04,TRADE
VIC1,2025-02-24 16:40:00,4834.7,8.95,TRADE
VIC1,2025-02-24 16:45:00,4875.37,27.19,TRADE
VIC1,2025-02-24 16:50:00,5023.22,-4.99,TRADE
VIC1,2025-02-24 16:55:00,5039.89,6.41,TRADE
VIC1,2025-02-24 17:00:00,5055.68,8.95,TRADE
VIC1,2025-02-24 17:05:00,5072.74,20.04,TRADE
VIC1,2025-02-24 17:10:00,5114.92,95.34,TRADE
VIC1,2025-02-24 17:15:00,5287.5,38.95,TRADE
VIC1,2025-02-24 17:20:00,5360.72,40.31,TRADE
VIC1,2025-02-24 17:25:00,5365.99,44.47,TRADE
VIC1,2025-02-24 17:30:00,5515.36,80.44,TRADE
VIC1,2025-02-24 17:35:00,5610.63,23.32,TRADE
VIC1,2025-02-24 17:40:00,5561.77,198.24,TRADE
VIC1,2025-02-24 17:45:00,5551.62,170.54,TRADE
VIC1,2025-02-24 17:50:00,5522.15,205.22,TRADE
VIC1,2025-02-24 17:55:00,5589.45,191.05,TRADE
VIC1,2025-02-24 18:00:00,5619.41,242.14,TRADE
VIC1,2025-02-24 18:05:00,5646.52,213.58,TRADE
VIC1,2025-02-24 18:10:00,5760.09,167.67,TRADE
VIC1,2025-02-24 18:15:00,5830.13,207.12,TRADE
VIC1,2025-02-24 18:20:00,5923.07,215.75,TRADE
VIC1,2025-02-24 18:25:00,5889.07,166.08,TRADE
VIC1,2025-02-24 18:30:00,5848.44,211.12,TRADE
VIC1,2025-02-24 18:35:00,5862.54,161.45,TRADE
VIC1,2025-02-24 18:40:00,5881.55,169.58,TRADE
VIC1,2025-02-24 18:45:00,5841.36,150.39,TRADE
VIC1,2025-02-24 18:50:00,5874.98,160.0,TRADE
VIC1,2025-02-24 18:55:00,5834.77,147.39,TRADE
VIC1,2025-02-24 19:00:00,5759.01,147.63,TRADE
VIC1,2025-02-24 19:05:00,5731.55,146.08,TRADE
VIC1,2025-02-24 19:10:00,5751.01,148.26,TRADE
VIC1,2025-02-24 19:15:00,5797.97,135.79,TRADE
VIC1,2025-02-24 19:20:00,5779.96,122.05,TRADE
VIC1,2025-02-24 19:25:00,5698.8,121.84,TRADE
VIC1,2025-02-24 19:30:00,5645.83,120.0,TRADE
VIC1,2025-02-24 19:35:00,5733.69,115.89,TRADE
VIC1,2025-02-24 19:40:00,5689.72,118.02,TRADE
VIC1,2025-02-24 19:45:00,5713.38,115.67,TRADE
VIC1,2025-02-24 19:50:00,5593.5,105.79,TRADE
VIC1,2025-02-24 19:55:00,5632.06,106.41,TRADE
VIC1,2025-02-24 20:00:00,5549.48,93.72,TRADE
VIC1,2025-02-24 20:05:00,5558.44,91.75,TRADE
VIC1,2025-02-24 20:10:00,5599.94,108.36,TRADE
VIC1,2025-02-24 20:15:00,5489.85,95.59,TRADE
VIC1,2025-02-24 20:20:00,5547.17,96.43,TRADE
VIC1,2025-02-24 20:25:00,5515.21,90.77,TRADE
VIC1,2025-02-24 20:30:00,5489.72,85.43,TRADE
VIC1,2025-02-24 20:35:00,5477.7,79.0,TRADE
VIC1,2025-02-24 20:40:00,5328.81,79.0,TRADE
VIC1,2025-02-24 20:45:00,5273.43,79.0,TRADE
VIC1,2025-02-24 20:50:00,5284.82,98.11,TRADE
VIC1,2025-02-24 20:55:00,5270.29,81.24,TRADE
VIC1,2025-02-24 21:00:00,5144.51,80.59,TRADE
VIC1,2025-02-24 21:05:00,5191.28,79.51,TRADE
VIC1,2025-02-24 21:10:00,5206.21,79.0,TRADE
VIC1,2025-02-24 21:15:00,5155.82,82.0,TRADE
VIC1,2025-02-24 21:20:00,4997.12,79.0,TRADE
VIC1,2025-02-24 21:25:00,4958.44,79.0,TRADE
VIC1,2025-02-24 21:30:00,5027.77,79.0,TRADE
VIC1,2025-02-24 21:35:00,4978.42,79.0,TRADE
VIC1,2025-02-24 21:40:00,5008.79,136.97,TRADE
VIC1,2025-02-24 21:45:00,4943.63,99.87,TRADE
VIC1,2025-02-24 21:50:00,4910.35,99.78,TRADE
VIC1,2025-02-24 21:55:00,4871.47,81.54,TRADE
VIC1,2025-02-24 22:00:00,4835.51,81.24,TRADE
VIC1,2025-02-24 22:05:00,4655.99,73.53,TRADE
VIC1,2025-02-24 22:10:00,4706.43,74.01,TRADE
VIC1,2025-02-24 22:15:00,4762.15,77.16,TRADE
VIC1,2025-02-24 22:20:00,4782.11,73.95,TRADE
VIC1,2025-02-24 22:25:00,4730.67,73.36,TRADE
VIC1,2025-02-24 22:30:00,4751.4,73.85,TRADE
VIC1,2025-02-24 22:35:00,4762.54,74.0,TRADE
VIC1,2025-02-24 22:40:00,4710.42,74.56,TRADE
VIC1,2025-02-24 22:45:00,4753.55,74.5,TRADE
VIC1,2025-02-24 22:50:00,4571.78,70.66,TRADE
VIC1,2025-02-24 22:55:00,4592.99,72.06,TRADE
VIC1,2025-02-24 23:00:00,4673.49,71.51,TRADE
VIC1,2025-02-24 23:05:00,4686.39,79.0,TRADE
VIC1,2025-02-24 23:10:00,4725.3,74.24,TRADE
VIC1,2025-02-24 23:15:00,4796.51,74.89,TRADE
VIC1,2025-02-24 23:20:00,4796.0,72.82,TRADE
VIC1,2025-02-24 23:25:00,4799.8,79.0,TRADE
VIC1,2025-02-24 23:30:00,4710.12,73.57,TRADE
VIC1,2025-02-24 23:35:00,4702.34,75.12,TRADE
VIC1,2025-02-24 23:40:00,4630.46,79.0,TRADE
VIC1,2025-02-24 23:45:00,4665.1,80.78,TRADE
VIC1,2025-02-24 23:50:00,4641.6,79.0,TRADE
VIC1,2025-02-24 23:55:00,4462.11,79.0,TRADE
VIC1,2025-02-25 00:00:00,4588.74,79.0,TRADE
VIC1,2025-02-25 00:05:00,4514.49,75.63,TRADE
VIC1,2025-02-25 00:10:00,4511.54,79.0,TRADE
VIC1,2025-02-25 00:15:00,4446.88,79.0,TRADE
VIC1,2025-02-25 00:20:00,4325.03,79.0,TRADE
VIC1,2025-02-25 00:25:00,4299.35,74.71,TRADE
VIC1,2025-02-25 00:30:00,4319.34,79.0,TRADE
VIC1,2025-02-25 00:35:00,4286.07,76.52,TRADE
VIC1,2025-02-25 00:40:00,4245.17,76.5,TRADE
VIC1,2025-02-25 00:45:00,4225.22,76.34,TRADE
VIC1,2025-02-25 00:50:00,4215.26,76.32,TRADE
VIC1,2025-02-25 00:55:00,4220.92,77.65,TRADE
VIC1,2025-02-25 01:00:00,4130.72,75.72,TRADE
VIC1,2025-02-25 01:05:00,4118.95,76.63,TRADE
VIC1,2025-02-25 01:10:00,4145.82,77.57,TRADE
VIC1,2025-02-25 01:15:00,4107.27,79.0,TRADE
VIC1,2025-02-25 01:20:00,4088.07,76.15,TRADE
VIC1,2025-02-25 01:25:00,4143.57,79.0,TRADE
VIC1,2025-02-25 01:30:00,4095.03,75.39,TRADE
VIC1,2025-02-25 01:35:00,4032.82,74.82,TRADE
VIC1,2025-02-25 01:40:00,4090.86,76.64,TRADE
VIC1,2025-02-25 01:45:00,4102.99,80.92,TRADE
VIC1,2025-02-25 01:50:00,4094.95,74.74,TRADE
VIC1,2025-02-25 01:55:00,3972.36,74.37,TRADE
VIC1,2025-02-25 02:00:00,4000.81,74.34,TRADE
VIC1,2025-02-25 02:05:00,3941.89,74.87,TRADE
VIC1,2025-02-25 02:10:00,4062.81,79.0,TRADE
VIC1,2025-02-25 02:15:00,4023.96,75.62,TRADE
VIC1,2025-02-25 02:20:00,4002.35,74.36,TRADE
VIC1,2025-02-25 02:25:00,4045.77,74.05,TRADE
VIC1,2025-02-25 02:30:00,3964.8,70.59,TRADE
VIC1,2025-02-25 02:35:00,4040.66,74.75,TRADE
VIC1,2025-02-25 02:40:00,4021.96,74.73,TRADE
VIC1,2025-02-25 02:45:00,4022.03,74.01,TRADE
VIC1,2025-02-25 02:50:00,3993.51,71.94,TRADE
VIC1,2025-02-25 02:55:00,4012.21,71.36,TRADE
VIC1,2025-02-25 03:00:00,3931.81,70.71,TRADE
VIC1,2025-02-25 03:05:00,3942.67,73.02,TRADE
VIC1,2025-02-25 03:10:00,3959.05,68.13,TRADE
VIC1,2025-02-25 03:15:00,4045.25,68.13,TRADE
VIC1,2025-02-25 03:20:00,3969.56,68.19,TRADE
VIC1,2025-02-25 03:25:00,4000.78,72.43,TRADE
VIC1,2025-02-25 03:30:00,4028.23,71.34,TRADE
VIC1,2025-02-25 03:35:00,3997.89,71.67,TRADE
VIC1,2025-02-25 03:40:00,4085.88,73.43,TRADE
VIC1,2025-02-25 03:45:00,4088.5,72.33,TRADE
VIC1,2025-02-25 03:50:00,4119.67,72.86,TRADE
VIC1,2025-02-25 03:55:00,4087.19,72.33,TRADE
VIC1,2025-02-25 04:00:00,4078.72,70.48,TRADE
VIC1,2025-02-25 04:05:00,4164.86,73.01,TRADE
VIC1,2025-02-25 04:10:00,4240.3,72.78,TRADE
VIC1,2025-02-25 04:15:00,4244.91,73.92,TRADE
VIC1,2025-02-25 04:20:00,4258.35,73.0,TRADE
VIC1,2025-02-25 04:25:00,4341.14,78.13,TRADE
VIC1,2025-02-25 04:30:00,4375.27,79.0,TRADE
VIC1,2025-02-25 04:35:00,4359.59,79.0,TRADE
VIC1,2025-02-25 04:40:00,4289.6,79.0,TRADE
VIC1,2025-02-25 04:45:00,4328.06,79.0,TRADE
VIC1,2025-02-25 04:50:00,4398.03,86.41,TRADE
VIC1,2025-02-25 04:55:00,4391.03,84.44,TRADE
VIC1,2025-02-25 05:00:00,4431.92,105.04,TRADE
VIC1,2025-02-25 05:05:00,4450.09,83.17,TRADE
VIC1,2025-02-25 05:10:00,4578.43,84.58,TRADE
VIC1,2025-02-25 05:15:00,4650.58,105.19,TRADE
VIC1,2025-02-25 05:20:00,4677.08,108.42,TRADE
VIC1,2025-02-25 05:25:00,4714.88,105.3,TRADE
VIC1,2025-02-25 05:30:00,4859.89,131.82,TRADE
VIC1,2025-02-25 05:35:00,4930.03,133.16,TRADE
VIC1,2025-02-25 05:40:00,5065.73,151.99,TRADE
VIC1,2025-02-25 05:45:00,5184.63,138.62,TRADE
VIC1,2025-02-25 05:50:00,5216.14,142.63,TRADE
VIC1,2025-02-25 05:55:00,5169.49,138.27,TRADE
VIC1,2025-02-25 06:00:00,5261.93,170.23,TRADE
VIC1,2025-02-25 06:05:00,5243.36,127.04,TRADE
VIC1,2025-02-25 06:10:00,5406.13,163.79,TRADE
VIC1,2025-02-25 06:15:00,5472.41,171.02,TRADE
VIC1,2025-02-25 06:20:00,5467.32,223.37,TRADE
VIC1,2025-02-25 06:25:00,5457.81,125.6,TRADE
VIC1,2025-02-25 06:30:00,5340.98,115.35,TRADE
VIC1,2025-02-25 06:35:00,5421.41,128.16,TRADE
VIC1,2025-02-25 06:40:00,5472.65,135.63,TRADE
VIC1,2025-02-25 06:45:00,5437.52,135.89,TRADE
VIC1,2025-02-25 06:50:00,5480.3,136.14,TRADE
VIC1,2025-02-25 06:55:00,5409.31,133.89,TRADE
VIC1,2025-02-25 07:00:00,5364.3,119.5,TRADE
VIC1,2025-02-25 07:05:00,5294.38,113.32,TRADE
VIC1,2025-02-25 07:10:00,5157.8,79.31,TRADE
VIC1,2025-02-25 07:15:00,5192.45,59.0,TRADE
VIC1,2025-02-25 07:20:00,5180.9,97.8,TRADE
VIC1,2025-02-25 07:25:00,5119.2,60.23,TRADE
VIC1,2025-02-25 07:30:00,5074.43,35.0,TRADE
VIC1,2025-02-25 07:35:00,4976.24,57.58,TRADE
VIC1,2025-02-25 07:40:00,4921.7,46.08,TRADE
VIC1,2025-02-25 07:45:00,4801.51,35.48,TRADE
VIC1,2025-02-25 07:50:00,4807.24,46.39,TRADE
VIC1,2025-02-25 07:55:00,4708.88,34.34,TRADE
VIC1,2025-02-25 08:00:00,4755.91,27.3,TRADE
VIC1,2025-02-25 08:05:00,4699.42,35.0,TRADE
VIC1,2025-02-25 08:10:00,4670.83,33.87,TRADE
VIC1,2025-02-25 08:15:00,4638.52,8.95,TRADE
VIC1,2025-02-25 08:20:00,4609.85,33.21,TRADE
VIC1,2025-02-25 08:25:00,4589.98,33.39,TRADE
VIC1,2025-02-25 08:30:00,4424.9,32.51,TRADE
VIC1,2025-02-25 08:35:00,4428.27,45.89,TRADE
VIC1,2025-02-25 08:40:00,4285.13,31.74,TRADE
VIC1,2025-02-25 08:45:00,4198.28,31.44,TRADE
VIC1,2025-02-25 08:50:00,4190.95,31.35,TRADE
VIC1,2025-02-25 08:55:00,4124.64,8.95,TRADE
VIC1,2025-02-25 09:00:00,4059.28,19.88,TRADE
VIC1,2025-02-25 09:05:00,3989.59,17.05,TRADE
VIC1,2025-02-25 09:10:00,3975.83,20.04,TRADE
VIC1,2025-02-25 09:15:00,3877.95,16.87,TRADE
VIC1,2025-02-25 09:20:00,3820.62,16.68,TRADE
VIC1,2025-02-25 09:25:00,3765.66,19.47,TRADE
VIC1,2025-02-25 09:30:00,3707.08,8.95,TRADE
VIC1,2025-02-25 09:35:00,3642.64,15.12,TRADE
VIC1,2025-02-25 09:40:00,3658.96,20.04,TRADE
VIC1,2025-02-25 09:45:00,3549.24,15.12,TRADE
VIC1,2025-02-25 09:50:00,3517.44,12.0,TRADE
VIC1,2025-02-25 09:55:00,3437.92,8.95,TRADE
VIC1,2025-02-25 10:00:00,3365.56,9.0,TRADE
VIC1,2025-02-25 10:05:00,3331.48,9.0,TRADE
VIC1,2025-02-25 10:10:00,3321.64,15.27,TRADE
VIC1,2025-02-25 10:15:00,3280.45,-6.01,TRADE
VIC1,2025-02-25 10:20:00,3111.2,8.95,TRADE
VIC1,2025-02-25 10:25:00,3135.71,13.08,TRADE
VIC1,2025-02-25 10:30:00,3130.38,9.0,TRADE
VIC1,2025-02-25 10:35:00,3205.53,12.0,TRADE
VIC1,2025-02-25 10:40:00,3116.07,8.95,TRADE
VIC1,2025-02-25 10:45:00,3078.5,9.0,TRADE
VIC1,2025-02-25 10:50:00,3095.55,8.95,TRADE
VIC1,2025-02-25 10:55:00,3126.28,8.95,TRADE
VIC1,2025-02-25 11:00:00,3083.89,15.12,TRADE
VIC1,2025-02-25 11:05:00,3043.06,12.42,TRADE
VIC1,2025-02-25 11:10:00,3059.98,19.19,TRADE
VIC1,2025-02-25 11:15:00,3001.05,0.0,TRADE
VIC1,2025-02-25 11:20:00,2941.84,12.42,TRADE
VIC1,2025-02-25 11:25:00,3024.75,12.42,TRADE
VIC1,2025-02-25 11:30:00,3004.99,9.0,TRADE
VIC1,2025-02-25 11:35:00,2992.68,11.37,TRADE
VIC1,2025-02-25 11:40:00,2967.11,12.41,TRADE
VIC1,2025-02-25 11:45:00,2977.23,9.23,TRADE
VIC1,2025-02-25 11:50:00,2909.64,9.0,TRADE
VIC1,2025-02-25 11:55:00,2955.1,19.19,TRADE
VIC1,2025-02-25 12:00:00,3043.62,19.19,TRADE
VIC1,2025-02-25 12:05:00,3039.46,19.19,TRADE
VIC1,2025-02-25 12:10:00,3073.49,20.04,TRADE
VIC1,2025-02-25 12:15:00,2992.22,19.19,TRADE
VIC1,2025-02-25 12:20:00,3065.2,19.19,TRADE
VIC1,2025-02-25 12:25:00,3104.74,16.83,TRADE
VIC1,2025-02-25 12:30:00,3092.44,19.19,TRADE
VIC1,2025-02-25 12:35:00,3049.21,12.42,TRADE
VIC1,2025-02-25 12:40:00,3003.15,20.04,TRADE
VIC1,2025-02-25 12:45:00,3034.28,9.38,TRADE
VIC1,2025-02-25 12:50:00,3135.82,9.4,TRADE
VIC1,2025-02-25 12:55:00,3126.4,20.04,TRADE
VIC1,2025-02-25 13:00:00,3147.11,19.19,TRADE
VIC1,2025-02-25 13:05:00,3209.85,19.19,TRADE
VIC1,2025-02-25 13:10:00,3194.16,19.19,TRADE
VIC1,2025-02-25 13:15:00,3220.04,16.94,TRADE
VIC1,2025-02-25 13:20:00,3262.8,19.19,TRADE
VIC1,2025-02-25 13:25:00,3262.16,36.01,TRADE
VIC1,2025-02-25 13:30:00,3277.74,30.3,TRADE
VIC1,2025-02-25 13:35:00,3353.43,20.19,TRADE
VIC1,2025-02-25 13:40:00,3325.87,30.67,TRADE
VIC1,2025-02-25 13:45:00,3399.44,19.19,TRADE
VIC1,2025-02-25 13:50:00,3417.31,20.09,TRADE
VIC1,2025-02-25 13:55:00,3478.95,31.39,TRADE
VIC1,2025-02-25 14:00:00,3425.7,31.48,TRADE
VIC1,2025-02-25 14:05:00,3474.87,36.01,TRADE
VIC1,2025-02-25 14:10:00,3470.04,36.01,TRADE
VIC1,2025-02-25 14:15:00,3506.35,19.19,TRADE
VIC1,2025-02-25 14:20:00,3516.24,26.72,TRADE
VIC1,2025-02-25 14:25:00,3625.67,47.98,TRADE
VIC1,2025-02-25 14:30:00,3619.93,61.91,TRADE
VIC1,2025-02-25 14:35:00,3656.02,36.01,TRADE
VIC1,2025-02-25 14:40:00,3742.04,43.69,TRADE
VIC1,2025-02-25 14:45:00,3767.94,36.01,TRADE
VIC1,2025-02-25 14:50:00,3805.81,79.49,TRADE
VIC1,2025-02-25 14:55:00,3795.27,55.0,TRADE
VIC1,2025-02-25 15:00:00,3846.23,55.61,TRADE
VIC1,2025-02-25 15:05:00,3871.32,52.45,TRADE
VIC1,2025-02-25 15:10:00,3975.07,58.61,TRADE
VIC1,2025-02-25 15:15:00,4030.55,54.78,TRADE
VIC1,2025-02-25 15:20:00,4037.35,58.48,TRADE
VIC1,2025-02-25 15:25:00,4202.3,58.32,TRADE
VIC1,2025-02-25 15:30:00,4263.02,59.47,TRADE
VIC1,2025-02-25 15:35:00,4333.77,54.22,TRADE
VIC1,2025-02-25 15:40:00,4325.2,58.49,TRADE
VIC1,2025-02-25 15:45:00,4365.9,54.76,TRADE
VIC1,2025-02-25 15:50:00,4395.42,55.28,TRADE
VIC1,2025-02-25 15:55:00,4461.95,24.73,TRADE
VIC1,2025-02-25 16:00:00,4463.26,33.2,TRADE
VIC1,2025-02-25 16:05:00,4484.83,0.0,TRADE
VIC1,2025-02-25 16:10:00,4644.77,0.0,TRADE
VIC1,2025-02-25 16:15:00,4536.99,-19.99,TRADE
VIC1,2025-02-25 16:20:00,4735.9,8.95,TRADE
VIC1,2025-02-25 16:25:00,4932.73,37.03,TRADE
VIC1,2025-02-25 16:30:00,4960.18,46.18,TRADE
VIC1,2025-02-25 16:35:00,5072.5,66.12,TRADE
VIC1,2025-02-25 16:40:00,5163.54,66.12,TRADE
VIC1,2025-02-25 16:45:00,5293.99,94.76,TRADE
VIC1,2025-02-25 16:50:00,5403.72,116.43,TRADE
VIC1,2025-02-25 16:55:00,5516.82,159.8,TRADE
VIC1,2025-02-25 17:00:00,5556.96,125.43,TRADE
VIC1,2025-02-25 17:05:00,5549.49,111.36,TRADE
VIC1,2025-02-25 17:10:00,5507.8,110.22,TRADE
VIC1,2025-02-25 17:15:00,5677.29,113.04,TRADE
VIC1,2025-02-25 17:20:00,5770.43,148.92,TRADE
VIC1,2025-02-25 17:25:00,5768.02,134.16,TRADE
VIC1,2025-02-25 17:30:00,5857.38,185.32,TRADE
VIC1,2025-02-25 17:35:00,5904.79,148.52,TRADE
VIC1,2025-02-25 17:40:00,5954.01,142.94,TRADE
VIC1,2025-02-25 17:45:00,6040.87,153.88,TRADE
VIC1,2025-02-25 17:50:00,6123.25,175.84,TRADE
VIC1,2025-02-25 17:55:00,6220.19,201.37,TRADE
VIC1,2025-02-25 18:00:00,6206.4,195.88,TRADE
VIC1,2025-02-25 18:05:00,6248.16,141.5,TRADE
VIC1,2025-02-25 18:10:00,6248.85,122.94,TRADE
VIC1,2025-02-25 18:15:00,6326.08,125.96,TRADE
VIC1,2025-02-25 18:20:00,6360.75,147.22,TRADE
VIC1,2025-02-25 18:25:00,6490.49,153.88,TRADE
VIC1,2025-02-25 18:30:00,6532.76,148.49,TRADE
VIC1,2025-02-25 18:35:00,6505.36,145.55,TRADE
VIC1,2025-02-25 18:40:00,6408.02,127.67,TRADE
VIC1,2025-02-25 18:45:00,6381.7,144.76,TRADE
VIC1,2025-02-25 18:50:00,6445.54,153.88,TRADE
VIC1,2025-02-25 18:55:00,6407.47,153.88,TRADE
VIC1,2025-02-25 19:00:00,6336.75,147.11,TRADE
VIC1,2025-02-25 19:05:00,6366.06,150.97,TRADE
VIC1,2025-02-25 19:10:00,6251.8,147.63,TRADE
VIC1,2025-02-25 19:15:00,6222.73,144.02,TRADE
VIC1,2025-02-25 19:20:00,6250.63,148.4,TRADE
VIC1,2025-02-25 19:25:00,6237.61,146.49,TRADE
VIC1,2025-02-25 19:30:00,6227.67,148.43,TRADE
VIC1,2025-02-25 19:35:00,6170.82,146.44,TRADE
VIC1,2025-02-25 19:40:00,6167.91,141.15,TRADE
VIC1,2025-02-25 19:45:00,6099.91,145.95,TRADE
VIC1,2025-02-25 19:50:00,6065.24,145.8,TRADE
VIC1,2025-02-25 19:55:00,6015.77,140.94,TRADE
VIC1,2025-02-25 20:00:00,5934.97,112.24,TRADE
VIC1,2025-02-25 20:05:00,5931.77,170.35,TRADE
VIC1,2025-02-25 20:10:00,5812.87,136.17,TRADE
VIC1,2025-02-25 20:15:00,5815.48,141.34,TRADE
VIC1,2025-02-25 20:20:00,5798.0,128.97,TRADE
VIC1,2025-02-25 20:25:00,5755.43,119.71,TRADE
VIC1,2025-02-25 20:30:00,5658.07,100.01,TRADE
VIC1,2025-02-25 20:35:00,5639.89,120.25,TRADE
VIC1,2025-02-25 20:40:00,5531.5,117.4,TRADE
VIC1,2025-02-25 20:45:00,5507.47,119.69,TRADE
VIC1,2025-02-25 20:50:00,5480.79,116.49,TRADE
VIC1,2025-02-25 20:55:00,5394.18,112.54,TRADE
VIC1,2025-02-25 21:00:00,5336.51,111.55,TRADE
VIC1,2025-02-25 21:05:00,5311.3,116.31,TRADE
VIC1,2025-02-25 21:10:00,5255.3,118.33,TRADE
VIC1,2025-02-25 21:15:00,5271.51,135.62,TRADE
VIC1,2025-02-25 21:20:00,5211.84,121.69,TRADE
VIC1,2025-02-25 21:25:00,5204.28,127.9,TRADE
VIC1,2025-02-25 21:30:00,5174.37,119.32,TRADE
VIC1,2025-02-25 21:35:00,5151.21,126.03,TRADE
VIC1,2025-02-25 21:40:00,5132.37,142.68,TRADE
VIC1,2025-02-25 21:45:00,5066.1,146.9,TRADE
VIC1,2025-02-25 21:50:00,5023.55,145.63,TRADE
VIC1,2025-02-25 21:55:00,4966.37,135.08,TRADE
VIC1,2025-02-25 22:00:00,4927.53,127.67,TRADE
VIC1,2025-02-25 22:05:00,4850.0,128.64,TRADE
VIC1,2025-02-25 22:10:00,4899.85,149.29,TRADE
VIC1,2025-02-25 22:15:00,4869.48,144.54,TRADE
VIC1,2025-02-25 22:20:00,4820.52,139.23,TRADE
VIC1,2025-02-25 22:25:00,4776.36,139.2,TRADE
VIC1,2025-02-25 22:30:00,4775.33,119.43,TRADE
VIC1,2025-02-25 22:35:00,4782.35,131.63,TRADE
VIC1,2025-02-25 22:40:00,4760.73,125.49,TRADE
VIC1,2025-02-25 22:45:00,4753.33,124.83,TRADE
VIC1,2025-02-25 22:50:00,4672.6,118.48,TRADE
VIC1,2025-02-25 22:55:00,4647.52,118.44,TRADE
VIC1,2025-02-25 23:00:00,4763.58,129.78,TRADE
VIC1,2025-02-25 23:05:00,4727.87,119.47,TRADE
VIC1,2025-02-25 23:10:00,4834.45,156.25,TRADE
VIC1,2025-02-25 23:15:00,4858.04,147.26,TRADE
VIC1,2025-02-25 23:20:00,4869.85,146.91,TRADE
VIC1,2025-02-25 23:25:00,4861.55,157.39,TRADE
VIC1,2025-02-25 23:30:00,4827.54,145.7,TRADE
VIC1,2025-02-25 23:35:00,4809.98,157.12,TRADE
VIC1,2025-02-25 23:40:00,4766.25,134.72,TRADE
VIC1,2025-02-25 23:45:00,4769.79,157.0,TRADE
VIC1,2025-02-25 23:50:00,4712.17,157.24,TRADE
VIC1,2025-02-25 23:55:00,4689.58,146.96,TRADE
VIC1,2025-02-26 00:00:00,4670.05,124.6,TRADE
VIC1,2025-02-26 00:05:00,4623.64,155.42,TRADE
VIC1,2025-02-26 00:10:00,4628.35,164.59,TRADE
VIC1,2025-02-26 00:15:00,4568.09,151.14,TRADE
VIC1,2025-02-26 00:20:00,4511.81,147.58,TRADE
VIC1,2025-02-26 00:25:00,4501.46,146.57,TRADE
VIC1,2025-02-26 00:30:00,4469.62,147.58,TRADE
VIC1,2025-02-26 00:35:00,4453.39,149.75,TRADE
VIC1,2025-02-26 00:40:00,4439.28,150.14,TRADE
VIC1,2025-02-26 00:45:00,4471.18,153.58,TRADE
VIC1,2025-02-26 00:50:00,4420.22,148.36,TRADE
VIC1,2025-02-26 00:55:00,4376.95,146.54,TRADE
VIC1,2025-02-26 01:00:00,4387.66,147.94,TRADE
VIC1,2025-02-26 01:05:00,4373.72,146.93,TRADE
VIC1,2025-02-26 01:10:00,4364.52,145.68,TRADE
VIC1,2025-02-26 01:15:00,4354.41,146.39,TRADE
VIC1,2025-02-26 01:20:00,4316.84,126.62,TRADE
VIC1,2025-02-26 01:25:00,4293.25,123.74,TRADE
VIC1,2025-02-26 01:30:00,4268.22,122.79,TRADE
VIC1,2025-02-26 01:35:00,4255.64,122.85,TRADE
VIC1,2025-02-26 01:40:00,4220.68,123.18,TRADE
VIC1,2025-02-26 01:45:00,4214.65,119.05,TRADE
VIC1,2025-02-26 01:50:00,4218.2,122.85,TRADE
VIC1,2025-02-26 01:55:00,4210.44,122.85,TRADE
VIC1,2025-02-26 02:00:00,4178.3,119.18,TRADE
VIC1,2025-02-26 02:05:00,4187.79,143.68,TRADE
VIC1,2025-02-26 02:10:00,4175.49,142.94,TRADE
VIC1,2025-02-26 02:15:00,4178.97,141.42,TRADE
VIC1,2025-02-26 02:20:00,4159.69,140.27,TRADE
VIC1,2025-02-26 02:25:00,4179.19,120.27,TRADE
VIC1,2025-02-26 02:30:00,4149.03,148.22,TRADE
VIC1,2025-02-26 02:35:00,4146.46,154.01,TRADE
VIC1,2025-02-26 02:40:00,4157.25,156.35,TRADE
VIC1,2025-02-26 02:45:00,4157.39,152.65,TRADE
VIC1,2025-02-26 02:50:00,4142.03,148.41,TRADE
VIC1,2025-02-26 02:55:00,4122.27,152.3,TRADE
VIC1,2025-02-26 03:00:00,4115.36,119.42,TRADE
VIC1,2025-02-26 03:05:00,4115.93,140.71,TRADE
VIC1,2025-02-26 03:10:00,4133.04,152.73,TRADE
VIC1,2025-02-26 03:15:00,4154.9,152.54,TRADE
VIC1,2025-02-26 03:20:00,4174.25,149.11,TRADE
VIC1,2025-02-26 03:25:00,4172.86,128.2,TRADE
VIC1,2025-02-26 03:30:00,4145.95,127.69,TRADE
VIC1,2025-02-26 03:35:00,4190.85,128.24,TRADE
VIC1,2025-02-26 03:40:00,4162.09,127.06,TRADE
VIC1,2025-02-26 03:45:00,4181.34,118.65,TRADE
VIC1,2025-02-26 03:50:00,4168.23,119.17,TRADE
VIC1,2025-02-26 03:55:00,4210.4,119.15,TRADE
VIC1,2025-02-26 04:00:00,4206.22,132.72,TRADE
VIC1,2025-02-26 04:05:00,4204.6,118.4,TRADE
VIC1,2025-02-26 04:10:00,4254.46,118.43,TRADE
VIC1,2025-02-26 04:15:00,4249.08,118.0,TRADE
VIC1,2025-02-26 04:20:00,4305.27,118.4,TRADE
VIC1,2025-02-26 04:25:00,4318.43,118.4,TRADE
VIC1,2025-02-26 04:30:00,4330.36,118.43,TRADE
VIC1,2025-02-26 04:35:00,4355.56,118.4,TRADE
VIC1,2025-02-26 04:40:00,4365.22,118.4,TRADE
VIC1,2025-02-26 04:45:00,4408.31,146.26,TRADE
VIC1,2025-02-26 04:50:00,4445.57,157.81,TRADE
VIC1,2025-02-26 04:55:00,4483.65,152.42,TRADE
VIC1,2025-02-26 05:00:00,4495.14,154.33,TRADE
VIC1,2025-02-26 05:05:00,4537.35,163.05,TRADE
VIC1,2025-02-26 05:10:00,4672.34,156.16,TRADE
VIC1,2025-02-26 05:15:00,4683.37,209.88,TRADE
VIC1,2025-02-26 05:20:00,4796.62,201.94,TRADE
VIC1,2025-02-26 05:25:00,4827.58,161.71,TRADE
VIC1,2025-02-26 05:30:00,4865.63,157.81,TRADE
VIC1,2025-02-26 05:35:00,4922.03,130.37,TRADE
VIC1,2025-02-26 05:40:00,4951.85,121.07,TRADE
VIC1,2025-02-26 05:45:00,5033.34,130.7,TRADE
VIC1,2025-02-26 05:50:00,5011.85,130.04,TRADE
VIC1,2025-02-26 05:55:00,5055.67,159.77,TRADE
VIC1,2025-02-26 06:00:00,5063.7,148.14,TRADE
VIC1,2025-02-26 06:05:00,5075.0,147.5,TRADE
VIC1,2025-02-26 06:10:00,5182.65,165.16,TRADE
VIC1,2025-02-26 06:15:00,5264.48,167.76,TRADE
VIC1,2025-02-26 06:20:00,5309.26,166.88,TRADE
VIC1,2025-02-26 06:25:00,5330.5,168.19,TRADE
VIC1,2025-02-26 06:30:00,5327.82,165.14,TRADE
VIC1,2025-02-26 06:35:00,5359.63,164.04,TRADE
VIC1,2025-02-26 06:40:00,5341.59,143.01,TRADE
VIC1,2025-02-26 06:45:00,5288.81,122.06,TRADE
VIC1,2025-02-26 06:50:00,5263.52,109.76,TRADE
VIC1,2025-02-26 06:55:00,5165.34,102.97,TRADE
VIC1,2025-02-26 07:00:00,5193.61,115.35,TRADE
VIC1,2025-02-26 07:05:00,5095.13,111.12,TRADE
VIC1,2025-02-26 07:10:00,5017.82,111.07,TRADE
VIC1,2025-02-26 07:15:00,4952.06,91.98,TRADE
VIC1,2025-02-26 07:20:00,4878.8,61.69,TRADE
VIC1,2025-02-26 07:25:00,4829.58,38.32,TRADE
VIC1,2025-02-26 07:30:00,4699.0,5.33,TRADE
VIC1,2025-02-26 07:35:00,4822.41,8.71,TRADE
VIC1,2025-02-26 07:40:00,4769.95,37.91,TRADE
VIC1,2025-02-26 07:45:00,4734.39,0.0,TRADE
VIC1,2025-02-26 07:50:00,4710.97,8.95,TRADE
VIC1,2025-02-26 07:55:00,4637.0,8.95,TRADE
VIC1,2025-02-26 08:00:00,4540.59,0.0,TRADE
VIC1,2025-02-26 08:05:00,4503.84,8.95,TRADE
VIC1,2025-02-26 08:10:00,4531.86,9.0,TRADE
VIC1,2025-02-26 08:15:00,4445.79,8.95,TRADE
VIC1,2025-02-26 08:20:00,4457.46,8.95,TRADE
VIC1,2025-02-26 08:25:00,4426.66,8.95,TRADE
VIC1,2025-02-26 08:30:00,4440.12,9.0,TRADE
VIC1,2025-02-26 08:35:00,4391.95,19.91,TRADE
VIC1,2025-02-26 08:40:00,4309.82,9.05,TRADE
VIC1,2025-02-26 08:45:00,4260.22,8.95,TRADE
VIC1,2025-02-26 08:50:00,4196.14,-19.99,TRADE
VIC1,2025-02-26 08:55:00,4191.53,0.0,TRADE
VIC1,2025-02-26 09:00:00,4123.41,-7.7,TRADE
VIC1,2025-02-26 09:05:00,4113.93,-7.71,TRADE
VIC1,2025-02-26 09:10:00,4078.66,8.95,TRADE
VIC1,2025-02-26 09:15:00,4032.04,12.0,TRADE
VIC1,2025-02-26 09:20:00,3920.24,-20.19,TRADE
VIC1,2025-02-26 09:25:00,3935.62,-21.0,TRADE
VIC1,2025-02-26 09:30:00,3881.48,-8.69,TRADE
VIC1,2025-02-26 09:35:00,3918.44,-20.19,TRADE
VIC1,2025-02-26 09:40:00,3906.41,-10.59,TRADE
VIC1,2025-02-26 09:45:00,3940.06,-16.06,TRADE
VIC1,2025-02-26 09:50:00,3981.02,6.67,TRADE
VIC1,2025-02-26 09:55:00,3842.35,8.95,TRADE
VIC1,2025-02-26 10:00:00,3824.82,0.0,TRADE
VIC1,2025-02-26 10:05:00,3842.34,4.93,TRADE
VIC1,2025-02-26 10:10:00,3902.72,20.04,TRADE
VIC1,2025-02-26 10:15:00,3876.95,8.95,TRADE
VIC1,2025-02-26 10:20:00,3796.64,-7.3,TRADE
VIC1,2025-02-26 10:25:00,3903.14,0.0,TRADE
VIC1,2025-02-26 10:30:00,3913.18,-18.15,TRADE
VIC1,2025-02-26 10:35:00,3869.92,-8.69,TRADE
VIC1,2025-02-26 10:40:00,3883.67,-8.69,TRADE
VIC1,2025-02-26 10:45:00,3949.48,-8.69,TRADE
VIC1,2025-02-26 10:50:00,3923.65,-19.99,TRADE
VIC1,2025-02-26 10:55:00,3856.82,-20.19,TRADE
VIC1,2025-02-26 11:00:00,3935.05,-20.19,TRADE
VIC1,2025-02-26 11:05:00,4048.12,-20.19,TRADE
VIC1,2025-02-26 11:10:00,4042.3,-20.19,TRADE
VIC1,2025-02-26 11:15:00,4035.68,-20.19,TRADE
VIC1,2025-02-26 11:20:00,4065.61,-20.19,TRADE
VIC1,2025-02-26 11:25:00,4119.79,-19.99,TRADE
VIC1,2025-02-26 11:30:00,4104.25,-20.19,TRADE
VIC1,2025-02-26 11:35:00,4071.45,-27.25,TRADE
VIC1,2025-02-26 11:40:00,4126.23,-30.43,TRADE
VIC1,2025-02-26 11:45:00,4246.84,-30.86,TRADE
VIC1,2025-02-26 11:50:00,4346.74,-28.9,TRADE
VIC1,2025-02-26 11:55:00,4419.98,-31.76,TRADE
VIC1,2025-02-26 12:00:00,4523.62,-31.48,TRADE
VIC1,2025-02-26 12:05:00,4567.29,-31.5,TRADE
VIC1,2025-02-26 12:10:00,4591.87,-30.31,TRADE
VIC1,2025-02-26 12:15:00,4641.87,-20.19,TRADE
VIC1,2025-02-26 12:20:00,4677.38,-31.5,TRADE
VIC1,2025-02-26 12:25:00,4796.48,-19.99,TRADE
VIC1,2025-02-26 12:30:00,4796.79,-30.86,TRADE
VIC1,2025-02-26 12:35:00,4903.57,-5.92,TRADE
VIC1,2025-02-26 12:40:00,4717.14,-8.69,TRADE
VIC1,2025-02-26 12:45:00,4799.02,8.95,TRADE
VIC1,2025-02-26 12:50:00,4855.97,21.47,TRADE
VIC1,2025-02-26 12:55:00,4976.1,21.57,TRADE
VIC1,2025-02-26 13:00:00,5033.42,-16.06,TRADE
VIC1,2025-02-26 13:05:00,5217.24,8.95,TRADE
VIC1,2025-02-26 13:10:00,5233.07,8.95,TRADE
VIC1,2025-02-26 13:15:00,5321.05,0.81,TRADE
VIC1,2025-02-26 13:20:00,5284.89,8.95,TRADE
VIC1,2025-02-26 13:25:00,5430.28,45.89,TRADE
VIC1,2025-02-26 13:30:00,5367.88,29.57,TRADE
VIC1,2025-02-26 13:35:00,5365.08,8.95,TRADE
VIC1,2025-02-26 13:40:00,5384.79,8.95,TRADE
VIC1,2025-02-26 13:45:00,5490.3,8.95,TRADE
VIC1,2025-02-26 13:50:00,5595.03,8.95,TRADE
VIC1,2025-02-26 13:55:00,5679.34,9.95,TRADE
VIC1,2025-02-26 14:00:00,5669.38,8.95,TRADE
VIC1,2025-02-26 14:05:00,5735.87,8.95,TRADE
VIC1,2025-02-26 14:10:00,5739.52,7.32,TRADE
VIC1,2025-02-26 14:15:00,5874.65,10.0,TRADE
VIC1,2025-02-26 14:20:00,5943.72,8.95,TRADE
VIC1,2025-02-26 14:25:00,6001.96,8.95,TRADE
VIC1,2025-02-26 14:30:00,6004.31,8.95,TRADE
VIC1,2025-02-26 14:35:00,6140.73,8.95,TRADE
VIC1,2025-02-26 14:40:00,6156.8,30.68,TRADE
VIC1,2025-02-26 14:45:00,6195.41,13.01,TRADE
VIC1,2025-02-26 14:50:00,6474.07,113.04,TRADE
VIC1,2025-02-26 14:55:00,6572.93,56.56,TRADE
VIC1,2025-02-26 15:00:00,6623.89,55.19,TRADE
VIC1,2025-02-26 15:05:00,6649.84,132.86,TRADE
VIC1,2025-02-26 15:10:00,6592.44,110.97,TRADE
VIC1,2025-02-26 15:15:00,6701.99,133.9,TRADE
VIC1,2025-02-26 15:20:00,6753.02,144.5,TRADE
VIC1,2025-02-26 15:25:00,6917.06,216.35,TRADE
VIC1,2025-02-26 15:30:00,7012.67,205.22,TRADE
VIC1,2025-02-26 15:35:00,7108.34,133.99,TRADE
VIC1,2025-02-26 15:40:00,7173.46,137.04,TRADE
VIC1,2025-02-26 15:45:00,7146.95,115.95,TRADE
VIC1,2025-02-26 15:50:00,7303.21,120.0,TRADE
VIC1,2025-02-26 15:55:00,7374.91,138.35,TRADE
VIC1,2025-02-26 16:00:00,7386.56,116.85,TRADE
VIC1,2025-02-26 16:05:00,7483.26,114.19,TRADE
VIC1,2025-02-26 16:10:00,7331.67,112.98,TRADE
VIC1,2025-02-26 16:15:00,7385.06,79.0,TRADE
VIC1,2025-02-26 16:20:00,7392.3,113.68,TRADE
VIC1,2025-02-26 16:25:00,7531.38,114.69,TRADE
VIC1,2025-02-26 16:30:00,7529.97,114.65,TRADE
VIC1,2025-02-26 16:35:00,7552.0,113.61,TRADE
VIC1,2025-02-26 16:40:00,7505.84,113.9,TRADE
VIC1,2025-02-26 16:45:00,7387.86,106.98,TRADE
VIC1,2025-02-26 16:50:00,7449.31,97.48,TRADE
VIC1,2025-02-26 16:55:00,7255.93,86.46,TRADE
VIC1,2025-02-26 17:00:00,7134.14,81.35,TRADE
VIC1,2025-02-26 17:05:00,7058.58,79.0,TRADE
VIC1,2025-02-26 17:10:00,6934.52,79.0,TRADE
VIC1,2025-02-26 17:15:00,6929.57,79.0,TRADE
VIC1,2025-02-26 17:20:00,6890.45,108.51,TRADE
VIC1,2025-02-26 17:25:00,6799.1,106.07,TRADE
VIC1,2025-02-26 17:30:00,6769.6,12.0,TRADE
VIC1,2025-02-26 17:35:00,6828.71,113.61,TRADE
VIC1,2025-02-26 17:40:00,6763.29,115.0,TRADE
VIC1,2025-02-26 17:45:00,6692.43,127.55,TRADE
VIC1,2025-02-26 17:50:00,6696.5,145.44,TRADE
VIC1,2025-02-26 17:55:00,6644.1,141.59,TRADE
VIC1,2025-02-26 18:00:00,6529.07,153.88,TRADE
VIC1,2025-02-26 18:05:00,6492.89,171.88,TRADE
VIC1,2025-02-26 18:10:00,6478.38,145.46,TRADE
VIC1,2025-02-26 18:15:00,6503.57,160.0,TRADE
VIC1,2025-02-26 18:20:00,6479.14,200.1,TRADE
VIC1,2025-02-26 18:25:00,6528.07,199.96,TRADE
VIC1,2025-02-26 18:30:00,6559.2,170.23,TRADE
VIC1,2025-02-26 18:35:00,6599.62,169.0,TRADE
VIC1,2025-02-26 18:40:00,6636.46,169.48,TRADE
VIC1,2025-02-26 18:45:00,6617.2,170.74,TRADE
VIC1,2025-02-26 18:50:00,6601.67,167.19,TRADE
VIC1,2025-02-26 18:55:00,6601.58,160.0,TRADE
VIC1,2025-02-26 19:00:00,6618.01,160.0,TRADE
VIC1,2025-02-26 19:05:00,6504.78,148.27,TRADE
VIC1,2025-02-26 19:10:00,6470.06,153.88,TRADE
VIC1,2025-02-26 19:15:00,6405.42,140.91,TRADE
VIC1,2025-02-26 19:20:00,6430.29,144.4,TRADE
VIC1,2025-02-26 19:25:00,6527.3,143.84,TRADE
VIC1,2025-02-26 19:30:00,6472.33,140.1,TRADE
VIC1,2025-02-26 19:35:00,6487.21,142.12,TRADE
VIC1,2025-02-26 19:40:00,6334.89,133.9,TRADE
VIC1,2025-02-26 19:45:00,6350.06,136.2,TRADE
VIC1,2025-02-26 19:50:00,6274.08,124.3,TRADE
VIC1,2025-02-26 19:55:00,6234.96,120.58,TRADE
VIC1,2025-02-26 20:00:00,6178.13,119.96,TRADE
VIC1,2025-02-26 20:05:00,6068.19,123.36,TRADE
VIC1,2025-02-26 20:10:00,6010.64,120.08,TRADE
VIC1,2025-02-26 20:15:00,5936.38,118.69,TRADE
VIC1,2025-02-26 20:20:00,5836.44,116.83,TRADE
VIC1,2025-02-26 20:25:00,5842.53,116.55,TRADE
VIC1,2025-02-26 20:30:00,5725.19,114.77,TRADE
VIC1,2025-02-26 20:35:00,5734.6,120.42,TRADE
VIC1,2025-02-26 20:40:00,5689.48,115.65,TRADE
VIC1,2025-02-26 20:45:00,5691.57,120.83,TRADE
VIC1,2025-02-26 20:50:00,5594.17,120.35,TRADE
VIC1,2025-02-26 20:55:00,5578.76,120.37,TRADE
VIC1,2025-02-26 21:00:00,5549.22,116.25,TRADE
VIC1,2025-02-26 21:05:00,5494.49,121.23,TRADE
VIC1,2025-02-26 21:10:00,5501.53,129.18,TRADE
VIC1,2025-02-26 21:15:00,5378.65,124.94,TRADE
VIC1,2025-02-26 21:20:00,5344.62,128.45,TRADE
VIC1,2025-02-26 21:25:00,5360.01,133.72,TRADE
VIC1,2025-02-26 21:30:00,5297.35,133.72,TRADE
VIC1,2025-02-26 21:35:00,5270.48,124.44,TRADE
VIC1,2025-02-26 21:40:00,5232.29,125.22,TRADE
VIC1,2025-02-26 21:45:00,5194.78,125.67,TRADE
VIC1,2025-02-26 21:50:00,5146.84,125.29,TRADE
VIC1,2025-02-26 21:55:00,5115.98,125.54,TRADE
VIC1,2025-02-26 22:00:00,5007.78,115.35,TRADE
VIC1,2025-02-26 22:05:00,4924.51,127.69,TRADE
VIC1,2025-02-26 22:10:00,4923.18,126.75,TRADE
VIC1,2025-02-26 22:15:00,4980.55,128.93,TRADE
VIC1,2025-02-26 22:20:00,4987.81,129.04,TRADE
VIC1,2025-02-26 22:25:00,4909.96,127.89,TRADE
VIC1,2025-02-26 22:30:00,4878.83,127.2,TRADE
VIC1,2025-02-26 22:35:00,4876.04,133.82,TRADE
VIC1,2025-02-26 22:40:00,4949.92,165.2,TRADE
VIC1,2025-02-26 22:45:00,4911.08,135.6,TRADE
VIC1,2025-02-26 22:50:00,4850.26,133.48,TRADE
VIC1,2025-02-26 22:55:00,4808.87,133.15,TRADE
VIC1,2025-02-26 23:00:00,4805.95,133.2,TRADE
VIC1,2025-02-26 23:05:00,4861.73,138.42,TRADE
VIC1,2025-02-26 23:10:00,4998.64,189.6,TRADE
VIC1,2025-02-26 23:15:00,5053.08,191.39,TRADE
VIC1,2025-02-26 23:20:00,5057.79,189.24,TRADE
VIC1,2025-02-26 23:25:00,5120.67,194.41,TRADE
VIC1,2025-02-26 23:30:00,5025.19,191.84,TRADE
VIC1,2025-02-26 23:35:00,4971.11,171.57,TRADE
VIC1,2025-02-26 23:40:00,5060.12,176.97,TRADE
VIC1,2025-02-26 23:45:00,4878.45,168.09,TRADE
VIC1,2025-02-26 23:50:00,4915.61,169.48,TRADE
VIC1,2025-02-26 23:55:00,4890.49,192.08,TRADE
VIC1,2025-02-27 00:00:00,4842.27,191.49,TRADE
VIC1,2025-02-27 00:05:00,4847.19,186.04,TRADE
VIC1,2025-02-27 00:10:00,4706.54,136.96,TRADE
VIC1,2025-02-27 00:15:00,4659.77,133.82,TRADE
VIC1,2025-02-27 00:20:00,4636.16,132.99,TRADE
VIC1,2025-02-27 00:25:00,4609.15,133.15,TRADE
VIC1,2025-02-27 00:30:00,4545.29,131.53,TRADE
VIC1,2025-02-27 00:35:00,4530.64,131.49,TRADE
VIC1,2025-02-27 00:40:00,4514.01,132.72,TRADE
VIC1,2025-02-27 00:45:00,4480.99,130.5,TRADE
VIC1,2025-02-27 00:50:00,4462.15,129.15,TRADE
VIC1,2025-02-27 00:55:00,4454.31,127.67,TRADE
VIC1,2025-02-27 01:00:00,4392.54,125.11,TRADE
VIC1,2025-02-27 01:05:00,4351.01,123.93,TRADE
VIC1,2025-02-27 01:10:00,4299.79,122.63,TRADE
VIC1,2025-02-27 01:15:00,4269.15,121.42,TRADE
VIC1,2025-02-27 01:20:00,4243.76,121.88,TRADE
VIC1,2025-02-27 01:25:00,4232.55,121.09,TRADE
VIC1,2025-02-27 01:30:00,4200.37,121.05,TRADE
VIC1,2025-02-27 01:35:00,4173.01,119.49,TRADE
VIC1,2025-02-27 01:40:00,4129.92,119.06,TRADE
VIC1,2025-02-27 01:45:00,4100.12,118.28,TRADE
VIC1,2025-02-27 01:50:00,4097.42,118.64,TRADE
VIC1,2025-02-27 01:55:00,4064.59,118.17,TRADE
VIC1,2025-02-27 02:00:00,4051.23,112.76,TRADE
VIC1,2025-02-27 02:05:00,4082.59,113.32,TRADE
VIC1,2025-02-27 02:10:00,4074.88,119.09,TRADE
VIC1,2025-02-27 02:15:00,4038.37,113.04,TRADE
VIC1,2025-02-27 02:20:00,4041.18,117.84,TRADE
VIC1,2025-02-27 02:25:00,4022.02,112.19,TRADE
VIC1,2025-02-27 02:30:00,3992.61,115.85,TRADE
VIC1,2025-02-27 02:35:00,3965.24,113.32,TRADE
VIC1,2025-02-27 02:40:00,3982.68,113.61,TRADE
VIC1,2025-02-27 02:45:00,3965.87,113.04,TRADE
VIC1,2025-02-27 02:50:00,3966.41,113.32,TRADE
VIC1,2025-02-27 02:55:00,3997.23,113.32,TRADE
VIC1,2025-02-27 03:00:00,3953.07,113.32,TRADE
VIC1,2025-02-27 03:05:00,3979.63,113.32,TRADE
VIC1,2025-02-27 03:10:00,3988.82,113.32,TRADE
VIC1,2025-02-27 03:15:00,4012.28,117.54,TRADE
VIC1,2025-02-27 03:20:00,4006.14,113.32,TRADE
VIC1,2025-02-27 03:25:00,4026.03,117.55,TRADE
VIC1,2025-02-27 03:30:00,4033.33,116.39,TRADE
VIC1,2025-02-27 03:35:00,4050.43,113.61,TRADE
VIC1,2025-02-27 03:40:00,4019.96,111.07,TRADE
VIC1,2025-02-27 03:45:00,4091.23,111.63,TRADE
VIC1,2025-02-27 03:50:00,4114.89,111.63,TRADE
VIC1,2025-02-27 03:55:00,4116.42,112.7,TRADE
VIC1,2025-02-27 04:00:00,4109.1,113.04,TRADE
VIC1,2025-02-27 04:05:00,4161.48,119.89,TRADE
VIC1,2025-02-27 04:10:00,4190.79,121.08,TRADE
VIC1,2025-02-27 04:15:00,4215.9,120.36,TRADE
VIC1,2025-02-27 04:20:00,4242.79,121.3,TRADE
VIC1,2025-02-27 04:25:00,4339.63,124.58,TRADE
VIC1,2025-02-27 04:30:00,4351.67,124.55,TRADE
VIC1,2025-02-27 04:35:00,4331.53,122.52,TRADE
VIC1,2025-02-27 04:40:00,4430.79,131.96,TRADE
VIC1,2025-02-27 04:45:00,4421.08,134.59,TRADE
VIC1,2025-02-27 04:50:00,4499.47,134.24,TRADE
VIC1,2025-02-27 04:55:00,4535.35,135.28,TRADE
VIC1,2025-02-27 05:00:00,4463.75,132.85,TRADE
VIC1,2025-02-27 05:05:00,4523.98,126.09,TRADE
VIC1,2025-02-27 05:10:00,4607.91,133.82,TRADE
VIC1,2025-02-27 05:15:00,4746.04,139.48,TRADE
VIC1,2025-02-27 05:20:00,4817.61,139.81,TRADE
VIC1,2025-02-27 05:25:00,4804.63,140.14,TRADE
VIC1,2025-02-27 05:30:00,4870.39,157.31,TRADE
VIC1,2025-02-27 05:35:00,4941.75,157.92,TRADE
VIC1,2025-02-27 05:40:00,5052.52,157.02,TRADE
VIC1,2025-02-27 05:45:00,5053.83,167.82,TRADE
VIC1,2025-02-27 05:50:00,5139.7,160.0,TRADE
VIC1,2025-02-27 05:55:00,5176.03,190.67,TRADE
VIC1,2025-02-27 06:00:00,5183.77,166.17,TRADE
VIC1,2025-02-27 06:05:00,5331.57,214.28,TRADE
VIC1,2025-02-27 06:10:00,5400.14,215.93,TRADE
VIC1,2025-02-27 06:15:00,5462.9,247.81,TRADE
VIC1,2025-02-27 06:20:00,5564.07,274.27,TRADE
VIC1,2025-02-27 06:25:00,5582.72,273.86,TRADE
VIC1,2025-02-27 06:30:00,5619.66,262.63,TRADE
VIC1,2025-02-27 06:35:00,5557.03,214.24,TRADE
VIC1,2025-02-27 06:40:00,5593.98,188.45,TRADE
VIC1,2025-02-27 06:45:00,5486.66,185.5,TRADE
VIC1,2025-02-27 06:50:00,5451.79,183.75,TRADE
VIC1,2025-02-27 06:55:00,5483.91,184.63,TRADE
VIC1,2025-02-27 07:00:00,5558.38,182.99,TRADE
VIC1,2025-02-27 07:05:00,5498.32,215.65,TRADE
VIC1,2025-02-27 07:10:00,5529.58,167.82,TRADE
VIC1,2025-02-27 07:15:00,5493.27,250.08,TRADE
VIC1,2025-02-27 07:20:00,5530.44,269.09,TRADE
VIC1,2025-02-27 07:25:00,5450.31,173.29,TRADE
VIC1,2025-02-27 07:30:00,5341.12,129.07,TRADE
VIC1,2025-02-27 07:35:00,5278.66,157.0,TRADE
VIC1,2025-02-27 07:40:00,5211.61,156.45,TRADE
VIC1,2025-02-27 07:45:00,5114.1,113.61,TRADE
VIC1,2025-02-27 07:50:00,5223.28,128.58,TRADE
VIC1,2025-02-27 07:55:00,5196.22,128.67,TRADE
VIC1,2025-02-27 08:00:00,5099.06,114.19,TRADE
VIC1,2025-02-27 08:05:00,5154.22,162.24,TRADE
VIC1,2025-02-27 08:10:00,5153.45,133.9,TRADE
VIC1,2025-02-27 08:15:00,5225.02,133.86,TRADE
VIC1,2025-02-27 08:20:00,5185.85,135.28,TRADE
VIC1,2025-02-27 08:25:00,5108.53,130.35,TRADE
VIC1,2025-02-27 08:30:00,5005.7,128.72,TRADE
VIC1,2025-02-27 08:35:00,4895.74,128.19,TRADE
VIC1,2025-02-27 08:40:00,4978.53,133.22,TRADE
VIC1,2025-02-27 08:45:00,4952.3,132.89,TRADE
VIC1,2025-02-27 08:50:00,4943.13,133.27,TRADE
VIC1,2025-02-27 08:55:00,4926.28,111.78,TRADE
VIC1,2025-02-27 09:00:00,4794.66,98.75,TRADE
VIC1,2025-02-27 09:05:00,4676.34,87.88,TRADE
VIC1,2025-02-27 09:10:00,4615.49,60.37,TRADE
VIC1,2025-02-27 09:15:00,4492.23,58.93,TRADE
VIC1,2025-02-27 09:20:00,4428.07,58.21,TRADE
VIC1,2025-02-27 09:25:00,4388.21,20.04,TRADE
VIC1,2025-02-27 09:30:00,4348.97,20.04,TRADE
VIC1,2025-02-27 09:35:00,4357.57,58.98,TRADE
VIC1,2025-02-27 09:40:00,4294.84,46.29,TRADE
VIC1,2025-02-27 09:45:00,4256.48,35.77,TRADE
VIC1,2025-02-27 09:50:00,4160.76,21.32,TRADE
VIC1,2025-02-27 09:55:00,3974.66,9.0,TRADE
VIC1,2025-02-27 10:00:00,3990.0,35.74,TRADE
VIC1,2025-02-27 10:05:00,3977.28,33.1,TRADE
VIC1,2025-02-27 10:10:00,3987.78,66.34,TRADE
VIC1,2025-02-27 10:15:00,4028.26,67.25,TRADE
VIC1,2025-02-27 10:20:00,3972.77,81.08,TRADE
VIC1,2025-02-27 10:25:00,3928.26,67.25,TRADE
VIC1,2025-02-27 10:30:00,3810.99,66.23,TRADE
VIC1,2025-02-27 10:35:00,3748.99,36.01,TRADE
VIC1,2025-02-27 10:40:00,3779.24,67.82,TRADE
VIC1,2025-02-27 10:45:00,3745.37,72.32,TRADE
VIC1,2025-02-27 10:50:00,3726.33,65.51,TRADE
VIC1,2025-02-27 10:55:00,3596.47,35.7,TRADE
VIC1,2025-02-27 11:00:00,3523.29,54.52,TRADE
VIC1,2025-02-27 11:05:00,3609.13,55.28,TRADE
VIC1,2025-02-27 11:10:00,3580.34,55.86,TRADE
VIC1,2025-02-27 11:15:00,3626.43,36.01,TRADE
VIC1,2025-02-27 11:20:00,3517.45,36.01,TRADE
VIC1,2025-02-27 11:25:00,3640.24,55.57,TRADE
VIC1,2025-02-27 11:30:00,3591.73,36.01,TRADE
VIC1,2025-02-27 11:35:00,3551.52,36.01,TRADE
VIC1,2025-02-27 11:40:00,3579.81,47.03,TRADE
VIC1,2025-02-27 11:45:00,3572.11,-29.0,TRADE
VIC1,2025-02-27 11:50:00,3397.86,9.0,TRADE
VIC1,2025-02-27 11:55:00,3400.7,11.83,TRADE
VIC1,2025-02-27 12:00:00,3283.72,8.95,TRADE
VIC1,2025-02-27 12:05:00,3302.63,12.62,TRADE
VIC1,2025-02-27 12:10:00,3311.57,19.19,TRADE
VIC1,2025-02-27 12:15:00,3377.36,18.23,TRADE
VIC1,2025-02-27 12:20:00,3401.74,18.31,TRADE
VIC1,2025-02-27 12:25:00,3355.52,9.11,TRADE
VIC1,2025-02-27 12:30:00,3403.71,19.19,TRADE
VIC1,2025-02-27 12:35:00,3440.32,9.0,TRADE
VIC1,2025-02-27 12:40:00,3420.91,9.0,TRADE
VIC1,2025-02-27 12:45:00,3346.77,19.19,TRADE
VIC1,2025-02-27 12:50:00,3266.24,8.88,TRADE
VIC1,2025-02-27 12:55:00,3341.26,-8.45,TRADE
VIC1,2025-02-27 13:00:00,3318.3,9.93,TRADE
VIC1,2025-02-27 13:05:00,3358.98,0.0,TRADE
VIC1,2025-02-27 13:10:00,3284.23,0.0,TRADE
VIC1,2025-02-27 13:15:00,3390.91,8.95,TRADE
VIC1,2025-02-27 13:20:00,3398.16,8.95,TRADE
VIC1,2025-02-27 13:25:00,3527.15,9.0,TRADE
VIC1,2025-02-27 13:30:00,3550.8,0.0,TRADE
VIC1,2025-02-27 13:35:00,3614.4,8.95,TRADE
VIC1,2025-02-27 13:40:00,3601.44,50.96,TRADE
VIC1,2025-02-27 13:45:00,3603.15,31.42,TRADE
VIC1,2025-02-27 13:50:00,3612.42,9.0,TRADE
VIC1,2025-02-27 13:55:00,3647.32,33.0,TRADE
VIC1,2025-02-27 14:00:00,3678.72,48.21,TRADE
VIC1,2025-02-27 14:05:00,3679.22,30.39,TRADE
VIC1,2025-02-27 14:10:00,3735.75,20.24,TRADE
VIC1,2025-02-27 14:15:00,3886.83,17.37,TRADE
VIC1,2025-02-27 14:20:00,3964.86,31.2,TRADE
VIC1,2025-02-27 14:25:00,3986.09,42.16,TRADE
VIC1,2025-02-27 14:30:00,4049.44,31.85,TRADE
VIC1,2025-02-27 14:35:00,4116.71,65.85,TRADE
VIC1,2025-02-27 14:40:00,4118.42,41.66,TRADE
VIC1,2025-02-27 14:45:00,4201.35,59.0,TRADE
VIC1,2025-02-27 14:50:00,4163.51,58.87,TRADE
VIC1,2025-02-27 14:55:00,4160.92,43.16,TRADE
VIC1,2025-02-27 15:00:00,4248.68,37.94,TRADE
VIC1,2025-02-27 15:05:00,4349.14,52.11,TRADE
VIC1,2025-02-27 15:10:00,4321.8,79.68,TRADE
VIC1,2025-02-27 15:15:00,4382.69,79.8,TRADE
VIC1,2025-02-27 15:20:00,4505.6,120.83,TRADE
VIC1,2025-02-27 15:25:00,4625.93,81.4,TRADE
VIC1,2025-02-27 15:30:00,4727.59,120.0,TRADE
VIC1,2025-02-27 15:35:00,4802.02,79.0,TRADE
VIC1,2025-02-27 15:40:00,4807.61,108.24,TRADE
VIC1,2025-02-27 15:45:00,4969.79,80.32,TRADE
VIC1,2025-02-27 15:50:00,5033.57,103.12,TRADE
VIC1,2025-02-27 15:55:00,5082.49,103.15,TRADE
VIC1,2025-02-27 16:00:00,5293.81,111.74,TRADE
VIC1,2025-02-27 16:05:00,5370.88,113.04,TRADE
VIC1,2025-02-27 16:10:00,5388.63,121.78,TRADE
VIC1,2025-02-27 16:15:00,5511.57,133.56,TRADE
VIC1,2025-02-27 16:20:00,5734.35,135.55,TRADE
VIC1,2025-02-27 16:25:00,5761.8,129.8,TRADE
VIC1,2025-02-27 16:30:00,5773.18,223.37,TRADE
VIC1,2025-02-27 16:35:00,5919.14,160.0,TRADE
VIC1,2025-02-27 16:40:00,6010.45,138.39,TRADE
VIC1,2025-02-27 16:45:00,6081.59,135.94,TRADE
VIC1,2025-02-27 16:50:00,6168.89,160.0,TRADE
VIC1,2025-02-27 16:55:00,6267.46,160.0,TRADE
VIC1,2025-02-27 17:00:00,6291.13,205.22,TRADE
VIC1,2025-02-27 17:05:00,6294.06,128.35,TRADE
VIC1,2025-02-27 17:10:00,6319.61,154.49,TRADE
VIC1,2025-02-27 17:15:00,6390.15,160.0,TRADE
VIC1,2025-02-27 17:20:00,6470.41,205.22,TRADE
VIC1,2025-02-27 17:25:00,6553.0,165.25,TRADE
VIC1,2025-02-27 17:30:00,6730.2,223.64,TRADE
VIC1,2025-02-27 17:35:00,6833.54,205.22,TRADE
VIC1,2025-02-27 17:40:00,6807.02,225.73,TRADE
VIC1,2025-02-27 17:45:00,6822.97,202.95,TRADE
VIC1,2025-02-27 17:50:00,6830.44,205.22,TRADE
VIC1,2025-02-27 17:55:00,6840.71,205.22,TRADE
VIC1,2025-02-27 18:00:00,6918.96,286.44,TRADE
VIC1,2025-02-27 18:05:00,6774.42,205.22,TRADE
VIC1,2025-02-27 18:10:00,6796.78,217.19,TRADE
VIC1,2025-02-27 18:15:00,6747.89,252.53,TRADE
VIC1,2025-02-27 18:20:00,6711.97,223.58,TRADE
VIC1,2025-02-27 18:25:00,6695.91,243.13,TRADE
VIC1,2025-02-27 18:30:00,6670.48,218.94,TRADE
VIC1,2025-02-27 18:35:00,6721.79,249.15,TRADE
VIC1,2025-02-27 18:40:00,6823.21,272.6,TRADE
VIC1,2025-02-27 18:45:00,6740.14,257.75,TRADE
VIC1,2025-02-27 18:50:00,6799.64,261.52,TRADE
VIC1,2025-02-27 18:55:00,6697.38,205.22,TRADE
VIC1,2025-02-27 19:00:00,6754.59,257.72,TRADE
VIC1,2025-02-27 19:05:00,6628.97,237.89,TRADE
VIC1,2025-02-27 19:10:00,6590.65,206.47,TRADE
VIC1,2025-02-27 19:15:00,6572.09,205.22,TRADE
VIC1,2025-02-27 19:20:00,6548.47,205.22,TRADE
VIC1,2025-02-27 19:25:00,6542.77,205.22,TRADE
VIC1,2025-02-27 19:30:00,6486.05,205.22,TRADE
VIC1,2025-02-27 19:35:00,6583.32,197.94,TRADE
VIC1,2025-02-27 19:40:00,6494.87,193.95,TRADE
VIC1,2025-02-27 19:45:00,6407.86,160.0,TRADE
VIC1,2025-02-27 19:50:00,6298.45,183.85,TRADE
VIC1,2025-02-27 19:55:00,6211.87,160.0,TRADE
VIC1,2025-02-27 20:00:00,6229.84,160.0,TRADE
VIC1,2025-02-27 20:05:00,6027.55,151.97,TRADE
VIC1,2025-02-27 20:10:00,5996.28,152.92,TRADE
VIC1,2025-02-27 20:15:00,5964.09,148.01,TRADE
VIC1,2025-02-27 20:20:00,5955.05,120.0,TRADE
VIC1,2025-02-27 20:25:00,5931.88,120.0,TRADE
VIC1,2025-02-27 20:30:00,5872.69,119.42,TRADE
VIC1,2025-02-27 20:35:00,5802.27,90.9,TRADE
VIC1,2025-02-27 20:40:00,5769.67,109.0,TRADE
VIC1,2025-02-27 20:45:00,5796.82,127.59,TRADE
VIC1,2025-02-27 20:50:00,5822.47,126.42,TRADE
VIC1,2025-02-27 20:55:00,5734.75,127.16,TRADE
VIC1,2025-02-27 21:00:00,5565.34,113.32,TRADE
VIC1,2025-02-27 21:05:00,5605.62,147.86,TRADE
VIC1,2025-02-27 21:10:00,5616.78,146.87,TRADE
VIC1,2025-02-27 21:15:00,5571.96,147.23,TRADE
VIC1,2025-02-27 21:20:00,5582.51,139.59,TRADE
VIC1,2025-02-27 21:25:00,5577.48,133.27,TRADE
VIC1,2025-02-27 21:30:00,5588.22,132.49,TRADE
VIC1,2025-02-27 21:35:00,5488.32,126.87,TRADE
VIC1,2025-02-27 21:40:00,5549.53,135.46,TRADE
VIC1,2025-02-27 21:45:00,5461.86,135.88,TRADE
VIC1,2025-02-27 21:50:00,5454.08,136.21,TRADE
VIC1,2025-02-27 21:55:00,5500.96,138.25,TRADE
VIC1,2025-02-27 22:00:00,5418.74,135.17,TRADE
VIC1,2025-02-27 22:05:00,5395.95,170.86,TRADE
VIC1,2025-02-27 22:10:00,5432.6,182.23,TRADE
VIC1,2025-02-27 22:15:00,5356.06,140.36,TRADE
VIC1,2025-02-27 22:20:00,5435.16,149.22,TRADE
VIC1,2025-02-27 22:25:00,5451.86,179.3,TRADE
VIC1,2025-02-27 22:30:00,5326.75,140.89,TRADE
VIC1,2025-02-27 22:35:00,5261.76,139.51,TRADE
VIC1,2025-02-27 22:40:00,5134.25,138.4,TRADE
VIC1,2025-02-27 22:45:00,5208.02,138.54,TRADE
VIC1,2025-02-27 22:50:00,5118.12,135.65,TRADE
VIC1,2025-02-27 22:55:00,5045.64,118.48,TRADE
VIC1,2025-02-27 23:00:00,4990.76,120.0,TRADE
VIC1,2025-02-27 23:05:00,5014.24,119.12,TRADE
VIC1,2025-02-27 23:10:00,5109.11,140.52,TRADE
VIC1,2025-02-27 23:15:00,5080.65,132.48,TRADE
VIC1,2025-02-27 23:20:00,5035.9,129.54,TRADE
VIC1,2025-02-27 23:25:00,5006.38,120.8,TRADE
VIC1,2025-02-27 23:30:00,4940.09,119.41,TRADE
VIC1,2025-02-27 23:35:00,4959.77,121.93,TRADE
VIC1,2025-02-27 23:40:00,4823.04,125.3,TRADE
VIC1,2025-02-27 23:45:00,4715.26,120.0,TRADE
VIC1,2025-02-27 23:50:00,4723.0,120.0,TRADE
VIC1,2025-02-27 23:55:00,4666.6,120.0,TRADE
VIC1,2025-02-28 00:00:00,4623.47,120.0,TRADE
VIC1,2025-02-28 00:05:00,4622.72,148.22,TRADE
VIC1,2025-02-28 00:10:00,4519.01,146.07,TRADE
VIC1,2025-02-28 00:15:00,4518.93,123.22,TRADE
VIC1,2025-02-28 00:20:00,4602.07,153.35,TRADE
VIC1,2025-02-28 00:25:00,4556.32,121.61,TRADE
VIC1,2025-02-28 00:30:00,4502.56,150.13,TRADE
VIC1,2025-02-28 00:35:00,4436.18,145.51,TRADE
VIC1,2025-02-28 00:40:00,4348.33,144.33,TRADE
VIC1,2025-02-28 00:45:00,4476.84,120.0,TRADE
VIC1,2025-02-28 00:50:00,4468.07,120.0,TRADE
VIC1,2025-02-28 00:55:00,4447.84,119.03,TRADE
VIC1,2025-02-28 01:00:00,4375.1,115.35,TRADE
VIC1,2025-02-28 01:05:00,4436.97,120.0,TRADE
VIC1,2025-02-28 01:10:00,4412.75,118.15,TRADE
VIC1,2025-02-28 01:15:00,4324.11,114.75,TRADE
VIC1,2025-02-28 01:20:00,4370.48,114.75,TRADE
VIC1,2025-02-28 01:25:00,4341.74,113.59,TRADE
VIC1,2025-02-28 01:30:00,4304.5,112.64,TRADE
VIC1,2025-02-28 01:35:00,4320.37,113.88,TRADE
VIC1,2025-02-28 01:40:00,4192.7,112.59,TRADE
VIC1,2025-02-28 01:45:00,4244.72,114.46,TRADE
VIC1,2025-02-28 01:50:00,4138.45,109.37,TRADE
VIC1,2025-02-28 01:55:00,4106.07,112.44,TRADE
VIC1,2025-02-28 02:00:00,4111.08,111.59,TRADE
VIC1,2025-02-28 02:05:00,4032.82,111.45,TRADE
VIC1,2025-02-28 02:10:00,4022.07,111.4,TRADE
VIC1,2025-02-28 02:15:00,4056.69,108.86,TRADE
VIC1,2025-02-28 02:20:00,4051.45,107.95,TRADE
VIC1,2025-02-28 02:25:00,4053.94,107.75,TRADE
VIC1,2025-02-28 02:30:00,3993.95,100.06,TRADE
VIC1,2025-02-28 02:35:00,4025.81,106.43,TRADE
VIC1,2025-02-28 02:40:00,4080.67,107.38,TRADE
VIC1,2025-02-28 02:45:00,4079.09,100.04,TRADE
VIC1,2025-02-28 02:50:00,4039.17,99.84,TRADE
VIC1,2025-02-28 02:55:00,4052.28,99.88,TRADE
VIC1,2025-02-28 03:00:00,3996.61,100.51,TRADE
VIC1,2025-02-28 03:05:00,3990.25,102.04,TRADE
VIC1,2025-02-28 03:10:00,4084.09,110.24,TRADE
VIC1,2025-02-28 03:15:00,4008.74,105.41,TRADE
VIC1,2025-02-28 03:20:00,4016.76,105.44,TRADE
VIC1,2025-02-28 03:25:00,3997.65,105.27,TRADE
VIC1,2025-02-28 03:30:00,4046.56,103.22,TRADE
VIC1,2025-02-28 03:35:00,4163.36,108.13,TRADE
VIC1,2025-02-28 03:40:00,4171.26,109.54,TRADE
VIC1,2025-02-28 03:45:00,4045.94,103.93,TRADE
VIC1,2025-02-28 03:50:00,4185.28,105.09,TRADE
VIC1,2025-02-28 03:55:00,4163.19,103.76,TRADE
VIC1,2025-02-28 04:00:00,4158.41,103.77,TRADE
VIC1,2025-02-28 04:05:00,4207.77,104.47,TRADE
VIC1,2025-02-28 04:10:00,4158.79,99.91,TRADE
VIC1,2025-02-28 04:15:00,4230.4,102.93,TRADE
VIC1,2025-02-28 04:20:00,4236.71,102.18,TRADE
VIC1,2025-02-28 04:25:00,4235.22,101.4,TRADE
VIC1,2025-02-28 04:30:00,4288.57,90.0,TRADE
VIC1,2025-02-28 04:35:00,4345.57,90.0,TRADE
VIC1,2025-02-28 04:40:00,4318.23,100.54,TRADE
VIC1,2025-02-28 04:45:00,4381.36,102.8,TRADE
VIC1,2025-02-28 04:50:00,4386.09,99.8,TRADE
VIC1,2025-02-28 04:55:00,4428.44,103.56,TRADE
VIC1,2025-02-28 05:00:00,4452.49,100.52,TRADE
VIC1,2025-02-28 05:05:00,4448.13,90.0,TRADE
VIC1,2025-02-28 05:10:00,4610.72,101.35,TRADE
VIC1,2025-02-28 05:15:00,4657.27,104.29,TRADE
VIC1,2025-02-28 05:20:00,4650.3,111.61,TRADE
VIC1,2025-02-28 05:25:00,4668.93,114.42,TRADE
VIC1,2025-02-28 05:30:00,4752.74,116.23,TRADE
VIC1,2025-02-28 05:35:00,4814.57,116.19,TRADE
VIC1,2025-02-28 05:40:00,4736.2,115.59,TRADE
VIC1,2025-02-28 05:45:00,4841.27,128.11,TRADE
VIC1,2025-02-28 05:50:00,4863.12,127.3,TRADE
VIC1,2025-02-28 05:55:00,4880.08,135.3,TRADE
VIC1,2025-02-28 06:00:00,4964.0,135.3,TRADE
VIC1,2025-02-28 06:05:00,4960.66,128.35,TRADE
VIC1,2025-02-28 06:10:00,5066.17,151.48,TRADE
VIC1,2025-02-28 06:15:00,5145.26,151.91,TRADE
VIC1,2025-02-28 06:20:00,5125.25,151.52,TRADE
VIC1,2025-02-28 06:25:00,5176.94,146.59,TRADE
VIC1,2025-02-28 06:30:00,5205.48,144.89,TRADE
VIC1,2025-02-28 06:35:00,5195.6,138.7,TRADE
VIC1,2025-02-28 06:40:00,5130.87,113.03,TRADE
VIC1,2025-02-28 06:45:00,5171.51,84.03,TRADE
VIC1,2025-02-28 06:50:00,5229.09,79.2,TRADE
VIC1,2025-02-28 06:55:00,5219.94,116.49,TRADE
VIC1,2025-02-28 07:00:00,5165.27,93.35,TRADE
VIC1,2025-02-28 07:05:00,5151.67,117.13,TRADE
VIC1,2025-02-28 07:10:00,5072.76,117.15,TRADE
VIC1,2025-02-28 07:15:00,4965.68,114.75,TRADE
VIC1,2025-02-28 07:20:00,4921.41,115.63,TRADE
VIC1,2025-02-28 07:25:00,4865.64,114.75,TRADE
VIC1,2025-02-28 07:30:00,4958.59,119.02,TRADE
VIC1,2025-02-28 07:35:00,4870.6,116.55,TRADE
VIC1,2025-02-28 07:40:00,4870.6,118.31,TRADE
VIC1,2025-02-28 07:45:00,4874.24,160.45,TRADE
VIC1,2025-02-28 07:50:00,4798.66,139.23,TRADE
VIC1,2025-02-28 07:55:00,4794.12,137.0,TRADE
VIC1,2025-02-28 08:00:00,4736.25,135.55,TRADE
VIC1,2025-02-28 08:05:00,4655.34,174.05,TRADE
VIC1,2025-02-28 08:10:00,4612.36,117.72,TRADE
VIC1,2025-02-28 08:15:00,4635.26,146.2,TRADE
VIC1,2025-02-28 08:20:00,4609.03,143.91,TRADE
VIC1,2025-02-28 08:25:00,4555.06,111.17,TRADE
VIC1,2025-02-28 08:30:00,4655.41,112.33,TRADE
VIC1,2025-02-28 08:35:00,4602.54,100.84,TRADE
VIC1,2025-02-28 08:40:00,4625.6,117.21,TRADE
VIC1,2025-02-28 08:45:00,4586.12,111.51,TRADE
VIC1,2025-02-28 08:50:00,4449.53,12.0,TRADE
VIC1,2025-02-28 08:55:00,4339.32,38.76,TRADE
VIC1,2025-02-28 09:00:00,4271.0,12.0,TRADE
VIC1,2025-02-28 09:05:00,4287.7,60.9,TRADE
VIC1,2025-02-28 09:10:00,4457.16,133.58,TRADE
VIC1,2025-02-28 09:15:00,4322.86,108.79,TRADE
VIC1,2025-02-28 09:20:00,4344.21,102.93,TRADE
VIC1,2025-02-28 09:25:00,4322.94,33.0,TRADE
VIC1,2025-02-28 09:30:00,4231.33,33.0,TRADE
VIC1,2025-02-28 09:35:00,4192.56,33.0,TRADE
VIC1,2025-02-28 09:40:00,4036.62,8.95,TRADE
VIC1,2025-02-28 09:45:00,3935.84,8.95,TRADE
VIC1,2025-02-28 09:50:00,3991.19,8.95,TRADE
VIC1,2025-02-28 09:55:00,3968.87,0.0,TRADE
VIC1,2025-02-28 10:00:00,3849.06,-8.69,TRADE
VIC1,2025-02-28 10:05:00,3738.61,0.0,TRADE
VIC1,2025-02-28 10:10:00,3889.77,8.95,TRADE
VIC1,2025-02-28 10:15:00,3918.13,8.95,TRADE
VIC1,2025-02-28 10:20:00,3770.8,-18.15,TRADE
VIC1,2025-02-28 10:25:00,3712.48,0.0,TRADE
VIC1,2025-02-28 10:30:00,3774.81,-8.69,TRADE
VIC1,2025-02-28 10:35:00,3857.99,8.95,TRADE
VIC1,2025-02-28 10:40:00,3835.06,0.0,TRADE
VIC1,2025-02-28 10:45:00,3894.04,8.95,TRADE
VIC1,2025-02-28 10:50:00,3805.47,8.95,TRADE
VIC1,2025-02-28 10:55:00,3793.14,8.95,TRADE
VIC1,2025-02-28 11:00:00,3788.42,15.12,TRADE
VIC1,2025-02-28 11:05:00,3757.18,15.12,TRADE
VIC1,2025-02-28 11:10:00,3740.01,15.12,TRADE
VIC1,2025-02-28 11:15:00,3885.54,10.32,TRADE
VIC1,2025-02-28 11:20:00,3924.27,10.57,TRADE
VIC1,2025-02-28 11:25:00,3804.01,9.07,TRADE
VIC1,2025-02-28 11:30:00,3888.54,0.0,TRADE
VIC1,2025-02-28 11:35:00,3935.98,10.75,TRADE
VIC1,2025-02-28 11:40:00,3962.1,0.0,TRADE
VIC1,2025-02-28 11:45:00,3929.82,8.95,TRADE
VIC1,2025-02-28 11:50:00,3824.34,-18.15,TRADE
VIC1,2025-02-28 11:55:00,3927.43,0.0,TRADE
VIC1,2025-02-28 12:00:00,3945.13,14.01,TRADE
VIC1,2025-02-28 12:05:00,3980.59,12.42,TRADE
VIC1,2025-02-28 12:10:00,3915.09,0.0,TRADE
VIC1,2025-02-28 12:15:00,4056.42,8.9,TRADE
VIC1,2025-02-28 12:20:00,4009.63,8.95,TRADE
VIC1,2025-02-28 12:25:00,3959.4,10.17,TRADE
VIC1,2025-02-28 12:30:00,4025.32,0.68,TRADE
VIC1,2025-02-28 12:35:00,4017.81,-18.15,TRADE
VIC1,2025-02-28 12:40:00,4021.54,-8.75,TRADE
VIC1,2025-02-28 12:45:00,4083.3,0.0,TRADE
VIC1,2025-02-28 12:50:00,4139.95,-0.9,TRADE
VIC1,2025-02-28 12:55:00,4115.31,-8.69,TRADE
VIC1,2025-02-28 13:00:00,4042.16,0.0,TRADE
VIC1,2025-02-28 13:05:00,4177.6,8.95,TRADE
VIC1,2025-02-28 13:10:00,4021.85,0.95,TRADE
VIC1,2025-02-28 13:15:00,4072.07,1.15,TRADE
VIC1,2025-02-28 13:20:00,4000.69,8.95,TRADE
VIC1,2025-02-28 13:25:00,3989.89,15.12,TRADE
VIC1,2025-02-28 13:30:00,4008.19,33.37,TRADE
VIC1,2025-02-28 13:35:00,3940.84,31.7,TRADE
VIC1,2025-02-28 13:40:00,4086.23,27.89,TRADE
VIC1,2025-02-28 13:45:00,4122.4,11.35,TRADE
VIC1,2025-02-28 13:50:00,4083.84,8.95,TRADE
VIC1,2025-02-28 13:55:00,4074.88,8.95,TRADE
VIC1,2025-02-28 14:00:00,4108.22,-16.06,TRADE
VIC1,2025-02-28 14:05:00,4168.79,8.95,TRADE
VIC1,2025-02-28 14:10:00,3982.92,-27.25,TRADE
VIC1,2025-02-28 14:15:00,3917.28,32.18,TRADE
VIC1,2025-02-28 14:20:00,3949.92,16.62,TRADE
VIC1,2025-02-28 14:25:00,4197.16,-16.06,TRADE
VIC1,2025-02-28 14:30:00,4176.99,8.95,TRADE
VIC1,2025-02-28 14:35:00,4286.7,8.95,TRADE
VIC1,2025-02-28 14:40:00,4300.87,28.26,TRADE
VIC1,2025-02-28 14:45:00,4188.18,21.24,TRADE
VIC1,2025-02-28 14:50:00,4279.35,19.87,TRADE
VIC1,2025-02-28 14:55:00,4395.7,21.95,TRADE
VIC1,2025-02-28 15:00:00,4481.09,26.69,TRADE
VIC1,2025-02-28 15:05:00,4550.4,8.95,TRADE
VIC1,2025-02-28 15:10:00,4548.34,29.89,TRADE
VIC1,2025-02-28 15:15:00,4668.75,-19.99,TRADE
VIC1,2025-02-28 15:20:00,4661.65,8.95,TRADE
VIC1,2025-02-28 15:25:00,4750.4,6.7,TRADE
VIC1,2025-02-28 15:30:00,4759.74,12.42,TRADE
VIC1,2025-02-28 15:35:00,4850.2,-9.5,TRADE
VIC1,2025-02-28 15:40:00,4971.59,8.95,TRADE
VIC1,2025-02-28 15:45:00,5100.56,8.95,TRADE
VIC1,2025-02-28 15:50:00,5096.31,12.0,TRADE
VIC1,2025-02-28 15:55:00,5304.73,12.0,TRADE
VIC1,2025-02-28 16:00:00,5370.99,12.0,TRADE
VIC1,2025-02-28 16:05:00,5498.12,9.0,TRADE
VIC1,2025-02-28 16:10:00,5407.22,8.95,TRADE
VIC1,2025-02-28 16:15:00,5506.82,9.0,TRADE
VIC1,2025-02-28 16:20:00,5590.49,8.95,TRADE
VIC1,2025-02-28 16:25:00,5548.79,60.8,TRADE
VIC1,2025-02-28 16:30:00,5603.31,9.0,TRADE
VIC1,2025-02-28 16:35:00,5514.96,9.0,TRADE
VIC1,2025-02-28 16:40:00,5653.41,60.62,TRADE
VIC1,2025-02-28 16:45:00,5748.17,80.29,TRADE
VIC1,2025-02-28 16:50:00,5935.22,86.95,TRADE
VIC1,2025-02-28 16:55:00,5885.87,96.96,TRADE
VIC1,2025-02-28 17:00:00,5922.88,107.01,TRADE
VIC1,2025-02-28 17:05:00,5924.42,84.14,TRADE
VIC1,2025-02-28 17:10:00,5971.44,88.26,TRADE
VIC1,2025-02-28 17:15:00,5861.26,90.03,TRADE
VIC1,2025-02-28 17:20:00,5822.8,120.0,TRADE
VIC1,2025-02-28 17:25:00,5911.92,135.97,TRADE
VIC1,2025-02-28 17:30:00,6008.11,160.0,TRADE
VIC1,2025-02-28 17:35:00,6078.42,135.55,TRADE
VIC1,2025-02-28 17:40:00,6158.01,111.98,TRADE
VIC1,2025-02-28 17:45:00,6252.63,79.0,TRADE
VIC1,2025-02-28 17:50:00,6264.34,79.0,TRADE
VIC1,2025-02-28 17:55:00,6264.33,20.04,TRADE
VIC1,2025-02-28 18:00:00,6229.67,79.0,TRADE
VIC1,2025-02-28 18:05:00,6283.74,81.85,TRADE
VIC1,2025-02-28 18:10:00,6312.3,111.34,TRADE
VIC1,2025-02-28 18:15:00,6437.97,115.35,TRADE
VIC1,2025-02-28 18:20:00,6353.18,116.55,TRADE
VIC1,2025-02-28 18:25:00,6409.74,120.0,TRADE
VIC1,2025-02-28 18:30:00,6441.44,138.48,TRADE
VIC1,2025-02-28 18:35:00,6511.01,153.33,TRADE
VIC1,2025-02-28 18:40:00,6568.21,170.23,TRADE
VIC1,2025-02-28 18:45:00,6484.6,153.88,TRADE
VIC1,2025-02-28 18:50:00,6557.08,153.88,TRADE
VIC1,2025-02-28 18:55:00,6460.66,149.54,TRADE
VIC1,2025-02-28 19:00:00,6438.0,153.88,TRADE
VIC1,2025-02-28 19:05:00,6435.79,189.24,TRADE
VIC1,2025-02-28 19:10:00,6419.31,175.72,TRADE
VIC1,2025-02-28 19:15:00,6347.25,178.03,TRADE
VIC1,2025-02-28 19:20:00,6307.79,153.12,TRADE
VIC1,2025-02-28 19:25:00,6168.24,153.88,TRADE
VIC1,2025-02-28 19:30:00,6159.07,153.88,TRADE
VIC1,2025-02-28 19:35:00,6240.7,153.88,TRADE
VIC1,2025-02-28 19:40:00,6183.32,153.23,TRADE
VIC1,2025-02-28 19:45:00,6079.42,153.88,TRADE
VIC1,2025-02-28 19:50:00,6145.12,150.32,TRADE
VIC1,2025-02-28 19:55:00,6086.29,149.54,TRADE
VIC1,2025-02-28 20:00:00,6024.02,149.54,TRADE
VIC1,2025-02-28 20:05:00,5898.13,150.3,TRADE
VIC1,2025-02-28 20:10:00,5944.33,153.88,TRADE
VIC1,2025-02-28 20:15:00,5804.18,153.88,TRADE
VIC1,2025-02-28 20:20:00,5746.0,150.32,TRADE
VIC1,2025-02-28 20:25:00,5740.96,149.15,TRADE
VIC1,2025-02-28 20:30:00,5709.46,148.94,TRADE
VIC1,2025-02-28 20:35:00,5616.79,133.51,TRADE
VIC1,2025-02-28 20:40:00,5570.8,160.0,TRADE
VIC1,2025-02-28 20:45:00,5580.03,149.15,TRADE
VIC1,2025-02-28 20:50:00,5520.58,143.1,TRADE
VIC1,2025-02-28 20:55:00,5499.3,132.06,TRADE
VIC1,2025-02-28 21:00:00,5333.93,120.0,TRADE
VIC1,2025-02-28 21:05:00,5266.62,130.12,TRADE
VIC1,2025-02-28 21:10:00,5355.05,160.0,TRADE
VIC1,2025-02-28 21:15:00,5341.42,152.25,TRADE
VIC1,2025-02-28 21:20:00,5201.12,129.49,TRADE
VIC1,2025-02-28 21:25:00,5243.61,137.64,TRADE
VIC1,2025-02-28 21:30:00,5191.24,135.25,TRADE
VIC1,2025-02-28 21:35:00,5117.64,141.92,TRADE
VIC1,2025-02-28 21:40:00,5006.24,129.84,TRADE
VIC1,2025-02-28 21:45:00,4920.7,128.02,TRADE
VIC1,2025-02-28 21:50:00,4847.19,122.11,TRADE
VIC1,2025-02-28 21:55:00,4786.85,123.4,TRADE
VIC1,2025-02-28 22:00:00,4742.73,116.04,TRADE
VIC1,2025-02-28 22:05:00,4727.29,133.02,TRADE
VIC1,2025-02-28 22:10:00,4820.88,144.31,TRADE
VIC1,2025-02-28 22:15:00,4770.55,132.72,TRADE
VIC1,2025-02-28 22:20:00,4810.21,126.13,TRADE
VIC1,2025-02-28 22:25:00,4778.49,126.34,TRADE
VIC1,2025-02-28 22:30:00,4778.34,125.55,TRADE
VIC1,2025-02-28 22:35:00,4724.82,128.15,TRADE
VIC1,2025-02-28 22:40:00,4619.75,125.02,TRADE
VIC1,2025-02-28 22:45:00,4698.37,155.15,TRADE
VIC1,2025-02-28 22:50:00,4590.39,131.03,TRADE
VIC1,2025-02-28 22:55:00,4580.83,130.22,TRADE
VIC1,2025-02-28 23:00:00,4540.48,120.57,TRADE
VIC1,2025-02-28 23:05:00,4566.81,120.0,TRADE
VIC1,2025-02-28 23:10:00,4677.17,152.44,TRADE
VIC1,2025-02-28 23:15:00,4619.64,136.06,TRADE
VIC1,2025-02-28 23:20:00,4604.72,123.3,TRADE
VIC1,2025-02-28 23:25:00,4601.05,121.04,TRADE
VIC1,2025-02-28 23:30:00,4592.83,124.5,TRADE
VIC1,2025-02-28 23:35:00,4608.23,120.34,TRADE
VIC1,2025-02-28 23:40:00,4682.16,144.93,TRADE
VIC1,2025-02-28 23:45:00,4703.18,121.39,TRADE
VIC1,2025-02-28 23:50:00,4551.3,120.0,TRADE
VIC1,2025-02-28 23:55:00,4570.43,120.0,TRADE
VIC1,2025-12-01 00:00:00,4369.27,-3.7,TRADE
VIC1,2025-12-01 00:05:00,4361.43,-3.7,TRADE
VIC1,2025-12-01 00:10:00,4369.86,-3.7,TRADE
VIC1,2025-12-01 00:15:00,4250.18,-3.7,TRADE
VIC1,2025-12-01 00:20:00,4341.67,-3.7,TRADE
VIC1,2025-12-01 00:25:00,4317.39,-3.7,TRADE
VIC1,2025-12-01 00:30:00,4303.98,-3.7,TRADE
VIC1,2025-12-01 00:35:00,4202.24,-3.7,TRADE
VIC1,2025-12-01 00:40:00,4172.75,-3.7,TRADE
VIC1,2025-12-01 00:45:00,4256.81,-3.7,TRADE
VIC1,2025-12-01 00:50:00,4231.68,-3.7,TRADE
VIC1,2025-12-01 00:55:00,4119.3,-3.7,TRADE
VIC1,2025-12-01 01:00:00,4184.22,-3.7,TRADE
VIC1,2025-12-01 01:05:00,4164.46,-3.7,TRADE
VIC1,2025-12-01 01:10:00,4166.19,-3.7,TRADE
VIC1,2025-12-01 01:15:00,4120.4,-3.7,TRADE
VIC1,2025-12-01 01:20:00,4006.54,-3.7,TRADE
VIC1,2025-12-01 01:25:00,4112.33,-3.7,TRADE
VIC1,2025-12-01 01:30:00,4096.47,-3.7,TRADE
VIC1,2025-12-01 01:35:00,3948.7,-3.7,TRADE
VIC1,2025-12-01 01:40:00,4018.67,-4.7,TRADE
VIC1,2025-12-01 01:45:00,4001.52,-7.86,TRADE
VIC1,2025-12-01 01:50:00,3979.25,-8.6,TRADE
VIC1,2025-12-01 01:55:00,3957.1,-8.69,TRADE
VIC1,2025-12-01 02:00:00,3895.3,-3.7,TRADE
VIC1,2025-12-01 02:05:00,3809.33,-3.7,TRADE
VIC1,2025-12-01 02:10:00,3804.01,-4.2,TRADE
VIC1,2025-12-01 02:15:00,3814.05,-3.7,TRADE
VIC1,2025-12-01 02:20:00,3829.0,-3.7,TRADE
VIC1,2025-12-01 02:25:00,3772.34,-3.7,TRADE
VIC1,2025-12-01 02:30:00,3850.63,-3.7,TRADE
VIC1,2025-12-01 02:35:00,3858.18,-3.7,TRADE
VIC1,2025-12-01 02:40:00,3851.52,-3.7,TRADE
VIC1,2025-12-01 02:45:00,3868.85,-4.82,TRADE
VIC1,2025-12-01 02:50:00,3808.44,-8.72,TRADE
VIC1,2025-12-01 02:55:00,3938.59,-3.7,TRADE
VIC1,2025-12-01 03:00:00,3900.91,-3.7,TRADE
VIC1,2025-12-01 03:05:00,3905.49,-3.7,TRADE
VIC1,2025-12-01 03:10:00,3896.26,-3.7,TRADE
VIC1,2025-12-01 03:15:00,3930.66,-3.7,TRADE
VIC1,2025-12-01 03:20:00,3917.07,-3.7,TRADE
VIC1,2025-12-01 03:25:00,3942.85,-3.7,TRADE
VIC1,2025-12-01 03:30:00,3866.28,-4.36,TRADE
VIC1,2025-12-01 03:35:00,3879.56,-3.7,TRADE
VIC1,2025-12-01 03:40:00,3903.0,-3.7,TRADE
VIC1,2025-12-01 03:45:00,3988.58,-3.7,TRADE
VIC1,2025-12-01 03:50:00,3966.86,-3.7,TRADE
VIC1,2025-12-01 03:55:00,3976.22,-3.7,TRADE
VIC1,2025-12-01 04:00:00,4025.8,-3.7,TRADE
VIC1,2025-12-01 04:05:00,4062.64,-3.7,TRADE
VIC1,2025-12-01 04:10:00,4136.3,-3.7,TRADE
VIC1,2025-12-01 04:15:00,4067.96,-3.7,TRADE
VIC1,2025-12-01 04:20:00,4109.93,-3.7,TRADE
VIC1,2025-12-01 04:25:00,4194.08,-3.7,TRADE
VIC1,2025-12-01 04:30:00,4233.3,-3.7,TRADE
VIC1,2025-12-01 04:35:00,4223.43,-3.7,TRADE
VIC1,2025-12-01 04:40:00,4269.7,-3.7,TRADE
VIC1,2025-12-01 04:45:00,4334.45,-3.7,TRADE
VIC1,2025-12-01 04:50:00,4343.1,-3.7,TRADE
VIC1,2025-12-01 04:55:00,4351.13,-3.7,TRADE
VIC1,2025-12-01 05:00:00,4370.48,-3.7,TRADE
VIC1,2025-12-01 05:05:00,4409.81,-3.7,TRADE
VIC1,2025-12-01 05:10:00,4595.35,0.01,TRADE
VIC1,2025-12-01 05:15:00,4572.08,0.0,TRADE
VIC1,2025-12-01 05:20:00,4615.17,0.01,TRADE
VIC1,2025-12-01 05:25:00,4678.58,0.01,TRADE
VIC1,2025-12-01 05:30:00,4772.54,8.95,TRADE
VIC1,2025-12-01 05:35:00,4801.99,0.01,TRADE
VIC1,2025-12-01 05:40:00,4801.96,8.95,TRADE
VIC1,2025-12-01 05:45:00,4840.41,0.01,TRADE
VIC1,2025-12-01 05:50:00,4881.73,0.01,TRADE
VIC1,2025-12-01 05:55:00,4939.68,26.31,TRADE
VIC1,2025-12-01 06:00:00,4958.26,0.0,TRADE
VIC1,2025-12-01 06:05:00,5035.41,0.0,TRADE
VIC1,2025-12-01 06:10:00,5219.8,0.0,TRADE
VIC1,2025-12-01 06:15:00,5271.61,14.43,TRADE
VIC1,2025-12-01 06:20:00,5318.75,0.0,TRADE
VIC1,2025-12-01 06:25:00,5288.86,-0.09,TRADE
VIC1,2025-12-01 06:30:00,5281.86,-3.7,TRADE
VIC1,2025-12-01 06:35:00,5289.5,0.0,TRADE
VIC1,2025-12-01 06:40:00,5225.79,-0.09,TRADE
VIC1,2025-12-01 06:45:00,5206.99,-3.7,TRADE
VIC1,2025-12-01 06:50:00,5167.9,-3.7,TRADE
VIC1,2025-12-01 06:55:00,5258.11,-3.7,TRADE
VIC1,2025-12-01 07:00:00,5116.36,-3.7,TRADE
VIC1,2025-12-01 07:05:00,5194.73,-3.7,TRADE
VIC1,2025-12-01 07:10:00,5111.86,-3.7,TRADE
VIC1,2025-12-01 07:15:00,5111.82,-4.57,TRADE
VIC1,2025-12-01 07:20:00,5039.3,-7.36,TRADE
VIC1,2025-12-01 07:25:00,4990.4,-7.36,TRADE
VIC1,2025-12-01 07:30:00,4996.62,-7.25,TRADE
VIC1,2025-12-01 07:35:00,5040.38,-3.7,TRADE
VIC1,2025-12-01 07:40:00,4979.96,-6.55,TRADE
VIC1,2025-12-01 07:45:00,4975.3,-6.3,TRADE
VIC1,2025-12-01 07:50:00,4992.09,-6.15,TRADE
VIC1,2025-12-01 07:55:00,5002.48,-7.45,TRADE
VIC1,2025-12-01 08:00:00,4918.51,-9.11,TRADE
VIC1,2025-12-01 08:05:00,4841.15,-10.14,TRADE
VIC1,2025-12-01 08:10:00,4878.75,-7.99,TRADE
VIC1,2025-12-01 08:15:00,4785.06,-11.0,TRADE
VIC1,2025-12-01 08:20:00,4721.9,-11.06,TRADE
VIC1,2025-12-01 08:25:00,4636.91,-12.85,TRADE
VIC1,2025-12-01 08:30:00,4612.91,-13.7,TRADE
VIC1,2025-12-01 08:35:00,4545.15,-15.34,TRADE
VIC1,2025-12-01 08:40:00,4537.96,-15.65,TRADE
VIC1,2025-12-01 08:45:00,4438.37,-16.93,TRADE
VIC1,2025-12-01 08:50:00,4243.8,-19.99,TRADE
VIC1,2025-12-01 08:55:00,4395.26,-18.13,TRADE
VIC1,2025-12-01 09:00:00,4401.43,-16.54,TRADE
VIC1,2025-12-01 09:05:00,4419.75,-13.19,TRADE
VIC1,2025-12-01 09:10:00,4353.35,-14.51,TRADE
VIC1,2025-12-01 09:15:00,4312.63,-13.77,TRADE
VIC1,2025-12-01 09:20:00,4236.38,-14.61,TRADE
VIC1,2025-12-01 09:25:00,4214.3,-12.39,TRADE
VIC1,2025-12-01 09:30:00,4107.1,-14.56,TRADE
VIC1,2025-12-01 09:35:00,4090.63,-16.54,TRADE
VIC1,2025-12-01 09:40:00,4097.31,-20.37,TRADE
VIC1,2025-12-01 09:45:00,4269.2,-16.54,TRADE
VIC1,2025-12-01 09:50:00,4295.97,-16.54,TRADE
VIC1,2025-12-01 09:55:00,4354.33,-20.37,TRADE
VIC1,2025-12-01 10:00:00,4373.14,-11.53,TRADE
VIC1,2025-12-01 10:05:00,4377.69,-8.85,TRADE
VIC1,2025-12-01 10:10:00,4438.21,-8.33,TRADE
VIC1,2025-12-01 10:15:00,4326.97,-10.88,TRADE
VIC1,2025-12-01 10:20:00,4280.48,-11.99,TRADE
VIC1,2025-12-01 10:25:00,4217.53,-15.04,TRADE
VIC1,2025-12-01 10:30:00,4081.97,-14.96,TRADE
VIC1,2025-12-01 10:35:00,3912.5,-16.17,TRADE
VIC1,2025-12-01 10:40:00,3814.39,-17.83,TRADE
VIC1,2025-12-01 10:45:00,3695.31,-17.89,TRADE
VIC1,2025-12-01 10:50:00,3582.41,-18.61,TRADE
VIC1,2025-12-01 10:55:00,3492.25,-19.52,TRADE
VIC1,2025-12-01 11:00:00,3485.44,-17.96,TRADE
VIC1,2025-12-01 11:05:00,3602.78,-11.98,TRADE
VIC1,2025-12-01 11:10:00,3719.15,-9.65,TRADE
VIC1,2025-12-01 11:15:00,3792.97,-8.81,TRADE
VIC1,2025-12-01 11:20:00,3952.28,-11.99,TRADE
VIC1,2025-12-01 11:25:00,4086.71,-11.0,TRADE
VIC1,2025-12-01 11:30:00,4115.6,-11.55,TRADE
VIC1,2025-12-01 11:35:00,4016.7,-11.0,TRADE
VIC1,2025-12-01 11:40:00,3937.92,-17.19,TRADE
VIC1,2025-12-01 11:45:00,3915.72,-11.35,TRADE
VIC1,2025-12-01 11:50:00,3877.26,-11.0,TRADE
VIC1,2025-12-01 11:55:00,3800.4,-11.99,TRADE
VIC1,2025-12-01 12:00:00,3795.21,-9.61,TRADE
VIC1,2025-12-01 12:05:00,3753.11,-17.64,TRADE
VIC1,2025-12-01 12:10:00,3797.57,-15.63,TRADE
VIC1,2025-12-01 12:15:00,3804.17,-14.84,TRADE
VIC1,2025-12-01 12:20:00,3746.96,-9.92,TRADE
VIC1,2025-12-01 12:25:00,3877.14,-11.39,TRADE
VIC1,2025-12-01 12:30:00,3918.09,-16.54,TRADE
VIC1,2025-12-01 12:35:00,3968.75,-15.18,TRADE
VIC1,2025-12-01 12:40:00,3921.44,-11.56,TRADE
VIC1,2025-12-01 12:45:00,3840.39,-14.53,TRADE
VIC1,2025-12-01 12:50:00,3799.76,-15.21,TRADE
VIC1,2025-12-01 12:55:00,3792.49,-13.56,TRADE
VIC1,2025-12-01 13:00:00,3630.68,-10.45,TRADE
VIC1,2025-12-01 13:05:00,3408.24,-8.07,TRADE
VIC1,2025-12-01 13:10:00,3541.1,-8.92,TRADE
VIC1,2025-12-01 13:15:00,3500.66,-7.94,TRADE
VIC1,2025-12-01 13:20:00,3489.77,-10.45,TRADE
VIC1,2025-12-01 13:25:00,3546.37,-9.07,TRADE
VIC1,2025-12-01 13:30:00,3548.5,-8.72,TRADE
VIC1,2025-12-01 13:35:00,3622.65,-8.28,TRADE
VIC1,2025-12-01 13:40:00,3672.27,-9.65,TRADE
VIC1,2025-12-01 13:45:00,3690.77,-11.22,TRADE
VIC1,2025-12-01 13:50:00,3852.78,-10.52,TRADE
VIC1,2025-12-01 13:55:00,3919.81,-9.86,TRADE
VIC1,2025-12-01 14:00:00,3800.87,-7.02,TRADE
VIC1,2025-12-01 14:05:00,3763.56,-9.51,TRADE
VIC1,2025-12-01 14:10:00,3840.66,-6.73,TRADE
VIC1,2025-12-01 14:15:00,3772.94,-9.95,TRADE
VIC1,2025-12-01 14:20:00,3815.0,-5.53,TRADE
VIC1,2025-12-01 14:25:00,3675.89,-7.62,TRADE
VIC1,2025-12-01 14:30:00,3696.45,-7.39,TRADE
VIC1,2025-12-01 14:35:00,3593.81,-49.69,TRADE
VIC1,2025-12-01 14:40:00,3738.2,-54.08,TRADE
VIC1,2025-12-01 14:45:00,3811.87,-37.9,TRADE
VIC1,2025-12-01 14:50:00,3906.68,-20.37,TRADE
VIC1,2025-12-01 14:55:00,3867.95,-50.11,TRADE
VIC1,2025-12-01 15:00:00,3805.99,-33.67,TRADE
VIC1,2025-12-01 15:05:00,3878.29,-50.44,TRADE
VIC1,2025-12-01 15:10:00,4030.16,-28.95,TRADE
VIC1,2025-12-01 15:15:00,4026.28,-7.99,TRADE
VIC1,2025-12-01 15:20:00,4036.06,-19.99,TRADE
VIC1,2025-12-01 15:25:00,4137.9,-20.07,TRADE
VIC1,2025-12-01 15:30:00,4121.23,-16.54,TRADE
VIC1,2025-12-01 15:35:00,4111.48,-16.54,TRADE
VIC1,2025-12-01 15:40:00,4135.18,-7.25,TRADE
VIC1,2025-12-01 15:45:00,4060.53,-13.61,TRADE
VIC1,2025-12-01 15:50:00,4105.5,-19.99,TRADE
VIC1,2025-12-01 15:55:00,4208.56,-7.69,TRADE
VIC1,2025-12-01 16:00:00,4237.03,-7.36,TRADE
VIC1,2025-12-01 16:05:00,4266.8,-14.37,TRADE
VIC1,2025-12-01 16:10:00,4269.3,-8.13,TRADE
VIC1,2025-12-01 16:15:00,4279.41,-50.11,TRADE
VIC1,2025-12-01 16:20:00,4425.84,-8.07,TRADE
VIC1,2025-12-01 16:25:00,4453.88,-24.48,TRADE
VIC1,2025-12-01 16:30:00,4546.89,-7.36,TRADE
VIC1,2025-12-01 16:35:00,4560.39,-16.54,TRADE
VIC1,2025-12-01 16:40:00,4688.94,-7.36,TRADE
VIC1,2025-12-01 16:45:00,4743.07,-12.38,TRADE
VIC1,2025-12-01 16:50:00,4791.89,-19.99,TRADE
VIC1,2025-12-01 16:55:00,4974.07,-7.25,TRADE
VIC1,2025-12-01 17:00:00,5044.11,-13.67,TRADE
VIC1,2025-12-01 17:05:00,5068.98,-16.54,TRADE
VIC1,2025-12-01 17:10:00,4987.07,-22.65,TRADE
VIC1,2025-12-01 17:15:00,5025.03,-7.25,TRADE
VIC1,2025-12-01 17:20:00,5089.52,-7.25,TRADE
VIC1,2025-12-01 17:25:00,5115.71,-3.7,TRADE
VIC1,2025-12-01 17:30:00,5166.38,-3.7,TRADE
VIC1,2025-12-01 17:35:00,5155.74,-3.7,TRADE
VIC1,2025-12-01 17:40:00,5203.15,-6.12,TRADE
VIC1,2025-12-01 17:45:00,5210.21,-6.12,TRADE
VIC1,2025-12-01 17:50:00,5260.65,-16.54,TRADE
VIC1,2025-12-01 17:55:00,5357.19,-3.7,TRADE
VIC1,2025-12-01 18:00:00,5328.85,-7.25,TRADE
VIC1,2025-12-01 18:05:00,5286.49,-16.54,TRADE
VIC1,2025-12-01 18:10:00,5426.86,-3.7,TRADE
VIC1,2025-12-01 18:15:00,5524.43,-3.7,TRADE
VIC1,2025-12-01 18:20:00,5481.29,-3.7,TRADE
VIC1,2025-12-01 18:25:00,5561.68,-3.7,TRADE
VIC1,2025-12-01 18:30:00,5568.37,-3.7,TRADE
VIC1,2025-12-01 18:35:00,5614.41,0.0,TRADE
VIC1,2025-12-01 18:40:00,5568.91,35.13,TRADE
VIC1,2025-12-01 18:45:00,5594.21,39.58,TRADE
VIC1,2025-12-01 18:50:00,5739.73,75.52,TRADE
VIC1,2025-12-01 18:55:00,5740.54,68.53,TRADE
VIC1,2025-12-01 19:00:00,5766.8,78.53,TRADE
VIC1,2025-12-01 19:05:00,5842.53,90.94,TRADE
VIC1,2025-12-01 19:10:00,5754.27,79.71,TRADE
VIC1,2025-12-01 19:15:00,5796.98,80.0,TRADE
VIC1,2025-12-01 19:20:00,5882.08,101.51,TRADE
VIC1,2025-12-01 19:25:00,5731.39,81.59,TRADE
VIC1,2025-12-01 19:30:00,5757.25,80.0,TRADE
VIC1,2025-12-01 19:35:00,5856.52,96.76,TRADE
VIC1,2025-12-01 19:40:00,5871.28,94.28,TRADE
VIC1,2025-12-01 19:45:00,5837.14,85.16,TRADE
VIC1,2025-12-01 19:50:00,5872.67,90.94,TRADE
VIC1,2025-12-01 19:55:00,5873.1,99.95,TRADE
VIC1,2025-12-01 20:00:00,5867.4,86.94,TRADE
VIC1,2025-12-01 20:05:00,5756.56,97.97,TRADE
VIC1,2025-12-01 20:10:00,5755.25,103.37,TRADE
VIC1,2025-12-01 20:15:00,5709.87,90.94,TRADE
VIC1,2025-12-01 20:20:00,5731.08,77.81,TRADE
VIC1,2025-12-01 20:25:00,5737.47,101.01,TRADE
VIC1,2025-12-01 20:30:00,5684.21,99.21,TRADE
VIC1,2025-12-01 20:35:00,5620.13,80.0,TRADE
VIC1,2025-12-01 20:40:00,5595.45,104.52,TRADE
VIC1,2025-12-01 20:45:00,5563.67,90.94,TRADE
VIC1,2025-12-01 20:50:00,5456.28,90.94,TRADE
VIC1,2025-12-01 20:55:00,5432.85,95.82,TRADE
VIC1,2025-12-01 21:00:00,5398.26,93.38,TRADE
VIC1,2025-12-01 21:05:00,5418.08,109.64,TRADE
VIC1,2025-12-01 21:10:00,5348.91,93.88,TRADE
VIC1,2025-12-01 21:15:00,5305.71,101.01,TRADE
VIC1,2025-12-01 21:20:00,5268.54,104.66,TRADE
VIC1,2025-12-01 21:25:00,5237.17,101.01,TRADE
VIC1,2025-12-01 21:30:00,5232.12,101.01,TRADE
VIC1,2025-12-01 21:35:00,5198.52,101.01,TRADE
VIC1,2025-12-01 21:40:00,5079.16,101.01,TRADE
VIC1,2025-12-01 21:45:00,5067.62,101.01,TRADE
VIC1,2025-12-01 21:50:00,5104.45,90.94,TRADE
VIC1,2025-12-01 21:55:00,5065.23,94.78,TRADE
VIC1,2025-12-01 22:00:00,4989.17,90.94,TRADE
VIC1,2025-12-01 22:05:00,4936.54,92.73,TRADE
VIC1,2025-12-01 22:10:00,4958.04,101.01,TRADE
VIC1,2025-12-01 22:15:00,4960.02,90.94,TRADE
VIC1,2025-12-01 22:20:00,4915.35,97.71,TRADE
VIC1,2025-12-01 22:25:00,4808.53,80.5,TRADE
VIC1,2025-12-01 22:30:00,4868.5,95.23,TRADE
VIC1,2025-12-01 22:35:00,4839.91,84.49,TRADE
VIC1,2025-12-01 22:40:00,4807.98,80.0,TRADE
VIC1,2025-12-01 22:45:00,4838.36,80.0,TRADE
VIC1,2025-12-01 22:50:00,4808.65,80.0,TRADE
VIC1,2025-12-01 22:55:00,4831.09,81.42,TRADE
VIC1,2025-12-01 23:00:00,4823.2,90.94,TRADE
VIC1,2025-12-01 23:05:00,4779.31,90.94,TRADE
VIC1,2025-12-01 23:10:00,4895.14,82.26,TRADE
VIC1,2025-12-01 23:15:00,5010.27,101.01,TRADE
VIC1,2025-12-01 23:20:00,5006.59,88.26,TRADE
VIC1,2025-12-01 23:25:00,4955.87,83.33,TRADE
VIC1,2025-12-01 23:30:00,5057.36,101.01,TRADE
VIC1,2025-12-01 23:35:00,5028.26,105.51,TRADE
VIC1,2025-12-01 23:40:00,5003.34,101.01,TRADE
VIC1,2025-12-01 23:45:00,4990.54,106.61,TRADE
VIC1,2025-12-01 23:50:00,4890.56,106.38,TRADE
VIC1,2025-12-01 23:55:00,4893.13,106.53,TRADE
VIC1,2025-12-02 00:00:00,4886.01,80.0,TRADE
VIC1,2025-12-02 00:05:00,4855.69,86.25,TRADE
VIC1,2025-12-02 00:10:00,4848.05,101.01,TRADE
VIC1,2025-12-02 00:15:00,4832.24,96.78,TRADE
VIC1,2025-12-02 00:20:00,4811.42,86.4,TRADE
VIC1,2025-12-02 00:25:00,4793.54,84.74,TRADE
VIC1,2025-12-02 00:30:00,4694.44,80.0,TRADE
VIC1,2025-12-02 00:35:00,4673.15,80.0,TRADE
VIC1,2025-12-02 00:40:00,4685.89,80.0,TRADE
VIC1,2025-12-02 00:45:00,4688.5,85.44,TRADE
VIC1,2025-12-02 00:50:00,4589.31,80.0,TRADE
VIC1,2025-12-02 00:55:00,4594.55,80.0,TRADE
VIC1,2025-12-02 01:00:00,4632.5,80.0,TRADE
VIC1,2025-12-02 01:05:00,4636.03,86.06,TRADE
VIC1,2025-12-02 01:10:00,4607.72,81.16,TRADE
VIC1,2025-12-02 01:15:00,4515.98,80.0,TRADE
VIC1,2025-12-02 01:20:00,4549.88,80.0,TRADE
VIC1,2025-12-02 01:25:00,4486.78,80.0,TRADE
VIC1,2025-12-02 01:30:00,4472.38,82.63,TRADE
VIC1,2025-12-02 01:35:00,4537.9,90.16,TRADE
VIC1,2025-12-02 01:40:00,4504.34,85.48,TRADE
VIC1,2025-12-02 01:45:00,4505.2,91.34,TRADE
VIC1,2025-12-02 01:50:00,4478.22,85.32,TRADE
VIC1,2025-12-02 01:55:00,4383.35,84.26,TRADE
VIC1,2025-12-02 02:00:00,4359.63,84.22,TRADE
VIC1,2025-12-02 02:05:00,4355.87,82.28,TRADE
VIC1,2025-12-02 02:10:00,4330.67,84.2,TRADE
VIC1,2025-12-02 02:15:00,4344.41,84.15,TRADE
VIC1,2025-12-02 02:20:00,4367.6,81.28,TRADE
VIC1,2025-12-02 02:25:00,4353.98,83.4,TRADE
VIC1,2025-12-02 02:30:00,4350.16,81.47,TRADE
VIC1,2025-12-02 02:35:00,4331.64,80.43,TRADE
VIC1,2025-12-02 02:40:00,4338.5,80.09,TRADE
VIC1,2025-12-02 02:45:00,4283.79,80.94,TRADE
VIC1,2025-12-02 02:50:00,4276.48,81.33,TRADE
VIC1,2025-12-02 02:55:00,4329.82,82.11,TRADE
VIC1,2025-12-02 03:00:00,4327.34,80.0,TRADE
VIC1,2025-12-02 03:05:00,4264.52,54.94,TRADE
VIC1,2025-12-02 03:10:00,4355.37,64.83,TRADE
VIC1,2025-12-02 03:15:00,4361.51,75.68,TRADE
VIC1,2025-12-02 03:20:00,4372.79,80.87,TRADE
VIC1,2025-12-02 03:25:00,4386.66,79.12,TRADE
VIC1,2025-12-02 03:30:00,4411.33,85.85,TRADE
VIC1,2025-12-02 03:35:00,4349.91,51.49,TRADE
VIC1,2025-12-02 03:40:00,4348.73,61.27,TRADE
VIC1,2025-12-02 03:45:00,4424.62,70.51,TRADE
VIC1,2025-12-02 03:50:00,4425.14,84.42,TRADE
VIC1,2025-12-02 03:55:00,4392.27,74.44,TRADE
VIC1,2025-12-02 04:00:00,4480.82,74.41,TRADE
VIC1,2025-12-02 04:05:00,4512.68,74.51,TRADE
VIC1,2025-12-02 04:10:00,4582.81,88.31,TRADE
VIC1,2025-12-02 04:15:00,4631.03,99.99,TRADE
VIC1,2025-12-02 04:20:00,4623.84,81.18,TRADE
VIC1,2025-12-02 04:25:00,4607.94,83.15,TRADE
VIC1,2025-12-02 04:30:00,4705.12,103.43,TRADE
VIC1,2025-12-02 04:35:00,4721.81,99.99,TRADE
VIC1,2025-12-02 04:40:00,4768.17,104.81,TRADE
VIC1,2025-12-02 04:45:00,4851.59,103.32,TRADE
VIC1,2025-12-02 04:50:00,4903.57,109.44,TRADE
VIC1,2025-12-02 04:55:00,4924.53,114.68,TRADE
VIC1,2025-12-02 05:00:00,5001.97,137.15,TRADE
VIC1,2025-12-02 05:05:00,4927.51,118.69,TRADE
VIC1,2025-12-02 05:10:00,5095.64,137.69,TRADE
VIC1,2025-12-02 05:15:00,5120.15,124.19,TRADE
VIC1,2025-12-02 05:20:00,5214.27,124.81,TRADE
VIC1,2025-12-02 05:25:00,5259.65,137.69,TRADE
VIC1,2025-12-02 05:30:00,5311.21,125.49,TRADE
VIC1,2025-12-02 05:35:00,5364.12,136.74,TRADE
VIC1,2025-12-02 05:40:00,5350.52,125.36,TRADE
VIC1,2025-12-02 05:45:00,5339.45,123.67,TRADE
VIC1,2025-12-02 05:50:00,5370.29,118.69,TRADE
VIC1,2025-12-02 05:55:00,5533.18,118.69,TRADE
VIC1,2025-12-02 06:00:00,5534.87,139.9,TRADE
VIC1,2025-12-02 06:05:00,5561.29,127.49,TRADE
VIC1,2025-12-02 06:10:00,5660.56,137.69,TRADE
VIC1,2025-12-02 06:15:00,5717.49,118.69,TRADE
VIC1,2025-12-02 06:20:00,5734.24,118.69,TRADE
VIC1,2025-12-02 06:25:00,5756.0,118.69,TRADE
VIC1,2025-12-02 06:30:00,5681.85,118.69,TRADE
VIC1,2025-12-02 06:35:00,5685.33,99.99,TRADE
VIC1,2025-12-02 06:40:00,5719.6,99.99,TRADE
VIC1,2025-12-02 06:45:00,5681.04,89.69,TRADE
VIC1,2025-12-02 06:50:00,5648.02,68.69,TRADE
VIC1,2025-12-02 06:55:00,5609.65,100.17,TRADE
VIC1,2025-12-02 07:00:00,5540.79,125.49,TRADE
VIC1,2025-12-02 07:05:00,5492.99,131.37,TRADE
VIC1,2025-12-02 07:10:00,5392.06,99.99,TRADE
VIC1,2025-12-02 07:15:00,5335.15,118.69,TRADE
VIC1,2025-12-02 07:20:00,5284.35,34.41,TRADE
VIC1,2025-12-02 07:25:00,5240.76,22.32,TRADE
VIC1,2025-12-02 07:30:00,5176.24,22.32,TRADE
VIC1,2025-12-02 07:35:00,5111.34,34.88,TRADE
VIC1,2025-12-02 07:40:00,4941.58,35.94,TRADE
VIC1,2025-12-02 07:45:00,4827.83,22.32,TRADE
VIC1,2025-12-02 07:50:00,4749.26,12.71,TRADE
VIC1,2025-12-02 07:55:00,4639.66,12.71,TRADE
VIC1,2025-12-02 08:00:00,4548.99,-0.98,TRADE
VIC1,2025-12-02 08:05:00,4479.28,0.0,TRADE
VIC1,2025-12-02 08:10:00,4413.21,8.94,TRADE
VIC1,2025-12-02 08:15:00,4333.79,-3.7,TRADE
VIC1,2025-12-02 08:20:00,4223.03,-7.25,TRADE
VIC1,2025-12-02 08:25:00,4230.43,-3.7,TRADE
VIC1,2025-12-02 08:30:00,4193.1,-0.2,TRADE
VIC1,2025-12-02 08:35:00,4074.94,-3.7,TRADE
VIC1,2025-12-02 08:40:00,4113.82,12.71,TRADE
VIC1,2025-12-02 08:45:00,3992.06,-0.98,TRADE
VIC1,2025-12-02 08:50:00,4014.24,-0.98,TRADE
VIC1,2025-12-02 08:55:00,4089.15,-2.07,TRADE
VIC1,2025-12-02 09:00:00,4054.98,-3.7,TRADE
VIC1,2025-12-02 09:05:00,4002.41,-2.09,TRADE
VIC1,2025-12-02 09:10:00,4001.67,-2.12,TRADE
VIC1,2025-12-02 09:15:00,4032.99,-0.98,TRADE
VIC1,2025-12-02 09:20:00,4077.78,-0.98,TRADE
VIC1,2025-12-02 09:25:00,4031.39,-0.98,TRADE
VIC1,2025-12-02 09:30:00,4073.93,-2.2,TRADE
VIC1,2025-12-02 09:35:00,3987.99,-2.23,TRADE
VIC1,2025-12-02 09:40:00,4009.42,-2.3,TRADE
VIC1,2025-12-02 09:45:00,3975.69,-3.7,TRADE
VIC1,2025-12-02 09:50:00,4036.45,-7.36,TRADE
VIC1,2025-12-02 09:55:00,4118.17,-0.98,TRADE
VIC1,2025-12-02 10:00:00,4046.13,-3.7,TRADE
VIC1,2025-12-02 10:05:00,4011.09,-3.7,TRADE
VIC1,2025-12-02 10:10:00,3972.74,-7.62,TRADE
VIC1,2025-12-02 10:15:00,3977.62,-3.7,TRADE
VIC1,2025-12-02 10:20:00,3832.62,-9.65,TRADE
VIC1,2025-12-02 10:25:00,3813.02,-8.13,TRADE
VIC1,2025-12-02 10:30:00,3714.69,-11.0,TRADE
VIC1,2025-12-02 10:35:00,3725.64,-9.65,TRADE
VIC1,2025-12-02 10:40:00,3652.28,-9.65,TRADE
VIC1,2025-12-02 10:45:00,3684.76,-11.0,TRADE
VIC1,2025-12-02 10:50:00,3625.78,-9.28,TRADE
VIC1,2025-12-02 10:55:00,3651.41,-9.65,TRADE
VIC1,2025-12-02 11:00:00,3595.37,-9.65,TRADE
VIC1,2025-12-02 11:05:00,3550.23,-11.0,TRADE
VIC1,2025-12-02 11:10:00,3587.17,-9.65,TRADE
VIC1,2025-12-02 11:15:00,3595.9,-7.62,TRADE
VIC1,2025-12-02 11:20:00,3583.43,-8.44,TRADE
VIC1,2025-12-02 11:25:00,3631.67,-8.15,TRADE
VIC1,2025-12-02 11:30:00,3557.81,-11.35,TRADE
VIC1,2025-12-02 11:35:00,3612.98,-11.8,TRADE
VIC1,2025-12-02 11:40:00,3593.1,-8.24,TRADE
VIC1,2025-12-02 11:45:00,3554.23,-8.48,TRADE
VIC1,2025-12-02 11:50:00,3611.46,-8.18,TRADE
VIC1,2025-12-02 11:55:00,3594.76,-8.65,TRADE
VIC1,2025-12-02 12:00:00,3557.76,-8.0,TRADE
VIC1,2025-12-02 12:05:00,3521.9,-10.24,TRADE
VIC1,2025-12-02 12:10:00,3569.4,-8.0,TRADE
VIC1,2025-12-02 12:15:00,3536.86,-8.25,TRADE
VIC1,2025-12-02 12:20:00,3556.31,-8.04,TRADE
VIC1,2025-12-02 12:25:00,3558.87,-11.0,TRADE
VIC1,2025-12-02 12:30:00,3512.26,-11.0,TRADE
VIC1,2025-12-02 12:35:00,3541.14,-7.62,TRADE
VIC1,2025-12-02 12:40:00,3544.92,-10.68,TRADE
VIC1,2025-12-02 12:45:00,3601.77,-9.65,TRADE
VIC1,2025-12-02 12:50:00,3524.48,-8.0,TRADE
VIC1,2025-12-02 12:55:00,3569.91,-6.12,TRADE
VIC1,2025-12-02 13:00:00,3584.65,-9.65,TRADE
VIC1,2025-12-02 13:05:00,3696.96,-6.35,TRADE
VIC1,2025-12-02 13:10:00,3613.34,-8.0,TRADE
VIC1,2025-12-02 13:15:00,3672.23,-11.0,TRADE
VIC1,2025-12-02 13:20:00,3709.4,-11.0,TRADE
VIC1,2025-12-02 13:25:00,3783.4,-8.0,TRADE
VIC1,2025-12-02 13:30:00,3789.43,-8.25,TRADE
VIC1,2025-12-02 13:35:00,3752.13,-9.65,TRADE
VIC1,2025-12-02 13:40:00,3773.17,-11.0,TRADE
VIC1,2025-12-02 13:45:00,3802.86,-8.95,TRADE
VIC1,2025-12-02 13:50:00,3871.79,-8.0,TRADE
VIC1,2025-12-02 13:55:00,3902.19,-10.64,TRADE
VIC1,2025-12-02 14:00:00,3990.55,-8.0,TRADE
VIC1,2025-12-02 14:05:00,3953.48,-6.6,TRADE
VIC1,2025-12-02 14:10:00,3925.62,-11.0,TRADE
VIC1,2025-12-02 14:15:00,3840.54,-11.0,TRADE
VIC1,2025-12-02 14:20:00,3769.15,-8.0,TRADE
VIC1,2025-12-02 14:25:00,3765.2,-8.25,TRADE
VIC1,2025-12-02 14:30:00,3840.81,-9.65,TRADE
VIC1,2025-12-02 14:35:00,3760.58,-8.0,TRADE
VIC1,2025-12-02 14:40:00,3755.08,-9.65,TRADE
VIC1,2025-12-02 14:45:00,3831.87,-8.0,TRADE
VIC1,2025-12-02 14:50:00,3913.74,-11.0,TRADE
VIC1,2025-12-02 14:55:00,3871.63,-11.0,TRADE
VIC1,2025-12-02 15:00:00,3771.05,-11.0,TRADE
VIC1,2025-12-02 15:05:00,3760.89,-11.0,TRADE
VIC1,2025-12-02 15:10:00,3706.41,-13.27,TRADE
VIC1,2025-12-02 15:15:00,3653.34,-16.71,TRADE
VIC1,2025-12-02 15:20:00,3555.89,-20.69,TRADE
VIC1,2025-12-02 15:25:00,3515.63,-20.3,TRADE
VIC1,2025-12-02 15:30:00,3580.04,-16.58,TRADE
VIC1,2025-12-02 15:35:00,3679.35,-20.72,TRADE
VIC1,2025-12-02 15:40:00,3824.95,-20.3,TRADE
VIC1,2025-12-02 15:45:00,3909.06,-11.0,TRADE
VIC1,2025-12-02 15:50:00,3909.27,-9.65,TRADE
VIC1,2025-12-02 15:55:00,4019.07,-8.0,TRADE
VIC1,2025-12-02 16:00:00,4011.3,-9.19,TRADE
VIC1,2025-12-02 16:05:00,4042.85,-11.18,TRADE
VIC1,2025-12-02 16:10:00,4042.47,-8.77,TRADE
VIC1,2025-12-02 16:15:00,4100.97,-10.87,TRADE
VIC1,2025-12-02 16:20:00,4252.21,-9.65,TRADE
VIC1,2025-12-02 16:25:00,4325.8,-8.26,TRADE
VIC1,2025-12-02 16:30:00,4314.0,-9.65,TRADE
VIC1,2025-12-02 16:35:00,4495.35,-8.0,TRADE
VIC1,2025-12-02 16:40:00,4526.76,-7.98,TRADE
VIC1,2025-12-02 16:45:00,4577.72,53.16,TRADE
VIC1,2025-12-02 16:50:00,4573.29,-3.7,TRADE
VIC1,2025-12-02 16:55:00,4620.06,52.89,TRADE
VIC1,2025-12-02 17:00:00,4755.79,-1.58,TRADE
VIC1,2025-12-02 17:05:00,4825.84,-7.36,TRADE
VIC1,2025-12-02 17:10:00,4776.31,-7.37,TRADE
VIC1,2025-12-02 17:15:00,4872.54,-6.22,TRADE
VIC1,2025-12-02 17:20:00,4870.92,-5.43,TRADE
VIC1,2025-12-02 17:25:00,4921.19,-5.47,TRADE
VIC1,2025-12-02 17:30:00,4934.2,21.04,TRADE
VIC1,2025-12-02 17:35:00,4885.52,1.02,TRADE
VIC1,2025-12-02 17:40:00,4887.3,34.34,TRADE
VIC1,2025-12-02 17:45:00,5030.71,58.1,TRADE
VIC1,2025-12-02 17:50:00,5072.37,44.9,TRADE
VIC1,2025-12-02 17:55:00,5123.12,63.51,TRADE
VIC1,2025-12-02 18:00:00,5175.39,80.0,TRADE
VIC1,2025-12-02 18:05:00,5152.17,77.54,TRADE
VIC1,2025-12-02 18:10:00,5206.33,80.0,TRADE
VIC1,2025-12-02 18:15:00,5197.07,108.06,TRADE
VIC1,2025-12-02 18:20:00,5181.46,126.86,TRADE
VIC1,2025-12-02 18:25:00,5268.13,129.45,TRADE
VIC1,2025-12-02 18:30:00,5309.44,120.0,TRADE
VIC1,2025-12-02 18:35:00,5246.7,116.46,TRADE
VIC1,2025-12-02 18:40:00,5347.42,120.0,TRADE
VIC1,2025-12-02 18:45:00,5393.52,115.0,TRADE
VIC1,2025-12-02 18:50:00,5431.38,120.0,TRADE
VIC1,2025-12-02 18:55:00,5412.33,118.69,TRADE
VIC1,2025-12-02 19:00:00,5469.63,124.57,TRADE
VIC1,2025-12-02 19:05:00,5448.73,124.18,TRADE
VIC1,2025-12-02 19:10:00,5522.85,140.55,TRADE
VIC1,2025-12-02 19:15:00,5541.26,126.37,TRADE
VIC1,2025-12-02 19:20:00,5512.25,120.0,TRADE
VIC1,2025-12-02 19:25:00,5529.11,140.86,TRADE
VIC1,2025-12-02 19:30:00,5541.65,136.22,TRADE
VIC1,2025-12-02 19:35:00,5522.63,125.49,TRADE
VIC1,2025-12-02 19:40:00,5578.9,135.77,TRADE
VIC1,2025-12-02 19:45:00,5531.27,135.6,TRADE
VIC1,2025-12-02 19:50:00,5529.95,136.6,TRADE
VIC1,2025-12-02 19:55:00,5638.62,137.69,TRADE
VIC1,2025-12-02 20:00:00,5604.17,120.0,TRADE
VIC1,2025-12-02 20:05:00,5604.55,118.69,TRADE
VIC1,2025-12-02 20:10:00,5610.24,138.03,TRADE
VIC1,2025-12-02 20:15:00,5563.08,120.0,TRADE
VIC1,2025-12-02 20:20:00,5538.49,141.61,TRADE
VIC1,2025-12-02 20:25:00,5471.37,141.35,TRADE
VIC1,2025-12-02 20:30:00,5468.92,140.55,TRADE
VIC1,2025-12-02 20:35:00,5443.49,120.0,TRADE
VIC1,2025-12-02 20:40:00,5439.55,122.02,TRADE
VIC1,2025-12-02 20:45:00,5501.2,123.03,TRADE
VIC1,2025-12-02 20:50:00,5453.25,122.02,TRADE
VIC1,2025-12-02 20:55:00,5430.69,122.02,TRADE
VIC1,2025-12-02 21:00:00,5433.89,120.0,TRADE
VIC1,2025-12-02 21:05:00,5382.32,118.69,TRADE
VIC1,2025-12-02 21:10:00,5335.07,120.0,TRADE
VIC1,2025-12-02 21:15:00,5208.58,119.61,TRADE
VIC1,2025-12-02 21:20:00,5174.97,131.88,TRADE
VIC1,2025-12-02 21:25:00,5152.24,118.69,TRADE
VIC1,2025-12-02 21:30:00,5181.03,128.14,TRADE
VIC1,2025-12-02 21:35:00,5154.6,140.55,TRADE
VIC1,2025-12-02 21:40:00,5076.23,125.49,TRADE
VIC1,2025-12-02 21:45:00,5085.23,140.59,TRADE
VIC1,2025-12-02 21:50:00,5012.97,124.9,TRADE
VIC1,2025-12-02 21:55:00,5005.95,120.0,TRADE
VIC1,2025-12-02 22:00:00,4925.57,122.69,TRADE
VIC1,2025-12-02 22:05:00,4880.5,131.4,TRADE
VIC1,2025-12-02 22:10:00,4962.05,134.16,TRADE
VIC1,2025-12-02 22:15:00,4939.27,105.89,TRADE
VIC1,2025-12-02 22:20:00,4856.87,107.15,TRADE
VIC1,2025-12-02 22:25:00,4896.59,105.71,TRADE
VIC1,2025-12-02 22:30:00,4889.92,120.0,TRADE
VIC1,2025-12-02 22:35:00,4890.39,135.89,TRADE
VIC1,2025-12-02 22:40:00,4798.4,106.32,TRADE
VIC1,2025-12-02 22:45:00,4809.47,110.38,TRADE
VIC1,2025-12-02 22:50:00,4847.19,118.69,TRADE
VIC1,2025-12-02 22:55:00,4804.18,99.99,TRADE
VIC1,2025-12-02 23:00:00,4830.84,99.99,TRADE
VIC1,2025-12-02 23:05:00,4854.16,134.2,TRADE
VIC1,2025-12-02 23:10:00,4969.92,134.56,TRADE
VIC1,2025-12-02 23:15:00,5029.82,137.69,TRADE
VIC1,2025-12-02 23:20:00,5013.46,107.2,TRADE
VIC1,2025-12-02 23:25:00,4951.37,103.92,TRADE
VIC1,2025-12-02 23:30:00,4932.19,125.49,TRADE
VIC1,2025-12-02 23:35:00,4954.81,140.55,TRADE
VIC1,2025-12-02 23:40:00,4952.26,125.49,TRADE
VIC1,2025-12-02 23:45:00,4832.17,124.01,TRADE
VIC1,2025-12-02 23:50:00,4866.12,134.33,TRADE
VIC1,2025-12-02 23:55:00,4846.13,145.44,TRADE
VIC1,2025-12-03 00:00:00,4842.44,99.99,TRADE
VIC1,2025-12-03 00:05:00,4735.92,104.21,TRADE
VIC1,2025-12-03 00:10:00,4716.33,99.99,TRADE
VIC1,2025-12-03 00:15:00,4748.12,125.49,TRADE
VIC1,2025-12-03 00:20:00,4707.65,118.69,TRADE
VIC1,2025-12-03 00:25:00,4608.59,125.58,TRADE
VIC1,2025-12-03 00:30:00,4641.77,145.44,TRADE
VIC1,2025-12-03 00:35:00,4599.97,125.49,TRADE
VIC1,2025-12-03 00:40:00,4597.4,118.69,TRADE
VIC1,2025-12-03 00:45:00,4491.89,118.69,TRADE
VIC1,2025-12-03 00:50:00,4482.23,104.39,TRADE
VIC1,2025-12-03 00:55:00,4533.19,131.9,TRADE
VIC1,2025-12-03 01:00:00,4497.24,118.69,TRADE
VIC1,2025-12-03 01:05:00,4526.09,118.78,TRADE
VIC1,2025-12-03 01:10:00,4490.54,140.55,TRADE
VIC1,2025-12-03 01:15:00,4471.88,105.89,TRADE
VIC1,2025-12-03 01:20:00,4474.58,157.69,TRADE
VIC1,2025-12-03 01:25:00,4437.65,97.09,TRADE
VIC1,2025-12-03 01:30:00,4392.28,103.49,TRADE
VIC1,2025-12-03 01:35:00,4434.04,125.58,TRADE
VIC1,2025-12-03 01:40:00,4303.78,97.89,TRADE
VIC1,2025-12-03 01:45:00,4321.49,98.58,TRADE
VIC1,2025-12-03 01:50:00,4290.89,80.49,TRADE
VIC1,2025-12-03 01:55:00,4333.42,80.45,TRADE
VIC1,2025-12-03 02:00:00,4316.82,89.33,TRADE
VIC1,2025-12-03 02:05:00,4270.07,96.86,TRADE
VIC1,2025-12-03 02:10:00,4268.34,93.92,TRADE
VIC1,2025-12-03 02:15:00,4264.48,80.0,TRADE
VIC1,2025-12-03 02:20:00,4248.15,82.23,TRADE
VIC1,2025-12-03 02:25:00,4167.9,80.0,TRADE
VIC1,2025-12-03 02:30:00,4127.29,80.0,TRADE
VIC1,2025-12-03 02:35:00,4120.92,84.36,TRADE
VIC1,2025-12-03 02:40:00,4181.78,84.7,TRADE
VIC1,2025-12-03 02:45:00,4153.9,80.0,TRADE
VIC1,2025-12-03 02:50:00,4102.69,80.0,TRADE
VIC1,2025-12-03 02:55:00,4154.97,80.0,TRADE
VIC1,2025-12-03 03:00:00,4156.33,80.0,TRADE
VIC1,2025-12-03 03:05:00,4161.1,80.0,TRADE
VIC1,2025-12-03 03:10:00,4117.29,80.0,TRADE
VIC1,2025-12-03 03:15:00,4117.24,79.06,TRADE
VIC1,2025-12-03 03:20:00,4118.32,79.0,TRADE
VIC1,2025-12-03 03:25:00,4134.27,79.11,TRADE
VIC1,2025-12-03 03:30:00,4127.76,78.48,TRADE
VIC1,2025-12-03 03:35:00,4127.06,77.28,TRADE
VIC1,2025-12-03 03:40:00,4156.31,76.8,TRADE
VIC1,2025-12-03 03:45:00,4162.17,71.88,TRADE
VIC1,2025-12-03 03:50:00,4175.84,76.81,TRADE
VIC1,2025-12-03 03:55:00,4178.75,75.91,TRADE
VIC1,2025-12-03 04:00:00,4188.66,76.24,TRADE
VIC1,2025-12-03 04:05:00,4221.27,71.87,TRADE
VIC1,2025-12-03 04:10:00,4260.42,76.39,TRADE
VIC1,2025-12-03 04:15:00,4308.63,79.81,TRADE
VIC1,2025-12-03 04:20:00,4337.92,80.0,TRADE
VIC1,2025-12-03 04:25:00,4358.35,77.37,TRADE
VIC1,2025-12-03 04:30:00,4366.69,63.84,TRADE
VIC1,2025-12-03 04:35:00,4396.68,63.21,TRADE
VIC1,2025-12-03 04:40:00,4420.37,76.21,TRADE
VIC1,2025-12-03 04:45:00,4435.98,64.53,TRADE
VIC1,2025-12-03 04:50:00,4468.61,71.92,TRADE
VIC1,2025-12-03 04:55:00,4488.18,63.27,TRADE
VIC1,2025-12-03 05:00:00,4530.16,57.99,TRADE
VIC1,2025-12-03 05:05:00,4593.81,51.1,TRADE
VIC1,2025-12-03 05:10:00,4710.69,52.8,TRADE
VIC1,2025-12-03 05:15:00,4761.37,50.55,TRADE
VIC1,2025-12-03 05:20:00,4776.16,48.77,TRADE
VIC1,2025-12-03 05:25:00,4812.12,31.57,TRADE
VIC1,2025-12-03 05:30:00,4858.53,12.71,TRADE
VIC1,2025-12-03 05:35:00,4843.9,24.01,TRADE
VIC1,2025-12-03 05:40:00,4917.41,22.32,TRADE
VIC1,2025-12-03 05:45:00,4919.91,23.56,TRADE
VIC1,2025-12-03 05:50:00,4927.46,18.88,TRADE
VIC1,2025-12-03 05:55:00,4918.34,0.0,TRADE
VIC1,2025-12-03 06:00:00,4935.89,-3.7,TRADE
VIC1,2025-12-03 06:05:00,4882.66,-4.5,TRADE
VIC1,2025-12-03 06:10:00,4932.37,-6.12,TRADE
VIC1,2025-12-03 06:15:00,5008.99,-5.28,TRADE
VIC1,2025-12-03 06:20:00,5021.26,-7.54,TRADE
VIC1,2025-12-03 06:25:00,4996.84,-7.58,TRADE
VIC1,2025-12-03 06:30:00,5025.62,-7.99,TRADE
VIC1,2025-12-03 06:35:00,4930.81,-7.99,TRADE
VIC1,2025-12-03 06:40:00,4973.48,-7.36,TRADE
VIC1,2025-12-03 06:45:00,4929.21,-7.99,TRADE
VIC1,2025-12-03 06:50:00,4797.15,-8.0,TRADE
VIC1,2025-12-03 06:55:00,4758.36,-7.36,TRADE
VIC1,2025-12-03 07:00:00,4709.54,-8.25,TRADE
VIC1,2025-12-03 07:05:00,4673.34,-7.36,TRADE
VIC1,2025-12-03 07:10:00,4538.52,-8.0,TRADE
VIC1,2025-12-03 07:15:00,4468.41,-8.23,TRADE
VIC1,2025-12-03 07:20:00,4409.95,-9.01,TRADE
VIC1,2025-12-03 07:25:00,4339.61,-9.2,TRADE
VIC1,2025-12-03 07:30:00,4274.22,-10.81,TRADE
VIC1,2025-12-03 07:35:00,4221.99,-9.35,TRADE
VIC1,2025-12-03 07:40:00,4087.24,-9.74,TRADE
VIC1,2025-12-03 07:45:00,3978.81,-10.64,TRADE
VIC1,2025-12-03 07:50:00,3939.16,-11.6,TRADE
VIC1,2025-12-03 07:55:00,3862.38,-12.17,TRADE
VIC1,2025-12-03 08:00:00,3813.78,-16.54,TRADE
VIC1,2025-12-03 08:05:00,3751.35,-16.54,TRADE
VIC1,2025-12-03 08:10:00,3762.16,-12.51,TRADE
VIC1,2025-12-03 08:15:00,3682.3,-12.51,TRADE
VIC1,2025-12-03 08:20:00,3531.42,-16.54,TRADE
VIC1,2025-12-03 08:25:00,3491.49,-16.54,TRADE
VIC1,2025-12-03 08:30:00,3417.51,-16.54,TRADE
VIC1,2025-12-03 08:35:00,3401.53,-19.83,TRADE
VIC1,2025-12-03 08:40:00,3394.44,-19.99,TRADE
VIC1,2025-12-03 08:45:00,3329.08,-20.99,TRADE
VIC1,2025-12-03 08:50:00,3244.22,-28.93,TRADE
VIC1,2025-12-03 08:55:00,3212.28,-28.11,TRADE
VIC1,2025-12-03 09:00:00,3111.26,-30.49,TRADE
VIC1,2025-12-03 09:05:00,3094.0,-25.66,TRADE
VIC1,2025-12-03 09:10:00,3049.18,-27.71,TRADE
VIC1,2025-12-03 09:15:00,2983.43,-31.73,TRADE
VIC1,2025-12-03 09:20:00,2962.35,-31.42,TRADE
VIC1,2025-12-03 09:25:00,2908.41,-32.12,TRADE
VIC1,2025-12-03 09:30:00,2869.68,-31.64,TRADE
VIC1,2025-12-03 09:35:00,2811.34,-29.52,TRADE
VIC1,2025-12-03 09:40:00,2741.8,-30.81,TRADE
VIC1,2025-12-03 09:45:00,2717.98,-29.42,TRADE
VIC1,2025-12-03 09:50:00,2663.84,-30.35,TRADE
VIC1,2025-12-03 09:55:00,2647.73,-30.01,TRADE
VIC1,2025-12-03 10:00:00,2578.51,-28.78,TRADE
VIC1,2025-12-03 10:05:00,2585.16,-29.27,TRADE
VIC1,2025-12-03 10:10:00,2607.77,-31.92,TRADE
VIC1,2025-12-03 10:15:00,2582.36,-30.13,TRADE
VIC1,2025-12-03 10:20:00,2572.94,-30.85,TRADE
VIC1,2025-12-03 10:25:00,2522.79,-30.15,TRADE
VIC1,2025-12-03 10:30:00,2525.2,-30.5,TRADE
VIC1,2025-12-03 10:35:00,2468.2,-30.17,TRADE
VIC1,2025-12-03 10:40:00,2450.05,-29.31,TRADE
VIC1,2025-12-03 10:45:00,2459.74,-28.82,TRADE
VIC1,2025-12-03 10:50:00,2429.02,-28.31,TRADE
VIC1,2025-12-03 10:55:00,2462.79,-29.34,TRADE
VIC1,2025-12-03 11:00:00,2417.36,-32.29,TRADE
VIC1,2025-12-03 11:05:00,2442.5,-29.22,TRADE
VIC1,2025-12-03 11:10:00,2429.76,-29.33,TRADE
VIC1,2025-12-03 11:15:00,2464.75,-29.23,TRADE
VIC1,2025-12-03 11:20:00,2453.51,-29.44,TRADE
VIC1,2025-12-03 11:25:00,2454.83,-29.23,TRADE
VIC1,2025-12-03 11:30:00,2389.01,-29.58,TRADE
VIC1,2025-12-03 11:35:00,2407.86,-28.53,TRADE
VIC1,2025-12-03 11:40:00,2370.76,-28.48,TRADE
VIC1,2025-12-03 11:45:00,2391.14,-27.65,TRADE
VIC1,2025-12-03 11:50:00,2420.7,-27.3,TRADE
VIC1,2025-12-03 11:55:00,2460.72,-27.31,TRADE
VIC1,2025-12-03 12:00:00,2397.51,-28.98,TRADE
VIC1,2025-12-03 12:05:00,2459.76,-25.93,TRADE
VIC1,2025-12-03 12:10:00,2416.86,-28.26,TRADE
VIC1,2025-12-03 12:15:00,2401.84,-27.91,TRADE
VIC1,2025-12-03 12:20:00,2357.0,-29.83,TRADE
VIC1,2025-12-03 12:25:00,2356.63,-27.79,TRADE
VIC1,2025-12-03 12:30:00,2360.44,-28.66,TRADE
VIC1,2025-12-03 12:35:00,2395.45,-27.18,TRADE
VIC1,2025-12-03 12:40:00,2381.79,-27.38,TRADE
VIC1,2025-12-03 12:45:00,2404.79,-28.26,TRADE
VIC1,2025-12-03 12:50:00,2368.17,-28.2,TRADE
VIC1,2025-12-03 12:55:00,2418.86,-27.99,TRADE
VIC1,2025-12-03 13:00:00,2421.27,-24.4,TRADE
VIC1,2025-12-03 13:05:00,2413.7,-27.55,TRADE
VIC1,2025-12-03 13:10:00,2449.74,-23.62,TRADE
VIC1,2025-12-03 13:15:00,2459.88,-38.69,TRADE
VIC1,2025-12-03 13:20:00,2498.62,-47.27,TRADE
VIC1,2025-12-03 13:25:00,2508.69,-43.54,TRADE
VIC1,2025-12-03 13:30:00,2481.24,-38.44,TRADE
VIC1,2025-12-03 13:35:00,2480.55,-38.4,TRADE
VIC1,2025-12-03 13:40:00,2514.33,-38.14,TRADE
VIC1,2025-12-03 13:45:00,2525.18,-43.65,TRADE
VIC1,2025-12-03 13:50:00,2590.32,-38.28,TRADE
VIC1,2025-12-03 13:55:00,2638.67,-38.48,TRADE
VIC1,2025-12-03 14:00:00,2641.03,-38.78,TRADE
VIC1,2025-12-03 14:05:00,2669.5,-35.06,TRADE
VIC1,2025-12-03 14:10:00,2633.16,-28.99,TRADE
VIC1,2025-12-03 14:15:00,2713.41,-29.45,TRADE
VIC1,2025-12-03 14:20:00,2757.49,-29.33,TRADE
VIC1,2025-12-03 14:25:00,2844.45,-28.24,TRADE
VIC1,2025-12-03 14:30:00,2857.91,-24.54,TRADE
VIC1,2025-12-03 14:35:00,2907.94,-24.69,TRADE
VIC1,2025-12-03 14:40:00,2986.61,-23.59,TRADE
VIC1,2025-12-03 14:45:00,3050.86,-23.76,TRADE
VIC1,2025-12-03 14:50:00,3122.53,-23.41,TRADE
VIC1,2025-12-03 14:55:00,3188.99,-16.54,TRADE
VIC1,2025-12-03 15:00:00,3272.88,-13.9,TRADE
VIC1,2025-12-03 15:05:00,3291.7,-20.99,TRADE
VIC1,2025-12-03 15:10:00,3367.99,-20.99,TRADE
VIC1,2025-12-03 15:15:00,3418.64,-16.54,TRADE
VIC1,2025-12-03 15:20:00,3472.5,-13.39,TRADE
VIC1,2025-12-03 15:25:00,3549.01,-13.53,TRADE
VIC1,2025-12-03 15:30:00,3616.05,-12.68,TRADE
VIC1,2025-12-03 15:35:00,3681.04,-12.51,TRADE
VIC1,2025-12-03 15:40:00,3729.95,-11.0,TRADE
VIC1,2025-12-03 15:45:00,3835.31,-9.65,TRADE
VIC1,2025-12-03 15:50:00,3928.67,-8.25,TRADE
VIC1,2025-12-03 15:55:00,3982.82,-11.99,TRADE
VIC1,2025-12-03 16:00:00,4058.75,-10.74,TRADE
VIC1,2025-12-03 16:05:00,4138.31,-9.28,TRADE
VIC1,2025-12-03 16:10:00,4190.42,-9.11,TRADE
VIC1,2025-12-03 16:15:00,4291.05,-10.59,TRADE
VIC1,2025-12-03 16:20:00,4336.89,-9.65,TRADE
VIC1,2025-12-03 16:25:00,4415.72,-8.25,TRADE
VIC1,2025-12-03 16:30:00,4414.48,-8.0,TRADE
VIC1,2025-12-03 16:35:00,4503.18,-7.61,TRADE
VIC1,2025-12-03 16:40:00,4579.4,-7.36,TRADE
VIC1,2025-12-03 16:45:00,4671.09,-6.12,TRADE
VIC1,2025-12-03 16:50:00,4720.85,-3.7,TRADE
VIC1,2025-12-03 16:55:00,4818.55,-3.7,TRADE
VIC1,2025-12-03 17:00:00,4876.36,0.0,TRADE
VIC1,2025-12-03 17:05:00,4944.84,0.0,TRADE
VIC1,2025-12-03 17:10:00,4954.42,-3.7,TRADE
VIC1,2025-12-03 17:15:00,4998.83,-3.7,TRADE
VIC1,2025-12-03 17:20:00,5106.49,0.0,TRADE
VIC1,2025-12-03 17:25:00,5221.06,58.31,TRADE
VIC1,2025-12-03 17:30:00,5232.3,59.44,TRADE
VIC1,2025-12-03 17:35:00,5293.71,60.67,TRADE
VIC1,2025-12-03 17:40:00,5363.19,59.44,TRADE
VIC1,2025-12-03 17:45:00,5473.23,59.44,TRADE
VIC1,2025-12-03 17:50:00,5515.19,60.67,TRADE
VIC1,2025-12-03 17:55:00,5580.37,67.0,TRADE
VIC1,2025-12-03 18:00:00,5641.82,68.69,TRADE
VIC1,2025-12-03 18:05:00,5661.64,67.69,TRADE
VIC1,2025-12-03 18:10:00,5673.88,67.69,TRADE
VIC1,2025-12-03 18:15:00,5740.82,73.07,TRADE
VIC1,2025-12-03 18:20:00,5751.16,73.07,TRADE
VIC1,2025-12-03 18:25:00,5797.36,87.77,TRADE
VIC1,2025-12-03 18:30:00,5808.92,94.97,TRADE
VIC1,2025-12-03 18:35:00,5798.21,93.86,TRADE
VIC1,2025-12-03 18:40:00,5834.97,105.95,TRADE
VIC1,2025-12-03 18:45:00,5856.44,123.25,TRADE
VIC1,2025-12-03 18:50:00,5850.59,115.0,TRADE
VIC1,2025-12-03 18:55:00,5895.17,137.46,TRADE
VIC1,2025-12-03 19:00:00,5895.43,119.63,TRADE
VIC1,2025-12-03 19:05:00,5896.94,126.69,TRADE
VIC1,2025-12-03 19:10:00,5917.31,124.82,TRADE
VIC1,2025-12-03 19:15:00,5906.11,122.18,TRADE
VIC1,2025-12-03 19:20:00,5873.58,130.83,TRADE
VIC1,2025-12-03 19:25:00,5857.44,125.4,TRADE
VIC1,2025-12-03 19:30:00,5869.22,125.12,TRADE
VIC1,2025-12-03 19:35:00,5865.76,115.85,TRADE
VIC1,2025-12-03 19:40:00,5857.76,109.58,TRADE
VIC1,2025-12-03 19:45:00,5811.37,129.18,TRADE
VIC1,2025-12-03 19:50:00,5784.98,124.9,TRADE
VIC1,2025-12-03 19:55:00,5822.22,129.1,TRADE
VIC1,2025-12-03 20:00:00,5774.24,135.21,TRADE
VIC1,2025-12-03 20:05:00,5794.26,126.53,TRADE
VIC1,2025-12-03 20:10:00,5789.62,126.47,TRADE
VIC1,2025-12-03 20:15:00,5761.14,132.45,TRADE
VIC1,2025-12-03 20:20:00,5742.48,135.89,TRADE
VIC1,2025-12-03 20:25:00,5709.69,128.41,TRADE
VIC1,2025-12-03 20:30:00,5680.55,113.27,TRADE
VIC1,2025-12-03 20:35:00,5626.09,143.11,TRADE
VIC1,2025-12-03 20:40:00,5575.2,138.68,TRADE
VIC1,2025-12-03 20:45:00,5557.3,148.05,TRADE
VIC1,2025-12-03 20:50:00,5529.53,146.73,TRADE
VIC1,2025-12-03 20:55:00,5481.78,157.69,TRADE
VIC1,2025-12-03 21:00:00,5377.81,153.22,TRADE
VIC1,2025-12-03 21:05:00,5350.25,150.02,TRADE
VIC1,2025-12-03 21:10:00,5305.89,148.54,TRADE
VIC1,2025-12-03 21:15:00,5277.83,147.57,TRADE
VIC1,2025-12-03 21:20:00,5251.55,148.44,TRADE
VIC1,2025-12-03 21:25:00,5228.7,148.53,TRADE
VIC1,2025-12-03 21:30:00,5161.54,139.28,TRADE
VIC1,2025-12-03 21:35:00,5135.23,149.2,TRADE
VIC1,2025-12-03 21:40:00,5081.08,156.59,TRADE
VIC1,2025-12-03 21:45:00,5034.27,183.11,TRADE
VIC1,2025-12-03 21:50:00,4976.25,150.24,TRADE
VIC1,2025-12-03 21:55:00,4942.98,139.51,TRADE
VIC1,2025-12-03 22:00:00,4884.6,112.46,TRADE
VIC1,2025-12-03 22:05:00,4834.1,118.26,TRADE
VIC1,2025-12-03 22:10:00,4842.95,128.32,TRADE
VIC1,2025-12-03 22:15:00,4852.11,130.24,TRADE
VIC1,2025-12-03 22:20:00,4812.93,141.11,TRADE
VIC1,2025-12-03 22:25:00,4769.46,125.62,TRADE
VIC1,2025-12-03 22:30:00,4746.47,140.83,TRADE
VIC1,2025-12-03 22:35:00,4757.48,133.29,TRADE
VIC1,2025-12-03 22:40:00,4767.18,120.83,TRADE
VIC1,2025-12-03 22:45:00,4707.76,117.94,TRADE
VIC1,2025-12-03 22:50:00,4665.73,118.69,TRADE
VIC1,2025-12-03 22:55:00,4645.21,112.36,TRADE
VIC1,2025-12-03 23:00:00,4642.07,111.43,TRADE
VIC1,2025-12-03 23:05:00,4657.08,110.68,TRADE
VIC1,2025-12-03 23:10:00,4774.94,146.42,TRADE
VIC1,2025-12-03 23:15:00,4848.45,136.54,TRADE
VIC1,2025-12-03 23:20:00,4840.01,109.92,TRADE
VIC1,2025-12-03 23:25:00,4846.95,110.09,TRADE
VIC1,2025-12-03 23:30:00,4805.55,103.71,TRADE
VIC1,2025-12-03 23:35:00,4788.54,136.69,TRADE
VIC1,2025-12-03 23:40:00,4718.28,114.22,TRADE
VIC1,2025-12-03 23:45:00,4684.07,105.87,TRADE
VIC1,2025-12-03 23:50:00,4642.26,97.31,TRADE
VIC1,2025-12-03 23:55:00,4584.05,92.6,TRADE
VIC1,2025-12-04 00:00:00,4542.41,90.0,TRADE
VIC1,2025-12-04 00:05:00,4574.13,89.31,TRADE
VIC1,2025-12-04 00:10:00,4536.59,38.69,TRADE
VIC1,2025-12-04 00:15:00,4497.7,37.64,TRADE
VIC1,2025-12-04 00:20:00,4493.57,22.32,TRADE
VIC1,2025-12-04 00:25:00,4456.01,22.32,TRADE
VIC1,2025-12-04 00:30:00,4418.91,13.24,TRADE
VIC1,2025-12-04 00:35:00,4398.98,13.0,TRADE
VIC1,2025-12-04 00:40:00,4383.35,-0.98,TRADE
VIC1,2025-12-04 00:45:00,4351.01,0.01,TRADE
VIC1,2025-12-04 00:50:00,4301.24,0.01,TRADE
VIC1,2025-12-04 00:55:00,4293.24,0.01,TRADE
VIC1,2025-12-04 01:00:00,4240.47,0.0,TRADE
VIC1,2025-12-04 01:05:00,4227.02,0.0,TRADE
VIC1,2025-12-04 01:10:00,4174.28,0.0,TRADE
VIC1,2025-12-04 01:15:00,4137.31,-3.7,TRADE
VIC1,2025-12-04 01:20:00,4104.45,0.0,TRADE
VIC1,2025-12-04 01:25:00,4061.15,0.0,TRADE
VIC1,2025-12-04 01:30:00,4044.31,-3.7,TRADE
VIC1,2025-12-04 01:35:00,4025.98,-3.7,TRADE
VIC1,2025-12-04 01:40:00,4002.22,-3.7,TRADE
VIC1,2025-12-04 01:45:00,3990.91,-3.7,TRADE
VIC1,2025-12-04 01:50:00,3975.85,-3.7,TRADE
VIC1,2025-12-04 01:55:00,4000.17,-3.7,TRADE
VIC1,2025-12-04 02:00:00,3989.99,-3.7,TRADE
VIC1,2025-12-04 02:05:00,3973.09,-3.7,TRADE
VIC1,2025-12-04 02:10:00,3980.29,-3.7,TRADE
VIC1,2025-12-04 02:15:00,3958.05,-3.7,TRADE
VIC1,2025-12-04 02:20:00,3946.54,-3.7,TRADE
VIC1,2025-12-04 02:25:00,3949.79,-6.12,TRADE
VIC1,2025-12-04 02:30:00,3924.78,-6.12,TRADE
VIC1,2025-12-04 02:35:00,3935.01,-6.12,TRADE
VIC1,2025-12-04 02:40:00,3929.33,-7.36,TRADE
VIC1,2025-12-04 02:45:00,3918.21,-7.25,TRADE
VIC1,2025-12-04 02:50:00,3937.0,-7.36,TRADE
VIC1,2025-12-04 02:55:00,3929.19,-7.36,TRADE
VIC1,2025-12-04 03:00:00,3946.28,-7.25,TRADE
VIC1,2025-12-04 03:05:00,3978.66,-7.36,TRADE
VIC1,2025-12-04 03:10:00,3959.79,-7.36,TRADE
VIC1,2025-12-04 03:15:00,3982.28,-7.36,TRADE
VIC1,2025-12-04 03:20:00,3958.75,-8.54,TRADE
VIC1,2025-12-04 03:25:00,3958.97,-12.12,TRADE
VIC1,2025-12-04 03:30:00,4014.93,-7.36,TRADE
VIC1,2025-12-04 03:35:00,3954.39,-12.23,TRADE
VIC1,2025-12-04 03:40:00,4059.56,-11.99,TRADE
VIC1,2025-12-04 03:45:00,4034.82,-7.36,TRADE
VIC1,2025-12-04 03:50:00,4087.77,-11.99,TRADE
VIC1,2025-12-04 03:55:00,4099.83,-7.36,TRADE
VIC1,2025-12-04 04:00:00,4108.1,-7.5,TRADE
VIC1,2025-12-04 04:05:00,4132.51,-8.34,TRADE
VIC1,2025-12-04 04:10:00,4182.07,-7.47,TRADE
VIC1,2025-12-04 04:15:00,4182.92,-7.57,TRADE
VIC1,2025-12-04 04:20:00,4209.35,-7.36,TRADE
VIC1,2025-12-04 04:25:00,4255.83,-7.36,TRADE
VIC1,2025-12-04 04:30:00,4305.68,-7.25,TRADE
VIC1,2025-12-04 04:35:00,4311.16,-6.12,TRADE
VIC1,2025-12-04 04:40:00,4344.94,-6.12,TRADE
VIC1,2025-12-04 04:45:00,4345.73,-3.7,TRADE
VIC1,2025-12-04 04:50:00,4324.49,-7.25,TRADE
VIC1,2025-12-04 04:55:00,4372.04,-7.36,TRADE
VIC1,2025-12-04 05:00:00,4399.97,-7.25,TRADE
VIC1,2025-12-04 05:05:00,4420.49,-7.25,TRADE
VIC1,2025-12-04 05:10:00,4507.21,-3.7,TRADE
VIC1,2025-12-04 05:15:00,4560.17,-7.36,TRADE
VIC1,2025-12-04 05:20:00,4565.22,-3.7,TRADE
VIC1,2025-12-04 05:25:00,4568.89,-3.7,TRADE
VIC1,2025-12-04 05:30:00,4537.78,-7.36,TRADE
VIC1,2025-12-04 05:35:00,4617.15,-3.7,TRADE
VIC1,2025-12-04 05:40:00,4580.29,-7.25,TRADE
VIC1,2025-12-04 05:45:00,4545.6,-7.36,TRADE
VIC1,2025-12-04 05:50:00,4568.96,-7.36,TRADE
VIC1,2025-12-04 05:55:00,4666.35,-7.36,TRADE
VIC1,2025-12-04 06:00:00,4725.32,-7.36,TRADE
VIC1,2025-12-04 06:05:00,4766.17,-7.36,TRADE
VIC1,2025-12-04 06:10:00,4813.41,-7.36,TRADE
VIC1,2025-12-04 06:15:00,4802.36,-7.99,TRADE
VIC1,2025-12-04 06:20:00,4805.42,-7.99,TRADE
VIC1,2025-12-04 06:25:00,4824.03,-11.86,TRADE
VIC1,2025-12-04 06:30:00,4803.96,-14.02,TRADE
VIC1,2025-12-04 06:35:00,4800.39,-12.37,TRADE
VIC1,2025-12-04 06:40:00,4816.49,-11.0,TRADE
VIC1,2025-12-04 06:45:00,4840.12,-8.0,TRADE
VIC1,2025-12-04 06:50:00,4837.0,-8.92,TRADE
VIC1,2025-12-04 06:55:00,4871.55,-8.66,TRADE
VIC1,2025-12-04 07:00:00,4913.63,-8.98,TRADE
VIC1,2025-12-04 07:05:00,4906.16,-8.0,TRADE
VIC1,2025-12-04 07:10:00,4831.95,-9.28,TRADE
VIC1,2025-12-04 07:15:00,4841.98,-8.0,TRADE
VIC1,2025-12-04 07:20:00,4791.7,-8.25,TRADE
VIC1,2025-12-04 07:25:00,4836.06,-7.99,TRADE
VIC1,2025-12-04 07:30:00,4805.6,-8.45,TRADE
VIC1,2025-12-04 07:35:00,4667.1,-8.46,TRADE
VIC1,2025-12-04 07:40:00,4716.43,-9.65,TRADE
VIC1,2025-12-04 07:45:00,4655.46,-8.98,TRADE
VIC1,2025-12-04 07:50:00,4549.29,-9.65,TRADE
VIC1,2025-12-04 07:55:00,4571.34,-10.39,TRADE
VIC1,2025-12-04 08:00:00,4565.03,-10.18,TRADE
VIC1,2025-12-04 08:05:00,4520.61,-10.29,TRADE
VIC1,2025-12-04 08:10:00,4533.98,-9.65,TRADE
VIC1,2025-12-04 08:15:00,4492.31,-9.83,TRADE
VIC1,2025-12-04 08:20:00,4480.96,-9.89,TRADE
VIC1,2025-12-04 08:25:00,4490.03,-10.48,TRADE
VIC1,2025-12-04 08:30:00,4470.3,-12.06,TRADE
VIC1,2025-12-04 08:35:00,4377.14,-11.77,TRADE
VIC1,2025-12-04 08:40:00,4225.06,-12.51,TRADE
VIC1,2025-12-04 08:45:00,4194.3,-12.12,TRADE
VIC1,2025-12-04 08:50:00,4264.79,-13.46,TRADE
VIC1,2025-12-04 08:55:00,4302.77,-12.51,TRADE
VIC1,2025-12-04 09:00:00,4287.87,-11.99,TRADE
VIC1,2025-12-04 09:05:00,4295.34,-12.51,TRADE
VIC1,2025-12-04 09:10:00,4324.55,-13.84,TRADE
VIC1,2025-12-04 09:15:00,4355.78,-12.51,TRADE
VIC1,2025-12-04 09:20:00,4339.47,-14.55,TRADE
VIC1,2025-12-04 09:25:00,4392.6,-12.12,TRADE
VIC1,2025-12-04 09:30:00,4450.53,-12.17,TRADE
VIC1,2025-12-04 09:35:00,4451.15,-12.27,TRADE
VIC1,2025-12-04 09:40:00,4470.77,-11.99,TRADE
VIC1,2025-12-04 09:45:00,4471.37,-11.13,TRADE
VIC1,2025-12-04 09:50:00,4249.84,-11.0,TRADE
VIC1,2025-12-04 09:55:00,4255.0,-12.71,TRADE
VIC1,2025-12-04 10:00:00,4194.02,-12.12,TRADE
VIC1,2025-12-04 10:05:00,4185.1,-12.6,TRADE
VIC1,2025-12-04 10:10:00,4189.01,-14.09,TRADE
VIC1,2025-12-04 10:15:00,4171.8,-12.6,TRADE
VIC1,2025-12-04 10:20:00,4127.66,-10.45,TRADE
VIC1,2025-12-04 10:25:00,4018.04,-14.08,TRADE
VIC1,2025-12-04 10:30:00,3942.63,-12.12,TRADE
VIC1,2025-12-04 10:35:00,3841.99,-13.54,TRADE
VIC1,2025-12-04 10:40:00,3844.86,-14.23,TRADE
VIC1,2025-12-04 10:45:00,3900.09,-12.51,TRADE
VIC1,2025-12-04 10:50:00,3924.55,-15.57,TRADE
VIC1,2025-12-04 10:55:00,3879.77,-14.15,TRADE
VIC1,2025-12-04 11:00:00,3838.51,-13.27,TRADE
VIC1,2025-12-04 11:05:00,3832.86,-14.02,TRADE
VIC1,2025-12-04 11:10:00,3865.05,-15.44,TRADE
VIC1,2025-12-04 11:15:00,3855.41,-14.37,TRADE
VIC1,2025-12-04 11:20:00,3844.75,-16.99,TRADE
VIC1,2025-12-04 11:25:00,3900.4,-12.12,TRADE
VIC1,2025-12-04 11:30:00,3833.75,-11.05,TRADE
VIC1,2025-12-04 11:35:00,3762.69,-14.39,TRADE
VIC1,2025-12-04 11:40:00,3795.65,-14.39,TRADE
VIC1,2025-12-04 11:45:00,3898.19,-11.0,TRADE
VIC1,2025-12-04 11:50:00,3875.56,-12.51,TRADE
VIC1,2025-12-04 11:55:00,3924.41,-11.0,TRADE
VIC1,2025-12-04 12:00:00,3913.82,-11.0,TRADE
VIC1,2025-12-04 12:05:00,3926.65,-17.1,TRADE
VIC1,2025-12-04 12:10:00,4014.01,-11.68,TRADE
VIC1,2025-12-04 12:15:00,3950.57,-14.54,TRADE
VIC1,2025-12-04 12:20:00,3951.45,-11.62,TRADE
VIC1,2025-12-04 12:25:00,3995.38,-11.8,TRADE
VIC1,2025-12-04 12:30:00,4034.67,-11.0,TRADE
VIC1,2025-12-04 12:35:00,3999.55,-9.65,TRADE
VIC1,2025-12-04 12:40:00,4071.57,-10.8,TRADE
VIC1,2025-12-04 12:45:00,4106.76,-11.0,TRADE
VIC1,2025-12-04 12:50:00,4151.25,-9.82,TRADE
VIC1,2025-12-04 12:55:00,4182.04,-10.68,TRADE
VIC1,2025-12-04 13:00:00,4165.04,-9.27,TRADE
VIC1,2025-12-04 13:05:00,4114.04,-8.25,TRADE
VIC1,2025-12-04 13:10:00,4128.48,-8.12,TRADE
VIC1,2025-12-04 13:15:00,4266.23,-8.41,TRADE
VIC1,2025-12-04 13:20:00,4371.6,-8.59,TRADE
VIC1,2025-12-04 13:25:00,4471.61,-8.58,TRADE
VIC1,2025-12-04 13:30:00,4515.0,-8.0,TRADE
VIC1,2025-12-04 13:35:00,4486.48,-7.36,TRADE
VIC1,2025-12-04 13:40:00,4562.24,-7.15,TRADE
VIC1,2025-12-04 13:45:00,4553.83,-6.81,TRADE
VIC1,2025-12-04 13:50:00,4532.11,-6.74,TRADE
VIC1,2025-12-04 13:55:00,4552.25,-6.66,TRADE
VIC1,2025-12-04 14:00:00,4484.2,-6.12,TRADE
VIC1,2025-12-04 14:05:00,4347.03,-6.44,TRADE
VIC1,2025-12-04 14:10:00,4334.47,-6.03,TRADE
VIC1,2025-12-04 14:15:00,4259.39,-6.12,TRADE
VIC1,2025-12-04 14:20:00,4237.84,-6.47,TRADE
VIC1,2025-12-04 14:25:00,4272.31,-7.25,TRADE
VIC1,2025-12-04 14:30:00,4373.49,-6.53,TRADE
VIC1,2025-12-04 14:35:00,4422.6,-6.12,TRADE
VIC1,2025-12-04 14:40:00,4443.56,-7.54,TRADE
VIC1,2025-12-04 14:45:00,4570.74,-6.38,TRADE
VIC1,2025-12-04 14:50:00,4600.19,-5.29,TRADE
VIC1,2025-12-04 14:55:00,4679.26,-5.13,TRADE
VIC1,2025-12-04 15:00:00,4730.41,-3.7,TRADE
VIC1,2025-12-04 15:05:00,4678.56,-7.09,TRADE
VIC1,2025-12-04 15:10:00,4773.07,-6.97,TRADE
VIC1,2025-12-04 15:15:00,4870.73,-5.17,TRADE
VIC1,2025-12-04 15:20:00,4916.57,-3.7,TRADE
VIC1,2025-12-04 15:25:00,5011.79,-3.7,TRADE
VIC1,2025-12-04 15:30:00,5206.98,2.36,TRADE
VIC1,2025-12-04 15:35:00,5327.58,-3.55,TRADE
VIC1,2025-12-04 15:40:00,5517.32,29.1,TRADE
VIC1,2025-12-04 15:45:00,5672.05,32.32,TRADE
VIC1,2025-12-04 15:50:00,5751.43,12.22,TRADE
VIC1,2025-12-04 15:55:00,5874.74,9.05,TRADE
VIC1,2025-12-04 16:00:00,6015.48,30.98,TRADE
VIC1,2025-12-04 16:05:00,6159.59,22.05,TRADE
VIC1,2025-12-04 16:10:00,6201.14,33.89,TRADE
VIC1,2025-12-04 16:15:00,6198.2,22.05,TRADE
VIC1,2025-12-04 16:20:00,6218.36,8.95,TRADE
VIC1,2025-12-04 16:25:00,6186.4,22.05,TRADE
VIC1,2025-12-04 16:30:00,6180.91,-5.01,TRADE
VIC1,2025-12-04 16:35:00,6213.59,-3.7,TRADE
VIC1,2025-12-04 16:40:00,6205.34,0.0,TRADE
VIC1,2025-12-04 16:45:00,6235.55,-7.99,TRADE
VIC1,2025-12-04 16:50:00,6255.42,5.01,TRADE
VIC1,2025-12-04 16:55:00,6288.59,0.01,TRADE
VIC1,2025-12-04 17:00:00,6334.81,8.95,TRADE
VIC1,2025-12-04 17:05:00,6481.43,4.01,TRADE
VIC1,2025-12-04 17:10:00,6533.63,-3.7,TRADE
VIC1,2025-12-04 17:15:00,6568.46,-3.7,TRADE
VIC1,2025-12-04 17:20:00,6555.41,40.99,TRADE
VIC1,2025-12-04 17:25:00,6522.47,75.75,TRADE
VIC1,2025-12-04 17:30:00,6485.69,43.39,TRADE
VIC1,2025-12-04 17:35:00,6414.92,19.16,TRADE
VIC1,2025-12-04 17:40:00,6369.23,8.94,TRADE
VIC1,2025-12-04 17:45:00,6329.53,80.0,TRADE
VIC1,2025-12-04 17:50:00,6287.3,113.79,TRADE
VIC1,2025-12-04 17:55:00,6246.18,120.0,TRADE
VIC1,2025-12-04 18:00:00,6270.87,120.0,TRADE
VIC1,2025-12-04 18:05:00,6261.99,117.23,TRADE
VIC1,2025-12-04 18:10:00,6111.9,106.58,TRADE
VIC1,2025-12-04 18:15:00,6115.38,108.56,TRADE
VIC1,2025-12-04 18:20:00,6113.99,120.0,TRADE
VIC1,2025-12-04 18:25:00,6049.68,116.44,TRADE
VIC1,2025-12-04 18:30:00,6006.94,136.65,TRADE
VIC1,2025-12-04 18:35:00,5976.34,115.0,TRADE
VIC1,2025-12-04 18:40:00,6064.28,129.14,TRADE
VIC1,2025-12-04 18:45:00,6033.93,128.95,TRADE
VIC1,2025-12-04 18:50:00,6041.92,122.19,TRADE
VIC1,2025-12-04 18:55:00,6004.73,120.37,TRADE
VIC1,2025-12-04 19:00:00,6003.45,125.63,TRADE
VIC1,2025-12-04 19:05:00,5941.04,125.19,TRADE
VIC1,2025-12-04 19:10:00,5940.33,140.15,TRADE
VIC1,2025-12-04 19:15:00,5952.13,126.06,TRADE
VIC1,2025-12-04 19:20:00,5912.12,126.39,TRADE
VIC1,2025-12-04 19:25:00,5889.67,123.39,TRADE
VIC1,2025-12-04 19:30:00,5932.09,120.0,TRADE
VIC1,2025-12-04 19:35:00,5920.95,135.89,TRADE
VIC1,2025-12-04 19:40:00,5820.04,127.35,TRADE
VIC1,2025-12-04 19:45:00,5812.15,119.55,TRADE
VIC1,2025-12-04 19:50:00,5791.65,127.02,TRADE
VIC1,2025-12-04 19:55:00,5809.16,143.44,TRADE
VIC1,2025-12-04 20:00:00,5727.45,137.31,TRADE
VIC1,2025-12-04 20:05:00,5761.81,121.08,TRADE
VIC1,2025-12-04 20:10:00,5693.62,122.57,TRADE
VIC1,2025-12-04 20:15:00,5638.0,126.52,TRADE
VIC1,2025-12-04 20:20:00,5632.7,126.22,TRADE
VIC1,2025-12-04 20:25:00,5595.5,125.92,TRADE
VIC1,2025-12-04 20:30:00,5544.53,136.0,TRADE
VIC1,2025-12-04 20:35:00,5485.46,127.32,TRADE
VIC1,2025-12-04 20:40:00,5437.12,126.08,TRADE
VIC1,2025-12-04 20:45:00,5417.46,125.58,TRADE
VIC1,2025-12-04 20:50:00,5331.72,119.18,TRADE
VIC1,2025-12-04 20:55:00,5343.5,120.53,TRADE
VIC1,2025-12-04 21:00:00,5318.09,118.69,TRADE
VIC1,2025-12-04 21:05:00,5289.36,119.95,TRADE
VIC1,2025-12-04 21:10:00,5233.01,120.0,TRADE
VIC1,2025-12-04 21:15:00,5189.87,120.0,TRADE
VIC1,2025-12-04 21:20:00,5142.09,120.0,TRADE
VIC1,2025-12-04 21:25:00,5120.39,120.0,TRADE
VIC1,2025-12-04 21:30:00,5123.18,120.41,TRADE
VIC1,2025-12-04 21:35:00,5078.22,118.82,TRADE
VIC1,2025-12-04 21:40:00,5025.21,106.65,TRADE
VIC1,2025-12-04 21:45:00,5005.62,112.33,TRADE
VIC1,2025-12-04 21:50:00,5001.1,105.75,TRADE
VIC1,2025-12-04 21:55:00,4965.91,102.88,TRADE
VIC1,2025-12-04 22:00:00,4927.89,98.94,TRADE
VIC1,2025-12-04 22:05:00,4885.38,86.04,TRADE
VIC1,2025-12-04 22:10:00,4863.09,94.37,TRADE
VIC1,2025-12-04 22:15:00,4900.83,106.88,TRADE
VIC1,2025-12-04 22:20:00,4848.13,100.6,TRADE
VIC1,2025-12-04 22:25:00,4842.28,95.4,TRADE
VIC1,2025-12-04 22:30:00,4802.77,101.94,TRADE
VIC1,2025-12-04 22:35:00,4805.34,106.78,TRADE
VIC1,2025-12-04 22:40:00,4801.77,120.0,TRADE
VIC1,2025-12-04 22:45:00,4786.69,120.0,TRADE
VIC1,2025-12-04 22:50:00,4786.56,120.0,TRADE
VIC1,2025-12-04 22:55:00,4760.25,115.96,TRADE
VIC1,2025-12-04 23:00:00,4738.01,120.0,TRADE
VIC1,2025-12-04 23:05:00,4719.11,113.96,TRADE
VIC1,2025-12-04 23:10:00,4847.13,115.67,TRADE
VIC1,2025-12-04 23:15:00,4886.23,127.68,TRADE
VIC1,2025-12-04 23:20:00,4875.34,137.69,TRADE
VIC1,2025-12-04 23:25:00,4884.86,141.13,TRADE
VIC1,2025-12-04 23:30:00,4873.97,125.65,TRADE
VIC1,2025-12-04 23:35:00,4843.06,157.69,TRADE
VIC1,2025-12-04 23:40:00,4808.53,130.16,TRADE
VIC1,2025-12-04 23:45:00,4795.83,125.81,TRADE
VIC1,2025-12-04 23:50:00,4783.69,157.69,TRADE
VIC1,2025-12-04 23:55:00,4720.31,127.71,TRADE
VIC1,2025-12-05 00:00:00,4724.52,126.25,TRADE
VIC1,2025-12-05 00:05:00,4733.47,157.69,TRADE
VIC1,2025-12-05 00:10:00,4639.61,125.6,TRADE
VIC1,2025-12-05 00:15:00,4658.42,157.69,TRADE
VIC1,2025-12-05 00:20:00,4571.58,157.69,TRADE
VIC1,2025-12-05 00:25:00,4546.83,135.22,TRADE
VIC1,2025-12-05 00:30:00,4526.29,135.59,TRADE
VIC1,2025-12-05 00:35:00,4498.66,157.69,TRADE
VIC1,2025-12-05 00:40:00,4475.84,122.69,TRADE
VIC1,2025-12-05 00:45:00,4499.3,123.04,TRADE
VIC1,2025-12-05 00:50:00,4505.29,111.1,TRADE
VIC1,2025-12-05 00:55:00,4460.68,121.84,TRADE
VIC1,2025-12-05 01:00:00,4475.29,137.82,TRADE
VIC1,2025-12-05 01:05:00,4398.49,120.76,TRADE
VIC1,2025-12-05 01:10:00,4419.22,143.43,TRADE
VIC1,2025-12-05 01:15:00,4383.12,120.29,TRADE
VIC1,2025-12-05 01:20:00,4391.48,143.55,TRADE
VIC1,2025-12-05 01:25:00,4354.6,137.51,TRADE
VIC1,2025-12-05 01:30:00,4332.88,140.4,TRADE
VIC1,2025-12-05 01:35:00,4334.49,116.86,TRADE
VIC1,2025-12-05 01:40:00,4324.86,119.1,TRADE
VIC1,2025-12-05 01:45:00,4309.04,137.05,TRADE
VIC1,2025-12-05 01:50:00,4321.73,139.01,TRADE
VIC1,2025-12-05 01:55:00,4279.19,139.71,TRADE
VIC1,2025-12-05 02:00:00,4315.91,114.73,TRADE
VIC1,2025-12-05 02:05:00,4287.1,138.47,TRADE
VIC1,2025-12-05 02:10:00,4309.93,113.52,TRADE
VIC1,2025-12-05 02:15:00,4306.75,141.15,TRADE
VIC1,2025-12-05 02:20:00,4255.09,138.49,TRADE
VIC1,2025-12-05 02:25:00,4267.77,150.89,TRADE
VIC1,2025-12-05 02:30:00,4250.73,141.39,TRADE
VIC1,2025-12-05 02:35:00,4247.7,153.61,TRADE
VIC1,2025-12-05 02:40:00,4243.74,154.26,TRADE
VIC1,2025-12-05 02:45:00,4235.59,138.82,TRADE
VIC1,2025-12-05 02:50:00,4233.12,157.69,TRADE
VIC1,2025-12-05 02:55:00,4213.66,157.69,TRADE
VIC1,2025-12-05 03:00:00,4239.23,157.69,TRADE
VIC1,2025-12-05 03:05:00,4254.83,157.69,TRADE
VIC1,2025-12-05 03:10:00,4280.49,157.69,TRADE
VIC1,2025-12-05 03:15:00,4272.58,157.69,TRADE
VIC1,2025-12-05 03:20:00,4276.49,113.04,TRADE
VIC1,2025-12-05 03:25:00,4284.33,157.69,TRADE
VIC1,2025-12-05 03:30:00,4292.06,136.91,TRADE
VIC1,2025-12-05 03:35:00,4313.92,134.76,TRADE
VIC1,2025-12-05 03:40:00,4342.45,128.13,TRADE
VIC1,2025-12-05 03:45:00,4369.92,137.26,TRADE
VIC1,2025-12-05 03:50:00,4380.99,131.51,TRADE
VIC1,2025-12-05 03:55:00,4386.42,133.34,TRADE
VIC1,2025-12-05 04:00:00,4373.18,132.68,TRADE
VIC1,2025-12-05 04:05:00,4404.51,157.69,TRADE
VIC1,2025-12-05 04:10:00,4423.67,151.41,TRADE
VIC1,2025-12-05 04:15:00,4443.39,148.69,TRADE
VIC1,2025-12-05 04:20:00,4464.93,136.38,TRADE
VIC1,2025-12-05 04:25:00,4503.93,157.69,TRADE
VIC1,2025-12-05 04:30:00,4535.5,157.69,TRADE
VIC1,2025-12-05 04:35:00,4540.74,121.05,TRADE
VIC1,2025-12-05 04:40:00,4564.66,135.09,TRADE
VIC1,2025-12-05 04:45:00,4602.54,80.0,TRADE
VIC1,2025-12-05 04:50:00,4619.82,85.3,TRADE
VIC1,2025-12-05 04:55:00,4626.04,97.0,TRADE
VIC1,2025-12-05 05:00:00,4675.76,94.21,TRADE
VIC1,2025-12-05 05:05:00,4687.8,96.02,TRADE
VIC1,2025-12-05 05:10:00,4750.69,80.0,TRADE
VIC1,2025-12-05 05:15:00,4793.01,97.0,TRADE
VIC1,2025-12-05 05:20:00,4808.52,80.0,TRADE
VIC1,2025-12-05 05:25:00,4839.99,80.0,TRADE
VIC1,2025-12-05 05:30:00,4833.5,80.0,TRADE
VIC1,2025-12-05 05:35:00,4840.6,78.25,TRADE
VIC1,2025-12-05 05:40:00,4880.28,67.69,TRADE
VIC1,2025-12-05 05:45:00,4906.01,68.69,TRADE
VIC1,2025-12-05 05:50:00,4885.31,58.96,TRADE
VIC1,2025-12-05 05:55:00,4913.05,105.0,TRADE
VIC1,2025-12-05 06:00:00,4934.02,67.69,TRADE
VIC1,2025-12-05 06:05:00,4935.87,68.69,TRADE
VIC1,2025-12-05 06:10:00,4995.19,55.34,TRADE
VIC1,2025-12-05 06:15:00,5020.92,67.69,TRADE
VIC1,2025-12-05 06:20:00,5028.86,37.05,TRADE
VIC1,2025-12-05 06:25:00,4988.84,33.89,TRADE
VIC1,2025-12-05 06:30:00,4989.12,28.93,TRADE
VIC1,2025-12-05 06:35:00,4959.68,29.73,TRADE
VIC1,2025-12-05 06:40:00,4940.17,33.89,TRADE
VIC1,2025-12-05 06:45:00,4937.15,46.69,TRADE
VIC1,2025-12-05 06:50:00,4911.73,37.05,TRADE
VIC1,2025-12-05 06:55:00,4895.52,61.32,TRADE
VIC1,2025-12-05 07:00:00,4859.96,35.52,TRADE
VIC1,2025-12-05 07:05:00,4856.57,72.85,TRADE
VIC1,2025-12-05 07:10:00,4817.44,67.69,TRADE
VIC1,2025-12-05 07:15:00,4835.41,103.6,TRADE
VIC1,2025-12-05 07:20:00,4770.78,33.7,TRADE
VIC1,2025-12-05 07:25:00,4807.25,67.69,TRADE
VIC1,2025-12-05 07:30:00,4704.76,22.32,TRADE
VIC1,2025-12-05 07:35:00,4664.44,22.32,TRADE
VIC1,2025-12-05 07:40:00,4553.31,33.89,TRADE
VIC1,2025-12-05 07:45:00,4523.58,41.79,TRADE
VIC1,2025-12-05 07:50:00,4449.26,22.32,TRADE
VIC1,2025-12-05 07:55:00,4409.4,22.32,TRADE
VIC1,2025-12-05 08:00:00,4384.0,22.05,TRADE
VIC1,2025-12-05 08:05:00,4418.02,22.32,TRADE
VIC1,2025-12-05 08:10:00,4460.0,33.89,TRADE
VIC1,2025-12-05 08:15:00,4383.66,14.35,TRADE
VIC1,2025-12-05 08:20:00,4366.56,14.39,TRADE
VIC1,2025-12-05 08:25:00,4355.26,13.55,TRADE
VIC1,2025-12-05 08:30:00,4373.62,14.39,TRADE
VIC1,2025-12-05 08:35:00,4376.51,22.05,TRADE
VIC1,2025-12-05 08:40:00,4316.9,22.05,TRADE
VIC1,2025-12-05 08:45:00,4282.95,22.05,TRADE
VIC1,2025-12-05 08:50:00,4288.61,22.05,TRADE
VIC1,2025-12-05 08:55:00,4296.03,13.33,TRADE
VIC1,2025-12-05 09:00:00,4216.83,8.95,TRADE
VIC1,2025-12-05 09:05:00,4122.3,8.95,TRADE
VIC1,2025-12-05 09:10:00,4091.79,8.94,TRADE
VIC1,2025-12-05 09:15:00,3955.77,8.94,TRADE
VIC1,2025-12-05 09:20:00,3948.51,8.94,TRADE
VIC1,2025-12-05 09:25:00,3799.08,-0.45,TRADE
VIC1,2025-12-05 09:30:00,3696.78,-8.64,TRADE
VIC1,2025-12-05 09:35:00,3727.14,-8.0,TRADE
VIC1,2025-12-05 09:40:00,3759.51,-8.0,TRADE
VIC1,2025-12-05 09:45:00,3670.45,-8.65,TRADE
VIC1,2025-12-05 09:50:00,3557.23,-5.82,TRADE
VIC1,2025-12-05 09:55:00,3514.47,-2.58,TRADE
VIC1,2025-12-05 10:00:00,3469.39,-0.98,TRADE
VIC1,2025-12-05 10:05:00,3422.47,-3.78,TRADE
VIC1,2025-12-05 10:10:00,3494.45,-8.0,TRADE
VIC1,2025-12-05 10:15:00,3521.14,-6.44,TRADE
VIC1,2025-12-05 10:20:00,3439.53,-8.0,TRADE
VIC1,2025-12-05 10:25:00,3367.31,-6.22,TRADE
VIC1,2025-12-05 10:30:00,3394.12,-6.01,TRADE
VIC1,2025-12-05 10:35:00,3400.88,-0.53,TRADE
VIC1,2025-12-05 10:40:00,3408.66,-7.36,TRADE
VIC1,2025-12-05 10:45:00,3488.01,0.06,TRADE
VIC1,2025-12-05 10:50:00,3434.48,-0.98,TRADE
VIC1,2025-12-05 10:55:00,3401.47,-0.98,TRADE
VIC1,2025-12-05 11:00:00,3362.39,-5.96,TRADE
VIC1,2025-12-05 11:05:00,3437.44,-0.98,TRADE
VIC1,2025-12-05 11:10:00,3515.69,-0.98,TRADE
VIC1,2025-12-05 11:15:00,3571.21,0.0,TRADE
VIC1,2025-12-05 11:20:00,3465.57,-1.54,TRADE
VIC1,2025-12-05 11:25:00,3501.04,9.69,TRADE
VIC1,2025-12-05 11:30:00,3387.49,0.99,TRADE
VIC1,2025-12-05 11:35:00,3380.89,-0.41,TRADE
VIC1,2025-12-05 11:40:00,3369.37,8.94,TRADE
VIC1,2025-12-05 11:45:00,3313.69,-5.73,TRADE
VIC1,2025-12-05 11:50:00,3389.46,-5.97,TRADE
VIC1,2025-12-05 11:55:00,3522.07,15.37,TRADE
VIC1,2025-12-05 12:00:00,3500.42,13.38,TRADE
VIC1,2025-12-05 12:05:00,3455.98,44.37,TRADE
VIC1,2025-12-05 12:10:00,3462.92,-0.45,TRADE
VIC1,2025-12-05 12:15:00,3505.65,8.94,TRADE
VIC1,2025-12-05 12:20:00,3540.54,-8.0,TRADE
VIC1,2025-12-05 12:25:00,3603.44,-0.98,TRADE
VIC1,2025-12-05 12:30:00,3485.07,8.94,TRADE
VIC1,2025-12-05 12:35:00,3483.23,7.47,TRADE
VIC1,2025-12-05 12:40:00,3395.83,-0.98,TRADE
VIC1,2025-12-05 12:45:00,3475.64,7.47,TRADE
VIC1,2025-12-05 12:50:00,3440.55,-0.4,TRADE
VIC1,2025-12-05 12:55:00,3444.78,-0.98,TRADE
VIC1,2025-12-05 13:00:00,3385.44,8.94,TRADE
VIC1,2025-12-05 13:05:00,3241.11,0.69,TRADE
VIC1,2025-12-05 13:10:00,3190.54,-0.98,TRADE
VIC1,2025-12-05 13:15:00,3141.42,0.69,TRADE
VIC1,2025-12-05 13:20:00,3098.4,0.69,TRADE
VIC1,2025-12-05 13:25:00,3189.91,-0.98,TRADE
VIC1,2025-12-05 13:30:00,3146.67,0.69,TRADE
VIC1,2025-12-05 13:35:00,3110.06,-1.35,TRADE
VIC1,2025-12-05 13:40:00,3102.25,-6.4,TRADE
VIC1,2025-12-05 13:45:00,3122.71,-7.36,TRADE
VIC1,2025-12-05 13:50:00,3198.23,-0.98,TRADE
VIC1,2025-12-05 13:55:00,3194.27,0.0,TRADE
VIC1,2025-12-05 14:00:00,3205.32,-5.61,TRADE
VIC1,2025-12-05 14:05:00,3259.18,-0.98,TRADE
VIC1,2025-12-05 14:10:00,3228.76,0.0,TRADE
VIC1,2025-12-05 14:15:00,3313.11,-1.07,TRADE
VIC1,2025-12-05 14:20:00,3362.97,0.0,TRADE
VIC1,2025-12-05 14:25:00,3459.33,0.0,TRADE
VIC1,2025-12-05 14:30:00,3430.58,-3.7,TRADE
VIC1,2025-12-05 14:35:00,3488.65,12.43,TRADE
VIC1,2025-12-05 14:40:00,3497.38,9.69,TRADE
VIC1,2025-12-05 14:45:00,3599.86,0.0,TRADE
VIC1,2025-12-05 14:50:00,3650.18,8.94,TRADE
VIC1,2025-12-05 14:55:00,3826.91,33.89,TRADE
VIC1,2025-12-05 15:00:00,4023.84,39.65,TRADE
VIC1,2025-12-05 15:05:00,4106.94,41.43,TRADE
VIC1,2025-12-05 15:10:00,4211.24,42.52,TRADE
VIC1,2025-12-05 15:15:00,4197.83,39.65,TRADE
VIC1,2025-12-05 15:20:00,4277.0,38.69,TRADE
VIC1,2025-12-05 15:25:00,4307.11,38.69,TRADE
VIC1,2025-12-05 15:30:00,4358.55,34.83,TRADE
VIC1,2025-12-05 15:35:00,4362.76,26.24,TRADE
VIC1,2025-12-05 15:40:00,4312.36,22.09,TRADE
VIC1,2025-12-05 15:45:00,4339.35,31.27,TRADE
VIC1,2025-12-05 15:50:00,4367.75,8.97,TRADE
VIC1,2025-12-05 15:55:00,4442.14,9.61,TRADE
VIC1,2025-12-05 16:00:00,4467.35,9.61,TRADE
VIC1,2025-12-05 16:05:00,4487.59,9.15,TRADE
VIC1,2025-12-05 16:10:00,4538.79,22.32,TRADE
VIC1,2025-12-05 16:15:00,4606.1,34.91,TRADE
VIC1,2025-12-05 16:20:00,4683.36,75.75,TRADE
VIC1,2025-12-05 16:25:00,4796.75,117.12,TRADE
VIC1,2025-12-05 16:30:00,4888.74,137.69,TRADE
VIC1,2025-12-05 16:35:00,4952.45,137.69,TRADE
VIC1,2025-12-05 16:40:00,4986.22,90.0,TRADE
VIC1,2025-12-05 16:45:00,5073.51,137.69,TRADE
VIC1,2025-12-05 16:50:00,5127.28,118.69,TRADE
VIC1,2025-12-05 16:55:00,5213.31,137.69,TRADE
VIC1,2025-12-05 17:00:00,5349.09,120.0,TRADE
VIC1,2025-12-05 17:05:00,5358.55,115.37,TRADE
VIC1,2025-12-05 17:10:00,5343.71,120.0,TRADE
VIC1,2025-12-05 17:15:00,5353.45,137.69,TRADE
VIC1,2025-12-05 17:20:00,5336.86,118.69,TRADE
VIC1,2025-12-05 17:25:00,5364.58,75.75,TRADE
VIC1,2025-12-05 17:30:00,5421.68,118.69,TRADE
VIC1,2025-12-05 17:35:00,5449.37,80.0,TRADE
VIC1,2025-12-05 17:40:00,5535.38,73.27,TRADE
VIC1,2025-12-05 17:45:00,5640.89,80.0,TRADE
VIC1,2025-12-05 17:50:00,5686.03,120.0,TRADE
VIC1,2025-12-05 17:55:00,5695.45,137.69,TRADE
VIC1,2025-12-05 18:00:00,5704.02,137.69,TRADE
VIC1,2025-12-05 18:05:00,5716.5,137.69,TRADE
VIC1,2025-12-05 18:10:00,5668.79,131.21,TRADE
VIC1,2025-12-05 18:15:00,5653.16,164.88,TRADE
VIC1,2025-12-05 18:20:00,5628.7,157.82,TRADE
VIC1,2025-12-05 18:25:00,5670.03,158.0,TRADE
VIC1,2025-12-05 18:30:00,5629.75,164.88,TRADE
VIC1,2025-12-05 18:35:00,5653.01,137.69,TRADE
VIC1,2025-12-05 18:40:00,5638.98,119.43,TRADE
VIC1,2025-12-05 18:45:00,5658.55,120.0,TRADE
VIC1,2025-12-05 18:50:00,5687.33,120.0,TRADE
VIC1,2025-12-05 18:55:00,5718.2,137.69,TRADE
VIC1,2025-12-05 19:00:00,5694.87,137.69,TRADE
VIC1,2025-12-05 19:05:00,5669.0,101.92,TRADE
VIC1,2025-12-05 19:10:00,5671.81,118.69,TRADE
VIC1,2025-12-05 19:15:00,5670.09,131.02,TRADE
VIC1,2025-12-05 19:20:00,5727.36,131.02,TRADE
VIC1,2025-12-05 19:25:00,5740.91,118.16,TRADE
VIC1,2025-12-05 19:30:00,5708.15,74.82,TRADE
VIC1,2025-12-05 19:35:00,5735.28,136.78,TRADE
VIC1,2025-12-05 19:40:00,5671.88,105.0,TRADE
VIC1,2025-12-05 19:45:00,5675.6,105.0,TRADE
VIC1,2025-12-05 19:50:00,5630.41,103.4,TRADE
VIC1,2025-12-05 19:55:00,5628.58,97.0,TRADE
VIC1,2025-12-05 20:00:00,5583.38,80.66,TRADE
VIC1,2025-12-05 20:05:00,5540.6,105.0,TRADE
VIC1,2025-12-05 20:10:00,5500.53,97.0,TRADE
VIC1,2025-12-05 20:15:00,5471.1,97.94,TRADE
VIC1,2025-12-05 20:20:00,5417.62,82.64,TRADE
VIC1,2025-12-05 20:25:00,5393.31,94.78,TRADE
VIC1,2025-12-05 20:30:00,5383.28,97.0,TRADE
VIC1,2025-12-05 20:35:00,5327.5,69.67,TRADE
VIC1,2025-12-05 20:40:00,5294.38,104.94,TRADE
VIC1,2025-12-05 20:45:00,5277.49,101.12,TRADE
VIC1,2025-12-05 20:50:00,5261.46,104.94,TRADE
VIC1,2025-12-05 20:55:00,5240.9,104.03,TRADE
VIC1,2025-12-05 21:00:00,5194.93,104.03,TRADE
VIC1,2025-12-05 21:05:00,5198.9,104.94,TRADE
VIC1,2025-12-05 21:10:00,5146.75,104.03,TRADE
VIC1,2025-12-05 21:15:00,5149.19,137.45,TRADE
VIC1,2025-12-05 21:20:00,5087.07,104.94,TRADE
VIC1,2025-12-05 21:25:00,5114.4,104.03,TRADE
VIC1,2025-12-05 21:30:00,5051.76,104.94,TRADE
VIC1,2025-12-05 21:35:00,4979.23,105.3,TRADE
VIC1,2025-12-05 21:40:00,4943.65,99.99,TRADE
VIC1,2025-12-05 21:45:00,4960.76,110.06,TRADE
VIC1,2025-12-05 21:50:00,4897.43,133.68,TRADE
VIC1,2025-12-05 21:55:00,4855.03,137.69,TRADE
VIC1,2025-12-05 22:00:00,4834.79,144.75,TRADE
VIC1,2025-12-05 22:05:00,4726.53,104.03,TRADE
VIC1,2025-12-05 22:10:00,4833.54,134.57,TRADE
VIC1,2025-12-05 22:15:00,4815.86,141.62,TRADE
VIC1,2025-12-05 22:20:00,4788.63,139.11,TRADE
VIC1,2025-12-05 22:25:00,4804.36,141.64,TRADE
VIC1,2025-12-05 22:30:00,4789.39,141.61,TRADE
VIC1,2025-12-05 22:35:00,4788.75,138.73,TRADE
VIC1,2025-12-05 22:40:00,4794.38,137.69,TRADE
VIC1,2025-12-05 22:45:00,4768.97,151.63,TRADE
VIC1,2025-12-05 22:50:00,4750.17,152.57,TRADE
VIC1,2025-12-05 22:55:00,4734.63,152.18,TRADE
VIC1,2025-12-05 23:00:00,4765.14,153.12,TRADE
VIC1,2025-12-05 23:05:00,4774.77,146.22,TRADE
VIC1,2025-12-05 23:10:00,4902.4,170.22,TRADE
VIC1,2025-12-05 23:15:00,4929.1,153.42,TRADE
VIC1,2025-12-05 23:20:00,4913.91,152.05,TRADE
VIC1,2025-12-05 23:25:00,4937.6,158.23,TRADE
VIC1,2025-12-05 23:30:00,4922.15,154.44,TRADE
VIC1,2025-12-05 23:35:00,4904.34,150.54,TRADE
VIC1,2025-12-05 23:40:00,4854.64,157.69,TRADE
VIC1,2025-12-05 23:45:00,4845.7,120.0,TRADE
VIC1,2025-12-05 23:50:00,4807.03,182.32,TRADE
VIC1,2025-12-05 23:55:00,4743.71,150.16,TRADE
VIC1,2025-12-08 00:00:00,4491.25,75.75,TRADE
VIC1,2025-12-08 00:05:00,4490.22,80.0,TRADE
VIC1,2025-12-08 00:10:00,4442.64,80.0,TRADE
VIC1,2025-12-08 00:15:00,4425.13,80.0,TRADE
VIC1,2025-12-08 00:20:00,4392.18,80.0,TRADE
VIC1,2025-12-08 00:25:00,4355.03,80.0,TRADE
VIC1,2025-12-08 00:30:00,4333.48,80.0,TRADE
VIC1,2025-12-08 00:35:00,4306.89,82.23,TRADE
VIC1,2025-12-08 00:40:00,4292.04,80.16,TRADE
VIC1,2025-12-08 00:45:00,4263.97,80.0,TRADE
VIC1,2025-12-08 00:50:00,4257.55,96.62,TRADE
VIC1,2025-12-08 00:55:00,4261.21,80.0,TRADE
VIC1,2025-12-08 01:00:00,4251.33,80.0,TRADE
VIC1,2025-12-08 01:05:00,4225.21,100.53,TRADE
VIC1,2025-12-08 01:10:00,4232.51,99.99,TRADE
VIC1,2025-12-08 01:15:00,4216.44,90.53,TRADE
VIC1,2025-12-08 01:20:00,4176.83,80.0,TRADE
VIC1,2025-12-08 01:25:00,4151.14,80.0,TRADE
VIC1,2025-12-08 01:30:00,4126.91,80.0,TRADE
VIC1,2025-12-08 01:35:00,4104.63,79.16,TRADE
VIC1,2025-12-08 01:40:00,4111.76,80.0,TRADE
VIC1,2025-12-08 01:45:00,4060.99,80.0,TRADE
VIC1,2025-12-08 01:50:00,4044.49,80.0,TRADE
VIC1,2025-12-08 01:55:00,4017.45,79.9,TRADE
VIC1,2025-12-08 02:00:00,4006.37,80.0,TRADE
VIC1,2025-12-08 02:05:00,4010.2,78.9,TRADE
VIC1,2025-12-08 02:10:00,4018.97,75.79,TRADE
VIC1,2025-12-08 02:15:00,4005.65,75.21,TRADE
VIC1,2025-12-08 02:20:00,3997.12,74.05,TRADE
VIC1,2025-12-08 02:25:00,3985.59,74.14,TRADE
VIC1,2025-12-08 02:30:00,3949.69,73.09,TRADE
VIC1,2025-12-08 02:35:00,3955.48,73.02,TRADE
VIC1,2025-12-08 02:40:00,3957.77,72.43,TRADE
VIC1,2025-12-08 02:45:00,3952.08,71.83,TRADE
VIC1,2025-12-08 02:50:00,3935.19,57.75,TRADE
VIC1,2025-12-08 02:55:00,3918.4,56.58,TRADE
VIC1,2025-12-08 03:00:00,3921.32,48.71,TRADE
VIC1,2025-12-08 03:05:00,3916.55,22.32,TRADE
VIC1,2025-12-08 03:10:00,3937.76,22.32,TRADE
VIC1,2025-12-08 03:15:00,3921.21,22.32,TRADE
VIC1,2025-12-08 03:20:00,3922.32,22.05,TRADE
VIC1,2025-12-08 03:25:00,3910.92,22.05,TRADE
VIC1,2025-12-08 03:30:00,3901.99,22.05,TRADE
VIC1,2025-12-08 03:35:00,3936.23,22.05,TRADE
VIC1,2025-12-08 03:40:00,3917.8,8.95,TRADE
VIC1,2025-12-08 03:45:00,3938.87,12.71,TRADE
VIC1,2025-12-08 03:50:00,3943.56,16.69,TRADE
VIC1,2025-12-08 03:55:00,3944.85,12.71,TRADE
VIC1,2025-12-08 04:00:00,3940.44,12.71,TRADE
VIC1,2025-12-08 04:05:00,3943.06,12.71,TRADE
VIC1,2025-12-08 04:10:00,4028.05,22.05,TRADE
VIC1,2025-12-08 04:15:00,4058.77,12.71,TRADE
VIC1,2025-12-08 04:20:00,4074.84,22.05,TRADE
VIC1,2025-12-08 04:25:00,4074.81,12.71,TRADE
VIC1,2025-12-08 04:30:00,4103.32,12.71,TRADE
VIC1,2025-12-08 04:35:00,4139.65,12.71,TRADE
VIC1,2025-12-08 04:40:00,4195.37,12.71,TRADE
VIC1,2025-12-08 04:45:00,4225.9,19.18,TRADE
VIC1,2025-12-08 04:50:00,4235.14,12.71,TRADE
VIC1,2025-12-08 04:55:00,4256.53,12.71,TRADE
VIC1,2025-12-08 05:00:00,4273.26,12.71,TRADE
VIC1,2025-12-08 05:05:00,4308.06,12.71,TRADE
VIC1,2025-12-08 05:10:00,4436.9,12.71,TRADE
VIC1,2025-12-08 05:15:00,4459.09,12.71,TRADE
VIC1,2025-12-08 05:20:00,4473.27,8.86,TRADE
VIC1,2025-12-08 05:25:00,4510.7,12.71,TRADE
VIC1,2025-12-08 05:30:00,4540.21,12.71,TRADE
VIC1,2025-12-08 05:35:00,4587.56,22.05,TRADE
VIC1,2025-12-08 05:40:00,4594.64,12.71,TRADE
VIC1,2025-12-08 05:45:00,4574.6,8.95,TRADE
VIC1,2025-12-08 05:50:00,4583.25,31.29,TRADE
VIC1,2025-12-08 05:55:00,4635.58,30.41,TRADE
VIC1,2025-12-08 06:00:00,4696.78,22.05,TRADE
VIC1,2025-12-08 06:05:00,4681.14,22.05,TRADE
VIC1,2025-12-08 06:10:00,4747.81,22.05,TRADE
VIC1,2025-12-08 06:15:00,4772.35,22.05,TRADE
VIC1,2025-12-08 06:20:00,4748.91,0.58,TRADE
VIC1,2025-12-08 06:25:00,4720.29,0.0,TRADE
VIC1,2025-12-08 06:30:00,4659.26,0.0,TRADE
VIC1,2025-12-08 06:35:00,4606.27,-1.91,TRADE
VIC1,2025-12-08 06:40:00,4633.34,2.89,TRADE
VIC1,2025-12-08 06:45:00,4581.25,-3.7,TRADE
VIC1,2025-12-08 06:50:00,4604.82,0.0,TRADE
VIC1,2025-12-08 06:55:00,4538.46,0.0,TRADE
VIC1,2025-12-08 07:00:00,4521.49,0.0,TRADE
VIC1,2025-12-08 07:05:00,4414.26,8.77,TRADE
VIC1,2025-12-08 07:10:00,4308.74,8.95,TRADE
VIC1,2025-12-08 07:15:00,4302.5,0.0,TRADE
VIC1,2025-12-08 07:20:00,4275.91,-3.7,TRADE
VIC1,2025-12-08 07:25:00,4271.19,-3.7,TRADE
VIC1,2025-12-08 07:30:00,4249.44,0.0,TRADE
VIC1,2025-12-08 07:35:00,4152.97,0.0,TRADE
VIC1,2025-12-08 07:40:00,4066.12,0.0,TRADE
VIC1,2025-12-08 07:45:00,3985.7,-3.7,TRADE
VIC1,2025-12-08 07:50:00,3935.87,-3.7,TRADE
VIC1,2025-12-08 07:55:00,3868.39,-3.7,TRADE
VIC1,2025-12-08 08:00:00,3809.97,-7.25,TRADE
VIC1,2025-12-08 08:05:00,3795.28,-7.25,TRADE
VIC1,2025-12-08 08:10:00,3738.65,-8.0,TRADE
VIC1,2025-12-08 08:15:00,3708.47,-9.82,TRADE
VIC1,2025-12-08 08:20:00,3620.15,-11.0,TRADE
VIC1,2025-12-08 08:25:00,3631.08,-11.0,TRADE
VIC1,2025-12-08 08:30:00,3573.45,-12.51,TRADE
VIC1,2025-12-08 08:35:00,3543.76,-15.71,TRADE
VIC1,2025-12-08 08:40:00,3541.57,-15.72,TRADE
VIC1,2025-12-08 08:45:00,3469.91,-16.54,TRADE
VIC1,2025-12-08 08:50:00,3487.48,-16.54,TRADE
VIC1,2025-12-08 08:55:00,3550.72,-16.54,TRADE
VIC1,2025-12-08 09:00:00,3460.0,-20.3,TRADE
VIC1,2025-12-08 09:05:00,3398.01,-12.51,TRADE
VIC1,2025-12-08 09:10:00,3319.05,-12.51,TRADE
VIC1,2025-12-08 09:15:00,3335.81,-11.0,TRADE
VIC1,2025-12-08 09:20:00,3308.37,-12.51,TRADE
VIC1,2025-12-08 09:25:00,3281.21,-12.96,TRADE
VIC1,2025-12-08 09:30:00,3190.9,-12.66,TRADE
VIC1,2025-12-08 09:35:00,3167.43,-12.51,TRADE
VIC1,2025-12-08 09:40:00,3209.92,-12.51,TRADE
VIC1,2025-12-08 09:45:00,3227.3,-12.51,TRADE
VIC1,2025-12-08 09:50:00,3115.4,-15.34,TRADE
VIC1,2025-12-08 09:55:00,3190.52,-12.12,TRADE
VIC1,2025-12-08 10:00:00,3151.25,-15.34,TRADE
VIC1,2025-12-08 10:05:00,3096.26,-12.51,TRADE
VIC1,2025-12-08 10:10:00,3102.25,-12.51,TRADE
VIC1,2025-12-08 10:15:00,3155.78,-10.35,TRADE
VIC1,2025-12-08 10:20:00,3151.99,-11.0,TRADE
VIC1,2025-12-08 10:25:00,3240.97,-12.06,TRADE
VIC1,2025-12-08 10:30:00,3215.4,-12.69,TRADE
VIC1,2025-12-08 10:35:00,3262.1,-12.12,TRADE
VIC1,2025-12-08 10:40:00,3303.36,-12.51,TRADE
VIC1,2025-12-08 10:45:00,3271.5,-12.62,TRADE
VIC1,2025-12-08 10:50:00,3259.85,-12.51,TRADE
VIC1,2025-12-08 10:55:00,3230.27,-16.54,TRADE
VIC1,2025-12-08 11:00:00,3257.69,-16.54,TRADE
VIC1,2025-12-08 11:05:00,3336.72,-11.0,TRADE
VIC1,2025-12-08 11:10:00,3340.97,-15.34,TRADE
VIC1,2025-12-08 11:15:00,3385.46,-12.51,TRADE
VIC1,2025-12-08 11:20:00,3380.51,-16.54,TRADE
VIC1,2025-12-08 11:25:00,3346.2,-17.2,TRADE
VIC1,2025-12-08 11:30:00,3327.05,-16.54,TRADE
VIC1,2025-12-08 11:35:00,3266.72,-17.19,TRADE
VIC1,2025-12-08 11:40:00,3225.8,-15.34,TRADE
VIC1,2025-12-08 11:45:00,3134.63,-20.37,TRADE
VIC1,2025-12-08 11:50:00,3058.65,-21.21,TRADE
VIC1,2025-12-08 11:55:00,2999.49,-20.99,TRADE
VIC1,2025-12-08 12:00:00,2958.53,-26.83,TRADE
VIC1,2025-12-08 12:05:00,2956.93,-21.8,TRADE
VIC1,2025-12-08 12:10:00,2940.37,-20.99,TRADE
VIC1,2025-12-08 12:15:00,2950.29,-21.41,TRADE
VIC1,2025-12-08 12:20:00,3009.65,-26.9,TRADE
VIC1,2025-12-08 12:25:00,3082.92,-20.3,TRADE
VIC1,2025-12-08 12:30:00,3055.16,-20.3,TRADE
VIC1,2025-12-08 12:35:00,3147.61,-19.99,TRADE
VIC1,2025-12-08 12:40:00,3123.57,-20.99,TRADE
VIC1,2025-12-08 12:45:00,3109.73,-21.17,TRADE
VIC1,2025-12-08 12:50:00,3085.15,-20.99,TRADE
VIC1,2025-12-08 12:55:00,3146.84,-20.3,TRADE
VIC1,2025-12-08 13:00:00,3187.64,-19.99,TRADE
VIC1,2025-12-08 13:05:00,3244.4,-19.99,TRADE
VIC1,2025-12-08 13:10:00,3358.85,-19.99,TRADE
VIC1,2025-12-08 13:15:00,3448.23,-19.99,TRADE
VIC1,2025-12-08 13:20:00,3468.15,-17.0,TRADE
VIC1,2025-12-08 13:25:00,3570.62,-16.54,TRADE
VIC1,2025-12-08 13:30:00,3661.28,-16.54,TRADE
VIC1,2025-12-08 13:35:00,3773.8,-11.99,TRADE
VIC1,2025-12-08 13:40:00,3861.07,-12.51,TRADE
VIC1,2025-12-08 13:45:00,3946.26,-11.01,TRADE
VIC1,2025-12-08 13:50:00,3959.03,-11.99,TRADE
VIC1,2025-12-08 13:55:00,4045.97,-11.0,TRADE
VIC1,2025-12-08 14:00:00,4028.63,-11.0,TRADE
VIC1,2025-12-08 14:05:00,3996.63,-11.0,TRADE
VIC1,2025-12-08 14:10:00,3903.61,-11.0,TRADE
VIC1,2025-12-08 14:15:00,3872.36,-9.81,TRADE
VIC1,2025-12-08 14:20:00,3867.7,-10.05,TRADE
VIC1,2025-12-08 14:25:00,3849.87,-11.99,TRADE
VIC1,2025-12-08 14:30:00,3824.65,-11.99,TRADE
VIC1,2025-12-08 14:35:00,3751.71,-17.67,TRADE
VIC1,2025-12-08 14:40:00,3721.67,-16.54,TRADE
VIC1,2025-12-08 14:45:00,3684.2,-18.17,TRADE
VIC1,2025-12-08 14:50:00,3633.66,-18.45,TRADE
VIC1,2025-12-08 14:55:00,3651.67,-16.54,TRADE
VIC1,2025-12-08 15:00:00,3648.64,-19.99,TRADE
VIC1,2025-12-08 15:05:00,3652.83,-19.99,TRADE
VIC1,2025-12-08 15:10:00,3617.82,-19.99,TRADE
VIC1,2025-12-08 15:15:00,3604.45,-20.99,TRADE
VIC1,2025-12-08 15:20:00,3613.94,-16.54,TRADE
VIC1,2025-12-08 15:25:00,3745.27,-12.74,TRADE
VIC1,2025-12-08 15:30:00,3845.7,-12.51,TRADE
VIC1,2025-12-08 15:35:00,3886.77,-11.99,TRADE
VIC1,2025-12-08 15:40:00,3942.16,-9.65,TRADE
VIC1,2025-12-08 15:45:00,4052.03,-8.0,TRADE
VIC1,2025-12-08 15:50:00,4072.64,-11.0,TRADE
VIC1,2025-12-08 15:55:00,4144.67,-7.62,TRADE
VIC1,2025-12-08 16:00:00,4198.03,-8.0,TRADE
VIC1,2025-12-08 16:05:00,4317.4,-11.0,TRADE
VIC1,2025-12-08 16:10:00,4369.97,-7.99,TRADE
VIC1,2025-12-08 16:15:00,4408.42,-14.42,TRADE
VIC1,2025-12-08 16:20:00,4545.48,-8.0,TRADE
VIC1,2025-12-08 16:25:00,4571.18,-7.99,TRADE
VIC1,2025-12-08 16:30:00,4668.84,-7.99,TRADE
VIC1,2025-12-08 16:35:00,4661.63,-11.99,TRADE
VIC1,2025-12-08 16:40:00,4656.78,-9.65,TRADE
VIC1,2025-12-08 16:45:00,4674.64,-8.25,TRADE
VIC1,2025-12-08 16:50:00,4672.3,-9.65,TRADE
VIC1,2025-12-08 16:55:00,4740.04,-7.99,TRADE
VIC1,2025-12-08 17:00:00,4773.05,-7.99,TRADE
VIC1,2025-12-08 17:05:00,4799.43,-8.0,TRADE
VIC1,2025-12-08 17:10:00,4803.76,-8.0,TRADE
VIC1,2025-12-08 17:15:00,4928.63,-7.99,TRADE
VIC1,2025-12-08 17:20:00,4971.38,-8.0,TRADE
VIC1,2025-12-08 17:25:00,5033.4,-7.36,TRADE
VIC1,2025-12-08 17:30:00,5145.99,-7.36,TRADE
VIC1,2025-12-08 17:35:00,5184.54,-3.7,TRADE
VIC1,2025-12-08 17:40:00,5222.63,-3.7,TRADE
VIC1,2025-12-08 17:45:00,5289.77,-3.7,TRADE
VIC1,2025-12-08 17:50:00,5347.12,-3.7,TRADE
VIC1,2025-12-08 17:55:00,5371.99,0.01,TRADE
VIC1,2025-12-08 18:00:00,5413.87,-3.7,TRADE
VIC1,2025-12-08 18:05:00,5453.0,0.01,TRADE
VIC1,2025-12-08 18:10:00,5450.67,0.06,TRADE
VIC1,2025-12-08 18:15:00,5461.55,35.86,TRADE
VIC1,2025-12-08 18:20:00,5550.32,13.1,TRADE
VIC1,2025-12-08 18:25:00,5525.86,8.95,TRADE
VIC1,2025-12-08 18:30:00,5548.52,99.99,TRADE
VIC1,2025-12-08 18:35:00,5578.0,45.43,TRADE
VIC1,2025-12-08 18:40:00,5590.67,118.69,TRADE
VIC1,2025-12-08 18:45:00,5560.97,92.9,TRADE
VIC1,2025-12-08 18:50:00,5736.16,118.69,TRADE
VIC1,2025-12-08 18:55:00,5689.82,93.73,TRADE
VIC1,2025-12-08 19:00:00,5725.95,113.87,TRADE
VIC1,2025-12-08 19:05:00,5667.7,102.12,TRADE
VIC1,2025-12-08 19:10:00,5640.57,103.6,TRADE
VIC1,2025-12-08 19:15:00,5642.25,97.82,TRADE
VIC1,2025-12-08 19:20:00,5647.34,95.74,TRADE
VIC1,2025-12-08 19:25:00,5643.35,103.61,TRADE
VIC1,2025-12-08 19:30:00,5625.21,104.03,TRADE
VIC1,2025-12-08 19:35:00,5692.42,76.3,TRADE
VIC1,2025-12-08 19:40:00,5665.48,88.99,TRADE
VIC1,2025-12-08 19:45:00,5661.25,87.61,TRADE
VIC1,2025-12-08 19:50:00,5609.62,86.69,TRADE
VIC1,2025-12-08 19:55:00,5584.5,76.62,TRADE
VIC1,2025-12-08 20:00:00,5630.27,79.19,TRADE
VIC1,2025-12-08 20:05:00,5503.84,73.6,TRADE
VIC1,2025-12-08 20:10:00,5572.07,96.71,TRADE
VIC1,2025-12-08 20:15:00,5485.48,75.07,TRADE
VIC1,2025-12-08 20:20:00,5544.64,82.21,TRADE
VIC1,2025-12-08 20:25:00,5474.2,78.61,TRADE
VIC1,2025-12-08 20:30:00,5500.6,79.12,TRADE
VIC1,2025-12-08 20:35:00,5492.81,84.53,TRADE
VIC1,2025-12-08 20:40:00,5461.84,97.2,TRADE
VIC1,2025-12-08 20:45:00,5310.19,79.23,TRADE
VIC1,2025-12-08 20:50:00,5285.8,75.75,TRADE
VIC1,2025-12-08 20:55:00,5233.78,86.98,TRADE
VIC1,2025-12-08 21:00:00,5245.4,75.75,TRADE
VIC1,2025-12-08 21:05:00,5242.5,80.0,TRADE
VIC1,2025-12-08 21:10:00,5157.33,73.11,TRADE
VIC1,2025-12-08 21:15:00,5135.6,69.67,TRADE
VIC1,2025-12-08 21:20:00,5098.51,70.45,TRADE
VIC1,2025-12-08 21:25:00,5028.51,64.52,TRADE
VIC1,2025-12-08 21:30:00,4970.33,64.51,TRADE
VIC1,2025-12-08 21:35:00,4951.07,80.0,TRADE
VIC1,2025-12-08 21:40:00,4889.6,76.61,TRADE
VIC1,2025-12-08 21:45:00,4905.69,73.77,TRADE
VIC1,2025-12-08 21:50:00,4878.56,69.67,TRADE
VIC1,2025-12-08 21:55:00,4785.98,69.67,TRADE
VIC1,2025-12-08 22:00:00,4733.49,69.67,TRADE
VIC1,2025-12-08 22:05:00,4657.2,66.29,TRADE
VIC1,2025-12-08 22:10:00,4702.11,66.28,TRADE
VIC1,2025-12-08 22:15:00,4762.22,72.85,TRADE
VIC1,2025-12-08 22:20:00,4742.57,69.67,TRADE
VIC1,2025-12-08 22:25:00,4736.86,69.01,TRADE
VIC1,2025-12-08 22:30:00,4725.62,69.42,TRADE
VIC1,2025-12-08 22:35:00,4742.66,75.58,TRADE
VIC1,2025-12-08 22:40:00,4706.78,69.13,TRADE
VIC1,2025-12-08 22:45:00,4634.91,14.72,TRADE
VIC1,2025-12-08 22:50:00,4593.45,12.71,TRADE
VIC1,2025-12-08 22:55:00,4582.51,70.66,TRADE
VIC1,2025-12-08 23:00:00,4593.61,37.81,TRADE
VIC1,2025-12-08 23:05:00,4653.82,68.92,TRADE
VIC1,2025-12-08 23:10:00,4811.84,73.49,TRADE
VIC1,2025-12-08 23:15:00,4842.84,85.09,TRADE
VIC1,2025-12-08 23:20:00,4864.61,75.75,TRADE
VIC1,2025-12-08 23:25:00,4893.77,80.0,TRADE
VIC1,2025-12-08 23:30:00,4918.39,76.16,TRADE
VIC1,2025-12-08 23:35:00,4809.35,80.0,TRADE
VIC1,2025-12-08 23:40:00,4783.54,80.0,TRADE
VIC1,2025-12-08 23:45:00,4751.7,85.72,TRADE
VIC1,2025-12-08 23:50:00,4768.26,80.0,TRADE
VIC1,2025-12-08 23:55:00,4732.12,80.0,TRADE
VIC1,2025-12-09 00:00:00,4704.58,93.28,TRADE
VIC1,2025-12-09 00:05:00,4630.08,75.75,TRADE
VIC1,2025-12-09 00:10:00,4647.7,88.96,TRADE
VIC1,2025-12-09 00:15:00,4616.58,84.56,TRADE
VIC1,2025-12-09 00:20:00,4506.22,80.57,TRADE
VIC1,2025-12-09 00:25:00,4492.97,80.0,TRADE
VIC1,2025-12-09 00:30:00,4564.78,90.34,TRADE
VIC1,2025-12-09 00:35:00,4557.73,80.0,TRADE
VIC1,2025-12-09 00:40:00,4432.35,80.0,TRADE
VIC1,2025-12-09 00:45:00,4477.85,80.0,TRADE
VIC1,2025-12-09 00:50:00,4474.08,80.0,TRADE
VIC1,2025-12-09 00:55:00,4477.35,80.0,TRADE
VIC1,2025-12-09 01:00:00,4385.01,75.75,TRADE
VIC1,2025-12-09 01:05:00,4378.16,80.0,TRADE
VIC1,2025-12-09 01:10:00,4386.34,83.42,TRADE
VIC1,2025-12-09 01:15:00,4411.59,80.0,TRADE
VIC1,2025-12-09 01:20:00,4417.02,90.07,TRADE
VIC1,2025-12-09 01:25:00,4274.75,80.0,TRADE
VIC1,2025-12-09 01:30:00,4286.93,80.0,TRADE
VIC1,2025-12-09 01:35:00,4318.94,80.0,TRADE
VIC1,2025-12-09 01:40:00,4292.33,89.95,TRADE
VIC1,2025-12-09 01:45:00,4263.76,90.64,TRADE
VIC1,2025-12-09 01:50:00,4264.24,85.78,TRADE
VIC1,2025-12-09 01:55:00,4188.47,87.29,TRADE
VIC1,2025-12-09 02:00:00,4226.03,80.0,TRADE
VIC1,2025-12-09 02:05:00,4149.09,90.53,TRADE
VIC1,2025-12-09 02:10:00,4195.96,91.15,TRADE
VIC1,2025-12-09 02:15:00,4145.07,90.55,TRADE
VIC1,2025-12-09 02:20:00,4183.67,87.77,TRADE
VIC1,2025-12-09 02:25:00,4211.02,80.0,TRADE
VIC1,2025-12-09 02:30:00,4175.02,89.91,TRADE
VIC1,2025-12-09 02:35:00,4076.85,87.06,TRADE
VIC1,2025-12-09 02:40:00,4105.45,80.0,TRADE
VIC1,2025-12-09 02:45:00,4143.88,80.0,TRADE
VIC1,2025-12-09 02:50:00,4152.97,80.0,TRADE
VIC1,2025-12-09 02:55:00,4143.37,80.0,TRADE
VIC1,2025-12-09 03:00:00,4136.38,80.0,TRADE
VIC1,2025-12-09 03:05:00,4133.58,80.0,TRADE
VIC1,2025-12-09 03:10:00,4153.4,90.0,TRADE
VIC1,2025-12-09 03:15:00,4083.75,80.0,TRADE
VIC1,2025-12-09 03:20:00,4098.74,80.0,TRADE
VIC1,2025-12-09 03:25:00,4159.11,80.0,TRADE
VIC1,2025-12-09 03:30:00,4188.51,80.0,TRADE
VIC1,2025-12-09 03:35:00,4176.35,84.83,TRADE
VIC1,2025-12-09 03:40:00,4185.4,94.23,TRADE
VIC1,2025-12-09 03:45:00,4170.36,92.03,TRADE
VIC1,2025-12-09 03:50:00,4200.29,91.27,TRADE
VIC1,2025-12-09 03:55:00,4112.99,91.51,TRADE
VIC1,2025-12-09 04:00:00,4150.14,91.48,TRADE
VIC1,2025-12-09 04:05:00,4204.96,80.0,TRADE
VIC1,2025-12-09 04:10:00,4336.72,92.25,TRADE
VIC1,2025-12-09 04:15:00,4304.45,99.99,TRADE
VIC1,2025-12-09 04:20:00,4338.83,99.99,TRADE
VIC1,2025-12-09 04:25:00,4324.62,99.99,TRADE
VIC1,2025-12-09 04:30:00,4388.32,88.33,TRADE
VIC1,2025-12-09 04:35:00,4437.68,93.39,TRADE
VIC1,2025-12-09 04:40:00,4393.03,88.97,TRADE
VIC1,2025-12-09 04:45:00,4407.28,116.23,TRADE
VIC1,2025-12-09 04:50:00,4503.78,111.25,TRADE
VIC1,2025-12-09 04:55:00,4516.35,90.94,TRADE
VIC1,2025-12-09 05:00:00,4486.88,92.23,TRADE
VIC1,2025-12-09 05:05:00,4572.88,92.24,TRADE
VIC1,2025-12-09 05:10:00,4671.51,96.07,TRADE
VIC1,2025-12-09 05:15:00,4731.77,90.9,TRADE
VIC1,2025-12-09 05:20:00,4672.1,99.6,TRADE
VIC1,2025-12-09 05:25:00,4710.6,99.32,TRADE
VIC1,2025-12-09 05:30:00,4739.33,99.99,TRADE
VIC1,2025-12-09 05:35:00,4799.52,99.99,TRADE
VIC1,2025-12-09 05:40:00,4853.2,80.0,TRADE
VIC1,2025-12-09 05:45:00,4772.48,76.35,TRADE
VIC1,2025-12-09 05:50:00,4890.01,80.0,TRADE
VIC1,2025-12-09 05:55:00,4876.15,69.93,TRADE
VIC1,2025-12-09 06:00:00,4900.5,68.69,TRADE
VIC1,2025-12-09 06:05:00,4914.17,57.35,TRADE
VIC1,2025-12-09 06:10:00,4944.69,59.22,TRADE
VIC1,2025-12-09 06:15:00,4966.93,37.05,TRADE
VIC1,2025-12-09 06:20:00,5036.71,37.05,TRADE
VIC1,2025-12-09 06:25:00,5016.17,34.37,TRADE
VIC1,2025-12-09 06:30:00,4990.04,12.71,TRADE
VIC1,2025-12-09 06:35:00,5019.93,26.37,TRADE
VIC1,2025-12-09 06:40:00,5057.93,12.71,TRADE
VIC1,2025-12-09 06:45:00,5008.65,0.52,TRADE
VIC1,2025-12-09 06:50:00,4900.57,0.0,TRADE
VIC1,2025-12-09 06:55:00,4877.6,0.0,TRADE
VIC1,2025-12-09 07:00:00,4842.35,-3.7,TRADE
VIC1,2025-12-09 07:05:00,4856.2,8.95,TRADE
VIC1,2025-12-09 07:10:00,4775.73,22.52,TRADE
VIC1,2025-12-09 07:15:00,4827.48,14.47,TRADE
VIC1,2025-12-09 07:20:00,4764.07,12.71,TRADE
VIC1,2025-12-09 07:25:00,4725.36,12.71,TRADE
VIC1,2025-12-09 07:30:00,4662.37,8.95,TRADE
VIC1,2025-12-09 07:35:00,4654.62,10.91,TRADE
VIC1,2025-12-09 07:40:00,4593.66,8.95,TRADE
VIC1,2025-12-09 07:45:00,4455.7,7.77,TRADE
VIC1,2025-12-09 07:50:00,4409.91,0.51,TRADE
VIC1,2025-12-09 07:55:00,4377.8,0.01,TRADE
VIC1,2025-12-09 08:00:00,4347.77,0.01,TRADE
VIC1,2025-12-09 08:05:00,4428.8,8.95,TRADE
VIC1,2025-12-09 08:10:00,4371.44,8.95,TRADE
VIC1,2025-12-09 08:15:00,4429.1,8.95,TRADE
VIC1,2025-12-09 08:20:00,4380.54,0.01,TRADE
VIC1,2025-12-09 08:25:00,4394.0,0.53,TRADE
VIC1,2025-12-09 08:30:00,4304.27,0.01,TRADE
VIC1,2025-12-09 08:35:00,4252.25,3.69,TRADE
VIC1,2025-12-09 08:40:00,4270.14,0.01,TRADE
VIC1,2025-12-09 08:45:00,4250.04,3.65,TRADE
VIC1,2025-12-09 08:50:00,4193.51,0.52,TRADE
VIC1,2025-12-09 08:55:00,4217.75,12.71,TRADE
VIC1,2025-12-09 09:00:00,4115.35,0.52,TRADE
VIC1,2025-12-09 09:05:00,4062.06,0.0,TRADE
VIC1,2025-12-09 09:10:00,4026.64,0.01,TRADE
VIC1,2025-12-09 09:15:00,3848.55,3.27,TRADE
VIC1,2025-12-09 09:20:00,3851.06,0.01,TRADE
VIC1,2025-12-09 09:25:00,3785.53,-0.01,TRADE
VIC1,2025-12-09 09:30:00,3745.95,-0.98,TRADE
VIC1,2025-12-09 09:35:00,3658.46,-0.01,TRADE
VIC1,2025-12-09 09:40:00,3567.42,-0.98,TRADE
VIC1,2025-12-09 09:45:00,3563.78,-0.98,TRADE
VIC1,2025-12-09 09:50:00,3491.04,-8.0,TRADE
VIC1,2025-12-09 09:55:00,3490.99,0.67,TRADE
VIC1,2025-12-09 10:00:00,3391.49,0.0,TRADE
VIC1,2025-12-09 10:05:00,3350.06,-8.0,TRADE
VIC1,2025-12-09 10:10:00,3450.53,0.49,TRADE
VIC1,2025-12-09 10:15:00,3261.67,-8.0,TRADE
VIC1,2025-12-09 10:20:00,3340.07,-8.0,TRADE
VIC1,2025-12-09 10:25:00,3316.91,-0.98,TRADE
VIC1,2025-12-09 10:30:00,3198.95,-8.0,TRADE
VIC1,2025-12-09 10:35:00,3135.93,-6.8,TRADE
VIC1,2025-12-09 10:40:00,3012.32,-6.8,TRADE
VIC1,2025-12-09 10:45:00,2873.71,-15.24,TRADE
VIC1,2025-12-09 10:50:00,2946.5,-8.0,TRADE
VIC1,2025-12-09 10:55:00,3004.05,-2.5,TRADE
VIC1,2025-12-09 11:00:00,2893.11,-7.63,TRADE
VIC1,2025-12-09 11:05:00,2894.55,-14.55,TRADE
VIC1,2025-12-09 11:10:00,2901.51,-3.7,TRADE
VIC1,2025-12-09 11:15:00,2859.51,-8.0,TRADE
VIC1,2025-12-09 11:20:00,2861.97,-17.38,TRADE
VIC1,2025-12-09 11:25:00,2790.2,-12.51,TRADE
VIC1,2025-12-09 11:30:00,2792.47,-9.65,TRADE
VIC1,2025-12-09 11:35:00,2755.75,-6.56,TRADE
VIC1,2025-12-09 11:40:00,2677.01,-7.37,TRADE
VIC1,2025-12-09 11:45:00,2661.97,-8.0,TRADE
VIC1,2025-12-09 11:50:00,2712.02,-7.97,TRADE
VIC1,2025-12-09 11:55:00,2713.06,-8.62,TRADE
VIC1,2025-12-09 12:00:00,2631.93,-8.88,TRADE
VIC1,2025-12-09 12:05:00,2663.07,-8.25,TRADE
VIC1,2025-12-09 12:10:00,2656.23,-8.25,TRADE
VIC1,2025-12-09 12:15:00,2655.47,-8.93,TRADE
VIC1,2025-12-09 12:20:00,2682.11,-8.99,TRADE
VIC1,2025-12-09 12:25:00,2741.3,-8.0,TRADE
VIC1,2025-12-09 12:30:00,2701.16,-8.89,TRADE
VIC1,2025-12-09 12:35:00,2732.26,-7.63,TRADE
VIC1,2025-12-09 12:40:00,2675.64,-9.15,TRADE
VIC1,2025-12-09 12:45:00,2665.85,-9.11,TRADE
VIC1,2025-12-09 12:50:00,2682.66,-8.0,TRADE
VIC1,2025-12-09 12:55:00,2678.43,-8.9,TRADE
VIC1,2025-12-09 13:00:00,2644.57,-8.71,TRADE
VIC1,2025-12-09 13:05:00,2743.7,-8.0,TRADE
VIC1,2025-12-09 13:10:00,2744.94,-8.9,TRADE
VIC1,2025-12-09 13:15:00,2717.96,-8.79,TRADE
VIC1,2025-12-09 13:20:00,2721.66,-9.56,TRADE
VIC1,2025-12-09 13:25:00,2715.37,-10.25,TRADE
VIC1,2025-12-09 13:30:00,2678.96,-8.75,TRADE
VIC1,2025-12-09 13:35:00,2740.58,-3.7,TRADE
VIC1,2025-12-09 13:40:00,2651.65,-8.8,TRADE
VIC1,2025-12-09 13:45:00,2718.77,-8.0,TRADE
VIC1,2025-12-09 13:50:00,2724.25,-8.0,TRADE
VIC1,2025-12-09 13:55:00,2827.69,-8.0,TRADE
VIC1,2025-12-09 14:00:00,2805.65,-7.74,TRADE
VIC1,2025-12-09 14:05:00,2767.13,-8.54,TRADE
VIC1,2025-12-09 14:10:00,2814.71,-8.76,TRADE
VIC1,2025-12-09 14:15:00,2869.22,-8.0,TRADE
VIC1,2025-12-09 14:20:00,2877.69,-9.65,TRADE
VIC1,2025-12-09 14:25:00,2910.92,-9.3,TRADE
VIC1,2025-12-09 14:30:00,2908.28,-8.55,TRADE
VIC1,2025-12-09 14:35:00,2994.01,-7.63,TRADE
VIC1,2025-12-09 14:40:00,2918.25,-8.78,TRADE
VIC1,2025-12-09 14:45:00,3067.05,-9.65,TRADE
VIC1,2025-12-09 14:50:00,3102.84,-7.25,TRADE
VIC1,2025-12-09 14:55:00,3127.01,14.23,TRADE
VIC1,2025-12-09 15:00:00,3156.69,-11.0,TRADE
VIC1,2025-12-09 15:05:00,3289.45,-8.68,TRADE
VIC1,2025-12-09 15:10:00,3281.94,-7.63,TRADE
VIC1,2025-12-09 15:15:00,3246.81,-9.36,TRADE
VIC1,2025-12-09 15:20:00,3325.8,-8.36,TRADE
VIC1,2025-12-09 15:25:00,3406.36,-7.31,TRADE
VIC1,2025-12-09 15:30:00,3491.61,0.0,TRADE
VIC1,2025-12-09 15:35:00,3479.32,-8.0,TRADE
VIC1,2025-12-09 15:40:00,3569.28,19.1,TRADE
VIC1,2025-12-09 15:45:00,3591.42,0.0,TRADE
VIC1,2025-12-09 15:50:00,3627.31,0.0,TRADE
VIC1,2025-12-09 15:55:00,3620.0,-7.63,TRADE
VIC1,2025-12-09 16:00:00,3681.28,-7.63,TRADE
VIC1,2025-12-09 16:05:00,3828.82,0.56,TRADE
VIC1,2025-12-09 16:10:00,3896.38,-7.63,TRADE
VIC1,2025-12-09 16:15:00,3958.91,-6.01,TRADE
VIC1,2025-12-09 16:20:00,4067.88,6.54,TRADE
VIC1,2025-12-09 16:25:00,4187.45,0.01,TRADE
VIC1,2025-12-09 16:30:00,4213.89,0.01,TRADE
VIC1,2025-12-09 16:35:00,4197.93,-7.63,TRADE
VIC1,2025-12-09 16:40:00,4312.11,-0.98,TRADE
VIC1,2025-12-09 16:45:00,4409.04,7.47,TRADE
VIC1,2025-12-09 16:50:00,4508.81,8.95,TRADE
VIC1,2025-12-09 16:55:00,4538.52,12.18,TRADE
VIC1,2025-12-09 17:00:00,4645.23,8.94,TRADE
VIC1,2025-12-09 17:05:00,4701.49,0.01,TRADE
VIC1,2025-12-09 17:10:00,4706.72,-4.76,TRADE
VIC1,2025-12-09 17:15:00,4837.19,57.29,TRADE
VIC1,2025-12-09 17:20:00,4868.5,14.02,TRADE
VIC1,2025-12-09 17:25:00,4920.86,8.94,TRADE
VIC1,2025-12-09 17:30:00,4992.53,12.71,TRADE
VIC1,2025-12-09 17:35:00,5082.76,0.0,TRADE
VIC1,2025-12-09 17:40:00,5104.0,0.0,TRADE
VIC1,2025-12-09 17:45:00,5159.74,10.59,TRADE
VIC1,2025-12-09 17:50:00,5246.82,-3.7,TRADE
VIC1,2025-12-09 17:55:00,5280.49,0.0,TRADE
VIC1,2025-12-09 18:00:00,5224.39,5.26,TRADE
VIC1,2025-12-09 18:05:00,5301.88,0.0,TRADE
VIC1,2025-12-09 18:10:00,5387.69,59.44,TRADE
VIC1,2025-12-09 18:15:00,5396.88,69.67,TRADE
VIC1,2025-12-09 18:20:00,5377.87,75.75,TRADE
VIC1,2025-12-09 18:25:00,5485.84,104.94,TRADE
VIC1,2025-12-09 18:30:00,5545.16,80.0,TRADE
VIC1,2025-12-09 18:35:00,5559.69,80.0,TRADE
VIC1,2025-12-09 18:40:00,5572.69,80.0,TRADE
VIC1,2025-12-09 18:45:00,5471.86,80.0,TRADE
VIC1,2025-12-09 18:50:00,5563.64,80.0,TRADE
VIC1,2025-12-09 18:55:00,5607.72,80.0,TRADE
VIC1,2025-12-09 19:00:00,5563.16,80.0,TRADE
VIC1,2025-12-09 19:05:00,5637.15,80.0,TRADE
VIC1,2025-12-09 19:10:00,5632.09,80.0,TRADE
VIC1,2025-12-09 19:15:00,5666.08,114.06,TRADE
VIC1,2025-12-09 19:20:00,5581.4,111.17,TRADE
VIC1,2025-12-09 19:25:00,5496.64,105.32,TRADE
VIC1,2025-12-09 19:30:00,5485.38,77.91,TRADE
VIC1,2025-12-09 19:35:00,5598.4,104.94,TRADE
VIC1,2025-12-09 19:40:00,5534.26,110.66,TRADE
VIC1,2025-12-09 19:45:00,5466.59,104.12,TRADE
VIC1,2025-12-09 19:50:00,5547.63,88.77,TRADE
VIC1,2025-12-09 19:55:00,5525.61,82.27,TRADE
VIC1,2025-12-09 20:00:00,5542.61,96.84,TRADE
VIC1,2025-12-09 20:05:00,5494.22,84.17,TRADE
VIC1,2025-12-09 20:10:00,5470.52,80.0,TRADE
VIC1,2025-12-09 20:15:00,5488.43,79.93,TRADE
VIC1,2025-12-09 20:20:00,5483.96,75.75,TRADE
VIC1,2025-12-09 20:25:00,5432.02,80.0,TRADE
VIC1,2025-12-09 20:30:00,5440.39,80.0,TRADE
VIC1,2025-12-09 20:35:00,5407.03,80.0,TRADE
VIC1,2025-12-09 20:40:00,5387.24,104.94,TRADE
VIC1,2025-12-09 20:45:00,5327.08,81.43,TRADE
VIC1,2025-12-09 20:50:00,5221.77,78.13,TRADE
VIC1,2025-12-09 20:55:00,5297.76,92.95,TRADE
VIC1,2025-12-09 21:00:00,5196.56,80.0,TRADE
VIC1,2025-12-09 21:05:00,5202.07,90.45,TRADE
VIC1,2025-12-09 21:10:00,5130.21,85.85,TRADE
VIC1,2025-12-09 21:15:00,5078.21,92.16,TRADE
VIC1,2025-12-09 21:20:00,5070.87,87.07,TRADE
VIC1,2025-12-09 21:25:00,5058.71,101.43,TRADE
VIC1,2025-12-09 21:30:00,4900.68,80.0,TRADE
VIC1,2025-12-09 21:35:00,4855.65,81.16,TRADE
VIC1,2025-12-09 21:40:00,4806.71,88.78,TRADE
VIC1,2025-12-09 21:45:00,4860.21,89.81,TRADE
VIC1,2025-12-09 21:50:00,4846.63,89.37,TRADE
VIC1,2025-12-09 21:55:00,4799.97,82.2,TRADE
VIC1,2025-12-09 22:00:00,4773.26,80.0,TRADE
VIC1,2025-12-09 22:05:00,4770.27,87.0,TRADE
VIC1,2025-12-09 22:10:00,4784.68,100.84,TRADE
VIC1,2025-12-09 22:15:00,4688.02,85.63,TRADE
VIC1,2025-12-09 22:20:00,4659.13,99.99,TRADE
VIC1,2025-12-09 22:25:00,4654.2,80.0,TRADE
VIC1,2025-12-09 22:30:00,4689.62,91.7,TRADE
VIC1,2025-12-09 22:35:00,4716.24,99.99,TRADE
VIC1,2025-12-09 22:40:00,4686.21,80.0,TRADE
VIC1,2025-12-09 22:45:00,4681.24,80.0,TRADE
VIC1,2025-12-09 22:50:00,4656.61,80.0,TRADE
VIC1,2025-12-09 22:55:00,4635.63,80.0,TRADE
VIC1,2025-12-09 23:00:00,4646.31,80.0,TRADE
VIC1,2025-12-09 23:05:00,4592.43,80.0,TRADE
VIC1,2025-12-09 23:10:00,4740.39,80.0,TRADE
VIC1,2025-12-09 23:15:00,4827.52,81.66,TRADE
VIC1,2025-12-09 23:20:00,4838.82,80.0,TRADE
VIC1,2025-12-09 23:25:00,4807.21,80.0,TRADE
VIC1,2025-12-09 23:30:00,4920.78,80.0,TRADE
VIC1,2025-12-09 23:35:00,4906.16,84.57,TRADE
VIC1,2025-12-09 23:40:00,4872.93,82.95,TRADE
VIC1,2025-12-09 23:45:00,4811.39,99.99,TRADE
VIC1,2025-12-09 23:50:00,4702.11,94.44,TRADE
VIC1,2025-12-09 23:55:00,4742.45,95.14,TRADE
VIC1,2025-12-10 00:00:00,4658.41,82.24,TRADE
VIC1,2025-12-10 00:05:00,4663.41,83.25,TRADE
VIC1,2025-12-10 00:10:00,4706.28,85.24,TRADE
VIC1,2025-12-10 00:15:00,4671.15,81.28,TRADE
VIC1,2025-12-10 00:20:00,4632.21,80.0,TRADE
VIC1,2025-12-10 00:25:00,4613.75,80.0,TRADE
VIC1,2025-12-10 00:30:00,4507.09,80.0,TRADE
VIC1,2025-12-10 00:35:00,4559.47,80.0,TRADE
VIC1,2025-12-10 00:40:00,4565.16,84.75,TRADE
VIC1,2025-12-10 00:45:00,4491.79,82.44,TRADE
VIC1,2025-12-10 00:50:00,4513.22,80.0,TRADE
VIC1,2025-12-10 00:55:00,4496.95,80.0,TRADE
VIC1,2025-12-10 01:00:00,4521.82,80.0,TRADE
VIC1,2025-12-10 01:05:00,4498.3,80.0,TRADE
VIC1,2025-12-10 01:10:00,4388.03,80.0,TRADE
VIC1,2025-12-10 01:15:00,4370.38,80.0,TRADE
VIC1,2025-12-10 01:20:00,4348.76,80.0,TRADE
VIC1,2025-12-10 01:25:00,4420.13,80.0,TRADE
VIC1,2025-12-10 01:30:00,4316.26,80.0,TRADE
VIC1,2025-12-10 01:35:00,4385.18,80.0,TRADE
VIC1,2025-12-10 01:40:00,4303.95,80.0,TRADE
VIC1,2025-12-10 01:45:00,4328.42,80.0,TRADE
VIC1,2025-12-10 01:50:00,4290.7,86.65,TRADE
VIC1,2025-12-10 01:55:00,4296.61,85.85,TRADE
VIC1,2025-12-10 02:00:00,4283.27,80.0,TRADE
VIC1,2025-12-10 02:05:00,4203.93,76.82,TRADE
VIC1,2025-12-10 02:10:00,4291.0,80.0,TRADE
VIC1,2025-12-10 02:15:00,4265.03,80.0,TRADE
VIC1,2025-12-10 02:20:00,4255.17,69.24,TRADE
VIC1,2025-12-10 02:25:00,4260.1,79.7,TRADE
VIC1,2025-12-10 02:30:00,4261.53,83.4,TRADE
VIC1,2025-12-10 02:35:00,4227.73,80.0,TRADE
VIC1,2025-12-10 02:40:00,4253.94,84.44,TRADE
VIC1,2025-12-10 02:45:00,4187.72,72.83,TRADE
VIC1,2025-12-10 02:50:00,4270.38,80.0,TRADE
VIC1,2025-12-10 02:55:00,4216.65,80.0,TRADE
VIC1,2025-12-10 03:00:00,4252.71,80.0,TRADE
VIC1,2025-12-10 03:05:00,4209.87,69.7,TRADE
VIC1,2025-12-10 03:10:00,4227.05,70.05,TRADE
VIC1,2025-12-10 03:15:00,4282.09,80.0,TRADE
VIC1,2025-12-10 03:20:00,4273.0,80.0,TRADE
VIC1,2025-12-10 03:25:00,4214.39,80.0,TRADE
VIC1,2025-12-10 03:30:00,4209.98,79.7,TRADE
VIC1,2025-12-10 03:35:00,4267.84,80.0,TRADE
VIC1,2025-12-10 03:40:00,4261.81,80.0,TRADE
VIC1,2025-12-10 03:45:00,4278.55,80.0,TRADE
VIC1,2025-12-10 03:50:00,4305.18,75.32,TRADE
VIC1,2025-12-10 03:55:00,4321.28,65.53,TRADE
VIC1,2025-12-10 04:00:00,4329.26,78.83,TRADE
VIC1,2025-12-10 04:05:00,4376.22,63.11,TRADE
VIC1,2025-12-10 04:10:00,4358.16,65.72,TRADE
VIC1,2025-12-10 04:15:00,4396.85,67.03,TRADE
VIC1,2025-12-10 04:20:00,4508.76,80.0,TRADE
VIC1,2025-12-10 04:25:00,4490.36,80.0,TRADE
VIC1,2025-12-10 04:30:00,4433.39,80.0,TRADE
VIC1,2025-12-10 04:35:00,4539.98,93.41,TRADE
VIC1,2025-12-10 04:40:00,4556.69,90.6,TRADE
VIC1,2025-12-10 04:45:00,4559.83,91.32,TRADE
VIC1,2025-12-10 04:50:00,4568.67,80.0,TRADE
VIC1,2025-12-10 04:55:00,4496.88,80.0,TRADE
VIC1,2025-12-10 05:00:00,4551.52,89.18,TRADE
VIC1,2025-12-10 05:05:00,4661.75,91.46,TRADE
VIC1,2025-12-10 05:10:00,4715.92,105.85,TRADE
VIC1,2025-12-10 05:15:00,4756.92,106.68,TRADE
VIC1,2025-12-10 05:20:00,4789.55,82.48,TRADE
VIC1,2025-12-10 05:25:00,4857.09,118.69,TRADE
VIC1,2025-12-10 05:30:00,4871.84,80.0,TRADE
VIC1,2025-12-10 05:35:00,4838.54,86.49,TRADE
VIC1,2025-12-10 05:40:00,4875.57,80.0,TRADE
VIC1,2025-12-10 05:45:00,4903.49,92.39,TRADE
VIC1,2025-12-10 05:50:00,4924.45,120.0,TRADE
VIC1,2025-12-10 05:55:00,4961.17,106.6,TRADE
VIC1,2025-12-10 06:00:00,4896.7,105.06,TRADE
VIC1,2025-12-10 06:05:00,4883.15,80.0,TRADE
VIC1,2025-12-10 06:10:00,4983.17,80.0,TRADE
VIC1,2025-12-10 06:15:00,4989.87,80.0,TRADE
VIC1,2025-12-10 06:20:00,4911.7,86.13,TRADE
VIC1,2025-12-10 06:25:00,5017.74,81.88,TRADE
VIC1,2025-12-10 06:30:00,4957.55,80.0,TRADE
VIC1,2025-12-10 06:35:00,4887.52,80.0,TRADE
VIC1,2025-12-10 06:40:00,4976.78,111.37,TRADE
VIC1,2025-12-10 06:45:00,4985.36,80.0,TRADE
VIC1,2025-12-10 06:50:00,4955.04,80.0,TRADE
VIC1,2025-12-10 06:55:00,4876.87,118.69,TRADE
VIC1,2025-12-10 07:00:00,4871.98,118.69,TRADE
VIC1,2025-12-10 07:05:00,4949.47,92.16,TRADE
VIC1,2025-12-10 07:10:00,4842.06,59.16,TRADE
VIC1,2025-12-10 07:15:00,4810.96,59.69,TRADE
VIC1,2025-12-10 07:20:00,4852.59,85.16,TRADE
VIC1,2025-12-10 07:25:00,4905.22,75.31,TRADE
VIC1,2025-12-10 07:30:00,4827.84,54.78,TRADE
VIC1,2025-12-10 07:35:00,4796.22,95.18,TRADE
VIC1,2025-12-10 07:40:00,4691.83,69.39,TRADE
VIC1,2025-12-10 07:45:00,4660.8,118.69,TRADE
VIC1,2025-12-10 07:50:00,4701.93,118.69,TRADE
VIC1,2025-12-10 07:55:00,4728.31,137.69,TRADE
VIC1,2025-12-10 08:00:00,4693.42,133.69,TRADE
VIC1,2025-12-10 08:05:00,4772.84,146.7,TRADE
VIC1,2025-12-10 08:10:00,4804.38,140.95,TRADE
VIC1,2025-12-10 08:15:00,4875.41,156.86,TRADE
VIC1,2025-12-10 08:20:00,4769.59,155.43,TRADE
VIC1,2025-12-10 08:25:00,4837.81,149.49,TRADE
VIC1,2025-12-10 08:30:00,4856.18,153.61,TRADE
VIC1,2025-12-10 08:35:00,4785.66,153.64,TRADE
VIC1,2025-12-10 08:40:00,4705.97,148.23,TRADE
VIC1,2025-12-10 08:45:00,4504.34,90.0,TRADE
VIC1,2025-12-10 08:50:00,4417.68,50.06,TRADE
VIC1,2025-12-10 08:55:00,4376.26,18.85,TRADE
VIC1,2025-12-10 09:00:00,4282.61,22.32,TRADE
VIC1,2025-12-10 09:05:00,4353.75,101.08,TRADE
VIC1,2025-12-10 09:10:00,4323.11,101.7,TRADE
VIC1,2025-12-10 09:15:00,4278.18,72.85,TRADE
VIC1,2025-12-10 09:20:00,4355.62,61.58,TRADE
VIC1,2025-12-10 09:25:00,4409.27,72.85,TRADE
VIC1,2025-12-10 09:30:00,4493.5,61.41,TRADE
VIC1,2025-12-10 09:35:00,4554.17,151.92,TRADE
VIC1,2025-12-10 09:40:00,4507.37,50.71,TRADE
VIC1,2025-12-10 09:45:00,4520.66,90.0,TRADE
VIC1,2025-12-10 09:50:00,4391.55,38.69,TRADE
VIC1,2025-12-10 09:55:00,4507.19,22.32,TRADE
VIC1,2025-12-10 10:00:00,4395.41,50.21,TRADE
VIC1,2025-12-10 10:05:00,4272.08,38.69,TRADE
VIC1,2025-12-10 10:10:00,4342.36,39.39,TRADE
VIC1,2025-12-10 10:15:00,4337.19,39.65,TRADE
VIC1,2025-12-10 10:20:00,4289.21,62.88,TRADE
VIC1,2025-12-10 10:25:00,4246.33,39.65,TRADE
VIC1,2025-12-10 10:30:00,4292.33,39.8,TRADE
VIC1,2025-12-10 10:35:00,4376.06,39.65,TRADE
VIC1,2025-12-10 10:40:00,4380.14,39.65,TRADE
VIC1,2025-12-10 10:45:00,4293.38,38.69,TRADE
VIC1,2025-12-10 10:50:00,4204.05,38.69,TRADE
VIC1,2025-12-10 10:55:00,4125.97,34.91,TRADE
VIC1,2025-12-10 11:00:00,4075.13,38.69,TRADE
VIC1,2025-12-10 11:05:00,3957.96,34.91,TRADE
VIC1,2025-12-10 11:10:00,3855.95,34.8,TRADE
VIC1,2025-12-10 11:15:00,3925.0,34.8,TRADE
VIC1,2025-12-10 11:20:00,3915.38,38.69,TRADE
VIC1,2025-12-10 11:25:00,3918.7,34.91,TRADE
VIC1,2025-12-10 11:30:00,3896.87,38.69,TRADE
VIC1,2025-12-10 11:35:00,3860.77,34.91,TRADE
VIC1,2025-12-10 11:40:00,3903.03,38.69,TRADE
VIC1,2025-12-10 11:45:00,3900.61,38.69,TRADE
VIC1,2025-12-10 11:50:00,3872.8,38.69,TRADE
VIC1,2025-12-10 11:55:00,3893.25,38.69,TRADE
VIC1,2025-12-10 12:00:00,3773.17,38.69,TRADE
VIC1,2025-12-10 12:05:00,3685.81,35.24,TRADE
VIC1,2025-12-10 12:10:00,3650.34,34.91,TRADE
VIC1,2025-12-10 12:15:00,3546.42,37.7,TRADE
VIC1,2025-12-10 12:20:00,3515.82,35.12,TRADE
VIC1,2025-12-10 12:25:00,3492.65,34.91,TRADE
VIC1,2025-12-10 12:30:00,3380.19,37.06,TRADE
VIC1,2025-12-10 12:35:00,3361.34,22.32,TRADE
VIC1,2025-12-10 12:40:00,3347.63,15.6,TRADE
VIC1,2025-12-10 12:45:00,3472.14,22.11,TRADE
VIC1,2025-12-10 12:50:00,3495.59,29.28,TRADE
VIC1,2025-12-10 12:55:00,3505.92,29.51,TRADE
VIC1,2025-12-10 13:00:00,3625.81,38.69,TRADE
VIC1,2025-12-10 13:05:00,3742.66,34.8,TRADE
VIC1,2025-12-10 13:10:00,3849.41,34.8,TRADE
VIC1,2025-12-10 13:15:00,3842.75,38.69,TRADE
VIC1,2025-12-10 13:20:00,3900.98,34.8,TRADE
VIC1,2025-12-10 13:25:00,3984.76,38.58,TRADE
VIC1,2025-12-10 13:30:00,4008.31,37.39,TRADE
VIC1,2025-12-10 13:35:00,3954.11,22.32,TRADE
VIC1,2025-12-10 13:40:00,3977.71,39.18,TRADE
VIC1,2025-12-10 13:45:00,3966.69,34.91,TRADE
VIC1,2025-12-10 13:50:00,4013.25,36.71,TRADE
VIC1,2025-12-10 13:55:00,3890.0,12.71,TRADE
VIC1,2025-12-10 14:00:00,3867.05,19.27,TRADE
VIC1,2025-12-10 14:05:00,3898.15,28.32,TRADE
VIC1,2025-12-10 14:10:00,3866.5,10.63,TRADE
VIC1,2025-12-10 14:15:00,3813.44,10.39,TRADE
VIC1,2025-12-10 14:20:00,3842.78,35.23,TRADE
VIC1,2025-12-10 14:25:00,3849.26,26.03,TRADE
VIC1,2025-12-10 14:30:00,3766.68,25.53,TRADE
VIC1,2025-12-10 14:35:00,3685.4,22.7,TRADE
VIC1,2025-12-10 14:40:00,3709.42,27.07,TRADE
VIC1,2025-12-10 14:45:00,3853.77,47.32,TRADE
VIC1,2025-12-10 14:50:00,3872.54,43.23,TRADE
VIC1,2025-12-10 14:55:00,3928.56,50.53,TRADE
VIC1,2025-12-10 15:00:00,3936.1,40.86,TRADE
VIC1,2025-12-10 15:05:00,3947.63,30.51,TRADE
VIC1,2025-12-10 15:10:00,3958.67,29.32,TRADE
VIC1,2025-12-10 15:15:00,3854.29,12.71,TRADE
VIC1,2025-12-10 15:20:00,3888.44,22.32,TRADE
VIC1,2025-12-10 15:25:00,3972.59,36.79,TRADE
VIC1,2025-12-10 15:30:00,3951.02,50.17,TRADE
VIC1,2025-12-10 15:35:00,3866.98,46.4,TRADE
VIC1,2025-12-10 15:40:00,3946.79,32.94,TRADE
VIC1,2025-12-10 15:45:00,3971.11,75.75,TRADE
VIC1,2025-12-10 15:50:00,3995.38,68.47,TRADE
VIC1,2025-12-10 15:55:00,4020.64,81.75,TRADE
VIC1,2025-12-10 16:00:00,4063.84,50.53,TRADE
VIC1,2025-12-10 16:05:00,4123.79,35.4,TRADE
VIC1,2025-12-10 16:10:00,4155.42,12.71,TRADE
VIC1,2025-12-10 16:15:00,4225.49,22.49,TRADE
VIC1,2025-12-10 16:20:00,4303.68,29.51,TRADE
VIC1,2025-12-10 16:25:00,4370.15,29.87,TRADE
VIC1,2025-12-10 16:30:00,4420.79,20.04,TRADE
VIC1,2025-12-10 16:35:00,4457.73,22.32,TRADE
VIC1,2025-12-10 16:40:00,4508.43,22.32,TRADE
VIC1,2025-12-10 16:45:00,4650.29,24.73,TRADE
VIC1,2025-12-10 16:50:00,4749.97,30.04,TRADE
VIC1,2025-12-10 16:55:00,4713.02,8.95,TRADE
VIC1,2025-12-10 17:00:00,4803.64,12.71,TRADE
VIC1,2025-12-10 17:05:00,4846.14,14.7,TRADE
VIC1,2025-12-10 17:10:00,4819.98,46.09,TRADE
VIC1,2025-12-10 17:15:00,4780.1,12.81,TRADE
VIC1,2025-12-10 17:20:00,4749.65,35.94,TRADE
VIC1,2025-12-10 17:25:00,4745.31,31.69,TRADE
VIC1,2025-12-10 17:30:00,4841.62,35.94,TRADE
VIC1,2025-12-10 17:35:00,4916.87,35.94,TRADE
VIC1,2025-12-10 17:40:00,4868.24,47.72,TRADE
VIC1,2025-12-10 17:45:00,5027.67,85.98,TRADE
VIC1,2025-12-10 17:50:00,5022.06,35.94,TRADE
VIC1,2025-12-10 17:55:00,5075.75,13.41,TRADE
VIC1,2025-12-10 18:00:00,4998.31,13.04,TRADE
VIC1,2025-12-10 18:05:00,5008.34,0.0,TRADE
VIC1,2025-12-10 18:10:00,4989.04,12.71,TRADE
VIC1,2025-12-10 18:15:00,5049.45,8.95,TRADE
VIC1,2025-12-10 18:20:00,5088.72,0.0,TRADE
VIC1,2025-12-10 18:25:00,5135.84,8.95,TRADE
VIC1,2025-12-10 18:30:00,5133.67,12.61,TRADE
VIC1,2025-12-10 18:35:00,5164.63,0.01,TRADE
VIC1,2025-12-10 18:40:00,5150.89,0.01,TRADE
VIC1,2025-12-10 18:45:00,5204.21,0.53,TRADE
VIC1,2025-12-10 18:50:00,5122.5,0.01,TRADE
VIC1,2025-12-10 18:55:00,5110.96,8.95,TRADE
VIC1,2025-12-10 19:00:00,5168.6,12.71,TRADE
VIC1,2025-12-10 19:05:00,5177.65,12.71,TRADE
VIC1,2025-12-10 19:10:00,5147.91,12.71,TRADE
VIC1,2025-12-10 19:15:00,5278.88,13.36,TRADE
VIC1,2025-12-10 19:20:00,5306.87,13.16,TRADE
VIC1,2025-12-10 19:25:00,5300.99,13.43,TRADE
VIC1,2025-12-10 19:30:00,5256.15,12.5,TRADE
VIC1,2025-12-10 19:35:00,5267.39,13.27,TRADE
VIC1,2025-12-10 19:40:00,5371.35,19.18,TRADE
VIC1,2025-12-10 19:45:00,5407.55,34.57,TRADE
VIC1,2025-12-10 19:50:00,5320.8,46.69,TRADE
VIC1,2025-12-10 19:55:00,5424.51,43.51,TRADE
VIC1,2025-12-10 20:00:00,5406.88,13.27,TRADE
VIC1,2025-12-10 20:05:00,5287.49,46.69,TRADE
VIC1,2025-12-10 20:10:00,5351.63,47.69,TRADE
VIC1,2025-12-10 20:15:00,5341.82,37.05,TRADE
VIC1,2025-12-10 20:20:00,5208.34,18.86,TRADE
VIC1,2025-12-10 20:25:00,5180.61,19.18,TRADE
VIC1,2025-12-10 20:30:00,5147.77,46.69,TRADE
VIC1,2025-12-10 20:35:00,5137.97,22.19,TRADE
VIC1,2025-12-10 20:40:00,5184.12,59.44,TRADE
VIC1,2025-12-10 20:45:00,5139.74,46.69,TRADE
VIC1,2025-12-10 20:50:00,5127.23,33.55,TRADE
VIC1,2025-12-10 20:55:00,5077.4,34.85,TRADE
VIC1,2025-12-10 21:00:00,5095.7,46.69,TRADE
VIC1,2025-12-10 21:05:00,5059.7,45.69,TRADE
VIC1,2025-12-10 21:10:00,4938.15,8.95,TRADE
VIC1,2025-12-10 21:15:00,4890.63,46.69,TRADE
VIC1,2025-12-10 21:20:00,4955.21,59.44,TRADE
VIC1,2025-12-10 21:25:00,4915.11,27.67,TRADE
VIC1,2025-12-10 21:30:00,4883.34,12.71,TRADE
VIC1,2025-12-10 21:35:00,4865.75,12.71,TRADE
VIC1,2025-12-10 21:40:00,4854.44,12.71,TRADE
VIC1,2025-12-10 21:45:00,4797.83,12.71,TRADE
VIC1,2025-12-10 21:50:00,4699.07,12.71,TRADE
VIC1,2025-12-10 21:55:00,4655.06,12.71,TRADE
VIC1,2025-12-10 22:00:00,4632.24,12.71,TRADE
VIC1,2025-12-10 22:05:00,4613.42,13.01,TRADE
VIC1,2025-12-10 22:10:00,4654.26,12.71,TRADE
VIC1,2025-12-10 22:15:00,4613.2,12.71,TRADE
VIC1,2025-12-10 22:20:00,4663.6,41.03,TRADE
VIC1,2025-12-10 22:25:00,4626.85,12.71,TRADE
VIC1,2025-12-10 22:30:00,4646.5,12.71,TRADE
VIC1,2025-12-10 22:35:00,4594.81,12.71,TRADE
VIC1,2025-12-10 22:40:00,4526.01,8.95,TRADE
VIC1,2025-12-10 22:45:00,4516.26,8.94,TRADE
VIC1,2025-12-10 22:50:00,4486.69,8.95,TRADE
VIC1,2025-12-10 22:55:00,4439.57,8.95,TRADE
VIC1,2025-12-10 23:00:00,4445.45,8.95,TRADE
VIC1,2025-12-10 23:05:00,4465.78,12.71,TRADE
VIC1,2025-12-10 23:10:00,4617.05,13.05,TRADE
VIC1,2025-12-10 23:15:00,4674.03,15.29,TRADE
VIC1,2025-12-10 23:20:00,4652.46,12.71,TRADE
VIC1,2025-12-10 23:25:00,4680.08,54.15,TRADE
VIC1,2025-12-10 23:30:00,4669.19,59.44,TRADE
VIC1,2025-12-10 23:35:00,4662.34,47.59,TRADE
VIC1,2025-12-10 23:40:00,4636.24,59.02,TRADE
VIC1,2025-12-10 23:45:00,4560.89,59.44,TRADE
VIC1,2025-12-10 23:50:00,4544.8,12.71,TRADE
VIC1,2025-12-10 23:55:00,4542.3,59.44,TRADE
VIC1,2025-12-11 00:00:00,4484.17,19.53,TRADE
VIC1,2025-12-11 00:05:00,4485.12,22.32,TRADE
VIC1,2025-12-11 00:10:00,4486.01,34.8,TRADE
VIC1,2025-12-11 00:15:00,4503.64,50.97,TRADE
VIC1,2025-12-11 00:20:00,4450.76,59.44,TRADE
VIC1,2025-12-11 00:25:00,4387.11,48.98,TRADE
VIC1,2025-12-11 00:30:00,4452.14,57.38,TRADE
VIC1,2025-12-11 00:35:00,4381.54,52.1,TRADE
VIC1,2025-12-11 00:40:00,4418.24,50.92,TRADE
VIC1,2025-12-11 00:45:00,4392.61,65.53,TRADE
VIC1,2025-12-11 00:50:00,4386.41,59.44,TRADE
VIC1,2025-12-11 00:55:00,4314.33,22.32,TRADE
VIC1,2025-12-11 01:00:00,4296.02,22.32,TRADE
VIC1,2025-12-11 01:05:00,4302.16,22.32,TRADE
VIC1,2025-12-11 01:10:00,4316.96,36.43,TRADE
VIC1,2025-12-11 01:15:00,4295.49,12.71,TRADE
VIC1,2025-12-11 01:20:00,4275.08,12.71,TRADE
VIC1,2025-12-11 01:25:00,4241.75,12.71,TRADE
VIC1,2025-12-11 01:30:00,4241.23,13.04,TRADE
VIC1,2025-12-11 01:35:00,4197.45,8.95,TRADE
VIC1,2025-12-11 01:40:00,4205.54,8.95,TRADE
VIC1,2025-12-11 01:45:00,4157.9,8.94,TRADE
VIC1,2025-12-11 01:50:00,4144.28,8.95,TRADE
VIC1,2025-12-11 01:55:00,4173.89,8.95,TRADE
VIC1,2025-12-11 02:00:00,4193.65,8.95,TRADE
VIC1,2025-12-11 02:05:00,4161.91,8.95,TRADE
VIC1,2025-12-11 02:10:00,4170.07,8.95,TRADE
VIC1,2025-12-11 02:15:00,4123.31,8.94,TRADE
VIC1,2025-12-11 02:20:00,4137.94,8.95,TRADE
VIC1,2025-12-11 02:25:00,4104.33,8.95,TRADE
VIC1,2025-12-11 02:30:00,4047.17,8.95,TRADE
VIC1,2025-12-11 02:35:00,4019.96,8.95,TRADE
VIC1,2025-12-11 02:40:00,4010.54,12.71,TRADE
VIC1,2025-12-11 02:45:00,4104.58,8.95,TRADE
VIC1,2025-12-11 02:50:00,4111.86,8.95,TRADE
VIC1,2025-12-11 02:55:00,4090.26,8.95,TRADE
VIC1,2025-12-11 03:00:00,4086.21,8.95,TRADE
VIC1,2025-12-11 03:05:00,4087.4,8.94,TRADE
VIC1,2025-12-11 03:10:00,4091.54,0.01,TRADE
VIC1,2025-12-11 03:15:00,4103.4,8.94,TRADE
VIC1,2025-12-11 03:20:00,4028.47,5.58,TRADE
VIC1,2025-12-11 03:25:00,4008.26,8.94,TRADE
VIC1,2025-12-11 03:30:00,4024.74,8.95,TRADE
VIC1,2025-12-11 03:35:00,4098.23,9.17,TRADE
VIC1,2025-12-11 03:40:00,4093.96,8.95,TRADE
VIC1,2025-12-11 03:45:00,4127.46,8.95,TRADE
VIC1,2025-12-11 03:50:00,4140.86,8.95,TRADE
VIC1,2025-12-11 03:55:00,4164.1,8.95,TRADE
VIC1,2025-12-11 04:00:00,4178.07,8.95,TRADE
VIC1,2025-12-11 04:05:00,4125.8,8.95,TRADE
VIC1,2025-12-11 04:10:00,4159.62,8.95,TRADE
VIC1,2025-12-11 04:15:00,4271.26,8.95,TRADE
VIC1,2025-12-11 04:20:00,4273.3,8.95,TRADE
VIC1,2025-12-11 04:25:00,4290.33,8.95,TRADE
VIC1,2025-12-11 04:30:00,4338.09,8.95,TRADE
VIC1,2025-12-11 04:35:00,4322.72,8.95,TRADE
VIC1,2025-12-11 04:40:00,4388.28,12.71,TRADE
VIC1,2025-12-11 04:45:00,4337.92,8.94,TRADE
VIC1,2025-12-11 04:50:00,4315.83,8.95,TRADE
VIC1,2025-12-11 04:55:00,4414.57,8.95,TRADE
VIC1,2025-12-11 05:00:00,4377.85,8.95,TRADE
VIC1,2025-12-11 05:05:00,4468.66,8.95,TRADE
VIC1,2025-12-11 05:10:00,4538.95,8.95,TRADE
VIC1,2025-12-11 05:15:00,4668.36,23.63,TRADE
VIC1,2025-12-11 05:20:00,4679.7,12.71,TRADE
VIC1,2025-12-11 05:25:00,4739.92,12.71,TRADE
VIC1,2025-12-11 05:30:00,4769.07,12.71,TRADE
VIC1,2025-12-11 05:35:00,4793.17,8.95,TRADE
VIC1,2025-12-11 05:40:00,4742.94,8.94,TRADE
VIC1,2025-12-11 05:45:00,4764.64,8.95,TRADE
VIC1,2025-12-11 05:50:00,4768.33,8.95,TRADE
VIC1,2025-12-11 05:55:00,4827.92,8.95,TRADE
VIC1,2025-12-11 06:00:00,4884.08,8.95,TRADE
VIC1,2025-12-11 06:05:00,4862.12,8.94,TRADE
VIC1,2025-12-11 06:10:00,4957.05,8.94,TRADE
VIC1,2025-12-11 06:15:00,4977.43,8.63,TRADE
VIC1,2025-12-11 06:20:00,4988.46,8.95,TRADE
VIC1,2025-12-11 06:25:00,4994.91,12.71,TRADE
VIC1,2025-12-11 06:30:00,4900.1,8.95,TRADE
VIC1,2025-12-11 06:35:00,4853.83,8.95,TRADE
VIC1,2025-12-11 06:40:00,4899.76,8.95,TRADE
VIC1,2025-12-11 06:45:00,4831.27,8.95,TRADE
VIC1,2025-12-11 06:50:00,4777.23,0.0,TRADE
VIC1,2025-12-11 06:55:00,4780.33,0.01,TRADE
VIC1,2025-12-11 07:00:00,4693.04,8.95,TRADE
VIC1,2025-12-11 07:05:00,4670.17,-0.98,TRADE
VIC1,2025-12-11 07:10:00,4464.9,8.95,TRADE
VIC1,2025-12-11 07:15:00,4407.42,8.54,TRADE
VIC1,2025-12-11 07:20:00,4427.11,-3.7,TRADE
VIC1,2025-12-11 07:25:00,4378.5,-3.7,TRADE
VIC1,2025-12-11 07:30:00,4377.41,8.95,TRADE
VIC1,2025-12-11 07:35:00,4245.2,-3.7,TRADE
VIC1,2025-12-11 07:40:00,4205.03,-3.7,TRADE
VIC1,2025-12-11 07:45:00,4130.97,-3.7,TRADE
VIC1,2025-12-11 07:50:00,4012.23,-3.7,TRADE
VIC1,2025-12-11 07:55:00,3953.62,-7.36,TRADE
VIC1,2025-12-11 08:00:00,3914.97,-9.65,TRADE
VIC1,2025-12-11 08:05:00,3963.02,-9.65,TRADE
VIC1,2025-12-11 08:10:00,3921.41,-7.99,TRADE
VIC1,2025-12-11 08:15:00,3772.31,-12.44,TRADE
VIC1,2025-12-11 08:20:00,3780.99,-7.36,TRADE
VIC1,2025-12-11 08:25:00,3784.05,-9.65,TRADE
VIC1,2025-12-11 08:30:00,3747.9,-9.65,TRADE
VIC1,2025-12-11 08:35:00,3618.89,-14.04,TRADE
VIC1,2025-12-11 08:40:00,3677.26,-7.25,TRADE
VIC1,2025-12-11 08:45:00,3484.64,-16.54,TRADE
VIC1,2025-12-11 08:50:00,3414.88,-14.04,TRADE
VIC1,2025-12-11 08:55:00,3323.89,-19.26,TRADE
VIC1,2025-12-11 09:00:00,3228.51,-19.99,TRADE
VIC1,2025-12-11 09:05:00,3206.17,-12.51,TRADE
VIC1,2025-12-11 09:10:00,3195.12,-19.43,TRADE
VIC1,2025-12-11 09:15:00,3052.2,-19.2,TRADE
VIC1,2025-12-11 09:20:00,3011.86,-20.3,TRADE
VIC1,2025-12-11 09:25:00,3036.2,-12.51,TRADE
VIC1,2025-12-11 09:30:00,2986.77,-20.3,TRADE
VIC1,2025-12-11 09:35:00,2924.43,-19.22,TRADE
VIC1,2025-12-11 09:40:00,2866.19,-19.99,TRADE
VIC1,2025-12-11 09:45:00,2893.93,-20.74,TRADE
VIC1,2025-12-11 09:50:00,2901.17,-15.76,TRADE
VIC1,2025-12-11 09:55:00,2757.87,-25.66,TRADE
VIC1,2025-12-11 10:00:00,2702.34,-19.11,TRADE
VIC1,2025-12-11 10:05:00,2747.97,-19.26,TRADE
VIC1,2025-12-11 10:10:00,2761.82,-19.26,TRADE
VIC1,2025-12-11 10:15:00,2775.88,-12.51,TRADE
VIC1,2025-12-11 10:20:00,2701.68,-19.18,TRADE
VIC1,2025-12-11 10:25:00,2638.76,-19.51,TRADE
VIC1,2025-12-11 10:30:00,2691.24,-16.54,TRADE
VIC1,2025-12-11 10:35:00,2650.27,-20.3,TRADE
VIC1,2025-12-11 10:40:00,2554.27,-20.99,TRADE
VIC1,2025-12-11 10:45:00,2632.96,-20.3,TRADE
VIC1,2025-12-11 10:50:00,2598.47,-18.71,TRADE
VIC1,2025-12-11 10:55:00,2520.73,-20.37,TRADE
VIC1,2025-12-11 11:00:00,2480.64,-20.83,TRADE
VIC1,2025-12-11 11:05:00,2530.58,-19.99,TRADE
VIC1,2025-12-11 11:10:00,2484.65,-20.06,TRADE
VIC1,2025-12-11 11:15:00,2499.69,-19.6,TRADE
VIC1,2025-12-11 11:20:00,2496.5,-19.99,TRADE
VIC1,2025-12-11 11:25:00,2488.49,-18.9,TRADE
VIC1,2025-12-11 11:30:00,2483.21,-19.74,TRADE
VIC1,2025-12-11 11:35:00,2454.16,-31.64,TRADE
VIC1,2025-12-11 11:40:00,2438.76,-20.3,TRADE
VIC1,2025-12-11 11:45:00,2441.99,-20.37,TRADE
VIC1,2025-12-11 11:50:00,2333.32,-43.16,TRADE
VIC1,2025-12-11 11:55:00,2333.5,-20.99,TRADE
VIC1,2025-12-11 12:00:00,2377.78,-20.37,TRADE
VIC1,2025-12-11 12:05:00,2334.83,-39.48,TRADE
VIC1,2025-12-11 12:10:00,2372.08,-36.1,TRADE
VIC1,2025-12-11 12:15:00,2386.01,-43.74,TRADE
VIC1,2025-12-11 12:20:00,2404.39,-33.58,TRADE
VIC1,2025-12-11 12:25:00,2402.65,-43.5,TRADE
VIC1,2025-12-11 12:30:00,2390.21,-20.99,TRADE
VIC1,2025-12-11 12:35:00,2418.16,-19.99,TRADE
VIC1,2025-12-11 12:40:00,2431.56,-20.99,TRADE
VIC1,2025-12-11 12:45:00,2376.72,-20.37,TRADE
VIC1,2025-12-11 12:50:00,2461.71,-36.1,TRADE
VIC1,2025-12-11 12:55:00,2382.45,-44.42,TRADE
VIC1,2025-12-11 13:00:00,2370.6,-39.58,TRADE
VIC1,2025-12-11 13:05:00,2401.43,-16.54,TRADE
VIC1,2025-12-11 13:10:00,2452.17,-9.65,TRADE
VIC1,2025-12-11 13:15:00,2436.1,-36.1,TRADE
VIC1,2025-12-11 13:20:00,2409.28,-20.99,TRADE
VIC1,2025-12-11 13:25:00,2497.67,-36.1,TRADE
VIC1,2025-12-11 13:30:00,2491.83,-20.99,TRADE
VIC1,2025-12-11 13:35:00,2429.87,-43.2,TRADE
VIC1,2025-12-11 13:40:00,2482.49,-20.99,TRADE
VIC1,2025-12-11 13:45:00,2459.21,-19.99,TRADE
VIC1,2025-12-11 13:50:00,2571.25,-16.54,TRADE
VIC1,2025-12-11 13:55:00,2648.61,-19.99,TRADE
VIC1,2025-12-11 14:00:00,2610.53,-18.4,TRADE
VIC1,2025-12-11 14:05:00,2652.33,-40.23,TRADE
VIC1,2025-12-11 14:10:00,2704.19,-20.14,TRADE
VIC1,2025-12-11 14:15:00,2698.27,-20.37,TRADE
VIC1,2025-12-11 14:20:00,2614.44,-41.47,TRADE
VIC1,2025-12-11 14:25:00,2679.11,-24.71,TRADE
VIC1,2025-12-11 14:30:00,2684.0,-50.01,TRADE
VIC1,2025-12-11 14:35:00,2705.32,-19.05,TRADE
VIC1,2025-12-11 14:40:00,2783.42,-17.12,TRADE
VIC1,2025-12-11 14:45:00,2793.1,-19.63,TRADE
VIC1,2025-12-11 14:50:00,2851.54,-19.99,TRADE
VIC1,2025-12-11 14:55:00,2865.3,-19.15,TRADE
VIC1,2025-12-11 15:00:00,2882.42,-50.01,TRADE
VIC1,2025-12-11 15:05:00,2988.03,-19.99,TRADE
VIC1,2025-12-11 15:10:00,3013.02,-20.37,TRADE
VIC1,2025-12-11 15:15:00,3048.74,-59.46,TRADE
VIC1,2025-12-11 15:20:00,3054.99,-50.01,TRADE
VIC1,2025-12-11 15:25:00,3069.05,-20.59,TRADE
VIC1,2025-12-11 15:30:00,3056.29,-19.99,TRADE
VIC1,2025-12-11 15:35:00,3179.2,-16.54,TRADE
VIC1,2025-12-11 15:40:00,3193.72,-19.82,TRADE
VIC1,2025-12-11 15:45:00,3234.68,-19.99,TRADE
VIC1,2025-12-11 15:50:00,3288.76,-19.99,TRADE
VIC1,2025-12-11 15:55:00,3468.23,-11.99,TRADE
VIC1,2025-12-11 16:00:00,3530.95,-11.99,TRADE
VIC1,2025-12-11 16:05:00,3595.86,-9.65,TRADE
VIC1,2025-12-11 16:10:00,3624.05,-11.99,TRADE
VIC1,2025-12-11 16:15:00,3715.99,-8.72,TRADE
VIC1,2025-12-11 16:20:00,3736.61,-13.85,TRADE
VIC1,2025-12-11 16:25:00,3839.09,-16.54,TRADE
VIC1,2025-12-11 16:30:00,3912.63,-11.0,TRADE
VIC1,2025-12-11 16:35:00,4000.32,-19.99,TRADE
VIC1,2025-12-11 16:40:00,4092.82,-10.73,TRADE
VIC1,2025-12-11 16:45:00,4197.09,-9.65,TRADE
VIC1,2025-12-11 16:50:00,4327.49,-3.7,TRADE
VIC1,2025-12-11 16:55:00,4284.84,-19.99,TRADE
VIC1,2025-12-11 17:00:00,4463.45,-11.0,TRADE
VIC1,2025-12-11 17:05:00,4428.23,-13.51,TRADE
VIC1,2025-12-11 17:10:00,4464.25,-9.65,TRADE
VIC1,2025-12-11 17:15:00,4632.14,-7.54,TRADE
VIC1,2025-12-11 17:20:00,4682.28,-11.0,TRADE
VIC1,2025-12-11 17:25:00,4759.19,-7.74,TRADE
VIC1,2025-12-11 17:30:00,4779.85,-7.2,TRADE
VIC1,2025-12-11 17:35:00,4860.53,-6.12,TRADE
VIC1,2025-12-11 17:40:00,4916.43,-3.7,TRADE
VIC1,2025-12-11 17:45:00,4868.77,-3.7,TRADE
VIC1,2025-12-11 17:50:00,4957.64,0.0,TRADE
VIC1,2025-12-11 17:55:00,5083.86,14.75,TRADE
VIC1,2025-12-11 18:00:00,5057.79,59.44,TRADE
VIC1,2025-12-11 18:05:00,5158.06,59.44,TRADE
VIC1,2025-12-11 18:10:00,5105.07,59.44,TRADE
VIC1,2025-12-11 18:15:00,5212.99,88.89,TRADE
VIC1,2025-12-11 18:20:00,5219.29,73.67,TRADE
VIC1,2025-12-11 18:25:00,5289.19,80.15,TRADE
VIC1,2025-12-11 18:30:00,5256.96,104.68,TRADE
VIC1,2025-12-11 18:35:00,5212.57,73.79,TRADE
VIC1,2025-12-11 18:40:00,5265.93,75.75,TRADE
VIC1,2025-12-11 18:45:00,5383.19,80.0,TRADE
VIC1,2025-12-11 18:50:00,5392.55,93.85,TRADE
VIC1,2025-12-11 18:55:00,5357.98,80.0,TRADE
VIC1,2025-12-11 19:00:00,5376.86,80.0,TRADE
VIC1,2025-12-11 19:05:00,5413.91,89.33,TRADE
VIC1,2025-12-11 19:10:00,5320.47,85.23,TRADE
VIC1,2025-12-11 19:15:00,5374.36,92.13,TRADE
VIC1,2025-12-11 19:20:00,5369.73,81.9,TRADE
VIC1,2025-12-11 19:25:00,5428.04,80.0,TRADE
VIC1,2025-12-11 19:30:00,5481.06,80.0,TRADE
VIC1,2025-12-11 19:35:00,5490.86,80.0,TRADE
VIC1,2025-12-11 19:40:00,5394.6,80.0,TRADE
VIC1,2025-12-11 19:45:00,5465.04,89.27,TRADE
VIC1,2025-12-11 19:50:00,5450.19,88.15,TRADE
VIC1,2025-12-11 19:55:00,5377.81,80.0,TRADE
VIC1,2025-12-11 20:00:00,5405.02,89.14,TRADE
VIC1,2025-12-11 20:05:00,5332.8,85.38,TRADE
VIC1,2025-12-11 20:10:00,5307.61,89.48,TRADE
VIC1,2025-12-11 20:15:00,5288.7,117.76,TRADE
VIC1,2025-12-11 20:20:00,5254.69,118.87,TRADE
VIC1,2025-12-11 20:25:00,5220.52,92.87,TRADE
VIC1,2025-12-11 20:30:00,5209.25,99.99,TRADE
VIC1,2025-12-11 20:35:00,5177.97,99.99,TRADE
VIC1,2025-12-11 20:40:00,5172.41,118.69,TRADE
VIC1,2025-12-11 20:45:00,5130.67,99.99,TRADE
VIC1,2025-12-11 20:50:00,5143.06,118.69,TRADE
VIC1,2025-12-11 20:55:00,5103.71,113.38,TRADE
VIC1,2025-12-11 21:00:00,5066.28,113.35,TRADE
VIC1,2025-12-11 21:05:00,5038.11,114.37,TRADE
VIC1,2025-12-11 21:10:00,5031.64,114.48,TRADE
VIC1,2025-12-11 21:15:00,4984.89,118.69,TRADE
VIC1,2025-12-11 21:20:00,4963.65,118.69,TRADE
VIC1,2025-12-11 21:25:00,4943.87,94.86,TRADE
VIC1,2025-12-11 21:30:00,4913.58,94.46,TRADE
VIC1,2025-12-11 21:35:00,4882.66,99.99,TRADE
VIC1,2025-12-11 21:40:00,4832.8,115.84,TRADE
VIC1,2025-12-11 21:45:00,4764.71,92.83,TRADE
VIC1,2025-12-11 21:50:00,4770.14,118.69,TRADE
VIC1,2025-12-11 21:55:00,4705.61,93.17,TRADE
VIC1,2025-12-11 22:00:00,4698.12,80.76,TRADE
VIC1,2025-12-11 22:05:00,4639.04,92.87,TRADE
VIC1,2025-12-11 22:10:00,4699.18,95.85,TRADE
VIC1,2025-12-11 22:15:00,4680.01,80.0,TRADE
VIC1,2025-12-11 22:20:00,4657.22,90.64,TRADE
VIC1,2025-12-11 22:25:00,4604.22,80.0,TRADE
VIC1,2025-12-11 22:30:00,4587.48,80.0,TRADE
VIC1,2025-12-11 22:35:00,4597.12,80.0,TRADE
VIC1,2025-12-11 22:40:00,4577.69,80.28,TRADE
VIC1,2025-12-11 22:45:00,4564.8,80.0,TRADE
VIC1,2025-12-11 22:50:00,4537.75,76.7,TRADE
VIC1,2025-12-11 22:55:00,4523.71,80.0,TRADE
VIC1,2025-12-11 23:00:00,4537.85,75.75,TRADE
VIC1,2025-12-11 23:05:00,4541.04,80.0,TRADE
VIC1,2025-12-11 23:10:00,4678.83,89.12,TRADE
VIC1,2025-12-11 23:15:00,4691.11,95.91,TRADE
VIC1,2025-12-11 23:20:00,4680.26,93.39,TRADE
VIC1,2025-12-11 23:25:00,4659.95,80.0,TRADE
VIC1,2025-12-11 23:30:00,4674.61,80.0,TRADE
VIC1,2025-12-11 23:35:00,4671.18,80.0,TRADE
VIC1,2025-12-11 23:40:00,4643.26,98.18,TRADE
VIC1,2025-12-11 23:45:00,4626.22,91.92,TRADE
VIC1,2025-12-11 23:50:00,4587.08,96.78,TRADE
VIC1,2025-12-11 23:55:00,4540.79,80.0,TRADE
VIC1,2025-12-12 00:00:00,4506.01,80.52,TRADE
VIC1,2025-12-12 00:05:00,4535.07,81.2,TRADE
VIC1,2025-12-12 00:10:00,4478.86,83.35,TRADE
VIC1,2025-12-12 00:15:00,4473.87,83.43,TRADE
VIC1,2025-12-12 00:20:00,4436.24,84.2,TRADE
VIC1,2025-12-12 00:25:00,4416.47,80.0,TRADE
VIC1,2025-12-12 00:30:00,4387.23,80.0,TRADE
VIC1,2025-12-12 00:35:00,4368.72,85.01,TRADE
VIC1,2025-12-12 00:40:00,4346.08,84.61,TRADE
VIC1,2025-12-12 00:45:00,4328.51,80.64,TRADE
VIC1,2025-12-12 00:50:00,4333.56,80.68,TRADE
VIC1,2025-12-12 00:55:00,4325.51,80.0,TRADE
VIC1,2025-12-12 01:00:00,4293.35,80.0,TRADE
VIC1,2025-12-12 01:05:00,4276.26,82.75,TRADE
VIC1,2025-12-12 01:10:00,4246.1,85.73,TRADE
VIC1,2025-12-12 01:15:00,4217.12,96.01,TRADE
VIC1,2025-12-12 01:20:00,4183.25,83.27,TRADE
VIC1,2025-12-12 01:25:00,4159.83,84.88,TRADE
VIC1,2025-12-12 01:30:00,4137.93,108.61,TRADE
VIC1,2025-12-12 01:35:00,4131.02,107.21,TRADE
VIC1,2025-12-12 01:40:00,4114.99,84.41,TRADE
VIC1,2025-12-12 01:45:00,4094.72,81.86,TRADE
VIC1,2025-12-12 01:50:00,4083.28,80.06,TRADE
VIC1,2025-12-12 01:55:00,4069.81,79.32,TRADE
VIC1,2025-12-12 02:00:00,4067.15,66.34,TRADE
VIC1,2025-12-12 02:05:00,4084.72,63.7,TRADE
VIC1,2025-12-12 02:10:00,4146.18,75.9,TRADE
VIC1,2025-12-12 02:15:00,4122.05,74.22,TRADE
VIC1,2025-12-12 02:20:00,4105.29,52.26,TRADE
VIC1,2025-12-12 02:25:00,4134.93,59.26,TRADE
VIC1,2025-12-12 02:30:00,4075.94,49.12,TRADE
VIC1,2025-12-12 02:35:00,4071.45,49.12,TRADE
VIC1,2025-12-12 02:40:00,4100.59,55.85,TRADE
VIC1,2025-12-12 02:45:00,4109.81,56.45,TRADE
VIC1,2025-12-12 02:50:00,4115.42,22.32,TRADE
VIC1,2025-12-12 02:55:00,4111.49,22.32,TRADE
VIC1,2025-12-12 03:00:00,4091.65,22.32,TRADE
VIC1,2025-12-12 03:05:00,4035.72,17.47,TRADE
VIC1,2025-12-12 03:10:00,4095.89,22.32,TRADE
VIC1,2025-12-12 03:15:00,4119.78,22.32,TRADE
VIC1,2025-12-12 03:20:00,4073.07,12.71,TRADE
VIC1,2025-12-12 03:25:00,4128.93,12.71,TRADE
VIC1,2025-12-12 03:30:00,4136.93,9.69,TRADE
VIC1,2025-12-12 03:35:00,4141.34,9.69,TRADE
VIC1,2025-12-12 03:40:00,4071.79,9.69,TRADE
VIC1,2025-12-12 03:45:00,4071.46,9.69,TRADE
VIC1,2025-12-12 03:50:00,4133.02,12.71,TRADE
VIC1,2025-12-12 03:55:00,4143.9,9.69,TRADE
VIC1,2025-12-12 04:00:00,4069.28,9.69,TRADE
VIC1,2025-12-12 04:05:00,4088.47,9.69,TRADE
VIC1,2025-12-12 04:10:00,4171.71,9.69,TRADE
VIC1,2025-12-12 04:15:00,4265.53,9.69,TRADE
VIC1,2025-12-12 04:20:00,4244.16,9.69,TRADE
VIC1,2025-12-12 04:25:00,4277.7,9.69,TRADE
VIC1,2025-12-12 04:30:00,4293.41,9.69,TRADE
VIC1,2025-12-12 04:35:00,4235.89,9.69,TRADE
VIC1,2025-12-12 04:40:00,4215.44,9.69,TRADE
VIC1,2025-12-12 04:45:00,4325.99,16.95,TRADE
VIC1,2025-12-12 04:50:00,4364.55,12.71,TRADE
VIC1,2025-12-12 04:55:00,4307.39,9.69,TRADE
VIC1,2025-12-12 05:00:00,4405.29,12.71,TRADE
VIC1,2025-12-12 05:05:00,4427.72,12.71,TRADE
VIC1,2025-12-12 05:10:00,4474.42,12.71,TRADE
VIC1,2025-12-12 05:15:00,4569.83,12.71,TRADE
VIC1,2025-12-12 05:20:00,4579.42,12.71,TRADE
VIC1,2025-12-12 05:25:00,4647.26,22.32,TRADE
VIC1,2025-12-12 05:30:00,4687.19,22.32,TRADE
VIC1,2025-12-12 05:35:00,4634.27,12.71,TRADE
VIC1,2025-12-12 05:40:00,4653.48,12.71,TRADE
VIC1,2025-12-12 05:45:00,4768.46,20.48,TRADE
VIC1,2025-12-12 05:50:00,4790.6,9.69,TRADE
VIC1,2025-12-12 05:55:00,4860.17,22.32,TRADE
VIC1,2025-12-12 06:00:00,4845.5,22.32,TRADE
VIC1,2025-12-12 06:05:00,4822.9,22.32,TRADE
VIC1,2025-12-12 06:10:00,4878.05,10.7,TRADE
VIC1,2025-12-12 06:15:00,4815.91,9.69,TRADE
VIC1,2025-12-12 06:20:00,4857.01,9.69,TRADE
VIC1,2025-12-12 06:25:00,4898.94,9.69,TRADE
VIC1,2025-12-12 06:30:00,4916.58,9.64,TRADE
VIC1,2025-12-12 06:35:00,4856.37,9.69,TRADE
VIC1,2025-12-12 06:40:00,4825.98,5.08,TRADE
VIC1,2025-12-12 06:45:00,4825.87,0.01,TRADE
VIC1,2025-12-12 06:50:00,4789.13,0.01,TRADE
VIC1,2025-12-12 06:55:00,4632.73,0.0,TRADE
VIC1,2025-12-12 07:00:00,4606.59,-0.47,TRADE
VIC1,2025-12-12 07:05:00,4591.63,0.01,TRADE
VIC1,2025-12-12 07:10:00,4511.69,9.69,TRADE
VIC1,2025-12-12 07:15:00,4365.17,-17.19,TRADE
VIC1,2025-12-12 07:20:00,4489.19,8.95,TRADE
VIC1,2025-12-12 07:25:00,4368.12,-7.25,TRADE
VIC1,2025-12-12 07:30:00,4364.52,8.95,TRADE
VIC1,2025-12-12 07:35:00,4336.0,0.0,TRADE
VIC1,2025-12-12 07:40:00,4261.51,7.47,TRADE
VIC1,2025-12-12 07:45:00,4115.1,7.47,TRADE
VIC1,2025-12-12 07:50:00,4095.21,7.47,TRADE
VIC1,2025-12-12 07:55:00,4047.58,7.47,TRADE
VIC1,2025-12-12 08:00:00,4034.2,0.01,TRADE
VIC1,2025-12-12 08:05:00,3896.28,7.47,TRADE
VIC1,2025-12-12 08:10:00,3974.43,8.95,TRADE
VIC1,2025-12-12 08:15:00,3838.27,7.47,TRADE
VIC1,2025-12-12 08:20:00,3870.61,0.0,TRADE
VIC1,2025-12-12 08:25:00,3826.06,-0.98,TRADE
VIC1,2025-12-12 08:30:00,3813.36,0.01,TRADE
VIC1,2025-12-12 08:35:00,3668.94,-7.36,TRADE
VIC1,2025-12-12 08:40:00,3661.34,-6.96,TRADE
VIC1,2025-12-12 08:45:00,3586.96,-8.0,TRADE
VIC1,2025-12-12 08:50:00,3569.08,-7.13,TRADE
VIC1,2025-12-12 08:55:00,3558.3,-8.0,TRADE
VIC1,2025-12-12 09:00:00,3603.47,-3.7,TRADE
VIC1,2025-12-12 09:05:00,3488.66,-6.12,TRADE
VIC1,2025-12-12 09:10:00,3486.78,-8.19,TRADE
VIC1,2025-12-12 09:15:00,3491.47,-9.54,TRADE
VIC1,2025-12-12 09:20:00,3567.05,-7.36,TRADE
VIC1,2025-12-12 09:25:00,3444.52,-8.0,TRADE
VIC1,2025-12-12 09:30:00,3412.6,-8.55,TRADE
VIC1,2025-12-12 09:35:00,3382.06,-9.65,TRADE
VIC1,2025-12-12 09:40:00,3367.56,-8.54,TRADE
VIC1,2025-12-12 09:45:00,3319.47,-8.25,TRADE
VIC1,2025-12-12 09:50:00,3303.1,-9.61,TRADE
VIC1,2025-12-12 09:55:00,3291.82,-10.24,TRADE
VIC1,2025-12-12 10:00:00,3276.57,-9.65,TRADE
VIC1,2025-12-12 10:05:00,3325.28,-8.0,TRADE
VIC1,2025-12-12 10:10:00,3265.64,-8.72,TRADE
VIC1,2025-12-12 10:15:00,3285.68,-8.84,TRADE
VIC1,2025-12-12 10:20:00,3218.13,-7.36,TRADE
VIC1,2025-12-12 10:25:00,3272.47,-8.0,TRADE
VIC1,2025-12-12 10:30:00,3289.25,-7.03,TRADE
VIC1,2025-12-12 10:35:00,3248.51,-6.01,TRADE
VIC1,2025-12-12 10:40:00,3192.21,-7.36,TRADE
VIC1,2025-12-12 10:45:00,3293.89,-3.7,TRADE
VIC1,2025-12-12 10:50:00,3245.13,-6.01,TRADE
VIC1,2025-12-12 10:55:00,3344.39,0.0,TRADE
VIC1,2025-12-12 11:00:00,3239.55,5.26,TRADE
VIC1,2025-12-12 11:05:00,3304.54,-8.0,TRADE
VIC1,2025-12-12 11:10:00,3370.94,-3.7,TRADE
VIC1,2025-12-12 11:15:00,3277.65,0.53,TRADE
VIC1,2025-12-12 11:20:00,3281.71,0.01,TRADE
VIC1,2025-12-12 11:25:00,3319.49,-6.01,TRADE
VIC1,2025-12-12 11:30:00,3375.75,20.41,TRADE
VIC1,2025-12-12 11:35:00,3341.57,0.51,TRADE
VIC1,2025-12-12 11:40:00,3340.75,12.71,TRADE
VIC1,2025-12-12 11:45:00,3356.21,8.95,TRADE
VIC1,2025-12-12 11:50:00,3402.42,0.01,TRADE
VIC1,2025-12-12 11:55:00,3376.17,8.95,TRADE
VIC1,2025-12-12 12:00:00,3323.03,0.0,TRADE
VIC1,2025-12-12 12:05:00,3354.1,0.0,TRADE
VIC1,2025-12-12 12:10:00,3413.04,-1.98,TRADE
VIC1,2025-12-12 12:15:00,3403.73,-6.12,TRADE
VIC1,2025-12-12 12:20:00,3496.16,7.47,TRADE
VIC1,2025-12-12 12:25:00,3578.23,8.97,TRADE
VIC1,2025-12-12 12:30:00,3552.53,0.01,TRADE
VIC1,2025-12-12 12:35:00,3692.89,0.54,TRADE
VIC1,2025-12-12 12:40:00,3677.32,0.55,TRADE
VIC1,2025-12-12 12:45:00,3745.67,0.01,TRADE
VIC1,2025-12-12 12:50:00,3769.77,8.95,TRADE
VIC1,2025-12-12 12:55:00,3765.93,0.57,TRADE
VIC1,2025-12-12 13:00:00,3753.77,20.53,TRADE
VIC1,2025-12-12 13:05:00,3831.1,22.05,TRADE
VIC1,2025-12-12 13:10:00,3938.25,22.05,TRADE
VIC1,2025-12-12 13:15:00,4010.48,27.94,TRADE
VIC1,2025-12-12 13:20:00,3992.21,22.05,TRADE
VIC1,2025-12-12 13:25:00,4117.45,22.15,TRADE
VIC1,2025-12-12 13:30:00,4163.97,22.05,TRADE
VIC1,2025-12-12 13:35:00,4200.67,22.05,TRADE
VIC1,2025-12-12 13:40:00,4209.08,20.22,TRADE
VIC1,2025-12-12 13:45:00,4071.11,22.05,TRADE
VIC1,2025-12-12 13:50:00,4203.22,22.05,TRADE
VIC1,2025-12-12 13:55:00,4235.02,34.8,TRADE
VIC1,2025-12-12 14:00:00,4335.11,26.93,TRADE
VIC1,2025-12-12 14:05:00,4440.31,33.68,TRADE
VIC1,2025-12-12 14:10:00,4552.41,54.56,TRADE
VIC1,2025-12-12 14:15:00,4591.12,22.16,TRADE
VIC1,2025-12-12 14:20:00,4631.93,38.69,TRADE
VIC1,2025-12-12 14:25:00,4701.84,54.69,TRADE
VIC1,2025-12-12 14:30:00,4678.18,49.0,TRADE
VIC1,2025-12-12 14:35:00,4743.75,61.53,TRADE
VIC1,2025-12-12 14:40:00,4796.88,38.98,TRADE
VIC1,2025-12-12 14:45:00,4908.48,70.9,TRADE
VIC1,2025-12-12 14:50:00,4907.99,52.87,TRADE
VIC1,2025-12-12 14:55:00,4979.76,63.05,TRADE
VIC1,2025-12-12 15:00:00,5020.65,107.05,TRADE
VIC1,2025-12-12 15:05:00,5051.35,62.37,TRADE
VIC1,2025-12-12 15:10:00,5093.35,113.4,TRADE
VIC1,2025-12-12 15:15:00,5160.37,69.41,TRADE
VIC1,2025-12-12 15:20:00,5351.55,99.99,TRADE
VIC1,2025-12-12 15:25:00,5497.86,118.73,TRADE
VIC1,2025-12-12 15:30:00,5545.69,143.69,TRADE
VIC1,2025-12-12 15:35:00,5636.08,120.66,TRADE
VIC1,2025-12-12 15:40:00,5751.24,116.05,TRADE
VIC1,2025-12-12 15:45:00,5800.59,120.32,TRADE
VIC1,2025-12-12 15:50:00,5843.43,122.67,TRADE
VIC1,2025-12-12 15:55:00,5845.62,120.62,TRADE
VIC1,2025-12-12 16:00:00,5845.87,123.87,TRADE
VIC1,2025-12-12 16:05:00,5882.76,124.3,TRADE
VIC1,2025-12-12 16:10:00,6032.81,124.78,TRADE
VIC1,2025-12-12 16:15:00,6142.77,121.02,TRADE
VIC1,2025-12-12 16:20:00,6123.52,121.6,TRADE
VIC1,2025-12-12 16:25:00,6290.2,143.55,TRADE
VIC1,2025-12-12 16:30:00,6326.65,170.22,TRADE
VIC1,2025-12-12 16:35:00,6487.63,110.64,TRADE
VIC1,2025-12-12 16:40:00,6520.91,125.21,TRADE
VIC1,2025-12-12 16:45:00,6463.45,122.33,TRADE
VIC1,2025-12-12 16:50:00,6465.93,124.46,TRADE
VIC1,2025-12-12 16:55:00,6544.69,143.69,TRADE
VIC1,2025-12-12 17:00:00,6607.1,143.69,TRADE
VIC1,2025-12-12 17:05:00,6584.12,143.69,TRADE
VIC1,2025-12-12 17:10:00,6523.44,125.49,TRADE
VIC1,2025-12-12 17:15:00,6573.13,143.6,TRADE
VIC1,2025-12-12 17:20:00,6508.58,99.99,TRADE
VIC1,2025-12-12 17:25:00,6596.56,121.05,TRADE
VIC1,2025-12-12 17:30:00,6616.61,99.92,TRADE
VIC1,2025-12-12 17:35:00,6688.86,104.03,TRADE
VIC1,2025-12-12 17:40:00,6733.81,105.0,TRADE
VIC1,2025-12-12 17:45:00,6790.13,108.08,TRADE
VIC1,2025-12-12 17:50:00,6824.58,107.54,TRADE
VIC1,2025-12-12 17:55:00,6875.35,110.06,TRADE
VIC1,2025-12-12 18:00:00,6854.96,119.2,TRADE
VIC1,2025-12-12 18:05:00,6874.2,115.01,TRADE
VIC1,2025-12-12 18:10:00,6881.48,137.69,TRADE
VIC1,2025-12-12 18:15:00,6841.4,140.55,TRADE
VIC1,2025-12-12 18:20:00,6847.51,140.64,TRADE
VIC1,2025-12-12 18:25:00,6798.13,120.87,TRADE
VIC1,2025-12-12 18:30:00,6796.16,140.6,TRADE
VIC1,2025-12-12 18:35:00,6811.68,137.69,TRADE
VIC1,2025-12-12 18:40:00,6809.62,123.17,TRADE
VIC1,2025-12-12 18:45:00,6892.3,137.69,TRADE
VIC1,2025-12-12 18:50:00,6779.27,126.44,TRADE
VIC1,2025-12-12 18:55:00,6915.58,143.82,TRADE
VIC1,2025-12-12 19:00:00,6871.78,143.67,TRADE
VIC1,2025-12-12 19:05:00,6879.84,129.97,TRADE
VIC1,2025-12-12 19:10:00,6828.87,127.14,TRADE
VIC1,2025-12-12 19:15:00,6760.45,121.36,TRADE
VIC1,2025-12-12 19:20:00,6804.01,140.64,TRADE
VIC1,2025-12-12 19:25:00,6823.04,135.89,TRADE
VIC1,2025-12-12 19:30:00,6729.37,131.88,TRADE
VIC1,2025-12-12 19:35:00,6753.78,129.5,TRADE
VIC1,2025-12-12 19:40:00,6739.3,128.46,TRADE
VIC1,2025-12-12 19:45:00,6584.05,118.69,TRADE
VIC1,2025-12-12 19:50:00,6568.28,120.0,TRADE
VIC1,2025-12-12 19:55:00,6614.79,122.13,TRADE
VIC1,2025-12-12 20:00:00,6528.02,118.69,TRADE
VIC1,2025-12-12 20:05:00,6463.09,109.71,TRADE
VIC1,2025-12-12 20:10:00,6507.51,118.69,TRADE
VIC1,2025-12-12 20:15:00,6491.54,118.69,TRADE
VIC1,2025-12-12 20:20:00,6436.44,112.29,TRADE
VIC1,2025-12-12 20:25:00,6377.57,119.87,TRADE
VIC1,2025-12-12 20:30:00,6353.93,107.97,TRADE
VIC1,2025-12-12 20:35:00,6281.77,118.69,TRADE
VIC1,2025-12-12 20:40:00,6224.66,120.0,TRADE
VIC1,2025-12-12 20:45:00,6099.91,103.48,TRADE
VIC1,2025-12-12 20:50:00,6065.9,113.09,TRADE
VIC1,2025-12-12 20:55:00,6119.09,114.78,TRADE
VIC1,2025-12-12 21:00:00,6094.66,110.38,TRADE
VIC1,2025-12-12 21:05:00,5974.09,98.64,TRADE
VIC1,2025-12-12 21:10:00,5974.21,120.0,TRADE
VIC1,2025-12-12 21:15:00,5955.74,111.46,TRADE
VIC1,2025-12-12 21:20:00,5887.18,113.84,TRADE
VIC1,2025-12-12 21:25:00,5851.95,113.65,TRADE
VIC1,2025-12-12 21:30:00,5749.12,97.0,TRADE
VIC1,2025-12-12 21:35:00,5753.63,125.3,TRADE
VIC1,2025-12-12 21:40:00,5671.65,118.7,TRADE
VIC1,2025-12-12 21:45:00,5558.19,131.98,TRADE
VIC1,2025-12-12 21:50:00,5553.1,129.19,TRADE
VIC1,2025-12-12 21:55:00,5520.24,137.69,TRADE
VIC1,2025-12-12 22:00:00,5486.13,123.71,TRADE
VIC1,2025-12-12 22:05:00,5417.18,125.7,TRADE
VIC1,2025-12-12 22:10:00,5373.18,118.69,TRADE
VIC1,2025-12-12 22:15:00,5466.45,130.11,TRADE
VIC1,2025-12-12 22:20:00,5399.99,125.49,TRADE
VIC1,2025-12-12 22:25:00,5307.86,125.49,TRADE
VIC1,2025-12-12 22:30:00,5321.29,125.04,TRADE
VIC1,2025-12-12 22:35:00,5328.12,131.81,TRADE
VIC1,2025-12-12 22:40:00,5330.45,135.63,TRADE
VIC1,2025-12-12 22:45:00,5281.77,125.07,TRADE
VIC1,2025-12-12 22:50:00,5180.07,130.73,TRADE
VIC1,2025-12-12 22:55:00,5155.19,125.05,TRADE
VIC1,2025-12-12 23:00:00,5185.35,133.19,TRADE
VIC1,2025-12-12 23:05:00,5211.2,131.59,TRADE
VIC1,2025-12-12 23:10:00,5290.99,122.09,TRADE
VIC1,2025-12-12 23:15:00,5307.11,123.23,TRADE
VIC1,2025-12-12 23:20:00,5241.84,137.69,TRADE
VIC1,2025-12-12 23:25:00,5164.1,134.14,TRADE
VIC1,2025-12-12 23:30:00,5193.17,121.38,TRADE
VIC1,2025-12-12 23:35:00,5111.8,105.89,TRADE
VIC1,2025-12-12 23:40:00,5118.53,137.69,TRADE
VIC1,2025-12-12 23:45:00,5061.67,105.89,TRADE
VIC1,2025-12-12 23:50:00,5008.9,99.67,TRADE
VIC1,2025-12-12 23:55:00,4958.39,82.31,TRADE
VIC1,2025-12-15 00:00:00,4249.87,71.1,TRADE
VIC1,2025-12-15 00:05:00,4282.07,68.69,TRADE
VIC1,2025-12-15 00:10:00,4219.82,69.88,TRADE
VIC1,2025-12-15 00:15:00,4199.89,67.69,TRADE
VIC1,2025-12-15 00:20:00,4171.92,67.69,TRADE
VIC1,2025-12-15 00:25:00,4154.67,69.67,TRADE
VIC1,2025-12-15 00:30:00,4170.24,68.85,TRADE
VIC1,2025-12-15 00:35:00,4153.69,68.69,TRADE
VIC1,2025-12-15 00:40:00,4110.34,68.69,TRADE
VIC1,2025-12-15 00:45:00,4082.23,75.75,TRADE
VIC1,2025-12-15 00:50:00,4100.09,87.02,TRADE
VIC1,2025-12-15 00:55:00,4097.66,68.69,TRADE
VIC1,2025-12-15 01:00:00,4073.25,68.69,TRADE
VIC1,2025-12-15 01:05:00,4064.1,67.66,TRADE
VIC1,2025-12-15 01:10:00,4067.48,67.69,TRADE
VIC1,2025-12-15 01:15:00,4072.81,67.69,TRADE
VIC1,2025-12-15 01:20:00,4078.0,67.69,TRADE
VIC1,2025-12-15 01:25:00,4001.32,59.44,TRADE
VIC1,2025-12-15 01:30:00,4000.94,59.44,TRADE
VIC1,2025-12-15 01:35:00,3990.59,38.08,TRADE
VIC1,2025-12-15 01:40:00,3953.07,46.79,TRADE
VIC1,2025-12-15 01:45:00,3921.53,59.44,TRADE
VIC1,2025-12-15 01:50:00,3886.35,50.72,TRADE
VIC1,2025-12-15 01:55:00,3875.09,41.18,TRADE
VIC1,2025-12-15 02:00:00,3860.57,43.34,TRADE
VIC1,2025-12-15 02:05:00,3833.08,12.71,TRADE
VIC1,2025-12-15 02:10:00,3838.89,40.14,TRADE
VIC1,2025-12-15 02:15:00,3836.1,43.95,TRADE
VIC1,2025-12-15 02:20:00,3846.63,50.23,TRADE
VIC1,2025-12-15 02:25:00,3841.18,50.34,TRADE
VIC1,2025-12-15 02:30:00,3820.89,12.71,TRADE
VIC1,2025-12-15 02:35:00,3864.52,55.96,TRADE
VIC1,2025-12-15 02:40:00,3846.35,59.44,TRADE
VIC1,2025-12-15 02:45:00,3832.83,21.18,TRADE
VIC1,2025-12-15 02:50:00,3830.05,16.18,TRADE
VIC1,2025-12-15 02:55:00,3754.45,14.46,TRADE
VIC1,2025-12-15 03:00:00,3768.47,12.71,TRADE
VIC1,2025-12-15 03:05:00,3782.19,8.95,TRADE
VIC1,2025-12-15 03:10:00,3814.76,12.71,TRADE
VIC1,2025-12-15 03:15:00,3819.58,22.32,TRADE
VIC1,2025-12-15 03:20:00,3793.79,12.71,TRADE
VIC1,2025-12-15 03:25:00,3816.13,8.95,TRADE
VIC1,2025-12-15 03:30:00,3814.03,22.32,TRADE
VIC1,2025-12-15 03:35:00,3816.83,12.71,TRADE
VIC1,2025-12-15 03:40:00,3847.64,22.32,TRADE
VIC1,2025-12-15 03:45:00,3874.89,26.58,TRADE
VIC1,2025-12-15 03:50:00,3886.0,59.44,TRADE
VIC1,2025-12-15 03:55:00,3904.29,59.44,TRADE
VIC1,2025-12-15 04:00:00,3925.44,59.44,TRADE
VIC1,2025-12-15 04:05:00,3932.78,55.56,TRADE
VIC1,2025-12-15 04:10:00,3977.17,55.56,TRADE
VIC1,2025-12-15 04:15:00,4012.49,55.56,TRADE
VIC1,2025-12-15 04:20:00,4059.5,55.56,TRADE
VIC1,2025-12-15 04:25:00,4061.72,18.09,TRADE
VIC1,2025-12-15 04:30:00,4065.53,27.25,TRADE
VIC1,2025-12-15 04:35:00,4107.93,55.56,TRADE
VIC1,2025-12-15 04:40:00,4150.63,12.71,TRADE
VIC1,2025-12-15 04:45:00,4133.21,12.8,TRADE
VIC1,2025-12-15 04:50:00,4173.75,12.71,TRADE
VIC1,2025-12-15 04:55:00,4143.27,12.71,TRADE
VIC1,2025-12-15 05:00:00,4148.25,12.71,TRADE
VIC1,2025-12-15 05:05:00,4205.07,12.71,TRADE
VIC1,2025-12-15 05:10:00,4314.55,55.56,TRADE
VIC1,2025-12-15 05:15:00,4387.31,62.92,TRADE
VIC1,2025-12-15 05:20:00,4398.49,60.07,TRADE
VIC1,2025-12-15 05:25:00,4465.16,63.0,TRADE
VIC1,2025-12-15 05:30:00,4481.98,60.98,TRADE
VIC1,2025-12-15 05:35:00,4553.93,61.01,TRADE
VIC1,2025-12-15 05:40:00,4605.2,48.58,TRADE
VIC1,2025-12-15 05:45:00,4663.95,47.2,TRADE
VIC1,2025-12-15 05:50:00,4652.79,48.09,TRADE
VIC1,2025-12-15 05:55:00,4703.57,33.47,TRADE
VIC1,2025-12-15 06:00:00,4689.43,16.68,TRADE
VIC1,2025-12-15 06:05:00,4720.18,22.3,TRADE
VIC1,2025-12-15 06:10:00,4796.92,14.37,TRADE
VIC1,2025-12-15 06:15:00,4802.9,0.0,TRADE
VIC1,2025-12-15 06:20:00,4803.95,8.94,TRADE
VIC1,2025-12-15 06:25:00,4833.21,8.54,TRADE
VIC1,2025-12-15 06:30:00,4839.58,6.87,TRADE
VIC1,2025-12-15 06:35:00,4810.19,7.72,TRADE
VIC1,2025-12-15 06:40:00,4845.96,0.0,TRADE
VIC1,2025-12-15 06:45:00,4839.56,-3.7,TRADE
VIC1,2025-12-15 06:50:00,4844.29,0.01,TRADE
VIC1,2025-12-15 06:55:00,4902.3,0.01,TRADE
VIC1,2025-12-15 07:00:00,4822.34,8.95,TRADE
VIC1,2025-12-15 07:05:00,4777.8,12.62,TRADE
VIC1,2025-12-15 07:10:00,4701.13,9.2,TRADE
VIC1,2025-12-15 07:15:00,4627.09,10.46,TRADE
VIC1,2025-12-15 07:20:00,4608.82,9.21,TRADE
VIC1,2025-12-15 07:25:00,4584.47,-3.7,TRADE
VIC1,2025-12-15 07:30:00,4494.23,7.82,TRADE
VIC1,2025-12-15 07:35:00,4536.55,0.0,TRADE
VIC1,2025-12-15 07:40:00,4536.2,-3.7,TRADE
VIC1,2025-12-15 07:45:00,4505.11,-7.99,TRADE
VIC1,2025-12-15 07:50:00,4477.43,-7.99,TRADE
VIC1,2025-12-15 07:55:00,4516.14,-3.7,TRADE
VIC1,2025-12-15 08:00:00,4455.43,-3.7,TRADE
VIC1,2025-12-15 08:05:00,4390.64,-7.99,TRADE
VIC1,2025-12-15 08:10:00,4406.73,-7.99,TRADE
VIC1,2025-12-15 08:15:00,4366.48,-3.7,TRADE
VIC1,2025-12-15 08:20:00,4298.58,-3.7,TRADE
VIC1,2025-12-15 08:25:00,4201.24,-5.83,TRADE
VIC1,2025-12-15 08:30:00,4138.16,-7.99,TRADE
VIC1,2025-12-15 08:35:00,4085.34,-6.55,TRADE
VIC1,2025-12-15 08:40:00,4065.96,-7.62,TRADE
VIC1,2025-12-15 08:45:00,3961.75,-7.62,TRADE
VIC1,2025-12-15 08:50:00,3915.87,-7.62,TRADE
VIC1,2025-12-15 08:55:00,3908.21,-7.99,TRADE
VIC1,2025-12-15 09:00:00,3873.02,-7.99,TRADE
VIC1,2025-12-15 09:05:00,3856.59,-7.99,TRADE
VIC1,2025-12-15 09:10:00,3854.5,-7.62,TRADE
VIC1,2025-12-15 09:15:00,3788.76,-7.62,TRADE
VIC1,2025-12-15 09:20:00,3742.27,-8.0,TRADE
VIC1,2025-12-15 09:25:00,3778.77,-7.62,TRADE
VIC1,2025-12-15 09:30:00,3771.6,-8.0,TRADE
VIC1,2025-12-15 09:35:00,3804.96,-7.62,TRADE
VIC1,2025-12-15 09:40:00,3776.75,-8.25,TRADE
VIC1,2025-12-15 09:45:00,3819.85,-7.62,TRADE
VIC1,2025-12-15 09:50:00,3706.76,-7.62,TRADE
VIC1,2025-12-15 09:55:00,3782.09,-8.0,TRADE
VIC1,2025-12-15 10:00:00,3762.67,-11.0,TRADE
VIC1,2025-12-15 10:05:00,3759.14,-7.62,TRADE
VIC1,2025-12-15 10:10:00,3739.44,-7.25,TRADE
VIC1,2025-12-15 10:15:00,3758.64,-7.62,TRADE
VIC1,2025-12-15 10:20:00,3761.21,-7.62,TRADE
VIC1,2025-12-15 10:25:00,3740.37,-8.0,TRADE
VIC1,2025-12-15 10:30:00,3740.39,-7.62,TRADE
VIC1,2025-12-15 10:35:00,3679.17,-9.65,TRADE
VIC1,2025-12-15 10:40:00,3627.2,-11.0,TRADE
VIC1,2025-12-15 10:45:00,3534.32,-11.0,TRADE
VIC1,2025-12-15 10:50:00,3443.74,-20.6,TRADE
VIC1,2025-12-15 10:55:00,3379.49,-21.18,TRADE
VIC1,2025-12-15 11:00:00,3337.58,-22.93,TRADE
VIC1,2025-12-15 11:05:00,3363.59,-20.86,TRADE
VIC1,2025-12-15 11:10:00,3405.58,-16.54,TRADE
VIC1,2025-12-15 11:15:00,3339.55,-32.67,TRADE
VIC1,2025-12-15 11:20:00,3329.49,-20.99,TRADE
VIC1,2025-12-15 11:25:00,3361.34,-12.51,TRADE
VIC1,2025-12-15 11:30:00,3339.36,-16.54,TRADE
VIC1,2025-12-15 11:35:00,3392.0,-20.71,TRADE
VIC1,2025-12-15 11:40:00,3368.73,-21.18,TRADE
VIC1,2025-12-15 11:45:00,3347.07,-20.65,TRADE
VIC1,2025-12-15 11:50:00,3347.27,-19.99,TRADE
VIC1,2025-12-15 11:55:00,3344.33,-20.99,TRADE
VIC1,2025-12-15 12:00:00,3233.01,-20.66,TRADE
VIC1,2025-12-15 12:05:00,3213.25,-20.88,TRADE
VIC1,2025-12-15 12:10:00,3181.92,-19.99,TRADE
VIC1,2025-12-15 12:15:00,3172.43,-33.58,TRADE
VIC1,2025-12-15 12:20:00,3132.42,-32.67,TRADE
VIC1,2025-12-15 12:25:00,3074.49,-20.99,TRADE
VIC1,2025-12-15 12:30:00,3057.25,-20.99,TRADE
VIC1,2025-12-15 12:35:00,3061.03,-32.67,TRADE
VIC1,2025-12-15 12:40:00,3018.38,-36.1,TRADE
VIC1,2025-12-15 12:45:00,2978.21,-36.1,TRADE
VIC1,2025-12-15 12:50:00,2920.34,-50.01,TRADE
VIC1,2025-12-15 12:55:00,2952.83,-36.1,TRADE
VIC1,2025-12-15 13:00:00,2912.45,-32.67,TRADE
VIC1,2025-12-15 13:05:00,2903.28,-36.1,TRADE
VIC1,2025-12-15 13:10:00,2880.19,-39.48,TRADE
VIC1,2025-12-15 13:15:00,2907.47,-21.07,TRADE
VIC1,2025-12-15 13:20:00,2875.08,-33.58,TRADE
VIC1,2025-12-15 13:25:00,2843.21,-39.48,TRADE
VIC1,2025-12-15 13:30:00,2900.81,-39.76,TRADE
VIC1,2025-12-15 13:35:00,2929.56,-32.67,TRADE
VIC1,2025-12-15 13:40:00,2916.87,-20.99,TRADE
VIC1,2025-12-15 13:45:00,2911.64,-32.67,TRADE
VIC1,2025-12-15 13:50:00,2884.81,-39.48,TRADE
VIC1,2025-12-15 13:55:00,2917.89,-39.93,TRADE
VIC1,2025-12-15 14:00:00,2901.73,-50.5,TRADE
VIC1,2025-12-15 14:05:00,2887.07,-50.11,TRADE
VIC1,2025-12-15 14:10:00,2874.23,-50.01,TRADE
VIC1,2025-12-15 14:15:00,2886.6,-50.01,TRADE
VIC1,2025-12-15 14:20:00,2889.3,-50.01,TRADE
VIC1,2025-12-15 14:25:00,2899.64,-41.12,TRADE
VIC1,2025-12-15 14:30:00,2897.49,-50.01,TRADE
VIC1,2025-12-15 14:35:00,2946.94,-59.99,TRADE
VIC1,2025-12-15 14:40:00,2946.8,-59.46,TRADE
VIC1,2025-12-15 14:45:00,2932.68,-21.23,TRADE
VIC1,2025-12-15 14:50:00,3058.34,-50.01,TRADE
VIC1,2025-12-15 14:55:00,3159.6,-33.58,TRADE
VIC1,2025-12-15 15:00:00,3139.81,-58.5,TRADE
VIC1,2025-12-15 15:05:00,3225.65,-33.67,TRADE
VIC1,2025-12-15 15:10:00,3246.06,-20.99,TRADE
VIC1,2025-12-15 15:15:00,3302.91,-20.99,TRADE
VIC1,2025-12-15 15:20:00,3361.13,-20.99,TRADE
VIC1,2025-12-15 15:25:00,3351.31,-19.99,TRADE
VIC1,2025-12-15 15:30:00,3357.66,-20.37,TRADE
VIC1,2025-12-15 15:35:00,3407.28,-16.54,TRADE
VIC1,2025-12-15 15:40:00,3383.06,-16.54,TRADE
VIC1,2025-12-15 15:45:00,3401.47,-11.99,TRADE
VIC1,2025-12-15 15:50:00,3418.8,-11.99,TRADE
VIC1,2025-12-15 15:55:00,3372.0,-11.0,TRADE
VIC1,2025-12-15 16:00:00,3457.83,-8.25,TRADE
VIC1,2025-12-15 16:05:00,3409.84,-10.33,TRADE
VIC1,2025-12-15 16:10:00,3488.58,-19.99,TRADE
VIC1,2025-12-15 16:15:00,3578.95,-14.27,TRADE
VIC1,2025-12-15 16:20:00,3618.12,-8.25,TRADE
VIC1,2025-12-15 16:25:00,3653.94,-7.99,TRADE
VIC1,2025-12-15 16:30:00,3690.33,-3.7,TRADE
VIC1,2025-12-15 16:35:00,3713.88,-8.0,TRADE
VIC1,2025-12-15 16:40:00,3841.18,-7.99,TRADE
VIC1,2025-12-15 16:45:00,3902.24,-8.0,TRADE
VIC1,2025-12-15 16:50:00,3987.73,-7.25,TRADE
VIC1,2025-12-15 16:55:00,4071.67,-3.7,TRADE
VIC1,2025-12-15 17:00:00,4090.42,-3.7,TRADE
VIC1,2025-12-15 17:05:00,4139.66,-7.99,TRADE
VIC1,2025-12-15 17:10:00,4180.39,-8.0,TRADE
VIC1,2025-12-15 17:15:00,4285.59,-7.99,TRADE
VIC1,2025-12-15 17:20:00,4325.96,-8.0,TRADE
VIC1,2025-12-15 17:25:00,4493.14,-7.36,TRADE
VIC1,2025-12-15 17:30:00,4512.88,-7.36,TRADE
VIC1,2025-12-15 17:35:00,4599.56,-7.99,TRADE
VIC1,2025-12-15 17:40:00,4636.62,-7.99,TRADE
VIC1,2025-12-15 17:45:00,4672.79,-7.36,TRADE
VIC1,2025-12-15 17:50:00,4731.34,-7.36,TRADE
VIC1,2025-12-15 17:55:00,4769.12,-3.7,TRADE
VIC1,2025-12-15 18:00:00,4801.62,-3.7,TRADE
VIC1,2025-12-15 18:05:00,4809.51,-7.99,TRADE
VIC1,2025-12-15 18:10:00,4863.29,-3.7,TRADE
VIC1,2025-12-15 18:15:00,4910.46,-3.7,TRADE
VIC1,2025-12-15 18:20:00,4925.78,14.07,TRADE
VIC1,2025-12-15 18:25:00,4971.5,12.71,TRADE
VIC1,2025-12-15 18:30:00,4964.82,12.91,TRADE
VIC1,2025-12-15 18:35:00,5009.09,8.95,TRADE
VIC1,2025-12-15 18:40:00,5072.06,12.96,TRADE
VIC1,2025-12-15 18:45:00,5110.17,55.56,TRADE
VIC1,2025-12-15 18:50:00,5131.41,55.56,TRADE
VIC1,2025-12-15 18:55:00,5186.86,55.56,TRADE
VIC1,2025-12-15 19:00:00,5211.73,63.0,TRADE
VIC1,2025-12-15 19:05:00,5249.72,63.0,TRADE
VIC1,2025-12-15 19:10:00,5253.73,68.69,TRADE
VIC1,2025-12-15 19:15:00,5266.16,75.67,TRADE
VIC1,2025-12-15 19:20:00,5284.1,63.0,TRADE
VIC1,2025-12-15 19:25:00,5241.4,63.0,TRADE
VIC1,2025-12-15 19:30:00,5253.75,75.67,TRADE
VIC1,2025-12-15 19:35:00,5259.52,75.67,TRADE
VIC1,2025-12-15 19:40:00,5279.87,96.43,TRADE
VIC1,2025-12-15 19:45:00,5306.7,92.3,TRADE
VIC1,2025-12-15 19:50:00,5282.12,67.25,TRADE
VIC1,2025-12-15 19:55:00,5326.66,69.67,TRADE
VIC1,2025-12-15 20:00:00,5311.14,80.72,TRADE
VIC1,2025-12-15 20:05:00,5323.63,75.67,TRADE
VIC1,2025-12-15 20:10:00,5318.03,76.93,TRADE
VIC1,2025-12-15 20:15:00,5321.21,80.0,TRADE
VIC1,2025-12-15 20:20:00,5306.75,80.0,TRADE
VIC1,2025-12-15 20:25:00,5287.0,80.0,TRADE
VIC1,2025-12-15 20:30:00,5219.68,80.0,TRADE
VIC1,2025-12-15 20:35:00,5195.99,73.79,TRADE
VIC1,2025-12-15 20:40:00,5222.47,80.0,TRADE
VIC1,2025-12-15 20:45:00,5123.37,80.0,TRADE
VIC1,2025-12-15 20:50:00,5144.82,80.0,TRADE
VIC1,2025-12-15 20:55:00,5097.67,74.85,TRADE
VIC1,2025-12-15 21:00:00,5109.44,72.9,TRADE
VIC1,2025-12-15 21:05:00,5069.47,80.0,TRADE
VIC1,2025-12-15 21:10:00,5006.39,74.58,TRADE
VIC1,2025-12-15 21:15:00,4982.78,73.79,TRADE
VIC1,2025-12-15 21:20:00,4950.87,80.0,TRADE
VIC1,2025-12-15 21:25:00,4913.16,73.97,TRADE
VIC1,2025-12-15 21:30:00,4862.29,75.56,TRADE
VIC1,2025-12-15 21:35:00,4853.23,75.14,TRADE
VIC1,2025-12-15 21:40:00,4830.86,73.17,TRADE
VIC1,2025-12-15 21:45:00,4826.39,71.28,TRADE
VIC1,2025-12-15 21:50:00,4776.62,72.37,TRADE
VIC1,2025-12-15 21:55:00,4762.06,58.61,TRADE
VIC1,2025-12-15 22:00:00,4758.75,56.5,TRADE
VIC1,2025-12-15 22:05:00,4726.86,56.5,TRADE
VIC1,2025-12-15 22:10:00,4707.33,56.5,TRADE
VIC1,2025-12-15 22:15:00,4702.56,57.15,TRADE
VIC1,2025-12-15 22:20:00,4663.98,56.9,TRADE
VIC1,2025-12-15 22:25:00,4622.08,56.5,TRADE
VIC1,2025-12-15 22:30:00,4598.09,56.5,TRADE
VIC1,2025-12-15 22:35:00,4606.4,56.5,TRADE
VIC1,2025-12-15 22:40:00,4613.94,56.5,TRADE
VIC1,2025-12-15 22:45:00,4597.14,63.0,TRADE
VIC1,2025-12-15 22:50:00,4520.68,56.5,TRADE
VIC1,2025-12-15 22:55:00,4530.89,56.5,TRADE
VIC1,2025-12-15 23:00:00,4570.58,56.5,TRADE
VIC1,2025-12-15 23:05:00,4571.12,56.5,TRADE
VIC1,2025-12-15 23:10:00,4669.6,59.47,TRADE
VIC1,2025-12-15 23:15:00,4698.67,59.36,TRADE
VIC1,2025-12-15 23:20:00,4708.02,56.5,TRADE
VIC1,2025-12-15 23:25:00,4707.58,56.5,TRADE
VIC1,2025-12-15 23:30:00,4680.73,56.5,TRADE
VIC1,2025-12-15 23:35:00,4694.45,63.08,TRADE
VIC1,2025-12-15 23:40:00,4643.51,63.0,TRADE
VIC1,2025-12-15 23:45:00,4637.58,59.55,TRADE
VIC1,2025-12-15 23:50:00,4611.09,62.74,TRADE
VIC1,2025-12-15 23:55:00,4569.81,59.9,TRADE
VIC1,2025-12-16 00:00:00,4553.09,56.5,TRADE
VIC1,2025-12-16 00:05:00,4557.32,56.5,TRADE
VIC1,2025-12-16 00:10:00,4516.57,56.82,TRADE
VIC1,2025-12-16 00:15:00,4535.32,57.73,TRADE
VIC1,2025-12-16 00:20:00,4502.45,63.0,TRADE
VIC1,2025-12-16 00:25:00,4475.81,60.4,TRADE
VIC1,2025-12-16 00:30:00,4470.46,56.5,TRADE
VIC1,2025-12-16 00:35:00,4448.1,57.35,TRADE
VIC1,2025-12-16 00:40:00,4443.5,63.0,TRADE
VIC1,2025-12-16 00:45:00,4428.12,61.31,TRADE
VIC1,2025-12-16 00:50:00,4424.4,63.0,TRADE
VIC1,2025-12-16 00:55:00,4415.32,57.77,TRADE
VIC1,2025-12-16 01:00:00,4393.03,57.35,TRADE
VIC1,2025-12-16 01:05:00,4389.2,63.0,TRADE
VIC1,2025-12-16 01:10:00,4391.5,58.23,TRADE
VIC1,2025-12-16 01:15:00,4387.05,56.5,TRADE
VIC1,2025-12-16 01:20:00,4352.07,59.12,TRADE
VIC1,2025-12-16 01:25:00,4312.65,59.03,TRADE
VIC1,2025-12-16 01:30:00,4278.96,67.51,TRADE
VIC1,2025-12-16 01:35:00,4264.32,66.48,TRADE
VIC1,2025-12-16 01:40:00,4223.64,63.0,TRADE
VIC1,2025-12-16 01:45:00,4201.33,63.0,TRADE
VIC1,2025-12-16 01:50:00,4193.73,63.0,TRADE
VIC1,2025-12-16 01:55:00,4159.88,63.0,TRADE
VIC1,2025-12-16 02:00:00,4149.33,65.98,TRADE
VIC1,2025-12-16 02:05:00,4139.31,59.91,TRADE
VIC1,2025-12-16 02:10:00,4147.18,63.0,TRADE
VIC1,2025-12-16 02:15:00,4135.28,63.0,TRADE
VIC1,2025-12-16 02:20:00,4157.42,58.93,TRADE
VIC1,2025-12-16 02:25:00,4151.97,60.62,TRADE
VIC1,2025-12-16 02:30:00,4157.94,60.12,TRADE
VIC1,2025-12-16 02:35:00,4162.62,60.2,TRADE
VIC1,2025-12-16 02:40:00,4154.35,59.65,TRADE
VIC1,2025-12-16 02:45:00,4151.38,67.1,TRADE
VIC1,2025-12-16 02:50:00,4162.51,56.53,TRADE
VIC1,2025-12-16 02:55:00,4138.22,66.29,TRADE
VIC1,2025-12-16 03:00:00,4146.69,67.69,TRADE
VIC1,2025-12-16 03:05:00,4114.06,56.18,TRADE
VIC1,2025-12-16 03:10:00,4132.61,58.42,TRADE
VIC1,2025-12-16 03:15:00,4156.76,55.33,TRADE
VIC1,2025-12-16 03:20:00,4143.83,58.27,TRADE
VIC1,2025-12-16 03:25:00,4135.39,64.62,TRADE
VIC1,2025-12-16 03:30:00,4141.3,56.5,TRADE
VIC1,2025-12-16 03:35:00,4159.86,54.35,TRADE
VIC1,2025-12-16 03:40:00,4161.34,55.04,TRADE
VIC1,2025-12-16 03:45:00,4192.1,58.25,TRADE
VIC1,2025-12-16 03:50:00,4184.0,57.82,TRADE
VIC1,2025-12-16 03:55:00,4195.12,57.77,TRADE
VIC1,2025-12-16 04:00:00,4206.57,56.0,TRADE
VIC1,2025-12-16 04:05:00,4228.92,57.14,TRADE
VIC1,2025-12-16 04:10:00,4296.24,57.77,TRADE
VIC1,2025-12-16 04:15:00,4306.71,66.12,TRADE
VIC1,2025-12-16 04:20:00,4343.41,66.08,TRADE
VIC1,2025-12-16 04:25:00,4363.13,66.59,TRADE
VIC1,2025-12-16 04:30:00,4406.19,58.32,TRADE
VIC1,2025-12-16 04:35:00,4446.35,60.0,TRADE
VIC1,2025-12-16 04:40:00,4482.53,67.69,TRADE
VIC1,2025-12-16 04:45:00,4525.68,66.61,TRADE
VIC1,2025-12-16 04:50:00,4562.35,67.69,TRADE
VIC1,2025-12-16 04:55:00,4549.69,67.69,TRADE
VIC1,2025-12-16 05:00:00,4568.89,68.69,TRADE
VIC1,2025-12-16 05:05:00,4578.56,68.63,TRADE
VIC1,2025-12-16 05:10:00,4703.78,68.69,TRADE
VIC1,2025-12-16 05:15:00,4774.7,68.69,TRADE
VIC1,2025-12-16 05:20:00,4773.97,73.9,TRADE
VIC1,2025-12-16 05:25:00,4817.58,74.12,TRADE
VIC1,2025-12-16 05:30:00,4835.29,73.84,TRADE
VIC1,2025-12-16 05:35:00,4854.26,68.69,TRADE
VIC1,2025-12-16 05:40:00,4916.47,68.69,TRADE
VIC1,2025-12-16 05:45:00,4902.58,67.69,TRADE
VIC1,2025-12-16 05:50:00,4905.05,55.33,TRADE
VIC1,2025-12-16 05:55:00,4958.97,53.08,TRADE
VIC1,2025-12-16 06:00:00,5010.05,54.33,TRADE
VIC1,2025-12-16 06:05:00,4995.57,44.21,TRADE
VIC1,2025-12-16 06:10:00,5070.72,23.76,TRADE
VIC1,2025-12-16 06:15:00,5104.15,23.14,TRADE
VIC1,2025-12-16 06:20:00,5094.96,12.71,TRADE
VIC1,2025-12-16 06:25:00,5095.7,21.59,TRADE
VIC1,2025-12-16 06:30:00,5123.29,19.31,TRADE
VIC1,2025-12-16 06:35:00,5083.62,8.95,TRADE
VIC1,2025-12-16 06:40:00,5110.32,12.71,TRADE
VIC1,2025-12-16 06:45:00,5089.07,15.33,TRADE
VIC1,2025-12-16 06:50:00,5131.2,12.61,TRADE
VIC1,2025-12-16 06:55:00,5094.29,13.72,TRADE
VIC1,2025-12-16 07:00:00,5075.41,15.27,TRADE
VIC1,2025-12-16 07:05:00,5134.7,13.37,TRADE
VIC1,2025-12-16 07:10:00,5077.57,3.93,TRADE
VIC1,2025-12-16 07:15:00,5028.84,8.95,TRADE
VIC1,2025-12-16 07:20:00,4995.47,12.71,TRADE
VIC1,2025-12-16 07:25:00,4989.14,14.48,TRADE
VIC1,2025-12-16 07:30:00,4952.62,14.44,TRADE
VIC1,2025-12-16 07:35:00,4879.51,14.28,TRADE
VIC1,2025-12-16 07:40:00,4837.19,12.71,TRADE
VIC1,2025-12-16 07:45:00,4809.18,12.71,TRADE
VIC1,2025-12-16 07:50:00,4778.64,12.71,TRADE
VIC1,2025-12-16 07:55:00,4720.06,0.01,TRADE
VIC1,2025-12-16 08:00:00,4670.06,12.91,TRADE
VIC1,2025-12-16 08:05:00,4648.41,22.05,TRADE
VIC1,2025-12-16 08:10:00,4701.03,15.62,TRADE
VIC1,2025-12-16 08:15:00,4666.81,12.71,TRADE
VIC1,2025-12-16 08:20:00,4636.35,12.71,TRADE
VIC1,2025-12-16 08:25:00,4533.29,5.56,TRADE
VIC1,2025-12-16 08:30:00,4466.08,8.95,TRADE
VIC1,2025-12-16 08:35:00,4466.84,8.95,TRADE
VIC1,2025-12-16 08:40:00,4417.5,22.05,TRADE
VIC1,2025-12-16 08:45:00,4406.98,8.95,TRADE
VIC1,2025-12-16 08:50:00,4328.21,8.95,TRADE
VIC1,2025-12-16 08:55:00,4286.51,8.95,TRADE
VIC1,2025-12-16 09:00:00,4182.44,8.95,TRADE
VIC1,2025-12-16 09:05:00,4170.51,8.95,TRADE
VIC1,2025-12-16 09:10:00,4150.06,8.95,TRADE
VIC1,2025-12-16 09:15:00,3985.82,-3.7,TRADE
VIC1,2025-12-16 09:20:00,3919.95,4.89,TRADE
VIC1,2025-12-16 09:25:00,3838.83,-9.65,TRADE
VIC1,2025-12-16 09:30:00,3817.77,0.01,TRADE
VIC1,2025-12-16 09:35:00,3693.07,-7.99,TRADE
VIC1,2025-12-16 09:40:00,3636.74,-8.0,TRADE
VIC1,2025-12-16 09:45:00,3626.46,-3.7,TRADE
VIC1,2025-12-16 09:50:00,3475.02,-9.65,TRADE
VIC1,2025-12-16 09:55:00,3524.07,0.01,TRADE
VIC1,2025-12-16 10:00:00,3411.8,-8.0,TRADE
VIC1,2025-12-16 10:05:00,3398.65,8.95,TRADE
VIC1,2025-12-16 10:10:00,3376.86,-3.7,TRADE
VIC1,2025-12-16 10:15:00,3291.47,-3.7,TRADE
VIC1,2025-12-16 10:20:00,3168.39,-9.65,TRADE
VIC1,2025-12-16 10:25:00,3180.02,-3.7,TRADE
VIC1,2025-12-16 10:30:00,3028.23,-9.65,TRADE
VIC1,2025-12-16 10:35:00,3056.52,-3.7,TRADE
VIC1,2025-12-16 10:40:00,2932.87,-11.0,TRADE
VIC1,2025-12-16 10:45:00,2960.98,-5.83,TRADE
VIC1,2025-12-16 10:50:00,2868.96,-11.0,TRADE
VIC1,2025-12-16 10:55:00,2876.75,-3.7,TRADE
VIC1,2025-12-16 11:00:00,2721.3,-14.27,TRADE
VIC1,2025-12-16 11:05:00,2768.56,22.04,TRADE
VIC1,2025-12-16 11:10:00,2664.69,-11.0,TRADE
VIC1,2025-12-16 11:15:00,2694.18,-11.0,TRADE
VIC1,2025-12-16 11:20:00,2683.59,-20.37,TRADE
VIC1,2025-12-16 11:25:00,2681.72,-7.25,TRADE
VIC1,2025-12-16 11:30:00,2582.99,-14.13,TRADE
VIC1,2025-12-16 11:35:00,2587.71,-5.83,TRADE
VIC1,2025-12-16 11:40:00,2540.04,-7.36,TRADE
VIC1,2025-12-16 11:45:00,2528.67,-46.32,TRADE
VIC1,2025-12-16 11:50:00,2524.56,-39.48,TRADE
VIC1,2025-12-16 11:55:00,2529.32,-12.51,TRADE
VIC1,2025-12-16 12:00:00,2452.18,-8.25,TRADE
VIC1,2025-12-16 12:05:00,2404.98,-14.27,TRADE
VIC1,2025-12-16 12:10:00,2461.94,-8.0,TRADE
VIC1,2025-12-16 12:15:00,2401.96,-19.88,TRADE
VIC1,2025-12-16 12:20:00,2402.96,-14.27,TRADE
VIC1,2025-12-16 12:25:00,2429.84,-19.24,TRADE
VIC1,2025-12-16 12:30:00,2414.23,-32.67,TRADE
VIC1,2025-12-16 12:35:00,2422.87,-15.03,TRADE
VIC1,2025-12-16 12:40:00,2398.22,-14.27,TRADE
VIC1,2025-12-16 12:45:00,2415.39,-14.27,TRADE
VIC1,2025-12-16 12:50:00,2393.91,-22.97,TRADE
VIC1,2025-12-16 12:55:00,2375.44,-22.96,TRADE
VIC1,2025-12-16 13:00:00,2323.57,-20.99,TRADE
VIC1,2025-12-16 13:05:00,2356.5,-12.51,TRADE
VIC1,2025-12-16 13:10:00,2349.65,-11.0,TRADE
VIC1,2025-12-16 13:15:00,2387.37,-6.01,TRADE
VIC1,2025-12-16 13:20:00,2302.21,-8.0,TRADE
VIC1,2025-12-16 13:25:00,2329.13,-17.49,TRADE
VIC1,2025-12-16 13:30:00,2315.09,-18.17,TRADE
VIC1,2025-12-16 13:35:00,2300.95,-8.0,TRADE
VIC1,2025-12-16 13:40:00,2324.84,-5.83,TRADE
VIC1,2025-12-16 13:45:00,2267.63,-6.29,TRADE
VIC1,2025-12-16 13:50:00,2284.73,-17.29,TRADE
VIC1,2025-12-16 13:55:00,2362.41,-11.0,TRADE
VIC1,2025-12-16 14:00:00,2344.62,-8.25,TRADE
VIC1,2025-12-16 14:05:00,2378.92,-8.25,TRADE
VIC1,2025-12-16 14:10:00,2337.77,-5.83,TRADE
VIC1,2025-12-16 14:15:00,2362.13,-7.36,TRADE
VIC1,2025-12-16 14:20:00,2356.12,-11.0,TRADE
VIC1,2025-12-16 14:25:00,2462.29,-6.06,TRADE
VIC1,2025-12-16 14:30:00,2392.83,-5.83,TRADE
VIC1,2025-12-16 14:35:00,2469.69,-20.99,TRADE
VIC1,2025-12-16 14:40:00,2566.01,-3.7,TRADE
VIC1,2025-12-16 14:45:00,2559.02,-7.25,TRADE
VIC1,2025-12-16 14:50:00,2628.21,-5.83,TRADE
VIC1,2025-12-16 14:55:00,2661.97,-8.0,TRADE
VIC1,2025-12-16 15:00:00,2758.41,-5.83,TRADE
VIC1,2025-12-16 15:05:00,2769.3,-3.7,TRADE
VIC1,2025-12-16 15:10:00,2828.97,-3.7,TRADE
VIC1,2025-12-16 15:15:00,2860.22,-3.7,TRADE
VIC1,2025-12-16 15:20:00,2859.56,-3.7,TRADE
VIC1,2025-12-16 15:25:00,2953.02,-0.04,TRADE
VIC1,2025-12-16 15:30:00,2996.43,-3.7,TRADE
VIC1,2025-12-16 15:35:00,3048.53,-0.04,TRADE
VIC1,2025-12-16 15:40:00,3123.82,-3.7,TRADE
VIC1,2025-12-16 15:45:00,3191.31,4.8,TRADE
VIC1,2025-12-16 15:50:00,3260.22,4.83,TRADE
VIC1,2025-12-16 15:55:00,3317.74,4.82,TRADE
VIC1,2025-12-16 16:00:00,3383.32,8.95,TRADE
VIC1,2025-12-16 16:05:00,3475.93,4.84,TRADE
VIC1,2025-12-16 16:10:00,3528.33,3.42,TRADE
VIC1,2025-12-16 16:15:00,3569.36,4.26,TRADE
VIC1,2025-12-16 16:20:00,3689.55,4.79,TRADE
VIC1,2025-12-16 16:25:00,3764.49,12.71,TRADE
VIC1,2025-12-16 16:30:00,3885.62,4.21,TRADE
VIC1,2025-12-16 16:35:00,3979.03,0.01,TRADE
VIC1,2025-12-16 16:40:00,4039.0,-0.04,TRADE
VIC1,2025-12-16 16:45:00,4143.61,0.0,TRADE
VIC1,2025-12-16 16:50:00,4224.32,-0.04,TRADE
VIC1,2025-12-16 16:55:00,4281.1,0.01,TRADE
VIC1,2025-12-16 17:00:00,4371.58,6.52,TRADE
VIC1,2025-12-16 17:05:00,4424.71,0.01,TRADE
VIC1,2025-12-16 17:10:00,4418.05,4.11,TRADE
VIC1,2025-12-16 17:15:00,4429.75,-2.93,TRADE
VIC1,2025-12-16 17:20:00,4550.66,0.01,TRADE
VIC1,2025-12-16 17:25:00,4623.21,12.71,TRADE
VIC1,2025-12-16 17:30:00,4712.31,14.26,TRADE
VIC1,2025-12-16 17:35:00,4705.32,8.95,TRADE
VIC1,2025-12-16 17:40:00,4788.81,13.55,TRADE
VIC1,2025-12-16 17:45:00,4836.89,14.52,TRADE
VIC1,2025-12-16 17:50:00,4899.16,20.04,TRADE
VIC1,2025-12-16 17:55:00,4948.52,55.56,TRADE
VIC1,2025-12-16 18:00:00,5015.31,60.55,TRADE
VIC1,2025-12-16 18:05:00,5045.36,63.04,TRADE
VIC1,2025-12-16 18:10:00,5050.95,67.69,TRADE
VIC1,2025-12-16 18:15:00,5117.12,70.96,TRADE
VIC1,2025-12-16 18:20:00,5155.53,68.69,TRADE
VIC1,2025-12-16 18:25:00,5187.8,91.35,TRADE
VIC1,2025-12-16 18:30:00,5222.57,81.87,TRADE
VIC1,2025-12-16 18:35:00,5254.39,80.0,TRADE
VIC1,2025-12-16 18:40:00,5296.77,80.0,TRADE
VIC1,2025-12-16 18:45:00,5318.52,80.0,TRADE
VIC1,2025-12-16 18:50:00,5329.14,89.03,TRADE
VIC1,2025-12-16 18:55:00,5343.51,92.81,TRADE
VIC1,2025-12-16 19:00:00,5377.21,80.0,TRADE
VIC1,2025-12-16 19:05:00,5355.23,84.57,TRADE
VIC1,2025-12-16 19:10:00,5365.82,94.27,TRADE
VIC1,2025-12-16 19:15:00,5343.16,80.0,TRADE
VIC1,2025-12-16 19:20:00,5387.41,93.76,TRADE
VIC1,2025-12-16 19:25:00,5382.44,88.57,TRADE
VIC1,2025-12-16 19:30:00,5361.43,80.0,TRADE
VIC1,2025-12-16 19:35:00,5362.09,92.49,TRADE
VIC1,2025-12-16 19:40:00,5368.45,87.15,TRADE
VIC1,2025-12-16 19:45:00,5373.43,86.32,TRADE
VIC1,2025-12-16 19:50:00,5389.48,86.52,TRADE
VIC1,2025-12-16 19:55:00,5372.44,89.88,TRADE
VIC1,2025-12-16 20:00:00,5378.34,89.61,TRADE
VIC1,2025-12-16 20:05:00,5362.69,89.74,TRADE
VIC1,2025-12-16 20:10:00,5376.03,80.0,TRADE
VIC1,2025-12-16 20:15:00,5407.32,80.0,TRADE
VIC1,2025-12-16 20:20:00,5392.49,80.0,TRADE
VIC1,2025-12-16 20:25:00,5381.96,88.99,TRADE
VIC1,2025-12-16 20:30:00,5315.77,80.0,TRADE
VIC1,2025-12-16 20:35:00,5272.83,80.0,TRADE
VIC1,2025-12-16 20:40:00,5272.98,80.0,TRADE
VIC1,2025-12-16 20:45:00,5255.7,85.63,TRADE
VIC1,2025-12-16 20:50:00,5215.06,80.0,TRADE
VIC1,2025-12-16 20:55:00,5194.81,80.0,TRADE
VIC1,2025-12-16 21:00:00,5126.57,80.0,TRADE
VIC1,2025-12-16 21:05:00,5128.03,80.0,TRADE
VIC1,2025-12-16 21:10:00,5106.45,80.0,TRADE
VIC1,2025-12-16 21:15:00,5047.43,70.9,TRADE
VIC1,2025-12-16 21:20:00,5048.21,74.83,TRADE
VIC1,2025-12-16 21:25:00,5011.35,80.0,TRADE
VIC1,2025-12-16 21:30:00,4990.85,88.03,TRADE
VIC1,2025-12-16 21:35:00,4942.88,80.0,TRADE
VIC1,2025-12-16 21:40:00,4908.87,80.0,TRADE
VIC1,2025-12-16 21:45:00,4895.67,88.03,TRADE
VIC1,2025-12-16 21:50:00,4823.2,80.0,TRADE
VIC1,2025-12-16 21:55:00,4797.56,80.0,TRADE
VIC1,2025-12-16 22:00:00,4798.62,80.0,TRADE
VIC1,2025-12-16 22:05:00,4742.65,79.11,TRADE
VIC1,2025-12-16 22:10:00,4750.53,80.0,TRADE
VIC1,2025-12-16 22:15:00,4781.37,88.03,TRADE
VIC1,2025-12-16 22:20:00,4704.38,88.03,TRADE
VIC1,2025-12-16 22:25:00,4695.46,80.0,TRADE
VIC1,2025-12-16 22:30:00,4694.74,80.0,TRADE
VIC1,2025-12-16 22:35:00,4671.29,80.0,TRADE
VIC1,2025-12-16 22:40:00,4666.41,80.0,TRADE
VIC1,2025-12-16 22:45:00,4648.7,88.03,TRADE
VIC1,2025-12-16 22:50:00,4616.67,80.0,TRADE
VIC1,2025-12-16 22:55:00,4629.51,80.0,TRADE
VIC1,2025-12-16 23:00:00,4629.13,80.0,TRADE
VIC1,2025-12-16 23:05:00,4678.86,80.0,TRADE
VIC1,2025-12-16 23:10:00,4787.3,95.24,TRADE
VIC1,2025-12-16 23:15:00,4837.32,84.84,TRADE
VIC1,2025-12-16 23:20:00,4818.48,88.03,TRADE
VIC1,2025-12-16 23:25:00,4816.27,80.0,TRADE
VIC1,2025-12-16 23:30:00,4827.43,80.0,TRADE
VIC1,2025-12-16 23:35:00,4826.44,88.03,TRADE
VIC1,2025-12-16 23:40:00,4794.53,81.03,TRADE
VIC1,2025-12-16 23:45:00,4768.74,82.65,TRADE
VIC1,2025-12-16 23:50:00,4745.29,80.0,TRADE
VIC1,2025-12-16 23:55:00,4725.16,80.0,TRADE
VIC1,2025-12-17 00:00:00,4691.72,79.84,TRADE
VIC1,2025-12-17 00:05:00,4685.5,80.0,TRADE
VIC1,2025-12-17 00:10:00,4630.66,80.81,TRADE
VIC1,2025-12-17 00:15:00,4607.58,80.0,TRADE
VIC1,2025-12-17 00:20:00,4569.06,80.0,TRADE
VIC1,2025-12-17 00:25:00,4561.94,78.1,TRADE
VIC1,2025-12-17 00:30:00,4557.8,78.43,TRADE
VIC1,2025-12-17 00:35:00,4540.85,80.0,TRADE
VIC1,2025-12-17 00:40:00,4502.84,80.0,TRADE
VIC1,2025-12-17 00:45:00,4492.79,80.22,TRADE
VIC1,2025-12-17 00:50:00,4484.4,80.83,TRADE
VIC1,2025-12-17 00:55:00,4441.61,80.0,TRADE
VIC1,2025-12-17 01:00:00,4444.09,80.0,TRADE
VIC1,2025-12-17 01:05:00,4438.33,81.39,TRADE
VIC1,2025-12-17 01:10:00,4413.86,80.81,TRADE
VIC1,2025-12-17 01:15:00,4416.42,80.42,TRADE
VIC1,2025-12-17 01:20:00,4391.66,80.0,TRADE
VIC1,2025-12-17 01:25:00,4374.69,80.0,TRADE
VIC1,2025-12-17 01:30:00,4357.26,80.0,TRADE
VIC1,2025-12-17 01:35:00,4333.8,83.96,TRADE
VIC1,2025-12-17 01:40:00,4304.08,83.99,TRADE
VIC1,2025-12-17 01:45:00,4288.85,84.46,TRADE
VIC1,2025-12-17 01:50:00,4255.51,86.16,TRADE
VIC1,2025-12-17 01:55:00,4250.36,72.8,TRADE
VIC1,2025-12-17 02:00:00,4255.31,84.57,TRADE
VIC1,2025-12-17 02:05:00,4240.25,74.14,TRADE
VIC1,2025-12-17 02:10:00,4249.49,81.55,TRADE
VIC1,2025-12-17 02:15:00,4208.62,76.06,TRADE
VIC1,2025-12-17 02:20:00,4205.24,80.43,TRADE
VIC1,2025-12-17 02:25:00,4202.27,75.38,TRADE
VIC1,2025-12-17 02:30:00,4208.15,71.9,TRADE
VIC1,2025-12-17 02:35:00,4215.35,73.85,TRADE
VIC1,2025-12-17 02:40:00,4194.55,80.0,TRADE
VIC1,2025-12-17 02:45:00,4171.83,73.06,TRADE
VIC1,2025-12-17 02:50:00,4188.46,73.07,TRADE
VIC1,2025-12-17 02:55:00,4167.1,73.07,TRADE
VIC1,2025-12-17 03:00:00,4148.94,72.13,TRADE
VIC1,2025-12-17 03:05:00,4164.01,80.0,TRADE
VIC1,2025-12-17 03:10:00,4183.85,73.72,TRADE
VIC1,2025-12-17 03:15:00,4182.07,80.0,TRADE
VIC1,2025-12-17 03:20:00,4178.07,73.03,TRADE
VIC1,2025-12-17 03:25:00,4187.87,80.0,TRADE
VIC1,2025-12-17 03:30:00,4180.13,72.95,TRADE
VIC1,2025-12-17 03:35:00,4199.44,73.59,TRADE
VIC1,2025-12-17 03:40:00,4226.76,80.0,TRADE
VIC1,2025-12-17 03:45:00,4253.86,80.0,TRADE
VIC1,2025-12-17 03:50:00,4258.34,80.0,TRADE
VIC1,2025-12-17 03:55:00,4265.78,80.0,TRADE
VIC1,2025-12-17 04:00:00,4283.72,80.0,TRADE
VIC1,2025-12-17 04:05:00,4327.88,84.88,TRADE
VIC1,2025-12-17 04:10:00,4367.59,88.03,TRADE
VIC1,2025-12-17 04:15:00,4415.87,80.0,TRADE
VIC1,2025-12-17 04:20:00,4441.26,88.03,TRADE
VIC1,2025-12-17 04:25:00,4422.29,80.75,TRADE
VIC1,2025-12-17 04:30:00,4473.69,100.53,TRADE
VIC1,2025-12-17 04:35:00,4497.79,100.53,TRADE
VIC1,2025-12-17 04:40:00,4516.85,96.55,TRADE
VIC1,2025-12-17 04:45:00,4525.18,100.53,TRADE
VIC1,2025-12-17 04:50:00,4542.93,100.53,TRADE
VIC1,2025-12-17 04:55:00,4570.18,100.53,TRADE
VIC1,2025-12-17 05:00:00,4584.82,105.89,TRADE
VIC1,2025-12-17 05:05:00,4617.74,112.13,TRADE
VIC1,2025-12-17 05:10:00,4683.84,110.98,TRADE
VIC1,2025-12-17 05:15:00,4758.36,111.48,TRADE
VIC1,2025-12-17 05:20:00,4782.37,122.61,TRADE
VIC1,2025-12-17 05:25:00,4843.37,128.24,TRADE
VIC1,2025-12-17 05:30:00,4825.31,125.54,TRADE
VIC1,2025-12-17 05:35:00,4848.43,125.49,TRADE
VIC1,2025-12-17 05:40:00,4863.4,119.69,TRADE
VIC1,2025-12-17 05:45:00,4867.72,119.87,TRADE
VIC1,2025-12-17 05:50:00,4875.39,105.0,TRADE
VIC1,2025-12-17 05:55:00,4908.76,94.64,TRADE
VIC1,2025-12-17 06:00:00,4902.89,77.41,TRADE
VIC1,2025-12-17 06:05:00,4899.35,81.18,TRADE
VIC1,2025-12-17 06:10:00,4942.01,86.14,TRADE
VIC1,2025-12-17 06:15:00,4967.08,60.88,TRADE
VIC1,2025-12-17 06:20:00,4972.58,56.5,TRADE
VIC1,2025-12-17 06:25:00,4964.5,56.5,TRADE
VIC1,2025-12-17 06:30:00,4948.54,38.22,TRADE
VIC1,2025-12-17 06:35:00,4894.56,29.01,TRADE
VIC1,2025-12-17 06:40:00,4889.51,47.23,TRADE
VIC1,2025-12-17 06:45:00,4854.46,37.79,TRADE
VIC1,2025-12-17 06:50:00,4819.92,30.87,TRADE
VIC1,2025-12-17 06:55:00,4764.9,35.93,TRADE
VIC1,2025-12-17 07:00:00,4753.6,36.9,TRADE
VIC1,2025-12-17 07:05:00,4668.48,18.52,TRADE
VIC1,2025-12-17 07:10:00,4620.14,68.45,TRADE
VIC1,2025-12-17 07:15:00,4577.2,68.13,TRADE
VIC1,2025-12-17 07:20:00,4535.97,65.56,TRADE
VIC1,2025-12-17 07:25:00,4482.3,56.34,TRADE
VIC1,2025-12-17 07:30:00,4426.22,47.42,TRADE
VIC1,2025-12-17 07:35:00,4335.2,32.18,TRADE
VIC1,2025-12-17 07:40:00,4287.98,38.69,TRADE
VIC1,2025-12-17 07:45:00,4206.33,22.32,TRADE
VIC1,2025-12-17 07:50:00,4149.52,22.32,TRADE
VIC1,2025-12-17 07:55:00,4142.34,22.32,TRADE
VIC1,2025-12-17 08:00:00,4062.6,22.32,TRADE
VIC1,2025-12-17 08:05:00,4013.49,34.13,TRADE
VIC1,2025-12-17 08:10:00,4002.03,22.32,TRADE
VIC1,2025-12-17 08:15:00,3950.86,22.32,TRADE
VIC1,2025-12-17 08:20:00,3890.65,22.32,TRADE
VIC1,2025-12-17 08:25:00,3856.7,22.32,TRADE
VIC1,2025-12-17 08:30:00,3793.98,5.58,TRADE
VIC1,2025-12-17 08:35:00,3726.68,12.81,TRADE
VIC1,2025-12-17 08:40:00,3655.81,8.94,TRADE
VIC1,2025-12-17 08:45:00,3592.1,12.71,TRADE
VIC1,2025-12-17 08:50:00,3655.33,-16.54,TRADE
VIC1,2025-12-17 08:55:00,3671.42,5.58,TRADE
VIC1,2025-12-17 09:00:00,3544.76,8.95,TRADE
VIC1,2025-12-17 09:05:00,3516.97,4.83,TRADE
VIC1,2025-12-17 09:10:00,3505.12,22.32,TRADE
VIC1,2025-12-17 09:15:00,3509.89,0.67,TRADE
VIC1,2025-12-17 09:20:00,3439.94,8.95,TRADE
VIC1,2025-12-17 09:25:00,3450.74,9.09,TRADE
VIC1,2025-12-17 09:30:00,3377.38,4.93,TRADE
VIC1,2025-12-17 09:35:00,3383.07,0.69,TRADE
VIC1,2025-12-17 09:40:00,3345.99,4.87,TRADE
VIC1,2025-12-17 09:45:00,3338.33,14.04,TRADE
VIC1,2025-12-17 09:50:00,3310.58,8.95,TRADE
VIC1,2025-12-17 09:55:00,3275.8,8.95,TRADE
VIC1,2025-12-17 10:00:00,3268.36,3.05,TRADE
VIC1,2025-12-17 10:05:00,3276.22,8.94,TRADE
VIC1,2025-12-17 10:10:00,3286.55,9.69,TRADE
VIC1,2025-12-17 10:15:00,3300.27,12.71,TRADE
VIC1,2025-12-17 10:20:00,3267.77,7.47,TRADE
VIC1,2025-12-17 10:25:00,3308.9,12.71,TRADE
VIC1,2025-12-17 10:30:00,3303.55,9.69,TRADE
VIC1,2025-12-17 10:35:00,3296.82,7.47,TRADE
VIC1,2025-12-17 10:40:00,3304.11,7.47,TRADE
VIC1,2025-12-17 10:45:00,3248.67,4.9,TRADE
VIC1,2025-12-17 10:50:00,3237.0,7.47,TRADE
VIC1,2025-12-17 10:55:00,3243.38,5.55,TRADE
VIC1,2025-12-17 11:00:00,3217.78,3.08,TRADE
VIC1,2025-12-17 11:05:00,3218.11,8.94,TRADE
VIC1,2025-12-17 11:10:00,3201.32,4.99,TRADE
VIC1,2025-12-17 11:15:00,3217.32,9.69,TRADE
VIC1,2025-12-17 11:20:00,3199.49,9.69,TRADE
VIC1,2025-12-17 11:25:00,3267.06,9.69,TRADE
VIC1,2025-12-17 11:30:00,3265.52,8.95,TRADE
VIC1,2025-12-17 11:35:00,3268.39,8.95,TRADE
VIC1,2025-12-17 11:40:00,3288.93,22.32,TRADE
VIC1,2025-12-17 11:45:00,3339.01,9.69,TRADE
VIC1,2025-12-17 11:50:00,3359.32,9.69,TRADE
VIC1,2025-12-17 11:55:00,3400.83,9.69,TRADE
VIC1,2025-12-17 12:00:00,3383.85,10.18,TRADE
VIC1,2025-12-17 12:05:00,3447.71,9.69,TRADE
VIC1,2025-12-17 12:10:00,3435.39,9.69,TRADE
VIC1,2025-12-17 12:15:00,3432.38,8.95,TRADE
VIC1,2025-12-17 12:20:00,3468.98,12.43,TRADE
VIC1,2025-12-17 12:25:00,3489.97,9.69,TRADE
VIC1,2025-12-17 12:30:00,3537.23,16.4,TRADE
VIC1,2025-12-17 12:35:00,3551.32,9.69,TRADE
VIC1,2025-12-17 12:40:00,3534.69,9.69,TRADE
VIC1,2025-12-17 12:45:00,3597.72,12.43,TRADE
VIC1,2025-12-17 12:50:00,3589.79,10.24,TRADE
VIC1,2025-12-17 12:55:00,3650.85,22.32,TRADE
VIC1,2025-12-17 13:00:00,3681.68,19.18,TRADE
VIC1,2025-12-17 13:05:00,3768.96,8.94,TRADE
VIC1,2025-12-17 13:10:00,3736.16,12.71,TRADE
VIC1,2025-12-17 13:15:00,3789.34,25.01,TRADE
VIC1,2025-12-17 13:20:00,3829.62,9.69,TRADE
VIC1,2025-12-17 13:25:00,3851.12,22.32,TRADE
VIC1,2025-12-17 13:30:00,3847.87,22.05,TRADE
VIC1,2025-12-17 13:35:00,3967.51,22.05,TRADE
VIC1,2025-12-17 13:40:00,4020.22,31.06,TRADE
VIC1,2025-12-17 13:45:00,4050.35,34.8,TRADE
VIC1,2025-12-17 13:50:00,4114.91,38.69,TRADE
VIC1,2025-12-17 13:55:00,4184.4,35.03,TRADE
VIC1,2025-12-17 14:00:00,4209.58,52.02,TRADE
VIC1,2025-12-17 14:05:00,4206.48,38.69,TRADE
VIC1,2025-12-17 14:10:00,4235.58,34.8,TRADE
VIC1,2025-12-17 14:15:00,4278.15,34.91,TRADE
VIC1,2025-12-17 14:20:00,4278.61,34.8,TRADE
VIC1,2025-12-17 14:25:00,4379.95,34.8,TRADE
VIC1,2025-12-17 14:30:00,4450.84,38.69,TRADE
VIC1,2025-12-17 14:35:00,4454.31,35.93,TRADE
VIC1,2025-12-17 14:40:00,4536.42,44.48,TRADE
VIC1,2025-12-17 14:45:00,4623.13,50.91,TRADE
VIC1,2025-12-17 14:50:00,4648.52,52.98,TRADE
VIC1,2025-12-17 14:55:00,4761.58,49.15,TRADE
VIC1,2025-12-17 15:00:00,4828.74,51.66,TRADE
VIC1,2025-12-17 15:05:00,4896.22,37.48,TRADE
VIC1,2025-12-17 15:10:00,4926.26,38.07,TRADE
VIC1,2025-12-17 15:15:00,5046.91,53.62,TRADE
VIC1,2025-12-17 15:20:00,5100.35,62.09,TRADE
VIC1,2025-12-17 15:25:00,5155.36,48.65,TRADE
VIC1,2025-12-17 15:30:00,5209.17,50.53,TRADE
VIC1,2025-12-17 15:35:00,5322.67,40.85,TRADE
VIC1,2025-12-17 15:40:00,5348.92,37.65,TRADE
VIC1,2025-12-17 15:45:00,5469.16,56.5,TRADE
VIC1,2025-12-17 15:50:00,5547.89,56.5,TRADE
VIC1,2025-12-17 15:55:00,5660.97,94.03,TRADE
VIC1,2025-12-17 16:00:00,5714.98,88.03,TRADE
VIC1,2025-12-17 16:05:00,5770.79,88.03,TRADE
VIC1,2025-12-17 16:10:00,5803.02,55.41,TRADE
VIC1,2025-12-17 16:15:00,5849.87,90.0,TRADE
VIC1,2025-12-17 16:20:00,5963.65,90.0,TRADE
VIC1,2025-12-17 16:25:00,6101.98,100.53,TRADE
VIC1,2025-12-17 16:30:00,6201.96,116.5,TRADE
VIC1,2025-12-17 16:35:00,6310.33,136.46,TRADE
VIC1,2025-12-17 16:40:00,6403.76,108.07,TRADE
VIC1,2025-12-17 16:45:00,6517.58,100.53,TRADE
VIC1,2025-12-17 16:50:00,6607.55,113.2,TRADE
VIC1,2025-12-17 16:55:00,6606.49,97.0,TRADE
VIC1,2025-12-17 17:00:00,6603.93,97.0,TRADE
VIC1,2025-12-17 17:05:00,6560.55,89.75,TRADE
VIC1,2025-12-17 17:10:00,6508.62,87.41,TRADE
VIC1,2025-12-17 17:15:00,6531.14,97.0,TRADE
VIC1,2025-12-17 17:20:00,6538.77,97.0,TRADE
VIC1,2025-12-17 17:25:00,6657.47,113.2,TRADE
VIC1,2025-12-17 17:30:00,6759.81,143.69,TRADE
VIC1,2025-12-17 17:35:00,6850.3,144.06,TRADE
VIC1,2025-12-17 17:40:00,6886.74,152.94,TRADE
VIC1,2025-12-17 17:45:00,6920.55,149.75,TRADE
VIC1,2025-12-17 17:50:00,6949.69,152.34,TRADE
VIC1,2025-12-17 17:55:00,6996.37,176.02,TRADE
VIC1,2025-12-17 18:00:00,7001.53,178.23,TRADE
VIC1,2025-12-17 18:05:00,7006.26,170.5,TRADE
VIC1,2025-12-17 18:10:00,6967.07,210.14,TRADE
VIC1,2025-12-17 18:15:00,6898.74,194.69,TRADE
VIC1,2025-12-17 18:20:00,6926.06,115.0,TRADE
VIC1,2025-12-17 18:25:00,6964.69,122.57,TRADE
VIC1,2025-12-17 18:30:00,7040.92,191.91,TRADE
VIC1,2025-12-17 18:35:00,7001.03,170.5,TRADE
VIC1,2025-12-17 18:40:00,7002.9,196.29,TRADE
VIC1,2025-12-17 18:45:00,7015.75,217.71,TRADE
VIC1,2025-12-17 18:50:00,6982.42,194.69,TRADE
VIC1,2025-12-17 18:55:00,6995.89,196.34,TRADE
VIC1,2025-12-17 19:00:00,6980.59,223.36,TRADE
VIC1,2025-12-17 19:05:00,6874.8,225.14,TRADE
VIC1,2025-12-17 19:10:00,6842.8,223.36,TRADE
VIC1,2025-12-17 19:15:00,6829.08,207.18,TRADE
VIC1,2025-12-17 19:20:00,6807.4,223.83,TRADE
VIC1,2025-12-17 19:25:00,6778.27,223.36,TRADE
VIC1,2025-12-17 19:30:00,6732.71,205.95,TRADE
VIC1,2025-12-17 19:35:00,6704.23,194.69,TRADE
VIC1,2025-12-17 19:40:00,6745.99,223.36,TRADE
VIC1,2025-12-17 19:45:00,6613.09,223.36,TRADE
VIC1,2025-12-17 19:50:00,6615.58,200.89,TRADE
VIC1,2025-12-17 19:55:00,6578.87,209.74,TRADE
VIC1,2025-12-17 20:00:00,6525.31,223.36,TRADE
VIC1,2025-12-17 20:05:00,6511.51,221.36,TRADE
VIC1,2025-12-17 20:10:00,6451.01,221.69,TRADE
VIC1,2025-12-17 20:15:00,6381.63,194.69,TRADE
VIC1,2025-12-17 20:20:00,6367.8,221.69,TRADE
VIC1,2025-12-17 20:25:00,6294.09,194.69,TRADE
VIC1,2025-12-17 20:30:00,6273.36,221.69,TRADE
VIC1,2025-12-17 20:35:00,6199.21,144.06,TRADE
VIC1,2025-12-17 20:40:00,6202.5,194.69,TRADE
VIC1,2025-12-17 20:45:00,6171.56,144.06,TRADE
VIC1,2025-12-17 20:50:00,6113.07,194.69,TRADE
VIC1,2025-12-17 20:55:00,6054.37,144.06,TRADE
VIC1,2025-12-17 21:00:00,5955.51,144.04,TRADE
VIC1,2025-12-17 21:05:00,5951.66,144.06,TRADE
VIC1,2025-12-17 21:10:00,5902.92,144.06,TRADE
VIC1,2025-12-17 21:15:00,5842.02,157.0,TRADE
VIC1,2025-12-17 21:20:00,5784.91,143.69,TRADE
VIC1,2025-12-17 21:25:00,5745.99,143.69,TRADE
VIC1,2025-12-17 21:30:00,5690.98,142.12,TRADE
VIC1,2025-12-17 21:35:00,5659.28,155.71,TRADE
VIC1,2025-12-17 21:40:00,5593.87,153.2,TRADE
VIC1,2025-12-17 21:45:00,5536.95,144.01,TRADE
VIC1,2025-12-17 21:50:00,5521.15,139.63,TRADE
VIC1,2025-12-17 21:55:00,5445.65,139.63,TRADE
VIC1,2025-12-17 22:00:00,5395.08,127.96,TRADE
VIC1,2025-12-17 22:05:00,5296.26,146.83,TRADE
VIC1,2025-12-17 22:10:00,5321.67,157.0,TRADE
VIC1,2025-12-17 22:15:00,5259.19,157.3,TRADE
VIC1,2025-12-17 22:20:00,5217.26,157.0,TRADE
VIC1,2025-12-17 22:25:00,5203.15,157.0,TRADE
VIC1,2025-12-17 22:30:00,5156.36,157.0,TRADE
VIC1,2025-12-17 22:35:00,5125.86,158.0,TRADE
VIC1,2025-12-17 22:40:00,5120.8,157.72,TRADE
VIC1,2025-12-17 22:45:00,5092.58,152.73,TRADE
VIC1,2025-12-17 22:50:00,5056.53,151.51,TRADE
VIC1,2025-12-17 22:55:00,5072.28,157.0,TRADE
VIC1,2025-12-17 23:00:00,5040.5,157.0,TRADE
VIC1,2025-12-17 23:05:00,5070.43,158.0,TRADE
VIC1,2025-12-17 23:10:00,5162.43,158.0,TRADE
VIC1,2025-12-17 23:15:00,5220.23,158.27,TRADE
VIC1,2025-12-17 23:20:00,5199.72,157.0,TRADE
VIC1,2025-12-17 23:25:00,5188.38,157.0,TRADE
VIC1,2025-12-17 23:30:00,5151.54,152.43,TRADE
VIC1,2025-12-17 23:35:00,5129.04,157.0,TRADE
VIC1,2025-12-17 23:40:00,5045.86,158.0,TRADE
VIC1,2025-12-17 23:45:00,5018.82,158.27,TRADE
VIC1,2025-12-17 23:50:00,4999.56,158.27,TRADE
VIC1,2025-12-17 23:55:00,4967.04,158.0,TRADE
VIC1,2025-12-18 00:00:00,4905.06,157.56,TRADE
VIC1,2025-12-18 00:05:00,4912.25,142.59,TRADE
VIC1,2025-12-18 00:10:00,4851.56,157.0,TRADE
VIC1,2025-12-18 00:15:00,4872.09,158.56,TRADE
VIC1,2025-12-18 00:20:00,4834.86,158.97,TRADE
VIC1,2025-12-18 00:25:00,4818.39,158.65,TRADE
VIC1,2025-12-18 00:30:00,4796.29,157.0,TRADE
VIC1,2025-12-18 00:35:00,4754.16,135.34,TRADE
VIC1,2025-12-18 00:40:00,4723.81,135.26,TRADE
VIC1,2025-12-18 00:45:00,4681.82,134.51,TRADE
VIC1,2025-12-18 00:50:00,4679.83,135.42,TRADE
VIC1,2025-12-18 00:55:00,4654.13,127.2,TRADE
VIC1,2025-12-18 01:00:00,4627.87,127.28,TRADE
VIC1,2025-12-18 01:05:00,4611.16,157.0,TRADE
VIC1,2025-12-18 01:10:00,4566.46,158.0,TRADE
VIC1,2025-12-18 01:15:00,4531.19,156.9,TRADE
VIC1,2025-12-18 01:20:00,4526.83,148.61,TRADE
VIC1,2025-12-18 01:25:00,4504.28,135.32,TRADE
VIC1,2025-12-18 01:30:00,4514.81,157.66,TRADE
VIC1,2025-12-18 01:35:00,4505.24,157.0,TRADE
VIC1,2025-12-18 01:40:00,4479.63,157.0,TRADE
VIC1,2025-12-18 01:45:00,4446.66,128.37,TRADE
VIC1,2025-12-18 01:50:00,4441.68,128.97,TRADE
VIC1,2025-12-18 01:55:00,4428.66,136.65,TRADE
VIC1,2025-12-18 02:00:00,4390.23,128.92,TRADE
VIC1,2025-12-18 02:05:00,4388.47,135.37,TRADE
VIC1,2025-12-18 02:10:00,4391.2,120.0,TRADE
VIC1,2025-12-18 02:15:00,4387.97,128.57,TRADE
VIC1,2025-12-18 02:20:00,4382.09,136.93,TRADE
VIC1,2025-12-18 02:25:00,4342.13,129.01,TRADE
VIC1,2025-12-18 02:30:00,4346.94,126.96,TRADE
VIC1,2025-12-18 02:35:00,4324.67,126.39,TRADE
VIC1,2025-12-18 02:40:00,4320.97,120.0,TRADE
VIC1,2025-12-18 02:45:00,4311.45,124.26,TRADE
VIC1,2025-12-18 02:50:00,4313.48,125.84,TRADE
VIC1,2025-12-18 02:55:00,4317.87,125.34,TRADE
VIC1,2025-12-18 03:00:00,4318.83,120.02,TRADE
VIC1,2025-12-18 03:05:00,4303.32,120.0,TRADE
VIC1,2025-12-18 03:10:00,4294.17,120.0,TRADE
VIC1,2025-12-18 03:15:00,4299.26,120.0,TRADE
VIC1,2025-12-18 03:20:00,4290.76,120.0,TRADE
VIC1,2025-12-18 03:25:00,4306.74,120.0,TRADE
VIC1,2025-12-18 03:30:00,4308.67,125.97,TRADE
VIC1,2025-12-18 03:35:00,4322.46,120.0,TRADE
VIC1,2025-12-18 03:40:00,4331.85,120.0,TRADE
VIC1,2025-12-18 03:45:00,4332.04,120.0,TRADE
VIC1,2025-12-18 03:50:00,4354.99,120.0,TRADE
VIC1,2025-12-18 03:55:00,4355.41,123.49,TRADE
VIC1,2025-12-18 04:00:00,4350.36,120.0,TRADE
VIC1,2025-12-18 04:05:00,4385.57,120.0,TRADE
VIC1,2025-12-18 04:10:00,4436.31,120.0,TRADE
VIC1,2025-12-18 04:15:00,4434.99,116.86,TRADE
VIC1,2025-12-18 04:20:00,4452.1,120.0,TRADE
VIC1,2025-12-18 04:25:00,4465.77,150.79,TRADE
VIC1,2025-12-18 04:30:00,4485.31,116.89,TRADE
VIC1,2025-12-18 04:35:00,4521.95,130.22,TRADE
VIC1,2025-12-18 04:40:00,4550.07,128.97,TRADE
VIC1,2025-12-18 04:45:00,4573.96,123.9,TRADE
VIC1,2025-12-18 04:50:00,4614.32,131.36,TRADE
VIC1,2025-12-18 04:55:00,4598.6,151.87,TRADE
VIC1,2025-12-18 05:00:00,4628.74,124.61,TRADE
VIC1,2025-12-18 05:05:00,4656.88,128.9,TRADE
VIC1,2025-12-18 05:10:00,4730.64,137.36,TRADE
VIC1,2025-12-18 05:15:00,4743.8,145.02,TRADE
VIC1,2025-12-18 05:20:00,4754.99,128.44,TRADE
VIC1,2025-12-18 05:25:00,4810.57,130.44,TRADE
VIC1,2025-12-18 05:30:00,4842.35,127.6,TRADE
VIC1,2025-12-18 05:35:00,4839.63,109.48,TRADE
VIC1,2025-12-18 05:40:00,4847.21,89.79,TRADE
VIC1,2025-12-18 05:45:00,4835.36,89.01,TRADE
VIC1,2025-12-18 05:50:00,4819.78,80.49,TRADE
VIC1,2025-12-18 05:55:00,4844.89,89.9,TRADE
VIC1,2025-12-18 06:00:00,4831.45,88.26,TRADE
VIC1,2025-12-18 06:05:00,4854.03,56.05,TRADE
VIC1,2025-12-18 06:10:00,4920.26,75.66,TRADE
VIC1,2025-12-18 06:15:00,4932.45,74.65,TRADE
VIC1,2025-12-18 06:20:00,4930.69,12.96,TRADE
VIC1,2025-12-18 06:25:00,4939.21,30.08,TRADE
VIC1,2025-12-18 06:30:00,4902.88,11.68,TRADE
VIC1,2025-12-18 06:35:00,4910.32,13.17,TRADE
VIC1,2025-12-18 06:40:00,4917.59,12.2,TRADE
VIC1,2025-12-18 06:45:00,4900.28,11.66,TRADE
VIC1,2025-12-18 06:50:00,4853.99,10.39,TRADE
VIC1,2025-12-18 06:55:00,4848.16,9.69,TRADE
VIC1,2025-12-18 07:00:00,4835.83,9.69,TRADE
VIC1,2025-12-18 07:05:00,4865.94,10.57,TRADE
VIC1,2025-12-18 07:10:00,4841.37,11.53,TRADE
VIC1,2025-12-18 07:15:00,4812.94,11.26,TRADE
VIC1,2025-12-18 07:20:00,4777.08,11.36,TRADE
VIC1,2025-12-18 07:25:00,4801.7,13.08,TRADE
VIC1,2025-12-18 07:30:00,4773.55,12.71,TRADE
VIC1,2025-12-18 07:35:00,4730.97,38.42,TRADE
VIC1,2025-12-18 07:40:00,4661.74,19.18,TRADE
VIC1,2025-12-18 07:45:00,4690.46,19.18,TRADE
VIC1,2025-12-18 07:50:00,4673.32,19.18,TRADE
VIC1,2025-12-18 07:55:00,4646.19,19.09,TRADE
VIC1,2025-12-18 08:00:00,4603.61,17.4,TRADE
VIC1,2025-12-18 08:05:00,4607.19,22.35,TRADE
VIC1,2025-12-18 08:10:00,4622.2,28.54,TRADE
VIC1,2025-12-18 08:15:00,4601.18,22.35,TRADE
VIC1,2025-12-18 08:20:00,4578.97,22.19,TRADE
VIC1,2025-12-18 08:25:00,4569.29,22.19,TRADE
VIC1,2025-12-18 08:30:00,4571.46,22.05,TRADE
VIC1,2025-12-18 08:35:00,4562.83,13.7,TRADE
VIC1,2025-12-18 08:40:00,4512.9,13.3,TRADE
VIC1,2025-12-18 08:45:00,4501.97,12.71,TRADE
VIC1,2025-12-18 08:50:00,4455.88,19.18,TRADE
VIC1,2025-12-18 08:55:00,4457.36,12.71,TRADE
VIC1,2025-12-18 09:00:00,4440.1,11.35,TRADE
VIC1,2025-12-18 09:05:00,4436.61,13.7,TRADE
VIC1,2025-12-18 09:10:00,4431.57,11.23,TRADE
VIC1,2025-12-18 09:15:00,4443.67,9.69,TRADE
VIC1,2025-12-18 09:20:00,4479.62,8.95,TRADE
VIC1,2025-12-18 09:25:00,4481.56,7.47,TRADE
VIC1,2025-12-18 09:30:00,4475.9,4.68,TRADE
VIC1,2025-12-18 09:35:00,4478.03,7.47,TRADE
VIC1,2025-12-18 09:40:00,4426.42,0.01,TRADE
VIC1,2025-12-18 09:45:00,4460.45,2.05,TRADE
VIC1,2025-12-18 09:50:00,4473.46,0.01,TRADE
VIC1,2025-12-18 09:55:00,4537.16,0.0,TRADE
VIC1,2025-12-18 10:00:00,4534.95,-3.7,TRADE
VIC1,2025-12-18 10:05:00,4504.01,-3.7,TRADE
VIC1,2025-12-18 10:10:00,4603.98,-3.7,TRADE
VIC1,2025-12-18 10:15:00,4609.21,6.85,TRADE
VIC1,2025-12-18 10:20:00,4610.04,-3.7,TRADE
VIC1,2025-12-18 10:25:00,4624.52,-3.7,TRADE
VIC1,2025-12-18 10:30:00,4681.45,0.0,TRADE
VIC1,2025-12-18 10:35:00,4681.78,0.0,TRADE
VIC1,2025-12-18 10:40:00,4702.91,-3.7,TRADE
VIC1,2025-12-18 10:45:00,4739.23,-3.7,TRADE
VIC1,2025-12-18 10:50:00,4770.7,-3.7,TRADE
VIC1,2025-12-18 10:55:00,4779.07,-3.7,TRADE
VIC1,2025-12-18 11:00:00,4815.4,-3.7,TRADE
VIC1,2025-12-18 11:05:00,4846.35,-3.7,TRADE
VIC1,2025-12-18 11:10:00,4888.43,-3.7,TRADE
VIC1,2025-12-18 11:15:00,4902.53,-3.7,TRADE
VIC1,2025-12-18 11:20:00,4913.42,-3.7,TRADE
VIC1,2025-12-18 11:25:00,4971.4,-3.7,TRADE
VIC1,2025-12-18 11:30:00,4989.54,-3.7,TRADE
VIC1,2025-12-18 11:35:00,5025.95,-3.7,TRADE
VIC1,2025-12-18 11:40:00,5024.19,-3.7,TRADE
VIC1,2025-12-18 11:45:00,5095.98,-3.7,TRADE
VIC1,2025-12-18 11:50:00,5139.02,8.95,TRADE
VIC1,2025-12-18 11:55:00,5198.25,50.77,TRADE
VIC1,2025-12-18 12:00:00,5180.76,34.8,TRADE
VIC1,2025-12-18 12:05:00,5262.28,8.95,TRADE
VIC1,2025-12-18 12:10:00,5278.79,22.05,TRADE
VIC1,2025-12-18 12:15:00,5319.78,8.95,TRADE
VIC1,2025-12-18 12:20:00,5379.19,-3.7,TRADE
VIC1,2025-12-18 12:25:00,5442.85,4.66,TRADE
VIC1,2025-12-18 12:30:00,5444.14,10.14,TRADE
VIC1,2025-12-18 12:35:00,5474.67,8.95,TRADE
VIC1,2025-12-18 12:40:00,5483.86,-3.7,TRADE
VIC1,2025-12-18 12:45:00,5539.63,38.23,TRADE
VIC1,2025-12-18 12:50:00,5519.82,60.4,TRADE
VIC1,2025-12-18 12:55:00,5604.26,22.05,TRADE
VIC1,2025-12-18 13:00:00,5616.57,8.95,TRADE
VIC1,2025-12-18 13:05:00,5619.63,8.95,TRADE
VIC1,2025-12-18 13:10:00,5601.59,27.94,TRADE
VIC1,2025-12-18 13:15:00,5559.79,22.05,TRADE
VIC1,2025-12-18 13:20:00,5601.8,22.05,TRADE
VIC1,2025-12-18 13:25:00,5588.67,28.18,TRADE
VIC1,2025-12-18 13:30:00,5569.87,12.71,TRADE
VIC1,2025-12-18 13:35:00,5604.35,38.25,TRADE
VIC1,2025-12-18 13:40:00,5627.71,35.95,TRADE
VIC1,2025-12-18 13:45:00,5616.45,20.04,TRADE
VIC1,2025-12-18 13:50:00,5674.3,30.03,TRADE
VIC1,2025-12-18 13:55:00,5711.55,34.76,TRADE
VIC1,2025-12-18 14:00:00,5703.73,52.19,TRADE
VIC1,2025-12-18 14:05:00,5778.32,61.67,TRADE
VIC1,2025-12-18 14:10:00,5735.18,61.87,TRADE
VIC1,2025-12-18 14:15:00,5786.66,41.22,TRADE
VIC1,2025-12-18 14:20:00,5840.46,-3.7,TRADE
VIC1,2025-12-18 14:25:00,5861.91,4.02,TRADE
VIC1,2025-12-18 14:30:00,5882.9,0.0,TRADE
VIC1,2025-12-18 14:35:00,5849.88,31.57,TRADE
VIC1,2025-12-18 14:40:00,5972.06,12.71,TRADE
VIC1,2025-12-18 14:45:00,5989.32,12.36,TRADE
VIC1,2025-12-18 14:50:00,6073.33,119.27,TRADE
VIC1,2025-12-18 14:55:00,6108.08,158.01,TRADE
VIC1,2025-12-18 15:00:00,6119.24,148.32,TRADE
VIC1,2025-12-18 15:05:00,6150.47,137.96,TRADE
VIC1,2025-12-18 15:10:00,6207.36,160.93,TRADE
VIC1,2025-12-18 15:15:00,6291.25,164.59,TRADE
VIC1,2025-12-18 15:20:00,6295.17,139.59,TRADE
VIC1,2025-12-18 15:25:00,6384.44,175.74,TRADE
VIC1,2025-12-18 15:30:00,6492.76,194.69,TRADE
VIC1,2025-12-18 15:35:00,6495.8,162.1,TRADE
VIC1,2025-12-18 15:40:00,6566.72,163.14,TRADE
VIC1,2025-12-18 15:45:00,6638.21,137.96,TRADE
VIC1,2025-12-18 15:50:00,6653.84,150.64,TRADE
VIC1,2025-12-18 15:55:00,6791.68,156.65,TRADE
VIC1,2025-12-18 16:00:00,6814.17,156.92,TRADE
VIC1,2025-12-18 16:05:00,6884.88,194.69,TRADE
VIC1,2025-12-18 16:10:00,6922.05,194.69,TRADE
VIC1,2025-12-18 16:15:00,6922.63,177.61,TRADE
VIC1,2025-12-18 16:20:00,6997.52,177.06,TRADE
VIC1,2025-12-18 16:25:00,7089.8,194.69,TRADE
VIC1,2025-12-18 16:30:00,7103.72,221.69,TRADE
VIC1,2025-12-18 16:35:00,7177.85,162.8,TRADE
VIC1,2025-12-18 16:40:00,7278.89,194.69,TRADE
VIC1,2025-12-18 16:45:00,7325.31,182.71,TRADE
VIC1,2025-12-18 16:50:00,7445.45,181.32,TRADE
VIC1,2025-12-18 16:55:00,7539.15,181.32,TRADE
VIC1,2025-12-18 17:00:00,7649.55,181.32,TRADE
VIC1,2025-12-18 17:05:00,7688.17,181.32,TRADE
VIC1,2025-12-18 17:10:00,7648.05,177.34,TRADE
VIC1,2025-12-18 17:15:00,7755.48,181.32,TRADE
VIC1,2025-12-18 17:20:00,7765.75,160.46,TRADE
VIC1,2025-12-18 17:25:00,7874.68,181.32,TRADE
VIC1,2025-12-18 17:30:00,7996.95,194.69,TRADE
VIC1,2025-12-18 17:35:00,8038.4,221.8,TRADE
VIC1,2025-12-18 17:40:00,7982.74,194.69,TRADE
VIC1,2025-12-18 17:45:00,8041.54,221.69,TRADE
VIC1,2025-12-18 17:50:00,8090.55,217.12,TRADE
VIC1,2025-12-18 17:55:00,8145.5,213.18,TRADE
VIC1,2025-12-18 18:00:00,8140.54,218.66,TRADE
VIC1,2025-12-18 18:05:00,8062.38,194.69,TRADE
VIC1,2025-12-18 18:10:00,8019.86,197.38,TRADE
VIC1,2025-12-18 18:15:00,8028.83,227.72,TRADE
VIC1,2025-12-18 18:20:00,8042.29,259.3,TRADE
VIC1,2025-12-18 18:25:00,8035.56,259.38,TRADE
VIC1,2025-12-18 18:30:00,8082.24,298.69,TRADE
VIC1,2025-12-18 18:35:00,8063.91,293.79,TRADE
VIC1,2025-12-18 18:40:00,8063.58,259.3,TRADE
VIC1,2025-12-18 18:45:00,8124.35,283.75,TRADE
VIC1,2025-12-18 18:50:00,8099.69,301.01,TRADE
VIC1,2025-12-18 18:55:00,8014.46,320.07,TRADE
VIC1,2025-12-18 19:00:00,8052.47,324.26,TRADE
VIC1,2025-12-18 19:05:00,7964.83,319.69,TRADE
VIC1,2025-12-18 19:10:00,7625.98,241.36,TRADE
VIC1,2025-12-18 19:15:00,7602.52,259.3,TRADE
VIC1,2025-12-18 19:20:00,7527.03,242.72,TRADE
VIC1,2025-12-18 19:25:00,7489.89,265.02,TRADE
VIC1,2025-12-18 19:30:00,7429.92,241.71,TRADE
VIC1,2025-12-18 19:35:00,7392.66,181.32,TRADE
VIC1,2025-12-18 19:40:00,7334.11,239.31,TRADE
VIC1,2025-12-18 19:45:00,7287.05,192.9,TRADE
VIC1,2025-12-18 19:50:00,7222.64,170.5,TRADE
VIC1,2025-12-18 19:55:00,7187.88,201.32,TRADE
VIC1,2025-12-18 20:00:00,7103.71,182.47,TRADE
VIC1,2025-12-18 20:05:00,7218.79,221.99,TRADE
VIC1,2025-12-18 20:10:00,7303.28,181.32,TRADE
VIC1,2025-12-18 20:15:00,7233.11,213.69,TRADE
VIC1,2025-12-18 20:20:00,7163.66,180.94,TRADE
VIC1,2025-12-18 20:25:00,7146.3,237.48,TRADE
VIC1,2025-12-18 20:30:00,7072.66,237.48,TRADE
VIC1,2025-12-18 20:35:00,6957.99,180.94,TRADE
VIC1,2025-12-18 20:40:00,6939.86,187.25,TRADE
VIC1,2025-12-18 20:45:00,6908.87,180.94,TRADE
VIC1,2025-12-18 20:50:00,6840.71,181.32,TRADE
VIC1,2025-12-18 20:55:00,6766.7,180.94,TRADE
VIC1,2025-12-18 21:00:00,6690.44,180.94,TRADE
VIC1,2025-12-18 21:05:00,6608.85,181.32,TRADE
VIC1,2025-12-18 21:10:00,6492.14,181.32,TRADE
VIC1,2025-12-18 21:15:00,6410.32,180.94,TRADE
VIC1,2025-12-18 21:20:00,6337.32,159.14,TRADE
VIC1,2025-12-18 21:25:00,6345.65,178.51,TRADE
VIC1,2025-12-18 21:30:00,6209.74,163.46,TRADE
VIC1,2025-12-18 21:35:00,6183.43,194.69,TRADE
VIC1,2025-12-18 21:40:00,6110.57,179.05,TRADE
VIC1,2025-12-18 21:45:00,6015.81,194.69,TRADE
VIC1,2025-12-18 21:50:00,5948.81,180.94,TRADE
VIC1,2025-12-18 21:55:00,5895.59,179.1,TRADE
VIC1,2025-12-18 22:00:00,5857.35,177.34,TRADE
VIC1,2025-12-18 22:05:00,5751.55,205.19,TRADE
VIC1,2025-12-18 22:10:00,5708.15,177.61,TRADE
VIC1,2025-12-18 22:15:00,5722.01,138.32,TRADE
VIC1,2025-12-18 22:20:00,5683.02,161.85,TRADE
VIC1,2025-12-18 22:25:00,5613.26,171.82,TRADE
VIC1,2025-12-18 22:30:00,5577.98,143.45,TRADE
VIC1,2025-12-18 22:35:00,5520.36,175.61,TRADE
VIC1,2025-12-18 22:40:00,5557.17,168.27,TRADE
VIC1,2025-12-18 22:45:00,5554.99,134.01,TRADE
VIC1,2025-12-18 22:50:00,5509.81,137.96,TRADE
VIC1,2025-12-18 22:55:00,5508.85,138.46,TRADE
VIC1,2025-12-18 23:00:00,5484.56,130.6,TRADE
VIC1,2025-12-18 23:05:00,5477.52,137.96,TRADE
VIC1,2025-12-18 23:10:00,5560.51,264.08,TRADE
VIC1,2025-12-18 23:15:00,5563.3,156.77,TRADE
VIC1,2025-12-18 23:20:00,5550.39,181.32,TRADE
VIC1,2025-12-18 23:25:00,5550.41,140.08,TRADE
VIC1,2025-12-18 23:30:00,5532.19,159.38,TRADE
VIC1,2025-12-18 23:35:00,5483.67,137.96,TRADE
VIC1,2025-12-18 23:40:00,5441.29,139.52,TRADE
VIC1,2025-12-18 23:45:00,5384.24,128.58,TRADE
VIC1,2025-12-18 23:50:00,5354.53,163.95,TRADE
VIC1,2025-12-18 23:55:00,5309.26,137.96,TRADE
VIC1,2025-12-19 00:00:00,5246.29,137.96,TRADE
VIC1,2025-12-19 00:05:00,5243.51,160.74,TRADE
VIC1,2025-12-19 00:10:00,5157.52,156.45,TRADE
VIC1,2025-12-19 00:15:00,5110.15,160.92,TRADE
VIC1,2025-12-19 00:20:00,5071.24,155.91,TRADE
VIC1,2025-12-19 00:25:00,5024.31,155.4,TRADE
VIC1,2025-12-19 00:30:00,5028.54,140.38,TRADE
VIC1,2025-12-19 00:35:00,5018.96,153.85,TRADE
VIC1,2025-12-19 00:40:00,4998.3,158.56,TRADE
VIC1,2025-12-19 00:45:00,4974.35,158.27,TRADE
VIC1,2025-12-19 00:50:00,4937.41,138.58,TRADE
VIC1,2025-12-19 00:55:00,4927.55,152.53,TRADE
VIC1,2025-12-19 01:00:00,4921.5,129.89,TRADE
VIC1,2025-12-19 01:05:00,4915.92,140.69,TRADE
VIC1,2025-12-19 01:10:00,4889.46,140.29,TRADE
VIC1,2025-12-19 01:15:00,4878.82,121.34,TRADE
VIC1,2025-12-19 01:20:00,4850.09,139.58,TRADE
VIC1,2025-12-19 01:25:00,4819.59,120.0,TRADE
VIC1,2025-12-19 01:30:00,4793.09,101.18,TRADE
VIC1,2025-12-19 01:35:00,4765.09,120.0,TRADE
VIC1,2025-12-19 01:40:00,4749.9,92.57,TRADE
VIC1,2025-12-19 01:45:00,4695.73,104.64,TRADE
VIC1,2025-12-19 01:50:00,4663.93,106.76,TRADE
VIC1,2025-12-19 01:55:00,4653.66,135.51,TRADE
VIC1,2025-12-19 02:00:00,4617.03,90.0,TRADE
VIC1,2025-12-19 02:05:00,4619.52,97.0,TRADE
VIC1,2025-12-19 02:10:00,4618.64,102.2,TRADE
VIC1,2025-12-19 02:15:00,4614.39,108.74,TRADE
VIC1,2025-12-19 02:20:00,4609.59,108.71,TRADE
VIC1,2025-12-19 02:25:00,4617.01,120.0,TRADE
VIC1,2025-12-19 02:30:00,4604.39,106.99,TRADE
VIC1,2025-12-19 02:35:00,4603.84,97.0,TRADE
VIC1,2025-12-19 02:40:00,4588.72,97.0,TRADE
VIC1,2025-12-19 02:45:00,4601.31,100.57,TRADE
VIC1,2025-12-19 02:50:00,4587.17,97.0,TRADE
VIC1,2025-12-19 02:55:00,4579.96,97.0,TRADE
VIC1,2025-12-19 03:00:00,4547.06,97.0,TRADE
VIC1,2025-12-19 03:05:00,4540.4,97.0,TRADE
VIC1,2025-12-19 03:10:00,4538.09,90.4,TRADE
VIC1,2025-12-19 03:15:00,4537.5,95.54,TRADE
VIC1,2025-12-19 03:20:00,4549.89,90.56,TRADE
VIC1,2025-12-19 03:25:00,4522.35,80.0,TRADE
VIC1,2025-12-19 03:30:00,4566.99,98.1,TRADE
VIC1,2025-12-19 03:35:00,4562.49,80.0,TRADE
VIC1,2025-12-19 03:40:00,4579.67,80.0,TRADE
VIC1,2025-12-19 03:45:00,4564.84,80.0,TRADE
VIC1,2025-12-19 03:50:00,4574.62,80.0,TRADE
VIC1,2025-12-19 03:55:00,4600.03,80.0,TRADE
VIC1,2025-12-19 04:00:00,4597.18,75.28,TRADE
VIC1,2025-12-19 04:05:00,4630.11,80.0,TRADE
VIC1,2025-12-19 04:10:00,4689.0,80.0,TRADE
VIC1,2025-12-19 04:15:00,4719.17,76.47,TRADE
VIC1,2025-12-19 04:20:00,4739.89,77.31,TRADE
VIC1,2025-12-19 04:25:00,4761.61,80.0,TRADE
VIC1,2025-12-19 04:30:00,4775.36,80.0,TRADE
VIC1,2025-12-19 04:35:00,4791.17,80.0,TRADE
VIC1,2025-12-19 04:40:00,4836.83,80.0,TRADE
VIC1,2025-12-19 04:45:00,4879.42,80.0,TRADE
VIC1,2025-12-19 04:50:00,4901.08,80.0,TRADE
VIC1,2025-12-19 04:55:00,4913.31,80.0,TRADE
VIC1,2025-12-19 05:00:00,4904.09,80.0,TRADE
VIC1,2025-12-19 05:05:00,4968.48,82.2,TRADE
VIC1,2025-12-19 05:10:00,5006.68,80.0,TRADE
VIC1,2025-12-19 05:15:00,5070.39,80.0,TRADE
VIC1,2025-12-19 05:20:00,5094.5,80.0,TRADE
VIC1,2025-12-19 05:25:00,5135.6,80.0,TRADE
VIC1,2025-12-19 05:30:00,5164.77,80.0,TRADE
VIC1,2025-12-19 05:35:00,5201.69,70.63,TRADE
VIC1,2025-12-19 05:40:00,5273.63,75.33,TRADE
VIC1,2025-12-19 05:45:00,5302.2,63.18,TRADE
VIC1,2025-12-19 05:50:00,5340.47,57.69,TRADE
VIC1,2025-12-19 05:55:00,5348.78,58.56,TRADE
VIC1,2025-12-19 06:00:00,5359.2,91.0,TRADE
VIC1,2025-12-19 06:05:00,5350.03,92.0,TRADE
VIC1,2025-12-19 06:10:00,5406.44,91.69,TRADE
VIC1,2025-12-19 06:15:00,5416.88,37.05,TRADE
VIC1,2025-12-19 06:20:00,5531.99,91.69,TRADE
VIC1,2025-12-19 06:25:00,5522.47,91.69,TRADE
VIC1,2025-12-19 06:30:00,5512.0,72.85,TRADE
VIC1,2025-12-19 06:35:00,5549.86,52.87,TRADE
VIC1,2025-12-19 06:40:00,5606.04,34.86,TRADE
VIC1,2025-12-19 06:45:00,5619.73,33.33,TRADE
VIC1,2025-12-19 06:50:00,5669.28,50.77,TRADE
VIC1,2025-12-19 06:55:00,5618.46,46.03,TRADE
VIC1,2025-12-19 07:00:00,5627.77,33.42,TRADE
VIC1,2025-12-19 07:05:00,5684.64,37.78,TRADE
VIC1,2025-12-19 07:10:00,5661.37,51.38,TRADE
VIC1,2025-12-19 07:15:00,5649.53,69.31,TRADE
VIC1,2025-12-19 07:20:00,5663.73,39.65,TRADE
VIC1,2025-12-19 07:25:00,5743.62,70.47,TRADE
VIC1,2025-12-19 07:30:00,5743.7,50.77,TRADE
VIC1,2025-12-19 07:35:00,5760.49,72.85,TRADE
VIC1,2025-12-19 07:40:00,5775.25,72.85,TRADE
VIC1,2025-12-19 07:45:00,5773.96,66.81,TRADE
VIC1,2025-12-19 07:50:00,5744.31,63.64,TRADE
VIC1,2025-12-19 07:55:00,5755.76,73.83,TRADE
VIC1,2025-12-19 08:00:00,5752.48,60.79,TRADE
VIC1,2025-12-19 08:05:00,5782.66,42.28,TRADE
VIC1,2025-12-19 08:10:00,5844.37,65.91,TRADE
VIC1,2025-12-19 08:15:00,5892.72,60.7,TRADE
VIC1,2025-12-19 08:20:00,5858.0,59.2,TRADE
VIC1,2025-12-19 08:25:00,5893.85,121.53,TRADE
VIC1,2025-12-19 08:30:00,5897.23,82.19,TRADE
VIC1,2025-12-19 08:35:00,5872.24,91.69,TRADE
VIC1,2025-12-19 08:40:00,5871.39,120.0,TRADE
VIC1,2025-12-19 08:45:00,5883.59,121.53,TRADE
VIC1,2025-12-19 08:50:00,5911.33,110.95,TRADE
VIC1,2025-12-19 08:55:00,5902.06,119.9,TRADE
VIC1,2025-12-19 09:00:00,5893.86,91.69,TRADE
VIC1,2025-12-19 09:05:00,5889.92,121.53,TRADE
VIC1,2025-12-19 09:10:00,5910.45,121.53,TRADE
VIC1,2025-12-19 09:15:00,5870.33,140.73,TRADE
VIC1,2025-12-19 09:20:00,5872.54,97.0,TRADE
VIC1,2025-12-19 09:25:00,5930.69,91.69,TRADE
VIC1,2025-12-19 09:30:00,5952.42,106.21,TRADE
VIC1,2025-12-19 09:35:00,6040.3,139.98,TRADE
VIC1,2025-12-19 09:40:00,6147.38,158.97,TRADE
VIC1,2025-12-19 09:45:00,6218.16,133.14,TRADE
VIC1,2025-12-19 09:50:00,6191.56,143.75,TRADE
VIC1,2025-12-19 09:55:00,6251.48,158.97,TRADE
VIC1,2025-12-19 10:00:00,6287.87,147.5,TRADE
VIC1,2025-12-19 10:05:00,6299.86,91.69,TRADE
VIC1,2025-12-19 10:10:00,6370.08,96.57,TRADE
VIC1,2025-12-19 10:15:00,6341.73,91.69,TRADE
VIC1,2025-12-19 10:20:00,6357.11,91.69,TRADE
VIC1,2025-12-19 10:25:00,6373.71,91.69,TRADE
VIC1,2025-12-19 10:30:00,6353.17,91.69,TRADE
VIC1,2025-12-19 10:35:00,6353.65,100.23,TRADE
VIC1,2025-12-19 10:40:00,6348.05,105.0,TRADE
VIC1,2025-12-19 10:45:00,6295.83,83.49,TRADE
VIC1,2025-12-19 10:50:00,6315.36,156.65,TRADE
VIC1,2025-12-19 10:55:00,6245.38,83.57,TRADE
VIC1,2025-12-19 11:00:00,6276.13,100.23,TRADE
VIC1,2025-12-19 11:05:00,6275.22,90.0,TRADE
VIC1,2025-12-19 11:10:00,6295.92,141.88,TRADE
VIC1,2025-12-19 11:15:00,6302.22,221.53,TRADE
VIC1,2025-12-19 11:20:00,6254.45,223.36,TRADE
VIC1,2025-12-19 11:25:00,6309.99,244.02,TRADE
VIC1,2025-12-19 11:30:00,6255.32,279.69,TRADE
VIC1,2025-12-19 11:35:00,6219.21,222.43,TRADE
VIC1,2025-12-19 11:40:00,6234.77,175.64,TRADE
VIC1,2025-12-19 11:45:00,6219.06,170.22,TRADE
VIC1,2025-12-19 11:50:00,6201.65,141.71,TRADE
VIC1,2025-12-19 11:55:00,6139.32,97.0,TRADE
VIC1,2025-12-19 12:00:00,6102.25,97.0,TRADE
VIC1,2025-12-19 12:05:00,6091.48,105.0,TRADE
VIC1,2025-12-19 12:10:00,6040.39,100.23,TRADE
VIC1,2025-12-19 12:15:00,5971.41,158.97,TRADE
VIC1,2025-12-19 12:20:00,5986.97,141.77,TRADE
VIC1,2025-12-19 12:25:00,6019.26,181.53,TRADE
VIC1,2025-12-19 12:30:00,6019.5,223.36,TRADE
VIC1,2025-12-19 12:35:00,5997.21,5.24,TRADE
VIC1,2025-12-19 12:40:00,6037.05,34.36,TRADE
VIC1,2025-12-19 12:45:00,6098.65,61.19,TRADE
VIC1,2025-12-19 12:50:00,6185.67,100.23,TRADE
VIC1,2025-12-19 12:55:00,6315.77,91.69,TRADE
VIC1,2025-12-19 13:00:00,6403.6,100.23,TRADE
VIC1,2025-12-19 13:05:00,6489.32,127.86,TRADE
VIC1,2025-12-19 13:10:00,6525.31,141.39,TRADE
VIC1,2025-12-19 13:15:00,6537.39,158.11,TRADE
VIC1,2025-12-19 13:20:00,6584.47,100.23,TRADE
VIC1,2025-12-19 13:25:00,6615.62,120.0,TRADE
VIC1,2025-12-19 13:30:00,6623.87,140.27,TRADE
VIC1,2025-12-19 13:35:00,6677.95,97.0,TRADE
VIC1,2025-12-19 13:40:00,6672.74,90.75,TRADE
VIC1,2025-12-19 13:45:00,6590.15,84.06,TRADE
VIC1,2025-12-19 13:50:00,6606.49,91.69,TRADE
VIC1,2025-12-19 13:55:00,6633.25,110.69,TRADE
VIC1,2025-12-19 14:00:00,6682.82,110.69,TRADE
VIC1,2025-12-19 14:05:00,6657.65,110.69,TRADE
VIC1,2025-12-19 14:10:00,6631.7,110.69,TRADE
VIC1,2025-12-19 14:15:00,6600.63,110.69,TRADE
VIC1,2025-12-19 14:20:00,6585.52,110.69,TRADE
VIC1,2025-12-19 14:25:00,6602.52,91.69,TRADE
VIC1,2025-12-19 14:30:00,6600.16,90.0,TRADE
VIC1,2025-12-19 14:35:00,6665.99,90.07,TRADE
VIC1,2025-12-19 14:40:00,6692.81,80.0,TRADE
VIC1,2025-12-19 14:45:00,6823.8,91.69,TRADE
VIC1,2025-12-19 14:50:00,6871.14,100.23,TRADE
VIC1,2025-12-19 14:55:00,6879.25,100.23,TRADE
VIC1,2025-12-19 15:00:00,6877.64,91.69,TRADE
VIC1,2025-12-19 15:05:00,6913.54,90.65,TRADE
VIC1,2025-12-19 15:10:00,6935.28,91.69,TRADE
VIC1,2025-12-19 15:15:00,6974.54,97.0,TRADE
VIC1,2025-12-19 15:20:00,6976.02,97.0,TRADE
VIC1,2025-12-19 15:25:00,6947.54,100.23,TRADE
VIC1,2025-12-19 15:30:00,7068.74,97.0,TRADE
VIC1,2025-12-19 15:35:00,7030.2,115.0,TRADE
VIC1,2025-12-19 15:40:00,6998.64,100.23,TRADE
VIC1,2025-12-19 15:45:00,7002.39,115.0,TRADE
VIC1,2025-12-19 15:50:00,6992.82,120.0,TRADE
VIC1,2025-12-19 15:55:00,6956.77,115.0,TRADE
VIC1,2025-12-19 16:00:00,6925.68,97.0,TRADE
VIC1,2025-12-19 16:05:00,6783.15,80.0,TRADE
VIC1,2025-12-19 16:10:00,6772.08,80.0,TRADE
VIC1,2025-12-19 16:15:00,6697.95,80.0,TRADE
VIC1,2025-12-19 16:20:00,6701.76,58.5,TRADE
VIC1,2025-12-19 16:25:00,6674.78,56.5,TRADE
VIC1,2025-12-19 16:30:00,6619.74,56.5,TRADE
VIC1,2025-12-19 16:35:00,6620.34,42.77,TRADE
VIC1,2025-12-19 16:40:00,6549.73,56.5,TRADE
VIC1,2025-12-19 16:45:00,6561.79,56.5,TRADE
VIC1,2025-12-19 16:50:00,6560.48,58.5,TRADE
VIC1,2025-12-19 16:55:00,6455.0,58.5,TRADE
VIC1,2025-12-19 17:00:00,6413.44,39.02,TRADE
VIC1,2025-12-19 17:05:00,6373.79,39.23,TRADE
VIC1,2025-12-19 17:10:00,6233.9,56.5,TRADE
VIC1,2025-12-19 17:15:00,6221.77,56.5,TRADE
VIC1,2025-12-19 17:20:00,6186.7,56.5,TRADE
VIC1,2025-12-19 17:25:00,6214.61,115.07,TRADE
VIC1,2025-12-19 17:30:00,6228.94,137.96,TRADE
VIC1,2025-12-19 17:35:00,6243.99,119.02,TRADE
VIC1,2025-12-19 17:40:00,6282.7,120.08,TRADE
VIC1,2025-12-19 17:45:00,6263.42,120.95,TRADE
VIC1,2025-12-19 17:50:00,6295.43,80.0,TRADE
VIC1,2025-12-19 17:55:00,6387.19,97.0,TRADE
VIC1,2025-12-19 18:00:00,6373.13,120.0,TRADE
VIC1,2025-12-19 18:05:00,6391.16,80.0,TRADE
VIC1,2025-12-19 18:10:00,6383.9,105.89,TRADE
VIC1,2025-12-19 18:15:00,6443.89,115.0,TRADE
VIC1,2025-12-19 18:20:00,6454.11,97.0,TRADE
VIC1,2025-12-19 18:25:00,6439.43,111.29,TRADE
VIC1,2025-12-19 18:30:00,6466.62,140.88,TRADE
VIC1,2025-12-19 18:35:00,6444.7,161.24,TRADE
VIC1,2025-12-19 18:40:00,6419.61,139.83,TRADE
VIC1,2025-12-19 18:45:00,6392.86,136.45,TRADE
VIC1,2025-12-19 18:50:00,6392.32,137.73,TRADE
VIC1,2025-12-19 18:55:00,6417.82,139.99,TRADE
VIC1,2025-12-19 19:00:00,6354.83,117.11,TRADE
VIC1,2025-12-19 19:05:00,6415.24,129.67,TRADE
VIC1,2025-12-19 19:10:00,6369.67,136.73,TRADE
VIC1,2025-12-19 19:15:00,6337.6,125.71,TRADE
VIC1,2025-12-19 19:20:00,6345.39,127.14,TRADE
VIC1,2025-12-19 19:25:00,6349.38,124.78,TRADE
VIC1,2025-12-19 19:30:00,6280.74,121.53,TRADE
VIC1,2025-12-19 19:35:00,6299.18,143.21,TRADE
VIC1,2025-12-19 19:40:00,6276.45,123.11,TRADE
VIC1,2025-12-19 19:45:00,6238.51,121.53,TRADE
VIC1,2025-12-19 19:50:00,6210.29,120.86,TRADE
VIC1,2025-12-19 19:55:00,6219.68,121.53,TRADE
VIC1,2025-12-19 20:00:00,6203.25,121.53,TRADE
VIC1,2025-12-19 20:05:00,6225.09,120.66,TRADE
VIC1,2025-12-19 20:10:00,6136.8,118.93,TRADE
VIC1,2025-12-19 20:15:00,6110.73,128.23,TRADE
VIC1,2025-12-19 20:20:00,6076.99,119.06,TRADE
VIC1,2025-12-19 20:25:00,6076.29,121.53,TRADE
VIC1,2025-12-19 20:30:00,6044.12,122.58,TRADE
VIC1,2025-12-19 20:35:00,5999.27,119.25,TRADE
VIC1,2025-12-19 20:40:00,5962.63,120.5,TRADE
VIC1,2025-12-19 20:45:00,5900.68,104.94,TRADE
VIC1,2025-12-19 20:50:00,5887.25,117.08,TRADE
VIC1,2025-12-19 20:55:00,5877.46,112.76,TRADE
VIC1,2025-12-19 21:00:00,5813.89,100.29,TRADE
VIC1,2025-12-19 21:05:00,5783.99,115.47,TRADE
VIC1,2025-12-19 21:10:00,5723.75,112.3,TRADE
VIC1,2025-12-19 21:15:00,5740.52,105.74,TRADE
VIC1,2025-12-19 21:20:00,5652.47,120.08,TRADE
VIC1,2025-12-19 21:25:00,5636.71,97.65,TRADE
VIC1,2025-12-19 21:30:00,5609.51,104.94,TRADE
VIC1,2025-12-19 21:35:00,5481.68,115.61,TRADE
VIC1,2025-12-19 21:40:00,5497.72,112.91,TRADE
VIC1,2025-12-19 21:45:00,5421.18,97.0,TRADE
VIC1,2025-12-19 21:50:00,5357.96,109.59,TRADE
VIC1,2025-12-19 21:55:00,5350.2,109.55,TRADE
VIC1,2025-12-19 22:00:00,5302.34,95.99,TRADE
VIC1,2025-12-19 22:05:00,5239.58,107.25,TRADE
VIC1,2025-12-19 22:10:00,5285.36,122.11,TRADE
VIC1,2025-12-19 22:15:00,5252.76,123.31,TRADE
VIC1,2025-12-19 22:20:00,5187.81,104.94,TRADE
VIC1,2025-12-19 22:25:00,5195.19,99.53,TRADE
VIC1,2025-12-19 22:30:00,5209.66,118.56,TRADE
VIC1,2025-12-19 22:35:00,5174.56,105.15,TRADE
VIC1,2025-12-19 22:40:00,5156.77,120.45,TRADE
VIC1,2025-12-19 22:45:00,5135.16,101.61,TRADE
VIC1,2025-12-19 22:50:00,5097.68,119.6,TRADE
VIC1,2025-12-19 22:55:00,5067.37,117.37,TRADE
VIC1,2025-12-19 23:00:00,5047.09,112.54,TRADE
VIC1,2025-12-19 23:05:00,5071.33,104.03,TRADE
VIC1,2025-12-19 23:10:00,5156.87,105.25,TRADE
VIC1,2025-12-19 23:15:00,5163.83,124.78,TRADE
VIC1,2025-12-19 23:20:00,5142.15,104.94,TRADE
VIC1,2025-12-19 23:25:00,5200.37,125.49,TRADE
VIC1,2025-12-19 23:30:00,5165.03,112.2,TRADE
VIC1,2025-12-19 23:35:00,5148.97,105.89,TRADE
VIC1,2025-12-19 23:40:00,5096.98,107.38,TRADE
VIC1,2025-12-19 23:45:00,5040.19,117.0,TRADE
VIC1,2025-12-19 23:50:00,5036.18,126.32,TRADE
VIC1,2025-12-19 23:55:00,4935.14,119.49,TRADE
VIC1,2025-12-22 00:00:00,4264.69,55.65,TRADE
VIC1,2025-12-22 00:05:00,4251.95,60.0,TRADE
VIC1,2025-12-22 00:10:00,4253.74,65.0,TRADE
VIC1,2025-12-22 00:15:00,4214.12,61.99,TRADE
VIC1,2025-12-22 00:20:00,4172.65,65.66,TRADE
VIC1,2025-12-22 00:25:00,4170.76,66.7,TRADE
VIC1,2025-12-22 00:30:00,4135.33,67.68,TRADE
VIC1,2025-12-22 00:35:00,4132.38,68.71,TRADE
VIC1,2025-12-22 00:40:00,4116.24,70.52,TRADE
VIC1,2025-12-22 00:45:00,4083.75,73.79,TRADE
VIC1,2025-12-22 00:50:00,4066.53,65.48,TRADE
VIC1,2025-12-22 00:55:00,4048.08,67.56,TRADE
VIC1,2025-12-22 01:00:00,4048.61,70.52,TRADE
VIC1,2025-12-22 01:05:00,4038.69,70.52,TRADE
VIC1,2025-12-22 01:10:00,3993.87,70.52,TRADE
VIC1,2025-12-22 01:15:00,4000.38,70.52,TRADE
VIC1,2025-12-22 01:20:00,3966.82,70.52,TRADE
VIC1,2025-12-22 01:25:00,3984.56,70.52,TRADE
VIC1,2025-12-22 01:30:00,3965.35,70.52,TRADE
VIC1,2025-12-22 01:35:00,3931.91,62.13,TRADE
VIC1,2025-12-22 01:40:00,3948.09,70.52,TRADE
VIC1,2025-12-22 01:45:00,3915.88,68.79,TRADE
VIC1,2025-12-22 01:50:00,3895.33,68.3,TRADE
VIC1,2025-12-22 01:55:00,3869.63,67.8,TRADE
VIC1,2025-12-22 02:00:00,3856.25,68.3,TRADE
VIC1,2025-12-22 02:05:00,3836.25,68.26,TRADE
VIC1,2025-12-22 02:10:00,3835.52,67.3,TRADE
VIC1,2025-12-22 02:15:00,3851.16,83.26,TRADE
VIC1,2025-12-22 02:20:00,3858.26,77.68,TRADE
VIC1,2025-12-22 02:25:00,3843.52,72.61,TRADE
VIC1,2025-12-22 02:30:00,3835.9,72.33,TRADE
VIC1,2025-12-22 02:35:00,3818.25,68.78,TRADE
VIC1,2025-12-22 02:40:00,3813.19,70.52,TRADE
VIC1,2025-12-22 02:45:00,3825.35,82.21,TRADE
VIC1,2025-12-22 02:50:00,3805.01,79.08,TRADE
VIC1,2025-12-22 02:55:00,3810.09,78.19,TRADE
VIC1,2025-12-22 03:00:00,3831.65,81.1,TRADE
VIC1,2025-12-22 03:05:00,3818.21,84.89,TRADE
VIC1,2025-12-22 03:10:00,3787.79,85.19,TRADE
VIC1,2025-12-22 03:15:00,3773.65,84.87,TRADE
VIC1,2025-12-22 03:20:00,3771.23,84.25,TRADE
VIC1,2025-12-22 03:25:00,3783.24,81.42,TRADE
VIC1,2025-12-22 03:30:00,3809.9,85.3,TRADE
VIC1,2025-12-22 03:35:00,3821.17,80.44,TRADE
VIC1,2025-12-22 03:40:00,3824.34,83.85,TRADE
VIC1,2025-12-22 03:45:00,3831.41,88.64,TRADE
VIC1,2025-12-22 03:50:00,3838.93,88.67,TRADE
VIC1,2025-12-22 03:55:00,3844.91,92.91,TRADE
VIC1,2025-12-22 04:00:00,3846.26,35.94,TRADE
VIC1,2025-12-22 04:05:00,3863.11,60.84,TRADE
VIC1,2025-12-22 04:10:00,3903.94,35.94,TRADE
VIC1,2025-12-22 04:15:00,3880.79,32.46,TRADE
VIC1,2025-12-22 04:20:00,3952.02,75.66,TRADE
VIC1,2025-12-22 04:25:00,3947.45,55.95,TRADE
VIC1,2025-12-22 04:30:00,3978.37,33.69,TRADE
VIC1,2025-12-22 04:35:00,3992.9,70.52,TRADE
VIC1,2025-12-22 04:40:00,4062.47,75.66,TRADE
VIC1,2025-12-22 04:45:00,4018.86,10.14,TRADE
VIC1,2025-12-22 04:50:00,4011.97,35.94,TRADE
VIC1,2025-12-22 04:55:00,4031.48,35.94,TRADE
VIC1,2025-12-22 05:00:00,4074.22,70.52,TRADE
VIC1,2025-12-22 05:05:00,4104.29,28.53,TRADE
VIC1,2025-12-22 05:10:00,4177.38,22.35,TRADE
VIC1,2025-12-22 05:15:00,4203.65,78.65,TRADE
VIC1,2025-12-22 05:20:00,4224.0,22.35,TRADE
VIC1,2025-12-22 05:25:00,4222.93,22.35,TRADE
VIC1,2025-12-22 05:30:00,4270.81,18.94,TRADE
VIC1,2025-12-22 05:35:00,4284.61,22.35,TRADE
VIC1,2025-12-22 05:40:00,4292.65,19.18,TRADE
VIC1,2025-12-22 05:45:00,4329.93,16.82,TRADE
VIC1,2025-12-22 05:50:00,4314.44,22.35,TRADE
VIC1,2025-12-22 05:55:00,4360.09,22.35,TRADE
VIC1,2025-12-22 06:00:00,4339.25,0.0,TRADE
VIC1,2025-12-22 06:05:00,4331.53,-2.7,TRADE
VIC1,2025-12-22 06:10:00,4325.37,-2.7,TRADE
VIC1,2025-12-22 06:15:00,4404.49,-2.7,TRADE
VIC1,2025-12-22 06:20:00,4355.22,-9.04,TRADE
VIC1,2025-12-22 06:25:00,4430.95,-10.0,TRADE
VIC1,2025-12-22 06:30:00,4421.41,-7.99,TRADE
VIC1,2025-12-22 06:35:00,4310.89,-7.99,TRADE
VIC1,2025-12-22 06:40:00,4304.66,-14.27,TRADE
VIC1,2025-12-22 06:45:00,4281.09,-3.3,TRADE
VIC1,2025-12-22 06:50:00,4254.88,-2.7,TRADE
VIC1,2025-12-22 06:55:00,4217.75,-7.25,TRADE
VIC1,2025-12-22 07:00:00,4256.77,-15.64,TRADE
VIC1,2025-12-22 07:05:00,4344.38,-2.7,TRADE
VIC1,2025-12-22 07:10:00,4288.38,-5.83,TRADE
VIC1,2025-12-22 07:15:00,4315.92,-2.7,TRADE
VIC1,2025-12-22 07:20:00,4251.32,-2.7,TRADE
VIC1,2025-12-22 07:25:00,4197.2,-6.13,TRADE
VIC1,2025-12-22 07:30:00,4276.89,-2.7,TRADE
VIC1,2025-12-22 07:35:00,4216.31,-13.33,TRADE
VIC1,2025-12-22 07:40:00,4205.27,-7.25,TRADE
VIC1,2025-12-22 07:45:00,4187.25,-7.36,TRADE
VIC1,2025-12-22 07:50:00,4190.24,-2.7,TRADE
VIC1,2025-12-22 07:55:00,4099.31,-8.0,TRADE
VIC1,2025-12-22 08:00:00,4164.45,-2.7,TRADE
VIC1,2025-12-22 08:05:00,4202.37,-8.0,TRADE
VIC1,2025-12-22 08:10:00,4295.69,-7.25,TRADE
VIC1,2025-12-22 08:15:00,4259.48,-7.25,TRADE
VIC1,2025-12-22 08:20:00,4238.12,-5.73,TRADE
VIC1,2025-12-22 08:25:00,4165.73,-8.25,TRADE
VIC1,2025-12-22 08:30:00,4183.26,-8.25,TRADE
VIC1,2025-12-22 08:35:00,4173.2,-5.73,TRADE
VIC1,2025-12-22 08:40:00,4084.44,-14.27,TRADE
VIC1,2025-12-22 08:45:00,4092.63,-8.0,TRADE
VIC1,2025-12-22 08:50:00,3990.01,-12.51,TRADE
VIC1,2025-12-22 08:55:00,4017.74,-8.25,TRADE
VIC1,2025-12-22 09:00:00,3901.26,-11.99,TRADE
VIC1,2025-12-22 09:05:00,3984.0,-2.7,TRADE
VIC1,2025-12-22 09:10:00,3859.11,-7.25,TRADE
VIC1,2025-12-22 09:15:00,3910.73,-2.7,TRADE
VIC1,2025-12-22 09:20:00,3858.93,-8.0,TRADE
VIC1,2025-12-22 09:25:00,3909.72,-7.36,TRADE
VIC1,2025-12-22 09:30:00,3897.45,-2.7,TRADE
VIC1,2025-12-22 09:35:00,3840.28,-7.25,TRADE
VIC1,2025-12-22 09:40:00,3811.37,-7.36,TRADE
VIC1,2025-12-22 09:45:00,3780.47,-8.0,TRADE
VIC1,2025-12-22 09:50:00,3738.23,-8.0,TRADE
VIC1,2025-12-22 09:55:00,3693.71,-5.73,TRADE
VIC1,2025-12-22 10:00:00,3605.43,-8.0,TRADE
VIC1,2025-12-22 10:05:00,3606.21,-8.0,TRADE
VIC1,2025-12-22 10:10:00,3550.03,-59.99,TRADE
VIC1,2025-12-22 10:15:00,3546.45,-39.48,TRADE
VIC1,2025-12-22 10:20:00,3501.67,-44.97,TRADE
VIC1,2025-12-22 10:25:00,3460.2,-59.46,TRADE
VIC1,2025-12-22 10:30:00,3538.43,-50.01,TRADE
VIC1,2025-12-22 10:35:00,3532.18,-20.99,TRADE
VIC1,2025-12-22 10:40:00,3512.86,-25.0,TRADE
VIC1,2025-12-22 10:45:00,3615.76,-33.58,TRADE
VIC1,2025-12-22 10:50:00,3641.13,-38.63,TRADE
VIC1,2025-12-22 10:55:00,3651.74,-15.64,TRADE
VIC1,2025-12-22 11:00:00,3599.08,-25.0,TRADE
VIC1,2025-12-22 11:05:00,3606.65,-8.0,TRADE
VIC1,2025-12-22 11:10:00,3571.62,-2.7,TRADE
VIC1,2025-12-22 11:15:00,3464.06,-2.7,TRADE
VIC1,2025-12-22 11:20:00,3498.95,-5.73,TRADE
VIC1,2025-12-22 11:25:00,3499.18,-7.32,TRADE
VIC1,2025-12-22 11:30:00,3497.21,-5.73,TRADE
VIC1,2025-12-22 11:35:00,3437.16,-8.0,TRADE
VIC1,2025-12-22 11:40:00,3411.77,-15.64,TRADE
VIC1,2025-12-22 11:45:00,3405.76,-7.32,TRADE
VIC1,2025-12-22 11:50:00,3324.62,-8.0,TRADE
VIC1,2025-12-22 11:55:00,3317.53,-8.0,TRADE
VIC1,2025-12-22 12:00:00,3230.81,-8.0,TRADE
VIC1,2025-12-22 12:05:00,3214.18,-8.0,TRADE
VIC1,2025-12-22 12:10:00,3226.29,-8.25,TRADE
VIC1,2025-12-22 12:15:00,3255.28,-8.0,TRADE
VIC1,2025-12-22 12:20:00,3204.11,-8.25,TRADE
VIC1,2025-12-22 12:25:00,3179.64,-8.25,TRADE
VIC1,2025-12-22 12:30:00,3106.59,-25.0,TRADE
VIC1,2025-12-22 12:35:00,3066.52,-11.0,TRADE
VIC1,2025-12-22 12:40:00,3025.11,-12.51,TRADE
VIC1,2025-12-22 12:45:00,3038.23,-12.71,TRADE
VIC1,2025-12-22 12:50:00,2931.84,-10.68,TRADE
VIC1,2025-12-22 12:55:00,2939.58,-11.0,TRADE
VIC1,2025-12-22 13:00:00,2873.83,-12.51,TRADE
VIC1,2025-12-22 13:05:00,2881.96,-15.64,TRADE
VIC1,2025-12-22 13:10:00,2899.31,-11.0,TRADE
VIC1,2025-12-22 13:15:00,2929.64,-8.0,TRADE
VIC1,2025-12-22 13:20:00,2934.29,-25.0,TRADE
VIC1,2025-12-22 13:25:00,2968.99,-11.0,TRADE
VIC1,2025-12-22 13:30:00,2941.64,-12.51,TRADE
VIC1,2025-12-22 13:35:00,2941.46,-8.25,TRADE
VIC1,2025-12-22 13:40:00,2954.99,-7.32,TRADE
VIC1,2025-12-22 13:45:00,2902.54,-18.17,TRADE
VIC1,2025-12-22 13:50:00,2858.37,-14.27,TRADE
VIC1,2025-12-22 13:55:00,2819.51,-18.82,TRADE
VIC1,2025-12-22 14:00:00,2768.72,-18.54,TRADE
VIC1,2025-12-22 14:05:00,2749.65,-11.0,TRADE
VIC1,2025-12-22 14:10:00,2739.31,-12.58,TRADE
VIC1,2025-12-22 14:15:00,2715.41,-11.0,TRADE
VIC1,2025-12-22 14:20:00,2697.87,-20.37,TRADE
VIC1,2025-12-22 14:25:00,2764.04,-14.27,TRADE
VIC1,2025-12-22 14:30:00,2729.14,-8.0,TRADE
VIC1,2025-12-22 14:35:00,2723.69,-14.27,TRADE
VIC1,2025-12-22 14:40:00,2764.16,-12.51,TRADE
VIC1,2025-12-22 14:45:00,2789.99,-11.0,TRADE
VIC1,2025-12-22 14:50:00,2793.71,-14.27,TRADE
VIC1,2025-12-22 14:55:00,2842.48,-14.27,TRADE
VIC1,2025-12-22 15:00:00,2865.97,-12.51,TRADE
VIC1,2025-12-22 15:05:00,3034.4,-14.27,TRADE
VIC1,2025-12-22 15:10:00,3061.37,-39.48,TRADE
VIC1,2025-12-22 15:15:00,3116.76,-20.99,TRADE
VIC1,2025-12-22 15:20:00,3123.79,-20.99,TRADE
VIC1,2025-12-22 15:25:00,3132.2,-20.99,TRADE
VIC1,2025-12-22 15:30:00,3183.29,-28.17,TRADE
VIC1,2025-12-22 15:35:00,3234.86,-36.1,TRADE
VIC1,2025-12-22 15:40:00,3271.42,-14.27,TRADE
VIC1,2025-12-22 15:45:00,3335.68,-12.51,TRADE
VIC1,2025-12-22 15:50:00,3339.4,-14.27,TRADE
VIC1,2025-12-22 15:55:00,3410.12,-12.51,TRADE
VIC1,2025-12-22 16:00:00,3410.76,-15.64,TRADE
VIC1,2025-12-22 16:05:00,3491.49,-11.0,TRADE
VIC1,2025-12-22 16:10:00,3523.9,-11.0,TRADE
VIC1,2025-12-22 16:15:00,3516.82,-8.25,TRADE
VIC1,2025-12-22 16:20:00,3605.81,-7.32,TRADE
VIC1,2025-12-22 16:25:00,3577.01,-11.0,TRADE
VIC1,2025-12-22 16:30:00,3752.33,-7.32,TRADE
VIC1,2025-12-22 16:35:00,3765.39,-7.32,TRADE
VIC1,2025-12-22 16:40:00,3841.45,-7.32,TRADE
VIC1,2025-12-22 16:45:00,3922.4,-7.32,TRADE
VIC1,2025-12-22 16:50:00,3985.17,-8.0,TRADE
VIC1,2025-12-22 16:55:00,4056.07,-7.32,TRADE
VIC1,2025-12-22 17:00:00,4026.66,-8.0,TRADE
VIC1,2025-12-22 17:05:00,4090.34,-19.99,TRADE
VIC1,2025-12-22 17:10:00,4027.45,-19.24,TRADE
VIC1,2025-12-22 17:15:00,4071.27,-11.0,TRADE
VIC1,2025-12-22 17:20:00,4127.9,-19.13,TRADE
VIC1,2025-12-22 17:25:00,4246.47,-7.36,TRADE
VIC1,2025-12-22 17:30:00,4266.45,-8.0,TRADE
VIC1,2025-12-22 17:35:00,4337.15,-8.0,TRADE
VIC1,2025-12-22 17:40:00,4379.47,-2.7,TRADE
VIC1,2025-12-22 17:45:00,4406.87,15.08,TRADE
VIC1,2025-12-22 17:50:00,4397.52,-5.73,TRADE
VIC1,2025-12-22 17:55:00,4447.27,34.8,TRADE
VIC1,2025-12-22 18:00:00,4504.89,0.0,TRADE
VIC1,2025-12-22 18:05:00,4577.51,61.99,TRADE
VIC1,2025-12-22 18:10:00,4548.52,37.05,TRADE
VIC1,2025-12-22 18:15:00,4617.51,73.79,TRADE
VIC1,2025-12-22 18:20:00,4615.73,75.89,TRADE
VIC1,2025-12-22 18:25:00,4675.96,105.06,TRADE
VIC1,2025-12-22 18:30:00,4662.41,105.65,TRADE
VIC1,2025-12-22 18:35:00,4714.0,21.93,TRADE
VIC1,2025-12-22 18:40:00,4761.98,75.66,TRADE
VIC1,2025-12-22 18:45:00,4735.11,74.65,TRADE
VIC1,2025-12-22 18:50:00,4713.77,100.96,TRADE
VIC1,2025-12-22 18:55:00,4749.08,73.79,TRADE
VIC1,2025-12-22 19:00:00,4793.88,73.79,TRADE
VIC1,2025-12-22 19:05:00,4781.62,73.79,TRADE
VIC1,2025-12-22 19:10:00,4789.16,73.79,TRADE
VIC1,2025-12-22 19:15:00,4825.84,103.34,TRADE
VIC1,2025-12-22 19:20:00,4849.07,97.92,TRADE
VIC1,2025-12-22 19:25:00,4903.14,100.93,TRADE
VIC1,2025-12-22 19:30:00,4882.74,98.86,TRADE
VIC1,2025-12-22 19:35:00,4919.72,102.64,TRADE
VIC1,2025-12-22 19:40:00,4916.84,104.94,TRADE
VIC1,2025-12-22 19:45:00,4928.86,104.03,TRADE
VIC1,2025-12-22 19:50:00,4937.9,101.12,TRADE
VIC1,2025-12-22 19:55:00,4946.26,98.58,TRADE
VIC1,2025-12-22 20:00:00,4913.73,101.53,TRADE
VIC1,2025-12-22 20:05:00,4928.57,98.38,TRADE
VIC1,2025-12-22 20:10:00,4915.35,101.37,TRADE
VIC1,2025-12-22 20:15:00,4962.97,100.01,TRADE
VIC1,2025-12-22 20:20:00,4922.17,100.7,TRADE
VIC1,2025-12-22 20:25:00,4928.34,98.11,TRADE
VIC1,2025-12-22 20:30:00,4901.02,98.23,TRADE
VIC1,2025-12-22 20:35:00,4914.21,75.66,TRADE
VIC1,2025-12-22 20:40:00,4893.41,77.04,TRADE
VIC1,2025-12-22 20:45:00,4879.67,74.65,TRADE
VIC1,2025-12-22 20:50:00,4877.2,75.66,TRADE
VIC1,2025-12-22 20:55:00,4853.59,65.05,TRADE
VIC1,2025-12-22 21:00:00,4838.05,72.57,TRADE
VIC1,2025-12-22 21:05:00,4783.76,69.46,TRADE
VIC1,2025-12-22 21:10:00,4740.24,74.65,TRADE
VIC1,2025-12-22 21:15:00,4703.98,61.99,TRADE
VIC1,2025-12-22 21:20:00,4700.83,69.49,TRADE
VIC1,2025-12-22 21:25:00,4681.87,74.02,TRADE
VIC1,2025-12-22 21:30:00,4648.46,69.49,TRADE
VIC1,2025-12-22 21:35:00,4646.48,74.65,TRADE
VIC1,2025-12-22 21:40:00,4608.35,74.66,TRADE
VIC1,2025-12-22 21:45:00,4594.06,73.04,TRADE
VIC1,2025-12-22 21:50:00,4547.42,74.65,TRADE
VIC1,2025-12-22 21:55:00,4525.02,74.65,TRADE
VIC1,2025-12-22 22:00:00,4510.29,71.25,TRADE
VIC1,2025-12-22 22:05:00,4454.25,61.99,TRADE
VIC1,2025-12-22 22:10:00,4436.92,61.99,TRADE
VIC1,2025-12-22 22:15:00,4452.72,61.99,TRADE
VIC1,2025-12-22 22:20:00,4436.23,61.99,TRADE
VIC1,2025-12-22 22:25:00,4389.06,35.94,TRADE
VIC1,2025-12-22 22:30:00,4370.06,35.94,TRADE
VIC1,2025-12-22 22:35:00,4336.58,12.71,TRADE
VIC1,2025-12-22 22:40:00,4329.34,35.94,TRADE
VIC1,2025-12-22 22:45:00,4343.46,35.93,TRADE
VIC1,2025-12-22 22:50:00,4308.23,35.94,TRADE
VIC1,2025-12-22 22:55:00,4315.7,35.94,TRADE
VIC1,2025-12-22 23:00:00,4350.23,35.94,TRADE
VIC1,2025-12-22 23:05:00,4343.33,35.94,TRADE
VIC1,2025-12-22 23:10:00,4471.21,35.94,TRADE
VIC1,2025-12-22 23:15:00,4507.33,35.94,TRADE
VIC1,2025-12-22 23:20:00,4473.22,19.17,TRADE
VIC1,2025-12-22 23:25:00,4452.32,19.18,TRADE
VIC1,2025-12-22 23:30:00,4474.45,19.18,TRADE
VIC1,2025-12-22 23:35:00,4421.92,19.18,TRADE
VIC1,2025-12-22 23:40:00,4405.0,19.18,TRADE
VIC1,2025-12-22 23:45:00,4379.63,19.18,TRADE
VIC1,2025-12-22 23:50:00,4381.54,19.13,TRADE
VIC1,2025-12-22 23:55:00,4330.15,12.71,TRADE
VIC1,2025-12-23 00:00:00,4321.54,16.18,TRADE
VIC1,2025-12-23 00:05:00,4287.54,19.18,TRADE
VIC1,2025-12-23 00:10:00,4261.16,19.18,TRADE
VIC1,2025-12-23 00:15:00,4232.07,12.71,TRADE
VIC1,2025-12-23 00:20:00,4184.84,8.95,TRADE
VIC1,2025-12-23 00:25:00,4130.3,8.95,TRADE
VIC1,2025-12-23 00:30:00,4113.8,8.95,TRADE
VIC1,2025-12-23 00:35:00,4096.49,8.95,TRADE
VIC1,2025-12-23 00:40:00,4056.51,8.95,TRADE
VIC1,2025-12-23 00:45:00,4043.26,8.02,TRADE
VIC1,2025-12-23 00:50:00,3987.51,8.85,TRADE
VIC1,2025-12-23 00:55:00,3958.84,8.95,TRADE
VIC1,2025-12-23 01:00:00,3964.63,12.71,TRADE
VIC1,2025-12-23 01:05:00,3943.82,8.95,TRADE
VIC1,2025-12-23 01:10:00,3978.59,8.95,TRADE
VIC1,2025-12-23 01:15:00,3958.54,8.95,TRADE
VIC1,2025-12-23 01:20:00,3915.76,8.95,TRADE
VIC1,2025-12-23 01:25:00,3913.88,8.95,TRADE
VIC1,2025-12-23 01:30:00,3885.18,8.95,TRADE
VIC1,2025-12-23 01:35:00,3877.82,8.95,TRADE
VIC1,2025-12-23 01:40:00,3858.86,8.95,TRADE
VIC1,2025-12-23 01:45:00,3818.96,8.95,TRADE
VIC1,2025-12-23 01:50:00,3806.52,8.95,TRADE
VIC1,2025-12-23 01:55:00,3770.3,8.95,TRADE
VIC1,2025-12-23 02:00:00,3759.61,8.95,TRADE
VIC1,2025-12-23 02:05:00,3751.85,12.71,TRADE
VIC1,2025-12-23 02:10:00,3739.99,8.95,TRADE
VIC1,2025-12-23 02:15:00,3737.94,8.95,TRADE
VIC1,2025-12-23 02:20:00,3733.09,8.95,TRADE
VIC1,2025-12-23 02:25:00,3741.8,8.95,TRADE
VIC1,2025-12-23 02:30:00,3713.78,8.95,TRADE
VIC1,2025-12-23 02:35:00,3700.23,0.01,TRADE
VIC1,2025-12-23 02:40:00,3680.56,0.01,TRADE
VIC1,2025-12-23 02:45:00,3691.0,8.95,TRADE
VIC1,2025-12-23 02:50:00,3700.12,8.95,TRADE
VIC1,2025-12-23 02:55:00,3674.79,8.95,TRADE
VIC1,2025-12-23 03:00:00,3694.41,12.71,TRADE
VIC1,2025-12-23 03:05:00,3729.07,8.95,TRADE
VIC1,2025-12-23 03:10:00,3711.26,12.71,TRADE
VIC1,2025-12-23 03:15:00,3707.08,8.95,TRADE
VIC1,2025-12-23 03:20:00,3722.39,12.71,TRADE
VIC1,2025-12-23 03:25:00,3749.67,8.95,TRADE
VIC1,2025-12-23 03:30:00,3757.96,8.95,TRADE
VIC1,2025-12-23 03:35:00,3770.87,8.95,TRADE
VIC1,2025-12-23 03:40:00,3740.93,8.95,TRADE
VIC1,2025-12-23 03:45:00,3718.84,1.0,TRADE
VIC1,2025-12-23 03:50:00,3709.41,8.95,TRADE
VIC1,2025-12-23 03:55:00,3706.54,8.95,TRADE
VIC1,2025-12-23 04:00:00,3722.27,8.95,TRADE
VIC1,2025-12-23 04:05:00,3751.44,12.71,TRADE
VIC1,2025-12-23 04:10:00,3836.17,19.18,TRADE
VIC1,2025-12-23 04:15:00,3857.97,19.18,TRADE
VIC1,2025-12-23 04:20:00,3878.86,19.18,TRADE
VIC1,2025-12-23 04:25:00,3901.5,19.18,TRADE
VIC1,2025-12-23 04:30:00,3925.58,19.18,TRADE
VIC1,2025-12-23 04:35:00,3945.54,19.18,TRADE
VIC1,2025-12-23 04:40:00,3968.04,19.18,TRADE
VIC1,2025-12-23 04:45:00,3982.0,19.18,TRADE
VIC1,2025-12-23 04:50:00,3977.69,61.99,TRADE
VIC1,2025-12-23 04:55:00,4018.42,19.18,TRADE
VIC1,2025-12-23 05:00:00,4058.7,74.65,TRADE
VIC1,2025-12-23 05:05:00,4061.06,19.18,TRADE
VIC1,2025-12-23 05:10:00,4108.67,74.65,TRADE
VIC1,2025-12-23 05:15:00,4117.62,19.18,TRADE
VIC1,2025-12-23 05:20:00,4145.24,22.35,TRADE
VIC1,2025-12-23 05:25:00,4202.05,19.18,TRADE
VIC1,2025-12-23 05:30:00,4171.61,16.9,TRADE
VIC1,2025-12-23 05:35:00,4166.35,19.18,TRADE
VIC1,2025-12-23 05:40:00,4225.03,19.18,TRADE
VIC1,2025-12-23 05:45:00,4203.59,12.71,TRADE
VIC1,2025-12-23 05:50:00,4206.1,8.95,TRADE
VIC1,2025-12-23 05:55:00,4204.69,8.15,TRADE
VIC1,2025-12-23 06:00:00,4228.1,8.95,TRADE
VIC1,2025-12-23 06:05:00,4180.77,8.95,TRADE
VIC1,2025-12-23 06:10:00,4199.63,-2.7,TRADE
VIC1,2025-12-23 06:15:00,4188.01,-2.7,TRADE
VIC1,2025-12-23 06:20:00,4158.8,-15.64,TRADE
VIC1,2025-12-23 06:25:00,4101.66,-6.42,TRADE
VIC1,2025-12-23 06:30:00,4073.46,-14.13,TRADE
VIC1,2025-12-23 06:35:00,4087.99,-5.32,TRADE
VIC1,2025-12-23 06:40:00,4069.42,-2.7,TRADE
VIC1,2025-12-23 06:45:00,3985.15,3.08,TRADE
VIC1,2025-12-23 06:50:00,3911.97,-7.99,TRADE
VIC1,2025-12-23 06:55:00,3957.52,-5.83,TRADE
VIC1,2025-12-23 07:00:00,3927.03,-5.83,TRADE
VIC1,2025-12-23 07:05:00,3958.15,-2.7,TRADE
VIC1,2025-12-23 07:10:00,3849.08,-8.73,TRADE
VIC1,2025-12-23 07:15:00,3887.91,-2.7,TRADE
VIC1,2025-12-23 07:20:00,3904.55,-8.25,TRADE
VIC1,2025-12-23 07:25:00,3911.3,-15.64,TRADE
VIC1,2025-12-23 07:30:00,3839.7,-11.0,TRADE
VIC1,2025-12-23 07:35:00,3856.43,-11.0,TRADE
VIC1,2025-12-23 07:40:00,3803.35,-15.64,TRADE
VIC1,2025-12-23 07:45:00,3760.03,-12.51,TRADE
VIC1,2025-12-23 07:50:00,3650.18,-12.51,TRADE
VIC1,2025-12-23 07:55:00,3619.29,-40.82,TRADE
VIC1,2025-12-23 08:00:00,3550.6,-39.89,TRADE
VIC1,2025-12-23 08:05:00,3487.81,-36.1,TRADE
VIC1,2025-12-23 08:10:00,3480.87,-19.99,TRADE
VIC1,2025-12-23 08:15:00,3452.53,-39.33,TRADE
VIC1,2025-12-23 08:20:00,3377.34,-45.85,TRADE
VIC1,2025-12-23 08:25:00,3411.87,-32.64,TRADE
VIC1,2025-12-23 08:30:00,3346.32,-50.01,TRADE
VIC1,2025-12-23 08:35:00,3283.14,-59.99,TRADE
VIC1,2025-12-23 08:40:00,3281.12,-59.99,TRADE
VIC1,2025-12-23 08:45:00,3215.01,-58.53,TRADE
VIC1,2025-12-23 08:50:00,3273.65,-33.58,TRADE
VIC1,2025-12-23 08:55:00,3250.88,-59.46,TRADE
VIC1,2025-12-23 09:00:00,3225.4,-59.99,TRADE
VIC1,2025-12-23 09:05:00,3213.54,-50.01,TRADE
VIC1,2025-12-23 09:10:00,3219.03,-59.99,TRADE
VIC1,2025-12-23 09:15:00,3158.22,-50.11,TRADE
VIC1,2025-12-23 09:20:00,3136.58,-58.5,TRADE
VIC1,2025-12-23 09:25:00,3123.26,-60.0,TRADE
VIC1,2025-12-23 09:30:00,3110.39,-57.0,TRADE
VIC1,2025-12-23 09:35:00,3137.33,-59.99,TRADE
VIC1,2025-12-23 09:40:00,3095.22,-57.0,TRADE
VIC1,2025-12-23 09:45:00,3141.24,-57.51,TRADE
VIC1,2025-12-23 09:50:00,3096.36,-62.95,TRADE
VIC1,2025-12-23 09:55:00,3077.02,-59.46,TRADE
VIC1,2025-12-23 10:00:00,3013.08,-64.43,TRADE
VIC1,2025-12-23 10:05:00,3021.04,-62.95,TRADE
VIC1,2025-12-23 10:10:00,2981.08,-66.31,TRADE
VIC1,2025-12-23 10:15:00,2946.13,-60.0,TRADE
VIC1,2025-12-23 10:20:00,2902.9,-66.31,TRADE
VIC1,2025-12-23 10:25:00,2861.11,-66.31,TRADE
VIC1,2025-12-23 10:30:00,2803.42,-66.31,TRADE
VIC1,2025-12-23 10:35:00,2805.76,-58.98,TRADE
VIC1,2025-12-23 10:40:00,2775.75,-60.0,TRADE
VIC1,2025-12-23 10:45:00,2743.72,-60.0,TRADE
VIC1,2025-12-23 10:50:00,2696.47,-62.95,TRADE
VIC1,2025-12-23 10:55:00,2814.61,-59.46,TRADE
VIC1,2025-12-23 11:00:00,2813.71,-57.0,TRADE
VIC1,2025-12-23 11:05:00,2821.23,-62.95,TRADE
VIC1,2025-12-23 11:10:00,2784.06,-59.31,TRADE
VIC1,2025-12-23 11:15:00,2760.32,-60.0,TRADE
VIC1,2025-12-23 11:20:00,2720.1,-60.0,TRADE
VIC1,2025-12-23 11:25:00,2717.44,-62.95,TRADE
VIC1,2025-12-23 11:30:00,2720.55,-60.0,TRADE
VIC1,2025-12-23 11:35:00,2647.37,-50.11,TRADE
VIC1,2025-12-23 11:40:00,2612.44,-50.11,TRADE
VIC1,2025-12-23 11:45:00,2618.22,-50.11,TRADE
VIC1,2025-12-23 11:50:00,2558.68,-59.46,TRADE
VIC1,2025-12-23 11:55:00,2584.56,-39.48,TRADE
VIC1,2025-12-23 12:00:00,2496.33,-57.0,TRADE
VIC1,2025-12-23 12:05:00,2536.53,-59.99,TRADE
VIC1,2025-12-23 12:10:00,2488.03,-62.95,TRADE
VIC1,2025-12-23 12:15:00,2486.2,-59.99,TRADE
VIC1,2025-12-23 12:20:00,2345.31,-59.99,TRADE
VIC1,2025-12-23 12:25:00,2390.56,-60.0,TRADE
VIC1,2025-12-23 12:30:00,2354.39,-59.99,TRADE
VIC1,2025-12-23 12:35:00,2294.44,-74.76,TRADE
VIC1,2025-12-23 12:40:00,2315.28,-63.15,TRADE
VIC1,2025-12-23 12:45:00,2225.59,-67.69,TRADE
VIC1,2025-12-23 12:50:00,2214.34,-66.31,TRADE
VIC1,2025-12-23 12:55:00,2116.03,-74.38,TRADE
VIC1,2025-12-23 13:00:00,2145.18,-75.55,TRADE
VIC1,2025-12-23 13:05:00,2103.56,-74.0,TRADE
VIC1,2025-12-23 13:10:00,2104.02,-131.36,TRADE
VIC1,2025-12-23 13:15:00,2116.97,-108.56,TRADE
VIC1,2025-12-23 13:20:00,2108.78,-109.45,TRADE
VIC1,2025-12-23 13:25:00,2068.86,-88.2,TRADE
VIC1,2025-12-23 13:30:00,2095.83,-83.57,TRADE
VIC1,2025-12-23 13:35:00,2079.45,-83.57,TRADE
VIC1,2025-12-23 13:40:00,2081.69,-80.02,TRADE
VIC1,2025-12-23 13:45:00,2110.08,-130.04,TRADE
VIC1,2025-12-23 13:50:00,2113.68,-110.87,TRADE
VIC1,2025-12-23 13:55:00,2139.51,-109.82,TRADE
VIC1,2025-12-23 14:00:00,2141.33,-91.19,TRADE
VIC1,2025-12-23 14:05:00,2173.18,-109.89,TRADE
VIC1,2025-12-23 14:10:00,2173.7,-117.79,TRADE
VIC1,2025-12-23 14:15:00,2181.79,-108.11,TRADE
VIC1,2025-12-23 14:20:00,2207.29,-108.11,TRADE
VIC1,2025-12-23 14:25:00,2179.87,-110.01,TRADE
VIC1,2025-12-23 14:30:00,2185.12,-106.26,TRADE
VIC1,2025-12-23 14:35:00,2210.3,-101.56,TRADE
VIC1,2025-12-23 14:40:00,2208.45,-91.19,TRADE
VIC1,2025-12-23 14:45:00,2242.96,-82.52,TRADE
VIC1,2025-12-23 14:50:00,2221.29,-91.19,TRADE
VIC1,2025-12-23 14:55:00,2248.5,-88.47,TRADE
VIC1,2025-12-23 15:00:00,2292.43,-66.31,TRADE
VIC1,2025-12-23 15:05:00,2256.11,-66.31,TRADE
VIC1,2025-12-23 15:10:00,2328.71,-74.46,TRADE
VIC1,2025-12-23 15:15:00,2405.91,-63.92,TRADE
VIC1,2025-12-23 15:20:00,2423.71,-62.95,TRADE
VIC1,2025-12-23 15:25:00,2459.18,-63.92,TRADE
VIC1,2025-12-23 15:30:00,2526.49,-63.55,TRADE
VIC1,2025-12-23 15:35:00,2569.68,-66.31,TRADE
VIC1,2025-12-23 15:40:00,2621.38,-66.31,TRADE
VIC1,2025-12-23 15:45:00,2686.39,-65.22,TRADE
VIC1,2025-12-23 15:50:00,2750.09,-60.0,TRADE
VIC1,2025-12-23 15:55:00,2767.26,-50.11,TRADE
VIC1,2025-12-23 16:00:00,2882.7,-59.46,TRADE
VIC1,2025-12-23 16:05:00,2952.61,-50.01,TRADE
VIC1,2025-12-23 16:10:00,2995.65,-59.46,TRADE
VIC1,2025-12-23 16:15:00,3060.69,-59.46,TRADE
VIC1,2025-12-23 16:20:00,3121.85,-50.01,TRADE
VIC1,2025-12-23 16:25:00,3208.97,-50.11,TRADE
VIC1,2025-12-23 16:30:00,3279.07,-50.01,TRADE
VIC1,2025-12-23 16:35:00,3409.92,-20.99,TRADE
VIC1,2025-12-23 16:40:00,3473.64,-15.64,TRADE
VIC1,2025-12-23 16:45:00,3531.23,-19.99,TRADE
VIC1,2025-12-23 16:50:00,3628.9,-12.51,TRADE
VIC1,2025-12-23 16:55:00,3697.19,-8.0,TRADE
VIC1,2025-12-23 17:00:00,3705.69,-11.0,TRADE
VIC1,2025-12-23 17:05:00,3782.64,-7.36,TRADE
VIC1,2025-12-23 17:10:00,3784.53,-8.25,TRADE
VIC1,2025-12-23 17:15:00,3866.86,-7.36,TRADE
VIC1,2025-12-23 17:20:00,3891.4,-8.0,TRADE
VIC1,2025-12-23 17:25:00,4029.83,-7.32,TRADE
VIC1,2025-12-23 17:30:00,4053.82,-7.32,TRADE
VIC1,2025-12-23 17:35:00,4067.62,-7.32,TRADE
VIC1,2025-12-23 17:40:00,4108.42,-15.94,TRADE
VIC1,2025-12-23 17:45:00,4174.23,-8.0,TRADE
VIC1,2025-12-23 17:50:00,4249.42,-8.0,TRADE
VIC1,2025-12-23 17:55:00,4289.02,-9.37,TRADE
VIC1,2025-12-23 18:00:00,4333.29,-8.0,TRADE
VIC1,2025-12-23 18:05:00,4386.8,-5.73,TRADE
VIC1,2025-12-23 18:10:00,4365.3,2.76,TRADE
VIC1,2025-12-23 18:15:00,4395.68,-2.7,TRADE
VIC1,2025-12-23 18:20:00,4446.89,10.14,TRADE
VIC1,2025-12-23 18:25:00,4498.96,50.83,TRADE
VIC1,2025-12-23 18:30:00,4492.12,67.21,TRADE
VIC1,2025-12-23 18:35:00,4488.95,10.14,TRADE
VIC1,2025-12-23 18:40:00,4494.22,10.14,TRADE
VIC1,2025-12-23 18:45:00,4570.8,10.14,TRADE
VIC1,2025-12-23 18:50:00,4617.0,58.69,TRADE
VIC1,2025-12-23 18:55:00,4646.44,58.69,TRADE
VIC1,2025-12-23 19:00:00,4689.84,58.69,TRADE
VIC1,2025-12-23 19:05:00,4717.86,10.14,TRADE
VIC1,2025-12-23 19:10:00,4699.25,10.14,TRADE
VIC1,2025-12-23 19:15:00,4721.79,10.14,TRADE
VIC1,2025-12-23 19:20:00,4709.21,18.55,TRADE
VIC1,2025-12-23 19:25:00,4695.03,10.14,TRADE
VIC1,2025-12-23 19:30:00,4736.7,10.14,TRADE
VIC1,2025-12-23 19:35:00,4753.56,8.69,TRADE
VIC1,2025-12-23 19:40:00,4741.27,0.01,TRADE
VIC1,2025-12-23 19:45:00,4763.33,8.69,TRADE
VIC1,2025-12-23 19:50:00,4759.8,-2.7,TRADE
VIC1,2025-12-23 19:55:00,4737.22,-2.7,TRADE
VIC1,2025-12-23 20:00:00,4753.71,-2.7,TRADE
VIC1,2025-12-23 20:05:00,4730.0,-2.7,TRADE
VIC1,2025-12-23 20:10:00,4733.97,0.01,TRADE
VIC1,2025-12-23 20:15:00,4742.85,0.01,TRADE
VIC1,2025-12-23 20:20:00,4760.58,8.95,TRADE
VIC1,2025-12-23 20:25:00,4735.71,8.95,TRADE
VIC1,2025-12-23 20:30:00,4691.48,10.14,TRADE
VIC1,2025-12-23 20:35:00,4655.93,10.14,TRADE
VIC1,2025-12-23 20:40:00,4628.1,10.14,TRADE
VIC1,2025-12-23 20:45:00,4604.51,10.14,TRADE
VIC1,2025-12-23 20:50:00,4584.53,10.14,TRADE
VIC1,2025-12-23 20:55:00,4562.43,10.14,TRADE
VIC1,2025-12-23 21:00:00,4573.87,10.14,TRADE
VIC1,2025-12-23 21:05:00,4563.48,10.14,TRADE
VIC1,2025-12-23 21:10:00,4544.98,10.14,TRADE
VIC1,2025-12-23 21:15:00,4536.1,10.14,TRADE
VIC1,2025-12-23 21:20:00,4496.22,8.95,TRADE
VIC1,2025-12-23 21:25:00,4482.74,10.14,TRADE
VIC1,2025-12-23 21:30:00,4450.84,10.14,TRADE
VIC1,2025-12-23 21:35:00,4426.47,10.14,TRADE
VIC1,2025-12-23 21:40:00,4403.76,10.14,TRADE
VIC1,2025-12-23 21:45:00,4353.78,10.14,TRADE
VIC1,2025-12-23 21:50:00,4353.51,10.14,TRADE
VIC1,2025-12-23 21:55:00,4337.73,10.14,TRADE
VIC1,2025-12-23 22:00:00,4295.41,10.14,TRADE
VIC1,2025-12-23 22:05:00,4258.54,10.14,TRADE
VIC1,2025-12-23 22:10:00,4270.63,10.14,TRADE
VIC1,2025-12-23 22:15:00,4254.84,10.14,TRADE
VIC1,2025-12-23 22:20:00,4219.84,10.14,TRADE
VIC1,2025-12-23 22:25:00,4224.37,10.14,TRADE
VIC1,2025-12-23 22:30:00,4204.36,10.14,TRADE
VIC1,2025-12-23 22:35:00,4173.08,8.95,TRADE
VIC1,2025-12-23 22:40:00,4233.87,10.14,TRADE
VIC1,2025-12-23 22:45:00,4195.78,10.14,TRADE
VIC1,2025-12-23 22:50:00,4165.63,10.14,TRADE
VIC1,2025-12-23 22:55:00,4174.35,10.14,TRADE
VIC1,2025-12-23 23:00:00,4152.71,10.14,TRADE
VIC1,2025-12-23 23:05:00,4187.8,10.14,TRADE
VIC1,2025-12-23 23:10:00,4284.09,10.14,TRADE
VIC1,2025-12-23 23:15:00,4278.67,12.71,TRADE
VIC1,2025-12-23 23:20:00,4280.05,10.14,TRADE
VIC1,2025-12-23 23:25:00,4276.4,12.71,TRADE
VIC1,2025-12-23 23:30:00,4297.12,10.14,TRADE
VIC1,2025-12-23 23:35:00,4270.56,10.14,TRADE
VIC1,2025-12-23 23:40:00,4244.32,10.14,TRADE
VIC1,2025-12-23 23:45:00,4225.61,10.14,TRADE
VIC1,2025-12-23 23:50:00,4233.44,10.14,TRADE
VIC1,2025-12-23 23:55:00,4190.78,13.2,TRADE
VIC1,2025-12-24 00:00:00,4164.47,10.14,TRADE
VIC1,2025-12-24 00:05:00,4147.66,12.71,TRADE
VIC1,2025-12-24 00:10:00,4061.45,12.71,TRADE
VIC1,2025-12-24 00:15:00,4045.94,10.14,TRADE
VIC1,2025-12-24 00:20:00,4031.5,12.71,TRADE
VIC1,2025-12-24 00:25:00,3987.52,10.14,TRADE
VIC1,2025-12-24 00:30:00,3990.17,10.14,TRADE
VIC1,2025-12-24 00:35:00,3936.34,10.14,TRADE
VIC1,2025-12-24 00:40:00,3918.47,10.14,TRADE
VIC1,2025-12-24 00:45:00,3920.85,8.69,TRADE
VIC1,2025-12-24 00:50:00,3934.26,8.95,TRADE
VIC1,2025-12-24 00:55:00,3870.06,8.95,TRADE
VIC1,2025-12-24 01:00:00,3864.18,8.95,TRADE
VIC1,2025-12-24 01:05:00,3862.17,8.69,TRADE
VIC1,2025-12-24 01:10:00,3876.74,8.95,TRADE
VIC1,2025-12-24 01:15:00,3815.76,8.95,TRADE
VIC1,2025-12-24 01:20:00,3791.76,10.14,TRADE
VIC1,2025-12-24 01:25:00,3775.29,10.14,TRADE
VIC1,2025-12-24 01:30:00,3724.48,8.95,TRADE
VIC1,2025-12-24 01:35:00,3731.86,8.95,TRADE
VIC1,2025-12-24 01:40:00,3730.44,8.95,TRADE
VIC1,2025-12-24 01:45:00,3669.43,8.95,TRADE
VIC1,2025-12-24 01:50:00,3685.64,8.69,TRADE
VIC1,2025-12-24 01:55:00,3654.19,8.95,TRADE
VIC1,2025-12-24 02:00:00,3654.11,8.95,TRADE
VIC1,2025-12-24 02:05:00,3638.59,8.95,TRADE
VIC1,2025-12-24 02:10:00,3656.96,8.95,TRADE
VIC1,2025-12-24 02:15:00,3654.92,10.14,TRADE
VIC1,2025-12-24 02:20:00,3629.24,0.01,TRADE
VIC1,2025-12-24 02:25:00,3617.67,10.14,TRADE
VIC1,2025-12-24 02:30:00,3635.75,10.14,TRADE
VIC1,2025-12-24 02:35:00,3640.34,2.89,TRADE
VIC1,2025-12-24 02:40:00,3630.43,8.95,TRADE
VIC1,2025-12-24 02:45:00,3621.37,10.14,TRADE
VIC1,2025-12-24 02:50:00,3591.76,10.14,TRADE
VIC1,2025-12-24 02:55:00,3590.8,10.14,TRADE
VIC1,2025-12-24 03:00:00,3618.33,10.14,TRADE
VIC1,2025-12-24 03:05:00,3612.55,10.14,TRADE
VIC1,2025-12-24 03:10:00,3625.8,10.14,TRADE
VIC1,2025-12-24 03:15:00,3599.78,14.95,TRADE
VIC1,2025-12-24 03:20:00,3606.88,22.35,TRADE
VIC1,2025-12-24 03:25:00,3620.51,19.18,TRADE
VIC1,2025-12-24 03:30:00,3647.67,10.14,TRADE
VIC1,2025-12-24 03:35:00,3643.55,10.14,TRADE
VIC1,2025-12-24 03:40:00,3636.84,19.18,TRADE
VIC1,2025-12-24 03:45:00,3654.77,22.35,TRADE
VIC1,2025-12-24 03:50:00,3701.68,19.18,TRADE
VIC1,2025-12-24 03:55:00,3719.23,16.4,TRADE
VIC1,2025-12-24 04:00:00,3699.62,10.14,TRADE
VIC1,2025-12-24 04:05:00,3725.53,8.95,TRADE
VIC1,2025-12-24 04:10:00,3789.45,13.02,TRADE
VIC1,2025-12-24 04:15:00,3825.82,19.18,TRADE
VIC1,2025-12-24 04:20:00,3828.17,12.71,TRADE
VIC1,2025-12-24 04:25:00,3830.88,12.71,TRADE
VIC1,2025-12-24 04:30:00,3809.71,12.71,TRADE
VIC1,2025-12-24 04:35:00,3813.5,12.71,TRADE
VIC1,2025-12-24 04:40:00,3846.34,12.96,TRADE
VIC1,2025-12-24 04:45:00,3882.07,13.62,TRADE
VIC1,2025-12-24 04:50:00,3866.04,17.54,TRADE
VIC1,2025-12-24 04:55:00,3849.89,8.95,TRADE
VIC1,2025-12-24 05:00:00,3854.83,12.71,TRADE
VIC1,2025-12-24 05:05:00,3911.26,12.91,TRADE
VIC1,2025-12-24 05:10:00,3921.57,12.71,TRADE
VIC1,2025-12-24 05:15:00,3940.52,12.71,TRADE
VIC1,2025-12-24 05:20:00,3945.45,12.71,TRADE
VIC1,2025-12-24 05:25:00,3967.78,8.67,TRADE
VIC1,2025-12-24 05:30:00,3970.88,12.71,TRADE
VIC1,2025-12-24 05:35:00,3979.8,8.95,TRADE
VIC1,2025-12-24 05:40:00,4017.72,8.95,TRADE
VIC1,2025-12-24 05:45:00,4005.84,8.95,TRADE
VIC1,2025-12-24 05:50:00,4011.85,8.95,TRADE
VIC1,2025-12-24 05:55:00,3981.63,0.01,TRADE
VIC1,2025-12-24 06:00:00,4009.11,0.01,TRADE
VIC1,2025-12-24 06:05:00,3997.19,0.0,TRADE
VIC1,2025-12-24 06:10:00,3997.89,-2.7,TRADE
VIC1,2025-12-24 06:15:00,3982.0,-2.7,TRADE
VIC1,2025-12-24 06:20:00,4044.25,-2.7,TRADE
VIC1,2025-12-24 06:25:00,4039.34,-2.7,TRADE
VIC1,2025-12-24 06:30:00,3978.52,-7.0,TRADE
VIC1,2025-12-24 06:35:00,4055.5,-10.0,TRADE
VIC1,2025-12-24 06:40:00,4127.03,-14.04,TRADE
VIC1,2025-12-24 06:45:00,4134.72,-3.77,TRADE
VIC1,2025-12-24 06:50:00,4133.82,-6.42,TRADE
VIC1,2025-12-24 06:55:00,4151.36,-7.96,TRADE
VIC1,2025-12-24 07:00:00,4148.97,-2.7,TRADE
VIC1,2025-12-24 07:05:00,4204.31,-2.7,TRADE
VIC1,2025-12-24 07:10:00,4296.63,-2.7,TRADE
VIC1,2025-12-24 07:15:00,4287.13,-3.49,TRADE
VIC1,2025-12-24 07:20:00,4323.79,-2.7,TRADE
VIC1,2025-12-24 07:25:00,4297.2,-7.25,TRADE
VIC1,2025-12-24 07:30:00,4326.92,-2.7,TRADE
VIC1,2025-12-24 07:35:00,4258.3,-6.7,TRADE
VIC1,2025-12-24 07:40:00,4251.91,-7.32,TRADE
VIC1,2025-12-24 07:45:00,4275.69,-7.34,TRADE
VIC1,2025-12-24 07:50:00,4230.55,-7.32,TRADE
VIC1,2025-12-24 07:55:00,4234.23,-7.32,TRADE
VIC1,2025-12-24 08:00:00,4241.75,-7.87,TRADE
VIC1,2025-12-24 08:05:00,4247.37,-7.32,TRADE
VIC1,2025-12-24 08:10:00,4278.21,-7.32,TRADE
VIC1,2025-12-24 08:15:00,4288.99,-8.0,TRADE
VIC1,2025-12-24 08:20:00,4253.19,-7.36,TRADE
VIC1,2025-12-24 08:25:00,4203.75,-8.0,TRADE
VIC1,2025-12-24 08:30:00,4202.51,-8.0,TRADE
VIC1,2025-12-24 08:35:00,4182.19,-8.0,TRADE
VIC1,2025-12-24 08:40:00,4158.74,-11.0,TRADE
VIC1,2025-12-24 08:45:00,4140.43,-11.0,TRADE
VIC1,2025-12-24 08:50:00,4119.4,-8.0,TRADE
VIC1,2025-12-24 08:55:00,4103.15,-11.99,TRADE
VIC1,2025-12-24 09:00:00,4080.4,-8.91,TRADE
VIC1,2025-12-24 09:05:00,4020.82,-15.64,TRADE
VIC1,2025-12-24 09:10:00,3982.97,-11.0,TRADE
VIC1,2025-12-24 09:15:00,3998.4,-12.51,TRADE
VIC1,2025-12-24 09:20:00,3990.51,-11.0,TRADE
VIC1,2025-12-24 09:25:00,3975.43,-11.99,TRADE
VIC1,2025-12-24 09:30:00,3923.92,-15.64,TRADE
VIC1,2025-12-24 09:35:00,3866.02,-15.64,TRADE
VIC1,2025-12-24 09:40:00,3803.36,-15.64,TRADE
VIC1,2025-12-24 09:45:00,3748.41,-20.99,TRADE
VIC1,2025-12-24 09:50:00,3685.09,-36.1,TRADE
VIC1,2025-12-24 09:55:00,3646.69,-33.58,TRADE
VIC1,2025-12-24 10:00:00,3634.19,-20.99,TRADE
VIC1,2025-12-24 10:05:00,3609.67,-20.37,TRADE
VIC1,2025-12-24 10:10:00,3680.52,-19.99,TRADE
VIC1,2025-12-24 10:15:00,3678.32,-20.37,TRADE
VIC1,2025-12-24 10:20:00,3633.36,-20.99,TRADE
VIC1,2025-12-24 10:25:00,3623.85,-20.99,TRADE
VIC1,2025-12-24 10:30:00,3613.45,-19.99,TRADE
VIC1,2025-12-24 10:35:00,3588.37,-19.99,TRADE
VIC1,2025-12-24 10:40:00,3513.57,-36.1,TRADE
VIC1,2025-12-24 10:45:00,3454.53,-50.01,TRADE
VIC1,2025-12-24 10:50:00,3411.95,-25.0,TRADE
VIC1,2025-12-24 10:55:00,3340.35,-50.11,TRADE
VIC1,2025-12-24 11:00:00,3346.82,-20.99,TRADE
VIC1,2025-12-24 11:05:00,3315.24,-33.58,TRADE
VIC1,2025-12-24 11:10:00,3292.6,-59.46,TRADE
VIC1,2025-12-24 11:15:00,3304.02,-50.01,TRADE
VIC1,2025-12-24 11:20:00,3260.84,-33.58,TRADE
VIC1,2025-12-24 11:25:00,3248.55,-50.01,TRADE
VIC1,2025-12-24 11:30:00,3150.09,-58.5,TRADE
VIC1,2025-12-24 11:35:00,3156.51,-49.69,TRADE
VIC1,2025-12-24 11:40:00,3129.66,-48.72,TRADE
VIC1,2025-12-24 11:45:00,3152.22,-60.0,TRADE
VIC1,2025-12-24 11:50:00,3119.81,-50.11,TRADE
VIC1,2025-12-24 11:55:00,3117.51,-60.0,TRADE
VIC1,2025-12-24 12:00:00,3135.73,-36.1,TRADE
VIC1,2025-12-24 12:05:00,3161.03,-50.01,TRADE
VIC1,2025-12-24 12:10:00,3118.78,-50.01,TRADE
VIC1,2025-12-24 12:15:00,3104.52,-36.1,TRADE
VIC1,2025-12-24 12:20:00,3010.3,-40.66,TRADE
VIC1,2025-12-24 12:25:00,2983.99,-50.01,TRADE
VIC1,2025-12-24 12:30:00,2947.58,-50.11,TRADE
VIC1,2025-12-24 12:35:00,2885.2,-39.48,TRADE
VIC1,2025-12-24 12:40:00,2813.86,-57.0,TRADE
VIC1,2025-12-24 12:45:00,2813.35,-50.11,TRADE
VIC1,2025-12-24 12:50:00,2807.0,-50.11,TRADE
VIC1,2025-12-24 12:55:00,2849.5,-36.1,TRADE
VIC1,2025-12-24 13:00:00,2811.35,-50.11,TRADE
VIC1,2025-12-24 13:05:00,2856.66,-25.0,TRADE
VIC1,2025-12-24 13:10:00,2888.78,-33.58,TRADE
VIC1,2025-12-24 13:15:00,2777.76,-60.0,TRADE
VIC1,2025-12-24 13:20:00,2813.03,-20.99,TRADE
VIC1,2025-12-24 13:25:00,2835.17,-50.11,TRADE
VIC1,2025-12-24 13:30:00,2876.01,-50.11,TRADE
VIC1,2025-12-24 13:35:00,2880.53,-58.31,TRADE
VIC1,2025-12-24 13:40:00,2854.17,-50.11,TRADE
VIC1,2025-12-24 13:45:00,2880.93,-62.95,TRADE
VIC1,2025-12-24 13:50:00,2952.27,-59.46,TRADE
VIC1,2025-12-24 13:55:00,3040.38,-60.0,TRADE
VIC1,2025-12-24 14:00:00,3028.11,-60.0,TRADE
VIC1,2025-12-24 14:05:00,3148.85,-60.0,TRADE
VIC1,2025-12-24 14:10:00,3133.58,-52.12,TRADE
VIC1,2025-12-24 14:15:00,3156.34,-50.11,TRADE
VIC1,2025-12-24 14:20:00,3225.33,-20.99,TRADE
VIC1,2025-12-24 14:25:00,3234.09,-36.1,TRADE
VIC1,2025-12-24 14:30:00,3211.34,-50.01,TRADE
VIC1,2025-12-24 14:35:00,3186.16,-50.11,TRADE
VIC1,2025-12-24 14:40:00,3049.25,-59.46,TRADE
VIC1,2025-12-24 14:45:00,2917.2,-60.0,TRADE
VIC1,2025-12-24 14:50:00,2987.88,-57.0,TRADE
VIC1,2025-12-24 14:55:00,3035.82,-59.46,TRADE
VIC1,2025-12-24 15:00:00,3040.15,-60.0,TRADE
VIC1,2025-12-24 15:05:00,3075.18,-60.0,TRADE
VIC1,2025-12-24 15:10:00,3167.73,-59.46,TRADE
VIC1,2025-12-24 15:15:00,3158.62,-59.46,TRADE
VIC1,2025-12-24 15:20:00,3122.75,-59.46,TRADE
VIC1,2025-12-24 15:25:00,3141.83,-58.6,TRADE
VIC1,2025-12-24 15:30:00,3160.79,-57.0,TRADE
VIC1,2025-12-24 15:35:00,3228.66,-59.46,TRADE
VIC1,2025-12-24 15:40:00,3287.6,-59.46,TRADE
VIC1,2025-12-24 15:45:00,3353.16,-60.0,TRADE
VIC1,2025-12-24 15:50:00,3402.09,-60.0,TRADE
VIC1,2025-12-24 15:55:00,3470.4,-59.46,TRADE
VIC1,2025-12-24 16:00:00,3434.99,-59.46,TRADE
VIC1,2025-12-24 16:05:00,3451.22,-59.46,TRADE
VIC1,2025-12-24 16:10:00,3480.5,-59.46,TRADE
VIC1,2025-12-24 16:15:00,3539.41,-59.46,TRADE
VIC1,2025-12-24 16:20:00,3575.93,-57.0,TRADE
VIC1,2025-12-24 16:25:00,3617.17,-57.0,TRADE
VIC1,2025-12-24 16:30:00,3646.75,-57.0,TRADE
VIC1,2025-12-24 16:35:00,3644.25,-59.46,TRADE
VIC1,2025-12-24 16:40:00,3707.21,-57.0,TRADE
VIC1,2025-12-24 16:45:00,3737.83,-57.0,TRADE
VIC1,2025-12-24 16:50:00,3797.34,-57.0,TRADE
VIC1,2025-12-24 16:55:00,3841.29,-50.11,TRADE
VIC1,2025-12-24 17:00:00,3892.17,-50.11,TRADE
VIC1,2025-12-24 17:05:00,3944.91,-50.11,TRADE
VIC1,2025-12-24 17:10:00,3930.26,-50.11,TRADE
VIC1,2025-12-24 17:15:00,4020.29,-50.01,TRADE
VIC1,2025-12-24 17:20:00,4029.38,-50.11,TRADE
VIC1,2025-12-24 17:25:00,4074.96,-50.01,TRADE
VIC1,2025-12-24 17:30:00,4090.05,-42.96,TRADE
VIC1,2025-12-24 17:35:00,4149.87,-36.1,TRADE
VIC1,2025-12-24 17:40:00,4225.13,-36.1,TRADE
VIC1,2025-12-24 17:45:00,4269.18,-20.99,TRADE
VIC1,2025-12-24 17:50:00,4184.12,-33.58,TRADE
VIC1,2025-12-24 17:55:00,4199.75,-20.99,TRADE
VIC1,2025-12-24 18:00:00,4218.99,-19.99,TRADE
VIC1,2025-12-24 18:05:00,4259.88,-50.01,TRADE
VIC1,2025-12-24 18:10:00,4271.95,-15.64,TRADE
VIC1,2025-12-24 18:15:00,4310.98,-15.64,TRADE
VIC1,2025-12-24 18:20:00,4273.07,-15.64,TRADE
VIC1,2025-12-24 18:25:00,4312.51,-12.51,TRADE
VIC1,2025-12-24 18:30:00,4294.98,-10.5,TRADE
VIC1,2025-12-24 18:35:00,4258.7,-8.84,TRADE
VIC1,2025-12-24 18:40:00,4288.73,-7.5,TRADE
VIC1,2025-12-24 18:45:00,4280.56,-7.32,TRADE
VIC1,2025-12-24 18:50:00,4273.21,-2.7,TRADE
VIC1,2025-12-24 18:55:00,4222.97,-2.7,TRADE
VIC1,2025-12-24 19:00:00,4229.21,-2.7,TRADE
VIC1,2025-12-24 19:05:00,4247.73,-2.7,TRADE
VIC1,2025-12-24 19:10:00,4278.07,-2.7,TRADE
VIC1,2025-12-24 19:15:00,4347.85,-2.7,TRADE
VIC1,2025-12-24 19:20:00,4376.08,-2.58,TRADE
VIC1,2025-12-24 19:25:00,4361.85,0.0,TRADE
VIC1,2025-12-24 19:30:00,4344.06,0.0,TRADE
VIC1,2025-12-24 19:35:00,4382.6,-2.7,TRADE
VIC1,2025-12-24 19:40:00,4372.78,-2.7,TRADE
VIC1,2025-12-24 19:45:00,4413.52,-2.7,TRADE
VIC1,2025-12-24 19:50:00,4428.18,-2.7,TRADE
VIC1,2025-12-24 19:55:00,4424.42,-2.7,TRADE
VIC1,2025-12-24 20:00:00,4414.74,0.0,TRADE
VIC1,2025-12-24 20:05:00,4446.51,0.0,TRADE
VIC1,2025-12-24 20:10:00,4422.04,-1.94,TRADE
VIC1,2025-12-24 20:15:00,4398.22,0.0,TRADE
VIC1,2025-12-24 20:20:00,4421.6,0.01,TRADE
VIC1,2025-12-24 20:25:00,4415.44,0.01,TRADE
VIC1,2025-12-24 20:30:00,4406.71,0.01,TRADE
VIC1,2025-12-24 20:35:00,4395.5,0.01,TRADE
VIC1,2025-12-24 20:40:00,4393.84,8.06,TRADE
VIC1,2025-12-24 20:45:00,4406.99,8.06,TRADE
VIC1,2025-12-24 20:50:00,4337.58,2.89,TRADE
VIC1,2025-12-24 20:55:00,4350.47,2.66,TRADE
VIC1,2025-12-24 21:00:00,4336.05,8.06,TRADE
VIC1,2025-12-24 21:05:00,4325.47,8.06,TRADE
VIC1,2025-12-24 21:10:00,4303.65,8.06,TRADE
VIC1,2025-12-24 21:15:00,4280.67,2.89,TRADE
VIC1,2025-12-24 21:20:00,4268.19,8.06,TRADE
VIC1,2025-12-24 21:25:00,4252.33,0.0,TRADE
VIC1,2025-12-24 21:30:00,4268.01,0.0,TRADE
VIC1,2025-12-24 21:35:00,4263.19,0.0,TRADE
VIC1,2025-12-24 21:40:00,4264.53,0.0,TRADE
VIC1,2025-12-24 21:45:00,4242.68,0.0,TRADE
VIC1,2025-12-24 21:50:00,4206.1,0.0,TRADE
VIC1,2025-12-24 21:55:00,4177.14,0.0,TRADE
VIC1,2025-12-24 22:00:00,4088.1,0.0,TRADE
VIC1,2025-12-24 22:05:00,4033.09,-2.7,TRADE
VIC1,2025-12-24 22:10:00,4064.6,-2.7,TRADE
VIC1,2025-12-24 22:15:00,4088.83,-2.7,TRADE
VIC1,2025-12-24 22:20:00,4061.01,-2.7,TRADE
VIC1,2025-12-24 22:25:00,4063.77,-2.7,TRADE
VIC1,2025-12-24 22:30:00,4039.21,-2.7,TRADE
VIC1,2025-12-24 22:35:00,4009.08,-2.7,TRADE
VIC1,2025-12-24 22:40:00,3980.94,-2.7,TRADE
VIC1,2025-12-24 22:45:00,3993.54,-2.7,TRADE
VIC1,2025-12-24 22:50:00,3960.3,-2.7,TRADE
VIC1,2025-12-24 22:55:00,3941.1,-2.7,TRADE
VIC1,2025-12-24 23:00:00,3931.69,-2.7,TRADE
VIC1,2025-12-24 23:05:00,3965.64,-2.7,TRADE
VIC1,2025-12-24 23:10:00,4081.76,0.0,TRADE
VIC1,2025-12-24 23:15:00,4118.21,-2.7,TRADE
VIC1,2025-12-24 23:20:00,4130.85,0.0,TRADE
VIC1,2025-12-24 23:25:00,4118.35,0.0,TRADE
VIC1,2025-12-24 23:30:00,4151.3,0.0,TRADE
VIC1,2025-12-24 23:35:00,4129.04,0.0,TRADE
VIC1,2025-12-24 23:40:00,4094.18,0.0,TRADE
VIC1,2025-12-24 23:45:00,4088.1,0.0,TRADE
VIC1,2025-12-24 23:50:00,4050.09,0.0,TRADE
VIC1,2025-12-24 23:55:00,3959.52,-2.7,TRADE
VIC1,2025-12-25 00:00:00,3936.83,-2.2,TRADE
VIC1,2025-12-25 00:05:00,3930.02,-2.7,TRADE
VIC1,2025-12-25 00:10:00,3891.11,-2.15,TRADE
VIC1,2025-12-25 00:15:00,3873.94,-2.7,TRADE
VIC1,2025-12-25 00:20:00,3853.12,-2.7,TRADE
VIC1,2025-12-25 00:25:00,3831.37,-2.7,TRADE
VIC1,2025-12-25 00:30:00,3820.52,-2.7,TRADE
VIC1,2025-12-25 00:35:00,3809.69,-2.7,TRADE
VIC1,2025-12-25 00:40:00,3794.8,-2.7,TRADE
VIC1,2025-12-25 00:45:00,3780.75,-2.7,TRADE
VIC1,2025-12-25 00:50:00,3737.9,-2.7,TRADE
VIC1,2025-12-25 00:55:00,3732.51,-2.7,TRADE
VIC1,2025-12-25 01:00:00,3744.48,-2.7,TRADE
VIC1,2025-12-25 01:05:00,3701.82,-2.7,TRADE
VIC1,2025-12-25 01:10:00,3696.33,-2.7,TRADE
VIC1,2025-12-25 01:15:00,3645.27,-2.7,TRADE
VIC1,2025-12-25 01:20:00,3623.48,-2.7,TRADE
VIC1,2025-12-25 01:25:00,3594.51,-2.7,TRADE
VIC1,2025-12-25 01:30:00,3586.43,-2.7,TRADE
VIC1,2025-12-25 01:35:00,3562.21,-2.7,TRADE
VIC1,2025-12-25 01:40:00,3551.97,-2.7,TRADE
VIC1,2025-12-25 01:45:00,3547.68,-2.7,TRADE
VIC1,2025-12-25 01:50:00,3512.92,-5.73,TRADE
VIC1,2025-12-25 01:55:00,3523.54,-7.0,TRADE
VIC1,2025-12-25 02:00:00,3525.15,-6.96,TRADE
VIC1,2025-12-25 02:05:00,3518.6,-7.0,TRADE
VIC1,2025-12-25 02:10:00,3511.47,-6.97,TRADE
VIC1,2025-12-25 02:15:00,3507.24,-6.94,TRADE
VIC1,2025-12-25 02:20:00,3468.04,-6.92,TRADE
VIC1,2025-12-25 02:25:00,3446.69,-6.96,TRADE
VIC1,2025-12-25 02:30:00,3423.05,-6.96,TRADE
VIC1,2025-12-25 02:35:00,3407.8,-6.95,TRADE
VIC1,2025-12-25 02:40:00,3388.69,-7.36,TRADE
VIC1,2025-12-25 02:45:00,3386.86,-7.13,TRADE
VIC1,2025-12-25 02:50:00,3386.86,-7.13,TRADE
VIC1,2025-12-25 02:55:00,3375.36,-7.07,TRADE
VIC1,2025-12-25 03:00:00,3366.18,-7.36,TRADE
VIC1,2025-12-25 03:05:00,3339.81,-7.36,TRADE
VIC1,2025-12-25 03:10:00,3349.39,-7.86,TRADE
VIC1,2025-12-25 03:15:00,3321.99,-7.86,TRADE
VIC1,2025-12-25 03:20:00,3322.32,-7.86,TRADE
VIC1,2025-12-25 03:25:00,3350.91,-7.89,TRADE
VIC1,2025-12-25 03:30:00,3368.09,-7.99,TRADE
VIC1,2025-12-25 03:35:00,3342.89,-7.92,TRADE
VIC1,2025-12-25 03:40:00,3349.3,-7.99,TRADE
VIC1,2025-12-25 03:45:00,3324.53,-8.16,TRADE
VIC1,2025-12-25 03:50:00,3319.48,-8.15,TRADE
VIC1,2025-12-25 03:55:00,3344.09,-7.99,TRADE
VIC1,2025-12-25 04:00:00,3336.54,-7.99,TRADE
VIC1,2025-12-25 04:05:00,3360.94,-8.15,TRADE
VIC1,2025-12-25 04:10:00,3404.09,-7.99,TRADE
VIC1,2025-12-25 04:15:00,3392.72,-7.36,TRADE
VIC1,2025-12-25 04:20:00,3404.87,-7.36,TRADE
VIC1,2025-12-25 04:25:00,3424.15,-7.0,TRADE
VIC1,2025-12-25 04:30:00,3438.37,-6.8,TRADE
VIC1,2025-12-25 04:35:00,3430.46,-7.25,TRADE
VIC1,2025-12-25 04:40:00,3442.5,-6.82,TRADE
VIC1,2025-12-25 04:45:00,3434.65,-6.82,TRADE
VIC1,2025-12-25 04:50:00,3444.69,-6.95,TRADE
VIC1,2025-12-25 04:55:00,3469.51,-7.05,TRADE
VIC1,2025-12-25 05:00:00,3448.48,-7.08,TRADE
VIC1,2025-12-25 05:05:00,3467.95,-2.7,TRADE
VIC1,2025-12-25 05:10:00,3458.64,-2.7,TRADE
VIC1,2025-12-25 05:15:00,3489.92,-2.7,TRADE
VIC1,2025-12-25 05:20:00,3496.88,-2.7,TRADE
VIC1,2025-12-25 05:25:00,3501.88,-2.7,TRADE
VIC1,2025-12-25 05:30:00,3502.17,-2.7,TRADE
VIC1,2025-12-25 05:35:00,3510.51,-2.7,TRADE
VIC1,2025-12-25 05:40:00,3517.37,-2.7,TRADE
VIC1,2025-12-25 05:45:00,3537.31,-7.17,TRADE
VIC1,2025-12-25 05:50:00,3544.76,-7.23,TRADE
VIC1,2025-12-25 05:55:00,3595.59,-7.32,TRADE
VIC1,2025-12-25 06:00:00,3622.62,-19.99,TRADE
VIC1,2025-12-25 06:05:00,3706.07,-7.99,TRADE
VIC1,2025-12-25 06:10:00,3695.45,-12.51,TRADE
VIC1,2025-12-25 06:15:00,3691.39,-12.06,TRADE
VIC1,2025-12-25 06:20:00,3707.24,-15.64,TRADE
VIC1,2025-12-25 06:25:00,3710.54,-19.99,TRADE
VIC1,2025-12-25 06:30:00,3677.76,-14.04,TRADE
VIC1,2025-12-25 06:35:00,3663.11,-19.99,TRADE
VIC1,2025-12-25 06:40:00,3686.92,-15.64,TRADE
VIC1,2025-12-25 06:45:00,3674.03,-15.64,TRADE
VIC1,2025-12-25 06:50:00,3650.06,-20.99,TRADE
VIC1,2025-12-25 06:55:00,3619.24,-38.4,TRADE
VIC1,2025-12-25 07:00:00,3607.95,-25.32,TRADE
VIC1,2025-12-25 07:05:00,3590.24,-25.32,TRADE
VIC1,2025-12-25 07:10:00,3478.43,-31.74,TRADE
VIC1,2025-12-25 07:15:00,3439.26,-20.51,TRADE
VIC1,2025-12-25 07:20:00,3416.98,-12.4,TRADE
VIC1,2025-12-25 07:25:00,3398.18,-17.92,TRADE
VIC1,2025-12-25 07:30:00,3362.29,-15.64,TRADE
VIC1,2025-12-25 07:35:00,3352.14,-15.64,TRADE
VIC1,2025-12-25 07:40:00,3336.16,-33.58,TRADE
VIC1,2025-12-25 07:45:00,3320.79,-39.89,TRADE
VIC1,2025-12-25 07:50:00,3334.79,-50.01,TRADE
VIC1,2025-12-25 07:55:00,3308.14,-33.58,TRADE
VIC1,2025-12-25 08:00:00,3311.11,-50.01,TRADE
VIC1,2025-12-25 08:05:00,3331.12,-50.11,TRADE
VIC1,2025-12-25 08:10:00,3344.43,-50.11,TRADE
VIC1,2025-12-25 08:15:00,3322.01,-50.11,TRADE
VIC1,2025-12-25 08:20:00,3273.61,-50.11,TRADE
VIC1,2025-12-25 08:25:00,3225.39,-56.21,TRADE
VIC1,2025-12-25 08:30:00,3146.66,-59.46,TRADE
VIC1,2025-12-25 08:35:00,3127.43,-57.0,TRADE
VIC1,2025-12-25 08:40:00,3188.35,-59.46,TRADE
VIC1,2025-12-25 08:45:00,3095.38,-59.46,TRADE
VIC1,2025-12-25 08:50:00,3073.94,-60.0,TRADE
VIC1,2025-12-25 08:55:00,3020.9,-62.51,TRADE
VIC1,2025-12-25 09:00:00,2982.56,-62.95,TRADE
VIC1,2025-12-25 09:05:00,2958.3,-62.95,TRADE
VIC1,2025-12-25 09:10:00,2938.16,-62.95,TRADE
VIC1,2025-12-25 09:15:00,2934.37,-66.31,TRADE
VIC1,2025-12-25 09:20:00,2854.42,-66.31,TRADE
VIC1,2025-12-25 09:25:00,2811.4,-66.31,TRADE
VIC1,2025-12-25 09:30:00,2824.9,-66.31,TRADE
VIC1,2025-12-25 09:35:00,2826.71,-66.31,TRADE
VIC1,2025-12-25 09:40:00,2801.27,-66.31,TRADE
VIC1,2025-12-25 09:45:00,2772.76,-66.31,TRADE
VIC1,2025-12-25 09:50:00,2746.84,-66.31,TRADE
VIC1,2025-12-25 09:55:00,2722.95,-66.31,TRADE
VIC1,2025-12-25 10:00:00,2714.25,-67.96,TRADE
VIC1,2025-12-25 10:05:00,2693.18,-66.31,TRADE
VIC1,2025-12-25 10:10:00,2653.85,-80.02,TRADE
VIC1,2025-12-25 10:15:00,2623.61,-81.91,TRADE
VIC1,2025-12-25 10:20:00,2567.66,-87.47,TRADE
VIC1,2025-12-25 10:25:00,2503.61,-88.36,TRADE
VIC1,2025-12-25 10:30:00,2472.24,-69.29,TRADE
VIC1,2025-12-25 10:35:00,2416.88,-82.0,TRADE
VIC1,2025-12-25 10:40:00,2373.73,-87.24,TRADE
VIC1,2025-12-25 10:45:00,2326.15,-99.69,TRADE
VIC1,2025-12-25 10:50:00,2295.94,-101.98,TRADE
VIC1,2025-12-25 10:55:00,2281.02,-99.69,TRADE
VIC1,2025-12-25 11:00:00,2206.13,-101.53,TRADE
VIC1,2025-12-25 11:05:00,2186.15,-100.67,TRADE
VIC1,2025-12-25 11:10:00,2155.97,-99.69,TRADE
VIC1,2025-12-25 11:15:00,2127.54,-86.8,TRADE
VIC1,2025-12-25 11:20:00,2140.64,-98.69,TRADE
VIC1,2025-12-25 11:25:00,2137.53,-80.96,TRADE
VIC1,2025-12-25 11:30:00,2026.4,-81.09,TRADE
VIC1,2025-12-25 11:35:00,1971.73,-86.8,TRADE
VIC1,2025-12-25 11:40:00,1857.5,-135.74,TRADE
VIC1,2025-12-25 11:45:00,1818.85,-136.09,TRADE
VIC1,2025-12-25 11:50:00,1830.95,-119.4,TRADE
VIC1,2025-12-25 11:55:00,1891.67,-100.67,TRADE
VIC1,2025-12-25 12:00:00,1884.53,-108.11,TRADE
VIC1,2025-12-25 12:05:00,1868.21,-147.19,TRADE
VIC1,2025-12-25 12:10:00,1870.4,-154.75,TRADE
VIC1,2025-12-25 12:15:00,1800.34,-153.85,TRADE
VIC1,2025-12-25 12:20:00,1792.88,-161.02,TRADE
VIC1,2025-12-25 12:25:00,1764.17,-148.0,TRADE
VIC1,2025-12-25 12:30:00,1664.42,-139.72,TRADE
VIC1,2025-12-25 12:35:00,1583.3,-207.53,TRADE
VIC1,2025-12-25 12:40:00,1532.96,-160.61,TRADE
VIC1,2025-12-25 12:45:00,1438.9,-207.56,TRADE
VIC1,2025-12-25 12:50:00,1390.75,-208.06,TRADE
VIC1,2025-12-25 12:55:00,1349.4,-206.04,TRADE
VIC1,2025-12-25 13:00:00,1289.07,-207.01,TRADE
VIC1,2025-12-25 13:05:00,1314.38,-204.9,TRADE
VIC1,2025-12-25 13:10:00,1354.03,-203.25,TRADE
VIC1,2025-12-25 13:15:00,1393.24,-242.38,TRADE
VIC1,2025-12-25 13:20:00,1410.42,-237.45,TRADE
VIC1,2025-12-25 13:25:00,1418.09,-157.77,TRADE
VIC1,2025-12-25 13:30:00,1423.46,-240.29,TRADE
VIC1,2025-12-25 13:35:00,1435.35,-253.6,TRADE
VIC1,2025-12-25 13:40:00,1471.14,-153.88,TRADE
VIC1,2025-12-25 13:45:00,1416.28,-253.6,TRADE
VIC1,2025-12-25 13:50:00,1437.28,-194.51,TRADE
VIC1,2025-12-25 13:55:00,1448.06,-253.6,TRADE
VIC1,2025-12-25 14:00:00,1468.44,-240.29,TRADE
VIC1,2025-12-25 14:05:00,1490.96,-253.6,TRADE
VIC1,2025-12-25 14:10:00,1516.04,-253.6,TRADE
VIC1,2025-12-25 14:15:00,1490.51,-253.6,TRADE
VIC1,2025-12-25 14:20:00,1490.48,-239.97,TRADE
VIC1,2025-12-25 14:25:00,1528.69,-242.38,TRADE
VIC1,2025-12-25 14:30:00,1509.95,-253.6,TRADE
VIC1,2025-12-25 14:35:00,1560.49,-240.57,TRADE
VIC1,2025-12-25 14:40:00,1508.63,-253.6,TRADE
VIC1,2025-12-25 14:45:00,1548.14,-241.17,TRADE
VIC1,2025-12-25 14:50:00,1537.75,-236.67,TRADE
VIC1,2025-12-25 14:55:00,1568.86,-148.88,TRADE
VIC1,2025-12-25 15:00:00,1570.75,-223.46,TRADE
VIC1,2025-12-25 15:05:00,1581.65,-154.89,TRADE
VIC1,2025-12-25 15:10:00,1604.68,-148.0,TRADE
VIC1,2025-12-25 15:15:00,1638.37,-154.96,TRADE
VIC1,2025-12-25 15:20:00,1723.35,-149.14,TRADE
VIC1,2025-12-25 15:25:00,1733.11,-155.09,TRADE
VIC1,2025-12-25 15:30:00,1759.54,-148.0,TRADE
VIC1,2025-12-25 15:35:00,1799.64,-154.39,TRADE
VIC1,2025-12-25 15:40:00,1820.32,-157.37,TRADE
VIC1,2025-12-25 15:45:00,1876.25,-153.6,TRADE
VIC1,2025-12-25 15:50:00,1916.4,-153.2,TRADE
VIC1,2025-12-25 15:55:00,1963.62,-153.16,TRADE
VIC1,2025-12-25 16:00:00,2007.06,-135.0,TRADE
VIC1,2025-12-25 16:05:00,2090.93,-141.91,TRADE
VIC1,2025-12-25 16:10:00,2178.03,-123.79,TRADE
VIC1,2025-12-25 16:15:00,2262.04,-148.0,TRADE
VIC1,2025-12-25 16:20:00,2352.58,-108.11,TRADE
VIC1,2025-12-25 16:25:00,2440.34,-71.48,TRADE
VIC1,2025-12-25 16:30:00,2463.43,-93.37,TRADE
VIC1,2025-12-25 16:35:00,2553.78,-85.07,TRADE
VIC1,2025-12-25 16:40:00,2593.88,-101.24,TRADE
VIC1,2025-12-25 16:45:00,2684.84,-66.31,TRADE
VIC1,2025-12-25 16:50:00,2698.86,-66.31,TRADE
VIC1,2025-12-25 16:55:00,2776.53,-66.31,TRADE
VIC1,2025-12-25 17:00:00,2840.04,-66.31,TRADE
VIC1,2025-12-25 17:05:00,2939.44,-66.31,TRADE
VIC1,2025-12-25 17:10:00,2976.8,-66.31,TRADE
VIC1,2025-12-25 17:15:00,3015.39,-66.31,TRADE
VIC1,2025-12-25 17:20:00,3085.24,-66.31,TRADE
VIC1,2025-12-25 17:25:00,3133.82,-62.51,TRADE
VIC1,2025-12-25 17:30:00,3243.59,-60.0,TRADE
VIC1,2025-12-25 17:35:00,3316.12,-59.46,TRADE
VIC1,2025-12-25 17:40:00,3358.66,-59.46,TRADE
VIC1,2025-12-25 17:45:00,3411.56,-57.0,TRADE
VIC1,2025-12-25 17:50:00,3480.99,-50.11,TRADE
VIC1,2025-12-25 17:55:00,3535.4,-50.11,TRADE
VIC1,2025-12-25 18:00:00,3572.31,-36.1,TRADE
VIC1,2025-12-25 18:05:00,3667.09,-49.15,TRADE
VIC1,2025-12-25 18:10:00,3693.33,-20.99,TRADE
VIC1,2025-12-25 18:15:00,3755.89,-35.56,TRADE
VIC1,2025-12-25 18:20:00,3692.62,-18.55,TRADE
VIC1,2025-12-25 18:25:00,3714.49,-14.04,TRADE
VIC1,2025-12-25 18:30:00,3781.09,-10.0,TRADE
VIC1,2025-12-25 18:35:00,3719.9,-20.99,TRADE
VIC1,2025-12-25 18:40:00,3868.41,-11.0,TRADE
VIC1,2025-12-25 18:45:00,3838.25,-20.99,TRADE
VIC1,2025-12-25 18:50:00,3960.51,-11.0,TRADE
VIC1,2025-12-25 18:55:00,3924.85,-11.99,TRADE
VIC1,2025-12-25 19:00:00,4027.82,-7.99,TRADE
VIC1,2025-12-25 19:05:00,4035.48,-19.95,TRADE
VIC1,2025-12-25 19:10:00,4143.65,-11.99,TRADE
VIC1,2025-12-25 19:15:00,4132.84,-14.04,TRADE
VIC1,2025-12-25 19:20:00,4206.2,-8.12,TRADE
VIC1,2025-12-25 19:25:00,4142.37,-7.36,TRADE
VIC1,2025-12-25 19:30:00,4197.47,-7.1,TRADE
VIC1,2025-12-25 19:35:00,4205.72,-7.36,TRADE
VIC1,2025-12-25 19:40:00,4281.12,-7.36,TRADE
VIC1,2025-12-25 19:45:00,4239.61,-7.6,TRADE
VIC1,2025-12-25 19:50:00,4273.95,-5.73,TRADE
VIC1,2025-12-25 19:55:00,4193.2,-7.25,TRADE
VIC1,2025-12-25 20:00:00,4155.04,-7.17,TRADE
VIC1,2025-12-25 20:05:00,4167.5,-7.17,TRADE
VIC1,2025-12-25 20:10:00,4179.28,-5.73,TRADE
VIC1,2025-12-25 20:15:00,4132.93,-7.25,TRADE
VIC1,2025-12-25 20:20:00,4144.96,-5.73,TRADE
VIC1,2025-12-25 20:25:00,4135.68,-7.25,TRADE
VIC1,2025-12-25 20:30:00,4180.33,-5.73,TRADE
VIC1,2025-12-25 20:35:00,4148.67,-7.28,TRADE
VIC1,2025-12-25 20:40:00,4163.07,-7.23,TRADE
VIC1,2025-12-25 20:45:00,4138.75,-7.3,TRADE
VIC1,2025-12-25 20:50:00,4159.7,-7.12,TRADE
VIC1,2025-12-25 20:55:00,4124.51,-7.08,TRADE
VIC1,2025-12-25 21:00:00,4124.79,-7.21,TRADE
VIC1,2025-12-25 21:05:00,4079.29,-7.25,TRADE
VIC1,2025-12-25 21:10:00,4058.48,-7.25,TRADE
VIC1,2025-12-25 21:15:00,4010.34,-7.25,TRADE
VIC1,2025-12-25 21:20:00,4000.06,-7.36,TRADE
VIC1,2025-12-25 21:25:00,3958.46,-7.99,TRADE
VIC1,2025-12-25 21:30:00,3957.19,-7.99,TRADE
VIC1,2025-12-25 21:35:00,3951.34,-7.99,TRADE
VIC1,2025-12-25 21:40:00,3920.54,-7.99,TRADE
VIC1,2025-12-25 21:45:00,3905.65,-7.99,TRADE
VIC1,2025-12-25 21:50:00,3892.29,-7.99,TRADE
VIC1,2025-12-25 21:55:00,3885.36,-7.75,TRADE
VIC1,2025-12-25 22:00:00,3872.3,-7.77,TRADE
VIC1,2025-12-25 22:05:00,3852.06,-7.0,TRADE
VIC1,2025-12-25 22:10:00,3898.59,-7.02,TRADE
VIC1,2025-12-25 22:15:00,3923.43,-7.18,TRADE
VIC1,2025-12-25 22:20:00,3848.21,-7.25,TRADE
VIC1,2025-12-25 22:25:00,3844.81,-7.36,TRADE
VIC1,2025-12-25 22:30:00,3842.67,-7.36,TRADE
VIC1,2025-12-25 22:35:00,3848.54,-7.36,TRADE
VIC1,2025-12-25 22:40:00,3871.53,-7.99,TRADE
VIC1,2025-12-25 22:45:00,3819.93,-7.36,TRADE
VIC1,2025-12-25 22:50:00,3802.95,-7.36,TRADE
VIC1,2025-12-25 22:55:00,3800.51,-7.46,TRADE
VIC1,2025-12-25 23:00:00,3796.87,-7.5,TRADE
VIC1,2025-12-25 23:05:00,3817.05,-7.57,TRADE
VIC1,2025-12-25 23:10:00,3964.16,-7.66,TRADE
VIC1,2025-12-25 23:15:00,4006.62,-7.85,TRADE
VIC1,2025-12-25 23:20:00,3971.53,-7.76,TRADE
VIC1,2025-12-25 23:25:00,3997.55,-7.76,TRADE
VIC1,2025-12-25 23:30:00,3993.83,-7.36,TRADE
VIC1,2025-12-25 23:35:00,3998.27,-5.73,TRADE
VIC1,2025-12-25 23:40:00,3962.48,-5.73,TRADE
VIC1,2025-12-25 23:45:00,3906.73,-7.36,TRADE
VIC1,2025-12-25 23:50:00,3909.58,-7.25,TRADE
VIC1,2025-12-25 23:55:00,3876.58,-5.73,TRADE
VIC1,2025-12-26 00:00:00,3859.44,-2.7,TRADE
VIC1,2025-12-26 00:05:00,3860.25,-5.73,TRADE
VIC1,2025-12-26 00:10:00,3799.05,-7.25,TRADE
VIC1,2025-12-26 00:15:00,3793.19,-7.25,TRADE
VIC1,2025-12-26 00:20:00,3783.8,-7.99,TRADE
VIC1,2025-12-26 00:25:00,3753.25,-7.6,TRADE
VIC1,2025-12-26 00:30:00,3748.0,-7.59,TRADE
VIC1,2025-12-26 00:35:00,3732.09,-7.59,TRADE
VIC1,2025-12-26 00:40:00,3727.99,-2.7,TRADE
VIC1,2025-12-26 00:45:00,3680.18,-5.73,TRADE
VIC1,2025-12-26 00:50:00,3676.02,-5.73,TRADE
VIC1,2025-12-26 00:55:00,3646.77,-7.36,TRADE
VIC1,2025-12-26 01:00:00,3652.23,-7.36,TRADE
VIC1,2025-12-26 01:05:00,3649.81,-7.25,TRADE
VIC1,2025-12-26 01:10:00,3629.72,-7.3,TRADE
VIC1,2025-12-26 01:15:00,3632.37,-7.41,TRADE
VIC1,2025-12-26 01:20:00,3616.92,-7.32,TRADE
VIC1,2025-12-26 01:25:00,3596.97,-7.41,TRADE
VIC1,2025-12-26 01:30:00,3585.75,-7.31,TRADE
VIC1,2025-12-26 01:35:00,3589.06,-7.52,TRADE
VIC1,2025-12-26 01:40:00,3539.64,-7.45,TRADE
VIC1,2025-12-26 01:45:00,3516.89,-7.44,TRADE
VIC1,2025-12-26 01:50:00,3517.24,-7.48,TRADE
VIC1,2025-12-26 01:55:00,3501.82,-7.39,TRADE
VIC1,2025-12-26 02:00:00,3476.1,-7.65,TRADE
VIC1,2025-12-26 02:05:00,3476.9,-7.42,TRADE
VIC1,2025-12-26 02:10:00,3470.51,-7.54,TRADE
VIC1,2025-12-26 02:15:00,3460.53,-7.5,TRADE
VIC1,2025-12-26 02:20:00,3430.54,-7.58,TRADE
VIC1,2025-12-26 02:25:00,3419.67,-7.6,TRADE
VIC1,2025-12-26 02:30:00,3426.7,-7.65,TRADE
VIC1,2025-12-26 02:35:00,3398.71,-7.56,TRADE
VIC1,2025-12-26 02:40:00,3389.43,-7.54,TRADE
VIC1,2025-12-26 02:45:00,3391.56,-7.36,TRADE
VIC1,2025-12-26 02:50:00,3389.19,-5.73,TRADE
VIC1,2025-12-26 02:55:00,3384.25,-2.7,TRADE
VIC1,2025-12-26 03:00:00,3356.15,-2.7,TRADE
VIC1,2025-12-26 03:05:00,3343.69,-7.65,TRADE
VIC1,2025-12-26 03:10:00,3358.57,-7.58,TRADE
VIC1,2025-12-26 03:15:00,3377.65,-7.57,TRADE
VIC1,2025-12-26 03:20:00,3384.82,-7.36,TRADE
VIC1,2025-12-26 03:25:00,3373.41,-7.36,TRADE
VIC1,2025-12-26 03:30:00,3371.55,-7.25,TRADE
VIC1,2025-12-26 03:35:00,3382.25,-7.36,TRADE
VIC1,2025-12-26 03:40:00,3371.41,-7.36,TRADE
VIC1,2025-12-26 03:45:00,3387.82,-7.66,TRADE
VIC1,2025-12-26 03:50:00,3371.45,-7.51,TRADE
VIC1,2025-12-26 03:55:00,3374.66,-7.44,TRADE
VIC1,2025-12-26 04:00:00,3386.1,-7.4,TRADE
VIC1,2025-12-26 04:05:00,3382.8,-7.47,TRADE
VIC1,2025-12-26 04:10:00,3403.67,-7.36,TRADE
VIC1,2025-12-26 04:15:00,3414.61,-7.48,TRADE
VIC1,2025-12-26 04:20:00,3434.1,-7.51,TRADE
VIC1,2025-12-26 04:25:00,3421.27,-7.56,TRADE
VIC1,2025-12-26 04:30:00,3445.08,-7.36,TRADE
VIC1,2025-12-26 04:35:00,3467.21,-5.73,TRADE
VIC1,2025-12-26 04:40:00,3465.44,-2.7,TRADE
VIC1,2025-12-26 04:45:00,3473.65,-7.67,TRADE
VIC1,2025-12-26 04:50:00,3487.14,-7.36,TRADE
VIC1,2025-12-26 04:55:00,3465.59,-7.51,TRADE
VIC1,2025-12-26 05:00:00,3490.89,-7.56,TRADE
VIC1,2025-12-26 05:05:00,3487.84,-7.36,TRADE
VIC1,2025-12-26 05:10:00,3507.81,-7.36,TRADE
VIC1,2025-12-26 05:15:00,3530.22,-7.36,TRADE
VIC1,2025-12-26 05:20:00,3524.12,-7.56,TRADE
VIC1,2025-12-26 05:25:00,3518.46,-7.36,TRADE
VIC1,2025-12-26 05:30:00,3514.49,-7.36,TRADE
VIC1,2025-12-26 05:35:00,3526.87,-7.36,TRADE
VIC1,2025-12-26 05:40:00,3604.83,-5.73,TRADE
VIC1,2025-12-26 05:45:00,3594.66,-7.32,TRADE
VIC1,2025-12-26 05:50:00,3623.01,-7.36,TRADE
VIC1,2025-12-26 05:55:00,3609.23,-7.93,TRADE
VIC1,2025-12-26 06:00:00,3605.82,-8.09,TRADE
VIC1,2025-12-26 06:05:00,3658.41,-11.0,TRADE
VIC1,2025-12-26 06:10:00,3734.54,-9.1,TRADE
VIC1,2025-12-26 06:15:00,3736.52,-15.64,TRADE
VIC1,2025-12-26 06:20:00,3715.67,-16.16,TRADE
VIC1,2025-12-26 06:25:00,3705.65,-14.04,TRADE
VIC1,2025-12-26 06:30:00,3703.5,-20.99,TRADE
VIC1,2025-12-26 06:35:00,3661.48,-20.92,TRADE
VIC1,2025-12-26 06:40:00,3641.87,-33.58,TRADE
VIC1,2025-12-26 06:45:00,3661.51,-20.99,TRADE
VIC1,2025-12-26 06:50:00,3604.94,-25.0,TRADE
VIC1,2025-12-26 06:55:00,3591.02,-44.82,TRADE
VIC1,2025-12-26 07:00:00,3540.39,-50.11,TRADE
VIC1,2025-12-26 07:05:00,3576.45,-43.39,TRADE
VIC1,2025-12-26 07:10:00,3523.39,-30.56,TRADE
VIC1,2025-12-26 07:15:00,3497.76,-30.56,TRADE
VIC1,2025-12-26 07:20:00,3523.67,-30.53,TRADE
VIC1,2025-12-26 07:25:00,3545.22,-31.32,TRADE
VIC1,2025-12-26 07:30:00,3550.66,-26.48,TRADE
VIC1,2025-12-26 07:35:00,3564.7,-32.11,TRADE
VIC1,2025-12-26 07:40:00,3578.7,-26.56,TRADE
VIC1,2025-12-26 07:45:00,3550.35,-50.11,TRADE
VIC1,2025-12-26 07:50:00,3617.58,-40.04,TRADE
VIC1,2025-12-26 07:55:00,3616.38,-22.39,TRADE
VIC1,2025-12-26 08:00:00,3599.82,-50.01,TRADE
VIC1,2025-12-26 08:05:00,3565.02,-55.97,TRADE
VIC1,2025-12-26 08:10:00,3569.56,-38.12,TRADE
VIC1,2025-12-26 08:15:00,3509.31,-50.11,TRADE
VIC1,2025-12-26 08:20:00,3492.02,-50.11,TRADE
VIC1,2025-12-26 08:25:00,3470.7,-55.97,TRADE
VIC1,2025-12-26 08:30:00,3424.8,-50.11,TRADE
VIC1,2025-12-26 08:35:00,3333.72,-55.97,TRADE
VIC1,2025-12-26 08:40:00,3283.07,-55.97,TRADE
VIC1,2025-12-26 08:45:00,3236.17,-62.51,TRADE
VIC1,2025-12-26 08:50:00,3152.86,-59.46,TRADE
VIC1,2025-12-26 08:55:00,3089.61,-60.0,TRADE
VIC1,2025-12-26 09:00:00,3153.55,-58.97,TRADE
VIC1,2025-12-26 09:05:00,3228.14,-57.0,TRADE
VIC1,2025-12-26 09:10:00,3227.13,-57.0,TRADE
VIC1,2025-12-26 09:15:00,3232.53,-55.97,TRADE
VIC1,2025-12-26 09:20:00,3190.31,-56.94,TRADE
VIC1,2025-12-26 09:25:00,3159.14,-55.97,TRADE
VIC1,2025-12-26 09:30:00,3101.04,-57.0,TRADE
VIC1,2025-12-26 09:35:00,3021.47,-60.0,TRADE
VIC1,2025-12-26 09:40:00,2985.94,-60.0,TRADE
VIC1,2025-12-26 09:45:00,2875.0,-62.51,TRADE
VIC1,2025-12-26 09:50:00,2793.98,-66.31,TRADE
VIC1,2025-12-26 09:55:00,2696.09,-66.31,TRADE
VIC1,2025-12-26 10:00:00,2710.94,-66.31,TRADE
VIC1,2025-12-26 10:05:00,2683.22,-66.31,TRADE
VIC1,2025-12-26 10:10:00,2672.26,-66.31,TRADE
VIC1,2025-12-26 10:15:00,2672.0,-63.53,TRADE
VIC1,2025-12-26 10:20:00,2660.69,-63.82,TRADE
VIC1,2025-12-26 10:25:00,2628.2,-66.31,TRADE
VIC1,2025-12-26 10:30:00,2611.06,-66.31,TRADE
VIC1,2025-12-26 10:35:00,2531.06,-66.31,TRADE
VIC1,2025-12-26 10:40:00,2471.2,-66.31,TRADE
VIC1,2025-12-26 10:45:00,2452.33,-66.31,TRADE
VIC1,2025-12-26 10:50:00,2409.24,-80.02,TRADE
VIC1,2025-12-26 10:55:00,2457.68,-66.31,TRADE
VIC1,2025-12-26 11:00:00,2437.27,-67.35,TRADE
VIC1,2025-12-26 11:05:00,2405.05,-80.02,TRADE
VIC1,2025-12-26 11:10:00,2386.33,-67.08,TRADE
VIC1,2025-12-26 11:15:00,2282.36,-83.34,TRADE
VIC1,2025-12-26 11:20:00,2260.2,-102.62,TRADE
VIC1,2025-12-26 11:25:00,2301.27,-80.02,TRADE
VIC1,2025-12-26 11:30:00,2226.56,-80.07,TRADE
VIC1,2025-12-26 11:35:00,2213.47,-94.73,TRADE
VIC1,2025-12-26 11:40:00,2187.92,-110.01,TRADE
VIC1,2025-12-26 11:45:00,2169.16,-80.57,TRADE
VIC1,2025-12-26 11:50:00,2090.69,-117.04,TRADE
VIC1,2025-12-26 11:55:00,2153.17,-83.22,TRADE
VIC1,2025-12-26 12:00:00,2064.32,-135.0,TRADE
VIC1,2025-12-26 12:05:00,2046.65,-120.56,TRADE
VIC1,2025-12-26 12:10:00,2021.61,-117.8,TRADE
VIC1,2025-12-26 12:15:00,1946.73,-110.7,TRADE
VIC1,2025-12-26 12:20:00,1956.9,-110.69,TRADE
VIC1,2025-12-26 12:25:00,1958.27,-110.4,TRADE
VIC1,2025-12-26 12:30:00,1964.04,-182.02,TRADE
VIC1,2025-12-26 12:35:00,1891.0,-106.06,TRADE
VIC1,2025-12-26 12:40:00,1842.79,-124.44,TRADE
VIC1,2025-12-26 12:45:00,1825.91,-115.8,TRADE
VIC1,2025-12-26 12:50:00,1796.94,-115.27,TRADE
VIC1,2025-12-26 12:55:00,1776.0,-115.26,TRADE
VIC1,2025-12-26 13:00:00,1768.46,-176.0,TRADE
VIC1,2025-12-26 13:05:00,1795.21,-113.83,TRADE
VIC1,2025-12-26 13:10:00,1752.46,-79.09,TRADE
VIC1,2025-12-26 13:15:00,1737.07,-180.06,TRADE
VIC1,2025-12-26 13:20:00,1725.49,-114.67,TRADE
VIC1,2025-12-26 13:25:00,1709.01,-174.94,TRADE
VIC1,2025-12-26 13:30:00,1705.07,-116.57,TRADE
VIC1,2025-12-26 13:35:00,1705.13,-116.76,TRADE
VIC1,2025-12-26 13:40:00,1682.5,-135.0,TRADE
VIC1,2025-12-26 13:45:00,1663.36,-166.05,TRADE
VIC1,2025-12-26 13:50:00,1676.06,-115.36,TRADE
VIC1,2025-12-26 13:55:00,1706.62,-114.81,TRADE
VIC1,2025-12-26 14:00:00,1709.46,-186.59,TRADE
VIC1,2025-12-26 14:05:00,1686.05,-114.9,TRADE
VIC1,2025-12-26 14:10:00,1681.62,-104.33,TRADE
VIC1,2025-12-26 14:15:00,1714.13,-154.57,TRADE
VIC1,2025-12-26 14:20:00,1682.89,-178.0,TRADE
VIC1,2025-12-26 14:25:00,1687.56,-154.98,TRADE
VIC1,2025-12-26 14:30:00,1693.94,-115.72,TRADE
VIC1,2025-12-26 14:35:00,1722.38,-66.31,TRADE
VIC1,2025-12-26 14:40:00,1657.64,-186.16,TRADE
VIC1,2025-12-26 14:45:00,1724.7,-121.82,TRADE
VIC1,2025-12-26 14:50:00,1748.85,-66.31,TRADE
VIC1,2025-12-26 14:55:00,1723.55,-203.67,TRADE
VIC1,2025-12-26 15:00:00,1782.43,-148.0,TRADE
VIC1,2025-12-26 15:05:00,1798.56,-148.0,TRADE
VIC1,2025-12-26 15:10:00,1861.77,-66.31,TRADE
VIC1,2025-12-26 15:15:00,1816.06,-66.31,TRADE
VIC1,2025-12-26 15:20:00,1843.26,-83.2,TRADE
VIC1,2025-12-26 15:25:00,1957.24,-66.67,TRADE
VIC1,2025-12-26 15:30:00,1936.55,-66.31,TRADE
VIC1,2025-12-26 15:35:00,1977.66,-112.58,TRADE
VIC1,2025-12-26 15:40:00,2095.63,-66.31,TRADE
VIC1,2025-12-26 15:45:00,2136.79,-126.19,TRADE
VIC1,2025-12-26 15:50:00,2209.78,-79.17,TRADE
VIC1,2025-12-26 15:55:00,2243.57,-66.31,TRADE
VIC1,2025-12-26 16:00:00,2208.29,-66.31,TRADE
VIC1,2025-12-26 16:05:00,2293.35,-115.55,TRADE
VIC1,2025-12-26 16:10:00,2415.16,-104.88,TRADE
VIC1,2025-12-26 16:15:00,2477.88,-84.47,TRADE
VIC1,2025-12-26 16:20:00,2509.3,-93.35,TRADE
VIC1,2025-12-26 16:25:00,2624.69,-66.31,TRADE
VIC1,2025-12-26 16:30:00,2621.91,-66.31,TRADE
VIC1,2025-12-26 16:35:00,2686.54,-66.31,TRADE
VIC1,2025-12-26 16:40:00,2757.19,-66.31,TRADE
VIC1,2025-12-26 16:45:00,2898.03,-62.95,TRADE
VIC1,2025-12-26 16:50:00,2984.71,-62.95,TRADE
VIC1,2025-12-26 16:55:00,3085.92,-60.0,TRADE
VIC1,2025-12-26 17:00:00,3192.41,-55.97,TRADE
VIC1,2025-12-26 17:05:00,3261.51,-59.46,TRADE
VIC1,2025-12-26 17:10:00,3304.62,-60.0,TRADE
VIC1,2025-12-26 17:15:00,3407.59,-50.11,TRADE
VIC1,2025-12-26 17:20:00,3527.49,-50.11,TRADE
VIC1,2025-12-26 17:25:00,3634.81,-37.76,TRADE
VIC1,2025-12-26 17:30:00,3692.12,-50.01,TRADE
VIC1,2025-12-26 17:35:00,3732.27,-37.02,TRADE
VIC1,2025-12-26 17:40:00,3792.68,-37.03,TRADE
VIC1,2025-12-26 17:45:00,3852.95,-19.99,TRADE
VIC1,2025-12-26 17:50:00,3863.49,-9.21,TRADE
VIC1,2025-12-26 17:55:00,3764.53,-15.64,TRADE
VIC1,2025-12-26 18:00:00,3894.45,-11.0,TRADE
VIC1,2025-12-26 18:05:00,3913.26,-11.0,TRADE
VIC1,2025-12-26 18:10:00,4012.91,-2.7,TRADE
VIC1,2025-12-26 18:15:00,4021.34,-2.7,TRADE
VIC1,2025-12-26 18:20:00,4100.94,0.0,TRADE
VIC1,2025-12-26 18:25:00,4091.23,-2.7,TRADE
VIC1,2025-12-26 18:30:00,4161.79,4.09,TRADE
VIC1,2025-12-26 18:35:00,4190.54,-2.7,TRADE
VIC1,2025-12-26 18:40:00,4222.91,4.5,TRADE
VIC1,2025-12-26 18:45:00,4247.94,0.0,TRADE
VIC1,2025-12-26 18:50:00,4335.61,0.01,TRADE
VIC1,2025-12-26 18:55:00,4351.52,4.5,TRADE
VIC1,2025-12-26 19:00:00,4373.85,4.5,TRADE
VIC1,2025-12-26 19:05:00,4425.65,0.0,TRADE
VIC1,2025-12-26 19:10:00,4482.68,0.0,TRADE
VIC1,2025-12-26 19:15:00,4508.05,0.1,TRADE
VIC1,2025-12-26 19:20:00,4539.88,8.69,TRADE
VIC1,2025-12-26 19:25:00,4551.17,9.62,TRADE
VIC1,2025-12-26 19:30:00,4593.51,8.95,TRADE
VIC1,2025-12-26 19:35:00,4592.18,8.69,TRADE
VIC1,2025-12-26 19:40:00,4595.66,8.69,TRADE
VIC1,2025-12-26 19:45:00,4581.18,8.69,TRADE
VIC1,2025-12-26 19:50:00,4573.45,8.95,TRADE
VIC1,2025-12-26 19:55:00,4543.12,8.95,TRADE
VIC1,2025-12-26 20:00:00,4551.43,0.58,TRADE
VIC1,2025-12-26 20:05:00,4552.25,8.69,TRADE
VIC1,2025-12-26 20:10:00,4567.94,8.69,TRADE
VIC1,2025-12-26 20:15:00,4581.24,8.69,TRADE
VIC1,2025-12-26 20:20:00,4596.35,9.36,TRADE
VIC1,2025-12-26 20:25:00,4525.12,8.69,TRADE
VIC1,2025-12-26 20:30:00,4544.26,8.69,TRADE
VIC1,2025-12-26 20:35:00,4540.91,8.69,TRADE
VIC1,2025-12-26 20:40:00,4533.62,10.14,TRADE
VIC1,2025-12-26 20:45:00,4510.46,8.95,TRADE
VIC1,2025-12-26 20:50:00,4513.61,8.69,TRADE
VIC1,2025-12-26 20:55:00,4481.59,8.69,TRADE
VIC1,2025-12-26 21:00:00,4461.19,8.67,TRADE
VIC1,2025-12-26 21:05:00,4414.74,0.01,TRADE
VIC1,2025-12-26 21:10:00,4416.81,-2.7,TRADE
VIC1,2025-12-26 21:15:00,4401.91,0.0,TRADE
VIC1,2025-12-26 21:20:00,4379.02,0.0,TRADE
VIC1,2025-12-26 21:25:00,4346.57,0.0,TRADE
VIC1,2025-12-26 21:30:00,4286.9,0.0,TRADE
VIC1,2025-12-26 21:35:00,4264.83,0.0,TRADE
VIC1,2025-12-26 21:40:00,4266.93,0.0,TRADE
VIC1,2025-12-26 21:45:00,4230.36,0.0,TRADE
VIC1,2025-12-26 21:50:00,4197.79,0.0,TRADE
VIC1,2025-12-26 21:55:00,4158.4,0.0,TRADE
VIC1,2025-12-26 22:00:00,4133.33,0.0,TRADE
VIC1,2025-12-26 22:05:00,4100.67,0.0,TRADE
VIC1,2025-12-26 22:10:00,4065.76,0.0,TRADE
VIC1,2025-12-26 22:15:00,4011.88,-2.7,TRADE
VIC1,2025-12-26 22:20:00,4007.59,-2.7,TRADE
VIC1,2025-12-26 22:25:00,4055.4,-2.7,TRADE
VIC1,2025-12-26 22:30:00,4034.71,-2.7,TRADE
VIC1,2025-12-26 22:35:00,4055.02,0.0,TRADE
VIC1,2025-12-26 22:40:00,4019.23,-2.7,TRADE
VIC1,2025-12-26 22:45:00,4034.77,0.01,TRADE
VIC1,2025-12-26 22:50:00,3985.34,-2.7,TRADE
VIC1,2025-12-26 22:55:00,3972.53,-2.7,TRADE
VIC1,2025-12-26 23:00:00,3989.31,-2.7,TRADE
VIC1,2025-12-26 23:05:00,4021.86,-2.7,TRADE
VIC1,2025-12-26 23:10:00,4157.06,0.0,TRADE
VIC1,2025-12-26 23:15:00,4220.89,8.67,TRADE
VIC1,2025-12-26 23:20:00,4237.6,-2.7,TRADE
VIC1,2025-12-26 23:25:00,4207.77,0.01,TRADE
VIC1,2025-12-26 23:30:00,4206.89,0.01,TRADE
VIC1,2025-12-26 23:35:00,4213.61,-2.7,TRADE
VIC1,2025-12-26 23:40:00,4189.58,0.01,TRADE
VIC1,2025-12-26 23:45:00,4153.98,8.67,TRADE
VIC1,2025-12-26 23:50:00,4071.62,-2.7,TRADE
VIC1,2025-12-26 23:55:00,4056.51,0.0,TRADE
VIC1,2025-12-29 00:00:00,4427.97,12.71,TRADE
VIC1,2025-12-29 00:05:00,4408.01,8.95,TRADE
VIC1,2025-12-29 00:10:00,4367.25,12.71,TRADE
VIC1,2025-12-29 00:15:00,4343.49,8.95,TRADE
VIC1,2025-12-29 00:20:00,4308.48,8.95,TRADE
VIC1,2025-12-29 00:25:00,4274.4,8.95,TRADE
VIC1,2025-12-29 00:30:00,4247.66,8.95,TRADE
VIC1,2025-12-29 00:35:00,4213.48,8.95,TRADE
VIC1,2025-12-29 00:40:00,4223.73,8.95,TRADE
VIC1,2025-12-29 00:45:00,4181.8,6.91,TRADE
VIC1,2025-12-29 00:50:00,4138.09,8.95,TRADE
VIC1,2025-12-29 00:55:00,4132.11,8.95,TRADE
VIC1,2025-12-29 01:00:00,4105.06,8.95,TRADE
VIC1,2025-12-29 01:05:00,4115.27,8.95,TRADE
VIC1,2025-12-29 01:10:00,4092.95,8.95,TRADE
VIC1,2025-12-29 01:15:00,4070.68,8.95,TRADE
VIC1,2025-12-29 01:20:00,4057.01,8.95,TRADE
VIC1,2025-12-29 01:25:00,4050.38,0.01,TRADE
VIC1,2025-12-29 01:30:00,3990.7,22.05,TRADE
VIC1,2025-12-29 01:35:00,3995.47,22.05,TRADE
VIC1,2025-12-29 01:40:00,3975.89,22.05,TRADE
VIC1,2025-12-29 01:45:00,3948.97,22.05,TRADE
VIC1,2025-12-29 01:50:00,3941.04,22.05,TRADE
VIC1,2025-12-29 01:55:00,3910.32,22.05,TRADE
VIC1,2025-12-29 02:00:00,3894.02,22.05,TRADE
VIC1,2025-12-29 02:05:00,3910.43,22.05,TRADE
VIC1,2025-12-29 02:10:00,3903.15,22.05,TRADE
VIC1,2025-12-29 02:15:00,3878.92,23.31,TRADE
VIC1,2025-12-29 02:20:00,3865.94,8.95,TRADE
VIC1,2025-12-29 02:25:00,3840.51,8.95,TRADE
VIC1,2025-12-29 02:30:00,3828.99,0.01,TRADE
VIC1,2025-12-29 02:35:00,3798.23,8.95,TRADE
VIC1,2025-12-29 02:40:00,3797.12,8.95,TRADE
VIC1,2025-12-29 02:45:00,3796.89,8.95,TRADE
VIC1,2025-12-29 02:50:00,3792.3,8.95,TRADE
VIC1,2025-12-29 02:55:00,3799.36,8.95,TRADE
VIC1,2025-12-29 03:00:00,3764.71,8.95,TRADE
VIC1,2025-12-29 03:05:00,3780.21,8.95,TRADE
VIC1,2025-12-29 03:10:00,3782.27,8.95,TRADE
VIC1,2025-12-29 03:15:00,3800.71,8.95,TRADE
VIC1,2025-12-29 03:20:00,3792.85,8.95,TRADE
VIC1,2025-12-29 03:25:00,3801.21,8.95,TRADE
VIC1,2025-12-29 03:30:00,3801.83,8.95,TRADE
VIC1,2025-12-29 03:35:00,3820.89,8.95,TRADE
VIC1,2025-12-29 03:40:00,3834.41,8.9,TRADE
VIC1,2025-12-29 03:45:00,3842.96,8.95,TRADE
VIC1,2025-12-29 03:50:00,3841.66,8.95,TRADE
VIC1,2025-12-29 03:55:00,3872.09,22.05,TRADE
VIC1,2025-12-29 04:00:00,3903.21,22.05,TRADE
VIC1,2025-12-29 04:05:00,3916.58,22.05,TRADE
VIC1,2025-12-29 04:10:00,3967.98,22.05,TRADE
VIC1,2025-12-29 04:15:00,3974.94,22.05,TRADE
VIC1,2025-12-29 04:20:00,3993.19,22.05,TRADE
VIC1,2025-12-29 04:25:00,3999.1,31.76,TRADE
VIC1,2025-12-29 04:30:00,4000.39,22.05,TRADE
VIC1,2025-12-29 04:35:00,3989.47,22.05,TRADE
VIC1,2025-12-29 04:40:00,4038.75,33.67,TRADE
VIC1,2025-12-29 04:45:00,4049.93,31.56,TRADE
VIC1,2025-12-29 04:50:00,4052.38,28.53,TRADE
VIC1,2025-12-29 04:55:00,4022.32,41.63,TRADE
VIC1,2025-12-29 05:00:00,4018.16,50.94,TRADE
VIC1,2025-12-29 05:05:00,4053.89,52.31,TRADE
VIC1,2025-12-29 05:10:00,4117.95,50.81,TRADE
VIC1,2025-12-29 05:15:00,4097.85,31.55,TRADE
VIC1,2025-12-29 05:20:00,4109.29,33.42,TRADE
VIC1,2025-12-29 05:25:00,4137.44,32.27,TRADE
VIC1,2025-12-29 05:30:00,4125.24,19.18,TRADE
VIC1,2025-12-29 05:35:00,4121.01,30.2,TRADE
VIC1,2025-12-29 05:40:00,4152.41,8.14,TRADE
VIC1,2025-12-29 05:45:00,4113.73,0.6,TRADE
VIC1,2025-12-29 05:50:00,4082.46,0.0,TRADE
VIC1,2025-12-29 05:55:00,4044.61,-2.7,TRADE
VIC1,2025-12-29 06:00:00,4034.64,-1.16,TRADE
VIC1,2025-12-29 06:05:00,3998.14,-4.71,TRADE
VIC1,2025-12-29 06:10:00,4073.46,-4.78,TRADE
VIC1,2025-12-29 06:15:00,4033.2,-5.18,TRADE
VIC1,2025-12-29 06:20:00,4087.25,-6.72,TRADE
VIC1,2025-12-29 06:25:00,4064.66,-8.0,TRADE
VIC1,2025-12-29 06:30:00,4041.46,-8.49,TRADE
VIC1,2025-12-29 06:35:00,3981.85,-8.54,TRADE
VIC1,2025-12-29 06:40:00,4028.63,-8.18,TRADE
VIC1,2025-12-29 06:45:00,3907.16,-8.51,TRADE
VIC1,2025-12-29 06:50:00,3914.27,-8.69,TRADE
VIC1,2025-12-29 06:55:00,3860.42,-9.37,TRADE
VIC1,2025-12-29 07:00:00,3833.16,-11.0,TRADE
VIC1,2025-12-29 07:05:00,3853.97,-7.25,TRADE
VIC1,2025-12-29 07:10:00,3710.06,-7.88,TRADE
VIC1,2025-12-29 07:15:00,3747.57,-7.25,TRADE
VIC1,2025-12-29 07:20:00,3672.64,-8.0,TRADE
VIC1,2025-12-29 07:25:00,3674.37,-6.44,TRADE
VIC1,2025-12-29 07:30:00,3628.96,-6.32,TRADE
VIC1,2025-12-29 07:35:00,3611.75,-5.68,TRADE
VIC1,2025-12-29 07:40:00,3477.18,-7.25,TRADE
VIC1,2025-12-29 07:45:00,3478.41,-5.73,TRADE
VIC1,2025-12-29 07:50:00,3459.45,-6.32,TRADE
VIC1,2025-12-29 07:55:00,3421.74,-7.36,TRADE
VIC1,2025-12-29 08:00:00,3399.83,-8.0,TRADE
VIC1,2025-12-29 08:05:00,3432.04,-4.27,TRADE
VIC1,2025-12-29 08:10:00,3353.26,-4.4,TRADE
VIC1,2025-12-29 08:15:00,3273.98,-7.36,TRADE
VIC1,2025-12-29 08:20:00,3285.89,-4.19,TRADE
VIC1,2025-12-29 08:25:00,3236.31,-7.85,TRADE
VIC1,2025-12-29 08:30:00,3226.7,-8.0,TRADE
VIC1,2025-12-29 08:35:00,3170.9,-8.0,TRADE
VIC1,2025-12-29 08:40:00,3116.87,-7.32,TRADE
VIC1,2025-12-29 08:45:00,3054.84,-8.25,TRADE
VIC1,2025-12-29 08:50:00,3048.19,-8.0,TRADE
VIC1,2025-12-29 08:55:00,3056.53,-10.72,TRADE
VIC1,2025-12-29 09:00:00,3076.55,-11.0,TRADE
VIC1,2025-12-29 09:05:00,3069.0,-10.0,TRADE
VIC1,2025-12-29 09:10:00,3123.48,-8.25,TRADE
VIC1,2025-12-29 09:15:00,3027.05,-7.36,TRADE
VIC1,2025-12-29 09:20:00,2986.4,-18.03,TRADE
VIC1,2025-12-29 09:25:00,2891.86,-16.98,TRADE
VIC1,2025-12-29 09:30:00,2855.81,-14.25,TRADE
VIC1,2025-12-29 09:35:00,2812.86,-12.53,TRADE
VIC1,2025-12-29 09:40:00,2770.89,-11.0,TRADE
VIC1,2025-12-29 09:45:00,2774.4,-12.52,TRADE
VIC1,2025-12-29 09:50:00,2745.57,-14.54,TRADE
VIC1,2025-12-29 09:55:00,2728.94,-14.43,TRADE
VIC1,2025-12-29 10:00:00,2726.55,-14.26,TRADE
VIC1,2025-12-29 10:05:00,2771.61,-12.9,TRADE
VIC1,2025-12-29 10:10:00,2791.84,-11.0,TRADE
VIC1,2025-12-29 10:15:00,2802.03,-8.25,TRADE
VIC1,2025-12-29 10:20:00,2807.6,-15.21,TRADE
VIC1,2025-12-29 10:25:00,2799.52,-13.69,TRADE
VIC1,2025-12-29 10:30:00,2816.36,-8.0,TRADE
VIC1,2025-12-29 10:35:00,2775.46,-8.0,TRADE
VIC1,2025-12-29 10:40:00,2752.67,-8.25,TRADE
VIC1,2025-12-29 10:45:00,2797.36,-7.32,TRADE
VIC1,2025-12-29 10:50:00,2796.4,-10.0,TRADE
VIC1,2025-12-29 10:55:00,2836.06,-15.13,TRADE
VIC1,2025-12-29 11:00:00,2838.86,-8.0,TRADE
VIC1,2025-12-29 11:05:00,2803.31,-11.0,TRADE
VIC1,2025-12-29 11:10:00,2831.93,-11.0,TRADE
VIC1,2025-12-29 11:15:00,2867.05,-7.32,TRADE
VIC1,2025-12-29 11:20:00,2844.83,-7.32,TRADE
VIC1,2025-12-29 11:25:00,2852.7,-10.0,TRADE
VIC1,2025-12-29 11:30:00,2907.9,-8.0,TRADE
VIC1,2025-12-29 11:35:00,2911.23,0.0,TRADE
VIC1,2025-12-29 11:40:00,2864.46,-8.25,TRADE
VIC1,2025-12-29 11:45:00,2882.39,-7.32,TRADE
VIC1,2025-12-29 11:50:00,2908.33,0.0,TRADE
VIC1,2025-12-29 11:55:00,2898.79,-11.0,TRADE
VIC1,2025-12-29 12:00:00,2961.93,-6.01,TRADE
VIC1,2025-12-29 12:05:00,2968.06,0.67,TRADE
VIC1,2025-12-29 12:10:00,2950.18,-7.36,TRADE
VIC1,2025-12-29 12:15:00,3005.82,-8.0,TRADE
VIC1,2025-12-29 12:20:00,3016.37,-8.0,TRADE
VIC1,2025-12-29 12:25:00,3067.79,0.0,TRADE
VIC1,2025-12-29 12:30:00,3072.12,-0.9,TRADE
VIC1,2025-12-29 12:35:00,3064.91,-8.0,TRADE
VIC1,2025-12-29 12:40:00,3120.68,-8.25,TRADE
VIC1,2025-12-29 12:45:00,3145.5,-2.7,TRADE
VIC1,2025-12-29 12:50:00,3169.09,0.69,TRADE
VIC1,2025-12-29 12:55:00,3152.38,-10.0,TRADE
VIC1,2025-12-29 13:00:00,3262.1,-1.88,TRADE
VIC1,2025-12-29 13:05:00,3232.17,-1.44,TRADE
VIC1,2025-12-29 13:10:00,3249.85,-6.01,TRADE
VIC1,2025-12-29 13:15:00,3315.89,4.35,TRADE
VIC1,2025-12-29 13:20:00,3320.11,7.47,TRADE
VIC1,2025-12-29 13:25:00,3358.11,4.81,TRADE
VIC1,2025-12-29 13:30:00,3377.5,16.41,TRADE
VIC1,2025-12-29 13:35:00,3401.46,15.73,TRADE
VIC1,2025-12-29 13:40:00,3463.28,12.43,TRADE
VIC1,2025-12-29 13:45:00,3526.95,6.73,TRADE
VIC1,2025-12-29 13:50:00,3588.72,31.58,TRADE
VIC1,2025-12-29 13:55:00,3661.41,22.05,TRADE
VIC1,2025-12-29 14:00:00,3710.32,19.76,TRADE
VIC1,2025-12-29 14:05:00,3713.46,-2.9,TRADE
VIC1,2025-12-29 14:10:00,3788.89,4.7,TRADE
VIC1,2025-12-29 14:15:00,3808.14,1.26,TRADE
VIC1,2025-12-29 14:20:00,3833.3,3.7,TRADE
VIC1,2025-12-29 14:25:00,3925.27,19.51,TRADE
VIC1,2025-12-29 14:30:00,3980.83,8.95,TRADE
VIC1,2025-12-29 14:35:00,4023.55,8.58,TRADE
VIC1,2025-12-29 14:40:00,4117.35,8.95,TRADE
VIC1,2025-12-29 14:45:00,4168.99,11.2,TRADE
VIC1,2025-12-29 14:50:00,4206.1,8.95,TRADE
VIC1,2025-12-29 14:55:00,4266.14,8.95,TRADE
VIC1,2025-12-29 15:00:00,4348.57,44.95,TRADE
VIC1,2025-12-29 15:05:00,4405.91,32.66,TRADE
VIC1,2025-12-29 15:10:00,4494.81,22.05,TRADE
VIC1,2025-12-29 15:15:00,4588.63,22.05,TRADE
VIC1,2025-12-29 15:20:00,4648.06,25.66,TRADE
VIC1,2025-12-29 15:25:00,4741.37,22.05,TRADE
VIC1,2025-12-29 15:30:00,4824.02,26.06,TRADE
VIC1,2025-12-29 15:35:00,4921.37,70.52,TRADE
VIC1,2025-12-29 15:40:00,4927.14,26.05,TRADE
VIC1,2025-12-29 15:45:00,5075.02,70.52,TRADE
VIC1,2025-12-29 15:50:00,5149.7,70.52,TRADE
VIC1,2025-12-29 15:55:00,5274.92,70.52,TRADE
VIC1,2025-12-29 16:00:00,5338.55,96.69,TRADE
VIC1,2025-12-29 16:05:00,5371.79,97.24,TRADE
VIC1,2025-12-29 16:10:00,5475.41,114.67,TRADE
VIC1,2025-12-29 16:15:00,5553.93,111.46,TRADE
VIC1,2025-12-29 16:20:00,5617.83,114.67,TRADE
VIC1,2025-12-29 16:25:00,5679.1,73.46,TRADE
VIC1,2025-12-29 16:30:00,5793.85,96.69,TRADE
VIC1,2025-12-29 16:35:00,5856.16,96.69,TRADE
VIC1,2025-12-29 16:40:00,5963.9,95.3,TRADE
VIC1,2025-12-29 16:45:00,6014.19,97.64,TRADE
VIC1,2025-12-29 16:50:00,6128.02,108.22,TRADE
VIC1,2025-12-29 16:55:00,6206.58,96.57,TRADE
VIC1,2025-12-29 17:00:00,6249.64,93.08,TRADE
VIC1,2025-12-29 17:05:00,6312.62,70.52,TRADE
VIC1,2025-12-29 17:10:00,6328.68,34.86,TRADE
VIC1,2025-12-29 17:15:00,6415.83,58.01,TRADE
VIC1,2025-12-29 17:20:00,6441.02,40.56,TRADE
VIC1,2025-12-29 17:25:00,6535.27,56.5,TRADE
VIC1,2025-12-29 17:30:00,6589.1,69.58,TRADE
VIC1,2025-12-29 17:35:00,6646.04,50.52,TRADE
VIC1,2025-12-29 17:40:00,6774.17,51.96,TRADE
VIC1,2025-12-29 17:45:00,6883.01,61.69,TRADE
VIC1,2025-12-29 17:50:00,6889.22,70.52,TRADE
VIC1,2025-12-29 17:55:00,6932.73,71.32,TRADE
VIC1,2025-12-29 18:00:00,7003.46,77.99,TRADE
VIC1,2025-12-29 18:05:00,7042.69,80.0,TRADE
VIC1,2025-12-29 18:10:00,7024.62,80.0,TRADE
VIC1,2025-12-29 18:15:00,7030.3,85.73,TRADE
VIC1,2025-12-29 18:20:00,7047.72,86.13,TRADE
VIC1,2025-12-29 18:25:00,7026.61,85.75,TRADE
VIC1,2025-12-29 18:30:00,7042.81,93.77,TRADE
VIC1,2025-12-29 18:35:00,7079.64,94.75,TRADE
VIC1,2025-12-29 18:40:00,7088.27,94.3,TRADE
VIC1,2025-12-29 18:45:00,7090.46,93.49,TRADE
VIC1,2025-12-29 18:50:00,7096.64,86.04,TRADE
VIC1,2025-12-29 18:55:00,7150.22,84.73,TRADE
VIC1,2025-12-29 19:00:00,7120.05,89.92,TRADE
VIC1,2025-12-29 19:05:00,7081.4,87.19,TRADE
VIC1,2025-12-29 19:10:00,7023.3,81.04,TRADE
VIC1,2025-12-29 19:15:00,7016.49,80.0,TRADE
VIC1,2025-12-29 19:20:00,6936.31,81.28,TRADE
VIC1,2025-12-29 19:25:00,6908.51,80.0,TRADE
VIC1,2025-12-29 19:30:00,6847.73,80.0,TRADE
VIC1,2025-12-29 19:35:00,6806.42,80.0,TRADE
VIC1,2025-12-29 19:40:00,6767.02,86.8,TRADE
VIC1,2025-12-29 19:45:00,6717.36,76.01,TRADE
VIC1,2025-12-29 19:50:00,6691.8,73.69,TRADE
VIC1,2025-12-29 19:55:00,6634.0,73.67,TRADE
VIC1,2025-12-29 20:00:00,6558.64,70.52,TRADE
VIC1,2025-12-29 20:05:00,6574.65,70.52,TRADE
VIC1,2025-12-29 20:10:00,6514.67,67.5,TRADE
VIC1,2025-12-29 20:15:00,6484.07,70.52,TRADE
VIC1,2025-12-29 20:20:00,6447.0,62.39,TRADE
VIC1,2025-12-29 20:25:00,6395.7,58.5,TRADE
VIC1,2025-12-29 20:30:00,6330.58,58.42,TRADE
VIC1,2025-12-29 20:35:00,6322.25,58.06,TRADE
VIC1,2025-12-29 20:40:00,6252.81,60.18,TRADE
VIC1,2025-12-29 20:45:00,6169.82,56.23,TRADE
VIC1,2025-12-29 20:50:00,6142.49,56.5,TRADE
VIC1,2025-12-29 20:55:00,6111.31,55.56,TRADE
VIC1,2025-12-29 21:00:00,6022.55,54.94,TRADE
VIC1,2025-12-29 21:05:00,5968.65,56.5,TRADE
VIC1,2025-12-29 21:10:00,5937.61,56.5,TRADE
VIC1,2025-12-29 21:15:00,5910.89,54.94,TRADE
VIC1,2025-12-29 21:20:00,5853.04,55.23,TRADE
VIC1,2025-12-29 21:25:00,5792.4,55.84,TRADE
VIC1,2025-12-29 21:30:00,5745.7,54.94,TRADE
VIC1,2025-12-29 21:35:00,5711.77,54.94,TRADE
VIC1,2025-12-29 21:40:00,5664.45,52.63,TRADE
VIC1,2025-12-29 21:45:00,5598.57,41.86,TRADE
VIC1,2025-12-29 21:50:00,5523.63,52.98,TRADE
VIC1,2025-12-29 21:55:00,5494.09,33.05,TRADE
VIC1,2025-12-29 22:00:00,5440.39,35.41,TRADE
VIC1,2025-12-29 22:05:00,5373.41,48.25,TRADE
VIC1,2025-12-29 22:10:00,5369.05,47.02,TRADE
VIC1,2025-12-29 22:15:00,5359.23,48.1,TRADE
VIC1,2025-12-29 22:20:00,5288.27,47.41,TRADE
VIC1,2025-12-29 22:25:00,5228.4,47.31,TRADE
VIC1,2025-12-29 22:30:00,5182.78,30.8,TRADE
VIC1,2025-12-29 22:35:00,5133.81,25.66,TRADE
VIC1,2025-12-29 22:40:00,5112.59,49.29,TRADE
VIC1,2025-12-29 22:45:00,5062.92,26.61,TRADE
VIC1,2025-12-29 22:50:00,5018.8,25.66,TRADE
VIC1,2025-12-29 22:55:00,5006.8,28.99,TRADE
VIC1,2025-12-29 23:00:00,4969.55,8.95,TRADE
VIC1,2025-12-29 23:05:00,4961.19,12.71,TRADE
VIC1,2025-12-29 23:10:00,5088.34,61.59,TRADE
VIC1,2025-12-29 23:15:00,5088.91,51.69,TRADE
VIC1,2025-12-29 23:20:00,5077.75,52.1,TRADE
VIC1,2025-12-29 23:25:00,5071.49,54.03,TRADE
VIC1,2025-12-29 23:30:00,5035.81,51.92,TRADE
VIC1,2025-12-29 23:35:00,5023.06,54.03,TRADE
VIC1,2025-12-29 23:40:00,4978.76,62.23,TRADE
VIC1,2025-12-29 23:45:00,4903.83,52.02,TRADE
VIC1,2025-12-29 23:50:00,4858.63,8.95,TRADE
VIC1,2025-12-29 23:55:00,4814.12,12.71,TRADE
VIC1,2025-12-30 00:00:00,4805.89,34.8,TRADE
VIC1,2025-12-30 00:05:00,4808.86,12.71,TRADE
VIC1,2025-12-30 00:10:00,4770.01,25.66,TRADE
VIC1,2025-12-30 00:15:00,4744.2,12.71,TRADE
VIC1,2025-12-30 00:20:00,4686.94,29.08,TRADE
VIC1,2025-12-30 00:25:00,4646.1,12.71,TRADE
VIC1,2025-12-30 00:30:00,4609.01,12.71,TRADE
VIC1,2025-12-30 00:35:00,4588.02,12.71,TRADE
VIC1,2025-12-30 00:40:00,4556.74,50.41,TRADE
VIC1,2025-12-30 00:45:00,4541.52,58.34,TRADE
VIC1,2025-12-30 00:50:00,4542.99,56.57,TRADE
VIC1,2025-12-30 00:55:00,4526.28,56.01,TRADE
VIC1,2025-12-30 01:00:00,4498.72,59.63,TRADE
VIC1,2025-12-30 01:05:00,4482.81,58.2,TRADE
VIC1,2025-12-30 01:10:00,4482.25,59.25,TRADE
VIC1,2025-12-30 01:15:00,4463.08,58.08,TRADE
VIC1,2025-12-30 01:20:00,4438.91,58.04,TRADE
VIC1,2025-12-30 01:25:00,4402.61,56.91,TRADE
VIC1,2025-12-30 01:30:00,4382.49,57.75,TRADE
VIC1,2025-12-30 01:35:00,4384.77,59.69,TRADE
VIC1,2025-12-30 01:40:00,4359.43,61.49,TRADE
VIC1,2025-12-30 01:45:00,4358.63,65.67,TRADE
VIC1,2025-12-30 01:50:00,4323.84,60.1,TRADE
VIC1,2025-12-30 01:55:00,4313.19,60.1,TRADE
VIC1,2025-12-30 02:00:00,4310.81,60.94,TRADE
VIC1,2025-12-30 02:05:00,4268.47,67.25,TRADE
VIC1,2025-12-30 02:10:00,4273.16,58.47,TRADE
VIC1,2025-12-30 02:15:00,4259.54,56.25,TRADE
VIC1,2025-12-30 02:20:00,4258.48,58.76,TRADE
VIC1,2025-12-30 02:25:00,4249.01,57.63,TRADE
VIC1,2025-12-30 02:30:00,4234.06,57.27,TRADE
VIC1,2025-12-30 02:35:00,4198.14,57.51,TRADE
VIC1,2025-12-30 02:40:00,4206.66,57.59,TRADE
VIC1,2025-12-30 02:45:00,4221.66,54.68,TRADE
VIC1,2025-12-30 02:50:00,4213.04,64.39,TRADE
VIC1,2025-12-30 02:55:00,4213.78,56.65,TRADE
VIC1,2025-12-30 03:00:00,4223.08,63.9,TRADE
VIC1,2025-12-30 03:05:00,4200.29,63.54,TRADE
VIC1,2025-12-30 03:10:00,4205.1,62.19,TRADE
VIC1,2025-12-30 03:15:00,4204.62,21.02,TRADE
VIC1,2025-12-30 03:20:00,4204.31,52.77,TRADE
VIC1,2025-12-30 03:25:00,4171.66,62.84,TRADE
VIC1,2025-12-30 03:30:00,4173.8,55.44,TRADE
VIC1,2025-12-30 03:35:00,4166.68,48.89,TRADE
VIC1,2025-12-30 03:40:00,4156.73,63.56,TRADE
VIC1,2025-12-30 03:45:00,4158.86,70.03,TRADE
VIC1,2025-12-30 03:50:00,4143.38,60.15,TRADE
VIC1,2025-12-30 03:55:00,4114.66,61.61,TRADE
VIC1,2025-12-30 04:00:00,4129.39,69.05,TRADE
VIC1,2025-12-30 04:05:00,4136.78,59.56,TRADE
VIC1,2025-12-30 04:10:00,4141.66,60.0,TRADE
VIC1,2025-12-30 04:15:00,4171.36,54.4,TRADE
VIC1,2025-12-30 04:20:00,4204.78,51.21,TRADE
VIC1,2025-12-30 04:25:00,4200.92,63.81,TRADE
VIC1,2025-12-30 04:30:00,4198.72,70.26,TRADE
VIC1,2025-12-30 04:35:00,4208.12,54.03,TRADE
VIC1,2025-12-30 04:40:00,4229.61,27.89,TRADE
VIC1,2025-12-30 04:45:00,4219.16,48.13,TRADE
VIC1,2025-12-30 04:50:00,4227.55,49.38,TRADE
VIC1,2025-12-30 04:55:00,4234.96,29.69,TRADE
VIC1,2025-12-30 05:00:00,4237.69,47.6,TRADE
VIC1,2025-12-30 05:05:00,4227.13,47.7,TRADE
VIC1,2025-12-30 05:10:00,4255.08,47.72,TRADE
VIC1,2025-12-30 05:15:00,4285.57,48.31,TRADE
VIC1,2025-12-30 05:20:00,4304.42,48.98,TRADE
VIC1,2025-12-30 05:25:00,4321.73,52.96,TRADE
VIC1,2025-12-30 05:30:00,4322.48,71.57,TRADE
VIC1,2025-12-30 05:35:00,4297.02,57.84,TRADE
VIC1,2025-12-30 05:40:00,4297.61,38.24,TRADE
VIC1,2025-12-30 05:45:00,4281.01,29.67,TRADE
VIC1,2025-12-30 05:50:00,4236.83,1.01,TRADE
VIC1,2025-12-30 05:55:00,4222.65,33.04,TRADE
VIC1,2025-12-30 06:00:00,4253.28,12.71,TRADE
VIC1,2025-12-30 06:05:00,4234.12,0.0,TRADE
VIC1,2025-12-30 06:10:00,4222.93,12.71,TRADE
VIC1,2025-12-30 06:15:00,4213.73,0.64,TRADE
VIC1,2025-12-30 06:20:00,4171.89,-2.7,TRADE
VIC1,2025-12-30 06:25:00,4157.9,-5.63,TRADE
VIC1,2025-12-30 06:30:00,4107.91,-5.08,TRADE
VIC1,2025-12-30 06:35:00,4143.68,-2.7,TRADE
VIC1,2025-12-30 06:40:00,4150.03,-2.7,TRADE
VIC1,2025-12-30 06:45:00,4103.8,-6.55,TRADE
VIC1,2025-12-30 06:50:00,4062.15,-7.23,TRADE
VIC1,2025-12-30 06:55:00,4049.31,-7.99,TRADE
VIC1,2025-12-30 07:00:00,4005.04,-8.0,TRADE
VIC1,2025-12-30 07:05:00,3947.83,-7.86,TRADE
VIC1,2025-12-30 07:10:00,3973.16,-7.7,TRADE
VIC1,2025-12-30 07:15:00,3978.9,-7.98,TRADE
VIC1,2025-12-30 07:20:00,4014.65,-7.13,TRADE
VIC1,2025-12-30 07:25:00,4020.69,-7.36,TRADE
VIC1,2025-12-30 07:30:00,4033.93,-8.62,TRADE
VIC1,2025-12-30 07:35:00,4072.4,-7.25,TRADE
VIC1,2025-12-30 07:40:00,4049.13,-7.14,TRADE
VIC1,2025-12-30 07:45:00,4110.06,-6.66,TRADE
VIC1,2025-12-30 07:50:00,4123.36,-7.25,TRADE
VIC1,2025-12-30 07:55:00,4069.63,-7.36,TRADE
VIC1,2025-12-30 08:00:00,4028.95,-7.99,TRADE
VIC1,2025-12-30 08:05:00,3994.67,-7.34,TRADE
VIC1,2025-12-30 08:10:00,3999.18,-7.25,TRADE
VIC1,2025-12-30 08:15:00,4020.48,-7.45,TRADE
VIC1,2025-12-30 08:20:00,3983.89,-7.99,TRADE
VIC1,2025-12-30 08:25:00,4049.74,-7.51,TRADE
VIC1,2025-12-30 08:30:00,4021.68,-8.0,TRADE
VIC1,2025-12-30 08:35:00,4008.1,-7.32,TRADE
VIC1,2025-12-30 08:40:00,3958.11,-7.45,TRADE
VIC1,2025-12-30 08:45:00,3915.17,-8.25,TRADE
VIC1,2025-12-30 08:50:00,3947.0,-8.0,TRADE
VIC1,2025-12-30 08:55:00,3948.48,-8.0,TRADE
VIC1,2025-12-30 09:00:00,3909.23,-8.25,TRADE
VIC1,2025-12-30 09:05:00,3864.59,-11.0,TRADE
VIC1,2025-12-30 09:10:00,3897.08,-11.0,TRADE
VIC1,2025-12-30 09:15:00,3856.23,-11.82,TRADE
VIC1,2025-12-30 09:20:00,3835.36,-14.04,TRADE
VIC1,2025-12-30 09:25:00,3798.42,-14.05,TRADE
VIC1,2025-12-30 09:30:00,3827.93,-15.14,TRADE
VIC1,2025-12-30 09:35:00,3836.62,-14.93,TRADE
VIC1,2025-12-30 09:40:00,3808.65,-14.95,TRADE
VIC1,2025-12-30 09:45:00,3771.35,-20.29,TRADE
VIC1,2025-12-30 09:50:00,3826.05,-13.99,TRADE
VIC1,2025-12-30 09:55:00,3807.62,-17.19,TRADE
VIC1,2025-12-30 10:00:00,3805.01,-16.29,TRADE
VIC1,2025-12-30 10:05:00,3891.83,-16.92,TRADE
VIC1,2025-12-30 10:10:00,3911.98,-20.29,TRADE
VIC1,2025-12-30 10:15:00,4006.53,-17.19,TRADE
VIC1,2025-12-30 10:20:00,4021.13,-19.35,TRADE
VIC1,2025-12-30 10:25:00,4098.27,-18.77,TRADE
VIC1,2025-12-30 10:30:00,4112.8,-20.29,TRADE
VIC1,2025-12-30 10:35:00,4062.36,-20.34,TRADE
VIC1,2025-12-30 10:40:00,4042.78,-20.37,TRADE
VIC1,2025-12-30 10:45:00,4101.18,-20.29,TRADE
VIC1,2025-12-30 10:50:00,4116.6,-20.29,TRADE
VIC1,2025-12-30 10:55:00,4228.05,-19.99,TRADE
VIC1,2025-12-30 11:00:00,4248.22,-19.99,TRADE
VIC1,2025-12-30 11:05:00,4390.19,-15.64,TRADE
VIC1,2025-12-30 11:10:00,4478.29,-16.78,TRADE
VIC1,2025-12-30 11:15:00,4556.44,-15.79,TRADE
VIC1,2025-12-30 11:20:00,4602.25,-15.64,TRADE
VIC1,2025-12-30 11:25:00,4629.71,-15.64,TRADE
VIC1,2025-12-30 11:30:00,4663.24,-14.33,TRADE
VIC1,2025-12-30 11:35:00,4654.92,-11.0,TRADE
VIC1,2025-12-30 11:40:00,4676.57,-11.0,TRADE
VIC1,2025-12-30 11:45:00,4721.8,-8.12,TRADE
VIC1,2025-12-30 11:50:00,4758.16,-8.0,TRADE
VIC1,2025-12-30 11:55:00,4745.97,-7.32,TRADE
VIC1,2025-12-30 12:00:00,4748.19,-6.61,TRADE
VIC1,2025-12-30 12:05:00,4740.94,-6.68,TRADE
VIC1,2025-12-30 12:10:00,4678.96,-7.95,TRADE
VIC1,2025-12-30 12:15:00,4633.53,-10.88,TRADE
VIC1,2025-12-30 12:20:00,4545.34,-17.4,TRADE
VIC1,2025-12-30 12:25:00,4550.59,-14.92,TRADE
VIC1,2025-12-30 12:30:00,4441.54,-14.81,TRADE
VIC1,2025-12-30 12:35:00,4374.09,-15.64,TRADE
VIC1,2025-12-30 12:40:00,4378.26,-14.81,TRADE
VIC1,2025-12-30 12:45:00,4334.41,-15.49,TRADE
VIC1,2025-12-30 12:50:00,4302.97,-15.64,TRADE
VIC1,2025-12-30 12:55:00,4332.22,-15.64,TRADE
VIC1,2025-12-30 13:00:00,4375.54,-15.64,TRADE
VIC1,2025-12-30 13:05:00,4457.93,-12.16,TRADE
VIC1,2025-12-30 13:10:00,4445.97,-12.06,TRADE
VIC1,2025-12-30 13:15:00,4454.94,-14.0,TRADE
VIC1,2025-12-30 13:20:00,4449.54,-14.16,TRADE
VIC1,2025-12-30 13:25:00,4447.72,-11.86,TRADE
VIC1,2025-12-30 13:30:00,4407.94,-14.13,TRADE
VIC1,2025-12-30 13:35:00,4460.13,-14.06,TRADE
VIC1,2025-12-30 13:40:00,4472.71,-12.9,TRADE
VIC1,2025-12-30 13:45:00,4451.34,-13.47,TRADE
VIC1,2025-12-30 13:50:00,4377.23,-12.06,TRADE
VIC1,2025-12-30 13:55:00,4354.16,-11.93,TRADE
VIC1,2025-12-30 14:00:00,4277.02,-11.0,TRADE
VIC1,2025-12-30 14:05:00,4307.84,-11.59,TRADE
VIC1,2025-12-30 14:10:00,4278.27,-11.0,TRADE
VIC1,2025-12-30 14:15:00,4279.66,-12.06,TRADE
VIC1,2025-12-30 14:20:00,4242.91,-11.94,TRADE
VIC1,2025-12-30 14:25:00,4229.67,-11.23,TRADE
VIC1,2025-12-30 14:30:00,4310.78,-11.6,TRADE
VIC1,2025-12-30 14:35:00,4328.56,-10.54,TRADE
VIC1,2025-12-30 14:40:00,4398.37,-9.56,TRADE
VIC1,2025-12-30 14:45:00,4508.61,-9.35,TRADE
VIC1,2025-12-30 14:50:00,4566.19,-7.36,TRADE
VIC1,2025-12-30 14:55:00,4606.32,-8.0,TRADE
VIC1,2025-12-30 15:00:00,4580.04,-7.56,TRADE
VIC1,2025-12-30 15:05:00,4528.62,-7.32,TRADE
VIC1,2025-12-30 15:10:00,4551.59,-7.25,TRADE
VIC1,2025-12-30 15:15:00,4599.4,-7.1,TRADE
VIC1,2025-12-30 15:20:00,4618.77,-6.82,TRADE
VIC1,2025-12-30 15:25:00,4663.99,-6.6,TRADE
VIC1,2025-12-30 15:30:00,4726.0,-2.7,TRADE
VIC1,2025-12-30 15:35:00,4721.03,-2.7,TRADE
VIC1,2025-12-30 15:40:00,4733.13,-2.7,TRADE
VIC1,2025-12-30 15:45:00,4791.73,-2.7,TRADE
VIC1,2025-12-30 15:50:00,4843.36,-2.7,TRADE
VIC1,2025-12-30 15:55:00,4864.1,-2.7,TRADE
VIC1,2025-12-30 16:00:00,4849.15,-2.7,TRADE
VIC1,2025-12-30 16:05:00,4853.56,-2.7,TRADE
VIC1,2025-12-30 16:10:00,4814.38,-5.91,TRADE
VIC1,2025-12-30 16:15:00,4830.4,-7.36,TRADE
VIC1,2025-12-30 16:20:00,4827.24,-7.25,TRADE
VIC1,2025-12-30 16:25:00,4856.01,-7.25,TRADE
VIC1,2025-12-30 16:30:00,4810.88,-7.75,TRADE
VIC1,2025-12-30 16:35:00,4838.67,-7.81,TRADE
VIC1,2025-12-30 16:40:00,4885.45,-7.36,TRADE
VIC1,2025-12-30 16:45:00,4891.36,-8.14,TRADE
VIC1,2025-12-30 16:50:00,4898.58,-8.12,TRADE
VIC1,2025-12-30 16:55:00,4919.95,-2.7,TRADE
VIC1,2025-12-30 17:00:00,4856.84,-2.7,TRADE
VIC1,2025-12-30 17:05:00,4863.47,-2.7,TRADE
VIC1,2025-12-30 17:10:00,4889.53,-8.0,TRADE
VIC1,2025-12-30 17:15:00,4923.52,-2.7,TRADE
VIC1,2025-12-30 17:20:00,4969.47,-2.7,TRADE
VIC1,2025-12-30 17:25:00,4965.42,-2.45,TRADE
VIC1,2025-12-30 17:30:00,4960.05,-2.46,TRADE
VIC1,2025-12-30 17:35:00,4955.38,-1.48,TRADE
VIC1,2025-12-30 17:40:00,4964.2,1.08,TRADE
VIC1,2025-12-30 17:45:00,5013.43,1.29,TRADE
VIC1,2025-12-30 17:50:00,5068.06,0.0,TRADE
VIC1,2025-12-30 17:55:00,5101.53,1.01,TRADE
VIC1,2025-12-30 18:00:00,5117.62,8.65,TRADE
VIC1,2025-12-30 18:05:00,5154.04,8.95,TRADE
VIC1,2025-12-30 18:10:00,5178.84,8.95,TRADE
VIC1,2025-12-30 18:15:00,5156.66,8.95,TRADE
VIC1,2025-12-30 18:20:00,5161.46,12.71,TRADE
VIC1,2025-12-30 18:25:00,5147.81,12.71,TRADE
VIC1,2025-12-30 18:30:00,5081.79,8.95,TRADE
VIC1,2025-12-30 18:35:00,5089.55,9.18,TRADE
VIC1,2025-12-30 18:40:00,5079.41,9.46,TRADE
VIC1,2025-12-30 18:45:00,5049.66,8.95,TRADE
VIC1,2025-12-30 18:50:00,4994.96,9.51,TRADE
VIC1,2025-12-30 18:55:00,4980.18,8.95,TRADE
VIC1,2025-12-30 19:00:00,4887.23,8.95,TRADE
VIC1,2025-12-30 19:05:00,4840.01,1.46,TRADE
VIC1,2025-12-30 19:10:00,4839.41,1.44,TRADE
VIC1,2025-12-30 19:15:00,4845.92,8.95,TRADE
VIC1,2025-12-30 19:20:00,4832.74,8.88,TRADE
VIC1,2025-12-30 19:25:00,4849.72,12.71,TRADE
VIC1,2025-12-30 19:30:00,4833.09,54.03,TRADE
VIC1,2025-12-30 19:35:00,4816.37,37.05,TRADE
VIC1,2025-12-30 19:40:00,4853.93,35.99,TRADE
VIC1,2025-12-30 19:45:00,4855.74,29.67,TRADE
VIC1,2025-12-30 19:50:00,4893.06,8.95,TRADE
VIC1,2025-12-30 19:55:00,4840.21,12.71,TRADE
VIC1,2025-12-30 20:00:00,4859.32,8.95,TRADE
VIC1,2025-12-30 20:05:00,4827.19,54.03,TRADE
VIC1,2025-12-30 20:10:00,4817.42,54.03,TRADE
VIC1,2025-12-30 20:15:00,4794.51,12.71,TRADE
VIC1,2025-12-30 20:20:00,4789.96,12.71,TRADE
VIC1,2025-12-30 20:25:00,4777.42,12.71,TRADE
VIC1,2025-12-30 20:30:00,4713.49,-2.7,TRADE
VIC1,2025-12-30 20:35:00,4696.28,-2.7,TRADE
VIC1,2025-12-30 20:40:00,4639.38,-2.7,TRADE
VIC1,2025-12-30 20:45:00,4616.08,0.01,TRADE
VIC1,2025-12-30 20:50:00,4559.81,1.01,TRADE
VIC1,2025-12-30 20:55:00,4523.84,8.95,TRADE
VIC1,2025-12-30 21:00:00,4479.83,7.96,TRADE
VIC1,2025-12-30 21:05:00,4419.22,54.03,TRADE
VIC1,2025-12-30 21:10:00,4444.77,46.31,TRADE
VIC1,2025-12-30 21:15:00,4462.3,54.03,TRADE
VIC1,2025-12-30 21:20:00,4403.29,52.74,TRADE
VIC1,2025-12-30 21:25:00,4433.96,12.71,TRADE
VIC1,2025-12-30 21:30:00,4395.22,0.01,TRADE
VIC1,2025-12-30 21:35:00,4336.1,-2.7,TRADE
VIC1,2025-12-30 21:40:00,4275.17,-2.7,TRADE
VIC1,2025-12-30 21:45:00,4264.77,-2.7,TRADE
VIC1,2025-12-30 21:50:00,4252.02,0.01,TRADE
VIC1,2025-12-30 21:55:00,4231.48,0.01,TRADE
VIC1,2025-12-30 22:00:00,4215.73,1.01,TRADE
VIC1,2025-12-30 22:05:00,4156.11,1.01,TRADE
VIC1,2025-12-30 22:10:00,4182.79,1.01,TRADE
VIC1,2025-12-30 22:15:00,4184.85,12.91,TRADE
VIC1,2025-12-30 22:20:00,4191.62,12.71,TRADE
VIC1,2025-12-30 22:25:00,4134.53,8.95,TRADE
VIC1,2025-12-30 22:30:00,4119.73,-2.05,TRADE
VIC1,2025-12-30 22:35:00,4091.4,-2.7,TRADE
VIC1,2025-12-30 22:40:00,4154.83,-2.18,TRADE
VIC1,2025-12-30 22:45:00,4187.25,0.01,TRADE
VIC1,2025-12-30 22:50:00,4236.45,0.01,TRADE
VIC1,2025-12-30 22:55:00,4180.59,0.01,TRADE
VIC1,2025-12-30 23:00:00,4185.95,0.01,TRADE
VIC1,2025-12-30 23:05:00,4218.81,0.01,TRADE
VIC1,2025-12-30 23:10:00,4345.41,1.01,TRADE
VIC1,2025-12-30 23:15:00,4387.0,1.01,TRADE
VIC1,2025-12-30 23:20:00,4374.9,1.01,TRADE
VIC1,2025-12-30 23:25:00,4365.15,1.01,TRADE
VIC1,2025-12-30 23:30:00,4388.48,12.91,TRADE
VIC1,2025-12-30 23:35:00,4387.78,25.66,TRADE
VIC1,2025-12-30 23:40:00,4368.29,8.95,TRADE
VIC1,2025-12-30 23:45:00,4316.45,1.01,TRADE
VIC1,2025-12-30 23:50:00,4251.16,1.01,TRADE
VIC1,2025-12-30 23:55:00,4213.52,8.95,TRADE
VIC1,2025-12-31 00:00:00,4190.33,8.95,TRADE
VIC1,2025-12-31 00:05:00,4209.48,8.95,TRADE
VIC1,2025-12-31 00:10:00,4165.78,-0.1,TRADE
VIC1,2025-12-31 00:15:00,4128.53,0.01,TRADE
VIC1,2025-12-31 00:20:00,4103.68,0.01,TRADE
VIC1,2025-12-31 00:25:00,4064.74,0.0,TRADE
VIC1,2025-12-31 00:30:00,4037.3,-2.07,TRADE
VIC1,2025-12-31 00:35:00,4016.04,-2.06,TRADE
VIC1,2025-12-31 00:40:00,4009.45,-1.87,TRADE
VIC1,2025-12-31 00:45:00,4008.52,0.01,TRADE
VIC1,2025-12-31 00:50:00,3993.65,-1.97,TRADE
VIC1,2025-12-31 00:55:00,3990.43,-2.7,TRADE
VIC1,2025-12-31 01:00:00,3977.76,-2.7,TRADE
VIC1,2025-12-31 01:05:00,3977.46,-2.7,TRADE
VIC1,2025-12-31 01:10:00,3944.51,-5.73,TRADE
VIC1,2025-12-31 01:15:00,3929.34,-5.73,TRADE
VIC1,2025-12-31 01:20:00,3907.99,-2.7,TRADE
VIC1,2025-12-31 01:25:00,3912.81,-5.73,TRADE
VIC1,2025-12-31 01:30:00,3878.76,-7.36,TRADE
VIC1,2025-12-31 01:35:00,3882.94,-5.73,TRADE
VIC1,2025-12-31 01:40:00,3876.51,-7.36,TRADE
VIC1,2025-12-31 01:45:00,3856.85,-7.11,TRADE
VIC1,2025-12-31 01:50:00,3858.68,-7.11,TRADE
VIC1,2025-12-31 01:55:00,3826.08,-7.36,TRADE
VIC1,2025-12-31 02:00:00,3829.16,-7.36,TRADE
VIC1,2025-12-31 02:05:00,3823.91,-7.36,TRADE
VIC1,2025-12-31 02:10:00,3802.96,-7.36,TRADE
VIC1,2025-12-31 02:15:00,3798.28,-7.25,TRADE
VIC1,2025-12-31 02:20:00,3799.13,-7.12,TRADE
VIC1,2025-12-31 02:25:00,3782.97,-7.12,TRADE
VIC1,2025-12-31 02:30:00,3763.47,-7.36,TRADE
VIC1,2025-12-31 02:35:00,3737.22,-7.36,TRADE
VIC1,2025-12-31 02:40:00,3718.99,-7.5,TRADE
VIC1,2025-12-31 02:45:00,3698.3,-7.54,TRADE
VIC1,2025-12-31 02:50:00,3700.54,-7.5,TRADE
VIC1,2025-12-31 02:55:00,3697.26,-7.47,TRADE
VIC1,2025-12-31 03:00:00,3718.65,-7.99,TRADE
VIC1,2025-12-31 03:05:00,3724.53,-7.99,TRADE
VIC1,2025-12-31 03:10:00,3726.65,-7.55,TRADE
VIC1,2025-12-31 03:15:00,3734.32,-7.55,TRADE
VIC1,2025-12-31 03:20:00,3743.8,-7.59,TRADE
VIC1,2025-12-31 03:25:00,3743.71,-7.66,TRADE
VIC1,2025-12-31 03:30:00,3754.49,-7.59,TRADE
VIC1,2025-12-31 03:35:00,3746.08,-7.52,TRADE
VIC1,2025-12-31 03:40:00,3731.98,-7.99,TRADE
VIC1,2025-12-31 03:45:00,3760.82,-7.99,TRADE
VIC1,2025-12-31 03:50:00,3753.0,-7.99,TRADE
VIC1,2025-12-31 03:55:00,3736.84,-7.99,TRADE
VIC1,2025-12-31 04:00:00,3771.33,-7.6,TRADE
VIC1,2025-12-31 04:05:00,3805.5,-7.55,TRADE
VIC1,2025-12-31 04:10:00,3822.85,-7.62,TRADE
VIC1,2025-12-31 04:15:00,3844.83,-7.62,TRADE
VIC1,2025-12-31 04:20:00,3819.8,-7.65,TRADE
VIC1,2025-12-31 04:25:00,3852.42,-7.36,TRADE
VIC1,2025-12-31 04:30:00,3827.02,-7.66,TRADE
VIC1,2025-12-31 04:35:00,3850.06,-7.69,TRADE
VIC1,2025-12-31 04:40:00,3864.88,-7.36,TRADE
VIC1,2025-12-31 04:45:00,3906.6,-7.25,TRADE
VIC1,2025-12-31 04:50:00,3946.95,-7.25,TRADE
VIC1,2025-12-31 04:55:00,3901.44,-7.36,TRADE
VIC1,2025-12-31 05:00:00,3916.49,-7.36,TRADE
VIC1,2025-12-31 05:05:00,3927.7,-7.36,TRADE
VIC1,2025-12-31 05:10:00,3955.12,-7.36,TRADE
VIC1,2025-12-31 05:15:00,3970.06,-7.36,TRADE
VIC1,2025-12-31 05:20:00,3932.4,-7.36,TRADE
VIC1,2025-12-31 05:25:00,3962.08,-7.36,TRADE
VIC1,2025-12-31 05:30:00,3940.72,-7.77,TRADE
VIC1,2025-12-31 05:35:00,3920.58,-7.7,TRADE
VIC1,2025-12-31 05:40:00,3965.42,-7.77,TRADE
VIC1,2025-12-31 05:45:00,3952.27,-7.66,TRADE
VIC1,2025-12-31 05:50:00,3946.2,-7.49,TRADE
VIC1,2025-12-31 05:55:00,3970.16,-7.99,TRADE
VIC1,2025-12-31 06:00:00,3962.73,-8.04,TRADE
VIC1,2025-12-31 06:05:00,3977.72,-7.99,TRADE
VIC1,2025-12-31 06:10:00,3956.47,-7.99,TRADE
VIC1,2025-12-31 06:15:00,3969.78,-8.0,TRADE
VIC1,2025-12-31 06:20:00,4005.98,-8.47,TRADE
VIC1,2025-12-31 06:25:00,3979.09,-8.0,TRADE
VIC1,2025-12-31 06:30:00,3938.58,-10.0,TRADE
VIC1,2025-12-31 06:35:00,3964.29,-14.04,TRADE
VIC1,2025-12-31 06:40:00,3933.05,-15.64,TRADE
VIC1,2025-12-31 06:45:00,3911.7,-17.08,TRADE
VIC1,2025-12-31 06:50:00,3829.22,-29.7,TRADE
VIC1,2025-12-31 06:55:00,3839.1,-15.64,TRADE
VIC1,2025-12-31 07:00:00,3760.15,-19.99,TRADE
VIC1,2025-12-31 07:05:00,3760.8,-15.64,TRADE
VIC1,2025-12-31 07:10:00,3685.99,-50.11,TRADE
VIC1,2025-12-31 07:15:00,3711.03,-27.2,TRADE
VIC1,2025-12-31 07:20:00,3685.1,-24.76,TRADE
VIC1,2025-12-31 07:25:00,3631.2,-58.49,TRADE
VIC1,2025-12-31 07:30:00,3673.34,-49.48,TRADE
VIC1,2025-12-31 07:35:00,3628.8,-35.23,TRADE
VIC1,2025-12-31 07:40:00,3521.57,-50.72,TRADE
VIC1,2025-12-31 07:45:00,3522.96,-34.87,TRADE
VIC1,2025-12-31 07:50:00,3528.51,-50.11,TRADE
VIC1,2025-12-31 07:55:00,3490.91,-27.64,TRADE
VIC1,2025-12-31 08:00:00,3366.36,-50.72,TRADE
VIC1,2025-12-31 08:05:00,3372.66,-50.11,TRADE
VIC1,2025-12-31 08:10:00,3370.9,-50.72,TRADE
VIC1,2025-12-31 08:15:00,3273.4,-50.01,TRADE
VIC1,2025-12-31 08:20:00,3303.1,-50.11,TRADE
VIC1,2025-12-31 08:25:00,3183.62,-50.72,TRADE
VIC1,2025-12-31 08:30:00,3176.86,-50.72,TRADE
VIC1,2025-12-31 08:35:00,3108.22,-60.0,TRADE
VIC1,2025-12-31 08:40:00,3028.99,-50.72,TRADE
VIC1,2025-12-31 08:45:00,2984.81,-64.47,TRADE
VIC1,2025-12-31 08:50:00,3078.19,-43.16,TRADE
VIC1,2025-12-31 08:55:00,3089.49,-66.31,TRADE
VIC1,2025-12-31 09:00:00,3047.82,-50.01,TRADE
VIC1,2025-12-31 09:05:00,2992.56,-60.49,TRADE
VIC1,2025-12-31 09:10:00,2982.16,-60.0,TRADE
VIC1,2025-12-31 09:15:00,2904.63,-66.31,TRADE
VIC1,2025-12-31 09:20:00,2925.79,-59.46,TRADE
VIC1,2025-12-31 09:25:00,2814.4,-57.0,TRADE
VIC1,2025-12-31 09:30:00,2783.91,-59.46,TRADE
VIC1,2025-12-31 09:35:00,2783.0,-60.0,TRADE
VIC1,2025-12-31 09:40:00,2724.06,-60.0,TRADE
VIC1,2025-12-31 09:45:00,2694.82,-60.0,TRADE
VIC1,2025-12-31 09:50:00,2692.71,-62.95,TRADE
VIC1,2025-12-31 09:55:00,2662.48,-57.0,TRADE
VIC1,2025-12-31 10:00:00,2697.59,-62.95,TRADE
VIC1,2025-12-31 10:05:00,2686.66,-60.0,TRADE
VIC1,2025-12-31 10:10:00,2715.57,-60.0,TRADE
VIC1,2025-12-31 10:15:00,2703.47,-62.51,TRADE
VIC1,2025-12-31 10:20:00,2679.32,-63.62,TRADE
VIC1,2025-12-31 10:25:00,2676.17,-60.0,TRADE
VIC1,2025-12-31 10:30:00,2635.3,-63.92,TRADE
VIC1,2025-12-31 10:35:00,2645.84,-60.0,TRADE
VIC1,2025-12-31 10:40:00,2615.14,-66.31,TRADE
VIC1,2025-12-31 10:45:00,2602.86,-60.0,TRADE
VIC1,2025-12-31 10:50:00,2639.28,-66.31,TRADE
VIC1,2025-12-31 10:55:00,2606.19,-62.95,TRADE
VIC1,2025-12-31 11:00:00,2582.71,-66.31,TRADE
VIC1,2025-12-31 11:05:00,2594.67,-59.46,TRADE
VIC1,2025-12-31 11:10:00,2613.64,-63.92,TRADE
VIC1,2025-12-31 11:15:00,2581.5,-50.72,TRADE
VIC1,2025-12-31 11:20:00,2542.18,-62.51,TRADE
VIC1,2025-12-31 11:25:00,2582.04,-62.95,TRADE
VIC1,2025-12-31 11:30:00,2516.89,-57.0,TRADE
VIC1,2025-12-31 11:35:00,2557.43,-62.95,TRADE
VIC1,2025-12-31 11:40:00,2469.05,-62.95,TRADE
VIC1,2025-12-31 11:45:00,2529.68,-60.0,TRADE
VIC1,2025-12-31 11:50:00,2487.19,-59.57,TRADE
VIC1,2025-12-31 11:55:00,2477.88,-60.0,TRADE
VIC1,2025-12-31 12:00:00,2474.65,-62.95,TRADE
VIC1,2025-12-31 12:05:00,2512.91,-57.0,TRADE
VIC1,2025-12-31 12:10:00,2488.96,-60.0,TRADE
VIC1,2025-12-31 12:15:00,2470.72,-59.57,TRADE
VIC1,2025-12-31 12:20:00,2400.33,-63.92,TRADE
VIC1,2025-12-31 12:25:00,2404.51,-63.92,TRADE
VIC1,2025-12-31 12:30:00,2355.76,-66.31,TRADE
VIC1,2025-12-31 12:35:00,2384.69,-60.0,TRADE
VIC1,2025-12-31 12:40:00,2436.5,-59.46,TRADE
VIC1,2025-12-31 12:45:00,2441.82,-59.57,TRADE
VIC1,2025-12-31 12:50:00,2512.26,-66.31,TRADE
VIC1,2025-12-31 12:55:00,2517.27,-60.0,TRADE
VIC1,2025-12-31 13:00:00,2535.95,-59.46,TRADE
VIC1,2025-12-31 13:05:00,2537.02,-59.46,TRADE
VIC1,2025-12-31 13:10:00,2557.17,-62.95,TRADE
VIC1,2025-12-31 13:15:00,2506.31,-63.92,TRADE
VIC1,2025-12-31 13:20:00,2533.52,-59.46,TRADE
VIC1,2025-12-31 13:25:00,2565.54,-62.95,TRADE
VIC1,2025-12-31 13:30:00,2589.18,-50.72,TRADE
VIC1,2025-12-31 13:35:00,2653.89,-59.46,TRADE
VIC1,2025-12-31 13:40:00,2656.85,-59.46,TRADE
VIC1,2025-12-31 13:45:00,2667.41,-50.72,TRADE
VIC1,2025-12-31 13:50:00,2696.3,-62.95,TRADE
VIC1,2025-12-31 13:55:00,2709.17,-66.31,TRADE
VIC1,2025-12-31 14:00:00,2661.71,-59.57,TRADE
VIC1,2025-12-31 14:05:00,2666.93,-74.71,TRADE
VIC1,2025-12-31 14:10:00,2693.39,-57.0,TRADE
VIC1,2025-12-31 14:15:00,2660.69,-62.51,TRADE
VIC1,2025-12-31 14:20:00,2640.75,-66.31,TRADE
VIC1,2025-12-31 14:25:00,2609.48,-66.31,TRADE
VIC1,2025-12-31 14:30:00,2573.43,-59.57,TRADE
VIC1,2025-12-31 14:35:00,2543.75,-60.0,TRADE
VIC1,2025-12-31 14:40:00,2544.78,-59.57,TRADE
VIC1,2025-12-31 14:45:00,2572.48,-59.57,TRADE
VIC1,2025-12-31 14:50:00,2575.69,-60.0,TRADE
VIC1,2025-12-31 14:55:00,2633.44,-62.95,TRADE
VIC1,2025-12-31 15:00:00,2684.89,-59.57,TRADE
VIC1,2025-12-31 15:05:00,2715.09,-59.46,TRADE
VIC1,2025-12-31 15:10:00,2689.14,-59.46,TRADE
VIC1,2025-12-31 15:15:00,2728.58,-50.72,TRADE
VIC1,2025-12-31 15:20:00,2795.33,-61.78,TRADE
VIC1,2025-12-31 15:25:00,2842.25,-50.11,TRADE
VIC1,2025-12-31 15:30:00,2886.0,-59.46,TRADE
VIC1,2025-12-31 15:35:00,2908.76,-50.11,TRADE
VIC1,2025-12-31 15:40:00,2951.29,-59.46,TRADE
VIC1,2025-12-31 15:45:00,2965.03,-50.11,TRADE
VIC1,2025-12-31 15:50:00,3035.68,-50.72,TRADE
VIC1,2025-12-31 15:55:00,3101.92,-50.11,TRADE
VIC1,2025-12-31 16:00:00,3194.87,-50.72,TRADE
VIC1,2025-12-31 16:05:00,3240.93,-50.01,TRADE
VIC1,2025-12-31 16:10:00,3276.14,-62.51,TRADE
VIC1,2025-12-31 16:15:00,3300.72,-59.46,TRADE
VIC1,2025-12-31 16:20:00,3384.3,-59.46,TRADE
VIC1,2025-12-31 16:25:00,3396.77,-50.01,TRADE
VIC1,2025-12-31 16:30:00,3458.13,-50.72,TRADE
VIC1,2025-12-31 16:35:00,3476.0,-50.01,TRADE
VIC1,2025-12-31 16:40:00,3515.32,-50.11,TRADE
VIC1,2025-12-31 16:45:00,3576.62,-39.62,TRADE
VIC1,2025-12-31 16:50:00,3595.69,-50.01,TRADE
VIC1,2025-12-31 16:55:00,3612.25,-30.17,TRADE
VIC1,2025-12-31 17:00:00,3725.73,-23.11,TRADE
VIC1,2025-12-31 17:05:00,3725.18,-26.55,TRADE
VIC1,2025-12-31 17:10:00,3711.35,-19.99,TRADE
VIC1,2025-12-31 17:15:00,3758.39,-23.1,TRADE
VIC1,2025-12-31 17:20:00,3793.93,-20.99,TRADE
VIC1,2025-12-31 17:25:00,3859.61,-15.64,TRADE
VIC1,2025-12-31 17:30:00,3854.65,-15.64,TRADE
VIC1,2025-12-31 17:35:00,3885.01,-20.99,TRADE
VIC1,2025-12-31 17:40:00,3896.47,-15.64,TRADE
VIC1,2025-12-31 17:45:00,3963.8,-15.64,TRADE
VIC1,2025-12-31 17:50:00,4002.97,-15.64,TRADE
VIC1,2025-12-31 17:55:00,4022.3,-15.64,TRADE
VIC1,2025-12-31 18:00:00,4020.27,-8.0,TRADE
VIC1,2025-12-31 18:05:00,3987.55,-14.04,TRADE
VIC1,2025-12-31 18:10:00,4065.16,-5.73,TRADE
VIC1,2025-12-31 18:15:00,4035.47,-7.36,TRADE
VIC1,2025-12-31 18:20:00,4097.87,-7.25,TRADE
VIC1,2025-12-31 18:25:00,4081.29,-6.74,TRADE
VIC1,2025-12-31 18:30:00,4157.45,-7.25,TRADE
VIC1,2025-12-31 18:35:00,4103.47,-7.99,TRADE
VIC1,2025-12-31 18:40:00,4204.0,-7.25,TRADE
VIC1,2025-12-31 18:45:00,4223.16,-5.73,TRADE
VIC1,2025-12-31 18:50:00,4309.01,-2.7,TRADE
VIC1,2025-12-31 18:55:00,4353.35,-2.7,TRADE
VIC1,2025-12-31 19:00:00,4346.14,-2.7,TRADE
VIC1,2025-12-31 19:05:00,4370.3,-2.7,TRADE
VIC1,2025-12-31 19:10:00,4379.5,-2.7,TRADE
VIC1,2025-12-31 19:15:00,4398.14,-2.7,TRADE
VIC1,2025-12-31 19:20:00,4369.87,-7.99,TRADE
VIC1,2025-12-31 19:25:00,4346.37,-5.78,TRADE
VIC1,2025-12-31 19:30:00,4330.14,-5.73,TRADE
VIC1,2025-12-31 19:35:00,4362.16,-7.99,TRADE
VIC1,2025-12-31 19:40:00,4371.22,-7.99,TRADE
VIC1,2025-12-31 19:45:00,4336.04,-5.73,TRADE
VIC1,2025-12-31 19:50:00,4356.93,-2.7,TRADE
VIC1,2025-12-31 19:55:00,4340.27,-2.7,TRADE
VIC1,2025-12-31 20:00:00,4335.82,-2.7,TRADE
VIC1,2025-12-31 20:05:00,4343.26,-2.7,TRADE
VIC1,2025-12-31 20:10:00,4342.22,-5.73,TRADE
VIC1,2025-12-31 20:15:00,4319.3,-2.7,TRADE
VIC1,2025-12-31 20:20:00,4306.75,-5.73,TRADE
VIC1,2025-12-31 20:25:00,4266.81,-5.73,TRADE
VIC1,2025-12-31 20:30:00,4307.81,-2.7,TRADE
VIC1,2025-12-31 20:35:00,4227.19,-2.7,TRADE
VIC1,2025-12-31 20:40:00,4246.96,-2.7,TRADE
VIC1,2025-12-31 20:45:00,4226.55,-5.73,TRADE
VIC1,2025-12-31 20:50:00,4228.52,-5.73,TRADE
VIC1,2025-12-31 20:55:00,4218.57,-5.73,TRADE
VIC1,2025-12-31 21:00:00,4171.13,-2.7,TRADE
VIC1,2025-12-31 21:05:00,4175.94,-2.7,TRADE
VIC1,2025-12-31 21:10:00,4155.42,-2.7,TRADE
VIC1,2025-12-31 21:15:00,4145.98,-2.7,TRADE
VIC1,2025-12-31 21:20:00,4136.46,-2.7,TRADE
VIC1,2025-12-31 21:25:00,4151.26,-2.7,TRADE
VIC1,2025-12-31 21:30:00,4160.55,-2.7,TRADE
VIC1,2025-12-31 21:35:00,4169.82,-2.17,TRADE
VIC1,2025-12-31 21:40:00,4112.36,-2.7,TRADE
VIC1,2025-12-31 21:45:00,4144.24,0.01,TRADE
VIC1,2025-12-31 21:50:00,4067.37,-2.7,TRADE
VIC1,2025-12-31 21:55:00,4079.26,0.0,TRADE
VIC1,2025-12-31 22:00:00,4101.54,-2.7,TRADE
VIC1,2025-12-31 22:05:00,4058.43,-2.7,TRADE
VIC1,2025-12-31 22:10:00,4039.2,-1.22,TRADE
VIC1,2025-12-31 22:15:00,4079.78,0.0,TRADE
VIC1,2025-12-31 22:20:00,4081.75,0.19,TRADE
VIC1,2025-12-31 22:25:00,4096.02,1.01,TRADE
VIC1,2025-12-31 22:30:00,4080.31,0.0,TRADE
VIC1,2025-12-31 22:35:00,4091.54,0.01,TRADE
VIC1,2025-12-31 22:40:00,4103.4,0.01,TRADE
VIC1,2025-12-31 22:45:00,4064.66,0.0,TRADE
VIC1,2025-12-31 22:50:00,4066.04,1.01,TRADE
VIC1,2025-12-31 22:55:00,4061.56,1.01,TRADE
VIC1,2025-12-31 23:00:00,4061.82,0.01,TRADE
VIC1,2025-12-31 23:05:00,4067.11,1.01,TRADE
VIC1,2025-12-31 23:10:00,4179.02,1.08,TRADE
VIC1,2025-12-31 23:15:00,4236.2,1.28,TRADE
VIC1,2025-12-31 23:20:00,4234.54,2.46,TRADE
VIC1,2025-12-31 23:25:00,4271.09,12.91,TRADE
VIC1,2025-12-31 23:30:00,4273.08,8.95,TRADE
VIC1,2025-12-31 23:35:00,4299.87,1.01,TRADE
VIC1,2025-12-31 23:40:00,4242.66,8.95,TRADE
VIC1,2025-12-31 23:45:00,4218.78,8.95,TRADE
VIC1,2025-12-31 23:50:00,4201.52,8.95,TRADE
VIC1,2025-12-31 23:55:00,4162.44,1.01,TRADE
VIC1,2026-01-01 00:00:00,4136.51,64.46,TRADE
