REGION,SETTLEMENTDATE,TOTALDEMAND,RRP,PERIODTYPE
VIC1,2025-01-04 00:00:00,4582.41,106.39,TRADE
VIC1,2025-01-04 00:05:00,4596.04,118.51,TRADE
VIC1,2025-01-04 00:10:00,4521.08,105.12,TRADE
VIC1,2025-01-04 00:15:00,4492.77,104.1,TRADE
VIC1,2025-01-04 00:20:00,4475.46,104.43,TRADE
VIC1,2025-01-04 00:25:00,4444.08,102.57,TRADE
VIC1,2025-01-04 00:30:00,4435.66,102.99,TRADE
VIC1,2025-01-04 00:35:00,4412.93,104.1,TRADE
VIC1,2025-01-04 00:40:00,4380.94,107.22,TRADE
VIC1,2025-01-04 00:45:00,4353.73,125.62,TRADE
VIC1,2025-01-04 00:50:00,4319.34,104.98,TRADE
VIC1,2025-01-04 00:55:00,4308.9,105.83,TRADE
VIC1,2025-01-04 01:00:00,4297.64,123.02,TRADE
VIC1,2025-01-04 01:05:00,4247.32,106.68,TRADE
VIC1,2025-01-04 01:10:00,4266.11,107.77,TRADE
VIC1,2025-01-04 01:15:00,4226.04,107.77,TRADE
VIC1,2025-01-04 01:20:00,4198.55,107.85,TRADE
VIC1,2025-01-04 01:25:00,4174.12,107.22,TRADE
VIC1,2025-01-04 01:30:00,4143.66,106.41,TRADE
VIC1,2025-01-04 01:35:00,4120.15,106.51,TRADE
VIC1,2025-01-04 01:40:00,4101.71,107.33,TRADE
VIC1,2025-01-04 01:45:00,4090.06,108.03,TRADE
VIC1,2025-01-04 01:50:00,4064.7,107.43,TRADE
VIC1,2025-01-04 01:55:00,4020.83,104.07,TRADE
VIC1,2025-01-04 02:00:00,4036.1,105.56,TRADE
VIC1,2025-01-04 02:05:00,4016.66,121.19,TRADE
VIC1,2025-01-04 02:10:00,4009.17,119.2,TRADE
VIC1,2025-01-04 02:15:00,4019.52,120.09,TRADE
VIC1,2025-01-04 02:20:00,4014.38,120.96,TRADE
VIC1,2025-01-04 02:25:00,3984.82,108.42,TRADE
VIC1,2025-01-04 02:30:00,3978.15,120.11,TRADE
VIC1,2025-01-04 02:35:00,3950.7,120.09,TRADE
VIC1,2025-01-04 02:40:00,3932.13,120.44,TRADE
VIC1,2025-01-04 02:45:00,3936.8,107.8,TRADE
VIC1,2025-01-04 02:50:00,3916.3,106.46,TRADE
VIC1,2025-01-04 02:55:00,3879.71,99.01,TRADE
VIC1,2025-01-04 03:00:00,3883.85,98.72,TRADE
VIC1,2025-01-04 03:05:00,3885.97,107.69,TRADE
VIC1,2025-01-04 03:10:00,3880.09,98.08,TRADE
VIC1,2025-01-04 03:15:00,3843.58,96.09,TRADE
VIC1,2025-01-04 03:20:00,3853.79,97.71,TRADE
VIC1,2025-01-04 03:25:00,3841.08,93.75,TRADE
VIC1,2025-01-04 03:30:00,3844.35,90.08,TRADE
VIC1,2025-01-04 03:35:00,3830.11,91.87,TRADE
VIC1,2025-01-04 03:40:00,3846.78,90.18,TRADE
VIC1,2025-01-04 03:45:00,3854.71,93.77,TRADE
VIC1,2025-01-04 03:50:00,3833.18,88.19,TRADE
VIC1,2025-01-04 03:55:00,3835.07,87.97,TRADE
VIC1,2025-01-04 04:00:00,3832.57,87.39,TRADE
VIC1,2025-01-04 04:05:00,3856.94,99.0,TRADE
VIC1,2025-01-04 04:10:00,3864.27,99.0,TRADE
VIC1,2025-01-04 04:15:00,3875.34,99.0,TRADE
VIC1,2025-01-04 04:20:00,3868.68,99.0,TRADE
VIC1,2025-01-04 04:25:00,3905.18,95.05,TRADE
VIC1,2025-01-04 04:30:00,3890.98,93.25,TRADE
VIC1,2025-01-04 04:35:00,3891.44,93.86,TRADE
VIC1,2025-01-04 04:40:00,3913.25,94.13,TRADE
VIC1,2025-01-04 04:45:00,3915.0,92.39,TRADE
VIC1,2025-01-04 04:50:00,3905.47,87.2,TRADE
VIC1,2025-01-04 04:55:00,3911.34,87.52,TRADE
VIC1,2025-01-04 05:00:00,3910.66,87.35,TRADE
VIC1,2025-01-04 05:05:00,3900.12,86.0,TRADE
VIC1,2025-01-04 05:10:00,3951.43,89.4,TRADE
VIC1,2025-01-04 05:15:00,3943.12,86.0,TRADE
VIC1,2025-01-04 05:20:00,3967.08,86.0,TRADE
VIC1,2025-01-04 05:25:00,3945.84,80.82,TRADE
VIC1,2025-01-04 05:30:00,3932.67,75.0,TRADE
VIC1,2025-01-04 05:35:00,3899.66,71.35,TRADE
VIC1,2025-01-04 05:40:00,3903.27,69.84,TRADE
VIC1,2025-01-04 05:45:00,3893.57,51.04,TRADE
VIC1,2025-01-04 05:50:00,3904.1,48.31,TRADE
VIC1,2025-01-04 05:55:00,3903.01,40.51,TRADE
VIC1,2025-01-04 06:00:00,3864.3,4.2,TRADE
VIC1,2025-01-04 06:05:00,3839.41,8.95,TRADE
VIC1,2025-01-04 06:10:00,3850.13,8.15,TRADE
VIC1,2025-01-04 06:15:00,3816.81,-18.84,TRADE
VIC1,2025-01-04 06:20:00,3775.89,-21.41,TRADE
VIC1,2025-01-04 06:25:00,3763.12,-20.27,TRADE
VIC1,2025-01-04 06:30:00,3749.33,-23.65,TRADE
VIC1,2025-01-04 06:35:00,3716.45,-30.75,TRADE
VIC1,2025-01-04 06:40:00,3634.42,-30.24,TRADE
VIC1,2025-01-04 06:45:00,3609.93,-29.96,TRADE
VIC1,2025-01-04 06:50:00,3600.12,-30.42,TRADE
VIC1,2025-01-04 06:55:00,3606.83,-29.92,TRADE
VIC1,2025-01-04 07:00:00,3595.98,-29.63,TRADE
VIC1,2025-01-04 07:05:00,3531.31,-20.19,TRADE
VIC1,2025-01-04 07:10:00,3555.8,-30.57,TRADE
VIC1,2025-01-04 07:15:00,3535.42,-29.94,TRADE
VIC1,2025-01-04 07:20:00,3487.74,-20.19,TRADE
VIC1,2025-01-04 07:25:00,3455.51,-17.13,TRADE
VIC1,2025-01-04 07:30:00,3437.41,-31.35,TRADE
VIC1,2025-01-04 07:35:00,3398.51,-31.93,TRADE
VIC1,2025-01-04 07:40:00,3363.65,-20.52,TRADE
VIC1,2025-01-04 07:45:00,3321.37,-30.75,TRADE
VIC1,2025-01-04 07:50:00,3329.78,-32.0,TRADE
VIC1,2025-01-04 07:55:00,3309.16,-20.19,TRADE
VIC1,2025-01-04 08:00:00,3254.67,-30.75,TRADE
VIC1,2025-01-04 08:05:00,3256.04,-31.39,TRADE
VIC1,2025-01-04 08:10:00,3300.87,-32.0,TRADE
VIC1,2025-01-04 08:15:00,3297.84,-31.57,TRADE
VIC1,2025-01-04 08:20:00,3212.8,-21.0,TRADE
VIC1,2025-01-04 08:25:00,3200.65,-30.79,TRADE
VIC1,2025-01-04 08:30:00,3174.85,-30.94,TRADE
VIC1,2025-01-04 08:35:00,3180.23,-30.75,TRADE
VIC1,2025-01-04 08:40:00,3152.2,-32.0,TRADE
VIC1,2025-01-04 08:45:00,3181.15,-34.12,TRADE
VIC1,2025-01-04 08:50:00,3162.23,-38.31,TRADE
VIC1,2025-01-04 08:55:00,3128.76,-35.81,TRADE
VIC1,2025-01-04 09:00:00,3175.55,-34.46,TRADE
VIC1,2025-01-04 09:05:00,3135.29,-32.97,TRADE
VIC1,2025-01-04 09:10:00,3161.29,-31.0,TRADE
VIC1,2025-01-04 09:15:00,3141.97,-32.0,TRADE
VIC1,2025-01-04 09:20:00,3126.61,-32.35,TRADE
VIC1,2025-01-04 09:25:00,3143.22,-34.46,TRADE
VIC1,2025-01-04 09:30:00,3152.76,-34.46,TRADE
VIC1,2025-01-04 09:35:00,3174.09,-36.81,TRADE
VIC1,2025-01-04 09:40:00,3185.52,-39.66,TRADE
VIC1,2025-01-04 09:45:00,3209.47,-37.24,TRADE
VIC1,2025-01-04 09:50:00,3192.29,-36.54,TRADE
VIC1,2025-01-04 09:55:00,3169.16,-37.06,TRADE
VIC1,2025-01-04 10:00:00,3185.12,-37.7,TRADE
VIC1,2025-01-04 10:05:00,3168.12,-38.31,TRADE
VIC1,2025-01-04 10:10:00,3210.14,-38.31,TRADE
VIC1,2025-01-04 10:15:00,3206.73,-37.73,TRADE
VIC1,2025-01-04 10:20:00,3257.62,-36.4,TRADE
VIC1,2025-01-04 10:25:00,3255.96,-38.31,TRADE
VIC1,2025-01-04 10:30:00,3249.96,-38.31,TRADE
VIC1,2025-01-04 10:35:00,3322.5,-35.5,TRADE
VIC1,2025-01-04 10:40:00,3371.4,-34.46,TRADE
VIC1,2025-01-04 10:45:00,3393.07,-34.46,TRADE
VIC1,2025-01-04 10:50:00,3465.46,-38.31,TRADE
VIC1,2025-01-04 10:55:00,3488.65,-38.31,TRADE
VIC1,2025-01-04 11:00:00,3492.66,-38.31,TRADE
VIC1,2025-01-04 11:05:00,3521.76,-33.14,TRADE
VIC1,2025-01-04 11:10:00,3579.68,-34.46,TRADE
VIC1,2025-01-04 11:15:00,3603.96,-33.38,TRADE
VIC1,2025-01-04 11:20:00,3612.02,-33.43,TRADE
VIC1,2025-01-04 11:25:00,3685.23,-30.75,TRADE
VIC1,2025-01-04 11:30:00,3646.5,-31.09,TRADE
VIC1,2025-01-04 11:35:00,3726.31,-32.0,TRADE
VIC1,2025-01-04 11:40:00,3842.1,-29.9,TRADE
VIC1,2025-01-04 11:45:00,3909.83,-18.35,TRADE
VIC1,2025-01-04 11:50:00,3951.26,-18.51,TRADE
VIC1,2025-01-04 11:55:00,4014.36,8.61,TRADE
VIC1,2025-01-04 12:00:00,4107.56,33.0,TRADE
VIC1,2025-01-04 12:05:00,4149.73,-2.5,TRADE
VIC1,2025-01-04 12:10:00,4264.46,42.73,TRADE
VIC1,2025-01-04 12:15:00,4365.2,83.97,TRADE
VIC1,2025-01-04 12:20:00,4418.99,106.41,TRADE
VIC1,2025-01-04 12:25:00,4503.49,36.24,TRADE
VIC1,2025-01-04 12:30:00,4499.75,12.0,TRADE
VIC1,2025-01-04 12:35:00,4542.53,20.13,TRADE
VIC1,2025-01-04 12:40:00,4559.41,9.0,TRADE
VIC1,2025-01-04 12:45:00,4544.28,0.0,TRADE
VIC1,2025-01-04 12:50:00,4594.43,36.24,TRADE
VIC1,2025-01-04 12:55:00,4735.46,83.52,TRADE
VIC1,2025-01-04 13:00:00,4803.72,46.02,TRADE
VIC1,2025-01-04 13:05:00,4920.55,108.54,TRADE
VIC1,2025-01-04 13:10:00,5052.34,127.71,TRADE
VIC1,2025-01-04 13:15:00,5107.13,21.45,TRADE
VIC1,2025-01-04 13:20:00,5186.39,36.24,TRADE
VIC1,2025-01-04 13:25:00,5169.58,21.44,TRADE
VIC1,2025-01-04 13:30:00,5247.17,36.24,TRADE
VIC1,2025-01-04 13:35:00,5330.56,12.42,TRADE
VIC1,2025-01-04 13:40:00,5402.37,46.29,TRADE
VIC1,2025-01-04 13:45:00,5429.83,36.24,TRADE
VIC1,2025-01-04 13:50:00,5449.53,35.83,TRADE
VIC1,2025-01-04 13:55:00,5423.37,38.09,TRADE
VIC1,2025-01-04 14:00:00,5363.79,35.3,TRADE
VIC1,2025-01-04 14:05:00,5346.25,36.24,TRADE
VIC1,2025-01-04 14:10:00,5337.81,36.24,TRADE
VIC1,2025-01-04 14:15:00,5271.42,100.45,TRADE
VIC1,2025-01-04 14:20:00,5200.85,36.24,TRADE
VIC1,2025-01-04 14:25:00,5144.84,33.0,TRADE
VIC1,2025-01-04 14:30:00,5153.5,13.0,TRADE
VIC1,2025-01-04 14:35:00,5091.25,20.02,TRADE
VIC1,2025-01-04 14:40:00,5135.95,19.44,TRADE
VIC1,2025-01-04 14:45:00,5160.28,9.85,TRADE
VIC1,2025-01-04 14:50:00,5119.02,19.3,TRADE
VIC1,2025-01-04 14:55:00,5213.14,33.01,TRADE
VIC1,2025-01-04 15:00:00,5327.61,0.0,TRADE
VIC1,2025-01-04 15:05:00,5378.77,12.0,TRADE
VIC1,2025-01-04 15:10:00,5504.78,46.99,TRADE
VIC1,2025-01-04 15:15:00,5539.67,111.38,TRADE
VIC1,2025-01-04 15:20:00,5577.06,108.22,TRADE
VIC1,2025-01-04 15:25:00,5639.81,89.92,TRADE
VIC1,2025-01-04 15:30:00,5694.77,89.61,TRADE
VIC1,2025-01-04 15:35:00,5771.62,111.29,TRADE
VIC1,2025-01-04 15:40:00,5893.85,134.51,TRADE
VIC1,2025-01-04 15:45:00,6037.75,121.36,TRADE
VIC1,2025-01-04 15:50:00,6201.02,160.0,TRADE
VIC1,2025-01-04 15:55:00,6201.47,116.22,TRADE
VIC1,2025-01-04 16:00:00,6336.87,121.81,TRADE
VIC1,2025-01-04 16:05:00,6412.75,121.27,TRADE
VIC1,2025-01-04 16:10:00,6493.48,123.49,TRADE
VIC1,2025-01-04 16:15:00,6570.31,123.28,TRADE
VIC1,2025-01-04 16:20:00,6608.71,122.12,TRADE
VIC1,2025-01-04 16:25:00,6706.15,147.04,TRADE
VIC1,2025-01-04 16:30:00,6775.12,137.96,TRADE
VIC1,2025-01-04 16:35:00,6821.69,123.04,TRADE
VIC1,2025-01-04 16:40:00,6898.13,121.63,TRADE
VIC1,2025-01-04 16:45:00,6941.17,128.68,TRADE
VIC1,2025-01-04 16:50:00,6948.62,129.34,TRADE
VIC1,2025-01-04 16:55:00,6983.65,129.01,TRADE
VIC1,2025-01-04 17:00:00,7025.47,128.02,TRADE
VIC1,2025-01-04 17:05:00,7019.24,122.96,TRADE
VIC1,2025-01-04 17:10:00,7094.51,122.37,TRADE
VIC1,2025-01-04 17:15:00,7140.34,122.2,TRADE
VIC1,2025-01-04 17:20:00,7209.24,124.05,TRADE
VIC1,2025-01-04 17:25:00,7203.64,123.71,TRADE
VIC1,2025-01-04 17:30:00,7264.11,127.02,TRADE
VIC1,2025-01-04 17:35:00,7214.03,120.97,TRADE
VIC1,2025-01-04 17:40:00,7265.61,130.7,TRADE
VIC1,2025-01-04 17:45:00,7212.2,130.36,TRADE
VIC1,2025-01-04 17:50:00,7224.1,138.0,TRADE
VIC1,2025-01-04 17:55:00,7193.37,137.96,TRADE
VIC1,2025-01-04 18:00:00,7179.4,139.02,TRADE
VIC1,2025-01-04 18:05:00,7168.39,138.0,TRADE
VIC1,2025-01-04 18:10:00,7141.7,141.12,TRADE
VIC1,2025-01-04 18:15:00,7089.35,139.55,TRADE
VIC1,2025-01-04 18:20:00,7137.78,143.23,TRADE
VIC1,2025-01-04 18:25:00,7035.99,141.12,TRADE
VIC1,2025-01-04 18:30:00,7020.25,140.24,TRADE
VIC1,2025-01-04 18:35:00,7036.8,139.41,TRADE
VIC1,2025-01-04 18:40:00,6987.67,138.0,TRADE
VIC1,2025-01-04 18:45:00,6997.24,139.41,TRADE
VIC1,2025-01-04 18:50:00,6972.5,141.12,TRADE
VIC1,2025-01-04 18:55:00,6919.41,154.35,TRADE
VIC1,2025-01-04 19:00:00,6882.71,151.11,TRADE
VIC1,2025-01-04 19:05:00,6823.1,147.28,TRADE
VIC1,2025-01-04 19:10:00,6782.33,146.13,TRADE
VIC1,2025-01-04 19:15:00,6776.73,154.31,TRADE
VIC1,2025-01-04 19:20:00,6771.95,154.05,TRADE
VIC1,2025-01-04 19:25:00,6723.62,160.0,TRADE
VIC1,2025-01-04 19:30:00,6664.63,150.9,TRADE
VIC1,2025-01-04 19:35:00,6659.08,160.0,TRADE
VIC1,2025-01-04 19:40:00,6630.57,153.21,TRADE
VIC1,2025-01-04 19:45:00,6564.07,148.59,TRADE
VIC1,2025-01-04 19:50:00,6528.12,140.8,TRADE
VIC1,2025-01-04 19:55:00,6513.2,141.71,TRADE
VIC1,2025-01-04 20:00:00,6476.63,144.93,TRADE
VIC1,2025-01-04 20:05:00,6416.77,147.15,TRADE
VIC1,2025-01-04 20:10:00,6368.13,143.8,TRADE
VIC1,2025-01-04 20:15:00,6348.15,141.98,TRADE
VIC1,2025-01-04 20:20:00,6281.56,143.1,TRADE
VIC1,2025-01-04 20:25:00,6252.86,146.18,TRADE
VIC1,2025-01-04 20:30:00,6208.85,138.0,TRADE
VIC1,2025-01-04 20:35:00,6171.47,135.33,TRADE
VIC1,2025-01-04 20:40:00,6116.13,141.71,TRADE
VIC1,2025-01-04 20:45:00,6107.69,138.0,TRADE
VIC1,2025-01-04 20:50:00,6049.89,135.66,TRADE
VIC1,2025-01-04 20:55:00,6018.45,138.0,TRADE
VIC1,2025-01-04 21:00:00,5942.82,132.72,TRADE
VIC1,2025-01-04 21:05:00,5842.83,130.67,TRADE
VIC1,2025-01-04 21:10:00,5839.29,132.34,TRADE
VIC1,2025-01-04 21:15:00,5796.91,131.34,TRADE
VIC1,2025-01-04 21:20:00,5715.75,130.0,TRADE
VIC1,2025-01-04 21:25:00,5687.37,130.0,TRADE
VIC1,2025-01-04 21:30:00,5665.32,124.67,TRADE
VIC1,2025-01-04 21:35:00,5601.36,124.71,TRADE
VIC1,2025-01-04 21:40:00,5548.84,124.57,TRADE
VIC1,2025-01-04 21:45:00,5524.55,125.53,TRADE
VIC1,2025-01-04 21:50:00,5442.99,122.92,TRADE
VIC1,2025-01-04 21:55:00,5407.49,119.38,TRADE
VIC1,2025-01-04 22:00:00,5359.57,117.55,TRADE
VIC1,2025-01-04 22:05:00,5272.87,128.35,TRADE
VIC1,2025-01-04 22:10:00,5273.68,127.58,TRADE
VIC1,2025-01-04 22:15:00,5286.64,127.4,TRADE
VIC1,2025-01-04 22:20:00,5204.23,120.14,TRADE
VIC1,2025-01-04 22:25:00,5192.28,108.59,TRADE
VIC1,2025-01-04 22:30:00,5193.05,99.0,TRADE
VIC1,2025-01-04 22:35:00,5120.27,122.07,TRADE
VIC1,2025-01-04 22:40:00,5105.43,122.48,TRADE
VIC1,2025-01-04 22:45:00,5073.85,123.46,TRADE
VIC1,2025-01-04 22:50:00,5038.2,121.45,TRADE
VIC1,2025-01-04 22:55:00,5012.51,121.02,TRADE
VIC1,2025-01-04 23:00:00,4997.89,112.24,TRADE
VIC1,2025-01-04 23:05:00,4962.6,121.96,TRADE
VIC1,2025-01-04 23:10:00,5081.95,128.02,TRADE
VIC1,2025-01-04 23:15:00,5107.1,128.02,TRADE
VIC1,2025-01-04 23:20:00,5094.6,134.53,TRADE
VIC1,2025-01-04 23:25:00,5084.57,129.01,TRADE
VIC1,2025-01-04 23:30:00,5050.95,127.27,TRADE
VIC1,2025-01-04 23:35:00,4988.26,126.6,TRADE
VIC1,2025-01-04 23:40:00,4985.21,126.01,TRADE
VIC1,2025-01-04 23:45:00,4915.3,125.12,TRADE
VIC1,2025-01-04 23:50:00,4863.34,124.78,TRADE
VIC1,2025-01-04 23:55:00,4818.64,123.87,TRADE
VIC1,2025-01-05 00:00:00,4797.44,122.7,TRADE
VIC1,2025-01-05 00:05:00,4814.64,124.4,TRADE
VIC1,2025-01-05 00:10:00,4718.25,107.32,TRADE
VIC1,2025-01-05 00:15:00,4709.06,109.88,TRADE
VIC1,2025-01-05 00:20:00,4674.34,108.03,TRADE
VIC1,2025-01-05 00:25:00,4640.82,108.48,TRADE
VIC1,2025-01-05 00:30:00,4590.82,110.57,TRADE
VIC1,2025-01-05 00:35:00,4586.85,113.84,TRADE
VIC1,2025-01-05 00:40:00,4582.0,114.64,TRADE
VIC1,2025-01-05 00:45:00,4542.51,106.19,TRADE
VIC1,2025-01-05 00:50:00,4516.2,94.77,TRADE
VIC1,2025-01-05 00:55:00,4477.36,90.21,TRADE
VIC1,2025-01-05 01:00:00,4431.97,88.99,TRADE
VIC1,2025-01-05 01:05:00,4428.33,106.03,TRADE
VIC1,2025-01-05 01:10:00,4419.42,96.37,TRADE
VIC1,2025-01-05 01:15:00,4347.19,96.06,TRADE
VIC1,2025-01-05 01:20:00,4339.18,90.6,TRADE
VIC1,2025-01-05 01:25:00,4309.5,87.87,TRADE
VIC1,2025-01-05 01:30:00,4306.45,92.32,TRADE
VIC1,2025-01-05 01:35:00,4267.98,99.0,TRADE
VIC1,2025-01-05 01:40:00,4244.74,99.0,TRADE
VIC1,2025-01-05 01:45:00,4213.28,99.0,TRADE
VIC1,2025-01-05 01:50:00,4217.31,99.0,TRADE
VIC1,2025-01-05 01:55:00,4171.29,92.58,TRADE
VIC1,2025-01-05 02:00:00,4128.08,85.05,TRADE
VIC1,2025-01-05 02:05:00,4146.74,86.79,TRADE
VIC1,2025-01-05 02:10:00,4134.06,92.6,TRADE
VIC1,2025-01-05 02:15:00,4118.29,87.54,TRADE
VIC1,2025-01-05 02:20:00,4156.43,93.72,TRADE
VIC1,2025-01-05 02:25:00,4130.18,89.62,TRADE
VIC1,2025-01-05 02:30:00,4103.02,84.1,TRADE
VIC1,2025-01-05 02:35:00,4102.92,86.0,TRADE
VIC1,2025-01-05 02:40:00,4107.15,87.9,TRADE
VIC1,2025-01-05 02:45:00,4108.82,92.31,TRADE
VIC1,2025-01-05 02:50:00,4085.32,85.05,TRADE
VIC1,2025-01-05 02:55:00,4066.36,93.58,TRADE
VIC1,2025-01-05 03:00:00,4034.07,91.59,TRADE
VIC1,2025-01-05 03:05:00,4047.18,94.3,TRADE
VIC1,2025-01-05 03:10:00,4051.72,98.55,TRADE
VIC1,2025-01-05 03:15:00,4040.81,97.86,TRADE
VIC1,2025-01-05 03:20:00,4056.38,91.54,TRADE
VIC1,2025-01-05 03:25:00,4031.56,86.0,TRADE
VIC1,2025-01-05 03:30:00,4047.3,86.0,TRADE
VIC1,2025-01-05 03:35:00,4015.6,82.43,TRADE
VIC1,2025-01-05 03:40:00,4021.99,81.24,TRADE
VIC1,2025-01-05 03:45:00,3996.88,80.56,TRADE
VIC1,2025-01-05 03:50:00,3995.94,79.37,TRADE
VIC1,2025-01-05 03:55:00,4002.15,78.29,TRADE
VIC1,2025-01-05 04:00:00,3995.6,78.22,TRADE
VIC1,2025-01-05 04:05:00,3976.02,80.33,TRADE
VIC1,2025-01-05 04:10:00,4028.27,93.19,TRADE
VIC1,2025-01-05 04:15:00,4019.41,87.92,TRADE
VIC1,2025-01-05 04:20:00,4020.8,83.39,TRADE
VIC1,2025-01-05 04:25:00,4017.72,80.18,TRADE
VIC1,2025-01-05 04:30:00,4009.33,79.78,TRADE
VIC1,2025-01-05 04:35:00,4010.69,79.73,TRADE
VIC1,2025-01-05 04:40:00,3997.3,79.03,TRADE
VIC1,2025-01-05 04:45:00,3984.44,78.65,TRADE
VIC1,2025-01-05 04:50:00,4014.33,79.24,TRADE
VIC1,2025-01-05 04:55:00,4039.53,79.25,TRADE
VIC1,2025-01-05 05:00:00,4018.96,78.64,TRADE
VIC1,2025-01-05 05:05:00,4005.76,78.68,TRADE
VIC1,2025-01-05 05:10:00,4027.63,86.0,TRADE
VIC1,2025-01-05 05:15:00,4016.56,81.67,TRADE
VIC1,2025-01-05 05:20:00,4024.42,83.35,TRADE
VIC1,2025-01-05 05:25:00,4035.58,81.15,TRADE
VIC1,2025-01-05 05:30:00,4043.09,80.44,TRADE
VIC1,2025-01-05 05:35:00,3984.34,68.85,TRADE
VIC1,2025-01-05 05:40:00,4017.65,75.0,TRADE
VIC1,2025-01-05 05:45:00,3957.82,52.09,TRADE
VIC1,2025-01-05 05:50:00,4010.7,52.49,TRADE
VIC1,2025-01-05 05:55:00,3974.5,12.0,TRADE
VIC1,2025-01-05 06:00:00,3999.5,12.0,TRADE
VIC1,2025-01-05 06:05:00,3985.13,12.0,TRADE
VIC1,2025-01-05 06:10:00,3991.75,52.88,TRADE
VIC1,2025-01-05 06:15:00,3999.69,8.95,TRADE
VIC1,2025-01-05 06:20:00,3984.9,9.0,TRADE
VIC1,2025-01-05 06:25:00,3967.48,8.22,TRADE
VIC1,2025-01-05 06:30:00,3936.77,9.0,TRADE
VIC1,2025-01-05 06:35:00,3901.9,33.0,TRADE
VIC1,2025-01-05 06:40:00,3948.56,54.36,TRADE
VIC1,2025-01-05 06:45:00,3890.35,78.86,TRADE
VIC1,2025-01-05 06:50:00,3858.84,53.82,TRADE
VIC1,2025-01-05 06:55:00,3865.27,8.95,TRADE
VIC1,2025-01-05 07:00:00,3828.69,8.04,TRADE
VIC1,2025-01-05 07:05:00,3813.27,8.95,TRADE
VIC1,2025-01-05 07:10:00,3796.2,52.86,TRADE
VIC1,2025-01-05 07:15:00,3822.27,53.69,TRADE
VIC1,2025-01-05 07:20:00,3793.53,33.0,TRADE
VIC1,2025-01-05 07:25:00,3809.26,23.61,TRADE
VIC1,2025-01-05 07:30:00,3824.52,17.59,TRADE
VIC1,2025-01-05 07:35:00,3778.59,7.95,TRADE
VIC1,2025-01-05 07:40:00,3772.69,8.07,TRADE
VIC1,2025-01-05 07:45:00,3771.27,19.19,TRADE
VIC1,2025-01-05 07:50:00,3797.93,9.0,TRADE
VIC1,2025-01-05 07:55:00,3815.36,55.69,TRADE
VIC1,2025-01-05 08:00:00,3823.93,54.86,TRADE
VIC1,2025-01-05 08:05:00,3817.76,33.0,TRADE
VIC1,2025-01-05 08:10:00,3861.61,56.06,TRADE
VIC1,2025-01-05 08:15:00,3810.92,23.49,TRADE
VIC1,2025-01-05 08:20:00,3769.89,8.95,TRADE
VIC1,2025-01-05 08:25:00,3762.5,-21.0,TRADE
VIC1,2025-01-05 08:30:00,3823.65,-4.0,TRADE
VIC1,2025-01-05 08:35:00,3828.52,0.0,TRADE
VIC1,2025-01-05 08:40:00,3891.61,8.53,TRADE
VIC1,2025-01-05 08:45:00,3938.23,6.67,TRADE
VIC1,2025-01-05 08:50:00,3926.85,8.95,TRADE
VIC1,2025-01-05 08:55:00,3979.74,0.0,TRADE
VIC1,2025-01-05 09:00:00,4024.59,0.0,TRADE
VIC1,2025-01-05 09:05:00,3996.81,19.19,TRADE
VIC1,2025-01-05 09:10:00,4058.52,20.04,TRADE
VIC1,2025-01-05 09:15:00,3983.38,11.77,TRADE
VIC1,2025-01-05 09:20:00,3970.91,-0.59,TRADE
VIC1,2025-01-05 09:25:00,3989.1,-19.99,TRADE
VIC1,2025-01-05 09:30:00,3971.09,-30.75,TRADE
VIC1,2025-01-05 09:35:00,3934.38,-32.0,TRADE
VIC1,2025-01-05 09:40:00,3933.19,-32.0,TRADE
VIC1,2025-01-05 09:45:00,3872.89,-20.92,TRADE
VIC1,2025-01-05 09:50:00,3861.61,-12.5,TRADE
VIC1,2025-01-05 09:55:00,3866.48,-1.26,TRADE
VIC1,2025-01-05 10:00:00,3827.78,-19.99,TRADE
VIC1,2025-01-05 10:05:00,3827.37,-1.91,TRADE
VIC1,2025-01-05 10:10:00,3805.15,-1.85,TRADE
VIC1,2025-01-05 10:15:00,3751.94,-20.19,TRADE
VIC1,2025-01-05 10:20:00,3786.18,-19.99,TRADE
VIC1,2025-01-05 10:25:00,3773.56,-20.81,TRADE
VIC1,2025-01-05 10:30:00,3893.43,-18.41,TRADE
VIC1,2025-01-05 10:35:00,3910.13,-20.19,TRADE
VIC1,2025-01-05 10:40:00,3939.3,-0.96,TRADE
VIC1,2025-01-05 10:45:00,3977.34,-7.88,TRADE
VIC1,2025-01-05 10:50:00,4023.28,-1.43,TRADE
VIC1,2025-01-05 10:55:00,4115.39,0.0,TRADE
VIC1,2025-01-05 11:00:00,4217.87,0.0,TRADE
VIC1,2025-01-05 11:05:00,4290.56,8.95,TRADE
VIC1,2025-01-05 11:10:00,4356.52,0.0,TRADE
VIC1,2025-01-05 11:15:00,4412.74,0.0,TRADE
VIC1,2025-01-05 11:20:00,4406.38,0.0,TRADE
VIC1,2025-01-05 11:25:00,4427.04,-21.0,TRADE
VIC1,2025-01-05 11:30:00,4411.68,-12.52,TRADE
VIC1,2025-01-05 11:35:00,4433.68,0.0,TRADE
VIC1,2025-01-05 11:40:00,4470.25,20.04,TRADE
VIC1,2025-01-05 11:45:00,4520.95,9.0,TRADE
VIC1,2025-01-05 11:50:00,4626.27,12.42,TRADE
VIC1,2025-01-05 11:55:00,4692.53,8.95,TRADE
VIC1,2025-01-05 12:00:00,4821.13,9.0,TRADE
VIC1,2025-01-05 12:05:00,4904.0,20.04,TRADE
VIC1,2025-01-05 12:10:00,4993.18,60.79,TRADE
VIC1,2025-01-05 12:15:00,5115.78,59.99,TRADE
VIC1,2025-01-05 12:20:00,5142.82,58.78,TRADE
VIC1,2025-01-05 12:25:00,5256.23,58.41,TRADE
VIC1,2025-01-05 12:30:00,5332.46,90.0,TRADE
VIC1,2025-01-05 12:35:00,5441.89,33.0,TRADE
VIC1,2025-01-05 12:40:00,5512.84,35.84,TRADE
VIC1,2025-01-05 12:45:00,5563.07,36.05,TRADE
VIC1,2025-01-05 12:50:00,5580.91,34.63,TRADE
VIC1,2025-01-05 12:55:00,5642.21,69.3,TRADE
VIC1,2025-01-05 13:00:00,5716.64,54.22,TRADE
VIC1,2025-01-05 13:05:00,5797.56,69.95,TRADE
VIC1,2025-01-05 13:10:00,5766.28,64.01,TRADE
VIC1,2025-01-05 13:15:00,5843.49,58.96,TRADE
VIC1,2025-01-05 13:20:00,6029.0,59.01,TRADE
VIC1,2025-01-05 13:25:00,6097.43,57.91,TRADE
VIC1,2025-01-05 13:30:00,6174.21,92.86,TRADE
VIC1,2025-01-05 13:35:00,6233.58,68.16,TRADE
VIC1,2025-01-05 13:40:00,6336.35,103.37,TRADE
VIC1,2025-01-05 13:45:00,6394.9,108.78,TRADE
VIC1,2025-01-05 13:50:00,6443.7,93.55,TRADE
VIC1,2025-01-05 13:55:00,6467.9,105.77,TRADE
VIC1,2025-01-05 14:00:00,6453.75,82.28,TRADE
VIC1,2025-01-05 14:05:00,6472.58,105.22,TRADE
VIC1,2025-01-05 14:10:00,6379.41,108.12,TRADE
VIC1,2025-01-05 14:15:00,6442.15,118.57,TRADE
VIC1,2025-01-05 14:20:00,6415.78,81.47,TRADE
VIC1,2025-01-05 14:25:00,6535.4,109.13,TRADE
VIC1,2025-01-05 14:30:00,6539.89,121.5,TRADE
VIC1,2025-01-05 14:35:00,6626.93,81.67,TRADE
VIC1,2025-01-05 14:40:00,6621.02,113.5,TRADE
VIC1,2025-01-05 14:45:00,6772.36,115.62,TRADE
VIC1,2025-01-05 14:50:00,6861.12,120.91,TRADE
VIC1,2025-01-05 14:55:00,6946.35,148.45,TRADE
VIC1,2025-01-05 15:00:00,6951.75,153.41,TRADE
VIC1,2025-01-05 15:05:00,7072.13,160.0,TRADE
VIC1,2025-01-05 15:10:00,7108.07,160.0,TRADE
VIC1,2025-01-05 15:15:00,7112.44,160.0,TRADE
VIC1,2025-01-05 15:20:00,7256.37,13.02,TRADE
VIC1,2025-01-05 15:25:00,7386.09,128.54,TRADE
VIC1,2025-01-05 15:30:00,7427.31,135.26,TRADE
VIC1,2025-01-05 15:35:00,7527.17,124.78,TRADE
VIC1,2025-01-05 15:40:00,7582.54,89.45,TRADE
VIC1,2025-01-05 15:45:00,7646.55,128.48,TRADE
VIC1,2025-01-05 15:50:00,7744.4,130.09,TRADE
VIC1,2025-01-05 15:55:00,7796.07,157.24,TRADE
VIC1,2025-01-05 16:00:00,7805.36,138.0,TRADE
VIC1,2025-01-05 16:05:00,7832.14,129.34,TRADE
VIC1,2025-01-05 16:10:00,7863.45,128.25,TRADE
VIC1,2025-01-05 16:15:00,7892.55,102.9,TRADE
VIC1,2025-01-05 16:20:00,7826.51,100.74,TRADE
VIC1,2025-01-05 16:25:00,7870.18,89.45,TRADE
VIC1,2025-01-05 16:30:00,7854.84,89.45,TRADE
VIC1,2025-01-05 16:35:00,7823.01,86.0,TRADE
VIC1,2025-01-05 16:40:00,7841.28,99.0,TRADE
VIC1,2025-01-05 16:45:00,7831.32,127.35,TRADE
VIC1,2025-01-05 16:50:00,7798.27,124.68,TRADE
VIC1,2025-01-05 16:55:00,7794.81,99.0,TRADE
VIC1,2025-01-05 17:00:00,7787.18,99.0,TRADE
VIC1,2025-01-05 17:05:00,7813.47,99.0,TRADE
VIC1,2025-01-05 17:10:00,7760.25,99.0,TRADE
VIC1,2025-01-05 17:15:00,7742.69,99.0,TRADE
VIC1,2025-01-05 17:20:00,7795.25,99.0,TRADE
VIC1,2025-01-05 17:25:00,7804.72,99.0,TRADE
VIC1,2025-01-05 17:30:00,7819.5,99.0,TRADE
VIC1,2025-01-05 17:35:00,7781.08,99.0,TRADE
VIC1,2025-01-05 17:40:00,7780.09,103.51,TRADE
VIC1,2025-01-05 17:45:00,7683.27,101.17,TRADE
VIC1,2025-01-05 17:50:00,7653.59,99.78,TRADE
VIC1,2025-01-05 17:55:00,7618.46,104.79,TRADE
VIC1,2025-01-05 18:00:00,7577.31,115.72,TRADE
VIC1,2025-01-05 18:05:00,7537.36,100.87,TRADE
VIC1,2025-01-05 18:10:00,7517.99,114.42,TRADE
VIC1,2025-01-05 18:15:00,7476.78,114.59,TRADE
VIC1,2025-01-05 18:20:00,7460.97,101.5,TRADE
VIC1,2025-01-05 18:25:00,7413.02,112.68,TRADE
VIC1,2025-01-05 18:30:00,7450.37,118.82,TRADE
VIC1,2025-01-05 18:35:00,7429.28,130.66,TRADE
VIC1,2025-01-05 18:40:00,7394.13,138.0,TRADE
VIC1,2025-01-05 18:45:00,7361.88,137.55,TRADE
VIC1,2025-01-05 18:50:00,7328.31,146.35,TRADE
VIC1,2025-01-05 18:55:00,7298.79,138.44,TRADE
VIC1,2025-01-05 19:00:00,7292.79,135.61,TRADE
VIC1,2025-01-05 19:05:00,7223.63,136.45,TRADE
VIC1,2025-01-05 19:10:00,7226.71,134.66,TRADE
VIC1,2025-01-05 19:15:00,7255.25,136.03,TRADE
VIC1,2025-01-05 19:20:00,7185.63,138.0,TRADE
VIC1,2025-01-05 19:25:00,7178.16,138.42,TRADE
VIC1,2025-01-05 19:30:00,7110.76,175.19,TRADE
VIC1,2025-01-05 19:35:00,7091.42,180.61,TRADE
VIC1,2025-01-05 19:40:00,7053.57,161.53,TRADE
VIC1,2025-01-05 19:45:00,7023.97,137.51,TRADE
VIC1,2025-01-05 19:50:00,7008.76,140.65,TRADE
VIC1,2025-01-05 19:55:00,6956.12,138.7,TRADE
VIC1,2025-01-05 20:00:00,6943.19,138.0,TRADE
VIC1,2025-01-05 20:05:00,6908.81,138.0,TRADE
VIC1,2025-01-05 20:10:00,6869.99,145.3,TRADE
VIC1,2025-01-05 20:15:00,6820.63,134.0,TRADE
VIC1,2025-01-05 20:20:00,6767.19,134.0,TRADE
VIC1,2025-01-05 20:25:00,6720.3,130.0,TRADE
VIC1,2025-01-05 20:30:00,6652.95,114.34,TRADE
VIC1,2025-01-05 20:35:00,6585.5,131.01,TRADE
VIC1,2025-01-05 20:40:00,6555.04,129.05,TRADE
VIC1,2025-01-05 20:45:00,6479.81,125.41,TRADE
VIC1,2025-01-05 20:50:00,6466.2,116.74,TRADE
VIC1,2025-01-05 20:55:00,6410.46,109.97,TRADE
VIC1,2025-01-05 21:00:00,6339.15,103.55,TRADE
VIC1,2025-01-05 21:05:00,6275.65,125.0,TRADE
VIC1,2025-01-05 21:10:00,6224.7,129.01,TRADE
VIC1,2025-01-05 21:15:00,6161.93,123.04,TRADE
VIC1,2025-01-05 21:20:00,6085.94,115.23,TRADE
VIC1,2025-01-05 21:25:00,6028.72,110.88,TRADE
VIC1,2025-01-05 21:30:00,5992.64,107.87,TRADE
VIC1,2025-01-05 21:35:00,5972.26,117.88,TRADE
VIC1,2025-01-05 21:40:00,5923.77,113.59,TRADE
VIC1,2025-01-05 21:45:00,5836.1,105.73,TRADE
VIC1,2025-01-05 21:50:00,5769.3,99.0,TRADE
VIC1,2025-01-05 21:55:00,5704.4,99.0,TRADE
VIC1,2025-01-05 22:00:00,5650.05,99.0,TRADE
VIC1,2025-01-05 22:05:00,5576.89,124.78,TRADE
VIC1,2025-01-05 22:10:00,5512.38,129.01,TRADE
VIC1,2025-01-05 22:15:00,5476.62,129.34,TRADE
VIC1,2025-01-05 22:20:00,5427.38,125.96,TRADE
VIC1,2025-01-05 22:25:00,5409.08,130.0,TRADE
VIC1,2025-01-05 22:30:00,5345.62,126.29,TRADE
VIC1,2025-01-05 22:35:00,5345.77,130.0,TRADE
VIC1,2025-01-05 22:40:00,5320.31,130.0,TRADE
VIC1,2025-01-05 22:45:00,5286.67,130.0,TRADE
VIC1,2025-01-05 22:50:00,5248.98,125.57,TRADE
VIC1,2025-01-05 22:55:00,5250.5,102.95,TRADE
VIC1,2025-01-05 23:00:00,5231.69,99.0,TRADE
VIC1,2025-01-05 23:05:00,5277.8,99.0,TRADE
VIC1,2025-01-05 23:10:00,5340.68,100.09,TRADE
VIC1,2025-01-05 23:15:00,5385.51,99.0,TRADE
VIC1,2025-01-05 23:20:00,5367.17,99.0,TRADE
VIC1,2025-01-05 23:25:00,5339.76,99.0,TRADE
VIC1,2025-01-05 23:30:00,5272.85,94.13,TRADE
VIC1,2025-01-05 23:35:00,5238.99,86.0,TRADE
VIC1,2025-01-05 23:40:00,5201.54,86.0,TRADE
VIC1,2025-01-05 23:45:00,5143.49,78.65,TRADE
VIC1,2025-01-05 23:50:00,5119.22,76.5,TRADE
VIC1,2025-01-05 23:55:00,5069.57,72.67,TRADE
VIC1,2025-01-11 00:00:00,4958.42,130.01,TRADE
VIC1,2025-01-11 00:05:00,5017.05,132.4,TRADE
VIC1,2025-01-11 00:10:00,4954.73,131.92,TRADE
VIC1,2025-01-11 00:15:00,4915.16,130.77,TRADE
VIC1,2025-01-11 00:20:00,4928.63,131.28,TRADE
VIC1,2025-01-11 00:25:00,4870.42,131.01,TRADE
VIC1,2025-01-11 00:30:00,4858.45,130.87,TRADE
VIC1,2025-01-11 00:35:00,4754.85,132.72,TRADE
VIC1,2025-01-11 00:40:00,4741.45,148.14,TRADE
VIC1,2025-01-11 00:45:00,4682.52,130.48,TRADE
VIC1,2025-01-11 00:50:00,4736.05,132.04,TRADE
VIC1,2025-01-11 00:55:00,4616.98,129.07,TRADE
VIC1,2025-01-11 01:00:00,4614.07,128.28,TRADE
VIC1,2025-01-11 01:05:00,4644.78,131.99,TRADE
VIC1,2025-01-11 01:10:00,4627.44,130.94,TRADE
VIC1,2025-01-11 01:15:00,4618.89,131.05,TRADE
VIC1,2025-01-11 01:20:00,4604.44,130.69,TRADE
VIC1,2025-01-11 01:25:00,4492.57,128.3,TRADE
VIC1,2025-01-11 01:30:00,4537.69,129.85,TRADE
VIC1,2025-01-11 01:35:00,4538.0,130.37,TRADE
VIC1,2025-01-11 01:40:00,4511.39,129.97,TRADE
VIC1,2025-01-11 01:45:00,4462.98,129.73,TRADE
VIC1,2025-01-11 01:50:00,4447.2,124.26,TRADE
VIC1,2025-01-11 01:55:00,4444.68,125.0,TRADE
VIC1,2025-01-11 02:00:00,4408.91,124.27,TRADE
VIC1,2025-01-11 02:05:00,4328.15,117.56,TRADE
VIC1,2025-01-11 02:10:00,4335.66,123.03,TRADE
VIC1,2025-01-11 02:15:00,4408.06,121.3,TRADE
VIC1,2025-01-11 02:20:00,4397.6,124.87,TRADE
VIC1,2025-01-11 02:25:00,4355.75,134.64,TRADE
VIC1,2025-01-11 02:30:00,4345.31,135.6,TRADE
VIC1,2025-01-11 02:35:00,4331.22,137.97,TRADE
VIC1,2025-01-11 02:40:00,4358.78,145.94,TRADE
VIC1,2025-01-11 02:45:00,4246.51,139.72,TRADE
VIC1,2025-01-11 02:50:00,4237.33,139.5,TRADE
VIC1,2025-01-11 02:55:00,4275.63,140.64,TRADE
VIC1,2025-01-11 03:00:00,4305.54,140.72,TRADE
VIC1,2025-01-11 03:05:00,4241.05,130.0,TRADE
VIC1,2025-01-11 03:10:00,4246.73,137.85,TRADE
VIC1,2025-01-11 03:15:00,4279.29,154.87,TRADE
VIC1,2025-01-11 03:20:00,4329.37,160.0,TRADE
VIC1,2025-01-11 03:25:00,4302.74,143.88,TRADE
VIC1,2025-01-11 03:30:00,4327.77,141.1,TRADE
VIC1,2025-01-11 03:35:00,4236.09,138.44,TRADE
VIC1,2025-01-11 03:40:00,4253.03,140.71,TRADE
VIC1,2025-01-11 03:45:00,4223.47,141.9,TRADE
VIC1,2025-01-11 03:50:00,4205.6,144.88,TRADE
VIC1,2025-01-11 03:55:00,4200.07,142.88,TRADE
VIC1,2025-01-11 04:00:00,4251.08,143.51,TRADE
VIC1,2025-01-11 04:05:00,4221.96,141.38,TRADE
VIC1,2025-01-11 04:10:00,4234.82,130.0,TRADE
VIC1,2025-01-11 04:15:00,4219.41,130.0,TRADE
VIC1,2025-01-11 04:20:00,4226.84,130.0,TRADE
VIC1,2025-01-11 04:25:00,4225.83,130.0,TRADE
VIC1,2025-01-11 04:30:00,4227.02,137.53,TRADE
VIC1,2025-01-11 04:35:00,4306.54,141.0,TRADE
VIC1,2025-01-11 04:40:00,4277.82,130.0,TRADE
VIC1,2025-01-11 04:45:00,4287.98,130.0,TRADE
VIC1,2025-01-11 04:50:00,4198.66,126.19,TRADE
VIC1,2025-01-11 04:55:00,4183.46,108.97,TRADE
VIC1,2025-01-11 05:00:00,4279.58,130.0,TRADE
VIC1,2025-01-11 05:05:00,4255.83,106.0,TRADE
VIC1,2025-01-11 05:10:00,4244.39,106.82,TRADE
VIC1,2025-01-11 05:15:00,4223.3,108.85,TRADE
VIC1,2025-01-11 05:20:00,4246.77,107.38,TRADE
VIC1,2025-01-11 05:25:00,4241.42,106.55,TRADE
VIC1,2025-01-11 05:30:00,4157.36,102.54,TRADE
VIC1,2025-01-11 05:35:00,4151.75,107.38,TRADE
VIC1,2025-01-11 05:40:00,4214.5,105.73,TRADE
VIC1,2025-01-11 05:45:00,4218.02,104.41,TRADE
VIC1,2025-01-11 05:50:00,4153.3,100.83,TRADE
VIC1,2025-01-11 05:55:00,4190.4,99.0,TRADE
VIC1,2025-01-11 06:00:00,4185.98,82.92,TRADE
VIC1,2025-01-11 06:05:00,4183.27,84.26,TRADE
VIC1,2025-01-11 06:10:00,4159.88,75.65,TRADE
VIC1,2025-01-11 06:15:00,4149.41,74.01,TRADE
VIC1,2025-01-11 06:20:00,4126.67,74.04,TRADE
VIC1,2025-01-11 06:25:00,4117.23,57.46,TRADE
VIC1,2025-01-11 06:30:00,4115.08,56.48,TRADE
VIC1,2025-01-11 06:35:00,4108.49,56.45,TRADE
VIC1,2025-01-11 06:40:00,4092.99,70.34,TRADE
VIC1,2025-01-11 06:45:00,4070.41,56.05,TRADE
VIC1,2025-01-11 06:50:00,4074.74,52.79,TRADE
VIC1,2025-01-11 06:55:00,4028.83,41.15,TRADE
VIC1,2025-01-11 07:00:00,4024.72,40.51,TRADE
VIC1,2025-01-11 07:05:00,3992.7,12.0,TRADE
VIC1,2025-01-11 07:10:00,3979.9,33.89,TRADE
VIC1,2025-01-11 07:15:00,3979.03,-32.0,TRADE
VIC1,2025-01-11 07:20:00,3972.87,-31.86,TRADE
VIC1,2025-01-11 07:25:00,3923.62,-12.03,TRADE
VIC1,2025-01-11 07:30:00,3878.91,-12.03,TRADE
VIC1,2025-01-11 07:35:00,3835.56,-12.03,TRADE
VIC1,2025-01-11 07:40:00,3826.28,-18.15,TRADE
VIC1,2025-01-11 07:45:00,3847.11,-19.99,TRADE
VIC1,2025-01-11 07:50:00,3773.74,-31.65,TRADE
VIC1,2025-01-11 07:55:00,3752.07,-12.03,TRADE
VIC1,2025-01-11 08:00:00,3809.31,-18.15,TRADE
VIC1,2025-01-11 08:05:00,3726.72,-21.0,TRADE
VIC1,2025-01-11 08:10:00,3728.99,-21.54,TRADE
VIC1,2025-01-11 08:15:00,3744.7,-32.0,TRADE
VIC1,2025-01-11 08:20:00,3718.91,-33.04,TRADE
VIC1,2025-01-11 08:25:00,3707.28,-31.08,TRADE
VIC1,2025-01-11 08:30:00,3666.1,-19.77,TRADE
VIC1,2025-01-11 08:35:00,3638.73,-19.99,TRADE
VIC1,2025-01-11 08:40:00,3640.42,-34.46,TRADE
VIC1,2025-01-11 08:45:00,3682.99,-33.67,TRADE
VIC1,2025-01-11 08:50:00,3615.84,-34.46,TRADE
VIC1,2025-01-11 08:55:00,3643.84,-33.66,TRADE
VIC1,2025-01-11 09:00:00,3617.03,-32.0,TRADE
VIC1,2025-01-11 09:05:00,3604.64,-31.09,TRADE
VIC1,2025-01-11 09:10:00,3553.89,-32.0,TRADE
VIC1,2025-01-11 09:15:00,3598.54,-32.0,TRADE
VIC1,2025-01-11 09:20:00,3636.98,-20.19,TRADE
VIC1,2025-01-11 09:25:00,3599.33,-10.85,TRADE
VIC1,2025-01-11 09:30:00,3560.35,9.82,TRADE
VIC1,2025-01-11 09:35:00,3559.38,33.0,TRADE
VIC1,2025-01-11 09:40:00,3485.94,-19.99,TRADE
VIC1,2025-01-11 09:45:00,3492.36,-12.69,TRADE
VIC1,2025-01-11 09:50:00,3511.07,0.0,TRADE
VIC1,2025-01-11 09:55:00,3498.32,8.95,TRADE
VIC1,2025-01-11 10:00:00,3544.0,-11.33,TRADE
VIC1,2025-01-11 10:05:00,3498.11,-12.03,TRADE
VIC1,2025-01-11 10:10:00,3592.4,8.95,TRADE
VIC1,2025-01-11 10:15:00,3581.44,-12.03,TRADE
VIC1,2025-01-11 10:20:00,3606.54,-12.03,TRADE
VIC1,2025-01-11 10:25:00,3640.48,-12.03,TRADE
VIC1,2025-01-11 10:30:00,3578.77,16.4,TRADE
VIC1,2025-01-11 10:35:00,3605.52,10.19,TRADE
VIC1,2025-01-11 10:40:00,3687.82,22.1,TRADE
VIC1,2025-01-11 10:45:00,3637.7,12.0,TRADE
VIC1,2025-01-11 10:50:00,3650.48,22.1,TRADE
VIC1,2025-01-11 10:55:00,3663.69,18.28,TRADE
VIC1,2025-01-11 11:00:00,3685.71,12.0,TRADE
VIC1,2025-01-11 11:05:00,3741.74,12.0,TRADE
VIC1,2025-01-11 11:10:00,3761.24,9.1,TRADE
VIC1,2025-01-11 11:15:00,3785.62,10.58,TRADE
VIC1,2025-01-11 11:20:00,3811.38,10.71,TRADE
VIC1,2025-01-11 11:25:00,3877.44,9.1,TRADE
VIC1,2025-01-11 11:30:00,3941.96,8.95,TRADE
VIC1,2025-01-11 11:35:00,3958.37,12.0,TRADE
VIC1,2025-01-11 11:40:00,4030.71,12.0,TRADE
VIC1,2025-01-11 11:45:00,4092.57,22.1,TRADE
VIC1,2025-01-11 11:50:00,4083.51,10.62,TRADE
VIC1,2025-01-11 11:55:00,4265.81,22.1,TRADE
VIC1,2025-01-11 12:00:00,4286.78,33.0,TRADE
VIC1,2025-01-11 12:05:00,4392.45,81.8,TRADE
VIC1,2025-01-11 12:10:00,4476.24,82.23,TRADE
VIC1,2025-01-11 12:15:00,4514.71,89.13,TRADE
VIC1,2025-01-11 12:20:00,4585.86,111.38,TRADE
VIC1,2025-01-11 12:25:00,4684.16,110.85,TRADE
VIC1,2025-01-11 12:30:00,4776.91,111.1,TRADE
VIC1,2025-01-11 12:35:00,4848.88,54.44,TRADE
VIC1,2025-01-11 12:40:00,4913.9,73.33,TRADE
VIC1,2025-01-11 12:45:00,5020.08,76.07,TRADE
VIC1,2025-01-11 12:50:00,5040.21,60.12,TRADE
VIC1,2025-01-11 12:55:00,5027.68,55.44,TRADE
VIC1,2025-01-11 13:00:00,5059.17,62.13,TRADE
VIC1,2025-01-11 13:05:00,5126.24,62.13,TRADE
VIC1,2025-01-11 13:10:00,5167.12,80.36,TRADE
VIC1,2025-01-11 13:15:00,5246.57,82.5,TRADE
VIC1,2025-01-11 13:20:00,5325.09,82.5,TRADE
VIC1,2025-01-11 13:25:00,5353.68,90.0,TRADE
VIC1,2025-01-11 13:30:00,5437.63,113.21,TRADE
VIC1,2025-01-11 13:35:00,5424.91,112.65,TRADE
VIC1,2025-01-11 13:40:00,5472.31,114.07,TRADE
VIC1,2025-01-11 13:45:00,5449.82,180.01,TRADE
VIC1,2025-01-11 13:50:00,5445.89,114.36,TRADE
VIC1,2025-01-11 13:55:00,5565.9,118.31,TRADE
VIC1,2025-01-11 14:00:00,5565.45,128.46,TRADE
VIC1,2025-01-11 14:05:00,5590.86,118.24,TRADE
VIC1,2025-01-11 14:10:00,5585.43,132.42,TRADE
VIC1,2025-01-11 14:15:00,5615.23,162.94,TRADE
VIC1,2025-01-11 14:20:00,5587.13,110.17,TRADE
VIC1,2025-01-11 14:25:00,5548.9,106.55,TRADE
VIC1,2025-01-11 14:30:00,5627.71,213.88,TRADE
VIC1,2025-01-11 14:35:00,5602.59,129.17,TRADE
VIC1,2025-01-11 14:40:00,5586.63,107.65,TRADE
VIC1,2025-01-11 14:45:00,5687.54,108.91,TRADE
VIC1,2025-01-11 14:50:00,5680.33,107.67,TRADE
VIC1,2025-01-11 14:55:00,5616.63,106.0,TRADE
VIC1,2025-01-11 15:00:00,5610.66,105.73,TRADE
VIC1,2025-01-11 15:05:00,5652.68,120.63,TRADE
VIC1,2025-01-11 15:10:00,5658.65,107.99,TRADE
VIC1,2025-01-11 15:15:00,5718.46,120.9,TRADE
VIC1,2025-01-11 15:20:00,5735.57,125.2,TRADE
VIC1,2025-01-11 15:25:00,5801.33,108.03,TRADE
VIC1,2025-01-11 15:30:00,5847.94,106.56,TRADE
VIC1,2025-01-11 15:35:00,5822.81,101.51,TRADE
VIC1,2025-01-11 15:40:00,5867.44,105.19,TRADE
VIC1,2025-01-11 15:45:00,5967.51,106.58,TRADE
VIC1,2025-01-11 15:50:00,6122.95,130.63,TRADE
VIC1,2025-01-11 15:55:00,6124.12,128.71,TRADE
VIC1,2025-01-11 16:00:00,6173.77,109.16,TRADE
VIC1,2025-01-11 16:05:00,6186.18,75.0,TRADE
VIC1,2025-01-11 16:10:00,6251.69,81.34,TRADE
VIC1,2025-01-11 16:15:00,6375.09,105.6,TRADE
VIC1,2025-01-11 16:20:00,6487.23,114.36,TRADE
VIC1,2025-01-11 16:25:00,6583.98,114.94,TRADE
VIC1,2025-01-11 16:30:00,6616.56,112.55,TRADE
VIC1,2025-01-11 16:35:00,6653.34,105.11,TRADE
VIC1,2025-01-11 16:40:00,6668.69,107.29,TRADE
VIC1,2025-01-11 16:45:00,6695.34,112.16,TRADE
VIC1,2025-01-11 16:50:00,6795.97,115.76,TRADE
VIC1,2025-01-11 16:55:00,6886.91,114.52,TRADE
VIC1,2025-01-11 17:00:00,6912.63,111.09,TRADE
VIC1,2025-01-11 17:05:00,6999.73,107.01,TRADE
VIC1,2025-01-11 17:10:00,7018.97,111.98,TRADE
VIC1,2025-01-11 17:15:00,7027.7,116.53,TRADE
VIC1,2025-01-11 17:20:00,7058.11,117.1,TRADE
VIC1,2025-01-11 17:25:00,7000.5,116.0,TRADE
VIC1,2025-01-11 17:30:00,6981.88,126.7,TRADE
VIC1,2025-01-11 17:35:00,6945.43,116.1,TRADE
VIC1,2025-01-11 17:40:00,6949.47,115.86,TRADE
VIC1,2025-01-11 17:45:00,6934.17,107.01,TRADE
VIC1,2025-01-11 17:50:00,6926.12,105.11,TRADE
VIC1,2025-01-11 17:55:00,6890.52,104.53,TRADE
VIC1,2025-01-11 18:00:00,6921.32,107.03,TRADE
VIC1,2025-01-11 18:05:00,6823.08,105.73,TRADE
VIC1,2025-01-11 18:10:00,6826.47,113.53,TRADE
VIC1,2025-01-11 18:15:00,6842.68,136.65,TRADE
VIC1,2025-01-11 18:20:00,6827.27,128.21,TRADE
VIC1,2025-01-11 18:25:00,6743.19,134.99,TRADE
VIC1,2025-01-11 18:30:00,6765.17,131.09,TRADE
VIC1,2025-01-11 18:35:00,6746.0,131.51,TRADE
VIC1,2025-01-11 18:40:00,6712.6,122.92,TRADE
VIC1,2025-01-11 18:45:00,6699.21,127.68,TRADE
VIC1,2025-01-11 18:50:00,6700.59,129.28,TRADE
VIC1,2025-01-11 18:55:00,6685.89,130.0,TRADE
VIC1,2025-01-11 19:00:00,6681.62,128.68,TRADE
VIC1,2025-01-11 19:05:00,6674.01,129.25,TRADE
VIC1,2025-01-11 19:10:00,6661.7,129.38,TRADE
VIC1,2025-01-11 19:15:00,6621.05,129.79,TRADE
VIC1,2025-01-11 19:20:00,6627.81,130.0,TRADE
VIC1,2025-01-11 19:25:00,6597.94,131.67,TRADE
VIC1,2025-01-11 19:30:00,6580.19,131.02,TRADE
VIC1,2025-01-11 19:35:00,6571.17,130.0,TRADE
VIC1,2025-01-11 19:40:00,6552.81,130.67,TRADE
VIC1,2025-01-11 19:45:00,6531.46,131.01,TRADE
VIC1,2025-01-11 19:50:00,6480.16,130.46,TRADE
VIC1,2025-01-11 19:55:00,6430.69,130.0,TRADE
VIC1,2025-01-11 20:00:00,6414.55,127.03,TRADE
VIC1,2025-01-11 20:05:00,6394.66,132.72,TRADE
VIC1,2025-01-11 20:10:00,6345.29,132.72,TRADE
VIC1,2025-01-11 20:15:00,6326.84,134.0,TRADE
VIC1,2025-01-11 20:20:00,6307.05,134.99,TRADE
VIC1,2025-01-11 20:25:00,6263.27,134.99,TRADE
VIC1,2025-01-11 20:30:00,6211.07,132.96,TRADE
VIC1,2025-01-11 20:35:00,6233.94,131.67,TRADE
VIC1,2025-01-11 20:40:00,6198.78,134.0,TRADE
VIC1,2025-01-11 20:45:00,6146.43,135.28,TRADE
VIC1,2025-01-11 20:50:00,6109.29,133.33,TRADE
VIC1,2025-01-11 20:55:00,6059.02,133.33,TRADE
VIC1,2025-01-11 21:00:00,5997.79,130.0,TRADE
VIC1,2025-01-11 21:05:00,5944.26,132.67,TRADE
VIC1,2025-01-11 21:10:00,5865.26,144.03,TRADE
VIC1,2025-01-11 21:15:00,5797.56,138.66,TRADE
VIC1,2025-01-11 21:20:00,5747.22,135.43,TRADE
VIC1,2025-01-11 21:25:00,5707.74,133.0,TRADE
VIC1,2025-01-11 21:30:00,5647.04,130.0,TRADE
VIC1,2025-01-11 21:35:00,5600.59,130.0,TRADE
VIC1,2025-01-11 21:40:00,5571.76,130.0,TRADE
VIC1,2025-01-11 21:45:00,5505.58,115.39,TRADE
VIC1,2025-01-11 21:50:00,5478.79,117.59,TRADE
VIC1,2025-01-11 21:55:00,5435.12,127.85,TRADE
VIC1,2025-01-11 22:00:00,5373.03,118.71,TRADE
VIC1,2025-01-11 22:05:00,5333.55,126.92,TRADE
VIC1,2025-01-11 22:10:00,5369.31,130.0,TRADE
VIC1,2025-01-11 22:15:00,5357.12,133.67,TRADE
VIC1,2025-01-11 22:20:00,5262.16,128.21,TRADE
VIC1,2025-01-11 22:25:00,5193.8,131.32,TRADE
VIC1,2025-01-11 22:30:00,5274.38,133.24,TRADE
VIC1,2025-01-11 22:35:00,5235.51,133.0,TRADE
VIC1,2025-01-11 22:40:00,5212.44,135.64,TRADE
VIC1,2025-01-11 22:45:00,5090.14,133.67,TRADE
VIC1,2025-01-11 22:50:00,5030.01,132.34,TRADE
VIC1,2025-01-11 22:55:00,5089.39,133.33,TRADE
VIC1,2025-01-11 23:00:00,5084.5,132.72,TRADE
VIC1,2025-01-11 23:05:00,5075.28,132.0,TRADE
VIC1,2025-01-11 23:10:00,5168.67,133.0,TRADE
VIC1,2025-01-11 23:15:00,5208.84,133.33,TRADE
VIC1,2025-01-11 23:20:00,5199.56,134.0,TRADE
VIC1,2025-01-11 23:25:00,5202.94,132.72,TRADE
VIC1,2025-01-11 23:30:00,5176.77,132.67,TRADE
VIC1,2025-01-11 23:35:00,5098.18,131.45,TRADE
VIC1,2025-01-11 23:40:00,5072.64,131.15,TRADE
VIC1,2025-01-11 23:45:00,5069.31,130.0,TRADE
VIC1,2025-01-11 23:50:00,5038.14,128.68,TRADE
VIC1,2025-01-11 23:55:00,4975.79,119.58,TRADE
VIC1,2025-01-12 00:00:00,4970.05,117.15,TRADE
VIC1,2025-01-12 00:05:00,4959.88,120.3,TRADE
VIC1,2025-01-12 00:10:00,4911.9,117.76,TRADE
VIC1,2025-01-12 00:15:00,4798.22,114.45,TRADE
VIC1,2025-01-12 00:20:00,4792.69,119.77,TRADE
VIC1,2025-01-12 00:25:00,4826.31,125.86,TRADE
VIC1,2025-01-12 00:30:00,4810.72,121.33,TRADE
VIC1,2025-01-12 00:35:00,4701.62,131.89,TRADE
VIC1,2025-01-12 00:40:00,4761.42,134.39,TRADE
VIC1,2025-01-12 00:45:00,4718.64,133.66,TRADE
VIC1,2025-01-12 00:50:00,4694.48,133.25,TRADE
VIC1,2025-01-12 00:55:00,4608.56,128.24,TRADE
VIC1,2025-01-12 01:00:00,4589.14,128.64,TRADE
VIC1,2025-01-12 01:05:00,4629.85,131.95,TRADE
VIC1,2025-01-12 01:10:00,4638.78,132.05,TRADE
VIC1,2025-01-12 01:15:00,4572.09,135.75,TRADE
VIC1,2025-01-12 01:20:00,4617.02,134.52,TRADE
VIC1,2025-01-12 01:25:00,4590.31,139.5,TRADE
VIC1,2025-01-12 01:30:00,4573.98,134.19,TRADE
VIC1,2025-01-12 01:35:00,4546.49,131.89,TRADE
VIC1,2025-01-12 01:40:00,4436.76,131.61,TRADE
VIC1,2025-01-12 01:45:00,4452.34,145.83,TRADE
VIC1,2025-01-12 01:50:00,4438.07,136.88,TRADE
VIC1,2025-01-12 01:55:00,4418.11,135.17,TRADE
VIC1,2025-01-12 02:00:00,4368.62,130.07,TRADE
VIC1,2025-01-12 02:05:00,4361.01,130.02,TRADE
VIC1,2025-01-12 02:10:00,4354.97,128.3,TRADE
VIC1,2025-01-12 02:15:00,4344.16,126.99,TRADE
VIC1,2025-01-12 02:20:00,4240.93,116.4,TRADE
VIC1,2025-01-12 02:25:00,4212.33,114.07,TRADE
VIC1,2025-01-12 02:30:00,4280.66,114.94,TRADE
VIC1,2025-01-12 02:35:00,4238.32,114.74,TRADE
VIC1,2025-01-12 02:40:00,4191.26,112.22,TRADE
VIC1,2025-01-12 02:45:00,4173.15,99.0,TRADE
VIC1,2025-01-12 02:50:00,4214.62,102.27,TRADE
VIC1,2025-01-12 02:55:00,4171.21,99.0,TRADE
VIC1,2025-01-12 03:00:00,4186.15,97.72,TRADE
VIC1,2025-01-12 03:05:00,4129.03,98.29,TRADE
VIC1,2025-01-12 03:10:00,4095.55,97.53,TRADE
VIC1,2025-01-12 03:15:00,4180.92,99.0,TRADE
VIC1,2025-01-12 03:20:00,4117.55,98.47,TRADE
VIC1,2025-01-12 03:25:00,4118.11,97.16,TRADE
VIC1,2025-01-12 03:30:00,4188.5,100.48,TRADE
VIC1,2025-01-12 03:35:00,4137.67,99.0,TRADE
VIC1,2025-01-12 03:40:00,4193.17,99.0,TRADE
VIC1,2025-01-12 03:45:00,4111.84,92.01,TRADE
VIC1,2025-01-12 03:50:00,4116.35,95.82,TRADE
VIC1,2025-01-12 03:55:00,4117.88,100.71,TRADE
VIC1,2025-01-12 04:00:00,4111.59,100.96,TRADE
VIC1,2025-01-12 04:05:00,4173.34,112.93,TRADE
VIC1,2025-01-12 04:10:00,4199.16,113.78,TRADE
VIC1,2025-01-12 04:15:00,4164.74,112.93,TRADE
VIC1,2025-01-12 04:20:00,4183.58,120.84,TRADE
VIC1,2025-01-12 04:25:00,4179.64,121.09,TRADE
VIC1,2025-01-12 04:30:00,4207.12,122.75,TRADE
VIC1,2025-01-12 04:35:00,4189.93,112.36,TRADE
VIC1,2025-01-12 04:40:00,4108.61,105.31,TRADE
VIC1,2025-01-12 04:45:00,4116.53,111.0,TRADE
VIC1,2025-01-12 04:50:00,4103.9,124.18,TRADE
VIC1,2025-01-12 04:55:00,4120.89,130.0,TRADE
VIC1,2025-01-12 05:00:00,4110.66,130.0,TRADE
VIC1,2025-01-12 05:05:00,4140.89,123.46,TRADE
VIC1,2025-01-12 05:10:00,4176.57,127.93,TRADE
VIC1,2025-01-12 05:15:00,4116.93,121.92,TRADE
VIC1,2025-01-12 05:20:00,4199.21,122.32,TRADE
VIC1,2025-01-12 05:25:00,4181.7,123.06,TRADE
VIC1,2025-01-12 05:30:00,4194.65,122.7,TRADE
VIC1,2025-01-12 05:35:00,4086.19,111.13,TRADE
VIC1,2025-01-12 05:40:00,4092.33,105.54,TRADE
VIC1,2025-01-12 05:45:00,4064.23,99.0,TRADE
VIC1,2025-01-12 05:50:00,4117.14,99.0,TRADE
VIC1,2025-01-12 05:55:00,4102.43,99.0,TRADE
VIC1,2025-01-12 06:00:00,4023.75,62.55,TRADE
VIC1,2025-01-12 06:05:00,4084.84,86.9,TRADE
VIC1,2025-01-12 06:10:00,4092.24,73.63,TRADE
VIC1,2025-01-12 06:15:00,4074.37,78.02,TRADE
VIC1,2025-01-12 06:20:00,4084.09,48.27,TRADE
VIC1,2025-01-12 06:25:00,3977.02,7.46,TRADE
VIC1,2025-01-12 06:30:00,3949.89,8.95,TRADE
VIC1,2025-01-12 06:35:00,4018.05,33.89,TRADE
VIC1,2025-01-12 06:40:00,4017.16,9.0,TRADE
VIC1,2025-01-12 06:45:00,4018.92,8.95,TRADE
VIC1,2025-01-12 06:50:00,3924.56,-21.36,TRADE
VIC1,2025-01-12 06:55:00,3987.76,20.04,TRADE
VIC1,2025-01-12 07:00:00,3971.36,20.04,TRADE
VIC1,2025-01-12 07:05:00,3853.48,0.0,TRADE
VIC1,2025-01-12 07:10:00,3848.07,9.0,TRADE
VIC1,2025-01-12 07:15:00,3879.99,36.1,TRADE
VIC1,2025-01-12 07:20:00,3966.69,33.0,TRADE
VIC1,2025-01-12 07:25:00,3964.09,36.1,TRADE
VIC1,2025-01-12 07:30:00,3972.36,22.1,TRADE
VIC1,2025-01-12 07:35:00,3974.81,36.1,TRADE
VIC1,2025-01-12 07:40:00,3901.57,62.13,TRADE
VIC1,2025-01-12 07:45:00,3857.96,35.66,TRADE
VIC1,2025-01-12 07:50:00,3755.98,7.89,TRADE
VIC1,2025-01-12 07:55:00,3798.47,20.04,TRADE
VIC1,2025-01-12 08:00:00,3724.1,17.32,TRADE
VIC1,2025-01-12 08:05:00,3832.77,12.0,TRADE
VIC1,2025-01-12 08:10:00,3832.21,12.0,TRADE
VIC1,2025-01-12 08:15:00,3826.08,10.26,TRADE
VIC1,2025-01-12 08:20:00,3787.86,8.95,TRADE
VIC1,2025-01-12 08:25:00,3810.02,8.95,TRADE
VIC1,2025-01-12 08:30:00,3845.49,12.42,TRADE
VIC1,2025-01-12 08:35:00,3794.59,12.0,TRADE
VIC1,2025-01-12 08:40:00,3824.74,8.33,TRADE
VIC1,2025-01-12 08:45:00,3840.84,8.95,TRADE
VIC1,2025-01-12 08:50:00,3916.07,8.71,TRADE
VIC1,2025-01-12 08:55:00,4041.79,9.1,TRADE
VIC1,2025-01-12 09:00:00,4127.06,12.0,TRADE
VIC1,2025-01-12 09:05:00,4174.24,9.1,TRADE
VIC1,2025-01-12 09:10:00,4194.49,20.04,TRADE
VIC1,2025-01-12 09:15:00,4183.63,12.0,TRADE
VIC1,2025-01-12 09:20:00,4135.02,9.1,TRADE
VIC1,2025-01-12 09:25:00,4036.63,-3.94,TRADE
VIC1,2025-01-12 09:30:00,4044.4,-13.17,TRADE
VIC1,2025-01-12 09:35:00,3977.87,0.0,TRADE
VIC1,2025-01-12 09:40:00,4125.43,9.1,TRADE
VIC1,2025-01-12 09:45:00,4196.23,9.01,TRADE
VIC1,2025-01-12 09:50:00,4205.43,-12.23,TRADE
VIC1,2025-01-12 09:55:00,4266.87,8.95,TRADE
VIC1,2025-01-12 10:00:00,4280.46,0.0,TRADE
VIC1,2025-01-12 10:05:00,4310.56,12.42,TRADE
VIC1,2025-01-12 10:10:00,4494.39,20.04,TRADE
VIC1,2025-01-12 10:15:00,4613.52,55.89,TRADE
VIC1,2025-01-12 10:20:00,4701.34,-18.15,TRADE
VIC1,2025-01-12 10:25:00,4806.17,8.95,TRADE
VIC1,2025-01-12 10:30:00,4856.55,33.01,TRADE
VIC1,2025-01-12 10:35:00,4844.18,8.95,TRADE
VIC1,2025-01-12 10:40:00,4881.25,20.35,TRADE
VIC1,2025-01-12 10:45:00,5005.89,108.75,TRADE
VIC1,2025-01-12 10:50:00,4990.48,102.54,TRADE
VIC1,2025-01-12 10:55:00,4990.89,33.0,TRADE
VIC1,2025-01-12 11:00:00,5089.51,82.5,TRADE
VIC1,2025-01-12 11:05:00,5158.13,82.5,TRADE
VIC1,2025-01-12 11:10:00,5261.96,112.65,TRADE
VIC1,2025-01-12 11:15:00,5279.84,112.37,TRADE
VIC1,2025-01-12 11:20:00,5317.48,112.09,TRADE
VIC1,2025-01-12 11:25:00,5402.27,132.72,TRADE
VIC1,2025-01-12 11:30:00,5431.06,132.53,TRADE
VIC1,2025-01-12 11:35:00,5297.71,112.37,TRADE
VIC1,2025-01-12 11:40:00,5337.03,82.5,TRADE
VIC1,2025-01-12 11:45:00,5364.07,98.43,TRADE
VIC1,2025-01-12 11:50:00,5361.43,83.51,TRADE
VIC1,2025-01-12 11:55:00,5302.52,20.99,TRADE
VIC1,2025-01-12 12:00:00,5157.75,23.76,TRADE
VIC1,2025-01-12 12:05:00,5104.48,33.0,TRADE
VIC1,2025-01-12 12:10:00,5163.29,82.5,TRADE
VIC1,2025-01-12 12:15:00,5151.29,33.0,TRADE
VIC1,2025-01-12 12:20:00,5038.76,33.0,TRADE
VIC1,2025-01-12 12:25:00,5148.46,112.64,TRADE
VIC1,2025-01-12 12:30:00,5100.16,33.0,TRADE
VIC1,2025-01-12 12:35:00,5062.23,12.0,TRADE
VIC1,2025-01-12 12:40:00,5053.07,12.0,TRADE
VIC1,2025-01-12 12:45:00,4946.04,12.0,TRADE
VIC1,2025-01-12 12:50:00,4961.27,12.42,TRADE
VIC1,2025-01-12 12:55:00,4979.29,0.0,TRADE
VIC1,2025-01-12 13:00:00,4893.48,-19.62,TRADE
VIC1,2025-01-12 13:05:00,4824.54,8.95,TRADE
VIC1,2025-01-12 13:10:00,4833.36,-18.15,TRADE
VIC1,2025-01-12 13:15:00,4821.41,8.95,TRADE
VIC1,2025-01-12 13:20:00,4779.16,12.42,TRADE
VIC1,2025-01-12 13:25:00,4767.62,33.0,TRADE
VIC1,2025-01-12 13:30:00,4834.28,48.92,TRADE
VIC1,2025-01-12 13:35:00,4683.21,23.87,TRADE
VIC1,2025-01-12 13:40:00,4611.83,33.0,TRADE
VIC1,2025-01-12 13:45:00,4552.9,33.0,TRADE
VIC1,2025-01-12 13:50:00,4606.65,33.0,TRADE
VIC1,2025-01-12 13:55:00,4694.92,33.0,TRADE
VIC1,2025-01-12 14:00:00,4686.16,75.05,TRADE
VIC1,2025-01-12 14:05:00,4764.62,65.16,TRADE
VIC1,2025-01-12 14:10:00,4800.61,65.76,TRADE
VIC1,2025-01-12 14:15:00,4815.02,82.5,TRADE
VIC1,2025-01-12 14:20:00,4847.88,80.38,TRADE
VIC1,2025-01-12 14:25:00,4916.33,78.65,TRADE
VIC1,2025-01-12 14:30:00,4961.74,103.73,TRADE
VIC1,2025-01-12 14:35:00,4906.27,78.27,TRADE
VIC1,2025-01-12 14:40:00,4887.06,90.93,TRADE
VIC1,2025-01-12 14:45:00,4916.82,101.17,TRADE
VIC1,2025-01-12 14:50:00,4879.79,82.5,TRADE
VIC1,2025-01-12 14:55:00,4927.75,112.35,TRADE
VIC1,2025-01-12 15:00:00,4884.53,92.99,TRADE
VIC1,2025-01-12 15:05:00,4700.44,56.34,TRADE
VIC1,2025-01-12 15:10:00,4651.65,56.12,TRADE
VIC1,2025-01-12 15:15:00,4699.04,74.16,TRADE
VIC1,2025-01-12 15:20:00,4689.35,55.28,TRADE
VIC1,2025-01-12 15:25:00,4665.78,72.54,TRADE
VIC1,2025-01-12 15:30:00,4777.78,97.17,TRADE
VIC1,2025-01-12 15:35:00,4785.59,84.44,TRADE
VIC1,2025-01-12 15:40:00,4850.22,83.34,TRADE
VIC1,2025-01-12 15:45:00,4893.83,99.0,TRADE
VIC1,2025-01-12 15:50:00,4858.52,160.0,TRADE
VIC1,2025-01-12 15:55:00,4883.64,160.0,TRADE
VIC1,2025-01-12 16:00:00,4965.63,120.52,TRADE
VIC1,2025-01-12 16:05:00,4952.56,130.0,TRADE
VIC1,2025-01-12 16:10:00,5009.37,160.0,TRADE
VIC1,2025-01-12 16:15:00,4991.83,160.0,TRADE
VIC1,2025-01-12 16:20:00,4891.38,114.07,TRADE
VIC1,2025-01-12 16:25:00,4882.29,107.8,TRADE
VIC1,2025-01-12 16:30:00,4915.2,107.99,TRADE
VIC1,2025-01-12 16:35:00,4860.56,99.0,TRADE
VIC1,2025-01-12 16:40:00,4772.99,87.2,TRADE
VIC1,2025-01-12 16:45:00,4809.56,99.0,TRADE
VIC1,2025-01-12 16:50:00,4802.26,89.06,TRADE
VIC1,2025-01-12 16:55:00,4810.86,86.0,TRADE
VIC1,2025-01-12 17:00:00,4723.9,86.0,TRADE
VIC1,2025-01-12 17:05:00,4758.51,99.0,TRADE
VIC1,2025-01-12 17:10:00,4712.96,85.22,TRADE
VIC1,2025-01-12 17:15:00,4676.76,99.0,TRADE
VIC1,2025-01-12 17:20:00,4639.7,89.45,TRADE
VIC1,2025-01-12 17:25:00,4567.91,89.45,TRADE
VIC1,2025-01-12 17:30:00,4670.11,97.95,TRADE
VIC1,2025-01-12 17:35:00,4656.62,97.65,TRADE
VIC1,2025-01-12 17:40:00,4692.56,107.19,TRADE
VIC1,2025-01-12 17:45:00,4804.86,115.82,TRADE
VIC1,2025-01-12 17:50:00,4768.46,115.46,TRADE
VIC1,2025-01-12 17:55:00,4850.98,121.98,TRADE
VIC1,2025-01-12 18:00:00,4900.3,117.91,TRADE
VIC1,2025-01-12 18:05:00,4921.57,114.94,TRADE
VIC1,2025-01-12 18:10:00,4976.29,128.52,TRADE
VIC1,2025-01-12 18:15:00,4925.69,133.81,TRADE
VIC1,2025-01-12 18:20:00,5031.33,138.0,TRADE
VIC1,2025-01-12 18:25:00,5043.8,140.09,TRADE
VIC1,2025-01-12 18:30:00,5082.95,160.0,TRADE
VIC1,2025-01-12 18:35:00,5082.59,160.0,TRADE
VIC1,2025-01-12 18:40:00,5148.18,138.0,TRADE
VIC1,2025-01-12 18:45:00,5196.88,160.0,TRADE
VIC1,2025-01-12 18:50:00,5100.75,144.76,TRADE
VIC1,2025-01-12 18:55:00,5203.98,160.0,TRADE
VIC1,2025-01-12 19:00:00,5211.92,160.0,TRADE
VIC1,2025-01-12 19:05:00,5227.23,146.15,TRADE
VIC1,2025-01-12 19:10:00,5174.67,160.0,TRADE
VIC1,2025-01-12 19:15:00,5176.99,160.0,TRADE
VIC1,2025-01-12 19:20:00,5177.57,160.0,TRADE
VIC1,2025-01-12 19:25:00,5199.45,160.0,TRADE
VIC1,2025-01-12 19:30:00,5247.82,160.0,TRADE
VIC1,2025-01-12 19:35:00,5247.06,160.0,TRADE
VIC1,2025-01-12 19:40:00,5175.84,160.0,TRADE
VIC1,2025-01-12 19:45:00,5230.9,162.66,TRADE
VIC1,2025-01-12 19:50:00,5249.76,160.0,TRADE
VIC1,2025-01-12 19:55:00,5260.75,160.0,TRADE
VIC1,2025-01-12 20:00:00,5232.26,160.0,TRADE
VIC1,2025-01-12 20:05:00,5162.62,160.0,TRADE
VIC1,2025-01-12 20:10:00,5233.12,160.0,TRADE
VIC1,2025-01-12 20:15:00,5251.22,160.0,TRADE
VIC1,2025-01-12 20:20:00,5191.92,146.63,TRADE
VIC1,2025-01-12 20:25:00,5172.2,145.51,TRADE
VIC1,2025-01-12 20:30:00,5221.48,147.62,TRADE
VIC1,2025-01-12 20:35:00,5189.28,143.11,TRADE
VIC1,2025-01-12 20:40:00,5193.74,145.3,TRADE
VIC1,2025-01-12 20:45:00,5072.02,139.93,TRADE
VIC1,2025-01-12 20:50:00,5060.22,132.7,TRADE
VIC1,2025-01-12 20:55:00,5025.35,132.34,TRADE
VIC1,2025-01-12 21:00:00,5047.99,132.0,TRADE
VIC1,2025-01-12 21:05:00,4999.09,132.34,TRADE
VIC1,2025-01-12 21:10:00,4950.7,160.0,TRADE
VIC1,2025-01-12 21:15:00,4943.69,140.19,TRADE
VIC1,2025-01-12 21:20:00,4932.25,151.22,TRADE
VIC1,2025-01-12 21:25:00,4891.67,152.43,TRADE
VIC1,2025-01-12 21:30:00,4784.01,135.81,TRADE
VIC1,2025-01-12 21:35:00,4772.8,148.94,TRADE
VIC1,2025-01-12 21:40:00,4809.82,160.0,TRADE
VIC1,2025-01-12 21:45:00,4754.39,160.0,TRADE
VIC1,2025-01-12 21:50:00,4647.26,149.71,TRADE
VIC1,2025-01-12 21:55:00,4689.1,153.89,TRADE
VIC1,2025-01-12 22:00:00,4654.5,151.41,TRADE
VIC1,2025-01-12 22:05:00,4621.79,151.65,TRADE
VIC1,2025-01-12 22:10:00,4627.08,160.0,TRADE
VIC1,2025-01-12 22:15:00,4585.57,160.0,TRADE
VIC1,2025-01-12 22:20:00,4593.46,160.0,TRADE
VIC1,2025-01-12 22:25:00,4538.8,160.0,TRADE
VIC1,2025-01-12 22:30:00,4532.35,183.11,TRADE
VIC1,2025-01-12 22:35:00,4524.86,160.0,TRADE
VIC1,2025-01-12 22:40:00,4569.57,160.0,TRADE
VIC1,2025-01-12 22:45:00,4578.05,151.41,TRADE
VIC1,2025-01-12 22:50:00,4545.15,147.89,TRADE
VIC1,2025-01-12 22:55:00,4514.91,134.24,TRADE
VIC1,2025-01-12 23:00:00,4554.8,133.15,TRADE
VIC1,2025-01-12 23:05:00,4564.42,137.2,TRADE
VIC1,2025-01-12 23:10:00,4713.59,154.1,TRADE
VIC1,2025-01-12 23:15:00,4657.39,143.82,TRADE
VIC1,2025-01-12 23:20:00,4640.55,141.2,TRADE
VIC1,2025-01-12 23:25:00,4753.01,136.23,TRADE
VIC1,2025-01-12 23:30:00,4678.35,130.0,TRADE
VIC1,2025-01-12 23:35:00,4650.16,132.11,TRADE
VIC1,2025-01-12 23:40:00,4624.33,131.2,TRADE
VIC1,2025-01-12 23:45:00,4635.62,151.56,TRADE
VIC1,2025-01-12 23:50:00,4528.66,129.4,TRADE
VIC1,2025-01-12 23:55:00,4567.46,149.86,TRADE
VIC1,2025-01-18 00:00:00,4231.47,-19.24,TRADE
VIC1,2025-01-18 00:05:00,4154.93,-19.14,TRADE
VIC1,2025-01-18 00:10:00,4129.09,-7.51,TRADE
VIC1,2025-01-18 00:15:00,4145.6,8.85,TRADE
VIC1,2025-01-18 00:20:00,4141.89,8.95,TRADE
VIC1,2025-01-18 00:25:00,4059.53,8.95,TRADE
VIC1,2025-01-18 00:30:00,4109.89,8.95,TRADE
VIC1,2025-01-18 00:35:00,4096.68,8.95,TRADE
VIC1,2025-01-18 00:40:00,4085.93,8.95,TRADE
VIC1,2025-01-18 00:45:00,4061.78,8.95,TRADE
VIC1,2025-01-18 00:50:00,3990.77,8.95,TRADE
VIC1,2025-01-18 00:55:00,3993.64,8.95,TRADE
VIC1,2025-01-18 01:00:00,4042.55,8.95,TRADE
VIC1,2025-01-18 01:05:00,4009.02,8.95,TRADE
VIC1,2025-01-18 01:10:00,4019.08,8.95,TRADE
VIC1,2025-01-18 01:15:00,3989.42,8.58,TRADE
VIC1,2025-01-18 01:20:00,3967.52,5.35,TRADE
VIC1,2025-01-18 01:25:00,3932.42,6.95,TRADE
VIC1,2025-01-18 01:30:00,3815.55,-7.51,TRADE
VIC1,2025-01-18 01:35:00,3788.47,-19.86,TRADE
VIC1,2025-01-18 01:40:00,3827.9,-7.51,TRADE
VIC1,2025-01-18 01:45:00,3734.14,-19.99,TRADE
VIC1,2025-01-18 01:50:00,3743.85,-20.07,TRADE
VIC1,2025-01-18 01:55:00,3746.48,-20.0,TRADE
VIC1,2025-01-18 02:00:00,3702.46,-21.0,TRADE
VIC1,2025-01-18 02:05:00,3717.88,-20.61,TRADE
VIC1,2025-01-18 02:10:00,3729.68,-20.0,TRADE
VIC1,2025-01-18 02:15:00,3761.38,-20.37,TRADE
VIC1,2025-01-18 02:20:00,3804.22,-20.4,TRADE
VIC1,2025-01-18 02:25:00,3709.82,-26.73,TRADE
VIC1,2025-01-18 02:30:00,3664.58,-31.09,TRADE
VIC1,2025-01-18 02:35:00,3686.69,-32.0,TRADE
VIC1,2025-01-18 02:40:00,3681.23,-32.0,TRADE
VIC1,2025-01-18 02:45:00,3675.36,-32.0,TRADE
VIC1,2025-01-18 02:50:00,3631.5,-33.34,TRADE
VIC1,2025-01-18 02:55:00,3744.87,-32.0,TRADE
VIC1,2025-01-18 03:00:00,3722.0,-32.0,TRADE
VIC1,2025-01-18 03:05:00,3693.91,-32.0,TRADE
VIC1,2025-01-18 03:10:00,3703.42,-32.0,TRADE
VIC1,2025-01-18 03:15:00,3738.86,-32.0,TRADE
VIC1,2025-01-18 03:20:00,3729.16,-32.0,TRADE
VIC1,2025-01-18 03:25:00,3734.87,-32.0,TRADE
VIC1,2025-01-18 03:30:00,3721.99,-32.0,TRADE
VIC1,2025-01-18 03:35:00,3693.14,-33.5,TRADE
VIC1,2025-01-18 03:40:00,3759.98,-32.0,TRADE
VIC1,2025-01-18 03:45:00,3759.58,-32.0,TRADE
VIC1,2025-01-18 03:50:00,3747.7,-32.0,TRADE
VIC1,2025-01-18 03:55:00,3747.24,-32.0,TRADE
VIC1,2025-01-18 04:00:00,3742.81,-32.0,TRADE
VIC1,2025-01-18 04:05:00,3766.22,-32.0,TRADE
VIC1,2025-01-18 04:10:00,3730.09,-32.0,TRADE
VIC1,2025-01-18 04:15:00,3709.11,-32.0,TRADE
VIC1,2025-01-18 04:20:00,3822.94,-26.73,TRADE
VIC1,2025-01-18 04:25:00,3807.32,-26.73,TRADE
VIC1,2025-01-18 04:30:00,3758.13,-26.73,TRADE
VIC1,2025-01-18 04:35:00,3780.52,-26.73,TRADE
VIC1,2025-01-18 04:40:00,3801.83,-21.57,TRADE
VIC1,2025-01-18 04:45:00,3807.32,-21.0,TRADE
VIC1,2025-01-18 04:50:00,3861.92,-20.43,TRADE
VIC1,2025-01-18 04:55:00,3803.45,-20.34,TRADE
VIC1,2025-01-18 05:00:00,3825.63,-20.0,TRADE
VIC1,2025-01-18 05:05:00,3873.9,-7.51,TRADE
VIC1,2025-01-18 05:10:00,3941.46,-7.51,TRADE
VIC1,2025-01-18 05:15:00,3919.23,-7.51,TRADE
VIC1,2025-01-18 05:20:00,3953.0,-7.51,TRADE
VIC1,2025-01-18 05:25:00,3936.77,-7.51,TRADE
VIC1,2025-01-18 05:30:00,3879.17,-7.51,TRADE
VIC1,2025-01-18 05:35:00,3960.22,-7.51,TRADE
VIC1,2025-01-18 05:40:00,3925.52,-7.51,TRADE
VIC1,2025-01-18 05:45:00,3921.4,-7.51,TRADE
VIC1,2025-01-18 05:50:00,3978.76,0.0,TRADE
VIC1,2025-01-18 05:55:00,3960.27,0.0,TRADE
VIC1,2025-01-18 06:00:00,3909.84,0.0,TRADE
VIC1,2025-01-18 06:05:00,3950.58,-7.51,TRADE
VIC1,2025-01-18 06:10:00,3936.42,-7.51,TRADE
VIC1,2025-01-18 06:15:00,3922.25,-19.99,TRADE
VIC1,2025-01-18 06:20:00,3867.22,-21.0,TRADE
VIC1,2025-01-18 06:25:00,3818.83,-21.89,TRADE
VIC1,2025-01-18 06:30:00,3904.81,-29.0,TRADE
VIC1,2025-01-18 06:35:00,3879.67,-31.09,TRADE
VIC1,2025-01-18 06:40:00,3807.95,-32.6,TRADE
VIC1,2025-01-18 06:45:00,3840.84,-33.84,TRADE
VIC1,2025-01-18 06:50:00,3814.15,-34.46,TRADE
VIC1,2025-01-18 06:55:00,3781.3,-34.93,TRADE
VIC1,2025-01-18 07:00:00,3753.7,-38.31,TRADE
VIC1,2025-01-18 07:05:00,3691.84,-38.31,TRADE
VIC1,2025-01-18 07:10:00,3590.35,-44.0,TRADE
VIC1,2025-01-18 07:15:00,3572.13,-44.0,TRADE
VIC1,2025-01-18 07:20:00,3528.15,-50.01,TRADE
VIC1,2025-01-18 07:25:00,3567.13,-38.31,TRADE
VIC1,2025-01-18 07:30:00,3547.85,-34.46,TRADE
VIC1,2025-01-18 07:35:00,3442.63,-34.67,TRADE
VIC1,2025-01-18 07:40:00,3423.95,-34.67,TRADE
VIC1,2025-01-18 07:45:00,3386.96,-38.31,TRADE
VIC1,2025-01-18 07:50:00,3391.84,-44.0,TRADE
VIC1,2025-01-18 07:55:00,3271.85,-44.0,TRADE
VIC1,2025-01-18 08:00:00,3262.55,-34.67,TRADE
VIC1,2025-01-18 08:05:00,3278.93,-40.47,TRADE
VIC1,2025-01-18 08:10:00,3292.1,-38.69,TRADE
VIC1,2025-01-18 08:15:00,3158.24,-44.0,TRADE
VIC1,2025-01-18 08:20:00,3196.37,-33.5,TRADE
VIC1,2025-01-18 08:25:00,3113.87,-44.0,TRADE
VIC1,2025-01-18 08:30:00,3061.7,-34.67,TRADE
VIC1,2025-01-18 08:35:00,3010.4,-34.67,TRADE
VIC1,2025-01-18 08:40:00,2963.11,-34.67,TRADE
VIC1,2025-01-18 08:45:00,2949.12,-34.67,TRADE
VIC1,2025-01-18 08:50:00,2982.58,-34.67,TRADE
VIC1,2025-01-18 08:55:00,2933.75,-34.26,TRADE
VIC1,2025-01-18 09:00:00,2822.98,-37.91,TRADE
VIC1,2025-01-18 09:05:00,2842.74,-34.67,TRADE
VIC1,2025-01-18 09:10:00,2800.83,-33.5,TRADE
VIC1,2025-01-18 09:15:00,2760.12,-33.5,TRADE
VIC1,2025-01-18 09:20:00,2652.66,-34.67,TRADE
VIC1,2025-01-18 09:25:00,2613.56,-34.67,TRADE
VIC1,2025-01-18 09:30:00,2601.14,-34.71,TRADE
VIC1,2025-01-18 09:35:00,2570.21,-35.57,TRADE
VIC1,2025-01-18 09:40:00,2523.1,-35.23,TRADE
VIC1,2025-01-18 09:45:00,2563.43,-34.67,TRADE
VIC1,2025-01-18 09:50:00,2528.08,-34.67,TRADE
VIC1,2025-01-18 09:55:00,2497.7,-35.11,TRADE
VIC1,2025-01-18 10:00:00,2467.73,-35.55,TRADE
VIC1,2025-01-18 10:05:00,2435.45,-35.44,TRADE
VIC1,2025-01-18 10:10:00,2432.71,-34.44,TRADE
VIC1,2025-01-18 10:15:00,2340.13,-34.67,TRADE
VIC1,2025-01-18 10:20:00,2331.57,-33.05,TRADE
VIC1,2025-01-18 10:25:00,2368.42,-33.28,TRADE
VIC1,2025-01-18 10:30:00,2377.19,-35.28,TRADE
VIC1,2025-01-18 10:35:00,2340.87,-32.91,TRADE
VIC1,2025-01-18 10:40:00,2346.44,-31.09,TRADE
VIC1,2025-01-18 10:45:00,2310.77,-44.0,TRADE
VIC1,2025-01-18 10:50:00,2347.46,-50.01,TRADE
VIC1,2025-01-18 10:55:00,2277.71,-44.0,TRADE
VIC1,2025-01-18 11:00:00,2255.43,-44.0,TRADE
VIC1,2025-01-18 11:05:00,2361.27,-44.0,TRADE
VIC1,2025-01-18 11:10:00,2295.0,-44.0,TRADE
VIC1,2025-01-18 11:15:00,2273.3,-32.46,TRADE
VIC1,2025-01-18 11:20:00,2299.73,-45.05,TRADE
VIC1,2025-01-18 11:25:00,2310.63,-45.05,TRADE
VIC1,2025-01-18 11:30:00,2229.66,-50.01,TRADE
VIC1,2025-01-18 11:35:00,2281.79,-44.0,TRADE
VIC1,2025-01-18 11:40:00,2296.27,-34.7,TRADE
VIC1,2025-01-18 11:45:00,2207.83,-31.09,TRADE
VIC1,2025-01-18 11:50:00,2195.1,-45.05,TRADE
VIC1,2025-01-18 11:55:00,2251.64,-45.05,TRADE
VIC1,2025-01-18 12:00:00,2280.44,-44.0,TRADE
VIC1,2025-01-18 12:05:00,2219.02,-45.05,TRADE
VIC1,2025-01-18 12:10:00,2275.96,-44.0,TRADE
VIC1,2025-01-18 12:15:00,2295.58,-44.0,TRADE
VIC1,2025-01-18 12:20:00,2289.51,-45.05,TRADE
VIC1,2025-01-18 12:25:00,2302.72,-44.0,TRADE
VIC1,2025-01-18 12:30:00,2218.2,-44.0,TRADE
VIC1,2025-01-18 12:35:00,2301.36,-29.12,TRADE
VIC1,2025-01-18 12:40:00,2289.13,-44.0,TRADE
VIC1,2025-01-18 12:45:00,2312.16,-45.05,TRADE
VIC1,2025-01-18 12:50:00,2348.96,-45.05,TRADE
VIC1,2025-01-18 12:55:00,2372.78,-44.0,TRADE
VIC1,2025-01-18 13:00:00,2362.14,-31.09,TRADE
VIC1,2025-01-18 13:05:00,2330.7,-44.0,TRADE
VIC1,2025-01-18 13:10:00,2347.49,-44.0,TRADE
VIC1,2025-01-18 13:15:00,2425.36,-29.43,TRADE
VIC1,2025-01-18 13:20:00,2378.16,-39.25,TRADE
VIC1,2025-01-18 13:25:00,2417.22,-29.63,TRADE
VIC1,2025-01-18 13:30:00,2455.43,-29.39,TRADE
VIC1,2025-01-18 13:35:00,2470.04,-31.09,TRADE
VIC1,2025-01-18 13:40:00,2486.48,-30.3,TRADE
VIC1,2025-01-18 13:45:00,2454.15,-29.8,TRADE
VIC1,2025-01-18 13:50:00,2547.75,-30.19,TRADE
VIC1,2025-01-18 13:55:00,2537.05,-29.8,TRADE
VIC1,2025-01-18 14:00:00,2566.16,-30.0,TRADE
VIC1,2025-01-18 14:05:00,2622.51,-30.24,TRADE
VIC1,2025-01-18 14:10:00,2688.83,-29.61,TRADE
VIC1,2025-01-18 14:15:00,2633.75,-28.99,TRADE
VIC1,2025-01-18 14:20:00,2727.92,-29.13,TRADE
VIC1,2025-01-18 14:25:00,2751.66,-28.59,TRADE
VIC1,2025-01-18 14:30:00,2674.69,-29.95,TRADE
VIC1,2025-01-18 14:35:00,2717.04,-29.68,TRADE
VIC1,2025-01-18 14:40:00,2824.54,-29.73,TRADE
VIC1,2025-01-18 14:45:00,2906.65,-29.07,TRADE
VIC1,2025-01-18 14:50:00,2900.03,-29.35,TRADE
VIC1,2025-01-18 14:55:00,3036.74,-26.79,TRADE
VIC1,2025-01-18 15:00:00,3081.19,-27.94,TRADE
VIC1,2025-01-18 15:05:00,3091.6,-25.27,TRADE
VIC1,2025-01-18 15:10:00,3220.92,-22.58,TRADE
VIC1,2025-01-18 15:15:00,3295.07,-23.13,TRADE
VIC1,2025-01-18 15:20:00,3334.79,-23.17,TRADE
VIC1,2025-01-18 15:25:00,3405.87,-16.64,TRADE
VIC1,2025-01-18 15:30:00,3450.07,-2.33,TRADE
VIC1,2025-01-18 15:35:00,3484.43,-16.9,TRADE
VIC1,2025-01-18 15:40:00,3570.85,-23.46,TRADE
VIC1,2025-01-18 15:45:00,3721.86,-24.24,TRADE
VIC1,2025-01-18 15:50:00,3754.34,33.0,TRADE
VIC1,2025-01-18 15:55:00,3831.24,8.95,TRADE
VIC1,2025-01-18 16:00:00,3914.97,91.0,TRADE
VIC1,2025-01-18 16:05:00,4034.61,-16.18,TRADE
VIC1,2025-01-18 16:10:00,4054.23,-11.52,TRADE
VIC1,2025-01-18 16:15:00,4125.23,8.17,TRADE
VIC1,2025-01-18 16:20:00,4168.39,0.0,TRADE
VIC1,2025-01-18 16:25:00,4259.21,-19.99,TRADE
VIC1,2025-01-18 16:30:00,4349.87,-10.06,TRADE
VIC1,2025-01-18 16:35:00,4422.79,-20.0,TRADE
VIC1,2025-01-18 16:40:00,4500.31,-2.5,TRADE
VIC1,2025-01-18 16:45:00,4671.09,13.27,TRADE
VIC1,2025-01-18 16:50:00,4664.16,20.04,TRADE
VIC1,2025-01-18 16:55:00,4703.51,8.95,TRADE
VIC1,2025-01-18 17:00:00,4810.23,33.0,TRADE
VIC1,2025-01-18 17:05:00,4961.36,9.09,TRADE
VIC1,2025-01-18 17:10:00,4985.03,9.02,TRADE
VIC1,2025-01-18 17:15:00,5072.57,9.02,TRADE
VIC1,2025-01-18 17:20:00,5145.85,14.42,TRADE
VIC1,2025-01-18 17:25:00,5147.99,13.01,TRADE
VIC1,2025-01-18 17:30:00,5211.08,9.2,TRADE
VIC1,2025-01-18 17:35:00,5360.36,8.95,TRADE
VIC1,2025-01-18 17:40:00,5424.6,20.04,TRADE
VIC1,2025-01-18 17:45:00,5449.22,8.95,TRADE
VIC1,2025-01-18 17:50:00,5555.15,12.14,TRADE
VIC1,2025-01-18 17:55:00,5604.11,82.25,TRADE
VIC1,2025-01-18 18:00:00,5612.91,83.74,TRADE
VIC1,2025-01-18 18:05:00,5624.48,12.33,TRADE
VIC1,2025-01-18 18:10:00,5704.39,39.88,TRADE
VIC1,2025-01-18 18:15:00,5705.5,21.93,TRADE
VIC1,2025-01-18 18:20:00,5776.28,110.27,TRADE
VIC1,2025-01-18 18:25:00,5813.49,109.63,TRADE
VIC1,2025-01-18 18:30:00,5801.52,111.88,TRADE
VIC1,2025-01-18 18:35:00,5791.89,112.16,TRADE
VIC1,2025-01-18 18:40:00,5822.65,116.39,TRADE
VIC1,2025-01-18 18:45:00,5803.54,123.68,TRADE
VIC1,2025-01-18 18:50:00,5853.97,103.22,TRADE
VIC1,2025-01-18 18:55:00,5837.32,109.54,TRADE
VIC1,2025-01-18 19:00:00,5838.25,118.11,TRADE
VIC1,2025-01-18 19:05:00,5820.57,118.79,TRADE
VIC1,2025-01-18 19:10:00,5836.15,120.18,TRADE
VIC1,2025-01-18 19:15:00,5793.01,111.9,TRADE
VIC1,2025-01-18 19:20:00,5824.43,118.58,TRADE
VIC1,2025-01-18 19:25:00,5832.73,113.88,TRADE
VIC1,2025-01-18 19:30:00,5696.94,112.74,TRADE
VIC1,2025-01-18 19:35:00,5737.55,85.31,TRADE
VIC1,2025-01-18 19:40:00,5755.47,115.04,TRADE
VIC1,2025-01-18 19:45:00,5727.31,114.75,TRADE
VIC1,2025-01-18 19:50:00,5608.39,111.34,TRADE
VIC1,2025-01-18 19:55:00,5558.65,112.74,TRADE
VIC1,2025-01-18 20:00:00,5477.03,97.86,TRADE
VIC1,2025-01-18 20:05:00,5477.86,73.8,TRADE
VIC1,2025-01-18 20:10:00,5475.34,65.8,TRADE
VIC1,2025-01-18 20:15:00,5440.53,65.8,TRADE
VIC1,2025-01-18 20:20:00,5398.87,22.39,TRADE
VIC1,2025-01-18 20:25:00,5359.78,112.18,TRADE
VIC1,2025-01-18 20:30:00,5360.03,109.85,TRADE
VIC1,2025-01-18 20:35:00,5325.55,108.98,TRADE
VIC1,2025-01-18 20:40:00,5295.1,83.61,TRADE
VIC1,2025-01-18 20:45:00,5243.96,78.91,TRADE
VIC1,2025-01-18 20:50:00,5231.26,82.22,TRADE
VIC1,2025-01-18 20:55:00,5190.57,64.91,TRADE
VIC1,2025-01-18 21:00:00,5134.16,64.4,TRADE
VIC1,2025-01-18 21:05:00,5042.19,59.35,TRADE
VIC1,2025-01-18 21:10:00,5052.4,80.31,TRADE
VIC1,2025-01-18 21:15:00,5060.78,79.52,TRADE
VIC1,2025-01-18 21:20:00,5043.87,62.79,TRADE
VIC1,2025-01-18 21:25:00,5006.15,62.02,TRADE
VIC1,2025-01-18 21:30:00,5006.3,59.09,TRADE
VIC1,2025-01-18 21:35:00,4971.25,80.05,TRADE
VIC1,2025-01-18 21:40:00,4940.73,80.12,TRADE
VIC1,2025-01-18 21:45:00,4833.35,36.33,TRADE
VIC1,2025-01-18 21:50:00,4783.31,56.71,TRADE
VIC1,2025-01-18 21:55:00,4814.3,56.59,TRADE
VIC1,2025-01-18 22:00:00,4717.93,55.26,TRADE
VIC1,2025-01-18 22:05:00,4759.37,56.46,TRADE
VIC1,2025-01-18 22:10:00,4725.18,72.74,TRADE
VIC1,2025-01-18 22:15:00,4733.96,56.45,TRADE
VIC1,2025-01-18 22:20:00,4684.89,56.89,TRADE
VIC1,2025-01-18 22:25:00,4691.41,86.69,TRADE
VIC1,2025-01-18 22:30:00,4603.4,56.74,TRADE
VIC1,2025-01-18 22:35:00,4577.36,57.16,TRADE
VIC1,2025-01-18 22:40:00,4664.06,82.11,TRADE
VIC1,2025-01-18 22:45:00,4608.85,58.49,TRADE
VIC1,2025-01-18 22:50:00,4547.1,57.4,TRADE
VIC1,2025-01-18 22:55:00,4607.7,58.3,TRADE
VIC1,2025-01-18 23:00:00,4568.86,36.26,TRADE
VIC1,2025-01-18 23:05:00,4597.7,56.97,TRADE
VIC1,2025-01-18 23:10:00,4688.71,57.29,TRADE
VIC1,2025-01-18 23:15:00,4668.87,76.46,TRADE
VIC1,2025-01-18 23:20:00,4645.43,56.49,TRADE
VIC1,2025-01-18 23:25:00,4763.55,77.02,TRADE
VIC1,2025-01-18 23:30:00,4739.55,67.9,TRADE
VIC1,2025-01-18 23:35:00,4708.78,76.48,TRADE
VIC1,2025-01-18 23:40:00,4660.47,76.76,TRADE
VIC1,2025-01-18 23:45:00,4642.47,77.23,TRADE
VIC1,2025-01-18 23:50:00,4623.03,77.21,TRADE
VIC1,2025-01-18 23:55:00,4582.2,76.53,TRADE
VIC1,2025-01-19 00:00:00,4455.72,56.43,TRADE
VIC1,2025-01-19 00:05:00,4589.1,78.32,TRADE
VIC1,2025-01-19 00:10:00,4510.95,77.09,TRADE
VIC1,2025-01-19 00:15:00,4483.19,77.69,TRADE
VIC1,2025-01-19 00:20:00,4412.89,76.36,TRADE
VIC1,2025-01-19 00:25:00,4420.29,77.84,TRADE
VIC1,2025-01-19 00:30:00,4382.72,77.7,TRADE
VIC1,2025-01-19 00:35:00,4379.15,77.61,TRADE
VIC1,2025-01-19 00:40:00,4282.41,76.41,TRADE
VIC1,2025-01-19 00:45:00,4249.72,77.7,TRADE
VIC1,2025-01-19 00:50:00,4202.86,71.51,TRADE
VIC1,2025-01-19 00:55:00,4262.69,79.54,TRADE
VIC1,2025-01-19 01:00:00,4232.42,74.09,TRADE
VIC1,2025-01-19 01:05:00,4209.18,77.41,TRADE
VIC1,2025-01-19 01:10:00,4223.95,79.29,TRADE
VIC1,2025-01-19 01:15:00,4199.53,73.91,TRADE
VIC1,2025-01-19 01:20:00,4177.94,74.74,TRADE
VIC1,2025-01-19 01:25:00,4129.66,72.81,TRADE
VIC1,2025-01-19 01:30:00,4156.12,75.29,TRADE
VIC1,2025-01-19 01:35:00,4076.51,77.84,TRADE
VIC1,2025-01-19 01:40:00,4031.38,73.73,TRADE
VIC1,2025-01-19 01:45:00,4030.36,72.62,TRADE
VIC1,2025-01-19 01:50:00,4007.33,68.65,TRADE
VIC1,2025-01-19 01:55:00,4046.87,70.04,TRADE
VIC1,2025-01-19 02:00:00,4043.95,70.81,TRADE
VIC1,2025-01-19 02:05:00,3974.08,57.3,TRADE
VIC1,2025-01-19 02:10:00,4011.98,70.02,TRADE
VIC1,2025-01-19 02:15:00,4026.29,68.47,TRADE
VIC1,2025-01-19 02:20:00,4026.82,66.84,TRADE
VIC1,2025-01-19 02:25:00,3993.94,55.95,TRADE
VIC1,2025-01-19 02:30:00,3914.13,48.76,TRADE
VIC1,2025-01-19 02:35:00,3937.82,54.12,TRADE
VIC1,2025-01-19 02:40:00,3967.88,53.67,TRADE
VIC1,2025-01-19 02:45:00,3897.2,53.28,TRADE
VIC1,2025-01-19 02:50:00,3884.65,46.94,TRADE
VIC1,2025-01-19 02:55:00,3945.78,53.24,TRADE
VIC1,2025-01-19 03:00:00,3902.62,37.55,TRADE
VIC1,2025-01-19 03:05:00,3929.77,52.75,TRADE
VIC1,2025-01-19 03:10:00,3930.28,52.71,TRADE
VIC1,2025-01-19 03:15:00,3858.51,52.27,TRADE
VIC1,2025-01-19 03:20:00,3854.12,52.68,TRADE
VIC1,2025-01-19 03:25:00,3904.65,53.58,TRADE
VIC1,2025-01-19 03:30:00,3931.0,54.38,TRADE
VIC1,2025-01-19 03:35:00,3890.03,54.4,TRADE
VIC1,2025-01-19 03:40:00,3946.89,54.77,TRADE
VIC1,2025-01-19 03:45:00,3897.11,55.26,TRADE
VIC1,2025-01-19 03:50:00,3921.52,55.19,TRADE
VIC1,2025-01-19 03:55:00,3896.36,55.62,TRADE
VIC1,2025-01-19 04:00:00,3886.6,67.69,TRADE
VIC1,2025-01-19 04:05:00,3953.34,73.45,TRADE
VIC1,2025-01-19 04:10:00,3899.91,72.86,TRADE
VIC1,2025-01-19 04:15:00,3931.71,75.22,TRADE
VIC1,2025-01-19 04:20:00,3983.54,75.93,TRADE
VIC1,2025-01-19 04:25:00,3930.51,75.26,TRADE
VIC1,2025-01-19 04:30:00,3984.08,75.15,TRADE
VIC1,2025-01-19 04:35:00,3954.71,75.8,TRADE
VIC1,2025-01-19 04:40:00,3920.23,72.08,TRADE
VIC1,2025-01-19 04:45:00,3923.01,75.85,TRADE
VIC1,2025-01-19 04:50:00,3827.98,74.65,TRADE
VIC1,2025-01-19 04:55:00,3824.15,74.69,TRADE
VIC1,2025-01-19 05:00:00,3826.89,75.19,TRADE
VIC1,2025-01-19 05:05:00,3899.25,75.73,TRADE
VIC1,2025-01-19 05:10:00,3901.26,74.68,TRADE
VIC1,2025-01-19 05:15:00,3846.61,68.45,TRADE
VIC1,2025-01-19 05:20:00,3903.18,63.64,TRADE
VIC1,2025-01-19 05:25:00,3887.81,53.0,TRADE
VIC1,2025-01-19 05:30:00,3883.35,52.16,TRADE
VIC1,2025-01-19 05:35:00,3863.37,51.35,TRADE
VIC1,2025-01-19 05:40:00,3870.6,51.38,TRADE
VIC1,2025-01-19 05:45:00,3800.73,48.03,TRADE
VIC1,2025-01-19 05:50:00,3892.98,45.2,TRADE
VIC1,2025-01-19 05:55:00,3891.63,36.02,TRADE
VIC1,2025-01-19 06:00:00,3906.78,12.0,TRADE
VIC1,2025-01-19 06:05:00,3838.54,27.42,TRADE
VIC1,2025-01-19 06:10:00,3900.66,27.48,TRADE
VIC1,2025-01-19 06:15:00,3885.98,25.04,TRADE
VIC1,2025-01-19 06:20:00,3887.44,-13.04,TRADE
VIC1,2025-01-19 06:25:00,3789.51,-20.86,TRADE
VIC1,2025-01-19 06:30:00,3703.83,-28.54,TRADE
VIC1,2025-01-19 06:35:00,3759.53,-30.76,TRADE
VIC1,2025-01-19 06:40:00,3752.64,-30.42,TRADE
VIC1,2025-01-19 06:45:00,3672.23,-32.1,TRADE
VIC1,2025-01-19 06:50:00,3748.68,-32.81,TRADE
VIC1,2025-01-19 06:55:00,3668.87,-33.09,TRADE
VIC1,2025-01-19 07:00:00,3662.91,-32.0,TRADE
VIC1,2025-01-19 07:05:00,3549.32,-33.35,TRADE
VIC1,2025-01-19 07:10:00,3541.39,-32.36,TRADE
VIC1,2025-01-19 07:15:00,3568.59,-32.06,TRADE
VIC1,2025-01-19 07:20:00,3546.6,-31.7,TRADE
VIC1,2025-01-19 07:25:00,3542.56,-32.59,TRADE
VIC1,2025-01-19 07:30:00,3433.38,-33.93,TRADE
VIC1,2025-01-19 07:35:00,3481.23,-33.97,TRADE
VIC1,2025-01-19 07:40:00,3465.71,-33.39,TRADE
VIC1,2025-01-19 07:45:00,3437.71,-33.31,TRADE
VIC1,2025-01-19 07:50:00,3310.01,-35.03,TRADE
VIC1,2025-01-19 07:55:00,3267.65,-36.78,TRADE
VIC1,2025-01-19 08:00:00,3265.1,-34.77,TRADE
VIC1,2025-01-19 08:05:00,3258.78,-34.72,TRADE
VIC1,2025-01-19 08:10:00,3249.98,-33.43,TRADE
VIC1,2025-01-19 08:15:00,3232.04,-32.59,TRADE
VIC1,2025-01-19 08:20:00,3234.88,-32.52,TRADE
VIC1,2025-01-19 08:25:00,3119.29,-33.15,TRADE
VIC1,2025-01-19 08:30:00,3070.71,-29.7,TRADE
VIC1,2025-01-19 08:35:00,3075.55,-31.85,TRADE
VIC1,2025-01-19 08:40:00,3075.6,-33.57,TRADE
VIC1,2025-01-19 08:45:00,3047.65,-33.49,TRADE
VIC1,2025-01-19 08:50:00,3023.45,-33.36,TRADE
VIC1,2025-01-19 08:55:00,2915.57,-35.23,TRADE
VIC1,2025-01-19 09:00:00,2930.73,-34.74,TRADE
VIC1,2025-01-19 09:05:00,2983.75,-35.66,TRADE
VIC1,2025-01-19 09:10:00,3027.17,-33.17,TRADE
VIC1,2025-01-19 09:15:00,2997.68,-34.67,TRADE
VIC1,2025-01-19 09:20:00,2925.63,-39.38,TRADE
VIC1,2025-01-19 09:25:00,2988.85,-38.31,TRADE
VIC1,2025-01-19 09:30:00,2983.16,-38.56,TRADE
VIC1,2025-01-19 09:35:00,2955.84,-39.13,TRADE
VIC1,2025-01-19 09:40:00,2912.82,-38.86,TRADE
VIC1,2025-01-19 09:45:00,2870.63,-36.35,TRADE
VIC1,2025-01-19 09:50:00,2855.59,-37.48,TRADE
VIC1,2025-01-19 09:55:00,2882.26,-38.75,TRADE
VIC1,2025-01-19 10:00:00,2913.47,-36.83,TRADE
VIC1,2025-01-19 10:05:00,2944.03,-37.31,TRADE
VIC1,2025-01-19 10:10:00,2963.29,-36.71,TRADE
VIC1,2025-01-19 10:15:00,2953.18,-37.59,TRADE
VIC1,2025-01-19 10:20:00,2926.46,-39.78,TRADE
VIC1,2025-01-19 10:25:00,2996.7,-37.42,TRADE
VIC1,2025-01-19 10:30:00,2962.29,-38.31,TRADE
VIC1,2025-01-19 10:35:00,2958.79,-39.35,TRADE
VIC1,2025-01-19 10:40:00,3010.08,-40.48,TRADE
VIC1,2025-01-19 10:45:00,3099.37,-40.59,TRADE
VIC1,2025-01-19 10:50:00,3114.77,-40.04,TRADE
VIC1,2025-01-19 10:55:00,3107.0,-40.08,TRADE
VIC1,2025-01-19 11:00:00,3128.34,-38.94,TRADE
VIC1,2025-01-19 11:05:00,3135.44,-39.84,TRADE
VIC1,2025-01-19 11:10:00,3188.42,-41.03,TRADE
VIC1,2025-01-19 11:15:00,3202.86,-41.6,TRADE
VIC1,2025-01-19 11:20:00,3179.4,-42.24,TRADE
VIC1,2025-01-19 11:25:00,3196.13,-42.94,TRADE
VIC1,2025-01-19 11:30:00,3213.75,-42.6,TRADE
VIC1,2025-01-19 11:35:00,3321.6,-45.22,TRADE
VIC1,2025-01-19 11:40:00,3323.47,-43.13,TRADE
VIC1,2025-01-19 11:45:00,3338.42,-44.0,TRADE
VIC1,2025-01-19 11:50:00,3363.98,-39.49,TRADE
VIC1,2025-01-19 11:55:00,3422.8,-31.09,TRADE
VIC1,2025-01-19 12:00:00,3425.58,-31.09,TRADE
VIC1,2025-01-19 12:05:00,3485.43,31.51,TRADE
VIC1,2025-01-19 12:10:00,3387.69,8.95,TRADE
VIC1,2025-01-19 12:15:00,3469.05,9.1,TRADE
VIC1,2025-01-19 12:20:00,3409.44,-18.08,TRADE
VIC1,2025-01-19 12:25:00,3444.32,9.1,TRADE
VIC1,2025-01-19 12:30:00,3560.8,9.1,TRADE
VIC1,2025-01-19 12:35:00,3618.84,9.1,TRADE
VIC1,2025-01-19 12:40:00,3676.53,9.1,TRADE
VIC1,2025-01-19 12:45:00,3725.38,83.66,TRADE
VIC1,2025-01-19 12:50:00,3712.16,33.0,TRADE
VIC1,2025-01-19 12:55:00,3759.59,33.0,TRADE
VIC1,2025-01-19 13:00:00,3726.14,8.95,TRADE
VIC1,2025-01-19 13:05:00,3747.54,8.95,TRADE
VIC1,2025-01-19 13:10:00,3790.62,8.95,TRADE
VIC1,2025-01-19 13:15:00,3857.54,8.95,TRADE
VIC1,2025-01-19 13:20:00,3833.8,-16.08,TRADE
VIC1,2025-01-19 13:25:00,3951.08,8.95,TRADE
VIC1,2025-01-19 13:30:00,4028.49,9.0,TRADE
VIC1,2025-01-19 13:35:00,4110.38,8.95,TRADE
VIC1,2025-01-19 13:40:00,4145.95,9.0,TRADE
VIC1,2025-01-19 13:45:00,4145.9,8.95,TRADE
VIC1,2025-01-19 13:50:00,4314.21,9.0,TRADE
VIC1,2025-01-19 13:55:00,4370.16,9.0,TRADE
VIC1,2025-01-19 14:00:00,4527.27,83.66,TRADE
VIC1,2025-01-19 14:05:00,4536.63,9.0,TRADE
VIC1,2025-01-19 14:10:00,4679.76,26.57,TRADE
VIC1,2025-01-19 14:15:00,4744.41,9.0,TRADE
VIC1,2025-01-19 14:20:00,4775.85,9.0,TRADE
VIC1,2025-01-19 14:25:00,4884.64,12.01,TRADE
VIC1,2025-01-19 14:30:00,4880.16,45.89,TRADE
VIC1,2025-01-19 14:35:00,4847.48,47.71,TRADE
VIC1,2025-01-19 14:40:00,4984.86,33.61,TRADE
VIC1,2025-01-19 14:45:00,5063.99,113.32,TRADE
VIC1,2025-01-19 14:50:00,5136.09,114.19,TRADE
VIC1,2025-01-19 14:55:00,5238.54,166.33,TRADE
VIC1,2025-01-19 15:00:00,5236.93,113.9,TRADE
VIC1,2025-01-19 15:05:00,5312.55,104.38,TRADE
VIC1,2025-01-19 15:10:00,5448.17,117.12,TRADE
VIC1,2025-01-19 15:15:00,5464.58,168.44,TRADE
VIC1,2025-01-19 15:20:00,5596.56,120.22,TRADE
VIC1,2025-01-19 15:25:00,5651.37,130.84,TRADE
VIC1,2025-01-19 15:30:00,5566.33,134.46,TRADE
VIC1,2025-01-19 15:35:00,5586.69,130.33,TRADE
VIC1,2025-01-19 15:40:00,5599.4,130.59,TRADE
VIC1,2025-01-19 15:45:00,5584.06,131.44,TRADE
VIC1,2025-01-19 15:50:00,5663.02,162.57,TRADE
VIC1,2025-01-19 15:55:00,5600.53,119.59,TRADE
VIC1,2025-01-19 16:00:00,5701.24,137.66,TRADE
VIC1,2025-01-19 16:05:00,5768.19,118.98,TRADE
VIC1,2025-01-19 16:10:00,5772.42,117.11,TRADE
VIC1,2025-01-19 16:15:00,5937.18,174.05,TRADE
VIC1,2025-01-19 16:20:00,6007.57,184.56,TRADE
VIC1,2025-01-19 16:25:00,6069.23,214.52,TRADE
VIC1,2025-01-19 16:30:00,6130.8,203.02,TRADE
VIC1,2025-01-19 16:35:00,6131.68,178.1,TRADE
VIC1,2025-01-19 16:40:00,6257.63,178.24,TRADE
VIC1,2025-01-19 16:45:00,6453.8,180.01,TRADE
VIC1,2025-01-19 16:50:00,6594.68,190.28,TRADE
VIC1,2025-01-19 16:55:00,6697.31,164.23,TRADE
VIC1,2025-01-19 17:00:00,6708.6,123.14,TRADE
VIC1,2025-01-19 17:05:00,6720.09,122.91,TRADE
VIC1,2025-01-19 17:10:00,6689.47,31.6,TRADE
VIC1,2025-01-19 17:15:00,6853.93,114.23,TRADE
VIC1,2025-01-19 17:20:00,6853.21,118.12,TRADE
VIC1,2025-01-19 17:25:00,6848.86,100.01,TRADE
VIC1,2025-01-19 17:30:00,6908.49,118.12,TRADE
VIC1,2025-01-19 17:35:00,6968.66,9.0,TRADE
VIC1,2025-01-19 17:40:00,6980.26,67.11,TRADE
VIC1,2025-01-19 17:45:00,6946.71,105.72,TRADE
VIC1,2025-01-19 17:50:00,7072.23,107.1,TRADE
VIC1,2025-01-19 17:55:00,7053.88,106.55,TRADE
VIC1,2025-01-19 18:00:00,7004.03,106.27,TRADE
VIC1,2025-01-19 18:05:00,7016.13,107.37,TRADE
VIC1,2025-01-19 18:10:00,7153.42,118.4,TRADE
VIC1,2025-01-19 18:15:00,7123.27,129.02,TRADE
VIC1,2025-01-19 18:20:00,7050.98,160.0,TRADE
VIC1,2025-01-19 18:25:00,7167.97,157.29,TRADE
VIC1,2025-01-19 18:30:00,7123.1,223.37,TRADE
VIC1,2025-01-19 18:35:00,7129.25,223.41,TRADE
VIC1,2025-01-19 18:40:00,7096.33,224.65,TRADE
VIC1,2025-01-19 18:45:00,7043.95,217.22,TRADE
VIC1,2025-01-19 18:50:00,7051.48,240.0,TRADE
VIC1,2025-01-19 18:55:00,7003.78,160.0,TRADE
VIC1,2025-01-19 19:00:00,6975.27,145.63,TRADE
VIC1,2025-01-19 19:05:00,7029.11,308.56,TRADE
VIC1,2025-01-19 19:10:00,7044.03,247.3,TRADE
VIC1,2025-01-19 19:15:00,6985.19,192.49,TRADE
VIC1,2025-01-19 19:20:00,6969.91,200.65,TRADE
VIC1,2025-01-19 19:25:00,6965.3,219.63,TRADE
VIC1,2025-01-19 19:30:00,6918.64,200.1,TRADE
VIC1,2025-01-19 19:35:00,6837.0,151.03,TRADE
VIC1,2025-01-19 19:40:00,6854.25,151.11,TRADE
VIC1,2025-01-19 19:45:00,6725.91,127.51,TRADE
VIC1,2025-01-19 19:50:00,6667.0,127.84,TRADE
VIC1,2025-01-19 19:55:00,6697.87,143.59,TRADE
VIC1,2025-01-19 20:00:00,6642.13,128.55,TRADE
VIC1,2025-01-19 20:05:00,6641.57,147.17,TRADE
VIC1,2025-01-19 20:10:00,6604.75,147.03,TRADE
VIC1,2025-01-19 20:15:00,6582.4,157.39,TRADE
VIC1,2025-01-19 20:20:00,6543.49,125.97,TRADE
VIC1,2025-01-19 20:25:00,6436.67,99.0,TRADE
VIC1,2025-01-19 20:30:00,6400.85,96.51,TRADE
VIC1,2025-01-19 20:35:00,6327.84,158.04,TRADE
VIC1,2025-01-19 20:40:00,6261.24,160.9,TRADE
VIC1,2025-01-19 20:45:00,6276.63,180.96,TRADE
VIC1,2025-01-19 20:50:00,6279.66,180.96,TRADE
VIC1,2025-01-19 20:55:00,6126.94,125.08,TRADE
VIC1,2025-01-19 21:00:00,6133.88,132.72,TRADE
VIC1,2025-01-19 21:05:00,6067.76,157.2,TRADE
VIC1,2025-01-19 21:10:00,5978.07,141.2,TRADE
VIC1,2025-01-19 21:15:00,5888.93,124.82,TRADE
VIC1,2025-01-19 21:20:00,5747.79,103.09,TRADE
VIC1,2025-01-19 21:25:00,5792.17,118.89,TRADE
VIC1,2025-01-19 21:30:00,5751.85,99.0,TRADE
VIC1,2025-01-19 21:35:00,5623.23,132.72,TRADE
VIC1,2025-01-19 21:40:00,5618.65,125.17,TRADE
VIC1,2025-01-19 21:45:00,5544.6,103.31,TRADE
VIC1,2025-01-19 21:50:00,5516.45,123.44,TRADE
VIC1,2025-01-19 21:55:00,5478.75,123.03,TRADE
VIC1,2025-01-19 22:00:00,5307.35,99.0,TRADE
VIC1,2025-01-19 22:05:00,5371.71,99.82,TRADE
VIC1,2025-01-19 22:10:00,5325.91,101.21,TRADE
VIC1,2025-01-19 22:15:00,5288.95,99.0,TRADE
VIC1,2025-01-19 22:20:00,5318.81,99.0,TRADE
VIC1,2025-01-19 22:25:00,5259.21,99.0,TRADE
VIC1,2025-01-19 22:30:00,5205.28,99.0,TRADE
VIC1,2025-01-19 22:35:00,5081.96,99.0,TRADE
VIC1,2025-01-19 22:40:00,5055.64,96.17,TRADE
VIC1,2025-01-19 22:45:00,5081.44,103.83,TRADE
VIC1,2025-01-19 22:50:00,4965.09,103.31,TRADE
VIC1,2025-01-19 22:55:00,5006.74,101.31,TRADE
VIC1,2025-01-19 23:00:00,4966.71,100.01,TRADE
VIC1,2025-01-19 23:05:00,4947.53,100.01,TRADE
VIC1,2025-01-19 23:10:00,5127.61,103.22,TRADE
VIC1,2025-01-19 23:15:00,5109.67,100.98,TRADE
VIC1,2025-01-19 23:20:00,5097.37,101.11,TRADE
VIC1,2025-01-19 23:25:00,5026.39,100.27,TRADE
VIC1,2025-01-19 23:30:00,5083.57,101.45,TRADE
VIC1,2025-01-19 23:35:00,4992.36,100.71,TRADE
VIC1,2025-01-19 23:40:00,5030.63,102.99,TRADE
VIC1,2025-01-19 23:45:00,5011.89,111.07,TRADE
VIC1,2025-01-19 23:50:00,4901.55,100.01,TRADE
VIC1,2025-01-19 23:55:00,4936.47,108.6,TRADE
VIC1,2025-01-25 00:00:00,4676.11,116.7,TRADE
VIC1,2025-01-25 00:05:00,4684.14,123.07,TRADE
VIC1,2025-01-25 00:10:00,4640.23,122.76,TRADE
VIC1,2025-01-25 00:15:00,4522.45,112.23,TRADE
VIC1,2025-01-25 00:20:00,4510.74,112.76,TRADE
VIC1,2025-01-25 00:25:00,4524.33,115.51,TRADE
VIC1,2025-01-25 00:30:00,4484.36,118.01,TRADE
VIC1,2025-01-25 00:35:00,4443.84,116.7,TRADE
VIC1,2025-01-25 00:40:00,4459.62,116.71,TRADE
VIC1,2025-01-25 00:45:00,4442.19,117.99,TRADE
VIC1,2025-01-25 00:50:00,4438.05,116.03,TRADE
VIC1,2025-01-25 00:55:00,4367.39,112.76,TRADE
VIC1,2025-01-25 01:00:00,4328.74,99.91,TRADE
VIC1,2025-01-25 01:05:00,4360.46,116.76,TRADE
VIC1,2025-01-25 01:10:00,4344.86,113.04,TRADE
VIC1,2025-01-25 01:15:00,4312.17,111.4,TRADE
VIC1,2025-01-25 01:20:00,4291.91,99.2,TRADE
VIC1,2025-01-25 01:25:00,4230.26,92.04,TRADE
VIC1,2025-01-25 01:30:00,4198.24,88.9,TRADE
VIC1,2025-01-25 01:35:00,4165.73,90.0,TRADE
VIC1,2025-01-25 01:40:00,4046.04,80.49,TRADE
VIC1,2025-01-25 01:45:00,4000.2,79.46,TRADE
VIC1,2025-01-25 01:50:00,3970.32,79.66,TRADE
VIC1,2025-01-25 01:55:00,4037.43,80.09,TRADE
VIC1,2025-01-25 02:00:00,4061.46,87.45,TRADE
VIC1,2025-01-25 02:05:00,4005.8,77.93,TRADE
VIC1,2025-01-25 02:10:00,3993.02,81.64,TRADE
VIC1,2025-01-25 02:15:00,3983.29,78.59,TRADE
VIC1,2025-01-25 02:20:00,3982.82,78.54,TRADE
VIC1,2025-01-25 02:25:00,3887.49,78.02,TRADE
VIC1,2025-01-25 02:30:00,3917.07,77.23,TRADE
VIC1,2025-01-25 02:35:00,3951.33,76.69,TRADE
VIC1,2025-01-25 02:40:00,3934.47,76.02,TRADE
VIC1,2025-01-25 02:45:00,3743.75,73.08,TRADE
VIC1,2025-01-25 02:50:00,3690.14,74.34,TRADE
VIC1,2025-01-25 02:55:00,3729.85,75.0,TRADE
VIC1,2025-01-25 03:00:00,3671.59,74.25,TRADE
VIC1,2025-01-25 03:05:00,3643.97,74.88,TRADE
VIC1,2025-01-25 03:10:00,3683.85,75.36,TRADE
VIC1,2025-01-25 03:15:00,3690.28,80.9,TRADE
VIC1,2025-01-25 03:20:00,3642.48,80.8,TRADE
VIC1,2025-01-25 03:25:00,3683.51,78.5,TRADE
VIC1,2025-01-25 03:30:00,3678.04,82.73,TRADE
VIC1,2025-01-25 03:35:00,3693.1,84.11,TRADE
VIC1,2025-01-25 03:40:00,3679.72,85.08,TRADE
VIC1,2025-01-25 03:45:00,3666.54,86.0,TRADE
VIC1,2025-01-25 03:50:00,3713.92,92.04,TRADE
VIC1,2025-01-25 03:55:00,3707.77,84.63,TRADE
VIC1,2025-01-25 04:00:00,3697.91,111.01,TRADE
VIC1,2025-01-25 04:05:00,3734.3,108.51,TRADE
VIC1,2025-01-25 04:10:00,3758.8,92.64,TRADE
VIC1,2025-01-25 04:15:00,3803.56,99.0,TRADE
VIC1,2025-01-25 04:20:00,3816.91,99.0,TRADE
VIC1,2025-01-25 04:25:00,3805.15,99.0,TRADE
VIC1,2025-01-25 04:30:00,3836.68,99.0,TRADE
VIC1,2025-01-25 04:35:00,3853.98,99.0,TRADE
VIC1,2025-01-25 04:40:00,3798.66,99.0,TRADE
VIC1,2025-01-25 04:45:00,3782.99,99.0,TRADE
VIC1,2025-01-25 04:50:00,3855.32,99.0,TRADE
VIC1,2025-01-25 04:55:00,3812.61,99.0,TRADE
VIC1,2025-01-25 05:00:00,3817.69,99.0,TRADE
VIC1,2025-01-25 05:05:00,3863.43,99.0,TRADE
VIC1,2025-01-25 05:10:00,3901.31,99.0,TRADE
VIC1,2025-01-25 05:15:00,3978.62,99.0,TRADE
VIC1,2025-01-25 05:20:00,3989.61,99.0,TRADE
VIC1,2025-01-25 05:25:00,3962.35,99.0,TRADE
VIC1,2025-01-25 05:30:00,4044.45,99.0,TRADE
VIC1,2025-01-25 05:35:00,4069.56,111.12,TRADE
VIC1,2025-01-25 05:40:00,4121.51,147.79,TRADE
VIC1,2025-01-25 05:45:00,4089.96,130.58,TRADE
VIC1,2025-01-25 05:50:00,4115.24,131.53,TRADE
VIC1,2025-01-25 05:55:00,4081.92,111.4,TRADE
VIC1,2025-01-25 06:00:00,3965.91,89.62,TRADE
VIC1,2025-01-25 06:05:00,4033.0,91.64,TRADE
VIC1,2025-01-25 06:10:00,3959.52,79.53,TRADE
VIC1,2025-01-25 06:15:00,3906.26,75.0,TRADE
VIC1,2025-01-25 06:20:00,3923.2,44.64,TRADE
VIC1,2025-01-25 06:25:00,3864.23,44.28,TRADE
VIC1,2025-01-25 06:30:00,3848.83,8.95,TRADE
VIC1,2025-01-25 06:35:00,3785.39,0.0,TRADE
VIC1,2025-01-25 06:40:00,3880.31,0.0,TRADE
VIC1,2025-01-25 06:45:00,3919.81,0.0,TRADE
VIC1,2025-01-25 06:50:00,3915.81,-20.19,TRADE
VIC1,2025-01-25 06:55:00,3974.48,-20.07,TRADE
VIC1,2025-01-25 07:00:00,3925.63,-28.54,TRADE
VIC1,2025-01-25 07:05:00,3942.69,-24.48,TRADE
VIC1,2025-01-25 07:10:00,3877.57,-23.97,TRADE
VIC1,2025-01-25 07:15:00,3820.96,-24.19,TRADE
VIC1,2025-01-25 07:20:00,3819.54,-30.11,TRADE
VIC1,2025-01-25 07:25:00,3789.77,-30.87,TRADE
VIC1,2025-01-25 07:30:00,3692.59,-30.19,TRADE
VIC1,2025-01-25 07:35:00,3502.39,-30.93,TRADE
VIC1,2025-01-25 07:40:00,3498.0,-29.0,TRADE
VIC1,2025-01-25 07:45:00,3569.62,-19.82,TRADE
VIC1,2025-01-25 07:50:00,3642.77,-26.82,TRADE
VIC1,2025-01-25 07:55:00,3570.34,-30.01,TRADE
VIC1,2025-01-25 08:00:00,3554.05,-25.82,TRADE
VIC1,2025-01-25 08:05:00,3657.24,-15.44,TRADE
VIC1,2025-01-25 08:10:00,3643.49,7.67,TRADE
VIC1,2025-01-25 08:15:00,3613.03,5.2,TRADE
VIC1,2025-01-25 08:20:00,3645.01,8.95,TRADE
VIC1,2025-01-25 08:25:00,3582.0,-26.48,TRADE
VIC1,2025-01-25 08:30:00,3615.0,-29.59,TRADE
VIC1,2025-01-25 08:35:00,3530.64,-31.6,TRADE
VIC1,2025-01-25 08:40:00,3550.55,-30.19,TRADE
VIC1,2025-01-25 08:45:00,3520.3,-31.44,TRADE
VIC1,2025-01-25 08:50:00,3491.11,0.12,TRADE
VIC1,2025-01-25 08:55:00,3412.1,-31.84,TRADE
VIC1,2025-01-25 09:00:00,3482.71,-31.46,TRADE
VIC1,2025-01-25 09:05:00,3444.81,-31.67,TRADE
VIC1,2025-01-25 09:10:00,3335.89,-32.32,TRADE
VIC1,2025-01-25 09:15:00,3397.4,-32.0,TRADE
VIC1,2025-01-25 09:20:00,3253.92,-32.28,TRADE
VIC1,2025-01-25 09:25:00,3228.19,-30.83,TRADE
VIC1,2025-01-25 09:30:00,3218.94,-32.0,TRADE
VIC1,2025-01-25 09:35:00,3230.3,-37.35,TRADE
VIC1,2025-01-25 09:40:00,3216.2,-35.0,TRADE
VIC1,2025-01-25 09:45:00,3190.17,-35.04,TRADE
VIC1,2025-01-25 09:50:00,3107.97,-44.0,TRADE
VIC1,2025-01-25 09:55:00,2993.53,-45.39,TRADE
VIC1,2025-01-25 10:00:00,2808.04,-50.01,TRADE
VIC1,2025-01-25 10:05:00,2885.68,-49.75,TRADE
VIC1,2025-01-25 10:10:00,2853.31,-44.0,TRADE
VIC1,2025-01-25 10:15:00,2731.46,-49.75,TRADE
VIC1,2025-01-25 10:20:00,2869.8,-48.0,TRADE
VIC1,2025-01-25 10:25:00,2842.98,-44.0,TRADE
VIC1,2025-01-25 10:30:00,2842.25,-49.75,TRADE
VIC1,2025-01-25 10:35:00,2814.04,-50.01,TRADE
VIC1,2025-01-25 10:40:00,2796.96,-49.75,TRADE
VIC1,2025-01-25 10:45:00,2650.96,-49.75,TRADE
VIC1,2025-01-25 10:50:00,2492.75,-58.87,TRADE
VIC1,2025-01-25 10:55:00,2576.79,-50.01,TRADE
VIC1,2025-01-25 11:00:00,2525.43,-49.75,TRADE
VIC1,2025-01-25 11:05:00,2332.83,-61.02,TRADE
VIC1,2025-01-25 11:10:00,2260.27,-50.01,TRADE
VIC1,2025-01-25 11:15:00,2212.26,-49.75,TRADE
VIC1,2025-01-25 11:20:00,2106.95,-66.3,TRADE
VIC1,2025-01-25 11:25:00,2042.46,-75.01,TRADE
VIC1,2025-01-25 11:30:00,2122.34,-60.0,TRADE
VIC1,2025-01-25 11:35:00,2036.57,-61.37,TRADE
VIC1,2025-01-25 11:40:00,1986.83,-75.06,TRADE
VIC1,2025-01-25 11:45:00,1982.36,-59.47,TRADE
VIC1,2025-01-25 11:50:00,2001.47,-62.39,TRADE
VIC1,2025-01-25 11:55:00,2022.2,-61.37,TRADE
VIC1,2025-01-25 12:00:00,2004.93,-66.3,TRADE
VIC1,2025-01-25 12:05:00,1998.67,-62.17,TRADE
VIC1,2025-01-25 12:10:00,1940.47,-62.17,TRADE
VIC1,2025-01-25 12:15:00,1953.38,-62.17,TRADE
VIC1,2025-01-25 12:20:00,1982.36,-63.79,TRADE
VIC1,2025-01-25 12:25:00,2007.91,-62.69,TRADE
VIC1,2025-01-25 12:30:00,1990.53,-66.3,TRADE
VIC1,2025-01-25 12:35:00,2098.76,-63.79,TRADE
VIC1,2025-01-25 12:40:00,2008.22,-63.94,TRADE
VIC1,2025-01-25 12:45:00,1996.41,-66.31,TRADE
VIC1,2025-01-25 12:50:00,2005.39,-66.31,TRADE
VIC1,2025-01-25 12:55:00,1994.46,-66.4,TRADE
VIC1,2025-01-25 13:00:00,1996.79,-66.31,TRADE
VIC1,2025-01-25 13:05:00,2024.46,-84.86,TRADE
VIC1,2025-01-25 13:10:00,2077.72,-66.31,TRADE
VIC1,2025-01-25 13:15:00,2077.59,-66.31,TRADE
VIC1,2025-01-25 13:20:00,2032.29,-84.86,TRADE
VIC1,2025-01-25 13:25:00,2029.53,-84.86,TRADE
VIC1,2025-01-25 13:30:00,2113.78,-66.4,TRADE
VIC1,2025-01-25 13:35:00,2167.68,-66.31,TRADE
VIC1,2025-01-25 13:40:00,2213.38,-66.3,TRADE
VIC1,2025-01-25 13:45:00,2244.67,-66.31,TRADE
VIC1,2025-01-25 13:50:00,2218.52,-66.3,TRADE
VIC1,2025-01-25 13:55:00,2273.62,-66.31,TRADE
VIC1,2025-01-25 14:00:00,2339.83,-66.31,TRADE
VIC1,2025-01-25 14:05:00,2337.32,-66.31,TRADE
VIC1,2025-01-25 14:10:00,2309.83,-70.51,TRADE
VIC1,2025-01-25 14:15:00,2397.44,-66.31,TRADE
VIC1,2025-01-25 14:20:00,2395.21,-66.31,TRADE
VIC1,2025-01-25 14:25:00,2421.35,-63.15,TRADE
VIC1,2025-01-25 14:30:00,2350.42,-66.31,TRADE
VIC1,2025-01-25 14:35:00,2539.36,-66.3,TRADE
VIC1,2025-01-25 14:40:00,2498.52,-63.94,TRADE
VIC1,2025-01-25 14:45:00,2556.13,-62.17,TRADE
VIC1,2025-01-25 14:50:00,2602.01,-45.05,TRADE
VIC1,2025-01-25 14:55:00,2531.31,-35.96,TRADE
VIC1,2025-01-25 15:00:00,2579.13,-35.2,TRADE
VIC1,2025-01-25 15:05:00,2633.01,-36.3,TRADE
VIC1,2025-01-25 15:10:00,2711.34,-44.0,TRADE
VIC1,2025-01-25 15:15:00,2671.34,-33.81,TRADE
VIC1,2025-01-25 15:20:00,2704.73,-33.5,TRADE
VIC1,2025-01-25 15:25:00,2785.94,-36.05,TRADE
VIC1,2025-01-25 15:30:00,2864.73,-33.69,TRADE
VIC1,2025-01-25 15:35:00,2985.18,-33.5,TRADE
VIC1,2025-01-25 15:40:00,3096.2,-32.0,TRADE
VIC1,2025-01-25 15:45:00,3325.41,-30.75,TRADE
VIC1,2025-01-25 15:50:00,3349.59,-34.93,TRADE
VIC1,2025-01-25 15:55:00,3369.9,-35.99,TRADE
VIC1,2025-01-25 16:00:00,3277.58,-36.09,TRADE
VIC1,2025-01-25 16:05:00,3302.29,-32.45,TRADE
VIC1,2025-01-25 16:10:00,3455.57,-33.5,TRADE
VIC1,2025-01-25 16:15:00,3603.61,-33.5,TRADE
VIC1,2025-01-25 16:20:00,3633.33,-42.29,TRADE
VIC1,2025-01-25 16:25:00,3722.33,-25.24,TRADE
VIC1,2025-01-25 16:30:00,3845.42,-33.5,TRADE
VIC1,2025-01-25 16:35:00,3867.7,-30.75,TRADE
VIC1,2025-01-25 16:40:00,4011.89,-34.46,TRADE
VIC1,2025-01-25 16:45:00,3931.15,-19.67,TRADE
VIC1,2025-01-25 16:50:00,4069.55,-19.57,TRADE
VIC1,2025-01-25 16:55:00,4256.58,-19.99,TRADE
VIC1,2025-01-25 17:00:00,4455.24,-4.68,TRADE
VIC1,2025-01-25 17:05:00,4639.72,-31.7,TRADE
VIC1,2025-01-25 17:10:00,4501.71,-21.0,TRADE
VIC1,2025-01-25 17:15:00,4666.44,12.0,TRADE
VIC1,2025-01-25 17:20:00,4690.97,24.68,TRADE
VIC1,2025-01-25 17:25:00,4640.42,24.01,TRADE
VIC1,2025-01-25 17:30:00,4588.88,13.6,TRADE
VIC1,2025-01-25 17:35:00,4749.41,-39.57,TRADE
VIC1,2025-01-25 17:40:00,4671.58,-30.64,TRADE
VIC1,2025-01-25 17:45:00,4684.56,-21.0,TRADE
VIC1,2025-01-25 17:50:00,4724.3,-19.99,TRADE
VIC1,2025-01-25 17:55:00,4835.77,9.0,TRADE
VIC1,2025-01-25 18:00:00,4959.26,-8.75,TRADE
VIC1,2025-01-25 18:05:00,4897.95,9.0,TRADE
VIC1,2025-01-25 18:10:00,4868.76,9.0,TRADE
VIC1,2025-01-25 18:15:00,4842.73,106.92,TRADE
VIC1,2025-01-25 18:20:00,4961.57,92.5,TRADE
VIC1,2025-01-25 18:25:00,5058.55,93.36,TRADE
VIC1,2025-01-25 18:30:00,5150.18,94.9,TRADE
VIC1,2025-01-25 18:35:00,5099.14,88.56,TRADE
VIC1,2025-01-25 18:40:00,5206.7,88.53,TRADE
VIC1,2025-01-25 18:45:00,5140.08,88.53,TRADE
VIC1,2025-01-25 18:50:00,5114.87,87.82,TRADE
VIC1,2025-01-25 18:55:00,5140.51,88.52,TRADE
VIC1,2025-01-25 19:00:00,5257.04,100.24,TRADE
VIC1,2025-01-25 19:05:00,5269.38,89.9,TRADE
VIC1,2025-01-25 19:10:00,5311.32,90.53,TRADE
VIC1,2025-01-25 19:15:00,5310.9,91.43,TRADE
VIC1,2025-01-25 19:20:00,5284.84,91.38,TRADE
VIC1,2025-01-25 19:25:00,5288.82,91.21,TRADE
VIC1,2025-01-25 19:30:00,5337.55,91.18,TRADE
VIC1,2025-01-25 19:35:00,5359.32,91.84,TRADE
VIC1,2025-01-25 19:40:00,5301.5,91.91,TRADE
VIC1,2025-01-25 19:45:00,5278.47,91.35,TRADE
VIC1,2025-01-25 19:50:00,5287.06,91.99,TRADE
VIC1,2025-01-25 19:55:00,5261.64,83.43,TRADE
VIC1,2025-01-25 20:00:00,5372.73,92.75,TRADE
VIC1,2025-01-25 20:05:00,5309.57,84.67,TRADE
VIC1,2025-01-25 20:10:00,5258.33,83.64,TRADE
VIC1,2025-01-25 20:15:00,5288.31,79.24,TRADE
VIC1,2025-01-25 20:20:00,5307.68,78.45,TRADE
VIC1,2025-01-25 20:25:00,5273.05,79.06,TRADE
VIC1,2025-01-25 20:30:00,5151.3,76.57,TRADE
VIC1,2025-01-25 20:35:00,5098.21,77.15,TRADE
VIC1,2025-01-25 20:40:00,5090.09,79.84,TRADE
VIC1,2025-01-25 20:45:00,5056.5,79.76,TRADE
VIC1,2025-01-25 20:50:00,4981.59,77.81,TRADE
VIC1,2025-01-25 20:55:00,4943.83,73.44,TRADE
VIC1,2025-01-25 21:00:00,4962.29,72.52,TRADE
VIC1,2025-01-25 21:05:00,5019.72,82.27,TRADE
VIC1,2025-01-25 21:10:00,5075.8,95.34,TRADE
VIC1,2025-01-25 21:15:00,4882.35,80.26,TRADE
VIC1,2025-01-25 21:20:00,4936.44,80.87,TRADE
VIC1,2025-01-25 21:25:00,4961.11,95.34,TRADE
VIC1,2025-01-25 21:30:00,4897.67,92.97,TRADE
VIC1,2025-01-25 21:35:00,4907.78,83.25,TRADE
VIC1,2025-01-25 21:40:00,4885.29,92.79,TRADE
VIC1,2025-01-25 21:45:00,4911.55,89.7,TRADE
VIC1,2025-01-25 21:50:00,4835.19,82.71,TRADE
VIC1,2025-01-25 21:55:00,4777.19,82.64,TRADE
VIC1,2025-01-25 22:00:00,4790.46,84.5,TRADE
VIC1,2025-01-25 22:05:00,4721.2,94.32,TRADE
VIC1,2025-01-25 22:10:00,4714.23,86.61,TRADE
VIC1,2025-01-25 22:15:00,4614.56,79.12,TRADE
VIC1,2025-01-25 22:20:00,4687.3,80.47,TRADE
VIC1,2025-01-25 22:25:00,4709.76,81.17,TRADE
VIC1,2025-01-25 22:30:00,4746.0,84.58,TRADE
VIC1,2025-01-25 22:35:00,4615.76,78.31,TRADE
VIC1,2025-01-25 22:40:00,4724.48,82.3,TRADE
VIC1,2025-01-25 22:45:00,4681.71,81.54,TRADE
VIC1,2025-01-25 22:50:00,4669.84,82.86,TRADE
VIC1,2025-01-25 22:55:00,4636.91,83.52,TRADE
VIC1,2025-01-25 23:00:00,4596.21,83.5,TRADE
VIC1,2025-01-25 23:05:00,4572.78,81.36,TRADE
VIC1,2025-01-25 23:10:00,4833.32,96.22,TRADE
VIC1,2025-01-25 23:15:00,4795.47,94.93,TRADE
VIC1,2025-01-25 23:20:00,4688.84,83.93,TRADE
VIC1,2025-01-25 23:25:00,4759.76,86.23,TRADE
VIC1,2025-01-25 23:30:00,4725.9,87.23,TRADE
VIC1,2025-01-25 23:35:00,4652.67,83.51,TRADE
VIC1,2025-01-25 23:40:00,4661.21,99.84,TRADE
VIC1,2025-01-25 23:45:00,4549.34,85.45,TRADE
VIC1,2025-01-25 23:50:00,4527.96,82.77,TRADE
VIC1,2025-01-25 23:55:00,4430.27,76.91,TRADE
VIC1,2025-01-26 00:00:00,4434.31,85.44,TRADE
VIC1,2025-01-26 00:05:00,4451.01,86.77,TRADE
VIC1,2025-01-26 00:10:00,4427.95,80.03,TRADE
VIC1,2025-01-26 00:15:00,4326.23,83.56,TRADE
VIC1,2025-01-26 00:20:00,4383.61,85.42,TRADE
VIC1,2025-01-26 00:25:00,4327.56,81.83,TRADE
VIC1,2025-01-26 00:30:00,4247.66,80.0,TRADE
VIC1,2025-01-26 00:35:00,4240.64,78.9,TRADE
VIC1,2025-01-26 00:40:00,4178.62,78.52,TRADE
VIC1,2025-01-26 00:45:00,4118.09,78.67,TRADE
VIC1,2025-01-26 00:50:00,4077.62,75.94,TRADE
VIC1,2025-01-26 00:55:00,4161.85,79.03,TRADE
VIC1,2025-01-26 01:00:00,4100.98,74.24,TRADE
VIC1,2025-01-26 01:05:00,4150.4,79.75,TRADE
VIC1,2025-01-26 01:10:00,4125.4,74.17,TRADE
VIC1,2025-01-26 01:15:00,4154.36,74.08,TRADE
VIC1,2025-01-26 01:20:00,4147.39,74.12,TRADE
VIC1,2025-01-26 01:25:00,4126.97,72.89,TRADE
VIC1,2025-01-26 01:30:00,4022.96,71.16,TRADE
VIC1,2025-01-26 01:35:00,4018.25,72.41,TRADE
VIC1,2025-01-26 01:40:00,4017.79,74.04,TRADE
VIC1,2025-01-26 01:45:00,4080.72,80.38,TRADE
VIC1,2025-01-26 01:50:00,4025.71,74.67,TRADE
VIC1,2025-01-26 01:55:00,4076.28,73.6,TRADE
VIC1,2025-01-26 02:00:00,4101.72,71.06,TRADE
VIC1,2025-01-26 02:05:00,4115.67,70.51,TRADE
VIC1,2025-01-26 02:10:00,4096.07,69.37,TRADE
VIC1,2025-01-26 02:15:00,4049.21,68.62,TRADE
VIC1,2025-01-26 02:20:00,4006.45,67.62,TRADE
VIC1,2025-01-26 02:25:00,3997.3,68.18,TRADE
VIC1,2025-01-26 02:30:00,3967.29,65.22,TRADE
VIC1,2025-01-26 02:35:00,4048.39,68.8,TRADE
VIC1,2025-01-26 02:40:00,3997.36,71.85,TRADE
VIC1,2025-01-26 02:45:00,3974.23,67.02,TRADE
VIC1,2025-01-26 02:50:00,4009.34,66.48,TRADE
VIC1,2025-01-26 02:55:00,3993.29,65.92,TRADE
VIC1,2025-01-26 03:00:00,3978.49,67.17,TRADE
VIC1,2025-01-26 03:05:00,3985.84,66.45,TRADE
VIC1,2025-01-26 03:10:00,4006.25,70.87,TRADE
VIC1,2025-01-26 03:15:00,4025.19,68.2,TRADE
VIC1,2025-01-26 03:20:00,3971.0,64.61,TRADE
VIC1,2025-01-26 03:25:00,4056.18,67.51,TRADE
VIC1,2025-01-26 03:30:00,4029.75,68.16,TRADE
VIC1,2025-01-26 03:35:00,3981.72,67.53,TRADE
VIC1,2025-01-26 03:40:00,3976.51,67.58,TRADE
VIC1,2025-01-26 03:45:00,3947.86,64.0,TRADE
VIC1,2025-01-26 03:50:00,3973.84,69.28,TRADE
VIC1,2025-01-26 03:55:00,3883.82,67.52,TRADE
VIC1,2025-01-26 04:00:00,3860.89,66.34,TRADE
VIC1,2025-01-26 04:05:00,3860.31,67.02,TRADE
VIC1,2025-01-26 04:10:00,3873.0,49.4,TRADE
VIC1,2025-01-26 04:15:00,3908.69,66.37,TRADE
VIC1,2025-01-26 04:20:00,3928.94,66.43,TRADE
VIC1,2025-01-26 04:25:00,3880.52,51.95,TRADE
VIC1,2025-01-26 04:30:00,3924.14,52.14,TRADE
VIC1,2025-01-26 04:35:00,3929.1,51.57,TRADE
VIC1,2025-01-26 04:40:00,3921.16,48.58,TRADE
VIC1,2025-01-26 04:45:00,3955.9,48.58,TRADE
VIC1,2025-01-26 04:50:00,3926.45,48.59,TRADE
VIC1,2025-01-26 04:55:00,3915.61,48.57,TRADE
VIC1,2025-01-26 05:00:00,3939.16,48.54,TRADE
VIC1,2025-01-26 05:05:00,3926.97,51.12,TRADE
VIC1,2025-01-26 05:10:00,3946.28,48.16,TRADE
VIC1,2025-01-26 05:15:00,3970.29,50.15,TRADE
VIC1,2025-01-26 05:20:00,4050.09,65.67,TRADE
VIC1,2025-01-26 05:25:00,4017.42,49.34,TRADE
VIC1,2025-01-26 05:30:00,3960.26,48.12,TRADE
VIC1,2025-01-26 05:35:00,3991.45,64.59,TRADE
VIC1,2025-01-26 05:40:00,4000.81,61.0,TRADE
VIC1,2025-01-26 05:45:00,4030.59,66.36,TRADE
VIC1,2025-01-26 05:50:00,3918.49,46.13,TRADE
VIC1,2025-01-26 05:55:00,3954.74,46.49,TRADE
VIC1,2025-01-26 06:00:00,3940.62,34.8,TRADE
VIC1,2025-01-26 06:05:00,3968.82,34.63,TRADE
VIC1,2025-01-26 06:10:00,4069.42,43.47,TRADE
VIC1,2025-01-26 06:15:00,4058.38,32.6,TRADE
VIC1,2025-01-26 06:20:00,3990.51,30.11,TRADE
VIC1,2025-01-26 06:25:00,4045.53,30.36,TRADE
VIC1,2025-01-26 06:30:00,4016.98,30.07,TRADE
VIC1,2025-01-26 06:35:00,3938.81,9.0,TRADE
VIC1,2025-01-26 06:40:00,3923.61,0.0,TRADE
VIC1,2025-01-26 06:45:00,3810.52,-11.42,TRADE
VIC1,2025-01-26 06:50:00,3844.75,-20.73,TRADE
VIC1,2025-01-26 06:55:00,3898.18,-20.48,TRADE
VIC1,2025-01-26 07:00:00,3888.52,-23.81,TRADE
VIC1,2025-01-26 07:05:00,3818.23,-31.09,TRADE
VIC1,2025-01-26 07:10:00,3761.93,-32.41,TRADE
VIC1,2025-01-26 07:15:00,3793.34,-21.55,TRADE
VIC1,2025-01-26 07:20:00,3725.87,-31.29,TRADE
VIC1,2025-01-26 07:25:00,3656.31,6.95,TRADE
VIC1,2025-01-26 07:30:00,3628.49,-31.09,TRADE
VIC1,2025-01-26 07:35:00,3509.27,-33.33,TRADE
VIC1,2025-01-26 07:40:00,3426.97,-44.0,TRADE
VIC1,2025-01-26 07:45:00,3341.9,-33.42,TRADE
VIC1,2025-01-26 07:50:00,3319.58,-33.41,TRADE
VIC1,2025-01-26 07:55:00,3399.61,-33.5,TRADE
VIC1,2025-01-26 08:00:00,3236.71,-38.31,TRADE
VIC1,2025-01-26 08:05:00,3245.17,-38.31,TRADE
VIC1,2025-01-26 08:10:00,3237.75,-50.08,TRADE
VIC1,2025-01-26 08:15:00,3154.75,-34.67,TRADE
VIC1,2025-01-26 08:20:00,3051.76,-58.87,TRADE
VIC1,2025-01-26 08:25:00,3060.53,-34.67,TRADE
VIC1,2025-01-26 08:30:00,3165.25,-33.5,TRADE
VIC1,2025-01-26 08:35:00,3017.62,-20.19,TRADE
VIC1,2025-01-26 08:40:00,2973.59,-33.64,TRADE
VIC1,2025-01-26 08:45:00,3087.71,-33.5,TRADE
VIC1,2025-01-26 08:50:00,3088.53,-34.93,TRADE
VIC1,2025-01-26 08:55:00,3149.78,-20.19,TRADE
VIC1,2025-01-26 09:00:00,3171.42,-12.01,TRADE
VIC1,2025-01-26 09:05:00,2963.97,-33.5,TRADE
VIC1,2025-01-26 09:10:00,3024.65,39.77,TRADE
VIC1,2025-01-26 09:15:00,2915.35,2.78,TRADE
VIC1,2025-01-26 09:20:00,3004.65,-31.09,TRADE
VIC1,2025-01-26 09:25:00,3058.34,-33.5,TRADE
VIC1,2025-01-26 09:30:00,3094.54,-31.09,TRADE
VIC1,2025-01-26 09:35:00,3007.31,14.95,TRADE
VIC1,2025-01-26 09:40:00,2758.95,-34.67,TRADE
VIC1,2025-01-26 09:45:00,2818.77,-20.19,TRADE
VIC1,2025-01-26 09:50:00,2680.08,-34.67,TRADE
VIC1,2025-01-26 09:55:00,2823.62,20.04,TRADE
VIC1,2025-01-26 10:00:00,2538.12,-45.05,TRADE
VIC1,2025-01-26 10:05:00,2610.63,-45.6,TRADE
VIC1,2025-01-26 10:10:00,2683.79,-46.73,TRADE
VIC1,2025-01-26 10:15:00,2644.2,-45.05,TRADE
VIC1,2025-01-26 10:20:00,2425.38,-20.19,TRADE
VIC1,2025-01-26 10:25:00,2321.62,-33.5,TRADE
VIC1,2025-01-26 10:30:00,2413.33,-34.46,TRADE
VIC1,2025-01-26 10:35:00,2458.58,-42.64,TRADE
VIC1,2025-01-26 10:40:00,2489.85,-34.67,TRADE
VIC1,2025-01-26 10:45:00,2317.5,-44.0,TRADE
VIC1,2025-01-26 10:50:00,2388.05,-44.0,TRADE
VIC1,2025-01-26 10:55:00,2369.48,-45.05,TRADE
VIC1,2025-01-26 11:00:00,2317.69,-44.0,TRADE
VIC1,2025-01-26 11:05:00,2273.71,-58.87,TRADE
VIC1,2025-01-26 11:10:00,2136.52,-49.41,TRADE
VIC1,2025-01-26 11:15:00,2159.95,-48.0,TRADE
VIC1,2025-01-26 11:20:00,2186.41,-59.47,TRADE
VIC1,2025-01-26 11:25:00,2066.16,-58.87,TRADE
VIC1,2025-01-26 11:30:00,1993.24,-50.01,TRADE
VIC1,2025-01-26 11:35:00,1948.79,-41.05,TRADE
VIC1,2025-01-26 11:40:00,1956.91,-44.0,TRADE
VIC1,2025-01-26 11:45:00,1906.38,-37.94,TRADE
VIC1,2025-01-26 11:50:00,1951.89,-44.0,TRADE
VIC1,2025-01-26 11:55:00,1918.57,-48.0,TRADE
VIC1,2025-01-26 12:00:00,1859.19,-44.52,TRADE
VIC1,2025-01-26 12:05:00,1877.0,-48.0,TRADE
VIC1,2025-01-26 12:10:00,1927.66,-61.37,TRADE
VIC1,2025-01-26 12:15:00,1774.22,-59.47,TRADE
VIC1,2025-01-26 12:20:00,1796.67,-55.79,TRADE
VIC1,2025-01-26 12:25:00,1815.21,-50.01,TRADE
VIC1,2025-01-26 12:30:00,1820.82,-48.0,TRADE
VIC1,2025-01-26 12:35:00,1785.37,-48.0,TRADE
VIC1,2025-01-26 12:40:00,1771.24,-50.08,TRADE
VIC1,2025-01-26 12:45:00,1784.97,-50.01,TRADE
VIC1,2025-01-26 12:50:00,1792.43,-55.53,TRADE
VIC1,2025-01-26 12:55:00,1884.03,-50.01,TRADE
VIC1,2025-01-26 13:00:00,1990.82,-44.0,TRADE
VIC1,2025-01-26 13:05:00,1917.94,-44.0,TRADE
VIC1,2025-01-26 13:10:00,1854.57,-44.0,TRADE
VIC1,2025-01-26 13:15:00,1917.74,-44.0,TRADE
VIC1,2025-01-26 13:20:00,1892.82,-34.67,TRADE
VIC1,2025-01-26 13:25:00,1889.75,-44.0,TRADE
VIC1,2025-01-26 13:30:00,1960.84,-33.5,TRADE
VIC1,2025-01-26 13:35:00,2027.0,-33.5,TRADE
VIC1,2025-01-26 13:40:00,2039.65,-33.5,TRADE
VIC1,2025-01-26 13:45:00,1954.06,-48.0,TRADE
VIC1,2025-01-26 13:50:00,1882.8,-59.47,TRADE
VIC1,2025-01-26 13:55:00,1915.59,-50.32,TRADE
VIC1,2025-01-26 14:00:00,2027.13,-48.0,TRADE
VIC1,2025-01-26 14:05:00,2035.7,-34.67,TRADE
VIC1,2025-01-26 14:10:00,2105.68,-34.67,TRADE
VIC1,2025-01-26 14:15:00,2238.98,-31.09,TRADE
VIC1,2025-01-26 14:20:00,2111.67,-31.09,TRADE
VIC1,2025-01-26 14:25:00,2100.71,-21.0,TRADE
VIC1,2025-01-26 14:30:00,2057.66,-33.5,TRADE
VIC1,2025-01-26 14:35:00,2129.66,-31.09,TRADE
VIC1,2025-01-26 14:40:00,2206.33,-33.5,TRADE
VIC1,2025-01-26 14:45:00,2291.8,-6.55,TRADE
VIC1,2025-01-26 14:50:00,2317.2,-24.87,TRADE
VIC1,2025-01-26 14:55:00,2397.4,-31.09,TRADE
VIC1,2025-01-26 15:00:00,2502.79,-30.13,TRADE
VIC1,2025-01-26 15:05:00,2437.89,-30.75,TRADE
VIC1,2025-01-26 15:10:00,2355.98,-31.12,TRADE
VIC1,2025-01-26 15:15:00,2474.91,-29.0,TRADE
VIC1,2025-01-26 15:20:00,2432.03,-29.0,TRADE
VIC1,2025-01-26 15:25:00,2540.4,-21.36,TRADE
VIC1,2025-01-26 15:30:00,2631.99,-22.3,TRADE
VIC1,2025-01-26 15:35:00,2690.61,-30.75,TRADE
VIC1,2025-01-26 15:40:00,2669.54,-31.3,TRADE
VIC1,2025-01-26 15:45:00,2892.61,-31.71,TRADE
VIC1,2025-01-26 15:50:00,2943.42,-31.69,TRADE
VIC1,2025-01-26 15:55:00,3025.36,-29.0,TRADE
VIC1,2025-01-26 16:00:00,3064.18,-21.0,TRADE
VIC1,2025-01-26 16:05:00,3222.47,-26.91,TRADE
VIC1,2025-01-26 16:10:00,3249.55,-29.43,TRADE
VIC1,2025-01-26 16:15:00,3354.15,-17.44,TRADE
VIC1,2025-01-26 16:20:00,3504.69,0.0,TRADE
VIC1,2025-01-26 16:25:00,3592.22,0.0,TRADE
VIC1,2025-01-26 16:30:00,3709.94,45.0,TRADE
VIC1,2025-01-26 16:35:00,3666.52,0.0,TRADE
VIC1,2025-01-26 16:40:00,3612.12,0.0,TRADE
VIC1,2025-01-26 16:45:00,3771.74,40.96,TRADE
VIC1,2025-01-26 16:50:00,3773.7,0.0,TRADE
VIC1,2025-01-26 16:55:00,3882.25,-10.59,TRADE
VIC1,2025-01-26 17:00:00,4030.4,37.39,TRADE
VIC1,2025-01-26 17:05:00,4069.83,1.11,TRADE
VIC1,2025-01-26 17:10:00,3957.84,1.12,TRADE
VIC1,2025-01-26 17:15:00,4107.46,9.0,TRADE
VIC1,2025-01-26 17:20:00,4309.27,9.0,TRADE
VIC1,2025-01-26 17:25:00,4471.95,72.74,TRADE
VIC1,2025-01-26 17:30:00,4537.5,43.36,TRADE
VIC1,2025-01-26 17:35:00,4600.6,42.41,TRADE
VIC1,2025-01-26 17:40:00,4711.17,52.99,TRADE
VIC1,2025-01-26 17:45:00,4823.71,77.35,TRADE
VIC1,2025-01-26 17:50:00,4909.07,88.66,TRADE
VIC1,2025-01-26 17:55:00,4878.13,82.72,TRADE
VIC1,2025-01-26 18:00:00,4874.4,87.23,TRADE
VIC1,2025-01-26 18:05:00,5051.99,83.46,TRADE
VIC1,2025-01-26 18:10:00,5133.06,80.8,TRADE
VIC1,2025-01-26 18:15:00,5142.57,82.08,TRADE
VIC1,2025-01-26 18:20:00,5326.25,87.12,TRADE
VIC1,2025-01-26 18:25:00,5332.48,82.76,TRADE
VIC1,2025-01-26 18:30:00,5460.06,96.57,TRADE
VIC1,2025-01-26 18:35:00,5475.86,85.14,TRADE
VIC1,2025-01-26 18:40:00,5488.48,98.78,TRADE
VIC1,2025-01-26 18:45:00,5525.88,99.57,TRADE
VIC1,2025-01-26 18:50:00,5652.66,111.93,TRADE
VIC1,2025-01-26 18:55:00,5679.6,112.07,TRADE
VIC1,2025-01-26 19:00:00,5687.12,125.54,TRADE
VIC1,2025-01-26 19:05:00,5650.86,111.88,TRADE
VIC1,2025-01-26 19:10:00,5570.98,125.43,TRADE
VIC1,2025-01-26 19:15:00,5475.06,111.91,TRADE
VIC1,2025-01-26 19:20:00,5534.59,125.5,TRADE
VIC1,2025-01-26 19:25:00,5411.65,111.88,TRADE
VIC1,2025-01-26 19:30:00,5419.67,110.02,TRADE
VIC1,2025-01-26 19:35:00,5385.75,110.05,TRADE
VIC1,2025-01-26 19:40:00,5438.27,76.88,TRADE
VIC1,2025-01-26 19:45:00,5529.35,98.42,TRADE
VIC1,2025-01-26 19:50:00,5475.05,91.21,TRADE
VIC1,2025-01-26 19:55:00,5469.56,96.52,TRADE
VIC1,2025-01-26 20:00:00,5492.73,111.88,TRADE
VIC1,2025-01-26 20:05:00,5368.27,82.53,TRADE
VIC1,2025-01-26 20:10:00,5384.27,87.51,TRADE
VIC1,2025-01-26 20:15:00,5447.24,95.6,TRADE
VIC1,2025-01-26 20:20:00,5326.45,86.57,TRADE
VIC1,2025-01-26 20:25:00,5339.95,84.48,TRADE
VIC1,2025-01-26 20:30:00,5442.25,111.88,TRADE
VIC1,2025-01-26 20:35:00,5347.46,113.04,TRADE
VIC1,2025-01-26 20:40:00,5278.47,111.88,TRADE
VIC1,2025-01-26 20:45:00,5285.21,111.88,TRADE
VIC1,2025-01-26 20:50:00,5289.91,111.88,TRADE
VIC1,2025-01-26 20:55:00,5157.26,111.78,TRADE
VIC1,2025-01-26 21:00:00,5169.87,115.83,TRADE
VIC1,2025-01-26 21:05:00,5178.93,170.23,TRADE
VIC1,2025-01-26 21:10:00,5207.15,132.52,TRADE
VIC1,2025-01-26 21:15:00,5201.98,112.76,TRADE
VIC1,2025-01-26 21:20:00,5102.87,109.69,TRADE
VIC1,2025-01-26 21:25:00,5108.36,110.87,TRADE
VIC1,2025-01-26 21:30:00,5157.05,111.12,TRADE
VIC1,2025-01-26 21:35:00,5104.5,113.61,TRADE
VIC1,2025-01-26 21:40:00,5083.73,113.04,TRADE
VIC1,2025-01-26 21:45:00,4989.29,111.07,TRADE
VIC1,2025-01-26 21:50:00,4970.52,109.39,TRADE
VIC1,2025-01-26 21:55:00,4919.99,89.69,TRADE
VIC1,2025-01-26 22:00:00,4999.18,111.24,TRADE
VIC1,2025-01-26 22:05:00,4868.9,88.19,TRADE
VIC1,2025-01-26 22:10:00,4907.04,86.0,TRADE
VIC1,2025-01-26 22:15:00,4959.61,97.07,TRADE
VIC1,2025-01-26 22:20:00,4983.21,87.0,TRADE
VIC1,2025-01-26 22:25:00,4929.09,82.42,TRADE
VIC1,2025-01-26 22:30:00,4946.0,83.07,TRADE
VIC1,2025-01-26 22:35:00,4913.81,81.7,TRADE
VIC1,2025-01-26 22:40:00,4929.06,81.03,TRADE
VIC1,2025-01-26 22:45:00,4829.49,75.0,TRADE
VIC1,2025-01-26 22:50:00,4882.76,62.35,TRADE
VIC1,2025-01-26 22:55:00,4810.48,66.35,TRADE
VIC1,2025-01-26 23:00:00,4823.4,61.37,TRADE
VIC1,2025-01-26 23:05:00,4852.83,65.93,TRADE
VIC1,2025-01-26 23:10:00,4960.21,78.01,TRADE
VIC1,2025-01-26 23:15:00,5056.12,78.09,TRADE
VIC1,2025-01-26 23:20:00,4987.28,69.23,TRADE
VIC1,2025-01-26 23:25:00,5072.04,75.0,TRADE
VIC1,2025-01-26 23:30:00,4948.54,65.8,TRADE
VIC1,2025-01-26 23:35:00,5051.43,77.69,TRADE
VIC1,2025-01-26 23:40:00,4854.63,75.45,TRADE
VIC1,2025-01-26 23:45:00,4884.37,75.0,TRADE
VIC1,2025-01-26 23:50:00,4843.24,75.0,TRADE
VIC1,2025-01-26 23:55:00,4754.02,65.24,TRADE
VIC1,2025-02-01 00:00:00,4565.69,51.03,TRADE
VIC1,2025-02-01 00:05:00,4664.45,65.08,TRADE
VIC1,2025-02-01 00:10:00,4609.74,64.47,TRADE
VIC1,2025-02-01 00:15:00,4577.65,65.04,TRADE
VIC1,2025-02-01 00:20:00,4568.47,65.19,TRADE
VIC1,2025-02-01 00:25:00,4584.5,65.09,TRADE
VIC1,2025-02-01 00:30:00,4555.31,64.31,TRADE
VIC1,2025-02-01 00:35:00,4527.3,64.43,TRADE
VIC1,2025-02-01 00:40:00,4459.99,64.11,TRADE
VIC1,2025-02-01 00:45:00,4449.48,64.55,TRADE
VIC1,2025-02-01 00:50:00,4483.57,65.09,TRADE
VIC1,2025-02-01 00:55:00,4466.15,48.85,TRADE
VIC1,2025-02-01 01:00:00,4472.2,65.51,TRADE
VIC1,2025-02-01 01:05:00,4458.75,48.35,TRADE
VIC1,2025-02-01 01:10:00,4426.14,48.0,TRADE
VIC1,2025-02-01 01:15:00,4398.45,48.07,TRADE
VIC1,2025-02-01 01:20:00,4425.2,65.56,TRADE
VIC1,2025-02-01 01:25:00,4355.25,35.95,TRADE
VIC1,2025-02-01 01:30:00,4303.3,33.53,TRADE
VIC1,2025-02-01 01:35:00,4323.56,35.95,TRADE
VIC1,2025-02-01 01:40:00,4280.65,35.95,TRADE
VIC1,2025-02-01 01:45:00,4228.65,35.95,TRADE
VIC1,2025-02-01 01:50:00,4241.49,35.95,TRADE
VIC1,2025-02-01 01:55:00,4211.42,35.95,TRADE
VIC1,2025-02-01 02:00:00,4186.77,35.95,TRADE
VIC1,2025-02-01 02:05:00,4202.55,35.95,TRADE
VIC1,2025-02-01 02:10:00,4095.62,30.34,TRADE
VIC1,2025-02-01 02:15:00,4064.97,26.91,TRADE
VIC1,2025-02-01 02:20:00,4088.44,35.95,TRADE
VIC1,2025-02-01 02:25:00,4188.96,35.95,TRADE
VIC1,2025-02-01 02:30:00,4165.55,35.95,TRADE
VIC1,2025-02-01 02:35:00,4202.52,35.95,TRADE
VIC1,2025-02-01 02:40:00,4170.02,35.95,TRADE
VIC1,2025-02-01 02:45:00,4159.17,35.95,TRADE
VIC1,2025-02-01 02:50:00,4193.53,35.95,TRADE
VIC1,2025-02-01 02:55:00,4185.47,35.95,TRADE
VIC1,2025-02-01 03:00:00,4079.36,19.19,TRADE
VIC1,2025-02-01 03:05:00,3982.39,19.19,TRADE
VIC1,2025-02-01 03:10:00,4006.14,35.95,TRADE
VIC1,2025-02-01 03:15:00,4070.8,35.95,TRADE
VIC1,2025-02-01 03:20:00,4075.92,35.95,TRADE
VIC1,2025-02-01 03:25:00,4073.84,35.95,TRADE
VIC1,2025-02-01 03:30:00,4081.07,35.95,TRADE
VIC1,2025-02-01 03:35:00,4123.0,35.95,TRADE
VIC1,2025-02-01 03:40:00,4169.62,35.95,TRADE
VIC1,2025-02-01 03:45:00,4038.27,35.95,TRADE
VIC1,2025-02-01 03:50:00,4108.14,35.95,TRADE
VIC1,2025-02-01 03:55:00,4134.36,20.85,TRADE
VIC1,2025-02-01 04:00:00,4147.22,35.95,TRADE
VIC1,2025-02-01 04:05:00,4140.48,35.95,TRADE
VIC1,2025-02-01 04:10:00,4196.43,35.95,TRADE
VIC1,2025-02-01 04:15:00,4183.39,35.95,TRADE
VIC1,2025-02-01 04:20:00,4192.23,35.95,TRADE
VIC1,2025-02-01 04:25:00,4142.97,35.95,TRADE
VIC1,2025-02-01 04:30:00,4147.46,35.95,TRADE
VIC1,2025-02-01 04:35:00,4150.1,35.95,TRADE
VIC1,2025-02-01 04:40:00,4207.86,35.95,TRADE
VIC1,2025-02-01 04:45:00,4264.89,39.99,TRADE
VIC1,2025-02-01 04:50:00,4242.43,35.95,TRADE
VIC1,2025-02-01 04:55:00,4213.75,35.95,TRADE
VIC1,2025-02-01 05:00:00,4360.09,60.64,TRADE
VIC1,2025-02-01 05:05:00,4434.49,79.0,TRADE
VIC1,2025-02-01 05:10:00,4485.34,71.25,TRADE
VIC1,2025-02-01 05:15:00,4498.12,79.59,TRADE
VIC1,2025-02-01 05:20:00,4457.4,68.76,TRADE
VIC1,2025-02-01 05:25:00,4479.3,79.9,TRADE
VIC1,2025-02-01 05:30:00,4483.01,61.32,TRADE
VIC1,2025-02-01 05:35:00,4465.91,52.86,TRADE
VIC1,2025-02-01 05:40:00,4523.04,80.11,TRADE
VIC1,2025-02-01 05:45:00,4524.7,76.88,TRADE
VIC1,2025-02-01 05:50:00,4502.39,35.95,TRADE
VIC1,2025-02-01 05:55:00,4491.65,35.95,TRADE
VIC1,2025-02-01 06:00:00,4506.16,35.95,TRADE
VIC1,2025-02-01 06:05:00,4475.44,35.95,TRADE
VIC1,2025-02-01 06:10:00,4476.09,33.89,TRADE
VIC1,2025-02-01 06:15:00,4385.57,19.19,TRADE
VIC1,2025-02-01 06:20:00,4327.86,13.19,TRADE
VIC1,2025-02-01 06:25:00,4215.05,11.05,TRADE
VIC1,2025-02-01 06:30:00,4200.52,9.0,TRADE
VIC1,2025-02-01 06:35:00,4237.73,9.0,TRADE
VIC1,2025-02-01 06:40:00,4237.98,19.19,TRADE
VIC1,2025-02-01 06:45:00,4261.82,9.0,TRADE
VIC1,2025-02-01 06:50:00,4342.4,9.0,TRADE
VIC1,2025-02-01 06:55:00,4280.58,9.0,TRADE
VIC1,2025-02-01 07:00:00,4179.03,8.95,TRADE
VIC1,2025-02-01 07:05:00,3969.99,-19.99,TRADE
VIC1,2025-02-01 07:10:00,3869.41,-21.0,TRADE
VIC1,2025-02-01 07:15:00,3818.69,-21.0,TRADE
VIC1,2025-02-01 07:20:00,3858.21,-26.79,TRADE
VIC1,2025-02-01 07:25:00,3857.95,-27.94,TRADE
VIC1,2025-02-01 07:30:00,3723.73,-27.98,TRADE
VIC1,2025-02-01 07:35:00,3740.62,-29.53,TRADE
VIC1,2025-02-01 07:40:00,3790.36,-29.61,TRADE
VIC1,2025-02-01 07:45:00,3784.95,-31.09,TRADE
VIC1,2025-02-01 07:50:00,3707.62,-31.35,TRADE
VIC1,2025-02-01 07:55:00,3572.43,-33.5,TRADE
VIC1,2025-02-01 08:00:00,3580.06,-31.3,TRADE
VIC1,2025-02-01 08:05:00,3488.57,-32.48,TRADE
VIC1,2025-02-01 08:10:00,3517.9,-31.09,TRADE
VIC1,2025-02-01 08:15:00,3406.25,-32.59,TRADE
VIC1,2025-02-01 08:20:00,3380.29,-31.09,TRADE
VIC1,2025-02-01 08:25:00,3281.51,-19.99,TRADE
VIC1,2025-02-01 08:30:00,3179.77,-30.75,TRADE
VIC1,2025-02-01 08:35:00,3171.5,-33.5,TRADE
VIC1,2025-02-01 08:40:00,3155.97,-31.09,TRADE
VIC1,2025-02-01 08:45:00,3119.89,-34.67,TRADE
VIC1,2025-02-01 08:50:00,3116.08,-34.41,TRADE
VIC1,2025-02-01 08:55:00,3017.53,-34.67,TRADE
VIC1,2025-02-01 09:00:00,2981.84,-34.67,TRADE
VIC1,2025-02-01 09:05:00,2943.36,-35.12,TRADE
VIC1,2025-02-01 09:10:00,3004.79,-34.67,TRADE
VIC1,2025-02-01 09:15:00,2926.82,-42.89,TRADE
VIC1,2025-02-01 09:20:00,2814.56,-44.0,TRADE
VIC1,2025-02-01 09:25:00,2765.12,-44.0,TRADE
VIC1,2025-02-01 09:30:00,2725.13,-44.0,TRADE
VIC1,2025-02-01 09:35:00,2683.78,-44.0,TRADE
VIC1,2025-02-01 09:40:00,2668.51,-45.05,TRADE
VIC1,2025-02-01 09:45:00,2661.91,-48.0,TRADE
VIC1,2025-02-01 09:50:00,2686.22,-58.0,TRADE
VIC1,2025-02-01 09:55:00,2629.91,-59.28,TRADE
VIC1,2025-02-01 10:00:00,2598.81,-52.26,TRADE
VIC1,2025-02-01 10:05:00,2625.99,-45.05,TRADE
VIC1,2025-02-01 10:10:00,2580.23,-44.0,TRADE
VIC1,2025-02-01 10:15:00,2629.79,-48.0,TRADE
VIC1,2025-02-01 10:20:00,2489.7,-48.0,TRADE
VIC1,2025-02-01 10:25:00,2498.08,-48.0,TRADE
VIC1,2025-02-01 10:30:00,2544.42,-49.75,TRADE
VIC1,2025-02-01 10:35:00,2613.96,-48.0,TRADE
VIC1,2025-02-01 10:40:00,2582.18,-45.05,TRADE
VIC1,2025-02-01 10:45:00,2614.74,-48.0,TRADE
VIC1,2025-02-01 10:50:00,2539.7,-48.0,TRADE
VIC1,2025-02-01 10:55:00,2503.5,-45.05,TRADE
VIC1,2025-02-01 11:00:00,2416.72,-48.0,TRADE
VIC1,2025-02-01 11:05:00,2420.83,-44.0,TRADE
VIC1,2025-02-01 11:10:00,2452.88,-35.4,TRADE
VIC1,2025-02-01 11:15:00,2537.24,-44.0,TRADE
VIC1,2025-02-01 11:20:00,2438.15,-44.0,TRADE
VIC1,2025-02-01 11:25:00,2476.9,-44.0,TRADE
VIC1,2025-02-01 11:30:00,2509.07,-44.0,TRADE
VIC1,2025-02-01 11:35:00,2534.83,-38.71,TRADE
VIC1,2025-02-01 11:40:00,2541.71,-34.67,TRADE
VIC1,2025-02-01 11:45:00,2536.57,-44.0,TRADE
VIC1,2025-02-01 11:50:00,2539.11,-37.13,TRADE
VIC1,2025-02-01 11:55:00,2619.73,-34.51,TRADE
VIC1,2025-02-01 12:00:00,2673.66,-32.5,TRADE
VIC1,2025-02-01 12:05:00,2710.06,-35.31,TRADE
VIC1,2025-02-01 12:10:00,2793.78,-35.81,TRADE
VIC1,2025-02-01 12:15:00,2791.54,-31.57,TRADE
VIC1,2025-02-01 12:20:00,2833.25,-30.75,TRADE
VIC1,2025-02-01 12:25:00,2787.42,-33.5,TRADE
VIC1,2025-02-01 12:30:00,2724.07,-32.63,TRADE
VIC1,2025-02-01 12:35:00,2881.64,4.4,TRADE
VIC1,2025-02-01 12:40:00,2866.14,8.95,TRADE
VIC1,2025-02-01 12:45:00,2936.53,16.28,TRADE
VIC1,2025-02-01 12:50:00,2902.07,-20.03,TRADE
VIC1,2025-02-01 12:55:00,3004.16,-20.17,TRADE
VIC1,2025-02-01 13:00:00,3002.06,8.95,TRADE
VIC1,2025-02-01 13:05:00,3069.28,1.4,TRADE
VIC1,2025-02-01 13:10:00,3016.15,-29.0,TRADE
VIC1,2025-02-01 13:15:00,3121.62,-19.98,TRADE
VIC1,2025-02-01 13:20:00,3167.32,1.4,TRADE
VIC1,2025-02-01 13:25:00,3200.66,1.4,TRADE
VIC1,2025-02-01 13:30:00,3301.15,-20.19,TRADE
VIC1,2025-02-01 13:35:00,3336.99,0.0,TRADE
VIC1,2025-02-01 13:40:00,3308.28,12.0,TRADE
VIC1,2025-02-01 13:45:00,3338.7,9.24,TRADE
VIC1,2025-02-01 13:50:00,3359.21,15.97,TRADE
VIC1,2025-02-01 13:55:00,3514.19,9.31,TRADE
VIC1,2025-02-01 14:00:00,3572.2,10.0,TRADE
VIC1,2025-02-01 14:05:00,3643.99,0.0,TRADE
VIC1,2025-02-01 14:10:00,3700.45,8.95,TRADE
VIC1,2025-02-01 14:15:00,3800.26,8.95,TRADE
VIC1,2025-02-01 14:20:00,3842.05,12.0,TRADE
VIC1,2025-02-01 14:25:00,3921.63,12.0,TRADE
VIC1,2025-02-01 14:30:00,3966.74,12.0,TRADE
VIC1,2025-02-01 14:35:00,4103.57,44.26,TRADE
VIC1,2025-02-01 14:40:00,4130.2,44.73,TRADE
VIC1,2025-02-01 14:45:00,4070.29,42.45,TRADE
VIC1,2025-02-01 14:50:00,4224.24,46.29,TRADE
VIC1,2025-02-01 14:55:00,4468.75,50.2,TRADE
VIC1,2025-02-01 15:00:00,4410.63,46.68,TRADE
VIC1,2025-02-01 15:05:00,4524.84,45.32,TRADE
VIC1,2025-02-01 15:10:00,4594.1,71.9,TRADE
VIC1,2025-02-01 15:15:00,4786.72,52.2,TRADE
VIC1,2025-02-01 15:20:00,4773.93,83.51,TRADE
VIC1,2025-02-01 15:25:00,4796.97,78.45,TRADE
VIC1,2025-02-01 15:30:00,4834.59,81.08,TRADE
VIC1,2025-02-01 15:35:00,4979.82,77.19,TRADE
VIC1,2025-02-01 15:40:00,5077.2,56.72,TRADE
VIC1,2025-02-01 15:45:00,5145.72,58.7,TRADE
VIC1,2025-02-01 15:50:00,5282.81,119.98,TRADE
VIC1,2025-02-01 15:55:00,5276.7,58.65,TRADE
VIC1,2025-02-01 16:00:00,5415.01,111.04,TRADE
VIC1,2025-02-01 16:05:00,5548.42,122.72,TRADE
VIC1,2025-02-01 16:10:00,5625.17,122.41,TRADE
VIC1,2025-02-01 16:15:00,5764.53,122.73,TRADE
VIC1,2025-02-01 16:20:00,5733.03,72.89,TRADE
VIC1,2025-02-01 16:25:00,5885.69,64.58,TRADE
VIC1,2025-02-01 16:30:00,5999.46,121.18,TRADE
VIC1,2025-02-01 16:35:00,6083.54,120.06,TRADE
VIC1,2025-02-01 16:40:00,6106.46,122.42,TRADE
VIC1,2025-02-01 16:45:00,6165.86,137.96,TRADE
VIC1,2025-02-01 16:50:00,6289.24,137.96,TRADE
VIC1,2025-02-01 16:55:00,6335.02,244.99,TRADE
VIC1,2025-02-01 17:00:00,6488.84,172.71,TRADE
VIC1,2025-02-01 17:05:00,6562.41,119.85,TRADE
VIC1,2025-02-01 17:10:00,6708.86,171.25,TRADE
VIC1,2025-02-01 17:15:00,6779.79,223.37,TRADE
VIC1,2025-02-01 17:20:00,6871.43,299.29,TRADE
VIC1,2025-02-01 17:25:00,7021.7,301.03,TRADE
VIC1,2025-02-01 17:30:00,7045.04,234.32,TRADE
VIC1,2025-02-01 17:35:00,7167.08,157.15,TRADE
VIC1,2025-02-01 17:40:00,7257.98,223.55,TRADE
VIC1,2025-02-01 17:45:00,7388.63,198.04,TRADE
VIC1,2025-02-01 17:50:00,7520.08,239.01,TRADE
VIC1,2025-02-01 17:55:00,7575.54,299.29,TRADE
VIC1,2025-02-01 18:00:00,7663.74,301.03,TRADE
VIC1,2025-02-01 18:05:00,7613.9,172.49,TRADE
VIC1,2025-02-01 18:10:00,7725.73,299.29,TRADE
VIC1,2025-02-01 18:15:00,7761.33,223.39,TRADE
VIC1,2025-02-01 18:20:00,7852.72,492.54,TRADE
VIC1,2025-02-01 18:25:00,7829.92,553.32,TRADE
VIC1,2025-02-01 18:30:00,7926.25,440.75,TRADE
VIC1,2025-02-01 18:35:00,7889.94,358.86,TRADE
VIC1,2025-02-01 18:40:00,7806.59,302.01,TRADE
VIC1,2025-02-01 18:45:00,7733.06,263.94,TRADE
VIC1,2025-02-01 18:50:00,7798.43,230.36,TRADE
VIC1,2025-02-01 18:55:00,7840.29,293.73,TRADE
VIC1,2025-02-01 19:00:00,7814.52,294.58,TRADE
VIC1,2025-02-01 19:05:00,7810.9,466.66,TRADE
VIC1,2025-02-01 19:10:00,7899.44,369.9,TRADE
VIC1,2025-02-01 19:15:00,7907.76,390.7,TRADE
VIC1,2025-02-01 19:20:00,7807.13,367.41,TRADE
VIC1,2025-02-01 19:25:00,7766.74,366.38,TRADE
VIC1,2025-02-01 19:30:00,7746.73,364.31,TRADE
VIC1,2025-02-01 19:35:00,7720.18,365.06,TRADE
VIC1,2025-02-01 19:40:00,7186.03,160.0,TRADE
VIC1,2025-02-01 19:45:00,7148.88,218.52,TRADE
VIC1,2025-02-01 19:50:00,7165.36,190.89,TRADE
VIC1,2025-02-01 19:55:00,7172.74,189.12,TRADE
VIC1,2025-02-01 20:00:00,7068.52,160.3,TRADE
VIC1,2025-02-01 20:05:00,7075.19,189.02,TRADE
VIC1,2025-02-01 20:10:00,7051.73,197.4,TRADE
VIC1,2025-02-01 20:15:00,6964.4,160.0,TRADE
VIC1,2025-02-01 20:20:00,6803.0,154.03,TRADE
VIC1,2025-02-01 20:25:00,6776.1,156.18,TRADE
VIC1,2025-02-01 20:30:00,6754.96,155.76,TRADE
VIC1,2025-02-01 20:35:00,6862.72,160.0,TRADE
VIC1,2025-02-01 20:40:00,6829.44,160.0,TRADE
VIC1,2025-02-01 20:45:00,6900.83,162.48,TRADE
VIC1,2025-02-01 20:50:00,6818.39,161.2,TRADE
VIC1,2025-02-01 20:55:00,6846.68,192.79,TRADE
VIC1,2025-02-01 21:00:00,6707.44,131.11,TRADE
VIC1,2025-02-01 21:05:00,6603.91,161.7,TRADE
VIC1,2025-02-01 21:10:00,6562.37,163.69,TRADE
VIC1,2025-02-01 21:15:00,6588.93,189.63,TRADE
VIC1,2025-02-01 21:20:00,6582.71,164.98,TRADE
VIC1,2025-02-01 21:25:00,6454.41,131.03,TRADE
VIC1,2025-02-01 21:30:00,6394.97,129.69,TRADE
VIC1,2025-02-01 21:35:00,6322.79,130.55,TRADE
VIC1,2025-02-01 21:40:00,6246.24,154.56,TRADE
VIC1,2025-02-01 21:45:00,6114.61,127.73,TRADE
VIC1,2025-02-01 21:50:00,6048.88,127.29,TRADE
VIC1,2025-02-01 21:55:00,5959.41,124.94,TRADE
VIC1,2025-02-01 22:00:00,5969.75,124.94,TRADE
VIC1,2025-02-01 22:05:00,5803.48,120.0,TRADE
VIC1,2025-02-01 22:10:00,5829.29,125.24,TRADE
VIC1,2025-02-01 22:15:00,5864.05,126.61,TRADE
VIC1,2025-02-01 22:20:00,5829.93,114.15,TRADE
VIC1,2025-02-01 22:25:00,5777.57,113.0,TRADE
VIC1,2025-02-01 22:30:00,5766.42,113.57,TRADE
VIC1,2025-02-01 22:35:00,5700.35,113.86,TRADE
VIC1,2025-02-01 22:40:00,5615.98,114.15,TRADE
VIC1,2025-02-01 22:45:00,5437.48,100.01,TRADE
VIC1,2025-02-01 22:50:00,5362.31,108.88,TRADE
VIC1,2025-02-01 22:55:00,5389.45,109.52,TRADE
VIC1,2025-02-01 23:00:00,5393.89,100.01,TRADE
VIC1,2025-02-01 23:05:00,5342.7,120.63,TRADE
VIC1,2025-02-01 23:10:00,5507.26,146.26,TRADE
VIC1,2025-02-01 23:15:00,5520.81,156.85,TRADE
VIC1,2025-02-01 23:20:00,5520.95,128.94,TRADE
VIC1,2025-02-01 23:25:00,5507.37,131.73,TRADE
VIC1,2025-02-01 23:30:00,5481.04,124.62,TRADE
VIC1,2025-02-01 23:35:00,5465.08,120.0,TRADE
VIC1,2025-02-01 23:40:00,5478.71,130.8,TRADE
VIC1,2025-02-01 23:45:00,5429.7,127.95,TRADE
VIC1,2025-02-01 23:50:00,5259.96,124.94,TRADE
VIC1,2025-02-01 23:55:00,5241.48,116.51,TRADE
VIC1,2025-02-02 00:00:00,5188.61,110.95,TRADE
VIC1,2025-02-02 00:05:00,5208.98,116.21,TRADE
VIC1,2025-02-02 00:10:00,4983.57,111.88,TRADE
VIC1,2025-02-02 00:15:00,4931.51,114.73,TRADE
VIC1,2025-02-02 00:20:00,4901.54,111.68,TRADE
VIC1,2025-02-02 00:25:00,4885.01,107.75,TRADE
VIC1,2025-02-02 00:30:00,4854.07,95.01,TRADE
VIC1,2025-02-02 00:35:00,4895.65,114.44,TRADE
VIC1,2025-02-02 00:40:00,4852.26,114.73,TRADE
VIC1,2025-02-02 00:45:00,4766.53,112.31,TRADE
VIC1,2025-02-02 00:50:00,4805.18,113.0,TRADE
VIC1,2025-02-02 00:55:00,4749.39,101.53,TRADE
VIC1,2025-02-02 01:00:00,4735.89,96.42,TRADE
VIC1,2025-02-02 01:05:00,4630.08,90.89,TRADE
VIC1,2025-02-02 01:10:00,4645.52,87.64,TRADE
VIC1,2025-02-02 01:15:00,4693.35,91.92,TRADE
VIC1,2025-02-02 01:20:00,4598.85,82.09,TRADE
VIC1,2025-02-02 01:25:00,4675.55,89.63,TRADE
VIC1,2025-02-02 01:30:00,4641.18,95.63,TRADE
VIC1,2025-02-02 01:35:00,4566.45,86.64,TRADE
VIC1,2025-02-02 01:40:00,4608.79,95.62,TRADE
VIC1,2025-02-02 01:45:00,4574.98,82.32,TRADE
VIC1,2025-02-02 01:50:00,4530.31,79.49,TRADE
VIC1,2025-02-02 01:55:00,4462.75,77.92,TRADE
VIC1,2025-02-02 02:00:00,4432.3,73.02,TRADE
VIC1,2025-02-02 02:05:00,4497.03,76.44,TRADE
VIC1,2025-02-02 02:10:00,4508.94,74.73,TRADE
VIC1,2025-02-02 02:15:00,4466.01,71.71,TRADE
VIC1,2025-02-02 02:20:00,4485.67,71.18,TRADE
VIC1,2025-02-02 02:25:00,4428.75,70.01,TRADE
VIC1,2025-02-02 02:30:00,4459.77,69.56,TRADE
VIC1,2025-02-02 02:35:00,4335.96,48.64,TRADE
VIC1,2025-02-02 02:40:00,4325.84,48.25,TRADE
VIC1,2025-02-02 02:45:00,4415.73,54.89,TRADE
VIC1,2025-02-02 02:50:00,4371.24,48.69,TRADE
VIC1,2025-02-02 02:55:00,4329.58,49.62,TRADE
VIC1,2025-02-02 03:00:00,4400.43,49.99,TRADE
VIC1,2025-02-02 03:05:00,4400.36,53.51,TRADE
VIC1,2025-02-02 03:10:00,4384.45,66.68,TRADE
VIC1,2025-02-02 03:15:00,4319.32,51.6,TRADE
VIC1,2025-02-02 03:20:00,4344.26,49.23,TRADE
VIC1,2025-02-02 03:25:00,4408.54,59.0,TRADE
VIC1,2025-02-02 03:30:00,4409.95,49.88,TRADE
VIC1,2025-02-02 03:35:00,4408.88,49.26,TRADE
VIC1,2025-02-02 03:40:00,4423.44,50.95,TRADE
VIC1,2025-02-02 03:45:00,4405.36,59.0,TRADE
VIC1,2025-02-02 03:50:00,4427.04,48.91,TRADE
VIC1,2025-02-02 03:55:00,4398.68,47.53,TRADE
VIC1,2025-02-02 04:00:00,4361.48,35.95,TRADE
VIC1,2025-02-02 04:05:00,4302.34,19.19,TRADE
VIC1,2025-02-02 04:10:00,4253.06,12.0,TRADE
VIC1,2025-02-02 04:15:00,4365.36,60.93,TRADE
VIC1,2025-02-02 04:20:00,4264.57,19.19,TRADE
VIC1,2025-02-02 04:25:00,4351.18,19.19,TRADE
VIC1,2025-02-02 04:30:00,4386.77,19.19,TRADE
VIC1,2025-02-02 04:35:00,4274.88,12.0,TRADE
VIC1,2025-02-02 04:40:00,4316.25,19.19,TRADE
VIC1,2025-02-02 04:45:00,4273.59,19.19,TRADE
VIC1,2025-02-02 04:50:00,4308.18,19.19,TRADE
VIC1,2025-02-02 04:55:00,4380.44,19.19,TRADE
VIC1,2025-02-02 05:00:00,4309.56,19.19,TRADE
VIC1,2025-02-02 05:05:00,4405.35,19.19,TRADE
VIC1,2025-02-02 05:10:00,4388.75,19.19,TRADE
VIC1,2025-02-02 05:15:00,4419.06,19.19,TRADE
VIC1,2025-02-02 05:20:00,4329.31,8.95,TRADE
VIC1,2025-02-02 05:25:00,4297.34,9.0,TRADE
VIC1,2025-02-02 05:30:00,4277.22,8.95,TRADE
VIC1,2025-02-02 05:35:00,4359.99,8.95,TRADE
VIC1,2025-02-02 05:40:00,4436.55,8.95,TRADE
VIC1,2025-02-02 05:45:00,4386.15,8.95,TRADE
VIC1,2025-02-02 05:50:00,4333.64,8.95,TRADE
VIC1,2025-02-02 05:55:00,4338.48,8.95,TRADE
VIC1,2025-02-02 06:00:00,4436.83,8.95,TRADE
VIC1,2025-02-02 06:05:00,4411.77,-7.03,TRADE
VIC1,2025-02-02 06:10:00,4548.12,8.95,TRADE
VIC1,2025-02-02 06:15:00,4444.19,0.0,TRADE
VIC1,2025-02-02 06:20:00,4469.13,3.0,TRADE
VIC1,2025-02-02 06:25:00,4371.35,0.0,TRADE
VIC1,2025-02-02 06:30:00,4408.44,0.0,TRADE
VIC1,2025-02-02 06:35:00,4407.84,-7.37,TRADE
VIC1,2025-02-02 06:40:00,4502.13,0.0,TRADE
VIC1,2025-02-02 06:45:00,4465.62,-7.3,TRADE
VIC1,2025-02-02 06:50:00,4404.96,0.15,TRADE
VIC1,2025-02-02 06:55:00,4338.77,-7.19,TRADE
VIC1,2025-02-02 07:00:00,4314.76,-16.31,TRADE
VIC1,2025-02-02 07:05:00,4273.64,-7.35,TRADE
VIC1,2025-02-02 07:10:00,4268.2,-19.1,TRADE
VIC1,2025-02-02 07:15:00,4404.11,-27.91,TRADE
VIC1,2025-02-02 07:20:00,4378.19,-19.43,TRADE
VIC1,2025-02-02 07:25:00,4305.91,-14.2,TRADE
VIC1,2025-02-02 07:30:00,4221.64,-27.24,TRADE
VIC1,2025-02-02 07:35:00,4222.78,-26.87,TRADE
VIC1,2025-02-02 07:40:00,4226.14,-19.57,TRADE
VIC1,2025-02-02 07:45:00,4264.64,-13.63,TRADE
VIC1,2025-02-02 07:50:00,4206.26,-19.99,TRADE
VIC1,2025-02-02 07:55:00,4142.25,-19.57,TRADE
VIC1,2025-02-02 08:00:00,3982.03,-19.99,TRADE
VIC1,2025-02-02 08:05:00,4055.32,-19.99,TRADE
VIC1,2025-02-02 08:10:00,4098.11,-21.0,TRADE
VIC1,2025-02-02 08:15:00,4279.82,-18.08,TRADE
VIC1,2025-02-02 08:20:00,4152.5,-21.0,TRADE
VIC1,2025-02-02 08:25:00,4043.36,-20.1,TRADE
VIC1,2025-02-02 08:30:00,4070.31,-19.99,TRADE
VIC1,2025-02-02 08:35:00,4038.67,-29.0,TRADE
VIC1,2025-02-02 08:40:00,4051.08,-21.0,TRADE
VIC1,2025-02-02 08:45:00,3989.02,-29.0,TRADE
VIC1,2025-02-02 08:50:00,4017.94,-19.99,TRADE
VIC1,2025-02-02 08:55:00,3998.01,-18.08,TRADE
VIC1,2025-02-02 09:00:00,4140.54,-19.99,TRADE
VIC1,2025-02-02 09:05:00,4226.03,-33.5,TRADE
VIC1,2025-02-02 09:10:00,4223.97,-33.5,TRADE
VIC1,2025-02-02 09:15:00,4313.68,-31.94,TRADE
VIC1,2025-02-02 09:20:00,4277.7,-31.15,TRADE
VIC1,2025-02-02 09:25:00,4280.5,-27.48,TRADE
VIC1,2025-02-02 09:30:00,4272.11,-27.47,TRADE
VIC1,2025-02-02 09:35:00,4339.5,-20.19,TRADE
VIC1,2025-02-02 09:40:00,4351.87,-19.99,TRADE
VIC1,2025-02-02 09:45:00,4339.03,-18.78,TRADE
VIC1,2025-02-02 09:50:00,4299.43,-29.0,TRADE
VIC1,2025-02-02 09:55:00,4366.33,-26.3,TRADE
VIC1,2025-02-02 10:00:00,4351.37,-31.48,TRADE
VIC1,2025-02-02 10:05:00,4432.57,-29.0,TRADE
VIC1,2025-02-02 10:10:00,4303.18,-31.59,TRADE
VIC1,2025-02-02 10:15:00,4275.33,-30.93,TRADE
VIC1,2025-02-02 10:20:00,4314.71,-20.19,TRADE
VIC1,2025-02-02 10:25:00,4323.29,-18.81,TRADE
VIC1,2025-02-02 10:30:00,4365.47,-18.78,TRADE
VIC1,2025-02-02 10:35:00,4400.29,-21.17,TRADE
VIC1,2025-02-02 10:40:00,4488.11,-21.0,TRADE
VIC1,2025-02-02 10:45:00,4536.21,-18.08,TRADE
VIC1,2025-02-02 10:50:00,4499.41,-21.0,TRADE
VIC1,2025-02-02 10:55:00,4571.94,-9.78,TRADE
VIC1,2025-02-02 11:00:00,4828.37,-19.99,TRADE
VIC1,2025-02-02 11:05:00,4903.86,3.62,TRADE
VIC1,2025-02-02 11:10:00,4927.46,7.85,TRADE
VIC1,2025-02-02 11:15:00,5060.58,0.0,TRADE
VIC1,2025-02-02 11:20:00,5143.64,9.1,TRADE
VIC1,2025-02-02 11:25:00,5262.03,12.22,TRADE
VIC1,2025-02-02 11:30:00,5332.65,12.58,TRADE
VIC1,2025-02-02 11:35:00,5237.42,-8.98,TRADE
VIC1,2025-02-02 11:40:00,5312.14,12.0,TRADE
VIC1,2025-02-02 11:45:00,5357.02,43.14,TRADE
VIC1,2025-02-02 11:50:00,5465.24,29.46,TRADE
VIC1,2025-02-02 11:55:00,5474.13,9.88,TRADE
VIC1,2025-02-02 12:00:00,5529.74,9.1,TRADE
VIC1,2025-02-02 12:05:00,5470.35,8.95,TRADE
VIC1,2025-02-02 12:10:00,5494.62,9.1,TRADE
VIC1,2025-02-02 12:15:00,5408.15,6.74,TRADE
VIC1,2025-02-02 12:20:00,5476.8,12.3,TRADE
VIC1,2025-02-02 12:25:00,5415.88,12.0,TRADE
VIC1,2025-02-02 12:30:00,5429.31,12.0,TRADE
VIC1,2025-02-02 12:35:00,5487.55,12.0,TRADE
VIC1,2025-02-02 12:40:00,5422.46,20.27,TRADE
VIC1,2025-02-02 12:45:00,5374.24,20.04,TRADE
VIC1,2025-02-02 12:50:00,5479.96,13.16,TRADE
VIC1,2025-02-02 12:55:00,5480.22,20.04,TRADE
VIC1,2025-02-02 13:00:00,5447.91,-15.19,TRADE
VIC1,2025-02-02 13:05:00,5613.63,8.95,TRADE
VIC1,2025-02-02 13:10:00,5667.51,33.0,TRADE
VIC1,2025-02-02 13:15:00,5574.3,8.95,TRADE
VIC1,2025-02-02 13:20:00,5666.64,12.0,TRADE
VIC1,2025-02-02 13:25:00,5671.68,17.4,TRADE
VIC1,2025-02-02 13:30:00,5649.59,12.0,TRADE
VIC1,2025-02-02 13:35:00,5797.22,31.6,TRADE
VIC1,2025-02-02 13:40:00,5868.51,33.0,TRADE
VIC1,2025-02-02 13:45:00,5794.72,33.0,TRADE
VIC1,2025-02-02 13:50:00,5939.81,20.04,TRADE
VIC1,2025-02-02 13:55:00,5984.33,20.04,TRADE
VIC1,2025-02-02 14:00:00,6052.55,33.0,TRADE
VIC1,2025-02-02 14:05:00,6006.29,20.04,TRADE
VIC1,2025-02-02 14:10:00,6079.65,27.17,TRADE
VIC1,2025-02-02 14:15:00,6219.6,33.0,TRADE
VIC1,2025-02-02 14:20:00,6336.25,55.47,TRADE
VIC1,2025-02-02 14:25:00,6386.15,72.26,TRADE
VIC1,2025-02-02 14:30:00,6333.5,90.0,TRADE
VIC1,2025-02-02 14:35:00,6497.69,40.4,TRADE
VIC1,2025-02-02 14:40:00,6469.79,56.57,TRADE
VIC1,2025-02-02 14:45:00,6606.98,73.51,TRADE
VIC1,2025-02-02 14:50:00,6647.92,59.07,TRADE
VIC1,2025-02-02 14:55:00,6819.93,61.05,TRADE
VIC1,2025-02-02 15:00:00,6853.54,113.57,TRADE
VIC1,2025-02-02 15:05:00,6938.34,115.32,TRADE
VIC1,2025-02-02 15:10:00,6984.02,110.18,TRADE
VIC1,2025-02-02 15:15:00,7214.76,119.8,TRADE
VIC1,2025-02-02 15:20:00,7174.33,128.34,TRADE
VIC1,2025-02-02 15:25:00,7159.7,133.73,TRADE
VIC1,2025-02-02 15:30:00,7180.86,174.09,TRADE
VIC1,2025-02-02 15:35:00,7342.01,119.8,TRADE
VIC1,2025-02-02 15:40:00,7248.54,80.16,TRADE
VIC1,2025-02-02 15:45:00,7403.31,83.94,TRADE
VIC1,2025-02-02 15:50:00,7439.4,84.08,TRADE
VIC1,2025-02-02 15:55:00,7439.14,82.35,TRADE
VIC1,2025-02-02 16:00:00,7666.15,168.58,TRADE
VIC1,2025-02-02 16:05:00,7688.73,134.62,TRADE
VIC1,2025-02-02 16:10:00,7744.11,166.71,TRADE
VIC1,2025-02-02 16:15:00,7880.98,227.97,TRADE
VIC1,2025-02-02 16:20:00,7927.74,135.13,TRADE
VIC1,2025-02-02 16:25:00,8100.73,167.42,TRADE
VIC1,2025-02-02 16:30:00,8131.7,183.85,TRADE
VIC1,2025-02-02 16:35:00,8174.58,165.98,TRADE
VIC1,2025-02-02 16:40:00,8254.32,225.29,TRADE
VIC1,2025-02-02 16:45:00,8436.84,301.03,TRADE
VIC1,2025-02-02 16:50:00,8552.22,301.03,TRADE
VIC1,2025-02-02 16:55:00,8753.28,301.03,TRADE
VIC1,2025-02-02 17:00:00,8824.55,384.25,TRADE
VIC1,2025-02-02 17:05:00,8983.7,301.03,TRADE
VIC1,2025-02-02 17:10:00,9019.22,301.03,TRADE
VIC1,2025-02-02 17:15:00,9091.48,301.03,TRADE
VIC1,2025-02-02 17:20:00,9142.99,301.03,TRADE
VIC1,2025-02-02 17:25:00,9242.32,301.03,TRADE
VIC1,2025-02-02 17:30:00,9285.9,324.54,TRADE
VIC1,2025-02-02 17:35:00,9432.54,365.41,TRADE
VIC1,2025-02-02 17:40:00,9251.09,299.73,TRADE
VIC1,2025-02-02 17:45:00,9283.06,301.03,TRADE
VIC1,2025-02-02 17:50:00,9338.73,301.03,TRADE
VIC1,2025-02-02 17:55:00,9250.85,292.53,TRADE
VIC1,2025-02-02 18:00:00,9285.03,292.53,TRADE
VIC1,2025-02-02 18:05:00,9306.64,213.41,TRADE
VIC1,2025-02-02 18:10:00,9156.74,224.23,TRADE
VIC1,2025-02-02 18:15:00,9165.69,297.72,TRADE
VIC1,2025-02-02 18:20:00,9189.63,299.21,TRADE
VIC1,2025-02-02 18:25:00,9265.75,297.01,TRADE
VIC1,2025-02-02 18:30:00,9272.94,299.29,TRADE
VIC1,2025-02-02 18:35:00,9307.18,299.29,TRADE
VIC1,2025-02-02 18:40:00,9247.66,294.04,TRADE
VIC1,2025-02-02 18:45:00,9100.54,286.58,TRADE
VIC1,2025-02-02 18:50:00,9054.58,285.61,TRADE
VIC1,2025-02-02 18:55:00,8866.09,279.8,TRADE
VIC1,2025-02-02 19:00:00,8789.33,227.64,TRADE
VIC1,2025-02-02 19:05:00,8716.84,219.81,TRADE
VIC1,2025-02-02 19:10:00,8586.85,218.62,TRADE
VIC1,2025-02-02 19:15:00,8516.11,205.15,TRADE
VIC1,2025-02-02 19:20:00,8378.27,156.79,TRADE
VIC1,2025-02-02 19:25:00,8310.56,150.75,TRADE
VIC1,2025-02-02 19:30:00,8255.38,151.57,TRADE
VIC1,2025-02-02 19:35:00,8228.76,208.85,TRADE
VIC1,2025-02-02 19:40:00,8201.1,160.0,TRADE
VIC1,2025-02-02 19:45:00,8092.95,160.0,TRADE
VIC1,2025-02-02 19:50:00,8062.19,150.44,TRADE
VIC1,2025-02-02 19:55:00,7935.93,142.88,TRADE
VIC1,2025-02-02 20:00:00,7892.69,137.96,TRADE
VIC1,2025-02-02 20:05:00,7898.76,157.14,TRADE
VIC1,2025-02-02 20:10:00,7748.6,155.1,TRADE
VIC1,2025-02-02 20:15:00,7686.56,155.45,TRADE
VIC1,2025-02-02 20:20:00,7643.83,165.75,TRADE
VIC1,2025-02-02 20:25:00,7574.72,162.68,TRADE
VIC1,2025-02-02 20:30:00,7538.67,132.21,TRADE
VIC1,2025-02-02 20:35:00,7577.72,166.2,TRADE
VIC1,2025-02-02 20:40:00,7538.83,145.6,TRADE
VIC1,2025-02-02 20:45:00,7425.79,136.36,TRADE
VIC1,2025-02-02 20:50:00,7334.69,106.06,TRADE
VIC1,2025-02-02 20:55:00,7157.7,94.91,TRADE
VIC1,2025-02-02 21:00:00,7107.74,80.31,TRADE
VIC1,2025-02-02 21:05:00,7022.93,100.01,TRADE
VIC1,2025-02-02 21:10:00,6946.48,126.58,TRADE
VIC1,2025-02-02 21:15:00,6820.8,93.36,TRADE
VIC1,2025-02-02 21:20:00,6687.76,90.0,TRADE
VIC1,2025-02-02 21:25:00,6561.13,90.88,TRADE
VIC1,2025-02-02 21:30:00,6392.26,79.0,TRADE
VIC1,2025-02-02 21:35:00,6395.05,92.37,TRADE
VIC1,2025-02-02 21:40:00,6422.67,100.01,TRADE
VIC1,2025-02-02 21:45:00,6418.09,120.0,TRADE
VIC1,2025-02-02 21:50:00,6250.12,101.43,TRADE
VIC1,2025-02-02 21:55:00,6337.21,100.01,TRADE
VIC1,2025-02-02 22:00:00,6150.22,91.71,TRADE
VIC1,2025-02-02 22:05:00,6044.73,123.48,TRADE
VIC1,2025-02-02 22:10:00,6052.67,129.19,TRADE
VIC1,2025-02-02 22:15:00,6105.31,131.33,TRADE
VIC1,2025-02-02 22:20:00,6108.38,124.25,TRADE
VIC1,2025-02-02 22:25:00,5976.34,119.91,TRADE
VIC1,2025-02-02 22:30:00,5836.36,100.01,TRADE
VIC1,2025-02-02 22:35:00,5867.84,120.21,TRADE
VIC1,2025-02-02 22:40:00,5742.5,119.01,TRADE
VIC1,2025-02-02 22:45:00,5695.21,103.31,TRADE
VIC1,2025-02-02 22:50:00,5718.84,100.01,TRADE
VIC1,2025-02-02 22:55:00,5733.51,94.63,TRADE
VIC1,2025-02-02 23:00:00,5657.15,86.86,TRADE
VIC1,2025-02-02 23:05:00,5616.76,79.0,TRADE
VIC1,2025-02-02 23:10:00,5824.24,82.63,TRADE
VIC1,2025-02-02 23:15:00,5734.27,85.93,TRADE
VIC1,2025-02-02 23:20:00,5733.41,82.43,TRADE
VIC1,2025-02-02 23:25:00,5747.29,79.0,TRADE
VIC1,2025-02-02 23:30:00,5650.89,78.53,TRADE
VIC1,2025-02-02 23:35:00,5738.52,79.0,TRADE
VIC1,2025-02-02 23:40:00,5678.11,79.0,TRADE
VIC1,2025-02-02 23:45:00,5497.94,9.0,TRADE
VIC1,2025-02-02 23:50:00,5450.72,17.26,TRADE
VIC1,2025-02-02 23:55:00,5381.37,13.38,TRADE
VIC1,2025-02-08 00:00:00,4447.65,14.39,TRADE
VIC1,2025-02-08 00:05:00,4407.51,23.1,TRADE
VIC1,2025-02-08 00:10:00,4318.7,12.0,TRADE
VIC1,2025-02-08 00:15:00,4314.79,12.0,TRADE
VIC1,2025-02-08 00:20:00,4295.65,14.01,TRADE
VIC1,2025-02-08 00:25:00,4181.14,8.95,TRADE
VIC1,2025-02-08 00:30:00,4253.75,14.01,TRADE
VIC1,2025-02-08 00:35:00,4209.46,9.0,TRADE
VIC1,2025-02-08 00:40:00,4174.97,9.0,TRADE
VIC1,2025-02-08 00:45:00,4086.28,9.06,TRADE
VIC1,2025-02-08 00:50:00,4046.0,9.37,TRADE
VIC1,2025-02-08 00:55:00,4032.54,9.15,TRADE
VIC1,2025-02-08 01:00:00,3994.62,9.0,TRADE
VIC1,2025-02-08 01:05:00,4002.09,14.01,TRADE
VIC1,2025-02-08 01:10:00,4011.75,19.19,TRADE
VIC1,2025-02-08 01:15:00,3976.44,19.19,TRADE
VIC1,2025-02-08 01:20:00,4009.01,19.19,TRADE
VIC1,2025-02-08 01:25:00,3979.67,19.19,TRADE
VIC1,2025-02-08 01:30:00,3880.81,9.0,TRADE
VIC1,2025-02-08 01:35:00,3953.73,19.19,TRADE
VIC1,2025-02-08 01:40:00,3936.56,19.19,TRADE
VIC1,2025-02-08 01:45:00,3921.81,19.19,TRADE
VIC1,2025-02-08 01:50:00,3906.16,19.19,TRADE
VIC1,2025-02-08 01:55:00,3844.54,19.19,TRADE
VIC1,2025-02-08 02:00:00,3850.69,12.0,TRADE
VIC1,2025-02-08 02:05:00,3848.02,12.0,TRADE
VIC1,2025-02-08 02:10:00,3928.48,80.75,TRADE
VIC1,2025-02-08 02:15:00,3978.57,25.3,TRADE
VIC1,2025-02-08 02:20:00,3972.1,35.95,TRADE
VIC1,2025-02-08 02:25:00,4046.72,35.95,TRADE
VIC1,2025-02-08 02:30:00,4030.98,35.95,TRADE
VIC1,2025-02-08 02:35:00,4041.51,35.95,TRADE
VIC1,2025-02-08 02:40:00,3954.91,35.95,TRADE
VIC1,2025-02-08 02:45:00,3900.99,31.96,TRADE
VIC1,2025-02-08 02:50:00,3890.45,35.95,TRADE
VIC1,2025-02-08 02:55:00,3901.16,35.95,TRADE
VIC1,2025-02-08 03:00:00,3905.35,35.95,TRADE
VIC1,2025-02-08 03:05:00,3953.85,35.95,TRADE
VIC1,2025-02-08 03:10:00,3930.34,35.95,TRADE
VIC1,2025-02-08 03:15:00,3891.91,35.95,TRADE
VIC1,2025-02-08 03:20:00,3826.02,35.95,TRADE
VIC1,2025-02-08 03:25:00,3924.96,35.95,TRADE
VIC1,2025-02-08 03:30:00,3831.27,35.15,TRADE
VIC1,2025-02-08 03:35:00,3843.85,35.29,TRADE
VIC1,2025-02-08 03:40:00,3844.99,34.32,TRADE
VIC1,2025-02-08 03:45:00,3871.95,35.95,TRADE
VIC1,2025-02-08 03:50:00,3854.32,35.95,TRADE
VIC1,2025-02-08 03:55:00,3848.02,35.95,TRADE
VIC1,2025-02-08 04:00:00,3866.68,35.95,TRADE
VIC1,2025-02-08 04:05:00,3930.86,35.95,TRADE
VIC1,2025-02-08 04:10:00,3924.93,35.95,TRADE
VIC1,2025-02-08 04:15:00,3930.53,35.95,TRADE
VIC1,2025-02-08 04:20:00,3929.13,35.95,TRADE
VIC1,2025-02-08 04:25:00,4045.51,40.17,TRADE
VIC1,2025-02-08 04:30:00,3953.26,35.95,TRADE
VIC1,2025-02-08 04:35:00,3954.76,35.95,TRADE
VIC1,2025-02-08 04:40:00,3963.9,35.95,TRADE
VIC1,2025-02-08 04:45:00,3953.39,35.95,TRADE
VIC1,2025-02-08 04:50:00,3994.18,35.95,TRADE
VIC1,2025-02-08 04:55:00,3991.65,35.95,TRADE
VIC1,2025-02-08 05:00:00,3967.81,35.95,TRADE
VIC1,2025-02-08 05:05:00,4030.91,35.95,TRADE
VIC1,2025-02-08 05:10:00,4088.64,35.95,TRADE
VIC1,2025-02-08 05:15:00,4032.88,35.95,TRADE
VIC1,2025-02-08 05:20:00,4056.59,35.95,TRADE
VIC1,2025-02-08 05:25:00,4149.42,35.95,TRADE
VIC1,2025-02-08 05:30:00,4156.7,35.95,TRADE
VIC1,2025-02-08 05:35:00,4181.13,12.0,TRADE
VIC1,2025-02-08 05:40:00,4190.69,12.0,TRADE
VIC1,2025-02-08 05:45:00,4188.75,9.1,TRADE
VIC1,2025-02-08 05:50:00,4219.15,19.19,TRADE
VIC1,2025-02-08 05:55:00,4250.86,19.19,TRADE
VIC1,2025-02-08 06:00:00,4225.06,19.19,TRADE
VIC1,2025-02-08 06:05:00,4262.82,19.19,TRADE
VIC1,2025-02-08 06:10:00,4282.99,19.19,TRADE
VIC1,2025-02-08 06:15:00,4347.96,19.19,TRADE
VIC1,2025-02-08 06:20:00,4254.25,9.0,TRADE
VIC1,2025-02-08 06:25:00,4268.26,9.1,TRADE
VIC1,2025-02-08 06:30:00,4311.0,9.0,TRADE
VIC1,2025-02-08 06:35:00,4309.07,8.95,TRADE
VIC1,2025-02-08 06:40:00,4236.09,8.95,TRADE
VIC1,2025-02-08 06:45:00,4231.63,5.35,TRADE
VIC1,2025-02-08 06:50:00,4216.82,8.95,TRADE
VIC1,2025-02-08 06:55:00,4097.93,0.0,TRADE
VIC1,2025-02-08 07:00:00,4090.55,-0.27,TRADE
VIC1,2025-02-08 07:05:00,4223.51,33.73,TRADE
VIC1,2025-02-08 07:10:00,4091.55,9.0,TRADE
VIC1,2025-02-08 07:15:00,3955.9,-5.63,TRADE
VIC1,2025-02-08 07:20:00,3958.49,-4.47,TRADE
VIC1,2025-02-08 07:25:00,4016.53,-33.02,TRADE
VIC1,2025-02-08 07:30:00,3913.46,-32.0,TRADE
VIC1,2025-02-08 07:35:00,3695.18,-35.38,TRADE
VIC1,2025-02-08 07:40:00,3725.54,-34.67,TRADE
VIC1,2025-02-08 07:45:00,3772.21,-36.07,TRADE
VIC1,2025-02-08 07:50:00,3787.38,-34.67,TRADE
VIC1,2025-02-08 07:55:00,3772.81,-37.19,TRADE
VIC1,2025-02-08 08:00:00,3694.52,-37.19,TRADE
VIC1,2025-02-08 08:05:00,3655.07,-45.0,TRADE
VIC1,2025-02-08 08:10:00,3580.09,-34.67,TRADE
VIC1,2025-02-08 08:15:00,3669.04,-35.28,TRADE
VIC1,2025-02-08 08:20:00,3679.53,-34.67,TRADE
VIC1,2025-02-08 08:25:00,3731.37,-40.88,TRADE
VIC1,2025-02-08 08:30:00,3637.33,-45.7,TRADE
VIC1,2025-02-08 08:35:00,3706.48,-40.32,TRADE
VIC1,2025-02-08 08:40:00,3665.79,-34.67,TRADE
VIC1,2025-02-08 08:45:00,3555.93,-37.19,TRADE
VIC1,2025-02-08 08:50:00,3492.31,-43.81,TRADE
VIC1,2025-02-08 08:55:00,3474.67,-43.97,TRADE
VIC1,2025-02-08 09:00:00,3532.75,-48.0,TRADE
VIC1,2025-02-08 09:05:00,3520.79,-43.59,TRADE
VIC1,2025-02-08 09:10:00,3492.6,-44.2,TRADE
VIC1,2025-02-08 09:15:00,3504.87,-37.19,TRADE
VIC1,2025-02-08 09:20:00,3479.13,-50.08,TRADE
VIC1,2025-02-08 09:25:00,3492.94,-44.0,TRADE
VIC1,2025-02-08 09:30:00,3541.05,-48.0,TRADE
VIC1,2025-02-08 09:35:00,3508.08,-37.19,TRADE
VIC1,2025-02-08 09:40:00,3532.56,-44.0,TRADE
VIC1,2025-02-08 09:45:00,3515.56,-44.48,TRADE
VIC1,2025-02-08 09:50:00,3518.37,-46.24,TRADE
VIC1,2025-02-08 09:55:00,3534.71,-46.73,TRADE
VIC1,2025-02-08 10:00:00,3508.72,-46.36,TRADE
VIC1,2025-02-08 10:05:00,3460.82,-50.08,TRADE
VIC1,2025-02-08 10:10:00,3440.22,-50.08,TRADE
VIC1,2025-02-08 10:15:00,3357.23,-45.05,TRADE
VIC1,2025-02-08 10:20:00,3306.72,-32.22,TRADE
VIC1,2025-02-08 10:25:00,3300.47,-32.63,TRADE
VIC1,2025-02-08 10:30:00,3213.31,-34.93,TRADE
VIC1,2025-02-08 10:35:00,3165.76,-34.67,TRADE
VIC1,2025-02-08 10:40:00,3221.52,-34.67,TRADE
VIC1,2025-02-08 10:45:00,3164.21,-45.05,TRADE
VIC1,2025-02-08 10:50:00,3266.01,-34.67,TRADE
VIC1,2025-02-08 10:55:00,3154.06,-46.73,TRADE
VIC1,2025-02-08 11:00:00,3200.22,-44.99,TRADE
VIC1,2025-02-08 11:05:00,3198.83,-58.87,TRADE
VIC1,2025-02-08 11:10:00,3228.61,-46.73,TRADE
VIC1,2025-02-08 11:15:00,3219.48,-46.73,TRADE
VIC1,2025-02-08 11:20:00,3406.53,-50.08,TRADE
VIC1,2025-02-08 11:25:00,3417.17,-31.5,TRADE
VIC1,2025-02-08 11:30:00,3117.2,-50.36,TRADE
VIC1,2025-02-08 11:35:00,3264.38,-32.38,TRADE
VIC1,2025-02-08 11:40:00,3227.51,-20.19,TRADE
VIC1,2025-02-08 11:45:00,3259.7,-32.63,TRADE
VIC1,2025-02-08 11:50:00,3340.19,-30.86,TRADE
VIC1,2025-02-08 11:55:00,3291.27,-34.67,TRADE
VIC1,2025-02-08 12:00:00,3386.83,-32.2,TRADE
VIC1,2025-02-08 12:05:00,3434.58,-37.24,TRADE
VIC1,2025-02-08 12:10:00,3396.77,-34.67,TRADE
VIC1,2025-02-08 12:15:00,3373.12,-34.67,TRADE
VIC1,2025-02-08 12:20:00,3404.12,-37.19,TRADE
VIC1,2025-02-08 12:25:00,3426.82,-33.64,TRADE
VIC1,2025-02-08 12:30:00,3382.48,-34.67,TRADE
VIC1,2025-02-08 12:35:00,3320.09,-34.67,TRADE
VIC1,2025-02-08 12:40:00,3384.15,-19.57,TRADE
VIC1,2025-02-08 12:45:00,3419.12,-34.67,TRADE
VIC1,2025-02-08 12:50:00,3445.6,-34.93,TRADE
VIC1,2025-02-08 12:55:00,3441.51,-31.5,TRADE
VIC1,2025-02-08 13:00:00,3473.88,-45.05,TRADE
VIC1,2025-02-08 13:05:00,3543.04,-30.75,TRADE
VIC1,2025-02-08 13:10:00,3400.0,-31.5,TRADE
VIC1,2025-02-08 13:15:00,3347.14,-61.92,TRADE
VIC1,2025-02-08 13:20:00,3382.46,-32.63,TRADE
VIC1,2025-02-08 13:25:00,3392.25,-34.67,TRADE
VIC1,2025-02-08 13:30:00,3463.83,-34.67,TRADE
VIC1,2025-02-08 13:35:00,3374.6,-34.67,TRADE
VIC1,2025-02-08 13:40:00,3459.33,-34.46,TRADE
VIC1,2025-02-08 13:45:00,3530.74,-32.63,TRADE
VIC1,2025-02-08 13:50:00,3523.12,-32.63,TRADE
VIC1,2025-02-08 13:55:00,3478.67,-20.19,TRADE
VIC1,2025-02-08 14:00:00,3370.14,-31.5,TRADE
VIC1,2025-02-08 14:05:00,3479.34,-32.2,TRADE
VIC1,2025-02-08 14:10:00,3470.03,-37.19,TRADE
VIC1,2025-02-08 14:15:00,3484.15,-31.5,TRADE
VIC1,2025-02-08 14:20:00,3448.97,-31.5,TRADE
VIC1,2025-02-08 14:25:00,3503.52,-32.63,TRADE
VIC1,2025-02-08 14:30:00,3496.53,-32.63,TRADE
VIC1,2025-02-08 14:35:00,3497.45,-109.46,TRADE
VIC1,2025-02-08 14:40:00,3400.79,-58.87,TRADE
VIC1,2025-02-08 14:45:00,3497.08,-50.08,TRADE
VIC1,2025-02-08 14:50:00,3624.03,-48.0,TRADE
VIC1,2025-02-08 14:55:00,3643.82,-44.0,TRADE
VIC1,2025-02-08 15:00:00,3721.84,-38.07,TRADE
VIC1,2025-02-08 15:05:00,3831.35,-35.7,TRADE
VIC1,2025-02-08 15:10:00,3943.19,-31.5,TRADE
VIC1,2025-02-08 15:15:00,3908.72,-31.5,TRADE
VIC1,2025-02-08 15:20:00,3979.85,-34.67,TRADE
VIC1,2025-02-08 15:25:00,4000.19,-34.67,TRADE
VIC1,2025-02-08 15:30:00,4089.91,-31.5,TRADE
VIC1,2025-02-08 15:35:00,4056.41,-32.2,TRADE
VIC1,2025-02-08 15:40:00,4163.38,-32.0,TRADE
VIC1,2025-02-08 15:45:00,4221.69,-31.5,TRADE
VIC1,2025-02-08 15:50:00,4267.81,-30.75,TRADE
VIC1,2025-02-08 15:55:00,4266.43,-32.63,TRADE
VIC1,2025-02-08 16:00:00,4309.28,-31.5,TRADE
VIC1,2025-02-08 16:05:00,4301.87,-30.75,TRADE
VIC1,2025-02-08 16:10:00,4156.9,-31.5,TRADE
VIC1,2025-02-08 16:15:00,4084.53,-30.75,TRADE
VIC1,2025-02-08 16:20:00,4020.85,-31.5,TRADE
VIC1,2025-02-08 16:25:00,4020.44,-32.2,TRADE
VIC1,2025-02-08 16:30:00,4150.17,-21.0,TRADE
VIC1,2025-02-08 16:35:00,4115.0,-36.05,TRADE
VIC1,2025-02-08 16:40:00,4100.73,-34.67,TRADE
VIC1,2025-02-08 16:45:00,4125.17,-32.2,TRADE
VIC1,2025-02-08 16:50:00,4277.97,-32.63,TRADE
VIC1,2025-02-08 16:55:00,4302.14,-31.5,TRADE
VIC1,2025-02-08 17:00:00,4377.92,-32.0,TRADE
VIC1,2025-02-08 17:05:00,4478.87,-31.5,TRADE
VIC1,2025-02-08 17:10:00,4372.22,-34.93,TRADE
VIC1,2025-02-08 17:15:00,4378.13,-31.5,TRADE
VIC1,2025-02-08 17:20:00,4446.19,-19.57,TRADE
VIC1,2025-02-08 17:25:00,4542.7,9.0,TRADE
VIC1,2025-02-08 17:30:00,4534.84,-21.0,TRADE
VIC1,2025-02-08 17:35:00,4576.15,12.0,TRADE
VIC1,2025-02-08 17:40:00,4638.41,-19.99,TRADE
VIC1,2025-02-08 17:45:00,4558.63,9.0,TRADE
VIC1,2025-02-08 17:50:00,4564.27,9.0,TRADE
VIC1,2025-02-08 17:55:00,4663.81,70.36,TRADE
VIC1,2025-02-08 18:00:00,4823.94,-3.6,TRADE
VIC1,2025-02-08 18:05:00,4920.59,9.0,TRADE
VIC1,2025-02-08 18:10:00,4902.93,17.99,TRADE
VIC1,2025-02-08 18:15:00,4715.53,74.06,TRADE
VIC1,2025-02-08 18:20:00,4706.56,73.8,TRADE
VIC1,2025-02-08 18:25:00,5013.67,50.23,TRADE
VIC1,2025-02-08 18:30:00,5081.44,0.0,TRADE
VIC1,2025-02-08 18:35:00,5046.23,9.0,TRADE
VIC1,2025-02-08 18:40:00,4997.79,27.86,TRADE
VIC1,2025-02-08 18:45:00,5058.18,47.53,TRADE
VIC1,2025-02-08 18:50:00,5034.79,47.47,TRADE
VIC1,2025-02-08 18:55:00,4956.43,37.47,TRADE
VIC1,2025-02-08 19:00:00,5076.94,73.8,TRADE
VIC1,2025-02-08 19:05:00,5075.58,80.42,TRADE
VIC1,2025-02-08 19:10:00,5090.02,74.06,TRADE
VIC1,2025-02-08 19:15:00,5067.31,76.75,TRADE
VIC1,2025-02-08 19:20:00,5001.59,70.26,TRADE
VIC1,2025-02-08 19:25:00,5031.41,75.58,TRADE
VIC1,2025-02-08 19:30:00,5091.91,70.69,TRADE
VIC1,2025-02-08 19:35:00,5090.12,51.5,TRADE
VIC1,2025-02-08 19:40:00,5064.3,46.11,TRADE
VIC1,2025-02-08 19:45:00,5059.04,46.01,TRADE
VIC1,2025-02-08 19:50:00,5077.11,45.9,TRADE
VIC1,2025-02-08 19:55:00,5040.63,45.52,TRADE
VIC1,2025-02-08 20:00:00,5008.86,33.89,TRADE
VIC1,2025-02-08 20:05:00,4929.76,12.0,TRADE
VIC1,2025-02-08 20:10:00,4984.79,19.19,TRADE
VIC1,2025-02-08 20:15:00,5077.93,73.8,TRADE
VIC1,2025-02-08 20:20:00,4929.06,9.0,TRADE
VIC1,2025-02-08 20:25:00,4972.79,12.0,TRADE
VIC1,2025-02-08 20:30:00,4960.28,9.0,TRADE
VIC1,2025-02-08 20:35:00,4971.69,9.0,TRADE
VIC1,2025-02-08 20:40:00,4889.92,19.19,TRADE
VIC1,2025-02-08 20:45:00,4804.72,19.19,TRADE
VIC1,2025-02-08 20:50:00,4836.42,19.19,TRADE
VIC1,2025-02-08 20:55:00,4776.17,0.0,TRADE
VIC1,2025-02-08 21:00:00,4694.14,0.0,TRADE
VIC1,2025-02-08 21:05:00,4753.5,8.95,TRADE
VIC1,2025-02-08 21:10:00,4813.8,19.19,TRADE
VIC1,2025-02-08 21:15:00,4751.35,8.85,TRADE
VIC1,2025-02-08 21:20:00,4717.33,0.0,TRADE
VIC1,2025-02-08 21:25:00,4694.31,0.0,TRADE
VIC1,2025-02-08 21:30:00,4658.28,0.0,TRADE
VIC1,2025-02-08 21:35:00,4610.33,8.95,TRADE
VIC1,2025-02-08 21:40:00,4556.24,8.95,TRADE
VIC1,2025-02-08 21:45:00,4577.38,8.95,TRADE
VIC1,2025-02-08 21:50:00,4574.31,8.95,TRADE
VIC1,2025-02-08 21:55:00,4529.43,7.61,TRADE
VIC1,2025-02-08 22:00:00,4542.82,8.95,TRADE
VIC1,2025-02-08 22:05:00,4550.29,8.95,TRADE
VIC1,2025-02-08 22:10:00,4553.17,8.95,TRADE
VIC1,2025-02-08 22:15:00,4483.15,8.95,TRADE
VIC1,2025-02-08 22:20:00,4431.31,8.95,TRADE
VIC1,2025-02-08 22:25:00,4554.55,33.0,TRADE
VIC1,2025-02-08 22:30:00,4485.17,8.95,TRADE
VIC1,2025-02-08 22:35:00,4405.31,8.95,TRADE
VIC1,2025-02-08 22:40:00,4414.94,8.95,TRADE
VIC1,2025-02-08 22:45:00,4476.51,8.95,TRADE
VIC1,2025-02-08 22:50:00,4435.46,8.95,TRADE
VIC1,2025-02-08 22:55:00,4382.97,0.0,TRADE
VIC1,2025-02-08 23:00:00,4357.26,0.0,TRADE
VIC1,2025-02-08 23:05:00,4286.04,0.0,TRADE
VIC1,2025-02-08 23:10:00,4359.52,73.8,TRADE
VIC1,2025-02-08 23:15:00,4474.52,73.8,TRADE
VIC1,2025-02-08 23:20:00,4670.65,75.89,TRADE
VIC1,2025-02-08 23:25:00,4419.68,12.0,TRADE
VIC1,2025-02-08 23:30:00,4422.29,13.0,TRADE
VIC1,2025-02-08 23:35:00,4556.27,33.89,TRADE
VIC1,2025-02-08 23:40:00,4514.19,12.0,TRADE
VIC1,2025-02-08 23:45:00,4448.71,9.0,TRADE
VIC1,2025-02-08 23:50:00,4316.93,0.0,TRADE
VIC1,2025-02-08 23:55:00,4151.31,-2.11,TRADE
VIC1,2025-02-09 00:00:00,4071.34,-2.12,TRADE
VIC1,2025-02-09 00:05:00,4124.21,8.95,TRADE
VIC1,2025-02-09 00:10:00,4033.43,-6.01,TRADE
VIC1,2025-02-09 00:15:00,3993.67,-6.01,TRADE
VIC1,2025-02-09 00:20:00,3938.82,-6.01,TRADE
VIC1,2025-02-09 00:25:00,3896.22,-6.01,TRADE
VIC1,2025-02-09 00:30:00,3804.38,-9.89,TRADE
VIC1,2025-02-09 00:35:00,3805.74,-9.89,TRADE
VIC1,2025-02-09 00:40:00,3855.97,-6.01,TRADE
VIC1,2025-02-09 00:45:00,3849.9,-6.01,TRADE
VIC1,2025-02-09 00:50:00,3852.69,-6.01,TRADE
VIC1,2025-02-09 00:55:00,3842.04,-6.01,TRADE
VIC1,2025-02-09 01:00:00,3831.39,-6.01,TRADE
VIC1,2025-02-09 01:05:00,3824.21,-9.94,TRADE
VIC1,2025-02-09 01:10:00,3736.73,-19.48,TRADE
VIC1,2025-02-09 01:15:00,3727.6,-19.57,TRADE
VIC1,2025-02-09 01:20:00,3762.27,-10.04,TRADE
VIC1,2025-02-09 01:25:00,3813.37,-10.13,TRADE
VIC1,2025-02-09 01:30:00,3858.22,-6.01,TRADE
VIC1,2025-02-09 01:35:00,3858.86,-10.28,TRADE
VIC1,2025-02-09 01:40:00,3821.47,-6.01,TRADE
VIC1,2025-02-09 01:45:00,3844.96,-19.57,TRADE
VIC1,2025-02-09 01:50:00,3749.47,-19.8,TRADE
VIC1,2025-02-09 01:55:00,3752.51,-20.16,TRADE
VIC1,2025-02-09 02:00:00,3714.09,-19.99,TRADE
VIC1,2025-02-09 02:05:00,3782.46,-6.01,TRADE
VIC1,2025-02-09 02:10:00,3823.21,-6.01,TRADE
VIC1,2025-02-09 02:15:00,3771.45,-19.57,TRADE
VIC1,2025-02-09 02:20:00,3798.19,-19.99,TRADE
VIC1,2025-02-09 02:25:00,3788.88,-19.99,TRADE
VIC1,2025-02-09 02:30:00,3798.78,-19.57,TRADE
VIC1,2025-02-09 02:35:00,3739.27,-19.99,TRADE
VIC1,2025-02-09 02:40:00,3768.61,-19.57,TRADE
VIC1,2025-02-09 02:45:00,3701.98,-19.99,TRADE
VIC1,2025-02-09 02:50:00,3703.95,-19.99,TRADE
VIC1,2025-02-09 02:55:00,3758.55,-19.99,TRADE
VIC1,2025-02-09 03:00:00,3727.19,-20.51,TRADE
VIC1,2025-02-09 03:05:00,3730.09,-20.66,TRADE
VIC1,2025-02-09 03:10:00,3733.65,-19.99,TRADE
VIC1,2025-02-09 03:15:00,3721.04,-19.99,TRADE
VIC1,2025-02-09 03:20:00,3716.75,-19.99,TRADE
VIC1,2025-02-09 03:25:00,3642.22,-20.26,TRADE
VIC1,2025-02-09 03:30:00,3621.71,-20.26,TRADE
VIC1,2025-02-09 03:35:00,3660.2,-20.39,TRADE
VIC1,2025-02-09 03:40:00,3636.75,-20.35,TRADE
VIC1,2025-02-09 03:45:00,3586.69,-19.84,TRADE
VIC1,2025-02-09 03:50:00,3553.18,-19.57,TRADE
VIC1,2025-02-09 03:55:00,3553.48,-19.99,TRADE
VIC1,2025-02-09 04:00:00,3524.38,-20.45,TRADE
VIC1,2025-02-09 04:05:00,3582.84,-29.76,TRADE
VIC1,2025-02-09 04:10:00,3642.66,-20.18,TRADE
VIC1,2025-02-09 04:15:00,3641.52,-20.23,TRADE
VIC1,2025-02-09 04:20:00,3689.27,-19.99,TRADE
VIC1,2025-02-09 04:25:00,3657.17,-19.99,TRADE
VIC1,2025-02-09 04:30:00,3664.56,-19.99,TRADE
VIC1,2025-02-09 04:35:00,3601.81,-21.0,TRADE
VIC1,2025-02-09 04:40:00,3584.36,-21.0,TRADE
VIC1,2025-02-09 04:45:00,3606.93,-20.61,TRADE
VIC1,2025-02-09 04:50:00,3626.5,-20.09,TRADE
VIC1,2025-02-09 04:55:00,3625.08,-19.99,TRADE
VIC1,2025-02-09 05:00:00,3688.63,-20.23,TRADE
VIC1,2025-02-09 05:05:00,3715.0,-20.27,TRADE
VIC1,2025-02-09 05:10:00,3811.16,-18.57,TRADE
VIC1,2025-02-09 05:15:00,3712.72,-19.99,TRADE
VIC1,2025-02-09 05:20:00,3816.14,-6.01,TRADE
VIC1,2025-02-09 05:25:00,3758.33,-19.99,TRADE
VIC1,2025-02-09 05:30:00,3844.09,-18.57,TRADE
VIC1,2025-02-09 05:35:00,3821.17,-6.01,TRADE
VIC1,2025-02-09 05:40:00,3813.72,-6.01,TRADE
VIC1,2025-02-09 05:45:00,3803.3,-6.01,TRADE
VIC1,2025-02-09 05:50:00,3834.44,8.23,TRADE
VIC1,2025-02-09 05:55:00,3886.02,0.0,TRADE
VIC1,2025-02-09 06:00:00,4014.03,33.0,TRADE
VIC1,2025-02-09 06:05:00,3970.3,33.0,TRADE
VIC1,2025-02-09 06:10:00,3992.74,0.0,TRADE
VIC1,2025-02-09 06:15:00,3847.81,-6.01,TRADE
VIC1,2025-02-09 06:20:00,3738.93,-18.57,TRADE
VIC1,2025-02-09 06:25:00,3785.82,-9.99,TRADE
VIC1,2025-02-09 06:30:00,3779.41,-19.93,TRADE
VIC1,2025-02-09 06:35:00,3688.01,-19.66,TRADE
VIC1,2025-02-09 06:40:00,3697.23,-19.58,TRADE
VIC1,2025-02-09 06:45:00,3627.23,-19.38,TRADE
VIC1,2025-02-09 06:50:00,3550.93,-21.0,TRADE
VIC1,2025-02-09 06:55:00,3448.77,-21.0,TRADE
VIC1,2025-02-09 07:00:00,3451.89,-19.99,TRADE
VIC1,2025-02-09 07:05:00,3452.05,-19.99,TRADE
VIC1,2025-02-09 07:10:00,3494.19,-21.0,TRADE
VIC1,2025-02-09 07:15:00,3352.13,-28.49,TRADE
VIC1,2025-02-09 07:20:00,3361.5,-28.09,TRADE
VIC1,2025-02-09 07:25:00,3344.18,-28.19,TRADE
VIC1,2025-02-09 07:30:00,3287.07,-31.5,TRADE
VIC1,2025-02-09 07:35:00,3259.66,-31.5,TRADE
VIC1,2025-02-09 07:40:00,3169.91,-31.5,TRADE
VIC1,2025-02-09 07:45:00,3244.77,-30.86,TRADE
VIC1,2025-02-09 07:50:00,3213.95,-31.5,TRADE
VIC1,2025-02-09 07:55:00,3352.43,-30.86,TRADE
VIC1,2025-02-09 08:00:00,3113.29,-31.5,TRADE
VIC1,2025-02-09 08:05:00,3124.09,-32.63,TRADE
VIC1,2025-02-09 08:10:00,3265.64,-31.5,TRADE
VIC1,2025-02-09 08:15:00,3337.51,-31.86,TRADE
VIC1,2025-02-09 08:20:00,3396.47,-31.5,TRADE
VIC1,2025-02-09 08:25:00,3547.0,-30.86,TRADE
VIC1,2025-02-09 08:30:00,3580.6,-30.86,TRADE
VIC1,2025-02-09 08:35:00,3614.97,-29.0,TRADE
VIC1,2025-02-09 08:40:00,3498.18,-37.19,TRADE
VIC1,2025-02-09 08:45:00,3495.63,-38.1,TRADE
VIC1,2025-02-09 08:50:00,3311.33,-37.19,TRADE
VIC1,2025-02-09 08:55:00,3356.65,-31.5,TRADE
VIC1,2025-02-09 09:00:00,3400.79,-31.5,TRADE
VIC1,2025-02-09 09:05:00,3477.05,-31.5,TRADE
VIC1,2025-02-09 09:10:00,3453.35,-29.0,TRADE
VIC1,2025-02-09 09:15:00,3273.15,-45.05,TRADE
VIC1,2025-02-09 09:20:00,3285.63,-31.5,TRADE
VIC1,2025-02-09 09:25:00,3300.11,-31.5,TRADE
VIC1,2025-02-09 09:30:00,3204.48,-31.5,TRADE
VIC1,2025-02-09 09:35:00,3145.68,-31.5,TRADE
VIC1,2025-02-09 09:40:00,3031.95,-32.63,TRADE
VIC1,2025-02-09 09:45:00,2995.97,-32.63,TRADE
VIC1,2025-02-09 09:50:00,2950.78,-34.82,TRADE
VIC1,2025-02-09 09:55:00,2855.37,-37.19,TRADE
VIC1,2025-02-09 10:00:00,2844.85,-37.19,TRADE
VIC1,2025-02-09 10:05:00,2816.11,-37.19,TRADE
VIC1,2025-02-09 10:10:00,2796.42,-37.19,TRADE
VIC1,2025-02-09 10:15:00,2692.15,-37.19,TRADE
VIC1,2025-02-09 10:20:00,2734.05,-37.19,TRADE
VIC1,2025-02-09 10:25:00,2728.76,-37.19,TRADE
VIC1,2025-02-09 10:30:00,2711.35,-39.75,TRADE
VIC1,2025-02-09 10:35:00,2546.46,-44.51,TRADE
VIC1,2025-02-09 10:40:00,2504.99,-44.0,TRADE
VIC1,2025-02-09 10:45:00,2549.96,-44.0,TRADE
VIC1,2025-02-09 10:50:00,2481.46,-44.0,TRADE
VIC1,2025-02-09 10:55:00,2475.14,-44.0,TRADE
VIC1,2025-02-09 11:00:00,2483.1,-45.05,TRADE
VIC1,2025-02-09 11:05:00,2420.39,-46.55,TRADE
VIC1,2025-02-09 11:10:00,2413.08,-45.05,TRADE
VIC1,2025-02-09 11:15:00,2325.39,-46.56,TRADE
VIC1,2025-02-09 11:20:00,2312.31,-48.0,TRADE
VIC1,2025-02-09 11:25:00,2346.4,-45.05,TRADE
VIC1,2025-02-09 11:30:00,2357.49,-45.05,TRADE
VIC1,2025-02-09 11:35:00,2379.87,-45.05,TRADE
VIC1,2025-02-09 11:40:00,2377.21,-45.05,TRADE
VIC1,2025-02-09 11:45:00,2379.94,-45.05,TRADE
VIC1,2025-02-09 11:50:00,2373.07,-43.48,TRADE
VIC1,2025-02-09 11:55:00,2347.37,-45.05,TRADE
VIC1,2025-02-09 12:00:00,2306.19,-45.05,TRADE
VIC1,2025-02-09 12:05:00,2306.87,-48.0,TRADE
VIC1,2025-02-09 12:10:00,2360.48,-45.05,TRADE
VIC1,2025-02-09 12:15:00,2285.11,-46.18,TRADE
VIC1,2025-02-09 12:20:00,2262.16,-78.27,TRADE
VIC1,2025-02-09 12:25:00,2381.07,-44.0,TRADE
VIC1,2025-02-09 12:30:00,2369.5,-37.19,TRADE
VIC1,2025-02-09 12:35:00,2281.62,-50.01,TRADE
VIC1,2025-02-09 12:40:00,2408.22,-37.19,TRADE
VIC1,2025-02-09 12:45:00,2371.63,-45.05,TRADE
VIC1,2025-02-09 12:50:00,2327.12,-63.94,TRADE
VIC1,2025-02-09 12:55:00,2374.27,-47.18,TRADE
VIC1,2025-02-09 13:00:00,2326.08,-43.43,TRADE
VIC1,2025-02-09 13:05:00,2276.54,-43.36,TRADE
VIC1,2025-02-09 13:10:00,2279.26,-45.05,TRADE
VIC1,2025-02-09 13:15:00,2329.33,-45.05,TRADE
VIC1,2025-02-09 13:20:00,2412.24,-37.19,TRADE
VIC1,2025-02-09 13:25:00,2423.52,-37.19,TRADE
VIC1,2025-02-09 13:30:00,2379.21,-44.0,TRADE
VIC1,2025-02-09 13:35:00,2429.92,-44.0,TRADE
VIC1,2025-02-09 13:40:00,2467.64,-37.19,TRADE
VIC1,2025-02-09 13:45:00,2519.37,-37.19,TRADE
VIC1,2025-02-09 13:50:00,2491.36,-50.08,TRADE
VIC1,2025-02-09 13:55:00,2429.12,-68.96,TRADE
VIC1,2025-02-09 14:00:00,2746.04,-45.05,TRADE
VIC1,2025-02-09 14:05:00,2628.74,-47.32,TRADE
VIC1,2025-02-09 14:10:00,2513.4,-44.41,TRADE
VIC1,2025-02-09 14:15:00,2605.74,-45.05,TRADE
VIC1,2025-02-09 14:20:00,2684.33,-37.19,TRADE
VIC1,2025-02-09 14:25:00,2611.19,-63.94,TRADE
VIC1,2025-02-09 14:30:00,2723.77,-43.03,TRADE
VIC1,2025-02-09 14:35:00,2633.23,-45.05,TRADE
VIC1,2025-02-09 14:40:00,2811.75,-37.19,TRADE
VIC1,2025-02-09 14:45:00,2785.71,-50.01,TRADE
VIC1,2025-02-09 14:50:00,2861.02,-49.53,TRADE
VIC1,2025-02-09 14:55:00,2858.69,-45.77,TRADE
VIC1,2025-02-09 15:00:00,2928.13,-37.19,TRADE
VIC1,2025-02-09 15:05:00,3002.78,-43.28,TRADE
VIC1,2025-02-09 15:10:00,3176.32,-42.81,TRADE
VIC1,2025-02-09 15:15:00,3049.85,-46.14,TRADE
VIC1,2025-02-09 15:20:00,3169.13,-37.19,TRADE
VIC1,2025-02-09 15:25:00,3175.35,-37.19,TRADE
VIC1,2025-02-09 15:30:00,3319.23,-34.67,TRADE
VIC1,2025-02-09 15:35:00,3267.96,-37.19,TRADE
VIC1,2025-02-09 15:40:00,3318.25,-37.19,TRADE
VIC1,2025-02-09 15:45:00,3410.93,-34.67,TRADE
VIC1,2025-02-09 15:50:00,3405.07,-34.72,TRADE
VIC1,2025-02-09 15:55:00,3553.92,-34.73,TRADE
VIC1,2025-02-09 16:00:00,3568.26,-32.46,TRADE
VIC1,2025-02-09 16:05:00,3643.94,-37.19,TRADE
VIC1,2025-02-09 16:10:00,3752.46,-83.0,TRADE
VIC1,2025-02-09 16:15:00,4014.48,-69.37,TRADE
VIC1,2025-02-09 16:20:00,4029.27,-59.81,TRADE
VIC1,2025-02-09 16:25:00,4119.67,-69.48,TRADE
VIC1,2025-02-09 16:30:00,4252.64,-69.45,TRADE
VIC1,2025-02-09 16:35:00,4360.6,-59.81,TRADE
VIC1,2025-02-09 16:40:00,4241.24,-50.08,TRADE
VIC1,2025-02-09 16:45:00,4414.37,-47.73,TRADE
VIC1,2025-02-09 16:50:00,4457.13,-43.2,TRADE
VIC1,2025-02-09 16:55:00,4500.28,-32.2,TRADE
VIC1,2025-02-09 17:00:00,4545.17,-28.02,TRADE
VIC1,2025-02-09 17:05:00,4551.75,-29.0,TRADE
VIC1,2025-02-09 17:10:00,4589.25,-29.0,TRADE
VIC1,2025-02-09 17:15:00,4557.64,-29.0,TRADE
VIC1,2025-02-09 17:20:00,4533.96,-30.75,TRADE
VIC1,2025-02-09 17:25:00,4471.44,-30.75,TRADE
VIC1,2025-02-09 17:30:00,4568.9,-28.64,TRADE
VIC1,2025-02-09 17:35:00,4463.79,-31.5,TRADE
VIC1,2025-02-09 17:40:00,4442.29,-31.5,TRADE
VIC1,2025-02-09 17:45:00,4604.37,-31.19,TRADE
VIC1,2025-02-09 17:50:00,4514.79,-29.0,TRADE
VIC1,2025-02-09 17:55:00,4519.16,-29.0,TRADE
VIC1,2025-02-09 18:00:00,4648.21,-26.79,TRADE
VIC1,2025-02-09 18:05:00,4666.44,-27.04,TRADE
VIC1,2025-02-09 18:10:00,4715.43,-26.83,TRADE
VIC1,2025-02-09 18:15:00,4800.19,-21.0,TRADE
VIC1,2025-02-09 18:20:00,4826.05,-20.0,TRADE
VIC1,2025-02-09 18:25:00,4882.4,-18.77,TRADE
VIC1,2025-02-09 18:30:00,4890.09,-18.07,TRADE
VIC1,2025-02-09 18:35:00,4975.12,-18.47,TRADE
VIC1,2025-02-09 18:40:00,5050.7,-18.57,TRADE
VIC1,2025-02-09 18:45:00,5055.91,-9.56,TRADE
VIC1,2025-02-09 18:50:00,5120.36,-5.55,TRADE
VIC1,2025-02-09 18:55:00,5205.76,0.0,TRADE
VIC1,2025-02-09 19:00:00,5199.99,8.95,TRADE
VIC1,2025-02-09 19:05:00,5133.32,-2.0,TRADE
VIC1,2025-02-09 19:10:00,5163.18,9.0,TRADE
VIC1,2025-02-09 19:15:00,5099.04,8.95,TRADE
VIC1,2025-02-09 19:20:00,4963.36,0.0,TRADE
VIC1,2025-02-09 19:25:00,4901.69,8.95,TRADE
VIC1,2025-02-09 19:30:00,4930.59,0.0,TRADE
VIC1,2025-02-09 19:35:00,5052.79,9.0,TRADE
VIC1,2025-02-09 19:40:00,4976.91,0.0,TRADE
VIC1,2025-02-09 19:45:00,5034.24,0.0,TRADE
VIC1,2025-02-09 19:50:00,4994.71,2.0,TRADE
VIC1,2025-02-09 19:55:00,5075.33,9.0,TRADE
VIC1,2025-02-09 20:00:00,4990.86,8.95,TRADE
VIC1,2025-02-09 20:05:00,4977.68,8.83,TRADE
VIC1,2025-02-09 20:10:00,4978.27,8.95,TRADE
VIC1,2025-02-09 20:15:00,5016.92,9.0,TRADE
VIC1,2025-02-09 20:20:00,5012.09,8.95,TRADE
VIC1,2025-02-09 20:25:00,4943.63,0.0,TRADE
VIC1,2025-02-09 20:30:00,4888.94,8.95,TRADE
VIC1,2025-02-09 20:35:00,4830.15,7.95,TRADE
VIC1,2025-02-09 20:40:00,4863.67,9.0,TRADE
VIC1,2025-02-09 20:45:00,4829.33,9.0,TRADE
VIC1,2025-02-09 20:50:00,4789.9,8.66,TRADE
VIC1,2025-02-09 20:55:00,4808.96,8.95,TRADE
VIC1,2025-02-09 21:00:00,4814.8,8.95,TRADE
VIC1,2025-02-09 21:05:00,4775.17,8.94,TRADE
VIC1,2025-02-09 21:10:00,4769.82,8.77,TRADE
VIC1,2025-02-09 21:15:00,4672.53,-5.8,TRADE
VIC1,2025-02-09 21:20:00,4717.24,-1.86,TRADE
VIC1,2025-02-09 21:25:00,4683.02,-1.63,TRADE
VIC1,2025-02-09 21:30:00,4705.19,0.0,TRADE
VIC1,2025-02-09 21:35:00,4634.0,-2.19,TRADE
VIC1,2025-02-09 21:40:00,4569.72,-5.9,TRADE
VIC1,2025-02-09 21:45:00,4571.7,-5.35,TRADE
VIC1,2025-02-09 21:50:00,4497.72,-19.99,TRADE
VIC1,2025-02-09 21:55:00,4460.33,-5.83,TRADE
VIC1,2025-02-09 22:00:00,4401.62,-19.99,TRADE
VIC1,2025-02-09 22:05:00,4352.5,-19.99,TRADE
VIC1,2025-02-09 22:10:00,4464.15,-13.07,TRADE
VIC1,2025-02-09 22:15:00,4461.03,-13.44,TRADE
VIC1,2025-02-09 22:20:00,4332.9,-19.99,TRADE
VIC1,2025-02-09 22:25:00,4481.6,-3.42,TRADE
VIC1,2025-02-09 22:30:00,4433.01,-3.42,TRADE
VIC1,2025-02-09 22:35:00,4318.54,-19.99,TRADE
VIC1,2025-02-09 22:40:00,4232.76,-19.8,TRADE
VIC1,2025-02-09 22:45:00,4004.34,-18.94,TRADE
VIC1,2025-02-09 22:50:00,3952.43,-19.99,TRADE
VIC1,2025-02-09 22:55:00,3987.42,-18.95,TRADE
VIC1,2025-02-09 23:00:00,3984.4,-19.75,TRADE
VIC1,2025-02-09 23:05:00,4022.1,-19.04,TRADE
VIC1,2025-02-09 23:10:00,4218.8,-19.99,TRADE
VIC1,2025-02-09 23:15:00,4262.6,-18.57,TRADE
VIC1,2025-02-09 23:20:00,4306.4,-18.57,TRADE
VIC1,2025-02-09 23:25:00,4278.86,-18.57,TRADE
VIC1,2025-02-09 23:30:00,4343.08,-5.25,TRADE
VIC1,2025-02-09 23:35:00,4333.59,-5.27,TRADE
VIC1,2025-02-09 23:40:00,4282.25,-6.01,TRADE
VIC1,2025-02-09 23:45:00,4296.49,-6.01,TRADE
VIC1,2025-02-09 23:50:00,4337.51,-6.01,TRADE
VIC1,2025-02-09 23:55:00,4173.94,-10.12,TRADE
VIC1,2025-02-15 00:00:00,4397.97,99.71,TRADE
VIC1,2025-02-15 00:05:00,4385.16,104.43,TRADE
VIC1,2025-02-15 00:10:00,4280.72,104.7,TRADE
VIC1,2025-02-15 00:15:00,4210.36,93.47,TRADE
VIC1,2025-02-15 00:20:00,4226.06,94.63,TRADE
VIC1,2025-02-15 00:25:00,4234.34,83.38,TRADE
VIC1,2025-02-15 00:30:00,4167.5,80.89,TRADE
VIC1,2025-02-15 00:35:00,4214.44,92.36,TRADE
VIC1,2025-02-15 00:40:00,4228.78,91.73,TRADE
VIC1,2025-02-15 00:45:00,4231.74,92.46,TRADE
VIC1,2025-02-15 00:50:00,4199.97,92.44,TRADE
VIC1,2025-02-15 00:55:00,4085.67,90.0,TRADE
VIC1,2025-02-15 01:00:00,4096.16,92.42,TRADE
VIC1,2025-02-15 01:05:00,4151.31,94.53,TRADE
VIC1,2025-02-15 01:10:00,4162.03,93.93,TRADE
VIC1,2025-02-15 01:15:00,4055.86,90.89,TRADE
VIC1,2025-02-15 01:20:00,4067.04,66.37,TRADE
VIC1,2025-02-15 01:25:00,4067.78,12.0,TRADE
VIC1,2025-02-15 01:30:00,3998.7,0.0,TRADE
VIC1,2025-02-15 01:35:00,3947.38,8.95,TRADE
VIC1,2025-02-15 01:40:00,3920.94,9.0,TRADE
VIC1,2025-02-15 01:45:00,3852.26,0.0,TRADE
VIC1,2025-02-15 01:50:00,4034.92,16.06,TRADE
VIC1,2025-02-15 01:55:00,3974.97,9.0,TRADE
VIC1,2025-02-15 02:00:00,3937.36,9.0,TRADE
VIC1,2025-02-15 02:05:00,3958.48,9.0,TRADE
VIC1,2025-02-15 02:10:00,3928.69,9.0,TRADE
VIC1,2025-02-15 02:15:00,3913.67,9.0,TRADE
VIC1,2025-02-15 02:20:00,3849.82,6.8,TRADE
VIC1,2025-02-15 02:25:00,3824.52,8.95,TRADE
VIC1,2025-02-15 02:30:00,3839.81,9.0,TRADE
VIC1,2025-02-15 02:35:00,3855.4,9.0,TRADE
VIC1,2025-02-15 02:40:00,3811.43,8.95,TRADE
VIC1,2025-02-15 02:45:00,3891.38,6.53,TRADE
VIC1,2025-02-15 02:50:00,3857.29,8.91,TRADE
VIC1,2025-02-15 02:55:00,3804.15,-6.01,TRADE
VIC1,2025-02-15 03:00:00,3690.63,-6.01,TRADE
VIC1,2025-02-15 03:05:00,3468.77,-9.21,TRADE
VIC1,2025-02-15 03:10:00,3421.86,-18.12,TRADE
VIC1,2025-02-15 03:15:00,3511.45,-6.01,TRADE
VIC1,2025-02-15 03:20:00,3518.94,-9.19,TRADE
VIC1,2025-02-15 03:25:00,3439.41,-17.91,TRADE
VIC1,2025-02-15 03:30:00,3483.3,6.55,TRADE
VIC1,2025-02-15 03:35:00,3572.71,9.0,TRADE
VIC1,2025-02-15 03:40:00,3678.97,90.68,TRADE
VIC1,2025-02-15 03:45:00,3638.67,9.0,TRADE
VIC1,2025-02-15 03:50:00,3709.38,9.0,TRADE
VIC1,2025-02-15 03:55:00,3649.16,8.95,TRADE
VIC1,2025-02-15 04:00:00,3687.78,9.0,TRADE
VIC1,2025-02-15 04:05:00,3761.16,9.0,TRADE
VIC1,2025-02-15 04:10:00,3757.07,8.95,TRADE
VIC1,2025-02-15 04:15:00,3755.52,8.95,TRADE
VIC1,2025-02-15 04:20:00,3745.53,-6.01,TRADE
VIC1,2025-02-15 04:25:00,3834.12,8.95,TRADE
VIC1,2025-02-15 04:30:00,3780.21,9.0,TRADE
VIC1,2025-02-15 04:35:00,3737.22,8.95,TRADE
VIC1,2025-02-15 04:40:00,3638.89,-6.01,TRADE
VIC1,2025-02-15 04:45:00,3539.85,8.26,TRADE
VIC1,2025-02-15 04:50:00,3532.31,8.95,TRADE
VIC1,2025-02-15 04:55:00,3651.88,13.0,TRADE
VIC1,2025-02-15 05:00:00,3688.71,8.95,TRADE
VIC1,2025-02-15 05:05:00,3682.07,0.0,TRADE
VIC1,2025-02-15 05:10:00,3666.69,-6.01,TRADE
VIC1,2025-02-15 05:15:00,3567.28,-5.35,TRADE
VIC1,2025-02-15 05:20:00,3422.36,-19.99,TRADE
VIC1,2025-02-15 05:25:00,3483.29,0.0,TRADE
VIC1,2025-02-15 05:30:00,3420.06,8.75,TRADE
VIC1,2025-02-15 05:35:00,3634.43,83.66,TRADE
VIC1,2025-02-15 05:40:00,3844.6,93.23,TRADE
VIC1,2025-02-15 05:45:00,3852.79,83.66,TRADE
VIC1,2025-02-15 05:50:00,3875.96,94.79,TRADE
VIC1,2025-02-15 05:55:00,3867.99,92.87,TRADE
VIC1,2025-02-15 06:00:00,3944.2,83.66,TRADE
VIC1,2025-02-15 06:05:00,3940.32,83.66,TRADE
VIC1,2025-02-15 06:10:00,3976.15,83.66,TRADE
VIC1,2025-02-15 06:15:00,3933.47,20.04,TRADE
VIC1,2025-02-15 06:20:00,4007.36,8.95,TRADE
VIC1,2025-02-15 06:25:00,3904.48,-6.01,TRADE
VIC1,2025-02-15 06:30:00,4001.63,9.0,TRADE
VIC1,2025-02-15 06:35:00,3825.26,-6.01,TRADE
VIC1,2025-02-15 06:40:00,3914.98,33.0,TRADE
VIC1,2025-02-15 06:45:00,3829.06,8.95,TRADE
VIC1,2025-02-15 06:50:00,3861.97,38.56,TRADE
VIC1,2025-02-15 06:55:00,3813.06,54.27,TRADE
VIC1,2025-02-15 07:00:00,3907.77,54.08,TRADE
VIC1,2025-02-15 07:05:00,3891.43,45.48,TRADE
VIC1,2025-02-15 07:10:00,3776.01,-9.74,TRADE
VIC1,2025-02-15 07:15:00,3718.78,-17.44,TRADE
VIC1,2025-02-15 07:20:00,3768.82,-17.78,TRADE
VIC1,2025-02-15 07:25:00,3748.44,-18.28,TRADE
VIC1,2025-02-15 07:30:00,3652.08,-21.0,TRADE
VIC1,2025-02-15 07:35:00,3470.3,-32.0,TRADE
VIC1,2025-02-15 07:40:00,3603.78,-30.75,TRADE
VIC1,2025-02-15 07:45:00,3543.0,-30.75,TRADE
VIC1,2025-02-15 07:50:00,3469.78,-32.0,TRADE
VIC1,2025-02-15 07:55:00,3447.52,-63.42,TRADE
VIC1,2025-02-15 08:00:00,3650.47,-32.3,TRADE
VIC1,2025-02-15 08:05:00,3600.24,-32.2,TRADE
VIC1,2025-02-15 08:10:00,3643.3,-59.47,TRADE
VIC1,2025-02-15 08:15:00,3518.14,-50.08,TRADE
VIC1,2025-02-15 08:20:00,3568.59,-45.05,TRADE
VIC1,2025-02-15 08:25:00,3521.19,-50.08,TRADE
VIC1,2025-02-15 08:30:00,3439.45,-66.31,TRADE
VIC1,2025-02-15 08:35:00,3475.91,-36.75,TRADE
VIC1,2025-02-15 08:40:00,3460.41,-36.75,TRADE
VIC1,2025-02-15 08:45:00,3403.09,-34.67,TRADE
VIC1,2025-02-15 08:50:00,3228.79,-36.75,TRADE
VIC1,2025-02-15 08:55:00,3264.93,-40.27,TRADE
VIC1,2025-02-15 09:00:00,3278.55,-34.93,TRADE
VIC1,2025-02-15 09:05:00,3190.11,-36.75,TRADE
VIC1,2025-02-15 09:10:00,3237.26,-45.05,TRADE
VIC1,2025-02-15 09:15:00,3172.03,-33.0,TRADE
VIC1,2025-02-15 09:20:00,3172.15,-41.7,TRADE
VIC1,2025-02-15 09:25:00,3153.98,-34.93,TRADE
VIC1,2025-02-15 09:30:00,3344.42,-34.67,TRADE
VIC1,2025-02-15 09:35:00,3264.6,-36.75,TRADE
VIC1,2025-02-15 09:40:00,3283.43,-34.67,TRADE
VIC1,2025-02-15 09:45:00,3219.93,-45.05,TRADE
VIC1,2025-02-15 09:50:00,3241.07,-37.57,TRADE
VIC1,2025-02-15 09:55:00,3189.94,-50.08,TRADE
VIC1,2025-02-15 10:00:00,3089.82,-59.47,TRADE
VIC1,2025-02-15 10:05:00,2948.22,-59.47,TRADE
VIC1,2025-02-15 10:10:00,3034.92,-50.01,TRADE
VIC1,2025-02-15 10:15:00,2953.69,-50.01,TRADE
VIC1,2025-02-15 10:20:00,2935.56,-59.47,TRADE
VIC1,2025-02-15 10:25:00,2954.53,-59.47,TRADE
VIC1,2025-02-15 10:30:00,2987.62,-49.75,TRADE
VIC1,2025-02-15 10:35:00,3104.69,-50.08,TRADE
VIC1,2025-02-15 10:40:00,3173.6,-46.18,TRADE
VIC1,2025-02-15 10:45:00,3228.0,-50.01,TRADE
VIC1,2025-02-15 10:50:00,3287.41,-50.01,TRADE
VIC1,2025-02-15 10:55:00,3365.87,-50.01,TRADE
VIC1,2025-02-15 11:00:00,3344.35,-48.0,TRADE
VIC1,2025-02-15 11:05:00,3271.32,-50.01,TRADE
VIC1,2025-02-15 11:10:00,3246.82,-50.08,TRADE
VIC1,2025-02-15 11:15:00,3253.81,-59.47,TRADE
VIC1,2025-02-15 11:20:00,3162.83,-59.47,TRADE
VIC1,2025-02-15 11:25:00,3058.96,-63.94,TRADE
VIC1,2025-02-15 11:30:00,2887.53,-66.31,TRADE
VIC1,2025-02-15 11:35:00,2883.41,-66.31,TRADE
VIC1,2025-02-15 11:40:00,2715.05,-66.31,TRADE
VIC1,2025-02-15 11:45:00,2585.68,-66.31,TRADE
VIC1,2025-02-15 11:50:00,2627.42,-62.51,TRADE
VIC1,2025-02-15 11:55:00,2767.84,-61.37,TRADE
VIC1,2025-02-15 12:00:00,2817.71,-63.94,TRADE
VIC1,2025-02-15 12:05:00,2957.24,-63.94,TRADE
VIC1,2025-02-15 12:10:00,3133.31,-60.95,TRADE
VIC1,2025-02-15 12:15:00,2967.0,-63.94,TRADE
VIC1,2025-02-15 12:20:00,3044.21,-66.31,TRADE
VIC1,2025-02-15 12:25:00,2925.39,-66.31,TRADE
VIC1,2025-02-15 12:30:00,2899.76,-66.3,TRADE
VIC1,2025-02-15 12:35:00,3037.86,-62.51,TRADE
VIC1,2025-02-15 12:40:00,2986.11,-63.94,TRADE
VIC1,2025-02-15 12:45:00,3032.3,-63.94,TRADE
VIC1,2025-02-15 12:50:00,3065.76,-62.51,TRADE
VIC1,2025-02-15 12:55:00,3032.59,-62.51,TRADE
VIC1,2025-02-15 13:00:00,2994.74,-63.94,TRADE
VIC1,2025-02-15 13:05:00,2851.09,-66.31,TRADE
VIC1,2025-02-15 13:10:00,2730.21,-66.31,TRADE
VIC1,2025-02-15 13:15:00,2712.0,-66.31,TRADE
VIC1,2025-02-15 13:20:00,2760.68,-66.31,TRADE
VIC1,2025-02-15 13:25:00,2853.18,-66.31,TRADE
VIC1,2025-02-15 13:30:00,2704.83,-66.31,TRADE
VIC1,2025-02-15 13:35:00,2801.66,-66.31,TRADE
VIC1,2025-02-15 13:40:00,2771.48,-66.31,TRADE
VIC1,2025-02-15 13:45:00,2790.65,-66.31,TRADE
VIC1,2025-02-15 13:50:00,2869.52,-66.31,TRADE
VIC1,2025-02-15 13:55:00,2728.38,-66.31,TRADE
VIC1,2025-02-15 14:00:00,2711.29,-91.13,TRADE
VIC1,2025-02-15 14:05:00,2699.74,-66.31,TRADE
VIC1,2025-02-15 14:10:00,2724.54,-96.97,TRADE
VIC1,2025-02-15 14:15:00,2782.28,-66.31,TRADE
VIC1,2025-02-15 14:20:00,2810.07,-106.61,TRADE
VIC1,2025-02-15 14:25:00,2918.36,-105.37,TRADE
VIC1,2025-02-15 14:30:00,2924.89,-85.1,TRADE
VIC1,2025-02-15 14:35:00,2865.63,-69.83,TRADE
VIC1,2025-02-15 14:40:00,2880.07,-66.31,TRADE
VIC1,2025-02-15 14:45:00,2916.09,-66.31,TRADE
VIC1,2025-02-15 14:50:00,3012.87,-66.31,TRADE
VIC1,2025-02-15 14:55:00,2981.31,-85.1,TRADE
VIC1,2025-02-15 15:00:00,3021.1,-66.31,TRADE
VIC1,2025-02-15 15:05:00,3138.08,-66.31,TRADE
VIC1,2025-02-15 15:10:00,3201.75,-71.85,TRADE
VIC1,2025-02-15 15:15:00,3142.23,-95.76,TRADE
VIC1,2025-02-15 15:20:00,3152.15,-66.31,TRADE
VIC1,2025-02-15 15:25:00,2990.89,-89.06,TRADE
VIC1,2025-02-15 15:30:00,3203.56,-66.33,TRADE
VIC1,2025-02-15 15:35:00,3185.5,-66.3,TRADE
VIC1,2025-02-15 15:40:00,3383.46,-62.51,TRADE
VIC1,2025-02-15 15:45:00,3332.66,-61.37,TRADE
VIC1,2025-02-15 15:50:00,3461.75,-50.08,TRADE
VIC1,2025-02-15 15:55:00,3443.0,-50.08,TRADE
VIC1,2025-02-15 16:00:00,3447.77,-50.08,TRADE
VIC1,2025-02-15 16:05:00,3448.29,-50.08,TRADE
VIC1,2025-02-15 16:10:00,3297.57,-50.08,TRADE
VIC1,2025-02-15 16:15:00,3490.18,-45.05,TRADE
VIC1,2025-02-15 16:20:00,3544.13,-46.71,TRADE
VIC1,2025-02-15 16:25:00,3711.45,-44.0,TRADE
VIC1,2025-02-15 16:30:00,3639.28,-38.83,TRADE
VIC1,2025-02-15 16:35:00,3731.69,-45.42,TRADE
VIC1,2025-02-15 16:40:00,3649.37,-44.0,TRADE
VIC1,2025-02-15 16:45:00,3550.15,-46.18,TRADE
VIC1,2025-02-15 16:50:00,3478.05,-50.08,TRADE
VIC1,2025-02-15 16:55:00,3485.4,-48.0,TRADE
VIC1,2025-02-15 17:00:00,3571.8,-36.75,TRADE
VIC1,2025-02-15 17:05:00,3537.42,-39.94,TRADE
VIC1,2025-02-15 17:10:00,3598.1,-45.05,TRADE
VIC1,2025-02-15 17:15:00,3660.41,-46.18,TRADE
VIC1,2025-02-15 17:20:00,3706.98,-48.0,TRADE
VIC1,2025-02-15 17:25:00,3738.12,-36.75,TRADE
VIC1,2025-02-15 17:30:00,3666.36,-36.75,TRADE
VIC1,2025-02-15 17:35:00,3692.78,-41.58,TRADE
VIC1,2025-02-15 17:40:00,3741.23,-45.05,TRADE
VIC1,2025-02-15 17:45:00,3909.11,-36.75,TRADE
VIC1,2025-02-15 17:50:00,3910.34,-34.67,TRADE
VIC1,2025-02-15 17:55:00,4080.98,-31.5,TRADE
VIC1,2025-02-15 18:00:00,4215.4,-28.68,TRADE
VIC1,2025-02-15 18:05:00,4172.37,-31.5,TRADE
VIC1,2025-02-15 18:10:00,4404.43,-30.75,TRADE
VIC1,2025-02-15 18:15:00,4527.03,-31.5,TRADE
VIC1,2025-02-15 18:20:00,4663.34,-21.0,TRADE
VIC1,2025-02-15 18:25:00,4712.9,-19.99,TRADE
VIC1,2025-02-15 18:30:00,4696.85,-19.99,TRADE
VIC1,2025-02-15 18:35:00,4580.28,-8.69,TRADE
VIC1,2025-02-15 18:40:00,4642.82,-7.72,TRADE
VIC1,2025-02-15 18:45:00,4654.59,-20.0,TRADE
VIC1,2025-02-15 18:50:00,4591.68,-19.99,TRADE
VIC1,2025-02-15 18:55:00,4615.52,-20.0,TRADE
VIC1,2025-02-15 19:00:00,4612.25,-21.0,TRADE
VIC1,2025-02-15 19:05:00,4662.46,-21.0,TRADE
VIC1,2025-02-15 19:10:00,4566.54,-21.0,TRADE
VIC1,2025-02-15 19:15:00,4566.98,-21.0,TRADE
VIC1,2025-02-15 19:20:00,4691.57,-3.37,TRADE
VIC1,2025-02-15 19:25:00,4673.79,8.95,TRADE
VIC1,2025-02-15 19:30:00,4672.87,8.95,TRADE
VIC1,2025-02-15 19:35:00,4564.76,9.0,TRADE
VIC1,2025-02-15 19:40:00,4591.72,9.0,TRADE
VIC1,2025-02-15 19:45:00,4645.18,23.4,TRADE
VIC1,2025-02-15 19:50:00,4660.12,31.26,TRADE
VIC1,2025-02-15 19:55:00,4640.26,45.79,TRADE
VIC1,2025-02-15 20:00:00,4587.24,5.68,TRADE
VIC1,2025-02-15 20:05:00,4561.5,33.0,TRADE
VIC1,2025-02-15 20:10:00,4602.49,45.79,TRADE
VIC1,2025-02-15 20:15:00,4540.44,45.79,TRADE
VIC1,2025-02-15 20:20:00,4563.91,45.79,TRADE
VIC1,2025-02-15 20:25:00,4624.57,45.79,TRADE
VIC1,2025-02-15 20:30:00,4572.62,45.79,TRADE
VIC1,2025-02-15 20:35:00,4602.89,19.19,TRADE
VIC1,2025-02-15 20:40:00,4575.2,19.19,TRADE
VIC1,2025-02-15 20:45:00,4560.18,33.0,TRADE
VIC1,2025-02-15 20:50:00,4506.72,19.09,TRADE
VIC1,2025-02-15 20:55:00,4476.0,19.19,TRADE
VIC1,2025-02-15 21:00:00,4457.43,19.19,TRADE
VIC1,2025-02-15 21:05:00,4511.48,19.19,TRADE
VIC1,2025-02-15 21:10:00,4491.3,45.4,TRADE
VIC1,2025-02-15 21:15:00,4448.52,45.79,TRADE
VIC1,2025-02-15 21:20:00,4425.46,19.19,TRADE
VIC1,2025-02-15 21:25:00,4371.96,35.95,TRADE
VIC1,2025-02-15 21:30:00,4376.29,33.0,TRADE
VIC1,2025-02-15 21:35:00,4335.28,19.19,TRADE
VIC1,2025-02-15 21:40:00,4313.25,45.79,TRADE
VIC1,2025-02-15 21:45:00,4328.41,45.79,TRADE
VIC1,2025-02-15 21:50:00,4297.93,35.95,TRADE
VIC1,2025-02-15 21:55:00,4248.84,19.09,TRADE
VIC1,2025-02-15 22:00:00,4216.51,19.09,TRADE
VIC1,2025-02-15 22:05:00,4230.02,19.09,TRADE
VIC1,2025-02-15 22:10:00,4237.74,19.09,TRADE
VIC1,2025-02-15 22:15:00,4132.59,18.39,TRADE
VIC1,2025-02-15 22:20:00,4146.36,19.19,TRADE
VIC1,2025-02-15 22:25:00,4196.47,45.79,TRADE
VIC1,2025-02-15 22:30:00,4184.79,19.09,TRADE
VIC1,2025-02-15 22:35:00,4136.16,8.95,TRADE
VIC1,2025-02-15 22:40:00,4128.71,19.09,TRADE
VIC1,2025-02-15 22:45:00,4124.1,8.95,TRADE
VIC1,2025-02-15 22:50:00,4114.65,8.95,TRADE
VIC1,2025-02-15 22:55:00,4010.81,8.95,TRADE
VIC1,2025-02-15 23:00:00,4031.1,9.0,TRADE
VIC1,2025-02-15 23:05:00,4071.6,68.77,TRADE
VIC1,2025-02-15 23:10:00,4278.11,73.8,TRADE
VIC1,2025-02-15 23:15:00,4294.06,73.8,TRADE
VIC1,2025-02-15 23:20:00,4276.8,73.8,TRADE
VIC1,2025-02-15 23:25:00,4301.12,73.8,TRADE
VIC1,2025-02-15 23:30:00,4266.56,73.8,TRADE
VIC1,2025-02-15 23:35:00,4269.97,35.95,TRADE
VIC1,2025-02-15 23:40:00,4157.46,19.09,TRADE
VIC1,2025-02-15 23:45:00,4201.9,33.0,TRADE
VIC1,2025-02-15 23:50:00,4234.17,45.79,TRADE
VIC1,2025-02-15 23:55:00,4210.26,45.79,TRADE
VIC1,2025-02-16 00:00:00,4157.26,35.95,TRADE
VIC1,2025-02-16 00:05:00,4169.87,45.79,TRADE
VIC1,2025-02-16 00:10:00,4164.82,35.95,TRADE
VIC1,2025-02-16 00:15:00,4116.01,35.95,TRADE
VIC1,2025-02-16 00:20:00,4044.83,33.0,TRADE
VIC1,2025-02-16 00:25:00,4030.05,19.09,TRADE
VIC1,2025-02-16 00:30:00,4061.83,19.19,TRADE
VIC1,2025-02-16 00:35:00,4047.12,33.0,TRADE
VIC1,2025-02-16 00:40:00,4004.69,19.19,TRADE
VIC1,2025-02-16 00:45:00,3964.96,16.94,TRADE
VIC1,2025-02-16 00:50:00,3955.51,19.19,TRADE
VIC1,2025-02-16 00:55:00,3851.75,19.19,TRADE
VIC1,2025-02-16 01:00:00,3904.11,45.79,TRADE
VIC1,2025-02-16 01:05:00,3866.15,45.79,TRADE
VIC1,2025-02-16 01:10:00,3864.21,33.0,TRADE
VIC1,2025-02-16 01:15:00,3826.32,33.0,TRADE
VIC1,2025-02-16 01:20:00,3813.32,33.0,TRADE
VIC1,2025-02-16 01:25:00,3798.51,33.0,TRADE
VIC1,2025-02-16 01:30:00,3842.86,33.0,TRADE
VIC1,2025-02-16 01:35:00,3846.96,35.95,TRADE
VIC1,2025-02-16 01:40:00,3791.37,35.95,TRADE
VIC1,2025-02-16 01:45:00,3791.85,35.95,TRADE
VIC1,2025-02-16 01:50:00,3790.28,35.95,TRADE
VIC1,2025-02-16 01:55:00,3769.4,35.95,TRADE
VIC1,2025-02-16 02:00:00,3680.37,33.0,TRADE
VIC1,2025-02-16 02:05:00,3648.1,35.95,TRADE
VIC1,2025-02-16 02:10:00,3742.01,35.95,TRADE
VIC1,2025-02-16 02:15:00,3674.38,19.09,TRADE
VIC1,2025-02-16 02:20:00,3685.07,15.43,TRADE
VIC1,2025-02-16 02:25:00,3714.87,19.19,TRADE
VIC1,2025-02-16 02:30:00,3673.56,19.19,TRADE
VIC1,2025-02-16 02:35:00,3754.61,45.79,TRADE
VIC1,2025-02-16 02:40:00,3745.34,45.79,TRADE
VIC1,2025-02-16 02:45:00,3760.63,45.79,TRADE
VIC1,2025-02-16 02:50:00,3783.37,35.95,TRADE
VIC1,2025-02-16 02:55:00,3714.48,26.4,TRADE
VIC1,2025-02-16 03:00:00,3692.4,35.95,TRADE
VIC1,2025-02-16 03:05:00,3718.87,45.79,TRADE
VIC1,2025-02-16 03:10:00,3740.11,35.95,TRADE
VIC1,2025-02-16 03:15:00,3746.57,28.3,TRADE
VIC1,2025-02-16 03:20:00,3768.88,35.95,TRADE
VIC1,2025-02-16 03:25:00,3778.37,35.95,TRADE
VIC1,2025-02-16 03:30:00,3801.41,45.79,TRADE
VIC1,2025-02-16 03:35:00,3805.19,35.95,TRADE
VIC1,2025-02-16 03:40:00,3780.04,35.95,TRADE
VIC1,2025-02-16 03:45:00,3824.99,35.95,TRADE
VIC1,2025-02-16 03:50:00,3834.07,35.95,TRADE
VIC1,2025-02-16 03:55:00,3805.33,35.95,TRADE
VIC1,2025-02-16 04:00:00,3803.01,43.89,TRADE
VIC1,2025-02-16 04:05:00,3790.78,82.59,TRADE
VIC1,2025-02-16 04:10:00,3785.89,73.44,TRADE
VIC1,2025-02-16 04:15:00,3821.79,73.76,TRADE
VIC1,2025-02-16 04:20:00,3772.82,68.54,TRADE
VIC1,2025-02-16 04:25:00,3811.27,73.42,TRADE
VIC1,2025-02-16 04:30:00,3803.54,74.72,TRADE
VIC1,2025-02-16 04:35:00,3765.11,74.37,TRADE
VIC1,2025-02-16 04:40:00,3783.9,69.74,TRADE
VIC1,2025-02-16 04:45:00,3869.32,75.03,TRADE
VIC1,2025-02-16 04:50:00,3852.82,75.23,TRADE
VIC1,2025-02-16 04:55:00,3870.37,75.39,TRADE
VIC1,2025-02-16 05:00:00,3850.54,71.02,TRADE
VIC1,2025-02-16 05:05:00,3917.82,75.0,TRADE
VIC1,2025-02-16 05:10:00,3926.43,75.89,TRADE
VIC1,2025-02-16 05:15:00,3874.78,73.25,TRADE
VIC1,2025-02-16 05:20:00,3882.66,74.69,TRADE
VIC1,2025-02-16 05:25:00,3962.06,82.5,TRADE
VIC1,2025-02-16 05:30:00,3998.92,82.5,TRADE
VIC1,2025-02-16 05:35:00,3955.28,82.5,TRADE
VIC1,2025-02-16 05:40:00,4074.53,88.01,TRADE
VIC1,2025-02-16 05:45:00,4051.8,89.41,TRADE
VIC1,2025-02-16 05:50:00,4096.78,89.24,TRADE
VIC1,2025-02-16 05:55:00,4097.38,89.0,TRADE
VIC1,2025-02-16 06:00:00,4031.43,82.5,TRADE
VIC1,2025-02-16 06:05:00,4016.26,75.89,TRADE
VIC1,2025-02-16 06:10:00,4078.21,75.6,TRADE
VIC1,2025-02-16 06:15:00,4138.56,70.01,TRADE
VIC1,2025-02-16 06:20:00,4133.99,33.89,TRADE
VIC1,2025-02-16 06:25:00,4164.02,33.89,TRADE
VIC1,2025-02-16 06:30:00,4137.64,0.0,TRADE
VIC1,2025-02-16 06:35:00,4025.05,0.0,TRADE
VIC1,2025-02-16 06:40:00,4014.06,0.0,TRADE
VIC1,2025-02-16 06:45:00,3850.93,-18.05,TRADE
VIC1,2025-02-16 06:50:00,3795.18,-20.12,TRADE
VIC1,2025-02-16 06:55:00,3615.07,-27.73,TRADE
VIC1,2025-02-16 07:00:00,3506.96,-27.9,TRADE
VIC1,2025-02-16 07:05:00,3557.71,-29.52,TRADE
VIC1,2025-02-16 07:10:00,3540.36,-25.77,TRADE
VIC1,2025-02-16 07:15:00,3475.21,-27.96,TRADE
VIC1,2025-02-16 07:20:00,3526.34,-29.63,TRADE
VIC1,2025-02-16 07:25:00,3434.35,-28.14,TRADE
VIC1,2025-02-16 07:30:00,3457.53,-21.85,TRADE
VIC1,2025-02-16 07:35:00,3435.94,-21.8,TRADE
VIC1,2025-02-16 07:40:00,3510.81,-23.01,TRADE
VIC1,2025-02-16 07:45:00,3622.74,-26.36,TRADE
VIC1,2025-02-16 07:50:00,3628.35,-29.71,TRADE
VIC1,2025-02-16 07:55:00,3718.86,-29.07,TRADE
VIC1,2025-02-16 08:00:00,3768.52,-29.97,TRADE
VIC1,2025-02-16 08:05:00,3749.71,33.0,TRADE
VIC1,2025-02-16 08:10:00,3685.46,-19.32,TRADE
VIC1,2025-02-16 08:15:00,3477.4,-33.98,TRADE
VIC1,2025-02-16 08:20:00,3382.73,-32.83,TRADE
VIC1,2025-02-16 08:25:00,3408.39,-33.82,TRADE
VIC1,2025-02-16 08:30:00,3307.23,-32.81,TRADE
VIC1,2025-02-16 08:35:00,3140.9,-29.82,TRADE
VIC1,2025-02-16 08:40:00,3156.35,-29.02,TRADE
VIC1,2025-02-16 08:45:00,3184.91,-32.07,TRADE
VIC1,2025-02-16 08:50:00,3227.59,-31.06,TRADE
VIC1,2025-02-16 08:55:00,3104.87,-31.29,TRADE
VIC1,2025-02-16 09:00:00,3137.62,-32.23,TRADE
VIC1,2025-02-16 09:05:00,3089.8,-31.98,TRADE
VIC1,2025-02-16 09:10:00,3071.22,-30.92,TRADE
VIC1,2025-02-16 09:15:00,3110.64,-30.62,TRADE
VIC1,2025-02-16 09:20:00,2965.2,-28.97,TRADE
VIC1,2025-02-16 09:25:00,2939.57,-33.55,TRADE
VIC1,2025-02-16 09:30:00,2923.16,-30.17,TRADE
VIC1,2025-02-16 09:35:00,2883.6,-31.5,TRADE
VIC1,2025-02-16 09:40:00,2902.85,-32.63,TRADE
VIC1,2025-02-16 09:45:00,2883.61,-32.2,TRADE
VIC1,2025-02-16 09:50:00,2929.62,-31.07,TRADE
VIC1,2025-02-16 09:55:00,2891.61,-31.5,TRADE
VIC1,2025-02-16 10:00:00,2910.01,-32.63,TRADE
VIC1,2025-02-16 10:05:00,3011.77,-33.24,TRADE
VIC1,2025-02-16 10:10:00,3000.7,-32.63,TRADE
VIC1,2025-02-16 10:15:00,2925.73,-37.28,TRADE
VIC1,2025-02-16 10:20:00,3019.46,-36.75,TRADE
VIC1,2025-02-16 10:25:00,3066.4,-37.8,TRADE
VIC1,2025-02-16 10:30:00,3018.18,-37.51,TRADE
VIC1,2025-02-16 10:35:00,2966.53,-36.9,TRADE
VIC1,2025-02-16 10:40:00,2998.48,-37.52,TRADE
VIC1,2025-02-16 10:45:00,3043.19,-45.05,TRADE
VIC1,2025-02-16 10:50:00,3083.25,-37.96,TRADE
VIC1,2025-02-16 10:55:00,3136.95,-37.91,TRADE
VIC1,2025-02-16 11:00:00,3133.66,-38.72,TRADE
VIC1,2025-02-16 11:05:00,3125.87,-38.32,TRADE
VIC1,2025-02-16 11:10:00,3099.5,-38.43,TRADE
VIC1,2025-02-16 11:15:00,3099.78,-47.27,TRADE
VIC1,2025-02-16 11:20:00,3030.75,-40.74,TRADE
VIC1,2025-02-16 11:25:00,3041.22,-39.73,TRADE
VIC1,2025-02-16 11:30:00,2837.09,-42.06,TRADE
VIC1,2025-02-16 11:35:00,2746.42,-51.26,TRADE
VIC1,2025-02-16 11:40:00,2813.61,-35.26,TRADE
VIC1,2025-02-16 11:45:00,2866.93,-40.54,TRADE
VIC1,2025-02-16 11:50:00,2719.08,-50.08,TRADE
VIC1,2025-02-16 11:55:00,2801.73,-45.34,TRADE
VIC1,2025-02-16 12:00:00,2850.99,-48.0,TRADE
VIC1,2025-02-16 12:05:00,2698.13,-45.05,TRADE
VIC1,2025-02-16 12:10:00,2695.94,-45.34,TRADE
VIC1,2025-02-16 12:15:00,2566.94,-48.0,TRADE
VIC1,2025-02-16 12:20:00,2572.72,-49.75,TRADE
VIC1,2025-02-16 12:25:00,2505.36,-50.08,TRADE
VIC1,2025-02-16 12:30:00,2439.78,-55.06,TRADE
VIC1,2025-02-16 12:35:00,2462.81,-48.0,TRADE
VIC1,2025-02-16 12:40:00,2396.66,-45.05,TRADE
VIC1,2025-02-16 12:45:00,2426.6,-45.05,TRADE
VIC1,2025-02-16 12:50:00,2420.95,-48.0,TRADE
VIC1,2025-02-16 12:55:00,2378.71,-48.0,TRADE
VIC1,2025-02-16 13:00:00,2467.19,-44.8,TRADE
VIC1,2025-02-16 13:05:00,2510.85,-44.8,TRADE
VIC1,2025-02-16 13:10:00,2620.8,-44.8,TRADE
VIC1,2025-02-16 13:15:00,2560.37,-44.0,TRADE
VIC1,2025-02-16 13:20:00,2501.41,-45.05,TRADE
VIC1,2025-02-16 13:25:00,2591.92,-42.92,TRADE
VIC1,2025-02-16 13:30:00,2657.68,-38.57,TRADE
VIC1,2025-02-16 13:35:00,2638.69,-38.19,TRADE
VIC1,2025-02-16 13:40:00,2686.7,-39.3,TRADE
VIC1,2025-02-16 13:45:00,2670.94,-39.25,TRADE
VIC1,2025-02-16 13:50:00,2590.63,-37.72,TRADE
VIC1,2025-02-16 13:55:00,2611.87,-35.41,TRADE
VIC1,2025-02-16 14:00:00,2552.76,-37.18,TRADE
VIC1,2025-02-16 14:05:00,2648.66,-37.47,TRADE
VIC1,2025-02-16 14:10:00,2677.03,-35.12,TRADE
VIC1,2025-02-16 14:15:00,2550.45,-36.75,TRADE
VIC1,2025-02-16 14:20:00,2592.25,-34.87,TRADE
VIC1,2025-02-16 14:25:00,2582.05,-34.7,TRADE
VIC1,2025-02-16 14:30:00,2576.09,-35.08,TRADE
VIC1,2025-02-16 14:35:00,2693.45,-34.39,TRADE
VIC1,2025-02-16 14:40:00,2452.21,-33.29,TRADE
VIC1,2025-02-16 14:45:00,2456.17,-32.91,TRADE
VIC1,2025-02-16 14:50:00,2386.84,-32.48,TRADE
VIC1,2025-02-16 14:55:00,2310.01,-32.25,TRADE
VIC1,2025-02-16 15:00:00,2366.63,-30.75,TRADE
VIC1,2025-02-16 15:05:00,2382.08,-32.2,TRADE
VIC1,2025-02-16 15:10:00,2537.3,-30.86,TRADE
VIC1,2025-02-16 15:15:00,2437.94,-32.2,TRADE
VIC1,2025-02-16 15:20:00,2544.99,-28.17,TRADE
VIC1,2025-02-16 15:25:00,2506.86,-32.2,TRADE
VIC1,2025-02-16 15:30:00,2598.68,-32.2,TRADE
VIC1,2025-02-16 15:35:00,2613.88,-26.57,TRADE
VIC1,2025-02-16 15:40:00,2535.76,-32.63,TRADE
VIC1,2025-02-16 15:45:00,2716.1,-25.77,TRADE
VIC1,2025-02-16 15:50:00,2741.09,-30.86,TRADE
VIC1,2025-02-16 15:55:00,2833.8,-30.75,TRADE
VIC1,2025-02-16 16:00:00,2912.39,-30.86,TRADE
VIC1,2025-02-16 16:05:00,2998.54,-26.51,TRADE
VIC1,2025-02-16 16:10:00,3067.04,-27.16,TRADE
VIC1,2025-02-16 16:15:00,3158.28,-26.21,TRADE
VIC1,2025-02-16 16:20:00,3106.89,-27.67,TRADE
VIC1,2025-02-16 16:25:00,3207.23,-26.5,TRADE
VIC1,2025-02-16 16:30:00,3281.4,-26.33,TRADE
VIC1,2025-02-16 16:35:00,3414.47,-30.86,TRADE
VIC1,2025-02-16 16:40:00,3241.22,-30.86,TRADE
VIC1,2025-02-16 16:45:00,3264.66,-33.48,TRADE
VIC1,2025-02-16 16:50:00,3444.34,-19.68,TRADE
VIC1,2025-02-16 16:55:00,3527.13,-26.77,TRADE
VIC1,2025-02-16 17:00:00,3611.6,-2.28,TRADE
VIC1,2025-02-16 17:05:00,3724.97,-32.63,TRADE
VIC1,2025-02-16 17:10:00,3699.77,-30.75,TRADE
VIC1,2025-02-16 17:15:00,3782.81,-30.33,TRADE
VIC1,2025-02-16 17:20:00,3899.89,-21.62,TRADE
VIC1,2025-02-16 17:25:00,3927.52,-17.06,TRADE
VIC1,2025-02-16 17:30:00,4066.77,8.95,TRADE
VIC1,2025-02-16 17:35:00,4116.73,-21.76,TRADE
VIC1,2025-02-16 17:40:00,4190.03,-21.0,TRADE
VIC1,2025-02-16 17:45:00,4219.61,33.96,TRADE
VIC1,2025-02-16 17:50:00,4282.84,45.79,TRADE
VIC1,2025-02-16 17:55:00,4317.65,87.85,TRADE
VIC1,2025-02-16 18:00:00,4174.24,75.89,TRADE
VIC1,2025-02-16 18:05:00,4285.21,34.44,TRADE
VIC1,2025-02-16 18:10:00,4327.96,83.51,TRADE
VIC1,2025-02-16 18:15:00,4370.23,87.85,TRADE
VIC1,2025-02-16 18:20:00,4483.06,120.0,TRADE
VIC1,2025-02-16 18:25:00,4519.22,111.88,TRADE
VIC1,2025-02-16 18:30:00,4625.21,160.0,TRADE
VIC1,2025-02-16 18:35:00,4614.24,124.17,TRADE
VIC1,2025-02-16 18:40:00,4706.38,122.44,TRADE
VIC1,2025-02-16 18:45:00,4682.58,120.0,TRADE
VIC1,2025-02-16 18:50:00,4764.82,160.0,TRADE
VIC1,2025-02-16 18:55:00,4813.69,159.67,TRADE
VIC1,2025-02-16 19:00:00,4856.26,134.56,TRADE
VIC1,2025-02-16 19:05:00,4896.43,149.52,TRADE
VIC1,2025-02-16 19:10:00,4875.27,129.08,TRADE
VIC1,2025-02-16 19:15:00,4887.96,131.53,TRADE
VIC1,2025-02-16 19:20:00,4962.14,140.62,TRADE
VIC1,2025-02-16 19:25:00,4954.82,170.25,TRADE
VIC1,2025-02-16 19:30:00,4933.86,138.24,TRADE
VIC1,2025-02-16 19:35:00,4982.92,160.0,TRADE
VIC1,2025-02-16 19:40:00,4898.24,121.2,TRADE
VIC1,2025-02-16 19:45:00,4978.5,160.0,TRADE
VIC1,2025-02-16 19:50:00,4920.7,117.99,TRADE
VIC1,2025-02-16 19:55:00,4906.55,138.64,TRADE
VIC1,2025-02-16 20:00:00,4945.77,117.1,TRADE
VIC1,2025-02-16 20:05:00,4829.29,127.88,TRADE
VIC1,2025-02-16 20:10:00,4857.01,129.98,TRADE
VIC1,2025-02-16 20:15:00,4836.22,124.74,TRADE
VIC1,2025-02-16 20:20:00,4828.79,120.2,TRADE
VIC1,2025-02-16 20:25:00,4770.88,118.03,TRADE
VIC1,2025-02-16 20:30:00,4832.53,119.09,TRADE
VIC1,2025-02-16 20:35:00,4829.01,130.72,TRADE
VIC1,2025-02-16 20:40:00,4871.09,129.56,TRADE
VIC1,2025-02-16 20:45:00,4748.62,119.71,TRADE
VIC1,2025-02-16 20:50:00,4735.78,119.38,TRADE
VIC1,2025-02-16 20:55:00,4664.83,121.71,TRADE
VIC1,2025-02-16 21:00:00,4632.23,119.38,TRADE
VIC1,2025-02-16 21:05:00,4599.02,124.96,TRADE
VIC1,2025-02-16 21:10:00,4499.12,118.76,TRADE
VIC1,2025-02-16 21:15:00,4524.44,134.8,TRADE
VIC1,2025-02-16 21:20:00,4536.17,125.41,TRADE
VIC1,2025-02-16 21:25:00,4426.1,119.12,TRADE
VIC1,2025-02-16 21:30:00,4460.48,130.21,TRADE
VIC1,2025-02-16 21:35:00,4407.89,118.42,TRADE
VIC1,2025-02-16 21:40:00,4368.32,118.99,TRADE
VIC1,2025-02-16 21:45:00,4294.16,116.87,TRADE
VIC1,2025-02-16 21:50:00,4196.71,107.82,TRADE
VIC1,2025-02-16 21:55:00,4236.75,111.48,TRADE
VIC1,2025-02-16 22:00:00,4288.42,110.68,TRADE
VIC1,2025-02-16 22:05:00,4212.13,107.29,TRADE
VIC1,2025-02-16 22:10:00,4298.56,108.37,TRADE
VIC1,2025-02-16 22:15:00,4302.24,114.79,TRADE
VIC1,2025-02-16 22:20:00,4200.98,106.83,TRADE
VIC1,2025-02-16 22:25:00,4232.19,108.99,TRADE
VIC1,2025-02-16 22:30:00,4290.24,106.95,TRADE
VIC1,2025-02-16 22:35:00,4259.42,110.31,TRADE
VIC1,2025-02-16 22:40:00,4234.74,109.63,TRADE
VIC1,2025-02-16 22:45:00,4134.44,98.47,TRADE
VIC1,2025-02-16 22:50:00,4249.17,102.64,TRADE
VIC1,2025-02-16 22:55:00,4194.46,92.67,TRADE
VIC1,2025-02-16 23:00:00,4191.77,100.62,TRADE
VIC1,2025-02-16 23:05:00,4179.02,98.27,TRADE
VIC1,2025-02-16 23:10:00,4452.3,110.0,TRADE
VIC1,2025-02-16 23:15:00,4465.09,102.05,TRADE
VIC1,2025-02-16 23:20:00,4447.01,102.8,TRADE
VIC1,2025-02-16 23:25:00,4413.98,99.42,TRADE
VIC1,2025-02-16 23:30:00,4376.49,100.21,TRADE
VIC1,2025-02-16 23:35:00,4463.76,112.4,TRADE
VIC1,2025-02-16 23:40:00,4398.1,113.92,TRADE
VIC1,2025-02-16 23:45:00,4430.12,111.87,TRADE
VIC1,2025-02-16 23:50:00,4369.34,100.73,TRADE
VIC1,2025-02-16 23:55:00,4395.43,102.96,TRADE
VIC1,2025-02-22 00:00:00,4837.64,115.06,TRADE
VIC1,2025-02-22 00:05:00,4807.38,123.38,TRADE
VIC1,2025-02-22 00:10:00,4691.16,120.31,TRADE
VIC1,2025-02-22 00:15:00,4743.1,123.38,TRADE
VIC1,2025-02-22 00:20:00,4695.47,123.69,TRADE
VIC1,2025-02-22 00:25:00,4662.82,123.07,TRADE
VIC1,2025-02-22 00:30:00,4707.81,123.38,TRADE
VIC1,2025-02-22 00:35:00,4712.17,125.02,TRADE
VIC1,2025-02-22 00:40:00,4682.66,123.07,TRADE
VIC1,2025-02-22 00:45:00,4586.64,111.06,TRADE
VIC1,2025-02-22 00:50:00,4617.98,111.66,TRADE
VIC1,2025-02-22 00:55:00,4582.61,108.76,TRADE
VIC1,2025-02-22 01:00:00,4472.3,79.42,TRADE
VIC1,2025-02-22 01:05:00,4456.8,79.26,TRADE
VIC1,2025-02-22 01:10:00,4379.83,79.0,TRADE
VIC1,2025-02-22 01:15:00,4380.89,79.0,TRADE
VIC1,2025-02-22 01:20:00,4362.79,79.0,TRADE
VIC1,2025-02-22 01:25:00,4230.68,75.23,TRADE
VIC1,2025-02-22 01:30:00,4354.36,77.78,TRADE
VIC1,2025-02-22 01:35:00,4258.83,75.87,TRADE
VIC1,2025-02-22 01:40:00,4180.71,59.0,TRADE
VIC1,2025-02-22 01:45:00,4237.91,73.84,TRADE
VIC1,2025-02-22 01:50:00,4280.03,59.0,TRADE
VIC1,2025-02-22 01:55:00,4315.0,58.85,TRADE
VIC1,2025-02-22 02:00:00,4238.41,54.57,TRADE
VIC1,2025-02-22 02:05:00,4088.57,73.03,TRADE
VIC1,2025-02-22 02:10:00,4259.45,75.3,TRADE
VIC1,2025-02-22 02:15:00,4254.09,66.12,TRADE
VIC1,2025-02-22 02:20:00,4102.69,53.01,TRADE
VIC1,2025-02-22 02:25:00,4097.65,51.79,TRADE
VIC1,2025-02-22 02:30:00,4157.56,41.12,TRADE
VIC1,2025-02-22 02:35:00,4136.42,51.15,TRADE
VIC1,2025-02-22 02:40:00,4118.78,50.29,TRADE
VIC1,2025-02-22 02:45:00,4040.96,8.95,TRADE
VIC1,2025-02-22 02:50:00,4124.09,9.0,TRADE
VIC1,2025-02-22 02:55:00,4097.38,8.95,TRADE
VIC1,2025-02-22 03:00:00,4076.04,8.16,TRADE
VIC1,2025-02-22 03:05:00,4122.51,9.0,TRADE
VIC1,2025-02-22 03:10:00,4193.06,13.0,TRADE
VIC1,2025-02-22 03:15:00,4181.95,9.0,TRADE
VIC1,2025-02-22 03:20:00,4165.21,9.0,TRADE
VIC1,2025-02-22 03:25:00,4075.6,8.01,TRADE
VIC1,2025-02-22 03:30:00,4151.17,8.95,TRADE
VIC1,2025-02-22 03:35:00,4112.89,8.95,TRADE
VIC1,2025-02-22 03:40:00,4070.02,8.95,TRADE
VIC1,2025-02-22 03:45:00,4095.99,8.95,TRADE
VIC1,2025-02-22 03:50:00,4111.99,8.95,TRADE
VIC1,2025-02-22 03:55:00,4127.69,0.0,TRADE
VIC1,2025-02-22 04:00:00,4126.3,0.0,TRADE
VIC1,2025-02-22 04:05:00,4162.95,8.95,TRADE
VIC1,2025-02-22 04:10:00,4123.21,8.94,TRADE
VIC1,2025-02-22 04:15:00,4150.26,7.95,TRADE
VIC1,2025-02-22 04:20:00,4196.42,8.95,TRADE
VIC1,2025-02-22 04:25:00,4146.98,5.45,TRADE
VIC1,2025-02-22 04:30:00,4212.33,8.95,TRADE
VIC1,2025-02-22 04:35:00,4231.47,8.95,TRADE
VIC1,2025-02-22 04:40:00,4251.58,8.95,TRADE
VIC1,2025-02-22 04:45:00,4207.74,5.76,TRADE
VIC1,2025-02-22 04:50:00,4207.29,8.95,TRADE
VIC1,2025-02-22 04:55:00,4253.2,8.95,TRADE
VIC1,2025-02-22 05:00:00,4345.96,9.0,TRADE
VIC1,2025-02-22 05:05:00,4362.06,8.95,TRADE
VIC1,2025-02-22 05:10:00,4398.27,8.95,TRADE
VIC1,2025-02-22 05:15:00,4476.86,8.95,TRADE
VIC1,2025-02-22 05:20:00,4440.63,8.95,TRADE
VIC1,2025-02-22 05:25:00,4464.13,8.95,TRADE
VIC1,2025-02-22 05:30:00,4414.64,8.95,TRADE
VIC1,2025-02-22 05:35:00,4436.13,8.95,TRADE
VIC1,2025-02-22 05:40:00,4465.52,8.95,TRADE
VIC1,2025-02-22 05:45:00,4466.03,8.95,TRADE
VIC1,2025-02-22 05:50:00,4480.21,8.95,TRADE
VIC1,2025-02-22 05:55:00,4436.36,8.95,TRADE
VIC1,2025-02-22 06:00:00,4533.14,8.95,TRADE
VIC1,2025-02-22 06:05:00,4579.09,8.95,TRADE
VIC1,2025-02-22 06:10:00,4605.81,8.95,TRADE
VIC1,2025-02-22 06:15:00,4627.19,20.04,TRADE
VIC1,2025-02-22 06:20:00,4717.03,9.15,TRADE
VIC1,2025-02-22 06:25:00,4749.56,9.0,TRADE
VIC1,2025-02-22 06:30:00,4756.28,9.0,TRADE
VIC1,2025-02-22 06:35:00,4699.9,9.0,TRADE
VIC1,2025-02-22 06:40:00,4666.66,9.0,TRADE
VIC1,2025-02-22 06:45:00,4661.7,0.0,TRADE
VIC1,2025-02-22 06:50:00,4660.57,0.0,TRADE
VIC1,2025-02-22 06:55:00,4819.6,-17.23,TRADE
VIC1,2025-02-22 07:00:00,4645.95,-18.17,TRADE
VIC1,2025-02-22 07:05:00,4722.19,-19.53,TRADE
VIC1,2025-02-22 07:10:00,4703.17,-19.99,TRADE
VIC1,2025-02-22 07:15:00,4632.02,-19.42,TRADE
VIC1,2025-02-22 07:20:00,4622.01,-20.17,TRADE
VIC1,2025-02-22 07:25:00,4464.05,-21.5,TRADE
VIC1,2025-02-22 07:30:00,4382.17,-19.99,TRADE
VIC1,2025-02-22 07:35:00,4457.6,-22.22,TRADE
VIC1,2025-02-22 07:40:00,4453.98,-21.91,TRADE
VIC1,2025-02-22 07:45:00,4492.0,-21.0,TRADE
VIC1,2025-02-22 07:50:00,4377.26,-28.37,TRADE
VIC1,2025-02-22 07:55:00,4300.41,-32.2,TRADE
VIC1,2025-02-22 08:00:00,4370.03,-30.75,TRADE
VIC1,2025-02-22 08:05:00,4173.1,-28.51,TRADE
VIC1,2025-02-22 08:10:00,4286.67,-21.0,TRADE
VIC1,2025-02-22 08:15:00,4265.09,-27.52,TRADE
VIC1,2025-02-22 08:20:00,4332.98,-21.0,TRADE
VIC1,2025-02-22 08:25:00,4368.35,-21.0,TRADE
VIC1,2025-02-22 08:30:00,4342.76,-28.0,TRADE
VIC1,2025-02-22 08:35:00,4309.64,-19.99,TRADE
VIC1,2025-02-22 08:40:00,4291.24,-28.0,TRADE
VIC1,2025-02-22 08:45:00,4214.45,-27.36,TRADE
VIC1,2025-02-22 08:50:00,4138.19,-27.53,TRADE
VIC1,2025-02-22 08:55:00,4008.94,-32.2,TRADE
VIC1,2025-02-22 09:00:00,4066.19,-29.0,TRADE
VIC1,2025-02-22 09:05:00,4052.33,-26.74,TRADE
VIC1,2025-02-22 09:10:00,4070.01,-32.63,TRADE
VIC1,2025-02-22 09:15:00,4034.99,-30.94,TRADE
VIC1,2025-02-22 09:20:00,4049.2,-31.04,TRADE
VIC1,2025-02-22 09:25:00,4100.4,-31.82,TRADE
VIC1,2025-02-22 09:30:00,3938.21,-28.11,TRADE
VIC1,2025-02-22 09:35:00,3892.86,-33.0,TRADE
VIC1,2025-02-22 09:40:00,3906.0,-32.63,TRADE
VIC1,2025-02-22 09:45:00,4085.73,-31.06,TRADE
VIC1,2025-02-22 09:50:00,4088.39,-32.2,TRADE
VIC1,2025-02-22 09:55:00,3988.22,-32.63,TRADE
VIC1,2025-02-22 10:00:00,3990.88,-31.76,TRADE
VIC1,2025-02-22 10:05:00,4009.32,-30.96,TRADE
VIC1,2025-02-22 10:10:00,4043.37,-29.96,TRADE
VIC1,2025-02-22 10:15:00,3967.42,-31.5,TRADE
VIC1,2025-02-22 10:20:00,4037.88,-31.5,TRADE
VIC1,2025-02-22 10:25:00,4021.47,-32.2,TRADE
VIC1,2025-02-22 10:30:00,4032.61,-32.2,TRADE
VIC1,2025-02-22 10:35:00,4062.58,-32.63,TRADE
VIC1,2025-02-22 10:40:00,3970.78,-34.68,TRADE
VIC1,2025-02-22 10:45:00,3996.31,-32.63,TRADE
VIC1,2025-02-22 10:50:00,4064.13,-34.16,TRADE
VIC1,2025-02-22 10:55:00,4170.96,-33.99,TRADE
VIC1,2025-02-22 11:00:00,4179.97,-33.82,TRADE
VIC1,2025-02-22 11:05:00,3930.73,-34.78,TRADE
VIC1,2025-02-22 11:10:00,4068.92,-34.78,TRADE
VIC1,2025-02-22 11:15:00,4018.29,-34.78,TRADE
VIC1,2025-02-22 11:20:00,4118.8,-34.78,TRADE
VIC1,2025-02-22 11:25:00,4043.44,-34.78,TRADE
VIC1,2025-02-22 11:30:00,4139.58,-33.93,TRADE
VIC1,2025-02-22 11:35:00,4234.47,-33.65,TRADE
VIC1,2025-02-22 11:40:00,4204.04,-32.63,TRADE
VIC1,2025-02-22 11:45:00,4297.0,-32.63,TRADE
VIC1,2025-02-22 11:50:00,4299.8,-30.75,TRADE
VIC1,2025-02-22 11:55:00,4291.14,-30.75,TRADE
VIC1,2025-02-22 12:00:00,4375.09,-35.05,TRADE
VIC1,2025-02-22 12:05:00,4307.36,-33.93,TRADE
VIC1,2025-02-22 12:10:00,4320.05,-33.3,TRADE
VIC1,2025-02-22 12:15:00,4333.94,-34.28,TRADE
VIC1,2025-02-22 12:20:00,4518.57,-34.01,TRADE
VIC1,2025-02-22 12:25:00,4591.96,-32.63,TRADE
VIC1,2025-02-22 12:30:00,4625.58,-31.71,TRADE
VIC1,2025-02-22 12:35:00,4580.27,-34.05,TRADE
VIC1,2025-02-22 12:40:00,4711.36,-30.75,TRADE
VIC1,2025-02-22 12:45:00,4743.54,-31.5,TRADE
VIC1,2025-02-22 12:50:00,4736.71,-31.5,TRADE
VIC1,2025-02-22 12:55:00,4628.54,-30.18,TRADE
VIC1,2025-02-22 13:00:00,4810.36,-31.5,TRADE
VIC1,2025-02-22 13:05:00,4797.48,-30.83,TRADE
VIC1,2025-02-22 13:10:00,4794.92,-28.74,TRADE
VIC1,2025-02-22 13:15:00,4874.22,-19.67,TRADE
VIC1,2025-02-22 13:20:00,4711.22,-30.06,TRADE
VIC1,2025-02-22 13:25:00,4752.3,-29.73,TRADE
VIC1,2025-02-22 13:30:00,4688.5,-28.98,TRADE
VIC1,2025-02-22 13:35:00,4830.16,-30.23,TRADE
VIC1,2025-02-22 13:40:00,4818.64,-30.61,TRADE
VIC1,2025-02-22 13:45:00,4870.03,-11.15,TRADE
VIC1,2025-02-22 13:50:00,5004.0,18.67,TRADE
VIC1,2025-02-22 13:55:00,5085.61,23.07,TRADE
VIC1,2025-02-22 14:00:00,5111.71,111.07,TRADE
VIC1,2025-02-22 14:05:00,5125.49,9.57,TRADE
VIC1,2025-02-22 14:10:00,5141.66,38.37,TRADE
VIC1,2025-02-22 14:15:00,5324.74,111.84,TRADE
VIC1,2025-02-22 14:20:00,5301.7,29.0,TRADE
VIC1,2025-02-22 14:25:00,5585.69,110.98,TRADE
VIC1,2025-02-22 14:30:00,5537.61,77.85,TRADE
VIC1,2025-02-22 14:35:00,5658.78,42.36,TRADE
VIC1,2025-02-22 14:40:00,5760.96,69.81,TRADE
VIC1,2025-02-22 14:45:00,5763.31,-18.15,TRADE
VIC1,2025-02-22 14:50:00,5812.84,8.95,TRADE
VIC1,2025-02-22 14:55:00,6166.99,107.67,TRADE
VIC1,2025-02-22 15:00:00,6243.72,34.46,TRADE
VIC1,2025-02-22 15:05:00,6409.92,124.5,TRADE
VIC1,2025-02-22 15:10:00,6385.95,110.84,TRADE
VIC1,2025-02-22 15:15:00,6574.11,155.9,TRADE
VIC1,2025-02-22 15:20:00,6634.55,148.52,TRADE
VIC1,2025-02-22 15:25:00,6805.3,145.51,TRADE
VIC1,2025-02-22 15:30:00,6803.12,140.33,TRADE
VIC1,2025-02-22 15:35:00,6851.0,186.43,TRADE
VIC1,2025-02-22 15:40:00,6921.83,182.28,TRADE
VIC1,2025-02-22 15:45:00,6955.47,181.84,TRADE
VIC1,2025-02-22 15:50:00,7119.62,178.14,TRADE
VIC1,2025-02-22 15:55:00,7091.47,176.89,TRADE
VIC1,2025-02-22 16:00:00,7361.07,177.67,TRADE
VIC1,2025-02-22 16:05:00,7511.19,192.55,TRADE
VIC1,2025-02-22 16:10:00,7681.76,177.57,TRADE
VIC1,2025-02-22 16:15:00,7843.11,197.79,TRADE
VIC1,2025-02-22 16:20:00,7940.11,196.81,TRADE
VIC1,2025-02-22 16:25:00,8048.82,205.1,TRADE
VIC1,2025-02-22 16:30:00,8188.01,205.46,TRADE
VIC1,2025-02-22 16:35:00,8232.87,210.26,TRADE
VIC1,2025-02-22 16:40:00,8098.25,197.53,TRADE
VIC1,2025-02-22 16:45:00,8006.93,74.75,TRADE
VIC1,2025-02-22 16:50:00,7941.0,76.48,TRADE
VIC1,2025-02-22 16:55:00,7898.53,73.33,TRADE
VIC1,2025-02-22 17:00:00,7945.89,72.13,TRADE
VIC1,2025-02-22 17:05:00,7989.74,282.25,TRADE
VIC1,2025-02-22 17:10:00,8060.59,197.53,TRADE
VIC1,2025-02-22 17:15:00,8127.98,116.18,TRADE
VIC1,2025-02-22 17:20:00,8227.77,141.01,TRADE
VIC1,2025-02-22 17:25:00,8322.41,141.01,TRADE
VIC1,2025-02-22 17:30:00,8383.41,73.23,TRADE
VIC1,2025-02-22 17:35:00,8281.21,299.88,TRADE
VIC1,2025-02-22 17:40:00,7812.64,285.63,TRADE
VIC1,2025-02-22 17:45:00,7957.0,294.47,TRADE
VIC1,2025-02-22 17:50:00,7977.44,289.93,TRADE
VIC1,2025-02-22 17:55:00,7868.85,286.55,TRADE
VIC1,2025-02-22 18:00:00,7982.21,316.31,TRADE
VIC1,2025-02-22 18:05:00,8108.61,296.33,TRADE
VIC1,2025-02-22 18:10:00,8198.31,182.28,TRADE
VIC1,2025-02-22 18:15:00,8333.01,182.28,TRADE
VIC1,2025-02-22 18:20:00,8420.01,70.85,TRADE
VIC1,2025-02-22 18:25:00,8500.66,131.34,TRADE
VIC1,2025-02-22 18:30:00,8570.57,70.85,TRADE
VIC1,2025-02-22 18:35:00,8529.62,17.4,TRADE
VIC1,2025-02-22 18:40:00,8563.88,70.85,TRADE
VIC1,2025-02-22 18:45:00,8417.35,143.08,TRADE
VIC1,2025-02-22 18:50:00,8333.59,131.52,TRADE
VIC1,2025-02-22 18:55:00,8335.4,134.85,TRADE
VIC1,2025-02-22 19:00:00,8293.46,157.03,TRADE
VIC1,2025-02-22 19:05:00,8283.46,155.41,TRADE
VIC1,2025-02-22 19:10:00,8264.2,153.88,TRADE
VIC1,2025-02-22 19:15:00,8187.07,153.88,TRADE
VIC1,2025-02-22 19:20:00,8098.6,143.43,TRADE
VIC1,2025-02-22 19:25:00,8228.32,155.02,TRADE
VIC1,2025-02-22 19:30:00,8220.22,153.88,TRADE
VIC1,2025-02-22 19:35:00,8174.76,153.88,TRADE
VIC1,2025-02-22 19:40:00,8166.18,185.3,TRADE
VIC1,2025-02-22 19:45:00,8069.19,185.87,TRADE
VIC1,2025-02-22 19:50:00,8029.98,190.11,TRADE
VIC1,2025-02-22 19:55:00,7916.62,188.95,TRADE
VIC1,2025-02-22 20:00:00,7846.59,189.62,TRADE
VIC1,2025-02-22 20:05:00,7868.03,191.59,TRADE
VIC1,2025-02-22 20:10:00,7823.41,200.06,TRADE
VIC1,2025-02-22 20:15:00,7670.06,187.61,TRADE
VIC1,2025-02-22 20:20:00,7615.84,182.68,TRADE
VIC1,2025-02-22 20:25:00,7501.7,182.65,TRADE
VIC1,2025-02-22 20:30:00,7470.38,188.48,TRADE
VIC1,2025-02-22 20:35:00,7310.09,157.98,TRADE
VIC1,2025-02-22 20:40:00,7371.4,157.35,TRADE
VIC1,2025-02-22 20:45:00,7265.79,127.85,TRADE
VIC1,2025-02-22 20:50:00,7240.73,128.11,TRADE
VIC1,2025-02-22 20:55:00,7118.07,124.0,TRADE
VIC1,2025-02-22 21:00:00,6997.16,100.01,TRADE
VIC1,2025-02-22 21:05:00,6859.84,120.56,TRADE
VIC1,2025-02-22 21:10:00,6813.89,122.87,TRADE
VIC1,2025-02-22 21:15:00,6669.9,119.15,TRADE
VIC1,2025-02-22 21:20:00,6592.32,119.95,TRADE
VIC1,2025-02-22 21:25:00,6618.38,146.72,TRADE
VIC1,2025-02-22 21:30:00,6562.7,130.79,TRADE
VIC1,2025-02-22 21:35:00,6481.5,143.67,TRADE
VIC1,2025-02-22 21:40:00,6437.33,135.3,TRADE
VIC1,2025-02-22 21:45:00,6400.3,120.28,TRADE
VIC1,2025-02-22 21:50:00,6422.29,161.98,TRADE
VIC1,2025-02-22 21:55:00,6232.41,117.59,TRADE
VIC1,2025-02-22 22:00:00,6168.01,114.05,TRADE
VIC1,2025-02-22 22:05:00,6109.02,123.66,TRADE
VIC1,2025-02-22 22:10:00,6145.98,126.17,TRADE
VIC1,2025-02-22 22:15:00,6181.08,129.14,TRADE
VIC1,2025-02-22 22:20:00,6042.02,118.21,TRADE
VIC1,2025-02-22 22:25:00,6117.73,129.14,TRADE
VIC1,2025-02-22 22:30:00,6125.63,114.42,TRADE
VIC1,2025-02-22 22:35:00,6098.08,116.85,TRADE
VIC1,2025-02-22 22:40:00,5998.2,113.27,TRADE
VIC1,2025-02-22 22:45:00,5930.57,113.55,TRADE
VIC1,2025-02-22 22:50:00,5948.31,105.57,TRADE
VIC1,2025-02-22 22:55:00,5959.78,100.01,TRADE
VIC1,2025-02-22 23:00:00,5953.46,100.01,TRADE
VIC1,2025-02-22 23:05:00,5983.68,106.88,TRADE
VIC1,2025-02-22 23:10:00,6096.16,162.86,TRADE
VIC1,2025-02-22 23:15:00,6162.82,170.75,TRADE
VIC1,2025-02-22 23:20:00,6172.03,164.06,TRADE
VIC1,2025-02-22 23:25:00,6141.75,139.4,TRADE
VIC1,2025-02-22 23:30:00,6175.42,138.51,TRADE
VIC1,2025-02-22 23:35:00,6081.54,132.33,TRADE
VIC1,2025-02-22 23:40:00,6031.72,118.47,TRADE
VIC1,2025-02-22 23:45:00,6059.76,137.57,TRADE
VIC1,2025-02-22 23:50:00,6037.0,137.61,TRADE
VIC1,2025-02-22 23:55:00,5871.96,114.51,TRADE
VIC1,2025-02-23 00:00:00,5937.42,115.69,TRADE
VIC1,2025-02-23 00:05:00,5880.15,117.6,TRADE
VIC1,2025-02-23 00:10:00,5794.75,116.28,TRADE
VIC1,2025-02-23 00:15:00,5697.41,113.84,TRADE
VIC1,2025-02-23 00:20:00,5593.06,79.0,TRADE
VIC1,2025-02-23 00:25:00,5593.33,94.06,TRADE
VIC1,2025-02-23 00:30:00,5539.61,79.0,TRADE
VIC1,2025-02-23 00:35:00,5555.78,114.8,TRADE
VIC1,2025-02-23 00:40:00,5613.09,189.62,TRADE
VIC1,2025-02-23 00:45:00,5589.79,233.4,TRADE
VIC1,2025-02-23 00:50:00,5602.45,235.18,TRADE
VIC1,2025-02-23 00:55:00,5556.98,235.06,TRADE
VIC1,2025-02-23 01:00:00,5528.14,352.75,TRADE
VIC1,2025-02-23 01:05:00,5416.62,364.07,TRADE
VIC1,2025-02-23 01:10:00,5364.03,230.78,TRADE
VIC1,2025-02-23 01:15:00,5382.52,140.56,TRADE
VIC1,2025-02-23 01:20:00,5405.37,154.96,TRADE
VIC1,2025-02-23 01:25:00,5320.28,165.15,TRADE
VIC1,2025-02-23 01:30:00,5332.47,186.75,TRADE
VIC1,2025-02-23 01:35:00,5405.12,190.55,TRADE
VIC1,2025-02-23 01:40:00,5397.95,141.44,TRADE
VIC1,2025-02-23 01:45:00,5339.82,146.21,TRADE
VIC1,2025-02-23 01:50:00,5329.76,127.81,TRADE
VIC1,2025-02-23 01:55:00,5274.29,123.23,TRADE
VIC1,2025-02-23 02:00:00,5253.39,79.6,TRADE
VIC1,2025-02-23 02:05:00,5255.13,84.35,TRADE
VIC1,2025-02-23 02:10:00,5219.28,125.56,TRADE
VIC1,2025-02-23 02:15:00,5246.68,133.62,TRADE
VIC1,2025-02-23 02:20:00,5258.82,133.28,TRADE
VIC1,2025-02-23 02:25:00,5209.75,139.12,TRADE
VIC1,2025-02-23 02:30:00,5120.5,129.47,TRADE
VIC1,2025-02-23 02:35:00,5081.15,162.52,TRADE
VIC1,2025-02-23 02:40:00,5114.32,191.15,TRADE
VIC1,2025-02-23 02:45:00,5174.08,209.08,TRADE
VIC1,2025-02-23 02:50:00,5160.65,170.53,TRADE
VIC1,2025-02-23 02:55:00,5137.59,161.75,TRADE
VIC1,2025-02-23 03:00:00,5112.31,131.4,TRADE
VIC1,2025-02-23 03:05:00,5099.13,153.3,TRADE
VIC1,2025-02-23 03:10:00,4947.75,91.33,TRADE
VIC1,2025-02-23 03:15:00,4862.46,161.62,TRADE
VIC1,2025-02-23 03:20:00,4975.04,151.31,TRADE
VIC1,2025-02-23 03:25:00,4923.24,156.13,TRADE
VIC1,2025-02-23 03:30:00,4959.69,150.56,TRADE
VIC1,2025-02-23 03:35:00,4982.51,151.86,TRADE
VIC1,2025-02-23 03:40:00,4986.93,137.97,TRADE
VIC1,2025-02-23 03:45:00,4948.41,79.0,TRADE
VIC1,2025-02-23 03:50:00,4863.65,76.8,TRADE
VIC1,2025-02-23 03:55:00,4888.58,79.0,TRADE
VIC1,2025-02-23 04:00:00,4944.31,82.09,TRADE
VIC1,2025-02-23 04:05:00,4914.85,95.87,TRADE
VIC1,2025-02-23 04:10:00,4866.98,95.53,TRADE
VIC1,2025-02-23 04:15:00,4976.22,114.79,TRADE
VIC1,2025-02-23 04:20:00,4953.77,129.28,TRADE
VIC1,2025-02-23 04:25:00,4924.92,115.97,TRADE
VIC1,2025-02-23 04:30:00,4808.59,87.45,TRADE
VIC1,2025-02-23 04:35:00,4769.93,86.81,TRADE
VIC1,2025-02-23 04:40:00,4862.09,93.55,TRADE
VIC1,2025-02-23 04:45:00,4963.19,113.24,TRADE
VIC1,2025-02-23 04:50:00,5026.91,147.82,TRADE
VIC1,2025-02-23 04:55:00,5046.35,148.63,TRADE
VIC1,2025-02-23 05:00:00,5146.74,230.98,TRADE
VIC1,2025-02-23 05:05:00,5251.55,232.94,TRADE
VIC1,2025-02-23 05:10:00,5285.73,208.33,TRADE
VIC1,2025-02-23 05:15:00,5196.03,169.49,TRADE
VIC1,2025-02-23 05:20:00,5217.2,327.44,TRADE
VIC1,2025-02-23 05:25:00,5315.54,363.18,TRADE
VIC1,2025-02-23 05:30:00,5275.21,323.66,TRADE
VIC1,2025-02-23 05:35:00,5140.95,135.13,TRADE
VIC1,2025-02-23 05:40:00,5161.38,226.01,TRADE
VIC1,2025-02-23 05:45:00,5148.11,342.39,TRADE
VIC1,2025-02-23 05:50:00,5250.43,298.4,TRADE
VIC1,2025-02-23 05:55:00,5233.85,228.91,TRADE
VIC1,2025-02-23 06:00:00,5128.84,209.36,TRADE
VIC1,2025-02-23 06:05:00,5128.97,145.02,TRADE
VIC1,2025-02-23 06:10:00,5126.5,120.6,TRADE
VIC1,2025-02-23 06:15:00,5173.41,153.69,TRADE
VIC1,2025-02-23 06:20:00,5077.25,117.89,TRADE
VIC1,2025-02-23 06:25:00,5123.42,119.12,TRADE
VIC1,2025-02-23 06:30:00,5124.3,134.34,TRADE
VIC1,2025-02-23 06:35:00,5083.73,128.12,TRADE
VIC1,2025-02-23 06:40:00,5075.16,119.28,TRADE
VIC1,2025-02-23 06:45:00,4961.59,117.71,TRADE
VIC1,2025-02-23 06:50:00,5029.47,117.71,TRADE
VIC1,2025-02-23 06:55:00,5046.4,115.52,TRADE
VIC1,2025-02-23 07:00:00,5071.98,12.0,TRADE
VIC1,2025-02-23 07:05:00,5007.46,116.49,TRADE
VIC1,2025-02-23 07:10:00,4998.06,9.0,TRADE
VIC1,2025-02-23 07:15:00,4904.21,8.95,TRADE
VIC1,2025-02-23 07:20:00,4899.78,8.95,TRADE
VIC1,2025-02-23 07:25:00,4979.34,9.0,TRADE
VIC1,2025-02-23 07:30:00,4935.89,9.02,TRADE
VIC1,2025-02-23 07:35:00,4942.19,10.64,TRADE
VIC1,2025-02-23 07:40:00,4927.85,10.72,TRADE
VIC1,2025-02-23 07:45:00,4921.93,10.58,TRADE
VIC1,2025-02-23 07:50:00,4959.06,10.81,TRADE
VIC1,2025-02-23 07:55:00,5071.64,13.84,TRADE
VIC1,2025-02-23 08:00:00,4866.15,8.95,TRADE
VIC1,2025-02-23 08:05:00,4883.28,9.0,TRADE
VIC1,2025-02-23 08:10:00,4894.28,8.95,TRADE
VIC1,2025-02-23 08:15:00,4961.09,-16.06,TRADE
VIC1,2025-02-23 08:20:00,4843.54,-0.38,TRADE
VIC1,2025-02-23 08:25:00,4811.63,-20.19,TRADE
VIC1,2025-02-23 08:30:00,4771.33,-22.2,TRADE
VIC1,2025-02-23 08:35:00,4676.44,-30.75,TRADE
VIC1,2025-02-23 08:40:00,4543.18,-30.75,TRADE
VIC1,2025-02-23 08:45:00,4500.03,-31.5,TRADE
VIC1,2025-02-23 08:50:00,4612.22,-32.0,TRADE
VIC1,2025-02-23 08:55:00,4666.68,-31.2,TRADE
VIC1,2025-02-23 09:00:00,4643.48,-29.0,TRADE
VIC1,2025-02-23 09:05:00,4519.77,-31.4,TRADE
VIC1,2025-02-23 09:10:00,4566.06,-30.75,TRADE
VIC1,2025-02-23 09:15:00,4494.83,-29.0,TRADE
VIC1,2025-02-23 09:20:00,4461.86,-30.75,TRADE
VIC1,2025-02-23 09:25:00,4524.48,-28.44,TRADE
VIC1,2025-02-23 09:30:00,4712.65,10.0,TRADE
VIC1,2025-02-23 09:35:00,4680.97,-12.0,TRADE
VIC1,2025-02-23 09:40:00,4630.35,-32.77,TRADE
VIC1,2025-02-23 09:45:00,4687.92,-26.91,TRADE
VIC1,2025-02-23 09:50:00,4577.49,-32.43,TRADE
VIC1,2025-02-23 09:55:00,4627.61,-2.05,TRADE
VIC1,2025-02-23 10:00:00,4504.46,-34.69,TRADE
VIC1,2025-02-23 10:05:00,4551.33,-35.73,TRADE
VIC1,2025-02-23 10:10:00,4551.48,-32.63,TRADE
VIC1,2025-02-23 10:15:00,4539.85,-32.63,TRADE
VIC1,2025-02-23 10:20:00,4612.33,-31.5,TRADE
VIC1,2025-02-23 10:25:00,4498.35,-32.63,TRADE
VIC1,2025-02-23 10:30:00,4577.95,-34.78,TRADE
VIC1,2025-02-23 10:35:00,4497.91,-34.78,TRADE
VIC1,2025-02-23 10:40:00,4595.43,-34.78,TRADE
VIC1,2025-02-23 10:45:00,4714.44,-27.58,TRADE
VIC1,2025-02-23 10:50:00,4889.91,-17.13,TRADE
VIC1,2025-02-23 10:55:00,4943.85,-8.26,TRADE
VIC1,2025-02-23 11:00:00,4924.08,-24.9,TRADE
VIC1,2025-02-23 11:05:00,4928.09,-28.21,TRADE
VIC1,2025-02-23 11:10:00,4790.56,-30.86,TRADE
VIC1,2025-02-23 11:15:00,4802.59,-30.86,TRADE
VIC1,2025-02-23 11:20:00,4718.43,-30.86,TRADE
VIC1,2025-02-23 11:25:00,4797.0,-30.86,TRADE
VIC1,2025-02-23 11:30:00,4905.72,-15.79,TRADE
VIC1,2025-02-23 11:35:00,4819.74,-15.79,TRADE
VIC1,2025-02-23 11:40:00,4678.95,-31.39,TRADE
VIC1,2025-02-23 11:45:00,4929.46,-15.62,TRADE
VIC1,2025-02-23 11:50:00,5022.59,10.43,TRADE
VIC1,2025-02-23 11:55:00,5091.71,96.87,TRADE
VIC1,2025-02-23 12:00:00,4964.38,-9.85,TRADE
VIC1,2025-02-23 12:05:00,4867.12,-27.17,TRADE
VIC1,2025-02-23 12:10:00,4892.79,-22.32,TRADE
VIC1,2025-02-23 12:15:00,5100.05,10.0,TRADE
VIC1,2025-02-23 12:20:00,5120.82,10.55,TRADE
VIC1,2025-02-23 12:25:00,5033.03,-29.67,TRADE
VIC1,2025-02-23 12:30:00,5049.1,-29.96,TRADE
VIC1,2025-02-23 12:35:00,4988.79,-30.53,TRADE
VIC1,2025-02-23 12:40:00,4759.32,-28.65,TRADE
VIC1,2025-02-23 12:45:00,4542.26,-28.58,TRADE
VIC1,2025-02-23 12:50:00,4370.75,-31.5,TRADE
VIC1,2025-02-23 12:55:00,4198.37,-27.24,TRADE
VIC1,2025-02-23 13:00:00,4074.39,-26.16,TRADE
VIC1,2025-02-23 13:05:00,4020.22,-24.83,TRADE
VIC1,2025-02-23 13:10:00,4276.42,-24.15,TRADE
VIC1,2025-02-23 13:15:00,4371.18,-25.52,TRADE
VIC1,2025-02-23 13:20:00,4295.06,-31.5,TRADE
VIC1,2025-02-23 13:25:00,4137.44,-31.5,TRADE
VIC1,2025-02-23 13:30:00,4200.61,-24.33,TRADE
VIC1,2025-02-23 13:35:00,4046.28,-31.5,TRADE
VIC1,2025-02-23 13:40:00,4028.76,-31.5,TRADE
VIC1,2025-02-23 13:45:00,3868.59,-31.5,TRADE
VIC1,2025-02-23 13:50:00,3806.76,-44.0,TRADE
VIC1,2025-02-23 13:55:00,3815.14,-32.74,TRADE
VIC1,2025-02-23 14:00:00,3948.51,-53.43,TRADE
VIC1,2025-02-23 14:05:00,3895.79,-31.5,TRADE
VIC1,2025-02-23 14:10:00,3949.23,-34.78,TRADE
VIC1,2025-02-23 14:15:00,4110.28,-32.63,TRADE
VIC1,2025-02-23 14:20:00,4190.37,-29.0,TRADE
VIC1,2025-02-23 14:25:00,4184.73,-31.5,TRADE
VIC1,2025-02-23 14:30:00,4117.64,-34.78,TRADE
VIC1,2025-02-23 14:35:00,4188.55,-29.0,TRADE
VIC1,2025-02-23 14:40:00,4003.16,-34.78,TRADE
VIC1,2025-02-23 14:45:00,3992.38,-355.17,TRADE
VIC1,2025-02-23 14:50:00,4062.33,-70.91,TRADE
VIC1,2025-02-23 14:55:00,3967.74,-60.0,TRADE
VIC1,2025-02-23 15:00:00,3954.65,-66.31,TRADE
VIC1,2025-02-23 15:05:00,4001.26,-34.78,TRADE
VIC1,2025-02-23 15:10:00,4080.67,-48.0,TRADE
VIC1,2025-02-23 15:15:00,4162.3,-58.84,TRADE
VIC1,2025-02-23 15:20:00,4262.23,-52.39,TRADE
VIC1,2025-02-23 15:25:00,4227.2,-48.0,TRADE
VIC1,2025-02-23 15:30:00,4376.44,-49.65,TRADE
VIC1,2025-02-23 15:35:00,4559.64,-55.87,TRADE
VIC1,2025-02-23 15:40:00,4393.36,-44.78,TRADE
VIC1,2025-02-23 15:45:00,4286.02,-34.78,TRADE
VIC1,2025-02-23 15:50:00,4467.51,-34.78,TRADE
VIC1,2025-02-23 15:55:00,4561.74,-34.78,TRADE
VIC1,2025-02-23 16:00:00,4597.66,-32.59,TRADE
VIC1,2025-02-23 16:05:00,4608.4,-34.78,TRADE
VIC1,2025-02-23 16:10:00,4735.89,-45.05,TRADE
VIC1,2025-02-23 16:15:00,4793.0,-45.05,TRADE
VIC1,2025-02-23 16:20:00,4826.69,-34.78,TRADE
VIC1,2025-02-23 16:25:00,4902.64,-39.57,TRADE
VIC1,2025-02-23 16:30:00,4908.21,-44.78,TRADE
VIC1,2025-02-23 16:35:00,4951.53,-44.78,TRADE
VIC1,2025-02-23 16:40:00,5065.95,-32.63,TRADE
VIC1,2025-02-23 16:45:00,5091.32,-34.78,TRADE
VIC1,2025-02-23 16:50:00,5069.91,-31.5,TRADE
VIC1,2025-02-23 16:55:00,5136.81,-35.18,TRADE
VIC1,2025-02-23 17:00:00,5306.94,-34.72,TRADE
VIC1,2025-02-23 17:05:00,5431.26,-32.2,TRADE
VIC1,2025-02-23 17:10:00,5423.37,-34.84,TRADE
VIC1,2025-02-23 17:15:00,5538.36,-32.0,TRADE
VIC1,2025-02-23 17:20:00,5542.52,-32.0,TRADE
VIC1,2025-02-23 17:25:00,5612.27,-31.5,TRADE
VIC1,2025-02-23 17:30:00,5629.04,-29.0,TRADE
VIC1,2025-02-23 17:35:00,5675.33,-29.0,TRADE
VIC1,2025-02-23 17:40:00,5680.88,-19.24,TRADE
VIC1,2025-02-23 17:45:00,5727.04,9.0,TRADE
VIC1,2025-02-23 17:50:00,5778.29,10.56,TRADE
VIC1,2025-02-23 17:55:00,5910.1,11.56,TRADE
VIC1,2025-02-23 18:00:00,5937.71,82.6,TRADE
VIC1,2025-02-23 18:05:00,5943.04,79.2,TRADE
VIC1,2025-02-23 18:10:00,5977.68,9.0,TRADE
VIC1,2025-02-23 18:15:00,5973.02,64.95,TRADE
VIC1,2025-02-23 18:20:00,6016.79,78.38,TRADE
VIC1,2025-02-23 18:25:00,5944.59,81.85,TRADE
VIC1,2025-02-23 18:30:00,5934.18,87.48,TRADE
VIC1,2025-02-23 18:35:00,5875.39,76.39,TRADE
VIC1,2025-02-23 18:40:00,5879.78,79.21,TRADE
VIC1,2025-02-23 18:45:00,5963.62,80.34,TRADE
VIC1,2025-02-23 18:50:00,5933.46,69.24,TRADE
VIC1,2025-02-23 18:55:00,5924.52,81.85,TRADE
VIC1,2025-02-23 19:00:00,5930.25,80.83,TRADE
VIC1,2025-02-23 19:05:00,5834.37,72.49,TRADE
VIC1,2025-02-23 19:10:00,5827.52,75.58,TRADE
VIC1,2025-02-23 19:15:00,5687.45,67.3,TRADE
VIC1,2025-02-23 19:20:00,5624.74,78.55,TRADE
VIC1,2025-02-23 19:25:00,5669.57,78.56,TRADE
VIC1,2025-02-23 19:30:00,5639.76,74.83,TRADE
VIC1,2025-02-23 19:35:00,5563.26,70.88,TRADE
VIC1,2025-02-23 19:40:00,5612.43,74.87,TRADE
VIC1,2025-02-23 19:45:00,5565.35,72.46,TRADE
VIC1,2025-02-23 19:50:00,5525.43,70.8,TRADE
VIC1,2025-02-23 19:55:00,5482.8,71.69,TRADE
VIC1,2025-02-23 20:00:00,5368.97,61.0,TRADE
VIC1,2025-02-23 20:05:00,5406.32,71.74,TRADE
VIC1,2025-02-23 20:10:00,5350.96,73.75,TRADE
VIC1,2025-02-23 20:15:00,5295.38,78.0,TRADE
VIC1,2025-02-23 20:20:00,5264.08,79.81,TRADE
VIC1,2025-02-23 20:25:00,5220.56,80.46,TRADE
VIC1,2025-02-23 20:30:00,5136.43,80.62,TRADE
VIC1,2025-02-23 20:35:00,5063.21,75.61,TRADE
VIC1,2025-02-23 20:40:00,4963.72,75.0,TRADE
VIC1,2025-02-23 20:45:00,4984.14,75.55,TRADE
VIC1,2025-02-23 20:50:00,4893.18,73.78,TRADE
VIC1,2025-02-23 20:55:00,4869.2,70.5,TRADE
VIC1,2025-02-23 21:00:00,4859.14,70.03,TRADE
VIC1,2025-02-23 21:05:00,4831.07,71.01,TRADE
VIC1,2025-02-23 21:10:00,4809.91,71.5,TRADE
VIC1,2025-02-23 21:15:00,4771.01,74.37,TRADE
VIC1,2025-02-23 21:20:00,4675.9,73.11,TRADE
VIC1,2025-02-23 21:25:00,4736.78,73.7,TRADE
VIC1,2025-02-23 21:30:00,4722.33,72.24,TRADE
VIC1,2025-02-23 21:35:00,4684.13,71.85,TRADE
VIC1,2025-02-23 21:40:00,4632.06,69.87,TRADE
VIC1,2025-02-23 21:45:00,4613.71,66.94,TRADE
VIC1,2025-02-23 21:50:00,4587.1,68.75,TRADE
VIC1,2025-02-23 21:55:00,4582.21,65.9,TRADE
VIC1,2025-02-23 22:00:00,4443.69,50.31,TRADE
VIC1,2025-02-23 22:05:00,4427.26,49.82,TRADE
VIC1,2025-02-23 22:10:00,4425.82,67.43,TRADE
VIC1,2025-02-23 22:15:00,4406.1,72.15,TRADE
VIC1,2025-02-23 22:20:00,4423.1,68.51,TRADE
VIC1,2025-02-23 22:25:00,4421.8,63.14,TRADE
VIC1,2025-02-23 22:30:00,4402.47,63.72,TRADE
VIC1,2025-02-23 22:35:00,4397.68,67.1,TRADE
VIC1,2025-02-23 22:40:00,4420.97,66.1,TRADE
VIC1,2025-02-23 22:45:00,4464.27,65.32,TRADE
VIC1,2025-02-23 22:50:00,4344.5,62.61,TRADE
VIC1,2025-02-23 22:55:00,4416.65,67.76,TRADE
VIC1,2025-02-23 23:00:00,4430.32,64.77,TRADE
VIC1,2025-02-23 23:05:00,4420.72,65.2,TRADE
VIC1,2025-02-23 23:10:00,4560.65,68.74,TRADE
VIC1,2025-02-23 23:15:00,4601.32,68.76,TRADE
VIC1,2025-02-23 23:20:00,4549.64,64.8,TRADE
VIC1,2025-02-23 23:25:00,4512.57,65.17,TRADE
VIC1,2025-02-23 23:30:00,4502.5,64.15,TRADE
VIC1,2025-02-23 23:35:00,4433.9,67.73,TRADE
VIC1,2025-02-23 23:40:00,4464.78,72.03,TRADE
VIC1,2025-02-23 23:45:00,4384.55,65.34,TRADE
VIC1,2025-02-23 23:50:00,4370.41,62.98,TRADE
VIC1,2025-02-23 23:55:00,4367.15,51.04,TRADE
VIC1,2025-12-06 00:00:00,4710.97,142.46,TRADE
VIC1,2025-12-06 00:05:00,4745.24,117.76,TRADE
VIC1,2025-12-06 00:10:00,4685.6,108.23,TRADE
VIC1,2025-12-06 00:15:00,4696.04,103.89,TRADE
VIC1,2025-12-06 00:20:00,4666.79,101.99,TRADE
VIC1,2025-12-06 00:25:00,4658.95,80.0,TRADE
VIC1,2025-12-06 00:30:00,4620.15,80.0,TRADE
VIC1,2025-12-06 00:35:00,4573.28,80.0,TRADE
VIC1,2025-12-06 00:40:00,4555.14,81.35,TRADE
VIC1,2025-12-06 00:45:00,4529.38,83.05,TRADE
VIC1,2025-12-06 00:50:00,4518.43,101.05,TRADE
VIC1,2025-12-06 00:55:00,4490.38,80.0,TRADE
VIC1,2025-12-06 01:00:00,4487.08,80.0,TRADE
VIC1,2025-12-06 01:05:00,4470.11,80.0,TRADE
VIC1,2025-12-06 01:10:00,4451.25,80.0,TRADE
VIC1,2025-12-06 01:15:00,4439.27,80.0,TRADE
VIC1,2025-12-06 01:20:00,4464.4,80.0,TRADE
VIC1,2025-12-06 01:25:00,4407.4,80.0,TRADE
VIC1,2025-12-06 01:30:00,4393.35,80.0,TRADE
VIC1,2025-12-06 01:35:00,4380.26,80.0,TRADE
VIC1,2025-12-06 01:40:00,4351.69,80.0,TRADE
VIC1,2025-12-06 01:45:00,4338.17,80.0,TRADE
VIC1,2025-12-06 01:50:00,4334.5,80.0,TRADE
VIC1,2025-12-06 01:55:00,4320.81,80.0,TRADE
VIC1,2025-12-06 02:00:00,4316.17,80.0,TRADE
VIC1,2025-12-06 02:05:00,4298.15,80.24,TRADE
VIC1,2025-12-06 02:10:00,4300.12,80.0,TRADE
VIC1,2025-12-06 02:15:00,4276.92,80.0,TRADE
VIC1,2025-12-06 02:20:00,4267.77,80.0,TRADE
VIC1,2025-12-06 02:25:00,4252.68,80.0,TRADE
VIC1,2025-12-06 02:30:00,4235.01,80.0,TRADE
VIC1,2025-12-06 02:35:00,4225.53,80.0,TRADE
VIC1,2025-12-06 02:40:00,4234.15,80.0,TRADE
VIC1,2025-12-06 02:45:00,4196.64,80.0,TRADE
VIC1,2025-12-06 02:50:00,4193.08,58.68,TRADE
VIC1,2025-12-06 02:55:00,4188.24,64.11,TRADE
VIC1,2025-12-06 03:00:00,4186.91,63.64,TRADE
VIC1,2025-12-06 03:05:00,4180.36,56.76,TRADE
VIC1,2025-12-06 03:10:00,4186.6,58.47,TRADE
VIC1,2025-12-06 03:15:00,4163.17,60.46,TRADE
VIC1,2025-12-06 03:20:00,4159.72,63.67,TRADE
VIC1,2025-12-06 03:25:00,4141.2,54.66,TRADE
VIC1,2025-12-06 03:30:00,4147.13,56.5,TRADE
VIC1,2025-12-06 03:35:00,4127.21,55.42,TRADE
VIC1,2025-12-06 03:40:00,4126.29,56.5,TRADE
VIC1,2025-12-06 03:45:00,4123.71,56.5,TRADE
VIC1,2025-12-06 03:50:00,4120.42,55.12,TRADE
VIC1,2025-12-06 03:55:00,4128.82,59.63,TRADE
VIC1,2025-12-06 04:00:00,4134.31,54.26,TRADE
VIC1,2025-12-06 04:05:00,4139.34,56.7,TRADE
VIC1,2025-12-06 04:10:00,4142.37,54.57,TRADE
VIC1,2025-12-06 04:15:00,4178.6,55.08,TRADE
VIC1,2025-12-06 04:20:00,4197.51,56.5,TRADE
VIC1,2025-12-06 04:25:00,4182.04,56.5,TRADE
VIC1,2025-12-06 04:30:00,4201.53,65.81,TRADE
VIC1,2025-12-06 04:35:00,4220.54,80.0,TRADE
VIC1,2025-12-06 04:40:00,4239.51,78.91,TRADE
VIC1,2025-12-06 04:45:00,4221.14,79.44,TRADE
VIC1,2025-12-06 04:50:00,4188.06,80.0,TRADE
VIC1,2025-12-06 04:55:00,4212.41,79.9,TRADE
VIC1,2025-12-06 05:00:00,4194.37,79.29,TRADE
VIC1,2025-12-06 05:05:00,4196.62,80.0,TRADE
VIC1,2025-12-06 05:10:00,4196.1,80.0,TRADE
VIC1,2025-12-06 05:15:00,4217.51,80.0,TRADE
VIC1,2025-12-06 05:20:00,4215.06,80.0,TRADE
VIC1,2025-12-06 05:25:00,4193.93,68.41,TRADE
VIC1,2025-12-06 05:30:00,4146.79,56.5,TRADE
VIC1,2025-12-06 05:35:00,4128.86,55.57,TRADE
VIC1,2025-12-06 05:40:00,4096.24,54.89,TRADE
VIC1,2025-12-06 05:45:00,4084.29,27.34,TRADE
VIC1,2025-12-06 05:50:00,4079.2,12.71,TRADE
VIC1,2025-12-06 05:55:00,4096.01,0.0,TRADE
VIC1,2025-12-06 06:00:00,4034.11,0.0,TRADE
VIC1,2025-12-06 06:05:00,3985.21,-1.82,TRADE
VIC1,2025-12-06 06:10:00,4014.73,-6.82,TRADE
VIC1,2025-12-06 06:15:00,3992.79,-8.22,TRADE
VIC1,2025-12-06 06:20:00,4021.65,-8.3,TRADE
VIC1,2025-12-06 06:25:00,4105.99,-7.99,TRADE
VIC1,2025-12-06 06:30:00,4083.52,-7.99,TRADE
VIC1,2025-12-06 06:35:00,4111.63,-7.25,TRADE
VIC1,2025-12-06 06:40:00,4154.74,-6.84,TRADE
VIC1,2025-12-06 06:45:00,4215.51,-5.91,TRADE
VIC1,2025-12-06 06:50:00,4296.68,0.01,TRADE
VIC1,2025-12-06 06:55:00,4316.63,8.94,TRADE
VIC1,2025-12-06 07:00:00,4389.39,8.95,TRADE
VIC1,2025-12-06 07:05:00,4447.6,20.13,TRADE
VIC1,2025-12-06 07:10:00,4396.55,12.71,TRADE
VIC1,2025-12-06 07:15:00,4389.31,19.18,TRADE
VIC1,2025-12-06 07:20:00,4448.78,54.52,TRADE
VIC1,2025-12-06 07:25:00,4509.82,200.02,TRADE
VIC1,2025-12-06 07:30:00,4485.5,102.33,TRADE
VIC1,2025-12-06 07:35:00,4507.95,75.75,TRADE
VIC1,2025-12-06 07:40:00,4566.73,125.44,TRADE
VIC1,2025-12-06 07:45:00,4602.67,72.85,TRADE
VIC1,2025-12-06 07:50:00,4616.74,75.75,TRADE
VIC1,2025-12-06 07:55:00,4621.07,224.38,TRADE
VIC1,2025-12-06 08:00:00,4639.9,121.33,TRADE
VIC1,2025-12-06 08:05:00,4656.01,200.02,TRADE
VIC1,2025-12-06 08:10:00,4610.02,115.74,TRADE
VIC1,2025-12-06 08:15:00,4548.11,90.0,TRADE
VIC1,2025-12-06 08:20:00,4449.46,19.18,TRADE
VIC1,2025-12-06 08:25:00,4405.58,8.95,TRADE
VIC1,2025-12-06 08:30:00,4338.0,-1.23,TRADE
VIC1,2025-12-06 08:35:00,4324.74,0.7,TRADE
VIC1,2025-12-06 08:40:00,4299.23,0.06,TRADE
VIC1,2025-12-06 08:45:00,4312.31,-2.83,TRADE
VIC1,2025-12-06 08:50:00,4319.47,-7.77,TRADE
VIC1,2025-12-06 08:55:00,4416.47,-2.5,TRADE
VIC1,2025-12-06 09:00:00,4373.65,-3.7,TRADE
VIC1,2025-12-06 09:05:00,4420.1,0.06,TRADE
VIC1,2025-12-06 09:10:00,4540.55,10.71,TRADE
VIC1,2025-12-06 09:15:00,4625.64,0.71,TRADE
VIC1,2025-12-06 09:20:00,4666.5,0.06,TRADE
VIC1,2025-12-06 09:25:00,4655.18,-3.7,TRADE
VIC1,2025-12-06 09:30:00,4683.3,-8.25,TRADE
VIC1,2025-12-06 09:35:00,4751.24,-2.5,TRADE
VIC1,2025-12-06 09:40:00,4705.92,-7.25,TRADE
VIC1,2025-12-06 09:45:00,4748.68,-7.36,TRADE
VIC1,2025-12-06 09:50:00,4763.34,-8.0,TRADE
VIC1,2025-12-06 09:55:00,4757.34,-10.98,TRADE
VIC1,2025-12-06 10:00:00,4773.78,-7.25,TRADE
VIC1,2025-12-06 10:05:00,4741.3,-14.04,TRADE
VIC1,2025-12-06 10:10:00,4766.58,-12.46,TRADE
VIC1,2025-12-06 10:15:00,4805.24,-8.0,TRADE
VIC1,2025-12-06 10:20:00,4743.9,-9.99,TRADE
VIC1,2025-12-06 10:25:00,4768.72,-10.58,TRADE
VIC1,2025-12-06 10:30:00,4759.3,-7.68,TRADE
VIC1,2025-12-06 10:35:00,4695.84,-6.8,TRADE
VIC1,2025-12-06 10:40:00,4636.87,-7.99,TRADE
VIC1,2025-12-06 10:45:00,4669.17,-6.12,TRADE
VIC1,2025-12-06 10:50:00,4643.01,-8.0,TRADE
VIC1,2025-12-06 10:55:00,4743.16,-5.79,TRADE
VIC1,2025-12-06 11:00:00,4692.01,-6.88,TRADE
VIC1,2025-12-06 11:05:00,4661.22,-6.12,TRADE
VIC1,2025-12-06 11:10:00,4582.67,-6.12,TRADE
VIC1,2025-12-06 11:15:00,4539.62,-6.12,TRADE
VIC1,2025-12-06 11:20:00,4545.6,-3.7,TRADE
VIC1,2025-12-06 11:25:00,4539.91,-6.12,TRADE
VIC1,2025-12-06 11:30:00,4487.39,-3.7,TRADE
VIC1,2025-12-06 11:35:00,4453.4,-5.59,TRADE
VIC1,2025-12-06 11:40:00,4547.28,-2.25,TRADE
VIC1,2025-12-06 11:45:00,4534.76,-3.7,TRADE
VIC1,2025-12-06 11:50:00,4534.02,-3.7,TRADE
VIC1,2025-12-06 11:55:00,4526.77,-3.7,TRADE
VIC1,2025-12-06 12:00:00,4618.18,0.0,TRADE
VIC1,2025-12-06 12:05:00,4669.61,0.5,TRADE
VIC1,2025-12-06 12:10:00,4708.14,0.06,TRADE
VIC1,2025-12-06 12:15:00,4644.85,-3.7,TRADE
VIC1,2025-12-06 12:20:00,4612.64,-3.7,TRADE
VIC1,2025-12-06 12:25:00,4567.98,-5.3,TRADE
VIC1,2025-12-06 12:30:00,4585.7,-5.34,TRADE
VIC1,2025-12-06 12:35:00,4630.95,-6.12,TRADE
VIC1,2025-12-06 12:40:00,4626.66,-5.53,TRADE
VIC1,2025-12-06 12:45:00,4562.75,-3.7,TRADE
VIC1,2025-12-06 12:50:00,4495.79,-3.7,TRADE
VIC1,2025-12-06 12:55:00,4433.97,-3.7,TRADE
VIC1,2025-12-06 13:00:00,4448.26,-3.7,TRADE
VIC1,2025-12-06 13:05:00,4444.16,-3.7,TRADE
VIC1,2025-12-06 13:10:00,4353.85,-3.7,TRADE
VIC1,2025-12-06 13:15:00,4261.14,-3.7,TRADE
VIC1,2025-12-06 13:20:00,4185.0,-0.98,TRADE
VIC1,2025-12-06 13:25:00,4114.58,-3.7,TRADE
VIC1,2025-12-06 13:30:00,4157.03,-3.7,TRADE
VIC1,2025-12-06 13:35:00,4148.26,-3.7,TRADE
VIC1,2025-12-06 13:40:00,4147.37,-7.25,TRADE
VIC1,2025-12-06 13:45:00,4161.35,-10.53,TRADE
VIC1,2025-12-06 13:50:00,4125.38,-7.36,TRADE
VIC1,2025-12-06 13:55:00,4129.99,-4.96,TRADE
VIC1,2025-12-06 14:00:00,4115.67,-3.7,TRADE
VIC1,2025-12-06 14:05:00,4155.94,-3.7,TRADE
VIC1,2025-12-06 14:10:00,4101.01,-3.7,TRADE
VIC1,2025-12-06 14:15:00,4088.02,13.59,TRADE
VIC1,2025-12-06 14:20:00,4140.45,0.42,TRADE
VIC1,2025-12-06 14:25:00,4103.08,22.05,TRADE
VIC1,2025-12-06 14:30:00,4259.78,0.69,TRADE
VIC1,2025-12-06 14:35:00,4187.75,0.69,TRADE
VIC1,2025-12-06 14:40:00,4197.08,0.41,TRADE
VIC1,2025-12-06 14:45:00,4179.96,-4.34,TRADE
VIC1,2025-12-06 14:50:00,4223.79,0.4,TRADE
VIC1,2025-12-06 14:55:00,4184.83,-7.25,TRADE
VIC1,2025-12-06 15:00:00,4107.5,10.89,TRADE
VIC1,2025-12-06 15:05:00,3978.92,-5.42,TRADE
VIC1,2025-12-06 15:10:00,3976.77,-1.67,TRADE
VIC1,2025-12-06 15:15:00,3984.58,0.0,TRADE
VIC1,2025-12-06 15:20:00,3972.09,-8.0,TRADE
VIC1,2025-12-06 15:25:00,4057.99,0.69,TRADE
VIC1,2025-12-06 15:30:00,4045.21,0.0,TRADE
VIC1,2025-12-06 15:35:00,4074.63,0.0,TRADE
VIC1,2025-12-06 15:40:00,4055.96,0.0,TRADE
VIC1,2025-12-06 15:45:00,4173.59,22.35,TRADE
VIC1,2025-12-06 15:50:00,4328.15,9.69,TRADE
VIC1,2025-12-06 15:55:00,4418.7,12.7,TRADE
VIC1,2025-12-06 16:00:00,4500.58,9.69,TRADE
VIC1,2025-12-06 16:05:00,4478.97,22.05,TRADE
VIC1,2025-12-06 16:10:00,4580.36,0.41,TRADE
VIC1,2025-12-06 16:15:00,4630.15,0.41,TRADE
VIC1,2025-12-06 16:20:00,4656.8,8.95,TRADE
VIC1,2025-12-06 16:25:00,4697.87,22.05,TRADE
VIC1,2025-12-06 16:30:00,4704.99,14.31,TRADE
VIC1,2025-12-06 16:35:00,4694.36,8.95,TRADE
VIC1,2025-12-06 16:40:00,4645.39,0.01,TRADE
VIC1,2025-12-06 16:45:00,4629.16,8.88,TRADE
VIC1,2025-12-06 16:50:00,4631.2,13.47,TRADE
VIC1,2025-12-06 16:55:00,4665.14,12.71,TRADE
VIC1,2025-12-06 17:00:00,4674.34,8.95,TRADE
VIC1,2025-12-06 17:05:00,4690.57,8.95,TRADE
VIC1,2025-12-06 17:10:00,4696.91,8.95,TRADE
VIC1,2025-12-06 17:15:00,4730.41,8.95,TRADE
VIC1,2025-12-06 17:20:00,4769.31,14.35,TRADE
VIC1,2025-12-06 17:25:00,4815.59,0.0,TRADE
VIC1,2025-12-06 17:30:00,4834.86,0.0,TRADE
VIC1,2025-12-06 17:35:00,4871.82,-0.1,TRADE
VIC1,2025-12-06 17:40:00,4860.94,-3.7,TRADE
VIC1,2025-12-06 17:45:00,4889.56,0.0,TRADE
VIC1,2025-12-06 17:50:00,4864.13,-14.04,TRADE
VIC1,2025-12-06 17:55:00,4888.35,-12.12,TRADE
VIC1,2025-12-06 18:00:00,4951.3,-12.12,TRADE
VIC1,2025-12-06 18:05:00,4903.03,-3.7,TRADE
VIC1,2025-12-06 18:10:00,4881.55,-0.45,TRADE
VIC1,2025-12-06 18:15:00,4846.0,-7.36,TRADE
VIC1,2025-12-06 18:20:00,4833.49,-0.98,TRADE
VIC1,2025-12-06 18:25:00,4866.87,-10.45,TRADE
VIC1,2025-12-06 18:30:00,4862.27,-0.98,TRADE
VIC1,2025-12-06 18:35:00,4862.19,-7.99,TRADE
VIC1,2025-12-06 18:40:00,4809.44,-3.7,TRADE
VIC1,2025-12-06 18:45:00,4867.2,-3.7,TRADE
VIC1,2025-12-06 18:50:00,4817.29,0.0,TRADE
VIC1,2025-12-06 18:55:00,4805.24,-7.36,TRADE
VIC1,2025-12-06 19:00:00,4746.26,0.0,TRADE
VIC1,2025-12-06 19:05:00,4767.53,8.95,TRADE
VIC1,2025-12-06 19:10:00,4753.95,0.0,TRADE
VIC1,2025-12-06 19:15:00,4773.82,0.0,TRADE
VIC1,2025-12-06 19:20:00,4773.22,0.0,TRADE
VIC1,2025-12-06 19:25:00,4793.24,0.01,TRADE
VIC1,2025-12-06 19:30:00,4781.82,0.0,TRADE
VIC1,2025-12-06 19:35:00,4810.31,0.0,TRADE
VIC1,2025-12-06 19:40:00,4800.36,0.0,TRADE
VIC1,2025-12-06 19:45:00,4759.5,0.0,TRADE
VIC1,2025-12-06 19:50:00,4804.46,8.95,TRADE
VIC1,2025-12-06 19:55:00,4809.53,8.95,TRADE
VIC1,2025-12-06 20:00:00,4795.57,24.32,TRADE
VIC1,2025-12-06 20:05:00,4790.41,8.95,TRADE
VIC1,2025-12-06 20:10:00,4761.32,0.08,TRADE
VIC1,2025-12-06 20:15:00,4763.84,0.06,TRADE
VIC1,2025-12-06 20:20:00,4743.22,0.66,TRADE
VIC1,2025-12-06 20:25:00,4726.44,0.57,TRADE
VIC1,2025-12-06 20:30:00,4712.95,0.45,TRADE
VIC1,2025-12-06 20:35:00,4690.45,8.95,TRADE
VIC1,2025-12-06 20:40:00,4697.72,8.48,TRADE
VIC1,2025-12-06 20:45:00,4642.87,8.95,TRADE
VIC1,2025-12-06 20:50:00,4646.24,8.95,TRADE
VIC1,2025-12-06 20:55:00,4620.6,13.45,TRADE
VIC1,2025-12-06 21:00:00,4600.33,13.53,TRADE
VIC1,2025-12-06 21:05:00,4594.75,13.45,TRADE
VIC1,2025-12-06 21:10:00,4547.38,5.55,TRADE
VIC1,2025-12-06 21:15:00,4518.54,0.72,TRADE
VIC1,2025-12-06 21:20:00,4497.55,8.95,TRADE
VIC1,2025-12-06 21:25:00,4510.52,13.45,TRADE
VIC1,2025-12-06 21:30:00,4472.9,8.95,TRADE
VIC1,2025-12-06 21:35:00,4457.1,8.95,TRADE
VIC1,2025-12-06 21:40:00,4452.86,8.95,TRADE
VIC1,2025-12-06 21:45:00,4416.11,8.95,TRADE
VIC1,2025-12-06 21:50:00,4394.61,8.95,TRADE
VIC1,2025-12-06 21:55:00,4377.03,8.95,TRADE
VIC1,2025-12-06 22:00:00,4377.98,8.95,TRADE
VIC1,2025-12-06 22:05:00,4328.36,5.97,TRADE
VIC1,2025-12-06 22:10:00,4347.56,8.76,TRADE
VIC1,2025-12-06 22:15:00,4309.02,8.88,TRADE
VIC1,2025-12-06 22:20:00,4339.75,8.95,TRADE
VIC1,2025-12-06 22:25:00,4328.11,22.05,TRADE
VIC1,2025-12-06 22:30:00,4340.84,8.95,TRADE
VIC1,2025-12-06 22:35:00,4297.59,0.72,TRADE
VIC1,2025-12-06 22:40:00,4241.14,6.75,TRADE
VIC1,2025-12-06 22:45:00,4217.65,8.95,TRADE
VIC1,2025-12-06 22:50:00,4198.08,21.3,TRADE
VIC1,2025-12-06 22:55:00,4186.76,8.95,TRADE
VIC1,2025-12-06 23:00:00,4186.55,21.49,TRADE
VIC1,2025-12-06 23:05:00,4214.63,21.31,TRADE
VIC1,2025-12-06 23:10:00,4336.88,21.86,TRADE
VIC1,2025-12-06 23:15:00,4332.13,21.38,TRADE
VIC1,2025-12-06 23:20:00,4324.97,8.95,TRADE
VIC1,2025-12-06 23:25:00,4361.69,8.95,TRADE
VIC1,2025-12-06 23:30:00,4366.52,8.95,TRADE
VIC1,2025-12-06 23:35:00,4345.8,22.05,TRADE
VIC1,2025-12-06 23:40:00,4334.6,22.05,TRADE
VIC1,2025-12-06 23:45:00,4321.77,20.04,TRADE
VIC1,2025-12-06 23:50:00,4301.24,22.05,TRADE
VIC1,2025-12-06 23:55:00,4275.56,8.95,TRADE
VIC1,2025-12-07 00:00:00,4214.63,7.47,TRADE
VIC1,2025-12-07 00:05:00,4193.62,8.95,TRADE
VIC1,2025-12-07 00:10:00,4158.1,20.06,TRADE
VIC1,2025-12-07 00:15:00,4169.68,11.55,TRADE
VIC1,2025-12-07 00:20:00,4148.71,0.09,TRADE
VIC1,2025-12-07 00:25:00,4114.4,1.68,TRADE
VIC1,2025-12-07 00:30:00,4106.8,19.99,TRADE
VIC1,2025-12-07 00:35:00,4097.92,22.05,TRADE
VIC1,2025-12-07 00:40:00,4046.73,8.95,TRADE
VIC1,2025-12-07 00:45:00,4021.66,20.04,TRADE
VIC1,2025-12-07 00:50:00,4044.13,8.95,TRADE
VIC1,2025-12-07 00:55:00,4027.17,8.86,TRADE
VIC1,2025-12-07 01:00:00,4018.98,8.95,TRADE
VIC1,2025-12-07 01:05:00,3993.29,12.61,TRADE
VIC1,2025-12-07 01:10:00,3959.28,8.95,TRADE
VIC1,2025-12-07 01:15:00,3945.11,16.3,TRADE
VIC1,2025-12-07 01:20:00,3942.54,12.71,TRADE
VIC1,2025-12-07 01:25:00,3909.79,8.95,TRADE
VIC1,2025-12-07 01:30:00,3886.99,8.95,TRADE
VIC1,2025-12-07 01:35:00,3878.19,8.95,TRADE
VIC1,2025-12-07 01:40:00,3866.01,8.95,TRADE
VIC1,2025-12-07 01:45:00,3857.06,10.09,TRADE
VIC1,2025-12-07 01:50:00,3833.87,8.95,TRADE
VIC1,2025-12-07 01:55:00,3822.92,12.57,TRADE
VIC1,2025-12-07 02:00:00,3807.62,8.95,TRADE
VIC1,2025-12-07 02:05:00,3798.38,7.93,TRADE
VIC1,2025-12-07 02:10:00,3780.55,8.0,TRADE
VIC1,2025-12-07 02:15:00,3746.61,8.95,TRADE
VIC1,2025-12-07 02:20:00,3759.49,8.95,TRADE
VIC1,2025-12-07 02:25:00,3746.71,8.95,TRADE
VIC1,2025-12-07 02:30:00,3711.6,8.95,TRADE
VIC1,2025-12-07 02:35:00,3709.16,8.95,TRADE
VIC1,2025-12-07 02:40:00,3685.54,8.95,TRADE
VIC1,2025-12-07 02:45:00,3663.85,8.95,TRADE
VIC1,2025-12-07 02:50:00,3674.74,8.95,TRADE
VIC1,2025-12-07 02:55:00,3686.56,8.95,TRADE
VIC1,2025-12-07 03:00:00,3685.81,8.95,TRADE
VIC1,2025-12-07 03:05:00,3681.73,8.95,TRADE
VIC1,2025-12-07 03:10:00,3686.88,11.55,TRADE
VIC1,2025-12-07 03:15:00,3681.36,8.95,TRADE
VIC1,2025-12-07 03:20:00,3680.77,12.71,TRADE
VIC1,2025-12-07 03:25:00,3660.05,8.95,TRADE
VIC1,2025-12-07 03:30:00,3676.78,12.71,TRADE
VIC1,2025-12-07 03:35:00,3659.18,-3.7,TRADE
VIC1,2025-12-07 03:40:00,3654.3,8.95,TRADE
VIC1,2025-12-07 03:45:00,3684.17,8.95,TRADE
VIC1,2025-12-07 03:50:00,3700.96,8.95,TRADE
VIC1,2025-12-07 03:55:00,3711.26,8.95,TRADE
VIC1,2025-12-07 04:00:00,3715.87,8.95,TRADE
VIC1,2025-12-07 04:05:00,3724.13,12.71,TRADE
VIC1,2025-12-07 04:10:00,3757.08,12.71,TRADE
VIC1,2025-12-07 04:15:00,3789.54,12.71,TRADE
VIC1,2025-12-07 04:20:00,3796.85,12.71,TRADE
VIC1,2025-12-07 04:25:00,3799.83,12.71,TRADE
VIC1,2025-12-07 04:30:00,3766.25,12.71,TRADE
VIC1,2025-12-07 04:35:00,3777.9,16.58,TRADE
VIC1,2025-12-07 04:40:00,3788.13,12.71,TRADE
VIC1,2025-12-07 04:45:00,3771.28,12.71,TRADE
VIC1,2025-12-07 04:50:00,3758.28,12.71,TRADE
VIC1,2025-12-07 04:55:00,3761.15,12.71,TRADE
VIC1,2025-12-07 05:00:00,3792.74,35.87,TRADE
VIC1,2025-12-07 05:05:00,3875.23,18.02,TRADE
VIC1,2025-12-07 05:10:00,3881.23,20.98,TRADE
VIC1,2025-12-07 05:15:00,3882.53,35.87,TRADE
VIC1,2025-12-07 05:20:00,3894.06,55.87,TRADE
VIC1,2025-12-07 05:25:00,3899.37,35.87,TRADE
VIC1,2025-12-07 05:30:00,3893.98,46.29,TRADE
VIC1,2025-12-07 05:35:00,3890.66,35.87,TRADE
VIC1,2025-12-07 05:40:00,3909.44,47.09,TRADE
VIC1,2025-12-07 05:45:00,3927.78,47.04,TRADE
VIC1,2025-12-07 05:50:00,3922.63,35.83,TRADE
VIC1,2025-12-07 05:55:00,3878.83,30.8,TRADE
VIC1,2025-12-07 06:00:00,3862.16,31.44,TRADE
VIC1,2025-12-07 06:05:00,3833.0,12.71,TRADE
VIC1,2025-12-07 06:10:00,3859.2,29.07,TRADE
VIC1,2025-12-07 06:15:00,3817.69,12.71,TRADE
VIC1,2025-12-07 06:20:00,3823.97,0.0,TRADE
VIC1,2025-12-07 06:25:00,3774.2,0.77,TRADE
VIC1,2025-12-07 06:30:00,3758.05,-0.89,TRADE
VIC1,2025-12-07 06:35:00,3706.79,-3.7,TRADE
VIC1,2025-12-07 06:40:00,3726.16,-3.7,TRADE
VIC1,2025-12-07 06:45:00,3669.77,-5.31,TRADE
VIC1,2025-12-07 06:50:00,3648.59,-5.26,TRADE
VIC1,2025-12-07 06:55:00,3583.0,-5.21,TRADE
VIC1,2025-12-07 07:00:00,3567.35,-7.11,TRADE
VIC1,2025-12-07 07:05:00,3525.77,-0.89,TRADE
VIC1,2025-12-07 07:10:00,3375.71,-7.19,TRADE
VIC1,2025-12-07 07:15:00,3395.42,0.0,TRADE
VIC1,2025-12-07 07:20:00,3281.86,-8.0,TRADE
VIC1,2025-12-07 07:25:00,3270.34,-8.0,TRADE
VIC1,2025-12-07 07:30:00,3231.13,-8.25,TRADE
VIC1,2025-12-07 07:35:00,3178.58,-9.65,TRADE
VIC1,2025-12-07 07:40:00,3128.36,-11.0,TRADE
VIC1,2025-12-07 07:45:00,3072.1,-9.65,TRADE
VIC1,2025-12-07 07:50:00,3003.29,-50.01,TRADE
VIC1,2025-12-07 07:55:00,2995.08,-20.3,TRADE
VIC1,2025-12-07 08:00:00,2918.02,-27.11,TRADE
VIC1,2025-12-07 08:05:00,2875.3,-26.97,TRADE
VIC1,2025-12-07 08:10:00,2885.03,-6.12,TRADE
VIC1,2025-12-07 08:15:00,2765.36,-36.1,TRADE
VIC1,2025-12-07 08:20:00,2757.78,-26.83,TRADE
VIC1,2025-12-07 08:25:00,2773.0,-19.99,TRADE
VIC1,2025-12-07 08:30:00,2681.33,-32.04,TRADE
VIC1,2025-12-07 08:35:00,2673.36,-20.99,TRADE
VIC1,2025-12-07 08:40:00,2595.51,-27.23,TRADE
VIC1,2025-12-07 08:45:00,2574.91,-26.62,TRADE
VIC1,2025-12-07 08:50:00,2526.83,-36.1,TRADE
VIC1,2025-12-07 08:55:00,2504.64,-26.44,TRADE
VIC1,2025-12-07 09:00:00,2453.38,-50.01,TRADE
VIC1,2025-12-07 09:05:00,2462.53,-59.46,TRADE
VIC1,2025-12-07 09:10:00,2461.44,-26.37,TRADE
VIC1,2025-12-07 09:15:00,2406.81,-50.01,TRADE
VIC1,2025-12-07 09:20:00,2442.26,-27.09,TRADE
VIC1,2025-12-07 09:25:00,2396.6,-20.99,TRADE
VIC1,2025-12-07 09:30:00,2337.66,-36.1,TRADE
VIC1,2025-12-07 09:35:00,2382.11,-36.1,TRADE
VIC1,2025-12-07 09:40:00,2360.86,-39.89,TRADE
VIC1,2025-12-07 09:45:00,2341.68,-50.01,TRADE
VIC1,2025-12-07 09:50:00,2286.32,-50.01,TRADE
VIC1,2025-12-07 09:55:00,2274.18,-39.89,TRADE
VIC1,2025-12-07 10:00:00,2271.51,-36.1,TRADE
VIC1,2025-12-07 10:05:00,2256.76,-59.99,TRADE
VIC1,2025-12-07 10:10:00,2093.5,-59.46,TRADE
VIC1,2025-12-07 10:15:00,2046.44,-63.92,TRADE
VIC1,2025-12-07 10:20:00,2026.34,-67.81,TRADE
VIC1,2025-12-07 10:25:00,2103.64,-30.63,TRADE
VIC1,2025-12-07 10:30:00,1993.43,-59.99,TRADE
VIC1,2025-12-07 10:35:00,2190.02,-60.0,TRADE
VIC1,2025-12-07 10:40:00,2237.72,-20.37,TRADE
VIC1,2025-12-07 10:45:00,2172.85,-51.56,TRADE
VIC1,2025-12-07 10:50:00,2227.08,-50.01,TRADE
VIC1,2025-12-07 10:55:00,2153.05,-26.97,TRADE
VIC1,2025-12-07 11:00:00,2040.38,-62.95,TRADE
VIC1,2025-12-07 11:05:00,2050.53,-59.46,TRADE
VIC1,2025-12-07 11:10:00,2076.62,-41.73,TRADE
VIC1,2025-12-07 11:15:00,2000.85,-50.11,TRADE
VIC1,2025-12-07 11:20:00,1995.13,-60.0,TRADE
VIC1,2025-12-07 11:25:00,1997.55,-60.0,TRADE
VIC1,2025-12-07 11:30:00,1993.5,-59.99,TRADE
VIC1,2025-12-07 11:35:00,2002.61,-59.99,TRADE
VIC1,2025-12-07 11:40:00,2022.05,-60.0,TRADE
VIC1,2025-12-07 11:45:00,2017.68,-26.97,TRADE
VIC1,2025-12-07 11:50:00,1886.2,-59.99,TRADE
VIC1,2025-12-07 11:55:00,1898.56,-59.99,TRADE
VIC1,2025-12-07 12:00:00,1846.38,-80.02,TRADE
VIC1,2025-12-07 12:05:00,1947.44,-50.01,TRADE
VIC1,2025-12-07 12:10:00,1861.11,-39.48,TRADE
VIC1,2025-12-07 12:15:00,1863.01,-62.95,TRADE
VIC1,2025-12-07 12:20:00,1897.29,-59.99,TRADE
VIC1,2025-12-07 12:25:00,1843.1,-59.99,TRADE
VIC1,2025-12-07 12:30:00,1886.91,-59.99,TRADE
VIC1,2025-12-07 12:35:00,1904.47,-39.48,TRADE
VIC1,2025-12-07 12:40:00,1856.31,-50.11,TRADE
VIC1,2025-12-07 12:45:00,1912.22,-50.01,TRADE
VIC1,2025-12-07 12:50:00,1862.22,-59.99,TRADE
VIC1,2025-12-07 12:55:00,1865.46,-59.46,TRADE
VIC1,2025-12-07 13:00:00,1832.69,-60.0,TRADE
VIC1,2025-12-07 13:05:00,1806.3,-61.9,TRADE
VIC1,2025-12-07 13:10:00,1805.63,-62.95,TRADE
VIC1,2025-12-07 13:15:00,1779.64,-60.0,TRADE
VIC1,2025-12-07 13:20:00,1784.85,-68.85,TRADE
VIC1,2025-12-07 13:25:00,1815.05,-60.0,TRADE
VIC1,2025-12-07 13:30:00,1735.34,-59.99,TRADE
VIC1,2025-12-07 13:35:00,1757.92,-62.06,TRADE
VIC1,2025-12-07 13:40:00,1724.57,-66.31,TRADE
VIC1,2025-12-07 13:45:00,1713.64,-66.31,TRADE
VIC1,2025-12-07 13:50:00,1750.67,-67.82,TRADE
VIC1,2025-12-07 13:55:00,1877.53,-60.0,TRADE
VIC1,2025-12-07 14:00:00,1803.53,-68.5,TRADE
VIC1,2025-12-07 14:05:00,1875.34,-62.95,TRADE
VIC1,2025-12-07 14:10:00,1817.58,-68.16,TRADE
VIC1,2025-12-07 14:15:00,1885.84,-66.31,TRADE
VIC1,2025-12-07 14:20:00,1879.71,-66.31,TRADE
VIC1,2025-12-07 14:25:00,1907.31,-60.0,TRADE
VIC1,2025-12-07 14:30:00,1904.84,-63.92,TRADE
VIC1,2025-12-07 14:35:00,1944.19,-76.1,TRADE
VIC1,2025-12-07 14:40:00,1986.46,-67.99,TRADE
VIC1,2025-12-07 14:45:00,2029.59,-61.3,TRADE
VIC1,2025-12-07 14:50:00,1968.33,-62.95,TRADE
VIC1,2025-12-07 14:55:00,2036.36,-66.31,TRADE
VIC1,2025-12-07 15:00:00,2057.02,-66.31,TRADE
VIC1,2025-12-07 15:05:00,2094.71,-66.31,TRADE
VIC1,2025-12-07 15:10:00,2178.58,-60.0,TRADE
VIC1,2025-12-07 15:15:00,2183.06,-60.0,TRADE
VIC1,2025-12-07 15:20:00,2215.15,-50.62,TRADE
VIC1,2025-12-07 15:25:00,2340.33,-32.67,TRADE
VIC1,2025-12-07 15:30:00,2347.68,-50.11,TRADE
VIC1,2025-12-07 15:35:00,2430.1,-50.01,TRADE
VIC1,2025-12-07 15:40:00,2460.37,-28.6,TRADE
VIC1,2025-12-07 15:45:00,2535.47,-11.0,TRADE
VIC1,2025-12-07 15:50:00,2583.98,-11.0,TRADE
VIC1,2025-12-07 15:55:00,2716.15,-11.0,TRADE
VIC1,2025-12-07 16:00:00,2803.55,-9.65,TRADE
VIC1,2025-12-07 16:05:00,2886.43,-11.0,TRADE
VIC1,2025-12-07 16:10:00,2973.7,-3.7,TRADE
VIC1,2025-12-07 16:15:00,2942.55,-11.0,TRADE
VIC1,2025-12-07 16:20:00,3028.04,-3.7,TRADE
VIC1,2025-12-07 16:25:00,3095.11,22.05,TRADE
VIC1,2025-12-07 16:30:00,3125.02,4.5,TRADE
VIC1,2025-12-07 16:35:00,3211.68,19.5,TRADE
VIC1,2025-12-07 16:40:00,3301.41,22.05,TRADE
VIC1,2025-12-07 16:45:00,3317.41,-3.7,TRADE
VIC1,2025-12-07 16:50:00,3407.22,0.98,TRADE
VIC1,2025-12-07 16:55:00,3300.7,0.0,TRADE
VIC1,2025-12-07 17:00:00,3431.16,54.39,TRADE
VIC1,2025-12-07 17:05:00,3539.24,36.78,TRADE
VIC1,2025-12-07 17:10:00,3630.43,12.71,TRADE
VIC1,2025-12-07 17:15:00,3711.11,8.95,TRADE
VIC1,2025-12-07 17:20:00,3763.42,8.95,TRADE
VIC1,2025-12-07 17:25:00,3835.71,12.71,TRADE
VIC1,2025-12-07 17:30:00,3967.43,12.71,TRADE
VIC1,2025-12-07 17:35:00,4054.27,12.71,TRADE
VIC1,2025-12-07 17:40:00,4159.19,37.01,TRADE
VIC1,2025-12-07 17:45:00,4235.35,59.44,TRADE
VIC1,2025-12-07 17:50:00,4341.02,73.46,TRADE
VIC1,2025-12-07 17:55:00,4429.53,99.88,TRADE
VIC1,2025-12-07 18:00:00,4423.72,80.11,TRADE
VIC1,2025-12-07 18:05:00,4491.58,93.43,TRADE
VIC1,2025-12-07 18:10:00,4497.43,73.49,TRADE
VIC1,2025-12-07 18:15:00,4549.89,80.0,TRADE
VIC1,2025-12-07 18:20:00,4541.28,80.0,TRADE
VIC1,2025-12-07 18:25:00,4587.96,103.07,TRADE
VIC1,2025-12-07 18:30:00,4588.32,77.7,TRADE
VIC1,2025-12-07 18:35:00,4653.43,75.92,TRADE
VIC1,2025-12-07 18:40:00,4732.64,80.0,TRADE
VIC1,2025-12-07 18:45:00,4784.21,80.92,TRADE
VIC1,2025-12-07 18:50:00,4800.61,80.0,TRADE
VIC1,2025-12-07 18:55:00,4772.83,90.33,TRADE
VIC1,2025-12-07 19:00:00,4806.93,105.94,TRADE
VIC1,2025-12-07 19:05:00,4797.03,97.15,TRADE
VIC1,2025-12-07 19:10:00,4851.3,87.17,TRADE
VIC1,2025-12-07 19:15:00,4881.08,92.58,TRADE
VIC1,2025-12-07 19:20:00,4877.51,99.99,TRADE
VIC1,2025-12-07 19:25:00,4895.38,107.49,TRADE
VIC1,2025-12-07 19:30:00,4906.72,88.75,TRADE
VIC1,2025-12-07 19:35:00,4921.27,93.21,TRADE
VIC1,2025-12-07 19:40:00,4919.55,89.42,TRADE
VIC1,2025-12-07 19:45:00,4967.23,94.58,TRADE
VIC1,2025-12-07 19:50:00,4963.35,92.42,TRADE
VIC1,2025-12-07 19:55:00,4984.56,92.81,TRADE
VIC1,2025-12-07 20:00:00,5006.5,93.1,TRADE
VIC1,2025-12-07 20:05:00,4997.65,90.81,TRADE
VIC1,2025-12-07 20:10:00,5012.19,91.86,TRADE
VIC1,2025-12-07 20:15:00,4993.15,89.94,TRADE
VIC1,2025-12-07 20:20:00,4984.27,89.75,TRADE
VIC1,2025-12-07 20:25:00,5011.24,93.2,TRADE
VIC1,2025-12-07 20:30:00,4962.72,92.55,TRADE
VIC1,2025-12-07 20:35:00,4939.09,80.0,TRADE
VIC1,2025-12-07 20:40:00,4918.57,85.44,TRADE
VIC1,2025-12-07 20:45:00,4902.35,82.4,TRADE
VIC1,2025-12-07 20:50:00,4904.63,80.0,TRADE
VIC1,2025-12-07 20:55:00,4855.21,80.0,TRADE
VIC1,2025-12-07 21:00:00,4832.15,80.0,TRADE
VIC1,2025-12-07 21:05:00,4796.17,76.01,TRADE
VIC1,2025-12-07 21:10:00,4784.97,80.0,TRADE
VIC1,2025-12-07 21:15:00,4756.54,80.0,TRADE
VIC1,2025-12-07 21:20:00,4725.48,80.0,TRADE
VIC1,2025-12-07 21:25:00,4727.24,80.0,TRADE
VIC1,2025-12-07 21:30:00,4732.51,80.0,TRADE
VIC1,2025-12-07 21:35:00,4683.99,80.0,TRADE
VIC1,2025-12-07 21:40:00,4658.14,117.11,TRADE
VIC1,2025-12-07 21:45:00,4624.34,80.0,TRADE
VIC1,2025-12-07 21:50:00,4666.31,78.57,TRADE
VIC1,2025-12-07 21:55:00,4636.71,80.0,TRADE
VIC1,2025-12-07 22:00:00,4589.8,80.0,TRADE
VIC1,2025-12-07 22:05:00,4566.74,80.0,TRADE
VIC1,2025-12-07 22:10:00,4544.53,93.09,TRADE
VIC1,2025-12-07 22:15:00,4516.0,85.58,TRADE
VIC1,2025-12-07 22:20:00,4506.83,75.75,TRADE
VIC1,2025-12-07 22:25:00,4541.49,80.0,TRADE
VIC1,2025-12-07 22:30:00,4498.67,80.0,TRADE
VIC1,2025-12-07 22:35:00,4484.03,86.15,TRADE
VIC1,2025-12-07 22:40:00,4512.25,80.0,TRADE
VIC1,2025-12-07 22:45:00,4509.25,80.0,TRADE
VIC1,2025-12-07 22:50:00,4485.67,80.0,TRADE
VIC1,2025-12-07 22:55:00,4457.06,75.75,TRADE
VIC1,2025-12-07 23:00:00,4484.07,75.75,TRADE
VIC1,2025-12-07 23:05:00,4502.28,80.0,TRADE
VIC1,2025-12-07 23:10:00,4582.42,80.0,TRADE
VIC1,2025-12-07 23:15:00,4618.68,80.0,TRADE
VIC1,2025-12-07 23:20:00,4614.49,80.0,TRADE
VIC1,2025-12-07 23:25:00,4606.53,78.07,TRADE
VIC1,2025-12-07 23:30:00,4619.69,80.0,TRADE
VIC1,2025-12-07 23:35:00,4601.26,80.0,TRADE
VIC1,2025-12-07 23:40:00,4577.18,87.76,TRADE
VIC1,2025-12-07 23:45:00,4543.49,80.0,TRADE
VIC1,2025-12-07 23:50:00,4539.92,80.0,TRADE
VIC1,2025-12-07 23:55:00,4510.12,80.0,TRADE
VIC1,2025-12-13 00:00:00,4907.57,100.42,TRADE
VIC1,2025-12-13 00:05:00,4886.09,121.63,TRADE
VIC1,2025-12-13 00:10:00,4800.02,97.68,TRADE
VIC1,2025-12-13 00:15:00,4717.85,96.3,TRADE
VIC1,2025-12-13 00:20:00,4721.73,83.44,TRADE
VIC1,2025-12-13 00:25:00,4682.51,83.19,TRADE
VIC1,2025-12-13 00:30:00,4666.37,80.16,TRADE
VIC1,2025-12-13 00:35:00,4691.89,94.8,TRADE
VIC1,2025-12-13 00:40:00,4692.03,121.07,TRADE
VIC1,2025-12-13 00:45:00,4644.92,100.98,TRADE
VIC1,2025-12-13 00:50:00,4654.4,94.69,TRADE
VIC1,2025-12-13 00:55:00,4556.97,80.0,TRADE
VIC1,2025-12-13 01:00:00,4552.11,82.54,TRADE
VIC1,2025-12-13 01:05:00,4451.86,80.0,TRADE
VIC1,2025-12-13 01:10:00,4417.06,80.0,TRADE
VIC1,2025-12-13 01:15:00,4466.48,80.0,TRADE
VIC1,2025-12-13 01:20:00,4448.21,71.33,TRADE
VIC1,2025-12-13 01:25:00,4353.14,70.7,TRADE
VIC1,2025-12-13 01:30:00,4357.12,68.25,TRADE
VIC1,2025-12-13 01:35:00,4359.72,80.0,TRADE
VIC1,2025-12-13 01:40:00,4322.97,80.0,TRADE
VIC1,2025-12-13 01:45:00,4249.67,68.51,TRADE
VIC1,2025-12-13 01:50:00,4208.47,67.57,TRADE
VIC1,2025-12-13 01:55:00,4264.87,70.25,TRADE
VIC1,2025-12-13 02:00:00,4258.67,80.0,TRADE
VIC1,2025-12-13 02:05:00,4230.43,66.86,TRADE
VIC1,2025-12-13 02:10:00,4221.11,80.0,TRADE
VIC1,2025-12-13 02:15:00,4228.2,70.66,TRADE
VIC1,2025-12-13 02:20:00,4219.73,70.09,TRADE
VIC1,2025-12-13 02:25:00,4181.0,70.15,TRADE
VIC1,2025-12-13 02:30:00,4128.43,75.36,TRADE
VIC1,2025-12-13 02:35:00,4174.77,80.0,TRADE
VIC1,2025-12-13 02:40:00,4179.55,80.0,TRADE
VIC1,2025-12-13 02:45:00,4162.48,80.0,TRADE
VIC1,2025-12-13 02:50:00,4153.04,80.0,TRADE
VIC1,2025-12-13 02:55:00,4163.84,80.0,TRADE
VIC1,2025-12-13 03:00:00,4091.58,79.82,TRADE
VIC1,2025-12-13 03:05:00,4145.76,80.0,TRADE
VIC1,2025-12-13 03:10:00,4095.37,80.0,TRADE
VIC1,2025-12-13 03:15:00,4117.05,79.8,TRADE
VIC1,2025-12-13 03:20:00,4131.6,80.0,TRADE
VIC1,2025-12-13 03:25:00,4192.85,80.0,TRADE
VIC1,2025-12-13 03:30:00,4179.06,80.0,TRADE
VIC1,2025-12-13 03:35:00,4179.24,80.0,TRADE
VIC1,2025-12-13 03:40:00,4191.6,80.0,TRADE
VIC1,2025-12-13 03:45:00,4200.0,80.0,TRADE
VIC1,2025-12-13 03:50:00,4203.96,80.39,TRADE
VIC1,2025-12-13 03:55:00,4172.73,83.93,TRADE
VIC1,2025-12-13 04:00:00,4126.75,80.0,TRADE
VIC1,2025-12-13 04:05:00,4171.91,80.0,TRADE
VIC1,2025-12-13 04:10:00,4235.82,83.45,TRADE
VIC1,2025-12-13 04:15:00,4168.43,80.0,TRADE
VIC1,2025-12-13 04:20:00,4252.95,80.0,TRADE
VIC1,2025-12-13 04:25:00,4267.75,80.0,TRADE
VIC1,2025-12-13 04:30:00,4221.0,78.95,TRADE
VIC1,2025-12-13 04:35:00,4328.67,76.28,TRADE
VIC1,2025-12-13 04:40:00,4281.93,80.0,TRADE
VIC1,2025-12-13 04:45:00,4248.52,80.0,TRADE
VIC1,2025-12-13 04:50:00,4334.06,105.73,TRADE
VIC1,2025-12-13 04:55:00,4308.36,97.24,TRADE
VIC1,2025-12-13 05:00:00,4247.0,97.32,TRADE
VIC1,2025-12-13 05:05:00,4229.36,89.14,TRADE
VIC1,2025-12-13 05:10:00,4351.13,100.18,TRADE
VIC1,2025-12-13 05:15:00,4359.81,99.37,TRADE
VIC1,2025-12-13 05:20:00,4369.16,83.06,TRADE
VIC1,2025-12-13 05:25:00,4363.08,80.0,TRADE
VIC1,2025-12-13 05:30:00,4311.65,80.0,TRADE
VIC1,2025-12-13 05:35:00,4307.05,84.47,TRADE
VIC1,2025-12-13 05:40:00,4328.96,88.21,TRADE
VIC1,2025-12-13 05:45:00,4358.91,80.0,TRADE
VIC1,2025-12-13 05:50:00,4438.57,80.0,TRADE
VIC1,2025-12-13 05:55:00,4404.53,104.0,TRADE
VIC1,2025-12-13 06:00:00,4443.67,94.88,TRADE
VIC1,2025-12-13 06:05:00,4529.64,102.62,TRADE
VIC1,2025-12-13 06:10:00,4557.27,92.89,TRADE
VIC1,2025-12-13 06:15:00,4599.48,106.08,TRADE
VIC1,2025-12-13 06:20:00,4590.2,118.1,TRADE
VIC1,2025-12-13 06:25:00,4531.46,107.16,TRADE
VIC1,2025-12-13 06:30:00,4518.5,96.18,TRADE
VIC1,2025-12-13 06:35:00,4567.87,117.41,TRADE
VIC1,2025-12-13 06:40:00,4510.08,123.96,TRADE
VIC1,2025-12-13 06:45:00,4616.62,137.69,TRADE
VIC1,2025-12-13 06:50:00,4612.12,172.99,TRADE
VIC1,2025-12-13 06:55:00,4548.01,161.04,TRADE
VIC1,2025-12-13 07:00:00,4579.86,311.49,TRADE
VIC1,2025-12-13 07:05:00,4611.23,125.22,TRADE
VIC1,2025-12-13 07:10:00,4588.71,120.93,TRADE
VIC1,2025-12-13 07:15:00,4479.32,114.28,TRADE
VIC1,2025-12-13 07:20:00,4505.54,95.62,TRADE
VIC1,2025-12-13 07:25:00,4490.1,37.07,TRADE
VIC1,2025-12-13 07:30:00,4539.91,40.13,TRADE
VIC1,2025-12-13 07:35:00,4533.74,56.5,TRADE
VIC1,2025-12-13 07:40:00,4507.15,66.66,TRADE
VIC1,2025-12-13 07:45:00,4566.66,56.5,TRADE
VIC1,2025-12-13 07:50:00,4541.82,41.3,TRADE
VIC1,2025-12-13 07:55:00,4569.12,38.69,TRADE
VIC1,2025-12-13 08:00:00,4556.07,38.69,TRADE
VIC1,2025-12-13 08:05:00,4495.52,40.02,TRADE
VIC1,2025-12-13 08:10:00,4485.72,36.69,TRADE
VIC1,2025-12-13 08:15:00,4542.48,40.13,TRADE
VIC1,2025-12-13 08:20:00,4547.55,95.98,TRADE
VIC1,2025-12-13 08:25:00,4531.4,131.81,TRADE
VIC1,2025-12-13 08:30:00,4484.72,131.81,TRADE
VIC1,2025-12-13 08:35:00,4526.37,132.3,TRADE
VIC1,2025-12-13 08:40:00,4510.45,132.3,TRADE
VIC1,2025-12-13 08:45:00,4487.02,132.3,TRADE
VIC1,2025-12-13 08:50:00,4403.22,22.32,TRADE
VIC1,2025-12-13 08:55:00,4381.05,22.32,TRADE
VIC1,2025-12-13 09:00:00,4430.55,37.88,TRADE
VIC1,2025-12-13 09:05:00,4371.55,52.45,TRADE
VIC1,2025-12-13 09:10:00,4349.84,32.69,TRADE
VIC1,2025-12-13 09:15:00,4322.29,22.32,TRADE
VIC1,2025-12-13 09:20:00,4242.08,22.32,TRADE
VIC1,2025-12-13 09:25:00,4187.08,22.32,TRADE
VIC1,2025-12-13 09:30:00,4042.27,20.47,TRADE
VIC1,2025-12-13 09:35:00,3958.16,22.32,TRADE
VIC1,2025-12-13 09:40:00,3826.12,22.05,TRADE
VIC1,2025-12-13 09:45:00,3806.96,34.8,TRADE
VIC1,2025-12-13 09:50:00,3775.69,22.32,TRADE
VIC1,2025-12-13 09:55:00,3773.75,22.32,TRADE
VIC1,2025-12-13 10:00:00,3775.58,30.9,TRADE
VIC1,2025-12-13 10:05:00,3745.58,22.32,TRADE
VIC1,2025-12-13 10:10:00,3762.82,34.8,TRADE
VIC1,2025-12-13 10:15:00,3691.99,22.11,TRADE
VIC1,2025-12-13 10:20:00,3505.07,14.17,TRADE
VIC1,2025-12-13 10:25:00,3568.86,14.2,TRADE
VIC1,2025-12-13 10:30:00,3526.21,22.32,TRADE
VIC1,2025-12-13 10:35:00,3476.18,22.32,TRADE
VIC1,2025-12-13 10:40:00,3345.07,14.34,TRADE
VIC1,2025-12-13 10:45:00,3257.74,14.1,TRADE
VIC1,2025-12-13 10:50:00,3328.54,20.88,TRADE
VIC1,2025-12-13 10:55:00,3296.04,20.04,TRADE
VIC1,2025-12-13 11:00:00,3246.25,20.04,TRADE
VIC1,2025-12-13 11:05:00,3106.02,15.49,TRADE
VIC1,2025-12-13 11:10:00,3064.04,14.2,TRADE
VIC1,2025-12-13 11:15:00,2998.9,11.59,TRADE
VIC1,2025-12-13 11:20:00,2981.5,-0.98,TRADE
VIC1,2025-12-13 11:25:00,2998.7,0.0,TRADE
VIC1,2025-12-13 11:30:00,2952.89,0.0,TRADE
VIC1,2025-12-13 11:35:00,2919.34,0.0,TRADE
VIC1,2025-12-13 11:40:00,2925.86,5.26,TRADE
VIC1,2025-12-13 11:45:00,2857.4,0.0,TRADE
VIC1,2025-12-13 11:50:00,2761.92,-0.98,TRADE
VIC1,2025-12-13 11:55:00,2824.93,-0.98,TRADE
VIC1,2025-12-13 12:00:00,2795.89,7.47,TRADE
VIC1,2025-12-13 12:05:00,2776.25,8.27,TRADE
VIC1,2025-12-13 12:10:00,2835.81,8.27,TRADE
VIC1,2025-12-13 12:15:00,2775.28,5.26,TRADE
VIC1,2025-12-13 12:20:00,2810.84,-0.66,TRADE
VIC1,2025-12-13 12:25:00,2810.94,-7.99,TRADE
VIC1,2025-12-13 12:30:00,2851.77,-6.76,TRADE
VIC1,2025-12-13 12:35:00,2814.62,-3.7,TRADE
VIC1,2025-12-13 12:40:00,2828.69,0.48,TRADE
VIC1,2025-12-13 12:45:00,2923.71,8.94,TRADE
VIC1,2025-12-13 12:50:00,2874.66,8.27,TRADE
VIC1,2025-12-13 12:55:00,2891.22,7.47,TRADE
VIC1,2025-12-13 13:00:00,2899.81,0.47,TRADE
VIC1,2025-12-13 13:05:00,2877.55,0.46,TRADE
VIC1,2025-12-13 13:10:00,2900.02,20.04,TRADE
VIC1,2025-12-13 13:15:00,2873.31,22.32,TRADE
VIC1,2025-12-13 13:20:00,2854.97,29.98,TRADE
VIC1,2025-12-13 13:25:00,2935.09,38.69,TRADE
VIC1,2025-12-13 13:30:00,2926.12,32.51,TRADE
VIC1,2025-12-13 13:35:00,3014.19,21.02,TRADE
VIC1,2025-12-13 13:40:00,3008.68,15.06,TRADE
VIC1,2025-12-13 13:45:00,3086.21,20.43,TRADE
VIC1,2025-12-13 13:50:00,3085.89,22.05,TRADE
VIC1,2025-12-13 13:55:00,3169.89,27.77,TRADE
VIC1,2025-12-13 14:00:00,3245.41,27.94,TRADE
VIC1,2025-12-13 14:05:00,3297.62,22.05,TRADE
VIC1,2025-12-13 14:10:00,3276.35,22.05,TRADE
VIC1,2025-12-13 14:15:00,3370.62,12.71,TRADE
VIC1,2025-12-13 14:20:00,3509.37,5.6,TRADE
VIC1,2025-12-13 14:25:00,3664.25,8.95,TRADE
VIC1,2025-12-13 14:30:00,3840.51,34.8,TRADE
VIC1,2025-12-13 14:35:00,3997.96,38.28,TRADE
VIC1,2025-12-13 14:40:00,4075.84,15.84,TRADE
VIC1,2025-12-13 14:45:00,4189.47,45.05,TRADE
VIC1,2025-12-13 14:50:00,4316.52,118.69,TRADE
VIC1,2025-12-13 14:55:00,4372.97,37.05,TRADE
VIC1,2025-12-13 15:00:00,4367.59,118.69,TRADE
VIC1,2025-12-13 15:05:00,4356.07,99.99,TRADE
VIC1,2025-12-13 15:10:00,4475.1,137.69,TRADE
VIC1,2025-12-13 15:15:00,4443.22,122.7,TRADE
VIC1,2025-12-13 15:20:00,4411.13,118.69,TRADE
VIC1,2025-12-13 15:25:00,4397.8,104.03,TRADE
VIC1,2025-12-13 15:30:00,4473.31,85.24,TRADE
VIC1,2025-12-13 15:35:00,4489.07,99.99,TRADE
VIC1,2025-12-13 15:40:00,4491.8,80.0,TRADE
VIC1,2025-12-13 15:45:00,4585.42,71.5,TRADE
VIC1,2025-12-13 15:50:00,4592.64,75.75,TRADE
VIC1,2025-12-13 15:55:00,4590.73,85.52,TRADE
VIC1,2025-12-13 16:00:00,4500.78,80.0,TRADE
VIC1,2025-12-13 16:05:00,4436.53,27.24,TRADE
VIC1,2025-12-13 16:10:00,4388.2,51.26,TRADE
VIC1,2025-12-13 16:15:00,4400.23,22.05,TRADE
VIC1,2025-12-13 16:20:00,4286.24,15.48,TRADE
VIC1,2025-12-13 16:25:00,4343.55,12.49,TRADE
VIC1,2025-12-13 16:30:00,4241.19,22.05,TRADE
VIC1,2025-12-13 16:35:00,4115.2,4.96,TRADE
VIC1,2025-12-13 16:40:00,4101.72,0.01,TRADE
VIC1,2025-12-13 16:45:00,4116.21,-3.7,TRADE
VIC1,2025-12-13 16:50:00,4122.65,-3.7,TRADE
VIC1,2025-12-13 16:55:00,4159.66,-3.7,TRADE
VIC1,2025-12-13 17:00:00,4317.72,-3.7,TRADE
VIC1,2025-12-13 17:05:00,4241.2,-3.7,TRADE
VIC1,2025-12-13 17:10:00,4309.45,-3.7,TRADE
VIC1,2025-12-13 17:15:00,4397.9,-3.7,TRADE
VIC1,2025-12-13 17:20:00,4513.61,-10.0,TRADE
VIC1,2025-12-13 17:25:00,4689.05,-3.7,TRADE
VIC1,2025-12-13 17:30:00,4774.74,-5.59,TRADE
VIC1,2025-12-13 17:35:00,4848.01,-3.7,TRADE
VIC1,2025-12-13 17:40:00,4991.76,-3.7,TRADE
VIC1,2025-12-13 17:45:00,5066.06,-3.7,TRADE
VIC1,2025-12-13 17:50:00,5048.22,-3.7,TRADE
VIC1,2025-12-13 17:55:00,5106.84,-3.7,TRADE
VIC1,2025-12-13 18:00:00,5160.23,-0.98,TRADE
VIC1,2025-12-13 18:05:00,5178.87,8.94,TRADE
VIC1,2025-12-13 18:10:00,5173.34,8.94,TRADE
VIC1,2025-12-13 18:15:00,5053.84,75.75,TRADE
VIC1,2025-12-13 18:20:00,5042.56,14.49,TRADE
VIC1,2025-12-13 18:25:00,5073.02,80.0,TRADE
VIC1,2025-12-13 18:30:00,5092.7,84.11,TRADE
VIC1,2025-12-13 18:35:00,5098.37,80.9,TRADE
VIC1,2025-12-13 18:40:00,5179.6,84.55,TRADE
VIC1,2025-12-13 18:45:00,5172.98,84.59,TRADE
VIC1,2025-12-13 18:50:00,5160.6,94.16,TRADE
VIC1,2025-12-13 18:55:00,5093.31,104.94,TRADE
VIC1,2025-12-13 19:00:00,4991.23,102.91,TRADE
VIC1,2025-12-13 19:05:00,4968.35,80.0,TRADE
VIC1,2025-12-13 19:10:00,4982.33,86.75,TRADE
VIC1,2025-12-13 19:15:00,4957.81,80.0,TRADE
VIC1,2025-12-13 19:20:00,5047.95,81.45,TRADE
VIC1,2025-12-13 19:25:00,5066.35,78.83,TRADE
VIC1,2025-12-13 19:30:00,4997.78,83.04,TRADE
VIC1,2025-12-13 19:35:00,5097.48,105.68,TRADE
VIC1,2025-12-13 19:40:00,5074.3,80.0,TRADE
VIC1,2025-12-13 19:45:00,5095.47,72.61,TRADE
VIC1,2025-12-13 19:50:00,5101.28,104.94,TRADE
VIC1,2025-12-13 19:55:00,4980.9,82.82,TRADE
VIC1,2025-12-13 20:00:00,5048.86,82.89,TRADE
VIC1,2025-12-13 20:05:00,5068.72,80.0,TRADE
VIC1,2025-12-13 20:10:00,4974.34,87.18,TRADE
VIC1,2025-12-13 20:15:00,4943.71,75.75,TRADE
VIC1,2025-12-13 20:20:00,5002.69,75.75,TRADE
VIC1,2025-12-13 20:25:00,4977.6,72.36,TRADE
VIC1,2025-12-13 20:30:00,4986.6,76.57,TRADE
VIC1,2025-12-13 20:35:00,4910.65,80.0,TRADE
VIC1,2025-12-13 20:40:00,4908.86,80.0,TRADE
VIC1,2025-12-13 20:45:00,4886.44,80.0,TRADE
VIC1,2025-12-13 20:50:00,4800.28,80.0,TRADE
VIC1,2025-12-13 20:55:00,4734.02,80.0,TRADE
VIC1,2025-12-13 21:00:00,4743.44,80.0,TRADE
VIC1,2025-12-13 21:05:00,4741.46,80.0,TRADE
VIC1,2025-12-13 21:10:00,4683.87,80.0,TRADE
VIC1,2025-12-13 21:15:00,4700.34,82.64,TRADE
VIC1,2025-12-13 21:20:00,4644.69,80.0,TRADE
VIC1,2025-12-13 21:25:00,4556.72,77.71,TRADE
VIC1,2025-12-13 21:30:00,4521.78,80.0,TRADE
VIC1,2025-12-13 21:35:00,4539.47,80.0,TRADE
VIC1,2025-12-13 21:40:00,4549.27,80.0,TRADE
VIC1,2025-12-13 21:45:00,4527.64,80.0,TRADE
VIC1,2025-12-13 21:50:00,4505.31,75.75,TRADE
VIC1,2025-12-13 21:55:00,4499.88,75.95,TRADE
VIC1,2025-12-13 22:00:00,4446.72,75.75,TRADE
VIC1,2025-12-13 22:05:00,4432.65,75.75,TRADE
VIC1,2025-12-13 22:10:00,4412.05,75.75,TRADE
VIC1,2025-12-13 22:15:00,4406.96,75.75,TRADE
VIC1,2025-12-13 22:20:00,4410.5,75.75,TRADE
VIC1,2025-12-13 22:25:00,4382.65,73.62,TRADE
VIC1,2025-12-13 22:30:00,4333.93,74.62,TRADE
VIC1,2025-12-13 22:35:00,4348.64,75.75,TRADE
VIC1,2025-12-13 22:40:00,4329.02,75.75,TRADE
VIC1,2025-12-13 22:45:00,4299.39,73.84,TRADE
VIC1,2025-12-13 22:50:00,4282.99,75.75,TRADE
VIC1,2025-12-13 22:55:00,4284.74,75.75,TRADE
VIC1,2025-12-13 23:00:00,4281.84,75.75,TRADE
VIC1,2025-12-13 23:05:00,4326.62,75.71,TRADE
VIC1,2025-12-13 23:10:00,4438.88,75.75,TRADE
VIC1,2025-12-13 23:15:00,4437.82,80.0,TRADE
VIC1,2025-12-13 23:20:00,4439.57,74.19,TRADE
VIC1,2025-12-13 23:25:00,4459.63,73.79,TRADE
VIC1,2025-12-13 23:30:00,4429.08,76.1,TRADE
VIC1,2025-12-13 23:35:00,4411.23,75.75,TRADE
VIC1,2025-12-13 23:40:00,4368.99,74.41,TRADE
VIC1,2025-12-13 23:45:00,4323.15,72.09,TRADE
VIC1,2025-12-13 23:50:00,4390.34,75.97,TRADE
VIC1,2025-12-13 23:55:00,4330.76,71.16,TRADE
VIC1,2025-12-14 00:00:00,4322.43,72.12,TRADE
VIC1,2025-12-14 00:05:00,4344.22,67.69,TRADE
VIC1,2025-12-14 00:10:00,4287.83,72.19,TRADE
VIC1,2025-12-14 00:15:00,4288.87,70.92,TRADE
VIC1,2025-12-14 00:20:00,4239.67,59.44,TRADE
VIC1,2025-12-14 00:25:00,4212.49,66.23,TRADE
VIC1,2025-12-14 00:30:00,4207.09,67.69,TRADE
VIC1,2025-12-14 00:35:00,4111.17,72.17,TRADE
VIC1,2025-12-14 00:40:00,4086.87,73.84,TRADE
VIC1,2025-12-14 00:45:00,4046.85,67.69,TRADE
VIC1,2025-12-14 00:50:00,4115.54,65.35,TRADE
VIC1,2025-12-14 00:55:00,4094.86,67.69,TRADE
VIC1,2025-12-14 01:00:00,4034.79,68.69,TRADE
VIC1,2025-12-14 01:05:00,4108.53,71.6,TRADE
VIC1,2025-12-14 01:10:00,4071.59,63.64,TRADE
VIC1,2025-12-14 01:15:00,4047.48,70.49,TRADE
VIC1,2025-12-14 01:20:00,3984.42,68.64,TRADE
VIC1,2025-12-14 01:25:00,3973.24,63.65,TRADE
VIC1,2025-12-14 01:30:00,4008.51,56.68,TRADE
VIC1,2025-12-14 01:35:00,3990.75,63.52,TRADE
VIC1,2025-12-14 01:40:00,3876.75,56.5,TRADE
VIC1,2025-12-14 01:45:00,3914.98,57.77,TRADE
VIC1,2025-12-14 01:50:00,3918.87,56.5,TRADE
VIC1,2025-12-14 01:55:00,3809.76,55.82,TRADE
VIC1,2025-12-14 02:00:00,3853.97,56.5,TRADE
VIC1,2025-12-14 02:05:00,3777.85,8.95,TRADE
VIC1,2025-12-14 02:10:00,3739.91,8.95,TRADE
VIC1,2025-12-14 02:15:00,3728.04,8.95,TRADE
VIC1,2025-12-14 02:20:00,3727.08,8.95,TRADE
VIC1,2025-12-14 02:25:00,3792.54,8.95,TRADE
VIC1,2025-12-14 02:30:00,3789.62,8.94,TRADE
VIC1,2025-12-14 02:35:00,3763.09,0.01,TRADE
VIC1,2025-12-14 02:40:00,3708.29,-1.64,TRADE
VIC1,2025-12-14 02:45:00,3707.63,-0.98,TRADE
VIC1,2025-12-14 02:50:00,3618.37,-1.53,TRADE
VIC1,2025-12-14 02:55:00,3582.58,0.01,TRADE
VIC1,2025-12-14 03:00:00,3648.04,8.95,TRADE
VIC1,2025-12-14 03:05:00,3582.38,8.95,TRADE
VIC1,2025-12-14 03:10:00,3601.26,8.95,TRADE
VIC1,2025-12-14 03:15:00,3600.96,8.95,TRADE
VIC1,2025-12-14 03:20:00,3635.6,12.71,TRADE
VIC1,2025-12-14 03:25:00,3605.14,8.95,TRADE
VIC1,2025-12-14 03:30:00,3701.3,12.71,TRADE
VIC1,2025-12-14 03:35:00,3686.55,8.95,TRADE
VIC1,2025-12-14 03:40:00,3674.07,8.95,TRADE
VIC1,2025-12-14 03:45:00,3661.58,8.95,TRADE
VIC1,2025-12-14 03:50:00,3663.38,8.95,TRADE
VIC1,2025-12-14 03:55:00,3638.8,8.95,TRADE
VIC1,2025-12-14 04:00:00,3570.19,8.95,TRADE
VIC1,2025-12-14 04:05:00,3562.02,8.95,TRADE
VIC1,2025-12-14 04:10:00,3655.74,13.41,TRADE
VIC1,2025-12-14 04:15:00,3676.3,8.95,TRADE
VIC1,2025-12-14 04:20:00,3656.6,8.95,TRADE
VIC1,2025-12-14 04:25:00,3653.12,8.95,TRADE
VIC1,2025-12-14 04:30:00,3663.35,8.95,TRADE
VIC1,2025-12-14 04:35:00,3637.92,8.95,TRADE
VIC1,2025-12-14 04:40:00,3572.08,8.95,TRADE
VIC1,2025-12-14 04:45:00,3631.14,8.95,TRADE
VIC1,2025-12-14 04:50:00,3608.1,8.95,TRADE
VIC1,2025-12-14 04:55:00,3558.48,8.95,TRADE
VIC1,2025-12-14 05:00:00,3584.76,8.95,TRADE
VIC1,2025-12-14 05:05:00,3586.59,8.95,TRADE
VIC1,2025-12-14 05:10:00,3622.74,8.95,TRADE
VIC1,2025-12-14 05:15:00,3553.46,8.95,TRADE
VIC1,2025-12-14 05:20:00,3543.72,8.95,TRADE
VIC1,2025-12-14 05:25:00,3497.72,8.95,TRADE
VIC1,2025-12-14 05:30:00,3488.92,8.95,TRADE
VIC1,2025-12-14 05:35:00,3526.27,8.95,TRADE
VIC1,2025-12-14 05:40:00,3515.7,8.95,TRADE
VIC1,2025-12-14 05:45:00,3446.72,8.95,TRADE
VIC1,2025-12-14 05:50:00,3533.32,8.95,TRADE
VIC1,2025-12-14 05:55:00,3514.41,8.94,TRADE
VIC1,2025-12-14 06:00:00,3555.52,8.94,TRADE
VIC1,2025-12-14 06:05:00,3449.57,1.35,TRADE
VIC1,2025-12-14 06:10:00,3416.33,-0.98,TRADE
VIC1,2025-12-14 06:15:00,3448.29,-3.7,TRADE
VIC1,2025-12-14 06:20:00,3504.17,0.0,TRADE
VIC1,2025-12-14 06:25:00,3496.19,-3.7,TRADE
VIC1,2025-12-14 06:30:00,3394.4,-3.7,TRADE
VIC1,2025-12-14 06:35:00,3461.09,-3.7,TRADE
VIC1,2025-12-14 06:40:00,3402.62,-3.7,TRADE
VIC1,2025-12-14 06:45:00,3410.98,-4.47,TRADE
VIC1,2025-12-14 06:50:00,3373.24,-6.28,TRADE
VIC1,2025-12-14 06:55:00,3272.69,-7.36,TRADE
VIC1,2025-12-14 07:00:00,3320.27,-7.38,TRADE
VIC1,2025-12-14 07:05:00,3381.11,-7.25,TRADE
VIC1,2025-12-14 07:10:00,3288.05,-7.62,TRADE
VIC1,2025-12-14 07:15:00,3354.47,-7.62,TRADE
VIC1,2025-12-14 07:20:00,3314.94,-8.38,TRADE
VIC1,2025-12-14 07:25:00,3364.69,-8.25,TRADE
VIC1,2025-12-14 07:30:00,3370.3,-8.25,TRADE
VIC1,2025-12-14 07:35:00,3355.94,-8.45,TRADE
VIC1,2025-12-14 07:40:00,3268.56,-9.65,TRADE
VIC1,2025-12-14 07:45:00,3207.78,-9.86,TRADE
VIC1,2025-12-14 07:50:00,3163.72,-11.0,TRADE
VIC1,2025-12-14 07:55:00,3126.14,-11.86,TRADE
VIC1,2025-12-14 08:00:00,3121.59,-11.9,TRADE
VIC1,2025-12-14 08:05:00,3087.76,-11.0,TRADE
VIC1,2025-12-14 08:10:00,3093.12,-9.65,TRADE
VIC1,2025-12-14 08:15:00,3126.25,-9.65,TRADE
VIC1,2025-12-14 08:20:00,3135.56,-9.65,TRADE
VIC1,2025-12-14 08:25:00,3122.63,-10.0,TRADE
VIC1,2025-12-14 08:30:00,3218.45,-12.12,TRADE
VIC1,2025-12-14 08:35:00,3298.71,-12.06,TRADE
VIC1,2025-12-14 08:40:00,3267.35,-11.79,TRADE
VIC1,2025-12-14 08:45:00,3301.18,-11.0,TRADE
VIC1,2025-12-14 08:50:00,3268.03,-11.0,TRADE
VIC1,2025-12-14 08:55:00,3279.4,-12.12,TRADE
VIC1,2025-12-14 09:00:00,3230.26,-12.51,TRADE
VIC1,2025-12-14 09:05:00,3330.73,-12.07,TRADE
VIC1,2025-12-14 09:10:00,3288.63,-11.0,TRADE
VIC1,2025-12-14 09:15:00,3258.24,-16.54,TRADE
VIC1,2025-12-14 09:20:00,3182.2,-32.67,TRADE
VIC1,2025-12-14 09:25:00,3155.32,-33.67,TRADE
VIC1,2025-12-14 09:30:00,3119.0,-32.67,TRADE
VIC1,2025-12-14 09:35:00,3050.28,-32.67,TRADE
VIC1,2025-12-14 09:40:00,2967.74,-62.95,TRADE
VIC1,2025-12-14 09:45:00,2924.5,-25.09,TRADE
VIC1,2025-12-14 09:50:00,2816.29,-33.67,TRADE
VIC1,2025-12-14 09:55:00,2755.79,-49.69,TRADE
VIC1,2025-12-14 10:00:00,2706.98,-50.11,TRADE
VIC1,2025-12-14 10:05:00,2641.05,-20.99,TRADE
VIC1,2025-12-14 10:10:00,2615.07,-20.3,TRADE
VIC1,2025-12-14 10:15:00,2629.9,-50.11,TRADE
VIC1,2025-12-14 10:20:00,2601.94,-39.48,TRADE
VIC1,2025-12-14 10:25:00,2568.85,-33.67,TRADE
VIC1,2025-12-14 10:30:00,2527.28,-39.48,TRADE
VIC1,2025-12-14 10:35:00,2501.62,-40.04,TRADE
VIC1,2025-12-14 10:40:00,2430.05,-50.11,TRADE
VIC1,2025-12-14 10:45:00,2436.79,-50.04,TRADE
VIC1,2025-12-14 10:50:00,2417.12,-40.68,TRADE
VIC1,2025-12-14 10:55:00,2424.74,-41.56,TRADE
VIC1,2025-12-14 11:00:00,2364.07,-50.11,TRADE
VIC1,2025-12-14 11:05:00,2393.04,-43.73,TRADE
VIC1,2025-12-14 11:10:00,2346.28,-49.97,TRADE
VIC1,2025-12-14 11:15:00,2328.97,-42.72,TRADE
VIC1,2025-12-14 11:20:00,2380.84,-45.8,TRADE
VIC1,2025-12-14 11:25:00,2455.44,-46.4,TRADE
VIC1,2025-12-14 11:30:00,2469.34,-50.11,TRADE
VIC1,2025-12-14 11:35:00,2469.81,-50.11,TRADE
VIC1,2025-12-14 11:40:00,2379.27,-59.99,TRADE
VIC1,2025-12-14 11:45:00,2314.79,-49.69,TRADE
VIC1,2025-12-14 11:50:00,2249.95,-66.31,TRADE
VIC1,2025-12-14 11:55:00,2419.15,-50.11,TRADE
VIC1,2025-12-14 12:00:00,2491.0,-60.0,TRADE
VIC1,2025-12-14 12:05:00,2604.84,-41.06,TRADE
VIC1,2025-12-14 12:10:00,2585.97,-50.01,TRADE
VIC1,2025-12-14 12:15:00,2654.51,-50.01,TRADE
VIC1,2025-12-14 12:20:00,2658.44,-50.11,TRADE
VIC1,2025-12-14 12:25:00,2575.29,-56.66,TRADE
VIC1,2025-12-14 12:30:00,2532.26,-59.46,TRADE
VIC1,2025-12-14 12:35:00,2520.45,-50.01,TRADE
VIC1,2025-12-14 12:40:00,2543.32,-56.66,TRADE
VIC1,2025-12-14 12:45:00,2562.85,-47.71,TRADE
VIC1,2025-12-14 12:50:00,2487.4,-60.0,TRADE
VIC1,2025-12-14 12:55:00,2413.43,-56.66,TRADE
VIC1,2025-12-14 13:00:00,2368.18,-57.0,TRADE
VIC1,2025-12-14 13:05:00,2285.05,-57.0,TRADE
VIC1,2025-12-14 13:10:00,2243.11,-56.66,TRADE
VIC1,2025-12-14 13:15:00,2256.95,-62.95,TRADE
VIC1,2025-12-14 13:20:00,2285.28,-59.99,TRADE
VIC1,2025-12-14 13:25:00,2317.03,-60.0,TRADE
VIC1,2025-12-14 13:30:00,2351.92,-62.95,TRADE
VIC1,2025-12-14 13:35:00,2411.67,-62.95,TRADE
VIC1,2025-12-14 13:40:00,2459.48,-62.07,TRADE
VIC1,2025-12-14 13:45:00,2499.7,-62.95,TRADE
VIC1,2025-12-14 13:50:00,2479.76,-66.31,TRADE
VIC1,2025-12-14 13:55:00,2416.56,-66.31,TRADE
VIC1,2025-12-14 14:00:00,2449.82,-66.31,TRADE
VIC1,2025-12-14 14:05:00,2502.02,-66.31,TRADE
VIC1,2025-12-14 14:10:00,2459.51,-66.31,TRADE
VIC1,2025-12-14 14:15:00,2480.94,-70.22,TRADE
VIC1,2025-12-14 14:20:00,2480.46,-81.51,TRADE
VIC1,2025-12-14 14:25:00,2544.44,-80.02,TRADE
VIC1,2025-12-14 14:30:00,2517.1,-72.46,TRADE
VIC1,2025-12-14 14:35:00,2425.38,-75.33,TRADE
VIC1,2025-12-14 14:40:00,2371.6,-77.66,TRADE
VIC1,2025-12-14 14:45:00,2347.77,-108.73,TRADE
VIC1,2025-12-14 14:50:00,2360.37,-94.42,TRADE
VIC1,2025-12-14 14:55:00,2364.09,-93.41,TRADE
VIC1,2025-12-14 15:00:00,2359.49,-82.17,TRADE
VIC1,2025-12-14 15:05:00,2436.26,-90.79,TRADE
VIC1,2025-12-14 15:10:00,2431.07,-107.73,TRADE
VIC1,2025-12-14 15:15:00,2474.28,-67.88,TRADE
VIC1,2025-12-14 15:20:00,2529.29,-62.95,TRADE
VIC1,2025-12-14 15:25:00,2545.68,-66.31,TRADE
VIC1,2025-12-14 15:30:00,2610.07,-66.31,TRADE
VIC1,2025-12-14 15:35:00,2728.96,-66.31,TRADE
VIC1,2025-12-14 15:40:00,2781.43,-66.31,TRADE
VIC1,2025-12-14 15:45:00,2882.3,-62.95,TRADE
VIC1,2025-12-14 15:50:00,2849.45,-66.31,TRADE
VIC1,2025-12-14 15:55:00,2890.14,-62.95,TRADE
VIC1,2025-12-14 16:00:00,2985.32,-62.51,TRADE
VIC1,2025-12-14 16:05:00,3058.82,-62.51,TRADE
VIC1,2025-12-14 16:10:00,3108.5,-60.0,TRADE
VIC1,2025-12-14 16:15:00,3129.48,-50.01,TRADE
VIC1,2025-12-14 16:20:00,3136.24,-50.01,TRADE
VIC1,2025-12-14 16:25:00,3200.27,-50.11,TRADE
VIC1,2025-12-14 16:30:00,3266.76,-50.01,TRADE
VIC1,2025-12-14 16:35:00,3307.05,-50.11,TRADE
VIC1,2025-12-14 16:40:00,3412.39,-36.1,TRADE
VIC1,2025-12-14 16:45:00,3518.82,-36.1,TRADE
VIC1,2025-12-14 16:50:00,3658.27,-25.93,TRADE
VIC1,2025-12-14 16:55:00,3795.7,-19.99,TRADE
VIC1,2025-12-14 17:00:00,3855.56,-16.54,TRADE
VIC1,2025-12-14 17:05:00,3923.12,-50.11,TRADE
VIC1,2025-12-14 17:10:00,3860.07,-25.6,TRADE
VIC1,2025-12-14 17:15:00,3926.61,-36.1,TRADE
VIC1,2025-12-14 17:20:00,3970.39,-32.82,TRADE
VIC1,2025-12-14 17:25:00,4077.86,-21.12,TRADE
VIC1,2025-12-14 17:30:00,4063.15,-20.99,TRADE
VIC1,2025-12-14 17:35:00,4104.78,-22.32,TRADE
VIC1,2025-12-14 17:40:00,4146.28,-16.54,TRADE
VIC1,2025-12-14 17:45:00,4193.18,-16.54,TRADE
VIC1,2025-12-14 17:50:00,4232.7,-16.54,TRADE
VIC1,2025-12-14 17:55:00,4317.06,-13.15,TRADE
VIC1,2025-12-14 18:00:00,4334.27,-11.0,TRADE
VIC1,2025-12-14 18:05:00,4358.85,-7.62,TRADE
VIC1,2025-12-14 18:10:00,4309.22,-7.36,TRADE
VIC1,2025-12-14 18:15:00,4298.58,-7.62,TRADE
VIC1,2025-12-14 18:20:00,4281.34,-7.62,TRADE
VIC1,2025-12-14 18:25:00,4273.28,-6.12,TRADE
VIC1,2025-12-14 18:30:00,4284.93,-3.7,TRADE
VIC1,2025-12-14 18:35:00,4294.86,-8.0,TRADE
VIC1,2025-12-14 18:40:00,4366.34,-3.7,TRADE
VIC1,2025-12-14 18:45:00,4407.94,-3.7,TRADE
VIC1,2025-12-14 18:50:00,4412.9,-3.7,TRADE
VIC1,2025-12-14 18:55:00,4457.73,-3.7,TRADE
VIC1,2025-12-14 19:00:00,4462.04,-3.7,TRADE
VIC1,2025-12-14 19:05:00,4497.97,-3.7,TRADE
VIC1,2025-12-14 19:10:00,4525.53,2.89,TRADE
VIC1,2025-12-14 19:15:00,4526.67,33.12,TRADE
VIC1,2025-12-14 19:20:00,4539.6,33.89,TRADE
VIC1,2025-12-14 19:25:00,4601.67,59.44,TRADE
VIC1,2025-12-14 19:30:00,4586.96,64.19,TRADE
VIC1,2025-12-14 19:35:00,4608.0,8.97,TRADE
VIC1,2025-12-14 19:40:00,4681.72,8.95,TRADE
VIC1,2025-12-14 19:45:00,4666.9,8.95,TRADE
VIC1,2025-12-14 19:50:00,4689.87,8.95,TRADE
VIC1,2025-12-14 19:55:00,4715.33,8.95,TRADE
VIC1,2025-12-14 20:00:00,4690.21,40.97,TRADE
VIC1,2025-12-14 20:05:00,4738.03,59.44,TRADE
VIC1,2025-12-14 20:10:00,4756.28,59.44,TRADE
VIC1,2025-12-14 20:15:00,4762.58,75.75,TRADE
VIC1,2025-12-14 20:20:00,4731.39,59.44,TRADE
VIC1,2025-12-14 20:25:00,4695.9,59.44,TRADE
VIC1,2025-12-14 20:30:00,4685.71,59.44,TRADE
VIC1,2025-12-14 20:35:00,4676.63,8.69,TRADE
VIC1,2025-12-14 20:40:00,4684.34,8.95,TRADE
VIC1,2025-12-14 20:45:00,4672.33,59.44,TRADE
VIC1,2025-12-14 20:50:00,4629.76,50.64,TRADE
VIC1,2025-12-14 20:55:00,4640.9,59.44,TRADE
VIC1,2025-12-14 21:00:00,4591.68,11.48,TRADE
VIC1,2025-12-14 21:05:00,4568.3,8.95,TRADE
VIC1,2025-12-14 21:10:00,4567.09,52.46,TRADE
VIC1,2025-12-14 21:15:00,4512.81,59.44,TRADE
VIC1,2025-12-14 21:20:00,4485.57,59.44,TRADE
VIC1,2025-12-14 21:25:00,4476.03,59.44,TRADE
VIC1,2025-12-14 21:30:00,4446.3,59.44,TRADE
VIC1,2025-12-14 21:35:00,4400.11,59.44,TRADE
VIC1,2025-12-14 21:40:00,4364.11,59.44,TRADE
VIC1,2025-12-14 21:45:00,4355.98,67.69,TRADE
VIC1,2025-12-14 21:50:00,4313.99,67.69,TRADE
VIC1,2025-12-14 21:55:00,4274.43,66.06,TRADE
VIC1,2025-12-14 22:00:00,4236.61,66.06,TRADE
VIC1,2025-12-14 22:05:00,4202.2,67.03,TRADE
VIC1,2025-12-14 22:10:00,4250.69,67.69,TRADE
VIC1,2025-12-14 22:15:00,4239.8,67.69,TRADE
VIC1,2025-12-14 22:20:00,4243.06,67.52,TRADE
VIC1,2025-12-14 22:25:00,4212.55,67.69,TRADE
VIC1,2025-12-14 22:30:00,4220.17,67.69,TRADE
VIC1,2025-12-14 22:35:00,4183.21,65.46,TRADE
VIC1,2025-12-14 22:40:00,4196.62,59.44,TRADE
VIC1,2025-12-14 22:45:00,4190.9,59.44,TRADE
VIC1,2025-12-14 22:50:00,4221.65,67.69,TRADE
VIC1,2025-12-14 22:55:00,4177.48,67.69,TRADE
VIC1,2025-12-14 23:00:00,4188.98,67.69,TRADE
VIC1,2025-12-14 23:05:00,4226.99,68.05,TRADE
VIC1,2025-12-14 23:10:00,4371.75,68.69,TRADE
VIC1,2025-12-14 23:15:00,4368.94,68.69,TRADE
VIC1,2025-12-14 23:20:00,4364.28,71.7,TRADE
VIC1,2025-12-14 23:25:00,4354.76,79.03,TRADE
VIC1,2025-12-14 23:30:00,4313.91,68.74,TRADE
VIC1,2025-12-14 23:35:00,4304.52,68.9,TRADE
VIC1,2025-12-14 23:40:00,4288.07,76.68,TRADE
VIC1,2025-12-14 23:45:00,4264.02,86.47,TRADE
VIC1,2025-12-14 23:50:00,4255.73,68.0,TRADE
VIC1,2025-12-14 23:55:00,4237.55,71.4,TRADE
VIC1,2025-12-20 00:00:00,4929.67,125.67,TRADE
VIC1,2025-12-20 00:05:00,4955.25,125.49,TRADE
VIC1,2025-12-20 00:10:00,4834.78,100.23,TRADE
VIC1,2025-12-20 00:15:00,4827.52,109.04,TRADE
VIC1,2025-12-20 00:20:00,4784.84,116.72,TRADE
VIC1,2025-12-20 00:25:00,4731.13,108.53,TRADE
VIC1,2025-12-20 00:30:00,4746.46,108.67,TRADE
VIC1,2025-12-20 00:35:00,4725.87,121.53,TRADE
VIC1,2025-12-20 00:40:00,4661.25,109.54,TRADE
VIC1,2025-12-20 00:45:00,4655.16,121.53,TRADE
VIC1,2025-12-20 00:50:00,4596.13,110.39,TRADE
VIC1,2025-12-20 00:55:00,4553.49,111.31,TRADE
VIC1,2025-12-20 01:00:00,4554.84,110.39,TRADE
VIC1,2025-12-20 01:05:00,4525.58,120.08,TRADE
VIC1,2025-12-20 01:10:00,4535.94,135.25,TRADE
VIC1,2025-12-20 01:15:00,4524.5,121.53,TRADE
VIC1,2025-12-20 01:20:00,4506.83,110.32,TRADE
VIC1,2025-12-20 01:25:00,4509.38,100.23,TRADE
VIC1,2025-12-20 01:30:00,4482.01,109.37,TRADE
VIC1,2025-12-20 01:35:00,4439.74,112.4,TRADE
VIC1,2025-12-20 01:40:00,4420.44,106.95,TRADE
VIC1,2025-12-20 01:45:00,4428.21,125.06,TRADE
VIC1,2025-12-20 01:50:00,4399.42,100.23,TRADE
VIC1,2025-12-20 01:55:00,4390.1,123.87,TRADE
VIC1,2025-12-20 02:00:00,4375.34,97.0,TRADE
VIC1,2025-12-20 02:05:00,4348.83,97.89,TRADE
VIC1,2025-12-20 02:10:00,4331.63,105.41,TRADE
VIC1,2025-12-20 02:15:00,4336.43,107.06,TRADE
VIC1,2025-12-20 02:20:00,4302.37,107.76,TRADE
VIC1,2025-12-20 02:25:00,4270.22,97.0,TRADE
VIC1,2025-12-20 02:30:00,4247.18,97.0,TRADE
VIC1,2025-12-20 02:35:00,4261.94,97.0,TRADE
VIC1,2025-12-20 02:40:00,4262.53,107.47,TRADE
VIC1,2025-12-20 02:45:00,4245.32,80.0,TRADE
VIC1,2025-12-20 02:50:00,4230.2,91.06,TRADE
VIC1,2025-12-20 02:55:00,4211.12,92.64,TRADE
VIC1,2025-12-20 03:00:00,4210.34,96.33,TRADE
VIC1,2025-12-20 03:05:00,4232.35,80.2,TRADE
VIC1,2025-12-20 03:10:00,4198.09,84.46,TRADE
VIC1,2025-12-20 03:15:00,4202.32,80.0,TRADE
VIC1,2025-12-20 03:20:00,4194.49,97.0,TRADE
VIC1,2025-12-20 03:25:00,4189.81,97.0,TRADE
VIC1,2025-12-20 03:30:00,4174.44,97.0,TRADE
VIC1,2025-12-20 03:35:00,4174.15,90.0,TRADE
VIC1,2025-12-20 03:40:00,4166.28,94.99,TRADE
VIC1,2025-12-20 03:45:00,4143.59,89.55,TRADE
VIC1,2025-12-20 03:50:00,4152.81,97.0,TRADE
VIC1,2025-12-20 03:55:00,4161.55,99.09,TRADE
VIC1,2025-12-20 04:00:00,4156.7,97.83,TRADE
VIC1,2025-12-20 04:05:00,4201.63,87.05,TRADE
VIC1,2025-12-20 04:10:00,4211.84,80.32,TRADE
VIC1,2025-12-20 04:15:00,4191.86,90.0,TRADE
VIC1,2025-12-20 04:20:00,4207.7,97.7,TRADE
VIC1,2025-12-20 04:25:00,4200.25,99.11,TRADE
VIC1,2025-12-20 04:30:00,4244.34,100.23,TRADE
VIC1,2025-12-20 04:35:00,4254.84,97.0,TRADE
VIC1,2025-12-20 04:40:00,4243.34,94.3,TRADE
VIC1,2025-12-20 04:45:00,4256.23,94.95,TRADE
VIC1,2025-12-20 04:50:00,4270.11,120.0,TRADE
VIC1,2025-12-20 04:55:00,4286.89,100.23,TRADE
VIC1,2025-12-20 05:00:00,4295.74,120.0,TRADE
VIC1,2025-12-20 05:05:00,4321.03,139.48,TRADE
VIC1,2025-12-20 05:10:00,4319.24,126.64,TRADE
VIC1,2025-12-20 05:15:00,4320.37,141.94,TRADE
VIC1,2025-12-20 05:20:00,4329.78,120.0,TRADE
VIC1,2025-12-20 05:25:00,4358.27,120.0,TRADE
VIC1,2025-12-20 05:30:00,4356.88,102.64,TRADE
VIC1,2025-12-20 05:35:00,4372.58,100.23,TRADE
VIC1,2025-12-20 05:40:00,4368.68,105.43,TRADE
VIC1,2025-12-20 05:45:00,4372.87,93.6,TRADE
VIC1,2025-12-20 05:50:00,4388.13,90.31,TRADE
VIC1,2025-12-20 05:55:00,4382.2,75.67,TRADE
VIC1,2025-12-20 06:00:00,4377.31,80.06,TRADE
VIC1,2025-12-20 06:05:00,4443.29,80.74,TRADE
VIC1,2025-12-20 06:10:00,4465.11,82.92,TRADE
VIC1,2025-12-20 06:15:00,4494.58,91.69,TRADE
VIC1,2025-12-20 06:20:00,4506.09,79.13,TRADE
VIC1,2025-12-20 06:25:00,4505.55,24.64,TRADE
VIC1,2025-12-20 06:30:00,4503.81,38.17,TRADE
VIC1,2025-12-20 06:35:00,4507.25,16.56,TRADE
VIC1,2025-12-20 06:40:00,4523.76,22.31,TRADE
VIC1,2025-12-20 06:45:00,4554.7,22.35,TRADE
VIC1,2025-12-20 06:50:00,4564.56,48.66,TRADE
VIC1,2025-12-20 06:55:00,4588.99,31.21,TRADE
VIC1,2025-12-20 07:00:00,4582.94,23.02,TRADE
VIC1,2025-12-20 07:05:00,4633.02,12.71,TRADE
VIC1,2025-12-20 07:10:00,4592.34,26.96,TRADE
VIC1,2025-12-20 07:15:00,4627.71,42.82,TRADE
VIC1,2025-12-20 07:20:00,4619.07,38.11,TRADE
VIC1,2025-12-20 07:25:00,4631.52,49.21,TRADE
VIC1,2025-12-20 07:30:00,4633.97,48.66,TRADE
VIC1,2025-12-20 07:35:00,4621.05,72.52,TRADE
VIC1,2025-12-20 07:40:00,4629.8,49.71,TRADE
VIC1,2025-12-20 07:45:00,4605.1,74.14,TRADE
VIC1,2025-12-20 07:50:00,4611.45,75.67,TRADE
VIC1,2025-12-20 07:55:00,4625.53,50.77,TRADE
VIC1,2025-12-20 08:00:00,4619.91,66.0,TRADE
VIC1,2025-12-20 08:05:00,4635.36,75.89,TRADE
VIC1,2025-12-20 08:10:00,4617.61,75.67,TRADE
VIC1,2025-12-20 08:15:00,4612.84,75.67,TRADE
VIC1,2025-12-20 08:20:00,4588.11,58.71,TRADE
VIC1,2025-12-20 08:25:00,4610.19,60.0,TRADE
VIC1,2025-12-20 08:30:00,4596.78,50.08,TRADE
VIC1,2025-12-20 08:35:00,4567.19,58.92,TRADE
VIC1,2025-12-20 08:40:00,4559.18,57.12,TRADE
VIC1,2025-12-20 08:45:00,4526.88,38.8,TRADE
VIC1,2025-12-20 08:50:00,4494.84,38.31,TRADE
VIC1,2025-12-20 08:55:00,4473.76,47.69,TRADE
VIC1,2025-12-20 09:00:00,4479.67,49.06,TRADE
VIC1,2025-12-20 09:05:00,4487.99,38.7,TRADE
VIC1,2025-12-20 09:10:00,4499.02,69.89,TRADE
VIC1,2025-12-20 09:15:00,4464.83,53.84,TRADE
VIC1,2025-12-20 09:20:00,4453.36,51.5,TRADE
VIC1,2025-12-20 09:25:00,4414.25,42.35,TRADE
VIC1,2025-12-20 09:30:00,4398.77,38.9,TRADE
VIC1,2025-12-20 09:35:00,4356.46,38.5,TRADE
VIC1,2025-12-20 09:40:00,4365.0,39.23,TRADE
VIC1,2025-12-20 09:45:00,4319.05,22.35,TRADE
VIC1,2025-12-20 09:50:00,4313.94,22.35,TRADE
VIC1,2025-12-20 09:55:00,4313.27,12.71,TRADE
VIC1,2025-12-20 10:00:00,4319.05,12.71,TRADE
VIC1,2025-12-20 10:05:00,4295.67,13.56,TRADE
VIC1,2025-12-20 10:10:00,4335.42,22.35,TRADE
VIC1,2025-12-20 10:15:00,4356.69,4.87,TRADE
VIC1,2025-12-20 10:20:00,4350.32,4.79,TRADE
VIC1,2025-12-20 10:25:00,4301.35,1.39,TRADE
VIC1,2025-12-20 10:30:00,4295.52,5.26,TRADE
VIC1,2025-12-20 10:35:00,4270.81,5.26,TRADE
VIC1,2025-12-20 10:40:00,4219.53,22.05,TRADE
VIC1,2025-12-20 10:45:00,4234.01,5.14,TRADE
VIC1,2025-12-20 10:50:00,4170.5,4.38,TRADE
VIC1,2025-12-20 10:55:00,4137.96,8.95,TRADE
VIC1,2025-12-20 11:00:00,4079.07,22.05,TRADE
VIC1,2025-12-20 11:05:00,4002.18,22.05,TRADE
VIC1,2025-12-20 11:10:00,4022.4,22.05,TRADE
VIC1,2025-12-20 11:15:00,4000.31,8.95,TRADE
VIC1,2025-12-20 11:20:00,3965.37,4.38,TRADE
VIC1,2025-12-20 11:25:00,3972.14,22.35,TRADE
VIC1,2025-12-20 11:30:00,3938.66,22.05,TRADE
VIC1,2025-12-20 11:35:00,3915.44,0.69,TRADE
VIC1,2025-12-20 11:40:00,3927.09,7.47,TRADE
VIC1,2025-12-20 11:45:00,3869.02,0.69,TRADE
VIC1,2025-12-20 11:50:00,3855.97,7.47,TRADE
VIC1,2025-12-20 11:55:00,3833.57,0.69,TRADE
VIC1,2025-12-20 12:00:00,3784.88,-6.9,TRADE
VIC1,2025-12-20 12:05:00,3799.19,0.69,TRADE
VIC1,2025-12-20 12:10:00,3763.73,0.69,TRADE
VIC1,2025-12-20 12:15:00,3812.16,0.69,TRADE
VIC1,2025-12-20 12:20:00,3767.79,12.43,TRADE
VIC1,2025-12-20 12:25:00,3707.34,0.0,TRADE
VIC1,2025-12-20 12:30:00,3721.69,0.69,TRADE
VIC1,2025-12-20 12:35:00,3630.21,5.05,TRADE
VIC1,2025-12-20 12:40:00,3567.16,0.69,TRADE
VIC1,2025-12-20 12:45:00,3486.23,-7.75,TRADE
VIC1,2025-12-20 12:50:00,3485.69,0.69,TRADE
VIC1,2025-12-20 12:55:00,3388.83,8.95,TRADE
VIC1,2025-12-20 13:00:00,3381.44,0.0,TRADE
VIC1,2025-12-20 13:05:00,3338.59,20.04,TRADE
VIC1,2025-12-20 13:10:00,3229.8,12.43,TRADE
VIC1,2025-12-20 13:15:00,3204.34,12.43,TRADE
VIC1,2025-12-20 13:20:00,3217.82,22.05,TRADE
VIC1,2025-12-20 13:25:00,3186.67,22.05,TRADE
VIC1,2025-12-20 13:30:00,3179.63,12.43,TRADE
VIC1,2025-12-20 13:35:00,3158.5,22.05,TRADE
VIC1,2025-12-20 13:40:00,3169.99,22.05,TRADE
VIC1,2025-12-20 13:45:00,3186.02,20.04,TRADE
VIC1,2025-12-20 13:50:00,3184.85,19.18,TRADE
VIC1,2025-12-20 13:55:00,3147.89,31.57,TRADE
VIC1,2025-12-20 14:00:00,3164.97,22.05,TRADE
VIC1,2025-12-20 14:05:00,3163.7,9.69,TRADE
VIC1,2025-12-20 14:10:00,3093.66,7.47,TRADE
VIC1,2025-12-20 14:15:00,3076.32,-2.7,TRADE
VIC1,2025-12-20 14:20:00,3010.54,0.46,TRADE
VIC1,2025-12-20 14:25:00,2979.32,4.64,TRADE
VIC1,2025-12-20 14:30:00,2940.72,-7.99,TRADE
VIC1,2025-12-20 14:35:00,2963.26,-10.0,TRADE
VIC1,2025-12-20 14:40:00,3034.6,-5.83,TRADE
VIC1,2025-12-20 14:45:00,2988.22,-12.51,TRADE
VIC1,2025-12-20 14:50:00,3021.76,7.47,TRADE
VIC1,2025-12-20 14:55:00,2971.16,8.95,TRADE
VIC1,2025-12-20 15:00:00,2949.56,-5.83,TRADE
VIC1,2025-12-20 15:05:00,3011.65,-7.99,TRADE
VIC1,2025-12-20 15:10:00,3057.94,-5.83,TRADE
VIC1,2025-12-20 15:15:00,3000.06,-11.0,TRADE
VIC1,2025-12-20 15:20:00,3107.33,0.0,TRADE
VIC1,2025-12-20 15:25:00,2996.48,-11.0,TRADE
VIC1,2025-12-20 15:30:00,3174.54,-8.0,TRADE
VIC1,2025-12-20 15:35:00,3173.63,-11.0,TRADE
VIC1,2025-12-20 15:40:00,3253.34,5.26,TRADE
VIC1,2025-12-20 15:45:00,3211.91,-8.0,TRADE
VIC1,2025-12-20 15:50:00,3326.41,-7.99,TRADE
VIC1,2025-12-20 15:55:00,3363.87,-8.0,TRADE
VIC1,2025-12-20 16:00:00,3445.92,31.57,TRADE
VIC1,2025-12-20 16:05:00,3467.18,-7.99,TRADE
VIC1,2025-12-20 16:10:00,3522.91,5.25,TRADE
VIC1,2025-12-20 16:15:00,3529.51,0.01,TRADE
VIC1,2025-12-20 16:20:00,3569.67,8.95,TRADE
VIC1,2025-12-20 16:25:00,3684.27,8.95,TRADE
VIC1,2025-12-20 16:30:00,3704.45,12.71,TRADE
VIC1,2025-12-20 16:35:00,3745.85,-5.73,TRADE
VIC1,2025-12-20 16:40:00,3872.36,7.02,TRADE
VIC1,2025-12-20 16:45:00,3934.99,8.22,TRADE
VIC1,2025-12-20 16:50:00,4009.1,14.07,TRADE
VIC1,2025-12-20 16:55:00,4077.2,8.95,TRADE
VIC1,2025-12-20 17:00:00,4159.71,12.71,TRADE
VIC1,2025-12-20 17:05:00,4228.16,8.95,TRADE
VIC1,2025-12-20 17:10:00,4311.0,39.48,TRADE
VIC1,2025-12-20 17:15:00,4377.97,20.04,TRADE
VIC1,2025-12-20 17:20:00,4374.1,12.71,TRADE
VIC1,2025-12-20 17:25:00,4490.11,27.72,TRADE
VIC1,2025-12-20 17:30:00,4583.75,64.44,TRADE
VIC1,2025-12-20 17:35:00,4618.38,60.67,TRADE
VIC1,2025-12-20 17:40:00,4698.15,38.8,TRADE
VIC1,2025-12-20 17:45:00,4740.93,20.04,TRADE
VIC1,2025-12-20 17:50:00,4830.25,75.67,TRADE
VIC1,2025-12-20 17:55:00,4864.48,75.67,TRADE
VIC1,2025-12-20 18:00:00,4891.02,138.23,TRADE
VIC1,2025-12-20 18:05:00,4967.17,124.78,TRADE
VIC1,2025-12-20 18:10:00,4992.0,-1.58,TRADE
VIC1,2025-12-20 18:15:00,4973.99,75.67,TRADE
VIC1,2025-12-20 18:20:00,5088.52,143.69,TRADE
VIC1,2025-12-20 18:25:00,5069.99,151.32,TRADE
VIC1,2025-12-20 18:30:00,5079.57,138.75,TRADE
VIC1,2025-12-20 18:35:00,5148.23,143.69,TRADE
VIC1,2025-12-20 18:40:00,5139.97,139.23,TRADE
VIC1,2025-12-20 18:45:00,5223.79,135.66,TRADE
VIC1,2025-12-20 18:50:00,5198.89,125.74,TRADE
VIC1,2025-12-20 18:55:00,5274.28,142.35,TRADE
VIC1,2025-12-20 19:00:00,5206.66,125.59,TRADE
VIC1,2025-12-20 19:05:00,5253.32,139.09,TRADE
VIC1,2025-12-20 19:10:00,5247.73,123.91,TRADE
VIC1,2025-12-20 19:15:00,5270.07,133.18,TRADE
VIC1,2025-12-20 19:20:00,5203.95,128.05,TRADE
VIC1,2025-12-20 19:25:00,5157.37,131.57,TRADE
VIC1,2025-12-20 19:30:00,5127.47,124.73,TRADE
VIC1,2025-12-20 19:35:00,5200.09,137.02,TRADE
VIC1,2025-12-20 19:40:00,5121.29,124.15,TRADE
VIC1,2025-12-20 19:45:00,5146.24,135.21,TRADE
VIC1,2025-12-20 19:50:00,5150.78,119.26,TRADE
VIC1,2025-12-20 19:55:00,5139.04,124.78,TRADE
VIC1,2025-12-20 20:00:00,5185.66,129.45,TRADE
VIC1,2025-12-20 20:05:00,5129.81,121.53,TRADE
VIC1,2025-12-20 20:10:00,5131.37,132.25,TRADE
VIC1,2025-12-20 20:15:00,5127.54,120.0,TRADE
VIC1,2025-12-20 20:20:00,5083.03,120.0,TRADE
VIC1,2025-12-20 20:25:00,5074.94,120.0,TRADE
VIC1,2025-12-20 20:30:00,5048.73,105.06,TRADE
VIC1,2025-12-20 20:35:00,5018.71,122.02,TRADE
VIC1,2025-12-20 20:40:00,5032.08,122.02,TRADE
VIC1,2025-12-20 20:45:00,4996.61,115.31,TRADE
VIC1,2025-12-20 20:50:00,4989.55,105.0,TRADE
VIC1,2025-12-20 20:55:00,4956.26,121.57,TRADE
VIC1,2025-12-20 21:00:00,4941.82,104.04,TRADE
VIC1,2025-12-20 21:05:00,4910.43,105.06,TRADE
VIC1,2025-12-20 21:10:00,4855.33,95.4,TRADE
VIC1,2025-12-20 21:15:00,4864.28,107.58,TRADE
VIC1,2025-12-20 21:20:00,4878.89,97.0,TRADE
VIC1,2025-12-20 21:25:00,4832.99,97.0,TRADE
VIC1,2025-12-20 21:30:00,4836.07,106.56,TRADE
VIC1,2025-12-20 21:35:00,4802.12,119.83,TRADE
VIC1,2025-12-20 21:40:00,4735.29,120.0,TRADE
VIC1,2025-12-20 21:45:00,4669.51,120.0,TRADE
VIC1,2025-12-20 21:50:00,4684.36,120.0,TRADE
VIC1,2025-12-20 21:55:00,4655.21,121.53,TRADE
VIC1,2025-12-20 22:00:00,4594.22,120.0,TRADE
VIC1,2025-12-20 22:05:00,4528.36,80.0,TRADE
VIC1,2025-12-20 22:10:00,4621.08,105.89,TRADE
VIC1,2025-12-20 22:15:00,4569.88,121.53,TRADE
VIC1,2025-12-20 22:20:00,4542.4,120.0,TRADE
VIC1,2025-12-20 22:25:00,4556.76,120.0,TRADE
VIC1,2025-12-20 22:30:00,4547.22,105.01,TRADE
VIC1,2025-12-20 22:35:00,4547.35,105.06,TRADE
VIC1,2025-12-20 22:40:00,4542.59,120.0,TRADE
VIC1,2025-12-20 22:45:00,4508.48,105.0,TRADE
VIC1,2025-12-20 22:50:00,4503.62,118.98,TRADE
VIC1,2025-12-20 22:55:00,4490.84,120.0,TRADE
VIC1,2025-12-20 23:00:00,4513.49,125.63,TRADE
VIC1,2025-12-20 23:05:00,4551.84,121.53,TRADE
VIC1,2025-12-20 23:10:00,4686.49,143.69,TRADE
VIC1,2025-12-20 23:15:00,4720.11,134.7,TRADE
VIC1,2025-12-20 23:20:00,4716.37,135.89,TRADE
VIC1,2025-12-20 23:25:00,4709.61,127.81,TRADE
VIC1,2025-12-20 23:30:00,4716.84,133.94,TRADE
VIC1,2025-12-20 23:35:00,4667.35,125.54,TRADE
VIC1,2025-12-20 23:40:00,4661.57,138.19,TRADE
VIC1,2025-12-20 23:45:00,4614.99,135.84,TRADE
VIC1,2025-12-20 23:50:00,4581.07,135.89,TRADE
VIC1,2025-12-20 23:55:00,4545.45,143.69,TRADE
VIC1,2025-12-21 00:00:00,4528.6,143.69,TRADE
VIC1,2025-12-21 00:05:00,4534.14,121.01,TRADE
VIC1,2025-12-21 00:10:00,4495.12,143.69,TRADE
VIC1,2025-12-21 00:15:00,4460.95,135.89,TRADE
VIC1,2025-12-21 00:20:00,4463.53,143.69,TRADE
VIC1,2025-12-21 00:25:00,4398.12,143.74,TRADE
VIC1,2025-12-21 00:30:00,4380.33,112.85,TRADE
VIC1,2025-12-21 00:35:00,4355.53,140.29,TRADE
VIC1,2025-12-21 00:40:00,4371.5,143.69,TRADE
VIC1,2025-12-21 00:45:00,4342.17,124.72,TRADE
VIC1,2025-12-21 00:50:00,4336.0,143.69,TRADE
VIC1,2025-12-21 00:55:00,4292.94,120.0,TRADE
VIC1,2025-12-21 01:00:00,4310.82,125.24,TRADE
VIC1,2025-12-21 01:05:00,4258.65,106.57,TRADE
VIC1,2025-12-21 01:10:00,4260.92,127.62,TRADE
VIC1,2025-12-21 01:15:00,4258.69,128.55,TRADE
VIC1,2025-12-21 01:20:00,4232.21,120.0,TRADE
VIC1,2025-12-21 01:25:00,4193.31,117.19,TRADE
VIC1,2025-12-21 01:30:00,4166.54,108.68,TRADE
VIC1,2025-12-21 01:35:00,4142.65,111.48,TRADE
VIC1,2025-12-21 01:40:00,4124.81,120.83,TRADE
VIC1,2025-12-21 01:45:00,4116.94,106.07,TRADE
VIC1,2025-12-21 01:50:00,4099.36,100.23,TRADE
VIC1,2025-12-21 01:55:00,4053.49,100.23,TRADE
VIC1,2025-12-21 02:00:00,4035.15,106.27,TRADE
VIC1,2025-12-21 02:05:00,4051.9,104.22,TRADE
VIC1,2025-12-21 02:10:00,4031.54,103.77,TRADE
VIC1,2025-12-21 02:15:00,4050.99,103.14,TRADE
VIC1,2025-12-21 02:20:00,4028.83,100.87,TRADE
VIC1,2025-12-21 02:25:00,4030.81,117.43,TRADE
VIC1,2025-12-21 02:30:00,4014.76,101.38,TRADE
VIC1,2025-12-21 02:35:00,4011.46,100.23,TRADE
VIC1,2025-12-21 02:40:00,4003.19,100.51,TRADE
VIC1,2025-12-21 02:45:00,4011.48,104.22,TRADE
VIC1,2025-12-21 02:50:00,4012.55,101.25,TRADE
VIC1,2025-12-21 02:55:00,4005.42,100.23,TRADE
VIC1,2025-12-21 03:00:00,3990.27,101.3,TRADE
VIC1,2025-12-21 03:05:00,4007.0,120.0,TRADE
VIC1,2025-12-21 03:10:00,3997.29,101.22,TRADE
VIC1,2025-12-21 03:15:00,4002.19,105.76,TRADE
VIC1,2025-12-21 03:20:00,4007.4,105.8,TRADE
VIC1,2025-12-21 03:25:00,3964.11,100.23,TRADE
VIC1,2025-12-21 03:30:00,3970.32,100.51,TRADE
VIC1,2025-12-21 03:35:00,3948.57,100.23,TRADE
VIC1,2025-12-21 03:40:00,3968.47,100.23,TRADE
VIC1,2025-12-21 03:45:00,3957.72,100.23,TRADE
VIC1,2025-12-21 03:50:00,3984.5,100.23,TRADE
VIC1,2025-12-21 03:55:00,3992.28,99.77,TRADE
VIC1,2025-12-21 04:00:00,3999.9,80.0,TRADE
VIC1,2025-12-21 04:05:00,3976.72,78.81,TRADE
VIC1,2025-12-21 04:10:00,3999.87,90.45,TRADE
VIC1,2025-12-21 04:15:00,3992.2,80.0,TRADE
VIC1,2025-12-21 04:20:00,4033.88,96.95,TRADE
VIC1,2025-12-21 04:25:00,3994.52,96.97,TRADE
VIC1,2025-12-21 04:30:00,4004.39,95.49,TRADE
VIC1,2025-12-21 04:35:00,4004.33,85.19,TRADE
VIC1,2025-12-21 04:40:00,4000.39,80.0,TRADE
VIC1,2025-12-21 04:45:00,4032.01,74.01,TRADE
VIC1,2025-12-21 04:50:00,4037.51,80.0,TRADE
VIC1,2025-12-21 04:55:00,4002.95,94.13,TRADE
VIC1,2025-12-21 05:00:00,3963.46,80.0,TRADE
VIC1,2025-12-21 05:05:00,4008.37,70.52,TRADE
VIC1,2025-12-21 05:10:00,3972.78,73.42,TRADE
VIC1,2025-12-21 05:15:00,3968.5,69.86,TRADE
VIC1,2025-12-21 05:20:00,3956.59,68.75,TRADE
VIC1,2025-12-21 05:25:00,3964.96,59.94,TRADE
VIC1,2025-12-21 05:30:00,3970.47,55.4,TRADE
VIC1,2025-12-21 05:35:00,3963.77,60.48,TRADE
VIC1,2025-12-21 05:40:00,3953.52,55.45,TRADE
VIC1,2025-12-21 05:45:00,3967.36,50.37,TRADE
VIC1,2025-12-21 05:50:00,3972.59,12.91,TRADE
VIC1,2025-12-21 05:55:00,3923.31,12.71,TRADE
VIC1,2025-12-21 06:00:00,3889.69,8.95,TRADE
VIC1,2025-12-21 06:05:00,3867.73,15.83,TRADE
VIC1,2025-12-21 06:10:00,3917.72,12.81,TRADE
VIC1,2025-12-21 06:15:00,3917.85,8.95,TRADE
VIC1,2025-12-21 06:20:00,3926.45,0.69,TRADE
VIC1,2025-12-21 06:25:00,3889.77,8.95,TRADE
VIC1,2025-12-21 06:30:00,3901.71,8.95,TRADE
VIC1,2025-12-21 06:35:00,3892.93,13.71,TRADE
VIC1,2025-12-21 06:40:00,3928.57,19.18,TRADE
VIC1,2025-12-21 06:45:00,3983.08,29.13,TRADE
VIC1,2025-12-21 06:50:00,3961.74,40.07,TRADE
VIC1,2025-12-21 06:55:00,3969.77,32.12,TRADE
VIC1,2025-12-21 07:00:00,3962.36,35.94,TRADE
VIC1,2025-12-21 07:05:00,3941.26,41.54,TRADE
VIC1,2025-12-21 07:10:00,3856.37,35.33,TRADE
VIC1,2025-12-21 07:15:00,3833.29,19.03,TRADE
VIC1,2025-12-21 07:20:00,3792.0,2.89,TRADE
VIC1,2025-12-21 07:25:00,3758.07,9.96,TRADE
VIC1,2025-12-21 07:30:00,3768.16,0.01,TRADE
VIC1,2025-12-21 07:35:00,3706.28,0.01,TRADE
VIC1,2025-12-21 07:40:00,3615.26,9.56,TRADE
VIC1,2025-12-21 07:45:00,3557.5,0.01,TRADE
VIC1,2025-12-21 07:50:00,3475.12,0.0,TRADE
VIC1,2025-12-21 07:55:00,3439.34,0.0,TRADE
VIC1,2025-12-21 08:00:00,3416.1,0.0,TRADE
VIC1,2025-12-21 08:05:00,3389.44,0.0,TRADE
VIC1,2025-12-21 08:10:00,3522.53,9.33,TRADE
VIC1,2025-12-21 08:15:00,3600.65,22.05,TRADE
VIC1,2025-12-21 08:20:00,3620.91,8.95,TRADE
VIC1,2025-12-21 08:25:00,3684.38,12.71,TRADE
VIC1,2025-12-21 08:30:00,3737.03,8.95,TRADE
VIC1,2025-12-21 08:35:00,3715.45,0.41,TRADE
VIC1,2025-12-21 08:40:00,3685.35,19.17,TRADE
VIC1,2025-12-21 08:45:00,3667.42,8.95,TRADE
VIC1,2025-12-21 08:50:00,3708.65,19.18,TRADE
VIC1,2025-12-21 08:55:00,3750.62,8.95,TRADE
VIC1,2025-12-21 09:00:00,3768.11,19.18,TRADE
VIC1,2025-12-21 09:05:00,3802.34,19.32,TRADE
VIC1,2025-12-21 09:10:00,3878.96,22.05,TRADE
VIC1,2025-12-21 09:15:00,3891.96,22.05,TRADE
VIC1,2025-12-21 09:20:00,3881.5,22.05,TRADE
VIC1,2025-12-21 09:25:00,3828.9,19.52,TRADE
VIC1,2025-12-21 09:30:00,3901.73,29.57,TRADE
VIC1,2025-12-21 09:35:00,3843.01,0.13,TRADE
VIC1,2025-12-21 09:40:00,3884.35,19.18,TRADE
VIC1,2025-12-21 09:45:00,3923.84,0.0,TRADE
VIC1,2025-12-21 09:50:00,4000.93,-4.73,TRADE
VIC1,2025-12-21 09:55:00,4111.56,0.01,TRADE
VIC1,2025-12-21 10:00:00,4179.84,8.95,TRADE
VIC1,2025-12-21 10:05:00,4271.05,34.8,TRADE
VIC1,2025-12-21 10:10:00,4433.2,22.05,TRADE
VIC1,2025-12-21 10:15:00,4420.45,22.05,TRADE
VIC1,2025-12-21 10:20:00,4491.25,40.05,TRADE
VIC1,2025-12-21 10:25:00,4452.4,20.36,TRADE
VIC1,2025-12-21 10:30:00,4526.21,22.05,TRADE
VIC1,2025-12-21 10:35:00,4519.49,30.12,TRADE
VIC1,2025-12-21 10:40:00,4489.61,22.05,TRADE
VIC1,2025-12-21 10:45:00,4430.96,22.05,TRADE
VIC1,2025-12-21 10:50:00,4390.98,0.0,TRADE
VIC1,2025-12-21 10:55:00,4382.9,19.18,TRADE
VIC1,2025-12-21 11:00:00,4331.75,22.05,TRADE
VIC1,2025-12-21 11:05:00,4271.98,0.0,TRADE
VIC1,2025-12-21 11:10:00,4268.92,7.47,TRADE
VIC1,2025-12-21 11:15:00,4294.48,0.0,TRADE
VIC1,2025-12-21 11:20:00,4275.5,8.95,TRADE
VIC1,2025-12-21 11:25:00,4346.01,12.71,TRADE
VIC1,2025-12-21 11:30:00,4387.26,22.05,TRADE
VIC1,2025-12-21 11:35:00,4425.41,22.35,TRADE
VIC1,2025-12-21 11:40:00,4570.07,27.94,TRADE
VIC1,2025-12-21 11:45:00,4724.21,31.26,TRADE
VIC1,2025-12-21 11:50:00,4762.31,22.05,TRADE
VIC1,2025-12-21 11:55:00,4793.71,20.47,TRADE
VIC1,2025-12-21 12:00:00,4842.9,12.71,TRADE
VIC1,2025-12-21 12:05:00,4885.08,19.52,TRADE
VIC1,2025-12-21 12:10:00,4829.05,22.35,TRADE
VIC1,2025-12-21 12:15:00,4814.02,32.09,TRADE
VIC1,2025-12-21 12:20:00,4766.69,19.47,TRADE
VIC1,2025-12-21 12:25:00,4785.16,8.95,TRADE
VIC1,2025-12-21 12:30:00,4745.8,0.0,TRADE
VIC1,2025-12-21 12:35:00,4784.43,12.71,TRADE
VIC1,2025-12-21 12:40:00,4821.9,8.95,TRADE
VIC1,2025-12-21 12:45:00,4753.92,19.52,TRADE
VIC1,2025-12-21 12:50:00,4761.9,12.71,TRADE
VIC1,2025-12-21 12:55:00,4739.38,12.71,TRADE
VIC1,2025-12-21 13:00:00,4716.29,21.46,TRADE
VIC1,2025-12-21 13:05:00,4711.17,20.83,TRADE
VIC1,2025-12-21 13:10:00,4720.37,70.52,TRADE
VIC1,2025-12-21 13:15:00,4725.96,39.81,TRADE
VIC1,2025-12-21 13:20:00,4788.06,96.62,TRADE
VIC1,2025-12-21 13:25:00,4812.4,130.1,TRADE
VIC1,2025-12-21 13:30:00,4761.07,101.42,TRADE
VIC1,2025-12-21 13:35:00,4651.51,104.03,TRADE
VIC1,2025-12-21 13:40:00,4546.22,248.62,TRADE
VIC1,2025-12-21 13:45:00,4380.91,121.53,TRADE
VIC1,2025-12-21 13:50:00,4306.31,29.05,TRADE
VIC1,2025-12-21 13:55:00,4203.01,38.69,TRADE
VIC1,2025-12-21 14:00:00,4236.84,-110.76,TRADE
VIC1,2025-12-21 14:05:00,4484.93,-8.0,TRADE
VIC1,2025-12-21 14:10:00,4520.16,18.16,TRADE
VIC1,2025-12-21 14:15:00,4554.05,0.0,TRADE
VIC1,2025-12-21 14:20:00,4673.22,2.87,TRADE
VIC1,2025-12-21 14:25:00,4748.7,19.18,TRADE
VIC1,2025-12-21 14:30:00,4794.49,29.03,TRADE
VIC1,2025-12-21 14:35:00,4807.66,73.79,TRADE
VIC1,2025-12-21 14:40:00,4756.71,39.29,TRADE
VIC1,2025-12-21 14:45:00,4793.66,27.7,TRADE
VIC1,2025-12-21 14:50:00,4740.46,29.55,TRADE
VIC1,2025-12-21 14:55:00,4662.2,20.03,TRADE
VIC1,2025-12-21 15:00:00,4574.12,22.35,TRADE
VIC1,2025-12-21 15:05:00,4566.5,29.61,TRADE
VIC1,2025-12-21 15:10:00,4536.26,22.35,TRADE
VIC1,2025-12-21 15:15:00,4544.08,29.45,TRADE
VIC1,2025-12-21 15:20:00,4603.45,13.45,TRADE
VIC1,2025-12-21 15:25:00,4572.6,18.93,TRADE
VIC1,2025-12-21 15:30:00,4541.14,22.35,TRADE
VIC1,2025-12-21 15:35:00,4626.84,10.3,TRADE
VIC1,2025-12-21 15:40:00,4703.12,15.85,TRADE
VIC1,2025-12-21 15:45:00,4715.73,13.05,TRADE
VIC1,2025-12-21 15:50:00,4790.14,4.9,TRADE
VIC1,2025-12-21 15:55:00,4814.95,22.35,TRADE
VIC1,2025-12-21 16:00:00,4870.77,38.69,TRADE
VIC1,2025-12-21 16:05:00,4828.85,38.69,TRADE
VIC1,2025-12-21 16:10:00,4780.21,-32.51,TRADE
VIC1,2025-12-21 16:15:00,4858.91,-19.01,TRADE
VIC1,2025-12-21 16:20:00,4876.46,7.47,TRADE
VIC1,2025-12-21 16:25:00,4874.32,-8.6,TRADE
VIC1,2025-12-21 16:30:00,4859.2,-5.41,TRADE
VIC1,2025-12-21 16:35:00,4902.44,-2.7,TRADE
VIC1,2025-12-21 16:40:00,4888.38,7.47,TRADE
VIC1,2025-12-21 16:45:00,4871.99,0.01,TRADE
VIC1,2025-12-21 16:50:00,4944.94,8.95,TRADE
VIC1,2025-12-21 16:55:00,4946.47,10.99,TRADE
VIC1,2025-12-21 17:00:00,4970.48,9.46,TRADE
VIC1,2025-12-21 17:05:00,4988.87,12.71,TRADE
VIC1,2025-12-21 17:10:00,4911.8,8.95,TRADE
VIC1,2025-12-21 17:15:00,4917.68,8.95,TRADE
VIC1,2025-12-21 17:20:00,4825.96,-11.0,TRADE
VIC1,2025-12-21 17:25:00,4836.88,-2.7,TRADE
VIC1,2025-12-21 17:30:00,4781.71,0.0,TRADE
VIC1,2025-12-21 17:35:00,4767.48,-2.7,TRADE
VIC1,2025-12-21 17:40:00,4784.72,-5.73,TRADE
VIC1,2025-12-21 17:45:00,4830.5,-2.7,TRADE
VIC1,2025-12-21 17:50:00,4777.93,-3.61,TRADE
VIC1,2025-12-21 17:55:00,4851.89,-5.73,TRADE
VIC1,2025-12-21 18:00:00,4810.98,0.0,TRADE
VIC1,2025-12-21 18:05:00,4702.46,-2.7,TRADE
VIC1,2025-12-21 18:10:00,4717.53,0.0,TRADE
VIC1,2025-12-21 18:15:00,4758.98,0.0,TRADE
VIC1,2025-12-21 18:20:00,4756.18,0.01,TRADE
VIC1,2025-12-21 18:25:00,4737.44,-2.7,TRADE
VIC1,2025-12-21 18:30:00,4718.98,0.0,TRADE
VIC1,2025-12-21 18:35:00,4725.25,0.0,TRADE
VIC1,2025-12-21 18:40:00,4761.35,0.0,TRADE
VIC1,2025-12-21 18:45:00,4779.66,0.01,TRADE
VIC1,2025-12-21 18:50:00,4763.29,0.0,TRADE
VIC1,2025-12-21 18:55:00,4778.53,0.01,TRADE
VIC1,2025-12-21 19:00:00,4802.01,0.0,TRADE
VIC1,2025-12-21 19:05:00,4767.66,0.0,TRADE
VIC1,2025-12-21 19:10:00,4796.79,-2.0,TRADE
VIC1,2025-12-21 19:15:00,4826.87,0.01,TRADE
VIC1,2025-12-21 19:20:00,4829.62,-6.01,TRADE
VIC1,2025-12-21 19:25:00,4885.34,1.4,TRADE
VIC1,2025-12-21 19:30:00,4891.96,0.01,TRADE
VIC1,2025-12-21 19:35:00,4803.45,22.35,TRADE
VIC1,2025-12-21 19:40:00,4820.14,19.18,TRADE
VIC1,2025-12-21 19:45:00,4832.84,18.74,TRADE
VIC1,2025-12-21 19:50:00,4825.85,19.18,TRADE
VIC1,2025-12-21 19:55:00,4821.84,16.32,TRADE
VIC1,2025-12-21 20:00:00,4814.15,12.71,TRADE
VIC1,2025-12-21 20:05:00,4804.52,22.29,TRADE
VIC1,2025-12-21 20:10:00,4806.94,16.09,TRADE
VIC1,2025-12-21 20:15:00,4807.64,12.71,TRADE
VIC1,2025-12-21 20:20:00,4790.79,12.8,TRADE
VIC1,2025-12-21 20:25:00,4783.36,12.71,TRADE
VIC1,2025-12-21 20:30:00,4749.31,12.71,TRADE
VIC1,2025-12-21 20:35:00,4717.35,7.96,TRADE
VIC1,2025-12-21 20:40:00,4684.34,2.89,TRADE
VIC1,2025-12-21 20:45:00,4646.77,8.95,TRADE
VIC1,2025-12-21 20:50:00,4641.82,8.95,TRADE
VIC1,2025-12-21 20:55:00,4618.82,8.95,TRADE
VIC1,2025-12-21 21:00:00,4527.54,8.9,TRADE
VIC1,2025-12-21 21:05:00,4474.63,8.95,TRADE
VIC1,2025-12-21 21:10:00,4513.36,12.91,TRADE
VIC1,2025-12-21 21:15:00,4466.04,8.95,TRADE
VIC1,2025-12-21 21:20:00,4405.32,2.89,TRADE
VIC1,2025-12-21 21:25:00,4402.75,8.95,TRADE
VIC1,2025-12-21 21:30:00,4371.6,8.95,TRADE
VIC1,2025-12-21 21:35:00,4378.7,12.71,TRADE
VIC1,2025-12-21 21:40:00,4391.19,12.91,TRADE
VIC1,2025-12-21 21:45:00,4372.46,8.95,TRADE
VIC1,2025-12-21 21:50:00,4310.29,20.11,TRADE
VIC1,2025-12-21 21:55:00,4291.99,12.71,TRADE
VIC1,2025-12-21 22:00:00,4260.69,13.45,TRADE
VIC1,2025-12-21 22:05:00,4250.26,19.18,TRADE
VIC1,2025-12-21 22:10:00,4222.65,19.18,TRADE
VIC1,2025-12-21 22:15:00,4259.85,59.84,TRADE
VIC1,2025-12-21 22:20:00,4306.04,57.05,TRADE
VIC1,2025-12-21 22:25:00,4245.22,37.05,TRADE
VIC1,2025-12-21 22:30:00,4239.97,68.53,TRADE
VIC1,2025-12-21 22:35:00,4244.73,30.18,TRADE
VIC1,2025-12-21 22:40:00,4219.77,35.94,TRADE
VIC1,2025-12-21 22:45:00,4208.56,71.3,TRADE
VIC1,2025-12-21 22:50:00,4150.41,57.57,TRADE
VIC1,2025-12-21 22:55:00,4105.14,50.65,TRADE
VIC1,2025-12-21 23:00:00,4173.41,63.96,TRADE
VIC1,2025-12-21 23:05:00,4183.57,59.81,TRADE
VIC1,2025-12-21 23:10:00,4285.29,73.5,TRADE
VIC1,2025-12-21 23:15:00,4331.23,64.24,TRADE
VIC1,2025-12-21 23:20:00,4315.93,65.49,TRADE
VIC1,2025-12-21 23:25:00,4378.34,67.01,TRADE
VIC1,2025-12-21 23:30:00,4417.78,73.79,TRADE
VIC1,2025-12-21 23:35:00,4397.42,70.52,TRADE
VIC1,2025-12-21 23:40:00,4424.63,70.52,TRADE
VIC1,2025-12-21 23:45:00,4369.03,67.38,TRADE
VIC1,2025-12-21 23:50:00,4318.79,70.52,TRADE
VIC1,2025-12-21 23:55:00,4311.23,70.85,TRADE
VIC1,2025-12-27 00:00:00,4049.35,0.01,TRADE
VIC1,2025-12-27 00:05:00,4033.67,-2.7,TRADE
VIC1,2025-12-27 00:10:00,4025.03,-2.7,TRADE
VIC1,2025-12-27 00:15:00,4042.21,0.0,TRADE
VIC1,2025-12-27 00:20:00,4035.17,-2.7,TRADE
VIC1,2025-12-27 00:25:00,3994.75,-0.4,TRADE
VIC1,2025-12-27 00:30:00,3939.61,-2.7,TRADE
VIC1,2025-12-27 00:35:00,3920.64,0.01,TRADE
VIC1,2025-12-27 00:40:00,3896.65,-2.7,TRADE
VIC1,2025-12-27 00:45:00,3882.58,-2.7,TRADE
VIC1,2025-12-27 00:50:00,3872.42,-2.7,TRADE
VIC1,2025-12-27 00:55:00,3864.53,-2.7,TRADE
VIC1,2025-12-27 01:00:00,3869.36,-2.7,TRADE
VIC1,2025-12-27 01:05:00,3880.8,-2.7,TRADE
VIC1,2025-12-27 01:10:00,3846.6,-2.7,TRADE
VIC1,2025-12-27 01:15:00,3836.1,-2.7,TRADE
VIC1,2025-12-27 01:20:00,3811.32,-2.7,TRADE
VIC1,2025-12-27 01:25:00,3786.99,-2.7,TRADE
VIC1,2025-12-27 01:30:00,3762.68,-2.7,TRADE
VIC1,2025-12-27 01:35:00,3747.13,-2.7,TRADE
VIC1,2025-12-27 01:40:00,3745.11,0.0,TRADE
VIC1,2025-12-27 01:45:00,3744.84,0.0,TRADE
VIC1,2025-12-27 01:50:00,3752.48,0.0,TRADE
VIC1,2025-12-27 01:55:00,3716.34,0.0,TRADE
VIC1,2025-12-27 02:00:00,3736.45,0.0,TRADE
VIC1,2025-12-27 02:05:00,3737.58,0.19,TRADE
VIC1,2025-12-27 02:10:00,3731.75,0.01,TRADE
VIC1,2025-12-27 02:15:00,3691.05,0.01,TRADE
VIC1,2025-12-27 02:20:00,3675.87,0.01,TRADE
VIC1,2025-12-27 02:25:00,3632.1,2.89,TRADE
VIC1,2025-12-27 02:30:00,3637.58,0.01,TRADE
VIC1,2025-12-27 02:35:00,3606.1,8.67,TRADE
VIC1,2025-12-27 02:40:00,3586.87,0.01,TRADE
VIC1,2025-12-27 02:45:00,3581.19,0.01,TRADE
VIC1,2025-12-27 02:50:00,3559.59,0.19,TRADE
VIC1,2025-12-27 02:55:00,3572.72,0.14,TRADE
VIC1,2025-12-27 03:00:00,3539.16,0.01,TRADE
VIC1,2025-12-27 03:05:00,3531.76,0.01,TRADE
VIC1,2025-12-27 03:10:00,3554.58,0.14,TRADE
VIC1,2025-12-27 03:15:00,3580.57,0.14,TRADE
VIC1,2025-12-27 03:20:00,3601.18,0.58,TRADE
VIC1,2025-12-27 03:25:00,3593.22,8.67,TRADE
VIC1,2025-12-27 03:30:00,3616.44,0.35,TRADE
VIC1,2025-12-27 03:35:00,3623.88,8.67,TRADE
VIC1,2025-12-27 03:40:00,3628.85,2.89,TRADE
VIC1,2025-12-27 03:45:00,3597.66,0.55,TRADE
VIC1,2025-12-27 03:50:00,3583.14,8.69,TRADE
VIC1,2025-12-27 03:55:00,3568.97,0.55,TRADE
VIC1,2025-12-27 04:00:00,3557.98,8.67,TRADE
VIC1,2025-12-27 04:05:00,3578.92,0.19,TRADE
VIC1,2025-12-27 04:10:00,3573.5,0.19,TRADE
VIC1,2025-12-27 04:15:00,3580.8,0.4,TRADE
VIC1,2025-12-27 04:20:00,3600.48,0.56,TRADE
VIC1,2025-12-27 04:25:00,3601.51,8.68,TRADE
VIC1,2025-12-27 04:30:00,3598.94,0.21,TRADE
VIC1,2025-12-27 04:35:00,3604.8,0.19,TRADE
VIC1,2025-12-27 04:40:00,3597.12,0.01,TRADE
VIC1,2025-12-27 04:45:00,3612.75,0.2,TRADE
VIC1,2025-12-27 04:50:00,3602.85,0.01,TRADE
VIC1,2025-12-27 04:55:00,3602.42,0.01,TRADE
VIC1,2025-12-27 05:00:00,3596.91,0.01,TRADE
VIC1,2025-12-27 05:05:00,3614.54,0.01,TRADE
VIC1,2025-12-27 05:10:00,3635.54,11.85,TRADE
VIC1,2025-12-27 05:15:00,3651.31,8.74,TRADE
VIC1,2025-12-27 05:20:00,3655.22,12.71,TRADE
VIC1,2025-12-27 05:25:00,3662.06,12.71,TRADE
VIC1,2025-12-27 05:30:00,3648.4,0.59,TRADE
VIC1,2025-12-27 05:35:00,3639.9,12.71,TRADE
VIC1,2025-12-27 05:40:00,3638.92,8.95,TRADE
VIC1,2025-12-27 05:45:00,3620.75,0.19,TRADE
VIC1,2025-12-27 05:50:00,3581.37,-2.7,TRADE
VIC1,2025-12-27 05:55:00,3539.24,-7.25,TRADE
VIC1,2025-12-27 06:00:00,3544.08,-7.98,TRADE
VIC1,2025-12-27 06:05:00,3576.6,-7.99,TRADE
VIC1,2025-12-27 06:10:00,3621.99,-8.0,TRADE
VIC1,2025-12-27 06:15:00,3615.84,-14.04,TRADE
VIC1,2025-12-27 06:20:00,3631.25,-14.04,TRADE
VIC1,2025-12-27 06:25:00,3624.77,-21.48,TRADE
VIC1,2025-12-27 06:30:00,3570.75,-20.9,TRADE
VIC1,2025-12-27 06:35:00,3530.61,-14.04,TRADE
VIC1,2025-12-27 06:40:00,3511.02,-14.67,TRADE
VIC1,2025-12-27 06:45:00,3458.46,-14.03,TRADE
VIC1,2025-12-27 06:50:00,3424.02,-14.04,TRADE
VIC1,2025-12-27 06:55:00,3378.66,-15.75,TRADE
VIC1,2025-12-27 07:00:00,3325.14,-20.92,TRADE
VIC1,2025-12-27 07:05:00,3325.08,-12.2,TRADE
VIC1,2025-12-27 07:10:00,3208.46,-15.64,TRADE
VIC1,2025-12-27 07:15:00,3178.09,-46.7,TRADE
VIC1,2025-12-27 07:20:00,3144.72,-12.99,TRADE
VIC1,2025-12-27 07:25:00,3130.97,-26.26,TRADE
VIC1,2025-12-27 07:30:00,3080.01,-19.99,TRADE
VIC1,2025-12-27 07:35:00,3021.55,-20.54,TRADE
VIC1,2025-12-27 07:40:00,2976.93,-25.0,TRADE
VIC1,2025-12-27 07:45:00,2947.77,-34.52,TRADE
VIC1,2025-12-27 07:50:00,2888.21,-33.76,TRADE
VIC1,2025-12-27 07:55:00,2813.27,-48.77,TRADE
VIC1,2025-12-27 08:00:00,2769.95,-21.74,TRADE
VIC1,2025-12-27 08:05:00,2759.08,-48.73,TRADE
VIC1,2025-12-27 08:10:00,2737.88,-60.0,TRADE
VIC1,2025-12-27 08:15:00,2665.1,-58.62,TRADE
VIC1,2025-12-27 08:20:00,2617.43,-60.0,TRADE
VIC1,2025-12-27 08:25:00,2682.67,-22.44,TRADE
VIC1,2025-12-27 08:30:00,2530.0,-61.98,TRADE
VIC1,2025-12-27 08:35:00,2492.75,-59.46,TRADE
VIC1,2025-12-27 08:40:00,2428.04,-61.72,TRADE
VIC1,2025-12-27 08:45:00,2368.71,-63.24,TRADE
VIC1,2025-12-27 08:50:00,2298.43,-66.31,TRADE
VIC1,2025-12-27 08:55:00,2250.68,-95.87,TRADE
VIC1,2025-12-27 09:00:00,2239.28,-66.31,TRADE
VIC1,2025-12-27 09:05:00,2162.85,-66.31,TRADE
VIC1,2025-12-27 09:10:00,2119.65,-95.91,TRADE
VIC1,2025-12-27 09:15:00,2126.95,-66.31,TRADE
VIC1,2025-12-27 09:20:00,2031.75,-94.75,TRADE
VIC1,2025-12-27 09:25:00,2013.95,-81.65,TRADE
VIC1,2025-12-27 09:30:00,1959.91,-99.69,TRADE
VIC1,2025-12-27 09:35:00,1951.76,-63.92,TRADE
VIC1,2025-12-27 09:40:00,1792.35,-100.67,TRADE
VIC1,2025-12-27 09:45:00,1831.44,-99.69,TRADE
VIC1,2025-12-27 09:50:00,1772.71,-95.47,TRADE
VIC1,2025-12-27 09:55:00,1757.22,-102.78,TRADE
VIC1,2025-12-27 10:00:00,1732.59,-100.22,TRADE
VIC1,2025-12-27 10:05:00,1690.32,-100.36,TRADE
VIC1,2025-12-27 10:10:00,1699.83,-102.2,TRADE
VIC1,2025-12-27 10:15:00,1696.66,-101.49,TRADE
VIC1,2025-12-27 10:20:00,1639.49,-95.27,TRADE
VIC1,2025-12-27 10:25:00,1634.46,-100.67,TRADE
VIC1,2025-12-27 10:30:00,1596.51,-99.69,TRADE
VIC1,2025-12-27 10:35:00,1576.43,-102.56,TRADE
VIC1,2025-12-27 10:40:00,1553.12,-99.69,TRADE
VIC1,2025-12-27 10:45:00,1542.44,-101.9,TRADE
VIC1,2025-12-27 10:50:00,1495.12,-101.81,TRADE
VIC1,2025-12-27 10:55:00,1476.47,-101.74,TRADE
VIC1,2025-12-27 11:00:00,1441.45,-101.14,TRADE
VIC1,2025-12-27 11:05:00,1448.46,-101.73,TRADE
VIC1,2025-12-27 11:10:00,1438.06,-82.64,TRADE
VIC1,2025-12-27 11:15:00,1406.13,-115.4,TRADE
VIC1,2025-12-27 11:20:00,1379.37,-101.54,TRADE
VIC1,2025-12-27 11:25:00,1364.61,-99.69,TRADE
VIC1,2025-12-27 11:30:00,1369.55,-132.1,TRADE
VIC1,2025-12-27 11:35:00,1357.45,-104.54,TRADE
VIC1,2025-12-27 11:40:00,1329.06,-135.0,TRADE
VIC1,2025-12-27 11:45:00,1343.99,-111.04,TRADE
VIC1,2025-12-27 11:50:00,1329.32,-167.02,TRADE
VIC1,2025-12-27 11:55:00,1336.38,-157.06,TRADE
VIC1,2025-12-27 12:00:00,1341.68,-178.0,TRADE
VIC1,2025-12-27 12:05:00,1318.61,-148.0,TRADE
VIC1,2025-12-27 12:10:00,1296.97,-199.54,TRADE
VIC1,2025-12-27 12:15:00,1300.67,-185.42,TRADE
VIC1,2025-12-27 12:20:00,1263.16,-108.11,TRADE
VIC1,2025-12-27 12:25:00,1287.24,-108.11,TRADE
VIC1,2025-12-27 12:30:00,1273.36,-178.0,TRADE
VIC1,2025-12-27 12:35:00,1238.67,-133.79,TRADE
VIC1,2025-12-27 12:40:00,1260.49,-164.81,TRADE
VIC1,2025-12-27 12:45:00,1241.53,-165.65,TRADE
VIC1,2025-12-27 12:50:00,1249.24,-170.72,TRADE
VIC1,2025-12-27 12:55:00,1246.37,-170.72,TRADE
VIC1,2025-12-27 13:00:00,1224.77,-105.45,TRADE
VIC1,2025-12-27 13:05:00,1230.24,-199.97,TRADE
VIC1,2025-12-27 13:10:00,1263.81,-105.45,TRADE
VIC1,2025-12-27 13:15:00,1286.27,-99.69,TRADE
VIC1,2025-12-27 13:20:00,1290.73,-100.67,TRADE
VIC1,2025-12-27 13:25:00,1302.67,-100.67,TRADE
VIC1,2025-12-27 13:30:00,1296.96,-100.67,TRADE
VIC1,2025-12-27 13:35:00,1326.78,-105.45,TRADE
VIC1,2025-12-27 13:40:00,1325.33,-99.69,TRADE
VIC1,2025-12-27 13:45:00,1336.36,-99.69,TRADE
VIC1,2025-12-27 13:50:00,1373.37,-66.31,TRADE
VIC1,2025-12-27 13:55:00,1313.79,-105.45,TRADE
VIC1,2025-12-27 14:00:00,1356.88,-105.45,TRADE
VIC1,2025-12-27 14:05:00,1411.34,-84.85,TRADE
VIC1,2025-12-27 14:10:00,1428.72,-200.25,TRADE
VIC1,2025-12-27 14:15:00,1429.86,-66.31,TRADE
VIC1,2025-12-27 14:20:00,1406.28,-136.53,TRADE
VIC1,2025-12-27 14:25:00,1536.12,-200.25,TRADE
VIC1,2025-12-27 14:30:00,1529.26,-134.72,TRADE
VIC1,2025-12-27 14:35:00,1598.42,-204.31,TRADE
VIC1,2025-12-27 14:40:00,1598.47,-98.98,TRADE
VIC1,2025-12-27 14:45:00,1675.24,-79.88,TRADE
VIC1,2025-12-27 14:50:00,1659.01,-135.0,TRADE
VIC1,2025-12-27 14:55:00,1686.95,-109.93,TRADE
VIC1,2025-12-27 15:00:00,1742.93,-94.76,TRADE
VIC1,2025-12-27 15:05:00,1772.0,-94.83,TRADE
VIC1,2025-12-27 15:10:00,1807.24,-96.24,TRADE
VIC1,2025-12-27 15:15:00,1868.22,-95.41,TRADE
VIC1,2025-12-27 15:20:00,1897.73,-95.44,TRADE
VIC1,2025-12-27 15:25:00,1951.96,-66.31,TRADE
VIC1,2025-12-27 15:30:00,1989.61,-66.31,TRADE
VIC1,2025-12-27 15:35:00,2037.6,-66.31,TRADE
VIC1,2025-12-27 15:40:00,2119.1,-66.31,TRADE
VIC1,2025-12-27 15:45:00,2164.12,-66.31,TRADE
VIC1,2025-12-27 15:50:00,2217.28,-66.31,TRADE
VIC1,2025-12-27 15:55:00,2334.64,-62.95,TRADE
VIC1,2025-12-27 16:00:00,2400.67,-60.0,TRADE
VIC1,2025-12-27 16:05:00,2461.17,-55.86,TRADE
VIC1,2025-12-27 16:10:00,2499.69,-62.95,TRADE
VIC1,2025-12-27 16:15:00,2563.37,-50.11,TRADE
VIC1,2025-12-27 16:20:00,2634.7,-48.65,TRADE
VIC1,2025-12-27 16:25:00,2708.95,-50.11,TRADE
VIC1,2025-12-27 16:30:00,2795.01,-20.99,TRADE
VIC1,2025-12-27 16:35:00,2873.53,-15.64,TRADE
VIC1,2025-12-27 16:40:00,2921.75,-30.81,TRADE
VIC1,2025-12-27 16:45:00,2992.48,-15.64,TRADE
VIC1,2025-12-27 16:50:00,3039.85,-12.51,TRADE
VIC1,2025-12-27 16:55:00,3099.11,-11.2,TRADE
VIC1,2025-12-27 17:00:00,3175.4,-12.51,TRADE
VIC1,2025-12-27 17:05:00,3211.01,-11.76,TRADE
VIC1,2025-12-27 17:10:00,3292.94,-10.0,TRADE
VIC1,2025-12-27 17:15:00,3369.77,-8.0,TRADE
VIC1,2025-12-27 17:20:00,3438.67,-8.0,TRADE
VIC1,2025-12-27 17:25:00,3555.93,-7.36,TRADE
VIC1,2025-12-27 17:30:00,3593.66,-8.0,TRADE
VIC1,2025-12-27 17:35:00,3693.84,-8.0,TRADE
VIC1,2025-12-27 17:40:00,3757.78,-5.15,TRADE
VIC1,2025-12-27 17:45:00,3824.53,-8.13,TRADE
VIC1,2025-12-27 17:50:00,3922.55,-4.28,TRADE
VIC1,2025-12-27 17:55:00,3899.31,-2.7,TRADE
VIC1,2025-12-27 18:00:00,3895.42,-2.7,TRADE
VIC1,2025-12-27 18:05:00,3983.13,-2.7,TRADE
VIC1,2025-12-27 18:10:00,4058.04,0.0,TRADE
VIC1,2025-12-27 18:15:00,4056.82,0.0,TRADE
VIC1,2025-12-27 18:20:00,4122.07,0.0,TRADE
VIC1,2025-12-27 18:25:00,4174.53,29.69,TRADE
VIC1,2025-12-27 18:30:00,4212.64,29.69,TRADE
VIC1,2025-12-27 18:35:00,4241.49,29.67,TRADE
VIC1,2025-12-27 18:40:00,4285.72,36.56,TRADE
VIC1,2025-12-27 18:45:00,4317.12,45.9,TRADE
VIC1,2025-12-27 18:50:00,4380.05,45.4,TRADE
VIC1,2025-12-27 18:55:00,4410.21,46.68,TRADE
VIC1,2025-12-27 19:00:00,4453.83,47.01,TRADE
VIC1,2025-12-27 19:05:00,4476.47,31.23,TRADE
VIC1,2025-12-27 19:10:00,4538.45,31.21,TRADE
VIC1,2025-12-27 19:15:00,4511.93,29.67,TRADE
VIC1,2025-12-27 19:20:00,4584.08,31.32,TRADE
VIC1,2025-12-27 19:25:00,4609.84,31.06,TRADE
VIC1,2025-12-27 19:30:00,4555.17,29.69,TRADE
VIC1,2025-12-27 19:35:00,4621.18,31.56,TRADE
VIC1,2025-12-27 19:40:00,4580.23,16.74,TRADE
VIC1,2025-12-27 19:45:00,4628.94,30.04,TRADE
VIC1,2025-12-27 19:50:00,4635.6,31.81,TRADE
VIC1,2025-12-27 19:55:00,4631.59,31.76,TRADE
VIC1,2025-12-27 20:00:00,4642.42,31.69,TRADE
VIC1,2025-12-27 20:05:00,4596.9,29.69,TRADE
VIC1,2025-12-27 20:10:00,4661.64,31.57,TRADE
VIC1,2025-12-27 20:15:00,4673.22,29.69,TRADE
VIC1,2025-12-27 20:20:00,4652.5,30.02,TRADE
VIC1,2025-12-27 20:25:00,4648.11,18.15,TRADE
VIC1,2025-12-27 20:30:00,4682.88,29.69,TRADE
VIC1,2025-12-27 20:35:00,4620.07,32.38,TRADE
VIC1,2025-12-27 20:40:00,4612.29,32.08,TRADE
VIC1,2025-12-27 20:45:00,4598.72,29.67,TRADE
VIC1,2025-12-27 20:50:00,4587.17,29.78,TRADE
VIC1,2025-12-27 20:55:00,4537.23,29.67,TRADE
VIC1,2025-12-27 21:00:00,4521.36,23.96,TRADE
VIC1,2025-12-27 21:05:00,4487.5,32.27,TRADE
VIC1,2025-12-27 21:10:00,4445.06,31.71,TRADE
VIC1,2025-12-27 21:15:00,4420.5,32.51,TRADE
VIC1,2025-12-27 21:20:00,4384.7,32.29,TRADE
VIC1,2025-12-27 21:25:00,4387.52,32.04,TRADE
VIC1,2025-12-27 21:30:00,4359.24,12.71,TRADE
VIC1,2025-12-27 21:35:00,4330.35,29.67,TRADE
VIC1,2025-12-27 21:40:00,4317.69,29.69,TRADE
VIC1,2025-12-27 21:45:00,4290.1,29.69,TRADE
VIC1,2025-12-27 21:50:00,4272.82,29.67,TRADE
VIC1,2025-12-27 21:55:00,4251.37,29.67,TRADE
VIC1,2025-12-27 22:00:00,4233.26,29.67,TRADE
VIC1,2025-12-27 22:05:00,4246.71,12.71,TRADE
VIC1,2025-12-27 22:10:00,4229.75,29.67,TRADE
VIC1,2025-12-27 22:15:00,4214.99,29.67,TRADE
VIC1,2025-12-27 22:20:00,4203.62,19.06,TRADE
VIC1,2025-12-27 22:25:00,4206.89,29.67,TRADE
VIC1,2025-12-27 22:30:00,4168.89,29.67,TRADE
VIC1,2025-12-27 22:35:00,4162.72,29.67,TRADE
VIC1,2025-12-27 22:40:00,4157.47,29.67,TRADE
VIC1,2025-12-27 22:45:00,4101.89,12.71,TRADE
VIC1,2025-12-27 22:50:00,4065.78,12.71,TRADE
VIC1,2025-12-27 22:55:00,4056.49,12.71,TRADE
VIC1,2025-12-27 23:00:00,4064.93,29.69,TRADE
VIC1,2025-12-27 23:05:00,4128.04,29.69,TRADE
VIC1,2025-12-27 23:10:00,4249.94,35.94,TRADE
VIC1,2025-12-27 23:15:00,4302.84,31.25,TRADE
VIC1,2025-12-27 23:20:00,4320.68,29.69,TRADE
VIC1,2025-12-27 23:25:00,4327.33,29.69,TRADE
VIC1,2025-12-27 23:30:00,4305.28,29.69,TRADE
VIC1,2025-12-27 23:35:00,4296.17,29.69,TRADE
VIC1,2025-12-27 23:40:00,4299.87,35.94,TRADE
VIC1,2025-12-27 23:45:00,4293.6,35.94,TRADE
VIC1,2025-12-27 23:50:00,4307.71,12.71,TRADE
VIC1,2025-12-27 23:55:00,4294.14,29.69,TRADE
VIC1,2025-12-28 00:00:00,4279.76,12.71,TRADE
VIC1,2025-12-28 00:05:00,4254.75,29.69,TRADE
VIC1,2025-12-28 00:10:00,4231.8,31.82,TRADE
VIC1,2025-12-28 00:15:00,4171.24,29.69,TRADE
VIC1,2025-12-28 00:20:00,4170.0,29.69,TRADE
VIC1,2025-12-28 00:25:00,4116.69,29.69,TRADE
VIC1,2025-12-28 00:30:00,4102.0,29.69,TRADE
VIC1,2025-12-28 00:35:00,4073.29,29.69,TRADE
VIC1,2025-12-28 00:40:00,4080.37,29.69,TRADE
VIC1,2025-12-28 00:45:00,4028.3,22.05,TRADE
VIC1,2025-12-28 00:50:00,4030.9,25.66,TRADE
VIC1,2025-12-28 00:55:00,4036.7,22.05,TRADE
VIC1,2025-12-28 01:00:00,4018.26,22.05,TRADE
VIC1,2025-12-28 01:05:00,4005.07,22.05,TRADE
VIC1,2025-12-28 01:10:00,3975.16,11.51,TRADE
VIC1,2025-12-28 01:15:00,3944.16,12.71,TRADE
VIC1,2025-12-28 01:20:00,3905.73,12.71,TRADE
VIC1,2025-12-28 01:25:00,3897.81,8.95,TRADE
VIC1,2025-12-28 01:30:00,3858.23,8.95,TRADE
VIC1,2025-12-28 01:35:00,3849.05,8.95,TRADE
VIC1,2025-12-28 01:40:00,3825.6,8.95,TRADE
VIC1,2025-12-28 01:45:00,3804.86,8.95,TRADE
VIC1,2025-12-28 01:50:00,3799.4,8.95,TRADE
VIC1,2025-12-28 01:55:00,3772.68,8.95,TRADE
VIC1,2025-12-28 02:00:00,3788.79,8.95,TRADE
VIC1,2025-12-28 02:05:00,3750.73,8.95,TRADE
VIC1,2025-12-28 02:10:00,3746.24,8.95,TRADE
VIC1,2025-12-28 02:15:00,3740.01,8.95,TRADE
VIC1,2025-12-28 02:20:00,3765.07,8.95,TRADE
VIC1,2025-12-28 02:25:00,3748.38,8.95,TRADE
VIC1,2025-12-28 02:30:00,3721.92,8.95,TRADE
VIC1,2025-12-28 02:35:00,3672.11,8.95,TRADE
VIC1,2025-12-28 02:40:00,3677.87,8.95,TRADE
VIC1,2025-12-28 02:45:00,3654.44,8.95,TRADE
VIC1,2025-12-28 02:50:00,3654.51,8.95,TRADE
VIC1,2025-12-28 02:55:00,3645.01,8.95,TRADE
VIC1,2025-12-28 03:00:00,3635.36,8.95,TRADE
VIC1,2025-12-28 03:05:00,3617.65,8.95,TRADE
VIC1,2025-12-28 03:10:00,3619.85,12.71,TRADE
VIC1,2025-12-28 03:15:00,3633.65,8.95,TRADE
VIC1,2025-12-28 03:20:00,3651.24,8.95,TRADE
VIC1,2025-12-28 03:25:00,3624.84,11.91,TRADE
VIC1,2025-12-28 03:30:00,3632.11,12.71,TRADE
VIC1,2025-12-28 03:35:00,3617.18,13.7,TRADE
VIC1,2025-12-28 03:40:00,3614.82,12.71,TRADE
VIC1,2025-12-28 03:45:00,3593.83,13.42,TRADE
VIC1,2025-12-28 03:50:00,3606.82,12.71,TRADE
VIC1,2025-12-28 03:55:00,3624.56,12.71,TRADE
VIC1,2025-12-28 04:00:00,3621.69,12.82,TRADE
VIC1,2025-12-28 04:05:00,3615.74,8.95,TRADE
VIC1,2025-12-28 04:10:00,3637.67,8.95,TRADE
VIC1,2025-12-28 04:15:00,3647.54,8.95,TRADE
VIC1,2025-12-28 04:20:00,3675.13,8.95,TRADE
VIC1,2025-12-28 04:25:00,3650.42,8.95,TRADE
VIC1,2025-12-28 04:30:00,3667.56,8.95,TRADE
VIC1,2025-12-28 04:35:00,3651.46,8.95,TRADE
VIC1,2025-12-28 04:40:00,3657.73,8.95,TRADE
VIC1,2025-12-28 04:45:00,3642.75,8.95,TRADE
VIC1,2025-12-28 04:50:00,3629.17,8.95,TRADE
VIC1,2025-12-28 04:55:00,3620.68,8.95,TRADE
VIC1,2025-12-28 05:00:00,3640.55,8.95,TRADE
VIC1,2025-12-28 05:05:00,3644.87,8.69,TRADE
VIC1,2025-12-28 05:10:00,3633.62,8.69,TRADE
VIC1,2025-12-28 05:15:00,3625.37,8.95,TRADE
VIC1,2025-12-28 05:20:00,3628.21,8.95,TRADE
VIC1,2025-12-28 05:25:00,3593.59,0.59,TRADE
VIC1,2025-12-28 05:30:00,3605.84,8.69,TRADE
VIC1,2025-12-28 05:35:00,3603.03,0.61,TRADE
VIC1,2025-12-28 05:40:00,3583.15,0.61,TRADE
VIC1,2025-12-28 05:45:00,3569.71,0.0,TRADE
VIC1,2025-12-28 05:50:00,3520.65,-2.7,TRADE
VIC1,2025-12-28 05:55:00,3500.98,-5.05,TRADE
VIC1,2025-12-28 06:00:00,3455.11,-6.46,TRADE
VIC1,2025-12-28 06:05:00,3490.18,-6.45,TRADE
VIC1,2025-12-28 06:10:00,3448.45,-6.78,TRADE
VIC1,2025-12-28 06:15:00,3462.8,-7.35,TRADE
VIC1,2025-12-28 06:20:00,3551.35,-7.08,TRADE
VIC1,2025-12-28 06:25:00,3493.92,-7.39,TRADE
VIC1,2025-12-28 06:30:00,3521.65,-9.84,TRADE
VIC1,2025-12-28 06:35:00,3492.2,-10.0,TRADE
VIC1,2025-12-28 06:40:00,3475.44,-11.09,TRADE
VIC1,2025-12-28 06:45:00,3450.04,-14.42,TRADE
VIC1,2025-12-28 06:50:00,3420.35,-14.67,TRADE
VIC1,2025-12-28 06:55:00,3368.0,-14.04,TRADE
VIC1,2025-12-28 07:00:00,3354.85,-14.17,TRADE
VIC1,2025-12-28 07:05:00,3317.46,-13.62,TRADE
VIC1,2025-12-28 07:10:00,3209.44,-11.49,TRADE
VIC1,2025-12-28 07:15:00,3165.88,-14.04,TRADE
VIC1,2025-12-28 07:20:00,3093.7,-14.04,TRADE
VIC1,2025-12-28 07:25:00,3066.86,-14.87,TRADE
VIC1,2025-12-28 07:30:00,2970.06,-19.63,TRADE
VIC1,2025-12-28 07:35:00,2964.68,-14.16,TRADE
VIC1,2025-12-28 07:40:00,2898.95,-13.52,TRADE
VIC1,2025-12-28 07:45:00,2854.31,-13.92,TRADE
VIC1,2025-12-28 07:50:00,2793.19,-14.33,TRADE
VIC1,2025-12-28 07:55:00,2745.51,-15.49,TRADE
VIC1,2025-12-28 08:00:00,2751.22,-19.17,TRADE
VIC1,2025-12-28 08:05:00,2699.67,-14.28,TRADE
VIC1,2025-12-28 08:10:00,2668.6,-14.62,TRADE
VIC1,2025-12-28 08:15:00,2583.93,-39.68,TRADE
VIC1,2025-12-28 08:20:00,2554.55,-50.11,TRADE
VIC1,2025-12-28 08:25:00,2464.46,-13.27,TRADE
VIC1,2025-12-28 08:30:00,2409.07,-62.14,TRADE
VIC1,2025-12-28 08:35:00,2382.26,-39.95,TRADE
VIC1,2025-12-28 08:40:00,2301.27,-50.01,TRADE
VIC1,2025-12-28 08:45:00,2287.61,-40.87,TRADE
VIC1,2025-12-28 08:50:00,2227.47,-36.1,TRADE
VIC1,2025-12-28 08:55:00,2197.48,-50.01,TRADE
VIC1,2025-12-28 09:00:00,2139.05,-39.89,TRADE
VIC1,2025-12-28 09:05:00,2107.4,-45.86,TRADE
VIC1,2025-12-28 09:10:00,2105.36,-50.72,TRADE
VIC1,2025-12-28 09:15:00,2077.58,-47.69,TRADE
VIC1,2025-12-28 09:20:00,1985.39,-47.69,TRADE
VIC1,2025-12-28 09:25:00,1979.78,-50.01,TRADE
VIC1,2025-12-28 09:30:00,1960.68,-50.72,TRADE
VIC1,2025-12-28 09:35:00,1911.15,-50.01,TRADE
VIC1,2025-12-28 09:40:00,1888.88,-60.0,TRADE
VIC1,2025-12-28 09:45:00,1858.83,-48.86,TRADE
VIC1,2025-12-28 09:50:00,1835.62,-60.0,TRADE
VIC1,2025-12-28 09:55:00,1800.92,-50.01,TRADE
VIC1,2025-12-28 10:00:00,1824.27,-48.78,TRADE
VIC1,2025-12-28 10:05:00,1802.54,-47.69,TRADE
VIC1,2025-12-28 10:10:00,1772.35,-66.31,TRADE
VIC1,2025-12-28 10:15:00,1768.93,-39.48,TRADE
VIC1,2025-12-28 10:20:00,1756.86,-50.01,TRADE
VIC1,2025-12-28 10:25:00,1750.6,-50.72,TRADE
VIC1,2025-12-28 10:30:00,1728.64,-60.0,TRADE
VIC1,2025-12-28 10:35:00,1699.74,-50.01,TRADE
VIC1,2025-12-28 10:40:00,1677.63,-48.67,TRADE
VIC1,2025-12-28 10:45:00,1642.16,-50.76,TRADE
VIC1,2025-12-28 10:50:00,1634.77,-50.01,TRADE
VIC1,2025-12-28 10:55:00,1616.75,-50.85,TRADE
VIC1,2025-12-28 11:00:00,1626.96,-50.01,TRADE
VIC1,2025-12-28 11:05:00,1610.71,-60.0,TRADE
VIC1,2025-12-28 11:10:00,1611.28,-25.0,TRADE
VIC1,2025-12-28 11:15:00,1593.11,-80.02,TRADE
VIC1,2025-12-28 11:20:00,1645.24,-50.72,TRADE
VIC1,2025-12-28 11:25:00,1601.6,-60.0,TRADE
VIC1,2025-12-28 11:30:00,1601.8,-50.72,TRADE
VIC1,2025-12-28 11:35:00,1586.87,-51.3,TRADE
VIC1,2025-12-28 11:40:00,1578.18,-50.72,TRADE
VIC1,2025-12-28 11:45:00,1577.29,-65.97,TRADE
VIC1,2025-12-28 11:50:00,1570.14,-50.72,TRADE
VIC1,2025-12-28 11:55:00,1606.37,-60.0,TRADE
VIC1,2025-12-28 12:00:00,1580.08,-60.0,TRADE
VIC1,2025-12-28 12:05:00,1610.78,-50.95,TRADE
VIC1,2025-12-28 12:10:00,1609.35,-50.72,TRADE
VIC1,2025-12-28 12:15:00,1600.45,-60.0,TRADE
VIC1,2025-12-28 12:20:00,1587.22,-50.01,TRADE
VIC1,2025-12-28 12:25:00,1579.51,-60.0,TRADE
VIC1,2025-12-28 12:30:00,1572.83,-50.01,TRADE
VIC1,2025-12-28 12:35:00,1592.68,-50.01,TRADE
VIC1,2025-12-28 12:40:00,1573.13,-50.01,TRADE
VIC1,2025-12-28 12:45:00,1595.33,-38.09,TRADE
VIC1,2025-12-28 12:50:00,1615.47,-63.92,TRADE
VIC1,2025-12-28 12:55:00,1611.86,-48.67,TRADE
VIC1,2025-12-28 13:00:00,1644.68,-50.72,TRADE
VIC1,2025-12-28 13:05:00,1667.97,-29.51,TRADE
VIC1,2025-12-28 13:10:00,1701.46,-50.72,TRADE
VIC1,2025-12-28 13:15:00,1717.9,-50.72,TRADE
VIC1,2025-12-28 13:20:00,1720.85,-60.0,TRADE
VIC1,2025-12-28 13:25:00,1737.78,-48.85,TRADE
VIC1,2025-12-28 13:30:00,1757.56,-50.01,TRADE
VIC1,2025-12-28 13:35:00,1770.86,-50.01,TRADE
VIC1,2025-12-28 13:40:00,1820.65,-50.01,TRADE
VIC1,2025-12-28 13:45:00,1822.74,-50.01,TRADE
VIC1,2025-12-28 13:50:00,1867.98,-25.0,TRADE
VIC1,2025-12-28 13:55:00,1933.88,-50.72,TRADE
VIC1,2025-12-28 14:00:00,1934.22,-25.0,TRADE
VIC1,2025-12-28 14:05:00,1999.91,-27.79,TRADE
VIC1,2025-12-28 14:10:00,2015.35,-50.01,TRADE
VIC1,2025-12-28 14:15:00,2039.83,-25.0,TRADE
VIC1,2025-12-28 14:20:00,2081.02,-50.72,TRADE
VIC1,2025-12-28 14:25:00,2118.9,-15.64,TRADE
VIC1,2025-12-28 14:30:00,2174.87,-27.75,TRADE
VIC1,2025-12-28 14:35:00,2203.18,-15.64,TRADE
VIC1,2025-12-28 14:40:00,2243.49,-25.0,TRADE
VIC1,2025-12-28 14:45:00,2301.56,-25.0,TRADE
VIC1,2025-12-28 14:50:00,2347.96,-15.64,TRADE
VIC1,2025-12-28 14:55:00,2414.28,-14.27,TRADE
VIC1,2025-12-28 15:00:00,2470.87,-13.86,TRADE
VIC1,2025-12-28 15:05:00,2523.43,-11.0,TRADE
VIC1,2025-12-28 15:10:00,2565.56,-11.0,TRADE
VIC1,2025-12-28 15:15:00,2606.36,-10.68,TRADE
VIC1,2025-12-28 15:20:00,2681.08,-9.72,TRADE
VIC1,2025-12-28 15:25:00,2770.13,-9.15,TRADE
VIC1,2025-12-28 15:30:00,2826.52,-8.86,TRADE
VIC1,2025-12-28 15:35:00,2862.04,-8.51,TRADE
VIC1,2025-12-28 15:40:00,2927.09,-8.0,TRADE
VIC1,2025-12-28 15:45:00,3010.46,-8.0,TRADE
VIC1,2025-12-28 15:50:00,3107.94,-8.0,TRADE
VIC1,2025-12-28 15:55:00,3209.14,-7.25,TRADE
VIC1,2025-12-28 16:00:00,3241.57,-7.86,TRADE
VIC1,2025-12-28 16:05:00,3312.53,-5.73,TRADE
VIC1,2025-12-28 16:10:00,3383.79,-6.46,TRADE
VIC1,2025-12-28 16:15:00,3488.15,-3.05,TRADE
VIC1,2025-12-28 16:20:00,3547.13,-2.7,TRADE
VIC1,2025-12-28 16:25:00,3634.6,-2.7,TRADE
VIC1,2025-12-28 16:30:00,3690.13,-2.7,TRADE
VIC1,2025-12-28 16:35:00,3766.59,-5.65,TRADE
VIC1,2025-12-28 16:40:00,3838.52,-2.7,TRADE
VIC1,2025-12-28 16:45:00,3943.11,-2.7,TRADE
VIC1,2025-12-28 16:50:00,4025.36,-2.7,TRADE
VIC1,2025-12-28 16:55:00,4073.19,-2.7,TRADE
VIC1,2025-12-28 17:00:00,4168.69,0.0,TRADE
VIC1,2025-12-28 17:05:00,4270.33,0.0,TRADE
VIC1,2025-12-28 17:10:00,4317.69,0.0,TRADE
VIC1,2025-12-28 17:15:00,4398.3,0.01,TRADE
VIC1,2025-12-28 17:20:00,4458.01,22.05,TRADE
VIC1,2025-12-28 17:25:00,4541.77,23.36,TRADE
VIC1,2025-12-28 17:30:00,4646.62,19.18,TRADE
VIC1,2025-12-28 17:35:00,4744.33,-1.92,TRADE
VIC1,2025-12-28 17:40:00,4806.63,0.0,TRADE
VIC1,2025-12-28 17:45:00,4902.35,29.67,TRADE
VIC1,2025-12-28 17:50:00,4946.38,29.67,TRADE
VIC1,2025-12-28 17:55:00,5037.6,29.67,TRADE
VIC1,2025-12-28 18:00:00,5036.27,0.0,TRADE
VIC1,2025-12-28 18:05:00,5141.77,37.05,TRADE
VIC1,2025-12-28 18:10:00,5192.75,49.4,TRADE
VIC1,2025-12-28 18:15:00,5229.34,50.28,TRADE
VIC1,2025-12-28 18:20:00,5313.09,50.68,TRADE
VIC1,2025-12-28 18:25:00,5319.43,55.86,TRADE
VIC1,2025-12-28 18:30:00,5327.53,55.5,TRADE
VIC1,2025-12-28 18:35:00,5385.51,35.23,TRADE
VIC1,2025-12-28 18:40:00,5411.57,37.05,TRADE
VIC1,2025-12-28 18:45:00,5472.48,52.23,TRADE
VIC1,2025-12-28 18:50:00,5485.68,55.76,TRADE
VIC1,2025-12-28 18:55:00,5473.18,55.38,TRADE
VIC1,2025-12-28 19:00:00,5491.26,55.4,TRADE
VIC1,2025-12-28 19:05:00,5461.46,53.1,TRADE
VIC1,2025-12-28 19:10:00,5444.86,55.46,TRADE
VIC1,2025-12-28 19:15:00,5407.54,58.13,TRADE
VIC1,2025-12-28 19:20:00,5388.44,57.92,TRADE
VIC1,2025-12-28 19:25:00,5367.38,56.92,TRADE
VIC1,2025-12-28 19:30:00,5358.61,58.29,TRADE
VIC1,2025-12-28 19:35:00,5342.83,58.67,TRADE
VIC1,2025-12-28 19:40:00,5334.61,57.31,TRADE
VIC1,2025-12-28 19:45:00,5320.45,53.14,TRADE
VIC1,2025-12-28 19:50:00,5320.55,51.9,TRADE
VIC1,2025-12-28 19:55:00,5302.59,51.37,TRADE
VIC1,2025-12-28 20:00:00,5272.73,57.24,TRADE
VIC1,2025-12-28 20:05:00,5216.48,37.05,TRADE
VIC1,2025-12-28 20:10:00,5227.62,51.54,TRADE
VIC1,2025-12-28 20:15:00,5214.66,57.58,TRADE
VIC1,2025-12-28 20:20:00,5181.88,51.09,TRADE
VIC1,2025-12-28 20:25:00,5177.09,57.18,TRADE
VIC1,2025-12-28 20:30:00,5172.41,41.21,TRADE
VIC1,2025-12-28 20:35:00,5161.53,49.89,TRADE
VIC1,2025-12-28 20:40:00,5120.69,58.89,TRADE
VIC1,2025-12-28 20:45:00,5076.5,58.54,TRADE
VIC1,2025-12-28 20:50:00,5019.93,37.05,TRADE
VIC1,2025-12-28 20:55:00,5014.12,57.79,TRADE
VIC1,2025-12-28 21:00:00,4967.06,56.91,TRADE
VIC1,2025-12-28 21:05:00,4922.3,37.05,TRADE
VIC1,2025-12-28 21:10:00,4908.33,37.05,TRADE
VIC1,2025-12-28 21:15:00,4877.03,36.97,TRADE
VIC1,2025-12-28 21:20:00,4880.98,58.3,TRADE
VIC1,2025-12-28 21:25:00,4817.21,56.25,TRADE
VIC1,2025-12-28 21:30:00,4824.32,47.46,TRADE
VIC1,2025-12-28 21:35:00,4779.84,54.58,TRADE
VIC1,2025-12-28 21:40:00,4747.21,61.91,TRADE
VIC1,2025-12-28 21:45:00,4715.53,58.96,TRADE
VIC1,2025-12-28 21:50:00,4696.15,35.1,TRADE
VIC1,2025-12-28 21:55:00,4672.4,33.83,TRADE
VIC1,2025-12-28 22:00:00,4656.55,54.3,TRADE
VIC1,2025-12-28 22:05:00,4609.89,58.95,TRADE
VIC1,2025-12-28 22:10:00,4586.49,37.05,TRADE
VIC1,2025-12-28 22:15:00,4601.9,55.39,TRADE
VIC1,2025-12-28 22:20:00,4592.23,63.92,TRADE
VIC1,2025-12-28 22:25:00,4573.01,63.52,TRADE
VIC1,2025-12-28 22:30:00,4541.66,64.51,TRADE
VIC1,2025-12-28 22:35:00,4540.26,56.09,TRADE
VIC1,2025-12-28 22:40:00,4544.57,56.64,TRADE
VIC1,2025-12-28 22:45:00,4523.29,53.15,TRADE
VIC1,2025-12-28 22:50:00,4489.09,54.4,TRADE
VIC1,2025-12-28 22:55:00,4471.01,38.02,TRADE
VIC1,2025-12-28 23:00:00,4472.49,53.52,TRADE
VIC1,2025-12-28 23:05:00,4499.44,53.02,TRADE
VIC1,2025-12-28 23:10:00,4618.1,54.12,TRADE
VIC1,2025-12-28 23:15:00,4632.82,52.78,TRADE
VIC1,2025-12-28 23:20:00,4634.35,34.86,TRADE
VIC1,2025-12-28 23:25:00,4628.73,33.7,TRADE
VIC1,2025-12-28 23:30:00,4606.78,34.78,TRADE
VIC1,2025-12-28 23:35:00,4593.95,53.61,TRADE
VIC1,2025-12-28 23:40:00,4562.24,12.71,TRADE
VIC1,2025-12-28 23:45:00,4545.33,52.54,TRADE
VIC1,2025-12-28 23:50:00,4495.14,12.62,TRADE
VIC1,2025-12-28 23:55:00,4451.2,12.71,TRADE
