REGION,SETTLEMENTDATE,TOTALDEMAND,RRP,PERIODTYPE
VIC1,2025-03-01 00:00:00,4494.57,124.5,TRADE
VIC1,2025-03-01 00:05:00,4558.66,144.97,TRADE
VIC1,2025-03-01 00:10:00,4492.06,122.49,TRADE
VIC1,2025-03-01 00:15:00,4456.54,120.0,TRADE
VIC1,2025-03-01 00:20:00,4400.88,119.81,TRADE
VIC1,2025-03-01 00:25:00,4403.96,120.56,TRADE
VIC1,2025-03-01 00:30:00,4299.42,119.43,TRADE
VIC1,2025-03-01 00:35:00,4353.81,120.92,TRADE
VIC1,2025-03-01 00:40:00,4293.42,120.0,TRADE
VIC1,2025-03-01 00:45:00,4258.99,119.43,TRADE
VIC1,2025-03-01 00:50:00,4342.94,122.18,TRADE
VIC1,2025-03-01 00:55:00,4323.87,120.0,TRADE
VIC1,2025-03-01 01:00:00,4294.35,119.81,TRADE
VIC1,2025-03-01 01:05:00,4300.53,141.69,TRADE
VIC1,2025-03-01 01:10:00,4302.54,144.69,TRADE
VIC1,2025-03-01 01:15:00,4268.19,150.91,TRADE
VIC1,2025-03-01 01:20:00,4236.21,150.69,TRADE
VIC1,2025-03-01 01:25:00,4133.61,125.77,TRADE
VIC1,2025-03-01 01:30:00,4091.46,148.99,TRADE
VIC1,2025-03-01 01:35:00,4138.24,149.85,TRADE
VIC1,2025-03-01 01:40:00,4077.02,143.47,TRADE
VIC1,2025-03-01 01:45:00,4052.42,145.43,TRADE
VIC1,2025-03-01 01:50:00,4042.17,128.71,TRADE
VIC1,2025-03-01 01:55:00,4040.79,123.64,TRADE
VIC1,2025-03-01 02:00:00,4045.66,121.63,TRADE
VIC1,2025-03-01 02:05:00,3969.93,120.27,TRADE
VIC1,2025-03-01 02:10:00,3964.94,121.17,TRADE
VIC1,2025-03-01 02:15:00,4035.84,123.55,TRADE
VIC1,2025-03-01 02:20:00,4051.84,124.41,TRADE
VIC1,2025-03-01 02:25:00,3959.05,117.24,TRADE
VIC1,2025-03-01 02:30:00,4037.18,121.84,TRADE
VIC1,2025-03-01 02:35:00,4006.09,125.27,TRADE
VIC1,2025-03-01 02:40:00,4005.04,126.1,TRADE
VIC1,2025-03-01 02:45:00,3942.2,121.95,TRADE
VIC1,2025-03-01 02:50:00,3925.02,121.65,TRADE
VIC1,2025-03-01 02:55:00,3937.47,121.48,TRADE
VIC1,2025-03-01 03:00:00,4020.03,122.41,TRADE
VIC1,2025-03-01 03:05:00,3998.68,121.58,TRADE
VIC1,2025-03-01 03:10:00,3936.5,123.05,TRADE
VIC1,2025-03-01 03:15:00,3990.42,121.71,TRADE
VIC1,2025-03-01 03:20:00,3972.35,124.35,TRADE
VIC1,2025-03-01 03:25:00,3958.03,121.22,TRADE
VIC1,2025-03-01 03:30:00,3926.56,121.27,TRADE
VIC1,2025-03-01 03:35:00,3918.24,128.04,TRADE
VIC1,2025-03-01 03:40:00,3896.97,127.1,TRADE
VIC1,2025-03-01 03:45:00,3965.92,129.98,TRADE
VIC1,2025-03-01 03:50:00,3939.8,151.14,TRADE
VIC1,2025-03-01 03:55:00,3967.79,147.68,TRADE
VIC1,2025-03-01 04:00:00,3995.78,131.88,TRADE
VIC1,2025-03-01 04:05:00,3987.77,120.0,TRADE
VIC1,2025-03-01 04:10:00,3913.4,120.0,TRADE
VIC1,2025-03-01 04:15:00,3952.4,132.8,TRADE
VIC1,2025-03-01 04:20:00,4054.87,137.17,TRADE
VIC1,2025-03-01 04:25:00,4094.12,141.43,TRADE
VIC1,2025-03-01 04:30:00,4038.9,121.83,TRADE
VIC1,2025-03-01 04:35:00,3986.48,120.92,TRADE
VIC1,2025-03-01 04:40:00,4033.69,121.83,TRADE
VIC1,2025-03-01 04:45:00,4072.51,123.51,TRADE
VIC1,2025-03-01 04:50:00,4100.34,139.65,TRADE
VIC1,2025-03-01 04:55:00,4062.39,122.23,TRADE
VIC1,2025-03-01 05:00:00,4115.82,122.75,TRADE
VIC1,2025-03-01 05:05:00,4171.53,122.49,TRADE
VIC1,2025-03-01 05:10:00,4159.25,122.51,TRADE
VIC1,2025-03-01 05:15:00,4215.48,122.85,TRADE
VIC1,2025-03-01 05:20:00,4315.66,123.93,TRADE
VIC1,2025-03-01 05:25:00,4247.49,124.24,TRADE
VIC1,2025-03-01 05:30:00,4207.06,138.94,TRADE
VIC1,2025-03-01 05:35:00,4242.6,124.6,TRADE
VIC1,2025-03-01 05:40:00,4348.9,160.0,TRADE
VIC1,2025-03-01 05:45:00,4362.27,155.64,TRADE
VIC1,2025-03-01 05:50:00,4454.83,167.21,TRADE
VIC1,2025-03-01 05:55:00,4374.8,160.0,TRADE
VIC1,2025-03-01 06:00:00,4467.36,169.07,TRADE
VIC1,2025-03-01 06:05:00,4461.52,168.06,TRADE
VIC1,2025-03-01 06:10:00,4484.28,170.82,TRADE
VIC1,2025-03-01 06:15:00,4502.04,236.67,TRADE
VIC1,2025-03-01 06:20:00,4427.78,166.22,TRADE
VIC1,2025-03-01 06:25:00,4412.11,153.32,TRADE
VIC1,2025-03-01 06:30:00,4502.56,135.71,TRADE
VIC1,2025-03-01 06:35:00,4373.78,122.23,TRADE
VIC1,2025-03-01 06:40:00,4346.95,120.6,TRADE
VIC1,2025-03-01 06:45:00,4365.17,122.26,TRADE
VIC1,2025-03-01 06:50:00,4355.07,113.32,TRADE
VIC1,2025-03-01 06:55:00,4307.78,99.04,TRADE
VIC1,2025-03-01 07:00:00,4395.79,120.73,TRADE
VIC1,2025-03-01 07:05:00,4254.36,116.92,TRADE
VIC1,2025-03-01 07:10:00,4213.35,114.88,TRADE
VIC1,2025-03-01 07:15:00,4150.78,28.15,TRADE
VIC1,2025-03-01 07:20:00,4194.99,33.89,TRADE
VIC1,2025-03-01 07:25:00,4189.82,33.89,TRADE
VIC1,2025-03-01 07:30:00,4195.29,40.31,TRADE
VIC1,2025-03-01 07:35:00,4076.56,12.0,TRADE
VIC1,2025-03-01 07:40:00,4151.06,15.95,TRADE
VIC1,2025-03-01 07:45:00,4020.35,33.89,TRADE
VIC1,2025-03-01 07:50:00,3980.12,20.04,TRADE
VIC1,2025-03-01 07:55:00,3962.45,33.89,TRADE
VIC1,2025-03-01 08:00:00,3876.79,12.0,TRADE
VIC1,2025-03-01 08:05:00,3916.87,37.17,TRADE
VIC1,2025-03-01 08:10:00,3869.92,45.89,TRADE
VIC1,2025-03-01 08:15:00,3860.01,36.01,TRADE
VIC1,2025-03-01 08:20:00,3912.23,15.23,TRADE
VIC1,2025-03-01 08:25:00,3908.61,8.95,TRADE
VIC1,2025-03-01 08:30:00,3733.02,1.03,TRADE
VIC1,2025-03-01 08:35:00,3778.22,9.0,TRADE
VIC1,2025-03-01 08:40:00,3570.59,19.63,TRADE
VIC1,2025-03-01 08:45:00,3562.04,8.95,TRADE
VIC1,2025-03-01 08:50:00,3718.13,8.95,TRADE
VIC1,2025-03-01 08:55:00,3666.56,1.8,TRADE
VIC1,2025-03-01 09:00:00,3614.48,0.0,TRADE
VIC1,2025-03-01 09:05:00,3483.96,8.95,TRADE
VIC1,2025-03-01 09:10:00,3464.55,45.89,TRADE
VIC1,2025-03-01 09:15:00,3439.83,23.79,TRADE
VIC1,2025-03-01 09:20:00,3318.12,0.0,TRADE
VIC1,2025-03-01 09:25:00,3261.69,8.95,TRADE
VIC1,2025-03-01 09:30:00,3246.65,8.95,TRADE
VIC1,2025-03-01 09:35:00,3255.59,8.95,TRADE
VIC1,2025-03-01 09:40:00,3131.46,-1.97,TRADE
VIC1,2025-03-01 09:45:00,3195.0,8.95,TRADE
VIC1,2025-03-01 09:50:00,3088.58,0.99,TRADE
VIC1,2025-03-01 09:55:00,2996.15,0.0,TRADE
VIC1,2025-03-01 10:00:00,2986.09,8.95,TRADE
VIC1,2025-03-01 10:05:00,2874.62,8.95,TRADE
VIC1,2025-03-01 10:10:00,2853.44,8.95,TRADE
VIC1,2025-03-01 10:15:00,2898.0,8.95,TRADE
VIC1,2025-03-01 10:20:00,2877.39,8.95,TRADE
VIC1,2025-03-01 10:25:00,2806.65,0.0,TRADE
VIC1,2025-03-01 10:30:00,2845.51,-2.46,TRADE
VIC1,2025-03-01 10:35:00,2803.57,-2.02,TRADE
VIC1,2025-03-01 10:40:00,2787.71,-0.39,TRADE
VIC1,2025-03-01 10:45:00,2639.82,0.0,TRADE
VIC1,2025-03-01 10:50:00,2571.41,-3.99,TRADE
VIC1,2025-03-01 10:55:00,2617.35,-19.16,TRADE
VIC1,2025-03-01 11:00:00,2718.32,-15.69,TRADE
VIC1,2025-03-01 11:05:00,2722.73,-20.19,TRADE
VIC1,2025-03-01 11:10:00,2754.12,-8.69,TRADE
VIC1,2025-03-01 11:15:00,2767.1,-20.69,TRADE
VIC1,2025-03-01 11:20:00,2757.07,-14.38,TRADE
VIC1,2025-03-01 11:25:00,2909.05,-14.56,TRADE
VIC1,2025-03-01 11:30:00,2898.91,-14.52,TRADE
VIC1,2025-03-01 11:35:00,2777.59,-21.37,TRADE
VIC1,2025-03-01 11:40:00,2728.69,-14.21,TRADE
VIC1,2025-03-01 11:45:00,2715.23,-22.69,TRADE
VIC1,2025-03-01 11:50:00,2647.78,-20.19,TRADE
VIC1,2025-03-01 11:55:00,2747.63,-20.35,TRADE
VIC1,2025-03-01 12:00:00,2786.69,-22.98,TRADE
VIC1,2025-03-01 12:05:00,2578.17,-22.27,TRADE
VIC1,2025-03-01 12:10:00,2601.29,-22.03,TRADE
VIC1,2025-03-01 12:15:00,2589.04,-22.51,TRADE
VIC1,2025-03-01 12:20:00,2491.47,-21.78,TRADE
VIC1,2025-03-01 12:25:00,2550.85,-18.15,TRADE
VIC1,2025-03-01 12:30:00,2467.54,-19.7,TRADE
VIC1,2025-03-01 12:35:00,2594.16,-9.41,TRADE
VIC1,2025-03-01 12:40:00,2626.0,-9.25,TRADE
VIC1,2025-03-01 12:45:00,2633.1,-8.45,TRADE
VIC1,2025-03-01 12:50:00,2753.28,-13.58,TRADE
VIC1,2025-03-01 12:55:00,2676.8,-13.07,TRADE
VIC1,2025-03-01 13:00:00,2485.96,-8.69,TRADE
VIC1,2025-03-01 13:05:00,2456.49,-12.42,TRADE
VIC1,2025-03-01 13:10:00,2454.82,-12.63,TRADE
VIC1,2025-03-01 13:15:00,2583.34,-9.93,TRADE
VIC1,2025-03-01 13:20:00,2564.34,-1.72,TRADE
VIC1,2025-03-01 13:25:00,2606.53,10.24,TRADE
VIC1,2025-03-01 13:30:00,2492.56,9.9,TRADE
VIC1,2025-03-01 13:35:00,2416.47,16.57,TRADE
VIC1,2025-03-01 13:40:00,2411.95,15.12,TRADE
VIC1,2025-03-01 13:45:00,2523.88,9.77,TRADE
VIC1,2025-03-01 13:50:00,2507.19,15.12,TRADE
VIC1,2025-03-01 13:55:00,2542.29,14.06,TRADE
VIC1,2025-03-01 14:00:00,2565.98,12.57,TRADE
VIC1,2025-03-01 14:05:00,2525.49,9.18,TRADE
VIC1,2025-03-01 14:10:00,2404.18,-4.08,TRADE
VIC1,2025-03-01 14:15:00,2621.36,8.95,TRADE
VIC1,2025-03-01 14:20:00,2607.09,8.95,TRADE
VIC1,2025-03-01 14:25:00,2666.83,-2.21,TRADE
VIC1,2025-03-01 14:30:00,2688.26,-8.93,TRADE
VIC1,2025-03-01 14:35:00,2791.6,-6.03,TRADE
VIC1,2025-03-01 14:40:00,2753.97,0.0,TRADE
VIC1,2025-03-01 14:45:00,2777.81,-9.2,TRADE
VIC1,2025-03-01 14:50:00,2862.79,-9.24,TRADE
VIC1,2025-03-01 14:55:00,3005.48,-2.28,TRADE
VIC1,2025-03-01 15:00:00,3129.6,46.95,TRADE
VIC1,2025-03-01 15:05:00,3360.84,41.51,TRADE
VIC1,2025-03-01 15:10:00,3447.27,-9.53,TRADE
VIC1,2025-03-01 15:15:00,3487.09,82.5,TRADE
VIC1,2025-03-01 15:20:00,3590.84,82.5,TRADE
VIC1,2025-03-01 15:25:00,3718.82,48.48,TRADE
VIC1,2025-03-01 15:30:00,3733.77,30.26,TRADE
VIC1,2025-03-01 15:35:00,3767.95,12.0,TRADE
VIC1,2025-03-01 15:40:00,3852.72,29.24,TRADE
VIC1,2025-03-01 15:45:00,3903.83,10.61,TRADE
VIC1,2025-03-01 15:50:00,4081.04,30.09,TRADE
VIC1,2025-03-01 15:55:00,4088.81,29.62,TRADE
VIC1,2025-03-01 16:00:00,4123.33,12.0,TRADE
VIC1,2025-03-01 16:05:00,4184.09,8.95,TRADE
VIC1,2025-03-01 16:10:00,4337.16,10.81,TRADE
VIC1,2025-03-01 16:15:00,4391.93,9.0,TRADE
VIC1,2025-03-01 16:20:00,4314.2,-2.45,TRADE
VIC1,2025-03-01 16:25:00,4357.04,8.95,TRADE
VIC1,2025-03-01 16:30:00,4453.64,47.16,TRADE
VIC1,2025-03-01 16:35:00,4599.29,49.18,TRADE
VIC1,2025-03-01 16:40:00,4651.14,59.0,TRADE
VIC1,2025-03-01 16:45:00,4785.75,48.36,TRADE
VIC1,2025-03-01 16:50:00,4827.85,59.0,TRADE
VIC1,2025-03-01 16:55:00,5007.44,79.0,TRADE
VIC1,2025-03-01 17:00:00,5056.63,79.0,TRADE
VIC1,2025-03-01 17:05:00,5120.59,76.02,TRADE
VIC1,2025-03-01 17:10:00,5169.04,83.07,TRADE
VIC1,2025-03-01 17:15:00,5131.71,105.51,TRADE
VIC1,2025-03-01 17:20:00,5024.36,111.12,TRADE
VIC1,2025-03-01 17:25:00,5085.11,112.11,TRADE
VIC1,2025-03-01 17:30:00,5058.85,-19.99,TRADE
VIC1,2025-03-01 17:35:00,4891.18,8.95,TRADE
VIC1,2025-03-01 17:40:00,5084.9,0.0,TRADE
VIC1,2025-03-01 17:45:00,5128.52,0.0,TRADE
VIC1,2025-03-01 17:50:00,5278.76,20.04,TRADE
VIC1,2025-03-01 17:55:00,5386.69,35.0,TRADE
VIC1,2025-03-01 18:00:00,5220.98,8.95,TRADE
VIC1,2025-03-01 18:05:00,5272.46,0.0,TRADE
VIC1,2025-03-01 18:10:00,5343.5,0.0,TRADE
VIC1,2025-03-01 18:15:00,5345.54,0.0,TRADE
VIC1,2025-03-01 18:20:00,5275.64,9.01,TRADE
VIC1,2025-03-01 18:25:00,5319.85,10.38,TRADE
VIC1,2025-03-01 18:30:00,5412.4,21.41,TRADE
VIC1,2025-03-01 18:35:00,5444.76,35.0,TRADE
VIC1,2025-03-01 18:40:00,5355.02,12.0,TRADE
VIC1,2025-03-01 18:45:00,5319.36,43.63,TRADE
VIC1,2025-03-01 18:50:00,5328.72,81.85,TRADE
VIC1,2025-03-01 18:55:00,5312.08,89.45,TRADE
VIC1,2025-03-01 19:00:00,5340.46,89.45,TRADE
VIC1,2025-03-01 19:05:00,5403.82,89.45,TRADE
VIC1,2025-03-01 19:10:00,5429.85,104.42,TRADE
VIC1,2025-03-01 19:15:00,5410.52,100.01,TRADE
VIC1,2025-03-01 19:20:00,5373.49,116.22,TRADE
VIC1,2025-03-01 19:25:00,5348.88,118.1,TRADE
VIC1,2025-03-01 19:30:00,5371.02,129.47,TRADE
VIC1,2025-03-01 19:35:00,5336.19,131.21,TRADE
VIC1,2025-03-01 19:40:00,5279.52,121.72,TRADE
VIC1,2025-03-01 19:45:00,5348.44,125.0,TRADE
VIC1,2025-03-01 19:50:00,5296.47,123.4,TRADE
VIC1,2025-03-01 19:55:00,5298.23,115.85,TRADE
VIC1,2025-03-01 20:00:00,5216.64,113.31,TRADE
VIC1,2025-03-01 20:05:00,5232.9,114.48,TRADE
VIC1,2025-03-01 20:10:00,5171.75,113.31,TRADE
VIC1,2025-03-01 20:15:00,5127.02,101.66,TRADE
VIC1,2025-03-01 20:20:00,4990.66,100.52,TRADE
VIC1,2025-03-01 20:25:00,5048.75,101.28,TRADE
VIC1,2025-03-01 20:30:00,5015.2,100.01,TRADE
VIC1,2025-03-01 20:35:00,4875.7,99.7,TRADE
VIC1,2025-03-01 20:40:00,4910.97,107.38,TRADE
VIC1,2025-03-01 20:45:00,4932.31,109.1,TRADE
VIC1,2025-03-01 20:50:00,4906.54,105.99,TRADE
VIC1,2025-03-01 20:55:00,4871.92,104.61,TRADE
VIC1,2025-03-01 21:00:00,4760.91,100.6,TRADE
VIC1,2025-03-01 21:05:00,4794.98,106.87,TRADE
VIC1,2025-03-01 21:10:00,4777.31,111.46,TRADE
VIC1,2025-03-01 21:15:00,4701.94,111.76,TRADE
VIC1,2025-03-01 21:20:00,4733.95,113.59,TRADE
VIC1,2025-03-01 21:25:00,4771.55,114.46,TRADE
VIC1,2025-03-01 21:30:00,4707.0,111.49,TRADE
VIC1,2025-03-01 21:35:00,4708.35,110.82,TRADE
VIC1,2025-03-01 21:40:00,4606.67,113.59,TRADE
VIC1,2025-03-01 21:45:00,4648.75,113.31,TRADE
VIC1,2025-03-01 21:50:00,4503.64,111.38,TRADE
VIC1,2025-03-01 21:55:00,4500.15,108.22,TRADE
VIC1,2025-03-01 22:00:00,4487.27,111.39,TRADE
VIC1,2025-03-01 22:05:00,4459.98,112.8,TRADE
VIC1,2025-03-01 22:10:00,4463.17,126.12,TRADE
VIC1,2025-03-01 22:15:00,4502.75,136.44,TRADE
VIC1,2025-03-01 22:20:00,4451.03,130.11,TRADE
VIC1,2025-03-01 22:25:00,4418.95,115.06,TRADE
VIC1,2025-03-01 22:30:00,4328.34,113.31,TRADE
VIC1,2025-03-01 22:35:00,4352.2,131.25,TRADE
VIC1,2025-03-01 22:40:00,4412.03,129.42,TRADE
VIC1,2025-03-01 22:45:00,4286.24,116.55,TRADE
VIC1,2025-03-01 22:50:00,4334.49,128.04,TRADE
VIC1,2025-03-01 22:55:00,4345.4,124.88,TRADE
VIC1,2025-03-01 23:00:00,4309.17,122.88,TRADE
VIC1,2025-03-01 23:05:00,4366.74,112.75,TRADE
VIC1,2025-03-01 23:10:00,4386.84,115.95,TRADE
VIC1,2025-03-01 23:15:00,4404.74,114.75,TRADE
VIC1,2025-03-01 23:20:00,4523.74,117.8,TRADE
VIC1,2025-03-01 23:25:00,4504.59,119.41,TRADE
VIC1,2025-03-01 23:30:00,4486.34,114.17,TRADE
VIC1,2025-03-01 23:35:00,4522.53,116.25,TRADE
VIC1,2025-03-01 23:40:00,4453.49,115.35,TRADE
VIC1,2025-03-01 23:45:00,4346.94,109.19,TRADE
VIC1,2025-03-01 23:50:00,4403.43,104.3,TRADE
VIC1,2025-03-01 23:55:00,4376.9,92.52,TRADE
VIC1,2025-03-02 00:00:00,4286.21,89.72,TRADE
VIC1,2025-03-02 00:05:00,4335.33,93.73,TRADE
VIC1,2025-03-02 00:10:00,4287.34,96.3,TRADE
VIC1,2025-03-02 00:15:00,4176.72,92.25,TRADE
VIC1,2025-03-02 00:20:00,4234.35,95.47,TRADE
VIC1,2025-03-02 00:25:00,4175.35,88.91,TRADE
VIC1,2025-03-02 00:30:00,4172.8,86.68,TRADE
VIC1,2025-03-02 00:35:00,4113.23,79.0,TRADE
VIC1,2025-03-02 00:40:00,3984.59,79.0,TRADE
VIC1,2025-03-02 00:45:00,3982.82,78.83,TRADE
VIC1,2025-03-02 00:50:00,4054.5,79.0,TRADE
VIC1,2025-03-02 00:55:00,3915.92,76.81,TRADE
VIC1,2025-03-02 01:00:00,4007.84,79.0,TRADE
VIC1,2025-03-02 01:05:00,3976.73,79.0,TRADE
VIC1,2025-03-02 01:10:00,3958.25,77.42,TRADE
VIC1,2025-03-02 01:15:00,3970.12,78.69,TRADE
VIC1,2025-03-02 01:20:00,3843.66,67.35,TRADE
VIC1,2025-03-02 01:25:00,3925.83,76.51,TRADE
VIC1,2025-03-02 01:30:00,3910.7,77.2,TRADE
VIC1,2025-03-02 01:35:00,3815.3,70.28,TRADE
VIC1,2025-03-02 01:40:00,3776.8,69.13,TRADE
VIC1,2025-03-02 01:45:00,3814.68,69.75,TRADE
VIC1,2025-03-02 01:50:00,3807.43,67.21,TRADE
VIC1,2025-03-02 01:55:00,3732.01,65.51,TRADE
VIC1,2025-03-02 02:00:00,3769.21,66.64,TRADE
VIC1,2025-03-02 02:05:00,3747.23,79.0,TRADE
VIC1,2025-03-02 02:10:00,3690.43,79.0,TRADE
VIC1,2025-03-02 02:15:00,3718.57,79.0,TRADE
VIC1,2025-03-02 02:20:00,3778.31,79.0,TRADE
VIC1,2025-03-02 02:25:00,3697.28,77.52,TRADE
VIC1,2025-03-02 02:30:00,3691.71,77.49,TRADE
VIC1,2025-03-02 02:35:00,3676.85,70.99,TRADE
VIC1,2025-03-02 02:40:00,3695.07,77.47,TRADE
VIC1,2025-03-02 02:45:00,3720.46,71.23,TRADE
VIC1,2025-03-02 02:50:00,3644.61,66.03,TRADE
VIC1,2025-03-02 02:55:00,3649.3,67.29,TRADE
VIC1,2025-03-02 03:00:00,3704.69,67.92,TRADE
VIC1,2025-03-02 03:05:00,3673.8,66.78,TRADE
VIC1,2025-03-02 03:10:00,3663.18,71.73,TRADE
VIC1,2025-03-02 03:15:00,3701.95,76.73,TRADE
VIC1,2025-03-02 03:20:00,3672.85,76.78,TRADE
VIC1,2025-03-02 03:25:00,3580.88,66.79,TRADE
VIC1,2025-03-02 03:30:00,3557.96,71.48,TRADE
VIC1,2025-03-02 03:35:00,3569.65,66.86,TRADE
VIC1,2025-03-02 03:40:00,3591.79,67.49,TRADE
VIC1,2025-03-02 03:45:00,3631.24,67.4,TRADE
VIC1,2025-03-02 03:50:00,3613.35,66.29,TRADE
VIC1,2025-03-02 03:55:00,3676.63,66.82,TRADE
VIC1,2025-03-02 04:00:00,3636.86,66.25,TRADE
VIC1,2025-03-02 04:05:00,3607.87,50.89,TRADE
VIC1,2025-03-02 04:10:00,3646.24,59.0,TRADE
VIC1,2025-03-02 04:15:00,3636.89,66.37,TRADE
VIC1,2025-03-02 04:20:00,3608.53,64.65,TRADE
VIC1,2025-03-02 04:25:00,3617.19,65.2,TRADE
VIC1,2025-03-02 04:30:00,3615.6,65.16,TRADE
VIC1,2025-03-02 04:35:00,3585.22,64.59,TRADE
VIC1,2025-03-02 04:40:00,3599.03,65.17,TRADE
VIC1,2025-03-02 04:45:00,3642.31,69.19,TRADE
VIC1,2025-03-02 04:50:00,3704.27,74.66,TRADE
VIC1,2025-03-02 04:55:00,3633.55,67.8,TRADE
VIC1,2025-03-02 05:00:00,3746.23,75.31,TRADE
VIC1,2025-03-02 05:05:00,3753.47,72.44,TRADE
VIC1,2025-03-02 05:10:00,3808.44,74.69,TRADE
VIC1,2025-03-02 05:15:00,3747.48,72.63,TRADE
VIC1,2025-03-02 05:20:00,3863.03,79.0,TRADE
VIC1,2025-03-02 05:25:00,3819.5,77.28,TRADE
VIC1,2025-03-02 05:30:00,3848.39,79.0,TRADE
VIC1,2025-03-02 05:35:00,3888.96,79.0,TRADE
VIC1,2025-03-02 05:40:00,3923.53,76.8,TRADE
VIC1,2025-03-02 05:45:00,3916.81,78.05,TRADE
VIC1,2025-03-02 05:50:00,3920.76,79.0,TRADE
VIC1,2025-03-02 05:55:00,3913.72,75.93,TRADE
VIC1,2025-03-02 06:00:00,3930.08,77.41,TRADE
VIC1,2025-03-02 06:05:00,3903.25,76.82,TRADE
VIC1,2025-03-02 06:10:00,3898.46,76.34,TRADE
VIC1,2025-03-02 06:15:00,3934.99,78.03,TRADE
VIC1,2025-03-02 06:20:00,3990.9,79.0,TRADE
VIC1,2025-03-02 06:25:00,4038.37,73.95,TRADE
VIC1,2025-03-02 06:30:00,4040.32,55.91,TRADE
VIC1,2025-03-02 06:35:00,3903.96,55.79,TRADE
VIC1,2025-03-02 06:40:00,3975.55,42.89,TRADE
VIC1,2025-03-02 06:45:00,3926.94,43.47,TRADE
VIC1,2025-03-02 06:50:00,3879.86,12.0,TRADE
VIC1,2025-03-02 06:55:00,3806.64,0.0,TRADE
VIC1,2025-03-02 07:00:00,3647.29,0.0,TRADE
VIC1,2025-03-02 07:05:00,3654.92,0.0,TRADE
VIC1,2025-03-02 07:10:00,3639.53,0.0,TRADE
VIC1,2025-03-02 07:15:00,3516.14,-13.71,TRADE
VIC1,2025-03-02 07:20:00,3567.33,8.95,TRADE
VIC1,2025-03-02 07:25:00,3734.01,8.95,TRADE
VIC1,2025-03-02 07:30:00,3636.01,6.55,TRADE
VIC1,2025-03-02 07:35:00,3700.86,33.89,TRADE
VIC1,2025-03-02 07:40:00,3662.53,9.0,TRADE
VIC1,2025-03-02 07:45:00,3693.98,19.09,TRADE
VIC1,2025-03-02 07:50:00,3725.92,52.21,TRADE
VIC1,2025-03-02 07:55:00,3641.46,33.89,TRADE
VIC1,2025-03-02 08:00:00,3647.03,51.45,TRADE
VIC1,2025-03-02 08:05:00,3642.37,27.59,TRADE
VIC1,2025-03-02 08:10:00,3715.48,45.89,TRADE
VIC1,2025-03-02 08:15:00,3859.9,33.59,TRADE
VIC1,2025-03-02 08:20:00,3821.78,9.0,TRADE
VIC1,2025-03-02 08:25:00,3769.86,9.89,TRADE
VIC1,2025-03-02 08:30:00,3855.33,-1.82,TRADE
VIC1,2025-03-02 08:35:00,3846.65,8.95,TRADE
VIC1,2025-03-02 08:40:00,3827.54,-1.8,TRADE
VIC1,2025-03-02 08:45:00,3800.17,-19.98,TRADE
VIC1,2025-03-02 08:50:00,3652.64,-19.51,TRADE
VIC1,2025-03-02 08:55:00,3726.31,-19.8,TRADE
VIC1,2025-03-02 09:00:00,3701.45,-20.0,TRADE
VIC1,2025-03-02 09:05:00,3598.47,33.0,TRADE
VIC1,2025-03-02 09:10:00,3587.02,33.0,TRADE
VIC1,2025-03-02 09:15:00,3624.89,33.0,TRADE
VIC1,2025-03-02 09:20:00,3560.09,31.21,TRADE
VIC1,2025-03-02 09:25:00,3616.43,8.95,TRADE
VIC1,2025-03-02 09:30:00,3620.35,32.02,TRADE
VIC1,2025-03-02 09:35:00,3385.98,6.35,TRADE
VIC1,2025-03-02 09:40:00,3455.03,12.0,TRADE
VIC1,2025-03-02 09:45:00,3432.7,32.12,TRADE
VIC1,2025-03-02 09:50:00,3503.45,12.0,TRADE
VIC1,2025-03-02 09:55:00,3526.7,0.0,TRADE
VIC1,2025-03-02 10:00:00,3476.07,-14.82,TRADE
VIC1,2025-03-02 10:05:00,3427.91,-13.57,TRADE
VIC1,2025-03-02 10:10:00,3519.9,0.0,TRADE
VIC1,2025-03-02 10:15:00,3557.98,-13.79,TRADE
VIC1,2025-03-02 10:20:00,3494.08,-14.82,TRADE
VIC1,2025-03-02 10:25:00,3541.23,-13.75,TRADE
VIC1,2025-03-02 10:30:00,3568.32,-28.76,TRADE
VIC1,2025-03-02 10:35:00,3678.72,-14.24,TRADE
VIC1,2025-03-02 10:40:00,3697.53,-28.76,TRADE
VIC1,2025-03-02 10:45:00,3621.53,-29.14,TRADE
VIC1,2025-03-02 10:50:00,3581.76,-20.19,TRADE
VIC1,2025-03-02 10:55:00,3620.96,-27.25,TRADE
VIC1,2025-03-02 11:00:00,3634.08,-27.25,TRADE
VIC1,2025-03-02 11:05:00,3722.91,-11.78,TRADE
VIC1,2025-03-02 11:10:00,3321.91,-6.44,TRADE
VIC1,2025-03-02 11:15:00,3305.78,-8.81,TRADE
VIC1,2025-03-02 11:20:00,3334.1,5.6,TRADE
VIC1,2025-03-02 11:25:00,3258.61,-13.5,TRADE
VIC1,2025-03-02 11:30:00,3189.42,-21.0,TRADE
VIC1,2025-03-02 11:35:00,3211.23,-13.4,TRADE
VIC1,2025-03-02 11:40:00,3139.87,-19.23,TRADE
VIC1,2025-03-02 11:45:00,3042.43,-25.0,TRADE
VIC1,2025-03-02 11:50:00,3072.22,-20.19,TRADE
VIC1,2025-03-02 11:55:00,3163.38,-24.47,TRADE
VIC1,2025-03-02 12:00:00,3170.7,-24.42,TRADE
VIC1,2025-03-02 12:05:00,3201.21,-21.0,TRADE
VIC1,2025-03-02 12:10:00,3218.11,-24.71,TRADE
VIC1,2025-03-02 12:15:00,3218.42,-20.19,TRADE
VIC1,2025-03-02 12:20:00,3151.33,-16.9,TRADE
VIC1,2025-03-02 12:25:00,3137.9,-21.0,TRADE
VIC1,2025-03-02 12:30:00,3160.02,-24.5,TRADE
VIC1,2025-03-02 12:35:00,3111.63,-12.18,TRADE
VIC1,2025-03-02 12:40:00,3030.36,-34.78,TRADE
VIC1,2025-03-02 12:45:00,2911.22,-29.14,TRADE
VIC1,2025-03-02 12:50:00,2789.13,-29.14,TRADE
VIC1,2025-03-02 12:55:00,2679.09,-27.8,TRADE
VIC1,2025-03-02 13:00:00,2816.62,-29.14,TRADE
VIC1,2025-03-02 13:05:00,2710.97,-21.0,TRADE
VIC1,2025-03-02 13:10:00,2890.72,-25.52,TRADE
VIC1,2025-03-02 13:15:00,3066.06,-28.76,TRADE
VIC1,2025-03-02 13:20:00,3130.99,-25.52,TRADE
VIC1,2025-03-02 13:25:00,3161.65,-29.14,TRADE
VIC1,2025-03-02 13:30:00,3257.63,-29.14,TRADE
VIC1,2025-03-02 13:35:00,3341.66,-29.14,TRADE
VIC1,2025-03-02 13:40:00,3302.93,-29.2,TRADE
VIC1,2025-03-02 13:45:00,3268.7,-31.5,TRADE
VIC1,2025-03-02 13:50:00,3335.11,-29.14,TRADE
VIC1,2025-03-02 13:55:00,3335.2,-23.56,TRADE
VIC1,2025-03-02 14:00:00,3199.65,-28.76,TRADE
VIC1,2025-03-02 14:05:00,3314.33,-34.78,TRADE
VIC1,2025-03-02 14:10:00,3393.62,-23.87,TRADE
VIC1,2025-03-02 14:15:00,3328.41,-23.07,TRADE
VIC1,2025-03-02 14:20:00,3369.21,-17.5,TRADE
VIC1,2025-03-02 14:25:00,3259.11,-34.78,TRADE
VIC1,2025-03-02 14:30:00,3253.18,-34.78,TRADE
VIC1,2025-03-02 14:35:00,3341.9,-29.14,TRADE
VIC1,2025-03-02 14:40:00,3260.67,-33.88,TRADE
VIC1,2025-03-02 14:45:00,3243.68,-31.5,TRADE
VIC1,2025-03-02 14:50:00,3296.74,-33.86,TRADE
VIC1,2025-03-02 14:55:00,3335.51,-26.64,TRADE
VIC1,2025-03-02 15:00:00,3318.29,-45.05,TRADE
VIC1,2025-03-02 15:05:00,3276.74,-44.1,TRADE
VIC1,2025-03-02 15:10:00,3339.23,-66.31,TRADE
VIC1,2025-03-02 15:15:00,3433.11,-49.93,TRADE
VIC1,2025-03-02 15:20:00,3365.89,-66.31,TRADE
VIC1,2025-03-02 15:25:00,3358.3,-62.95,TRADE
VIC1,2025-03-02 15:30:00,3348.03,-50.08,TRADE
VIC1,2025-03-02 15:35:00,3534.77,-37.66,TRADE
VIC1,2025-03-02 15:40:00,3385.64,-44.1,TRADE
VIC1,2025-03-02 15:45:00,3452.21,-50.08,TRADE
VIC1,2025-03-02 15:50:00,3407.72,-59.47,TRADE
VIC1,2025-03-02 15:55:00,3639.9,-45.05,TRADE
VIC1,2025-03-02 16:00:00,3777.65,-44.1,TRADE
VIC1,2025-03-02 16:05:00,3974.59,-49.59,TRADE
VIC1,2025-03-02 16:10:00,3842.07,-59.47,TRADE
VIC1,2025-03-02 16:15:00,3889.24,-50.08,TRADE
VIC1,2025-03-02 16:20:00,3954.37,-50.08,TRADE
VIC1,2025-03-02 16:25:00,4058.81,-49.61,TRADE
VIC1,2025-03-02 16:30:00,4167.35,-45.05,TRADE
VIC1,2025-03-02 16:35:00,4214.81,-37.39,TRADE
VIC1,2025-03-02 16:40:00,4144.42,-28.76,TRADE
VIC1,2025-03-02 16:45:00,3971.62,-29.14,TRADE
VIC1,2025-03-02 16:50:00,4012.97,-19.99,TRADE
VIC1,2025-03-02 16:55:00,4071.58,4.5,TRADE
VIC1,2025-03-02 17:00:00,4008.12,-31.5,TRADE
VIC1,2025-03-02 17:05:00,4053.31,-31.5,TRADE
VIC1,2025-03-02 17:10:00,4096.05,-20.19,TRADE
VIC1,2025-03-02 17:15:00,4211.48,-29.14,TRADE
VIC1,2025-03-02 17:20:00,4369.78,-29.14,TRADE
VIC1,2025-03-02 17:25:00,4436.19,-29.14,TRADE
VIC1,2025-03-02 17:30:00,4517.07,-29.14,TRADE
VIC1,2025-03-02 17:35:00,4610.12,-29.0,TRADE
VIC1,2025-03-02 17:40:00,4682.72,-26.97,TRADE
VIC1,2025-03-02 17:45:00,4750.79,-21.48,TRADE
VIC1,2025-03-02 17:50:00,4961.32,-19.49,TRADE
VIC1,2025-03-02 17:55:00,4939.83,62.01,TRADE
VIC1,2025-03-02 18:00:00,4988.12,9.0,TRADE
VIC1,2025-03-02 18:05:00,5060.33,9.0,TRADE
VIC1,2025-03-02 18:10:00,5098.27,8.95,TRADE
VIC1,2025-03-02 18:15:00,5101.09,81.85,TRADE
VIC1,2025-03-02 18:20:00,5132.58,68.6,TRADE
VIC1,2025-03-02 18:25:00,5172.66,73.8,TRADE
VIC1,2025-03-02 18:30:00,5141.43,73.8,TRADE
VIC1,2025-03-02 18:35:00,5055.3,55.79,TRADE
VIC1,2025-03-02 18:40:00,5138.76,66.84,TRADE
VIC1,2025-03-02 18:45:00,5244.11,68.48,TRADE
VIC1,2025-03-02 18:50:00,5185.57,55.79,TRADE
VIC1,2025-03-02 18:55:00,5211.2,73.37,TRADE
VIC1,2025-03-02 19:00:00,5203.05,52.62,TRADE
VIC1,2025-03-02 19:05:00,5216.61,63.11,TRADE
VIC1,2025-03-02 19:10:00,5192.88,55.79,TRADE
VIC1,2025-03-02 19:15:00,5213.78,55.79,TRADE
VIC1,2025-03-02 19:20:00,5129.13,50.28,TRADE
VIC1,2025-03-02 19:25:00,5120.07,55.79,TRADE
VIC1,2025-03-02 19:30:00,5184.46,55.79,TRADE
VIC1,2025-03-02 19:35:00,5208.29,55.79,TRADE
VIC1,2025-03-02 19:40:00,5154.28,50.76,TRADE
VIC1,2025-03-02 19:45:00,5133.58,51.6,TRADE
VIC1,2025-03-02 19:50:00,5108.4,50.4,TRADE
VIC1,2025-03-02 19:55:00,5144.53,44.36,TRADE
VIC1,2025-03-02 20:00:00,5146.31,49.89,TRADE
VIC1,2025-03-02 20:05:00,5080.09,49.89,TRADE
VIC1,2025-03-02 20:10:00,5052.85,49.83,TRADE
VIC1,2025-03-02 20:15:00,5019.96,47.48,TRADE
VIC1,2025-03-02 20:20:00,5139.76,49.11,TRADE
VIC1,2025-03-02 20:25:00,5066.75,48.73,TRADE
VIC1,2025-03-02 20:30:00,5033.59,49.16,TRADE
VIC1,2025-03-02 20:35:00,5027.17,48.63,TRADE
VIC1,2025-03-02 20:40:00,4953.32,48.4,TRADE
VIC1,2025-03-02 20:45:00,4934.41,43.91,TRADE
VIC1,2025-03-02 20:50:00,4815.71,41.95,TRADE
VIC1,2025-03-02 20:55:00,4801.91,41.9,TRADE
VIC1,2025-03-02 21:00:00,4794.04,42.77,TRADE
VIC1,2025-03-02 21:05:00,4832.2,42.26,TRADE
VIC1,2025-03-02 21:10:00,4792.3,47.05,TRADE
VIC1,2025-03-02 21:15:00,4816.57,46.49,TRADE
VIC1,2025-03-02 21:20:00,4822.62,46.94,TRADE
VIC1,2025-03-02 21:25:00,4801.71,47.01,TRADE
VIC1,2025-03-02 21:30:00,4672.19,33.19,TRADE
VIC1,2025-03-02 21:35:00,4674.38,41.8,TRADE
VIC1,2025-03-02 21:40:00,4664.6,41.67,TRADE
VIC1,2025-03-02 21:45:00,4703.28,34.0,TRADE
VIC1,2025-03-02 21:50:00,4618.69,34.18,TRADE
VIC1,2025-03-02 21:55:00,4648.88,41.11,TRADE
VIC1,2025-03-02 22:00:00,4553.61,21.08,TRADE
VIC1,2025-03-02 22:05:00,4601.09,35.95,TRADE
VIC1,2025-03-02 22:10:00,4645.59,42.24,TRADE
VIC1,2025-03-02 22:15:00,4603.48,49.69,TRADE
VIC1,2025-03-02 22:20:00,4603.4,35.95,TRADE
VIC1,2025-03-02 22:25:00,4616.45,35.95,TRADE
VIC1,2025-03-02 22:30:00,4504.02,29.54,TRADE
VIC1,2025-03-02 22:35:00,4493.26,33.25,TRADE
VIC1,2025-03-02 22:40:00,4489.3,29.55,TRADE
VIC1,2025-03-02 22:45:00,4464.82,29.3,TRADE
VIC1,2025-03-02 22:50:00,4405.65,28.73,TRADE
VIC1,2025-03-02 22:55:00,4489.28,27.84,TRADE
VIC1,2025-03-02 23:00:00,4462.08,29.04,TRADE
VIC1,2025-03-02 23:05:00,4499.17,31.39,TRADE
VIC1,2025-03-02 23:10:00,4635.16,35.95,TRADE
VIC1,2025-03-02 23:15:00,4591.11,34.21,TRADE
VIC1,2025-03-02 23:20:00,4591.41,35.95,TRADE
VIC1,2025-03-02 23:25:00,4606.39,29.26,TRADE
VIC1,2025-03-02 23:30:00,4583.56,29.41,TRADE
VIC1,2025-03-02 23:35:00,4571.34,19.19,TRADE
VIC1,2025-03-02 23:40:00,4498.38,19.19,TRADE
VIC1,2025-03-02 23:45:00,4430.4,14.37,TRADE
VIC1,2025-03-02 23:50:00,4340.48,12.0,TRADE
VIC1,2025-03-02 23:55:00,4280.13,12.3,TRADE
VIC1,2025-03-08 00:00:00,4994.43,61.72,TRADE
VIC1,2025-03-08 00:05:00,4996.51,72.47,TRADE
VIC1,2025-03-08 00:10:00,4980.65,76.36,TRADE
VIC1,2025-03-08 00:15:00,4959.96,74.75,TRADE
VIC1,2025-03-08 00:20:00,4860.47,56.29,TRADE
VIC1,2025-03-08 00:25:00,4914.77,72.99,TRADE
VIC1,2025-03-08 00:30:00,4862.98,56.2,TRADE
VIC1,2025-03-08 00:35:00,4842.78,74.63,TRADE
VIC1,2025-03-08 00:40:00,4807.1,77.5,TRADE
VIC1,2025-03-08 00:45:00,4740.0,57.15,TRADE
VIC1,2025-03-08 00:50:00,4727.11,60.16,TRADE
VIC1,2025-03-08 00:55:00,4682.66,59.74,TRADE
VIC1,2025-03-08 01:00:00,4646.63,59.69,TRADE
VIC1,2025-03-08 01:05:00,4635.48,56.28,TRADE
VIC1,2025-03-08 01:10:00,4718.01,75.06,TRADE
VIC1,2025-03-08 01:15:00,4705.69,73.96,TRADE
VIC1,2025-03-08 01:20:00,4596.71,57.29,TRADE
VIC1,2025-03-08 01:25:00,4660.41,72.35,TRADE
VIC1,2025-03-08 01:30:00,4636.41,54.16,TRADE
VIC1,2025-03-08 01:35:00,4609.46,79.15,TRADE
VIC1,2025-03-08 01:40:00,4521.43,74.42,TRADE
VIC1,2025-03-08 01:45:00,4597.39,78.86,TRADE
VIC1,2025-03-08 01:50:00,4458.39,54.44,TRADE
VIC1,2025-03-08 01:55:00,4508.82,55.97,TRADE
VIC1,2025-03-08 02:00:00,4502.37,55.21,TRADE
VIC1,2025-03-08 02:05:00,4501.82,77.48,TRADE
VIC1,2025-03-08 02:10:00,4518.3,74.48,TRADE
VIC1,2025-03-08 02:15:00,4533.97,75.19,TRADE
VIC1,2025-03-08 02:20:00,4509.34,55.37,TRADE
VIC1,2025-03-08 02:25:00,4521.73,74.95,TRADE
VIC1,2025-03-08 02:30:00,4475.03,55.37,TRADE
VIC1,2025-03-08 02:35:00,4394.91,54.11,TRADE
VIC1,2025-03-08 02:40:00,4514.68,55.75,TRADE
VIC1,2025-03-08 02:45:00,4451.79,55.31,TRADE
VIC1,2025-03-08 02:50:00,4471.5,55.24,TRADE
VIC1,2025-03-08 02:55:00,4413.78,54.84,TRADE
VIC1,2025-03-08 03:00:00,4447.27,55.26,TRADE
VIC1,2025-03-08 03:05:00,4465.44,55.24,TRADE
VIC1,2025-03-08 03:10:00,4466.45,76.84,TRADE
VIC1,2025-03-08 03:15:00,4413.18,55.86,TRADE
VIC1,2025-03-08 03:20:00,4363.73,35.95,TRADE
VIC1,2025-03-08 03:25:00,4444.58,54.31,TRADE
VIC1,2025-03-08 03:30:00,4444.26,55.26,TRADE
VIC1,2025-03-08 03:35:00,4437.08,55.2,TRADE
VIC1,2025-03-08 03:40:00,4416.98,55.21,TRADE
VIC1,2025-03-08 03:45:00,4419.69,55.2,TRADE
VIC1,2025-03-08 03:50:00,4455.03,54.42,TRADE
VIC1,2025-03-08 03:55:00,4438.86,55.16,TRADE
VIC1,2025-03-08 04:00:00,4402.08,54.71,TRADE
VIC1,2025-03-08 04:05:00,4396.24,54.3,TRADE
VIC1,2025-03-08 04:10:00,4453.09,56.09,TRADE
VIC1,2025-03-08 04:15:00,4404.34,35.95,TRADE
VIC1,2025-03-08 04:20:00,4471.81,54.3,TRADE
VIC1,2025-03-08 04:25:00,4473.92,54.25,TRADE
VIC1,2025-03-08 04:30:00,4488.1,53.84,TRADE
VIC1,2025-03-08 04:35:00,4491.54,53.81,TRADE
VIC1,2025-03-08 04:40:00,4483.16,35.95,TRADE
VIC1,2025-03-08 04:45:00,4508.97,53.41,TRADE
VIC1,2025-03-08 04:50:00,4470.91,52.57,TRADE
VIC1,2025-03-08 04:55:00,4447.16,33.92,TRADE
VIC1,2025-03-08 05:00:00,4452.07,51.76,TRADE
VIC1,2025-03-08 05:05:00,4526.38,34.28,TRADE
VIC1,2025-03-08 05:10:00,4578.12,35.95,TRADE
VIC1,2025-03-08 05:15:00,4565.76,34.48,TRADE
VIC1,2025-03-08 05:20:00,4591.21,35.95,TRADE
VIC1,2025-03-08 05:25:00,4584.45,34.18,TRADE
VIC1,2025-03-08 05:30:00,4627.32,35.95,TRADE
VIC1,2025-03-08 05:35:00,4535.12,18.19,TRADE
VIC1,2025-03-08 05:40:00,4562.58,19.19,TRADE
VIC1,2025-03-08 05:45:00,4666.66,33.23,TRADE
VIC1,2025-03-08 05:50:00,4645.66,33.46,TRADE
VIC1,2025-03-08 05:55:00,4653.96,33.47,TRADE
VIC1,2025-03-08 06:00:00,4677.34,33.67,TRADE
VIC1,2025-03-08 06:05:00,4636.9,32.98,TRADE
VIC1,2025-03-08 06:10:00,4671.88,33.3,TRADE
VIC1,2025-03-08 06:15:00,4771.4,35.95,TRADE
VIC1,2025-03-08 06:20:00,4770.69,47.89,TRADE
VIC1,2025-03-08 06:25:00,4721.51,35.66,TRADE
VIC1,2025-03-08 06:30:00,4704.85,35.95,TRADE
VIC1,2025-03-08 06:35:00,4686.12,19.19,TRADE
VIC1,2025-03-08 06:40:00,4681.83,18.9,TRADE
VIC1,2025-03-08 06:45:00,4679.84,0.0,TRADE
VIC1,2025-03-08 06:50:00,4507.76,-2.51,TRADE
VIC1,2025-03-08 06:55:00,4346.51,-14.82,TRADE
VIC1,2025-03-08 07:00:00,4230.49,-19.48,TRADE
VIC1,2025-03-08 07:05:00,4109.56,-17.67,TRADE
VIC1,2025-03-08 07:10:00,4050.94,-19.66,TRADE
VIC1,2025-03-08 07:15:00,3973.23,-21.0,TRADE
VIC1,2025-03-08 07:20:00,3811.04,-22.13,TRADE
VIC1,2025-03-08 07:25:00,3905.7,-21.9,TRADE
VIC1,2025-03-08 07:30:00,3849.72,-28.76,TRADE
VIC1,2025-03-08 07:35:00,3911.0,-30.0,TRADE
VIC1,2025-03-08 07:40:00,3933.17,-30.0,TRADE
VIC1,2025-03-08 07:45:00,3949.23,-29.04,TRADE
VIC1,2025-03-08 07:50:00,4050.72,-29.3,TRADE
VIC1,2025-03-08 07:55:00,4033.09,-29.14,TRADE
VIC1,2025-03-08 08:00:00,3969.5,-31.08,TRADE
VIC1,2025-03-08 08:05:00,3955.61,-29.14,TRADE
VIC1,2025-03-08 08:10:00,3934.44,-29.0,TRADE
VIC1,2025-03-08 08:15:00,3941.03,-29.0,TRADE
VIC1,2025-03-08 08:20:00,3894.04,-29.14,TRADE
VIC1,2025-03-08 08:25:00,3792.72,-30.23,TRADE
VIC1,2025-03-08 08:30:00,3802.97,-29.93,TRADE
VIC1,2025-03-08 08:35:00,3777.59,-29.0,TRADE
VIC1,2025-03-08 08:40:00,3807.34,-27.67,TRADE
VIC1,2025-03-08 08:45:00,3686.41,-28.76,TRADE
VIC1,2025-03-08 08:50:00,3548.18,-30.43,TRADE
VIC1,2025-03-08 08:55:00,3459.77,-30.52,TRADE
VIC1,2025-03-08 09:00:00,3497.58,-39.56,TRADE
VIC1,2025-03-08 09:05:00,3283.82,-30.07,TRADE
VIC1,2025-03-08 09:10:00,3174.47,-28.76,TRADE
VIC1,2025-03-08 09:15:00,3461.22,-21.0,TRADE
VIC1,2025-03-08 09:20:00,3133.37,-30.86,TRADE
VIC1,2025-03-08 09:25:00,3288.54,-30.86,TRADE
VIC1,2025-03-08 09:30:00,3281.8,-29.14,TRADE
VIC1,2025-03-08 09:35:00,3242.81,-29.68,TRADE
VIC1,2025-03-08 09:40:00,3146.49,-29.14,TRADE
VIC1,2025-03-08 09:45:00,3120.6,-30.44,TRADE
VIC1,2025-03-08 09:50:00,3142.42,-34.78,TRADE
VIC1,2025-03-08 09:55:00,3054.41,-30.86,TRADE
VIC1,2025-03-08 10:00:00,2972.27,-30.86,TRADE
VIC1,2025-03-08 10:05:00,3217.31,-21.0,TRADE
VIC1,2025-03-08 10:10:00,3030.99,-28.76,TRADE
VIC1,2025-03-08 10:15:00,3041.84,-27.25,TRADE
VIC1,2025-03-08 10:20:00,2986.63,-28.76,TRADE
VIC1,2025-03-08 10:25:00,2904.38,-44.1,TRADE
VIC1,2025-03-08 10:30:00,2950.44,-30.86,TRADE
VIC1,2025-03-08 10:35:00,2901.81,-20.19,TRADE
VIC1,2025-03-08 10:40:00,2908.32,-30.0,TRADE
VIC1,2025-03-08 10:45:00,3046.68,-28.76,TRADE
VIC1,2025-03-08 10:50:00,2946.54,-14.82,TRADE
VIC1,2025-03-08 10:55:00,2953.61,-17.17,TRADE
VIC1,2025-03-08 11:00:00,2910.73,-30.86,TRADE
VIC1,2025-03-08 11:05:00,2969.74,1.04,TRADE
VIC1,2025-03-08 11:10:00,2878.93,0.01,TRADE
VIC1,2025-03-08 11:15:00,2875.55,-0.05,TRADE
VIC1,2025-03-08 11:20:00,2996.25,12.0,TRADE
VIC1,2025-03-08 11:25:00,2966.92,-0.64,TRADE
VIC1,2025-03-08 11:30:00,3057.66,-0.84,TRADE
VIC1,2025-03-08 11:35:00,3030.41,0.01,TRADE
VIC1,2025-03-08 11:40:00,3020.93,-0.05,TRADE
VIC1,2025-03-08 11:45:00,3082.39,12.0,TRADE
VIC1,2025-03-08 11:50:00,2977.3,-8.88,TRADE
VIC1,2025-03-08 11:55:00,3047.02,-18.15,TRADE
VIC1,2025-03-08 12:00:00,3190.68,19.36,TRADE
VIC1,2025-03-08 12:05:00,3209.46,12.0,TRADE
VIC1,2025-03-08 12:10:00,3125.26,49.51,TRADE
VIC1,2025-03-08 12:15:00,3120.19,15.74,TRADE
VIC1,2025-03-08 12:20:00,3322.19,12.0,TRADE
VIC1,2025-03-08 12:25:00,3322.9,-19.22,TRADE
VIC1,2025-03-08 12:30:00,3327.14,-39.49,TRADE
VIC1,2025-03-08 12:35:00,3431.78,0.01,TRADE
VIC1,2025-03-08 12:40:00,3618.7,6.7,TRADE
VIC1,2025-03-08 12:45:00,3647.39,0.01,TRADE
VIC1,2025-03-08 12:50:00,3708.27,3.99,TRADE
VIC1,2025-03-08 12:55:00,3630.94,0.01,TRADE
VIC1,2025-03-08 13:00:00,3809.64,13.81,TRADE
VIC1,2025-03-08 13:05:00,3746.92,68.47,TRADE
VIC1,2025-03-08 13:10:00,3468.61,54.94,TRADE
VIC1,2025-03-08 13:15:00,3436.12,33.0,TRADE
VIC1,2025-03-08 13:20:00,3474.01,32.99,TRADE
VIC1,2025-03-08 13:25:00,3539.01,33.0,TRADE
VIC1,2025-03-08 13:30:00,3646.67,12.0,TRADE
VIC1,2025-03-08 13:35:00,3843.24,-20.19,TRADE
VIC1,2025-03-08 13:40:00,3887.16,11.91,TRADE
VIC1,2025-03-08 13:45:00,4040.35,38.02,TRADE
VIC1,2025-03-08 13:50:00,4125.27,47.75,TRADE
VIC1,2025-03-08 13:55:00,4234.49,33.0,TRADE
VIC1,2025-03-08 14:00:00,4255.89,32.91,TRADE
VIC1,2025-03-08 14:05:00,4273.14,33.0,TRADE
VIC1,2025-03-08 14:10:00,4335.04,8.95,TRADE
VIC1,2025-03-08 14:15:00,4339.95,8.95,TRADE
VIC1,2025-03-08 14:20:00,4348.73,22.96,TRADE
VIC1,2025-03-08 14:25:00,4382.56,12.0,TRADE
VIC1,2025-03-08 14:30:00,4537.77,33.0,TRADE
VIC1,2025-03-08 14:35:00,4543.24,33.0,TRADE
VIC1,2025-03-08 14:40:00,4508.61,19.19,TRADE
VIC1,2025-03-08 14:45:00,4612.43,40.69,TRADE
VIC1,2025-03-08 14:50:00,4757.65,8.95,TRADE
VIC1,2025-03-08 14:55:00,4821.61,11.07,TRADE
VIC1,2025-03-08 15:00:00,4938.37,11.97,TRADE
VIC1,2025-03-08 15:05:00,4909.22,12.0,TRADE
VIC1,2025-03-08 15:10:00,4889.15,19.19,TRADE
VIC1,2025-03-08 15:15:00,4867.6,12.0,TRADE
VIC1,2025-03-08 15:20:00,4875.11,19.19,TRADE
VIC1,2025-03-08 15:25:00,5056.58,62.84,TRADE
VIC1,2025-03-08 15:30:00,5207.71,32.85,TRADE
VIC1,2025-03-08 15:35:00,5288.58,33.0,TRADE
VIC1,2025-03-08 15:40:00,5253.87,33.0,TRADE
VIC1,2025-03-08 15:45:00,5225.51,19.19,TRADE
VIC1,2025-03-08 15:50:00,5295.54,-13.98,TRADE
VIC1,2025-03-08 15:55:00,5606.61,110.03,TRADE
VIC1,2025-03-08 16:00:00,5653.02,48.65,TRADE
VIC1,2025-03-08 16:05:00,5750.01,57.41,TRADE
VIC1,2025-03-08 16:10:00,5735.03,-11.67,TRADE
VIC1,2025-03-08 16:15:00,5996.49,33.0,TRADE
VIC1,2025-03-08 16:20:00,6130.61,12.02,TRADE
VIC1,2025-03-08 16:25:00,6285.49,60.19,TRADE
VIC1,2025-03-08 16:30:00,6144.67,8.95,TRADE
VIC1,2025-03-08 16:35:00,6198.17,0.0,TRADE
VIC1,2025-03-08 16:40:00,6258.34,8.95,TRADE
VIC1,2025-03-08 16:45:00,6268.02,12.0,TRADE
VIC1,2025-03-08 16:50:00,6286.49,8.95,TRADE
VIC1,2025-03-08 16:55:00,6479.08,90.12,TRADE
VIC1,2025-03-08 17:00:00,6452.69,20.04,TRADE
VIC1,2025-03-08 17:05:00,6533.4,46.79,TRADE
VIC1,2025-03-08 17:10:00,6430.31,59.0,TRADE
VIC1,2025-03-08 17:15:00,6366.46,79.0,TRADE
VIC1,2025-03-08 17:20:00,6472.09,79.0,TRADE
VIC1,2025-03-08 17:25:00,6485.11,94.23,TRADE
VIC1,2025-03-08 17:30:00,6528.29,126.21,TRADE
VIC1,2025-03-08 17:35:00,6681.12,109.23,TRADE
VIC1,2025-03-08 17:40:00,6764.2,130.59,TRADE
VIC1,2025-03-08 17:45:00,6909.22,130.11,TRADE
VIC1,2025-03-08 17:50:00,6997.65,133.22,TRADE
VIC1,2025-03-08 17:55:00,7051.84,134.75,TRADE
VIC1,2025-03-08 18:00:00,7113.49,148.77,TRADE
VIC1,2025-03-08 18:05:00,7003.01,129.12,TRADE
VIC1,2025-03-08 18:10:00,6964.97,128.98,TRADE
VIC1,2025-03-08 18:15:00,7012.61,144.41,TRADE
VIC1,2025-03-08 18:20:00,6997.34,148.77,TRADE
VIC1,2025-03-08 18:25:00,7120.17,170.47,TRADE
VIC1,2025-03-08 18:30:00,7089.49,154.68,TRADE
VIC1,2025-03-08 18:35:00,6884.16,130.31,TRADE
VIC1,2025-03-08 18:40:00,6759.31,128.63,TRADE
VIC1,2025-03-08 18:45:00,6615.35,125.19,TRADE
VIC1,2025-03-08 18:50:00,6644.59,126.63,TRADE
VIC1,2025-03-08 18:55:00,6617.87,145.5,TRADE
VIC1,2025-03-08 19:00:00,6503.25,122.92,TRADE
VIC1,2025-03-08 19:05:00,6470.18,121.46,TRADE
VIC1,2025-03-08 19:10:00,6466.86,119.83,TRADE
VIC1,2025-03-08 19:15:00,6367.3,118.85,TRADE
VIC1,2025-03-08 19:20:00,6359.01,118.13,TRADE
VIC1,2025-03-08 19:25:00,6225.24,117.54,TRADE
VIC1,2025-03-08 19:30:00,6223.32,117.73,TRADE
VIC1,2025-03-08 19:35:00,6190.62,115.95,TRADE
VIC1,2025-03-08 19:40:00,6095.53,113.61,TRADE
VIC1,2025-03-08 19:45:00,6135.36,113.9,TRADE
VIC1,2025-03-08 19:50:00,6107.44,118.37,TRADE
VIC1,2025-03-08 19:55:00,6047.41,115.06,TRADE
VIC1,2025-03-08 20:00:00,6041.41,114.19,TRADE
VIC1,2025-03-08 20:05:00,5930.2,111.1,TRADE
VIC1,2025-03-08 20:10:00,5874.05,103.89,TRADE
VIC1,2025-03-08 20:15:00,5818.13,100.01,TRADE
VIC1,2025-03-08 20:20:00,5816.91,100.01,TRADE
VIC1,2025-03-08 20:25:00,5846.94,100.01,TRADE
VIC1,2025-03-08 20:30:00,5799.03,90.89,TRADE
VIC1,2025-03-08 20:35:00,5711.32,99.03,TRADE
VIC1,2025-03-08 20:40:00,5692.33,105.54,TRADE
VIC1,2025-03-08 20:45:00,5664.32,111.4,TRADE
VIC1,2025-03-08 20:50:00,5482.87,103.14,TRADE
VIC1,2025-03-08 20:55:00,5435.45,111.51,TRADE
VIC1,2025-03-08 21:00:00,5346.4,106.71,TRADE
VIC1,2025-03-08 21:05:00,5296.59,81.42,TRADE
VIC1,2025-03-08 21:10:00,5397.35,109.08,TRADE
VIC1,2025-03-08 21:15:00,5345.28,107.64,TRADE
VIC1,2025-03-08 21:20:00,5310.93,101.75,TRADE
VIC1,2025-03-08 21:25:00,5220.56,92.86,TRADE
VIC1,2025-03-08 21:30:00,5245.34,86.21,TRADE
VIC1,2025-03-08 21:35:00,5204.61,90.18,TRADE
VIC1,2025-03-08 21:40:00,5099.19,85.81,TRADE
VIC1,2025-03-08 21:45:00,5067.75,85.21,TRADE
VIC1,2025-03-08 21:50:00,5062.42,88.9,TRADE
VIC1,2025-03-08 21:55:00,5019.21,93.94,TRADE
VIC1,2025-03-08 22:00:00,4954.55,76.5,TRADE
VIC1,2025-03-08 22:05:00,4962.98,82.56,TRADE
VIC1,2025-03-08 22:10:00,4965.04,88.6,TRADE
VIC1,2025-03-08 22:15:00,4919.25,87.87,TRADE
VIC1,2025-03-08 22:20:00,4869.94,80.47,TRADE
VIC1,2025-03-08 22:25:00,4792.06,76.15,TRADE
VIC1,2025-03-08 22:30:00,4801.6,78.32,TRADE
VIC1,2025-03-08 22:35:00,4883.57,80.98,TRADE
VIC1,2025-03-08 22:40:00,4800.33,80.45,TRADE
VIC1,2025-03-08 22:45:00,4770.48,80.29,TRADE
VIC1,2025-03-08 22:50:00,4760.46,79.82,TRADE
VIC1,2025-03-08 22:55:00,4669.98,77.03,TRADE
VIC1,2025-03-08 23:00:00,4765.45,79.73,TRADE
VIC1,2025-03-08 23:05:00,4768.58,79.73,TRADE
VIC1,2025-03-08 23:10:00,4791.17,81.31,TRADE
VIC1,2025-03-08 23:15:00,4825.71,81.91,TRADE
VIC1,2025-03-08 23:20:00,4886.52,82.49,TRADE
VIC1,2025-03-08 23:25:00,4849.12,79.73,TRADE
VIC1,2025-03-08 23:30:00,4812.37,78.7,TRADE
VIC1,2025-03-08 23:35:00,4839.4,82.51,TRADE
VIC1,2025-03-08 23:40:00,4793.11,82.29,TRADE
VIC1,2025-03-08 23:45:00,4758.89,82.18,TRADE
VIC1,2025-03-08 23:50:00,4645.06,79.71,TRADE
VIC1,2025-03-08 23:55:00,4564.62,61.11,TRADE
VIC1,2025-03-09 00:00:00,4654.58,79.39,TRADE
VIC1,2025-03-09 00:05:00,4621.76,80.74,TRADE
VIC1,2025-03-09 00:10:00,4487.7,79.73,TRADE
VIC1,2025-03-09 00:15:00,4501.89,79.73,TRADE
VIC1,2025-03-09 00:20:00,4538.06,79.73,TRADE
VIC1,2025-03-09 00:25:00,4437.09,77.32,TRADE
VIC1,2025-03-09 00:30:00,4414.97,76.64,TRADE
VIC1,2025-03-09 00:35:00,4378.89,77.23,TRADE
VIC1,2025-03-09 00:40:00,4393.2,77.44,TRADE
VIC1,2025-03-09 00:45:00,4362.55,76.76,TRADE
VIC1,2025-03-09 00:50:00,4329.13,56.25,TRADE
VIC1,2025-03-09 00:55:00,4402.02,79.31,TRADE
VIC1,2025-03-09 01:00:00,4287.76,76.83,TRADE
VIC1,2025-03-09 01:05:00,4314.7,79.73,TRADE
VIC1,2025-03-09 01:10:00,4248.41,79.73,TRADE
VIC1,2025-03-09 01:15:00,4250.93,80.89,TRADE
VIC1,2025-03-09 01:20:00,4190.52,80.26,TRADE
VIC1,2025-03-09 01:25:00,4134.77,78.93,TRADE
VIC1,2025-03-09 01:30:00,4203.23,79.84,TRADE
VIC1,2025-03-09 01:35:00,4134.4,79.73,TRADE
VIC1,2025-03-09 01:40:00,4192.07,91.24,TRADE
VIC1,2025-03-09 01:45:00,4133.96,86.17,TRADE
VIC1,2025-03-09 01:50:00,4115.99,85.0,TRADE
VIC1,2025-03-09 01:55:00,4049.17,79.73,TRADE
VIC1,2025-03-09 02:00:00,4034.6,79.73,TRADE
VIC1,2025-03-09 02:05:00,4099.47,91.29,TRADE
VIC1,2025-03-09 02:10:00,4056.36,86.53,TRADE
VIC1,2025-03-09 02:15:00,4067.17,79.73,TRADE
VIC1,2025-03-09 02:20:00,3984.51,79.11,TRADE
VIC1,2025-03-09 02:25:00,3993.59,79.73,TRADE
VIC1,2025-03-09 02:30:00,3930.71,79.73,TRADE
VIC1,2025-03-09 02:35:00,3831.04,35.95,TRADE
VIC1,2025-03-09 02:40:00,3892.54,74.52,TRADE
VIC1,2025-03-09 02:45:00,3935.47,75.15,TRADE
VIC1,2025-03-09 02:50:00,3892.46,72.64,TRADE
VIC1,2025-03-09 02:55:00,3847.74,72.03,TRADE
VIC1,2025-03-09 03:00:00,3910.1,72.05,TRADE
VIC1,2025-03-09 03:05:00,3934.86,72.31,TRADE
VIC1,2025-03-09 03:10:00,3910.65,71.73,TRADE
VIC1,2025-03-09 03:15:00,3940.37,71.77,TRADE
VIC1,2025-03-09 03:20:00,3858.89,70.64,TRADE
VIC1,2025-03-09 03:25:00,3827.11,69.42,TRADE
VIC1,2025-03-09 03:30:00,3946.63,70.56,TRADE
VIC1,2025-03-09 03:35:00,3931.61,71.09,TRADE
VIC1,2025-03-09 03:40:00,3914.69,70.59,TRADE
VIC1,2025-03-09 03:45:00,3903.94,70.04,TRADE
VIC1,2025-03-09 03:50:00,3942.33,70.05,TRADE
VIC1,2025-03-09 03:55:00,3993.29,70.01,TRADE
VIC1,2025-03-09 04:00:00,3979.11,70.01,TRADE
VIC1,2025-03-09 04:05:00,3912.39,70.63,TRADE
VIC1,2025-03-09 04:10:00,4002.35,72.45,TRADE
VIC1,2025-03-09 04:15:00,3923.34,68.12,TRADE
VIC1,2025-03-09 04:20:00,3964.99,69.92,TRADE
VIC1,2025-03-09 04:25:00,4036.47,70.0,TRADE
VIC1,2025-03-09 04:30:00,4041.59,51.89,TRADE
VIC1,2025-03-09 04:35:00,3984.06,51.1,TRADE
VIC1,2025-03-09 04:40:00,3900.88,49.6,TRADE
VIC1,2025-03-09 04:45:00,3966.6,49.94,TRADE
VIC1,2025-03-09 04:50:00,3969.49,50.36,TRADE
VIC1,2025-03-09 04:55:00,4003.59,50.39,TRADE
VIC1,2025-03-09 05:00:00,3993.07,49.97,TRADE
VIC1,2025-03-09 05:05:00,4018.95,35.95,TRADE
VIC1,2025-03-09 05:10:00,4061.3,35.95,TRADE
VIC1,2025-03-09 05:15:00,4161.39,49.05,TRADE
VIC1,2025-03-09 05:20:00,4137.1,35.15,TRADE
VIC1,2025-03-09 05:25:00,4111.54,33.95,TRADE
VIC1,2025-03-09 05:30:00,4176.29,35.95,TRADE
VIC1,2025-03-09 05:35:00,4181.71,35.95,TRADE
VIC1,2025-03-09 05:40:00,4167.26,27.45,TRADE
VIC1,2025-03-09 05:45:00,4149.6,19.19,TRADE
VIC1,2025-03-09 05:50:00,4095.95,19.19,TRADE
VIC1,2025-03-09 05:55:00,4209.92,35.95,TRADE
VIC1,2025-03-09 06:00:00,4206.99,48.18,TRADE
VIC1,2025-03-09 06:05:00,4142.46,19.19,TRADE
VIC1,2025-03-09 06:10:00,4230.45,50.8,TRADE
VIC1,2025-03-09 06:15:00,4224.11,48.26,TRADE
VIC1,2025-03-09 06:20:00,4250.27,35.95,TRADE
VIC1,2025-03-09 06:25:00,4305.56,35.95,TRADE
VIC1,2025-03-09 06:30:00,4215.03,12.0,TRADE
VIC1,2025-03-09 06:35:00,4184.84,12.0,TRADE
VIC1,2025-03-09 06:40:00,4174.54,12.0,TRADE
VIC1,2025-03-09 06:45:00,4211.81,9.8,TRADE
VIC1,2025-03-09 06:50:00,4218.08,8.95,TRADE
VIC1,2025-03-09 06:55:00,4046.64,-2.51,TRADE
VIC1,2025-03-09 07:00:00,4036.47,-2.51,TRADE
VIC1,2025-03-09 07:05:00,4017.41,-2.51,TRADE
VIC1,2025-03-09 07:10:00,4030.81,-2.51,TRADE
VIC1,2025-03-09 07:15:00,3960.3,-2.51,TRADE
VIC1,2025-03-09 07:20:00,3863.69,-20.0,TRADE
VIC1,2025-03-09 07:25:00,3824.45,-26.0,TRADE
VIC1,2025-03-09 07:30:00,3801.43,-19.99,TRADE
VIC1,2025-03-09 07:35:00,3709.06,-15.65,TRADE
VIC1,2025-03-09 07:40:00,3676.17,60.86,TRADE
VIC1,2025-03-09 07:45:00,3675.2,8.95,TRADE
VIC1,2025-03-09 07:50:00,3700.31,8.95,TRADE
VIC1,2025-03-09 07:55:00,3652.27,-19.99,TRADE
VIC1,2025-03-09 08:00:00,3536.81,8.95,TRADE
VIC1,2025-03-09 08:05:00,3564.26,-18.02,TRADE
VIC1,2025-03-09 08:10:00,3620.33,0.0,TRADE
VIC1,2025-03-09 08:15:00,3566.33,-17.93,TRADE
VIC1,2025-03-09 08:20:00,3510.28,-19.99,TRADE
VIC1,2025-03-09 08:25:00,3483.5,-20.19,TRADE
VIC1,2025-03-09 08:30:00,3490.65,-23.03,TRADE
VIC1,2025-03-09 08:35:00,3434.53,-19.99,TRADE
VIC1,2025-03-09 08:40:00,3389.75,0.0,TRADE
VIC1,2025-03-09 08:45:00,3328.15,-19.99,TRADE
VIC1,2025-03-09 08:50:00,3352.02,-7.52,TRADE
VIC1,2025-03-09 08:55:00,3354.76,0.0,TRADE
VIC1,2025-03-09 09:00:00,3309.99,-19.99,TRADE
VIC1,2025-03-09 09:05:00,3211.27,-21.0,TRADE
VIC1,2025-03-09 09:10:00,3313.93,-23.05,TRADE
VIC1,2025-03-09 09:15:00,3370.32,-19.99,TRADE
VIC1,2025-03-09 09:20:00,3342.59,-18.53,TRADE
VIC1,2025-03-09 09:25:00,3239.97,-20.19,TRADE
VIC1,2025-03-09 09:30:00,3313.62,-26.0,TRADE
VIC1,2025-03-09 09:35:00,3255.83,-19.68,TRADE
VIC1,2025-03-09 09:40:00,3328.74,-19.99,TRADE
VIC1,2025-03-09 09:45:00,3308.22,-24.14,TRADE
VIC1,2025-03-09 09:50:00,3242.94,-23.49,TRADE
VIC1,2025-03-09 09:55:00,3314.97,-21.0,TRADE
VIC1,2025-03-09 10:00:00,3274.01,-21.0,TRADE
VIC1,2025-03-09 10:05:00,3253.19,-23.81,TRADE
VIC1,2025-03-09 10:10:00,3322.99,-24.19,TRADE
VIC1,2025-03-09 10:15:00,3377.01,-19.99,TRADE
VIC1,2025-03-09 10:20:00,3410.63,0.0,TRADE
VIC1,2025-03-09 10:25:00,3508.9,-19.15,TRADE
VIC1,2025-03-09 10:30:00,3396.32,-21.0,TRADE
VIC1,2025-03-09 10:35:00,3415.1,-15.06,TRADE
VIC1,2025-03-09 10:40:00,3494.73,-20.19,TRADE
VIC1,2025-03-09 10:45:00,3469.18,13.4,TRADE
VIC1,2025-03-09 10:50:00,3528.27,-19.99,TRADE
VIC1,2025-03-09 10:55:00,3551.86,0.0,TRADE
VIC1,2025-03-09 11:00:00,3564.05,-19.55,TRADE
VIC1,2025-03-09 11:05:00,3483.24,8.97,TRADE
VIC1,2025-03-09 11:10:00,3593.61,-11.09,TRADE
VIC1,2025-03-09 11:15:00,3535.73,20.75,TRADE
VIC1,2025-03-09 11:20:00,3614.53,0.0,TRADE
VIC1,2025-03-09 11:25:00,3568.22,-8.17,TRADE
VIC1,2025-03-09 11:30:00,3766.15,0.0,TRADE
VIC1,2025-03-09 11:35:00,3739.16,8.76,TRADE
VIC1,2025-03-09 11:40:00,3805.13,9.06,TRADE
VIC1,2025-03-09 11:45:00,3950.62,8.95,TRADE
VIC1,2025-03-09 11:50:00,4016.51,9.08,TRADE
VIC1,2025-03-09 11:55:00,4036.55,8.95,TRADE
VIC1,2025-03-09 12:00:00,3949.84,0.0,TRADE
VIC1,2025-03-09 12:05:00,4108.02,9.1,TRADE
VIC1,2025-03-09 12:10:00,4140.74,9.17,TRADE
VIC1,2025-03-09 12:15:00,4260.32,9.01,TRADE
VIC1,2025-03-09 12:20:00,4144.24,12.42,TRADE
VIC1,2025-03-09 12:25:00,4290.09,9.1,TRADE
VIC1,2025-03-09 12:30:00,4309.35,20.04,TRADE
VIC1,2025-03-09 12:35:00,4363.63,8.95,TRADE
VIC1,2025-03-09 12:40:00,4302.79,9.07,TRADE
VIC1,2025-03-09 12:45:00,4334.11,1.05,TRADE
VIC1,2025-03-09 12:50:00,4335.6,0.0,TRADE
VIC1,2025-03-09 12:55:00,4235.92,8.95,TRADE
VIC1,2025-03-09 13:00:00,4319.68,12.42,TRADE
VIC1,2025-03-09 13:05:00,4414.64,25.28,TRADE
VIC1,2025-03-09 13:10:00,4522.74,34.35,TRADE
VIC1,2025-03-09 13:15:00,4621.19,36.01,TRADE
VIC1,2025-03-09 13:20:00,4591.52,19.19,TRADE
VIC1,2025-03-09 13:25:00,4660.5,33.0,TRADE
VIC1,2025-03-09 13:30:00,4596.51,19.19,TRADE
VIC1,2025-03-09 13:35:00,4668.95,20.04,TRADE
VIC1,2025-03-09 13:40:00,4667.39,19.19,TRADE
VIC1,2025-03-09 13:45:00,4734.97,19.19,TRADE
VIC1,2025-03-09 13:50:00,4857.43,12.0,TRADE
VIC1,2025-03-09 13:55:00,5024.04,36.01,TRADE
VIC1,2025-03-09 14:00:00,5074.19,36.01,TRADE
VIC1,2025-03-09 14:05:00,5128.65,36.01,TRADE
VIC1,2025-03-09 14:10:00,5180.92,33.89,TRADE
VIC1,2025-03-09 14:15:00,5221.63,34.43,TRADE
VIC1,2025-03-09 14:20:00,5247.39,34.75,TRADE
VIC1,2025-03-09 14:25:00,5306.71,53.73,TRADE
VIC1,2025-03-09 14:30:00,5470.96,72.67,TRADE
VIC1,2025-03-09 14:35:00,5536.21,88.0,TRADE
VIC1,2025-03-09 14:40:00,5607.5,104.7,TRADE
VIC1,2025-03-09 14:45:00,5779.76,137.79,TRADE
VIC1,2025-03-09 14:50:00,5785.6,111.25,TRADE
VIC1,2025-03-09 14:55:00,5958.34,176.02,TRADE
VIC1,2025-03-09 15:00:00,6096.82,289.89,TRADE
VIC1,2025-03-09 15:05:00,6169.17,61.89,TRADE
VIC1,2025-03-09 15:10:00,6144.88,60.49,TRADE
VIC1,2025-03-09 15:15:00,6133.22,87.21,TRADE
VIC1,2025-03-09 15:20:00,6194.46,90.0,TRADE
VIC1,2025-03-09 15:25:00,6360.92,160.51,TRADE
VIC1,2025-03-09 15:30:00,6447.83,177.5,TRADE
VIC1,2025-03-09 15:35:00,6571.77,223.37,TRADE
VIC1,2025-03-09 15:40:00,6685.37,240.94,TRADE
VIC1,2025-03-09 15:45:00,6884.54,466.71,TRADE
VIC1,2025-03-09 15:50:00,6840.48,289.89,TRADE
VIC1,2025-03-09 15:55:00,7021.62,289.89,TRADE
VIC1,2025-03-09 16:00:00,7237.14,525.19,TRADE
VIC1,2025-03-09 16:05:00,7287.04,303.34,TRADE
VIC1,2025-03-09 16:10:00,7381.52,289.89,TRADE
VIC1,2025-03-09 16:15:00,7554.51,293.12,TRADE
VIC1,2025-03-09 16:20:00,7711.17,345.89,TRADE
VIC1,2025-03-09 16:25:00,7792.23,298.0,TRADE
VIC1,2025-03-09 16:30:00,7851.62,306.97,TRADE
VIC1,2025-03-09 16:35:00,7907.38,294.56,TRADE
VIC1,2025-03-09 16:40:00,7913.97,289.89,TRADE
VIC1,2025-03-09 16:45:00,7873.42,267.31,TRADE
VIC1,2025-03-09 16:50:00,7863.73,241.95,TRADE
VIC1,2025-03-09 16:55:00,7892.79,241.96,TRADE
VIC1,2025-03-09 17:00:00,7935.35,295.21,TRADE
VIC1,2025-03-09 17:05:00,7968.8,289.89,TRADE
VIC1,2025-03-09 17:10:00,7916.01,289.89,TRADE
VIC1,2025-03-09 17:15:00,7905.43,294.61,TRADE
VIC1,2025-03-09 17:20:00,7957.29,290.1,TRADE
VIC1,2025-03-09 17:25:00,7859.16,289.89,TRADE
VIC1,2025-03-09 17:30:00,7776.1,207.63,TRADE
VIC1,2025-03-09 17:35:00,7691.25,205.22,TRADE
VIC1,2025-03-09 17:40:00,7751.74,205.22,TRADE
VIC1,2025-03-09 17:45:00,7715.35,205.22,TRADE
VIC1,2025-03-09 17:50:00,7604.06,205.22,TRADE
VIC1,2025-03-09 17:55:00,7570.29,205.22,TRADE
VIC1,2025-03-09 18:00:00,7569.12,246.45,TRADE
VIC1,2025-03-09 18:05:00,7436.13,186.28,TRADE
VIC1,2025-03-09 18:10:00,7383.44,186.75,TRADE
VIC1,2025-03-09 18:15:00,7387.61,183.85,TRADE
VIC1,2025-03-09 18:20:00,7301.72,153.88,TRADE
VIC1,2025-03-09 18:25:00,7345.68,143.82,TRADE
VIC1,2025-03-09 18:30:00,7324.84,183.85,TRADE
VIC1,2025-03-09 18:35:00,7347.36,223.38,TRADE
VIC1,2025-03-09 18:40:00,6978.65,122.85,TRADE
VIC1,2025-03-09 18:45:00,7073.6,150.47,TRADE
VIC1,2025-03-09 18:50:00,7061.24,137.96,TRADE
VIC1,2025-03-09 18:55:00,6979.25,79.0,TRADE
VIC1,2025-03-09 19:00:00,6979.58,79.0,TRADE
VIC1,2025-03-09 19:05:00,6904.9,85.19,TRADE
VIC1,2025-03-09 19:10:00,6850.89,89.45,TRADE
VIC1,2025-03-09 19:15:00,6811.49,79.0,TRADE
VIC1,2025-03-09 19:20:00,6803.95,64.32,TRADE
VIC1,2025-03-09 19:25:00,6807.98,62.16,TRADE
VIC1,2025-03-09 19:30:00,6810.96,59.0,TRADE
VIC1,2025-03-09 19:35:00,6864.54,60.19,TRADE
VIC1,2025-03-09 19:40:00,6767.26,59.0,TRADE
VIC1,2025-03-09 19:45:00,6656.4,55.98,TRADE
VIC1,2025-03-09 19:50:00,6637.29,53.05,TRADE
VIC1,2025-03-09 19:55:00,6682.52,58.76,TRADE
VIC1,2025-03-09 20:00:00,6628.65,58.21,TRADE
VIC1,2025-03-09 20:05:00,6587.15,71.43,TRADE
VIC1,2025-03-09 20:10:00,6576.17,69.9,TRADE
VIC1,2025-03-09 20:15:00,6496.7,71.41,TRADE
VIC1,2025-03-09 20:20:00,6459.98,98.05,TRADE
VIC1,2025-03-09 20:25:00,6445.57,83.87,TRADE
VIC1,2025-03-09 20:30:00,6321.96,164.84,TRADE
VIC1,2025-03-09 20:35:00,6346.8,79.0,TRADE
VIC1,2025-03-09 20:40:00,6318.9,111.64,TRADE
VIC1,2025-03-09 20:45:00,6173.73,108.98,TRADE
VIC1,2025-03-09 20:50:00,6198.4,106.85,TRADE
VIC1,2025-03-09 20:55:00,6134.54,89.45,TRADE
VIC1,2025-03-09 21:00:00,6062.0,82.28,TRADE
VIC1,2025-03-09 21:05:00,6045.83,100.01,TRADE
VIC1,2025-03-09 21:10:00,5956.31,111.52,TRADE
VIC1,2025-03-09 21:15:00,5873.27,111.67,TRADE
VIC1,2025-03-09 21:20:00,5812.78,112.49,TRADE
VIC1,2025-03-09 21:25:00,5772.88,112.49,TRADE
VIC1,2025-03-09 21:30:00,5740.77,113.06,TRADE
VIC1,2025-03-09 21:35:00,5706.09,111.65,TRADE
VIC1,2025-03-09 21:40:00,5680.63,125.97,TRADE
VIC1,2025-03-09 21:45:00,5638.01,118.42,TRADE
VIC1,2025-03-09 21:50:00,5584.94,116.91,TRADE
VIC1,2025-03-09 21:55:00,5555.76,108.99,TRADE
VIC1,2025-03-09 22:00:00,5457.21,87.62,TRADE
VIC1,2025-03-09 22:05:00,5350.38,100.01,TRADE
VIC1,2025-03-09 22:10:00,5287.04,100.01,TRADE
VIC1,2025-03-09 22:15:00,5401.44,105.57,TRADE
VIC1,2025-03-09 22:20:00,5209.81,79.0,TRADE
VIC1,2025-03-09 22:25:00,5164.38,85.24,TRADE
VIC1,2025-03-09 22:30:00,5253.09,85.48,TRADE
VIC1,2025-03-09 22:35:00,5195.72,88.18,TRADE
VIC1,2025-03-09 22:40:00,5135.39,85.48,TRADE
VIC1,2025-03-09 22:45:00,5137.59,83.48,TRADE
VIC1,2025-03-09 22:50:00,4971.34,79.0,TRADE
VIC1,2025-03-09 22:55:00,5007.32,78.67,TRADE
VIC1,2025-03-09 23:00:00,5128.84,79.0,TRADE
VIC1,2025-03-09 23:05:00,5127.21,82.61,TRADE
VIC1,2025-03-09 23:10:00,5168.8,79.73,TRADE
VIC1,2025-03-09 23:15:00,5225.99,79.73,TRADE
VIC1,2025-03-09 23:20:00,5239.43,78.86,TRADE
VIC1,2025-03-09 23:25:00,5240.34,77.31,TRADE
VIC1,2025-03-09 23:30:00,5147.57,77.53,TRADE
VIC1,2025-03-09 23:35:00,5174.85,79.0,TRADE
VIC1,2025-03-09 23:40:00,5203.39,79.0,TRADE
VIC1,2025-03-09 23:45:00,5140.89,76.96,TRADE
VIC1,2025-03-09 23:50:00,5121.76,75.03,TRADE
VIC1,2025-03-09 23:55:00,5072.52,72.42,TRADE
VIC1,2025-03-15 00:00:00,4941.25,104.92,TRADE
VIC1,2025-03-15 00:05:00,5000.9,109.63,TRADE
VIC1,2025-03-15 00:10:00,4954.08,108.82,TRADE
VIC1,2025-03-15 00:15:00,4899.37,102.47,TRADE
VIC1,2025-03-15 00:20:00,4920.5,105.76,TRADE
VIC1,2025-03-15 00:25:00,4849.32,102.39,TRADE
VIC1,2025-03-15 00:30:00,4834.85,102.1,TRADE
VIC1,2025-03-15 00:35:00,4701.25,96.57,TRADE
VIC1,2025-03-15 00:40:00,4735.58,112.74,TRADE
VIC1,2025-03-15 00:45:00,4766.38,111.86,TRADE
VIC1,2025-03-15 00:50:00,4718.68,104.08,TRADE
VIC1,2025-03-15 00:55:00,4682.69,100.02,TRADE
VIC1,2025-03-15 01:00:00,4670.96,96.22,TRADE
VIC1,2025-03-15 01:05:00,4658.31,108.78,TRADE
VIC1,2025-03-15 01:10:00,4658.16,104.69,TRADE
VIC1,2025-03-15 01:15:00,4590.58,101.39,TRADE
VIC1,2025-03-15 01:20:00,4566.11,103.72,TRADE
VIC1,2025-03-15 01:25:00,4586.4,102.8,TRADE
VIC1,2025-03-15 01:30:00,4593.92,98.26,TRADE
VIC1,2025-03-15 01:35:00,4507.63,101.97,TRADE
VIC1,2025-03-15 01:40:00,4558.2,102.98,TRADE
VIC1,2025-03-15 01:45:00,4565.4,105.5,TRADE
VIC1,2025-03-15 01:50:00,4538.53,97.99,TRADE
VIC1,2025-03-15 01:55:00,4496.52,98.93,TRADE
VIC1,2025-03-15 02:00:00,4396.31,95.23,TRADE
VIC1,2025-03-15 02:05:00,4495.24,101.76,TRADE
VIC1,2025-03-15 02:10:00,4455.51,100.95,TRADE
VIC1,2025-03-15 02:15:00,4512.75,104.32,TRADE
VIC1,2025-03-15 02:20:00,4479.88,101.8,TRADE
VIC1,2025-03-15 02:25:00,4454.64,97.82,TRADE
VIC1,2025-03-15 02:30:00,4450.11,96.63,TRADE
VIC1,2025-03-15 02:35:00,4452.1,97.33,TRADE
VIC1,2025-03-15 02:40:00,4382.12,96.75,TRADE
VIC1,2025-03-15 02:45:00,4412.52,99.37,TRADE
VIC1,2025-03-15 02:50:00,4458.19,103.08,TRADE
VIC1,2025-03-15 02:55:00,4407.31,100.32,TRADE
VIC1,2025-03-15 03:00:00,4427.36,99.91,TRADE
VIC1,2025-03-15 03:05:00,4430.1,111.38,TRADE
VIC1,2025-03-15 03:10:00,4458.63,108.45,TRADE
VIC1,2025-03-15 03:15:00,4425.69,108.44,TRADE
VIC1,2025-03-15 03:20:00,4421.04,112.26,TRADE
VIC1,2025-03-15 03:25:00,4358.05,110.34,TRADE
VIC1,2025-03-15 03:30:00,4337.0,107.55,TRADE
VIC1,2025-03-15 03:35:00,4332.22,107.55,TRADE
VIC1,2025-03-15 03:40:00,4333.97,107.52,TRADE
VIC1,2025-03-15 03:45:00,4343.21,107.53,TRADE
VIC1,2025-03-15 03:50:00,4343.28,111.12,TRADE
VIC1,2025-03-15 03:55:00,4359.34,107.55,TRADE
VIC1,2025-03-15 04:00:00,4401.05,112.34,TRADE
VIC1,2025-03-15 04:05:00,4381.6,112.49,TRADE
VIC1,2025-03-15 04:10:00,4452.11,113.61,TRADE
VIC1,2025-03-15 04:15:00,4480.36,112.24,TRADE
VIC1,2025-03-15 04:20:00,4477.5,113.02,TRADE
VIC1,2025-03-15 04:25:00,4456.53,113.61,TRADE
VIC1,2025-03-15 04:30:00,4384.32,113.31,TRADE
VIC1,2025-03-15 04:35:00,4406.01,111.75,TRADE
VIC1,2025-03-15 04:40:00,4446.78,114.79,TRADE
VIC1,2025-03-15 04:45:00,4482.9,114.79,TRADE
VIC1,2025-03-15 04:50:00,4444.51,112.6,TRADE
VIC1,2025-03-15 04:55:00,4470.21,113.9,TRADE
VIC1,2025-03-15 05:00:00,4470.5,114.49,TRADE
VIC1,2025-03-15 05:05:00,4484.06,107.49,TRADE
VIC1,2025-03-15 05:10:00,4489.58,113.02,TRADE
VIC1,2025-03-15 05:15:00,4517.24,114.17,TRADE
VIC1,2025-03-15 05:20:00,4607.84,115.27,TRADE
VIC1,2025-03-15 05:25:00,4630.68,116.57,TRADE
VIC1,2025-03-15 05:30:00,4565.32,116.57,TRADE
VIC1,2025-03-15 05:35:00,4627.51,118.98,TRADE
VIC1,2025-03-15 05:40:00,4660.09,125.5,TRADE
VIC1,2025-03-15 05:45:00,4651.34,132.72,TRADE
VIC1,2025-03-15 05:50:00,4674.39,125.23,TRADE
VIC1,2025-03-15 05:55:00,4625.4,138.06,TRADE
VIC1,2025-03-15 06:00:00,4665.37,125.5,TRADE
VIC1,2025-03-15 06:05:00,4684.02,119.02,TRADE
VIC1,2025-03-15 06:10:00,4764.4,151.78,TRADE
VIC1,2025-03-15 06:15:00,4779.12,139.59,TRADE
VIC1,2025-03-15 06:20:00,4756.37,118.7,TRADE
VIC1,2025-03-15 06:25:00,4814.58,116.57,TRADE
VIC1,2025-03-15 06:30:00,4823.5,113.9,TRADE
VIC1,2025-03-15 06:35:00,4846.01,113.32,TRADE
VIC1,2025-03-15 06:40:00,4835.76,111.76,TRADE
VIC1,2025-03-15 06:45:00,4841.9,107.46,TRADE
VIC1,2025-03-15 06:50:00,4826.0,102.11,TRADE
VIC1,2025-03-15 06:55:00,4801.33,66.04,TRADE
VIC1,2025-03-15 07:00:00,4781.03,48.4,TRADE
VIC1,2025-03-15 07:05:00,4756.89,56.18,TRADE
VIC1,2025-03-15 07:10:00,4760.26,40.81,TRADE
VIC1,2025-03-15 07:15:00,4739.18,35.95,TRADE
VIC1,2025-03-15 07:20:00,4637.91,35.61,TRADE
VIC1,2025-03-15 07:25:00,4700.53,-0.01,TRADE
VIC1,2025-03-15 07:30:00,4609.23,-0.01,TRADE
VIC1,2025-03-15 07:35:00,4555.7,0.0,TRADE
VIC1,2025-03-15 07:40:00,4482.02,9.0,TRADE
VIC1,2025-03-15 07:45:00,4426.52,9.0,TRADE
VIC1,2025-03-15 07:50:00,4357.2,6.95,TRADE
VIC1,2025-03-15 07:55:00,4299.43,-0.01,TRADE
VIC1,2025-03-15 08:00:00,4344.7,-9.24,TRADE
VIC1,2025-03-15 08:05:00,4320.28,-0.01,TRADE
VIC1,2025-03-15 08:10:00,4436.54,8.95,TRADE
VIC1,2025-03-15 08:15:00,4437.01,8.95,TRADE
VIC1,2025-03-15 08:20:00,4348.04,0.0,TRADE
VIC1,2025-03-15 08:25:00,4390.11,0.98,TRADE
VIC1,2025-03-15 08:30:00,4390.02,8.95,TRADE
VIC1,2025-03-15 08:35:00,4358.87,8.95,TRADE
VIC1,2025-03-15 08:40:00,4393.39,8.95,TRADE
VIC1,2025-03-15 08:45:00,4282.02,8.95,TRADE
VIC1,2025-03-15 08:50:00,4270.87,8.95,TRADE
VIC1,2025-03-15 08:55:00,4154.43,8.95,TRADE
VIC1,2025-03-15 09:00:00,4230.01,53.47,TRADE
VIC1,2025-03-15 09:05:00,4214.79,-0.01,TRADE
VIC1,2025-03-15 09:10:00,4220.76,-0.01,TRADE
VIC1,2025-03-15 09:15:00,4228.83,8.95,TRADE
VIC1,2025-03-15 09:20:00,4248.76,8.95,TRADE
VIC1,2025-03-15 09:25:00,4182.75,0.0,TRADE
VIC1,2025-03-15 09:30:00,4184.16,0.0,TRADE
VIC1,2025-03-15 09:35:00,4187.85,-9.28,TRADE
VIC1,2025-03-15 09:40:00,4160.74,8.51,TRADE
VIC1,2025-03-15 09:45:00,4222.77,0.0,TRADE
VIC1,2025-03-15 09:50:00,4267.23,-21.77,TRADE
VIC1,2025-03-15 09:55:00,4187.31,-9.4,TRADE
VIC1,2025-03-15 10:00:00,4252.54,8.95,TRADE
VIC1,2025-03-15 10:05:00,4141.27,-0.01,TRADE
VIC1,2025-03-15 10:10:00,4202.38,-0.01,TRADE
VIC1,2025-03-15 10:15:00,4119.57,-0.01,TRADE
VIC1,2025-03-15 10:20:00,4167.96,8.71,TRADE
VIC1,2025-03-15 10:25:00,4172.35,0.0,TRADE
VIC1,2025-03-15 10:30:00,4223.39,-18.15,TRADE
VIC1,2025-03-15 10:35:00,4305.41,-17.41,TRADE
VIC1,2025-03-15 10:40:00,4300.89,-0.01,TRADE
VIC1,2025-03-15 10:45:00,4456.84,1.0,TRADE
VIC1,2025-03-15 10:50:00,4482.63,1.01,TRADE
VIC1,2025-03-15 10:55:00,4576.75,1.02,TRADE
VIC1,2025-03-15 11:00:00,4560.4,1.37,TRADE
VIC1,2025-03-15 11:05:00,4568.9,1.02,TRADE
VIC1,2025-03-15 11:10:00,4711.41,2.75,TRADE
VIC1,2025-03-15 11:15:00,4698.54,1.04,TRADE
VIC1,2025-03-15 11:20:00,4659.4,-0.01,TRADE
VIC1,2025-03-15 11:25:00,4628.97,13.57,TRADE
VIC1,2025-03-15 11:30:00,4623.32,8.91,TRADE
VIC1,2025-03-15 11:35:00,4667.38,1.04,TRADE
VIC1,2025-03-15 11:40:00,4614.48,8.95,TRADE
VIC1,2025-03-15 11:45:00,4635.42,14.45,TRADE
VIC1,2025-03-15 11:50:00,4727.84,14.35,TRADE
VIC1,2025-03-15 11:55:00,4766.27,8.95,TRADE
VIC1,2025-03-15 12:00:00,4846.6,8.95,TRADE
VIC1,2025-03-15 12:05:00,4924.34,19.01,TRADE
VIC1,2025-03-15 12:10:00,4970.57,13.31,TRADE
VIC1,2025-03-15 12:15:00,5019.24,8.95,TRADE
VIC1,2025-03-15 12:20:00,5070.55,8.95,TRADE
VIC1,2025-03-15 12:25:00,5137.33,19.01,TRADE
VIC1,2025-03-15 12:30:00,5257.15,41.3,TRADE
VIC1,2025-03-15 12:35:00,5266.78,48.65,TRADE
VIC1,2025-03-15 12:40:00,5328.18,46.29,TRADE
VIC1,2025-03-15 12:45:00,5363.67,13.38,TRADE
VIC1,2025-03-15 12:50:00,5359.79,35.01,TRADE
VIC1,2025-03-15 12:55:00,5385.48,62.66,TRADE
VIC1,2025-03-15 13:00:00,5279.73,56.0,TRADE
VIC1,2025-03-15 13:05:00,5199.61,54.65,TRADE
VIC1,2025-03-15 13:10:00,5174.99,33.0,TRADE
VIC1,2025-03-15 13:15:00,5015.73,33.0,TRADE
VIC1,2025-03-15 13:20:00,5139.12,34.1,TRADE
VIC1,2025-03-15 13:25:00,5179.55,70.22,TRADE
VIC1,2025-03-15 13:30:00,5214.37,33.0,TRADE
VIC1,2025-03-15 13:35:00,5295.26,33.0,TRADE
VIC1,2025-03-15 13:40:00,5381.32,35.01,TRADE
VIC1,2025-03-15 13:45:00,5578.06,35.22,TRADE
VIC1,2025-03-15 13:50:00,5758.84,72.56,TRADE
VIC1,2025-03-15 13:55:00,5840.45,35.95,TRADE
VIC1,2025-03-15 14:00:00,5801.28,82.83,TRADE
VIC1,2025-03-15 14:05:00,5964.18,128.15,TRADE
VIC1,2025-03-15 14:10:00,6075.69,136.29,TRADE
VIC1,2025-03-15 14:15:00,6107.99,107.31,TRADE
VIC1,2025-03-15 14:20:00,6235.58,37.48,TRADE
VIC1,2025-03-15 14:25:00,6304.38,33.89,TRADE
VIC1,2025-03-15 14:30:00,6340.74,36.07,TRADE
VIC1,2025-03-15 14:35:00,6399.67,36.73,TRADE
VIC1,2025-03-15 14:40:00,6389.98,35.75,TRADE
VIC1,2025-03-15 14:45:00,6451.73,141.23,TRADE
VIC1,2025-03-15 14:50:00,6574.62,110.02,TRADE
VIC1,2025-03-15 14:55:00,6593.74,111.0,TRADE
VIC1,2025-03-15 15:00:00,6620.59,108.35,TRADE
VIC1,2025-03-15 15:05:00,6733.08,112.77,TRADE
VIC1,2025-03-15 15:10:00,6782.13,114.03,TRADE
VIC1,2025-03-15 15:15:00,6837.54,125.07,TRADE
VIC1,2025-03-15 15:20:00,6963.1,147.65,TRADE
VIC1,2025-03-15 15:25:00,6948.98,115.49,TRADE
VIC1,2025-03-15 15:30:00,7136.71,128.54,TRADE
VIC1,2025-03-15 15:35:00,7098.79,128.58,TRADE
VIC1,2025-03-15 15:40:00,7272.93,191.26,TRADE
VIC1,2025-03-15 15:45:00,7346.47,167.24,TRADE
VIC1,2025-03-15 15:50:00,7308.38,143.78,TRADE
VIC1,2025-03-15 15:55:00,7367.55,143.84,TRADE
VIC1,2025-03-15 16:00:00,7462.28,162.58,TRADE
VIC1,2025-03-15 16:05:00,7456.32,152.36,TRADE
VIC1,2025-03-15 16:10:00,7431.22,151.56,TRADE
VIC1,2025-03-15 16:15:00,7375.96,160.0,TRADE
VIC1,2025-03-15 16:20:00,7348.37,-22.45,TRADE
VIC1,2025-03-15 16:25:00,7300.38,-19.48,TRADE
VIC1,2025-03-15 16:30:00,7365.86,9.0,TRADE
VIC1,2025-03-15 16:35:00,7418.21,-2.51,TRADE
VIC1,2025-03-15 16:40:00,7325.59,0.0,TRADE
VIC1,2025-03-15 16:45:00,7359.75,120.0,TRADE
VIC1,2025-03-15 16:50:00,7448.62,119.61,TRADE
VIC1,2025-03-15 16:55:00,7442.22,120.0,TRADE
VIC1,2025-03-15 17:00:00,7437.43,152.34,TRADE
VIC1,2025-03-15 17:05:00,7337.8,160.0,TRADE
VIC1,2025-03-15 17:10:00,7298.26,120.0,TRADE
VIC1,2025-03-15 17:15:00,7355.44,151.33,TRADE
VIC1,2025-03-15 17:20:00,7269.8,149.77,TRADE
VIC1,2025-03-15 17:25:00,7407.14,152.28,TRADE
VIC1,2025-03-15 17:30:00,7387.73,160.0,TRADE
VIC1,2025-03-15 17:35:00,7380.92,159.87,TRADE
VIC1,2025-03-15 17:40:00,7398.78,154.67,TRADE
VIC1,2025-03-15 17:45:00,7388.87,152.75,TRADE
VIC1,2025-03-15 17:50:00,7424.2,160.0,TRADE
VIC1,2025-03-15 17:55:00,7311.38,160.0,TRADE
VIC1,2025-03-15 18:00:00,7299.96,160.0,TRADE
VIC1,2025-03-15 18:05:00,7272.41,160.0,TRADE
VIC1,2025-03-15 18:10:00,7281.44,160.0,TRADE
VIC1,2025-03-15 18:15:00,7285.87,160.0,TRADE
VIC1,2025-03-15 18:20:00,7299.23,160.0,TRADE
VIC1,2025-03-15 18:25:00,7232.47,157.31,TRADE
VIC1,2025-03-15 18:30:00,7277.11,153.88,TRADE
VIC1,2025-03-15 18:35:00,7288.05,153.88,TRADE
VIC1,2025-03-15 18:40:00,7279.35,131.56,TRADE
VIC1,2025-03-15 18:45:00,7225.15,129.5,TRADE
VIC1,2025-03-15 18:50:00,7168.28,120.0,TRADE
VIC1,2025-03-15 18:55:00,7163.46,120.0,TRADE
VIC1,2025-03-15 19:00:00,7157.42,120.0,TRADE
VIC1,2025-03-15 19:05:00,7174.72,120.0,TRADE
VIC1,2025-03-15 19:10:00,7100.26,120.0,TRADE
VIC1,2025-03-15 19:15:00,7093.98,91.85,TRADE
VIC1,2025-03-15 19:20:00,7067.92,79.0,TRADE
VIC1,2025-03-15 19:25:00,6989.32,90.0,TRADE
VIC1,2025-03-15 19:30:00,6906.92,79.0,TRADE
VIC1,2025-03-15 19:35:00,6870.04,79.0,TRADE
VIC1,2025-03-15 19:40:00,6895.07,79.0,TRADE
VIC1,2025-03-15 19:45:00,6833.78,20.04,TRADE
VIC1,2025-03-15 19:50:00,6701.44,79.0,TRADE
VIC1,2025-03-15 19:55:00,6724.39,91.85,TRADE
VIC1,2025-03-15 20:00:00,6662.97,120.0,TRADE
VIC1,2025-03-15 20:05:00,6656.35,113.55,TRADE
VIC1,2025-03-15 20:10:00,6653.95,114.52,TRADE
VIC1,2025-03-15 20:15:00,6582.7,91.85,TRADE
VIC1,2025-03-15 20:20:00,6522.69,101.5,TRADE
VIC1,2025-03-15 20:25:00,6435.47,91.85,TRADE
VIC1,2025-03-15 20:30:00,6385.64,68.66,TRADE
VIC1,2025-03-15 20:35:00,6388.52,102.72,TRADE
VIC1,2025-03-15 20:40:00,6371.36,120.0,TRADE
VIC1,2025-03-15 20:45:00,6283.52,112.04,TRADE
VIC1,2025-03-15 20:50:00,6301.02,106.64,TRADE
VIC1,2025-03-15 20:55:00,6284.89,117.79,TRADE
VIC1,2025-03-15 21:00:00,6221.37,105.8,TRADE
VIC1,2025-03-15 21:05:00,6192.7,121.94,TRADE
VIC1,2025-03-15 21:10:00,6075.01,127.18,TRADE
VIC1,2025-03-15 21:15:00,6078.3,120.22,TRADE
VIC1,2025-03-15 21:20:00,6025.04,118.33,TRADE
VIC1,2025-03-15 21:25:00,5927.15,102.85,TRADE
VIC1,2025-03-15 21:30:00,5933.72,103.69,TRADE
VIC1,2025-03-15 21:35:00,5892.28,102.56,TRADE
VIC1,2025-03-15 21:40:00,5838.84,120.0,TRADE
VIC1,2025-03-15 21:45:00,5804.06,120.0,TRADE
VIC1,2025-03-15 21:50:00,5719.62,106.95,TRADE
VIC1,2025-03-15 21:55:00,5667.94,120.0,TRADE
VIC1,2025-03-15 22:00:00,5687.43,109.87,TRADE
VIC1,2025-03-15 22:05:00,5685.31,120.0,TRADE
VIC1,2025-03-15 22:10:00,5680.16,125.08,TRADE
VIC1,2025-03-15 22:15:00,5594.17,123.23,TRADE
VIC1,2025-03-15 22:20:00,5645.57,125.39,TRADE
VIC1,2025-03-15 22:25:00,5597.56,127.84,TRADE
VIC1,2025-03-15 22:30:00,5605.53,127.33,TRADE
VIC1,2025-03-15 22:35:00,5549.45,127.51,TRADE
VIC1,2025-03-15 22:40:00,5478.47,125.99,TRADE
VIC1,2025-03-15 22:45:00,5555.07,130.83,TRADE
VIC1,2025-03-15 22:50:00,5524.06,127.96,TRADE
VIC1,2025-03-15 22:55:00,5411.8,131.16,TRADE
VIC1,2025-03-15 23:00:00,5365.99,128.18,TRADE
VIC1,2025-03-15 23:05:00,5448.91,130.5,TRADE
VIC1,2025-03-15 23:10:00,5526.39,138.36,TRADE
VIC1,2025-03-15 23:15:00,5529.31,137.23,TRADE
VIC1,2025-03-15 23:20:00,5534.03,130.84,TRADE
VIC1,2025-03-15 23:25:00,5493.04,132.54,TRADE
VIC1,2025-03-15 23:30:00,5470.03,132.17,TRADE
VIC1,2025-03-15 23:35:00,5398.58,134.69,TRADE
VIC1,2025-03-15 23:40:00,5423.83,155.3,TRADE
VIC1,2025-03-15 23:45:00,5351.92,141.6,TRADE
VIC1,2025-03-15 23:50:00,5285.57,139.74,TRADE
VIC1,2025-03-15 23:55:00,5271.86,142.25,TRADE
VIC1,2025-03-16 00:00:00,5197.84,136.57,TRADE
VIC1,2025-03-16 00:05:00,5190.89,145.61,TRADE
VIC1,2025-03-16 00:10:00,5105.12,137.85,TRADE
VIC1,2025-03-16 00:15:00,5060.22,133.5,TRADE
VIC1,2025-03-16 00:20:00,5094.97,133.53,TRADE
VIC1,2025-03-16 00:25:00,5090.06,132.83,TRADE
VIC1,2025-03-16 00:30:00,5029.16,130.5,TRADE
VIC1,2025-03-16 00:35:00,5032.65,130.1,TRADE
VIC1,2025-03-16 00:40:00,5018.9,133.58,TRADE
VIC1,2025-03-16 00:45:00,4987.18,128.51,TRADE
VIC1,2025-03-16 00:50:00,4966.05,125.43,TRADE
VIC1,2025-03-16 00:55:00,4832.04,113.98,TRADE
VIC1,2025-03-16 01:00:00,4864.3,112.15,TRADE
VIC1,2025-03-16 01:05:00,4879.44,118.27,TRADE
VIC1,2025-03-16 01:10:00,4845.83,116.08,TRADE
VIC1,2025-03-16 01:15:00,4751.81,105.27,TRADE
VIC1,2025-03-16 01:20:00,4790.57,111.77,TRADE
VIC1,2025-03-16 01:25:00,4777.08,95.22,TRADE
VIC1,2025-03-16 01:30:00,4739.85,79.0,TRADE
VIC1,2025-03-16 01:35:00,4697.51,83.63,TRADE
VIC1,2025-03-16 01:40:00,4629.48,82.56,TRADE
VIC1,2025-03-16 01:45:00,4632.86,79.0,TRADE
VIC1,2025-03-16 01:50:00,4634.89,74.97,TRADE
VIC1,2025-03-16 01:55:00,4582.51,76.32,TRADE
VIC1,2025-03-16 02:00:00,4610.81,79.0,TRADE
VIC1,2025-03-16 02:05:00,4603.89,77.81,TRADE
VIC1,2025-03-16 02:10:00,4641.1,78.72,TRADE
VIC1,2025-03-16 02:15:00,4638.01,77.2,TRADE
VIC1,2025-03-16 02:20:00,4646.56,79.0,TRADE
VIC1,2025-03-16 02:25:00,4545.7,81.0,TRADE
VIC1,2025-03-16 02:30:00,4483.67,80.97,TRADE
VIC1,2025-03-16 02:35:00,4451.72,78.72,TRADE
VIC1,2025-03-16 02:40:00,4420.77,74.73,TRADE
VIC1,2025-03-16 02:45:00,4407.16,75.28,TRADE
VIC1,2025-03-16 02:50:00,4443.36,74.67,TRADE
VIC1,2025-03-16 02:55:00,4433.34,73.93,TRADE
VIC1,2025-03-16 03:00:00,4395.79,71.92,TRADE
VIC1,2025-03-16 03:05:00,4394.0,72.48,TRADE
VIC1,2025-03-16 03:10:00,4376.84,72.37,TRADE
VIC1,2025-03-16 03:15:00,4357.42,69.33,TRADE
VIC1,2025-03-16 03:20:00,4332.29,68.73,TRADE
VIC1,2025-03-16 03:25:00,4257.73,52.98,TRADE
VIC1,2025-03-16 03:30:00,4277.62,68.17,TRADE
VIC1,2025-03-16 03:35:00,4218.45,68.86,TRADE
VIC1,2025-03-16 03:40:00,4230.4,73.5,TRADE
VIC1,2025-03-16 03:45:00,4191.05,69.96,TRADE
VIC1,2025-03-16 03:50:00,4281.44,73.91,TRADE
VIC1,2025-03-16 03:55:00,4306.11,70.54,TRADE
VIC1,2025-03-16 04:00:00,4339.67,71.77,TRADE
VIC1,2025-03-16 04:05:00,4346.46,76.4,TRADE
VIC1,2025-03-16 04:10:00,4347.48,76.9,TRADE
VIC1,2025-03-16 04:15:00,4291.47,73.31,TRADE
VIC1,2025-03-16 04:20:00,4363.49,75.25,TRADE
VIC1,2025-03-16 04:25:00,4338.4,74.3,TRADE
VIC1,2025-03-16 04:30:00,4307.4,74.34,TRADE
VIC1,2025-03-16 04:35:00,4369.73,74.98,TRADE
VIC1,2025-03-16 04:40:00,4381.67,75.99,TRADE
VIC1,2025-03-16 04:45:00,4363.19,74.97,TRADE
VIC1,2025-03-16 04:50:00,4376.75,74.53,TRADE
VIC1,2025-03-16 04:55:00,4339.29,71.74,TRADE
VIC1,2025-03-16 05:00:00,4311.71,72.15,TRADE
VIC1,2025-03-16 05:05:00,4290.23,66.81,TRADE
VIC1,2025-03-16 05:10:00,4352.08,67.72,TRADE
VIC1,2025-03-16 05:15:00,4410.98,72.0,TRADE
VIC1,2025-03-16 05:20:00,4421.41,69.11,TRADE
VIC1,2025-03-16 05:25:00,4357.59,63.72,TRADE
VIC1,2025-03-16 05:30:00,4350.96,51.59,TRADE
VIC1,2025-03-16 05:35:00,4352.24,51.23,TRADE
VIC1,2025-03-16 05:40:00,4382.9,49.88,TRADE
VIC1,2025-03-16 05:45:00,4397.71,46.63,TRADE
VIC1,2025-03-16 05:50:00,4398.86,36.87,TRADE
VIC1,2025-03-16 05:55:00,4413.79,33.89,TRADE
VIC1,2025-03-16 06:00:00,4411.08,19.19,TRADE
VIC1,2025-03-16 06:05:00,4417.18,-2.51,TRADE
VIC1,2025-03-16 06:10:00,4431.48,-2.51,TRADE
VIC1,2025-03-16 06:15:00,4438.49,8.95,TRADE
VIC1,2025-03-16 06:20:00,4529.72,13.0,TRADE
VIC1,2025-03-16 06:25:00,4540.8,9.0,TRADE
VIC1,2025-03-16 06:30:00,4532.82,0.0,TRADE
VIC1,2025-03-16 06:35:00,4532.15,8.95,TRADE
VIC1,2025-03-16 06:40:00,4540.53,8.95,TRADE
VIC1,2025-03-16 06:45:00,4565.72,8.95,TRADE
VIC1,2025-03-16 06:50:00,4564.74,-0.01,TRADE
VIC1,2025-03-16 06:55:00,4548.98,-0.01,TRADE
VIC1,2025-03-16 07:00:00,4579.78,-2.37,TRADE
VIC1,2025-03-16 07:05:00,4560.53,-2.31,TRADE
VIC1,2025-03-16 07:10:00,4536.7,-0.01,TRADE
VIC1,2025-03-16 07:15:00,4610.22,-0.01,TRADE
VIC1,2025-03-16 07:20:00,4564.86,-19.99,TRADE
VIC1,2025-03-16 07:25:00,4541.25,-19.99,TRADE
VIC1,2025-03-16 07:30:00,4546.31,-18.09,TRADE
VIC1,2025-03-16 07:35:00,4625.37,-2.37,TRADE
VIC1,2025-03-16 07:40:00,4645.95,-0.01,TRADE
VIC1,2025-03-16 07:45:00,4672.91,11.47,TRADE
VIC1,2025-03-16 07:50:00,4664.67,-2.51,TRADE
VIC1,2025-03-16 07:55:00,4700.57,-2.51,TRADE
VIC1,2025-03-16 08:00:00,4753.68,-0.01,TRADE
VIC1,2025-03-16 08:05:00,4802.9,-2.51,TRADE
VIC1,2025-03-16 08:10:00,4827.93,-0.01,TRADE
VIC1,2025-03-16 08:15:00,4809.42,-2.41,TRADE
VIC1,2025-03-16 08:20:00,4718.24,-2.31,TRADE
VIC1,2025-03-16 08:25:00,4783.9,-2.51,TRADE
VIC1,2025-03-16 08:30:00,4783.44,-2.4,TRADE
VIC1,2025-03-16 08:35:00,4712.16,-2.51,TRADE
VIC1,2025-03-16 08:40:00,4718.12,8.95,TRADE
VIC1,2025-03-16 08:45:00,4743.3,-0.4,TRADE
VIC1,2025-03-16 08:50:00,4794.97,0.0,TRADE
VIC1,2025-03-16 08:55:00,4756.48,-7.45,TRADE
VIC1,2025-03-16 09:00:00,4720.66,8.95,TRADE
VIC1,2025-03-16 09:05:00,4696.05,-2.42,TRADE
VIC1,2025-03-16 09:10:00,4777.9,19.06,TRADE
VIC1,2025-03-16 09:15:00,4822.07,12.0,TRADE
VIC1,2025-03-16 09:20:00,4897.68,-2.51,TRADE
VIC1,2025-03-16 09:25:00,4858.15,0.0,TRADE
VIC1,2025-03-16 09:30:00,4850.04,-2.51,TRADE
VIC1,2025-03-16 09:35:00,4839.94,5.47,TRADE
VIC1,2025-03-16 09:40:00,4866.1,-2.51,TRADE
VIC1,2025-03-16 09:45:00,4876.24,-8.02,TRADE
VIC1,2025-03-16 09:50:00,4834.52,-2.51,TRADE
VIC1,2025-03-16 09:55:00,4819.61,0.0,TRADE
VIC1,2025-03-16 10:00:00,4947.3,-2.51,TRADE
VIC1,2025-03-16 10:05:00,4886.39,-2.51,TRADE
VIC1,2025-03-16 10:10:00,4891.26,-14.23,TRADE
VIC1,2025-03-16 10:15:00,5000.33,-13.57,TRADE
VIC1,2025-03-16 10:20:00,4992.56,-2.51,TRADE
VIC1,2025-03-16 10:25:00,5023.55,-19.99,TRADE
VIC1,2025-03-16 10:30:00,5042.71,-21.0,TRADE
VIC1,2025-03-16 10:35:00,4900.58,-19.99,TRADE
VIC1,2025-03-16 10:40:00,4878.74,-20.91,TRADE
VIC1,2025-03-16 10:45:00,4855.42,-21.0,TRADE
VIC1,2025-03-16 10:50:00,4953.16,-19.99,TRADE
VIC1,2025-03-16 10:55:00,4967.87,-19.99,TRADE
VIC1,2025-03-16 11:00:00,4899.41,-19.99,TRADE
VIC1,2025-03-16 11:05:00,5019.82,-13.08,TRADE
VIC1,2025-03-16 11:10:00,5007.62,0.88,TRADE
VIC1,2025-03-16 11:15:00,5047.67,0.88,TRADE
VIC1,2025-03-16 11:20:00,4994.88,9.5,TRADE
VIC1,2025-03-16 11:25:00,4977.73,9.48,TRADE
VIC1,2025-03-16 11:30:00,4974.24,40.24,TRADE
VIC1,2025-03-16 11:35:00,5022.06,52.79,TRADE
VIC1,2025-03-16 11:40:00,5039.42,32.97,TRADE
VIC1,2025-03-16 11:45:00,4891.27,33.89,TRADE
VIC1,2025-03-16 11:50:00,4875.78,32.24,TRADE
VIC1,2025-03-16 11:55:00,4883.19,32.32,TRADE
VIC1,2025-03-16 12:00:00,4857.93,31.25,TRADE
VIC1,2025-03-16 12:05:00,4822.81,10.52,TRADE
VIC1,2025-03-16 12:10:00,4794.09,-5.98,TRADE
VIC1,2025-03-16 12:15:00,4793.32,6.96,TRADE
VIC1,2025-03-16 12:20:00,4790.71,9.7,TRADE
VIC1,2025-03-16 12:25:00,4693.64,0.89,TRADE
VIC1,2025-03-16 12:30:00,4760.44,11.35,TRADE
VIC1,2025-03-16 12:35:00,4767.0,10.54,TRADE
VIC1,2025-03-16 12:40:00,4696.45,12.0,TRADE
VIC1,2025-03-16 12:45:00,4666.95,0.91,TRADE
VIC1,2025-03-16 12:50:00,4567.05,0.91,TRADE
VIC1,2025-03-16 12:55:00,4598.17,32.59,TRADE
VIC1,2025-03-16 13:00:00,4600.93,31.4,TRADE
VIC1,2025-03-16 13:05:00,4617.06,8.95,TRADE
VIC1,2025-03-16 13:10:00,4615.52,-8.36,TRADE
VIC1,2025-03-16 13:15:00,4610.0,-8.23,TRADE
VIC1,2025-03-16 13:20:00,4634.45,-8.23,TRADE
VIC1,2025-03-16 13:25:00,4586.51,-25.23,TRADE
VIC1,2025-03-16 13:30:00,4637.39,1.38,TRADE
VIC1,2025-03-16 13:35:00,4594.09,-6.17,TRADE
VIC1,2025-03-16 13:40:00,4622.25,-7.79,TRADE
VIC1,2025-03-16 13:45:00,4525.19,-13.57,TRADE
VIC1,2025-03-16 13:50:00,4592.06,0.81,TRADE
VIC1,2025-03-16 13:55:00,4555.82,-13.57,TRADE
VIC1,2025-03-16 14:00:00,4554.92,-0.3,TRADE
VIC1,2025-03-16 14:05:00,4581.75,10.02,TRADE
VIC1,2025-03-16 14:10:00,4577.5,-21.0,TRADE
VIC1,2025-03-16 14:15:00,4507.42,-21.0,TRADE
VIC1,2025-03-16 14:20:00,4482.33,-19.99,TRADE
VIC1,2025-03-16 14:25:00,4463.11,13.21,TRADE
VIC1,2025-03-16 14:30:00,4484.75,10.34,TRADE
VIC1,2025-03-16 14:35:00,4467.93,10.46,TRADE
VIC1,2025-03-16 14:40:00,4596.4,63.04,TRADE
VIC1,2025-03-16 14:45:00,4657.34,42.26,TRADE
VIC1,2025-03-16 14:50:00,4597.26,29.2,TRADE
VIC1,2025-03-16 14:55:00,4655.82,29.38,TRADE
VIC1,2025-03-16 15:00:00,4672.57,-12.18,TRADE
VIC1,2025-03-16 15:05:00,4646.58,-7.57,TRADE
VIC1,2025-03-16 15:10:00,4653.95,10.48,TRADE
VIC1,2025-03-16 15:15:00,4610.83,-7.45,TRADE
VIC1,2025-03-16 15:20:00,4539.92,-19.99,TRADE
VIC1,2025-03-16 15:25:00,4494.23,-19.99,TRADE
VIC1,2025-03-16 15:30:00,4516.54,-19.48,TRADE
VIC1,2025-03-16 15:35:00,4527.41,-17.68,TRADE
VIC1,2025-03-16 15:40:00,4467.33,-19.99,TRADE
VIC1,2025-03-16 15:45:00,4381.96,-21.0,TRADE
VIC1,2025-03-16 15:50:00,4376.77,-19.99,TRADE
VIC1,2025-03-16 15:55:00,4275.64,-21.0,TRADE
VIC1,2025-03-16 16:00:00,4177.51,-21.0,TRADE
VIC1,2025-03-16 16:05:00,4057.02,-29.14,TRADE
VIC1,2025-03-16 16:10:00,4077.14,-21.0,TRADE
VIC1,2025-03-16 16:15:00,4156.23,-21.0,TRADE
VIC1,2025-03-16 16:20:00,4210.97,-21.0,TRADE
VIC1,2025-03-16 16:25:00,4241.0,-29.14,TRADE
VIC1,2025-03-16 16:30:00,4269.11,-29.14,TRADE
VIC1,2025-03-16 16:35:00,4358.08,-21.0,TRADE
VIC1,2025-03-16 16:40:00,4447.31,-29.14,TRADE
VIC1,2025-03-16 16:45:00,4481.75,-29.14,TRADE
VIC1,2025-03-16 16:50:00,4416.14,-110.24,TRADE
VIC1,2025-03-16 16:55:00,4393.82,-66.31,TRADE
VIC1,2025-03-16 17:00:00,4439.39,-66.31,TRADE
VIC1,2025-03-16 17:05:00,4442.45,-62.95,TRADE
VIC1,2025-03-16 17:10:00,4407.17,-66.31,TRADE
VIC1,2025-03-16 17:15:00,4480.03,-66.31,TRADE
VIC1,2025-03-16 17:20:00,4508.45,-62.95,TRADE
VIC1,2025-03-16 17:25:00,4493.2,-60.0,TRADE
VIC1,2025-03-16 17:30:00,4543.5,-50.21,TRADE
VIC1,2025-03-16 17:35:00,4536.55,-39.49,TRADE
VIC1,2025-03-16 17:40:00,4526.54,-30.0,TRADE
VIC1,2025-03-16 17:45:00,4648.25,-30.0,TRADE
VIC1,2025-03-16 17:50:00,4682.74,-27.5,TRADE
VIC1,2025-03-16 17:55:00,4708.7,-25.43,TRADE
VIC1,2025-03-16 18:00:00,4659.82,-21.0,TRADE
VIC1,2025-03-16 18:05:00,4746.77,-20.54,TRADE
VIC1,2025-03-16 18:10:00,4758.57,-20.62,TRADE
VIC1,2025-03-16 18:15:00,4853.87,-19.48,TRADE
VIC1,2025-03-16 18:20:00,4875.62,-19.99,TRADE
VIC1,2025-03-16 18:25:00,4867.22,-8.64,TRADE
VIC1,2025-03-16 18:30:00,4790.29,-8.63,TRADE
VIC1,2025-03-16 18:35:00,4826.39,-2.51,TRADE
VIC1,2025-03-16 18:40:00,4850.26,-2.51,TRADE
VIC1,2025-03-16 18:45:00,4840.96,-2.51,TRADE
VIC1,2025-03-16 18:50:00,4914.73,-2.51,TRADE
VIC1,2025-03-16 18:55:00,4908.17,4.5,TRADE
VIC1,2025-03-16 19:00:00,4913.53,0.0,TRADE
VIC1,2025-03-16 19:05:00,4934.23,-13.57,TRADE
VIC1,2025-03-16 19:10:00,4824.58,0.0,TRADE
VIC1,2025-03-16 19:15:00,4881.79,-19.99,TRADE
VIC1,2025-03-16 19:20:00,4880.04,-20.89,TRADE
VIC1,2025-03-16 19:25:00,4894.03,-21.0,TRADE
VIC1,2025-03-16 19:30:00,4830.43,-20.19,TRADE
VIC1,2025-03-16 19:35:00,4822.51,-30.0,TRADE
VIC1,2025-03-16 19:40:00,4751.02,-30.0,TRADE
VIC1,2025-03-16 19:45:00,4755.42,-30.0,TRADE
VIC1,2025-03-16 19:50:00,4678.51,-21.22,TRADE
VIC1,2025-03-16 19:55:00,4668.5,-8.99,TRADE
VIC1,2025-03-16 20:00:00,4695.65,-9.12,TRADE
VIC1,2025-03-16 20:05:00,4681.85,-9.13,TRADE
VIC1,2025-03-16 20:10:00,4653.8,-13.57,TRADE
VIC1,2025-03-16 20:15:00,4664.33,-19.48,TRADE
VIC1,2025-03-16 20:20:00,4635.62,-9.1,TRADE
VIC1,2025-03-16 20:25:00,4599.51,-13.57,TRADE
VIC1,2025-03-16 20:30:00,4549.77,-21.0,TRADE
VIC1,2025-03-16 20:35:00,4458.79,-21.1,TRADE
VIC1,2025-03-16 20:40:00,4503.88,-13.57,TRADE
VIC1,2025-03-16 20:45:00,4533.67,-2.51,TRADE
VIC1,2025-03-16 20:50:00,4435.9,-19.99,TRADE
VIC1,2025-03-16 20:55:00,4472.81,-19.99,TRADE
VIC1,2025-03-16 21:00:00,4398.26,-20.0,TRADE
VIC1,2025-03-16 21:05:00,4360.04,-19.99,TRADE
VIC1,2025-03-16 21:10:00,4306.99,-20.0,TRADE
VIC1,2025-03-16 21:15:00,4320.3,-13.57,TRADE
VIC1,2025-03-16 21:20:00,4214.74,-19.48,TRADE
VIC1,2025-03-16 21:25:00,4178.62,-19.99,TRADE
VIC1,2025-03-16 21:30:00,4175.2,-13.57,TRADE
VIC1,2025-03-16 21:35:00,4248.29,-9.31,TRADE
VIC1,2025-03-16 21:40:00,4237.68,-19.99,TRADE
VIC1,2025-03-16 21:45:00,4161.96,-20.0,TRADE
VIC1,2025-03-16 21:50:00,4195.37,-20.0,TRADE
VIC1,2025-03-16 21:55:00,4171.61,-21.75,TRADE
VIC1,2025-03-16 22:00:00,4143.98,-22.03,TRADE
VIC1,2025-03-16 22:05:00,4041.0,-21.69,TRADE
VIC1,2025-03-16 22:10:00,4035.93,-21.64,TRADE
VIC1,2025-03-16 22:15:00,4137.19,-20.0,TRADE
VIC1,2025-03-16 22:20:00,4035.45,-21.86,TRADE
VIC1,2025-03-16 22:25:00,4058.77,-22.02,TRADE
VIC1,2025-03-16 22:30:00,4087.35,-21.91,TRADE
VIC1,2025-03-16 22:35:00,4072.97,-22.36,TRADE
VIC1,2025-03-16 22:40:00,4031.56,-22.37,TRADE
VIC1,2025-03-16 22:45:00,3967.1,-25.85,TRADE
VIC1,2025-03-16 22:50:00,3961.83,-25.55,TRADE
VIC1,2025-03-16 22:55:00,3989.08,-26.01,TRADE
VIC1,2025-03-16 23:00:00,3953.62,-26.03,TRADE
VIC1,2025-03-16 23:05:00,4075.83,-22.09,TRADE
VIC1,2025-03-16 23:10:00,4179.61,-20.0,TRADE
VIC1,2025-03-16 23:15:00,4187.43,-19.99,TRADE
VIC1,2025-03-16 23:20:00,4240.23,-19.48,TRADE
VIC1,2025-03-16 23:25:00,4213.88,-9.56,TRADE
VIC1,2025-03-16 23:30:00,4202.49,-19.99,TRADE
VIC1,2025-03-16 23:35:00,4144.93,-19.48,TRADE
VIC1,2025-03-16 23:40:00,4149.45,-20.0,TRADE
VIC1,2025-03-16 23:45:00,4141.94,-20.0,TRADE
VIC1,2025-03-16 23:50:00,4127.62,-9.4,TRADE
VIC1,2025-03-16 23:55:00,4038.21,-19.99,TRADE
VIC1,2025-03-22 00:00:00,4543.75,120.0,TRADE
VIC1,2025-03-22 00:05:00,4497.65,160.0,TRADE
VIC1,2025-03-22 00:10:00,4489.58,162.56,TRADE
VIC1,2025-03-22 00:15:00,4365.3,129.8,TRADE
VIC1,2025-03-22 00:20:00,4374.68,131.64,TRADE
VIC1,2025-03-22 00:25:00,4337.31,129.55,TRADE
VIC1,2025-03-22 00:30:00,4304.04,129.52,TRADE
VIC1,2025-03-22 00:35:00,4374.3,129.14,TRADE
VIC1,2025-03-22 00:40:00,4300.08,125.41,TRADE
VIC1,2025-03-22 00:45:00,4335.89,126.98,TRADE
VIC1,2025-03-22 00:50:00,4272.11,125.36,TRADE
VIC1,2025-03-22 00:55:00,4325.31,125.98,TRADE
VIC1,2025-03-22 01:00:00,4294.68,124.67,TRADE
VIC1,2025-03-22 01:05:00,4284.78,127.78,TRADE
VIC1,2025-03-22 01:10:00,4303.13,131.24,TRADE
VIC1,2025-03-22 01:15:00,4174.64,127.01,TRADE
VIC1,2025-03-22 01:20:00,4155.93,128.16,TRADE
VIC1,2025-03-22 01:25:00,4215.06,141.01,TRADE
VIC1,2025-03-22 01:30:00,4149.43,140.26,TRADE
VIC1,2025-03-22 01:35:00,4192.79,160.0,TRADE
VIC1,2025-03-22 01:40:00,4165.53,160.0,TRADE
VIC1,2025-03-22 01:45:00,4080.6,151.9,TRADE
VIC1,2025-03-22 01:50:00,4125.84,160.0,TRADE
VIC1,2025-03-22 01:55:00,4125.13,154.1,TRADE
VIC1,2025-03-22 02:00:00,4123.7,149.47,TRADE
VIC1,2025-03-22 02:05:00,4108.43,152.56,TRADE
VIC1,2025-03-22 02:10:00,4018.92,152.85,TRADE
VIC1,2025-03-22 02:15:00,4097.71,160.0,TRADE
VIC1,2025-03-22 02:20:00,4086.74,160.0,TRADE
VIC1,2025-03-22 02:25:00,4013.62,160.0,TRADE
VIC1,2025-03-22 02:30:00,4068.22,160.0,TRADE
VIC1,2025-03-22 02:35:00,4045.87,160.0,TRADE
VIC1,2025-03-22 02:40:00,4026.61,160.0,TRADE
VIC1,2025-03-22 02:45:00,4030.13,160.0,TRADE
VIC1,2025-03-22 02:50:00,3956.27,145.69,TRADE
VIC1,2025-03-22 02:55:00,4029.59,160.0,TRADE
VIC1,2025-03-22 03:00:00,4008.08,139.4,TRADE
VIC1,2025-03-22 03:05:00,3992.17,150.28,TRADE
VIC1,2025-03-22 03:10:00,4020.47,135.35,TRADE
VIC1,2025-03-22 03:15:00,4027.6,160.0,TRADE
VIC1,2025-03-22 03:20:00,4035.7,149.16,TRADE
VIC1,2025-03-22 03:25:00,4038.9,150.23,TRADE
VIC1,2025-03-22 03:30:00,3973.85,152.01,TRADE
VIC1,2025-03-22 03:35:00,3973.82,151.07,TRADE
VIC1,2025-03-22 03:40:00,4053.36,151.75,TRADE
VIC1,2025-03-22 03:45:00,4072.5,127.39,TRADE
VIC1,2025-03-22 03:50:00,4077.81,139.0,TRADE
VIC1,2025-03-22 03:55:00,4075.34,152.7,TRADE
VIC1,2025-03-22 04:00:00,4066.52,152.91,TRADE
VIC1,2025-03-22 04:05:00,4092.66,120.96,TRADE
VIC1,2025-03-22 04:10:00,4090.83,122.89,TRADE
VIC1,2025-03-22 04:15:00,4039.42,130.24,TRADE
VIC1,2025-03-22 04:20:00,4137.47,140.49,TRADE
VIC1,2025-03-22 04:25:00,4052.95,139.81,TRADE
VIC1,2025-03-22 04:30:00,4082.54,156.0,TRADE
VIC1,2025-03-22 04:35:00,4064.15,144.97,TRADE
VIC1,2025-03-22 04:40:00,4147.05,145.35,TRADE
VIC1,2025-03-22 04:45:00,4159.08,143.46,TRADE
VIC1,2025-03-22 04:50:00,4160.51,145.35,TRADE
VIC1,2025-03-22 04:55:00,4193.27,144.97,TRADE
VIC1,2025-03-22 05:00:00,4205.85,146.09,TRADE
VIC1,2025-03-22 05:05:00,4195.74,120.0,TRADE
VIC1,2025-03-22 05:10:00,4195.46,120.0,TRADE
VIC1,2025-03-22 05:15:00,4207.14,121.62,TRADE
VIC1,2025-03-22 05:20:00,4271.1,142.8,TRADE
VIC1,2025-03-22 05:25:00,4268.53,133.7,TRADE
VIC1,2025-03-22 05:30:00,4267.25,144.95,TRADE
VIC1,2025-03-22 05:35:00,4318.39,144.97,TRADE
VIC1,2025-03-22 05:40:00,4351.78,142.48,TRADE
VIC1,2025-03-22 05:45:00,4390.94,160.0,TRADE
VIC1,2025-03-22 05:50:00,4372.47,160.0,TRADE
VIC1,2025-03-22 05:55:00,4358.16,160.0,TRADE
VIC1,2025-03-22 06:00:00,4346.24,160.0,TRADE
VIC1,2025-03-22 06:05:00,4472.38,160.0,TRADE
VIC1,2025-03-22 06:10:00,4541.72,195.6,TRADE
VIC1,2025-03-22 06:15:00,4509.85,164.93,TRADE
VIC1,2025-03-22 06:20:00,4600.08,163.38,TRADE
VIC1,2025-03-22 06:25:00,4591.92,170.23,TRADE
VIC1,2025-03-22 06:30:00,4632.1,163.16,TRADE
VIC1,2025-03-22 06:35:00,4596.21,160.0,TRADE
VIC1,2025-03-22 06:40:00,4612.92,160.0,TRADE
VIC1,2025-03-22 06:45:00,4681.05,160.98,TRADE
VIC1,2025-03-22 06:50:00,4687.46,149.22,TRADE
VIC1,2025-03-22 06:55:00,4640.88,129.16,TRADE
VIC1,2025-03-22 07:00:00,4714.86,127.88,TRADE
VIC1,2025-03-22 07:05:00,4698.36,128.81,TRADE
VIC1,2025-03-22 07:10:00,4603.1,116.24,TRADE
VIC1,2025-03-22 07:15:00,4614.0,105.09,TRADE
VIC1,2025-03-22 07:20:00,4491.52,99.4,TRADE
VIC1,2025-03-22 07:25:00,4491.44,98.44,TRADE
VIC1,2025-03-22 07:30:00,4487.37,95.07,TRADE
VIC1,2025-03-22 07:35:00,4384.58,95.9,TRADE
VIC1,2025-03-22 07:40:00,4341.17,93.08,TRADE
VIC1,2025-03-22 07:45:00,4370.08,79.0,TRADE
VIC1,2025-03-22 07:50:00,4310.86,36.05,TRADE
VIC1,2025-03-22 07:55:00,4268.89,77.19,TRADE
VIC1,2025-03-22 08:00:00,4203.39,12.0,TRADE
VIC1,2025-03-22 08:05:00,4072.1,79.0,TRADE
VIC1,2025-03-22 08:10:00,4014.42,94.51,TRADE
VIC1,2025-03-22 08:15:00,4050.46,93.35,TRADE
VIC1,2025-03-22 08:20:00,3948.91,168.81,TRADE
VIC1,2025-03-22 08:25:00,3898.1,59.44,TRADE
VIC1,2025-03-22 08:30:00,3886.74,0.0,TRADE
VIC1,2025-03-22 08:35:00,3810.33,68.92,TRADE
VIC1,2025-03-22 08:40:00,3713.74,-20.19,TRADE
VIC1,2025-03-22 08:45:00,3604.24,-25.5,TRADE
VIC1,2025-03-22 08:50:00,3562.03,-26.47,TRADE
VIC1,2025-03-22 08:55:00,3476.12,-20.19,TRADE
VIC1,2025-03-22 09:00:00,3493.37,-20.19,TRADE
VIC1,2025-03-22 09:05:00,3371.84,-20.19,TRADE
VIC1,2025-03-22 09:10:00,3411.82,-17.86,TRADE
VIC1,2025-03-22 09:15:00,3342.3,-17.86,TRADE
VIC1,2025-03-22 09:20:00,3288.77,-17.86,TRADE
VIC1,2025-03-22 09:25:00,3234.17,-27.13,TRADE
VIC1,2025-03-22 09:30:00,3162.84,-26.62,TRADE
VIC1,2025-03-22 09:35:00,3123.49,-26.02,TRADE
VIC1,2025-03-22 09:40:00,2991.02,-0.01,TRADE
VIC1,2025-03-22 09:45:00,2917.06,-17.86,TRADE
VIC1,2025-03-22 09:50:00,2970.89,0.6,TRADE
VIC1,2025-03-22 09:55:00,2844.68,0.6,TRADE
VIC1,2025-03-22 10:00:00,2914.93,0.0,TRADE
VIC1,2025-03-22 10:05:00,2819.84,-21.71,TRADE
VIC1,2025-03-22 10:10:00,2830.9,-26.13,TRADE
VIC1,2025-03-22 10:15:00,2739.21,-25.04,TRADE
VIC1,2025-03-22 10:20:00,2674.06,-24.55,TRADE
VIC1,2025-03-22 10:25:00,2653.97,-18.14,TRADE
VIC1,2025-03-22 10:30:00,2565.92,-40.33,TRADE
VIC1,2025-03-22 10:35:00,2630.18,7.13,TRADE
VIC1,2025-03-22 10:40:00,2640.71,65.01,TRADE
VIC1,2025-03-22 10:45:00,2527.21,19.02,TRADE
VIC1,2025-03-22 10:50:00,2502.95,45.89,TRADE
VIC1,2025-03-22 10:55:00,2463.9,-0.01,TRADE
VIC1,2025-03-22 11:00:00,2440.35,4.38,TRADE
VIC1,2025-03-22 11:05:00,2352.71,9.24,TRADE
VIC1,2025-03-22 11:10:00,2249.95,-17.86,TRADE
VIC1,2025-03-22 11:15:00,2186.95,-17.86,TRADE
VIC1,2025-03-22 11:20:00,2199.55,-17.92,TRADE
VIC1,2025-03-22 11:25:00,2166.38,-17.86,TRADE
VIC1,2025-03-22 11:30:00,2120.26,-17.92,TRADE
VIC1,2025-03-22 11:35:00,2110.55,-32.82,TRADE
VIC1,2025-03-22 11:40:00,2137.12,-20.28,TRADE
VIC1,2025-03-22 11:45:00,2103.51,-43.4,TRADE
VIC1,2025-03-22 11:50:00,2106.79,-39.56,TRADE
VIC1,2025-03-22 11:55:00,2129.95,-23.11,TRADE
VIC1,2025-03-22 12:00:00,2081.38,-110.24,TRADE
VIC1,2025-03-22 12:05:00,2206.13,-31.77,TRADE
VIC1,2025-03-22 12:10:00,2125.85,-117.52,TRADE
VIC1,2025-03-22 12:15:00,2068.33,-39.49,TRADE
VIC1,2025-03-22 12:20:00,2096.62,-28.59,TRADE
VIC1,2025-03-22 12:25:00,2101.05,-44.0,TRADE
VIC1,2025-03-22 12:30:00,2039.59,-44.0,TRADE
VIC1,2025-03-22 12:35:00,1951.22,-50.01,TRADE
VIC1,2025-03-22 12:40:00,2008.58,-50.01,TRADE
VIC1,2025-03-22 12:45:00,1948.5,-50.01,TRADE
VIC1,2025-03-22 12:50:00,2012.68,-48.0,TRADE
VIC1,2025-03-22 12:55:00,2015.45,-50.01,TRADE
VIC1,2025-03-22 13:00:00,1930.55,-50.21,TRADE
VIC1,2025-03-22 13:05:00,1995.86,-59.99,TRADE
VIC1,2025-03-22 13:10:00,2000.73,-59.99,TRADE
VIC1,2025-03-22 13:15:00,2014.83,-50.01,TRADE
VIC1,2025-03-22 13:20:00,1989.89,-59.99,TRADE
VIC1,2025-03-22 13:25:00,1958.83,-59.99,TRADE
VIC1,2025-03-22 13:30:00,1971.04,-59.99,TRADE
VIC1,2025-03-22 13:35:00,1945.39,-50.01,TRADE
VIC1,2025-03-22 13:40:00,2003.66,-59.99,TRADE
VIC1,2025-03-22 13:45:00,2056.17,-59.99,TRADE
VIC1,2025-03-22 13:50:00,2055.47,-66.31,TRADE
VIC1,2025-03-22 13:55:00,2079.79,-75.01,TRADE
VIC1,2025-03-22 14:00:00,2183.49,-66.31,TRADE
VIC1,2025-03-22 14:05:00,2171.51,-66.31,TRADE
VIC1,2025-03-22 14:10:00,2235.34,-50.01,TRADE
VIC1,2025-03-22 14:15:00,2187.32,-50.01,TRADE
VIC1,2025-03-22 14:20:00,2163.93,-48.0,TRADE
VIC1,2025-03-22 14:25:00,2217.91,-48.0,TRADE
VIC1,2025-03-22 14:30:00,2266.21,-44.0,TRADE
VIC1,2025-03-22 14:35:00,2366.33,-48.0,TRADE
VIC1,2025-03-22 14:40:00,2407.17,-44.62,TRADE
VIC1,2025-03-22 14:45:00,2404.11,-31.57,TRADE
VIC1,2025-03-22 14:50:00,2458.79,-28.61,TRADE
VIC1,2025-03-22 14:55:00,2545.93,-29.14,TRADE
VIC1,2025-03-22 15:00:00,2572.52,-29.6,TRADE
VIC1,2025-03-22 15:05:00,2605.48,-33.09,TRADE
VIC1,2025-03-22 15:10:00,2592.55,-29.68,TRADE
VIC1,2025-03-22 15:15:00,2728.81,-27.5,TRADE
VIC1,2025-03-22 15:20:00,2746.1,-29.4,TRADE
VIC1,2025-03-22 15:25:00,2800.29,-29.05,TRADE
VIC1,2025-03-22 15:30:00,2877.89,-9.27,TRADE
VIC1,2025-03-22 15:35:00,2880.62,-22.03,TRADE
VIC1,2025-03-22 15:40:00,3005.22,12.0,TRADE
VIC1,2025-03-22 15:45:00,3037.83,-9.35,TRADE
VIC1,2025-03-22 15:50:00,3020.26,-21.75,TRADE
VIC1,2025-03-22 15:55:00,3126.37,5.83,TRADE
VIC1,2025-03-22 16:00:00,3303.72,17.77,TRADE
VIC1,2025-03-22 16:05:00,3397.66,10.69,TRADE
VIC1,2025-03-22 16:10:00,3387.61,8.95,TRADE
VIC1,2025-03-22 16:15:00,3451.56,8.95,TRADE
VIC1,2025-03-22 16:20:00,3594.25,77.84,TRADE
VIC1,2025-03-22 16:25:00,3625.24,84.09,TRADE
VIC1,2025-03-22 16:30:00,3731.06,111.02,TRADE
VIC1,2025-03-22 16:35:00,3782.76,9.28,TRADE
VIC1,2025-03-22 16:40:00,3883.65,19.68,TRADE
VIC1,2025-03-22 16:45:00,4077.44,89.43,TRADE
VIC1,2025-03-22 16:50:00,4144.73,108.41,TRADE
VIC1,2025-03-22 16:55:00,4185.51,106.94,TRADE
VIC1,2025-03-22 17:00:00,4306.66,125.61,TRADE
VIC1,2025-03-22 17:05:00,4419.03,113.67,TRADE
VIC1,2025-03-22 17:10:00,4455.56,120.0,TRADE
VIC1,2025-03-22 17:15:00,4565.19,143.53,TRADE
VIC1,2025-03-22 17:20:00,4563.3,148.77,TRADE
VIC1,2025-03-22 17:25:00,4578.02,142.03,TRADE
VIC1,2025-03-22 17:30:00,4644.86,176.14,TRADE
VIC1,2025-03-22 17:35:00,4697.14,139.13,TRADE
VIC1,2025-03-22 17:40:00,4838.37,162.32,TRADE
VIC1,2025-03-22 17:45:00,4889.7,8.95,TRADE
VIC1,2025-03-22 17:50:00,4895.16,20.91,TRADE
VIC1,2025-03-22 17:55:00,4927.91,36.05,TRADE
VIC1,2025-03-22 18:00:00,5011.26,89.12,TRADE
VIC1,2025-03-22 18:05:00,5046.62,113.93,TRADE
VIC1,2025-03-22 18:10:00,5013.62,120.35,TRADE
VIC1,2025-03-22 18:15:00,5027.46,134.39,TRADE
VIC1,2025-03-22 18:20:00,5115.7,148.77,TRADE
VIC1,2025-03-22 18:25:00,5127.4,205.13,TRADE
VIC1,2025-03-22 18:30:00,5030.94,165.24,TRADE
VIC1,2025-03-22 18:35:00,5076.16,121.62,TRADE
VIC1,2025-03-22 18:40:00,5102.0,165.18,TRADE
VIC1,2025-03-22 18:45:00,5056.86,164.52,TRADE
VIC1,2025-03-22 18:50:00,4990.9,148.77,TRADE
VIC1,2025-03-22 18:55:00,5028.43,163.47,TRADE
VIC1,2025-03-22 19:00:00,5091.45,165.65,TRADE
VIC1,2025-03-22 19:05:00,5041.83,133.23,TRADE
VIC1,2025-03-22 19:10:00,5069.3,142.67,TRADE
VIC1,2025-03-22 19:15:00,5045.81,135.7,TRADE
VIC1,2025-03-22 19:20:00,5044.92,140.37,TRADE
VIC1,2025-03-22 19:25:00,4988.37,124.39,TRADE
VIC1,2025-03-22 19:30:00,4938.23,127.86,TRADE
VIC1,2025-03-22 19:35:00,4896.8,124.96,TRADE
VIC1,2025-03-22 19:40:00,4872.13,130.27,TRADE
VIC1,2025-03-22 19:45:00,4926.24,138.91,TRADE
VIC1,2025-03-22 19:50:00,4900.56,126.76,TRADE
VIC1,2025-03-22 19:55:00,4885.11,123.98,TRADE
VIC1,2025-03-22 20:00:00,4873.99,119.5,TRADE
VIC1,2025-03-22 20:05:00,4869.16,120.0,TRADE
VIC1,2025-03-22 20:10:00,4842.94,114.8,TRADE
VIC1,2025-03-22 20:15:00,4852.43,114.8,TRADE
VIC1,2025-03-22 20:20:00,4721.59,104.72,TRADE
VIC1,2025-03-22 20:25:00,4726.46,90.41,TRADE
VIC1,2025-03-22 20:30:00,4787.2,98.64,TRADE
VIC1,2025-03-22 20:35:00,4759.72,103.78,TRADE
VIC1,2025-03-22 20:40:00,4718.12,102.96,TRADE
VIC1,2025-03-22 20:45:00,4737.12,103.0,TRADE
VIC1,2025-03-22 20:50:00,4705.34,100.18,TRADE
VIC1,2025-03-22 20:55:00,4684.8,101.88,TRADE
VIC1,2025-03-22 21:00:00,4605.49,92.87,TRADE
VIC1,2025-03-22 21:05:00,4564.15,101.42,TRADE
VIC1,2025-03-22 21:10:00,4657.35,107.35,TRADE
VIC1,2025-03-22 21:15:00,4596.0,101.71,TRADE
VIC1,2025-03-22 21:20:00,4571.72,102.43,TRADE
VIC1,2025-03-22 21:25:00,4596.95,105.38,TRADE
VIC1,2025-03-22 21:30:00,4591.55,101.43,TRADE
VIC1,2025-03-22 21:35:00,4570.81,94.73,TRADE
VIC1,2025-03-22 21:40:00,4466.22,94.86,TRADE
VIC1,2025-03-22 21:45:00,4438.94,94.76,TRADE
VIC1,2025-03-22 21:50:00,4490.3,82.46,TRADE
VIC1,2025-03-22 21:55:00,4463.1,93.58,TRADE
VIC1,2025-03-22 22:00:00,4394.61,83.37,TRADE
VIC1,2025-03-22 22:05:00,4389.16,82.48,TRADE
VIC1,2025-03-22 22:10:00,4413.5,93.07,TRADE
VIC1,2025-03-22 22:15:00,4435.55,91.53,TRADE
VIC1,2025-03-22 22:20:00,4330.15,84.0,TRADE
VIC1,2025-03-22 22:25:00,4336.32,82.49,TRADE
VIC1,2025-03-22 22:30:00,4383.32,86.9,TRADE
VIC1,2025-03-22 22:35:00,4363.23,102.14,TRADE
VIC1,2025-03-22 22:40:00,4302.4,100.31,TRADE
VIC1,2025-03-22 22:45:00,4326.25,102.66,TRADE
VIC1,2025-03-22 22:50:00,4348.66,102.05,TRADE
VIC1,2025-03-22 22:55:00,4330.51,101.15,TRADE
VIC1,2025-03-22 23:00:00,4345.65,101.38,TRADE
VIC1,2025-03-22 23:05:00,4344.47,101.99,TRADE
VIC1,2025-03-22 23:10:00,4373.52,102.87,TRADE
VIC1,2025-03-22 23:15:00,4424.7,101.82,TRADE
VIC1,2025-03-22 23:20:00,4416.78,91.83,TRADE
VIC1,2025-03-22 23:25:00,4480.65,101.88,TRADE
VIC1,2025-03-22 23:30:00,4485.45,102.58,TRADE
VIC1,2025-03-22 23:35:00,4389.58,94.11,TRADE
VIC1,2025-03-22 23:40:00,4439.03,103.98,TRADE
VIC1,2025-03-22 23:45:00,4398.3,103.06,TRADE
VIC1,2025-03-22 23:50:00,4376.25,100.02,TRADE
VIC1,2025-03-22 23:55:00,4274.74,94.76,TRADE
VIC1,2025-03-23 00:00:00,4232.56,92.46,TRADE
VIC1,2025-03-23 00:05:00,4342.81,106.46,TRADE
VIC1,2025-03-23 00:10:00,4269.62,104.8,TRADE
VIC1,2025-03-23 00:15:00,4182.18,103.39,TRADE
VIC1,2025-03-23 00:20:00,4253.12,106.35,TRADE
VIC1,2025-03-23 00:25:00,4192.5,99.66,TRADE
VIC1,2025-03-23 00:30:00,4192.55,97.99,TRADE
VIC1,2025-03-23 00:35:00,4158.64,98.96,TRADE
VIC1,2025-03-23 00:40:00,4072.51,94.59,TRADE
VIC1,2025-03-23 00:45:00,4123.44,98.9,TRADE
VIC1,2025-03-23 00:50:00,4084.92,98.45,TRADE
VIC1,2025-03-23 00:55:00,4098.89,97.08,TRADE
VIC1,2025-03-23 01:00:00,4069.93,96.04,TRADE
VIC1,2025-03-23 01:05:00,4093.81,98.94,TRADE
VIC1,2025-03-23 01:10:00,4072.98,86.91,TRADE
VIC1,2025-03-23 01:15:00,4064.69,86.67,TRADE
VIC1,2025-03-23 01:20:00,3968.71,88.43,TRADE
VIC1,2025-03-23 01:25:00,3947.91,81.11,TRADE
VIC1,2025-03-23 01:30:00,3963.74,85.19,TRADE
VIC1,2025-03-23 01:35:00,3945.83,85.88,TRADE
VIC1,2025-03-23 01:40:00,3897.18,83.93,TRADE
VIC1,2025-03-23 01:45:00,3944.05,85.32,TRADE
VIC1,2025-03-23 01:50:00,3932.01,84.6,TRADE
VIC1,2025-03-23 01:55:00,3904.84,85.31,TRADE
VIC1,2025-03-23 02:00:00,3902.42,83.82,TRADE
VIC1,2025-03-23 02:05:00,3901.16,88.72,TRADE
VIC1,2025-03-23 02:10:00,3897.6,88.26,TRADE
VIC1,2025-03-23 02:15:00,3813.7,85.39,TRADE
VIC1,2025-03-23 02:20:00,3859.31,85.88,TRADE
VIC1,2025-03-23 02:25:00,3843.74,83.7,TRADE
VIC1,2025-03-23 02:30:00,3776.8,80.56,TRADE
VIC1,2025-03-23 02:35:00,3810.61,82.87,TRADE
VIC1,2025-03-23 02:40:00,3822.69,82.75,TRADE
VIC1,2025-03-23 02:45:00,3813.82,81.7,TRADE
VIC1,2025-03-23 02:50:00,3728.04,79.93,TRADE
VIC1,2025-03-23 02:55:00,3709.13,79.0,TRADE
VIC1,2025-03-23 03:00:00,3784.12,81.62,TRADE
VIC1,2025-03-23 03:05:00,3776.76,82.11,TRADE
VIC1,2025-03-23 03:10:00,3711.07,80.36,TRADE
VIC1,2025-03-23 03:15:00,3769.01,82.08,TRADE
VIC1,2025-03-23 03:20:00,3788.54,87.84,TRADE
VIC1,2025-03-23 03:25:00,3789.85,82.23,TRADE
VIC1,2025-03-23 03:30:00,3797.81,82.37,TRADE
VIC1,2025-03-23 03:35:00,3696.89,79.0,TRADE
VIC1,2025-03-23 03:40:00,3767.76,83.71,TRADE
VIC1,2025-03-23 03:45:00,3725.07,79.38,TRADE
VIC1,2025-03-23 03:50:00,3739.19,81.29,TRADE
VIC1,2025-03-23 03:55:00,3744.47,80.27,TRADE
VIC1,2025-03-23 04:00:00,3767.38,81.89,TRADE
VIC1,2025-03-23 04:05:00,3777.17,81.74,TRADE
VIC1,2025-03-23 04:10:00,3762.52,83.62,TRADE
VIC1,2025-03-23 04:15:00,3735.32,86.41,TRADE
VIC1,2025-03-23 04:20:00,3759.81,88.06,TRADE
VIC1,2025-03-23 04:25:00,3744.43,94.66,TRADE
VIC1,2025-03-23 04:30:00,3763.57,94.46,TRADE
VIC1,2025-03-23 04:35:00,3768.42,82.17,TRADE
VIC1,2025-03-23 04:40:00,3854.27,95.93,TRADE
VIC1,2025-03-23 04:45:00,3884.73,96.08,TRADE
VIC1,2025-03-23 04:50:00,3910.19,98.99,TRADE
VIC1,2025-03-23 04:55:00,3888.07,97.25,TRADE
VIC1,2025-03-23 05:00:00,3908.71,99.53,TRADE
VIC1,2025-03-23 05:05:00,3908.97,98.54,TRADE
VIC1,2025-03-23 05:10:00,3971.64,99.18,TRADE
VIC1,2025-03-23 05:15:00,3915.29,84.55,TRADE
VIC1,2025-03-23 05:20:00,3939.05,84.5,TRADE
VIC1,2025-03-23 05:25:00,4003.33,98.79,TRADE
VIC1,2025-03-23 05:30:00,4000.68,99.05,TRADE
VIC1,2025-03-23 05:35:00,4003.22,109.49,TRADE
VIC1,2025-03-23 05:40:00,4044.08,111.7,TRADE
VIC1,2025-03-23 05:45:00,4057.3,111.7,TRADE
VIC1,2025-03-23 05:50:00,4052.56,111.54,TRADE
VIC1,2025-03-23 05:55:00,4036.07,100.16,TRADE
VIC1,2025-03-23 06:00:00,4047.04,110.04,TRADE
VIC1,2025-03-23 06:05:00,4071.13,109.34,TRADE
VIC1,2025-03-23 06:10:00,4210.21,125.2,TRADE
VIC1,2025-03-23 06:15:00,4238.64,125.66,TRADE
VIC1,2025-03-23 06:20:00,4212.18,125.23,TRADE
VIC1,2025-03-23 06:25:00,4206.95,118.04,TRADE
VIC1,2025-03-23 06:30:00,4258.74,127.86,TRADE
VIC1,2025-03-23 06:35:00,4248.87,126.25,TRADE
VIC1,2025-03-23 06:40:00,4198.87,125.55,TRADE
VIC1,2025-03-23 06:45:00,4215.43,126.23,TRADE
VIC1,2025-03-23 06:50:00,4265.85,126.37,TRADE
VIC1,2025-03-23 06:55:00,4251.07,124.26,TRADE
VIC1,2025-03-23 07:00:00,4225.2,111.94,TRADE
VIC1,2025-03-23 07:05:00,4238.09,111.83,TRADE
VIC1,2025-03-23 07:10:00,4189.3,98.26,TRADE
VIC1,2025-03-23 07:15:00,4168.83,84.95,TRADE
VIC1,2025-03-23 07:20:00,4071.86,79.0,TRADE
VIC1,2025-03-23 07:25:00,4035.48,75.64,TRADE
VIC1,2025-03-23 07:30:00,3987.2,51.69,TRADE
VIC1,2025-03-23 07:35:00,3971.94,59.63,TRADE
VIC1,2025-03-23 07:40:00,3966.11,55.96,TRADE
VIC1,2025-03-23 07:45:00,3990.72,125.5,TRADE
VIC1,2025-03-23 07:50:00,3942.71,56.01,TRADE
VIC1,2025-03-23 07:55:00,3842.12,52.28,TRADE
VIC1,2025-03-23 08:00:00,3854.06,33.04,TRADE
VIC1,2025-03-23 08:05:00,3832.87,8.95,TRADE
VIC1,2025-03-23 08:10:00,3797.32,33.89,TRADE
VIC1,2025-03-23 08:15:00,3767.6,33.89,TRADE
VIC1,2025-03-23 08:20:00,3610.12,-23.75,TRADE
VIC1,2025-03-23 08:25:00,3537.5,-0.01,TRADE
VIC1,2025-03-23 08:30:00,3472.05,-0.01,TRADE
VIC1,2025-03-23 08:35:00,3441.19,-0.01,TRADE
VIC1,2025-03-23 08:40:00,3413.38,-20.0,TRADE
VIC1,2025-03-23 08:45:00,3380.95,-19.98,TRADE
VIC1,2025-03-23 08:50:00,3279.96,-26.9,TRADE
VIC1,2025-03-23 08:55:00,3275.84,-26.0,TRADE
VIC1,2025-03-23 09:00:00,3204.58,-26.0,TRADE
VIC1,2025-03-23 09:05:00,3163.17,-26.0,TRADE
VIC1,2025-03-23 09:10:00,3044.96,-26.0,TRADE
VIC1,2025-03-23 09:15:00,2999.52,-12.86,TRADE
VIC1,2025-03-23 09:20:00,2998.5,-12.86,TRADE
VIC1,2025-03-23 09:25:00,2946.64,-12.86,TRADE
VIC1,2025-03-23 09:30:00,2911.57,-0.01,TRADE
VIC1,2025-03-23 09:35:00,2851.53,-12.86,TRADE
VIC1,2025-03-23 09:40:00,2799.42,-26.0,TRADE
VIC1,2025-03-23 09:45:00,2794.16,-12.86,TRADE
VIC1,2025-03-23 09:50:00,2639.93,-28.69,TRADE
VIC1,2025-03-23 09:55:00,2594.34,-28.47,TRADE
VIC1,2025-03-23 10:00:00,2577.13,-28.71,TRADE
VIC1,2025-03-23 10:05:00,2583.68,-28.81,TRADE
VIC1,2025-03-23 10:10:00,2605.31,-32.21,TRADE
VIC1,2025-03-23 10:15:00,2534.27,-30.64,TRADE
VIC1,2025-03-23 10:20:00,2498.21,-30.58,TRADE
VIC1,2025-03-23 10:25:00,2510.98,-27.0,TRADE
VIC1,2025-03-23 10:30:00,2479.62,-26.9,TRADE
VIC1,2025-03-23 10:35:00,2370.19,-43.55,TRADE
VIC1,2025-03-23 10:40:00,2327.73,-44.0,TRADE
VIC1,2025-03-23 10:45:00,2423.46,-26.82,TRADE
VIC1,2025-03-23 10:50:00,2368.65,-30.82,TRADE
VIC1,2025-03-23 10:55:00,2343.12,-31.76,TRADE
VIC1,2025-03-23 11:00:00,2340.15,-30.0,TRADE
VIC1,2025-03-23 11:05:00,2302.9,-27.57,TRADE
VIC1,2025-03-23 11:10:00,2311.04,-28.76,TRADE
VIC1,2025-03-23 11:15:00,2207.67,-32.7,TRADE
VIC1,2025-03-23 11:20:00,2196.79,-31.42,TRADE
VIC1,2025-03-23 11:25:00,2201.06,-43.6,TRADE
VIC1,2025-03-23 11:30:00,2194.94,-32.68,TRADE
VIC1,2025-03-23 11:35:00,2124.53,-28.25,TRADE
VIC1,2025-03-23 11:40:00,2150.1,-32.51,TRADE
VIC1,2025-03-23 11:45:00,2130.93,-32.33,TRADE
VIC1,2025-03-23 11:50:00,2139.31,-32.77,TRADE
VIC1,2025-03-23 11:55:00,2166.97,-29.29,TRADE
VIC1,2025-03-23 12:00:00,2068.65,-33.27,TRADE
VIC1,2025-03-23 12:05:00,2080.23,-44.0,TRADE
VIC1,2025-03-23 12:10:00,2149.56,-32.64,TRADE
VIC1,2025-03-23 12:15:00,2116.54,-44.0,TRADE
VIC1,2025-03-23 12:20:00,2128.66,-32.41,TRADE
VIC1,2025-03-23 12:25:00,2036.41,-32.63,TRADE
VIC1,2025-03-23 12:30:00,2085.12,-32.39,TRADE
VIC1,2025-03-23 12:35:00,2081.88,-32.59,TRADE
VIC1,2025-03-23 12:40:00,2137.48,-29.14,TRADE
VIC1,2025-03-23 12:45:00,2018.16,-32.13,TRADE
VIC1,2025-03-23 12:50:00,2033.74,-32.75,TRADE
VIC1,2025-03-23 12:55:00,2108.4,-32.28,TRADE
VIC1,2025-03-23 13:00:00,2154.78,-29.33,TRADE
VIC1,2025-03-23 13:05:00,2088.19,-26.9,TRADE
VIC1,2025-03-23 13:10:00,2125.83,-31.75,TRADE
VIC1,2025-03-23 13:15:00,2172.65,-31.6,TRADE
VIC1,2025-03-23 13:20:00,2154.82,-31.43,TRADE
VIC1,2025-03-23 13:25:00,2154.72,-31.42,TRADE
VIC1,2025-03-23 13:30:00,2129.18,-31.53,TRADE
VIC1,2025-03-23 13:35:00,2107.76,-32.12,TRADE
VIC1,2025-03-23 13:40:00,2134.37,-30.73,TRADE
VIC1,2025-03-23 13:45:00,2139.42,-31.39,TRADE
VIC1,2025-03-23 13:50:00,2196.32,-31.61,TRADE
VIC1,2025-03-23 13:55:00,2249.3,-28.55,TRADE
VIC1,2025-03-23 14:00:00,2196.46,-28.47,TRADE
VIC1,2025-03-23 14:05:00,2319.01,-28.94,TRADE
VIC1,2025-03-23 14:10:00,2352.9,-28.87,TRADE
VIC1,2025-03-23 14:15:00,2402.31,-26.0,TRADE
VIC1,2025-03-23 14:20:00,2311.75,-31.42,TRADE
VIC1,2025-03-23 14:25:00,2373.08,-28.55,TRADE
VIC1,2025-03-23 14:30:00,2464.12,-28.78,TRADE
VIC1,2025-03-23 14:35:00,2573.84,-21.67,TRADE
VIC1,2025-03-23 14:40:00,2627.27,8.95,TRADE
VIC1,2025-03-23 14:45:00,2541.2,-29.41,TRADE
VIC1,2025-03-23 14:50:00,2654.94,0.0,TRADE
VIC1,2025-03-23 14:55:00,2682.32,45.21,TRADE
VIC1,2025-03-23 15:00:00,2762.37,61.33,TRADE
VIC1,2025-03-23 15:05:00,2805.34,33.89,TRADE
VIC1,2025-03-23 15:10:00,2834.38,-19.99,TRADE
VIC1,2025-03-23 15:15:00,3022.13,8.95,TRADE
VIC1,2025-03-23 15:20:00,3108.83,8.95,TRADE
VIC1,2025-03-23 15:25:00,3123.71,8.95,TRADE
VIC1,2025-03-23 15:30:00,3274.3,82.48,TRADE
VIC1,2025-03-23 15:35:00,3343.02,8.95,TRADE
VIC1,2025-03-23 15:40:00,3437.96,13.67,TRADE
VIC1,2025-03-23 15:45:00,3482.53,11.91,TRADE
VIC1,2025-03-23 15:50:00,3604.42,11.91,TRADE
VIC1,2025-03-23 15:55:00,3719.87,8.95,TRADE
VIC1,2025-03-23 16:00:00,3740.02,11.91,TRADE
VIC1,2025-03-23 16:05:00,3850.34,9.0,TRADE
VIC1,2025-03-23 16:10:00,3932.79,9.0,TRADE
VIC1,2025-03-23 16:15:00,3981.88,9.0,TRADE
VIC1,2025-03-23 16:20:00,4030.33,19.19,TRADE
VIC1,2025-03-23 16:25:00,4097.28,19.19,TRADE
VIC1,2025-03-23 16:30:00,4189.36,33.89,TRADE
VIC1,2025-03-23 16:35:00,4295.61,35.95,TRADE
VIC1,2025-03-23 16:40:00,4281.16,33.0,TRADE
VIC1,2025-03-23 16:45:00,4383.25,20.04,TRADE
VIC1,2025-03-23 16:50:00,4523.67,35.0,TRADE
VIC1,2025-03-23 16:55:00,4609.37,63.1,TRADE
VIC1,2025-03-23 17:00:00,4647.7,97.45,TRADE
VIC1,2025-03-23 17:05:00,4805.65,79.53,TRADE
VIC1,2025-03-23 17:10:00,4826.92,79.0,TRADE
VIC1,2025-03-23 17:15:00,4918.53,113.88,TRADE
VIC1,2025-03-23 17:20:00,5012.57,120.0,TRADE
VIC1,2025-03-23 17:25:00,5038.52,120.0,TRADE
VIC1,2025-03-23 17:30:00,5089.37,140.5,TRADE
VIC1,2025-03-23 17:35:00,5155.83,109.09,TRADE
VIC1,2025-03-23 17:40:00,5234.38,113.08,TRADE
VIC1,2025-03-23 17:45:00,5202.78,123.09,TRADE
VIC1,2025-03-23 17:50:00,5276.58,148.77,TRADE
VIC1,2025-03-23 17:55:00,5282.72,120.0,TRADE
VIC1,2025-03-23 18:00:00,5299.88,148.77,TRADE
VIC1,2025-03-23 18:05:00,5290.08,123.25,TRADE
VIC1,2025-03-23 18:10:00,5196.38,132.19,TRADE
VIC1,2025-03-23 18:15:00,5200.9,130.13,TRADE
VIC1,2025-03-23 18:20:00,5199.44,137.8,TRADE
VIC1,2025-03-23 18:25:00,5310.12,135.02,TRADE
VIC1,2025-03-23 18:30:00,5265.94,120.89,TRADE
VIC1,2025-03-23 18:35:00,5227.46,130.82,TRADE
VIC1,2025-03-23 18:40:00,5182.81,129.95,TRADE
VIC1,2025-03-23 18:45:00,5262.21,123.64,TRADE
VIC1,2025-03-23 18:50:00,5256.04,122.07,TRADE
VIC1,2025-03-23 18:55:00,5189.67,122.49,TRADE
VIC1,2025-03-23 19:00:00,5181.06,128.8,TRADE
VIC1,2025-03-23 19:05:00,5216.67,122.02,TRADE
VIC1,2025-03-23 19:10:00,5170.93,121.54,TRADE
VIC1,2025-03-23 19:15:00,5097.97,114.52,TRADE
VIC1,2025-03-23 19:20:00,5161.41,120.0,TRADE
VIC1,2025-03-23 19:25:00,5129.56,116.26,TRADE
VIC1,2025-03-23 19:30:00,5109.63,112.51,TRADE
VIC1,2025-03-23 19:35:00,5010.06,113.65,TRADE
VIC1,2025-03-23 19:40:00,4960.99,111.96,TRADE
VIC1,2025-03-23 19:45:00,5009.54,112.8,TRADE
VIC1,2025-03-23 19:50:00,4928.55,105.99,TRADE
VIC1,2025-03-23 19:55:00,4918.47,92.85,TRADE
VIC1,2025-03-23 20:00:00,4958.98,91.61,TRADE
VIC1,2025-03-23 20:05:00,4883.43,89.26,TRADE
VIC1,2025-03-23 20:10:00,4926.48,94.31,TRADE
VIC1,2025-03-23 20:15:00,4915.21,87.12,TRADE
VIC1,2025-03-23 20:20:00,4893.96,80.68,TRADE
VIC1,2025-03-23 20:25:00,4791.44,79.0,TRADE
VIC1,2025-03-23 20:30:00,4767.21,79.0,TRADE
VIC1,2025-03-23 20:35:00,4748.22,87.73,TRADE
VIC1,2025-03-23 20:40:00,4700.83,87.12,TRADE
VIC1,2025-03-23 20:45:00,4681.35,79.0,TRADE
VIC1,2025-03-23 20:50:00,4693.17,79.0,TRADE
VIC1,2025-03-23 20:55:00,4685.81,79.0,TRADE
VIC1,2025-03-23 21:00:00,4664.65,92.01,TRADE
VIC1,2025-03-23 21:05:00,4607.34,101.49,TRADE
VIC1,2025-03-23 21:10:00,4622.89,102.59,TRADE
VIC1,2025-03-23 21:15:00,4599.4,91.71,TRADE
VIC1,2025-03-23 21:20:00,4568.29,91.6,TRADE
VIC1,2025-03-23 21:25:00,4562.98,91.83,TRADE
VIC1,2025-03-23 21:30:00,4485.26,79.0,TRADE
VIC1,2025-03-23 21:35:00,4469.56,80.85,TRADE
VIC1,2025-03-23 21:40:00,4453.74,79.0,TRADE
VIC1,2025-03-23 21:45:00,4405.65,79.0,TRADE
VIC1,2025-03-23 21:50:00,4465.83,80.14,TRADE
VIC1,2025-03-23 21:55:00,4425.01,79.0,TRADE
VIC1,2025-03-23 22:00:00,4396.16,79.0,TRADE
VIC1,2025-03-23 22:05:00,4377.42,79.43,TRADE
VIC1,2025-03-23 22:10:00,4376.27,79.69,TRADE
VIC1,2025-03-23 22:15:00,4357.18,79.0,TRADE
VIC1,2025-03-23 22:20:00,4255.7,78.83,TRADE
VIC1,2025-03-23 22:25:00,4293.54,79.0,TRADE
VIC1,2025-03-23 22:30:00,4357.17,79.0,TRADE
VIC1,2025-03-23 22:35:00,4355.1,79.0,TRADE
VIC1,2025-03-23 22:40:00,4279.08,79.0,TRADE
VIC1,2025-03-23 22:45:00,4298.95,79.0,TRADE
VIC1,2025-03-23 22:50:00,4288.01,79.0,TRADE
VIC1,2025-03-23 22:55:00,4295.51,79.0,TRADE
VIC1,2025-03-23 23:00:00,4240.11,79.0,TRADE
VIC1,2025-03-23 23:05:00,4218.24,75.58,TRADE
VIC1,2025-03-23 23:10:00,4363.0,79.24,TRADE
VIC1,2025-03-23 23:15:00,4487.85,79.0,TRADE
VIC1,2025-03-23 23:20:00,4465.33,79.0,TRADE
VIC1,2025-03-23 23:25:00,4419.49,79.0,TRADE
VIC1,2025-03-23 23:30:00,4433.68,79.27,TRADE
VIC1,2025-03-23 23:35:00,4454.58,88.92,TRADE
VIC1,2025-03-23 23:40:00,4422.82,81.84,TRADE
VIC1,2025-03-23 23:45:00,4287.49,79.0,TRADE
VIC1,2025-03-23 23:50:00,4320.92,81.64,TRADE
VIC1,2025-03-23 23:55:00,4349.33,81.03,TRADE
VIC1,2025-03-29 00:00:00,4789.26,151.72,TRADE
VIC1,2025-03-29 00:05:00,4753.28,150.31,TRADE
VIC1,2025-03-29 00:10:00,4724.64,149.94,TRADE
VIC1,2025-03-29 00:15:00,4606.53,131.25,TRADE
VIC1,2025-03-29 00:20:00,4604.67,129.92,TRADE
VIC1,2025-03-29 00:25:00,4650.94,148.76,TRADE
VIC1,2025-03-29 00:30:00,4604.35,129.59,TRADE
VIC1,2025-03-29 00:35:00,4613.46,146.52,TRADE
VIC1,2025-03-29 00:40:00,4551.38,146.2,TRADE
VIC1,2025-03-29 00:45:00,4571.6,146.89,TRADE
VIC1,2025-03-29 00:50:00,4537.05,128.93,TRADE
VIC1,2025-03-29 00:55:00,4535.39,129.26,TRADE
VIC1,2025-03-29 01:00:00,4451.44,126.93,TRADE
VIC1,2025-03-29 01:05:00,4451.47,146.2,TRADE
VIC1,2025-03-29 01:10:00,4405.1,128.59,TRADE
VIC1,2025-03-29 01:15:00,4388.65,128.26,TRADE
VIC1,2025-03-29 01:20:00,4422.1,138.2,TRADE
VIC1,2025-03-29 01:25:00,4397.56,128.26,TRADE
VIC1,2025-03-29 01:30:00,4328.4,127.27,TRADE
VIC1,2025-03-29 01:35:00,4371.87,145.46,TRADE
VIC1,2025-03-29 01:40:00,4348.85,144.33,TRADE
VIC1,2025-03-29 01:45:00,4349.36,143.14,TRADE
VIC1,2025-03-29 01:50:00,4326.81,126.12,TRADE
VIC1,2025-03-29 01:55:00,4236.81,120.47,TRADE
VIC1,2025-03-29 02:00:00,4226.7,122.57,TRADE
VIC1,2025-03-29 02:05:00,4237.3,139.1,TRADE
VIC1,2025-03-29 02:10:00,4195.51,103.2,TRADE
VIC1,2025-03-29 02:15:00,4280.38,138.35,TRADE
VIC1,2025-03-29 02:20:00,4253.51,135.35,TRADE
VIC1,2025-03-29 02:25:00,4230.87,119.1,TRADE
VIC1,2025-03-29 02:30:00,4217.56,132.1,TRADE
VIC1,2025-03-29 02:35:00,4207.05,157.85,TRADE
VIC1,2025-03-29 02:40:00,4224.87,154.84,TRADE
VIC1,2025-03-29 02:45:00,4103.09,127.82,TRADE
VIC1,2025-03-29 02:50:00,4122.66,138.35,TRADE
VIC1,2025-03-29 02:55:00,4148.96,138.35,TRADE
VIC1,2025-03-29 03:00:00,4172.03,139.47,TRADE
VIC1,2025-03-29 03:05:00,4076.38,88.8,TRADE
VIC1,2025-03-29 03:10:00,4188.52,162.81,TRADE
VIC1,2025-03-29 03:15:00,4184.34,156.81,TRADE
VIC1,2025-03-29 03:20:00,4178.02,142.09,TRADE
VIC1,2025-03-29 03:25:00,4169.0,131.94,TRADE
VIC1,2025-03-29 03:30:00,4097.32,114.86,TRADE
VIC1,2025-03-29 03:35:00,4096.56,113.99,TRADE
VIC1,2025-03-29 03:40:00,4134.82,110.98,TRADE
VIC1,2025-03-29 03:45:00,4142.79,113.99,TRADE
VIC1,2025-03-29 03:50:00,4060.22,105.51,TRADE
VIC1,2025-03-29 03:55:00,4161.69,112.82,TRADE
VIC1,2025-03-29 04:00:00,4150.69,107.57,TRADE
VIC1,2025-03-29 04:05:00,4082.61,94.8,TRADE
VIC1,2025-03-29 04:10:00,4171.52,97.42,TRADE
VIC1,2025-03-29 04:15:00,4179.23,97.37,TRADE
VIC1,2025-03-29 04:20:00,4119.83,94.65,TRADE
VIC1,2025-03-29 04:25:00,4115.4,90.99,TRADE
VIC1,2025-03-29 04:30:00,4162.53,95.49,TRADE
VIC1,2025-03-29 04:35:00,4169.55,82.3,TRADE
VIC1,2025-03-29 04:40:00,4131.06,90.73,TRADE
VIC1,2025-03-29 04:45:00,4208.08,111.4,TRADE
VIC1,2025-03-29 04:50:00,4209.25,101.96,TRADE
VIC1,2025-03-29 04:55:00,4245.81,111.53,TRADE
VIC1,2025-03-29 05:00:00,4249.24,111.52,TRADE
VIC1,2025-03-29 05:05:00,4225.04,112.65,TRADE
VIC1,2025-03-29 05:10:00,4264.81,113.65,TRADE
VIC1,2025-03-29 05:15:00,4359.0,113.93,TRADE
VIC1,2025-03-29 05:20:00,4331.2,113.36,TRADE
VIC1,2025-03-29 05:25:00,4327.51,113.35,TRADE
VIC1,2025-03-29 05:30:00,4375.36,115.1,TRADE
VIC1,2025-03-29 05:35:00,4366.86,114.5,TRADE
VIC1,2025-03-29 05:40:00,4431.5,117.51,TRADE
VIC1,2025-03-29 05:45:00,4375.46,131.74,TRADE
VIC1,2025-03-29 05:50:00,4374.41,131.9,TRADE
VIC1,2025-03-29 05:55:00,4457.33,153.22,TRADE
VIC1,2025-03-29 06:00:00,4426.52,162.94,TRADE
VIC1,2025-03-29 06:05:00,4500.39,163.42,TRADE
VIC1,2025-03-29 06:10:00,4520.11,163.04,TRADE
VIC1,2025-03-29 06:15:00,4529.58,233.46,TRADE
VIC1,2025-03-29 06:20:00,4623.22,221.12,TRADE
VIC1,2025-03-29 06:25:00,4653.44,160.54,TRADE
VIC1,2025-03-29 06:30:00,4677.54,229.79,TRADE
VIC1,2025-03-29 06:35:00,4710.55,154.27,TRADE
VIC1,2025-03-29 06:40:00,4665.36,160.11,TRADE
VIC1,2025-03-29 06:45:00,4748.04,222.43,TRADE
VIC1,2025-03-29 06:50:00,4791.06,228.56,TRADE
VIC1,2025-03-29 06:55:00,4732.56,165.86,TRADE
VIC1,2025-03-29 07:00:00,4793.35,166.57,TRADE
VIC1,2025-03-29 07:05:00,4816.74,219.62,TRADE
VIC1,2025-03-29 07:10:00,4767.08,164.78,TRADE
VIC1,2025-03-29 07:15:00,4779.25,141.05,TRADE
VIC1,2025-03-29 07:20:00,4717.1,137.65,TRADE
VIC1,2025-03-29 07:25:00,4737.04,138.6,TRADE
VIC1,2025-03-29 07:30:00,4749.58,134.25,TRADE
VIC1,2025-03-29 07:35:00,4794.32,127.32,TRADE
VIC1,2025-03-29 07:40:00,4788.05,139.08,TRADE
VIC1,2025-03-29 07:45:00,4779.64,133.91,TRADE
VIC1,2025-03-29 07:50:00,4778.29,133.29,TRADE
VIC1,2025-03-29 07:55:00,4788.18,133.02,TRADE
VIC1,2025-03-29 08:00:00,4782.57,132.96,TRADE
VIC1,2025-03-29 08:05:00,4700.8,134.0,TRADE
VIC1,2025-03-29 08:10:00,4793.1,146.66,TRADE
VIC1,2025-03-29 08:15:00,4793.64,157.94,TRADE
VIC1,2025-03-29 08:20:00,4774.61,145.83,TRADE
VIC1,2025-03-29 08:25:00,4785.57,147.88,TRADE
VIC1,2025-03-29 08:30:00,4780.47,147.38,TRADE
VIC1,2025-03-29 08:35:00,4764.0,133.29,TRADE
VIC1,2025-03-29 08:40:00,4711.75,132.97,TRADE
VIC1,2025-03-29 08:45:00,4713.89,131.95,TRADE
VIC1,2025-03-29 08:50:00,4678.13,105.55,TRADE
VIC1,2025-03-29 08:55:00,4731.84,116.58,TRADE
VIC1,2025-03-29 09:00:00,4719.38,114.96,TRADE
VIC1,2025-03-29 09:05:00,4622.63,108.98,TRADE
VIC1,2025-03-29 09:10:00,4602.91,99.54,TRADE
VIC1,2025-03-29 09:15:00,4649.71,96.2,TRADE
VIC1,2025-03-29 09:20:00,4635.65,98.23,TRADE
VIC1,2025-03-29 09:25:00,4630.95,79.67,TRADE
VIC1,2025-03-29 09:30:00,4543.98,50.63,TRADE
VIC1,2025-03-29 09:35:00,4540.5,65.91,TRADE
VIC1,2025-03-29 09:40:00,4588.8,33.0,TRADE
VIC1,2025-03-29 09:45:00,4617.01,33.0,TRADE
VIC1,2025-03-29 09:50:00,4505.72,33.0,TRADE
VIC1,2025-03-29 09:55:00,4548.78,34.66,TRADE
VIC1,2025-03-29 10:00:00,4522.71,33.0,TRADE
VIC1,2025-03-29 10:05:00,4494.9,92.27,TRADE
VIC1,2025-03-29 10:10:00,4431.41,19.19,TRADE
VIC1,2025-03-29 10:15:00,4392.27,19.19,TRADE
VIC1,2025-03-29 10:20:00,4429.07,82.5,TRADE
VIC1,2025-03-29 10:25:00,4413.88,82.5,TRADE
VIC1,2025-03-29 10:30:00,4288.26,82.4,TRADE
VIC1,2025-03-29 10:35:00,4320.78,54.68,TRADE
VIC1,2025-03-29 10:40:00,4337.19,66.4,TRADE
VIC1,2025-03-29 10:45:00,4293.8,65.24,TRADE
VIC1,2025-03-29 10:50:00,4275.21,35.95,TRADE
VIC1,2025-03-29 10:55:00,4211.15,35.95,TRADE
VIC1,2025-03-29 11:00:00,4258.16,-43.4,TRADE
VIC1,2025-03-29 11:05:00,4273.49,-27.77,TRADE
VIC1,2025-03-29 11:10:00,4187.23,8.95,TRADE
VIC1,2025-03-29 11:15:00,4176.61,8.95,TRADE
VIC1,2025-03-29 11:20:00,4095.25,0.0,TRADE
VIC1,2025-03-29 11:25:00,4066.06,8.95,TRADE
VIC1,2025-03-29 11:30:00,3975.39,-19.02,TRADE
VIC1,2025-03-29 11:35:00,4038.28,36.05,TRADE
VIC1,2025-03-29 11:40:00,3907.26,19.19,TRADE
VIC1,2025-03-29 11:45:00,3837.69,19.19,TRADE
VIC1,2025-03-29 11:50:00,3863.01,19.19,TRADE
VIC1,2025-03-29 11:55:00,3827.81,-43.4,TRADE
VIC1,2025-03-29 12:00:00,3732.93,-43.4,TRADE
VIC1,2025-03-29 12:05:00,3727.08,19.19,TRADE
VIC1,2025-03-29 12:10:00,3637.43,12.42,TRADE
VIC1,2025-03-29 12:15:00,3623.44,-43.4,TRADE
VIC1,2025-03-29 12:20:00,3643.61,8.95,TRADE
VIC1,2025-03-29 12:25:00,3540.11,8.95,TRADE
VIC1,2025-03-29 12:30:00,3547.3,8.95,TRADE
VIC1,2025-03-29 12:35:00,3638.29,0.0,TRADE
VIC1,2025-03-29 12:40:00,3595.46,-2.51,TRADE
VIC1,2025-03-29 12:45:00,3561.87,-17.86,TRADE
VIC1,2025-03-29 12:50:00,3679.78,-0.01,TRADE
VIC1,2025-03-29 12:55:00,3642.76,-0.01,TRADE
VIC1,2025-03-29 13:00:00,3682.38,-17.86,TRADE
VIC1,2025-03-29 13:05:00,3652.29,-18.99,TRADE
VIC1,2025-03-29 13:10:00,3649.22,-17.86,TRADE
VIC1,2025-03-29 13:15:00,3785.78,-2.51,TRADE
VIC1,2025-03-29 13:20:00,3800.9,-2.51,TRADE
VIC1,2025-03-29 13:25:00,3771.29,-19.06,TRADE
VIC1,2025-03-29 13:30:00,3843.48,0.6,TRADE
VIC1,2025-03-29 13:35:00,3888.7,0.6,TRADE
VIC1,2025-03-29 13:40:00,3850.33,-19.99,TRADE
VIC1,2025-03-29 13:45:00,3922.97,-17.86,TRADE
VIC1,2025-03-29 13:50:00,3989.76,-17.86,TRADE
VIC1,2025-03-29 13:55:00,3987.59,0.6,TRADE
VIC1,2025-03-29 14:00:00,3980.42,-17.86,TRADE
VIC1,2025-03-29 14:05:00,3917.27,8.95,TRADE
VIC1,2025-03-29 14:10:00,3945.27,8.95,TRADE
VIC1,2025-03-29 14:15:00,3994.83,12.94,TRADE
VIC1,2025-03-29 14:20:00,3920.5,8.95,TRADE
VIC1,2025-03-29 14:25:00,3976.32,8.95,TRADE
VIC1,2025-03-29 14:30:00,3964.73,8.95,TRADE
VIC1,2025-03-29 14:35:00,3977.08,20.04,TRADE
VIC1,2025-03-29 14:40:00,4000.37,10.25,TRADE
VIC1,2025-03-29 14:45:00,3887.74,0.0,TRADE
VIC1,2025-03-29 14:50:00,3952.52,-13.57,TRADE
VIC1,2025-03-29 14:55:00,3952.0,8.95,TRADE
VIC1,2025-03-29 15:00:00,3977.18,8.95,TRADE
VIC1,2025-03-29 15:05:00,3989.09,8.95,TRADE
VIC1,2025-03-29 15:10:00,4018.73,20.04,TRADE
VIC1,2025-03-29 15:15:00,4010.6,8.95,TRADE
VIC1,2025-03-29 15:20:00,4035.33,63.14,TRADE
VIC1,2025-03-29 15:25:00,3957.84,8.95,TRADE
VIC1,2025-03-29 15:30:00,3966.81,8.95,TRADE
VIC1,2025-03-29 15:35:00,3947.5,8.95,TRADE
VIC1,2025-03-29 15:40:00,3950.31,8.95,TRADE
VIC1,2025-03-29 15:45:00,3922.86,11.91,TRADE
VIC1,2025-03-29 15:50:00,3992.13,8.95,TRADE
VIC1,2025-03-29 15:55:00,3970.89,8.95,TRADE
VIC1,2025-03-29 16:00:00,3997.56,8.95,TRADE
VIC1,2025-03-29 16:05:00,4018.67,-19.99,TRADE
VIC1,2025-03-29 16:10:00,3977.55,-13.57,TRADE
VIC1,2025-03-29 16:15:00,4033.15,8.95,TRADE
VIC1,2025-03-29 16:20:00,4002.31,0.0,TRADE
VIC1,2025-03-29 16:25:00,4069.36,8.95,TRADE
VIC1,2025-03-29 16:30:00,4171.97,8.95,TRADE
VIC1,2025-03-29 16:35:00,4186.78,8.95,TRADE
VIC1,2025-03-29 16:40:00,4219.2,8.95,TRADE
VIC1,2025-03-29 16:45:00,4245.11,8.95,TRADE
VIC1,2025-03-29 16:50:00,4250.3,9.0,TRADE
VIC1,2025-03-29 16:55:00,4268.81,8.95,TRADE
VIC1,2025-03-29 17:00:00,4315.36,9.0,TRADE
VIC1,2025-03-29 17:05:00,4309.71,8.95,TRADE
VIC1,2025-03-29 17:10:00,4355.76,8.95,TRADE
VIC1,2025-03-29 17:15:00,4414.37,8.95,TRADE
VIC1,2025-03-29 17:20:00,4415.3,8.95,TRADE
VIC1,2025-03-29 17:25:00,4486.03,9.0,TRADE
VIC1,2025-03-29 17:30:00,4490.55,9.0,TRADE
VIC1,2025-03-29 17:35:00,4529.68,9.0,TRADE
VIC1,2025-03-29 17:40:00,4541.76,8.95,TRADE
VIC1,2025-03-29 17:45:00,4601.76,9.0,TRADE
VIC1,2025-03-29 17:50:00,4632.83,9.0,TRADE
VIC1,2025-03-29 17:55:00,4675.43,8.95,TRADE
VIC1,2025-03-29 18:00:00,4680.44,9.0,TRADE
VIC1,2025-03-29 18:05:00,4695.56,9.0,TRADE
VIC1,2025-03-29 18:10:00,4740.46,9.0,TRADE
VIC1,2025-03-29 18:15:00,4768.59,9.0,TRADE
VIC1,2025-03-29 18:20:00,4773.68,9.0,TRADE
VIC1,2025-03-29 18:25:00,4776.22,9.0,TRADE
VIC1,2025-03-29 18:30:00,4762.81,9.0,TRADE
VIC1,2025-03-29 18:35:00,4761.61,9.0,TRADE
VIC1,2025-03-29 18:40:00,4737.64,9.0,TRADE
VIC1,2025-03-29 18:45:00,4763.83,9.39,TRADE
VIC1,2025-03-29 18:50:00,4733.75,9.0,TRADE
VIC1,2025-03-29 18:55:00,4750.27,9.74,TRADE
VIC1,2025-03-29 19:00:00,4731.9,9.39,TRADE
VIC1,2025-03-29 19:05:00,4721.38,9.0,TRADE
VIC1,2025-03-29 19:10:00,4649.92,9.0,TRADE
VIC1,2025-03-29 19:15:00,4652.88,9.0,TRADE
VIC1,2025-03-29 19:20:00,4626.09,9.74,TRADE
VIC1,2025-03-29 19:25:00,4607.24,8.95,TRADE
VIC1,2025-03-29 19:30:00,4596.17,9.0,TRADE
VIC1,2025-03-29 19:35:00,4608.14,9.0,TRADE
VIC1,2025-03-29 19:40:00,4582.94,9.0,TRADE
VIC1,2025-03-29 19:45:00,4552.73,9.0,TRADE
VIC1,2025-03-29 19:50:00,4553.12,9.0,TRADE
VIC1,2025-03-29 19:55:00,4515.41,8.95,TRADE
VIC1,2025-03-29 20:00:00,4471.43,9.0,TRADE
VIC1,2025-03-29 20:05:00,4461.28,9.0,TRADE
VIC1,2025-03-29 20:10:00,4464.2,10.74,TRADE
VIC1,2025-03-29 20:15:00,4452.85,9.61,TRADE
VIC1,2025-03-29 20:20:00,4409.73,9.61,TRADE
VIC1,2025-03-29 20:25:00,4400.61,9.0,TRADE
VIC1,2025-03-29 20:30:00,4352.34,9.0,TRADE
VIC1,2025-03-29 20:35:00,4335.3,9.0,TRADE
VIC1,2025-03-29 20:40:00,4307.14,9.0,TRADE
VIC1,2025-03-29 20:45:00,4310.68,9.0,TRADE
VIC1,2025-03-29 20:50:00,4274.68,9.0,TRADE
VIC1,2025-03-29 20:55:00,4260.83,9.0,TRADE
VIC1,2025-03-29 21:00:00,4277.2,9.0,TRADE
VIC1,2025-03-29 21:05:00,4249.45,9.0,TRADE
VIC1,2025-03-29 21:10:00,4266.24,9.61,TRADE
VIC1,2025-03-29 21:15:00,4217.64,9.0,TRADE
VIC1,2025-03-29 21:20:00,4200.95,0.0,TRADE
VIC1,2025-03-29 21:25:00,4230.49,8.95,TRADE
VIC1,2025-03-29 21:30:00,4182.62,8.95,TRADE
VIC1,2025-03-29 21:35:00,4182.48,8.95,TRADE
VIC1,2025-03-29 21:40:00,4083.99,4.01,TRADE
VIC1,2025-03-29 21:45:00,4061.86,6.96,TRADE
VIC1,2025-03-29 21:50:00,4156.08,9.0,TRADE
VIC1,2025-03-29 21:55:00,4122.23,8.95,TRADE
VIC1,2025-03-29 22:00:00,4101.18,8.15,TRADE
VIC1,2025-03-29 22:05:00,4041.02,0.0,TRADE
VIC1,2025-03-29 22:10:00,4049.71,0.0,TRADE
VIC1,2025-03-29 22:15:00,4041.13,8.95,TRADE
VIC1,2025-03-29 22:20:00,4034.81,8.95,TRADE
VIC1,2025-03-29 22:25:00,3964.06,8.95,TRADE
VIC1,2025-03-29 22:30:00,4033.38,8.95,TRADE
VIC1,2025-03-29 22:35:00,4065.47,9.0,TRADE
VIC1,2025-03-29 22:40:00,4008.61,8.95,TRADE
VIC1,2025-03-29 22:45:00,3976.67,8.15,TRADE
VIC1,2025-03-29 22:50:00,4004.2,8.95,TRADE
VIC1,2025-03-29 22:55:00,3992.5,8.95,TRADE
VIC1,2025-03-29 23:00:00,4008.75,8.95,TRADE
VIC1,2025-03-29 23:05:00,3924.58,8.85,TRADE
VIC1,2025-03-29 23:10:00,4057.77,42.49,TRADE
VIC1,2025-03-29 23:15:00,4083.95,9.0,TRADE
VIC1,2025-03-29 23:20:00,4205.39,9.0,TRADE
VIC1,2025-03-29 23:25:00,4139.47,8.95,TRADE
VIC1,2025-03-29 23:30:00,4141.11,9.0,TRADE
VIC1,2025-03-29 23:35:00,4168.38,9.0,TRADE
VIC1,2025-03-29 23:40:00,4140.39,8.95,TRADE
VIC1,2025-03-29 23:45:00,4132.75,8.95,TRADE
VIC1,2025-03-29 23:50:00,4015.77,0.0,TRADE
VIC1,2025-03-29 23:55:00,3932.83,0.0,TRADE
VIC1,2025-03-30 00:00:00,4029.59,9.0,TRADE
VIC1,2025-03-30 00:05:00,4027.85,8.95,TRADE
VIC1,2025-03-30 00:10:00,3922.13,8.15,TRADE
VIC1,2025-03-30 00:15:00,3948.88,8.95,TRADE
VIC1,2025-03-30 00:20:00,3932.2,8.95,TRADE
VIC1,2025-03-30 00:25:00,3898.45,8.95,TRADE
VIC1,2025-03-30 00:30:00,3853.64,8.95,TRADE
VIC1,2025-03-30 00:35:00,3790.96,0.0,TRADE
VIC1,2025-03-30 00:40:00,3794.93,8.95,TRADE
VIC1,2025-03-30 00:45:00,3796.76,8.95,TRADE
VIC1,2025-03-30 00:50:00,3778.24,8.95,TRADE
VIC1,2025-03-30 00:55:00,3713.65,0.0,TRADE
VIC1,2025-03-30 01:00:00,3761.21,8.95,TRADE
VIC1,2025-03-30 01:05:00,3758.94,8.95,TRADE
VIC1,2025-03-30 01:10:00,3760.77,8.95,TRADE
VIC1,2025-03-30 01:15:00,3746.31,8.95,TRADE
VIC1,2025-03-30 01:20:00,3645.04,8.95,TRADE
VIC1,2025-03-30 01:25:00,3688.94,8.95,TRADE
VIC1,2025-03-30 01:30:00,3690.14,9.0,TRADE
VIC1,2025-03-30 01:35:00,3592.63,8.95,TRADE
VIC1,2025-03-30 01:40:00,3665.81,8.95,TRADE
VIC1,2025-03-30 01:45:00,3651.66,8.95,TRADE
VIC1,2025-03-30 01:50:00,3631.8,8.95,TRADE
VIC1,2025-03-30 01:55:00,3632.17,8.95,TRADE
VIC1,2025-03-30 02:00:00,3545.32,7.95,TRADE
VIC1,2025-03-30 02:05:00,3543.2,8.95,TRADE
VIC1,2025-03-30 02:10:00,3579.76,8.95,TRADE
VIC1,2025-03-30 02:15:00,3621.43,9.0,TRADE
VIC1,2025-03-30 02:20:00,3538.86,9.0,TRADE
VIC1,2025-03-30 02:25:00,3621.4,9.0,TRADE
VIC1,2025-03-30 02:30:00,3591.6,9.0,TRADE
VIC1,2025-03-30 02:35:00,3584.29,9.0,TRADE
VIC1,2025-03-30 02:40:00,3507.62,9.0,TRADE
VIC1,2025-03-30 02:45:00,3480.66,9.0,TRADE
VIC1,2025-03-30 02:50:00,3484.06,8.95,TRADE
VIC1,2025-03-30 02:55:00,3467.14,8.95,TRADE
VIC1,2025-03-30 03:00:00,3517.33,9.0,TRADE
VIC1,2025-03-30 03:05:00,3526.3,9.0,TRADE
VIC1,2025-03-30 03:10:00,3542.61,9.0,TRADE
VIC1,2025-03-30 03:15:00,3526.01,9.0,TRADE
VIC1,2025-03-30 03:20:00,3532.28,9.0,TRADE
VIC1,2025-03-30 03:25:00,3531.41,9.0,TRADE
VIC1,2025-03-30 03:30:00,3572.33,9.1,TRADE
VIC1,2025-03-30 03:35:00,3471.42,9.0,TRADE
VIC1,2025-03-30 03:40:00,3476.95,9.0,TRADE
VIC1,2025-03-30 03:45:00,3464.16,9.0,TRADE
VIC1,2025-03-30 03:50:00,3545.83,9.0,TRADE
VIC1,2025-03-30 03:55:00,3558.74,12.0,TRADE
VIC1,2025-03-30 04:00:00,3486.78,9.0,TRADE
VIC1,2025-03-30 04:05:00,3588.51,12.14,TRADE
VIC1,2025-03-30 04:10:00,3601.29,9.0,TRADE
VIC1,2025-03-30 04:15:00,3633.32,9.0,TRADE
VIC1,2025-03-30 04:20:00,3552.95,8.95,TRADE
VIC1,2025-03-30 04:25:00,3605.53,8.95,TRADE
VIC1,2025-03-30 04:30:00,3564.49,6.95,TRADE
VIC1,2025-03-30 04:35:00,3553.59,8.95,TRADE
VIC1,2025-03-30 04:40:00,3650.52,8.95,TRADE
VIC1,2025-03-30 04:45:00,3588.74,8.95,TRADE
VIC1,2025-03-30 04:50:00,3651.62,8.95,TRADE
VIC1,2025-03-30 04:55:00,3625.12,8.25,TRADE
VIC1,2025-03-30 05:00:00,3658.19,8.95,TRADE
VIC1,2025-03-30 05:05:00,3696.38,8.95,TRADE
VIC1,2025-03-30 05:10:00,3661.09,8.95,TRADE
VIC1,2025-03-30 05:15:00,3626.09,7.46,TRADE
VIC1,2025-03-30 05:20:00,3643.06,8.95,TRADE
VIC1,2025-03-30 05:25:00,3650.37,8.95,TRADE
VIC1,2025-03-30 05:30:00,3670.48,-11.57,TRADE
VIC1,2025-03-30 05:35:00,3755.65,8.95,TRADE
VIC1,2025-03-30 05:40:00,3791.52,6.55,TRADE
VIC1,2025-03-30 05:45:00,3705.08,-19.99,TRADE
VIC1,2025-03-30 05:50:00,3786.16,8.95,TRADE
VIC1,2025-03-30 05:55:00,3796.81,8.95,TRADE
VIC1,2025-03-30 06:00:00,3832.18,8.95,TRADE
VIC1,2025-03-30 06:05:00,3808.43,8.95,TRADE
VIC1,2025-03-30 06:10:00,3875.1,8.95,TRADE
VIC1,2025-03-30 06:15:00,3952.62,8.95,TRADE
VIC1,2025-03-30 06:20:00,3982.28,8.95,TRADE
VIC1,2025-03-30 06:25:00,3955.24,8.95,TRADE
VIC1,2025-03-30 06:30:00,3955.06,8.95,TRADE
VIC1,2025-03-30 06:35:00,3964.36,9.0,TRADE
VIC1,2025-03-30 06:40:00,3964.84,9.0,TRADE
VIC1,2025-03-30 06:45:00,3907.44,8.95,TRADE
VIC1,2025-03-30 06:50:00,3884.71,6.7,TRADE
VIC1,2025-03-30 06:55:00,3951.62,8.95,TRADE
VIC1,2025-03-30 07:00:00,4000.19,2.95,TRADE
VIC1,2025-03-30 07:05:00,3890.5,-19.99,TRADE
VIC1,2025-03-30 07:10:00,3921.4,-19.48,TRADE
VIC1,2025-03-30 07:15:00,3903.41,-20.0,TRADE
VIC1,2025-03-30 07:20:00,3884.64,-20.28,TRADE
VIC1,2025-03-30 07:25:00,3868.64,-21.0,TRADE
VIC1,2025-03-30 07:30:00,3778.87,-23.66,TRADE
VIC1,2025-03-30 07:35:00,3817.64,-21.0,TRADE
VIC1,2025-03-30 07:40:00,3823.46,-20.08,TRADE
VIC1,2025-03-30 07:45:00,3682.98,-23.85,TRADE
VIC1,2025-03-30 07:50:00,3742.9,-22.32,TRADE
VIC1,2025-03-30 07:55:00,3746.5,-23.0,TRADE
VIC1,2025-03-30 08:00:00,3730.35,-23.27,TRADE
VIC1,2025-03-30 08:05:00,3699.23,-22.4,TRADE
VIC1,2025-03-30 08:10:00,3584.73,-22.69,TRADE
VIC1,2025-03-30 08:15:00,3650.24,-22.89,TRADE
VIC1,2025-03-30 08:20:00,3586.9,-25.25,TRADE
VIC1,2025-03-30 08:25:00,3458.64,-26.0,TRADE
VIC1,2025-03-30 08:30:00,3488.59,-25.25,TRADE
VIC1,2025-03-30 08:35:00,3482.67,-23.0,TRADE
VIC1,2025-03-30 08:40:00,3428.12,-25.25,TRADE
VIC1,2025-03-30 08:45:00,3326.87,-26.0,TRADE
VIC1,2025-03-30 08:50:00,3283.8,-26.0,TRADE
VIC1,2025-03-30 08:55:00,3267.27,-26.0,TRADE
VIC1,2025-03-30 09:00:00,3253.11,-26.16,TRADE
VIC1,2025-03-30 09:05:00,3255.59,-26.0,TRADE
VIC1,2025-03-30 09:10:00,3146.63,-26.0,TRADE
VIC1,2025-03-30 09:15:00,3156.08,-25.56,TRADE
VIC1,2025-03-30 09:20:00,3155.53,-25.56,TRADE
VIC1,2025-03-30 09:25:00,3103.35,-27.41,TRADE
VIC1,2025-03-30 09:30:00,3011.03,-27.19,TRADE
VIC1,2025-03-30 09:35:00,3101.41,-26.0,TRADE
VIC1,2025-03-30 09:40:00,2932.65,-27.41,TRADE
VIC1,2025-03-30 09:45:00,2958.96,-27.12,TRADE
VIC1,2025-03-30 09:50:00,2876.92,-28.76,TRADE
VIC1,2025-03-30 09:55:00,2847.83,-27.09,TRADE
VIC1,2025-03-30 10:00:00,2845.43,-28.76,TRADE
VIC1,2025-03-30 10:05:00,2848.28,-29.14,TRADE
VIC1,2025-03-30 10:10:00,2814.8,-28.76,TRADE
VIC1,2025-03-30 10:15:00,2775.89,-28.76,TRADE
VIC1,2025-03-30 10:20:00,2772.74,-28.76,TRADE
VIC1,2025-03-30 10:25:00,2804.52,-27.84,TRADE
VIC1,2025-03-30 10:30:00,2823.11,-28.76,TRADE
VIC1,2025-03-30 10:35:00,2833.01,-27.6,TRADE
VIC1,2025-03-30 10:40:00,2813.21,-28.1,TRADE
VIC1,2025-03-30 10:45:00,2856.75,-28.36,TRADE
VIC1,2025-03-30 10:50:00,2887.72,-27.91,TRADE
VIC1,2025-03-30 10:55:00,2853.92,-28.34,TRADE
VIC1,2025-03-30 11:00:00,2814.0,-28.3,TRADE
VIC1,2025-03-30 11:05:00,2820.38,-29.14,TRADE
VIC1,2025-03-30 11:10:00,2834.43,-29.14,TRADE
VIC1,2025-03-30 11:15:00,2864.78,-29.57,TRADE
VIC1,2025-03-30 11:20:00,2858.94,-29.42,TRADE
VIC1,2025-03-30 11:25:00,2840.79,-29.14,TRADE
VIC1,2025-03-30 11:30:00,2864.81,-29.75,TRADE
VIC1,2025-03-30 11:35:00,2816.82,-29.14,TRADE
VIC1,2025-03-30 11:40:00,2782.31,-30.0,TRADE
VIC1,2025-03-30 11:45:00,2759.4,-30.0,TRADE
VIC1,2025-03-30 11:50:00,2706.38,-30.0,TRADE
VIC1,2025-03-30 11:55:00,2763.0,-30.0,TRADE
VIC1,2025-03-30 12:00:00,2777.23,-28.76,TRADE
VIC1,2025-03-30 12:05:00,2774.41,-28.76,TRADE
VIC1,2025-03-30 12:10:00,2765.17,-30.0,TRADE
VIC1,2025-03-30 12:15:00,2665.6,-30.0,TRADE
VIC1,2025-03-30 12:20:00,2644.62,-30.0,TRADE
VIC1,2025-03-30 12:25:00,2605.45,-30.28,TRADE
VIC1,2025-03-30 12:30:00,2562.49,-30.28,TRADE
VIC1,2025-03-30 12:35:00,2539.03,-30.28,TRADE
VIC1,2025-03-30 12:40:00,2516.72,-30.28,TRADE
VIC1,2025-03-30 12:45:00,2545.4,-30.0,TRADE
VIC1,2025-03-30 12:50:00,2498.17,-30.0,TRADE
VIC1,2025-03-30 12:55:00,2457.69,-30.28,TRADE
VIC1,2025-03-30 13:00:00,2530.52,-30.28,TRADE
VIC1,2025-03-30 13:05:00,2541.58,-30.28,TRADE
VIC1,2025-03-30 13:10:00,2568.34,-30.28,TRADE
VIC1,2025-03-30 13:15:00,2543.52,-32.31,TRADE
VIC1,2025-03-30 13:20:00,2601.46,-30.28,TRADE
VIC1,2025-03-30 13:25:00,2608.59,-41.11,TRADE
VIC1,2025-03-30 13:30:00,2647.95,-30.7,TRADE
VIC1,2025-03-30 13:35:00,2683.53,-30.28,TRADE
VIC1,2025-03-30 13:40:00,2818.23,-30.28,TRADE
VIC1,2025-03-30 13:45:00,2836.52,-30.28,TRADE
VIC1,2025-03-30 13:50:00,2886.98,-30.28,TRADE
VIC1,2025-03-30 13:55:00,2905.1,-30.28,TRADE
VIC1,2025-03-30 14:00:00,2873.42,-30.28,TRADE
VIC1,2025-03-30 14:05:00,2898.38,-30.28,TRADE
VIC1,2025-03-30 14:10:00,2814.94,-30.28,TRADE
VIC1,2025-03-30 14:15:00,2868.78,-30.28,TRADE
VIC1,2025-03-30 14:20:00,2815.85,-30.28,TRADE
VIC1,2025-03-30 14:25:00,2816.0,-30.28,TRADE
VIC1,2025-03-30 14:30:00,2927.6,-30.28,TRADE
VIC1,2025-03-30 14:35:00,2918.74,-30.28,TRADE
VIC1,2025-03-30 14:40:00,2944.8,-30.28,TRADE
VIC1,2025-03-30 14:45:00,2976.1,-30.28,TRADE
VIC1,2025-03-30 14:50:00,3016.02,-30.0,TRADE
VIC1,2025-03-30 14:55:00,3024.74,-30.0,TRADE
VIC1,2025-03-30 15:00:00,3002.71,-30.0,TRADE
VIC1,2025-03-30 15:05:00,3050.56,-30.0,TRADE
VIC1,2025-03-30 15:10:00,3157.21,-30.0,TRADE
VIC1,2025-03-30 15:15:00,3151.3,-28.76,TRADE
VIC1,2025-03-30 15:20:00,3179.47,-28.76,TRADE
VIC1,2025-03-30 15:25:00,3267.18,-26.0,TRADE
VIC1,2025-03-30 15:30:00,3285.0,-25.25,TRADE
VIC1,2025-03-30 15:35:00,3361.83,-25.56,TRADE
VIC1,2025-03-30 15:40:00,3437.38,-25.56,TRADE
VIC1,2025-03-30 15:45:00,3437.77,-25.56,TRADE
VIC1,2025-03-30 15:50:00,3534.43,-25.25,TRADE
VIC1,2025-03-30 15:55:00,3621.32,-24.85,TRADE
VIC1,2025-03-30 16:00:00,3623.26,-25.25,TRADE
VIC1,2025-03-30 16:05:00,3791.2,-23.67,TRADE
VIC1,2025-03-30 16:10:00,3813.46,-21.0,TRADE
VIC1,2025-03-30 16:15:00,3857.52,-21.0,TRADE
VIC1,2025-03-30 16:20:00,3936.56,-18.81,TRADE
VIC1,2025-03-30 16:25:00,3950.22,-6.38,TRADE
VIC1,2025-03-30 16:30:00,3986.65,0.0,TRADE
VIC1,2025-03-30 16:35:00,4088.67,-21.84,TRADE
VIC1,2025-03-30 16:40:00,4194.52,-21.86,TRADE
VIC1,2025-03-30 16:45:00,4187.32,-21.0,TRADE
VIC1,2025-03-30 16:50:00,4225.01,-21.0,TRADE
VIC1,2025-03-30 16:55:00,4282.92,-19.99,TRADE
VIC1,2025-03-30 17:00:00,4321.17,-11.57,TRADE
VIC1,2025-03-30 17:05:00,4421.51,73.8,TRADE
VIC1,2025-03-30 17:10:00,4553.98,65.81,TRADE
VIC1,2025-03-30 17:15:00,4565.49,33.0,TRADE
VIC1,2025-03-30 17:20:00,4637.45,10.6,TRADE
VIC1,2025-03-30 17:25:00,4660.27,8.95,TRADE
VIC1,2025-03-30 17:30:00,4676.0,8.95,TRADE
VIC1,2025-03-30 17:35:00,4595.93,0.0,TRADE
VIC1,2025-03-30 17:40:00,4647.28,8.95,TRADE
VIC1,2025-03-30 17:45:00,4634.96,8.95,TRADE
VIC1,2025-03-30 17:50:00,4689.41,8.95,TRADE
VIC1,2025-03-30 17:55:00,4799.64,9.0,TRADE
VIC1,2025-03-30 18:00:00,4818.25,8.95,TRADE
VIC1,2025-03-30 18:05:00,4838.12,-19.44,TRADE
VIC1,2025-03-30 18:10:00,4865.25,8.95,TRADE
VIC1,2025-03-30 18:15:00,4876.37,8.95,TRADE
VIC1,2025-03-30 18:20:00,4894.68,8.95,TRADE
VIC1,2025-03-30 18:25:00,4878.35,9.0,TRADE
VIC1,2025-03-30 18:30:00,4815.61,8.95,TRADE
VIC1,2025-03-30 18:35:00,4887.08,8.95,TRADE
VIC1,2025-03-30 18:40:00,4880.07,-0.83,TRADE
VIC1,2025-03-30 18:45:00,4851.41,-2.01,TRADE
VIC1,2025-03-30 18:50:00,4877.38,1.24,TRADE
VIC1,2025-03-30 18:55:00,4870.55,8.95,TRADE
VIC1,2025-03-30 19:00:00,4848.03,-0.99,TRADE
VIC1,2025-03-30 19:05:00,4820.97,8.95,TRADE
VIC1,2025-03-30 19:10:00,4734.5,8.95,TRADE
VIC1,2025-03-30 19:15:00,4774.99,9.0,TRADE
VIC1,2025-03-30 19:20:00,4735.27,8.95,TRADE
VIC1,2025-03-30 19:25:00,4685.39,8.95,TRADE
VIC1,2025-03-30 19:30:00,4727.0,8.95,TRADE
VIC1,2025-03-30 19:35:00,4731.34,8.95,TRADE
VIC1,2025-03-30 19:40:00,4697.35,0.0,TRADE
VIC1,2025-03-30 19:45:00,4698.16,4.84,TRADE
VIC1,2025-03-30 19:50:00,4593.29,8.95,TRADE
VIC1,2025-03-30 19:55:00,4562.48,8.95,TRADE
VIC1,2025-03-30 20:00:00,4615.28,8.95,TRADE
VIC1,2025-03-30 20:05:00,4595.17,9.0,TRADE
VIC1,2025-03-30 20:10:00,4495.93,0.0,TRADE
VIC1,2025-03-30 20:15:00,4543.41,9.0,TRADE
VIC1,2025-03-30 20:20:00,4499.63,8.95,TRADE
VIC1,2025-03-30 20:25:00,4518.35,9.0,TRADE
VIC1,2025-03-30 20:30:00,4480.58,8.95,TRADE
VIC1,2025-03-30 20:35:00,4364.47,-2.01,TRADE
VIC1,2025-03-30 20:40:00,4366.46,-2.03,TRADE
VIC1,2025-03-30 20:45:00,4378.15,8.95,TRADE
VIC1,2025-03-30 20:50:00,4356.48,-1.92,TRADE
VIC1,2025-03-30 20:55:00,4258.14,-1.96,TRADE
VIC1,2025-03-30 21:00:00,4293.69,0.0,TRADE
VIC1,2025-03-30 21:05:00,4199.19,-2.04,TRADE
VIC1,2025-03-30 21:10:00,4287.09,8.95,TRADE
VIC1,2025-03-30 21:15:00,4239.93,0.0,TRADE
VIC1,2025-03-30 21:20:00,4156.37,-2.51,TRADE
VIC1,2025-03-30 21:25:00,4129.87,-2.51,TRADE
VIC1,2025-03-30 21:30:00,4130.24,-2.51,TRADE
VIC1,2025-03-30 21:35:00,4138.43,-2.51,TRADE
VIC1,2025-03-30 21:40:00,4136.26,-2.51,TRADE
VIC1,2025-03-30 21:45:00,4095.33,-2.51,TRADE
VIC1,2025-03-30 21:50:00,4065.51,-2.51,TRADE
VIC1,2025-03-30 21:55:00,4036.66,-2.51,TRADE
VIC1,2025-03-30 22:00:00,4011.39,-2.51,TRADE
VIC1,2025-03-30 22:05:00,3908.15,-19.11,TRADE
VIC1,2025-03-30 22:10:00,3885.95,-19.07,TRADE
VIC1,2025-03-30 22:15:00,3930.01,-19.22,TRADE
VIC1,2025-03-30 22:20:00,3949.26,-19.35,TRADE
VIC1,2025-03-30 22:25:00,3936.73,-19.48,TRADE
VIC1,2025-03-30 22:30:00,3908.34,-19.33,TRADE
VIC1,2025-03-30 22:35:00,3931.24,-11.57,TRADE
VIC1,2025-03-30 22:40:00,3930.92,-19.48,TRADE
VIC1,2025-03-30 22:45:00,3914.09,-19.48,TRADE
VIC1,2025-03-30 22:50:00,3806.45,-19.56,TRADE
VIC1,2025-03-30 22:55:00,3792.61,-19.26,TRADE
VIC1,2025-03-30 23:00:00,3824.07,-19.35,TRADE
VIC1,2025-03-30 23:05:00,3921.29,-19.7,TRADE
VIC1,2025-03-30 23:10:00,4086.83,-11.57,TRADE
VIC1,2025-03-30 23:15:00,4110.32,-2.51,TRADE
VIC1,2025-03-30 23:20:00,4139.61,-2.51,TRADE
VIC1,2025-03-30 23:25:00,4119.03,-2.51,TRADE
VIC1,2025-03-30 23:30:00,4173.19,-2.51,TRADE
VIC1,2025-03-30 23:35:00,4096.8,-2.51,TRADE
VIC1,2025-03-30 23:40:00,4083.74,-2.51,TRADE
VIC1,2025-03-30 23:45:00,4123.14,-2.51,TRADE
VIC1,2025-03-30 23:50:00,4067.96,-2.51,TRADE
VIC1,2025-03-30 23:55:00,4024.82,-2.51,TRADE
VIC1,2025-04-05 00:00:00,4215.6,-2.51,TRADE
VIC1,2025-04-05 00:05:00,4328.96,0.0,TRADE
VIC1,2025-04-05 00:10:00,4236.44,-2.51,TRADE
VIC1,2025-04-05 00:15:00,4203.61,19.19,TRADE
VIC1,2025-04-05 00:20:00,4117.89,-2.51,TRADE
VIC1,2025-04-05 00:25:00,4044.6,-2.51,TRADE
VIC1,2025-04-05 00:30:00,4038.5,-2.51,TRADE
VIC1,2025-04-05 00:35:00,4032.11,8.95,TRADE
VIC1,2025-04-05 00:40:00,4080.72,20.04,TRADE
VIC1,2025-04-05 00:45:00,4063.38,19.19,TRADE
VIC1,2025-04-05 00:50:00,3979.33,9.0,TRADE
VIC1,2025-04-05 00:55:00,4001.68,8.95,TRADE
VIC1,2025-04-05 01:00:00,3993.91,11.44,TRADE
VIC1,2025-04-05 01:05:00,3991.32,8.95,TRADE
VIC1,2025-04-05 01:10:00,3885.94,0.0,TRADE
VIC1,2025-04-05 01:15:00,3808.36,-2.51,TRADE
VIC1,2025-04-05 01:20:00,3874.15,0.0,TRADE
VIC1,2025-04-05 01:25:00,3829.83,-2.51,TRADE
VIC1,2025-04-05 01:30:00,3767.52,-11.57,TRADE
VIC1,2025-04-05 01:35:00,3808.78,-2.51,TRADE
VIC1,2025-04-05 01:40:00,3807.54,-2.51,TRADE
VIC1,2025-04-05 01:45:00,3783.3,-2.51,TRADE
VIC1,2025-04-05 01:50:00,3780.76,-14.46,TRADE
VIC1,2025-04-05 01:55:00,3654.2,-21.0,TRADE
VIC1,2025-04-05 02:00:00,3643.68,-23.0,TRADE
VIC1,2025-04-05 02:05:00,3699.57,-21.0,TRADE
VIC1,2025-04-05 02:10:00,3721.87,-21.0,TRADE
VIC1,2025-04-05 02:15:00,3641.4,-23.0,TRADE
VIC1,2025-04-05 02:20:00,3717.96,-21.0,TRADE
VIC1,2025-04-05 02:25:00,3748.84,-19.36,TRADE
VIC1,2025-04-05 02:30:00,3769.19,-19.99,TRADE
VIC1,2025-04-05 02:35:00,3734.13,-23.0,TRADE
VIC1,2025-04-05 02:40:00,3654.05,-23.0,TRADE
VIC1,2025-04-05 02:45:00,3613.04,-23.44,TRADE
VIC1,2025-04-05 02:50:00,3687.63,-23.0,TRADE
VIC1,2025-04-05 02:55:00,3684.97,-21.0,TRADE
VIC1,2025-04-05 03:00:00,3691.55,-21.0,TRADE
VIC1,2025-04-05 03:05:00,3688.5,-21.0,TRADE
VIC1,2025-04-05 03:10:00,3695.98,-21.0,TRADE
VIC1,2025-04-05 03:15:00,3684.11,-19.99,TRADE
VIC1,2025-04-05 03:20:00,3634.79,-21.0,TRADE
VIC1,2025-04-05 03:25:00,3593.16,-21.0,TRADE
VIC1,2025-04-05 03:30:00,3641.52,-17.06,TRADE
VIC1,2025-04-05 03:35:00,3649.38,0.0,TRADE
VIC1,2025-04-05 03:40:00,3728.64,41.99,TRADE
VIC1,2025-04-05 03:45:00,3735.04,38.0,TRADE
VIC1,2025-04-05 03:50:00,3705.88,40.76,TRADE
VIC1,2025-04-05 03:55:00,3735.08,42.37,TRADE
VIC1,2025-04-05 04:00:00,3779.27,12.0,TRADE
VIC1,2025-04-05 04:05:00,3800.75,12.0,TRADE
VIC1,2025-04-05 04:10:00,3826.9,86.37,TRADE
VIC1,2025-04-05 04:15:00,3765.83,86.64,TRADE
VIC1,2025-04-05 04:20:00,3776.24,91.66,TRADE
VIC1,2025-04-05 04:25:00,3812.45,83.37,TRADE
VIC1,2025-04-05 04:30:00,3864.14,19.19,TRADE
VIC1,2025-04-05 04:35:00,3887.1,12.0,TRADE
VIC1,2025-04-05 04:40:00,3841.45,89.12,TRADE
VIC1,2025-04-05 04:45:00,3900.58,89.12,TRADE
VIC1,2025-04-05 04:50:00,3935.78,89.12,TRADE
VIC1,2025-04-05 04:55:00,3948.77,89.12,TRADE
VIC1,2025-04-05 05:00:00,3982.16,93.4,TRADE
VIC1,2025-04-05 05:05:00,3967.43,89.12,TRADE
VIC1,2025-04-05 05:10:00,4082.75,94.94,TRADE
VIC1,2025-04-05 05:15:00,4121.72,44.97,TRADE
VIC1,2025-04-05 05:20:00,4062.53,72.31,TRADE
VIC1,2025-04-05 05:25:00,4097.12,89.7,TRADE
VIC1,2025-04-05 05:30:00,4183.92,85.1,TRADE
VIC1,2025-04-05 05:35:00,4200.42,46.07,TRADE
VIC1,2025-04-05 05:40:00,4232.28,71.24,TRADE
VIC1,2025-04-05 05:45:00,4269.99,89.12,TRADE
VIC1,2025-04-05 05:50:00,4222.1,70.74,TRADE
VIC1,2025-04-05 05:55:00,4223.37,89.12,TRADE
VIC1,2025-04-05 06:00:00,4283.68,99.79,TRADE
VIC1,2025-04-05 06:05:00,4311.85,89.12,TRADE
VIC1,2025-04-05 06:10:00,4457.04,-23.44,TRADE
VIC1,2025-04-05 06:15:00,4470.49,-21.0,TRADE
VIC1,2025-04-05 06:20:00,4451.39,0.0,TRADE
VIC1,2025-04-05 06:25:00,4554.76,9.0,TRADE
VIC1,2025-04-05 06:30:00,4592.26,8.95,TRADE
VIC1,2025-04-05 06:35:00,4634.6,50.79,TRADE
VIC1,2025-04-05 06:40:00,4658.68,101.1,TRADE
VIC1,2025-04-05 06:45:00,4630.58,100.85,TRADE
VIC1,2025-04-05 06:50:00,4718.74,99.02,TRADE
VIC1,2025-04-05 06:55:00,4794.58,94.14,TRADE
VIC1,2025-04-05 07:00:00,4791.57,89.12,TRADE
VIC1,2025-04-05 07:05:00,4808.48,94.76,TRADE
VIC1,2025-04-05 07:10:00,4758.78,125.71,TRADE
VIC1,2025-04-05 07:15:00,4754.87,105.6,TRADE
VIC1,2025-04-05 07:20:00,4733.96,106.06,TRADE
VIC1,2025-04-05 07:25:00,4682.5,104.04,TRADE
VIC1,2025-04-05 07:30:00,4672.98,99.8,TRADE
VIC1,2025-04-05 07:35:00,4657.21,134.91,TRADE
VIC1,2025-04-05 07:40:00,4677.32,125.86,TRADE
VIC1,2025-04-05 07:45:00,4668.32,132.72,TRADE
VIC1,2025-04-05 07:50:00,4612.72,201.97,TRADE
VIC1,2025-04-05 07:55:00,4599.76,131.39,TRADE
VIC1,2025-04-05 08:00:00,4540.01,112.17,TRADE
VIC1,2025-04-05 08:05:00,4532.48,101.6,TRADE
VIC1,2025-04-05 08:10:00,4409.96,75.89,TRADE
VIC1,2025-04-05 08:15:00,4372.69,46.2,TRADE
VIC1,2025-04-05 08:20:00,4392.91,75.89,TRADE
VIC1,2025-04-05 08:25:00,4382.69,99.52,TRADE
VIC1,2025-04-05 08:30:00,4338.06,117.82,TRADE
VIC1,2025-04-05 08:35:00,4275.44,132.72,TRADE
VIC1,2025-04-05 08:40:00,4205.96,115.12,TRADE
VIC1,2025-04-05 08:45:00,4152.62,49.43,TRADE
VIC1,2025-04-05 08:50:00,4007.74,83.66,TRADE
VIC1,2025-04-05 08:55:00,3886.8,0.0,TRADE
VIC1,2025-04-05 09:00:00,3886.85,0.0,TRADE
VIC1,2025-04-05 09:05:00,3786.35,50.54,TRADE
VIC1,2025-04-05 09:10:00,3607.2,0.0,TRADE
VIC1,2025-04-05 09:15:00,3637.02,9.14,TRADE
VIC1,2025-04-05 09:20:00,3559.66,-2.51,TRADE
VIC1,2025-04-05 09:25:00,3518.59,-8.73,TRADE
VIC1,2025-04-05 09:30:00,3458.73,-8.74,TRADE
VIC1,2025-04-05 09:35:00,3348.81,-21.0,TRADE
VIC1,2025-04-05 09:40:00,3349.15,-20.22,TRADE
VIC1,2025-04-05 09:45:00,3307.72,-23.0,TRADE
VIC1,2025-04-05 09:50:00,3216.69,-23.44,TRADE
VIC1,2025-04-05 09:55:00,3216.3,-23.0,TRADE
VIC1,2025-04-05 10:00:00,3162.69,-23.44,TRADE
VIC1,2025-04-05 10:05:00,3103.92,-23.44,TRADE
VIC1,2025-04-05 10:10:00,3050.89,-23.44,TRADE
VIC1,2025-04-05 10:15:00,2905.51,-26.87,TRADE
VIC1,2025-04-05 10:20:00,2910.25,-26.66,TRADE
VIC1,2025-04-05 10:25:00,2938.43,-26.83,TRADE
VIC1,2025-04-05 10:30:00,2877.99,-23.0,TRADE
VIC1,2025-04-05 10:35:00,2875.89,-24.0,TRADE
VIC1,2025-04-05 10:40:00,2890.99,-24.0,TRADE
VIC1,2025-04-05 10:45:00,2835.13,-25.75,TRADE
VIC1,2025-04-05 10:50:00,2797.34,-24.0,TRADE
VIC1,2025-04-05 10:55:00,2718.31,-30.28,TRADE
VIC1,2025-04-05 11:00:00,2644.5,-35.59,TRADE
VIC1,2025-04-05 11:05:00,2613.45,-26.1,TRADE
VIC1,2025-04-05 11:10:00,2627.33,-25.75,TRADE
VIC1,2025-04-05 11:15:00,2655.84,-24.0,TRADE
VIC1,2025-04-05 11:20:00,2603.05,-32.0,TRADE
VIC1,2025-04-05 11:25:00,2620.41,-31.91,TRADE
VIC1,2025-04-05 11:30:00,2597.38,-37.21,TRADE
VIC1,2025-04-05 11:35:00,2616.54,-32.0,TRADE
VIC1,2025-04-05 11:40:00,2562.58,-31.37,TRADE
VIC1,2025-04-05 11:45:00,2467.21,-34.59,TRADE
VIC1,2025-04-05 11:50:00,2423.22,-35.16,TRADE
VIC1,2025-04-05 11:55:00,2452.05,-34.42,TRADE
VIC1,2025-04-05 12:00:00,2425.82,-35.19,TRADE
VIC1,2025-04-05 12:05:00,2330.64,-33.82,TRADE
VIC1,2025-04-05 12:10:00,2397.91,-34.83,TRADE
VIC1,2025-04-05 12:15:00,2382.03,-34.8,TRADE
VIC1,2025-04-05 12:20:00,2312.71,-34.6,TRADE
VIC1,2025-04-05 12:25:00,2182.18,-33.27,TRADE
VIC1,2025-04-05 12:30:00,2240.02,-34.18,TRADE
VIC1,2025-04-05 12:35:00,2180.66,-33.18,TRADE
VIC1,2025-04-05 12:40:00,2153.39,-33.15,TRADE
VIC1,2025-04-05 12:45:00,2235.88,-33.66,TRADE
VIC1,2025-04-05 12:50:00,2171.94,-32.73,TRADE
VIC1,2025-04-05 12:55:00,2145.82,-44.0,TRADE
VIC1,2025-04-05 13:00:00,2124.11,-44.0,TRADE
VIC1,2025-04-05 13:05:00,2077.39,-44.0,TRADE
VIC1,2025-04-05 13:10:00,2103.33,-44.0,TRADE
VIC1,2025-04-05 13:15:00,2082.69,-44.0,TRADE
VIC1,2025-04-05 13:20:00,1987.45,-44.8,TRADE
VIC1,2025-04-05 13:25:00,2067.03,-44.0,TRADE
VIC1,2025-04-05 13:30:00,2077.43,-44.8,TRADE
VIC1,2025-04-05 13:35:00,2033.81,-48.0,TRADE
VIC1,2025-04-05 13:40:00,2005.11,-50.0,TRADE
VIC1,2025-04-05 13:45:00,2124.52,-48.0,TRADE
VIC1,2025-04-05 13:50:00,2139.65,-48.0,TRADE
VIC1,2025-04-05 13:55:00,2185.81,-48.0,TRADE
VIC1,2025-04-05 14:00:00,2193.21,-44.0,TRADE
VIC1,2025-04-05 14:05:00,2180.51,-44.8,TRADE
VIC1,2025-04-05 14:10:00,2155.07,-48.0,TRADE
VIC1,2025-04-05 14:15:00,2154.93,-44.8,TRADE
VIC1,2025-04-05 14:20:00,2185.89,-44.8,TRADE
VIC1,2025-04-05 14:25:00,2196.25,-48.0,TRADE
VIC1,2025-04-05 14:30:00,2214.61,-48.0,TRADE
VIC1,2025-04-05 14:35:00,2260.45,-50.01,TRADE
VIC1,2025-04-05 14:40:00,2324.03,-50.01,TRADE
VIC1,2025-04-05 14:45:00,2347.29,-50.01,TRADE
VIC1,2025-04-05 14:50:00,2463.69,-44.0,TRADE
VIC1,2025-04-05 14:55:00,2497.6,-30.28,TRADE
VIC1,2025-04-05 15:00:00,2483.12,-30.28,TRADE
VIC1,2025-04-05 15:05:00,2602.86,-42.29,TRADE
VIC1,2025-04-05 15:10:00,2606.64,-32.7,TRADE
VIC1,2025-04-05 15:15:00,2701.41,-30.28,TRADE
VIC1,2025-04-05 15:20:00,2742.23,-29.12,TRADE
VIC1,2025-04-05 15:25:00,2822.1,-25.75,TRADE
VIC1,2025-04-05 15:30:00,2879.48,-44.0,TRADE
VIC1,2025-04-05 15:35:00,2915.28,-28.48,TRADE
VIC1,2025-04-05 15:40:00,3057.29,-26.91,TRADE
VIC1,2025-04-05 15:45:00,3081.69,-24.0,TRADE
VIC1,2025-04-05 15:50:00,3110.13,-24.0,TRADE
VIC1,2025-04-05 15:55:00,3225.88,-21.0,TRADE
VIC1,2025-04-05 16:00:00,3295.43,-21.0,TRADE
VIC1,2025-04-05 16:05:00,3394.89,-22.75,TRADE
VIC1,2025-04-05 16:10:00,3427.86,-17.56,TRADE
VIC1,2025-04-05 16:15:00,3532.71,0.0,TRADE
VIC1,2025-04-05 16:20:00,3543.5,31.45,TRADE
VIC1,2025-04-05 16:25:00,3593.6,8.95,TRADE
VIC1,2025-04-05 16:30:00,3641.28,8.95,TRADE
VIC1,2025-04-05 16:35:00,3772.36,78.24,TRADE
VIC1,2025-04-05 16:40:00,3822.55,80.99,TRADE
VIC1,2025-04-05 16:45:00,4020.05,104.1,TRADE
VIC1,2025-04-05 16:50:00,4049.07,99.71,TRADE
VIC1,2025-04-05 16:55:00,4225.53,125.71,TRADE
VIC1,2025-04-05 17:00:00,4281.51,130.55,TRADE
VIC1,2025-04-05 17:05:00,4352.67,124.38,TRADE
VIC1,2025-04-05 17:10:00,4433.93,125.71,TRADE
VIC1,2025-04-05 17:15:00,4435.43,118.16,TRADE
VIC1,2025-04-05 17:20:00,4526.46,118.16,TRADE
VIC1,2025-04-05 17:25:00,4686.21,139.85,TRADE
VIC1,2025-04-05 17:30:00,4728.26,140.57,TRADE
VIC1,2025-04-05 17:35:00,4769.57,148.77,TRADE
VIC1,2025-04-05 17:40:00,4816.34,0.0,TRADE
VIC1,2025-04-05 17:45:00,4857.53,98.66,TRADE
VIC1,2025-04-05 17:50:00,4935.16,129.8,TRADE
VIC1,2025-04-05 17:55:00,4967.63,119.48,TRADE
VIC1,2025-04-05 18:00:00,4942.43,118.2,TRADE
VIC1,2025-04-05 18:05:00,5013.77,132.72,TRADE
VIC1,2025-04-05 18:10:00,5055.65,255.77,TRADE
VIC1,2025-04-05 18:15:00,4977.05,181.63,TRADE
VIC1,2025-04-05 18:20:00,5092.22,181.02,TRADE
VIC1,2025-04-05 18:25:00,5064.03,170.23,TRADE
VIC1,2025-04-05 18:30:00,5124.93,170.23,TRADE
VIC1,2025-04-05 18:35:00,5132.91,152.85,TRADE
VIC1,2025-04-05 18:40:00,5056.88,151.02,TRADE
VIC1,2025-04-05 18:45:00,5082.53,171.74,TRADE
VIC1,2025-04-05 18:50:00,5038.31,153.23,TRADE
VIC1,2025-04-05 18:55:00,5026.01,151.02,TRADE
VIC1,2025-04-05 19:00:00,5103.72,165.87,TRADE
VIC1,2025-04-05 19:05:00,5102.52,152.48,TRADE
VIC1,2025-04-05 19:10:00,5051.35,149.87,TRADE
VIC1,2025-04-05 19:15:00,5079.49,199.0,TRADE
VIC1,2025-04-05 19:20:00,5046.23,149.5,TRADE
VIC1,2025-04-05 19:25:00,5056.78,165.97,TRADE
VIC1,2025-04-05 19:30:00,4953.25,149.5,TRADE
VIC1,2025-04-05 19:35:00,4970.71,162.02,TRADE
VIC1,2025-04-05 19:40:00,5029.59,184.97,TRADE
VIC1,2025-04-05 19:45:00,4991.06,152.52,TRADE
VIC1,2025-04-05 19:50:00,4978.73,152.14,TRADE
VIC1,2025-04-05 19:55:00,5003.47,152.15,TRADE
VIC1,2025-04-05 20:00:00,4973.94,152.89,TRADE
VIC1,2025-04-05 20:05:00,4984.99,148.73,TRADE
VIC1,2025-04-05 20:10:00,4873.11,211.3,TRADE
VIC1,2025-04-05 20:15:00,4856.87,177.81,TRADE
VIC1,2025-04-05 20:20:00,4857.22,148.75,TRADE
VIC1,2025-04-05 20:25:00,4882.42,139.17,TRADE
VIC1,2025-04-05 20:30:00,4887.12,149.79,TRADE
VIC1,2025-04-05 20:35:00,4831.73,150.27,TRADE
VIC1,2025-04-05 20:40:00,4838.58,151.48,TRADE
VIC1,2025-04-05 20:45:00,4830.02,152.59,TRADE
VIC1,2025-04-05 20:50:00,4811.36,152.23,TRADE
VIC1,2025-04-05 20:55:00,4798.91,153.24,TRADE
VIC1,2025-04-05 21:00:00,4702.79,150.25,TRADE
VIC1,2025-04-05 21:05:00,4683.0,150.6,TRADE
VIC1,2025-04-05 21:10:00,4729.68,153.39,TRADE
VIC1,2025-04-05 21:15:00,4752.81,153.42,TRADE
VIC1,2025-04-05 21:20:00,4652.4,150.65,TRADE
VIC1,2025-04-05 21:25:00,4716.12,150.28,TRADE
VIC1,2025-04-05 21:30:00,4676.38,149.52,TRADE
VIC1,2025-04-05 21:35:00,4654.58,150.27,TRADE
VIC1,2025-04-05 21:40:00,4645.98,149.52,TRADE
VIC1,2025-04-05 21:45:00,4547.81,139.0,TRADE
VIC1,2025-04-05 21:50:00,4535.58,130.57,TRADE
VIC1,2025-04-05 21:55:00,4549.5,137.68,TRADE
VIC1,2025-04-05 22:00:00,4530.66,130.57,TRADE
VIC1,2025-04-05 22:05:00,4473.39,137.65,TRADE
VIC1,2025-04-05 22:10:00,4506.39,145.47,TRADE
VIC1,2025-04-05 22:15:00,4499.44,137.53,TRADE
VIC1,2025-04-05 22:20:00,4491.91,137.39,TRADE
VIC1,2025-04-05 22:25:00,4446.12,135.13,TRADE
VIC1,2025-04-05 22:30:00,4372.51,126.89,TRADE
VIC1,2025-04-05 22:35:00,4380.01,127.42,TRADE
VIC1,2025-04-05 22:40:00,4476.11,128.08,TRADE
VIC1,2025-04-05 22:45:00,4451.9,129.91,TRADE
VIC1,2025-04-05 22:50:00,4411.06,128.91,TRADE
VIC1,2025-04-05 22:55:00,4432.44,128.91,TRADE
VIC1,2025-04-05 23:00:00,4388.85,120.0,TRADE
VIC1,2025-04-05 23:05:00,4458.43,129.85,TRADE
VIC1,2025-04-05 23:10:00,4467.11,129.58,TRADE
VIC1,2025-04-05 23:15:00,4502.77,130.24,TRADE
VIC1,2025-04-05 23:20:00,4500.59,129.91,TRADE
VIC1,2025-04-05 23:25:00,4558.29,127.56,TRADE
VIC1,2025-04-05 23:30:00,4615.66,131.1,TRADE
VIC1,2025-04-05 23:35:00,4495.78,126.3,TRADE
VIC1,2025-04-05 23:40:00,4534.34,129.91,TRADE
VIC1,2025-04-05 23:45:00,4489.74,121.83,TRADE
VIC1,2025-04-05 23:50:00,4469.2,120.0,TRADE
VIC1,2025-04-05 23:55:00,4405.2,106.03,TRADE
VIC1,2025-04-06 00:00:00,4276.21,98.7,TRADE
VIC1,2025-04-06 00:05:00,4337.93,98.81,TRADE
VIC1,2025-04-06 00:10:00,4331.46,109.43,TRADE
VIC1,2025-04-06 00:15:00,4331.97,105.47,TRADE
VIC1,2025-04-06 00:20:00,4290.73,110.22,TRADE
VIC1,2025-04-06 00:25:00,4294.73,118.17,TRADE
VIC1,2025-04-06 00:30:00,4291.9,110.03,TRADE
VIC1,2025-04-06 00:35:00,4304.09,120.0,TRADE
VIC1,2025-04-06 00:40:00,4261.02,116.61,TRADE
VIC1,2025-04-06 00:45:00,4149.02,100.22,TRADE
VIC1,2025-04-06 00:50:00,4187.92,112.44,TRADE
VIC1,2025-04-06 00:55:00,4184.86,102.73,TRADE
VIC1,2025-04-06 01:00:00,4095.12,96.19,TRADE
VIC1,2025-04-06 01:05:00,4165.91,95.18,TRADE
VIC1,2025-04-06 01:10:00,4118.41,101.18,TRADE
VIC1,2025-04-06 01:15:00,4101.5,93.85,TRADE
VIC1,2025-04-06 01:20:00,4088.84,91.44,TRADE
VIC1,2025-04-06 01:25:00,3991.3,79.0,TRADE
VIC1,2025-04-06 01:30:00,3984.3,79.0,TRADE
VIC1,2025-04-06 01:35:00,3937.13,89.25,TRADE
VIC1,2025-04-06 01:40:00,3994.17,87.0,TRADE
VIC1,2025-04-06 01:45:00,3920.7,81.0,TRADE
VIC1,2025-04-06 01:50:00,3959.76,79.0,TRADE
VIC1,2025-04-06 01:55:00,3950.34,79.0,TRADE
VIC1,2025-04-06 02:00:00,3940.28,79.0,TRADE
VIC1,2025-04-06 02:05:00,3912.7,98.44,TRADE
VIC1,2025-04-06 02:10:00,3817.88,86.12,TRADE
VIC1,2025-04-06 02:15:00,3821.34,82.9,TRADE
VIC1,2025-04-06 02:20:00,3848.04,82.46,TRADE
VIC1,2025-04-06 02:25:00,3879.34,83.53,TRADE
VIC1,2025-04-06 02:30:00,3779.2,76.53,TRADE
VIC1,2025-04-06 02:35:00,3809.2,82.38,TRADE
VIC1,2025-04-06 02:40:00,3801.04,82.36,TRADE
VIC1,2025-04-06 02:45:00,3789.61,75.04,TRADE
VIC1,2025-04-06 02:50:00,3762.48,75.63,TRADE
VIC1,2025-04-06 02:55:00,3710.36,80.39,TRADE
VIC1,2025-04-06 03:00:00,3685.7,73.27,TRADE
VIC1,2025-04-06 03:05:00,3760.7,108.03,TRADE
VIC1,2025-04-06 03:10:00,3734.48,99.28,TRADE
VIC1,2025-04-06 03:15:00,3696.37,98.4,TRADE
VIC1,2025-04-06 03:20:00,3717.78,105.27,TRADE
VIC1,2025-04-06 03:25:00,3703.41,98.3,TRADE
VIC1,2025-04-06 03:30:00,3729.56,98.3,TRADE
VIC1,2025-04-06 03:35:00,3691.64,94.29,TRADE
VIC1,2025-04-06 03:40:00,3642.68,105.35,TRADE
VIC1,2025-04-06 03:45:00,3625.03,96.02,TRADE
VIC1,2025-04-06 03:50:00,3671.01,101.21,TRADE
VIC1,2025-04-06 03:55:00,3702.23,105.27,TRADE
VIC1,2025-04-06 04:00:00,3720.03,90.61,TRADE
VIC1,2025-04-06 04:05:00,3724.38,83.66,TRADE
VIC1,2025-04-06 04:10:00,3752.62,90.91,TRADE
VIC1,2025-04-06 04:15:00,3720.94,86.7,TRADE
VIC1,2025-04-06 04:20:00,3751.19,87.46,TRADE
VIC1,2025-04-06 04:25:00,3742.54,88.21,TRADE
VIC1,2025-04-06 04:30:00,3695.3,83.66,TRADE
VIC1,2025-04-06 04:35:00,3771.48,88.53,TRADE
VIC1,2025-04-06 04:40:00,3795.4,105.41,TRADE
VIC1,2025-04-06 04:45:00,3723.28,94.61,TRADE
VIC1,2025-04-06 04:50:00,3807.63,105.44,TRADE
VIC1,2025-04-06 04:55:00,3788.77,88.56,TRADE
VIC1,2025-04-06 05:00:00,3822.23,89.99,TRADE
VIC1,2025-04-06 05:05:00,3853.61,97.39,TRADE
VIC1,2025-04-06 05:10:00,3807.47,97.77,TRADE
VIC1,2025-04-06 05:15:00,3835.82,103.56,TRADE
VIC1,2025-04-06 05:20:00,3916.68,106.06,TRADE
VIC1,2025-04-06 05:25:00,3920.47,97.18,TRADE
VIC1,2025-04-06 05:30:00,3856.14,90.92,TRADE
VIC1,2025-04-06 05:35:00,3948.92,100.89,TRADE
VIC1,2025-04-06 05:40:00,3956.08,101.77,TRADE
VIC1,2025-04-06 05:45:00,3981.0,101.63,TRADE
VIC1,2025-04-06 05:50:00,3988.93,95.12,TRADE
VIC1,2025-04-06 05:55:00,3926.61,89.15,TRADE
VIC1,2025-04-06 06:00:00,3938.07,89.09,TRADE
VIC1,2025-04-06 06:05:00,3973.27,96.66,TRADE
VIC1,2025-04-06 06:10:00,4115.2,107.11,TRADE
VIC1,2025-04-06 06:15:00,4147.8,107.63,TRADE
VIC1,2025-04-06 06:20:00,4159.94,104.06,TRADE
VIC1,2025-04-06 06:25:00,4173.83,92.88,TRADE
VIC1,2025-04-06 06:30:00,4201.3,92.49,TRADE
VIC1,2025-04-06 06:35:00,4215.74,93.72,TRADE
VIC1,2025-04-06 06:40:00,4162.59,83.66,TRADE
VIC1,2025-04-06 06:45:00,4204.79,74.74,TRADE
VIC1,2025-04-06 06:50:00,4227.95,69.1,TRADE
VIC1,2025-04-06 06:55:00,4278.68,12.74,TRADE
VIC1,2025-04-06 07:00:00,4350.33,33.11,TRADE
VIC1,2025-04-06 07:05:00,4372.44,34.99,TRADE
VIC1,2025-04-06 07:10:00,4286.18,33.54,TRADE
VIC1,2025-04-06 07:15:00,4292.72,0.0,TRADE
VIC1,2025-04-06 07:20:00,4298.4,0.02,TRADE
VIC1,2025-04-06 07:25:00,4357.55,0.0,TRADE
VIC1,2025-04-06 07:30:00,4397.21,0.0,TRADE
VIC1,2025-04-06 07:35:00,4389.65,8.95,TRADE
VIC1,2025-04-06 07:40:00,4420.32,8.95,TRADE
VIC1,2025-04-06 07:45:00,4438.68,9.0,TRADE
VIC1,2025-04-06 07:50:00,4408.42,8.95,TRADE
VIC1,2025-04-06 07:55:00,4400.37,0.0,TRADE
VIC1,2025-04-06 08:00:00,4379.62,0.0,TRADE
VIC1,2025-04-06 08:05:00,4356.8,34.82,TRADE
VIC1,2025-04-06 08:10:00,4336.55,8.95,TRADE
VIC1,2025-04-06 08:15:00,4357.03,-1.94,TRADE
VIC1,2025-04-06 08:20:00,4354.91,0.01,TRADE
VIC1,2025-04-06 08:25:00,4300.79,-9.57,TRADE
VIC1,2025-04-06 08:30:00,4278.02,-20.16,TRADE
VIC1,2025-04-06 08:35:00,4187.89,-21.67,TRADE
VIC1,2025-04-06 08:40:00,4214.95,-21.0,TRADE
VIC1,2025-04-06 08:45:00,4143.01,-19.99,TRADE
VIC1,2025-04-06 08:50:00,4090.46,-21.0,TRADE
VIC1,2025-04-06 08:55:00,4029.29,-21.0,TRADE
VIC1,2025-04-06 09:00:00,3910.62,-24.0,TRADE
VIC1,2025-04-06 09:05:00,3846.06,-25.75,TRADE
VIC1,2025-04-06 09:10:00,3840.23,-24.69,TRADE
VIC1,2025-04-06 09:15:00,3723.95,-23.99,TRADE
VIC1,2025-04-06 09:20:00,3723.51,-24.29,TRADE
VIC1,2025-04-06 09:25:00,3618.55,-24.67,TRADE
VIC1,2025-04-06 09:30:00,3417.99,-24.0,TRADE
VIC1,2025-04-06 09:35:00,3368.33,-24.61,TRADE
VIC1,2025-04-06 09:40:00,3285.07,-23.46,TRADE
VIC1,2025-04-06 09:45:00,3125.19,-25.42,TRADE
VIC1,2025-04-06 09:50:00,3156.3,-30.28,TRADE
VIC1,2025-04-06 09:55:00,3133.87,-25.75,TRADE
VIC1,2025-04-06 10:00:00,2984.87,-26.1,TRADE
VIC1,2025-04-06 10:05:00,2953.54,-25.47,TRADE
VIC1,2025-04-06 10:10:00,3008.3,-24.0,TRADE
VIC1,2025-04-06 10:15:00,2975.53,-25.75,TRADE
VIC1,2025-04-06 10:20:00,2807.65,-30.28,TRADE
VIC1,2025-04-06 10:25:00,2910.41,-30.28,TRADE
VIC1,2025-04-06 10:30:00,2861.01,-30.28,TRADE
VIC1,2025-04-06 10:35:00,2824.31,-30.28,TRADE
VIC1,2025-04-06 10:40:00,2778.7,-34.93,TRADE
VIC1,2025-04-06 10:45:00,2644.46,-44.0,TRADE
VIC1,2025-04-06 10:50:00,2705.87,-31.31,TRADE
VIC1,2025-04-06 10:55:00,2637.28,-41.19,TRADE
VIC1,2025-04-06 11:00:00,2605.34,-48.0,TRADE
VIC1,2025-04-06 11:05:00,2622.47,-41.19,TRADE
VIC1,2025-04-06 11:10:00,2631.76,-36.96,TRADE
VIC1,2025-04-06 11:15:00,2643.58,-30.76,TRADE
VIC1,2025-04-06 11:20:00,2621.13,-43.75,TRADE
VIC1,2025-04-06 11:25:00,2624.29,-31.37,TRADE
VIC1,2025-04-06 11:30:00,2737.57,-30.28,TRADE
VIC1,2025-04-06 11:35:00,2744.94,-30.28,TRADE
VIC1,2025-04-06 11:40:00,2729.04,-30.28,TRADE
VIC1,2025-04-06 11:45:00,2767.03,-30.28,TRADE
VIC1,2025-04-06 11:50:00,2830.11,-31.68,TRADE
VIC1,2025-04-06 11:55:00,2833.19,-33.18,TRADE
VIC1,2025-04-06 12:00:00,2875.0,-31.76,TRADE
VIC1,2025-04-06 12:05:00,2772.74,-33.21,TRADE
VIC1,2025-04-06 12:10:00,2830.75,-33.58,TRADE
VIC1,2025-04-06 12:15:00,2902.08,-31.67,TRADE
VIC1,2025-04-06 12:20:00,2964.67,-30.28,TRADE
VIC1,2025-04-06 12:25:00,2915.37,-33.49,TRADE
VIC1,2025-04-06 12:30:00,2878.83,-40.97,TRADE
VIC1,2025-04-06 12:35:00,2849.67,-37.63,TRADE
VIC1,2025-04-06 12:40:00,2784.85,-44.8,TRADE
VIC1,2025-04-06 12:45:00,2673.68,-47.78,TRADE
VIC1,2025-04-06 12:50:00,2648.62,-44.8,TRADE
VIC1,2025-04-06 12:55:00,2671.19,-42.35,TRADE
VIC1,2025-04-06 13:00:00,2650.84,-44.0,TRADE
VIC1,2025-04-06 13:05:00,2653.42,-44.0,TRADE
VIC1,2025-04-06 13:10:00,2784.09,-33.44,TRADE
VIC1,2025-04-06 13:15:00,2815.47,-33.25,TRADE
VIC1,2025-04-06 13:20:00,2868.77,-40.97,TRADE
VIC1,2025-04-06 13:25:00,2922.03,-38.38,TRADE
VIC1,2025-04-06 13:30:00,2979.03,-37.04,TRADE
VIC1,2025-04-06 13:35:00,2905.85,-44.8,TRADE
VIC1,2025-04-06 13:40:00,2736.08,-50.11,TRADE
VIC1,2025-04-06 13:45:00,2671.57,-50.21,TRADE
VIC1,2025-04-06 13:50:00,2727.11,-50.21,TRADE
VIC1,2025-04-06 13:55:00,2715.84,-50.21,TRADE
VIC1,2025-04-06 14:00:00,2761.38,-50.21,TRADE
VIC1,2025-04-06 14:05:00,2760.77,-59.47,TRADE
VIC1,2025-04-06 14:10:00,2858.75,-58.43,TRADE
VIC1,2025-04-06 14:15:00,2945.18,-50.21,TRADE
VIC1,2025-04-06 14:20:00,2989.46,-50.21,TRADE
VIC1,2025-04-06 14:25:00,3116.13,-47.78,TRADE
VIC1,2025-04-06 14:30:00,3074.83,-50.01,TRADE
VIC1,2025-04-06 14:35:00,3198.26,-48.0,TRADE
VIC1,2025-04-06 14:40:00,3266.94,-44.8,TRADE
VIC1,2025-04-06 14:45:00,3472.21,-38.82,TRADE
VIC1,2025-04-06 14:50:00,3550.46,-32.59,TRADE
VIC1,2025-04-06 14:55:00,3652.3,-30.28,TRADE
VIC1,2025-04-06 15:00:00,3637.38,-34.42,TRADE
VIC1,2025-04-06 15:05:00,3725.76,-34.4,TRADE
VIC1,2025-04-06 15:10:00,3762.14,-44.0,TRADE
VIC1,2025-04-06 15:15:00,3759.17,-41.19,TRADE
VIC1,2025-04-06 15:20:00,3763.12,-31.79,TRADE
VIC1,2025-04-06 15:25:00,3844.82,-30.28,TRADE
VIC1,2025-04-06 15:30:00,3834.38,-30.28,TRADE
VIC1,2025-04-06 15:35:00,3818.93,-31.67,TRADE
VIC1,2025-04-06 15:40:00,3895.38,-30.28,TRADE
VIC1,2025-04-06 15:45:00,3855.26,-26.1,TRADE
VIC1,2025-04-06 15:50:00,3859.19,-30.28,TRADE
VIC1,2025-04-06 15:55:00,3898.77,-26.1,TRADE
VIC1,2025-04-06 16:00:00,3950.16,-24.83,TRADE
VIC1,2025-04-06 16:05:00,4163.64,-24.7,TRADE
VIC1,2025-04-06 16:10:00,4325.82,-23.47,TRADE
VIC1,2025-04-06 16:15:00,4296.36,-24.0,TRADE
VIC1,2025-04-06 16:20:00,4406.42,-24.0,TRADE
VIC1,2025-04-06 16:25:00,4461.09,-22.6,TRADE
VIC1,2025-04-06 16:30:00,4481.29,-22.0,TRADE
VIC1,2025-04-06 16:35:00,4432.97,-24.0,TRADE
VIC1,2025-04-06 16:40:00,4440.96,-21.88,TRADE
VIC1,2025-04-06 16:45:00,4470.92,-21.0,TRADE
VIC1,2025-04-06 16:50:00,4534.62,-21.0,TRADE
VIC1,2025-04-06 16:55:00,4611.3,-19.99,TRADE
VIC1,2025-04-06 17:00:00,4721.76,-2.51,TRADE
VIC1,2025-04-06 17:05:00,4642.36,-19.81,TRADE
VIC1,2025-04-06 17:10:00,4715.95,-19.45,TRADE
VIC1,2025-04-06 17:15:00,4734.64,-18.95,TRADE
VIC1,2025-04-06 17:20:00,4744.16,-8.1,TRADE
VIC1,2025-04-06 17:25:00,4809.64,0.0,TRADE
VIC1,2025-04-06 17:30:00,4778.16,33.89,TRADE
VIC1,2025-04-06 17:35:00,4864.4,105.07,TRADE
VIC1,2025-04-06 17:40:00,4960.14,-19.99,TRADE
VIC1,2025-04-06 17:45:00,4967.54,-18.26,TRADE
VIC1,2025-04-06 17:50:00,5032.63,-7.79,TRADE
VIC1,2025-04-06 17:55:00,5158.71,8.95,TRADE
VIC1,2025-04-06 18:00:00,5106.12,98.13,TRADE
VIC1,2025-04-06 18:05:00,5224.67,35.5,TRADE
VIC1,2025-04-06 18:10:00,5280.59,59.0,TRADE
VIC1,2025-04-06 18:15:00,5314.5,79.0,TRADE
VIC1,2025-04-06 18:20:00,5289.89,119.0,TRADE
VIC1,2025-04-06 18:25:00,5304.72,111.7,TRADE
VIC1,2025-04-06 18:30:00,5338.73,120.96,TRADE
VIC1,2025-04-06 18:35:00,5412.82,127.17,TRADE
VIC1,2025-04-06 18:40:00,5430.44,120.11,TRADE
VIC1,2025-04-06 18:45:00,5388.04,120.11,TRADE
VIC1,2025-04-06 18:50:00,5391.79,131.88,TRADE
VIC1,2025-04-06 18:55:00,5371.73,166.36,TRADE
VIC1,2025-04-06 19:00:00,5318.31,124.81,TRADE
VIC1,2025-04-06 19:05:00,5258.44,120.11,TRADE
VIC1,2025-04-06 19:10:00,5207.42,120.34,TRADE
VIC1,2025-04-06 19:15:00,5212.53,120.11,TRADE
VIC1,2025-04-06 19:20:00,5234.73,120.11,TRADE
VIC1,2025-04-06 19:25:00,5239.51,132.93,TRADE
VIC1,2025-04-06 19:30:00,5207.84,133.28,TRADE
VIC1,2025-04-06 19:35:00,5177.39,120.11,TRADE
VIC1,2025-04-06 19:40:00,5152.26,120.11,TRADE
VIC1,2025-04-06 19:45:00,5195.04,148.97,TRADE
VIC1,2025-04-06 19:50:00,5071.44,120.11,TRADE
VIC1,2025-04-06 19:55:00,5084.88,120.11,TRADE
VIC1,2025-04-06 20:00:00,5119.86,120.11,TRADE
VIC1,2025-04-06 20:05:00,5073.52,120.11,TRADE
VIC1,2025-04-06 20:10:00,5002.09,120.11,TRADE
VIC1,2025-04-06 20:15:00,5034.84,120.11,TRADE
VIC1,2025-04-06 20:20:00,5018.07,120.51,TRADE
VIC1,2025-04-06 20:25:00,4998.34,122.26,TRADE
VIC1,2025-04-06 20:30:00,4996.84,148.97,TRADE
VIC1,2025-04-06 20:35:00,4889.65,109.97,TRADE
VIC1,2025-04-06 20:40:00,4861.91,120.11,TRADE
VIC1,2025-04-06 20:45:00,4887.03,121.44,TRADE
VIC1,2025-04-06 20:50:00,4848.4,117.84,TRADE
VIC1,2025-04-06 20:55:00,4864.51,115.38,TRADE
VIC1,2025-04-06 21:00:00,4786.1,103.82,TRADE
VIC1,2025-04-06 21:05:00,4855.76,129.93,TRADE
VIC1,2025-04-06 21:10:00,4852.47,126.65,TRADE
VIC1,2025-04-06 21:15:00,4852.9,119.09,TRADE
VIC1,2025-04-06 21:20:00,4827.87,124.6,TRADE
VIC1,2025-04-06 21:25:00,4712.66,140.74,TRADE
VIC1,2025-04-06 21:30:00,4692.9,119.18,TRADE
VIC1,2025-04-06 21:35:00,4663.22,102.4,TRADE
VIC1,2025-04-06 21:40:00,4741.71,119.0,TRADE
VIC1,2025-04-06 21:45:00,4628.61,101.89,TRADE
VIC1,2025-04-06 21:50:00,4646.81,119.0,TRADE
VIC1,2025-04-06 21:55:00,4570.97,119.0,TRADE
VIC1,2025-04-06 22:00:00,4586.33,119.0,TRADE
VIC1,2025-04-06 22:05:00,4563.01,119.0,TRADE
VIC1,2025-04-06 22:10:00,4485.05,119.09,TRADE
VIC1,2025-04-06 22:15:00,4453.16,135.79,TRADE
VIC1,2025-04-06 22:20:00,4433.75,121.43,TRADE
VIC1,2025-04-06 22:25:00,4421.97,126.62,TRADE
VIC1,2025-04-06 22:30:00,4395.15,119.02,TRADE
VIC1,2025-04-06 22:35:00,4436.75,119.0,TRADE
VIC1,2025-04-06 22:40:00,4431.11,131.77,TRADE
VIC1,2025-04-06 22:45:00,4330.82,111.14,TRADE
VIC1,2025-04-06 22:50:00,4372.93,110.42,TRADE
VIC1,2025-04-06 22:55:00,4342.11,111.26,TRADE
VIC1,2025-04-06 23:00:00,4344.15,111.78,TRADE
VIC1,2025-04-06 23:05:00,4325.91,119.72,TRADE
VIC1,2025-04-06 23:10:00,4413.46,133.69,TRADE
VIC1,2025-04-06 23:15:00,4473.72,132.85,TRADE
VIC1,2025-04-06 23:20:00,4523.79,119.0,TRADE
VIC1,2025-04-06 23:25:00,4526.9,119.0,TRADE
VIC1,2025-04-06 23:30:00,4517.97,113.37,TRADE
VIC1,2025-04-06 23:35:00,4517.33,137.75,TRADE
VIC1,2025-04-06 23:40:00,4474.8,138.14,TRADE
VIC1,2025-04-06 23:45:00,4439.38,119.0,TRADE
VIC1,2025-04-06 23:50:00,4376.79,119.67,TRADE
VIC1,2025-04-06 23:55:00,4354.6,140.06,TRADE
VIC1,2025-04-12 00:00:00,4739.5,79.0,TRADE
VIC1,2025-04-12 00:05:00,4748.59,90.89,TRADE
VIC1,2025-04-12 00:10:00,4721.34,90.97,TRADE
VIC1,2025-04-12 00:15:00,4701.46,79.0,TRADE
VIC1,2025-04-12 00:20:00,4586.83,79.0,TRADE
VIC1,2025-04-12 00:25:00,4571.77,79.0,TRADE
VIC1,2025-04-12 00:30:00,4613.0,79.46,TRADE
VIC1,2025-04-12 00:35:00,4594.93,85.57,TRADE
VIC1,2025-04-12 00:40:00,4496.21,78.96,TRADE
VIC1,2025-04-12 00:45:00,4510.2,84.4,TRADE
VIC1,2025-04-12 00:50:00,4520.7,84.29,TRADE
VIC1,2025-04-12 00:55:00,4470.22,79.0,TRADE
VIC1,2025-04-12 01:00:00,4453.03,79.0,TRADE
VIC1,2025-04-12 01:05:00,4373.89,78.96,TRADE
VIC1,2025-04-12 01:10:00,4433.9,79.0,TRADE
VIC1,2025-04-12 01:15:00,4426.03,78.96,TRADE
VIC1,2025-04-12 01:20:00,4321.29,72.9,TRADE
VIC1,2025-04-12 01:25:00,4363.25,69.75,TRADE
VIC1,2025-04-12 01:30:00,4348.15,69.05,TRADE
VIC1,2025-04-12 01:35:00,4340.73,65.75,TRADE
VIC1,2025-04-12 01:40:00,4303.5,66.29,TRADE
VIC1,2025-04-12 01:45:00,4203.37,49.63,TRADE
VIC1,2025-04-12 01:50:00,4175.24,63.9,TRADE
VIC1,2025-04-12 01:55:00,4244.74,58.23,TRADE
VIC1,2025-04-12 02:00:00,4242.77,66.85,TRADE
VIC1,2025-04-12 02:05:00,4146.22,54.03,TRADE
VIC1,2025-04-12 02:10:00,4137.68,66.7,TRADE
VIC1,2025-04-12 02:15:00,4158.28,66.6,TRADE
VIC1,2025-04-12 02:20:00,4152.36,64.91,TRADE
VIC1,2025-04-12 02:25:00,4138.32,63.86,TRADE
VIC1,2025-04-12 02:30:00,4134.19,67.07,TRADE
VIC1,2025-04-12 02:35:00,4020.81,53.14,TRADE
VIC1,2025-04-12 02:40:00,4084.67,63.55,TRADE
VIC1,2025-04-12 02:45:00,4088.21,49.8,TRADE
VIC1,2025-04-12 02:50:00,4014.91,49.42,TRADE
VIC1,2025-04-12 02:55:00,4051.48,59.0,TRADE
VIC1,2025-04-12 03:00:00,4020.61,59.0,TRADE
VIC1,2025-04-12 03:05:00,4032.02,64.23,TRADE
VIC1,2025-04-12 03:10:00,4027.72,63.93,TRADE
VIC1,2025-04-12 03:15:00,3955.14,53.5,TRADE
VIC1,2025-04-12 03:20:00,3937.73,53.5,TRADE
VIC1,2025-04-12 03:25:00,3930.78,49.3,TRADE
VIC1,2025-04-12 03:30:00,3992.86,53.5,TRADE
VIC1,2025-04-12 03:35:00,3992.45,58.61,TRADE
VIC1,2025-04-12 03:40:00,3938.61,62.36,TRADE
VIC1,2025-04-12 03:45:00,3959.7,52.38,TRADE
VIC1,2025-04-12 03:50:00,3994.1,66.75,TRADE
VIC1,2025-04-12 03:55:00,3963.87,65.76,TRADE
VIC1,2025-04-12 04:00:00,3975.11,66.17,TRADE
VIC1,2025-04-12 04:05:00,3882.99,64.8,TRADE
VIC1,2025-04-12 04:10:00,3934.32,66.23,TRADE
VIC1,2025-04-12 04:15:00,3960.74,66.17,TRADE
VIC1,2025-04-12 04:20:00,3974.22,66.15,TRADE
VIC1,2025-04-12 04:25:00,3896.8,65.6,TRADE
VIC1,2025-04-12 04:30:00,3899.84,65.61,TRADE
VIC1,2025-04-12 04:35:00,3892.58,65.01,TRADE
VIC1,2025-04-12 04:40:00,3927.5,65.66,TRADE
VIC1,2025-04-12 04:45:00,3923.83,65.05,TRADE
VIC1,2025-04-12 04:50:00,3964.83,64.97,TRADE
VIC1,2025-04-12 04:55:00,4001.43,66.53,TRADE
VIC1,2025-04-12 05:00:00,4015.45,66.0,TRADE
VIC1,2025-04-12 05:05:00,4021.27,59.0,TRADE
VIC1,2025-04-12 05:10:00,3967.6,59.0,TRADE
VIC1,2025-04-12 05:15:00,3976.83,63.51,TRADE
VIC1,2025-04-12 05:20:00,4072.13,65.59,TRADE
VIC1,2025-04-12 05:25:00,4062.23,65.66,TRADE
VIC1,2025-04-12 05:30:00,4055.78,66.19,TRADE
VIC1,2025-04-12 05:35:00,4066.67,65.5,TRADE
VIC1,2025-04-12 05:40:00,4114.98,66.22,TRADE
VIC1,2025-04-12 05:45:00,4152.35,67.77,TRADE
VIC1,2025-04-12 05:50:00,4094.24,66.17,TRADE
VIC1,2025-04-12 05:55:00,4128.26,69.17,TRADE
VIC1,2025-04-12 06:00:00,4203.58,79.0,TRADE
VIC1,2025-04-12 06:05:00,4277.58,79.0,TRADE
VIC1,2025-04-12 06:10:00,4277.13,79.0,TRADE
VIC1,2025-04-12 06:15:00,4319.37,88.35,TRADE
VIC1,2025-04-12 06:20:00,4351.41,88.39,TRADE
VIC1,2025-04-12 06:25:00,4360.84,87.94,TRADE
VIC1,2025-04-12 06:30:00,4373.25,91.72,TRADE
VIC1,2025-04-12 06:35:00,4343.68,92.65,TRADE
VIC1,2025-04-12 06:40:00,4349.25,95.25,TRADE
VIC1,2025-04-12 06:45:00,4424.76,97.78,TRADE
VIC1,2025-04-12 06:50:00,4441.03,79.0,TRADE
VIC1,2025-04-12 06:55:00,4436.5,79.0,TRADE
VIC1,2025-04-12 07:00:00,4473.02,77.3,TRADE
VIC1,2025-04-12 07:05:00,4481.6,77.3,TRADE
VIC1,2025-04-12 07:10:00,4471.27,77.3,TRADE
VIC1,2025-04-12 07:15:00,4383.15,59.0,TRADE
VIC1,2025-04-12 07:20:00,4375.39,43.97,TRADE
VIC1,2025-04-12 07:25:00,4332.35,8.95,TRADE
VIC1,2025-04-12 07:30:00,4429.14,8.95,TRADE
VIC1,2025-04-12 07:35:00,4374.77,35.5,TRADE
VIC1,2025-04-12 07:40:00,4318.85,8.95,TRADE
VIC1,2025-04-12 07:45:00,4305.58,0.01,TRADE
VIC1,2025-04-12 07:50:00,4254.35,0.01,TRADE
VIC1,2025-04-12 07:55:00,4222.25,0.01,TRADE
VIC1,2025-04-12 08:00:00,4092.44,-8.95,TRADE
VIC1,2025-04-12 08:05:00,4087.51,0.01,TRADE
VIC1,2025-04-12 08:10:00,4075.81,0.0,TRADE
VIC1,2025-04-12 08:15:00,3972.8,0.01,TRADE
VIC1,2025-04-12 08:20:00,3914.21,0.01,TRADE
VIC1,2025-04-12 08:25:00,3864.62,0.0,TRADE
VIC1,2025-04-12 08:30:00,3829.09,-9.63,TRADE
VIC1,2025-04-12 08:35:00,3780.81,-8.74,TRADE
VIC1,2025-04-12 08:40:00,3754.05,0.0,TRADE
VIC1,2025-04-12 08:45:00,3668.2,0.0,TRADE
VIC1,2025-04-12 08:50:00,3608.3,-14.24,TRADE
VIC1,2025-04-12 08:55:00,3570.19,-14.87,TRADE
VIC1,2025-04-12 09:00:00,3501.58,-14.99,TRADE
VIC1,2025-04-12 09:05:00,3498.01,-2.25,TRADE
VIC1,2025-04-12 09:10:00,3462.76,0.01,TRADE
VIC1,2025-04-12 09:15:00,3496.41,8.95,TRADE
VIC1,2025-04-12 09:20:00,3433.19,0.0,TRADE
VIC1,2025-04-12 09:25:00,3320.57,0.0,TRADE
VIC1,2025-04-12 09:30:00,3317.02,0.0,TRADE
VIC1,2025-04-12 09:35:00,3313.61,8.95,TRADE
VIC1,2025-04-12 09:40:00,3248.03,0.01,TRADE
VIC1,2025-04-12 09:45:00,3114.0,0.0,TRADE
VIC1,2025-04-12 09:50:00,3180.16,-8.2,TRADE
VIC1,2025-04-12 09:55:00,3052.45,-17.7,TRADE
VIC1,2025-04-12 10:00:00,3014.41,-14.13,TRADE
VIC1,2025-04-12 10:05:00,3007.12,-14.2,TRADE
VIC1,2025-04-12 10:10:00,2926.67,-14.23,TRADE
VIC1,2025-04-12 10:15:00,2923.23,-7.58,TRADE
VIC1,2025-04-12 10:20:00,2817.55,-14.1,TRADE
VIC1,2025-04-12 10:25:00,2847.05,-8.79,TRADE
VIC1,2025-04-12 10:30:00,2768.25,-13.76,TRADE
VIC1,2025-04-12 10:35:00,2747.71,-8.29,TRADE
VIC1,2025-04-12 10:40:00,2716.28,0.0,TRADE
VIC1,2025-04-12 10:45:00,2666.17,-2.17,TRADE
VIC1,2025-04-12 10:50:00,2669.74,-13.3,TRADE
VIC1,2025-04-12 10:55:00,2671.46,-9.36,TRADE
VIC1,2025-04-12 11:00:00,2639.29,-13.37,TRADE
VIC1,2025-04-12 11:05:00,2620.14,-13.01,TRADE
VIC1,2025-04-12 11:10:00,2614.1,-2.15,TRADE
VIC1,2025-04-12 11:15:00,2558.59,-2.27,TRADE
VIC1,2025-04-12 11:20:00,2520.2,-12.98,TRADE
VIC1,2025-04-12 11:25:00,2532.66,-13.2,TRADE
VIC1,2025-04-12 11:30:00,2525.7,-13.27,TRADE
VIC1,2025-04-12 11:35:00,2564.29,-9.55,TRADE
VIC1,2025-04-12 11:40:00,2554.92,-9.57,TRADE
VIC1,2025-04-12 11:45:00,2549.21,0.0,TRADE
VIC1,2025-04-12 11:50:00,2533.24,0.0,TRADE
VIC1,2025-04-12 11:55:00,2450.39,-2.0,TRADE
VIC1,2025-04-12 12:00:00,2380.4,-0.83,TRADE
VIC1,2025-04-12 12:05:00,2400.26,-0.01,TRADE
VIC1,2025-04-12 12:10:00,2384.15,0.0,TRADE
VIC1,2025-04-12 12:15:00,2400.38,-8.34,TRADE
VIC1,2025-04-12 12:20:00,2438.13,-0.01,TRADE
VIC1,2025-04-12 12:25:00,2470.0,-4.49,TRADE
VIC1,2025-04-12 12:30:00,2515.04,0.0,TRADE
VIC1,2025-04-12 12:35:00,2475.67,-0.83,TRADE
VIC1,2025-04-12 12:40:00,2571.84,0.0,TRADE
VIC1,2025-04-12 12:45:00,2587.76,0.0,TRADE
VIC1,2025-04-12 12:50:00,2564.14,0.0,TRADE
VIC1,2025-04-12 12:55:00,2521.69,0.0,TRADE
VIC1,2025-04-12 13:00:00,2515.47,-1.75,TRADE
VIC1,2025-04-12 13:05:00,2554.6,-8.52,TRADE
VIC1,2025-04-12 13:10:00,2590.82,-1.77,TRADE
VIC1,2025-04-12 13:15:00,2584.07,-12.91,TRADE
VIC1,2025-04-12 13:20:00,2708.53,1.55,TRADE
VIC1,2025-04-12 13:25:00,2674.17,30.53,TRADE
VIC1,2025-04-12 13:30:00,2732.06,50.77,TRADE
VIC1,2025-04-12 13:35:00,2781.5,78.99,TRADE
VIC1,2025-04-12 13:40:00,2781.78,29.76,TRADE
VIC1,2025-04-12 13:45:00,2857.45,31.15,TRADE
VIC1,2025-04-12 13:50:00,2832.16,9.64,TRADE
VIC1,2025-04-12 13:55:00,2883.48,9.57,TRADE
VIC1,2025-04-12 14:00:00,3007.06,31.42,TRADE
VIC1,2025-04-12 14:05:00,3071.5,20.04,TRADE
VIC1,2025-04-12 14:10:00,3081.92,48.61,TRADE
VIC1,2025-04-12 14:15:00,3128.8,9.33,TRADE
VIC1,2025-04-12 14:20:00,3218.7,33.15,TRADE
VIC1,2025-04-12 14:25:00,3270.89,33.49,TRADE
VIC1,2025-04-12 14:30:00,3352.83,40.81,TRADE
VIC1,2025-04-12 14:35:00,3328.2,58.99,TRADE
VIC1,2025-04-12 14:40:00,3385.7,51.33,TRADE
VIC1,2025-04-12 14:45:00,3510.4,78.96,TRADE
VIC1,2025-04-12 14:50:00,3549.33,8.95,TRADE
VIC1,2025-04-12 14:55:00,3651.82,68.68,TRADE
VIC1,2025-04-12 15:00:00,3707.8,77.22,TRADE
VIC1,2025-04-12 15:05:00,3706.29,8.95,TRADE
VIC1,2025-04-12 15:10:00,3820.14,75.1,TRADE
VIC1,2025-04-12 15:15:00,3911.74,78.42,TRADE
VIC1,2025-04-12 15:20:00,3945.93,55.2,TRADE
VIC1,2025-04-12 15:25:00,3951.48,65.52,TRADE
VIC1,2025-04-12 15:30:00,4079.68,78.68,TRADE
VIC1,2025-04-12 15:35:00,4180.72,87.01,TRADE
VIC1,2025-04-12 15:40:00,4165.97,113.73,TRADE
VIC1,2025-04-12 15:45:00,4342.34,62.63,TRADE
VIC1,2025-04-12 15:50:00,4432.54,196.58,TRADE
VIC1,2025-04-12 15:55:00,4514.21,105.67,TRADE
VIC1,2025-04-12 16:00:00,4580.0,107.53,TRADE
VIC1,2025-04-12 16:05:00,4583.25,91.51,TRADE
VIC1,2025-04-12 16:10:00,4647.11,108.95,TRADE
VIC1,2025-04-12 16:15:00,4751.89,114.79,TRADE
VIC1,2025-04-12 16:20:00,4803.29,128.74,TRADE
VIC1,2025-04-12 16:25:00,4942.58,148.97,TRADE
VIC1,2025-04-12 16:30:00,5034.36,146.31,TRADE
VIC1,2025-04-12 16:35:00,5091.61,140.81,TRADE
VIC1,2025-04-12 16:40:00,5165.75,143.73,TRADE
VIC1,2025-04-12 16:45:00,5236.72,205.01,TRADE
VIC1,2025-04-12 16:50:00,5298.82,216.65,TRADE
VIC1,2025-04-12 16:55:00,5342.58,205.01,TRADE
VIC1,2025-04-12 17:00:00,5301.17,205.01,TRADE
VIC1,2025-04-12 17:05:00,5454.82,229.29,TRADE
VIC1,2025-04-12 17:10:00,5455.63,148.97,TRADE
VIC1,2025-04-12 17:15:00,5544.58,276.51,TRADE
VIC1,2025-04-12 17:20:00,5555.72,270.38,TRADE
VIC1,2025-04-12 17:25:00,5589.53,271.12,TRADE
VIC1,2025-04-12 17:30:00,5657.77,287.44,TRADE
VIC1,2025-04-12 17:35:00,5652.55,281.3,TRADE
VIC1,2025-04-12 17:40:00,5604.98,281.98,TRADE
VIC1,2025-04-12 17:45:00,5660.61,286.58,TRADE
VIC1,2025-04-12 17:50:00,5678.06,289.32,TRADE
VIC1,2025-04-12 17:55:00,5699.9,289.47,TRADE
VIC1,2025-04-12 18:00:00,5650.15,266.08,TRADE
VIC1,2025-04-12 18:05:00,5706.91,287.0,TRADE
VIC1,2025-04-12 18:10:00,5666.65,284.87,TRADE
VIC1,2025-04-12 18:15:00,5757.97,289.49,TRADE
VIC1,2025-04-12 18:20:00,5721.96,283.47,TRADE
VIC1,2025-04-12 18:25:00,5681.84,255.06,TRADE
VIC1,2025-04-12 18:30:00,5755.34,293.56,TRADE
VIC1,2025-04-12 18:35:00,5708.71,272.38,TRADE
VIC1,2025-04-12 18:40:00,5714.77,275.99,TRADE
VIC1,2025-04-12 18:45:00,5702.69,245.67,TRADE
VIC1,2025-04-12 18:50:00,5561.99,204.09,TRADE
VIC1,2025-04-12 18:55:00,5571.71,236.66,TRADE
VIC1,2025-04-12 19:00:00,5550.91,157.6,TRADE
VIC1,2025-04-12 19:05:00,5569.6,231.51,TRADE
VIC1,2025-04-12 19:10:00,5544.14,242.54,TRADE
VIC1,2025-04-12 19:15:00,5478.89,189.62,TRADE
VIC1,2025-04-12 19:20:00,5480.55,189.85,TRADE
VIC1,2025-04-12 19:25:00,5464.24,189.87,TRADE
VIC1,2025-04-12 19:30:00,5351.66,183.16,TRADE
VIC1,2025-04-12 19:35:00,5335.58,181.46,TRADE
VIC1,2025-04-12 19:40:00,5345.41,197.0,TRADE
VIC1,2025-04-12 19:45:00,5353.7,197.0,TRADE
VIC1,2025-04-12 19:50:00,5322.25,195.82,TRADE
VIC1,2025-04-12 19:55:00,5304.2,179.46,TRADE
VIC1,2025-04-12 20:00:00,5274.13,179.56,TRADE
VIC1,2025-04-12 20:05:00,5240.39,194.81,TRADE
VIC1,2025-04-12 20:10:00,5245.04,196.0,TRADE
VIC1,2025-04-12 20:15:00,5136.72,179.11,TRADE
VIC1,2025-04-12 20:20:00,5094.92,172.76,TRADE
VIC1,2025-04-12 20:25:00,5129.5,175.53,TRADE
VIC1,2025-04-12 20:30:00,5092.6,152.02,TRADE
VIC1,2025-04-12 20:35:00,5100.75,154.58,TRADE
VIC1,2025-04-12 20:40:00,5024.78,152.97,TRADE
VIC1,2025-04-12 20:45:00,5021.7,150.14,TRADE
VIC1,2025-04-12 20:50:00,4981.1,148.64,TRADE
VIC1,2025-04-12 20:55:00,4984.95,147.3,TRADE
VIC1,2025-04-12 21:00:00,4888.1,141.81,TRADE
VIC1,2025-04-12 21:05:00,4883.66,144.95,TRADE
VIC1,2025-04-12 21:10:00,4924.71,145.7,TRADE
VIC1,2025-04-12 21:15:00,4886.41,130.41,TRADE
VIC1,2025-04-12 21:20:00,4815.69,127.51,TRADE
VIC1,2025-04-12 21:25:00,4883.82,126.51,TRADE
VIC1,2025-04-12 21:30:00,4892.93,119.0,TRADE
VIC1,2025-04-12 21:35:00,4871.45,140.08,TRADE
VIC1,2025-04-12 21:40:00,4820.96,140.08,TRADE
VIC1,2025-04-12 21:45:00,4711.71,140.09,TRADE
VIC1,2025-04-12 21:50:00,4671.39,120.44,TRADE
VIC1,2025-04-12 21:55:00,4659.6,128.6,TRADE
VIC1,2025-04-12 22:00:00,4657.35,139.33,TRADE
VIC1,2025-04-12 22:05:00,4648.86,142.55,TRADE
VIC1,2025-04-12 22:10:00,4615.77,135.76,TRADE
VIC1,2025-04-12 22:15:00,4631.19,138.81,TRADE
VIC1,2025-04-12 22:20:00,4676.86,108.3,TRADE
VIC1,2025-04-12 22:25:00,4683.82,119.0,TRADE
VIC1,2025-04-12 22:30:00,4632.37,104.08,TRADE
VIC1,2025-04-12 22:35:00,4501.69,108.29,TRADE
VIC1,2025-04-12 22:40:00,4509.92,106.63,TRADE
VIC1,2025-04-12 22:45:00,4484.14,99.7,TRADE
VIC1,2025-04-12 22:50:00,4463.92,95.32,TRADE
VIC1,2025-04-12 22:55:00,4551.7,88.27,TRADE
VIC1,2025-04-12 23:00:00,4510.57,79.0,TRADE
VIC1,2025-04-12 23:05:00,4538.55,77.27,TRADE
VIC1,2025-04-12 23:10:00,4636.93,85.12,TRADE
VIC1,2025-04-12 23:15:00,4674.9,84.82,TRADE
VIC1,2025-04-12 23:20:00,4647.6,83.96,TRADE
VIC1,2025-04-12 23:25:00,4511.75,77.3,TRADE
VIC1,2025-04-12 23:30:00,4665.5,79.0,TRADE
VIC1,2025-04-12 23:35:00,4703.35,86.52,TRADE
VIC1,2025-04-12 23:40:00,4533.29,84.19,TRADE
VIC1,2025-04-12 23:45:00,4527.18,78.92,TRADE
VIC1,2025-04-12 23:50:00,4549.19,77.3,TRADE
VIC1,2025-04-12 23:55:00,4504.15,77.3,TRADE
VIC1,2025-04-13 00:00:00,4427.09,69.48,TRADE
VIC1,2025-04-13 00:05:00,4388.84,69.46,TRADE
VIC1,2025-04-13 00:10:00,4347.73,77.76,TRADE
VIC1,2025-04-13 00:15:00,4414.02,79.16,TRADE
VIC1,2025-04-13 00:20:00,4386.33,79.08,TRADE
VIC1,2025-04-13 00:25:00,4278.14,75.78,TRADE
VIC1,2025-04-13 00:30:00,4300.08,77.3,TRADE
VIC1,2025-04-13 00:35:00,4257.16,33.89,TRADE
VIC1,2025-04-13 00:40:00,4305.57,75.09,TRADE
VIC1,2025-04-13 00:45:00,4157.76,21.23,TRADE
VIC1,2025-04-13 00:50:00,4115.89,0.01,TRADE
VIC1,2025-04-13 00:55:00,4105.3,0.01,TRADE
VIC1,2025-04-13 01:00:00,4141.37,8.95,TRADE
VIC1,2025-04-13 01:05:00,4124.73,8.95,TRADE
VIC1,2025-04-13 01:10:00,4100.75,0.01,TRADE
VIC1,2025-04-13 01:15:00,4059.87,0.01,TRADE
VIC1,2025-04-13 01:20:00,4057.18,8.95,TRADE
VIC1,2025-04-13 01:25:00,4040.54,0.01,TRADE
VIC1,2025-04-13 01:30:00,3937.71,-1.99,TRADE
VIC1,2025-04-13 01:35:00,3857.16,-2.51,TRADE
VIC1,2025-04-13 01:40:00,3829.7,0.01,TRADE
VIC1,2025-04-13 01:45:00,3795.19,0.0,TRADE
VIC1,2025-04-13 01:50:00,3831.91,8.95,TRADE
VIC1,2025-04-13 01:55:00,3801.01,0.0,TRADE
VIC1,2025-04-13 02:00:00,3731.68,-2.51,TRADE
VIC1,2025-04-13 02:05:00,3748.76,-2.51,TRADE
VIC1,2025-04-13 02:10:00,3753.31,-2.51,TRADE
VIC1,2025-04-13 02:15:00,3715.0,-9.57,TRADE
VIC1,2025-04-13 02:20:00,3636.78,-17.25,TRADE
VIC1,2025-04-13 02:25:00,3568.8,-19.11,TRADE
VIC1,2025-04-13 02:30:00,3581.96,-18.08,TRADE
VIC1,2025-04-13 02:35:00,3645.49,-2.51,TRADE
VIC1,2025-04-13 02:40:00,3658.84,-2.51,TRADE
VIC1,2025-04-13 02:45:00,3636.16,-14.46,TRADE
VIC1,2025-04-13 02:50:00,3656.93,-9.57,TRADE
VIC1,2025-04-13 02:55:00,3662.93,-17.36,TRADE
VIC1,2025-04-13 03:00:00,3655.55,-14.46,TRADE
VIC1,2025-04-13 03:05:00,3575.19,-19.12,TRADE
VIC1,2025-04-13 03:10:00,3568.4,-19.15,TRADE
VIC1,2025-04-13 03:15:00,3560.69,-19.37,TRADE
VIC1,2025-04-13 03:20:00,3613.95,-19.65,TRADE
VIC1,2025-04-13 03:25:00,3614.9,-19.73,TRADE
VIC1,2025-04-13 03:30:00,3604.91,-19.54,TRADE
VIC1,2025-04-13 03:35:00,3567.81,-19.49,TRADE
VIC1,2025-04-13 03:40:00,3625.46,-19.71,TRADE
VIC1,2025-04-13 03:45:00,3653.81,-17.54,TRADE
VIC1,2025-04-13 03:50:00,3598.56,-19.38,TRADE
VIC1,2025-04-13 03:55:00,3581.45,-19.24,TRADE
VIC1,2025-04-13 04:00:00,3663.49,-19.59,TRADE
VIC1,2025-04-13 04:05:00,3637.27,-19.42,TRADE
VIC1,2025-04-13 04:10:00,3601.21,-19.11,TRADE
VIC1,2025-04-13 04:15:00,3610.86,-19.02,TRADE
VIC1,2025-04-13 04:20:00,3624.89,-19.19,TRADE
VIC1,2025-04-13 04:25:00,3613.61,-19.99,TRADE
VIC1,2025-04-13 04:30:00,3569.7,-19.99,TRADE
VIC1,2025-04-13 04:35:00,3558.84,-19.99,TRADE
VIC1,2025-04-13 04:40:00,3625.81,-19.18,TRADE
VIC1,2025-04-13 04:45:00,3595.76,-19.09,TRADE
VIC1,2025-04-13 04:50:00,3626.41,-19.33,TRADE
VIC1,2025-04-13 04:55:00,3611.6,-19.38,TRADE
VIC1,2025-04-13 05:00:00,3633.51,-19.42,TRADE
VIC1,2025-04-13 05:05:00,3633.02,-19.53,TRADE
VIC1,2025-04-13 05:10:00,3661.88,-19.55,TRADE
VIC1,2025-04-13 05:15:00,3634.8,-19.64,TRADE
VIC1,2025-04-13 05:20:00,3615.74,-19.23,TRADE
VIC1,2025-04-13 05:25:00,3595.7,-19.99,TRADE
VIC1,2025-04-13 05:30:00,3615.93,-19.99,TRADE
VIC1,2025-04-13 05:35:00,3590.3,-19.99,TRADE
VIC1,2025-04-13 05:40:00,3699.2,-19.6,TRADE
VIC1,2025-04-13 05:45:00,3719.79,-19.75,TRADE
VIC1,2025-04-13 05:50:00,3630.77,-19.34,TRADE
VIC1,2025-04-13 05:55:00,3721.03,-19.62,TRADE
VIC1,2025-04-13 06:00:00,3706.72,-19.58,TRADE
VIC1,2025-04-13 06:05:00,3731.37,-19.46,TRADE
VIC1,2025-04-13 06:10:00,3763.72,-19.35,TRADE
VIC1,2025-04-13 06:15:00,3685.79,-19.12,TRADE
VIC1,2025-04-13 06:20:00,3752.56,-18.11,TRADE
VIC1,2025-04-13 06:25:00,3807.23,-19.33,TRADE
VIC1,2025-04-13 06:30:00,3736.92,-19.99,TRADE
VIC1,2025-04-13 06:35:00,3821.06,-19.42,TRADE
VIC1,2025-04-13 06:40:00,3827.44,-19.59,TRADE
VIC1,2025-04-13 06:45:00,3848.53,-18.43,TRADE
VIC1,2025-04-13 06:50:00,3764.9,-19.99,TRADE
VIC1,2025-04-13 06:55:00,3773.54,-19.99,TRADE
VIC1,2025-04-13 07:00:00,3797.19,-19.99,TRADE
VIC1,2025-04-13 07:05:00,3789.99,-19.99,TRADE
VIC1,2025-04-13 07:10:00,3790.01,-19.99,TRADE
VIC1,2025-04-13 07:15:00,3815.1,-19.99,TRADE
VIC1,2025-04-13 07:20:00,3832.48,-19.99,TRADE
VIC1,2025-04-13 07:25:00,3792.84,-20.35,TRADE
VIC1,2025-04-13 07:30:00,3767.52,-21.0,TRADE
VIC1,2025-04-13 07:35:00,3724.0,-19.99,TRADE
VIC1,2025-04-13 07:40:00,3749.21,-19.37,TRADE
VIC1,2025-04-13 07:45:00,3749.32,-19.99,TRADE
VIC1,2025-04-13 07:50:00,3601.61,-22.05,TRADE
VIC1,2025-04-13 07:55:00,3563.37,-22.0,TRADE
VIC1,2025-04-13 08:00:00,3500.54,-22.0,TRADE
VIC1,2025-04-13 08:05:00,3559.31,-20.01,TRADE
VIC1,2025-04-13 08:10:00,3494.87,-22.0,TRADE
VIC1,2025-04-13 08:15:00,3442.01,-24.0,TRADE
VIC1,2025-04-13 08:20:00,3551.18,-21.8,TRADE
VIC1,2025-04-13 08:25:00,3451.06,-21.0,TRADE
VIC1,2025-04-13 08:30:00,3432.69,-22.0,TRADE
VIC1,2025-04-13 08:35:00,3454.82,-21.4,TRADE
VIC1,2025-04-13 08:40:00,3423.85,-22.0,TRADE
VIC1,2025-04-13 08:45:00,3395.23,-22.99,TRADE
VIC1,2025-04-13 08:50:00,3316.6,-24.0,TRADE
VIC1,2025-04-13 08:55:00,3317.18,-24.0,TRADE
VIC1,2025-04-13 09:00:00,3317.02,-22.99,TRADE
VIC1,2025-04-13 09:05:00,3273.7,-24.0,TRADE
VIC1,2025-04-13 09:10:00,3313.96,-24.0,TRADE
VIC1,2025-04-13 09:15:00,3280.04,-24.0,TRADE
VIC1,2025-04-13 09:20:00,3210.49,-25.75,TRADE
VIC1,2025-04-13 09:25:00,3204.42,-25.75,TRADE
VIC1,2025-04-13 09:30:00,3153.23,-26.1,TRADE
VIC1,2025-04-13 09:35:00,3141.01,-26.1,TRADE
VIC1,2025-04-13 09:40:00,3021.17,-30.28,TRADE
VIC1,2025-04-13 09:45:00,3078.52,-30.28,TRADE
VIC1,2025-04-13 09:50:00,3070.86,-26.1,TRADE
VIC1,2025-04-13 09:55:00,3003.44,-30.28,TRADE
VIC1,2025-04-13 10:00:00,3056.91,-30.28,TRADE
VIC1,2025-04-13 10:05:00,2962.01,-30.28,TRADE
VIC1,2025-04-13 10:10:00,2973.57,-30.28,TRADE
VIC1,2025-04-13 10:15:00,2962.46,-30.28,TRADE
VIC1,2025-04-13 10:20:00,2876.68,-30.28,TRADE
VIC1,2025-04-13 10:25:00,2760.37,-34.28,TRADE
VIC1,2025-04-13 10:30:00,2760.86,-32.56,TRADE
VIC1,2025-04-13 10:35:00,2808.56,-30.28,TRADE
VIC1,2025-04-13 10:40:00,2790.85,-29.24,TRADE
VIC1,2025-04-13 10:45:00,2736.77,-30.28,TRADE
VIC1,2025-04-13 10:50:00,2733.43,-30.28,TRADE
VIC1,2025-04-13 10:55:00,2730.5,-30.28,TRADE
VIC1,2025-04-13 11:00:00,2736.45,-30.28,TRADE
VIC1,2025-04-13 11:05:00,2754.98,-30.28,TRADE
VIC1,2025-04-13 11:10:00,2675.61,-30.28,TRADE
VIC1,2025-04-13 11:15:00,2669.31,-31.39,TRADE
VIC1,2025-04-13 11:20:00,2684.62,-30.28,TRADE
VIC1,2025-04-13 11:25:00,2680.78,-30.28,TRADE
VIC1,2025-04-13 11:30:00,2625.43,-32.56,TRADE
VIC1,2025-04-13 11:35:00,2652.01,-39.08,TRADE
VIC1,2025-04-13 11:40:00,2690.3,-32.56,TRADE
VIC1,2025-04-13 11:45:00,2699.17,-34.28,TRADE
VIC1,2025-04-13 11:50:00,2611.82,-39.13,TRADE
VIC1,2025-04-13 11:55:00,2629.54,-39.49,TRADE
VIC1,2025-04-13 12:00:00,2685.19,-41.19,TRADE
VIC1,2025-04-13 12:05:00,2679.96,-48.0,TRADE
VIC1,2025-04-13 12:10:00,2785.96,-44.0,TRADE
VIC1,2025-04-13 12:15:00,2728.41,-44.0,TRADE
VIC1,2025-04-13 12:20:00,2752.43,-47.78,TRADE
VIC1,2025-04-13 12:25:00,2825.43,-44.0,TRADE
VIC1,2025-04-13 12:30:00,2879.58,-44.0,TRADE
VIC1,2025-04-13 12:35:00,2922.22,-41.19,TRADE
VIC1,2025-04-13 12:40:00,2902.71,-44.0,TRADE
VIC1,2025-04-13 12:45:00,2925.84,-44.0,TRADE
VIC1,2025-04-13 12:50:00,2938.94,-41.19,TRADE
VIC1,2025-04-13 12:55:00,3027.82,-30.28,TRADE
VIC1,2025-04-13 13:00:00,3000.55,-30.28,TRADE
VIC1,2025-04-13 13:05:00,3110.01,-30.28,TRADE
VIC1,2025-04-13 13:10:00,3141.0,-26.1,TRADE
VIC1,2025-04-13 13:15:00,3165.69,-25.77,TRADE
VIC1,2025-04-13 13:20:00,3177.73,-25.75,TRADE
VIC1,2025-04-13 13:25:00,3220.02,-25.56,TRADE
VIC1,2025-04-13 13:30:00,3274.03,-24.0,TRADE
VIC1,2025-04-13 13:35:00,3313.2,-24.0,TRADE
VIC1,2025-04-13 13:40:00,3353.68,-25.56,TRADE
VIC1,2025-04-13 13:45:00,3519.18,-24.0,TRADE
VIC1,2025-04-13 13:50:00,3545.52,-24.0,TRADE
VIC1,2025-04-13 13:55:00,3581.84,-25.56,TRADE
VIC1,2025-04-13 14:00:00,3641.13,-24.0,TRADE
VIC1,2025-04-13 14:05:00,3817.63,-22.0,TRADE
VIC1,2025-04-13 14:10:00,3821.96,-22.0,TRADE
VIC1,2025-04-13 14:15:00,3812.92,-19.99,TRADE
VIC1,2025-04-13 14:20:00,3835.98,-19.12,TRADE
VIC1,2025-04-13 14:25:00,3944.93,-19.51,TRADE
VIC1,2025-04-13 14:30:00,4055.92,-9.57,TRADE
VIC1,2025-04-13 14:35:00,4092.7,-20.45,TRADE
VIC1,2025-04-13 14:40:00,4115.25,-20.43,TRADE
VIC1,2025-04-13 14:45:00,4267.29,-2.51,TRADE
VIC1,2025-04-13 14:50:00,4308.65,0.0,TRADE
VIC1,2025-04-13 14:55:00,4407.23,0.0,TRADE
VIC1,2025-04-13 15:00:00,4459.79,9.95,TRADE
VIC1,2025-04-13 15:05:00,4478.38,35.1,TRADE
VIC1,2025-04-13 15:10:00,4520.27,34.89,TRADE
VIC1,2025-04-13 15:15:00,4590.23,8.95,TRADE
VIC1,2025-04-13 15:20:00,4655.28,7.22,TRADE
VIC1,2025-04-13 15:25:00,4710.5,8.25,TRADE
VIC1,2025-04-13 15:30:00,4777.96,50.81,TRADE
VIC1,2025-04-13 15:35:00,4878.46,34.82,TRADE
VIC1,2025-04-13 15:40:00,4937.0,37.17,TRADE
VIC1,2025-04-13 15:45:00,4995.08,78.94,TRADE
VIC1,2025-04-13 15:50:00,5068.18,87.4,TRADE
VIC1,2025-04-13 15:55:00,5081.81,84.37,TRADE
VIC1,2025-04-13 16:00:00,5160.05,101.32,TRADE
VIC1,2025-04-13 16:05:00,5233.29,53.22,TRADE
VIC1,2025-04-13 16:10:00,5297.97,70.7,TRADE
VIC1,2025-04-13 16:15:00,5303.49,54.73,TRADE
VIC1,2025-04-13 16:20:00,5352.85,62.73,TRADE
VIC1,2025-04-13 16:25:00,5452.26,77.77,TRADE
VIC1,2025-04-13 16:30:00,5604.82,105.43,TRADE
VIC1,2025-04-13 16:35:00,5693.62,113.61,TRADE
VIC1,2025-04-13 16:40:00,5727.34,119.0,TRADE
VIC1,2025-04-13 16:45:00,5729.53,156.35,TRADE
VIC1,2025-04-13 16:50:00,5715.58,156.43,TRADE
VIC1,2025-04-13 16:55:00,5769.59,156.81,TRADE
VIC1,2025-04-13 17:00:00,5807.93,228.12,TRADE
VIC1,2025-04-13 17:05:00,5843.2,175.49,TRADE
VIC1,2025-04-13 17:10:00,5795.87,171.25,TRADE
VIC1,2025-04-13 17:15:00,5816.48,153.52,TRADE
VIC1,2025-04-13 17:20:00,5932.17,189.95,TRADE
VIC1,2025-04-13 17:25:00,5949.62,183.85,TRADE
VIC1,2025-04-13 17:30:00,6012.18,183.85,TRADE
VIC1,2025-04-13 17:35:00,6053.4,182.2,TRADE
VIC1,2025-04-13 17:40:00,6101.18,162.77,TRADE
VIC1,2025-04-13 17:45:00,6106.54,156.32,TRADE
VIC1,2025-04-13 17:50:00,6058.2,195.28,TRADE
VIC1,2025-04-13 17:55:00,6052.56,180.48,TRADE
VIC1,2025-04-13 18:00:00,6165.92,191.44,TRADE
VIC1,2025-04-13 18:05:00,6148.11,154.58,TRADE
VIC1,2025-04-13 18:10:00,6135.75,170.23,TRADE
VIC1,2025-04-13 18:15:00,6099.06,154.47,TRADE
VIC1,2025-04-13 18:20:00,6149.3,172.88,TRADE
VIC1,2025-04-13 18:25:00,6100.02,170.23,TRADE
VIC1,2025-04-13 18:30:00,6005.91,153.33,TRADE
VIC1,2025-04-13 18:35:00,6027.31,183.85,TRADE
VIC1,2025-04-13 18:40:00,6025.74,152.74,TRADE
VIC1,2025-04-13 18:45:00,6005.93,154.44,TRADE
VIC1,2025-04-13 18:50:00,5997.73,152.4,TRADE
VIC1,2025-04-13 18:55:00,6004.42,163.91,TRADE
VIC1,2025-04-13 19:00:00,5941.09,149.85,TRADE
VIC1,2025-04-13 19:05:00,5903.06,151.26,TRADE
VIC1,2025-04-13 19:10:00,5793.59,145.64,TRADE
VIC1,2025-04-13 19:15:00,5767.58,149.43,TRADE
VIC1,2025-04-13 19:20:00,5703.74,146.48,TRADE
VIC1,2025-04-13 19:25:00,5676.42,146.54,TRADE
VIC1,2025-04-13 19:30:00,5696.83,147.66,TRADE
VIC1,2025-04-13 19:35:00,5687.25,148.68,TRADE
VIC1,2025-04-13 19:40:00,5675.81,150.79,TRADE
VIC1,2025-04-13 19:45:00,5577.21,145.37,TRADE
VIC1,2025-04-13 19:50:00,5613.8,146.54,TRADE
VIC1,2025-04-13 19:55:00,5600.37,141.1,TRADE
VIC1,2025-04-13 20:00:00,5603.44,145.74,TRADE
VIC1,2025-04-13 20:05:00,5557.53,146.16,TRADE
VIC1,2025-04-13 20:10:00,5440.04,141.96,TRADE
VIC1,2025-04-13 20:15:00,5428.07,142.03,TRADE
VIC1,2025-04-13 20:20:00,5437.77,142.92,TRADE
VIC1,2025-04-13 20:25:00,5448.96,142.89,TRADE
VIC1,2025-04-13 20:30:00,5437.13,142.72,TRADE
VIC1,2025-04-13 20:35:00,5363.07,150.87,TRADE
VIC1,2025-04-13 20:40:00,5384.67,144.25,TRADE
VIC1,2025-04-13 20:45:00,5372.44,144.99,TRADE
VIC1,2025-04-13 20:50:00,5250.52,124.96,TRADE
VIC1,2025-04-13 20:55:00,5234.78,129.27,TRADE
VIC1,2025-04-13 21:00:00,5288.0,142.38,TRADE
VIC1,2025-04-13 21:05:00,5231.97,150.49,TRADE
VIC1,2025-04-13 21:10:00,5252.2,151.26,TRADE
VIC1,2025-04-13 21:15:00,5203.83,151.66,TRADE
VIC1,2025-04-13 21:20:00,5199.5,143.29,TRADE
VIC1,2025-04-13 21:25:00,5204.37,151.66,TRADE
VIC1,2025-04-13 21:30:00,5067.65,121.27,TRADE
VIC1,2025-04-13 21:35:00,5067.71,141.49,TRADE
VIC1,2025-04-13 21:40:00,5062.45,151.34,TRADE
VIC1,2025-04-13 21:45:00,5091.13,152.64,TRADE
VIC1,2025-04-13 21:50:00,4988.04,141.68,TRADE
VIC1,2025-04-13 21:55:00,5042.47,141.99,TRADE
VIC1,2025-04-13 22:00:00,5015.06,141.98,TRADE
VIC1,2025-04-13 22:05:00,4943.91,122.72,TRADE
VIC1,2025-04-13 22:10:00,4952.1,145.97,TRADE
VIC1,2025-04-13 22:15:00,4951.96,146.11,TRADE
VIC1,2025-04-13 22:20:00,4905.81,146.02,TRADE
VIC1,2025-04-13 22:25:00,4826.13,144.0,TRADE
VIC1,2025-04-13 22:30:00,4835.92,143.87,TRADE
VIC1,2025-04-13 22:35:00,4884.72,145.91,TRADE
VIC1,2025-04-13 22:40:00,4841.32,145.1,TRADE
VIC1,2025-04-13 22:45:00,4857.32,141.99,TRADE
VIC1,2025-04-13 22:50:00,4882.58,136.83,TRADE
VIC1,2025-04-13 22:55:00,4829.33,132.77,TRADE
VIC1,2025-04-13 23:00:00,4825.47,138.96,TRADE
VIC1,2025-04-13 23:05:00,4811.74,149.16,TRADE
VIC1,2025-04-13 23:10:00,4845.63,148.93,TRADE
VIC1,2025-04-13 23:15:00,4959.01,152.05,TRADE
VIC1,2025-04-13 23:20:00,4957.71,140.88,TRADE
VIC1,2025-04-13 23:25:00,4891.42,140.77,TRADE
VIC1,2025-04-13 23:30:00,4984.51,151.57,TRADE
VIC1,2025-04-13 23:35:00,4988.2,152.63,TRADE
VIC1,2025-04-13 23:40:00,4890.88,151.19,TRADE
VIC1,2025-04-13 23:45:00,4854.54,132.1,TRADE
VIC1,2025-04-13 23:50:00,4748.44,118.43,TRADE
VIC1,2025-04-13 23:55:00,4747.7,120.6,TRADE
VIC1,2025-04-19 00:00:00,4575.87,118.96,TRADE
VIC1,2025-04-19 00:05:00,4555.66,112.51,TRADE
VIC1,2025-04-19 00:10:00,4501.03,116.02,TRADE
VIC1,2025-04-19 00:15:00,4446.65,117.23,TRADE
VIC1,2025-04-19 00:20:00,4509.32,117.18,TRADE
VIC1,2025-04-19 00:25:00,4485.99,117.59,TRADE
VIC1,2025-04-19 00:30:00,4415.57,116.14,TRADE
VIC1,2025-04-19 00:35:00,4389.34,116.62,TRADE
VIC1,2025-04-19 00:40:00,4406.57,116.13,TRADE
VIC1,2025-04-19 00:45:00,4375.92,115.89,TRADE
VIC1,2025-04-19 00:50:00,4276.93,102.82,TRADE
VIC1,2025-04-19 00:55:00,4289.9,86.3,TRADE
VIC1,2025-04-19 01:00:00,4327.32,102.14,TRADE
VIC1,2025-04-19 01:05:00,4329.78,97.55,TRADE
VIC1,2025-04-19 01:10:00,4300.18,86.52,TRADE
VIC1,2025-04-19 01:15:00,4275.55,84.96,TRADE
VIC1,2025-04-19 01:20:00,4263.72,81.9,TRADE
VIC1,2025-04-19 01:25:00,4213.15,80.38,TRADE
VIC1,2025-04-19 01:30:00,4121.59,78.66,TRADE
VIC1,2025-04-19 01:35:00,4138.42,79.0,TRADE
VIC1,2025-04-19 01:40:00,4142.41,112.83,TRADE
VIC1,2025-04-19 01:45:00,4103.4,79.01,TRADE
VIC1,2025-04-19 01:50:00,4078.66,79.0,TRADE
VIC1,2025-04-19 01:55:00,4070.65,78.89,TRADE
VIC1,2025-04-19 02:00:00,4022.58,78.95,TRADE
VIC1,2025-04-19 02:05:00,4005.19,79.0,TRADE
VIC1,2025-04-19 02:10:00,3955.88,77.3,TRADE
VIC1,2025-04-19 02:15:00,3900.34,73.95,TRADE
VIC1,2025-04-19 02:20:00,3884.21,70.97,TRADE
VIC1,2025-04-19 02:25:00,3852.97,42.22,TRADE
VIC1,2025-04-19 02:30:00,3917.29,72.42,TRADE
VIC1,2025-04-19 02:35:00,3903.81,61.24,TRADE
VIC1,2025-04-19 02:40:00,3913.1,61.2,TRADE
VIC1,2025-04-19 02:45:00,3876.1,66.45,TRADE
VIC1,2025-04-19 02:50:00,3881.33,60.01,TRADE
VIC1,2025-04-19 02:55:00,3857.75,30.8,TRADE
VIC1,2025-04-19 03:00:00,3759.66,0.01,TRADE
VIC1,2025-04-19 03:05:00,3752.35,8.95,TRADE
VIC1,2025-04-19 03:10:00,3715.48,8.16,TRADE
VIC1,2025-04-19 03:15:00,3680.76,8.95,TRADE
VIC1,2025-04-19 03:20:00,3737.96,8.95,TRADE
VIC1,2025-04-19 03:25:00,3726.58,8.95,TRADE
VIC1,2025-04-19 03:30:00,3737.73,8.95,TRADE
VIC1,2025-04-19 03:35:00,3716.08,8.95,TRADE
VIC1,2025-04-19 03:40:00,3747.1,8.95,TRADE
VIC1,2025-04-19 03:45:00,3740.65,8.95,TRADE
VIC1,2025-04-19 03:50:00,3724.79,8.95,TRADE
VIC1,2025-04-19 03:55:00,3652.53,2.95,TRADE
VIC1,2025-04-19 04:00:00,3636.71,8.95,TRADE
VIC1,2025-04-19 04:05:00,3652.76,8.95,TRADE
VIC1,2025-04-19 04:10:00,3646.81,8.95,TRADE
VIC1,2025-04-19 04:15:00,3692.25,8.95,TRADE
VIC1,2025-04-19 04:20:00,3719.72,8.95,TRADE
VIC1,2025-04-19 04:25:00,3672.46,8.95,TRADE
VIC1,2025-04-19 04:30:00,3654.08,8.95,TRADE
VIC1,2025-04-19 04:35:00,3673.08,8.95,TRADE
VIC1,2025-04-19 04:40:00,3687.54,8.95,TRADE
VIC1,2025-04-19 04:45:00,3645.4,8.95,TRADE
VIC1,2025-04-19 04:50:00,3642.64,8.95,TRADE
VIC1,2025-04-19 04:55:00,3688.01,8.95,TRADE
VIC1,2025-04-19 05:00:00,3729.1,8.95,TRADE
VIC1,2025-04-19 05:05:00,3672.34,8.64,TRADE
VIC1,2025-04-19 05:10:00,3767.36,33.89,TRADE
VIC1,2025-04-19 05:15:00,3755.78,8.95,TRADE
VIC1,2025-04-19 05:20:00,3682.63,8.95,TRADE
VIC1,2025-04-19 05:25:00,3736.05,8.95,TRADE
VIC1,2025-04-19 05:30:00,3706.2,8.95,TRADE
VIC1,2025-04-19 05:35:00,3690.07,8.95,TRADE
VIC1,2025-04-19 05:40:00,3717.52,8.95,TRADE
VIC1,2025-04-19 05:45:00,3709.22,8.95,TRADE
VIC1,2025-04-19 05:50:00,3713.85,8.95,TRADE
VIC1,2025-04-19 05:55:00,3727.91,8.95,TRADE
VIC1,2025-04-19 06:00:00,3822.78,8.95,TRADE
VIC1,2025-04-19 06:05:00,3842.04,8.95,TRADE
VIC1,2025-04-19 06:10:00,3859.19,8.95,TRADE
VIC1,2025-04-19 06:15:00,3913.05,8.95,TRADE
VIC1,2025-04-19 06:20:00,3955.78,8.95,TRADE
VIC1,2025-04-19 06:25:00,3941.41,8.95,TRADE
VIC1,2025-04-19 06:30:00,3983.75,8.95,TRADE
VIC1,2025-04-19 06:35:00,3912.47,8.95,TRADE
VIC1,2025-04-19 06:40:00,3965.5,8.95,TRADE
VIC1,2025-04-19 06:45:00,4001.1,8.95,TRADE
VIC1,2025-04-19 06:50:00,4050.02,8.95,TRADE
VIC1,2025-04-19 06:55:00,4059.55,8.95,TRADE
VIC1,2025-04-19 07:00:00,4061.63,8.95,TRADE
VIC1,2025-04-19 07:05:00,4061.77,8.95,TRADE
VIC1,2025-04-19 07:10:00,4024.92,-2.19,TRADE
VIC1,2025-04-19 07:15:00,3973.84,-2.51,TRADE
VIC1,2025-04-19 07:20:00,3936.94,-2.51,TRADE
VIC1,2025-04-19 07:25:00,3961.1,-2.51,TRADE
VIC1,2025-04-19 07:30:00,3920.88,-2.51,TRADE
VIC1,2025-04-19 07:35:00,3849.82,-2.51,TRADE
VIC1,2025-04-19 07:40:00,3935.28,-2.18,TRADE
VIC1,2025-04-19 07:45:00,3914.44,-2.2,TRADE
VIC1,2025-04-19 07:50:00,3901.38,-2.17,TRADE
VIC1,2025-04-19 07:55:00,3877.61,-13.78,TRADE
VIC1,2025-04-19 08:00:00,3755.41,-19.99,TRADE
VIC1,2025-04-19 08:05:00,3731.76,-19.99,TRADE
VIC1,2025-04-19 08:10:00,3765.93,-9.57,TRADE
VIC1,2025-04-19 08:15:00,3820.15,-8.75,TRADE
VIC1,2025-04-19 08:20:00,3768.89,-18.32,TRADE
VIC1,2025-04-19 08:25:00,3645.97,-20.57,TRADE
VIC1,2025-04-19 08:30:00,3666.18,-18.81,TRADE
VIC1,2025-04-19 08:35:00,3586.08,-19.99,TRADE
VIC1,2025-04-19 08:40:00,3614.73,-20.43,TRADE
VIC1,2025-04-19 08:45:00,3610.65,-24.0,TRADE
VIC1,2025-04-19 08:50:00,3549.58,-19.99,TRADE
VIC1,2025-04-19 08:55:00,3524.07,-20.19,TRADE
VIC1,2025-04-19 09:00:00,3666.41,-21.0,TRADE
VIC1,2025-04-19 09:05:00,3710.41,-21.0,TRADE
VIC1,2025-04-19 09:10:00,3634.91,-19.99,TRADE
VIC1,2025-04-19 09:15:00,3681.99,-22.61,TRADE
VIC1,2025-04-19 09:20:00,3715.16,-22.0,TRADE
VIC1,2025-04-19 09:25:00,3745.92,-20.39,TRADE
VIC1,2025-04-19 09:30:00,3750.65,-20.93,TRADE
VIC1,2025-04-19 09:35:00,3725.12,-21.0,TRADE
VIC1,2025-04-19 09:40:00,3718.75,-21.0,TRADE
VIC1,2025-04-19 09:45:00,3729.64,-21.0,TRADE
VIC1,2025-04-19 09:50:00,3676.16,-24.0,TRADE
VIC1,2025-04-19 09:55:00,3623.61,-21.35,TRADE
VIC1,2025-04-19 10:00:00,3612.1,-21.0,TRADE
VIC1,2025-04-19 10:05:00,3610.43,-21.0,TRADE
VIC1,2025-04-19 10:10:00,3601.67,-21.05,TRADE
VIC1,2025-04-19 10:15:00,3538.28,-22.52,TRADE
VIC1,2025-04-19 10:20:00,3539.44,-21.21,TRADE
VIC1,2025-04-19 10:25:00,3537.42,-21.34,TRADE
VIC1,2025-04-19 10:30:00,3500.4,-24.82,TRADE
VIC1,2025-04-19 10:35:00,3469.66,-26.65,TRADE
VIC1,2025-04-19 10:40:00,3416.95,-25.44,TRADE
VIC1,2025-04-19 10:45:00,3465.31,-20.92,TRADE
VIC1,2025-04-19 10:50:00,3358.58,-21.75,TRADE
VIC1,2025-04-19 10:55:00,3344.51,-20.35,TRADE
VIC1,2025-04-19 11:00:00,3391.08,-21.06,TRADE
VIC1,2025-04-19 11:05:00,3499.62,-19.99,TRADE
VIC1,2025-04-19 11:10:00,3505.79,-20.76,TRADE
VIC1,2025-04-19 11:15:00,3453.17,-21.3,TRADE
VIC1,2025-04-19 11:20:00,3431.58,-21.19,TRADE
VIC1,2025-04-19 11:25:00,3441.87,-22.51,TRADE
VIC1,2025-04-19 11:30:00,3343.49,-22.37,TRADE
VIC1,2025-04-19 11:35:00,3354.73,-24.11,TRADE
VIC1,2025-04-19 11:40:00,3348.12,-22.8,TRADE
VIC1,2025-04-19 11:45:00,3375.99,-23.53,TRADE
VIC1,2025-04-19 11:50:00,3459.95,-22.92,TRADE
VIC1,2025-04-19 11:55:00,3404.16,-23.18,TRADE
VIC1,2025-04-19 12:00:00,3465.96,-24.0,TRADE
VIC1,2025-04-19 12:05:00,3447.24,-24.0,TRADE
VIC1,2025-04-19 12:10:00,3439.25,-23.76,TRADE
VIC1,2025-04-19 12:15:00,3365.93,-23.64,TRADE
VIC1,2025-04-19 12:20:00,3357.05,-24.0,TRADE
VIC1,2025-04-19 12:25:00,3317.07,-22.99,TRADE
VIC1,2025-04-19 12:30:00,3330.21,-22.5,TRADE
VIC1,2025-04-19 12:35:00,3369.97,-23.0,TRADE
VIC1,2025-04-19 12:40:00,3363.55,-23.38,TRADE
VIC1,2025-04-19 12:45:00,3364.3,-23.02,TRADE
VIC1,2025-04-19 12:50:00,3365.78,-22.66,TRADE
VIC1,2025-04-19 12:55:00,3402.7,-25.83,TRADE
VIC1,2025-04-19 13:00:00,3373.67,-26.1,TRADE
VIC1,2025-04-19 13:05:00,3436.17,-22.99,TRADE
VIC1,2025-04-19 13:10:00,3526.83,-24.0,TRADE
VIC1,2025-04-19 13:15:00,3590.62,-24.0,TRADE
VIC1,2025-04-19 13:20:00,3554.76,-21.0,TRADE
VIC1,2025-04-19 13:25:00,3499.6,-20.19,TRADE
VIC1,2025-04-19 13:30:00,3485.13,-22.68,TRADE
VIC1,2025-04-19 13:35:00,3398.89,-23.27,TRADE
VIC1,2025-04-19 13:40:00,3364.06,-24.0,TRADE
VIC1,2025-04-19 13:45:00,3315.4,-21.53,TRADE
VIC1,2025-04-19 13:50:00,3375.32,-22.0,TRADE
VIC1,2025-04-19 13:55:00,3379.85,-22.0,TRADE
VIC1,2025-04-19 14:00:00,3309.24,-22.99,TRADE
VIC1,2025-04-19 14:05:00,3420.98,-22.31,TRADE
VIC1,2025-04-19 14:10:00,3512.09,-19.24,TRADE
VIC1,2025-04-19 14:15:00,3598.44,-1.8,TRADE
VIC1,2025-04-19 14:20:00,3680.29,-10.89,TRADE
VIC1,2025-04-19 14:25:00,3634.63,-4.09,TRADE
VIC1,2025-04-19 14:30:00,3658.79,0.01,TRADE
VIC1,2025-04-19 14:35:00,3702.89,4.5,TRADE
VIC1,2025-04-19 14:40:00,3759.2,4.5,TRADE
VIC1,2025-04-19 14:45:00,3782.03,8.39,TRADE
VIC1,2025-04-19 14:50:00,3935.62,45.89,TRADE
VIC1,2025-04-19 14:55:00,4015.09,58.82,TRADE
VIC1,2025-04-19 15:00:00,4204.89,77.3,TRADE
VIC1,2025-04-19 15:05:00,4251.8,13.52,TRADE
VIC1,2025-04-19 15:10:00,4349.6,45.89,TRADE
VIC1,2025-04-19 15:15:00,4529.06,58.79,TRADE
VIC1,2025-04-19 15:20:00,4587.34,4.27,TRADE
VIC1,2025-04-19 15:25:00,4611.42,8.95,TRADE
VIC1,2025-04-19 15:30:00,4685.21,49.61,TRADE
VIC1,2025-04-19 15:35:00,4722.7,59.0,TRADE
VIC1,2025-04-19 15:40:00,4691.03,55.03,TRADE
VIC1,2025-04-19 15:45:00,4679.6,77.3,TRADE
VIC1,2025-04-19 15:50:00,4679.12,74.41,TRADE
VIC1,2025-04-19 15:55:00,4813.84,79.0,TRADE
VIC1,2025-04-19 16:00:00,4839.18,100.13,TRADE
VIC1,2025-04-19 16:05:00,4812.49,79.0,TRADE
VIC1,2025-04-19 16:10:00,4790.77,80.14,TRADE
VIC1,2025-04-19 16:15:00,4824.59,70.96,TRADE
VIC1,2025-04-19 16:20:00,4829.6,79.0,TRADE
VIC1,2025-04-19 16:25:00,4798.74,96.97,TRADE
VIC1,2025-04-19 16:30:00,4827.13,144.93,TRADE
VIC1,2025-04-19 16:35:00,4963.73,127.02,TRADE
VIC1,2025-04-19 16:40:00,5016.67,139.22,TRADE
VIC1,2025-04-19 16:45:00,5011.33,131.26,TRADE
VIC1,2025-04-19 16:50:00,5056.62,129.2,TRADE
VIC1,2025-04-19 16:55:00,5103.86,121.9,TRADE
VIC1,2025-04-19 17:00:00,5132.48,130.84,TRADE
VIC1,2025-04-19 17:05:00,5104.15,88.12,TRADE
VIC1,2025-04-19 17:10:00,5171.6,117.82,TRADE
VIC1,2025-04-19 17:15:00,5284.23,118.11,TRADE
VIC1,2025-04-19 17:20:00,5338.4,118.11,TRADE
VIC1,2025-04-19 17:25:00,5280.07,88.42,TRADE
VIC1,2025-04-19 17:30:00,5391.13,88.12,TRADE
VIC1,2025-04-19 17:35:00,5369.38,88.12,TRADE
VIC1,2025-04-19 17:40:00,5349.27,88.12,TRADE
VIC1,2025-04-19 17:45:00,5382.41,88.29,TRADE
VIC1,2025-04-19 17:50:00,5334.66,88.12,TRADE
VIC1,2025-04-19 17:55:00,5339.8,113.95,TRADE
VIC1,2025-04-19 18:00:00,5370.04,112.8,TRADE
VIC1,2025-04-19 18:05:00,5387.94,112.51,TRADE
VIC1,2025-04-19 18:10:00,5400.13,114.24,TRADE
VIC1,2025-04-19 18:15:00,5372.9,113.38,TRADE
VIC1,2025-04-19 18:20:00,5375.37,114.53,TRADE
VIC1,2025-04-19 18:25:00,5399.36,114.59,TRADE
VIC1,2025-04-19 18:30:00,5313.81,106.16,TRADE
VIC1,2025-04-19 18:35:00,5338.71,111.68,TRADE
VIC1,2025-04-19 18:40:00,5202.66,107.93,TRADE
VIC1,2025-04-19 18:45:00,5284.79,111.28,TRADE
VIC1,2025-04-19 18:50:00,5265.53,88.12,TRADE
VIC1,2025-04-19 18:55:00,5227.74,88.12,TRADE
VIC1,2025-04-19 19:00:00,5196.12,73.8,TRADE
VIC1,2025-04-19 19:05:00,5211.72,88.12,TRADE
VIC1,2025-04-19 19:10:00,5200.99,73.8,TRADE
VIC1,2025-04-19 19:15:00,5105.61,50.79,TRADE
VIC1,2025-04-19 19:20:00,5113.58,44.27,TRADE
VIC1,2025-04-19 19:25:00,5165.75,54.08,TRADE
VIC1,2025-04-19 19:30:00,5157.93,77.3,TRADE
VIC1,2025-04-19 19:35:00,5081.81,50.79,TRADE
VIC1,2025-04-19 19:40:00,5042.91,20.22,TRADE
VIC1,2025-04-19 19:45:00,5033.51,23.59,TRADE
VIC1,2025-04-19 19:50:00,5021.08,35.74,TRADE
VIC1,2025-04-19 19:55:00,5047.64,77.3,TRADE
VIC1,2025-04-19 20:00:00,5071.02,75.29,TRADE
VIC1,2025-04-19 20:05:00,5049.56,65.94,TRADE
VIC1,2025-04-19 20:10:00,5023.35,83.81,TRADE
VIC1,2025-04-19 20:15:00,4910.61,55.07,TRADE
VIC1,2025-04-19 20:20:00,4884.69,79.0,TRADE
VIC1,2025-04-19 20:25:00,4992.17,82.4,TRADE
VIC1,2025-04-19 20:30:00,4930.71,57.78,TRADE
VIC1,2025-04-19 20:35:00,4901.15,92.58,TRADE
VIC1,2025-04-19 20:40:00,4964.14,111.5,TRADE
VIC1,2025-04-19 20:45:00,4953.52,112.06,TRADE
VIC1,2025-04-19 20:50:00,4937.8,105.76,TRADE
VIC1,2025-04-19 20:55:00,4886.96,106.51,TRADE
VIC1,2025-04-19 21:00:00,4807.3,80.31,TRADE
VIC1,2025-04-19 21:05:00,4819.0,96.89,TRADE
VIC1,2025-04-19 21:10:00,4860.58,97.75,TRADE
VIC1,2025-04-19 21:15:00,4856.6,109.57,TRADE
VIC1,2025-04-19 21:20:00,4839.77,81.74,TRADE
VIC1,2025-04-19 21:25:00,4806.03,91.42,TRADE
VIC1,2025-04-19 21:30:00,4758.88,89.59,TRADE
VIC1,2025-04-19 21:35:00,4746.7,91.4,TRADE
VIC1,2025-04-19 21:40:00,4640.69,89.48,TRADE
VIC1,2025-04-19 21:45:00,4563.54,93.78,TRADE
VIC1,2025-04-19 21:50:00,4631.92,79.0,TRADE
VIC1,2025-04-19 21:55:00,4593.97,73.28,TRADE
VIC1,2025-04-19 22:00:00,4536.15,33.89,TRADE
VIC1,2025-04-19 22:05:00,4467.35,8.95,TRADE
VIC1,2025-04-19 22:10:00,4497.1,8.95,TRADE
VIC1,2025-04-19 22:15:00,4468.24,20.04,TRADE
VIC1,2025-04-19 22:20:00,4421.51,8.95,TRADE
VIC1,2025-04-19 22:25:00,4323.93,0.01,TRADE
VIC1,2025-04-19 22:30:00,4339.68,8.95,TRADE
VIC1,2025-04-19 22:35:00,4378.78,19.19,TRADE
VIC1,2025-04-19 22:40:00,4273.51,-2.1,TRADE
VIC1,2025-04-19 22:45:00,4318.1,0.01,TRADE
VIC1,2025-04-19 22:50:00,4359.85,0.01,TRADE
VIC1,2025-04-19 22:55:00,4256.3,-2.51,TRADE
VIC1,2025-04-19 23:00:00,4304.77,-2.04,TRADE
VIC1,2025-04-19 23:05:00,4374.05,-2.07,TRADE
VIC1,2025-04-19 23:10:00,4494.62,8.95,TRADE
VIC1,2025-04-19 23:15:00,4446.93,0.01,TRADE
VIC1,2025-04-19 23:20:00,4418.91,0.01,TRADE
VIC1,2025-04-19 23:25:00,4477.42,8.95,TRADE
VIC1,2025-04-19 23:30:00,4462.11,8.95,TRADE
VIC1,2025-04-19 23:35:00,4433.94,1.73,TRADE
VIC1,2025-04-19 23:40:00,4387.03,0.0,TRADE
VIC1,2025-04-19 23:45:00,4369.22,-1.36,TRADE
VIC1,2025-04-19 23:50:00,4314.95,-19.99,TRADE
VIC1,2025-04-19 23:55:00,4359.41,-8.76,TRADE
VIC1,2025-04-20 00:00:00,4226.05,-8.25,TRADE
VIC1,2025-04-20 00:05:00,4286.61,-2.37,TRADE
VIC1,2025-04-20 00:10:00,4277.32,-2.51,TRADE
VIC1,2025-04-20 00:15:00,4149.37,-8.13,TRADE
VIC1,2025-04-20 00:20:00,4202.71,-2.51,TRADE
VIC1,2025-04-20 00:25:00,4178.57,-8.13,TRADE
VIC1,2025-04-20 00:30:00,4152.5,-19.99,TRADE
VIC1,2025-04-20 00:35:00,4134.83,-9.57,TRADE
VIC1,2025-04-20 00:40:00,4070.69,-19.99,TRADE
VIC1,2025-04-20 00:45:00,4131.53,-8.2,TRADE
VIC1,2025-04-20 00:50:00,4096.89,-8.23,TRADE
VIC1,2025-04-20 00:55:00,4036.96,-3.21,TRADE
VIC1,2025-04-20 01:00:00,4065.74,-2.08,TRADE
VIC1,2025-04-20 01:05:00,4067.89,41.8,TRADE
VIC1,2025-04-20 01:10:00,4074.94,8.95,TRADE
VIC1,2025-04-20 01:15:00,4043.68,8.95,TRADE
VIC1,2025-04-20 01:20:00,3929.26,-2.51,TRADE
VIC1,2025-04-20 01:25:00,3973.07,8.95,TRADE
VIC1,2025-04-20 01:30:00,3963.1,8.11,TRADE
VIC1,2025-04-20 01:35:00,3873.9,0.0,TRADE
VIC1,2025-04-20 01:40:00,3888.39,64.04,TRADE
VIC1,2025-04-20 01:45:00,3901.09,63.43,TRADE
VIC1,2025-04-20 01:50:00,3887.52,0.0,TRADE
VIC1,2025-04-20 01:55:00,3869.23,0.0,TRADE
VIC1,2025-04-20 02:00:00,3769.33,-8.51,TRADE
VIC1,2025-04-20 02:05:00,3746.3,62.87,TRADE
VIC1,2025-04-20 02:10:00,3787.12,29.07,TRADE
VIC1,2025-04-20 02:15:00,3790.28,23.91,TRADE
VIC1,2025-04-20 02:20:00,3739.57,25.74,TRADE
VIC1,2025-04-20 02:25:00,3718.49,0.0,TRADE
VIC1,2025-04-20 02:30:00,3694.58,23.95,TRADE
VIC1,2025-04-20 02:35:00,3660.79,37.25,TRADE
VIC1,2025-04-20 02:40:00,3621.72,24.26,TRADE
VIC1,2025-04-20 02:45:00,3606.25,-2.51,TRADE
VIC1,2025-04-20 02:50:00,3637.56,-3.37,TRADE
VIC1,2025-04-20 02:55:00,3658.15,8.94,TRADE
VIC1,2025-04-20 03:00:00,3643.28,19.19,TRADE
VIC1,2025-04-20 03:05:00,3633.81,9.88,TRADE
VIC1,2025-04-20 03:10:00,3636.86,16.79,TRADE
VIC1,2025-04-20 03:15:00,3624.97,18.58,TRADE
VIC1,2025-04-20 03:20:00,3571.13,-2.51,TRADE
VIC1,2025-04-20 03:25:00,3551.98,8.95,TRADE
VIC1,2025-04-20 03:30:00,3573.79,-2.51,TRADE
VIC1,2025-04-20 03:35:00,3576.66,0.0,TRADE
VIC1,2025-04-20 03:40:00,3507.44,16.8,TRADE
VIC1,2025-04-20 03:45:00,3587.55,18.58,TRADE
VIC1,2025-04-20 03:50:00,3549.36,0.0,TRADE
VIC1,2025-04-20 03:55:00,3593.66,18.42,TRADE
VIC1,2025-04-20 04:00:00,3523.09,8.95,TRADE
VIC1,2025-04-20 04:05:00,3484.96,0.45,TRADE
VIC1,2025-04-20 04:10:00,3582.73,29.0,TRADE
VIC1,2025-04-20 04:15:00,3568.38,0.0,TRADE
VIC1,2025-04-20 04:20:00,3493.17,-2.51,TRADE
VIC1,2025-04-20 04:25:00,3567.8,46.41,TRADE
VIC1,2025-04-20 04:30:00,3582.04,32.18,TRADE
VIC1,2025-04-20 04:35:00,3590.76,42.58,TRADE
VIC1,2025-04-20 04:40:00,3589.43,2.08,TRADE
VIC1,2025-04-20 04:45:00,3499.15,40.56,TRADE
VIC1,2025-04-20 04:50:00,3588.47,46.89,TRADE
VIC1,2025-04-20 04:55:00,3580.85,42.49,TRADE
VIC1,2025-04-20 05:00:00,3573.8,46.78,TRADE
VIC1,2025-04-20 05:05:00,3598.92,59.48,TRADE
VIC1,2025-04-20 05:10:00,3613.69,45.89,TRADE
VIC1,2025-04-20 05:15:00,3608.85,45.89,TRADE
VIC1,2025-04-20 05:20:00,3603.0,45.89,TRADE
VIC1,2025-04-20 05:25:00,3548.79,8.95,TRADE
VIC1,2025-04-20 05:30:00,3551.65,45.89,TRADE
VIC1,2025-04-20 05:35:00,3593.45,59.74,TRADE
VIC1,2025-04-20 05:40:00,3643.51,62.26,TRADE
VIC1,2025-04-20 05:45:00,3616.5,59.02,TRADE
VIC1,2025-04-20 05:50:00,3636.3,56.82,TRADE
VIC1,2025-04-20 05:55:00,3666.21,45.89,TRADE
VIC1,2025-04-20 06:00:00,3631.56,33.89,TRADE
VIC1,2025-04-20 06:05:00,3714.33,45.89,TRADE
VIC1,2025-04-20 06:10:00,3770.07,56.61,TRADE
VIC1,2025-04-20 06:15:00,3692.0,45.89,TRADE
VIC1,2025-04-20 06:20:00,3726.73,8.95,TRADE
VIC1,2025-04-20 06:25:00,3690.83,8.95,TRADE
VIC1,2025-04-20 06:30:00,3779.86,8.95,TRADE
VIC1,2025-04-20 06:35:00,3771.91,8.95,TRADE
VIC1,2025-04-20 06:40:00,3789.81,8.95,TRADE
VIC1,2025-04-20 06:45:00,3818.23,8.95,TRADE
VIC1,2025-04-20 06:50:00,3839.15,8.95,TRADE
VIC1,2025-04-20 06:55:00,3765.82,8.95,TRADE
VIC1,2025-04-20 07:00:00,3833.56,8.95,TRADE
VIC1,2025-04-20 07:05:00,3784.08,8.95,TRADE
VIC1,2025-04-20 07:10:00,3753.19,0.0,TRADE
VIC1,2025-04-20 07:15:00,3831.01,8.95,TRADE
VIC1,2025-04-20 07:20:00,3847.68,-2.51,TRADE
VIC1,2025-04-20 07:25:00,3852.17,-9.57,TRADE
VIC1,2025-04-20 07:30:00,3831.47,-11.28,TRADE
VIC1,2025-04-20 07:35:00,3813.94,-9.57,TRADE
VIC1,2025-04-20 07:40:00,3804.66,0.0,TRADE
VIC1,2025-04-20 07:45:00,3770.24,-6.05,TRADE
VIC1,2025-04-20 07:50:00,3730.04,-18.97,TRADE
VIC1,2025-04-20 07:55:00,3689.78,-20.11,TRADE
VIC1,2025-04-20 08:00:00,3684.66,-18.8,TRADE
VIC1,2025-04-20 08:05:00,3645.66,-13.02,TRADE
VIC1,2025-04-20 08:10:00,3666.05,-9.57,TRADE
VIC1,2025-04-20 08:15:00,3728.94,-12.06,TRADE
VIC1,2025-04-20 08:20:00,3701.38,-13.37,TRADE
VIC1,2025-04-20 08:25:00,3617.78,-19.99,TRADE
VIC1,2025-04-20 08:30:00,3691.54,-20.13,TRADE
VIC1,2025-04-20 08:35:00,3668.55,-20.29,TRADE
VIC1,2025-04-20 08:40:00,3681.64,-19.94,TRADE
VIC1,2025-04-20 08:45:00,3676.59,-21.29,TRADE
VIC1,2025-04-20 08:50:00,3662.76,-22.6,TRADE
VIC1,2025-04-20 08:55:00,3691.57,-22.82,TRADE
VIC1,2025-04-20 09:00:00,3836.03,-22.0,TRADE
VIC1,2025-04-20 09:05:00,3878.32,-23.26,TRADE
VIC1,2025-04-20 09:10:00,3921.92,-25.56,TRADE
VIC1,2025-04-20 09:15:00,3883.77,-24.15,TRADE
VIC1,2025-04-20 09:20:00,3985.09,-23.17,TRADE
VIC1,2025-04-20 09:25:00,3929.92,-24.61,TRADE
VIC1,2025-04-20 09:30:00,3826.8,-26.82,TRADE
VIC1,2025-04-20 09:35:00,3879.08,-24.41,TRADE
VIC1,2025-04-20 09:40:00,3846.93,-24.88,TRADE
VIC1,2025-04-20 09:45:00,3889.53,-25.04,TRADE
VIC1,2025-04-20 09:50:00,3881.07,-26.1,TRADE
VIC1,2025-04-20 09:55:00,3770.08,-25.56,TRADE
VIC1,2025-04-20 10:00:00,3839.79,-25.75,TRADE
VIC1,2025-04-20 10:05:00,3871.89,-26.34,TRADE
VIC1,2025-04-20 10:10:00,3815.2,-24.21,TRADE
VIC1,2025-04-20 10:15:00,3814.13,-24.23,TRADE
VIC1,2025-04-20 10:20:00,3707.92,-25.75,TRADE
VIC1,2025-04-20 10:25:00,3672.57,-25.56,TRADE
VIC1,2025-04-20 10:30:00,3702.18,-24.3,TRADE
VIC1,2025-04-20 10:35:00,3695.65,-23.87,TRADE
VIC1,2025-04-20 10:40:00,3634.0,-26.1,TRADE
VIC1,2025-04-20 10:45:00,3615.79,-26.51,TRADE
VIC1,2025-04-20 10:50:00,3625.74,-26.86,TRADE
VIC1,2025-04-20 10:55:00,3673.42,-28.28,TRADE
VIC1,2025-04-20 11:00:00,3650.09,-26.47,TRADE
VIC1,2025-04-20 11:05:00,3583.92,-26.85,TRADE
VIC1,2025-04-20 11:10:00,3491.48,-25.56,TRADE
VIC1,2025-04-20 11:15:00,3437.79,-25.56,TRADE
VIC1,2025-04-20 11:20:00,3389.4,-26.1,TRADE
VIC1,2025-04-20 11:25:00,3252.15,-26.1,TRADE
VIC1,2025-04-20 11:30:00,3244.12,-26.95,TRADE
VIC1,2025-04-20 11:35:00,3132.33,-27.07,TRADE
VIC1,2025-04-20 11:40:00,3033.93,-26.64,TRADE
VIC1,2025-04-20 11:45:00,2965.53,-28.83,TRADE
VIC1,2025-04-20 11:50:00,2925.31,-28.2,TRADE
VIC1,2025-04-20 11:55:00,2917.99,-26.1,TRADE
VIC1,2025-04-20 12:00:00,2896.78,-28.83,TRADE
VIC1,2025-04-20 12:05:00,2899.16,-30.28,TRADE
VIC1,2025-04-20 12:10:00,3005.42,-30.41,TRADE
VIC1,2025-04-20 12:15:00,3028.41,-35.08,TRADE
VIC1,2025-04-20 12:20:00,2993.72,-30.28,TRADE
VIC1,2025-04-20 12:25:00,3023.85,-30.28,TRADE
VIC1,2025-04-20 12:30:00,2992.12,-29.37,TRADE
VIC1,2025-04-20 12:35:00,2954.3,-44.0,TRADE
VIC1,2025-04-20 12:40:00,3013.28,-28.71,TRADE
VIC1,2025-04-20 12:45:00,2989.22,-26.1,TRADE
VIC1,2025-04-20 12:50:00,2902.05,-30.28,TRADE
VIC1,2025-04-20 12:55:00,2941.06,-29.27,TRADE
VIC1,2025-04-20 13:00:00,2969.24,-30.28,TRADE
VIC1,2025-04-20 13:05:00,2845.94,-34.31,TRADE
VIC1,2025-04-20 13:10:00,2765.76,-39.88,TRADE
VIC1,2025-04-20 13:15:00,2774.04,-30.28,TRADE
VIC1,2025-04-20 13:20:00,2782.77,-37.32,TRADE
VIC1,2025-04-20 13:25:00,2849.32,-30.28,TRADE
VIC1,2025-04-20 13:30:00,2908.66,-30.28,TRADE
VIC1,2025-04-20 13:35:00,3069.72,-26.46,TRADE
VIC1,2025-04-20 13:40:00,3105.17,-29.22,TRADE
VIC1,2025-04-20 13:45:00,3119.09,-27.77,TRADE
VIC1,2025-04-20 13:50:00,3120.09,-39.05,TRADE
VIC1,2025-04-20 13:55:00,3122.68,-30.28,TRADE
VIC1,2025-04-20 14:00:00,3087.16,-30.28,TRADE
VIC1,2025-04-20 14:05:00,3118.12,-30.28,TRADE
VIC1,2025-04-20 14:10:00,3072.74,-30.28,TRADE
VIC1,2025-04-20 14:15:00,3049.67,-50.11,TRADE
VIC1,2025-04-20 14:20:00,3065.9,-50.11,TRADE
VIC1,2025-04-20 14:25:00,3052.24,-62.51,TRADE
VIC1,2025-04-20 14:30:00,3033.14,-26.44,TRADE
VIC1,2025-04-20 14:35:00,3042.41,-50.21,TRADE
VIC1,2025-04-20 14:40:00,3082.44,-41.19,TRADE
VIC1,2025-04-20 14:45:00,3262.87,-36.61,TRADE
VIC1,2025-04-20 14:50:00,3298.01,-26.73,TRADE
VIC1,2025-04-20 14:55:00,3335.43,-59.47,TRADE
VIC1,2025-04-20 15:00:00,3434.4,-48.0,TRADE
VIC1,2025-04-20 15:05:00,3530.27,-48.0,TRADE
VIC1,2025-04-20 15:10:00,3570.36,-50.21,TRADE
VIC1,2025-04-20 15:15:00,3583.83,-50.11,TRADE
VIC1,2025-04-20 15:20:00,3571.5,-50.11,TRADE
VIC1,2025-04-20 15:25:00,3649.25,-41.19,TRADE
VIC1,2025-04-20 15:30:00,3754.95,-30.28,TRADE
VIC1,2025-04-20 15:35:00,3807.47,-30.28,TRADE
VIC1,2025-04-20 15:40:00,3816.31,-24.27,TRADE
VIC1,2025-04-20 15:45:00,3911.43,-24.07,TRADE
VIC1,2025-04-20 15:50:00,4057.4,-8.01,TRADE
VIC1,2025-04-20 15:55:00,4069.59,-25.88,TRADE
VIC1,2025-04-20 16:00:00,4079.72,3.97,TRADE
VIC1,2025-04-20 16:05:00,4017.37,-25.56,TRADE
VIC1,2025-04-20 16:10:00,4043.23,8.95,TRADE
VIC1,2025-04-20 16:15:00,4112.14,5.55,TRADE
VIC1,2025-04-20 16:20:00,4145.18,-33.21,TRADE
VIC1,2025-04-20 16:25:00,4174.87,7.73,TRADE
VIC1,2025-04-20 16:30:00,4199.93,46.36,TRADE
VIC1,2025-04-20 16:35:00,4218.21,55.71,TRADE
VIC1,2025-04-20 16:40:00,4313.6,47.35,TRADE
VIC1,2025-04-20 16:45:00,4300.84,0.01,TRADE
VIC1,2025-04-20 16:50:00,4346.63,7.76,TRADE
VIC1,2025-04-20 16:55:00,4465.02,-0.1,TRADE
VIC1,2025-04-20 17:00:00,4511.86,7.35,TRADE
VIC1,2025-04-20 17:05:00,4476.65,-20.35,TRADE
VIC1,2025-04-20 17:10:00,4566.07,-12.79,TRADE
VIC1,2025-04-20 17:15:00,4638.43,8.95,TRADE
VIC1,2025-04-20 17:20:00,4606.31,2.01,TRADE
VIC1,2025-04-20 17:25:00,4688.53,7.74,TRADE
VIC1,2025-04-20 17:30:00,4722.87,8.95,TRADE
VIC1,2025-04-20 17:35:00,4800.67,8.95,TRADE
VIC1,2025-04-20 17:40:00,4839.89,8.95,TRADE
VIC1,2025-04-20 17:45:00,4851.17,8.95,TRADE
VIC1,2025-04-20 17:50:00,4893.94,8.95,TRADE
VIC1,2025-04-20 17:55:00,4906.84,8.95,TRADE
VIC1,2025-04-20 18:00:00,4927.84,8.95,TRADE
VIC1,2025-04-20 18:05:00,4943.77,8.95,TRADE
VIC1,2025-04-20 18:10:00,4843.7,8.95,TRADE
VIC1,2025-04-20 18:15:00,4935.68,8.95,TRADE
VIC1,2025-04-20 18:20:00,4857.23,8.95,TRADE
VIC1,2025-04-20 18:25:00,4897.16,8.95,TRADE
VIC1,2025-04-20 18:30:00,4919.57,8.95,TRADE
VIC1,2025-04-20 18:35:00,4877.16,8.95,TRADE
VIC1,2025-04-20 18:40:00,4841.6,8.95,TRADE
VIC1,2025-04-20 18:45:00,4831.2,8.95,TRADE
VIC1,2025-04-20 18:50:00,4847.29,39.94,TRADE
VIC1,2025-04-20 18:55:00,4824.31,8.95,TRADE
VIC1,2025-04-20 19:00:00,4741.75,8.95,TRADE
VIC1,2025-04-20 19:05:00,4772.04,8.95,TRADE
VIC1,2025-04-20 19:10:00,4756.95,8.95,TRADE
VIC1,2025-04-20 19:15:00,4699.36,8.95,TRADE
VIC1,2025-04-20 19:20:00,4699.75,28.14,TRADE
VIC1,2025-04-20 19:25:00,4688.69,8.95,TRADE
VIC1,2025-04-20 19:30:00,4668.45,8.95,TRADE
VIC1,2025-04-20 19:35:00,4645.28,8.95,TRADE
VIC1,2025-04-20 19:40:00,4603.93,8.95,TRADE
VIC1,2025-04-20 19:45:00,4621.8,8.95,TRADE
VIC1,2025-04-20 19:50:00,4576.17,8.95,TRADE
VIC1,2025-04-20 19:55:00,4565.43,8.95,TRADE
VIC1,2025-04-20 20:00:00,4555.09,8.95,TRADE
VIC1,2025-04-20 20:05:00,4541.82,8.6,TRADE
VIC1,2025-04-20 20:10:00,4550.21,8.6,TRADE
VIC1,2025-04-20 20:15:00,4562.06,8.6,TRADE
VIC1,2025-04-20 20:20:00,4517.43,0.01,TRADE
VIC1,2025-04-20 20:25:00,4499.15,0.01,TRADE
VIC1,2025-04-20 20:30:00,4455.02,0.01,TRADE
VIC1,2025-04-20 20:35:00,4446.44,1.48,TRADE
VIC1,2025-04-20 20:40:00,4453.54,8.46,TRADE
VIC1,2025-04-20 20:45:00,4408.22,0.01,TRADE
VIC1,2025-04-20 20:50:00,4418.88,8.95,TRADE
VIC1,2025-04-20 20:55:00,4432.04,21.03,TRADE
VIC1,2025-04-20 21:00:00,4403.91,8.95,TRADE
VIC1,2025-04-20 21:05:00,4391.53,8.95,TRADE
VIC1,2025-04-20 21:10:00,4434.48,8.95,TRADE
VIC1,2025-04-20 21:15:00,4443.3,27.67,TRADE
VIC1,2025-04-20 21:20:00,4349.64,8.95,TRADE
VIC1,2025-04-20 21:25:00,4408.62,21.67,TRADE
VIC1,2025-04-20 21:30:00,4420.71,8.95,TRADE
VIC1,2025-04-20 21:35:00,4414.98,8.95,TRADE
VIC1,2025-04-20 21:40:00,4421.84,50.31,TRADE
VIC1,2025-04-20 21:45:00,4357.64,8.95,TRADE
VIC1,2025-04-20 21:50:00,4263.5,8.95,TRADE
VIC1,2025-04-20 21:55:00,4266.32,8.95,TRADE
VIC1,2025-04-20 22:00:00,4234.59,8.95,TRADE
VIC1,2025-04-20 22:05:00,4212.85,0.0,TRADE
VIC1,2025-04-20 22:10:00,4234.11,20.36,TRADE
VIC1,2025-04-20 22:15:00,4212.67,43.46,TRADE
VIC1,2025-04-20 22:20:00,4219.51,43.37,TRADE
VIC1,2025-04-20 22:25:00,4245.18,50.79,TRADE
VIC1,2025-04-20 22:30:00,4259.98,-0.01,TRADE
VIC1,2025-04-20 22:35:00,4218.94,50.79,TRADE
VIC1,2025-04-20 22:40:00,4216.55,0.0,TRADE
VIC1,2025-04-20 22:45:00,4235.06,50.79,TRADE
VIC1,2025-04-20 22:50:00,4264.22,41.6,TRADE
VIC1,2025-04-20 22:55:00,4257.05,35.95,TRADE
VIC1,2025-04-20 23:00:00,4309.21,35.95,TRADE
VIC1,2025-04-20 23:05:00,4330.83,35.95,TRADE
VIC1,2025-04-20 23:10:00,4426.7,60.19,TRADE
VIC1,2025-04-20 23:15:00,4501.45,50.79,TRADE
VIC1,2025-04-20 23:20:00,4424.41,50.79,TRADE
VIC1,2025-04-20 23:25:00,4490.43,61.14,TRADE
VIC1,2025-04-20 23:30:00,4484.26,54.83,TRADE
VIC1,2025-04-20 23:35:00,4503.79,60.24,TRADE
VIC1,2025-04-20 23:40:00,4400.33,60.91,TRADE
VIC1,2025-04-20 23:45:00,4378.37,68.25,TRADE
VIC1,2025-04-20 23:50:00,4278.67,43.58,TRADE
VIC1,2025-04-20 23:55:00,4357.72,66.57,TRADE
VIC1,2025-04-26 00:00:00,4652.66,119.0,TRADE
VIC1,2025-04-26 00:05:00,4603.09,114.61,TRADE
VIC1,2025-04-26 00:10:00,4610.39,125.52,TRADE
VIC1,2025-04-26 00:15:00,4487.11,112.03,TRADE
VIC1,2025-04-26 00:20:00,4447.5,110.53,TRADE
VIC1,2025-04-26 00:25:00,4508.26,117.58,TRADE
VIC1,2025-04-26 00:30:00,4447.43,106.51,TRADE
VIC1,2025-04-26 00:35:00,4375.62,104.43,TRADE
VIC1,2025-04-26 00:40:00,4422.15,116.68,TRADE
VIC1,2025-04-26 00:45:00,4404.26,104.43,TRADE
VIC1,2025-04-26 00:50:00,4403.24,105.59,TRADE
VIC1,2025-04-26 00:55:00,4369.8,105.5,TRADE
VIC1,2025-04-26 01:00:00,4277.43,105.59,TRADE
VIC1,2025-04-26 01:05:00,4275.61,100.72,TRADE
VIC1,2025-04-26 01:10:00,4279.34,93.79,TRADE
VIC1,2025-04-26 01:15:00,4246.9,111.82,TRADE
VIC1,2025-04-26 01:20:00,4265.99,114.03,TRADE
VIC1,2025-04-26 01:25:00,4253.74,98.38,TRADE
VIC1,2025-04-26 01:30:00,4215.28,96.3,TRADE
VIC1,2025-04-26 01:35:00,4221.85,103.31,TRADE
VIC1,2025-04-26 01:40:00,4232.68,112.23,TRADE
VIC1,2025-04-26 01:45:00,4187.99,107.62,TRADE
VIC1,2025-04-26 01:50:00,4177.57,103.9,TRADE
VIC1,2025-04-26 01:55:00,4065.93,97.09,TRADE
VIC1,2025-04-26 02:00:00,4115.82,85.68,TRADE
VIC1,2025-04-26 02:05:00,4120.43,112.61,TRADE
VIC1,2025-04-26 02:10:00,4067.23,104.42,TRADE
VIC1,2025-04-26 02:15:00,4066.02,107.56,TRADE
VIC1,2025-04-26 02:20:00,4083.6,113.17,TRADE
VIC1,2025-04-26 02:25:00,4058.7,108.98,TRADE
VIC1,2025-04-26 02:30:00,4059.38,109.46,TRADE
VIC1,2025-04-26 02:35:00,3966.35,110.85,TRADE
VIC1,2025-04-26 02:40:00,3959.6,103.0,TRADE
VIC1,2025-04-26 02:45:00,3997.18,109.91,TRADE
VIC1,2025-04-26 02:50:00,3989.12,109.7,TRADE
VIC1,2025-04-26 02:55:00,3916.47,102.96,TRADE
VIC1,2025-04-26 03:00:00,3913.27,101.89,TRADE
VIC1,2025-04-26 03:05:00,3963.5,107.86,TRADE
VIC1,2025-04-26 03:10:00,3982.38,108.44,TRADE
VIC1,2025-04-26 03:15:00,3969.3,105.28,TRADE
VIC1,2025-04-26 03:20:00,3958.9,98.75,TRADE
VIC1,2025-04-26 03:25:00,3900.52,112.8,TRADE
VIC1,2025-04-26 03:30:00,3933.88,109.64,TRADE
VIC1,2025-04-26 03:35:00,3931.07,109.77,TRADE
VIC1,2025-04-26 03:40:00,3887.22,105.13,TRADE
VIC1,2025-04-26 03:45:00,3921.72,108.49,TRADE
VIC1,2025-04-26 03:50:00,3914.51,113.74,TRADE
VIC1,2025-04-26 03:55:00,3930.79,108.83,TRADE
VIC1,2025-04-26 04:00:00,3926.25,113.17,TRADE
VIC1,2025-04-26 04:05:00,3865.06,110.83,TRADE
VIC1,2025-04-26 04:10:00,3860.61,113.7,TRADE
VIC1,2025-04-26 04:15:00,3874.44,113.99,TRADE
VIC1,2025-04-26 04:20:00,3866.41,119.0,TRADE
VIC1,2025-04-26 04:25:00,3912.75,110.8,TRADE
VIC1,2025-04-26 04:30:00,3925.71,120.29,TRADE
VIC1,2025-04-26 04:35:00,3909.8,130.04,TRADE
VIC1,2025-04-26 04:40:00,3932.69,127.63,TRADE
VIC1,2025-04-26 04:45:00,3931.45,108.53,TRADE
VIC1,2025-04-26 04:50:00,3973.23,118.32,TRADE
VIC1,2025-04-26 04:55:00,3941.69,129.73,TRADE
VIC1,2025-04-26 05:00:00,3867.08,119.0,TRADE
VIC1,2025-04-26 05:05:00,3957.34,117.45,TRADE
VIC1,2025-04-26 05:10:00,3993.63,119.0,TRADE
VIC1,2025-04-26 05:15:00,3987.05,119.0,TRADE
VIC1,2025-04-26 05:20:00,3989.22,129.59,TRADE
VIC1,2025-04-26 05:25:00,3987.32,132.23,TRADE
VIC1,2025-04-26 05:30:00,4019.81,119.0,TRADE
VIC1,2025-04-26 05:35:00,4034.86,115.8,TRADE
VIC1,2025-04-26 05:40:00,3972.92,92.79,TRADE
VIC1,2025-04-26 05:45:00,3999.39,115.26,TRADE
VIC1,2025-04-26 05:50:00,4047.46,115.75,TRADE
VIC1,2025-04-26 05:55:00,4061.42,115.39,TRADE
VIC1,2025-04-26 06:00:00,4093.59,117.22,TRADE
VIC1,2025-04-26 06:05:00,4118.03,117.52,TRADE
VIC1,2025-04-26 06:10:00,4162.58,128.61,TRADE
VIC1,2025-04-26 06:15:00,4181.69,126.58,TRADE
VIC1,2025-04-26 06:20:00,4111.34,116.57,TRADE
VIC1,2025-04-26 06:25:00,4144.72,116.04,TRADE
VIC1,2025-04-26 06:30:00,4163.48,119.0,TRADE
VIC1,2025-04-26 06:35:00,4181.66,119.0,TRADE
VIC1,2025-04-26 06:40:00,4203.46,117.64,TRADE
VIC1,2025-04-26 06:45:00,4208.49,117.83,TRADE
VIC1,2025-04-26 06:50:00,4282.16,117.83,TRADE
VIC1,2025-04-26 06:55:00,4308.4,118.65,TRADE
VIC1,2025-04-26 07:00:00,4326.14,117.22,TRADE
VIC1,2025-04-26 07:05:00,4380.47,115.75,TRADE
VIC1,2025-04-26 07:10:00,4371.69,107.49,TRADE
VIC1,2025-04-26 07:15:00,4393.63,107.84,TRADE
VIC1,2025-04-26 07:20:00,4318.78,103.89,TRADE
VIC1,2025-04-26 07:25:00,4296.01,90.89,TRADE
VIC1,2025-04-26 07:30:00,4352.23,94.0,TRADE
VIC1,2025-04-26 07:35:00,4368.05,91.0,TRADE
VIC1,2025-04-26 07:40:00,4362.21,93.28,TRADE
VIC1,2025-04-26 07:45:00,4445.17,91.05,TRADE
VIC1,2025-04-26 07:50:00,4447.14,84.09,TRADE
VIC1,2025-04-26 07:55:00,4443.88,82.23,TRADE
VIC1,2025-04-26 08:00:00,4469.94,79.0,TRADE
VIC1,2025-04-26 08:05:00,4465.87,79.58,TRADE
VIC1,2025-04-26 08:10:00,4515.81,91.43,TRADE
VIC1,2025-04-26 08:15:00,4454.94,83.61,TRADE
VIC1,2025-04-26 08:20:00,4460.34,79.0,TRADE
VIC1,2025-04-26 08:25:00,4532.85,79.0,TRADE
VIC1,2025-04-26 08:30:00,4537.17,76.59,TRADE
VIC1,2025-04-26 08:35:00,4457.84,72.63,TRADE
VIC1,2025-04-26 08:40:00,4494.82,79.0,TRADE
VIC1,2025-04-26 08:45:00,4510.89,64.39,TRADE
VIC1,2025-04-26 08:50:00,4511.87,55.09,TRADE
VIC1,2025-04-26 08:55:00,4498.8,52.39,TRADE
VIC1,2025-04-26 09:00:00,4435.82,51.5,TRADE
VIC1,2025-04-26 09:05:00,4467.93,55.67,TRADE
VIC1,2025-04-26 09:10:00,4539.9,79.0,TRADE
VIC1,2025-04-26 09:15:00,4517.1,71.13,TRADE
VIC1,2025-04-26 09:20:00,4474.12,70.62,TRADE
VIC1,2025-04-26 09:25:00,4474.55,52.28,TRADE
VIC1,2025-04-26 09:30:00,4450.56,41.5,TRADE
VIC1,2025-04-26 09:35:00,4450.6,40.44,TRADE
VIC1,2025-04-26 09:40:00,4339.51,40.09,TRADE
VIC1,2025-04-26 09:45:00,4329.44,37.26,TRADE
VIC1,2025-04-26 09:50:00,4342.75,40.31,TRADE
VIC1,2025-04-26 09:55:00,4369.28,29.29,TRADE
VIC1,2025-04-26 10:00:00,4411.5,22.95,TRADE
VIC1,2025-04-26 10:05:00,4350.4,76.1,TRADE
VIC1,2025-04-26 10:10:00,4427.26,77.21,TRADE
VIC1,2025-04-26 10:15:00,4390.77,30.51,TRADE
VIC1,2025-04-26 10:20:00,4417.09,33.89,TRADE
VIC1,2025-04-26 10:25:00,4424.79,50.34,TRADE
VIC1,2025-04-26 10:30:00,4308.32,33.89,TRADE
VIC1,2025-04-26 10:35:00,4374.29,46.79,TRADE
VIC1,2025-04-26 10:40:00,4372.36,55.86,TRADE
VIC1,2025-04-26 10:45:00,4325.8,42.08,TRADE
VIC1,2025-04-26 10:50:00,4270.57,51.24,TRADE
VIC1,2025-04-26 10:55:00,4301.46,51.25,TRADE
VIC1,2025-04-26 11:00:00,4244.65,57.94,TRADE
VIC1,2025-04-26 11:05:00,4227.63,53.5,TRADE
VIC1,2025-04-26 11:10:00,4248.47,62.11,TRADE
VIC1,2025-04-26 11:15:00,4159.22,53.39,TRADE
VIC1,2025-04-26 11:20:00,4165.05,78.9,TRADE
VIC1,2025-04-26 11:25:00,4176.51,58.06,TRADE
VIC1,2025-04-26 11:30:00,4179.99,53.5,TRADE
VIC1,2025-04-26 11:35:00,4129.76,68.55,TRADE
VIC1,2025-04-26 11:40:00,4102.04,78.16,TRADE
VIC1,2025-04-26 11:45:00,4064.79,54.89,TRADE
VIC1,2025-04-26 11:50:00,4045.47,80.25,TRADE
VIC1,2025-04-26 11:55:00,3988.25,39.03,TRADE
VIC1,2025-04-26 12:00:00,3911.8,38.11,TRADE
VIC1,2025-04-26 12:05:00,3947.89,60.61,TRADE
VIC1,2025-04-26 12:10:00,3899.42,50.78,TRADE
VIC1,2025-04-26 12:15:00,3854.77,53.5,TRADE
VIC1,2025-04-26 12:20:00,3854.51,35.95,TRADE
VIC1,2025-04-26 12:25:00,3863.16,51.53,TRADE
VIC1,2025-04-26 12:30:00,3938.88,52.84,TRADE
VIC1,2025-04-26 12:35:00,3899.65,51.5,TRADE
VIC1,2025-04-26 12:40:00,3853.2,47.03,TRADE
VIC1,2025-04-26 12:45:00,3824.95,35.95,TRADE
VIC1,2025-04-26 12:50:00,3799.65,35.59,TRADE
VIC1,2025-04-26 12:55:00,3816.19,35.95,TRADE
VIC1,2025-04-26 13:00:00,3736.46,52.79,TRADE
VIC1,2025-04-26 13:05:00,3794.66,53.5,TRADE
VIC1,2025-04-26 13:10:00,3747.75,48.15,TRADE
VIC1,2025-04-26 13:15:00,3713.32,52.38,TRADE
VIC1,2025-04-26 13:20:00,3757.92,52.22,TRADE
VIC1,2025-04-26 13:25:00,3744.63,49.58,TRADE
VIC1,2025-04-26 13:30:00,3805.12,53.5,TRADE
VIC1,2025-04-26 13:35:00,3805.8,49.81,TRADE
VIC1,2025-04-26 13:40:00,3782.0,47.04,TRADE
VIC1,2025-04-26 13:45:00,3882.59,52.78,TRADE
VIC1,2025-04-26 13:50:00,3935.69,77.14,TRADE
VIC1,2025-04-26 13:55:00,3960.5,63.22,TRADE
VIC1,2025-04-26 14:00:00,3961.91,73.58,TRADE
VIC1,2025-04-26 14:05:00,3963.37,62.16,TRADE
VIC1,2025-04-26 14:10:00,3994.78,71.15,TRADE
VIC1,2025-04-26 14:15:00,4027.76,45.42,TRADE
VIC1,2025-04-26 14:20:00,3967.77,65.45,TRADE
VIC1,2025-04-26 14:25:00,4069.84,46.25,TRADE
VIC1,2025-04-26 14:30:00,4114.04,53.99,TRADE
VIC1,2025-04-26 14:35:00,4103.98,47.19,TRADE
VIC1,2025-04-26 14:40:00,4206.21,48.86,TRADE
VIC1,2025-04-26 14:45:00,4256.41,45.7,TRADE
VIC1,2025-04-26 14:50:00,4264.48,43.25,TRADE
VIC1,2025-04-26 14:55:00,4307.61,59.94,TRADE
VIC1,2025-04-26 15:00:00,4312.69,35.95,TRADE
VIC1,2025-04-26 15:05:00,4281.62,41.94,TRADE
VIC1,2025-04-26 15:10:00,4273.82,68.3,TRADE
VIC1,2025-04-26 15:15:00,4326.51,83.94,TRADE
VIC1,2025-04-26 15:20:00,4365.03,65.13,TRADE
VIC1,2025-04-26 15:25:00,4447.65,65.01,TRADE
VIC1,2025-04-26 15:30:00,4426.3,72.55,TRADE
VIC1,2025-04-26 15:35:00,4526.81,70.01,TRADE
VIC1,2025-04-26 15:40:00,4544.87,65.84,TRADE
VIC1,2025-04-26 15:45:00,4564.63,71.43,TRADE
VIC1,2025-04-26 15:50:00,4589.93,86.97,TRADE
VIC1,2025-04-26 15:55:00,4552.68,78.26,TRADE
VIC1,2025-04-26 16:00:00,4580.12,82.35,TRADE
VIC1,2025-04-26 16:05:00,4687.64,84.61,TRADE
VIC1,2025-04-26 16:10:00,4738.4,94.08,TRADE
VIC1,2025-04-26 16:15:00,4792.22,77.3,TRADE
VIC1,2025-04-26 16:20:00,4824.66,102.26,TRADE
VIC1,2025-04-26 16:25:00,4830.98,112.0,TRADE
VIC1,2025-04-26 16:30:00,4862.97,127.01,TRADE
VIC1,2025-04-26 16:35:00,4885.96,116.13,TRADE
VIC1,2025-04-26 16:40:00,4885.9,137.66,TRADE
VIC1,2025-04-26 16:45:00,4885.01,121.57,TRADE
VIC1,2025-04-26 16:50:00,4990.77,136.57,TRADE
VIC1,2025-04-26 16:55:00,5051.77,134.18,TRADE
VIC1,2025-04-26 17:00:00,5027.63,142.12,TRADE
VIC1,2025-04-26 17:05:00,5139.52,132.7,TRADE
VIC1,2025-04-26 17:10:00,5178.45,127.87,TRADE
VIC1,2025-04-26 17:15:00,5215.25,131.06,TRADE
VIC1,2025-04-26 17:20:00,5269.41,131.42,TRADE
VIC1,2025-04-26 17:25:00,5244.34,140.43,TRADE
VIC1,2025-04-26 17:30:00,5346.61,140.76,TRADE
VIC1,2025-04-26 17:35:00,5360.49,129.04,TRADE
VIC1,2025-04-26 17:40:00,5377.62,129.5,TRADE
VIC1,2025-04-26 17:45:00,5390.4,140.52,TRADE
VIC1,2025-04-26 17:50:00,5416.95,145.23,TRADE
VIC1,2025-04-26 17:55:00,5458.87,140.75,TRADE
VIC1,2025-04-26 18:00:00,5498.2,140.61,TRADE
VIC1,2025-04-26 18:05:00,5427.02,139.95,TRADE
VIC1,2025-04-26 18:10:00,5421.68,140.79,TRADE
VIC1,2025-04-26 18:15:00,5410.01,143.14,TRADE
VIC1,2025-04-26 18:20:00,5489.66,132.72,TRADE
VIC1,2025-04-26 18:25:00,5369.88,142.3,TRADE
VIC1,2025-04-26 18:30:00,5428.81,143.51,TRADE
VIC1,2025-04-26 18:35:00,5412.23,140.14,TRADE
VIC1,2025-04-26 18:40:00,5398.73,125.5,TRADE
VIC1,2025-04-26 18:45:00,5280.22,118.11,TRADE
VIC1,2025-04-26 18:50:00,5297.92,143.56,TRADE
VIC1,2025-04-26 18:55:00,5236.01,132.78,TRADE
VIC1,2025-04-26 19:00:00,5287.24,118.11,TRADE
VIC1,2025-04-26 19:05:00,5198.95,132.72,TRADE
VIC1,2025-04-26 19:10:00,5213.63,126.05,TRADE
VIC1,2025-04-26 19:15:00,5229.66,118.11,TRADE
VIC1,2025-04-26 19:20:00,5227.78,118.11,TRADE
VIC1,2025-04-26 19:25:00,5160.3,119.12,TRADE
VIC1,2025-04-26 19:30:00,5176.07,128.63,TRADE
VIC1,2025-04-26 19:35:00,5172.35,118.09,TRADE
VIC1,2025-04-26 19:40:00,5125.49,133.24,TRADE
VIC1,2025-04-26 19:45:00,5082.16,123.03,TRADE
VIC1,2025-04-26 19:50:00,5030.57,115.75,TRADE
VIC1,2025-04-26 19:55:00,5054.61,116.98,TRADE
VIC1,2025-04-26 20:00:00,5068.61,118.68,TRADE
VIC1,2025-04-26 20:05:00,5014.17,115.85,TRADE
VIC1,2025-04-26 20:10:00,5041.2,125.7,TRADE
VIC1,2025-04-26 20:15:00,5042.14,129.6,TRADE
VIC1,2025-04-26 20:20:00,5016.04,137.88,TRADE
VIC1,2025-04-26 20:25:00,4997.25,132.16,TRADE
VIC1,2025-04-26 20:30:00,4905.61,133.94,TRADE
VIC1,2025-04-26 20:35:00,4917.04,139.26,TRADE
VIC1,2025-04-26 20:40:00,4939.8,141.35,TRADE
VIC1,2025-04-26 20:45:00,4913.56,142.46,TRADE
VIC1,2025-04-26 20:50:00,4907.51,142.48,TRADE
VIC1,2025-04-26 20:55:00,4892.21,141.25,TRADE
VIC1,2025-04-26 21:00:00,4896.09,131.3,TRADE
VIC1,2025-04-26 21:05:00,4872.84,129.16,TRADE
VIC1,2025-04-26 21:10:00,4831.64,130.17,TRADE
VIC1,2025-04-26 21:15:00,4779.9,137.84,TRADE
VIC1,2025-04-26 21:20:00,4818.93,131.3,TRADE
VIC1,2025-04-26 21:25:00,4814.24,131.46,TRADE
VIC1,2025-04-26 21:30:00,4741.09,117.7,TRADE
VIC1,2025-04-26 21:35:00,4808.05,140.05,TRADE
VIC1,2025-04-26 21:40:00,4787.88,140.71,TRADE
VIC1,2025-04-26 21:45:00,4758.13,117.02,TRADE
VIC1,2025-04-26 21:50:00,4765.04,139.86,TRADE
VIC1,2025-04-26 21:55:00,4656.48,94.23,TRADE
VIC1,2025-04-26 22:00:00,4724.53,106.67,TRADE
VIC1,2025-04-26 22:05:00,4620.6,90.83,TRADE
VIC1,2025-04-26 22:10:00,4710.18,138.55,TRADE
VIC1,2025-04-26 22:15:00,4702.19,123.95,TRADE
VIC1,2025-04-26 22:20:00,4592.22,122.05,TRADE
VIC1,2025-04-26 22:25:00,4686.49,117.92,TRADE
VIC1,2025-04-26 22:30:00,4659.65,116.34,TRADE
VIC1,2025-04-26 22:35:00,4651.42,115.23,TRADE
VIC1,2025-04-26 22:40:00,4640.79,115.75,TRADE
VIC1,2025-04-26 22:45:00,4544.24,114.86,TRADE
VIC1,2025-04-26 22:50:00,4612.16,135.57,TRADE
VIC1,2025-04-26 22:55:00,4612.6,118.31,TRADE
VIC1,2025-04-26 23:00:00,4522.63,113.4,TRADE
VIC1,2025-04-26 23:05:00,4627.34,117.64,TRADE
VIC1,2025-04-26 23:10:00,4713.35,118.51,TRADE
VIC1,2025-04-26 23:15:00,4742.01,132.08,TRADE
VIC1,2025-04-26 23:20:00,4739.53,123.45,TRADE
VIC1,2025-04-26 23:25:00,4657.57,130.88,TRADE
VIC1,2025-04-26 23:30:00,4726.5,130.88,TRADE
VIC1,2025-04-26 23:35:00,4731.35,132.86,TRADE
VIC1,2025-04-26 23:40:00,4667.21,132.67,TRADE
VIC1,2025-04-26 23:45:00,4625.5,116.94,TRADE
VIC1,2025-04-26 23:50:00,4591.46,127.61,TRADE
VIC1,2025-04-26 23:55:00,4588.69,130.88,TRADE
VIC1,2025-04-27 00:00:00,4520.39,116.34,TRADE
VIC1,2025-04-27 00:05:00,4477.45,123.17,TRADE
VIC1,2025-04-27 00:10:00,4443.57,121.17,TRADE
VIC1,2025-04-27 00:15:00,4478.15,116.64,TRADE
VIC1,2025-04-27 00:20:00,4474.57,117.51,TRADE
VIC1,2025-04-27 00:25:00,4410.65,116.04,TRADE
VIC1,2025-04-27 00:30:00,4417.92,113.99,TRADE
VIC1,2025-04-27 00:35:00,4419.96,115.65,TRADE
VIC1,2025-04-27 00:40:00,4388.28,114.28,TRADE
VIC1,2025-04-27 00:45:00,4278.45,110.02,TRADE
VIC1,2025-04-27 00:50:00,4271.31,109.51,TRADE
VIC1,2025-04-27 00:55:00,4312.3,103.14,TRADE
VIC1,2025-04-27 01:00:00,4285.94,110.33,TRADE
VIC1,2025-04-27 01:05:00,4257.96,103.3,TRADE
VIC1,2025-04-27 01:10:00,4225.63,103.39,TRADE
VIC1,2025-04-27 01:15:00,4247.48,111.22,TRADE
VIC1,2025-04-27 01:20:00,4193.06,90.47,TRADE
VIC1,2025-04-27 01:25:00,4160.06,89.15,TRADE
VIC1,2025-04-27 01:30:00,4046.77,84.75,TRADE
VIC1,2025-04-27 01:35:00,4059.94,90.59,TRADE
VIC1,2025-04-27 01:40:00,4104.5,99.57,TRADE
VIC1,2025-04-27 01:45:00,4038.51,88.19,TRADE
VIC1,2025-04-27 01:50:00,4035.51,86.39,TRADE
VIC1,2025-04-27 01:55:00,4023.86,87.88,TRADE
VIC1,2025-04-27 02:00:00,3995.38,84.62,TRADE
VIC1,2025-04-27 02:05:00,4004.81,85.75,TRADE
VIC1,2025-04-27 02:10:00,3899.49,86.43,TRADE
VIC1,2025-04-27 02:15:00,3881.71,90.15,TRADE
VIC1,2025-04-27 02:20:00,3965.5,87.43,TRADE
VIC1,2025-04-27 02:25:00,3930.77,84.34,TRADE
VIC1,2025-04-27 02:30:00,3881.22,85.77,TRADE
VIC1,2025-04-27 02:35:00,3942.86,85.82,TRADE
VIC1,2025-04-27 02:40:00,3902.36,84.5,TRADE
VIC1,2025-04-27 02:45:00,3902.28,86.4,TRADE
VIC1,2025-04-27 02:50:00,3883.88,93.58,TRADE
VIC1,2025-04-27 02:55:00,3823.16,92.82,TRADE
VIC1,2025-04-27 03:00:00,3811.39,92.72,TRADE
VIC1,2025-04-27 03:05:00,3807.13,100.5,TRADE
VIC1,2025-04-27 03:10:00,3819.17,100.67,TRADE
VIC1,2025-04-27 03:15:00,3832.48,94.32,TRADE
VIC1,2025-04-27 03:20:00,3858.37,91.65,TRADE
VIC1,2025-04-27 03:25:00,3803.66,90.64,TRADE
VIC1,2025-04-27 03:30:00,3842.58,88.48,TRADE
VIC1,2025-04-27 03:35:00,3840.33,87.77,TRADE
VIC1,2025-04-27 03:40:00,3822.86,85.72,TRADE
VIC1,2025-04-27 03:45:00,3833.25,86.76,TRADE
VIC1,2025-04-27 03:50:00,3745.78,85.57,TRADE
VIC1,2025-04-27 03:55:00,3726.87,82.9,TRADE
VIC1,2025-04-27 04:00:00,3824.84,79.0,TRADE
VIC1,2025-04-27 04:05:00,3849.54,87.6,TRADE
VIC1,2025-04-27 04:10:00,3798.97,95.18,TRADE
VIC1,2025-04-27 04:15:00,3788.02,95.07,TRADE
VIC1,2025-04-27 04:20:00,3826.85,87.15,TRADE
VIC1,2025-04-27 04:25:00,3836.09,87.15,TRADE
VIC1,2025-04-27 04:30:00,3830.47,87.01,TRADE
VIC1,2025-04-27 04:35:00,3764.4,81.34,TRADE
VIC1,2025-04-27 04:40:00,3781.01,86.1,TRADE
VIC1,2025-04-27 04:45:00,3797.78,86.03,TRADE
VIC1,2025-04-27 04:50:00,3783.16,93.38,TRADE
VIC1,2025-04-27 04:55:00,3716.59,83.69,TRADE
VIC1,2025-04-27 05:00:00,3820.01,92.56,TRADE
VIC1,2025-04-27 05:05:00,3819.31,92.6,TRADE
VIC1,2025-04-27 05:10:00,3849.1,92.46,TRADE
VIC1,2025-04-27 05:15:00,3822.37,90.23,TRADE
VIC1,2025-04-27 05:20:00,3786.69,86.22,TRADE
VIC1,2025-04-27 05:25:00,3776.03,98.98,TRADE
VIC1,2025-04-27 05:30:00,3802.51,90.99,TRADE
VIC1,2025-04-27 05:35:00,3856.0,103.39,TRADE
VIC1,2025-04-27 05:40:00,3871.01,105.77,TRADE
VIC1,2025-04-27 05:45:00,3819.73,91.83,TRADE
VIC1,2025-04-27 05:50:00,3896.3,109.1,TRADE
VIC1,2025-04-27 05:55:00,3898.83,111.05,TRADE
VIC1,2025-04-27 06:00:00,3916.74,105.89,TRADE
VIC1,2025-04-27 06:05:00,3969.65,107.48,TRADE
VIC1,2025-04-27 06:10:00,3903.55,104.79,TRADE
VIC1,2025-04-27 06:15:00,3980.52,111.25,TRADE
VIC1,2025-04-27 06:20:00,4026.03,111.9,TRADE
VIC1,2025-04-27 06:25:00,4014.12,112.09,TRADE
VIC1,2025-04-27 06:30:00,4040.06,112.0,TRADE
VIC1,2025-04-27 06:35:00,4066.38,117.27,TRADE
VIC1,2025-04-27 06:40:00,4092.3,111.72,TRADE
VIC1,2025-04-27 06:45:00,4097.75,96.79,TRADE
VIC1,2025-04-27 06:50:00,4050.72,96.8,TRADE
VIC1,2025-04-27 06:55:00,4059.18,98.08,TRADE
VIC1,2025-04-27 07:00:00,4066.96,96.53,TRADE
VIC1,2025-04-27 07:05:00,4170.58,100.61,TRADE
VIC1,2025-04-27 07:10:00,4129.32,97.89,TRADE
VIC1,2025-04-27 07:15:00,4124.01,86.87,TRADE
VIC1,2025-04-27 07:20:00,4150.1,90.87,TRADE
VIC1,2025-04-27 07:25:00,4147.36,83.58,TRADE
VIC1,2025-04-27 07:30:00,4173.37,80.51,TRADE
VIC1,2025-04-27 07:35:00,4081.44,83.16,TRADE
VIC1,2025-04-27 07:40:00,4097.69,77.3,TRADE
VIC1,2025-04-27 07:45:00,4186.06,77.3,TRADE
VIC1,2025-04-27 07:50:00,4204.64,77.3,TRADE
VIC1,2025-04-27 07:55:00,4140.33,73.09,TRADE
VIC1,2025-04-27 08:00:00,4206.62,73.59,TRADE
VIC1,2025-04-27 08:05:00,4228.23,69.01,TRADE
VIC1,2025-04-27 08:10:00,4228.85,77.3,TRADE
VIC1,2025-04-27 08:15:00,4234.43,67.76,TRADE
VIC1,2025-04-27 08:20:00,4127.44,49.11,TRADE
VIC1,2025-04-27 08:25:00,4130.73,57.39,TRADE
VIC1,2025-04-27 08:30:00,4163.21,61.96,TRADE
VIC1,2025-04-27 08:35:00,4135.33,55.47,TRADE
VIC1,2025-04-27 08:40:00,4220.04,65.2,TRADE
VIC1,2025-04-27 08:45:00,4183.8,23.87,TRADE
VIC1,2025-04-27 08:50:00,4084.69,42.61,TRADE
VIC1,2025-04-27 08:55:00,4125.33,32.84,TRADE
VIC1,2025-04-27 09:00:00,4126.62,44.69,TRADE
VIC1,2025-04-27 09:05:00,4122.62,55.23,TRADE
VIC1,2025-04-27 09:10:00,4127.27,34.21,TRADE
VIC1,2025-04-27 09:15:00,4039.11,22.95,TRADE
VIC1,2025-04-27 09:20:00,4079.83,55.23,TRADE
VIC1,2025-04-27 09:25:00,4080.39,46.29,TRADE
VIC1,2025-04-27 09:30:00,4059.45,45.87,TRADE
VIC1,2025-04-27 09:35:00,4030.46,22.95,TRADE
VIC1,2025-04-27 09:40:00,4032.92,8.95,TRADE
VIC1,2025-04-27 09:45:00,4022.53,19.19,TRADE
VIC1,2025-04-27 09:50:00,4047.22,22.95,TRADE
VIC1,2025-04-27 09:55:00,3972.17,22.95,TRADE
VIC1,2025-04-27 10:00:00,3957.52,8.95,TRADE
VIC1,2025-04-27 10:05:00,4056.84,10.52,TRADE
VIC1,2025-04-27 10:10:00,4032.46,0.01,TRADE
VIC1,2025-04-27 10:15:00,4028.83,33.89,TRADE
VIC1,2025-04-27 10:20:00,4018.27,22.95,TRADE
VIC1,2025-04-27 10:25:00,3993.74,22.95,TRADE
VIC1,2025-04-27 10:30:00,4039.89,-8.55,TRADE
VIC1,2025-04-27 10:35:00,3927.09,0.01,TRADE
VIC1,2025-04-27 10:40:00,3885.52,33.89,TRADE
VIC1,2025-04-27 10:45:00,3856.78,22.95,TRADE
VIC1,2025-04-27 10:50:00,3962.51,47.39,TRADE
VIC1,2025-04-27 10:55:00,3960.09,35.95,TRADE
VIC1,2025-04-27 11:00:00,3927.58,35.95,TRADE
VIC1,2025-04-27 11:05:00,3944.56,22.95,TRADE
VIC1,2025-04-27 11:10:00,4010.67,35.95,TRADE
VIC1,2025-04-27 11:15:00,4007.86,35.95,TRADE
VIC1,2025-04-27 11:20:00,3960.55,22.95,TRADE
VIC1,2025-04-27 11:25:00,3952.17,22.95,TRADE
VIC1,2025-04-27 11:30:00,4045.67,35.95,TRADE
VIC1,2025-04-27 11:35:00,4056.99,19.19,TRADE
VIC1,2025-04-27 11:40:00,3999.95,35.95,TRADE
VIC1,2025-04-27 11:45:00,4104.29,48.5,TRADE
VIC1,2025-04-27 11:50:00,4100.1,55.23,TRADE
VIC1,2025-04-27 11:55:00,4121.94,33.89,TRADE
VIC1,2025-04-27 12:00:00,4101.28,35.95,TRADE
VIC1,2025-04-27 12:05:00,4017.92,35.95,TRADE
VIC1,2025-04-27 12:10:00,4033.26,48.01,TRADE
VIC1,2025-04-27 12:15:00,4000.53,-20.14,TRADE
VIC1,2025-04-27 12:20:00,4077.22,49.0,TRADE
VIC1,2025-04-27 12:25:00,3994.82,22.95,TRADE
VIC1,2025-04-27 12:30:00,4013.41,35.95,TRADE
VIC1,2025-04-27 12:35:00,4083.99,22.95,TRADE
VIC1,2025-04-27 12:40:00,3980.66,-2.2,TRADE
VIC1,2025-04-27 12:45:00,4044.5,35.95,TRADE
VIC1,2025-04-27 12:50:00,4035.28,9.86,TRADE
VIC1,2025-04-27 12:55:00,4058.35,0.01,TRADE
VIC1,2025-04-27 13:00:00,4027.39,9.75,TRADE
VIC1,2025-04-27 13:05:00,3925.14,0.01,TRADE
VIC1,2025-04-27 13:10:00,3933.85,-2.22,TRADE
VIC1,2025-04-27 13:15:00,3997.47,0.01,TRADE
VIC1,2025-04-27 13:20:00,3990.18,0.0,TRADE
VIC1,2025-04-27 13:25:00,3910.54,-8.83,TRADE
VIC1,2025-04-27 13:30:00,3990.26,-8.63,TRADE
VIC1,2025-04-27 13:35:00,3994.47,56.66,TRADE
VIC1,2025-04-27 13:40:00,4034.4,-20.35,TRADE
VIC1,2025-04-27 13:45:00,3963.92,45.81,TRADE
VIC1,2025-04-27 13:50:00,3950.71,-9.03,TRADE
VIC1,2025-04-27 13:55:00,3955.62,67.94,TRADE
VIC1,2025-04-27 14:00:00,4033.15,-16.82,TRADE
VIC1,2025-04-27 14:05:00,4008.94,-8.65,TRADE
VIC1,2025-04-27 14:10:00,3944.99,-21.8,TRADE
VIC1,2025-04-27 14:15:00,4018.02,-8.54,TRADE
VIC1,2025-04-27 14:20:00,3999.24,2.01,TRADE
VIC1,2025-04-27 14:25:00,4010.26,-22.99,TRADE
VIC1,2025-04-27 14:30:00,4048.09,56.94,TRADE
VIC1,2025-04-27 14:35:00,3957.2,8.95,TRADE
VIC1,2025-04-27 14:40:00,4066.56,-18.15,TRADE
VIC1,2025-04-27 14:45:00,4023.24,42.32,TRADE
VIC1,2025-04-27 14:50:00,4047.78,-21.0,TRADE
VIC1,2025-04-27 14:55:00,4141.75,-19.99,TRADE
VIC1,2025-04-27 15:00:00,4097.75,-21.0,TRADE
VIC1,2025-04-27 15:05:00,4190.62,-9.09,TRADE
VIC1,2025-04-27 15:10:00,4239.41,34.8,TRADE
VIC1,2025-04-27 15:15:00,4245.7,0.01,TRADE
VIC1,2025-04-27 15:20:00,4243.96,-21.0,TRADE
VIC1,2025-04-27 15:25:00,4213.66,44.16,TRADE
VIC1,2025-04-27 15:30:00,4277.86,8.95,TRADE
VIC1,2025-04-27 15:35:00,4298.13,-9.16,TRADE
VIC1,2025-04-27 15:40:00,4399.83,39.65,TRADE
VIC1,2025-04-27 15:45:00,4420.7,75.58,TRADE
VIC1,2025-04-27 15:50:00,4487.74,38.13,TRADE
VIC1,2025-04-27 15:55:00,4524.62,71.09,TRADE
VIC1,2025-04-27 16:00:00,4605.7,74.94,TRADE
VIC1,2025-04-27 16:05:00,4609.51,59.0,TRADE
VIC1,2025-04-27 16:10:00,4663.67,75.89,TRADE
VIC1,2025-04-27 16:15:00,4651.36,71.73,TRADE
VIC1,2025-04-27 16:20:00,4710.17,75.89,TRADE
VIC1,2025-04-27 16:25:00,4805.76,81.42,TRADE
VIC1,2025-04-27 16:30:00,4879.14,85.07,TRADE
VIC1,2025-04-27 16:35:00,4860.52,79.0,TRADE
VIC1,2025-04-27 16:40:00,5002.44,88.61,TRADE
VIC1,2025-04-27 16:45:00,5090.6,119.0,TRADE
VIC1,2025-04-27 16:50:00,5148.53,119.0,TRADE
VIC1,2025-04-27 16:55:00,5170.01,147.13,TRADE
VIC1,2025-04-27 17:00:00,5133.81,170.23,TRADE
VIC1,2025-04-27 17:05:00,5247.12,133.66,TRADE
VIC1,2025-04-27 17:10:00,5345.03,132.16,TRADE
VIC1,2025-04-27 17:15:00,5318.93,132.72,TRADE
VIC1,2025-04-27 17:20:00,5433.78,137.68,TRADE
VIC1,2025-04-27 17:25:00,5480.23,158.85,TRADE
VIC1,2025-04-27 17:30:00,5537.57,144.79,TRADE
VIC1,2025-04-27 17:35:00,5570.24,142.12,TRADE
VIC1,2025-04-27 17:40:00,5549.26,140.34,TRADE
VIC1,2025-04-27 17:45:00,5639.92,144.29,TRADE
VIC1,2025-04-27 17:50:00,5668.75,156.93,TRADE
VIC1,2025-04-27 17:55:00,5664.53,145.64,TRADE
VIC1,2025-04-27 18:00:00,5762.47,147.97,TRADE
VIC1,2025-04-27 18:05:00,5757.7,145.7,TRADE
VIC1,2025-04-27 18:10:00,5766.07,145.06,TRADE
VIC1,2025-04-27 18:15:00,5746.19,146.89,TRADE
VIC1,2025-04-27 18:20:00,5694.52,163.04,TRADE
VIC1,2025-04-27 18:25:00,5714.25,146.89,TRADE
VIC1,2025-04-27 18:30:00,5695.9,147.43,TRADE
VIC1,2025-04-27 18:35:00,5666.3,147.53,TRADE
VIC1,2025-04-27 18:40:00,5652.78,149.96,TRADE
VIC1,2025-04-27 18:45:00,5626.95,170.23,TRADE
VIC1,2025-04-27 18:50:00,5619.72,153.56,TRADE
VIC1,2025-04-27 18:55:00,5562.46,142.01,TRADE
VIC1,2025-04-27 19:00:00,5550.75,143.5,TRADE
VIC1,2025-04-27 19:05:00,5524.19,143.87,TRADE
VIC1,2025-04-27 19:10:00,5555.43,141.42,TRADE
VIC1,2025-04-27 19:15:00,5500.91,123.77,TRADE
VIC1,2025-04-27 19:20:00,5429.62,119.0,TRADE
VIC1,2025-04-27 19:25:00,5472.31,117.08,TRADE
VIC1,2025-04-27 19:30:00,5464.61,119.0,TRADE
VIC1,2025-04-27 19:35:00,5445.99,133.62,TRADE
VIC1,2025-04-27 19:40:00,5350.05,124.29,TRADE
VIC1,2025-04-27 19:45:00,5285.77,119.95,TRADE
VIC1,2025-04-27 19:50:00,5293.62,118.27,TRADE
VIC1,2025-04-27 19:55:00,5320.6,122.32,TRADE
VIC1,2025-04-27 20:00:00,5257.03,115.37,TRADE
VIC1,2025-04-27 20:05:00,5231.3,120.33,TRADE
VIC1,2025-04-27 20:10:00,5232.87,134.19,TRADE
VIC1,2025-04-27 20:15:00,5257.4,135.25,TRADE
VIC1,2025-04-27 20:20:00,5217.26,131.78,TRADE
VIC1,2025-04-27 20:25:00,5236.1,132.47,TRADE
VIC1,2025-04-27 20:30:00,5194.12,124.83,TRADE
VIC1,2025-04-27 20:35:00,5223.29,123.28,TRADE
VIC1,2025-04-27 20:40:00,5199.63,119.14,TRADE
VIC1,2025-04-27 20:45:00,5086.9,119.0,TRADE
VIC1,2025-04-27 20:50:00,5093.47,119.0,TRADE
VIC1,2025-04-27 20:55:00,5076.25,126.07,TRADE
VIC1,2025-04-27 21:00:00,5113.33,119.0,TRADE
VIC1,2025-04-27 21:05:00,5012.43,130.17,TRADE
VIC1,2025-04-27 21:10:00,5080.38,130.84,TRADE
VIC1,2025-04-27 21:15:00,5073.9,130.84,TRADE
VIC1,2025-04-27 21:20:00,5051.75,132.26,TRADE
VIC1,2025-04-27 21:25:00,5038.76,130.11,TRADE
VIC1,2025-04-27 21:30:00,4938.92,115.08,TRADE
VIC1,2025-04-27 21:35:00,4989.78,114.92,TRADE
VIC1,2025-04-27 21:40:00,4951.2,119.0,TRADE
VIC1,2025-04-27 21:45:00,4931.19,114.12,TRADE
VIC1,2025-04-27 21:50:00,4895.46,113.63,TRADE
VIC1,2025-04-27 21:55:00,4854.54,113.97,TRADE
VIC1,2025-04-27 22:00:00,4838.9,113.94,TRADE
VIC1,2025-04-27 22:05:00,4809.74,113.92,TRADE
VIC1,2025-04-27 22:10:00,4725.64,119.0,TRADE
VIC1,2025-04-27 22:15:00,4693.67,113.63,TRADE
VIC1,2025-04-27 22:20:00,4764.38,119.0,TRADE
VIC1,2025-04-27 22:25:00,4737.79,114.49,TRADE
VIC1,2025-04-27 22:30:00,4717.48,114.2,TRADE
VIC1,2025-04-27 22:35:00,4668.0,119.0,TRADE
VIC1,2025-04-27 22:40:00,4658.99,112.36,TRADE
VIC1,2025-04-27 22:45:00,4659.31,118.13,TRADE
VIC1,2025-04-27 22:50:00,4572.29,111.63,TRADE
VIC1,2025-04-27 22:55:00,4530.34,89.9,TRADE
VIC1,2025-04-27 23:00:00,4585.44,92.39,TRADE
VIC1,2025-04-27 23:05:00,4612.57,111.45,TRADE
VIC1,2025-04-27 23:10:00,4654.42,111.45,TRADE
VIC1,2025-04-27 23:15:00,4732.08,111.16,TRADE
VIC1,2025-04-27 23:20:00,4761.22,99.1,TRADE
VIC1,2025-04-27 23:25:00,4708.69,96.61,TRADE
VIC1,2025-04-27 23:30:00,4702.52,101.75,TRADE
VIC1,2025-04-27 23:35:00,4628.86,115.0,TRADE
VIC1,2025-04-27 23:40:00,4589.49,111.28,TRADE
VIC1,2025-04-27 23:45:00,4562.61,92.87,TRADE
VIC1,2025-04-27 23:50:00,4549.81,97.04,TRADE
VIC1,2025-04-27 23:55:00,4599.44,111.38,TRADE
VIC1,2025-05-03 00:00:00,4897.01,49.87,TRADE
VIC1,2025-05-03 00:05:00,4888.39,77.3,TRADE
VIC1,2025-05-03 00:10:00,4858.43,75.77,TRADE
VIC1,2025-05-03 00:15:00,4889.87,73.63,TRADE
VIC1,2025-05-03 00:20:00,4915.69,73.29,TRADE
VIC1,2025-05-03 00:25:00,4770.62,35.95,TRADE
VIC1,2025-05-03 00:30:00,4782.3,50.84,TRADE
VIC1,2025-05-03 00:35:00,4748.15,35.95,TRADE
VIC1,2025-05-03 00:40:00,4767.01,35.95,TRADE
VIC1,2025-05-03 00:45:00,4661.93,33.89,TRADE
VIC1,2025-05-03 00:50:00,4597.03,19.19,TRADE
VIC1,2025-05-03 00:55:00,4644.9,19.19,TRADE
VIC1,2025-05-03 01:00:00,4644.37,19.19,TRADE
VIC1,2025-05-03 01:05:00,4613.64,19.19,TRADE
VIC1,2025-05-03 01:10:00,4556.9,0.01,TRADE
VIC1,2025-05-03 01:15:00,4514.74,0.01,TRADE
VIC1,2025-05-03 01:20:00,4500.66,8.95,TRADE
VIC1,2025-05-03 01:25:00,4452.01,8.91,TRADE
VIC1,2025-05-03 01:30:00,4352.48,0.01,TRADE
VIC1,2025-05-03 01:35:00,4378.43,8.95,TRADE
VIC1,2025-05-03 01:40:00,4401.94,8.95,TRADE
VIC1,2025-05-03 01:45:00,4284.0,8.94,TRADE
VIC1,2025-05-03 01:50:00,4301.92,7.58,TRADE
VIC1,2025-05-03 01:55:00,4267.63,6.95,TRADE
VIC1,2025-05-03 02:00:00,4262.61,8.91,TRADE
VIC1,2025-05-03 02:05:00,4252.17,8.6,TRADE
VIC1,2025-05-03 02:10:00,4152.08,0.01,TRADE
VIC1,2025-05-03 02:15:00,4124.55,0.01,TRADE
VIC1,2025-05-03 02:20:00,4177.44,0.01,TRADE
VIC1,2025-05-03 02:25:00,4120.35,-2.51,TRADE
VIC1,2025-05-03 02:30:00,4051.58,-2.51,TRADE
VIC1,2025-05-03 02:35:00,4030.31,-2.51,TRADE
VIC1,2025-05-03 02:40:00,4040.77,-2.51,TRADE
VIC1,2025-05-03 02:45:00,4048.42,-2.51,TRADE
VIC1,2025-05-03 02:50:00,3966.06,-8.24,TRADE
VIC1,2025-05-03 02:55:00,3924.34,-8.13,TRADE
VIC1,2025-05-03 03:00:00,3957.8,-8.25,TRADE
VIC1,2025-05-03 03:05:00,3914.49,-8.21,TRADE
VIC1,2025-05-03 03:10:00,3934.16,-2.51,TRADE
VIC1,2025-05-03 03:15:00,3903.19,-2.51,TRADE
VIC1,2025-05-03 03:20:00,3961.82,-2.51,TRADE
VIC1,2025-05-03 03:25:00,3896.83,-2.51,TRADE
VIC1,2025-05-03 03:30:00,3964.27,-2.05,TRADE
VIC1,2025-05-03 03:35:00,3933.4,-2.07,TRADE
VIC1,2025-05-03 03:40:00,3980.73,-2.51,TRADE
VIC1,2025-05-03 03:45:00,3876.94,-8.2,TRADE
VIC1,2025-05-03 03:50:00,3867.21,-8.16,TRADE
VIC1,2025-05-03 03:55:00,3934.06,-8.25,TRADE
VIC1,2025-05-03 04:00:00,3935.32,-8.27,TRADE
VIC1,2025-05-03 04:05:00,3865.74,-13.76,TRADE
VIC1,2025-05-03 04:10:00,3936.0,-13.76,TRADE
VIC1,2025-05-03 04:15:00,3946.17,-11.11,TRADE
VIC1,2025-05-03 04:20:00,3941.92,-11.11,TRADE
VIC1,2025-05-03 04:25:00,3877.57,-13.91,TRADE
VIC1,2025-05-03 04:30:00,3858.21,-14.94,TRADE
VIC1,2025-05-03 04:35:00,3897.27,-13.91,TRADE
VIC1,2025-05-03 04:40:00,3994.58,-9.06,TRADE
VIC1,2025-05-03 04:45:00,3997.65,-8.29,TRADE
VIC1,2025-05-03 04:50:00,4008.63,-2.51,TRADE
VIC1,2025-05-03 04:55:00,3994.29,-2.51,TRADE
VIC1,2025-05-03 05:00:00,4040.12,0.0,TRADE
VIC1,2025-05-03 05:05:00,4069.69,0.0,TRADE
VIC1,2025-05-03 05:10:00,4019.77,-2.51,TRADE
VIC1,2025-05-03 05:15:00,4051.68,-2.51,TRADE
VIC1,2025-05-03 05:20:00,4130.26,0.01,TRADE
VIC1,2025-05-03 05:25:00,4179.73,0.01,TRADE
VIC1,2025-05-03 05:30:00,4167.3,0.01,TRADE
VIC1,2025-05-03 05:35:00,4180.85,0.01,TRADE
VIC1,2025-05-03 05:40:00,4200.03,8.46,TRADE
VIC1,2025-05-03 05:45:00,4250.0,8.95,TRADE
VIC1,2025-05-03 05:50:00,4210.97,8.95,TRADE
VIC1,2025-05-03 05:55:00,4196.25,8.95,TRADE
VIC1,2025-05-03 06:00:00,4274.47,8.95,TRADE
VIC1,2025-05-03 06:05:00,4380.86,20.01,TRADE
VIC1,2025-05-03 06:10:00,4343.72,8.95,TRADE
VIC1,2025-05-03 06:15:00,4404.53,8.95,TRADE
VIC1,2025-05-03 06:20:00,4485.31,20.01,TRADE
VIC1,2025-05-03 06:25:00,4516.5,8.95,TRADE
VIC1,2025-05-03 06:30:00,4552.53,20.01,TRADE
VIC1,2025-05-03 06:35:00,4514.27,8.95,TRADE
VIC1,2025-05-03 06:40:00,4593.7,20.01,TRADE
VIC1,2025-05-03 06:45:00,4596.31,8.95,TRADE
VIC1,2025-05-03 06:50:00,4757.62,33.89,TRADE
VIC1,2025-05-03 06:55:00,4794.34,33.89,TRADE
VIC1,2025-05-03 07:00:00,4824.98,50.73,TRADE
VIC1,2025-05-03 07:05:00,4882.69,33.89,TRADE
VIC1,2025-05-03 07:10:00,4935.84,33.89,TRADE
VIC1,2025-05-03 07:15:00,5015.14,50.99,TRADE
VIC1,2025-05-03 07:20:00,4961.15,33.89,TRADE
VIC1,2025-05-03 07:25:00,5008.65,49.03,TRADE
VIC1,2025-05-03 07:30:00,5080.41,42.19,TRADE
VIC1,2025-05-03 07:35:00,5075.06,33.89,TRADE
VIC1,2025-05-03 07:40:00,4985.28,8.95,TRADE
VIC1,2025-05-03 07:45:00,5025.75,20.01,TRADE
VIC1,2025-05-03 07:50:00,5020.51,-0.01,TRADE
VIC1,2025-05-03 07:55:00,5034.27,0.0,TRADE
VIC1,2025-05-03 08:00:00,4974.42,-2.25,TRADE
VIC1,2025-05-03 08:05:00,4872.73,0.0,TRADE
VIC1,2025-05-03 08:10:00,4825.64,-2.07,TRADE
VIC1,2025-05-03 08:15:00,4869.93,8.95,TRADE
VIC1,2025-05-03 08:20:00,4875.97,-9.06,TRADE
VIC1,2025-05-03 08:25:00,4753.86,-13.86,TRADE
VIC1,2025-05-03 08:30:00,4730.43,-13.91,TRADE
VIC1,2025-05-03 08:35:00,4602.62,-14.94,TRADE
VIC1,2025-05-03 08:40:00,4552.92,-20.0,TRADE
VIC1,2025-05-03 08:45:00,4414.57,-9.53,TRADE
VIC1,2025-05-03 08:50:00,4272.58,-12.34,TRADE
VIC1,2025-05-03 08:55:00,4304.23,-11.11,TRADE
VIC1,2025-05-03 09:00:00,4235.46,-8.58,TRADE
VIC1,2025-05-03 09:05:00,4119.1,-9.39,TRADE
VIC1,2025-05-03 09:10:00,4033.51,-11.11,TRADE
VIC1,2025-05-03 09:15:00,4026.62,-11.11,TRADE
VIC1,2025-05-03 09:20:00,3940.18,-19.32,TRADE
VIC1,2025-05-03 09:25:00,3889.16,-19.3,TRADE
VIC1,2025-05-03 09:30:00,3839.45,-18.21,TRADE
VIC1,2025-05-03 09:35:00,3690.68,-19.99,TRADE
VIC1,2025-05-03 09:40:00,3613.08,-19.5,TRADE
VIC1,2025-05-03 09:45:00,3655.08,-18.62,TRADE
VIC1,2025-05-03 09:50:00,3566.49,-19.5,TRADE
VIC1,2025-05-03 09:55:00,3477.91,-18.93,TRADE
VIC1,2025-05-03 10:00:00,3463.68,-18.72,TRADE
VIC1,2025-05-03 10:05:00,3368.85,-19.8,TRADE
VIC1,2025-05-03 10:10:00,3312.66,-18.8,TRADE
VIC1,2025-05-03 10:15:00,3179.11,-25.14,TRADE
VIC1,2025-05-03 10:20:00,3127.15,-22.43,TRADE
VIC1,2025-05-03 10:25:00,3105.01,-22.28,TRADE
VIC1,2025-05-03 10:30:00,3008.67,-22.49,TRADE
VIC1,2025-05-03 10:35:00,2945.91,-22.42,TRADE
VIC1,2025-05-03 10:40:00,3007.69,-22.53,TRADE
VIC1,2025-05-03 10:45:00,2922.72,-22.53,TRADE
VIC1,2025-05-03 10:50:00,2794.68,-22.4,TRADE
VIC1,2025-05-03 10:55:00,2859.63,-22.22,TRADE
VIC1,2025-05-03 11:00:00,2740.4,-24.33,TRADE
VIC1,2025-05-03 11:05:00,2740.51,-23.8,TRADE
VIC1,2025-05-03 11:10:00,2640.61,-25.01,TRADE
VIC1,2025-05-03 11:15:00,2629.95,-25.01,TRADE
VIC1,2025-05-03 11:20:00,2649.2,-25.01,TRADE
VIC1,2025-05-03 11:25:00,2613.79,-25.56,TRADE
VIC1,2025-05-03 11:30:00,2495.75,-23.94,TRADE
VIC1,2025-05-03 11:35:00,2485.19,-25.16,TRADE
VIC1,2025-05-03 11:40:00,2470.46,-24.14,TRADE
VIC1,2025-05-03 11:45:00,2448.76,-23.53,TRADE
VIC1,2025-05-03 11:50:00,2339.08,-23.4,TRADE
VIC1,2025-05-03 11:55:00,2332.47,-23.19,TRADE
VIC1,2025-05-03 12:00:00,2288.58,-22.99,TRADE
VIC1,2025-05-03 12:05:00,2360.71,-23.2,TRADE
VIC1,2025-05-03 12:10:00,2319.1,-23.2,TRADE
VIC1,2025-05-03 12:15:00,2255.49,-23.42,TRADE
VIC1,2025-05-03 12:20:00,2228.31,-23.52,TRADE
VIC1,2025-05-03 12:25:00,2274.11,-25.01,TRADE
VIC1,2025-05-03 12:30:00,2306.71,-23.31,TRADE
VIC1,2025-05-03 12:35:00,2217.22,-28.61,TRADE
VIC1,2025-05-03 12:40:00,2243.6,-26.82,TRADE
VIC1,2025-05-03 12:45:00,2304.71,-23.59,TRADE
VIC1,2025-05-03 12:50:00,2297.72,-25.77,TRADE
VIC1,2025-05-03 12:55:00,2296.85,-25.91,TRADE
VIC1,2025-05-03 13:00:00,2318.68,-25.01,TRADE
VIC1,2025-05-03 13:05:00,2342.62,-25.01,TRADE
VIC1,2025-05-03 13:10:00,2427.77,-21.0,TRADE
VIC1,2025-05-03 13:15:00,2314.84,-22.99,TRADE
VIC1,2025-05-03 13:20:00,2294.17,-25.01,TRADE
VIC1,2025-05-03 13:25:00,2438.28,-25.6,TRADE
VIC1,2025-05-03 13:30:00,2486.69,-21.0,TRADE
VIC1,2025-05-03 13:35:00,2400.02,-24.46,TRADE
VIC1,2025-05-03 13:40:00,2479.99,-20.0,TRADE
VIC1,2025-05-03 13:45:00,2490.41,-24.66,TRADE
VIC1,2025-05-03 13:50:00,2626.31,-24.46,TRADE
VIC1,2025-05-03 13:55:00,2613.67,-21.0,TRADE
VIC1,2025-05-03 14:00:00,2592.05,-25.31,TRADE
VIC1,2025-05-03 14:05:00,2708.77,-19.99,TRADE
VIC1,2025-05-03 14:10:00,2705.17,-25.47,TRADE
VIC1,2025-05-03 14:15:00,2785.5,-24.71,TRADE
VIC1,2025-05-03 14:20:00,2864.33,-23.72,TRADE
VIC1,2025-05-03 14:25:00,2916.94,-19.99,TRADE
VIC1,2025-05-03 14:30:00,2896.06,-19.99,TRADE
VIC1,2025-05-03 14:35:00,3017.25,-19.99,TRADE
VIC1,2025-05-03 14:40:00,3049.04,-20.6,TRADE
VIC1,2025-05-03 14:45:00,3104.23,-20.6,TRADE
VIC1,2025-05-03 14:50:00,3144.07,-19.5,TRADE
VIC1,2025-05-03 14:55:00,3181.65,-19.5,TRADE
VIC1,2025-05-03 15:00:00,3369.86,-13.76,TRADE
VIC1,2025-05-03 15:05:00,3357.04,-22.99,TRADE
VIC1,2025-05-03 15:10:00,3405.93,-20.0,TRADE
VIC1,2025-05-03 15:15:00,3434.74,-6.95,TRADE
VIC1,2025-05-03 15:20:00,3548.19,-19.5,TRADE
VIC1,2025-05-03 15:25:00,3577.37,-13.76,TRADE
VIC1,2025-05-03 15:30:00,3717.66,4.5,TRADE
VIC1,2025-05-03 15:35:00,3672.46,-19.5,TRADE
VIC1,2025-05-03 15:40:00,3766.41,-13.76,TRADE
VIC1,2025-05-03 15:45:00,3885.59,4.5,TRADE
VIC1,2025-05-03 15:50:00,3975.48,24.63,TRADE
VIC1,2025-05-03 15:55:00,4031.34,15.37,TRADE
VIC1,2025-05-03 16:00:00,4060.16,49.32,TRADE
VIC1,2025-05-03 16:05:00,4122.98,0.0,TRADE
VIC1,2025-05-03 16:10:00,4230.83,26.83,TRADE
VIC1,2025-05-03 16:15:00,4184.86,39.8,TRADE
VIC1,2025-05-03 16:20:00,4312.22,65.17,TRADE
VIC1,2025-05-03 16:25:00,4446.2,65.4,TRADE
VIC1,2025-05-03 16:30:00,4518.78,75.85,TRADE
VIC1,2025-05-03 16:35:00,4540.08,51.16,TRADE
VIC1,2025-05-03 16:40:00,4623.56,72.36,TRADE
VIC1,2025-05-03 16:45:00,4705.14,71.1,TRADE
VIC1,2025-05-03 16:50:00,4821.05,84.83,TRADE
VIC1,2025-05-03 16:55:00,4805.85,115.55,TRADE
VIC1,2025-05-03 17:00:00,4924.88,35.95,TRADE
VIC1,2025-05-03 17:05:00,5078.09,69.11,TRADE
VIC1,2025-05-03 17:10:00,5113.68,51.93,TRADE
VIC1,2025-05-03 17:15:00,5140.4,93.44,TRADE
VIC1,2025-05-03 17:20:00,5296.27,101.4,TRADE
VIC1,2025-05-03 17:25:00,5328.88,76.76,TRADE
VIC1,2025-05-03 17:30:00,5418.19,110.33,TRADE
VIC1,2025-05-03 17:35:00,5394.66,113.12,TRADE
VIC1,2025-05-03 17:40:00,5414.11,109.44,TRADE
VIC1,2025-05-03 17:45:00,5517.07,82.76,TRADE
VIC1,2025-05-03 17:50:00,5599.66,105.51,TRADE
VIC1,2025-05-03 17:55:00,5552.05,112.39,TRADE
VIC1,2025-05-03 18:00:00,5658.22,114.26,TRADE
VIC1,2025-05-03 18:05:00,5658.41,111.7,TRADE
VIC1,2025-05-03 18:10:00,5665.03,117.78,TRADE
VIC1,2025-05-03 18:15:00,5599.35,112.83,TRADE
VIC1,2025-05-03 18:20:00,5567.04,69.65,TRADE
VIC1,2025-05-03 18:25:00,5551.37,82.71,TRADE
VIC1,2025-05-03 18:30:00,5599.6,79.38,TRADE
VIC1,2025-05-03 18:35:00,5577.72,80.84,TRADE
VIC1,2025-05-03 18:40:00,5588.88,77.33,TRADE
VIC1,2025-05-03 18:45:00,5488.3,73.8,TRADE
VIC1,2025-05-03 18:50:00,5466.17,66.84,TRADE
VIC1,2025-05-03 18:55:00,5536.45,68.62,TRADE
VIC1,2025-05-03 19:00:00,5528.94,64.68,TRADE
VIC1,2025-05-03 19:05:00,5528.58,64.85,TRADE
VIC1,2025-05-03 19:10:00,5521.65,64.17,TRADE
VIC1,2025-05-03 19:15:00,5407.26,50.79,TRADE
VIC1,2025-05-03 19:20:00,5453.44,50.79,TRADE
VIC1,2025-05-03 19:25:00,5488.49,64.79,TRADE
VIC1,2025-05-03 19:30:00,5457.7,64.24,TRADE
VIC1,2025-05-03 19:35:00,5400.87,54.18,TRADE
VIC1,2025-05-03 19:40:00,5380.43,50.79,TRADE
VIC1,2025-05-03 19:45:00,5388.43,67.93,TRADE
VIC1,2025-05-03 19:50:00,5366.95,67.86,TRADE
VIC1,2025-05-03 19:55:00,5293.47,29.34,TRADE
VIC1,2025-05-03 20:00:00,5334.92,45.89,TRADE
VIC1,2025-05-03 20:05:00,5301.6,33.89,TRADE
VIC1,2025-05-03 20:10:00,5245.24,19.19,TRADE
VIC1,2025-05-03 20:15:00,5305.56,20.01,TRADE
VIC1,2025-05-03 20:20:00,5302.89,26.01,TRADE
VIC1,2025-05-03 20:25:00,5297.42,20.01,TRADE
VIC1,2025-05-03 20:30:00,5248.9,-1.37,TRADE
VIC1,2025-05-03 20:35:00,5168.11,0.01,TRADE
VIC1,2025-05-03 20:40:00,5143.41,19.18,TRADE
VIC1,2025-05-03 20:45:00,5135.48,5.05,TRADE
VIC1,2025-05-03 20:50:00,5124.6,19.19,TRADE
VIC1,2025-05-03 20:55:00,5046.47,19.19,TRADE
VIC1,2025-05-03 21:00:00,5071.52,20.04,TRADE
VIC1,2025-05-03 21:05:00,5098.5,33.89,TRADE
VIC1,2025-05-03 21:10:00,5079.52,8.95,TRADE
VIC1,2025-05-03 21:15:00,5041.0,2.5,TRADE
VIC1,2025-05-03 21:20:00,4953.26,8.95,TRADE
VIC1,2025-05-03 21:25:00,5017.32,8.95,TRADE
VIC1,2025-05-03 21:30:00,5011.19,8.95,TRADE
VIC1,2025-05-03 21:35:00,5049.98,8.95,TRADE
VIC1,2025-05-03 21:40:00,5014.89,8.95,TRADE
VIC1,2025-05-03 21:45:00,5011.62,8.95,TRADE
VIC1,2025-05-03 21:50:00,5008.96,20.04,TRADE
VIC1,2025-05-03 21:55:00,4996.91,8.95,TRADE
VIC1,2025-05-03 22:00:00,4903.76,-9.06,TRADE
VIC1,2025-05-03 22:05:00,4903.87,8.95,TRADE
VIC1,2025-05-03 22:10:00,4884.86,8.95,TRADE
VIC1,2025-05-03 22:15:00,4821.79,0.0,TRADE
VIC1,2025-05-03 22:20:00,4886.5,8.95,TRADE
VIC1,2025-05-03 22:25:00,4880.74,8.95,TRADE
VIC1,2025-05-03 22:30:00,4818.78,8.95,TRADE
VIC1,2025-05-03 22:35:00,4771.89,-4.01,TRADE
VIC1,2025-05-03 22:40:00,4711.44,-3.27,TRADE
VIC1,2025-05-03 22:45:00,4787.31,8.95,TRADE
VIC1,2025-05-03 22:50:00,4705.72,4.15,TRADE
VIC1,2025-05-03 22:55:00,4699.62,8.95,TRADE
VIC1,2025-05-03 23:00:00,4652.9,8.23,TRADE
VIC1,2025-05-03 23:05:00,4690.48,8.95,TRADE
VIC1,2025-05-03 23:10:00,4756.81,33.89,TRADE
VIC1,2025-05-03 23:15:00,4847.1,49.42,TRADE
VIC1,2025-05-03 23:20:00,4737.95,8.95,TRADE
VIC1,2025-05-03 23:25:00,4732.64,32.02,TRADE
VIC1,2025-05-03 23:30:00,4778.09,33.89,TRADE
VIC1,2025-05-03 23:35:00,4742.29,2.95,TRADE
VIC1,2025-05-03 23:40:00,4671.66,-13.76,TRADE
VIC1,2025-05-03 23:45:00,4703.25,-6.85,TRADE
VIC1,2025-05-03 23:50:00,4658.69,3.95,TRADE
VIC1,2025-05-03 23:55:00,4596.71,-9.06,TRADE
VIC1,2025-05-04 00:00:00,4606.43,8.95,TRADE
VIC1,2025-05-04 00:05:00,4569.05,8.95,TRADE
VIC1,2025-05-04 00:10:00,4588.44,8.95,TRADE
VIC1,2025-05-04 00:15:00,4485.08,8.95,TRADE
VIC1,2025-05-04 00:20:00,4520.79,8.95,TRADE
VIC1,2025-05-04 00:25:00,4461.03,8.95,TRADE
VIC1,2025-05-04 00:30:00,4388.49,-9.06,TRADE
VIC1,2025-05-04 00:35:00,4416.58,8.95,TRADE
VIC1,2025-05-04 00:40:00,4395.19,8.95,TRADE
VIC1,2025-05-04 00:45:00,4370.42,8.95,TRADE
VIC1,2025-05-04 00:50:00,4281.68,-9.06,TRADE
VIC1,2025-05-04 00:55:00,4249.82,5.33,TRADE
VIC1,2025-05-04 01:00:00,4262.95,8.47,TRADE
VIC1,2025-05-04 01:05:00,4281.37,8.6,TRADE
VIC1,2025-05-04 01:10:00,4197.24,-13.76,TRADE
VIC1,2025-05-04 01:15:00,4232.79,-9.06,TRADE
VIC1,2025-05-04 01:20:00,4200.17,1.76,TRADE
VIC1,2025-05-04 01:25:00,4154.94,-9.06,TRADE
VIC1,2025-05-04 01:30:00,4037.19,-16.85,TRADE
VIC1,2025-05-04 01:35:00,3982.24,-14.94,TRADE
VIC1,2025-05-04 01:40:00,4020.94,-13.91,TRADE
VIC1,2025-05-04 01:45:00,3967.41,-19.91,TRADE
VIC1,2025-05-04 01:50:00,3896.53,-19.99,TRADE
VIC1,2025-05-04 01:55:00,3951.62,-19.93,TRADE
VIC1,2025-05-04 02:00:00,3930.39,-19.83,TRADE
VIC1,2025-05-04 02:05:00,3912.57,-19.85,TRADE
VIC1,2025-05-04 02:10:00,3926.46,-14.94,TRADE
VIC1,2025-05-04 02:15:00,3820.35,-19.75,TRADE
VIC1,2025-05-04 02:20:00,3882.16,-13.91,TRADE
VIC1,2025-05-04 02:25:00,3867.84,-13.91,TRADE
VIC1,2025-05-04 02:30:00,3870.94,-13.91,TRADE
VIC1,2025-05-04 02:35:00,3838.09,-13.91,TRADE
VIC1,2025-05-04 02:40:00,3873.65,-13.91,TRADE
VIC1,2025-05-04 02:45:00,3843.16,-13.91,TRADE
VIC1,2025-05-04 02:50:00,3805.62,-13.91,TRADE
VIC1,2025-05-04 02:55:00,3718.94,-19.6,TRADE
VIC1,2025-05-04 03:00:00,3787.62,-13.91,TRADE
VIC1,2025-05-04 03:05:00,3826.29,-13.91,TRADE
VIC1,2025-05-04 03:10:00,3712.43,-19.94,TRADE
VIC1,2025-05-04 03:15:00,3791.0,-13.91,TRADE
VIC1,2025-05-04 03:20:00,3759.3,-13.91,TRADE
VIC1,2025-05-04 03:25:00,3749.91,-13.91,TRADE
VIC1,2025-05-04 03:30:00,3667.05,-19.73,TRADE
VIC1,2025-05-04 03:35:00,3677.85,-19.81,TRADE
VIC1,2025-05-04 03:40:00,3766.78,-19.88,TRADE
VIC1,2025-05-04 03:45:00,3742.41,-19.81,TRADE
VIC1,2025-05-04 03:50:00,3706.89,-19.88,TRADE
VIC1,2025-05-04 03:55:00,3752.99,-19.99,TRADE
VIC1,2025-05-04 04:00:00,3699.09,-20.0,TRADE
VIC1,2025-05-04 04:05:00,3651.36,-20.0,TRADE
VIC1,2025-05-04 04:10:00,3656.91,-20.0,TRADE
VIC1,2025-05-04 04:15:00,3634.11,-18.66,TRADE
VIC1,2025-05-04 04:20:00,3697.28,-19.43,TRADE
VIC1,2025-05-04 04:25:00,3632.18,-19.5,TRADE
VIC1,2025-05-04 04:30:00,3625.64,-19.51,TRADE
VIC1,2025-05-04 04:35:00,3703.31,-19.0,TRADE
VIC1,2025-05-04 04:40:00,3688.68,-14.94,TRADE
VIC1,2025-05-04 04:45:00,3652.23,-19.0,TRADE
VIC1,2025-05-04 04:50:00,3700.86,-14.94,TRADE
VIC1,2025-05-04 04:55:00,3712.34,-14.94,TRADE
VIC1,2025-05-04 05:00:00,3722.65,-14.94,TRADE
VIC1,2025-05-04 05:05:00,3647.43,-19.0,TRADE
VIC1,2025-05-04 05:10:00,3745.11,-19.0,TRADE
VIC1,2025-05-04 05:15:00,3659.5,-19.38,TRADE
VIC1,2025-05-04 05:20:00,3672.38,-19.33,TRADE
VIC1,2025-05-04 05:25:00,3669.09,-19.99,TRADE
VIC1,2025-05-04 05:30:00,3698.06,-19.99,TRADE
VIC1,2025-05-04 05:35:00,3774.58,-19.26,TRADE
VIC1,2025-05-04 05:40:00,3737.41,-19.08,TRADE
VIC1,2025-05-04 05:45:00,3808.91,-19.41,TRADE
VIC1,2025-05-04 05:50:00,3812.85,-19.48,TRADE
VIC1,2025-05-04 05:55:00,3817.81,-19.48,TRADE
VIC1,2025-05-04 06:00:00,3782.99,-19.31,TRADE
VIC1,2025-05-04 06:05:00,3863.62,-19.25,TRADE
VIC1,2025-05-04 06:10:00,3827.29,-19.32,TRADE
VIC1,2025-05-04 06:15:00,3857.05,-19.5,TRADE
VIC1,2025-05-04 06:20:00,3959.49,-13.91,TRADE
VIC1,2025-05-04 06:25:00,3960.36,-13.91,TRADE
VIC1,2025-05-04 06:30:00,3930.84,-19.0,TRADE
VIC1,2025-05-04 06:35:00,3988.04,-13.91,TRADE
VIC1,2025-05-04 06:40:00,4039.71,-13.76,TRADE
VIC1,2025-05-04 06:45:00,4081.83,-11.11,TRADE
VIC1,2025-05-04 06:50:00,4060.09,-11.11,TRADE
VIC1,2025-05-04 06:55:00,4059.07,-9.06,TRADE
VIC1,2025-05-04 07:00:00,4129.53,-13.76,TRADE
VIC1,2025-05-04 07:05:00,4180.98,-9.16,TRADE
VIC1,2025-05-04 07:10:00,4169.45,-9.08,TRADE
VIC1,2025-05-04 07:15:00,4218.29,-9.06,TRADE
VIC1,2025-05-04 07:20:00,4230.87,-9.06,TRADE
VIC1,2025-05-04 07:25:00,4261.89,-9.06,TRADE
VIC1,2025-05-04 07:30:00,4214.74,-13.76,TRADE
VIC1,2025-05-04 07:35:00,4203.22,-13.76,TRADE
VIC1,2025-05-04 07:40:00,4243.95,-13.83,TRADE
VIC1,2025-05-04 07:45:00,4295.36,-13.91,TRADE
VIC1,2025-05-04 07:50:00,4265.58,-19.0,TRADE
VIC1,2025-05-04 07:55:00,4274.61,-19.33,TRADE
VIC1,2025-05-04 08:00:00,4225.24,-19.0,TRADE
VIC1,2025-05-04 08:05:00,4212.57,-20.0,TRADE
VIC1,2025-05-04 08:10:00,4140.82,-19.99,TRADE
VIC1,2025-05-04 08:15:00,4111.19,-20.0,TRADE
VIC1,2025-05-04 08:20:00,4154.47,-20.0,TRADE
VIC1,2025-05-04 08:25:00,4020.35,-20.0,TRADE
VIC1,2025-05-04 08:30:00,4021.54,-20.0,TRADE
VIC1,2025-05-04 08:35:00,3876.3,-20.0,TRADE
VIC1,2025-05-04 08:40:00,3846.39,-22.15,TRADE
VIC1,2025-05-04 08:45:00,3820.63,-21.0,TRADE
VIC1,2025-05-04 08:50:00,3795.26,-21.0,TRADE
VIC1,2025-05-04 08:55:00,3768.5,-21.0,TRADE
VIC1,2025-05-04 09:00:00,3738.58,-22.47,TRADE
VIC1,2025-05-04 09:05:00,3714.64,-21.0,TRADE
VIC1,2025-05-04 09:10:00,3656.47,-24.05,TRADE
VIC1,2025-05-04 09:15:00,3625.81,-21.0,TRADE
VIC1,2025-05-04 09:20:00,3517.31,-23.91,TRADE
VIC1,2025-05-04 09:25:00,3494.45,-21.0,TRADE
VIC1,2025-05-04 09:30:00,3396.38,-23.74,TRADE
VIC1,2025-05-04 09:35:00,3430.41,-21.0,TRADE
VIC1,2025-05-04 09:40:00,3343.37,-20.6,TRADE
VIC1,2025-05-04 09:45:00,3272.78,-20.0,TRADE
VIC1,2025-05-04 09:50:00,3248.09,-20.6,TRADE
VIC1,2025-05-04 09:55:00,3203.42,-20.6,TRADE
VIC1,2025-05-04 10:00:00,3174.07,-21.0,TRADE
VIC1,2025-05-04 10:05:00,3036.89,-23.04,TRADE
VIC1,2025-05-04 10:10:00,3077.87,-22.99,TRADE
VIC1,2025-05-04 10:15:00,3046.26,-30.28,TRADE
VIC1,2025-05-04 10:20:00,2997.41,-50.11,TRADE
VIC1,2025-05-04 10:25:00,2972.83,-24.41,TRADE
VIC1,2025-05-04 10:30:00,2838.6,-26.79,TRADE
VIC1,2025-05-04 10:35:00,2836.44,-24.18,TRADE
VIC1,2025-05-04 10:40:00,2819.37,-26.9,TRADE
VIC1,2025-05-04 10:45:00,2765.3,-30.28,TRADE
VIC1,2025-05-04 10:50:00,2761.69,-30.28,TRADE
VIC1,2025-05-04 10:55:00,2775.4,-26.79,TRADE
VIC1,2025-05-04 11:00:00,2807.58,-30.28,TRADE
VIC1,2025-05-04 11:05:00,2846.15,-30.28,TRADE
VIC1,2025-05-04 11:10:00,2813.71,-26.77,TRADE
VIC1,2025-05-04 11:15:00,2741.08,-30.28,TRADE
VIC1,2025-05-04 11:20:00,2794.69,-30.28,TRADE
VIC1,2025-05-04 11:25:00,2739.3,-34.13,TRADE
VIC1,2025-05-04 11:30:00,2685.1,-34.45,TRADE
VIC1,2025-05-04 11:35:00,2712.28,-30.28,TRADE
VIC1,2025-05-04 11:40:00,2672.08,-36.1,TRADE
VIC1,2025-05-04 11:45:00,2658.91,-40.92,TRADE
VIC1,2025-05-04 11:50:00,2629.96,-27.32,TRADE
VIC1,2025-05-04 11:55:00,2619.7,-35.44,TRADE
VIC1,2025-05-04 12:00:00,2624.44,-30.28,TRADE
VIC1,2025-05-04 12:05:00,2531.55,-30.28,TRADE
VIC1,2025-05-04 12:10:00,2528.01,-34.6,TRADE
VIC1,2025-05-04 12:15:00,2630.41,-30.28,TRADE
VIC1,2025-05-04 12:20:00,2603.64,-30.28,TRADE
VIC1,2025-05-04 12:25:00,2587.99,-30.28,TRADE
VIC1,2025-05-04 12:30:00,2693.27,-30.28,TRADE
VIC1,2025-05-04 12:35:00,2628.66,-36.29,TRADE
VIC1,2025-05-04 12:40:00,2627.63,-30.28,TRADE
VIC1,2025-05-04 12:45:00,2527.79,-30.28,TRADE
VIC1,2025-05-04 12:50:00,2518.88,-30.28,TRADE
VIC1,2025-05-04 12:55:00,2517.93,-37.14,TRADE
VIC1,2025-05-04 13:00:00,2522.13,-39.6,TRADE
VIC1,2025-05-04 13:05:00,2583.62,-28.94,TRADE
VIC1,2025-05-04 13:10:00,2627.33,-29.13,TRADE
VIC1,2025-05-04 13:15:00,2562.24,-30.28,TRADE
VIC1,2025-05-04 13:20:00,2575.35,-28.89,TRADE
VIC1,2025-05-04 13:25:00,2554.62,-29.0,TRADE
VIC1,2025-05-04 13:30:00,2579.06,-29.14,TRADE
VIC1,2025-05-04 13:35:00,2527.43,-22.99,TRADE
VIC1,2025-05-04 13:40:00,2557.02,-21.0,TRADE
VIC1,2025-05-04 13:45:00,2626.11,-20.6,TRADE
VIC1,2025-05-04 13:50:00,2676.8,-20.0,TRADE
VIC1,2025-05-04 13:55:00,2643.2,-20.0,TRADE
VIC1,2025-05-04 14:00:00,2625.43,-20.19,TRADE
VIC1,2025-05-04 14:05:00,2678.27,-21.0,TRADE
VIC1,2025-05-04 14:10:00,2698.34,-20.6,TRADE
VIC1,2025-05-04 14:15:00,2749.13,-20.19,TRADE
VIC1,2025-05-04 14:20:00,2707.32,-21.0,TRADE
VIC1,2025-05-04 14:25:00,2763.67,-23.86,TRADE
VIC1,2025-05-04 14:30:00,2850.25,-23.44,TRADE
VIC1,2025-05-04 14:35:00,2934.18,-22.64,TRADE
VIC1,2025-05-04 14:40:00,2907.92,-20.6,TRADE
VIC1,2025-05-04 14:45:00,2968.9,-20.0,TRADE
VIC1,2025-05-04 14:50:00,3051.71,-20.0,TRADE
VIC1,2025-05-04 14:55:00,3076.94,-20.19,TRADE
VIC1,2025-05-04 15:00:00,3074.03,-20.0,TRADE
VIC1,2025-05-04 15:05:00,3051.11,-20.0,TRADE
VIC1,2025-05-04 15:10:00,3089.19,-20.0,TRADE
VIC1,2025-05-04 15:15:00,3201.25,-19.99,TRADE
VIC1,2025-05-04 15:20:00,3292.29,-22.91,TRADE
VIC1,2025-05-04 15:25:00,3305.67,-22.68,TRADE
VIC1,2025-05-04 15:30:00,3443.21,-20.0,TRADE
VIC1,2025-05-04 15:35:00,3486.82,-13.91,TRADE
VIC1,2025-05-04 15:40:00,3586.26,-13.91,TRADE
VIC1,2025-05-04 15:45:00,3650.7,-20.0,TRADE
VIC1,2025-05-04 15:50:00,3676.54,-19.99,TRADE
VIC1,2025-05-04 15:55:00,3765.62,-19.0,TRADE
VIC1,2025-05-04 16:00:00,3935.37,-13.76,TRADE
VIC1,2025-05-04 16:05:00,3963.52,-0.01,TRADE
VIC1,2025-05-04 16:10:00,4078.01,17.95,TRADE
VIC1,2025-05-04 16:15:00,4147.2,50.02,TRADE
VIC1,2025-05-04 16:20:00,4254.86,33.89,TRADE
VIC1,2025-05-04 16:25:00,4388.32,33.89,TRADE
VIC1,2025-05-04 16:30:00,4392.54,69.82,TRADE
VIC1,2025-05-04 16:35:00,4412.69,8.95,TRADE
VIC1,2025-05-04 16:40:00,4603.35,93.04,TRADE
VIC1,2025-05-04 16:45:00,4664.56,8.95,TRADE
VIC1,2025-05-04 16:50:00,4695.71,73.8,TRADE
VIC1,2025-05-04 16:55:00,4803.17,0.0,TRADE
VIC1,2025-05-04 17:00:00,4866.97,8.95,TRADE
VIC1,2025-05-04 17:05:00,4981.57,73.9,TRADE
VIC1,2025-05-04 17:10:00,5051.81,38.89,TRADE
VIC1,2025-05-04 17:15:00,5017.66,8.95,TRADE
VIC1,2025-05-04 17:20:00,5073.02,8.95,TRADE
VIC1,2025-05-04 17:25:00,5180.98,52.07,TRADE
VIC1,2025-05-04 17:30:00,5299.47,52.17,TRADE
VIC1,2025-05-04 17:35:00,5374.42,8.95,TRADE
VIC1,2025-05-04 17:40:00,5392.09,46.8,TRADE
VIC1,2025-05-04 17:45:00,5457.02,46.11,TRADE
VIC1,2025-05-04 17:50:00,5519.12,50.79,TRADE
VIC1,2025-05-04 17:55:00,5568.79,46.11,TRADE
VIC1,2025-05-04 18:00:00,5543.48,45.27,TRADE
VIC1,2025-05-04 18:05:00,5560.97,20.01,TRADE
VIC1,2025-05-04 18:10:00,5607.97,51.4,TRADE
VIC1,2025-05-04 18:15:00,5629.16,50.79,TRADE
VIC1,2025-05-04 18:20:00,5627.12,33.89,TRADE
VIC1,2025-05-04 18:25:00,5565.84,20.01,TRADE
VIC1,2025-05-04 18:30:00,5611.58,48.95,TRADE
VIC1,2025-05-04 18:35:00,5565.28,8.95,TRADE
VIC1,2025-05-04 18:40:00,5502.09,0.0,TRADE
VIC1,2025-05-04 18:45:00,5461.88,8.95,TRADE
VIC1,2025-05-04 18:50:00,5472.85,8.95,TRADE
VIC1,2025-05-04 18:55:00,5459.22,8.95,TRADE
VIC1,2025-05-04 19:00:00,5403.48,0.01,TRADE
VIC1,2025-05-04 19:05:00,5389.24,8.95,TRADE
VIC1,2025-05-04 19:10:00,5378.81,8.95,TRADE
VIC1,2025-05-04 19:15:00,5392.93,0.01,TRADE
VIC1,2025-05-04 19:20:00,5367.31,0.01,TRADE
VIC1,2025-05-04 19:25:00,5259.58,0.01,TRADE
VIC1,2025-05-04 19:30:00,5236.32,8.95,TRADE
VIC1,2025-05-04 19:35:00,5214.21,8.95,TRADE
VIC1,2025-05-04 19:40:00,5247.31,20.01,TRADE
VIC1,2025-05-04 19:45:00,5216.57,8.95,TRADE
VIC1,2025-05-04 19:50:00,5217.22,8.95,TRADE
VIC1,2025-05-04 19:55:00,5178.66,8.95,TRADE
VIC1,2025-05-04 20:00:00,5147.76,8.95,TRADE
VIC1,2025-05-04 20:05:00,5167.69,8.95,TRADE
VIC1,2025-05-04 20:10:00,5054.4,-1.53,TRADE
VIC1,2025-05-04 20:15:00,5053.63,8.95,TRADE
VIC1,2025-05-04 20:20:00,5067.54,5.25,TRADE
VIC1,2025-05-04 20:25:00,5063.69,8.95,TRADE
VIC1,2025-05-04 20:30:00,4989.86,8.95,TRADE
VIC1,2025-05-04 20:35:00,5024.84,8.95,TRADE
VIC1,2025-05-04 20:40:00,5043.98,8.95,TRADE
VIC1,2025-05-04 20:45:00,5016.96,2.5,TRADE
VIC1,2025-05-04 20:50:00,4984.98,8.95,TRADE
VIC1,2025-05-04 20:55:00,4887.2,-2.13,TRADE
VIC1,2025-05-04 21:00:00,4928.21,8.4,TRADE
VIC1,2025-05-04 21:05:00,4904.5,50.79,TRADE
VIC1,2025-05-04 21:10:00,4764.0,8.95,TRADE
VIC1,2025-05-04 21:15:00,4828.84,33.89,TRADE
VIC1,2025-05-04 21:20:00,4787.84,-2.37,TRADE
VIC1,2025-05-04 21:25:00,4779.1,-2.26,TRADE
VIC1,2025-05-04 21:30:00,4744.28,-13.76,TRADE
VIC1,2025-05-04 21:35:00,4670.17,-13.76,TRADE
VIC1,2025-05-04 21:40:00,4710.63,0.37,TRADE
VIC1,2025-05-04 21:45:00,4668.52,8.95,TRADE
VIC1,2025-05-04 21:50:00,4574.52,-9.06,TRADE
VIC1,2025-05-04 21:55:00,4584.68,0.0,TRADE
VIC1,2025-05-04 22:00:00,4538.59,0.0,TRADE
VIC1,2025-05-04 22:05:00,4476.88,0.0,TRADE
VIC1,2025-05-04 22:10:00,4490.4,8.95,TRADE
VIC1,2025-05-04 22:15:00,4392.08,-2.51,TRADE
VIC1,2025-05-04 22:20:00,4365.73,-13.91,TRADE
VIC1,2025-05-04 22:25:00,4334.83,-13.76,TRADE
VIC1,2025-05-04 22:30:00,4276.67,-11.11,TRADE
VIC1,2025-05-04 22:35:00,4343.18,-2.51,TRADE
VIC1,2025-05-04 22:40:00,4355.34,-2.51,TRADE
VIC1,2025-05-04 22:45:00,4274.06,-9.06,TRADE
VIC1,2025-05-04 22:50:00,4260.86,-11.11,TRADE
VIC1,2025-05-04 22:55:00,4234.24,-11.11,TRADE
VIC1,2025-05-04 23:00:00,4244.87,-9.06,TRADE
VIC1,2025-05-04 23:05:00,4178.53,-13.76,TRADE
VIC1,2025-05-04 23:10:00,4254.43,-11.11,TRADE
VIC1,2025-05-04 23:15:00,4397.78,-2.51,TRADE
VIC1,2025-05-04 23:20:00,4397.51,-2.51,TRADE
VIC1,2025-05-04 23:25:00,4298.62,-11.11,TRADE
VIC1,2025-05-04 23:30:00,4375.89,-2.51,TRADE
VIC1,2025-05-04 23:35:00,4380.47,-2.51,TRADE
VIC1,2025-05-04 23:40:00,4333.96,-13.76,TRADE
VIC1,2025-05-04 23:45:00,4209.24,-13.91,TRADE
VIC1,2025-05-04 23:50:00,4195.12,-13.91,TRADE
VIC1,2025-05-04 23:55:00,4255.16,-13.91,TRADE
VIC1,2025-05-10 00:00:00,5216.58,109.0,TRADE
VIC1,2025-05-10 00:05:00,5180.27,109.0,TRADE
VIC1,2025-05-10 00:10:00,5071.12,109.0,TRADE
VIC1,2025-05-10 00:15:00,5094.91,112.32,TRADE
VIC1,2025-05-10 00:20:00,5069.23,109.98,TRADE
VIC1,2025-05-10 00:25:00,4996.91,101.72,TRADE
VIC1,2025-05-10 00:30:00,5037.22,109.0,TRADE
VIC1,2025-05-10 00:35:00,4999.97,109.0,TRADE
VIC1,2025-05-10 00:40:00,5000.58,103.39,TRADE
VIC1,2025-05-10 00:45:00,4915.75,98.28,TRADE
VIC1,2025-05-10 00:50:00,4860.08,96.96,TRADE
VIC1,2025-05-10 00:55:00,4828.38,95.73,TRADE
VIC1,2025-05-10 01:00:00,4797.15,94.25,TRADE
VIC1,2025-05-10 01:05:00,4794.35,95.48,TRADE
VIC1,2025-05-10 01:10:00,4824.02,94.92,TRADE
VIC1,2025-05-10 01:15:00,4779.7,95.1,TRADE
VIC1,2025-05-10 01:20:00,4667.51,84.99,TRADE
VIC1,2025-05-10 01:25:00,4743.65,94.2,TRADE
VIC1,2025-05-10 01:30:00,4724.51,93.09,TRADE
VIC1,2025-05-10 01:35:00,4678.27,92.98,TRADE
VIC1,2025-05-10 01:40:00,4609.83,75.88,TRADE
VIC1,2025-05-10 01:45:00,4603.29,76.97,TRADE
VIC1,2025-05-10 01:50:00,4545.28,73.35,TRADE
VIC1,2025-05-10 01:55:00,4532.62,73.26,TRADE
VIC1,2025-05-10 02:00:00,4567.94,72.52,TRADE
VIC1,2025-05-10 02:05:00,4561.55,76.55,TRADE
VIC1,2025-05-10 02:10:00,4445.36,72.2,TRADE
VIC1,2025-05-10 02:15:00,4439.42,93.74,TRADE
VIC1,2025-05-10 02:20:00,4450.85,72.66,TRADE
VIC1,2025-05-10 02:25:00,4412.2,69.77,TRADE
VIC1,2025-05-10 02:30:00,4413.12,71.96,TRADE
VIC1,2025-05-10 02:35:00,4467.99,90.0,TRADE
VIC1,2025-05-10 02:40:00,4455.47,90.0,TRADE
VIC1,2025-05-10 02:45:00,4462.23,90.0,TRADE
VIC1,2025-05-10 02:50:00,4458.83,73.67,TRADE
VIC1,2025-05-10 02:55:00,4356.29,70.31,TRADE
VIC1,2025-05-10 03:00:00,4338.57,64.0,TRADE
VIC1,2025-05-10 03:05:00,4367.08,71.8,TRADE
VIC1,2025-05-10 03:10:00,4374.32,72.05,TRADE
VIC1,2025-05-10 03:15:00,4311.26,71.45,TRADE
VIC1,2025-05-10 03:20:00,4296.51,70.71,TRADE
VIC1,2025-05-10 03:25:00,4297.99,70.73,TRADE
VIC1,2025-05-10 03:30:00,4321.61,70.61,TRADE
VIC1,2025-05-10 03:35:00,4354.86,71.37,TRADE
VIC1,2025-05-10 03:40:00,4377.53,72.28,TRADE
VIC1,2025-05-10 03:45:00,4365.59,71.93,TRADE
VIC1,2025-05-10 03:50:00,4368.15,71.89,TRADE
VIC1,2025-05-10 03:55:00,4273.86,70.82,TRADE
VIC1,2025-05-10 04:00:00,4297.73,71.42,TRADE
VIC1,2025-05-10 04:05:00,4290.61,64.0,TRADE
VIC1,2025-05-10 04:10:00,4290.42,77.22,TRADE
VIC1,2025-05-10 04:15:00,4288.51,64.0,TRADE
VIC1,2025-05-10 04:20:00,4294.84,64.0,TRADE
VIC1,2025-05-10 04:25:00,4276.11,70.78,TRADE
VIC1,2025-05-10 04:30:00,4295.52,64.0,TRADE
VIC1,2025-05-10 04:35:00,4286.6,64.0,TRADE
VIC1,2025-05-10 04:40:00,4306.07,73.1,TRADE
VIC1,2025-05-10 04:45:00,4313.62,70.11,TRADE
VIC1,2025-05-10 04:50:00,4309.19,72.46,TRADE
VIC1,2025-05-10 04:55:00,4333.91,71.31,TRADE
VIC1,2025-05-10 05:00:00,4398.74,75.22,TRADE
VIC1,2025-05-10 05:05:00,4452.42,90.0,TRADE
VIC1,2025-05-10 05:10:00,4450.03,90.0,TRADE
VIC1,2025-05-10 05:15:00,4463.77,83.32,TRADE
VIC1,2025-05-10 05:20:00,4499.91,83.46,TRADE
VIC1,2025-05-10 05:25:00,4493.93,83.4,TRADE
VIC1,2025-05-10 05:30:00,4481.51,90.0,TRADE
VIC1,2025-05-10 05:35:00,4529.16,93.49,TRADE
VIC1,2025-05-10 05:40:00,4471.33,74.91,TRADE
VIC1,2025-05-10 05:45:00,4496.16,90.0,TRADE
VIC1,2025-05-10 05:50:00,4520.77,94.2,TRADE
VIC1,2025-05-10 05:55:00,4563.06,93.57,TRADE
VIC1,2025-05-10 06:00:00,4574.24,94.78,TRADE
VIC1,2025-05-10 06:05:00,4577.22,90.0,TRADE
VIC1,2025-05-10 06:10:00,4662.38,141.66,TRADE
VIC1,2025-05-10 06:15:00,4684.74,140.2,TRADE
VIC1,2025-05-10 06:20:00,4722.6,141.73,TRADE
VIC1,2025-05-10 06:25:00,4758.26,140.44,TRADE
VIC1,2025-05-10 06:30:00,4776.54,140.44,TRADE
VIC1,2025-05-10 06:35:00,4815.26,141.23,TRADE
VIC1,2025-05-10 06:40:00,4847.65,140.55,TRADE
VIC1,2025-05-10 06:45:00,4917.29,142.39,TRADE
VIC1,2025-05-10 06:50:00,4958.66,143.17,TRADE
VIC1,2025-05-10 06:55:00,5114.59,161.25,TRADE
VIC1,2025-05-10 07:00:00,5105.79,163.92,TRADE
VIC1,2025-05-10 07:05:00,5099.81,163.58,TRADE
VIC1,2025-05-10 07:10:00,5181.76,173.74,TRADE
VIC1,2025-05-10 07:15:00,5228.28,166.98,TRADE
VIC1,2025-05-10 07:20:00,5243.67,182.91,TRADE
VIC1,2025-05-10 07:25:00,5302.16,161.59,TRADE
VIC1,2025-05-10 07:30:00,5346.38,164.8,TRADE
VIC1,2025-05-10 07:35:00,5282.68,155.71,TRADE
VIC1,2025-05-10 07:40:00,5318.68,103.18,TRADE
VIC1,2025-05-10 07:45:00,5332.03,102.0,TRADE
VIC1,2025-05-10 07:50:00,5372.32,157.39,TRADE
VIC1,2025-05-10 07:55:00,5332.19,154.25,TRADE
VIC1,2025-05-10 08:00:00,5258.09,144.88,TRADE
VIC1,2025-05-10 08:05:00,5290.81,144.21,TRADE
VIC1,2025-05-10 08:10:00,5306.97,140.27,TRADE
VIC1,2025-05-10 08:15:00,5213.93,127.39,TRADE
VIC1,2025-05-10 08:20:00,5180.89,37.2,TRADE
VIC1,2025-05-10 08:25:00,5202.09,48.89,TRADE
VIC1,2025-05-10 08:30:00,5173.0,10.22,TRADE
VIC1,2025-05-10 08:35:00,5000.01,35.5,TRADE
VIC1,2025-05-10 08:40:00,5041.88,35.61,TRADE
VIC1,2025-05-10 08:45:00,4974.73,35.22,TRADE
VIC1,2025-05-10 08:50:00,4869.76,14.44,TRADE
VIC1,2025-05-10 08:55:00,4788.69,-11.11,TRADE
VIC1,2025-05-10 09:00:00,4708.38,0.77,TRADE
VIC1,2025-05-10 09:05:00,4656.5,20.01,TRADE
VIC1,2025-05-10 09:10:00,4557.01,20.01,TRADE
VIC1,2025-05-10 09:15:00,4496.48,-14.94,TRADE
VIC1,2025-05-10 09:20:00,4394.51,-9.08,TRADE
VIC1,2025-05-10 09:25:00,4379.03,0.01,TRADE
VIC1,2025-05-10 09:30:00,4348.91,0.0,TRADE
VIC1,2025-05-10 09:35:00,4167.7,-19.5,TRADE
VIC1,2025-05-10 09:40:00,4137.77,-14.94,TRADE
VIC1,2025-05-10 09:45:00,4097.73,0.0,TRADE
VIC1,2025-05-10 09:50:00,4079.47,0.0,TRADE
VIC1,2025-05-10 09:55:00,3906.61,-18.12,TRADE
VIC1,2025-05-10 10:00:00,3939.13,0.0,TRADE
VIC1,2025-05-10 10:05:00,3846.84,-18.2,TRADE
VIC1,2025-05-10 10:10:00,3823.98,0.01,TRADE
VIC1,2025-05-10 10:15:00,3736.27,20.04,TRADE
VIC1,2025-05-10 10:20:00,3640.17,0.0,TRADE
VIC1,2025-05-10 10:25:00,3642.04,0.01,TRADE
VIC1,2025-05-10 10:30:00,3582.02,0.01,TRADE
VIC1,2025-05-10 10:35:00,3526.45,-14.94,TRADE
VIC1,2025-05-10 10:40:00,3465.67,0.0,TRADE
VIC1,2025-05-10 10:45:00,3394.95,-9.46,TRADE
VIC1,2025-05-10 10:50:00,3346.16,0.0,TRADE
VIC1,2025-05-10 10:55:00,3299.64,0.0,TRADE
VIC1,2025-05-10 11:00:00,3205.03,-14.94,TRADE
VIC1,2025-05-10 11:05:00,3167.83,-14.28,TRADE
VIC1,2025-05-10 11:10:00,3193.38,0.0,TRADE
VIC1,2025-05-10 11:15:00,3122.92,-7.47,TRADE
VIC1,2025-05-10 11:20:00,3082.63,-16.53,TRADE
VIC1,2025-05-10 11:25:00,3117.08,0.01,TRADE
VIC1,2025-05-10 11:30:00,3091.53,4.35,TRADE
VIC1,2025-05-10 11:35:00,3011.97,-18.71,TRADE
VIC1,2025-05-10 11:40:00,3053.73,0.0,TRADE
VIC1,2025-05-10 11:45:00,3012.71,-14.94,TRADE
VIC1,2025-05-10 11:50:00,2966.44,-14.94,TRADE
VIC1,2025-05-10 11:55:00,2963.57,0.01,TRADE
VIC1,2025-05-10 12:00:00,2917.52,0.01,TRADE
VIC1,2025-05-10 12:05:00,2842.93,2.85,TRADE
VIC1,2025-05-10 12:10:00,2839.3,0.0,TRADE
VIC1,2025-05-10 12:15:00,2814.02,12.42,TRADE
VIC1,2025-05-10 12:20:00,2872.89,0.01,TRADE
VIC1,2025-05-10 12:25:00,2878.52,-14.94,TRADE
VIC1,2025-05-10 12:30:00,2788.89,-16.68,TRADE
VIC1,2025-05-10 12:35:00,2831.66,0.01,TRADE
VIC1,2025-05-10 12:40:00,2797.29,0.0,TRADE
VIC1,2025-05-10 12:45:00,2805.83,0.0,TRADE
VIC1,2025-05-10 12:50:00,2752.48,9.85,TRADE
VIC1,2025-05-10 12:55:00,2793.11,0.0,TRADE
VIC1,2025-05-10 13:00:00,2761.06,0.02,TRADE
VIC1,2025-05-10 13:05:00,2817.41,0.02,TRADE
VIC1,2025-05-10 13:10:00,2846.2,35.5,TRADE
VIC1,2025-05-10 13:15:00,2871.38,16.34,TRADE
VIC1,2025-05-10 13:20:00,2913.85,3.22,TRADE
VIC1,2025-05-10 13:25:00,2881.5,20.04,TRADE
VIC1,2025-05-10 13:30:00,2859.39,20.01,TRADE
VIC1,2025-05-10 13:35:00,2847.08,18.61,TRADE
VIC1,2025-05-10 13:40:00,2913.67,30.63,TRADE
VIC1,2025-05-10 13:45:00,2899.06,19.19,TRADE
VIC1,2025-05-10 13:50:00,2881.79,19.19,TRADE
VIC1,2025-05-10 13:55:00,2999.95,30.57,TRADE
VIC1,2025-05-10 14:00:00,2995.58,20.01,TRADE
VIC1,2025-05-10 14:05:00,3061.81,11.58,TRADE
VIC1,2025-05-10 14:10:00,3045.66,20.01,TRADE
VIC1,2025-05-10 14:15:00,3071.57,29.22,TRADE
VIC1,2025-05-10 14:20:00,3017.71,29.77,TRADE
VIC1,2025-05-10 14:25:00,3190.25,39.73,TRADE
VIC1,2025-05-10 14:30:00,3189.13,30.78,TRADE
VIC1,2025-05-10 14:35:00,3187.88,0.02,TRADE
VIC1,2025-05-10 14:40:00,3322.25,19.19,TRADE
VIC1,2025-05-10 14:45:00,3383.63,38.08,TRADE
VIC1,2025-05-10 14:50:00,3409.34,43.82,TRADE
VIC1,2025-05-10 14:55:00,3502.1,38.16,TRADE
VIC1,2025-05-10 15:00:00,3445.49,51.34,TRADE
VIC1,2025-05-10 15:05:00,3564.46,35.51,TRADE
VIC1,2025-05-10 15:10:00,3610.14,36.48,TRADE
VIC1,2025-05-10 15:15:00,3630.36,49.75,TRADE
VIC1,2025-05-10 15:20:00,3731.4,51.34,TRADE
VIC1,2025-05-10 15:25:00,3847.8,59.0,TRADE
VIC1,2025-05-10 15:30:00,3884.16,64.0,TRADE
VIC1,2025-05-10 15:35:00,3982.82,64.17,TRADE
VIC1,2025-05-10 15:40:00,3965.3,64.0,TRADE
VIC1,2025-05-10 15:45:00,4001.31,64.0,TRADE
VIC1,2025-05-10 15:50:00,4163.13,64.0,TRADE
VIC1,2025-05-10 15:55:00,4258.01,73.16,TRADE
VIC1,2025-05-10 16:00:00,4264.39,93.27,TRADE
VIC1,2025-05-10 16:05:00,4424.32,72.79,TRADE
VIC1,2025-05-10 16:10:00,4524.0,82.11,TRADE
VIC1,2025-05-10 16:15:00,4605.78,109.0,TRADE
VIC1,2025-05-10 16:20:00,4746.13,141.31,TRADE
VIC1,2025-05-10 16:25:00,4742.33,141.0,TRADE
VIC1,2025-05-10 16:30:00,4815.26,142.12,TRADE
VIC1,2025-05-10 16:35:00,4947.35,157.97,TRADE
VIC1,2025-05-10 16:40:00,5091.09,142.12,TRADE
VIC1,2025-05-10 16:45:00,5139.35,142.12,TRADE
VIC1,2025-05-10 16:50:00,5191.45,145.38,TRADE
VIC1,2025-05-10 16:55:00,5261.86,154.4,TRADE
VIC1,2025-05-10 17:00:00,5307.16,146.91,TRADE
VIC1,2025-05-10 17:05:00,5418.92,139.0,TRADE
VIC1,2025-05-10 17:10:00,5400.35,151.7,TRADE
VIC1,2025-05-10 17:15:00,5461.01,190.36,TRADE
VIC1,2025-05-10 17:20:00,5597.67,142.35,TRADE
VIC1,2025-05-10 17:25:00,5615.14,139.0,TRADE
VIC1,2025-05-10 17:30:00,5667.09,149.78,TRADE
VIC1,2025-05-10 17:35:00,5708.74,136.74,TRADE
VIC1,2025-05-10 17:40:00,5781.12,158.87,TRADE
VIC1,2025-05-10 17:45:00,5838.3,132.72,TRADE
VIC1,2025-05-10 17:50:00,5777.67,136.44,TRADE
VIC1,2025-05-10 17:55:00,5899.27,157.43,TRADE
VIC1,2025-05-10 18:00:00,5942.12,135.98,TRADE
VIC1,2025-05-10 18:05:00,5884.33,135.91,TRADE
VIC1,2025-05-10 18:10:00,5932.42,139.0,TRADE
VIC1,2025-05-10 18:15:00,5939.49,122.89,TRADE
VIC1,2025-05-10 18:20:00,5880.95,133.88,TRADE
VIC1,2025-05-10 18:25:00,5979.54,139.33,TRADE
VIC1,2025-05-10 18:30:00,5938.26,168.7,TRADE
VIC1,2025-05-10 18:35:00,5932.73,168.95,TRADE
VIC1,2025-05-10 18:40:00,5908.69,123.24,TRADE
VIC1,2025-05-10 18:45:00,5842.07,151.22,TRADE
VIC1,2025-05-10 18:50:00,5840.9,150.98,TRADE
VIC1,2025-05-10 18:55:00,5861.05,149.23,TRADE
VIC1,2025-05-10 19:00:00,5872.04,148.34,TRADE
VIC1,2025-05-10 19:05:00,5776.94,146.01,TRADE
VIC1,2025-05-10 19:10:00,5850.85,147.57,TRADE
VIC1,2025-05-10 19:15:00,5518.15,123.65,TRADE
VIC1,2025-05-10 19:20:00,5510.72,132.76,TRADE
VIC1,2025-05-10 19:25:00,5498.85,132.98,TRADE
VIC1,2025-05-10 19:30:00,5408.78,121.13,TRADE
VIC1,2025-05-10 19:35:00,5375.68,134.31,TRADE
VIC1,2025-05-10 19:40:00,5359.64,122.44,TRADE
VIC1,2025-05-10 19:45:00,5367.47,139.0,TRADE
VIC1,2025-05-10 19:50:00,5405.36,136.72,TRADE
VIC1,2025-05-10 19:55:00,5418.16,145.38,TRADE
VIC1,2025-05-10 20:00:00,5353.19,122.28,TRADE
VIC1,2025-05-10 20:05:00,5533.91,162.24,TRADE
VIC1,2025-05-10 20:10:00,5612.18,144.33,TRADE
VIC1,2025-05-10 20:15:00,5580.52,167.31,TRADE
VIC1,2025-05-10 20:20:00,5523.25,147.22,TRADE
VIC1,2025-05-10 20:25:00,5479.59,146.52,TRADE
VIC1,2025-05-10 20:30:00,5529.72,148.26,TRADE
VIC1,2025-05-10 20:35:00,5551.72,159.89,TRADE
VIC1,2025-05-10 20:40:00,5479.76,144.69,TRADE
VIC1,2025-05-10 20:45:00,5539.76,146.89,TRADE
VIC1,2025-05-10 20:50:00,5529.77,160.88,TRADE
VIC1,2025-05-10 20:55:00,5505.25,145.47,TRADE
VIC1,2025-05-10 21:00:00,5457.71,159.38,TRADE
VIC1,2025-05-10 21:05:00,5402.75,144.64,TRADE
VIC1,2025-05-10 21:10:00,5368.17,142.45,TRADE
VIC1,2025-05-10 21:15:00,5449.85,143.8,TRADE
VIC1,2025-05-10 21:20:00,5403.85,164.01,TRADE
VIC1,2025-05-10 21:25:00,5378.22,163.99,TRADE
VIC1,2025-05-10 21:30:00,5381.94,159.36,TRADE
VIC1,2025-05-10 21:35:00,5375.03,143.29,TRADE
VIC1,2025-05-10 21:40:00,5378.4,163.13,TRADE
VIC1,2025-05-10 21:45:00,5322.46,143.53,TRADE
VIC1,2025-05-10 21:50:00,5244.69,162.02,TRADE
VIC1,2025-05-10 21:55:00,5213.79,162.25,TRADE
VIC1,2025-05-10 22:00:00,5266.55,170.24,TRADE
VIC1,2025-05-10 22:05:00,5244.36,160.18,TRADE
VIC1,2025-05-10 22:10:00,5192.43,160.18,TRADE
VIC1,2025-05-10 22:15:00,5126.16,142.81,TRADE
VIC1,2025-05-10 22:20:00,5143.55,162.91,TRADE
VIC1,2025-05-10 22:25:00,5068.63,153.42,TRADE
VIC1,2025-05-10 22:30:00,5022.19,143.9,TRADE
VIC1,2025-05-10 22:35:00,5123.72,162.2,TRADE
VIC1,2025-05-10 22:40:00,5102.17,159.47,TRADE
VIC1,2025-05-10 22:45:00,4970.35,142.45,TRADE
VIC1,2025-05-10 22:50:00,4985.05,141.02,TRADE
VIC1,2025-05-10 22:55:00,5036.04,150.15,TRADE
VIC1,2025-05-10 23:00:00,5059.92,157.26,TRADE
VIC1,2025-05-10 23:05:00,4964.66,164.72,TRADE
VIC1,2025-05-10 23:10:00,5100.33,167.12,TRADE
VIC1,2025-05-10 23:15:00,5174.36,161.29,TRADE
VIC1,2025-05-10 23:20:00,5148.74,162.76,TRADE
VIC1,2025-05-10 23:25:00,5127.69,162.53,TRADE
VIC1,2025-05-10 23:30:00,5099.57,162.86,TRADE
VIC1,2025-05-10 23:35:00,5127.0,169.0,TRADE
VIC1,2025-05-10 23:40:00,4997.42,161.32,TRADE
VIC1,2025-05-10 23:45:00,5003.32,160.99,TRADE
VIC1,2025-05-10 23:50:00,4912.11,143.53,TRADE
VIC1,2025-05-10 23:55:00,4927.81,142.81,TRADE
VIC1,2025-05-11 00:00:00,4952.3,141.73,TRADE
VIC1,2025-05-11 00:05:00,4822.89,118.41,TRADE
VIC1,2025-05-11 00:10:00,4881.91,132.72,TRADE
VIC1,2025-05-11 00:15:00,4827.44,129.6,TRADE
VIC1,2025-05-11 00:20:00,4793.52,112.13,TRADE
VIC1,2025-05-11 00:25:00,4775.17,123.34,TRADE
VIC1,2025-05-11 00:30:00,4667.73,87.49,TRADE
VIC1,2025-05-11 00:35:00,4718.31,94.13,TRADE
VIC1,2025-05-11 00:40:00,4717.46,121.79,TRADE
VIC1,2025-05-11 00:45:00,4679.63,118.21,TRADE
VIC1,2025-05-11 00:50:00,4640.89,102.89,TRADE
VIC1,2025-05-11 00:55:00,4614.37,133.88,TRADE
VIC1,2025-05-11 01:00:00,4624.94,118.61,TRADE
VIC1,2025-05-11 01:05:00,4589.85,111.28,TRADE
VIC1,2025-05-11 01:10:00,4508.96,111.3,TRADE
VIC1,2025-05-11 01:15:00,4478.49,119.81,TRADE
VIC1,2025-05-11 01:20:00,4528.74,141.67,TRADE
VIC1,2025-05-11 01:25:00,4498.15,118.81,TRADE
VIC1,2025-05-11 01:30:00,4435.18,97.37,TRADE
VIC1,2025-05-11 01:35:00,4457.95,114.9,TRADE
VIC1,2025-05-11 01:40:00,4403.76,109.0,TRADE
VIC1,2025-05-11 01:45:00,4361.93,105.77,TRADE
VIC1,2025-05-11 01:50:00,4328.1,100.02,TRADE
VIC1,2025-05-11 01:55:00,4232.79,93.47,TRADE
VIC1,2025-05-11 02:00:00,4300.9,93.46,TRADE
VIC1,2025-05-11 02:05:00,4268.69,94.42,TRADE
VIC1,2025-05-11 02:10:00,4265.11,85.7,TRADE
VIC1,2025-05-11 02:15:00,4261.53,85.21,TRADE
VIC1,2025-05-11 02:20:00,4271.6,92.93,TRADE
VIC1,2025-05-11 02:25:00,4226.87,82.74,TRADE
VIC1,2025-05-11 02:30:00,4230.71,73.51,TRADE
VIC1,2025-05-11 02:35:00,4140.74,64.0,TRADE
VIC1,2025-05-11 02:40:00,4137.71,64.0,TRADE
VIC1,2025-05-11 02:45:00,4202.79,70.16,TRADE
VIC1,2025-05-11 02:50:00,4183.77,66.89,TRADE
VIC1,2025-05-11 02:55:00,4148.63,66.24,TRADE
VIC1,2025-05-11 03:00:00,4140.7,67.37,TRADE
VIC1,2025-05-11 03:05:00,4131.91,68.09,TRADE
VIC1,2025-05-11 03:10:00,4048.82,66.82,TRADE
VIC1,2025-05-11 03:15:00,4111.91,66.9,TRADE
VIC1,2025-05-11 03:20:00,4025.11,65.67,TRADE
VIC1,2025-05-11 03:25:00,4022.88,65.11,TRADE
VIC1,2025-05-11 03:30:00,4022.71,64.0,TRADE
VIC1,2025-05-11 03:35:00,4063.13,66.89,TRADE
VIC1,2025-05-11 03:40:00,4053.23,66.92,TRADE
VIC1,2025-05-11 03:45:00,4034.64,64.0,TRADE
VIC1,2025-05-11 03:50:00,4056.48,64.0,TRADE
VIC1,2025-05-11 03:55:00,4042.11,50.07,TRADE
VIC1,2025-05-11 04:00:00,4062.56,64.0,TRADE
VIC1,2025-05-11 04:05:00,3975.27,58.46,TRADE
VIC1,2025-05-11 04:10:00,3975.1,64.0,TRADE
VIC1,2025-05-11 04:15:00,3977.2,49.26,TRADE
VIC1,2025-05-11 04:20:00,4004.95,49.2,TRADE
VIC1,2025-05-11 04:25:00,3977.58,48.8,TRADE
VIC1,2025-05-11 04:30:00,3950.23,35.95,TRADE
VIC1,2025-05-11 04:35:00,4025.83,48.46,TRADE
VIC1,2025-05-11 04:40:00,3985.02,35.95,TRADE
VIC1,2025-05-11 04:45:00,4032.84,35.95,TRADE
VIC1,2025-05-11 04:50:00,4043.25,35.95,TRADE
VIC1,2025-05-11 04:55:00,3949.86,35.85,TRADE
VIC1,2025-05-11 05:00:00,3971.95,35.95,TRADE
VIC1,2025-05-11 05:05:00,3955.47,35.95,TRADE
VIC1,2025-05-11 05:10:00,3989.86,35.95,TRADE
VIC1,2025-05-11 05:15:00,4011.69,35.95,TRADE
VIC1,2025-05-11 05:20:00,4082.52,35.95,TRADE
VIC1,2025-05-11 05:25:00,4083.72,35.95,TRADE
VIC1,2025-05-11 05:30:00,4123.14,48.85,TRADE
VIC1,2025-05-11 05:35:00,4097.09,48.48,TRADE
VIC1,2025-05-11 05:40:00,4157.13,49.23,TRADE
VIC1,2025-05-11 05:45:00,4171.33,52.79,TRADE
VIC1,2025-05-11 05:50:00,4182.81,49.21,TRADE
VIC1,2025-05-11 05:55:00,4147.22,53.32,TRADE
VIC1,2025-05-11 06:00:00,4147.78,52.71,TRADE
VIC1,2025-05-11 06:05:00,4237.73,54.37,TRADE
VIC1,2025-05-11 06:10:00,4253.95,64.0,TRADE
VIC1,2025-05-11 06:15:00,4278.15,64.0,TRADE
VIC1,2025-05-11 06:20:00,4316.47,66.12,TRADE
VIC1,2025-05-11 06:25:00,4338.69,65.78,TRADE
VIC1,2025-05-11 06:30:00,4361.16,73.64,TRADE
VIC1,2025-05-11 06:35:00,4375.45,67.79,TRADE
VIC1,2025-05-11 06:40:00,4330.79,67.28,TRADE
VIC1,2025-05-11 06:45:00,4388.16,78.49,TRADE
VIC1,2025-05-11 06:50:00,4465.7,78.77,TRADE
VIC1,2025-05-11 06:55:00,4501.86,82.98,TRADE
VIC1,2025-05-11 07:00:00,4532.61,86.06,TRADE
VIC1,2025-05-11 07:05:00,4541.35,76.32,TRADE
VIC1,2025-05-11 07:10:00,4598.69,96.11,TRADE
VIC1,2025-05-11 07:15:00,4630.43,79.7,TRADE
VIC1,2025-05-11 07:20:00,4636.46,69.81,TRADE
VIC1,2025-05-11 07:25:00,4668.18,69.73,TRADE
VIC1,2025-05-11 07:30:00,4696.95,65.8,TRADE
VIC1,2025-05-11 07:35:00,4773.71,64.0,TRADE
VIC1,2025-05-11 07:40:00,4802.1,64.0,TRADE
VIC1,2025-05-11 07:45:00,4713.42,64.0,TRADE
VIC1,2025-05-11 07:50:00,4812.47,64.0,TRADE
VIC1,2025-05-11 07:55:00,4796.22,64.0,TRADE
VIC1,2025-05-11 08:00:00,4738.29,35.87,TRADE
VIC1,2025-05-11 08:05:00,4712.32,46.53,TRADE
VIC1,2025-05-11 08:10:00,4675.49,35.5,TRADE
VIC1,2025-05-11 08:15:00,4692.56,33.32,TRADE
VIC1,2025-05-11 08:20:00,4700.83,20.01,TRADE
VIC1,2025-05-11 08:25:00,4559.56,0.0,TRADE
VIC1,2025-05-11 08:30:00,4535.69,0.0,TRADE
VIC1,2025-05-11 08:35:00,4481.38,0.0,TRADE
VIC1,2025-05-11 08:40:00,4396.7,8.95,TRADE
VIC1,2025-05-11 08:45:00,4358.34,0.01,TRADE
VIC1,2025-05-11 08:50:00,4223.75,0.01,TRADE
VIC1,2025-05-11 08:55:00,4198.63,0.0,TRADE
VIC1,2025-05-11 09:00:00,4205.11,0.0,TRADE
VIC1,2025-05-11 09:05:00,4071.42,0.01,TRADE
VIC1,2025-05-11 09:10:00,4127.16,8.87,TRADE
VIC1,2025-05-11 09:15:00,4067.31,8.92,TRADE
VIC1,2025-05-11 09:20:00,4010.64,17.72,TRADE
VIC1,2025-05-11 09:25:00,3906.7,8.83,TRADE
VIC1,2025-05-11 09:30:00,3784.25,0.01,TRADE
VIC1,2025-05-11 09:35:00,3790.85,8.95,TRADE
VIC1,2025-05-11 09:40:00,3712.21,20.04,TRADE
VIC1,2025-05-11 09:45:00,3586.01,8.84,TRADE
VIC1,2025-05-11 09:50:00,3579.86,8.89,TRADE
VIC1,2025-05-11 09:55:00,3535.87,8.8,TRADE
VIC1,2025-05-11 10:00:00,3469.81,0.01,TRADE
VIC1,2025-05-11 10:05:00,3422.41,8.84,TRADE
VIC1,2025-05-11 10:10:00,3301.63,8.95,TRADE
VIC1,2025-05-11 10:15:00,3209.65,8.64,TRADE
VIC1,2025-05-11 10:20:00,3237.21,8.55,TRADE
VIC1,2025-05-11 10:25:00,3187.21,8.54,TRADE
VIC1,2025-05-11 10:30:00,3117.06,0.01,TRADE
VIC1,2025-05-11 10:35:00,3065.33,0.01,TRADE
VIC1,2025-05-11 10:40:00,3049.94,17.57,TRADE
VIC1,2025-05-11 10:45:00,2955.41,8.25,TRADE
VIC1,2025-05-11 10:50:00,2950.02,12.46,TRADE
VIC1,2025-05-11 10:55:00,2819.84,0.0,TRADE
VIC1,2025-05-11 11:00:00,2765.46,2.01,TRADE
VIC1,2025-05-11 11:05:00,2716.94,8.01,TRADE
VIC1,2025-05-11 11:10:00,2799.69,8.95,TRADE
VIC1,2025-05-11 11:15:00,2790.48,8.87,TRADE
VIC1,2025-05-11 11:20:00,2692.79,0.01,TRADE
VIC1,2025-05-11 11:25:00,2705.33,8.97,TRADE
VIC1,2025-05-11 11:30:00,2635.1,0.02,TRADE
VIC1,2025-05-11 11:35:00,2641.5,0.02,TRADE
VIC1,2025-05-11 11:40:00,2541.23,9.05,TRADE
VIC1,2025-05-11 11:45:00,2513.63,8.95,TRADE
VIC1,2025-05-11 11:50:00,2530.59,-8.84,TRADE
VIC1,2025-05-11 11:55:00,2461.72,0.0,TRADE
VIC1,2025-05-11 12:00:00,2498.27,0.0,TRADE
VIC1,2025-05-11 12:05:00,2509.6,9.24,TRADE
VIC1,2025-05-11 12:10:00,2507.21,3.88,TRADE
VIC1,2025-05-11 12:15:00,2509.42,9.41,TRADE
VIC1,2025-05-11 12:20:00,2516.65,0.01,TRADE
VIC1,2025-05-11 12:25:00,2435.44,-18.15,TRADE
VIC1,2025-05-11 12:30:00,2422.64,0.0,TRADE
VIC1,2025-05-11 12:35:00,2486.9,12.42,TRADE
VIC1,2025-05-11 12:40:00,2547.73,19.19,TRADE
VIC1,2025-05-11 12:45:00,2498.12,-5.2,TRADE
VIC1,2025-05-11 12:50:00,2523.26,12.02,TRADE
VIC1,2025-05-11 12:55:00,2520.4,20.04,TRADE
VIC1,2025-05-11 13:00:00,2500.86,-2.39,TRADE
VIC1,2025-05-11 13:05:00,2542.8,12.42,TRADE
VIC1,2025-05-11 13:10:00,2540.48,19.19,TRADE
VIC1,2025-05-11 13:15:00,2463.5,-17.0,TRADE
VIC1,2025-05-11 13:20:00,2523.95,0.0,TRADE
VIC1,2025-05-11 13:25:00,2539.26,32.12,TRADE
VIC1,2025-05-11 13:30:00,2549.49,12.42,TRADE
VIC1,2025-05-11 13:35:00,2558.6,32.12,TRADE
VIC1,2025-05-11 13:40:00,2598.29,8.95,TRADE
VIC1,2025-05-11 13:45:00,2632.95,20.01,TRADE
VIC1,2025-05-11 13:50:00,2636.68,21.96,TRADE
VIC1,2025-05-11 13:55:00,2590.68,-19.5,TRADE
VIC1,2025-05-11 14:00:00,2704.83,49.41,TRADE
VIC1,2025-05-11 14:05:00,2725.46,32.12,TRADE
VIC1,2025-05-11 14:10:00,2744.14,35.8,TRADE
VIC1,2025-05-11 14:15:00,2793.21,8.95,TRADE
VIC1,2025-05-11 14:20:00,2854.2,26.91,TRADE
VIC1,2025-05-11 14:25:00,2921.13,53.72,TRADE
VIC1,2025-05-11 14:30:00,2981.46,52.82,TRADE
VIC1,2025-05-11 14:35:00,2955.38,66.32,TRADE
VIC1,2025-05-11 14:40:00,3013.22,20.13,TRADE
VIC1,2025-05-11 14:45:00,3147.57,20.01,TRADE
VIC1,2025-05-11 14:50:00,3241.42,8.95,TRADE
VIC1,2025-05-11 14:55:00,3238.95,31.5,TRADE
VIC1,2025-05-11 15:00:00,3305.72,42.29,TRADE
VIC1,2025-05-11 15:05:00,3420.77,20.01,TRADE
VIC1,2025-05-11 15:10:00,3483.12,20.01,TRADE
VIC1,2025-05-11 15:15:00,3450.56,19.19,TRADE
VIC1,2025-05-11 15:20:00,3542.55,8.95,TRADE
VIC1,2025-05-11 15:25:00,3609.06,8.95,TRADE
VIC1,2025-05-11 15:30:00,3737.55,51.84,TRADE
VIC1,2025-05-11 15:35:00,3772.49,26.57,TRADE
VIC1,2025-05-11 15:40:00,3866.51,57.03,TRADE
VIC1,2025-05-11 15:45:00,3966.51,70.83,TRADE
VIC1,2025-05-11 15:50:00,4034.73,60.58,TRADE
VIC1,2025-05-11 15:55:00,4147.32,73.15,TRADE
VIC1,2025-05-11 16:00:00,4158.85,81.48,TRADE
VIC1,2025-05-11 16:05:00,4266.11,72.93,TRADE
VIC1,2025-05-11 16:10:00,4420.98,93.35,TRADE
VIC1,2025-05-11 16:15:00,4445.26,109.0,TRADE
VIC1,2025-05-11 16:20:00,4540.77,125.23,TRADE
VIC1,2025-05-11 16:25:00,4625.77,138.54,TRADE
VIC1,2025-05-11 16:30:00,4704.02,185.8,TRADE
VIC1,2025-05-11 16:35:00,4771.22,133.22,TRADE
VIC1,2025-05-11 16:40:00,4784.47,136.3,TRADE
VIC1,2025-05-11 16:45:00,4854.25,153.53,TRADE
VIC1,2025-05-11 16:50:00,4926.2,178.97,TRADE
VIC1,2025-05-11 16:55:00,5038.73,155.79,TRADE
VIC1,2025-05-11 17:00:00,5105.43,158.04,TRADE
VIC1,2025-05-11 17:05:00,5098.12,134.3,TRADE
VIC1,2025-05-11 17:10:00,5227.34,155.79,TRADE
VIC1,2025-05-11 17:15:00,5276.82,139.0,TRADE
VIC1,2025-05-11 17:20:00,5333.81,179.57,TRADE
VIC1,2025-05-11 17:25:00,5380.7,139.0,TRADE
VIC1,2025-05-11 17:30:00,5349.8,159.55,TRADE
VIC1,2025-05-11 17:35:00,5461.87,139.0,TRADE
VIC1,2025-05-11 17:40:00,5516.91,141.95,TRADE
VIC1,2025-05-11 17:45:00,5490.05,132.72,TRADE
VIC1,2025-05-11 17:50:00,5600.9,139.0,TRADE
VIC1,2025-05-11 17:55:00,5661.2,139.0,TRADE
VIC1,2025-05-11 18:00:00,5681.7,139.0,TRADE
VIC1,2025-05-11 18:05:00,5599.92,178.96,TRADE
VIC1,2025-05-11 18:10:00,5631.03,155.79,TRADE
VIC1,2025-05-11 18:15:00,5629.86,160.13,TRADE
VIC1,2025-05-11 18:20:00,5617.7,155.79,TRADE
VIC1,2025-05-11 18:25:00,5620.53,157.48,TRADE
VIC1,2025-05-11 18:30:00,5676.74,169.72,TRADE
VIC1,2025-05-11 18:35:00,5681.51,160.38,TRADE
VIC1,2025-05-11 18:40:00,5631.5,138.28,TRADE
VIC1,2025-05-11 18:45:00,5625.66,160.04,TRADE
VIC1,2025-05-11 18:50:00,5623.3,155.79,TRADE
VIC1,2025-05-11 18:55:00,5532.95,139.0,TRADE
VIC1,2025-05-11 19:00:00,5581.16,155.79,TRADE
VIC1,2025-05-11 19:05:00,5503.1,139.0,TRADE
VIC1,2025-05-11 19:10:00,5504.03,139.0,TRADE
VIC1,2025-05-11 19:15:00,5549.36,156.27,TRADE
VIC1,2025-05-11 19:20:00,5536.69,150.21,TRADE
VIC1,2025-05-11 19:25:00,5530.82,144.12,TRADE
VIC1,2025-05-11 19:30:00,5522.67,139.0,TRADE
VIC1,2025-05-11 19:35:00,5502.09,165.74,TRADE
VIC1,2025-05-11 19:40:00,5502.55,165.39,TRADE
VIC1,2025-05-11 19:45:00,5501.71,151.84,TRADE
VIC1,2025-05-11 19:50:00,5396.44,145.05,TRADE
VIC1,2025-05-11 19:55:00,5419.19,144.68,TRADE
VIC1,2025-05-11 20:00:00,5354.37,139.07,TRADE
VIC1,2025-05-11 20:05:00,5362.11,139.63,TRADE
VIC1,2025-05-11 20:10:00,5393.16,145.8,TRADE
VIC1,2025-05-11 20:15:00,5353.56,139.0,TRADE
VIC1,2025-05-11 20:20:00,5276.94,139.0,TRADE
VIC1,2025-05-11 20:25:00,5341.77,135.23,TRADE
VIC1,2025-05-11 20:30:00,5285.78,121.87,TRADE
VIC1,2025-05-11 20:35:00,5289.15,133.69,TRADE
VIC1,2025-05-11 20:40:00,5281.79,133.11,TRADE
VIC1,2025-05-11 20:45:00,5184.23,132.14,TRADE
VIC1,2025-05-11 20:50:00,5194.94,114.29,TRADE
VIC1,2025-05-11 20:55:00,5208.9,113.12,TRADE
VIC1,2025-05-11 21:00:00,5193.85,109.0,TRADE
VIC1,2025-05-11 21:05:00,5163.11,109.64,TRADE
VIC1,2025-05-11 21:10:00,5168.45,109.0,TRADE
VIC1,2025-05-11 21:15:00,5160.02,114.34,TRADE
VIC1,2025-05-11 21:20:00,5156.47,132.66,TRADE
VIC1,2025-05-11 21:25:00,5058.39,107.97,TRADE
VIC1,2025-05-11 21:30:00,5040.01,128.6,TRADE
VIC1,2025-05-11 21:35:00,5022.62,106.92,TRADE
VIC1,2025-05-11 21:40:00,5054.64,109.0,TRADE
VIC1,2025-05-11 21:45:00,4975.54,95.71,TRADE
VIC1,2025-05-11 21:50:00,5021.18,107.57,TRADE
VIC1,2025-05-11 21:55:00,5008.32,106.85,TRADE
VIC1,2025-05-11 22:00:00,4975.1,98.52,TRADE
VIC1,2025-05-11 22:05:00,4927.63,96.05,TRADE
VIC1,2025-05-11 22:10:00,4828.27,105.18,TRADE
VIC1,2025-05-11 22:15:00,4887.42,109.0,TRADE
VIC1,2025-05-11 22:20:00,4856.59,109.0,TRADE
VIC1,2025-05-11 22:25:00,4829.82,109.0,TRADE
VIC1,2025-05-11 22:30:00,4800.72,101.21,TRADE
VIC1,2025-05-11 22:35:00,4832.29,109.0,TRADE
VIC1,2025-05-11 22:40:00,4792.91,96.57,TRADE
VIC1,2025-05-11 22:45:00,4779.74,85.1,TRADE
VIC1,2025-05-11 22:50:00,4746.03,90.0,TRADE
VIC1,2025-05-11 22:55:00,4583.15,79.11,TRADE
VIC1,2025-05-11 23:00:00,4726.39,90.26,TRADE
VIC1,2025-05-11 23:05:00,4717.09,80.12,TRADE
VIC1,2025-05-11 23:10:00,4757.66,94.49,TRADE
VIC1,2025-05-11 23:15:00,4897.41,100.21,TRADE
VIC1,2025-05-11 23:20:00,4873.29,99.29,TRADE
VIC1,2025-05-11 23:25:00,4885.45,99.35,TRADE
VIC1,2025-05-11 23:30:00,4823.4,109.0,TRADE
VIC1,2025-05-11 23:35:00,4795.06,98.85,TRADE
VIC1,2025-05-11 23:40:00,4743.28,95.17,TRADE
VIC1,2025-05-11 23:45:00,4771.37,97.21,TRADE
VIC1,2025-05-11 23:50:00,4740.94,92.81,TRADE
VIC1,2025-05-11 23:55:00,4677.2,86.16,TRADE
VIC1,2025-05-17 00:00:00,5144.54,146.61,TRADE
VIC1,2025-05-17 00:05:00,5098.18,150.05,TRADE
VIC1,2025-05-17 00:10:00,4980.57,139.0,TRADE
VIC1,2025-05-17 00:15:00,4990.36,139.0,TRADE
VIC1,2025-05-17 00:20:00,4962.11,139.0,TRADE
VIC1,2025-05-17 00:25:00,4941.13,139.0,TRADE
VIC1,2025-05-17 00:30:00,4941.88,129.17,TRADE
VIC1,2025-05-17 00:35:00,4798.29,127.62,TRADE
VIC1,2025-05-17 00:40:00,4784.11,139.0,TRADE
VIC1,2025-05-17 00:45:00,4754.05,139.0,TRADE
VIC1,2025-05-17 00:50:00,4710.89,134.07,TRADE
VIC1,2025-05-17 00:55:00,4776.49,139.0,TRADE
VIC1,2025-05-17 01:00:00,4677.91,138.95,TRADE
VIC1,2025-05-17 01:05:00,4669.39,139.0,TRADE
VIC1,2025-05-17 01:10:00,4682.59,139.0,TRADE
VIC1,2025-05-17 01:15:00,4675.49,134.76,TRADE
VIC1,2025-05-17 01:20:00,4620.51,119.18,TRADE
VIC1,2025-05-17 01:25:00,4588.65,120.84,TRADE
VIC1,2025-05-17 01:30:00,4606.73,117.31,TRADE
VIC1,2025-05-17 01:35:00,4508.54,116.7,TRADE
VIC1,2025-05-17 01:40:00,4489.27,119.16,TRADE
VIC1,2025-05-17 01:45:00,4471.43,119.03,TRADE
VIC1,2025-05-17 01:50:00,4501.73,133.2,TRADE
VIC1,2025-05-17 01:55:00,4406.39,119.58,TRADE
VIC1,2025-05-17 02:00:00,4427.21,132.22,TRADE
VIC1,2025-05-17 02:05:00,4420.17,139.0,TRADE
VIC1,2025-05-17 02:10:00,4373.53,139.0,TRADE
VIC1,2025-05-17 02:15:00,4362.88,139.0,TRADE
VIC1,2025-05-17 02:20:00,4241.88,135.0,TRADE
VIC1,2025-05-17 02:25:00,4307.42,139.0,TRADE
VIC1,2025-05-17 02:30:00,4268.28,127.67,TRADE
VIC1,2025-05-17 02:35:00,4214.78,139.0,TRADE
VIC1,2025-05-17 02:40:00,4227.98,139.0,TRADE
VIC1,2025-05-17 02:45:00,4244.72,139.06,TRADE
VIC1,2025-05-17 02:50:00,4208.71,139.0,TRADE
VIC1,2025-05-17 02:55:00,4243.03,139.0,TRADE
VIC1,2025-05-17 03:00:00,4125.69,135.58,TRADE
VIC1,2025-05-17 03:05:00,4135.2,148.79,TRADE
VIC1,2025-05-17 03:10:00,4196.32,139.0,TRADE
VIC1,2025-05-17 03:15:00,4105.67,139.0,TRADE
VIC1,2025-05-17 03:20:00,4168.77,150.79,TRADE
VIC1,2025-05-17 03:25:00,4145.2,139.36,TRADE
VIC1,2025-05-17 03:30:00,4139.93,139.0,TRADE
VIC1,2025-05-17 03:35:00,4136.0,139.0,TRADE
VIC1,2025-05-17 03:40:00,4138.61,139.27,TRADE
VIC1,2025-05-17 03:45:00,4156.92,139.0,TRADE
VIC1,2025-05-17 03:50:00,4075.2,139.0,TRADE
VIC1,2025-05-17 03:55:00,4085.35,139.0,TRADE
VIC1,2025-05-17 04:00:00,4111.63,139.0,TRADE
VIC1,2025-05-17 04:05:00,4138.41,139.12,TRADE
VIC1,2025-05-17 04:10:00,4081.89,150.57,TRADE
VIC1,2025-05-17 04:15:00,4155.61,156.23,TRADE
VIC1,2025-05-17 04:20:00,4132.18,151.13,TRADE
VIC1,2025-05-17 04:25:00,4107.15,152.28,TRADE
VIC1,2025-05-17 04:30:00,4053.49,141.06,TRADE
VIC1,2025-05-17 04:35:00,4077.38,139.0,TRADE
VIC1,2025-05-17 04:40:00,4116.53,196.29,TRADE
VIC1,2025-05-17 04:45:00,4130.27,143.02,TRADE
VIC1,2025-05-17 04:50:00,4117.89,142.15,TRADE
VIC1,2025-05-17 04:55:00,4206.9,143.59,TRADE
VIC1,2025-05-17 05:00:00,4176.02,142.15,TRADE
VIC1,2025-05-17 05:05:00,4181.87,140.36,TRADE
VIC1,2025-05-17 05:10:00,4223.54,144.33,TRADE
VIC1,2025-05-17 05:15:00,4176.96,143.59,TRADE
VIC1,2025-05-17 05:20:00,4239.77,144.7,TRADE
VIC1,2025-05-17 05:25:00,4285.26,145.07,TRADE
VIC1,2025-05-17 05:30:00,4275.34,142.86,TRADE
VIC1,2025-05-17 05:35:00,4324.3,140.36,TRADE
VIC1,2025-05-17 05:40:00,4324.54,139.54,TRADE
VIC1,2025-05-17 05:45:00,4349.97,142.5,TRADE
VIC1,2025-05-17 05:50:00,4371.38,142.86,TRADE
VIC1,2025-05-17 05:55:00,4332.75,142.5,TRADE
VIC1,2025-05-17 06:00:00,4340.44,142.5,TRADE
VIC1,2025-05-17 06:05:00,4397.51,143.59,TRADE
VIC1,2025-05-17 06:10:00,4456.08,143.96,TRADE
VIC1,2025-05-17 06:15:00,4515.76,155.03,TRADE
VIC1,2025-05-17 06:20:00,4569.39,215.64,TRADE
VIC1,2025-05-17 06:25:00,4557.1,141.79,TRADE
VIC1,2025-05-17 06:30:00,4645.85,142.5,TRADE
VIC1,2025-05-17 06:35:00,4662.8,140.12,TRADE
VIC1,2025-05-17 06:40:00,4723.95,139.0,TRADE
VIC1,2025-05-17 06:45:00,4726.1,139.0,TRADE
VIC1,2025-05-17 06:50:00,4718.67,139.0,TRADE
VIC1,2025-05-17 06:55:00,4775.78,142.1,TRADE
VIC1,2025-05-17 07:00:00,4822.36,144.63,TRADE
VIC1,2025-05-17 07:05:00,4901.58,179.68,TRADE
VIC1,2025-05-17 07:10:00,4879.58,153.44,TRADE
VIC1,2025-05-17 07:15:00,4991.31,224.55,TRADE
VIC1,2025-05-17 07:20:00,5008.31,178.28,TRADE
VIC1,2025-05-17 07:25:00,5015.5,146.85,TRADE
VIC1,2025-05-17 07:30:00,4950.96,139.0,TRADE
VIC1,2025-05-17 07:35:00,4983.72,139.0,TRADE
VIC1,2025-05-17 07:40:00,5028.73,130.55,TRADE
VIC1,2025-05-17 07:45:00,5110.71,109.0,TRADE
VIC1,2025-05-17 07:50:00,5155.1,107.17,TRADE
VIC1,2025-05-17 07:55:00,5188.23,105.07,TRADE
VIC1,2025-05-17 08:00:00,5214.06,107.81,TRADE
VIC1,2025-05-17 08:05:00,5209.35,107.74,TRADE
VIC1,2025-05-17 08:10:00,5261.42,105.89,TRADE
VIC1,2025-05-17 08:15:00,5229.2,109.0,TRADE
VIC1,2025-05-17 08:20:00,5322.19,105.89,TRADE
VIC1,2025-05-17 08:25:00,5376.36,103.61,TRADE
VIC1,2025-05-17 08:30:00,5363.13,103.48,TRADE
VIC1,2025-05-17 08:35:00,5398.93,104.36,TRADE
VIC1,2025-05-17 08:40:00,5313.46,107.41,TRADE
VIC1,2025-05-17 08:45:00,5288.06,99.92,TRADE
VIC1,2025-05-17 08:50:00,5343.21,88.02,TRADE
VIC1,2025-05-17 08:55:00,5320.23,80.7,TRADE
VIC1,2025-05-17 09:00:00,5440.51,79.13,TRADE
VIC1,2025-05-17 09:05:00,5397.68,101.15,TRADE
VIC1,2025-05-17 09:10:00,5369.58,99.12,TRADE
VIC1,2025-05-17 09:15:00,5398.52,95.02,TRADE
VIC1,2025-05-17 09:20:00,5298.47,92.15,TRADE
VIC1,2025-05-17 09:25:00,5278.58,73.92,TRADE
VIC1,2025-05-17 09:30:00,5258.6,73.24,TRADE
VIC1,2025-05-17 09:35:00,5225.68,71.76,TRADE
VIC1,2025-05-17 09:40:00,5284.22,71.02,TRADE
VIC1,2025-05-17 09:45:00,5199.64,59.42,TRADE
VIC1,2025-05-17 09:50:00,5070.85,53.86,TRADE
VIC1,2025-05-17 09:55:00,4981.06,70.57,TRADE
VIC1,2025-05-17 10:00:00,4912.14,58.93,TRADE
VIC1,2025-05-17 10:05:00,4978.63,60.27,TRADE
VIC1,2025-05-17 10:10:00,5065.1,89.75,TRADE
VIC1,2025-05-17 10:15:00,5016.17,73.25,TRADE
VIC1,2025-05-17 10:20:00,4914.75,51.39,TRADE
VIC1,2025-05-17 10:25:00,4997.49,58.49,TRADE
VIC1,2025-05-17 10:30:00,4848.66,50.92,TRADE
VIC1,2025-05-17 10:35:00,4804.57,35.97,TRADE
VIC1,2025-05-17 10:40:00,4758.13,58.29,TRADE
VIC1,2025-05-17 10:45:00,4748.88,52.08,TRADE
VIC1,2025-05-17 10:50:00,4679.17,51.47,TRADE
VIC1,2025-05-17 10:55:00,4733.63,50.92,TRADE
VIC1,2025-05-17 11:00:00,4711.91,50.92,TRADE
VIC1,2025-05-17 11:05:00,4452.54,19.19,TRADE
VIC1,2025-05-17 11:10:00,4473.58,41.84,TRADE
VIC1,2025-05-17 11:15:00,4438.31,50.92,TRADE
VIC1,2025-05-17 11:20:00,4515.08,41.61,TRADE
VIC1,2025-05-17 11:25:00,4579.25,39.77,TRADE
VIC1,2025-05-17 11:30:00,4602.77,23.72,TRADE
VIC1,2025-05-17 11:35:00,4651.5,30.24,TRADE
VIC1,2025-05-17 11:40:00,4606.12,40.28,TRADE
VIC1,2025-05-17 11:45:00,4636.71,42.47,TRADE
VIC1,2025-05-17 11:50:00,4651.51,22.43,TRADE
VIC1,2025-05-17 11:55:00,4727.93,50.92,TRADE
VIC1,2025-05-17 12:00:00,4827.47,50.92,TRADE
VIC1,2025-05-17 12:05:00,4801.53,46.3,TRADE
VIC1,2025-05-17 12:10:00,4756.19,48.16,TRADE
VIC1,2025-05-17 12:15:00,4646.85,35.15,TRADE
VIC1,2025-05-17 12:20:00,4790.31,35.95,TRADE
VIC1,2025-05-17 12:25:00,4803.06,35.95,TRADE
VIC1,2025-05-17 12:30:00,4783.63,9.38,TRADE
VIC1,2025-05-17 12:35:00,4972.96,35.95,TRADE
VIC1,2025-05-17 12:40:00,4918.53,21.92,TRADE
VIC1,2025-05-17 12:45:00,4903.91,23.99,TRADE
VIC1,2025-05-17 12:50:00,4867.14,20.11,TRADE
VIC1,2025-05-17 12:55:00,4757.51,-17.0,TRADE
VIC1,2025-05-17 13:00:00,4747.35,15.29,TRADE
VIC1,2025-05-17 13:05:00,4705.67,19.19,TRADE
VIC1,2025-05-17 13:10:00,4787.41,20.01,TRADE
VIC1,2025-05-17 13:15:00,4787.42,20.02,TRADE
VIC1,2025-05-17 13:20:00,4764.12,35.95,TRADE
VIC1,2025-05-17 13:25:00,4691.8,37.65,TRADE
VIC1,2025-05-17 13:30:00,4732.82,35.95,TRADE
VIC1,2025-05-17 13:35:00,4807.51,35.95,TRADE
VIC1,2025-05-17 13:40:00,4744.39,35.95,TRADE
VIC1,2025-05-17 13:45:00,4758.26,24.27,TRADE
VIC1,2025-05-17 13:50:00,4861.21,32.52,TRADE
VIC1,2025-05-17 13:55:00,4871.02,44.59,TRADE
VIC1,2025-05-17 14:00:00,4899.03,35.95,TRADE
VIC1,2025-05-17 14:05:00,4819.15,19.19,TRADE
VIC1,2025-05-17 14:10:00,4855.95,8.32,TRADE
VIC1,2025-05-17 14:15:00,4925.19,19.19,TRADE
VIC1,2025-05-17 14:20:00,4910.95,20.01,TRADE
VIC1,2025-05-17 14:25:00,4955.36,20.01,TRADE
VIC1,2025-05-17 14:30:00,5012.9,20.01,TRADE
VIC1,2025-05-17 14:35:00,4869.97,0.01,TRADE
VIC1,2025-05-17 14:40:00,4942.97,41.42,TRADE
VIC1,2025-05-17 14:45:00,4959.87,49.9,TRADE
VIC1,2025-05-17 14:50:00,4983.61,45.4,TRADE
VIC1,2025-05-17 14:55:00,5080.71,45.95,TRADE
VIC1,2025-05-17 15:00:00,5197.39,46.24,TRADE
VIC1,2025-05-17 15:05:00,5224.62,39.68,TRADE
VIC1,2025-05-17 15:10:00,5148.51,40.32,TRADE
VIC1,2025-05-17 15:15:00,5190.22,41.19,TRADE
VIC1,2025-05-17 15:20:00,5251.7,20.01,TRADE
VIC1,2025-05-17 15:25:00,5247.41,46.09,TRADE
VIC1,2025-05-17 15:30:00,5317.84,72.42,TRADE
VIC1,2025-05-17 15:35:00,5434.35,50.38,TRADE
VIC1,2025-05-17 15:40:00,5458.7,38.65,TRADE
VIC1,2025-05-17 15:45:00,5408.42,50.01,TRADE
VIC1,2025-05-17 15:50:00,5455.1,78.01,TRADE
VIC1,2025-05-17 15:55:00,5548.78,53.72,TRADE
VIC1,2025-05-17 16:00:00,5567.08,53.7,TRADE
VIC1,2025-05-17 16:05:00,5603.02,49.07,TRADE
VIC1,2025-05-17 16:10:00,5642.06,20.04,TRADE
VIC1,2025-05-17 16:15:00,5759.38,20.04,TRADE
VIC1,2025-05-17 16:20:00,5820.85,0.0,TRADE
VIC1,2025-05-17 16:25:00,5837.13,0.0,TRADE
VIC1,2025-05-17 16:30:00,5856.51,-11.11,TRADE
VIC1,2025-05-17 16:35:00,5883.91,-13.91,TRADE
VIC1,2025-05-17 16:40:00,5972.9,-62.95,TRADE
VIC1,2025-05-17 16:45:00,5921.3,-25.77,TRADE
VIC1,2025-05-17 16:50:00,6035.53,-20.0,TRADE
VIC1,2025-05-17 16:55:00,6099.68,-18.9,TRADE
VIC1,2025-05-17 17:00:00,6168.85,-16.22,TRADE
VIC1,2025-05-17 17:05:00,6127.26,-17.0,TRADE
VIC1,2025-05-17 17:10:00,6195.75,-13.91,TRADE
VIC1,2025-05-17 17:15:00,6298.91,8.95,TRADE
VIC1,2025-05-17 17:20:00,6414.07,35.5,TRADE
VIC1,2025-05-17 17:25:00,6397.1,8.95,TRADE
VIC1,2025-05-17 17:30:00,6459.65,64.0,TRADE
VIC1,2025-05-17 17:35:00,6345.03,64.0,TRADE
VIC1,2025-05-17 17:40:00,6360.68,64.0,TRADE
VIC1,2025-05-17 17:45:00,6455.89,64.0,TRADE
VIC1,2025-05-17 17:50:00,6502.6,64.0,TRADE
VIC1,2025-05-17 17:55:00,6597.71,79.82,TRADE
VIC1,2025-05-17 18:00:00,6577.57,108.11,TRADE
VIC1,2025-05-17 18:05:00,6598.23,87.45,TRADE
VIC1,2025-05-17 18:10:00,6594.12,117.61,TRADE
VIC1,2025-05-17 18:15:00,6436.41,108.11,TRADE
VIC1,2025-05-17 18:20:00,6449.85,109.0,TRADE
VIC1,2025-05-17 18:25:00,6445.21,109.47,TRADE
VIC1,2025-05-17 18:30:00,6533.53,115.1,TRADE
VIC1,2025-05-17 18:35:00,6474.54,109.0,TRADE
VIC1,2025-05-17 18:40:00,6524.49,108.11,TRADE
VIC1,2025-05-17 18:45:00,6497.73,119.49,TRADE
VIC1,2025-05-17 18:50:00,6331.59,109.0,TRADE
VIC1,2025-05-17 18:55:00,6381.89,121.11,TRADE
VIC1,2025-05-17 19:00:00,6346.7,117.38,TRADE
VIC1,2025-05-17 19:05:00,6429.02,118.43,TRADE
VIC1,2025-05-17 19:10:00,6336.49,120.28,TRADE
VIC1,2025-05-17 19:15:00,6293.33,116.94,TRADE
VIC1,2025-05-17 19:20:00,6319.1,119.28,TRADE
VIC1,2025-05-17 19:25:00,6225.75,121.18,TRADE
VIC1,2025-05-17 19:30:00,6105.92,113.9,TRADE
VIC1,2025-05-17 19:35:00,6200.96,115.82,TRADE
VIC1,2025-05-17 19:40:00,6141.47,109.0,TRADE
VIC1,2025-05-17 19:45:00,6273.13,123.25,TRADE
VIC1,2025-05-17 19:50:00,6163.48,115.41,TRADE
VIC1,2025-05-17 19:55:00,6165.06,115.14,TRADE
VIC1,2025-05-17 20:00:00,6048.15,95.88,TRADE
VIC1,2025-05-17 20:05:00,6031.34,109.0,TRADE
VIC1,2025-05-17 20:10:00,6061.28,108.11,TRADE
VIC1,2025-05-17 20:15:00,6014.33,108.11,TRADE
VIC1,2025-05-17 20:20:00,6065.3,125.28,TRADE
VIC1,2025-05-17 20:25:00,6079.34,119.68,TRADE
VIC1,2025-05-17 20:30:00,6068.67,108.11,TRADE
VIC1,2025-05-17 20:35:00,6059.07,109.0,TRADE
VIC1,2025-05-17 20:40:00,5817.54,109.0,TRADE
VIC1,2025-05-17 20:45:00,5800.78,108.11,TRADE
VIC1,2025-05-17 20:50:00,5796.54,108.11,TRADE
VIC1,2025-05-17 20:55:00,5892.29,109.0,TRADE
VIC1,2025-05-17 21:00:00,5932.84,99.33,TRADE
VIC1,2025-05-17 21:05:00,5883.92,99.71,TRADE
VIC1,2025-05-17 21:10:00,5855.11,95.99,TRADE
VIC1,2025-05-17 21:15:00,5731.94,88.18,TRADE
VIC1,2025-05-17 21:20:00,5720.85,95.01,TRADE
VIC1,2025-05-17 21:25:00,5734.01,94.29,TRADE
VIC1,2025-05-17 21:30:00,5631.38,91.18,TRADE
VIC1,2025-05-17 21:35:00,5687.33,88.21,TRADE
VIC1,2025-05-17 21:40:00,5686.21,88.12,TRADE
VIC1,2025-05-17 21:45:00,5613.42,64.0,TRADE
VIC1,2025-05-17 21:50:00,5559.51,64.0,TRADE
VIC1,2025-05-17 21:55:00,5479.13,65.76,TRADE
VIC1,2025-05-17 22:00:00,5452.16,88.12,TRADE
VIC1,2025-05-17 22:05:00,5433.9,88.12,TRADE
VIC1,2025-05-17 22:10:00,5511.09,108.11,TRADE
VIC1,2025-05-17 22:15:00,5383.42,88.12,TRADE
VIC1,2025-05-17 22:20:00,5415.36,49.89,TRADE
VIC1,2025-05-17 22:25:00,5306.92,33.89,TRADE
VIC1,2025-05-17 22:30:00,5314.81,38.55,TRADE
VIC1,2025-05-17 22:35:00,5372.44,88.12,TRADE
VIC1,2025-05-17 22:40:00,5323.77,89.5,TRADE
VIC1,2025-05-17 22:45:00,5366.98,88.12,TRADE
VIC1,2025-05-17 22:50:00,5319.24,40.26,TRADE
VIC1,2025-05-17 22:55:00,5248.3,39.8,TRADE
VIC1,2025-05-17 23:00:00,5277.07,62.59,TRADE
VIC1,2025-05-17 23:05:00,5082.31,20.01,TRADE
VIC1,2025-05-17 23:10:00,5142.81,45.05,TRADE
VIC1,2025-05-17 23:15:00,5246.51,48.78,TRADE
VIC1,2025-05-17 23:20:00,5273.97,33.89,TRADE
VIC1,2025-05-17 23:25:00,5285.99,33.89,TRADE
VIC1,2025-05-17 23:30:00,5297.09,33.89,TRADE
VIC1,2025-05-17 23:35:00,5363.27,49.89,TRADE
VIC1,2025-05-17 23:40:00,5138.66,8.95,TRADE
VIC1,2025-05-17 23:45:00,4973.67,8.95,TRADE
VIC1,2025-05-17 23:50:00,5009.59,20.01,TRADE
VIC1,2025-05-17 23:55:00,5143.49,20.04,TRADE
VIC1,2025-05-18 00:00:00,5116.32,8.95,TRADE
VIC1,2025-05-18 00:05:00,4981.01,8.95,TRADE
VIC1,2025-05-18 00:10:00,5024.94,45.89,TRADE
VIC1,2025-05-18 00:15:00,4856.55,8.95,TRADE
VIC1,2025-05-18 00:20:00,4844.31,29.1,TRADE
VIC1,2025-05-18 00:25:00,4815.04,20.01,TRADE
VIC1,2025-05-18 00:30:00,4773.73,8.95,TRADE
VIC1,2025-05-18 00:35:00,4865.69,8.95,TRADE
VIC1,2025-05-18 00:40:00,4860.96,8.95,TRADE
VIC1,2025-05-18 00:45:00,4784.04,8.95,TRADE
VIC1,2025-05-18 00:50:00,4744.4,8.02,TRADE
VIC1,2025-05-18 00:55:00,4687.03,20.01,TRADE
VIC1,2025-05-18 01:00:00,4707.48,6.87,TRADE
VIC1,2025-05-18 01:05:00,4604.01,0.0,TRADE
VIC1,2025-05-18 01:10:00,4654.62,0.01,TRADE
VIC1,2025-05-18 01:15:00,4651.78,0.01,TRADE
VIC1,2025-05-18 01:20:00,4651.19,8.95,TRADE
VIC1,2025-05-18 01:25:00,4536.27,8.95,TRADE
VIC1,2025-05-18 01:30:00,4497.98,22.01,TRADE
VIC1,2025-05-18 01:35:00,4464.48,45.89,TRADE
VIC1,2025-05-18 01:40:00,4473.69,8.95,TRADE
VIC1,2025-05-18 01:45:00,4463.81,8.95,TRADE
VIC1,2025-05-18 01:50:00,4367.12,8.95,TRADE
VIC1,2025-05-18 01:55:00,4331.32,2.01,TRADE
VIC1,2025-05-18 02:00:00,4348.6,8.95,TRADE
VIC1,2025-05-18 02:05:00,4266.34,8.95,TRADE
VIC1,2025-05-18 02:10:00,4176.57,8.95,TRADE
VIC1,2025-05-18 02:15:00,4235.06,8.95,TRADE
VIC1,2025-05-18 02:20:00,4226.16,8.95,TRADE
VIC1,2025-05-18 02:25:00,4299.36,8.95,TRADE
VIC1,2025-05-18 02:30:00,4281.12,8.95,TRADE
VIC1,2025-05-18 02:35:00,4263.97,0.0,TRADE
VIC1,2025-05-18 02:40:00,4073.67,0.01,TRADE
VIC1,2025-05-18 02:45:00,4136.8,45.18,TRADE
VIC1,2025-05-18 02:50:00,4194.07,41.71,TRADE
VIC1,2025-05-18 02:55:00,4191.46,42.84,TRADE
VIC1,2025-05-18 03:00:00,4287.1,8.95,TRADE
VIC1,2025-05-18 03:05:00,4230.54,8.95,TRADE
VIC1,2025-05-18 03:10:00,4218.71,8.95,TRADE
VIC1,2025-05-18 03:15:00,4130.94,6.56,TRADE
VIC1,2025-05-18 03:20:00,4045.86,8.95,TRADE
VIC1,2025-05-18 03:25:00,4020.36,8.95,TRADE
VIC1,2025-05-18 03:30:00,4061.42,20.01,TRADE
VIC1,2025-05-18 03:35:00,4146.63,8.95,TRADE
VIC1,2025-05-18 03:40:00,4187.23,8.95,TRADE
VIC1,2025-05-18 03:45:00,4209.26,8.95,TRADE
VIC1,2025-05-18 03:50:00,4189.88,8.95,TRADE
VIC1,2025-05-18 03:55:00,4085.58,8.95,TRADE
VIC1,2025-05-18 04:00:00,4054.0,8.95,TRADE
VIC1,2025-05-18 04:05:00,4103.78,8.95,TRADE
VIC1,2025-05-18 04:10:00,4183.95,19.19,TRADE
VIC1,2025-05-18 04:15:00,4136.0,19.19,TRADE
VIC1,2025-05-18 04:20:00,4127.71,19.19,TRADE
VIC1,2025-05-18 04:25:00,4198.8,20.01,TRADE
VIC1,2025-05-18 04:30:00,4121.49,0.01,TRADE
VIC1,2025-05-18 04:35:00,4125.03,21.48,TRADE
VIC1,2025-05-18 04:40:00,4170.92,35.95,TRADE
VIC1,2025-05-18 04:45:00,4177.18,35.95,TRADE
VIC1,2025-05-18 04:50:00,4281.94,20.01,TRADE
VIC1,2025-05-18 04:55:00,4290.46,19.19,TRADE
VIC1,2025-05-18 05:00:00,4188.6,19.19,TRADE
VIC1,2025-05-18 05:05:00,4166.79,19.19,TRADE
VIC1,2025-05-18 05:10:00,4255.44,35.95,TRADE
VIC1,2025-05-18 05:15:00,4243.66,20.01,TRADE
VIC1,2025-05-18 05:20:00,4240.11,35.95,TRADE
VIC1,2025-05-18 05:25:00,4317.52,62.58,TRADE
VIC1,2025-05-18 05:30:00,4302.44,61.26,TRADE
VIC1,2025-05-18 05:35:00,4353.21,55.86,TRADE
VIC1,2025-05-18 05:40:00,4297.88,55.9,TRADE
VIC1,2025-05-18 05:45:00,4251.3,55.41,TRADE
VIC1,2025-05-18 05:50:00,4350.32,71.1,TRADE
VIC1,2025-05-18 05:55:00,4420.71,79.78,TRADE
VIC1,2025-05-18 06:00:00,4336.88,74.58,TRADE
VIC1,2025-05-18 06:05:00,4538.36,73.8,TRADE
VIC1,2025-05-18 06:10:00,4564.05,69.36,TRADE
VIC1,2025-05-18 06:15:00,4606.05,74.94,TRADE
VIC1,2025-05-18 06:20:00,4632.9,69.44,TRADE
VIC1,2025-05-18 06:25:00,4482.97,56.76,TRADE
VIC1,2025-05-18 06:30:00,4582.69,67.96,TRADE
VIC1,2025-05-18 06:35:00,4652.33,69.22,TRADE
VIC1,2025-05-18 06:40:00,4702.94,75.57,TRADE
VIC1,2025-05-18 06:45:00,4797.2,73.11,TRADE
VIC1,2025-05-18 06:50:00,4830.2,74.28,TRADE
VIC1,2025-05-18 06:55:00,4876.98,87.15,TRADE
VIC1,2025-05-18 07:00:00,4863.67,83.66,TRADE
VIC1,2025-05-18 07:05:00,4867.31,74.39,TRADE
VIC1,2025-05-18 07:10:00,4845.75,71.43,TRADE
VIC1,2025-05-18 07:15:00,4990.06,75.89,TRADE
VIC1,2025-05-18 07:20:00,5056.72,63.55,TRADE
VIC1,2025-05-18 07:25:00,5058.77,64.09,TRADE
VIC1,2025-05-18 07:30:00,5175.96,64.19,TRADE
VIC1,2025-05-18 07:35:00,5172.06,64.18,TRADE
VIC1,2025-05-18 07:40:00,5180.43,59.22,TRADE
VIC1,2025-05-18 07:45:00,5193.46,57.19,TRADE
VIC1,2025-05-18 07:50:00,5096.33,40.73,TRADE
VIC1,2025-05-18 07:55:00,5125.71,35.25,TRADE
VIC1,2025-05-18 08:00:00,5169.88,20.01,TRADE
VIC1,2025-05-18 08:05:00,5188.04,35.24,TRADE
VIC1,2025-05-18 08:10:00,5266.24,42.0,TRADE
VIC1,2025-05-18 08:15:00,5239.06,53.21,TRADE
VIC1,2025-05-18 08:20:00,5199.24,20.01,TRADE
VIC1,2025-05-18 08:25:00,5130.44,20.01,TRADE
VIC1,2025-05-18 08:30:00,5084.56,19.19,TRADE
VIC1,2025-05-18 08:35:00,5029.92,19.19,TRADE
VIC1,2025-05-18 08:40:00,4985.07,17.2,TRADE
VIC1,2025-05-18 08:45:00,4999.61,8.95,TRADE
VIC1,2025-05-18 08:50:00,5013.69,3.42,TRADE
VIC1,2025-05-18 08:55:00,4923.12,1.13,TRADE
VIC1,2025-05-18 09:00:00,4863.15,0.01,TRADE
VIC1,2025-05-18 09:05:00,4802.94,-3.56,TRADE
VIC1,2025-05-18 09:10:00,4789.4,-19.97,TRADE
VIC1,2025-05-18 09:15:00,4745.49,2.01,TRADE
VIC1,2025-05-18 09:20:00,4593.33,2.03,TRADE
VIC1,2025-05-18 09:25:00,4578.78,-20.6,TRADE
VIC1,2025-05-18 09:30:00,4581.25,-20.0,TRADE
VIC1,2025-05-18 09:35:00,4554.1,-20.0,TRADE
VIC1,2025-05-18 09:40:00,4404.81,-20.0,TRADE
VIC1,2025-05-18 09:45:00,4357.35,-20.19,TRADE
VIC1,2025-05-18 09:50:00,4296.86,-19.97,TRADE
VIC1,2025-05-18 09:55:00,4291.15,-19.97,TRADE
VIC1,2025-05-18 10:00:00,4197.21,-16.92,TRADE
VIC1,2025-05-18 10:05:00,4132.38,-2.54,TRADE
VIC1,2025-05-18 10:10:00,4146.27,-13.91,TRADE
VIC1,2025-05-18 10:15:00,4046.99,-13.91,TRADE
VIC1,2025-05-18 10:20:00,3918.48,-25.01,TRADE
VIC1,2025-05-18 10:25:00,3977.32,-20.0,TRADE
VIC1,2025-05-18 10:30:00,4010.84,-2.99,TRADE
VIC1,2025-05-18 10:35:00,3921.32,-23.89,TRADE
VIC1,2025-05-18 10:40:00,3813.8,-22.82,TRADE
VIC1,2025-05-18 10:45:00,3724.29,-21.9,TRADE
VIC1,2025-05-18 10:50:00,3651.02,-24.35,TRADE
VIC1,2025-05-18 10:55:00,3728.41,-21.0,TRADE
VIC1,2025-05-18 11:00:00,3630.47,-13.91,TRADE
VIC1,2025-05-18 11:05:00,3522.87,-25.77,TRADE
VIC1,2025-05-18 11:10:00,3642.29,-20.0,TRADE
VIC1,2025-05-18 11:15:00,3607.76,-13.91,TRADE
VIC1,2025-05-18 11:20:00,3563.66,-25.0,TRADE
VIC1,2025-05-18 11:25:00,3499.53,-25.77,TRADE
VIC1,2025-05-18 11:30:00,3460.7,-25.37,TRADE
VIC1,2025-05-18 11:35:00,3513.45,-22.77,TRADE
VIC1,2025-05-18 11:40:00,3496.62,-22.74,TRADE
VIC1,2025-05-18 11:45:00,3515.8,-25.01,TRADE
VIC1,2025-05-18 11:50:00,3571.73,-25.36,TRADE
VIC1,2025-05-18 11:55:00,3581.08,-25.01,TRADE
VIC1,2025-05-18 12:00:00,3552.79,-25.77,TRADE
VIC1,2025-05-18 12:05:00,3407.71,-25.77,TRADE
VIC1,2025-05-18 12:10:00,3351.39,-25.77,TRADE
VIC1,2025-05-18 12:15:00,3427.22,-24.32,TRADE
VIC1,2025-05-18 12:20:00,3502.58,-34.61,TRADE
VIC1,2025-05-18 12:25:00,3466.92,-25.77,TRADE
VIC1,2025-05-18 12:30:00,3409.59,-25.77,TRADE
VIC1,2025-05-18 12:35:00,3379.74,-25.77,TRADE
VIC1,2025-05-18 12:40:00,3357.07,-25.77,TRADE
VIC1,2025-05-18 12:45:00,3406.75,-29.01,TRADE
VIC1,2025-05-18 12:50:00,3342.25,-40.9,TRADE
VIC1,2025-05-18 12:55:00,3413.49,-39.08,TRADE
VIC1,2025-05-18 13:00:00,3486.02,-27.94,TRADE
VIC1,2025-05-18 13:05:00,3521.85,-40.15,TRADE
VIC1,2025-05-18 13:10:00,3473.38,-25.77,TRADE
VIC1,2025-05-18 13:15:00,3459.18,-44.0,TRADE
VIC1,2025-05-18 13:20:00,3494.99,-50.11,TRADE
VIC1,2025-05-18 13:25:00,3516.73,-25.77,TRADE
VIC1,2025-05-18 13:30:00,3518.27,-44.0,TRADE
VIC1,2025-05-18 13:35:00,3583.77,-44.0,TRADE
VIC1,2025-05-18 13:40:00,3636.38,-25.77,TRADE
VIC1,2025-05-18 13:45:00,3613.82,-44.0,TRADE
VIC1,2025-05-18 13:50:00,3607.51,-25.77,TRADE
VIC1,2025-05-18 13:55:00,3620.27,-50.11,TRADE
VIC1,2025-05-18 14:00:00,3627.45,-25.77,TRADE
VIC1,2025-05-18 14:05:00,3721.01,-25.77,TRADE
VIC1,2025-05-18 14:10:00,3850.92,-21.16,TRADE
VIC1,2025-05-18 14:15:00,3787.66,-22.52,TRADE
VIC1,2025-05-18 14:20:00,3839.65,-21.0,TRADE
VIC1,2025-05-18 14:25:00,3869.32,-20.0,TRADE
VIC1,2025-05-18 14:30:00,3948.06,-20.0,TRADE
VIC1,2025-05-18 14:35:00,3852.12,-20.23,TRADE
VIC1,2025-05-18 14:40:00,4009.65,-19.99,TRADE
VIC1,2025-05-18 14:45:00,4085.19,-20.0,TRADE
VIC1,2025-05-18 14:50:00,4154.88,-19.99,TRADE
VIC1,2025-05-18 14:55:00,4175.87,-17.0,TRADE
VIC1,2025-05-18 15:00:00,4124.54,-15.81,TRADE
VIC1,2025-05-18 15:05:00,4155.0,-20.0,TRADE
VIC1,2025-05-18 15:10:00,4247.38,-19.99,TRADE
VIC1,2025-05-18 15:15:00,4276.18,-19.99,TRADE
VIC1,2025-05-18 15:20:00,4513.59,-2.2,TRADE
VIC1,2025-05-18 15:25:00,4574.36,24.88,TRADE
VIC1,2025-05-18 15:30:00,4636.74,8.95,TRADE
VIC1,2025-05-18 15:35:00,4623.76,-20.92,TRADE
VIC1,2025-05-18 15:40:00,4578.59,-20.0,TRADE
VIC1,2025-05-18 15:45:00,4666.71,-13.76,TRADE
VIC1,2025-05-18 15:50:00,4828.49,56.2,TRADE
VIC1,2025-05-18 15:55:00,4961.26,20.13,TRADE
VIC1,2025-05-18 16:00:00,5010.21,27.02,TRADE
VIC1,2025-05-18 16:05:00,5140.17,8.95,TRADE
VIC1,2025-05-18 16:10:00,5245.0,8.95,TRADE
VIC1,2025-05-18 16:15:00,5263.13,20.04,TRADE
VIC1,2025-05-18 16:20:00,5273.56,-25.77,TRADE
VIC1,2025-05-18 16:25:00,5326.3,-21.0,TRADE
VIC1,2025-05-18 16:30:00,5373.68,-7.82,TRADE
VIC1,2025-05-18 16:35:00,5638.66,33.89,TRADE
VIC1,2025-05-18 16:40:00,5784.52,59.0,TRADE
VIC1,2025-05-18 16:45:00,5891.76,70.08,TRADE
VIC1,2025-05-18 16:50:00,5966.5,71.28,TRADE
VIC1,2025-05-18 16:55:00,6088.47,219.92,TRADE
VIC1,2025-05-18 17:00:00,6194.73,296.72,TRADE
VIC1,2025-05-18 17:05:00,6180.92,161.79,TRADE
VIC1,2025-05-18 17:10:00,6358.5,161.79,TRADE
VIC1,2025-05-18 17:15:00,6499.28,161.79,TRADE
VIC1,2025-05-18 17:20:00,6595.59,164.83,TRADE
VIC1,2025-05-18 17:25:00,6670.71,181.7,TRADE
VIC1,2025-05-18 17:30:00,6633.67,166.55,TRADE
VIC1,2025-05-18 17:35:00,6741.87,209.06,TRADE
VIC1,2025-05-18 17:40:00,6797.32,209.95,TRADE
VIC1,2025-05-18 17:45:00,6882.09,208.96,TRADE
VIC1,2025-05-18 17:50:00,6922.65,202.97,TRADE
VIC1,2025-05-18 17:55:00,7049.62,161.79,TRADE
VIC1,2025-05-18 18:00:00,7075.09,169.09,TRADE
VIC1,2025-05-18 18:05:00,6974.35,132.72,TRADE
VIC1,2025-05-18 18:10:00,6970.36,132.72,TRADE
VIC1,2025-05-18 18:15:00,7078.19,159.39,TRADE
VIC1,2025-05-18 18:20:00,7075.45,147.32,TRADE
VIC1,2025-05-18 18:25:00,7112.39,146.18,TRADE
VIC1,2025-05-18 18:30:00,7075.28,161.79,TRADE
VIC1,2025-05-18 18:35:00,6986.92,161.79,TRADE
VIC1,2025-05-18 18:40:00,6936.52,145.05,TRADE
VIC1,2025-05-18 18:45:00,6915.22,143.94,TRADE
VIC1,2025-05-18 18:50:00,6901.63,142.85,TRADE
VIC1,2025-05-18 18:55:00,6981.24,142.45,TRADE
VIC1,2025-05-18 19:00:00,7010.37,139.0,TRADE
VIC1,2025-05-18 19:05:00,6980.52,139.0,TRADE
VIC1,2025-05-18 19:10:00,6987.95,139.0,TRADE
VIC1,2025-05-18 19:15:00,6929.58,139.0,TRADE
VIC1,2025-05-18 19:20:00,6928.7,139.0,TRADE
VIC1,2025-05-18 19:25:00,6832.0,135.89,TRADE
VIC1,2025-05-18 19:30:00,6805.55,132.72,TRADE
VIC1,2025-05-18 19:35:00,6831.59,130.81,TRADE
VIC1,2025-05-18 19:40:00,6800.88,129.68,TRADE
VIC1,2025-05-18 19:45:00,6834.9,130.49,TRADE
VIC1,2025-05-18 19:50:00,6766.39,121.86,TRADE
VIC1,2025-05-18 19:55:00,6781.04,120.93,TRADE
VIC1,2025-05-18 20:00:00,6792.26,120.09,TRADE
VIC1,2025-05-18 20:05:00,6761.78,132.72,TRADE
VIC1,2025-05-18 20:10:00,6768.43,132.72,TRADE
VIC1,2025-05-18 20:15:00,6682.43,135.05,TRADE
VIC1,2025-05-18 20:20:00,6716.62,133.64,TRADE
VIC1,2025-05-18 20:25:00,6659.26,133.01,TRADE
VIC1,2025-05-18 20:30:00,6642.06,128.99,TRADE
VIC1,2025-05-18 20:35:00,6542.83,132.32,TRADE
VIC1,2025-05-18 20:40:00,6629.55,132.72,TRADE
VIC1,2025-05-18 20:45:00,6602.39,132.72,TRADE
VIC1,2025-05-18 20:50:00,6565.08,116.91,TRADE
VIC1,2025-05-18 20:55:00,6469.26,116.24,TRADE
VIC1,2025-05-18 21:00:00,6449.04,116.58,TRADE
VIC1,2025-05-18 21:05:00,6365.14,109.23,TRADE
VIC1,2025-05-18 21:10:00,6395.9,112.38,TRADE
VIC1,2025-05-18 21:15:00,6380.55,110.58,TRADE
VIC1,2025-05-18 21:20:00,6321.1,109.0,TRADE
VIC1,2025-05-18 21:25:00,6333.49,109.0,TRADE
VIC1,2025-05-18 21:30:00,6294.56,103.16,TRADE
VIC1,2025-05-18 21:35:00,6238.44,97.46,TRADE
VIC1,2025-05-18 21:40:00,6092.49,90.23,TRADE
VIC1,2025-05-18 21:45:00,6026.74,79.49,TRADE
VIC1,2025-05-18 21:50:00,6048.39,90.64,TRADE
VIC1,2025-05-18 21:55:00,6013.55,90.51,TRADE
VIC1,2025-05-18 22:00:00,5940.05,64.0,TRADE
VIC1,2025-05-18 22:05:00,5955.08,80.87,TRADE
VIC1,2025-05-18 22:10:00,5884.47,95.67,TRADE
VIC1,2025-05-18 22:15:00,5797.7,84.31,TRADE
VIC1,2025-05-18 22:20:00,5704.66,82.03,TRADE
VIC1,2025-05-18 22:25:00,5767.65,80.0,TRADE
VIC1,2025-05-18 22:30:00,5630.34,73.14,TRADE
VIC1,2025-05-18 22:35:00,5635.88,79.84,TRADE
VIC1,2025-05-18 22:40:00,5692.55,80.32,TRADE
VIC1,2025-05-18 22:45:00,5654.32,68.58,TRADE
VIC1,2025-05-18 22:50:00,5520.26,64.0,TRADE
VIC1,2025-05-18 22:55:00,5532.1,64.0,TRADE
VIC1,2025-05-18 23:00:00,5525.83,64.0,TRADE
VIC1,2025-05-18 23:05:00,5553.92,64.0,TRADE
VIC1,2025-05-18 23:10:00,5575.54,64.0,TRADE
VIC1,2025-05-18 23:15:00,5592.61,64.0,TRADE
VIC1,2025-05-18 23:20:00,5661.54,64.0,TRADE
VIC1,2025-05-18 23:25:00,5597.04,64.0,TRADE
VIC1,2025-05-18 23:30:00,5555.94,64.0,TRADE
VIC1,2025-05-18 23:35:00,5586.58,64.0,TRADE
VIC1,2025-05-18 23:40:00,5511.94,64.0,TRADE
VIC1,2025-05-18 23:45:00,5501.8,64.0,TRADE
VIC1,2025-05-18 23:50:00,5379.32,64.0,TRADE
VIC1,2025-05-18 23:55:00,5323.66,64.0,TRADE
VIC1,2025-05-24 00:00:00,5164.06,81.16,TRADE
VIC1,2025-05-24 00:05:00,5127.05,79.91,TRADE
VIC1,2025-05-24 00:10:00,5107.3,82.0,TRADE
VIC1,2025-05-24 00:15:00,5023.1,69.75,TRADE
VIC1,2025-05-24 00:20:00,5034.24,68.67,TRADE
VIC1,2025-05-24 00:25:00,5001.53,64.95,TRADE
VIC1,2025-05-24 00:30:00,4845.51,61.54,TRADE
VIC1,2025-05-24 00:35:00,4845.77,63.17,TRADE
VIC1,2025-05-24 00:40:00,4865.93,62.75,TRADE
VIC1,2025-05-24 00:45:00,4764.98,58.68,TRADE
VIC1,2025-05-24 00:50:00,4821.12,59.0,TRADE
VIC1,2025-05-24 00:55:00,4710.27,61.58,TRADE
VIC1,2025-05-24 01:00:00,4742.85,56.76,TRADE
VIC1,2025-05-24 01:05:00,4693.34,59.0,TRADE
VIC1,2025-05-24 01:10:00,4679.12,61.41,TRADE
VIC1,2025-05-24 01:15:00,4574.22,57.45,TRADE
VIC1,2025-05-24 01:20:00,4542.76,56.43,TRADE
VIC1,2025-05-24 01:25:00,4515.1,56.55,TRADE
VIC1,2025-05-24 01:30:00,4439.32,46.47,TRADE
VIC1,2025-05-24 01:35:00,4485.07,49.45,TRADE
VIC1,2025-05-24 01:40:00,4450.4,53.51,TRADE
VIC1,2025-05-24 01:45:00,4360.28,33.16,TRADE
VIC1,2025-05-24 01:50:00,4318.83,20.01,TRADE
VIC1,2025-05-24 01:55:00,4293.15,20.01,TRADE
VIC1,2025-05-24 02:00:00,4294.8,20.01,TRADE
VIC1,2025-05-24 02:05:00,4205.56,20.01,TRADE
VIC1,2025-05-24 02:10:00,4206.12,20.01,TRADE
VIC1,2025-05-24 02:15:00,4175.85,20.01,TRADE
VIC1,2025-05-24 02:20:00,4242.15,28.55,TRADE
VIC1,2025-05-24 02:25:00,4178.68,20.01,TRADE
VIC1,2025-05-24 02:30:00,4231.34,28.28,TRADE
VIC1,2025-05-24 02:35:00,4211.93,20.01,TRADE
VIC1,2025-05-24 02:40:00,4119.22,19.19,TRADE
VIC1,2025-05-24 02:45:00,4080.59,19.19,TRADE
VIC1,2025-05-24 02:50:00,4148.48,19.19,TRADE
VIC1,2025-05-24 02:55:00,4118.9,8.95,TRADE
VIC1,2025-05-24 03:00:00,4036.32,5.3,TRADE
VIC1,2025-05-24 03:05:00,4082.22,9.54,TRADE
VIC1,2025-05-24 03:10:00,4051.56,8.95,TRADE
VIC1,2025-05-24 03:15:00,4045.97,9.58,TRADE
VIC1,2025-05-24 03:20:00,4047.86,19.19,TRADE
VIC1,2025-05-24 03:25:00,4026.8,19.19,TRADE
VIC1,2025-05-24 03:30:00,4021.24,9.65,TRADE
VIC1,2025-05-24 03:35:00,4008.28,19.19,TRADE
VIC1,2025-05-24 03:40:00,3945.55,19.19,TRADE
VIC1,2025-05-24 03:45:00,4004.57,19.19,TRADE
VIC1,2025-05-24 03:50:00,3996.63,19.19,TRADE
VIC1,2025-05-24 03:55:00,4023.12,19.19,TRADE
VIC1,2025-05-24 04:00:00,3978.96,16.77,TRADE
VIC1,2025-05-24 04:05:00,3989.61,19.19,TRADE
VIC1,2025-05-24 04:10:00,4023.36,19.19,TRADE
VIC1,2025-05-24 04:15:00,3912.86,9.83,TRADE
VIC1,2025-05-24 04:20:00,3990.23,19.19,TRADE
VIC1,2025-05-24 04:25:00,3955.26,9.93,TRADE
VIC1,2025-05-24 04:30:00,3900.85,8.95,TRADE
VIC1,2025-05-24 04:35:00,3920.84,8.95,TRADE
VIC1,2025-05-24 04:40:00,3904.77,19.19,TRADE
VIC1,2025-05-24 04:45:00,3907.08,19.19,TRADE
VIC1,2025-05-24 04:50:00,3960.9,19.19,TRADE
VIC1,2025-05-24 04:55:00,3910.52,19.19,TRADE
VIC1,2025-05-24 05:00:00,3974.98,19.19,TRADE
VIC1,2025-05-24 05:05:00,3990.69,19.19,TRADE
VIC1,2025-05-24 05:10:00,4018.49,19.19,TRADE
VIC1,2025-05-24 05:15:00,3955.58,19.18,TRADE
VIC1,2025-05-24 05:20:00,3917.1,13.19,TRADE
VIC1,2025-05-24 05:25:00,3959.33,19.19,TRADE
VIC1,2025-05-24 05:30:00,3950.36,19.19,TRADE
VIC1,2025-05-24 05:35:00,3985.0,19.19,TRADE
VIC1,2025-05-24 05:40:00,3979.86,5.46,TRADE
VIC1,2025-05-24 05:45:00,4022.13,8.95,TRADE
VIC1,2025-05-24 05:50:00,4084.59,8.95,TRADE
VIC1,2025-05-24 05:55:00,4101.45,8.95,TRADE
VIC1,2025-05-24 06:00:00,4071.53,2.95,TRADE
VIC1,2025-05-24 06:05:00,4175.02,20.01,TRADE
VIC1,2025-05-24 06:10:00,4225.7,8.95,TRADE
VIC1,2025-05-24 06:15:00,4271.62,8.95,TRADE
VIC1,2025-05-24 06:20:00,4314.45,8.95,TRADE
VIC1,2025-05-24 06:25:00,4300.33,8.95,TRADE
VIC1,2025-05-24 06:30:00,4270.81,0.01,TRADE
VIC1,2025-05-24 06:35:00,4351.56,8.83,TRADE
VIC1,2025-05-24 06:40:00,4396.8,8.95,TRADE
VIC1,2025-05-24 06:45:00,4367.37,8.95,TRADE
VIC1,2025-05-24 06:50:00,4477.63,20.01,TRADE
VIC1,2025-05-24 06:55:00,4532.47,20.01,TRADE
VIC1,2025-05-24 07:00:00,4500.69,8.95,TRADE
VIC1,2025-05-24 07:05:00,4605.28,8.95,TRADE
VIC1,2025-05-24 07:10:00,4595.68,8.95,TRADE
VIC1,2025-05-24 07:15:00,4569.01,7.58,TRADE
VIC1,2025-05-24 07:20:00,4672.18,8.95,TRADE
VIC1,2025-05-24 07:25:00,4722.65,8.95,TRADE
VIC1,2025-05-24 07:30:00,4730.37,8.95,TRADE
VIC1,2025-05-24 07:35:00,4792.81,8.95,TRADE
VIC1,2025-05-24 07:40:00,4855.78,8.95,TRADE
VIC1,2025-05-24 07:45:00,4860.24,8.95,TRADE
VIC1,2025-05-24 07:50:00,4906.5,8.95,TRADE
VIC1,2025-05-24 07:55:00,4860.91,6.55,TRADE
VIC1,2025-05-24 08:00:00,4946.22,8.95,TRADE
VIC1,2025-05-24 08:05:00,4941.88,20.01,TRADE
VIC1,2025-05-24 08:10:00,4912.66,8.95,TRADE
VIC1,2025-05-24 08:15:00,4964.23,8.95,TRADE
VIC1,2025-05-24 08:20:00,4941.93,8.95,TRADE
VIC1,2025-05-24 08:25:00,4889.08,-18.5,TRADE
VIC1,2025-05-24 08:30:00,4818.87,0.01,TRADE
VIC1,2025-05-24 08:35:00,4740.72,-21.0,TRADE
VIC1,2025-05-24 08:40:00,4679.54,-25.01,TRADE
VIC1,2025-05-24 08:45:00,4743.12,-21.15,TRADE
VIC1,2025-05-24 08:50:00,4662.53,-13.91,TRADE
VIC1,2025-05-24 08:55:00,4542.73,-23.44,TRADE
VIC1,2025-05-24 09:00:00,4505.96,-13.91,TRADE
VIC1,2025-05-24 09:05:00,4390.31,-27.8,TRADE
VIC1,2025-05-24 09:10:00,4373.11,-19.99,TRADE
VIC1,2025-05-24 09:15:00,4273.42,-20.6,TRADE
VIC1,2025-05-24 09:20:00,4193.21,-21.28,TRADE
VIC1,2025-05-24 09:25:00,4219.28,-21.0,TRADE
VIC1,2025-05-24 09:30:00,4128.64,-20.19,TRADE
VIC1,2025-05-24 09:35:00,4061.96,-20.0,TRADE
VIC1,2025-05-24 09:40:00,3989.69,-19.99,TRADE
VIC1,2025-05-24 09:45:00,3917.32,-20.0,TRADE
VIC1,2025-05-24 09:50:00,3850.98,-26.87,TRADE
VIC1,2025-05-24 09:55:00,3757.22,-21.0,TRADE
VIC1,2025-05-24 10:00:00,3698.17,-20.0,TRADE
VIC1,2025-05-24 10:05:00,3698.8,-20.0,TRADE
VIC1,2025-05-24 10:10:00,3647.73,-20.0,TRADE
VIC1,2025-05-24 10:15:00,3570.48,-20.0,TRADE
VIC1,2025-05-24 10:20:00,3536.82,-20.0,TRADE
VIC1,2025-05-24 10:25:00,3495.04,-20.0,TRADE
VIC1,2025-05-24 10:30:00,3382.06,-22.21,TRADE
VIC1,2025-05-24 10:35:00,3375.83,-24.15,TRADE
VIC1,2025-05-24 10:40:00,3303.49,-22.06,TRADE
VIC1,2025-05-24 10:45:00,3268.5,-21.0,TRADE
VIC1,2025-05-24 10:50:00,3307.48,-20.19,TRADE
VIC1,2025-05-24 10:55:00,3274.43,-21.86,TRADE
VIC1,2025-05-24 11:00:00,3257.42,-20.6,TRADE
VIC1,2025-05-24 11:05:00,3208.13,-23.64,TRADE
VIC1,2025-05-24 11:10:00,3223.72,-20.19,TRADE
VIC1,2025-05-24 11:15:00,3117.48,-20.6,TRADE
VIC1,2025-05-24 11:20:00,3087.32,-20.19,TRADE
VIC1,2025-05-24 11:25:00,3000.02,-21.0,TRADE
VIC1,2025-05-24 11:30:00,3031.33,-21.0,TRADE
VIC1,2025-05-24 11:35:00,3012.27,-20.6,TRADE
VIC1,2025-05-24 11:40:00,2902.01,-25.88,TRADE
VIC1,2025-05-24 11:45:00,3008.17,-20.19,TRADE
VIC1,2025-05-24 11:50:00,2975.31,-20.6,TRADE
VIC1,2025-05-24 11:55:00,2977.83,-24.15,TRADE
VIC1,2025-05-24 12:00:00,2997.07,-24.15,TRADE
VIC1,2025-05-24 12:05:00,2847.95,-27.8,TRADE
VIC1,2025-05-24 12:10:00,2826.81,-25.01,TRADE
VIC1,2025-05-24 12:15:00,2787.52,-27.55,TRADE
VIC1,2025-05-24 12:20:00,2809.24,-27.8,TRADE
VIC1,2025-05-24 12:25:00,2853.18,-27.8,TRADE
VIC1,2025-05-24 12:30:00,2857.17,-28.13,TRADE
VIC1,2025-05-24 12:35:00,2911.36,-27.8,TRADE
VIC1,2025-05-24 12:40:00,2870.19,-27.8,TRADE
VIC1,2025-05-24 12:45:00,2947.9,-25.93,TRADE
VIC1,2025-05-24 12:50:00,2936.07,-27.8,TRADE
VIC1,2025-05-24 12:55:00,2945.11,-27.66,TRADE
VIC1,2025-05-24 13:00:00,2971.87,-25.01,TRADE
VIC1,2025-05-24 13:05:00,2920.27,-26.83,TRADE
VIC1,2025-05-24 13:10:00,2978.79,-27.8,TRADE
VIC1,2025-05-24 13:15:00,3121.29,-25.01,TRADE
VIC1,2025-05-24 13:20:00,3152.92,-26.89,TRADE
VIC1,2025-05-24 13:25:00,3116.1,-27.8,TRADE
VIC1,2025-05-24 13:30:00,3178.51,-27.8,TRADE
VIC1,2025-05-24 13:35:00,3203.68,-27.8,TRADE
VIC1,2025-05-24 13:40:00,3235.42,-25.01,TRADE
VIC1,2025-05-24 13:45:00,3293.53,-25.01,TRADE
VIC1,2025-05-24 13:50:00,3210.19,-27.61,TRADE
VIC1,2025-05-24 13:55:00,3252.26,-27.8,TRADE
VIC1,2025-05-24 14:00:00,3240.19,-27.8,TRADE
VIC1,2025-05-24 14:05:00,3356.01,-24.15,TRADE
VIC1,2025-05-24 14:10:00,3370.42,-25.01,TRADE
VIC1,2025-05-24 14:15:00,3414.55,-25.01,TRADE
VIC1,2025-05-24 14:20:00,3457.06,-25.01,TRADE
VIC1,2025-05-24 14:25:00,3532.92,-21.0,TRADE
VIC1,2025-05-24 14:30:00,3496.11,-21.0,TRADE
VIC1,2025-05-24 14:35:00,3490.05,-24.15,TRADE
VIC1,2025-05-24 14:40:00,3671.37,-20.0,TRADE
VIC1,2025-05-24 14:45:00,3678.16,-20.19,TRADE
VIC1,2025-05-24 14:50:00,3679.89,-20.0,TRADE
VIC1,2025-05-24 14:55:00,3770.24,-20.0,TRADE
VIC1,2025-05-24 15:00:00,3761.37,-20.0,TRADE
VIC1,2025-05-24 15:05:00,3775.51,-26.64,TRADE
VIC1,2025-05-24 15:10:00,3774.09,-27.8,TRADE
VIC1,2025-05-24 15:15:00,3869.53,-24.15,TRADE
VIC1,2025-05-24 15:20:00,3890.76,-20.52,TRADE
VIC1,2025-05-24 15:25:00,3989.2,-20.0,TRADE
VIC1,2025-05-24 15:30:00,4019.84,-27.8,TRADE
VIC1,2025-05-24 15:35:00,4051.28,-27.8,TRADE
VIC1,2025-05-24 15:40:00,4058.9,-27.01,TRADE
VIC1,2025-05-24 15:45:00,4100.83,-21.0,TRADE
VIC1,2025-05-24 15:50:00,4139.97,-21.0,TRADE
VIC1,2025-05-24 15:55:00,4133.09,-21.0,TRADE
VIC1,2025-05-24 16:00:00,4189.8,-20.0,TRADE
VIC1,2025-05-24 16:05:00,4330.91,-20.0,TRADE
VIC1,2025-05-24 16:10:00,4450.47,-19.99,TRADE
VIC1,2025-05-24 16:15:00,4521.68,-19.99,TRADE
VIC1,2025-05-24 16:20:00,4612.42,-0.57,TRADE
VIC1,2025-05-24 16:25:00,4664.12,8.95,TRADE
VIC1,2025-05-24 16:30:00,4766.01,8.95,TRADE
VIC1,2025-05-24 16:35:00,4814.66,8.95,TRADE
VIC1,2025-05-24 16:40:00,4966.85,10.17,TRADE
VIC1,2025-05-24 16:45:00,4967.27,10.26,TRADE
VIC1,2025-05-24 16:50:00,5056.57,29.59,TRADE
VIC1,2025-05-24 16:55:00,5183.52,33.25,TRADE
VIC1,2025-05-24 17:00:00,5259.97,8.95,TRADE
VIC1,2025-05-24 17:05:00,5253.5,0.01,TRADE
VIC1,2025-05-24 17:10:00,5380.03,8.95,TRADE
VIC1,2025-05-24 17:15:00,5500.3,8.95,TRADE
VIC1,2025-05-24 17:20:00,5584.01,8.95,TRADE
VIC1,2025-05-24 17:25:00,5558.53,8.95,TRADE
VIC1,2025-05-24 17:30:00,5615.75,10.62,TRADE
VIC1,2025-05-24 17:35:00,5660.65,20.01,TRADE
VIC1,2025-05-24 17:40:00,5796.61,33.01,TRADE
VIC1,2025-05-24 17:45:00,5858.32,33.89,TRADE
VIC1,2025-05-24 17:50:00,5830.31,20.01,TRADE
VIC1,2025-05-24 17:55:00,5876.97,24.09,TRADE
VIC1,2025-05-24 18:00:00,5896.84,56.43,TRADE
VIC1,2025-05-24 18:05:00,5884.27,52.39,TRADE
VIC1,2025-05-24 18:10:00,5782.0,51.06,TRADE
VIC1,2025-05-24 18:15:00,5798.98,46.76,TRADE
VIC1,2025-05-24 18:20:00,5852.79,56.25,TRADE
VIC1,2025-05-24 18:25:00,5860.68,49.43,TRADE
VIC1,2025-05-24 18:30:00,5761.27,44.99,TRADE
VIC1,2025-05-24 18:35:00,5840.75,51.17,TRADE
VIC1,2025-05-24 18:40:00,5755.63,38.17,TRADE
VIC1,2025-05-24 18:45:00,5715.38,44.7,TRADE
VIC1,2025-05-24 18:50:00,5776.07,50.99,TRADE
VIC1,2025-05-24 18:55:00,5705.45,8.95,TRADE
VIC1,2025-05-24 19:00:00,5639.04,8.95,TRADE
VIC1,2025-05-24 19:05:00,5635.46,8.95,TRADE
VIC1,2025-05-24 19:10:00,5615.97,16.33,TRADE
VIC1,2025-05-24 19:15:00,5596.27,44.07,TRADE
VIC1,2025-05-24 19:20:00,5602.63,8.95,TRADE
VIC1,2025-05-24 19:25:00,5660.63,8.95,TRADE
VIC1,2025-05-24 19:30:00,5613.97,8.95,TRADE
VIC1,2025-05-24 19:35:00,5576.98,8.95,TRADE
VIC1,2025-05-24 19:40:00,5602.53,8.95,TRADE
VIC1,2025-05-24 19:45:00,5609.65,20.01,TRADE
VIC1,2025-05-24 19:50:00,5607.28,20.01,TRADE
VIC1,2025-05-24 19:55:00,5579.11,20.01,TRADE
VIC1,2025-05-24 20:00:00,5487.94,15.49,TRADE
VIC1,2025-05-24 20:05:00,5487.85,14.05,TRADE
VIC1,2025-05-24 20:10:00,5496.95,15.17,TRADE
VIC1,2025-05-24 20:15:00,5474.8,20.01,TRADE
VIC1,2025-05-24 20:20:00,5441.08,20.01,TRADE
VIC1,2025-05-24 20:25:00,5460.09,20.01,TRADE
VIC1,2025-05-24 20:30:00,5456.6,20.01,TRADE
VIC1,2025-05-24 20:35:00,5441.4,33.89,TRADE
VIC1,2025-05-24 20:40:00,5299.81,20.01,TRADE
VIC1,2025-05-24 20:45:00,5308.46,21.02,TRADE
VIC1,2025-05-24 20:50:00,5270.33,20.01,TRADE
VIC1,2025-05-24 20:55:00,5323.15,32.91,TRADE
VIC1,2025-05-24 21:00:00,5320.3,33.89,TRADE
VIC1,2025-05-24 21:05:00,5213.28,19.19,TRADE
VIC1,2025-05-24 21:10:00,5278.1,20.01,TRADE
VIC1,2025-05-24 21:15:00,5240.98,20.01,TRADE
VIC1,2025-05-24 21:20:00,5239.81,20.01,TRADE
VIC1,2025-05-24 21:25:00,5223.11,20.01,TRADE
VIC1,2025-05-24 21:30:00,5145.52,8.95,TRADE
VIC1,2025-05-24 21:35:00,5110.41,20.01,TRADE
VIC1,2025-05-24 21:40:00,5155.31,20.01,TRADE
VIC1,2025-05-24 21:45:00,5099.22,20.01,TRADE
VIC1,2025-05-24 21:50:00,5030.52,19.19,TRADE
VIC1,2025-05-24 21:55:00,5079.76,25.0,TRADE
VIC1,2025-05-24 22:00:00,5058.52,20.01,TRADE
VIC1,2025-05-24 22:05:00,5036.95,20.01,TRADE
VIC1,2025-05-24 22:10:00,5041.32,20.01,TRADE
VIC1,2025-05-24 22:15:00,4911.94,19.19,TRADE
VIC1,2025-05-24 22:20:00,4981.31,20.01,TRADE
VIC1,2025-05-24 22:25:00,4963.19,20.01,TRADE
VIC1,2025-05-24 22:30:00,4863.4,19.19,TRADE
VIC1,2025-05-24 22:35:00,4923.6,20.01,TRADE
VIC1,2025-05-24 22:40:00,4926.38,20.01,TRADE
VIC1,2025-05-24 22:45:00,4895.61,20.01,TRADE
VIC1,2025-05-24 22:50:00,4838.13,20.01,TRADE
VIC1,2025-05-24 22:55:00,4762.94,19.19,TRADE
VIC1,2025-05-24 23:00:00,4753.43,23.69,TRADE
VIC1,2025-05-24 23:05:00,4736.61,20.01,TRADE
VIC1,2025-05-24 23:10:00,4890.18,35.95,TRADE
VIC1,2025-05-24 23:15:00,4964.85,35.38,TRADE
VIC1,2025-05-24 23:20:00,4960.12,35.44,TRADE
VIC1,2025-05-24 23:25:00,4913.14,31.25,TRADE
VIC1,2025-05-24 23:30:00,4963.42,31.83,TRADE
VIC1,2025-05-24 23:35:00,4938.63,35.95,TRADE
VIC1,2025-05-24 23:40:00,4927.77,35.95,TRADE
VIC1,2025-05-24 23:45:00,4762.12,20.01,TRADE
VIC1,2025-05-24 23:50:00,4707.14,20.01,TRADE
VIC1,2025-05-24 23:55:00,4791.16,35.95,TRADE
VIC1,2025-05-25 00:00:00,4780.97,48.55,TRADE
VIC1,2025-05-25 00:05:00,4660.44,48.3,TRADE
VIC1,2025-05-25 00:10:00,4714.1,46.9,TRADE
VIC1,2025-05-25 00:15:00,4677.65,47.81,TRADE
VIC1,2025-05-25 00:20:00,4618.93,49.79,TRADE
VIC1,2025-05-25 00:25:00,4522.99,20.01,TRADE
VIC1,2025-05-25 00:30:00,4495.85,20.01,TRADE
VIC1,2025-05-25 00:35:00,4551.94,36.2,TRADE
VIC1,2025-05-25 00:40:00,4531.04,36.15,TRADE
VIC1,2025-05-25 00:45:00,4390.66,35.95,TRADE
VIC1,2025-05-25 00:50:00,4465.53,49.82,TRADE
VIC1,2025-05-25 00:55:00,4411.03,48.87,TRADE
VIC1,2025-05-25 01:00:00,4397.21,35.95,TRADE
VIC1,2025-05-25 01:05:00,4395.67,47.24,TRADE
VIC1,2025-05-25 01:10:00,4298.79,50.49,TRADE
VIC1,2025-05-25 01:15:00,4276.31,51.13,TRADE
VIC1,2025-05-25 01:20:00,4286.13,47.01,TRADE
VIC1,2025-05-25 01:25:00,4293.29,47.39,TRADE
VIC1,2025-05-25 01:30:00,4290.95,47.73,TRADE
VIC1,2025-05-25 01:35:00,4246.66,51.42,TRADE
VIC1,2025-05-25 01:40:00,4263.79,52.19,TRADE
VIC1,2025-05-25 01:45:00,4246.71,52.06,TRADE
VIC1,2025-05-25 01:50:00,4198.06,51.68,TRADE
VIC1,2025-05-25 01:55:00,4127.81,51.36,TRADE
VIC1,2025-05-25 02:00:00,4085.27,48.06,TRADE
VIC1,2025-05-25 02:05:00,4095.64,51.46,TRADE
VIC1,2025-05-25 02:10:00,4171.09,49.18,TRADE
VIC1,2025-05-25 02:15:00,4127.84,43.98,TRADE
VIC1,2025-05-25 02:20:00,4106.75,48.02,TRADE
VIC1,2025-05-25 02:25:00,4112.08,48.92,TRADE
VIC1,2025-05-25 02:30:00,4070.87,47.96,TRADE
VIC1,2025-05-25 02:35:00,4084.77,48.39,TRADE
VIC1,2025-05-25 02:40:00,3989.26,54.74,TRADE
VIC1,2025-05-25 02:45:00,3986.76,48.75,TRADE
VIC1,2025-05-25 02:50:00,4037.92,55.1,TRADE
VIC1,2025-05-25 02:55:00,4040.62,49.39,TRADE
VIC1,2025-05-25 03:00:00,3966.42,47.8,TRADE
VIC1,2025-05-25 03:05:00,4032.28,52.19,TRADE
VIC1,2025-05-25 03:10:00,4039.59,51.3,TRADE
VIC1,2025-05-25 03:15:00,4036.48,51.8,TRADE
VIC1,2025-05-25 03:20:00,3965.74,52.06,TRADE
VIC1,2025-05-25 03:25:00,3930.42,48.84,TRADE
VIC1,2025-05-25 03:30:00,4007.67,55.98,TRADE
VIC1,2025-05-25 03:35:00,3977.71,63.16,TRADE
VIC1,2025-05-25 03:40:00,3934.99,56.02,TRADE
VIC1,2025-05-25 03:45:00,3989.55,56.38,TRADE
VIC1,2025-05-25 03:50:00,3969.05,56.37,TRADE
VIC1,2025-05-25 03:55:00,3990.95,64.86,TRADE
VIC1,2025-05-25 04:00:00,3875.76,56.01,TRADE
VIC1,2025-05-25 04:05:00,3886.19,56.04,TRADE
VIC1,2025-05-25 04:10:00,3947.37,56.37,TRADE
VIC1,2025-05-25 04:15:00,3923.15,61.95,TRADE
VIC1,2025-05-25 04:20:00,3919.08,62.36,TRADE
VIC1,2025-05-25 04:25:00,3960.45,61.41,TRADE
VIC1,2025-05-25 04:30:00,3956.38,61.96,TRADE
VIC1,2025-05-25 04:35:00,3974.42,57.76,TRADE
VIC1,2025-05-25 04:40:00,3975.77,63.62,TRADE
VIC1,2025-05-25 04:45:00,3926.01,62.62,TRADE
VIC1,2025-05-25 04:50:00,3915.94,57.61,TRADE
VIC1,2025-05-25 04:55:00,3998.82,59.08,TRADE
VIC1,2025-05-25 05:00:00,3979.91,68.78,TRADE
VIC1,2025-05-25 05:05:00,3984.26,65.49,TRADE
VIC1,2025-05-25 05:10:00,4026.83,71.01,TRADE
VIC1,2025-05-25 05:15:00,4007.62,72.18,TRADE
VIC1,2025-05-25 05:20:00,4059.63,71.26,TRADE
VIC1,2025-05-25 05:25:00,3973.86,70.17,TRADE
VIC1,2025-05-25 05:30:00,4004.66,69.1,TRADE
VIC1,2025-05-25 05:35:00,4011.36,65.43,TRADE
VIC1,2025-05-25 05:40:00,4043.48,64.88,TRADE
VIC1,2025-05-25 05:45:00,4161.7,66.29,TRADE
VIC1,2025-05-25 05:50:00,4088.25,63.84,TRADE
VIC1,2025-05-25 05:55:00,4177.91,68.85,TRADE
VIC1,2025-05-25 06:00:00,4186.38,70.86,TRADE
VIC1,2025-05-25 06:05:00,4240.97,65.88,TRADE
VIC1,2025-05-25 06:10:00,4281.62,67.4,TRADE
VIC1,2025-05-25 06:15:00,4233.4,70.27,TRADE
VIC1,2025-05-25 06:20:00,4261.21,70.82,TRADE
VIC1,2025-05-25 06:25:00,4347.78,73.8,TRADE
VIC1,2025-05-25 06:30:00,4395.01,73.81,TRADE
VIC1,2025-05-25 06:35:00,4415.44,73.82,TRADE
VIC1,2025-05-25 06:40:00,4466.1,73.11,TRADE
VIC1,2025-05-25 06:45:00,4476.69,71.19,TRADE
VIC1,2025-05-25 06:50:00,4509.06,71.96,TRADE
VIC1,2025-05-25 06:55:00,4439.04,70.69,TRADE
VIC1,2025-05-25 07:00:00,4498.95,71.83,TRADE
VIC1,2025-05-25 07:05:00,4631.48,73.71,TRADE
VIC1,2025-05-25 07:10:00,4615.64,72.85,TRADE
VIC1,2025-05-25 07:15:00,4645.67,74.89,TRADE
VIC1,2025-05-25 07:20:00,4663.84,74.93,TRADE
VIC1,2025-05-25 07:25:00,4688.67,63.15,TRADE
VIC1,2025-05-25 07:30:00,4725.36,56.83,TRADE
VIC1,2025-05-25 07:35:00,4704.64,64.95,TRADE
VIC1,2025-05-25 07:40:00,4739.87,56.93,TRADE
VIC1,2025-05-25 07:45:00,4822.07,62.11,TRADE
VIC1,2025-05-25 07:50:00,4841.16,62.36,TRADE
VIC1,2025-05-25 07:55:00,4773.43,65.73,TRADE
VIC1,2025-05-25 08:00:00,4811.83,53.19,TRADE
VIC1,2025-05-25 08:05:00,4817.04,66.19,TRADE
VIC1,2025-05-25 08:10:00,4805.09,65.73,TRADE
VIC1,2025-05-25 08:15:00,4807.11,56.64,TRADE
VIC1,2025-05-25 08:20:00,4703.51,35.29,TRADE
VIC1,2025-05-25 08:25:00,4754.4,35.94,TRADE
VIC1,2025-05-25 08:30:00,4703.34,0.0,TRADE
VIC1,2025-05-25 08:35:00,4619.57,35.09,TRADE
VIC1,2025-05-25 08:40:00,4659.42,53.8,TRADE
VIC1,2025-05-25 08:45:00,4603.58,34.49,TRADE
VIC1,2025-05-25 08:50:00,4552.01,34.55,TRADE
VIC1,2025-05-25 08:55:00,4514.38,45.17,TRADE
VIC1,2025-05-25 09:00:00,4338.53,20.01,TRADE
VIC1,2025-05-25 09:05:00,4395.84,50.69,TRADE
VIC1,2025-05-25 09:10:00,4354.16,47.88,TRADE
VIC1,2025-05-25 09:15:00,4309.58,30.72,TRADE
VIC1,2025-05-25 09:20:00,4142.93,8.95,TRADE
VIC1,2025-05-25 09:25:00,4165.03,11.56,TRADE
VIC1,2025-05-25 09:30:00,4107.0,0.01,TRADE
VIC1,2025-05-25 09:35:00,4018.33,29.48,TRADE
VIC1,2025-05-25 09:40:00,3905.66,40.03,TRADE
VIC1,2025-05-25 09:45:00,3793.07,0.01,TRADE
VIC1,2025-05-25 09:50:00,3802.75,-0.01,TRADE
VIC1,2025-05-25 09:55:00,3730.85,0.0,TRADE
VIC1,2025-05-25 10:00:00,3564.84,0.0,TRADE
VIC1,2025-05-25 10:05:00,3626.73,-0.01,TRADE
VIC1,2025-05-25 10:10:00,3558.26,0.0,TRADE
VIC1,2025-05-25 10:15:00,3500.76,-11.86,TRADE
VIC1,2025-05-25 10:20:00,3396.43,-15.49,TRADE
VIC1,2025-05-25 10:25:00,3364.46,-9.81,TRADE
VIC1,2025-05-25 10:30:00,3400.54,-13.68,TRADE
VIC1,2025-05-25 10:35:00,3250.99,-13.91,TRADE
VIC1,2025-05-25 10:40:00,3263.01,-9.68,TRADE
VIC1,2025-05-25 10:45:00,3182.62,-13.91,TRADE
VIC1,2025-05-25 10:50:00,3216.23,-13.91,TRADE
VIC1,2025-05-25 10:55:00,3100.83,-20.0,TRADE
VIC1,2025-05-25 11:00:00,3076.23,-21.0,TRADE
VIC1,2025-05-25 11:05:00,3013.21,-21.0,TRADE
VIC1,2025-05-25 11:10:00,2978.13,-25.01,TRADE
VIC1,2025-05-25 11:15:00,2901.25,-25.01,TRADE
VIC1,2025-05-25 11:20:00,2956.02,-23.06,TRADE
VIC1,2025-05-25 11:25:00,2958.22,-20.0,TRADE
VIC1,2025-05-25 11:30:00,2867.85,-25.01,TRADE
VIC1,2025-05-25 11:35:00,2986.43,-25.01,TRADE
VIC1,2025-05-25 11:40:00,2951.43,-25.01,TRADE
VIC1,2025-05-25 11:45:00,2952.41,-25.01,TRADE
VIC1,2025-05-25 11:50:00,2901.21,-26.12,TRADE
VIC1,2025-05-25 11:55:00,2777.22,-25.01,TRADE
VIC1,2025-05-25 12:00:00,2759.3,-27.8,TRADE
VIC1,2025-05-25 12:05:00,2859.78,-23.82,TRADE
VIC1,2025-05-25 12:10:00,2877.4,-24.15,TRADE
VIC1,2025-05-25 12:15:00,2901.33,-25.01,TRADE
VIC1,2025-05-25 12:20:00,2914.34,-25.01,TRADE
VIC1,2025-05-25 12:25:00,2869.64,-25.01,TRADE
VIC1,2025-05-25 12:30:00,2871.2,-25.01,TRADE
VIC1,2025-05-25 12:35:00,2754.08,-27.8,TRADE
VIC1,2025-05-25 12:40:00,2720.69,-27.8,TRADE
VIC1,2025-05-25 12:45:00,2796.4,-27.8,TRADE
VIC1,2025-05-25 12:50:00,2803.41,-27.8,TRADE
VIC1,2025-05-25 12:55:00,2703.16,-29.31,TRADE
VIC1,2025-05-25 13:00:00,2673.73,-29.38,TRADE
VIC1,2025-05-25 13:05:00,2680.55,-36.22,TRADE
VIC1,2025-05-25 13:10:00,2723.93,-27.8,TRADE
VIC1,2025-05-25 13:15:00,2652.76,-28.74,TRADE
VIC1,2025-05-25 13:20:00,2677.82,-27.8,TRADE
VIC1,2025-05-25 13:25:00,2758.82,-28.41,TRADE
VIC1,2025-05-25 13:30:00,2760.95,-44.0,TRADE
VIC1,2025-05-25 13:35:00,2823.51,-28.81,TRADE
VIC1,2025-05-25 13:40:00,2862.42,-35.69,TRADE
VIC1,2025-05-25 13:45:00,2842.88,-27.8,TRADE
VIC1,2025-05-25 13:50:00,2909.06,-28.29,TRADE
VIC1,2025-05-25 13:55:00,2935.44,-44.0,TRADE
VIC1,2025-05-25 14:00:00,2922.25,-27.8,TRADE
VIC1,2025-05-25 14:05:00,2965.13,-41.34,TRADE
VIC1,2025-05-25 14:10:00,3077.84,-27.92,TRADE
VIC1,2025-05-25 14:15:00,3056.29,-35.29,TRADE
VIC1,2025-05-25 14:20:00,3009.77,-36.07,TRADE
VIC1,2025-05-25 14:25:00,3108.52,-28.3,TRADE
VIC1,2025-05-25 14:30:00,3157.37,-41.34,TRADE
VIC1,2025-05-25 14:35:00,3192.25,-35.68,TRADE
VIC1,2025-05-25 14:40:00,3140.73,-41.34,TRADE
VIC1,2025-05-25 14:45:00,3251.7,-27.8,TRADE
VIC1,2025-05-25 14:50:00,3168.38,-39.49,TRADE
VIC1,2025-05-25 14:55:00,3238.59,-27.8,TRADE
VIC1,2025-05-25 15:00:00,3384.99,-27.8,TRADE
VIC1,2025-05-25 15:05:00,3441.92,-41.34,TRADE
VIC1,2025-05-25 15:10:00,3505.33,-27.8,TRADE
VIC1,2025-05-25 15:15:00,3577.75,-25.71,TRADE
VIC1,2025-05-25 15:20:00,3603.35,-27.8,TRADE
VIC1,2025-05-25 15:25:00,3710.07,-26.16,TRADE
VIC1,2025-05-25 15:30:00,3695.63,-24.43,TRADE
VIC1,2025-05-25 15:35:00,3794.15,-27.8,TRADE
VIC1,2025-05-25 15:40:00,3954.15,-20.19,TRADE
VIC1,2025-05-25 15:45:00,4018.71,-24.25,TRADE
VIC1,2025-05-25 15:50:00,4034.82,-26.61,TRADE
VIC1,2025-05-25 15:55:00,4187.26,-20.0,TRADE
VIC1,2025-05-25 16:00:00,4298.16,-20.0,TRADE
VIC1,2025-05-25 16:05:00,4344.25,-20.0,TRADE
VIC1,2025-05-25 16:10:00,4399.32,-20.0,TRADE
VIC1,2025-05-25 16:15:00,4395.46,-20.0,TRADE
VIC1,2025-05-25 16:20:00,4534.51,0.01,TRADE
VIC1,2025-05-25 16:25:00,4616.4,-13.91,TRADE
VIC1,2025-05-25 16:30:00,4648.66,0.01,TRADE
VIC1,2025-05-25 16:35:00,4867.74,93.28,TRADE
VIC1,2025-05-25 16:40:00,4961.6,10.56,TRADE
VIC1,2025-05-25 16:45:00,5131.03,8.95,TRADE
VIC1,2025-05-25 16:50:00,5239.36,10.4,TRADE
VIC1,2025-05-25 16:55:00,5259.83,20.01,TRADE
VIC1,2025-05-25 17:00:00,5340.57,20.01,TRADE
VIC1,2025-05-25 17:05:00,5395.66,32.7,TRADE
VIC1,2025-05-25 17:10:00,5544.88,57.63,TRADE
VIC1,2025-05-25 17:15:00,5642.27,73.8,TRADE
VIC1,2025-05-25 17:20:00,5701.2,20.23,TRADE
VIC1,2025-05-25 17:25:00,5779.09,24.76,TRADE
VIC1,2025-05-25 17:30:00,5851.18,35.95,TRADE
VIC1,2025-05-25 17:35:00,5913.26,23.5,TRADE
VIC1,2025-05-25 17:40:00,5972.23,75.85,TRADE
VIC1,2025-05-25 17:45:00,5920.18,20.75,TRADE
VIC1,2025-05-25 17:50:00,5995.17,77.0,TRADE
VIC1,2025-05-25 17:55:00,5987.95,20.77,TRADE
VIC1,2025-05-25 18:00:00,6098.35,58.26,TRADE
VIC1,2025-05-25 18:05:00,6075.99,51.78,TRADE
VIC1,2025-05-25 18:10:00,6085.11,57.63,TRADE
VIC1,2025-05-25 18:15:00,6072.69,47.89,TRADE
VIC1,2025-05-25 18:20:00,6054.94,47.96,TRADE
VIC1,2025-05-25 18:25:00,6090.48,123.53,TRADE
VIC1,2025-05-25 18:30:00,6067.05,20.01,TRADE
VIC1,2025-05-25 18:35:00,5969.61,8.95,TRADE
VIC1,2025-05-25 18:40:00,5939.51,8.95,TRADE
VIC1,2025-05-25 18:45:00,5997.86,20.01,TRADE
VIC1,2025-05-25 18:50:00,6015.99,20.01,TRADE
VIC1,2025-05-25 18:55:00,5981.35,20.01,TRADE
VIC1,2025-05-25 19:00:00,5974.29,20.01,TRADE
VIC1,2025-05-25 19:05:00,5957.2,20.01,TRADE
VIC1,2025-05-25 19:10:00,5938.46,8.95,TRADE
VIC1,2025-05-25 19:15:00,5830.23,0.01,TRADE
VIC1,2025-05-25 19:20:00,5803.02,0.01,TRADE
VIC1,2025-05-25 19:25:00,5822.65,8.95,TRADE
VIC1,2025-05-25 19:30:00,5730.07,8.95,TRADE
VIC1,2025-05-25 19:35:00,5778.12,8.95,TRADE
VIC1,2025-05-25 19:40:00,5720.98,8.95,TRADE
VIC1,2025-05-25 19:45:00,5794.2,28.36,TRADE
VIC1,2025-05-25 19:50:00,5803.76,8.95,TRADE
VIC1,2025-05-25 19:55:00,5755.79,8.95,TRADE
VIC1,2025-05-25 20:00:00,5755.19,8.95,TRADE
VIC1,2025-05-25 20:05:00,5740.47,8.95,TRADE
VIC1,2025-05-25 20:10:00,5708.64,7.13,TRADE
VIC1,2025-05-25 20:15:00,5653.79,20.01,TRADE
VIC1,2025-05-25 20:20:00,5568.33,-6.27,TRADE
VIC1,2025-05-25 20:25:00,5577.11,-18.5,TRADE
VIC1,2025-05-25 20:30:00,5622.03,8.95,TRADE
VIC1,2025-05-25 20:35:00,5595.08,8.95,TRADE
VIC1,2025-05-25 20:40:00,5455.55,-18.81,TRADE
VIC1,2025-05-25 20:45:00,5517.78,0.45,TRADE
VIC1,2025-05-25 20:50:00,5505.01,8.95,TRADE
VIC1,2025-05-25 20:55:00,5471.39,2.95,TRADE
VIC1,2025-05-25 21:00:00,5443.22,8.95,TRADE
VIC1,2025-05-25 21:05:00,5397.47,8.95,TRADE
VIC1,2025-05-25 21:10:00,5360.03,8.95,TRADE
VIC1,2025-05-25 21:15:00,5331.07,8.95,TRADE
VIC1,2025-05-25 21:20:00,5309.7,8.95,TRADE
VIC1,2025-05-25 21:25:00,5296.5,8.7,TRADE
VIC1,2025-05-25 21:30:00,5245.7,6.16,TRADE
VIC1,2025-05-25 21:35:00,5265.92,-12.56,TRADE
VIC1,2025-05-25 21:40:00,5155.49,-12.58,TRADE
VIC1,2025-05-25 21:45:00,5162.75,27.2,TRADE
VIC1,2025-05-25 21:50:00,5135.52,-18.5,TRADE
VIC1,2025-05-25 21:55:00,5061.41,0.0,TRADE
VIC1,2025-05-25 22:00:00,4940.92,-20.0,TRADE
VIC1,2025-05-25 22:05:00,4880.32,0.75,TRADE
VIC1,2025-05-25 22:10:00,4815.6,-18.5,TRADE
VIC1,2025-05-25 22:15:00,4887.67,-7.4,TRADE
VIC1,2025-05-25 22:20:00,4844.07,4.96,TRADE
VIC1,2025-05-25 22:25:00,4764.37,-19.99,TRADE
VIC1,2025-05-25 22:30:00,4781.52,-20.0,TRADE
VIC1,2025-05-25 22:35:00,4723.92,-13.76,TRADE
VIC1,2025-05-25 22:40:00,4703.86,-11.11,TRADE
VIC1,2025-05-25 22:45:00,4614.82,-13.91,TRADE
VIC1,2025-05-25 22:50:00,4508.42,-19.99,TRADE
VIC1,2025-05-25 22:55:00,4569.9,-13.91,TRADE
VIC1,2025-05-25 23:00:00,4606.04,-13.91,TRADE
VIC1,2025-05-25 23:05:00,4520.66,-18.5,TRADE
VIC1,2025-05-25 23:10:00,4665.56,-13.91,TRADE
VIC1,2025-05-25 23:15:00,4732.14,-13.91,TRADE
VIC1,2025-05-25 23:20:00,4712.78,-13.91,TRADE
VIC1,2025-05-25 23:25:00,4690.52,-13.91,TRADE
VIC1,2025-05-25 23:30:00,4601.7,-18.5,TRADE
VIC1,2025-05-25 23:35:00,4604.86,-18.5,TRADE
VIC1,2025-05-25 23:40:00,4616.81,-7.5,TRADE
VIC1,2025-05-25 23:45:00,4581.38,-7.58,TRADE
VIC1,2025-05-25 23:50:00,4475.76,-19.99,TRADE
VIC1,2025-05-25 23:55:00,4557.59,-18.5,TRADE
VIC1,2025-05-31 00:00:00,5227.04,100.01,TRADE
VIC1,2025-05-31 00:05:00,5264.52,104.71,TRADE
VIC1,2025-05-31 00:10:00,5179.2,120.0,TRADE
VIC1,2025-05-31 00:15:00,5232.17,135.63,TRADE
VIC1,2025-05-31 00:20:00,5211.79,120.0,TRADE
VIC1,2025-05-31 00:25:00,5180.15,120.0,TRADE
VIC1,2025-05-31 00:30:00,5143.49,118.22,TRADE
VIC1,2025-05-31 00:35:00,5088.22,120.0,TRADE
VIC1,2025-05-31 00:40:00,5070.89,106.29,TRADE
VIC1,2025-05-31 00:45:00,4970.28,100.01,TRADE
VIC1,2025-05-31 00:50:00,4969.01,104.4,TRADE
VIC1,2025-05-31 00:55:00,5003.01,120.0,TRADE
VIC1,2025-05-31 01:00:00,4966.78,105.33,TRADE
VIC1,2025-05-31 01:05:00,4929.54,107.92,TRADE
VIC1,2025-05-31 01:10:00,4910.75,107.06,TRADE
VIC1,2025-05-31 01:15:00,4870.92,109.38,TRADE
VIC1,2025-05-31 01:20:00,4839.36,107.56,TRADE
VIC1,2025-05-31 01:25:00,4727.35,100.01,TRADE
VIC1,2025-05-31 01:30:00,4707.94,100.01,TRADE
VIC1,2025-05-31 01:35:00,4744.55,107.26,TRADE
VIC1,2025-05-31 01:40:00,4695.95,105.43,TRADE
VIC1,2025-05-31 01:45:00,4638.9,120.0,TRADE
VIC1,2025-05-31 01:50:00,4672.39,122.15,TRADE
VIC1,2025-05-31 01:55:00,4645.92,120.0,TRADE
VIC1,2025-05-31 02:00:00,4607.49,120.0,TRADE
VIC1,2025-05-31 02:05:00,4595.69,120.0,TRADE
VIC1,2025-05-31 02:10:00,4498.92,108.17,TRADE
VIC1,2025-05-31 02:15:00,4509.26,121.08,TRADE
VIC1,2025-05-31 02:20:00,4531.45,108.28,TRADE
VIC1,2025-05-31 02:25:00,4545.35,112.91,TRADE
VIC1,2025-05-31 02:30:00,4489.96,101.45,TRADE
VIC1,2025-05-31 02:35:00,4482.01,106.58,TRADE
VIC1,2025-05-31 02:40:00,4484.79,107.44,TRADE
VIC1,2025-05-31 02:45:00,4472.2,108.12,TRADE
VIC1,2025-05-31 02:50:00,4404.35,100.01,TRADE
VIC1,2025-05-31 02:55:00,4379.57,102.12,TRADE
VIC1,2025-05-31 03:00:00,4364.53,100.01,TRADE
VIC1,2025-05-31 03:05:00,4353.64,120.0,TRADE
VIC1,2025-05-31 03:10:00,4346.25,111.27,TRADE
VIC1,2025-05-31 03:15:00,4370.95,118.6,TRADE
VIC1,2025-05-31 03:20:00,4375.27,110.23,TRADE
VIC1,2025-05-31 03:25:00,4414.12,113.33,TRADE
VIC1,2025-05-31 03:30:00,4381.22,100.01,TRADE
VIC1,2025-05-31 03:35:00,4377.04,108.8,TRADE
VIC1,2025-05-31 03:40:00,4371.23,131.36,TRADE
VIC1,2025-05-31 03:45:00,4380.31,120.0,TRADE
VIC1,2025-05-31 03:50:00,4304.68,100.91,TRADE
VIC1,2025-05-31 03:55:00,4295.99,126.14,TRADE
VIC1,2025-05-31 04:00:00,4371.88,127.01,TRADE
VIC1,2025-05-31 04:05:00,4364.44,129.9,TRADE
VIC1,2025-05-31 04:10:00,4364.53,120.55,TRADE
VIC1,2025-05-31 04:15:00,4362.37,133.98,TRADE
VIC1,2025-05-31 04:20:00,4338.7,122.3,TRADE
VIC1,2025-05-31 04:25:00,4346.01,115.25,TRADE
VIC1,2025-05-31 04:30:00,4270.01,99.55,TRADE
VIC1,2025-05-31 04:35:00,4285.51,100.17,TRADE
VIC1,2025-05-31 04:40:00,4311.03,119.41,TRADE
VIC1,2025-05-31 04:45:00,4288.13,123.11,TRADE
VIC1,2025-05-31 04:50:00,4286.97,151.18,TRADE
VIC1,2025-05-31 04:55:00,4353.27,156.1,TRADE
VIC1,2025-05-31 05:00:00,4341.56,150.85,TRADE
VIC1,2025-05-31 05:05:00,4325.17,134.26,TRADE
VIC1,2025-05-31 05:10:00,4392.95,122.02,TRADE
VIC1,2025-05-31 05:15:00,4431.14,127.88,TRADE
VIC1,2025-05-31 05:20:00,4428.42,136.97,TRADE
VIC1,2025-05-31 05:25:00,4443.77,109.75,TRADE
VIC1,2025-05-31 05:30:00,4370.12,122.02,TRADE
VIC1,2025-05-31 05:35:00,4392.11,137.63,TRADE
VIC1,2025-05-31 05:40:00,4413.15,149.13,TRADE
VIC1,2025-05-31 05:45:00,4493.96,136.8,TRADE
VIC1,2025-05-31 05:50:00,4502.1,122.02,TRADE
VIC1,2025-05-31 05:55:00,4554.77,143.01,TRADE
VIC1,2025-05-31 06:00:00,4553.45,122.02,TRADE
VIC1,2025-05-31 06:05:00,4594.35,122.94,TRADE
VIC1,2025-05-31 06:10:00,4675.06,139.81,TRADE
VIC1,2025-05-31 06:15:00,4692.96,155.01,TRADE
VIC1,2025-05-31 06:20:00,4625.46,160.0,TRADE
VIC1,2025-05-31 06:25:00,4675.96,157.19,TRADE
VIC1,2025-05-31 06:30:00,4783.8,174.04,TRADE
VIC1,2025-05-31 06:35:00,4826.13,160.0,TRADE
VIC1,2025-05-31 06:40:00,4807.12,161.52,TRADE
VIC1,2025-05-31 06:45:00,4891.3,160.0,TRADE
VIC1,2025-05-31 06:50:00,4966.24,160.0,TRADE
VIC1,2025-05-31 06:55:00,5002.32,134.98,TRADE
VIC1,2025-05-31 07:00:00,4989.31,158.99,TRADE
VIC1,2025-05-31 07:05:00,5029.87,160.0,TRADE
VIC1,2025-05-31 07:10:00,5080.29,160.0,TRADE
VIC1,2025-05-31 07:15:00,5130.92,132.72,TRADE
VIC1,2025-05-31 07:20:00,5120.02,124.76,TRADE
VIC1,2025-05-31 07:25:00,5219.57,128.11,TRADE
VIC1,2025-05-31 07:30:00,5260.79,129.72,TRADE
VIC1,2025-05-31 07:35:00,5271.31,130.15,TRADE
VIC1,2025-05-31 07:40:00,5332.25,138.28,TRADE
VIC1,2025-05-31 07:45:00,5286.12,135.89,TRADE
VIC1,2025-05-31 07:50:00,5315.35,120.0,TRADE
VIC1,2025-05-31 07:55:00,5415.3,125.67,TRADE
VIC1,2025-05-31 08:00:00,5440.85,129.7,TRADE
VIC1,2025-05-31 08:05:00,5397.55,132.72,TRADE
VIC1,2025-05-31 08:10:00,5510.46,134.46,TRADE
VIC1,2025-05-31 08:15:00,5536.96,134.3,TRADE
VIC1,2025-05-31 08:20:00,5532.75,136.28,TRADE
VIC1,2025-05-31 08:25:00,5496.03,135.89,TRADE
VIC1,2025-05-31 08:30:00,5465.89,132.72,TRADE
VIC1,2025-05-31 08:35:00,5527.89,132.72,TRADE
VIC1,2025-05-31 08:40:00,5479.53,132.72,TRADE
VIC1,2025-05-31 08:45:00,5367.28,132.72,TRADE
VIC1,2025-05-31 08:50:00,5463.5,141.08,TRADE
VIC1,2025-05-31 08:55:00,5433.27,148.29,TRADE
VIC1,2025-05-31 09:00:00,5412.6,140.47,TRADE
VIC1,2025-05-31 09:05:00,5360.36,124.88,TRADE
VIC1,2025-05-31 09:10:00,5324.73,135.29,TRADE
VIC1,2025-05-31 09:15:00,5292.68,135.14,TRADE
VIC1,2025-05-31 09:20:00,5353.79,138.17,TRADE
VIC1,2025-05-31 09:25:00,5285.14,132.92,TRADE
VIC1,2025-05-31 09:30:00,5222.55,80.0,TRADE
VIC1,2025-05-31 09:35:00,5224.37,94.8,TRADE
VIC1,2025-05-31 09:40:00,5213.07,95.29,TRADE
VIC1,2025-05-31 09:45:00,5158.2,86.81,TRADE
VIC1,2025-05-31 09:50:00,5090.26,80.0,TRADE
VIC1,2025-05-31 09:55:00,4985.73,74.67,TRADE
VIC1,2025-05-31 10:00:00,4943.79,74.47,TRADE
VIC1,2025-05-31 10:05:00,4893.86,80.0,TRADE
VIC1,2025-05-31 10:10:00,4888.48,80.0,TRADE
VIC1,2025-05-31 10:15:00,4868.66,80.0,TRADE
VIC1,2025-05-31 10:20:00,4844.42,80.0,TRADE
VIC1,2025-05-31 10:25:00,4740.89,73.41,TRADE
VIC1,2025-05-31 10:30:00,4744.29,72.21,TRADE
VIC1,2025-05-31 10:35:00,4707.77,73.73,TRADE
VIC1,2025-05-31 10:40:00,4698.47,80.0,TRADE
VIC1,2025-05-31 10:45:00,4634.73,73.02,TRADE
VIC1,2025-05-31 10:50:00,4551.6,61.78,TRADE
VIC1,2025-05-31 10:55:00,4493.44,71.2,TRADE
VIC1,2025-05-31 11:00:00,4575.89,69.78,TRADE
VIC1,2025-05-31 11:05:00,4523.41,67.73,TRADE
VIC1,2025-05-31 11:10:00,4492.73,73.53,TRADE
VIC1,2025-05-31 11:15:00,4445.69,60.79,TRADE
VIC1,2025-05-31 11:20:00,4393.46,60.3,TRADE
VIC1,2025-05-31 11:25:00,4373.53,69.98,TRADE
VIC1,2025-05-31 11:30:00,4254.97,56.95,TRADE
VIC1,2025-05-31 11:35:00,4181.93,61.22,TRADE
VIC1,2025-05-31 11:40:00,4226.42,71.96,TRADE
VIC1,2025-05-31 11:45:00,4163.91,68.61,TRADE
VIC1,2025-05-31 11:50:00,4122.08,58.08,TRADE
VIC1,2025-05-31 11:55:00,4077.64,62.18,TRADE
VIC1,2025-05-31 12:00:00,4060.13,57.79,TRADE
VIC1,2025-05-31 12:05:00,3994.78,56.95,TRADE
VIC1,2025-05-31 12:10:00,3922.72,68.27,TRADE
VIC1,2025-05-31 12:15:00,3901.79,61.22,TRADE
VIC1,2025-05-31 12:20:00,3920.7,70.37,TRADE
VIC1,2025-05-31 12:25:00,3928.93,68.58,TRADE
VIC1,2025-05-31 12:30:00,3897.06,61.22,TRADE
VIC1,2025-05-31 12:35:00,3878.18,61.22,TRADE
VIC1,2025-05-31 12:40:00,3871.84,56.95,TRADE
VIC1,2025-05-31 12:45:00,3862.05,61.22,TRADE
VIC1,2025-05-31 12:50:00,3758.68,56.95,TRADE
VIC1,2025-05-31 12:55:00,3755.04,61.22,TRADE
VIC1,2025-05-31 13:00:00,3727.24,51.36,TRADE
VIC1,2025-05-31 13:05:00,3753.86,53.34,TRADE
VIC1,2025-05-31 13:10:00,3756.24,61.22,TRADE
VIC1,2025-05-31 13:15:00,3755.11,61.22,TRADE
VIC1,2025-05-31 13:20:00,3728.25,59.03,TRADE
VIC1,2025-05-31 13:25:00,3717.37,50.18,TRADE
VIC1,2025-05-31 13:30:00,3693.29,54.88,TRADE
VIC1,2025-05-31 13:35:00,3686.02,50.18,TRADE
VIC1,2025-05-31 13:40:00,3644.76,54.13,TRADE
VIC1,2025-05-31 13:45:00,3617.13,66.24,TRADE
VIC1,2025-05-31 13:50:00,3641.06,51.01,TRADE
VIC1,2025-05-31 13:55:00,3677.52,72.15,TRADE
VIC1,2025-05-31 14:00:00,3716.34,66.88,TRADE
VIC1,2025-05-31 14:05:00,3702.72,60.25,TRADE
VIC1,2025-05-31 14:10:00,3738.28,51.13,TRADE
VIC1,2025-05-31 14:15:00,3747.93,51.09,TRADE
VIC1,2025-05-31 14:20:00,3757.07,50.27,TRADE
VIC1,2025-05-31 14:25:00,3780.0,61.22,TRADE
VIC1,2025-05-31 14:30:00,3799.46,68.73,TRADE
VIC1,2025-05-31 14:35:00,3820.21,68.13,TRADE
VIC1,2025-05-31 14:40:00,3910.48,66.67,TRADE
VIC1,2025-05-31 14:45:00,3896.06,54.16,TRADE
VIC1,2025-05-31 14:50:00,3990.12,67.82,TRADE
VIC1,2025-05-31 14:55:00,4018.32,70.79,TRADE
VIC1,2025-05-31 15:00:00,4055.4,51.87,TRADE
VIC1,2025-05-31 15:05:00,4115.73,72.12,TRADE
VIC1,2025-05-31 15:10:00,4099.32,70.83,TRADE
VIC1,2025-05-31 15:15:00,4220.01,70.55,TRADE
VIC1,2025-05-31 15:20:00,4239.69,76.2,TRADE
VIC1,2025-05-31 15:25:00,4240.81,75.48,TRADE
VIC1,2025-05-31 15:30:00,4328.33,92.68,TRADE
VIC1,2025-05-31 15:35:00,4445.71,82.22,TRADE
VIC1,2025-05-31 15:40:00,4562.0,92.68,TRADE
VIC1,2025-05-31 15:45:00,4648.98,107.66,TRADE
VIC1,2025-05-31 15:50:00,4719.14,127.24,TRADE
VIC1,2025-05-31 15:55:00,4708.27,127.24,TRADE
VIC1,2025-05-31 16:00:00,4855.83,160.0,TRADE
VIC1,2025-05-31 16:05:00,4883.51,120.0,TRADE
VIC1,2025-05-31 16:10:00,5033.76,133.96,TRADE
VIC1,2025-05-31 16:15:00,5035.4,145.82,TRADE
VIC1,2025-05-31 16:20:00,5202.55,160.0,TRADE
VIC1,2025-05-31 16:25:00,5307.06,161.99,TRADE
VIC1,2025-05-31 16:30:00,5372.79,212.12,TRADE
VIC1,2025-05-31 16:35:00,5467.31,186.9,TRADE
VIC1,2025-05-31 16:40:00,5475.76,161.99,TRADE
VIC1,2025-05-31 16:45:00,5627.23,183.43,TRADE
VIC1,2025-05-31 16:50:00,5685.4,183.94,TRADE
VIC1,2025-05-31 16:55:00,5712.76,210.34,TRADE
VIC1,2025-05-31 17:00:00,5855.28,211.65,TRADE
VIC1,2025-05-31 17:05:00,5952.21,178.59,TRADE
VIC1,2025-05-31 17:10:00,6050.81,177.7,TRADE
VIC1,2025-05-31 17:15:00,6105.89,212.12,TRADE
VIC1,2025-05-31 17:20:00,6104.37,223.37,TRADE
VIC1,2025-05-31 17:25:00,6131.29,223.37,TRADE
VIC1,2025-05-31 17:30:00,6252.96,256.19,TRADE
VIC1,2025-05-31 17:35:00,6332.05,242.37,TRADE
VIC1,2025-05-31 17:40:00,6324.91,223.37,TRADE
VIC1,2025-05-31 17:45:00,6446.24,274.39,TRADE
VIC1,2025-05-31 17:50:00,6514.72,261.65,TRADE
VIC1,2025-05-31 17:55:00,6522.22,210.06,TRADE
VIC1,2025-05-31 18:00:00,6554.64,212.12,TRADE
VIC1,2025-05-31 18:05:00,6486.34,184.71,TRADE
VIC1,2025-05-31 18:10:00,6451.41,192.67,TRADE
VIC1,2025-05-31 18:15:00,6535.55,171.89,TRADE
VIC1,2025-05-31 18:20:00,6457.43,197.53,TRADE
VIC1,2025-05-31 18:25:00,6548.47,197.57,TRADE
VIC1,2025-05-31 18:30:00,6427.46,167.86,TRADE
VIC1,2025-05-31 18:35:00,6511.62,167.44,TRADE
VIC1,2025-05-31 18:40:00,6480.64,196.25,TRADE
VIC1,2025-05-31 18:45:00,6448.26,165.32,TRADE
VIC1,2025-05-31 18:50:00,6440.85,151.2,TRADE
VIC1,2025-05-31 18:55:00,6356.87,164.91,TRADE
VIC1,2025-05-31 19:00:00,6379.83,160.0,TRADE
VIC1,2025-05-31 19:05:00,6337.92,150.04,TRADE
VIC1,2025-05-31 19:10:00,6343.61,145.71,TRADE
VIC1,2025-05-31 19:15:00,6399.04,160.0,TRADE
VIC1,2025-05-31 19:20:00,6409.06,164.08,TRADE
VIC1,2025-05-31 19:25:00,6361.17,170.51,TRADE
VIC1,2025-05-31 19:30:00,6381.08,164.91,TRADE
VIC1,2025-05-31 19:35:00,6366.01,170.16,TRADE
VIC1,2025-05-31 19:40:00,6336.53,161.99,TRADE
VIC1,2025-05-31 19:45:00,6259.75,165.74,TRADE
VIC1,2025-05-31 19:50:00,6294.3,166.15,TRADE
VIC1,2025-05-31 19:55:00,6349.26,166.15,TRADE
VIC1,2025-05-31 20:00:00,6298.3,183.64,TRADE
VIC1,2025-05-31 20:05:00,6294.77,223.73,TRADE
VIC1,2025-05-31 20:10:00,6291.63,167.48,TRADE
VIC1,2025-05-31 20:15:00,6254.25,167.44,TRADE
VIC1,2025-05-31 20:20:00,6250.41,166.15,TRADE
VIC1,2025-05-31 20:25:00,6172.13,164.08,TRADE
VIC1,2025-05-31 20:30:00,6143.35,165.32,TRADE
VIC1,2025-05-31 20:35:00,6124.39,160.0,TRADE
VIC1,2025-05-31 20:40:00,6203.14,175.93,TRADE
VIC1,2025-05-31 20:45:00,6185.38,160.0,TRADE
VIC1,2025-05-31 20:50:00,6107.79,160.0,TRADE
VIC1,2025-05-31 20:55:00,6161.24,177.26,TRADE
VIC1,2025-05-31 21:00:00,6128.49,160.0,TRADE
VIC1,2025-05-31 21:05:00,6128.88,175.0,TRADE
VIC1,2025-05-31 21:10:00,6076.88,160.0,TRADE
VIC1,2025-05-31 21:15:00,6007.34,160.0,TRADE
VIC1,2025-05-31 21:20:00,5989.7,160.0,TRADE
VIC1,2025-05-31 21:25:00,6029.59,160.0,TRADE
VIC1,2025-05-31 21:30:00,6029.47,148.85,TRADE
VIC1,2025-05-31 21:35:00,5996.85,158.82,TRADE
VIC1,2025-05-31 21:40:00,5939.88,156.5,TRADE
VIC1,2025-05-31 21:45:00,5924.8,154.18,TRADE
VIC1,2025-05-31 21:50:00,5887.2,142.88,TRADE
VIC1,2025-05-31 21:55:00,5785.31,132.56,TRADE
VIC1,2025-05-31 22:00:00,5821.37,143.0,TRADE
VIC1,2025-05-31 22:05:00,5828.51,134.83,TRADE
VIC1,2025-05-31 22:10:00,5798.99,160.0,TRADE
VIC1,2025-05-31 22:15:00,5742.48,218.11,TRADE
VIC1,2025-05-31 22:20:00,5735.44,147.71,TRADE
VIC1,2025-05-31 22:25:00,5677.2,149.65,TRADE
VIC1,2025-05-31 22:30:00,5645.04,160.0,TRADE
VIC1,2025-05-31 22:35:00,5614.72,149.65,TRADE
VIC1,2025-05-31 22:40:00,5502.29,146.66,TRADE
VIC1,2025-05-31 22:45:00,5527.9,154.58,TRADE
VIC1,2025-05-31 22:50:00,5502.21,151.37,TRADE
VIC1,2025-05-31 22:55:00,5454.56,145.49,TRADE
VIC1,2025-05-31 23:00:00,5468.18,135.7,TRADE
VIC1,2025-05-31 23:05:00,5515.77,139.17,TRADE
VIC1,2025-05-31 23:10:00,5513.19,147.71,TRADE
VIC1,2025-05-31 23:15:00,5603.81,146.75,TRADE
VIC1,2025-05-31 23:20:00,5591.52,146.12,TRADE
VIC1,2025-05-31 23:25:00,5571.31,139.22,TRADE
VIC1,2025-05-31 23:30:00,5559.26,137.96,TRADE
VIC1,2025-05-31 23:35:00,5586.8,139.68,TRADE
VIC1,2025-05-31 23:40:00,5430.74,136.66,TRADE
VIC1,2025-05-31 23:45:00,5487.23,137.3,TRADE
VIC1,2025-05-31 23:50:00,5477.48,135.81,TRADE
VIC1,2025-05-31 23:55:00,5333.91,131.54,TRADE
VIC1,2025-09-06 00:00:00,5552.29,77.08,TRADE
VIC1,2025-09-06 00:05:00,5615.7,99.45,TRADE
VIC1,2025-09-06 00:10:00,5550.34,98.04,TRADE
VIC1,2025-09-06 00:15:00,5485.81,75.49,TRADE
VIC1,2025-09-06 00:20:00,5463.35,99.14,TRADE
VIC1,2025-09-06 00:25:00,5431.86,81.55,TRADE
VIC1,2025-09-06 00:30:00,5429.56,74.15,TRADE
VIC1,2025-09-06 00:35:00,5292.24,79.61,TRADE
VIC1,2025-09-06 00:40:00,5274.72,97.15,TRADE
VIC1,2025-09-06 00:45:00,5301.7,80.78,TRADE
VIC1,2025-09-06 00:50:00,5192.42,95.43,TRADE
VIC1,2025-09-06 00:55:00,5169.53,88.37,TRADE
VIC1,2025-09-06 01:00:00,5149.12,97.1,TRADE
VIC1,2025-09-06 01:05:00,5215.68,80.0,TRADE
VIC1,2025-09-06 01:10:00,5188.51,112.41,TRADE
VIC1,2025-09-06 01:15:00,5154.06,81.71,TRADE
VIC1,2025-09-06 01:20:00,5165.09,94.73,TRADE
VIC1,2025-09-06 01:25:00,5100.48,80.0,TRADE
VIC1,2025-09-06 01:30:00,5078.8,90.31,TRADE
VIC1,2025-09-06 01:35:00,4965.94,68.77,TRADE
VIC1,2025-09-06 01:40:00,4978.15,92.64,TRADE
VIC1,2025-09-06 01:45:00,4943.12,80.0,TRADE
VIC1,2025-09-06 01:50:00,4967.72,80.0,TRADE
VIC1,2025-09-06 01:55:00,4945.34,80.0,TRADE
VIC1,2025-09-06 02:00:00,4852.62,66.82,TRADE
VIC1,2025-09-06 02:05:00,4903.95,80.0,TRADE
VIC1,2025-09-06 02:10:00,4859.86,73.77,TRADE
VIC1,2025-09-06 02:15:00,4840.85,73.16,TRADE
VIC1,2025-09-06 02:20:00,4852.78,72.85,TRADE
VIC1,2025-09-06 02:25:00,4769.59,72.64,TRADE
VIC1,2025-09-06 02:30:00,4745.18,64.49,TRADE
VIC1,2025-09-06 02:35:00,4781.41,65.15,TRADE
VIC1,2025-09-06 02:40:00,4763.83,65.3,TRADE
VIC1,2025-09-06 02:45:00,4779.41,65.52,TRADE
VIC1,2025-09-06 02:50:00,4779.05,62.95,TRADE
VIC1,2025-09-06 02:55:00,4753.03,56.77,TRADE
VIC1,2025-09-06 03:00:00,4750.73,49.13,TRADE
VIC1,2025-09-06 03:05:00,4740.07,51.33,TRADE
VIC1,2025-09-06 03:10:00,4678.83,63.36,TRADE
VIC1,2025-09-06 03:15:00,4636.89,57.69,TRADE
VIC1,2025-09-06 03:20:00,4718.59,65.26,TRADE
VIC1,2025-09-06 03:25:00,4713.78,54.04,TRADE
VIC1,2025-09-06 03:30:00,4657.47,53.6,TRADE
VIC1,2025-09-06 03:35:00,4690.5,53.59,TRADE
VIC1,2025-09-06 03:40:00,4667.32,40.06,TRADE
VIC1,2025-09-06 03:45:00,4683.1,57.89,TRADE
VIC1,2025-09-06 03:50:00,4581.92,53.87,TRADE
VIC1,2025-09-06 03:55:00,4581.28,57.1,TRADE
VIC1,2025-09-06 04:00:00,4653.26,63.27,TRADE
VIC1,2025-09-06 04:05:00,4645.52,51.95,TRADE
VIC1,2025-09-06 04:10:00,4561.53,46.54,TRADE
VIC1,2025-09-06 04:15:00,4633.08,51.84,TRADE
VIC1,2025-09-06 04:20:00,4616.24,46.37,TRADE
VIC1,2025-09-06 04:25:00,4635.93,50.95,TRADE
VIC1,2025-09-06 04:30:00,4612.57,35.94,TRADE
VIC1,2025-09-06 04:35:00,4622.65,47.29,TRADE
VIC1,2025-09-06 04:40:00,4586.31,35.94,TRADE
VIC1,2025-09-06 04:45:00,4662.81,53.94,TRADE
VIC1,2025-09-06 04:50:00,4716.86,55.63,TRADE
VIC1,2025-09-06 04:55:00,4625.42,35.94,TRADE
VIC1,2025-09-06 05:00:00,4699.48,51.71,TRADE
VIC1,2025-09-06 05:05:00,4721.6,35.94,TRADE
VIC1,2025-09-06 05:10:00,4768.44,35.94,TRADE
VIC1,2025-09-06 05:15:00,4787.11,35.94,TRADE
VIC1,2025-09-06 05:20:00,4720.7,35.94,TRADE
VIC1,2025-09-06 05:25:00,4748.29,35.94,TRADE
VIC1,2025-09-06 05:30:00,4850.67,35.94,TRADE
VIC1,2025-09-06 05:35:00,4866.57,54.33,TRADE
VIC1,2025-09-06 05:40:00,4876.86,35.94,TRADE
VIC1,2025-09-06 05:45:00,4906.27,35.94,TRADE
VIC1,2025-09-06 05:50:00,4930.02,35.94,TRADE
VIC1,2025-09-06 05:55:00,4962.63,50.44,TRADE
VIC1,2025-09-06 06:00:00,4928.97,35.75,TRADE
VIC1,2025-09-06 06:05:00,4922.31,19.18,TRADE
VIC1,2025-09-06 06:10:00,5069.45,35.94,TRADE
VIC1,2025-09-06 06:15:00,5168.82,85.57,TRADE
VIC1,2025-09-06 06:20:00,5195.89,87.87,TRADE
VIC1,2025-09-06 06:25:00,5256.81,112.34,TRADE
VIC1,2025-09-06 06:30:00,5282.48,103.23,TRADE
VIC1,2025-09-06 06:35:00,5325.38,103.29,TRADE
VIC1,2025-09-06 06:40:00,5418.04,106.29,TRADE
VIC1,2025-09-06 06:45:00,5403.61,62.84,TRADE
VIC1,2025-09-06 06:50:00,5471.98,61.86,TRADE
VIC1,2025-09-06 06:55:00,5503.81,50.1,TRADE
VIC1,2025-09-06 07:00:00,5477.85,35.94,TRADE
VIC1,2025-09-06 07:05:00,5556.51,19.18,TRADE
VIC1,2025-09-06 07:10:00,5461.86,19.18,TRADE
VIC1,2025-09-06 07:15:00,5543.97,19.18,TRADE
VIC1,2025-09-06 07:20:00,5540.58,31.65,TRADE
VIC1,2025-09-06 07:25:00,5548.73,22.81,TRADE
VIC1,2025-09-06 07:30:00,5476.1,19.18,TRADE
VIC1,2025-09-06 07:35:00,5457.55,19.18,TRADE
VIC1,2025-09-06 07:40:00,5506.18,1.45,TRADE
VIC1,2025-09-06 07:45:00,5507.2,8.95,TRADE
VIC1,2025-09-06 07:50:00,5414.64,8.95,TRADE
VIC1,2025-09-06 07:55:00,5448.59,22.9,TRADE
VIC1,2025-09-06 08:00:00,5410.8,8.95,TRADE
VIC1,2025-09-06 08:05:00,5375.79,-6.16,TRADE
VIC1,2025-09-06 08:10:00,5359.06,-6.08,TRADE
VIC1,2025-09-06 08:15:00,5227.31,-6.08,TRADE
VIC1,2025-09-06 08:20:00,5166.75,-6.26,TRADE
VIC1,2025-09-06 08:25:00,5129.4,-10.33,TRADE
VIC1,2025-09-06 08:30:00,5040.81,-15.36,TRADE
VIC1,2025-09-06 08:35:00,4982.6,-9.9,TRADE
VIC1,2025-09-06 08:40:00,4936.07,-10.78,TRADE
VIC1,2025-09-06 08:45:00,4865.87,-9.73,TRADE
VIC1,2025-09-06 08:50:00,4757.0,-10.0,TRADE
VIC1,2025-09-06 08:55:00,4694.86,-13.97,TRADE
VIC1,2025-09-06 09:00:00,4630.41,-11.04,TRADE
VIC1,2025-09-06 09:05:00,4481.41,-10.21,TRADE
VIC1,2025-09-06 09:10:00,4262.44,-10.04,TRADE
VIC1,2025-09-06 09:15:00,4213.32,-11.01,TRADE
VIC1,2025-09-06 09:20:00,4197.59,-12.0,TRADE
VIC1,2025-09-06 09:25:00,4135.03,-12.29,TRADE
VIC1,2025-09-06 09:30:00,3974.44,-12.9,TRADE
VIC1,2025-09-06 09:35:00,3953.58,-12.9,TRADE
VIC1,2025-09-06 09:40:00,3861.08,-13.46,TRADE
VIC1,2025-09-06 09:45:00,3816.48,-13.75,TRADE
VIC1,2025-09-06 09:50:00,3712.5,-13.91,TRADE
VIC1,2025-09-06 09:55:00,3553.31,-13.01,TRADE
VIC1,2025-09-06 10:00:00,3414.71,-17.12,TRADE
VIC1,2025-09-06 10:05:00,3458.69,-20.61,TRADE
VIC1,2025-09-06 10:10:00,3399.14,-14.71,TRADE
VIC1,2025-09-06 10:15:00,3293.35,-14.56,TRADE
VIC1,2025-09-06 10:20:00,3265.94,-20.57,TRADE
VIC1,2025-09-06 10:25:00,3214.41,-18.07,TRADE
VIC1,2025-09-06 10:30:00,3154.38,-13.91,TRADE
VIC1,2025-09-06 10:35:00,3001.05,-19.0,TRADE
VIC1,2025-09-06 10:40:00,2966.71,-14.37,TRADE
VIC1,2025-09-06 10:45:00,2978.95,-14.37,TRADE
VIC1,2025-09-06 10:50:00,2928.15,-19.99,TRADE
VIC1,2025-09-06 10:55:00,2829.78,-20.0,TRADE
VIC1,2025-09-06 11:00:00,2811.82,-20.29,TRADE
VIC1,2025-09-06 11:05:00,2724.98,-20.37,TRADE
VIC1,2025-09-06 11:10:00,2707.11,-19.0,TRADE
VIC1,2025-09-06 11:15:00,2581.28,-19.99,TRADE
VIC1,2025-09-06 11:20:00,2530.44,-19.99,TRADE
VIC1,2025-09-06 11:25:00,2587.63,-19.99,TRADE
VIC1,2025-09-06 11:30:00,2520.02,-15.0,TRADE
VIC1,2025-09-06 11:35:00,2373.16,-19.99,TRADE
VIC1,2025-09-06 11:40:00,2391.44,-20.2,TRADE
VIC1,2025-09-06 11:45:00,2369.33,-20.99,TRADE
VIC1,2025-09-06 11:50:00,2344.41,-20.79,TRADE
VIC1,2025-09-06 11:55:00,2291.65,-21.28,TRADE
VIC1,2025-09-06 12:00:00,2215.26,-20.99,TRADE
VIC1,2025-09-06 12:05:00,2170.09,-20.99,TRADE
VIC1,2025-09-06 12:10:00,2230.19,-20.99,TRADE
VIC1,2025-09-06 12:15:00,2160.92,-20.99,TRADE
VIC1,2025-09-06 12:20:00,2173.87,-20.99,TRADE
VIC1,2025-09-06 12:25:00,2190.15,-20.74,TRADE
VIC1,2025-09-06 12:30:00,2163.64,-20.92,TRADE
VIC1,2025-09-06 12:35:00,2141.54,-20.37,TRADE
VIC1,2025-09-06 12:40:00,2073.13,-20.37,TRADE
VIC1,2025-09-06 12:45:00,2074.12,-20.99,TRADE
VIC1,2025-09-06 12:50:00,2140.09,-20.38,TRADE
VIC1,2025-09-06 12:55:00,2163.04,-20.0,TRADE
VIC1,2025-09-06 13:00:00,2096.91,-20.37,TRADE
VIC1,2025-09-06 13:05:00,2074.81,-20.46,TRADE
VIC1,2025-09-06 13:10:00,2165.94,-20.84,TRADE
VIC1,2025-09-06 13:15:00,2171.59,-20.53,TRADE
VIC1,2025-09-06 13:20:00,2091.74,-21.28,TRADE
VIC1,2025-09-06 13:25:00,2135.53,-20.59,TRADE
VIC1,2025-09-06 13:30:00,2149.53,-23.57,TRADE
VIC1,2025-09-06 13:35:00,2190.31,-20.84,TRADE
VIC1,2025-09-06 13:40:00,2210.88,-20.76,TRADE
VIC1,2025-09-06 13:45:00,2189.2,-20.87,TRADE
VIC1,2025-09-06 13:50:00,2293.39,-20.83,TRADE
VIC1,2025-09-06 13:55:00,2320.78,-20.52,TRADE
VIC1,2025-09-06 14:00:00,2316.6,-20.92,TRADE
VIC1,2025-09-06 14:05:00,2233.25,-20.99,TRADE
VIC1,2025-09-06 14:10:00,2165.56,-20.99,TRADE
VIC1,2025-09-06 14:15:00,2265.46,-21.28,TRADE
VIC1,2025-09-06 14:20:00,2296.32,-20.99,TRADE
VIC1,2025-09-06 14:25:00,2336.17,-20.99,TRADE
VIC1,2025-09-06 14:30:00,2364.9,-20.99,TRADE
VIC1,2025-09-06 14:35:00,2458.98,-20.99,TRADE
VIC1,2025-09-06 14:40:00,2577.54,-20.37,TRADE
VIC1,2025-09-06 14:45:00,2680.35,-19.99,TRADE
VIC1,2025-09-06 14:50:00,2757.35,-15.0,TRADE
VIC1,2025-09-06 14:55:00,2706.62,-15.0,TRADE
VIC1,2025-09-06 15:00:00,2799.24,-15.0,TRADE
VIC1,2025-09-06 15:05:00,2901.64,-14.02,TRADE
VIC1,2025-09-06 15:10:00,2932.03,-14.27,TRADE
VIC1,2025-09-06 15:15:00,2945.07,-14.37,TRADE
VIC1,2025-09-06 15:20:00,3061.08,-14.37,TRADE
VIC1,2025-09-06 15:25:00,3112.71,-14.68,TRADE
VIC1,2025-09-06 15:30:00,3016.09,-14.45,TRADE
VIC1,2025-09-06 15:35:00,3171.55,-14.55,TRADE
VIC1,2025-09-06 15:40:00,3294.57,-14.79,TRADE
VIC1,2025-09-06 15:45:00,3413.62,-14.2,TRADE
VIC1,2025-09-06 15:50:00,3422.17,-14.37,TRADE
VIC1,2025-09-06 15:55:00,3467.36,-14.06,TRADE
VIC1,2025-09-06 16:00:00,3643.9,-13.75,TRADE
VIC1,2025-09-06 16:05:00,3738.84,-14.16,TRADE
VIC1,2025-09-06 16:10:00,3907.01,-13.93,TRADE
VIC1,2025-09-06 16:15:00,3926.82,-13.75,TRADE
VIC1,2025-09-06 16:20:00,3933.44,-13.9,TRADE
VIC1,2025-09-06 16:25:00,4148.69,-10.0,TRADE
VIC1,2025-09-06 16:30:00,4187.61,-10.0,TRADE
VIC1,2025-09-06 16:35:00,4289.68,-10.0,TRADE
VIC1,2025-09-06 16:40:00,4461.9,-10.0,TRADE
VIC1,2025-09-06 16:45:00,4455.97,-10.0,TRADE
VIC1,2025-09-06 16:50:00,4537.24,-10.0,TRADE
VIC1,2025-09-06 16:55:00,4653.39,-6.16,TRADE
VIC1,2025-09-06 17:00:00,4781.01,-6.08,TRADE
VIC1,2025-09-06 17:05:00,4861.3,-6.08,TRADE
VIC1,2025-09-06 17:10:00,4959.18,9.25,TRADE
VIC1,2025-09-06 17:15:00,5022.7,-6.08,TRADE
VIC1,2025-09-06 17:20:00,5086.87,-6.08,TRADE
VIC1,2025-09-06 17:25:00,5168.45,0.01,TRADE
VIC1,2025-09-06 17:30:00,5165.15,0.01,TRADE
VIC1,2025-09-06 17:35:00,5255.0,8.95,TRADE
VIC1,2025-09-06 17:40:00,5283.71,20.18,TRADE
VIC1,2025-09-06 17:45:00,5388.16,8.95,TRADE
VIC1,2025-09-06 17:50:00,5421.04,8.95,TRADE
VIC1,2025-09-06 17:55:00,5477.77,8.95,TRADE
VIC1,2025-09-06 18:00:00,5492.06,8.95,TRADE
VIC1,2025-09-06 18:05:00,5530.2,13.19,TRADE
VIC1,2025-09-06 18:10:00,5536.83,20.67,TRADE
VIC1,2025-09-06 18:15:00,5491.48,8.95,TRADE
VIC1,2025-09-06 18:20:00,5544.89,8.95,TRADE
VIC1,2025-09-06 18:25:00,5563.88,8.95,TRADE
VIC1,2025-09-06 18:30:00,5734.31,16.93,TRADE
VIC1,2025-09-06 18:35:00,5743.17,8.95,TRADE
VIC1,2025-09-06 18:40:00,5705.85,8.95,TRADE
VIC1,2025-09-06 18:45:00,5735.47,8.95,TRADE
VIC1,2025-09-06 18:50:00,5734.92,8.95,TRADE
VIC1,2025-09-06 18:55:00,5717.74,8.95,TRADE
VIC1,2025-09-06 19:00:00,5695.42,9.25,TRADE
VIC1,2025-09-06 19:05:00,5581.66,0.01,TRADE
VIC1,2025-09-06 19:10:00,5590.92,2.29,TRADE
VIC1,2025-09-06 19:15:00,5566.92,8.95,TRADE
VIC1,2025-09-06 19:20:00,5548.96,8.95,TRADE
VIC1,2025-09-06 19:25:00,5556.79,8.95,TRADE
VIC1,2025-09-06 19:30:00,5581.61,57.11,TRADE
VIC1,2025-09-06 19:35:00,5531.7,20.28,TRADE
VIC1,2025-09-06 19:40:00,5567.23,33.89,TRADE
VIC1,2025-09-06 19:45:00,5526.13,8.95,TRADE
VIC1,2025-09-06 19:50:00,5520.84,8.95,TRADE
VIC1,2025-09-06 19:55:00,5503.39,8.95,TRADE
VIC1,2025-09-06 20:00:00,5497.14,8.95,TRADE
VIC1,2025-09-06 20:05:00,5404.82,2.11,TRADE
VIC1,2025-09-06 20:10:00,5410.7,8.95,TRADE
VIC1,2025-09-06 20:15:00,5331.5,8.95,TRADE
VIC1,2025-09-06 20:20:00,5381.26,13.8,TRADE
VIC1,2025-09-06 20:25:00,5385.02,8.95,TRADE
VIC1,2025-09-06 20:30:00,5332.94,3.75,TRADE
VIC1,2025-09-06 20:35:00,5321.49,8.95,TRADE
VIC1,2025-09-06 20:40:00,5332.58,8.95,TRADE
VIC1,2025-09-06 20:45:00,5329.98,8.95,TRADE
VIC1,2025-09-06 20:50:00,5222.53,8.95,TRADE
VIC1,2025-09-06 20:55:00,5206.34,8.95,TRADE
VIC1,2025-09-06 21:00:00,5200.59,8.95,TRADE
VIC1,2025-09-06 21:05:00,5150.06,8.95,TRADE
VIC1,2025-09-06 21:10:00,5206.78,8.95,TRADE
VIC1,2025-09-06 21:15:00,5179.24,8.95,TRADE
VIC1,2025-09-06 21:20:00,5159.61,4.2,TRADE
VIC1,2025-09-06 21:25:00,5157.24,8.95,TRADE
VIC1,2025-09-06 21:30:00,5095.81,8.95,TRADE
VIC1,2025-09-06 21:35:00,5105.27,8.95,TRADE
VIC1,2025-09-06 21:40:00,4972.84,0.01,TRADE
VIC1,2025-09-06 21:45:00,4978.89,0.01,TRADE
VIC1,2025-09-06 21:50:00,5019.91,5.11,TRADE
VIC1,2025-09-06 21:55:00,4956.9,-10.0,TRADE
VIC1,2025-09-06 22:00:00,4931.67,-9.9,TRADE
VIC1,2025-09-06 22:05:00,4909.14,0.01,TRADE
VIC1,2025-09-06 22:10:00,4873.25,-1.22,TRADE
VIC1,2025-09-06 22:15:00,4825.21,-10.0,TRADE
VIC1,2025-09-06 22:20:00,4835.4,-6.08,TRADE
VIC1,2025-09-06 22:25:00,4709.37,-6.16,TRADE
VIC1,2025-09-06 22:30:00,4788.79,-6.08,TRADE
VIC1,2025-09-06 22:35:00,4777.59,-0.37,TRADE
VIC1,2025-09-06 22:40:00,4742.42,0.01,TRADE
VIC1,2025-09-06 22:45:00,4752.81,0.01,TRADE
VIC1,2025-09-06 22:50:00,4675.84,-1.22,TRADE
VIC1,2025-09-06 22:55:00,4669.59,-6.08,TRADE
VIC1,2025-09-06 23:00:00,4655.98,-1.22,TRADE
VIC1,2025-09-06 23:05:00,4583.61,-6.08,TRADE
VIC1,2025-09-06 23:10:00,4748.44,0.01,TRADE
VIC1,2025-09-06 23:15:00,4789.45,4.1,TRADE
VIC1,2025-09-06 23:20:00,4739.88,0.01,TRADE
VIC1,2025-09-06 23:25:00,4821.13,4.1,TRADE
VIC1,2025-09-06 23:30:00,4837.85,-1.22,TRADE
VIC1,2025-09-06 23:35:00,4831.92,-6.08,TRADE
VIC1,2025-09-06 23:40:00,4716.16,2.1,TRADE
VIC1,2025-09-06 23:45:00,4686.38,-6.08,TRADE
VIC1,2025-09-06 23:50:00,4715.06,-6.16,TRADE
VIC1,2025-09-06 23:55:00,4690.83,-6.16,TRADE
VIC1,2025-09-07 00:00:00,4744.85,0.01,TRADE
VIC1,2025-09-07 00:05:00,4652.29,-6.16,TRADE
VIC1,2025-09-07 00:10:00,4695.58,-10.0,TRADE
VIC1,2025-09-07 00:15:00,4673.94,-6.16,TRADE
VIC1,2025-09-07 00:20:00,4651.41,-6.16,TRADE
VIC1,2025-09-07 00:25:00,4615.81,-10.0,TRADE
VIC1,2025-09-07 00:30:00,4526.19,-10.0,TRADE
VIC1,2025-09-07 00:35:00,4547.41,-9.9,TRADE
VIC1,2025-09-07 00:40:00,4498.14,-9.9,TRADE
VIC1,2025-09-07 00:45:00,4381.55,-10.0,TRADE
VIC1,2025-09-07 00:50:00,4422.99,-9.9,TRADE
VIC1,2025-09-07 00:55:00,4375.97,-10.0,TRADE
VIC1,2025-09-07 01:00:00,4319.82,-10.0,TRADE
VIC1,2025-09-07 01:05:00,4292.23,-10.0,TRADE
VIC1,2025-09-07 01:10:00,4252.23,-10.0,TRADE
VIC1,2025-09-07 01:15:00,4168.55,-10.0,TRADE
VIC1,2025-09-07 01:20:00,4216.19,-10.0,TRADE
VIC1,2025-09-07 01:25:00,4166.13,-10.0,TRADE
VIC1,2025-09-07 01:30:00,4108.79,-10.0,TRADE
VIC1,2025-09-07 01:35:00,4170.17,-10.0,TRADE
VIC1,2025-09-07 01:40:00,4140.18,-10.0,TRADE
VIC1,2025-09-07 01:45:00,4116.87,-10.0,TRADE
VIC1,2025-09-07 01:50:00,4088.33,-10.0,TRADE
VIC1,2025-09-07 01:55:00,3985.78,-10.0,TRADE
VIC1,2025-09-07 02:00:00,3950.11,-10.0,TRADE
VIC1,2025-09-07 02:05:00,3996.17,-10.0,TRADE
VIC1,2025-09-07 02:10:00,4009.27,-10.0,TRADE
VIC1,2025-09-07 02:15:00,3979.15,-10.0,TRADE
VIC1,2025-09-07 02:20:00,3944.57,-10.0,TRADE
VIC1,2025-09-07 02:25:00,3903.52,-10.0,TRADE
VIC1,2025-09-07 02:30:00,3887.95,-10.0,TRADE
VIC1,2025-09-07 02:35:00,3723.12,-14.47,TRADE
VIC1,2025-09-07 02:40:00,3723.0,-10.0,TRADE
VIC1,2025-09-07 02:45:00,3758.98,-10.0,TRADE
VIC1,2025-09-07 02:50:00,3736.66,-10.0,TRADE
VIC1,2025-09-07 02:55:00,3673.46,-14.61,TRADE
VIC1,2025-09-07 03:00:00,3744.11,-14.48,TRADE
VIC1,2025-09-07 03:05:00,3761.4,-14.46,TRADE
VIC1,2025-09-07 03:10:00,3800.36,-13.61,TRADE
VIC1,2025-09-07 03:15:00,3746.52,-14.15,TRADE
VIC1,2025-09-07 03:20:00,3736.77,-14.59,TRADE
VIC1,2025-09-07 03:25:00,3772.4,-14.37,TRADE
VIC1,2025-09-07 03:30:00,3770.54,-14.18,TRADE
VIC1,2025-09-07 03:35:00,3699.95,-14.13,TRADE
VIC1,2025-09-07 03:40:00,3729.87,-13.12,TRADE
VIC1,2025-09-07 03:45:00,3703.83,-13.83,TRADE
VIC1,2025-09-07 03:50:00,3686.48,-13.88,TRADE
VIC1,2025-09-07 03:55:00,3687.72,-13.89,TRADE
VIC1,2025-09-07 04:00:00,3627.71,-13.98,TRADE
VIC1,2025-09-07 04:05:00,3616.36,-13.68,TRADE
VIC1,2025-09-07 04:10:00,3670.44,-12.87,TRADE
VIC1,2025-09-07 04:15:00,3625.76,-13.84,TRADE
VIC1,2025-09-07 04:20:00,3651.21,-13.69,TRADE
VIC1,2025-09-07 04:25:00,3622.96,-14.0,TRADE
VIC1,2025-09-07 04:30:00,3609.59,-14.05,TRADE
VIC1,2025-09-07 04:35:00,3629.42,-14.19,TRADE
VIC1,2025-09-07 04:40:00,3636.45,-12.94,TRADE
VIC1,2025-09-07 04:45:00,3660.11,-12.87,TRADE
VIC1,2025-09-07 04:50:00,3590.59,-10.0,TRADE
VIC1,2025-09-07 04:55:00,3552.73,-12.69,TRADE
VIC1,2025-09-07 05:00:00,3563.81,-13.25,TRADE
VIC1,2025-09-07 05:05:00,3590.5,-12.0,TRADE
VIC1,2025-09-07 05:10:00,3635.38,-10.0,TRADE
VIC1,2025-09-07 05:15:00,3696.3,-10.0,TRADE
VIC1,2025-09-07 05:20:00,3733.6,-10.0,TRADE
VIC1,2025-09-07 05:25:00,3619.96,-10.0,TRADE
VIC1,2025-09-07 05:30:00,3668.9,-10.0,TRADE
VIC1,2025-09-07 05:35:00,3693.65,-10.0,TRADE
VIC1,2025-09-07 05:40:00,3725.2,-10.0,TRADE
VIC1,2025-09-07 05:45:00,3734.03,-10.0,TRADE
VIC1,2025-09-07 05:50:00,3660.05,-10.0,TRADE
VIC1,2025-09-07 05:55:00,3680.7,-10.0,TRADE
VIC1,2025-09-07 06:00:00,3748.3,-10.0,TRADE
VIC1,2025-09-07 06:05:00,3766.95,-10.0,TRADE
VIC1,2025-09-07 06:10:00,3809.51,-10.0,TRADE
VIC1,2025-09-07 06:15:00,3845.93,-10.0,TRADE
VIC1,2025-09-07 06:20:00,3885.57,-10.0,TRADE
VIC1,2025-09-07 06:25:00,3874.01,-10.0,TRADE
VIC1,2025-09-07 06:30:00,3834.54,-10.0,TRADE
VIC1,2025-09-07 06:35:00,3833.77,-10.0,TRADE
VIC1,2025-09-07 06:40:00,3947.39,-10.0,TRADE
VIC1,2025-09-07 06:45:00,3909.08,-7.96,TRADE
VIC1,2025-09-07 06:50:00,3924.25,-8.1,TRADE
VIC1,2025-09-07 06:55:00,3934.66,-7.03,TRADE
VIC1,2025-09-07 07:00:00,3970.7,-6.91,TRADE
VIC1,2025-09-07 07:05:00,3990.09,-0.08,TRADE
VIC1,2025-09-07 07:10:00,3872.33,-6.16,TRADE
VIC1,2025-09-07 07:15:00,3930.36,-6.16,TRADE
VIC1,2025-09-07 07:20:00,3959.39,-6.16,TRADE
VIC1,2025-09-07 07:25:00,3949.77,-6.16,TRADE
VIC1,2025-09-07 07:30:00,3960.34,-9.12,TRADE
VIC1,2025-09-07 07:35:00,3965.6,-9.24,TRADE
VIC1,2025-09-07 07:40:00,3977.19,-5.52,TRADE
VIC1,2025-09-07 07:45:00,3995.5,-8.51,TRADE
VIC1,2025-09-07 07:50:00,3926.76,-10.0,TRADE
VIC1,2025-09-07 07:55:00,3994.55,-6.0,TRADE
VIC1,2025-09-07 08:00:00,3925.81,-10.0,TRADE
VIC1,2025-09-07 08:05:00,3997.01,-10.0,TRADE
VIC1,2025-09-07 08:10:00,4060.04,-10.0,TRADE
VIC1,2025-09-07 08:15:00,4029.53,-10.0,TRADE
VIC1,2025-09-07 08:20:00,4017.67,-10.0,TRADE
VIC1,2025-09-07 08:25:00,4058.9,-10.0,TRADE
VIC1,2025-09-07 08:30:00,4055.94,-10.0,TRADE
VIC1,2025-09-07 08:35:00,4053.37,-10.69,TRADE
VIC1,2025-09-07 08:40:00,4011.13,-10.0,TRADE
VIC1,2025-09-07 08:45:00,4034.8,-10.0,TRADE
VIC1,2025-09-07 08:50:00,4094.74,-10.57,TRADE
VIC1,2025-09-07 08:55:00,4069.3,-11.95,TRADE
VIC1,2025-09-07 09:00:00,4033.3,-12.29,TRADE
VIC1,2025-09-07 09:05:00,4074.9,-10.22,TRADE
VIC1,2025-09-07 09:10:00,4020.96,-10.68,TRADE
VIC1,2025-09-07 09:15:00,4000.17,-10.78,TRADE
VIC1,2025-09-07 09:20:00,3853.34,-10.64,TRADE
VIC1,2025-09-07 09:25:00,3889.26,-10.27,TRADE
VIC1,2025-09-07 09:30:00,3938.01,-9.9,TRADE
VIC1,2025-09-07 09:35:00,3908.77,-10.0,TRADE
VIC1,2025-09-07 09:40:00,4059.56,-10.0,TRADE
VIC1,2025-09-07 09:45:00,4032.57,-10.7,TRADE
VIC1,2025-09-07 09:50:00,4168.03,-10.87,TRADE
VIC1,2025-09-07 09:55:00,4230.59,-11.57,TRADE
VIC1,2025-09-07 10:00:00,4302.4,-11.88,TRADE
VIC1,2025-09-07 10:05:00,4432.02,-11.71,TRADE
VIC1,2025-09-07 10:10:00,4480.34,-9.34,TRADE
VIC1,2025-09-07 10:15:00,4441.53,-10.0,TRADE
VIC1,2025-09-07 10:20:00,4494.31,-13.94,TRADE
VIC1,2025-09-07 10:25:00,4461.61,-16.38,TRADE
VIC1,2025-09-07 10:30:00,4477.4,-13.77,TRADE
VIC1,2025-09-07 10:35:00,4467.11,-12.91,TRADE
VIC1,2025-09-07 10:40:00,4494.24,-13.32,TRADE
VIC1,2025-09-07 10:45:00,4491.93,-14.87,TRADE
VIC1,2025-09-07 10:50:00,4496.57,-15.62,TRADE
VIC1,2025-09-07 10:55:00,4533.54,-16.05,TRADE
VIC1,2025-09-07 11:00:00,4538.54,-16.89,TRADE
VIC1,2025-09-07 11:05:00,4592.04,-16.38,TRADE
VIC1,2025-09-07 11:10:00,4626.24,-15.0,TRADE
VIC1,2025-09-07 11:15:00,4585.39,-13.7,TRADE
VIC1,2025-09-07 11:20:00,4685.4,-12.9,TRADE
VIC1,2025-09-07 11:25:00,4702.03,-14.97,TRADE
VIC1,2025-09-07 11:30:00,4726.87,-13.31,TRADE
VIC1,2025-09-07 11:35:00,4740.71,-16.38,TRADE
VIC1,2025-09-07 11:40:00,4689.18,-12.99,TRADE
VIC1,2025-09-07 11:45:00,4675.7,-16.38,TRADE
VIC1,2025-09-07 11:50:00,4654.77,-16.38,TRADE
VIC1,2025-09-07 11:55:00,4611.06,-19.25,TRADE
VIC1,2025-09-07 12:00:00,4546.02,-15.47,TRADE
VIC1,2025-09-07 12:05:00,4644.35,-15.88,TRADE
VIC1,2025-09-07 12:10:00,4689.13,-15.77,TRADE
VIC1,2025-09-07 12:15:00,4748.15,-16.1,TRADE
VIC1,2025-09-07 12:20:00,4609.09,-19.0,TRADE
VIC1,2025-09-07 12:25:00,4637.09,-12.0,TRADE
VIC1,2025-09-07 12:30:00,4704.4,-10.23,TRADE
VIC1,2025-09-07 12:35:00,4716.89,-12.0,TRADE
VIC1,2025-09-07 12:40:00,4568.78,-19.99,TRADE
VIC1,2025-09-07 12:45:00,4565.11,-19.99,TRADE
VIC1,2025-09-07 12:50:00,4523.08,-11.27,TRADE
VIC1,2025-09-07 12:55:00,4472.41,-19.0,TRADE
VIC1,2025-09-07 13:00:00,4361.44,-16.03,TRADE
VIC1,2025-09-07 13:05:00,4304.19,-17.07,TRADE
VIC1,2025-09-07 13:10:00,4172.04,-25.71,TRADE
VIC1,2025-09-07 13:15:00,3966.88,-50.22,TRADE
VIC1,2025-09-07 13:20:00,3868.46,-50.22,TRADE
VIC1,2025-09-07 13:25:00,3702.11,-56.99,TRADE
VIC1,2025-09-07 13:30:00,3705.89,-40.8,TRADE
VIC1,2025-09-07 13:35:00,3539.03,-59.46,TRADE
VIC1,2025-09-07 13:40:00,3452.91,-61.6,TRADE
VIC1,2025-09-07 13:45:00,3383.5,-59.46,TRADE
VIC1,2025-09-07 13:50:00,3471.7,-50.11,TRADE
VIC1,2025-09-07 13:55:00,3518.73,-50.11,TRADE
VIC1,2025-09-07 14:00:00,3678.84,-27.17,TRADE
VIC1,2025-09-07 14:05:00,3918.95,-22.32,TRADE
VIC1,2025-09-07 14:10:00,4042.03,-20.99,TRADE
VIC1,2025-09-07 14:15:00,3916.86,-21.28,TRADE
VIC1,2025-09-07 14:20:00,3884.68,-27.54,TRADE
VIC1,2025-09-07 14:25:00,3832.75,-49.69,TRADE
VIC1,2025-09-07 14:30:00,3763.73,-51.19,TRADE
VIC1,2025-09-07 14:35:00,3659.84,-56.29,TRADE
VIC1,2025-09-07 14:40:00,3682.12,-50.11,TRADE
VIC1,2025-09-07 14:45:00,3570.17,-59.46,TRADE
VIC1,2025-09-07 14:50:00,3469.83,-54.25,TRADE
VIC1,2025-09-07 14:55:00,3343.31,-62.51,TRADE
VIC1,2025-09-07 15:00:00,3265.37,-62.51,TRADE
VIC1,2025-09-07 15:05:00,3252.86,-27.0,TRADE
VIC1,2025-09-07 15:10:00,3153.6,-62.51,TRADE
VIC1,2025-09-07 15:15:00,3075.74,-62.51,TRADE
VIC1,2025-09-07 15:20:00,3111.4,-62.95,TRADE
VIC1,2025-09-07 15:25:00,3253.77,-50.22,TRADE
VIC1,2025-09-07 15:30:00,3286.29,-50.11,TRADE
VIC1,2025-09-07 15:35:00,3324.3,-59.46,TRADE
VIC1,2025-09-07 15:40:00,3373.67,-50.11,TRADE
VIC1,2025-09-07 15:45:00,3435.71,-51.5,TRADE
VIC1,2025-09-07 15:50:00,3526.66,-59.46,TRADE
VIC1,2025-09-07 15:55:00,3525.82,-59.46,TRADE
VIC1,2025-09-07 16:00:00,3569.68,-39.52,TRADE
VIC1,2025-09-07 16:05:00,3692.48,-52.3,TRADE
VIC1,2025-09-07 16:10:00,3749.6,-25.35,TRADE
VIC1,2025-09-07 16:15:00,3772.78,-21.28,TRADE
VIC1,2025-09-07 16:20:00,3848.78,-20.99,TRADE
VIC1,2025-09-07 16:25:00,3934.81,-12.99,TRADE
VIC1,2025-09-07 16:30:00,4023.08,-10.0,TRADE
VIC1,2025-09-07 16:35:00,4051.79,-10.0,TRADE
VIC1,2025-09-07 16:40:00,4064.11,-6.16,TRADE
VIC1,2025-09-07 16:45:00,4204.4,-6.16,TRADE
VIC1,2025-09-07 16:50:00,4379.88,0.01,TRADE
VIC1,2025-09-07 16:55:00,4535.57,8.95,TRADE
VIC1,2025-09-07 17:00:00,4531.87,8.88,TRADE
VIC1,2025-09-07 17:05:00,4644.08,-10.0,TRADE
VIC1,2025-09-07 17:10:00,4732.48,0.01,TRADE
VIC1,2025-09-07 17:15:00,4700.1,4.3,TRADE
VIC1,2025-09-07 17:20:00,4879.23,9.26,TRADE
VIC1,2025-09-07 17:25:00,4971.57,56.87,TRADE
VIC1,2025-09-07 17:30:00,4924.47,8.95,TRADE
VIC1,2025-09-07 17:35:00,5039.81,19.18,TRADE
VIC1,2025-09-07 17:40:00,5127.95,21.19,TRADE
VIC1,2025-09-07 17:45:00,5083.01,8.95,TRADE
VIC1,2025-09-07 17:50:00,5225.14,64.05,TRADE
VIC1,2025-09-07 17:55:00,5273.22,19.18,TRADE
VIC1,2025-09-07 18:00:00,5212.78,8.95,TRADE
VIC1,2025-09-07 18:05:00,5367.33,8.95,TRADE
VIC1,2025-09-07 18:10:00,5299.1,8.95,TRADE
VIC1,2025-09-07 18:15:00,5313.77,8.95,TRADE
VIC1,2025-09-07 18:20:00,5387.64,56.43,TRADE
VIC1,2025-09-07 18:25:00,5541.8,65.3,TRADE
VIC1,2025-09-07 18:30:00,5589.02,67.84,TRADE
VIC1,2025-09-07 18:35:00,5569.02,19.18,TRADE
VIC1,2025-09-07 18:40:00,5519.76,62.47,TRADE
VIC1,2025-09-07 18:45:00,5558.18,61.51,TRADE
VIC1,2025-09-07 18:50:00,5533.36,59.82,TRADE
VIC1,2025-09-07 18:55:00,5476.08,53.0,TRADE
VIC1,2025-09-07 19:00:00,5497.58,28.55,TRADE
VIC1,2025-09-07 19:05:00,5558.09,28.63,TRADE
VIC1,2025-09-07 19:10:00,5554.75,22.87,TRADE
VIC1,2025-09-07 19:15:00,5558.41,27.09,TRADE
VIC1,2025-09-07 19:20:00,5494.95,35.73,TRADE
VIC1,2025-09-07 19:25:00,5581.96,61.16,TRADE
VIC1,2025-09-07 19:30:00,5485.61,43.69,TRADE
VIC1,2025-09-07 19:35:00,5472.95,39.65,TRADE
VIC1,2025-09-07 19:40:00,5453.76,39.65,TRADE
VIC1,2025-09-07 19:45:00,5380.85,39.65,TRADE
VIC1,2025-09-07 19:50:00,5456.83,46.47,TRADE
VIC1,2025-09-07 19:55:00,5359.88,46.13,TRADE
VIC1,2025-09-07 20:00:00,5429.11,46.88,TRADE
VIC1,2025-09-07 20:05:00,5395.03,59.52,TRADE
VIC1,2025-09-07 20:10:00,5367.66,52.86,TRADE
VIC1,2025-09-07 20:15:00,5249.63,19.18,TRADE
VIC1,2025-09-07 20:20:00,5247.25,46.5,TRADE
VIC1,2025-09-07 20:25:00,5308.14,47.14,TRADE
VIC1,2025-09-07 20:30:00,5346.07,49.89,TRADE
VIC1,2025-09-07 20:35:00,5268.38,0.57,TRADE
VIC1,2025-09-07 20:40:00,5277.12,58.62,TRADE
VIC1,2025-09-07 20:45:00,5270.06,59.88,TRADE
VIC1,2025-09-07 20:50:00,5250.57,60.73,TRADE
VIC1,2025-09-07 20:55:00,5169.4,61.02,TRADE
VIC1,2025-09-07 21:00:00,5208.51,61.56,TRADE
VIC1,2025-09-07 21:05:00,5193.31,61.03,TRADE
VIC1,2025-09-07 21:10:00,5099.11,60.21,TRADE
VIC1,2025-09-07 21:15:00,5136.65,61.04,TRADE
VIC1,2025-09-07 21:20:00,5115.16,60.56,TRADE
VIC1,2025-09-07 21:25:00,5091.96,54.74,TRADE
VIC1,2025-09-07 21:30:00,5084.3,48.14,TRADE
VIC1,2025-09-07 21:35:00,4972.39,49.89,TRADE
VIC1,2025-09-07 21:40:00,4971.33,60.69,TRADE
VIC1,2025-09-07 21:45:00,4913.11,47.07,TRADE
VIC1,2025-09-07 21:50:00,4985.31,62.4,TRADE
VIC1,2025-09-07 21:55:00,4891.02,47.15,TRADE
VIC1,2025-09-07 22:00:00,4899.72,47.12,TRADE
VIC1,2025-09-07 22:05:00,4845.94,46.8,TRADE
VIC1,2025-09-07 22:10:00,4856.85,59.39,TRADE
VIC1,2025-09-07 22:15:00,4830.0,46.46,TRADE
VIC1,2025-09-07 22:20:00,4674.5,35.94,TRADE
VIC1,2025-09-07 22:25:00,4786.24,46.78,TRADE
VIC1,2025-09-07 22:30:00,4749.73,47.07,TRADE
VIC1,2025-09-07 22:35:00,4759.08,47.05,TRADE
VIC1,2025-09-07 22:40:00,4697.37,46.78,TRADE
VIC1,2025-09-07 22:45:00,4710.08,47.12,TRADE
VIC1,2025-09-07 22:50:00,4693.54,47.05,TRADE
VIC1,2025-09-07 22:55:00,4569.18,46.33,TRADE
VIC1,2025-09-07 23:00:00,4660.28,47.02,TRADE
VIC1,2025-09-07 23:05:00,4587.06,35.94,TRADE
VIC1,2025-09-07 23:10:00,4686.53,56.59,TRADE
VIC1,2025-09-07 23:15:00,4731.1,54.72,TRADE
VIC1,2025-09-07 23:20:00,4688.88,48.05,TRADE
VIC1,2025-09-07 23:25:00,4746.62,55.63,TRADE
VIC1,2025-09-07 23:30:00,4762.3,48.49,TRADE
VIC1,2025-09-07 23:35:00,4808.17,47.67,TRADE
VIC1,2025-09-07 23:40:00,4710.09,47.54,TRADE
VIC1,2025-09-07 23:45:00,4651.62,47.91,TRADE
VIC1,2025-09-07 23:50:00,4636.37,47.6,TRADE
VIC1,2025-09-07 23:55:00,4561.16,35.94,TRADE
VIC1,2025-09-13 00:00:00,5298.64,161.48,TRADE
VIC1,2025-09-13 00:05:00,5305.72,227.81,TRADE
VIC1,2025-09-13 00:10:00,5284.07,227.8,TRADE
VIC1,2025-09-13 00:15:00,5230.36,230.41,TRADE
VIC1,2025-09-13 00:20:00,5147.24,163.83,TRADE
VIC1,2025-09-13 00:25:00,5167.36,190.85,TRADE
VIC1,2025-09-13 00:30:00,5156.52,163.4,TRADE
VIC1,2025-09-13 00:35:00,5049.62,162.24,TRADE
VIC1,2025-09-13 00:40:00,5062.76,207.58,TRADE
VIC1,2025-09-13 00:45:00,5056.56,191.88,TRADE
VIC1,2025-09-13 00:50:00,5055.48,160.27,TRADE
VIC1,2025-09-13 00:55:00,4994.25,158.97,TRADE
VIC1,2025-09-13 01:00:00,4924.37,163.32,TRADE
VIC1,2025-09-13 01:05:00,4888.08,164.51,TRADE
VIC1,2025-09-13 01:10:00,4901.1,227.97,TRADE
VIC1,2025-09-13 01:15:00,4919.45,153.33,TRADE
VIC1,2025-09-13 01:20:00,4807.0,147.83,TRADE
VIC1,2025-09-13 01:25:00,4852.59,156.77,TRADE
VIC1,2025-09-13 01:30:00,4832.1,205.54,TRADE
VIC1,2025-09-13 01:35:00,4727.8,196.12,TRADE
VIC1,2025-09-13 01:40:00,4751.48,154.01,TRADE
VIC1,2025-09-13 01:45:00,4753.58,132.72,TRADE
VIC1,2025-09-13 01:50:00,4601.48,147.77,TRADE
VIC1,2025-09-13 01:55:00,4603.24,132.72,TRADE
VIC1,2025-09-13 02:00:00,4625.01,151.21,TRADE
VIC1,2025-09-13 02:05:00,4664.46,132.72,TRADE
VIC1,2025-09-13 02:10:00,4560.17,161.87,TRADE
VIC1,2025-09-13 02:15:00,4599.89,162.07,TRADE
VIC1,2025-09-13 02:20:00,4584.09,132.72,TRADE
VIC1,2025-09-13 02:25:00,4546.64,142.43,TRADE
VIC1,2025-09-13 02:30:00,4507.99,132.72,TRADE
VIC1,2025-09-13 02:35:00,4410.13,132.72,TRADE
VIC1,2025-09-13 02:40:00,4455.59,132.72,TRADE
VIC1,2025-09-13 02:45:00,4442.71,132.72,TRADE
VIC1,2025-09-13 02:50:00,4454.38,141.59,TRADE
VIC1,2025-09-13 02:55:00,4424.39,132.25,TRADE
VIC1,2025-09-13 03:00:00,4384.24,120.9,TRADE
VIC1,2025-09-13 03:05:00,4402.7,162.77,TRADE
VIC1,2025-09-13 03:10:00,4431.14,161.33,TRADE
VIC1,2025-09-13 03:15:00,4312.77,132.72,TRADE
VIC1,2025-09-13 03:20:00,4345.7,136.24,TRADE
VIC1,2025-09-13 03:25:00,4400.62,161.4,TRADE
VIC1,2025-09-13 03:30:00,4394.99,159.76,TRADE
VIC1,2025-09-13 03:35:00,4428.13,165.02,TRADE
VIC1,2025-09-13 03:40:00,4413.92,151.8,TRADE
VIC1,2025-09-13 03:45:00,4443.8,177.4,TRADE
VIC1,2025-09-13 03:50:00,4438.25,179.0,TRADE
VIC1,2025-09-13 03:55:00,4420.13,165.07,TRADE
VIC1,2025-09-13 04:00:00,4363.8,163.89,TRADE
VIC1,2025-09-13 04:05:00,4354.39,158.97,TRADE
VIC1,2025-09-13 04:10:00,4453.01,158.97,TRADE
VIC1,2025-09-13 04:15:00,4429.99,158.97,TRADE
VIC1,2025-09-13 04:20:00,4365.27,158.97,TRADE
VIC1,2025-09-13 04:25:00,4425.44,166.96,TRADE
VIC1,2025-09-13 04:30:00,4433.52,159.85,TRADE
VIC1,2025-09-13 04:35:00,4446.03,160.34,TRADE
VIC1,2025-09-13 04:40:00,4437.41,158.97,TRADE
VIC1,2025-09-13 04:45:00,4387.81,194.32,TRADE
VIC1,2025-09-13 04:50:00,4359.4,158.97,TRADE
VIC1,2025-09-13 04:55:00,4420.04,158.97,TRADE
VIC1,2025-09-13 05:00:00,4450.84,210.63,TRADE
VIC1,2025-09-13 05:05:00,4466.54,158.97,TRADE
VIC1,2025-09-13 05:10:00,4498.42,158.97,TRADE
VIC1,2025-09-13 05:15:00,4477.73,158.97,TRADE
VIC1,2025-09-13 05:20:00,4504.11,158.97,TRADE
VIC1,2025-09-13 05:25:00,4542.8,158.97,TRADE
VIC1,2025-09-13 05:30:00,4482.61,158.97,TRADE
VIC1,2025-09-13 05:35:00,4503.38,156.81,TRADE
VIC1,2025-09-13 05:40:00,4513.06,158.97,TRADE
VIC1,2025-09-13 05:45:00,4620.28,164.18,TRADE
VIC1,2025-09-13 05:50:00,4636.98,158.97,TRADE
VIC1,2025-09-13 05:55:00,4632.72,158.35,TRADE
VIC1,2025-09-13 06:00:00,4706.03,213.5,TRADE
VIC1,2025-09-13 06:05:00,4703.12,158.97,TRADE
VIC1,2025-09-13 06:10:00,4802.2,292.64,TRADE
VIC1,2025-09-13 06:15:00,4713.79,233.67,TRADE
VIC1,2025-09-13 06:20:00,4759.79,234.27,TRADE
VIC1,2025-09-13 06:25:00,4865.19,290.43,TRADE
VIC1,2025-09-13 06:30:00,4889.77,227.97,TRADE
VIC1,2025-09-13 06:35:00,4867.45,197.76,TRADE
VIC1,2025-09-13 06:40:00,4952.39,209.33,TRADE
VIC1,2025-09-13 06:45:00,4955.46,180.43,TRADE
VIC1,2025-09-13 06:50:00,4985.75,166.76,TRADE
VIC1,2025-09-13 06:55:00,4958.11,225.56,TRADE
VIC1,2025-09-13 07:00:00,4943.81,160.1,TRADE
VIC1,2025-09-13 07:05:00,4965.45,132.72,TRADE
VIC1,2025-09-13 07:10:00,4998.28,132.72,TRADE
VIC1,2025-09-13 07:15:00,5040.95,159.2,TRADE
VIC1,2025-09-13 07:20:00,4960.67,164.39,TRADE
VIC1,2025-09-13 07:25:00,4967.0,161.86,TRADE
VIC1,2025-09-13 07:30:00,4969.66,131.89,TRADE
VIC1,2025-09-13 07:35:00,4937.44,131.92,TRADE
VIC1,2025-09-13 07:40:00,4882.46,117.77,TRADE
VIC1,2025-09-13 07:45:00,4878.38,59.61,TRADE
VIC1,2025-09-13 07:50:00,4943.14,19.18,TRADE
VIC1,2025-09-13 07:55:00,4880.58,36.29,TRADE
VIC1,2025-09-13 08:00:00,4910.27,8.5,TRADE
VIC1,2025-09-13 08:05:00,4913.47,8.95,TRADE
VIC1,2025-09-13 08:10:00,4885.42,37.93,TRADE
VIC1,2025-09-13 08:15:00,4897.84,45.24,TRADE
VIC1,2025-09-13 08:20:00,4895.07,19.18,TRADE
VIC1,2025-09-13 08:25:00,4827.8,13.19,TRADE
VIC1,2025-09-13 08:30:00,4750.49,8.5,TRADE
VIC1,2025-09-13 08:35:00,4650.42,19.18,TRADE
VIC1,2025-09-13 08:40:00,4636.64,2.41,TRADE
VIC1,2025-09-13 08:45:00,4666.53,8.95,TRADE
VIC1,2025-09-13 08:50:00,4574.34,0.06,TRADE
VIC1,2025-09-13 08:55:00,4502.53,0.06,TRADE
VIC1,2025-09-13 09:00:00,4438.36,0.0,TRADE
VIC1,2025-09-13 09:05:00,4417.4,0.06,TRADE
VIC1,2025-09-13 09:10:00,4384.54,5.26,TRADE
VIC1,2025-09-13 09:15:00,4276.26,-0.5,TRADE
VIC1,2025-09-13 09:20:00,4139.25,-3.23,TRADE
VIC1,2025-09-13 09:25:00,4063.17,-6.08,TRADE
VIC1,2025-09-13 09:30:00,4035.91,0.06,TRADE
VIC1,2025-09-13 09:35:00,3973.19,12.42,TRADE
VIC1,2025-09-13 09:40:00,3849.04,0.01,TRADE
VIC1,2025-09-13 09:45:00,3865.29,-9.56,TRADE
VIC1,2025-09-13 09:50:00,3886.94,0.0,TRADE
VIC1,2025-09-13 09:55:00,3836.13,-6.16,TRADE
VIC1,2025-09-13 10:00:00,3814.36,-10.0,TRADE
VIC1,2025-09-13 10:05:00,3729.01,-10.0,TRADE
VIC1,2025-09-13 10:10:00,3792.63,-9.14,TRADE
VIC1,2025-09-13 10:15:00,3845.41,-9.56,TRADE
VIC1,2025-09-13 10:20:00,3874.4,-9.56,TRADE
VIC1,2025-09-13 10:25:00,3768.55,-10.52,TRADE
VIC1,2025-09-13 10:30:00,3843.06,-9.56,TRADE
VIC1,2025-09-13 10:35:00,3845.2,-8.58,TRADE
VIC1,2025-09-13 10:40:00,3843.18,-10.0,TRADE
VIC1,2025-09-13 10:45:00,3684.09,-12.0,TRADE
VIC1,2025-09-13 10:50:00,3698.67,-10.01,TRADE
VIC1,2025-09-13 10:55:00,3682.27,-9.56,TRADE
VIC1,2025-09-13 11:00:00,3778.75,-10.0,TRADE
VIC1,2025-09-13 11:05:00,3748.83,-10.0,TRADE
VIC1,2025-09-13 11:10:00,3845.54,-9.56,TRADE
VIC1,2025-09-13 11:15:00,3874.77,-0.01,TRADE
VIC1,2025-09-13 11:20:00,3953.59,-10.0,TRADE
VIC1,2025-09-13 11:25:00,3940.31,-11.0,TRADE
VIC1,2025-09-13 11:30:00,3943.13,-10.0,TRADE
VIC1,2025-09-13 11:35:00,3859.91,-10.0,TRADE
VIC1,2025-09-13 11:40:00,3863.5,-10.0,TRADE
VIC1,2025-09-13 11:45:00,3833.18,-11.0,TRADE
VIC1,2025-09-13 11:50:00,3846.3,-10.0,TRADE
VIC1,2025-09-13 11:55:00,3745.18,-10.0,TRADE
VIC1,2025-09-13 12:00:00,3811.5,-10.0,TRADE
VIC1,2025-09-13 12:05:00,3827.29,-10.0,TRADE
VIC1,2025-09-13 12:10:00,3797.89,-0.01,TRADE
VIC1,2025-09-13 12:15:00,3782.07,-10.0,TRADE
VIC1,2025-09-13 12:20:00,3742.11,0.0,TRADE
VIC1,2025-09-13 12:25:00,3676.86,0.0,TRADE
VIC1,2025-09-13 12:30:00,3691.96,0.0,TRADE
VIC1,2025-09-13 12:35:00,3602.12,-11.0,TRADE
VIC1,2025-09-13 12:40:00,3588.02,-8.09,TRADE
VIC1,2025-09-13 12:45:00,3574.73,-6.16,TRADE
VIC1,2025-09-13 12:50:00,3581.5,-6.16,TRADE
VIC1,2025-09-13 12:55:00,3543.9,-11.44,TRADE
VIC1,2025-09-13 13:00:00,3454.64,-10.65,TRADE
VIC1,2025-09-13 13:05:00,3381.93,-9.9,TRADE
VIC1,2025-09-13 13:10:00,3383.33,-10.0,TRADE
VIC1,2025-09-13 13:15:00,3385.62,-11.35,TRADE
VIC1,2025-09-13 13:20:00,3328.3,-11.33,TRADE
VIC1,2025-09-13 13:25:00,3300.55,-12.9,TRADE
VIC1,2025-09-13 13:30:00,3394.51,-11.42,TRADE
VIC1,2025-09-13 13:35:00,3342.64,-11.27,TRADE
VIC1,2025-09-13 13:40:00,3361.97,-12.0,TRADE
VIC1,2025-09-13 13:45:00,3301.76,-12.61,TRADE
VIC1,2025-09-13 13:50:00,3317.46,-11.19,TRADE
VIC1,2025-09-13 13:55:00,3344.34,-11.12,TRADE
VIC1,2025-09-13 14:00:00,3404.33,-11.1,TRADE
VIC1,2025-09-13 14:05:00,3372.55,-12.48,TRADE
VIC1,2025-09-13 14:10:00,3455.52,-12.68,TRADE
VIC1,2025-09-13 14:15:00,3505.45,-12.58,TRADE
VIC1,2025-09-13 14:20:00,3567.51,-10.0,TRADE
VIC1,2025-09-13 14:25:00,3587.59,-11.09,TRADE
VIC1,2025-09-13 14:30:00,3607.68,-8.09,TRADE
VIC1,2025-09-13 14:35:00,3691.68,0.0,TRADE
VIC1,2025-09-13 14:40:00,3741.97,0.0,TRADE
VIC1,2025-09-13 14:45:00,3833.58,0.0,TRADE
VIC1,2025-09-13 14:50:00,3907.67,0.0,TRADE
VIC1,2025-09-13 14:55:00,3854.47,0.0,TRADE
VIC1,2025-09-13 15:00:00,3983.55,34.14,TRADE
VIC1,2025-09-13 15:05:00,3957.66,0.0,TRADE
VIC1,2025-09-13 15:10:00,4048.43,0.01,TRADE
VIC1,2025-09-13 15:15:00,4114.93,87.75,TRADE
VIC1,2025-09-13 15:20:00,4116.74,86.62,TRADE
VIC1,2025-09-13 15:25:00,4262.88,87.4,TRADE
VIC1,2025-09-13 15:30:00,4306.9,112.98,TRADE
VIC1,2025-09-13 15:35:00,4250.01,49.83,TRADE
VIC1,2025-09-13 15:40:00,4344.05,55.58,TRADE
VIC1,2025-09-13 15:45:00,4446.59,90.77,TRADE
VIC1,2025-09-13 15:50:00,4489.05,132.72,TRADE
VIC1,2025-09-13 15:55:00,4532.81,92.26,TRADE
VIC1,2025-09-13 16:00:00,4527.83,97.73,TRADE
VIC1,2025-09-13 16:05:00,4546.99,90.0,TRADE
VIC1,2025-09-13 16:10:00,4710.35,79.72,TRADE
VIC1,2025-09-13 16:15:00,4779.55,73.52,TRADE
VIC1,2025-09-13 16:20:00,4769.09,35.94,TRADE
VIC1,2025-09-13 16:25:00,4863.4,45.17,TRADE
VIC1,2025-09-13 16:30:00,4945.75,90.0,TRADE
VIC1,2025-09-13 16:35:00,4963.85,90.0,TRADE
VIC1,2025-09-13 16:40:00,5034.55,90.0,TRADE
VIC1,2025-09-13 16:45:00,5071.61,85.35,TRADE
VIC1,2025-09-13 16:50:00,5166.24,90.0,TRADE
VIC1,2025-09-13 16:55:00,5191.02,98.38,TRADE
VIC1,2025-09-13 17:00:00,5239.91,131.95,TRADE
VIC1,2025-09-13 17:05:00,5379.69,134.16,TRADE
VIC1,2025-09-13 17:10:00,5428.96,158.97,TRADE
VIC1,2025-09-13 17:15:00,5436.85,162.84,TRADE
VIC1,2025-09-13 17:20:00,5553.44,200.89,TRADE
VIC1,2025-09-13 17:25:00,5590.83,158.97,TRADE
VIC1,2025-09-13 17:30:00,5647.3,239.66,TRADE
VIC1,2025-09-13 17:35:00,5625.95,223.38,TRADE
VIC1,2025-09-13 17:40:00,5636.91,235.66,TRADE
VIC1,2025-09-13 17:45:00,5669.7,227.27,TRADE
VIC1,2025-09-13 17:50:00,5769.05,270.82,TRADE
VIC1,2025-09-13 17:55:00,5787.63,297.51,TRADE
VIC1,2025-09-13 18:00:00,5872.59,299.29,TRADE
VIC1,2025-09-13 18:05:00,5802.62,246.11,TRADE
VIC1,2025-09-13 18:10:00,5946.67,299.5,TRADE
VIC1,2025-09-13 18:15:00,5943.24,270.82,TRADE
VIC1,2025-09-13 18:20:00,5994.06,277.69,TRADE
VIC1,2025-09-13 18:25:00,5998.43,270.82,TRADE
VIC1,2025-09-13 18:30:00,5961.53,270.82,TRADE
VIC1,2025-09-13 18:35:00,5978.2,270.82,TRADE
VIC1,2025-09-13 18:40:00,6049.59,270.82,TRADE
VIC1,2025-09-13 18:45:00,6008.0,270.82,TRADE
VIC1,2025-09-13 18:50:00,6061.88,270.82,TRADE
VIC1,2025-09-13 18:55:00,5999.56,239.66,TRADE
VIC1,2025-09-13 19:00:00,6058.6,235.66,TRADE
VIC1,2025-09-13 19:05:00,6047.18,237.68,TRADE
VIC1,2025-09-13 19:10:00,6051.08,280.78,TRADE
VIC1,2025-09-13 19:15:00,6019.94,273.8,TRADE
VIC1,2025-09-13 19:20:00,5928.69,270.82,TRADE
VIC1,2025-09-13 19:25:00,6016.91,273.62,TRADE
VIC1,2025-09-13 19:30:00,6016.63,224.07,TRADE
VIC1,2025-09-13 19:35:00,5944.58,231.44,TRADE
VIC1,2025-09-13 19:40:00,5990.84,180.83,TRADE
VIC1,2025-09-13 19:45:00,5998.41,172.24,TRADE
VIC1,2025-09-13 19:50:00,5937.81,227.97,TRADE
VIC1,2025-09-13 19:55:00,5966.81,227.97,TRADE
VIC1,2025-09-13 20:00:00,5832.45,227.97,TRADE
VIC1,2025-09-13 20:05:00,5902.11,227.97,TRADE
VIC1,2025-09-13 20:10:00,5879.41,214.4,TRADE
VIC1,2025-09-13 20:15:00,5879.88,234.79,TRADE
VIC1,2025-09-13 20:20:00,5852.2,274.71,TRADE
VIC1,2025-09-13 20:25:00,5823.49,227.97,TRADE
VIC1,2025-09-13 20:30:00,5810.85,158.97,TRADE
VIC1,2025-09-13 20:35:00,5818.35,160.7,TRADE
VIC1,2025-09-13 20:40:00,5711.31,143.87,TRADE
VIC1,2025-09-13 20:45:00,5673.58,158.97,TRADE
VIC1,2025-09-13 20:50:00,5723.29,172.82,TRADE
VIC1,2025-09-13 20:55:00,5706.03,193.73,TRADE
VIC1,2025-09-13 21:00:00,5629.59,172.72,TRADE
VIC1,2025-09-13 21:05:00,5685.82,175.19,TRADE
VIC1,2025-09-13 21:10:00,5686.32,158.97,TRADE
VIC1,2025-09-13 21:15:00,5684.96,155.55,TRADE
VIC1,2025-09-13 21:20:00,5569.09,139.22,TRADE
VIC1,2025-09-13 21:25:00,5555.12,139.4,TRADE
VIC1,2025-09-13 21:30:00,5597.05,132.72,TRADE
VIC1,2025-09-13 21:35:00,5564.3,139.17,TRADE
VIC1,2025-09-13 21:40:00,5529.16,157.95,TRADE
VIC1,2025-09-13 21:45:00,5506.32,141.47,TRADE
VIC1,2025-09-13 21:50:00,5482.08,142.7,TRADE
VIC1,2025-09-13 21:55:00,5446.03,141.53,TRADE
VIC1,2025-09-13 22:00:00,5435.91,137.31,TRADE
VIC1,2025-09-13 22:05:00,5474.81,142.64,TRADE
VIC1,2025-09-13 22:10:00,5496.24,158.97,TRADE
VIC1,2025-09-13 22:15:00,5200.98,132.72,TRADE
VIC1,2025-09-13 22:20:00,5355.59,148.7,TRADE
VIC1,2025-09-13 22:25:00,5366.99,149.8,TRADE
VIC1,2025-09-13 22:30:00,5314.5,131.76,TRADE
VIC1,2025-09-13 22:35:00,5346.94,152.95,TRADE
VIC1,2025-09-13 22:40:00,5212.81,127.16,TRADE
VIC1,2025-09-13 22:45:00,5229.17,132.77,TRADE
VIC1,2025-09-13 22:50:00,5265.92,134.98,TRADE
VIC1,2025-09-13 22:55:00,5204.71,124.17,TRADE
VIC1,2025-09-13 23:00:00,5164.93,112.92,TRADE
VIC1,2025-09-13 23:05:00,5244.65,120.0,TRADE
VIC1,2025-09-13 23:10:00,5292.11,113.29,TRADE
VIC1,2025-09-13 23:15:00,5302.13,132.72,TRADE
VIC1,2025-09-13 23:20:00,5209.97,108.18,TRADE
VIC1,2025-09-13 23:25:00,5172.34,98.37,TRADE
VIC1,2025-09-13 23:30:00,5222.16,106.89,TRADE
VIC1,2025-09-13 23:35:00,5281.29,108.0,TRADE
VIC1,2025-09-13 23:40:00,5167.39,104.42,TRADE
VIC1,2025-09-13 23:45:00,5169.48,101.97,TRADE
VIC1,2025-09-13 23:50:00,5178.64,99.45,TRADE
VIC1,2025-09-13 23:55:00,5117.28,85.56,TRADE
VIC1,2025-09-14 00:00:00,4978.52,73.4,TRADE
VIC1,2025-09-14 00:05:00,5008.76,98.33,TRADE
VIC1,2025-09-14 00:10:00,4945.13,96.99,TRADE
VIC1,2025-09-14 00:15:00,4952.43,81.23,TRADE
VIC1,2025-09-14 00:20:00,4941.25,78.89,TRADE
VIC1,2025-09-14 00:25:00,4927.11,83.81,TRADE
VIC1,2025-09-14 00:30:00,4898.36,85.78,TRADE
VIC1,2025-09-14 00:35:00,4822.69,76.13,TRADE
VIC1,2025-09-14 00:40:00,4802.08,98.84,TRADE
VIC1,2025-09-14 00:45:00,4774.65,95.63,TRADE
VIC1,2025-09-14 00:50:00,4698.64,93.03,TRADE
VIC1,2025-09-14 00:55:00,4669.14,84.23,TRADE
VIC1,2025-09-14 01:00:00,4666.8,78.94,TRADE
VIC1,2025-09-14 01:05:00,4678.68,85.94,TRADE
VIC1,2025-09-14 01:10:00,4599.97,84.46,TRADE
VIC1,2025-09-14 01:15:00,4610.21,73.72,TRADE
VIC1,2025-09-14 01:20:00,4599.88,68.29,TRADE
VIC1,2025-09-14 01:25:00,4573.49,70.52,TRADE
VIC1,2025-09-14 01:30:00,4530.58,51.63,TRADE
VIC1,2025-09-14 01:35:00,4451.61,57.14,TRADE
VIC1,2025-09-14 01:40:00,4479.54,68.13,TRADE
VIC1,2025-09-14 01:45:00,4428.6,67.56,TRADE
VIC1,2025-09-14 01:50:00,4391.55,72.03,TRADE
VIC1,2025-09-14 01:55:00,4329.41,71.49,TRADE
VIC1,2025-09-14 02:00:00,4323.83,71.06,TRADE
VIC1,2025-09-14 02:05:00,4321.64,67.12,TRADE
VIC1,2025-09-14 02:10:00,4234.19,63.16,TRADE
VIC1,2025-09-14 02:15:00,4268.0,67.92,TRADE
VIC1,2025-09-14 02:20:00,4202.48,55.2,TRADE
VIC1,2025-09-14 02:25:00,4241.73,60.84,TRADE
VIC1,2025-09-14 02:30:00,4235.34,8.95,TRADE
VIC1,2025-09-14 02:35:00,4184.49,8.15,TRADE
VIC1,2025-09-14 02:40:00,4155.29,8.15,TRADE
VIC1,2025-09-14 02:45:00,4138.87,6.39,TRADE
VIC1,2025-09-14 02:50:00,4125.01,8.5,TRADE
VIC1,2025-09-14 02:55:00,4096.9,8.95,TRADE
VIC1,2025-09-14 03:00:00,4034.44,8.5,TRADE
VIC1,2025-09-14 03:05:00,4020.39,8.95,TRADE
VIC1,2025-09-14 03:10:00,3984.36,8.95,TRADE
VIC1,2025-09-14 03:15:00,4082.12,8.95,TRADE
VIC1,2025-09-14 03:20:00,4064.93,8.95,TRADE
VIC1,2025-09-14 03:25:00,4046.56,8.95,TRADE
VIC1,2025-09-14 03:30:00,3973.88,0.0,TRADE
VIC1,2025-09-14 03:35:00,4020.04,8.95,TRADE
VIC1,2025-09-14 03:40:00,4034.65,20.04,TRADE
VIC1,2025-09-14 03:45:00,3973.32,0.0,TRADE
VIC1,2025-09-14 03:50:00,3952.69,8.95,TRADE
VIC1,2025-09-14 03:55:00,4016.89,9.66,TRADE
VIC1,2025-09-14 04:00:00,4011.09,0.0,TRADE
VIC1,2025-09-14 04:05:00,4037.66,0.0,TRADE
VIC1,2025-09-14 04:10:00,3969.52,-3.07,TRADE
VIC1,2025-09-14 04:15:00,3986.09,0.0,TRADE
VIC1,2025-09-14 04:20:00,3966.63,0.0,TRADE
VIC1,2025-09-14 04:25:00,3989.65,0.01,TRADE
VIC1,2025-09-14 04:30:00,3910.13,0.0,TRADE
VIC1,2025-09-14 04:35:00,3876.95,0.0,TRADE
VIC1,2025-09-14 04:40:00,3941.18,8.95,TRADE
VIC1,2025-09-14 04:45:00,3983.64,0.0,TRADE
VIC1,2025-09-14 04:50:00,3951.94,0.0,TRADE
VIC1,2025-09-14 04:55:00,3965.23,0.0,TRADE
VIC1,2025-09-14 05:00:00,3974.9,0.0,TRADE
VIC1,2025-09-14 05:05:00,3992.81,0.0,TRADE
VIC1,2025-09-14 05:10:00,3943.53,0.0,TRADE
VIC1,2025-09-14 05:15:00,3944.21,-0.19,TRADE
VIC1,2025-09-14 05:20:00,3966.41,0.0,TRADE
VIC1,2025-09-14 05:25:00,3942.15,-0.42,TRADE
VIC1,2025-09-14 05:30:00,3963.95,-2.44,TRADE
VIC1,2025-09-14 05:35:00,4036.83,0.0,TRADE
VIC1,2025-09-14 05:40:00,4033.09,0.22,TRADE
VIC1,2025-09-14 05:45:00,4006.74,-6.08,TRADE
VIC1,2025-09-14 05:50:00,4108.35,-6.08,TRADE
VIC1,2025-09-14 05:55:00,4183.66,2.42,TRADE
VIC1,2025-09-14 06:00:00,4193.46,2.42,TRADE
VIC1,2025-09-14 06:05:00,4128.69,-0.42,TRADE
VIC1,2025-09-14 06:10:00,4155.56,-6.08,TRADE
VIC1,2025-09-14 06:15:00,4242.56,2.43,TRADE
VIC1,2025-09-14 06:20:00,4262.57,2.46,TRADE
VIC1,2025-09-14 06:25:00,4204.0,0.0,TRADE
VIC1,2025-09-14 06:30:00,4259.08,0.0,TRADE
VIC1,2025-09-14 06:35:00,4318.06,-0.42,TRADE
VIC1,2025-09-14 06:40:00,4324.33,-1.45,TRADE
VIC1,2025-09-14 06:45:00,4253.53,-6.16,TRADE
VIC1,2025-09-14 06:50:00,4207.67,-6.16,TRADE
VIC1,2025-09-14 06:55:00,4230.09,-6.16,TRADE
VIC1,2025-09-14 07:00:00,4308.77,-10.0,TRADE
VIC1,2025-09-14 07:05:00,4308.07,-10.0,TRADE
VIC1,2025-09-14 07:10:00,4203.51,-10.0,TRADE
VIC1,2025-09-14 07:15:00,4195.66,-10.0,TRADE
VIC1,2025-09-14 07:20:00,4188.68,-10.0,TRADE
VIC1,2025-09-14 07:25:00,4150.22,-13.88,TRADE
VIC1,2025-09-14 07:30:00,4049.05,-21.28,TRADE
VIC1,2025-09-14 07:35:00,3973.9,-21.28,TRADE
VIC1,2025-09-14 07:40:00,3998.21,-21.28,TRADE
VIC1,2025-09-14 07:45:00,3947.84,-21.28,TRADE
VIC1,2025-09-14 07:50:00,3822.49,-50.11,TRADE
VIC1,2025-09-14 07:55:00,3875.85,-22.63,TRADE
VIC1,2025-09-14 08:00:00,3786.34,-50.11,TRADE
VIC1,2025-09-14 08:05:00,3752.59,-21.28,TRADE
VIC1,2025-09-14 08:10:00,3701.07,-22.23,TRADE
VIC1,2025-09-14 08:15:00,3711.6,-22.73,TRADE
VIC1,2025-09-14 08:20:00,3724.37,-23.11,TRADE
VIC1,2025-09-14 08:25:00,3707.0,-23.64,TRADE
VIC1,2025-09-14 08:30:00,3653.35,-23.94,TRADE
VIC1,2025-09-14 08:35:00,3514.57,-23.69,TRADE
VIC1,2025-09-14 08:40:00,3524.48,-21.28,TRADE
VIC1,2025-09-14 08:45:00,3452.36,-23.13,TRADE
VIC1,2025-09-14 08:50:00,3366.38,-43.48,TRADE
VIC1,2025-09-14 08:55:00,3350.72,-36.13,TRADE
VIC1,2025-09-14 09:00:00,3179.58,-50.22,TRADE
VIC1,2025-09-14 09:05:00,3162.27,-50.22,TRADE
VIC1,2025-09-14 09:10:00,3106.01,-50.22,TRADE
VIC1,2025-09-14 09:15:00,3039.36,-59.46,TRADE
VIC1,2025-09-14 09:20:00,2940.08,-62.51,TRADE
VIC1,2025-09-14 09:25:00,2897.17,-59.46,TRADE
VIC1,2025-09-14 09:30:00,2832.75,-60.0,TRADE
VIC1,2025-09-14 09:35:00,2788.31,-62.51,TRADE
VIC1,2025-09-14 09:40:00,2711.86,-50.22,TRADE
VIC1,2025-09-14 09:45:00,2564.61,-50.22,TRADE
VIC1,2025-09-14 09:50:00,2477.51,-62.51,TRADE
VIC1,2025-09-14 09:55:00,2542.98,-62.51,TRADE
VIC1,2025-09-14 10:00:00,2440.26,-62.51,TRADE
VIC1,2025-09-14 10:05:00,2394.74,-62.95,TRADE
VIC1,2025-09-14 10:10:00,2365.92,-62.95,TRADE
VIC1,2025-09-14 10:15:00,2317.63,-66.31,TRADE
VIC1,2025-09-14 10:20:00,2422.02,-66.3,TRADE
VIC1,2025-09-14 10:25:00,2303.66,-66.31,TRADE
VIC1,2025-09-14 10:30:00,2237.42,-66.31,TRADE
VIC1,2025-09-14 10:35:00,2212.56,-66.31,TRADE
VIC1,2025-09-14 10:40:00,2142.56,-66.31,TRADE
VIC1,2025-09-14 10:45:00,2200.77,-66.31,TRADE
VIC1,2025-09-14 10:50:00,2168.34,-78.18,TRADE
VIC1,2025-09-14 10:55:00,2181.8,-68.67,TRADE
VIC1,2025-09-14 11:00:00,2106.4,-66.96,TRADE
VIC1,2025-09-14 11:05:00,2052.8,-66.31,TRADE
VIC1,2025-09-14 11:10:00,2022.07,-66.31,TRADE
VIC1,2025-09-14 11:15:00,2017.2,-66.31,TRADE
VIC1,2025-09-14 11:20:00,1961.14,-67.03,TRADE
VIC1,2025-09-14 11:25:00,2013.82,-68.51,TRADE
VIC1,2025-09-14 11:30:00,2028.89,-66.31,TRADE
VIC1,2025-09-14 11:35:00,1975.0,-67.23,TRADE
VIC1,2025-09-14 11:40:00,1974.35,-66.31,TRADE
VIC1,2025-09-14 11:45:00,1953.13,-66.31,TRADE
VIC1,2025-09-14 11:50:00,1945.84,-66.31,TRADE
VIC1,2025-09-14 11:55:00,1921.46,-66.31,TRADE
VIC1,2025-09-14 12:00:00,1879.17,-66.31,TRADE
VIC1,2025-09-14 12:05:00,1845.72,-66.31,TRADE
VIC1,2025-09-14 12:10:00,1837.32,-66.31,TRADE
VIC1,2025-09-14 12:15:00,1839.5,-65.19,TRADE
VIC1,2025-09-14 12:20:00,1833.98,-65.46,TRADE
VIC1,2025-09-14 12:25:00,1914.97,-62.95,TRADE
VIC1,2025-09-14 12:30:00,1927.59,-62.95,TRADE
VIC1,2025-09-14 12:35:00,1879.75,-65.48,TRADE
VIC1,2025-09-14 12:40:00,1864.54,-62.95,TRADE
VIC1,2025-09-14 12:45:00,1897.15,-62.95,TRADE
VIC1,2025-09-14 12:50:00,1890.73,-63.5,TRADE
VIC1,2025-09-14 12:55:00,1897.68,-62.95,TRADE
VIC1,2025-09-14 13:00:00,1811.89,-65.12,TRADE
VIC1,2025-09-14 13:05:00,1842.44,-62.51,TRADE
VIC1,2025-09-14 13:10:00,1913.28,-62.95,TRADE
VIC1,2025-09-14 13:15:00,1971.64,-59.46,TRADE
VIC1,2025-09-14 13:20:00,1912.69,-59.46,TRADE
VIC1,2025-09-14 13:25:00,2005.31,-60.0,TRADE
VIC1,2025-09-14 13:30:00,2034.44,-60.0,TRADE
VIC1,2025-09-14 13:35:00,2067.69,-50.22,TRADE
VIC1,2025-09-14 13:40:00,2034.93,-59.46,TRADE
VIC1,2025-09-14 13:45:00,1998.15,-60.0,TRADE
VIC1,2025-09-14 13:50:00,2011.2,-62.51,TRADE
VIC1,2025-09-14 13:55:00,2032.04,-62.51,TRADE
VIC1,2025-09-14 14:00:00,2127.95,-62.51,TRADE
VIC1,2025-09-14 14:05:00,2114.62,-63.5,TRADE
VIC1,2025-09-14 14:10:00,2083.08,-66.31,TRADE
VIC1,2025-09-14 14:15:00,2095.02,-66.05,TRADE
VIC1,2025-09-14 14:20:00,2159.8,-66.31,TRADE
VIC1,2025-09-14 14:25:00,2162.67,-66.31,TRADE
VIC1,2025-09-14 14:30:00,2161.7,-63.41,TRADE
VIC1,2025-09-14 14:35:00,2169.22,-66.31,TRADE
VIC1,2025-09-14 14:40:00,2230.09,-66.31,TRADE
VIC1,2025-09-14 14:45:00,2314.67,-66.31,TRADE
VIC1,2025-09-14 14:50:00,2306.43,-50.22,TRADE
VIC1,2025-09-14 14:55:00,2355.72,-50.22,TRADE
VIC1,2025-09-14 15:00:00,2415.82,-60.0,TRADE
VIC1,2025-09-14 15:05:00,2500.5,-58.81,TRADE
VIC1,2025-09-14 15:10:00,2554.12,-50.22,TRADE
VIC1,2025-09-14 15:15:00,2513.15,-57.94,TRADE
VIC1,2025-09-14 15:20:00,2573.61,-58.04,TRADE
VIC1,2025-09-14 15:25:00,2740.23,-50.11,TRADE
VIC1,2025-09-14 15:30:00,2785.8,-37.56,TRADE
VIC1,2025-09-14 15:35:00,2800.3,-50.11,TRADE
VIC1,2025-09-14 15:40:00,2968.06,-66.31,TRADE
VIC1,2025-09-14 15:45:00,3172.72,-50.11,TRADE
VIC1,2025-09-14 15:50:00,3171.61,-62.51,TRADE
VIC1,2025-09-14 15:55:00,3282.62,-50.11,TRADE
VIC1,2025-09-14 16:00:00,3261.95,-59.46,TRADE
VIC1,2025-09-14 16:05:00,3453.43,-28.41,TRADE
VIC1,2025-09-14 16:10:00,3534.82,-36.13,TRADE
VIC1,2025-09-14 16:15:00,3549.75,-50.22,TRADE
VIC1,2025-09-14 16:20:00,3671.53,-24.14,TRADE
VIC1,2025-09-14 16:25:00,3665.27,-21.28,TRADE
VIC1,2025-09-14 16:30:00,3755.19,-21.28,TRADE
VIC1,2025-09-14 16:35:00,3728.14,-23.24,TRADE
VIC1,2025-09-14 16:40:00,3784.55,-21.28,TRADE
VIC1,2025-09-14 16:45:00,3878.68,-23.19,TRADE
VIC1,2025-09-14 16:50:00,4073.52,-21.28,TRADE
VIC1,2025-09-14 16:55:00,4126.24,-21.28,TRADE
VIC1,2025-09-14 17:00:00,4160.14,-19.99,TRADE
VIC1,2025-09-14 17:05:00,4369.35,-12.02,TRADE
VIC1,2025-09-14 17:10:00,4411.67,-10.0,TRADE
VIC1,2025-09-14 17:15:00,4434.42,-11.0,TRADE
VIC1,2025-09-14 17:20:00,4500.23,-6.16,TRADE
VIC1,2025-09-14 17:25:00,4542.15,-6.16,TRADE
VIC1,2025-09-14 17:30:00,4568.25,-0.42,TRADE
VIC1,2025-09-14 17:35:00,4646.07,0.01,TRADE
VIC1,2025-09-14 17:40:00,4813.66,20.0,TRADE
VIC1,2025-09-14 17:45:00,4859.66,19.0,TRADE
VIC1,2025-09-14 17:50:00,4982.33,30.66,TRADE
VIC1,2025-09-14 17:55:00,5038.36,30.66,TRADE
VIC1,2025-09-14 18:00:00,5097.74,8.95,TRADE
VIC1,2025-09-14 18:05:00,5087.08,30.66,TRADE
VIC1,2025-09-14 18:10:00,5077.33,19.0,TRADE
VIC1,2025-09-14 18:15:00,5234.09,63.55,TRADE
VIC1,2025-09-14 18:20:00,5241.12,0.0,TRADE
VIC1,2025-09-14 18:25:00,5257.78,8.95,TRADE
VIC1,2025-09-14 18:30:00,5336.45,19.0,TRADE
VIC1,2025-09-14 18:35:00,5401.04,19.0,TRADE
VIC1,2025-09-14 18:40:00,5439.81,19.0,TRADE
VIC1,2025-09-14 18:45:00,5455.8,19.0,TRADE
VIC1,2025-09-14 18:50:00,5394.74,8.95,TRADE
VIC1,2025-09-14 18:55:00,5373.17,63.75,TRADE
VIC1,2025-09-14 19:00:00,5471.58,1.25,TRADE
VIC1,2025-09-14 19:05:00,5422.96,0.0,TRADE
VIC1,2025-09-14 19:10:00,5414.2,0.01,TRADE
VIC1,2025-09-14 19:15:00,5391.73,0.0,TRADE
VIC1,2025-09-14 19:20:00,5421.97,8.95,TRADE
VIC1,2025-09-14 19:25:00,5406.85,64.02,TRADE
VIC1,2025-09-14 19:30:00,5320.32,0.0,TRADE
VIC1,2025-09-14 19:35:00,5286.94,0.0,TRADE
VIC1,2025-09-14 19:40:00,5296.02,30.66,TRADE
VIC1,2025-09-14 19:45:00,5274.88,0.0,TRADE
VIC1,2025-09-14 19:50:00,5310.05,0.0,TRADE
VIC1,2025-09-14 19:55:00,5266.82,30.66,TRADE
VIC1,2025-09-14 20:00:00,5279.83,19.0,TRADE
VIC1,2025-09-14 20:05:00,5249.87,19.0,TRADE
VIC1,2025-09-14 20:10:00,5156.74,1.27,TRADE
VIC1,2025-09-14 20:15:00,5150.72,8.15,TRADE
VIC1,2025-09-14 20:20:00,5159.23,8.95,TRADE
VIC1,2025-09-14 20:25:00,5206.84,15.58,TRADE
VIC1,2025-09-14 20:30:00,5070.33,0.01,TRADE
VIC1,2025-09-14 20:35:00,5161.27,46.3,TRADE
VIC1,2025-09-14 20:40:00,5134.93,8.95,TRADE
VIC1,2025-09-14 20:45:00,5077.01,8.95,TRADE
VIC1,2025-09-14 20:50:00,5037.76,8.95,TRADE
VIC1,2025-09-14 20:55:00,4959.94,8.23,TRADE
VIC1,2025-09-14 21:00:00,5028.56,19.0,TRADE
VIC1,2025-09-14 21:05:00,5003.38,19.0,TRADE
VIC1,2025-09-14 21:10:00,5018.45,60.47,TRADE
VIC1,2025-09-14 21:15:00,4969.89,60.44,TRADE
VIC1,2025-09-14 21:20:00,4940.87,0.0,TRADE
VIC1,2025-09-14 21:25:00,4950.91,60.9,TRADE
VIC1,2025-09-14 21:30:00,4829.13,-10.0,TRADE
VIC1,2025-09-14 21:35:00,4895.34,8.95,TRADE
VIC1,2025-09-14 21:40:00,4849.12,-10.0,TRADE
VIC1,2025-09-14 21:45:00,4716.74,-10.0,TRADE
VIC1,2025-09-14 21:50:00,4732.23,-0.42,TRADE
VIC1,2025-09-14 21:55:00,4716.97,-6.08,TRADE
VIC1,2025-09-14 22:00:00,4688.6,-6.08,TRADE
VIC1,2025-09-14 22:05:00,4612.71,-0.38,TRADE
VIC1,2025-09-14 22:10:00,4639.17,4.09,TRADE
VIC1,2025-09-14 22:15:00,4618.95,19.0,TRADE
VIC1,2025-09-14 22:20:00,4632.16,19.0,TRADE
VIC1,2025-09-14 22:25:00,4603.7,0.01,TRADE
VIC1,2025-09-14 22:30:00,4494.24,-3.48,TRADE
VIC1,2025-09-14 22:35:00,4572.67,0.01,TRADE
VIC1,2025-09-14 22:40:00,4519.2,4.09,TRADE
VIC1,2025-09-14 22:45:00,4417.37,2.11,TRADE
VIC1,2025-09-14 22:50:00,4493.72,-6.08,TRADE
VIC1,2025-09-14 22:55:00,4493.09,-0.42,TRADE
VIC1,2025-09-14 23:00:00,4482.65,4.09,TRADE
VIC1,2025-09-14 23:05:00,4357.98,-0.37,TRADE
VIC1,2025-09-14 23:10:00,4486.82,-6.08,TRADE
VIC1,2025-09-14 23:15:00,4598.36,4.09,TRADE
VIC1,2025-09-14 23:20:00,4527.21,4.09,TRADE
VIC1,2025-09-14 23:25:00,4521.05,-0.42,TRADE
VIC1,2025-09-14 23:30:00,4598.2,0.01,TRADE
VIC1,2025-09-14 23:35:00,4582.3,4.09,TRADE
VIC1,2025-09-14 23:40:00,4524.17,-0.42,TRADE
VIC1,2025-09-14 23:45:00,4494.21,-6.08,TRADE
VIC1,2025-09-14 23:50:00,4470.04,4.09,TRADE
VIC1,2025-09-14 23:55:00,4446.67,4.09,TRADE
VIC1,2025-09-20 00:00:00,4827.05,8.95,TRADE
VIC1,2025-09-20 00:05:00,4724.0,8.95,TRADE
VIC1,2025-09-20 00:10:00,4768.82,0.0,TRADE
VIC1,2025-09-20 00:15:00,4748.04,0.0,TRADE
VIC1,2025-09-20 00:20:00,4756.76,-6.08,TRADE
VIC1,2025-09-20 00:25:00,4643.42,-10.0,TRADE
VIC1,2025-09-20 00:30:00,4594.04,-6.16,TRADE
VIC1,2025-09-20 00:35:00,4566.17,-6.16,TRADE
VIC1,2025-09-20 00:40:00,4641.02,-2.23,TRADE
VIC1,2025-09-20 00:45:00,4605.77,-6.08,TRADE
VIC1,2025-09-20 00:50:00,4485.3,-6.16,TRADE
VIC1,2025-09-20 00:55:00,4503.31,0.0,TRADE
VIC1,2025-09-20 01:00:00,4490.35,-6.16,TRADE
VIC1,2025-09-20 01:05:00,4470.61,-10.0,TRADE
VIC1,2025-09-20 01:10:00,4351.01,-10.0,TRADE
VIC1,2025-09-20 01:15:00,4375.84,-6.08,TRADE
VIC1,2025-09-20 01:20:00,4385.51,-6.08,TRADE
VIC1,2025-09-20 01:25:00,4323.84,-6.16,TRADE
VIC1,2025-09-20 01:30:00,4279.51,-10.0,TRADE
VIC1,2025-09-20 01:35:00,4281.28,-10.0,TRADE
VIC1,2025-09-20 01:40:00,4274.55,-10.0,TRADE
VIC1,2025-09-20 01:45:00,4241.09,-10.0,TRADE
VIC1,2025-09-20 01:50:00,4116.26,-10.0,TRADE
VIC1,2025-09-20 01:55:00,4183.52,-10.0,TRADE
VIC1,2025-09-20 02:00:00,4148.57,-10.0,TRADE
VIC1,2025-09-20 02:05:00,4107.79,-10.0,TRADE
VIC1,2025-09-20 02:10:00,4079.4,-10.0,TRADE
VIC1,2025-09-20 02:15:00,4071.73,-10.0,TRADE
VIC1,2025-09-20 02:20:00,4043.71,-10.0,TRADE
VIC1,2025-09-20 02:25:00,4048.18,-10.0,TRADE
VIC1,2025-09-20 02:30:00,3960.67,-10.0,TRADE
VIC1,2025-09-20 02:35:00,3929.52,-10.0,TRADE
VIC1,2025-09-20 02:40:00,4016.81,-10.0,TRADE
VIC1,2025-09-20 02:45:00,4014.62,-10.0,TRADE
VIC1,2025-09-20 02:50:00,3973.34,-10.0,TRADE
VIC1,2025-09-20 02:55:00,3977.46,-10.0,TRADE
VIC1,2025-09-20 03:00:00,3982.77,-10.0,TRADE
VIC1,2025-09-20 03:05:00,3998.01,-10.0,TRADE
VIC1,2025-09-20 03:10:00,3936.88,-10.0,TRADE
VIC1,2025-09-20 03:15:00,3903.87,-10.0,TRADE
VIC1,2025-09-20 03:20:00,3986.82,-10.0,TRADE
VIC1,2025-09-20 03:25:00,4002.96,-10.0,TRADE
VIC1,2025-09-20 03:30:00,3975.68,-10.0,TRADE
VIC1,2025-09-20 03:35:00,3975.28,-10.0,TRADE
VIC1,2025-09-20 03:40:00,3960.8,-10.0,TRADE
VIC1,2025-09-20 03:45:00,3920.16,-10.0,TRADE
VIC1,2025-09-20 03:50:00,3854.04,-10.0,TRADE
VIC1,2025-09-20 03:55:00,3859.13,-10.0,TRADE
VIC1,2025-09-20 04:00:00,3918.69,-10.0,TRADE
VIC1,2025-09-20 04:05:00,3939.61,-10.0,TRADE
VIC1,2025-09-20 04:10:00,3913.46,-10.0,TRADE
VIC1,2025-09-20 04:15:00,3931.8,-10.0,TRADE
VIC1,2025-09-20 04:20:00,3939.52,-10.0,TRADE
VIC1,2025-09-20 04:25:00,3934.08,-10.0,TRADE
VIC1,2025-09-20 04:30:00,3931.9,-7.81,TRADE
VIC1,2025-09-20 04:35:00,3855.17,-10.0,TRADE
VIC1,2025-09-20 04:40:00,3906.18,-7.77,TRADE
VIC1,2025-09-20 04:45:00,3928.58,-6.16,TRADE
VIC1,2025-09-20 04:50:00,3936.19,-3.07,TRADE
VIC1,2025-09-20 04:55:00,3950.84,19.0,TRADE
VIC1,2025-09-20 05:00:00,4009.95,40.52,TRADE
VIC1,2025-09-20 05:05:00,4013.11,0.61,TRADE
VIC1,2025-09-20 05:10:00,4072.86,19.0,TRADE
VIC1,2025-09-20 05:15:00,4026.77,19.0,TRADE
VIC1,2025-09-20 05:20:00,4037.48,0.0,TRADE
VIC1,2025-09-20 05:25:00,4127.92,0.53,TRADE
VIC1,2025-09-20 05:30:00,4126.77,0.0,TRADE
VIC1,2025-09-20 05:35:00,4124.22,19.0,TRADE
VIC1,2025-09-20 05:40:00,4152.83,19.0,TRADE
VIC1,2025-09-20 05:45:00,4140.71,40.52,TRADE
VIC1,2025-09-20 05:50:00,4244.45,40.49,TRADE
VIC1,2025-09-20 05:55:00,4301.74,41.33,TRADE
VIC1,2025-09-20 06:00:00,4313.23,40.51,TRADE
VIC1,2025-09-20 06:05:00,4353.66,27.35,TRADE
VIC1,2025-09-20 06:10:00,4424.77,33.89,TRADE
VIC1,2025-09-20 06:15:00,4427.21,33.89,TRADE
VIC1,2025-09-20 06:20:00,4381.32,41.52,TRADE
VIC1,2025-09-20 06:25:00,4390.16,30.67,TRADE
VIC1,2025-09-20 06:30:00,4456.35,26.95,TRADE
VIC1,2025-09-20 06:35:00,4523.82,28.55,TRADE
VIC1,2025-09-20 06:40:00,4542.12,16.02,TRADE
VIC1,2025-09-20 06:45:00,4489.71,0.01,TRADE
VIC1,2025-09-20 06:50:00,4549.59,2.72,TRADE
VIC1,2025-09-20 06:55:00,4549.28,6.55,TRADE
VIC1,2025-09-20 07:00:00,4536.28,18.01,TRADE
VIC1,2025-09-20 07:05:00,4509.36,0.0,TRADE
VIC1,2025-09-20 07:10:00,4409.28,-2.53,TRADE
VIC1,2025-09-20 07:15:00,4376.17,-10.0,TRADE
VIC1,2025-09-20 07:20:00,4441.62,-2.51,TRADE
VIC1,2025-09-20 07:25:00,4452.75,-8.09,TRADE
VIC1,2025-09-20 07:30:00,4374.3,-6.16,TRADE
VIC1,2025-09-20 07:35:00,4339.19,-10.0,TRADE
VIC1,2025-09-20 07:40:00,4424.28,-1.34,TRADE
VIC1,2025-09-20 07:45:00,4407.52,-9.08,TRADE
VIC1,2025-09-20 07:50:00,4307.62,-9.19,TRADE
VIC1,2025-09-20 07:55:00,4206.19,-10.0,TRADE
VIC1,2025-09-20 08:00:00,4145.55,-9.34,TRADE
VIC1,2025-09-20 08:05:00,4091.83,-9.26,TRADE
VIC1,2025-09-20 08:10:00,4143.17,-0.01,TRADE
VIC1,2025-09-20 08:15:00,4107.39,-9.22,TRADE
VIC1,2025-09-20 08:20:00,4002.82,-10.0,TRADE
VIC1,2025-09-20 08:25:00,4016.59,-10.97,TRADE
VIC1,2025-09-20 08:30:00,3991.1,-11.0,TRADE
VIC1,2025-09-20 08:35:00,3923.61,-10.0,TRADE
VIC1,2025-09-20 08:40:00,3806.1,-10.0,TRADE
VIC1,2025-09-20 08:45:00,3767.29,-11.0,TRADE
VIC1,2025-09-20 08:50:00,3756.15,-10.51,TRADE
VIC1,2025-09-20 08:55:00,3696.94,-13.0,TRADE
VIC1,2025-09-20 09:00:00,3668.79,-13.0,TRADE
VIC1,2025-09-20 09:05:00,3648.92,-13.0,TRADE
VIC1,2025-09-20 09:10:00,3703.12,-13.0,TRADE
VIC1,2025-09-20 09:15:00,3793.09,-10.38,TRADE
VIC1,2025-09-20 09:20:00,3651.13,-13.31,TRADE
VIC1,2025-09-20 09:25:00,3682.83,-13.31,TRADE
VIC1,2025-09-20 09:30:00,3734.95,-13.84,TRADE
VIC1,2025-09-20 09:35:00,3750.37,-13.45,TRADE
VIC1,2025-09-20 09:40:00,3788.11,-13.61,TRADE
VIC1,2025-09-20 09:45:00,3796.8,-14.51,TRADE
VIC1,2025-09-20 09:50:00,3799.63,-14.91,TRADE
VIC1,2025-09-20 09:55:00,3744.46,-16.08,TRADE
VIC1,2025-09-20 10:00:00,3765.72,-15.94,TRADE
VIC1,2025-09-20 10:05:00,3662.78,-20.19,TRADE
VIC1,2025-09-20 10:10:00,3580.74,-18.44,TRADE
VIC1,2025-09-20 10:15:00,3439.9,-19.99,TRADE
VIC1,2025-09-20 10:20:00,3469.92,-16.74,TRADE
VIC1,2025-09-20 10:25:00,3393.43,-20.0,TRADE
VIC1,2025-09-20 10:30:00,3353.74,-20.0,TRADE
VIC1,2025-09-20 10:35:00,3232.52,-16.79,TRADE
VIC1,2025-09-20 10:40:00,3081.44,-15.96,TRADE
VIC1,2025-09-20 10:45:00,3118.03,-16.92,TRADE
VIC1,2025-09-20 10:50:00,3029.56,-16.72,TRADE
VIC1,2025-09-20 10:55:00,3092.28,-16.56,TRADE
VIC1,2025-09-20 11:00:00,3174.54,-12.75,TRADE
VIC1,2025-09-20 11:05:00,3156.34,-17.01,TRADE
VIC1,2025-09-20 11:10:00,3279.39,-19.02,TRADE
VIC1,2025-09-20 11:15:00,3312.85,-12.95,TRADE
VIC1,2025-09-20 11:20:00,3243.13,-12.05,TRADE
VIC1,2025-09-20 11:25:00,3288.07,-12.02,TRADE
VIC1,2025-09-20 11:30:00,3307.62,-12.02,TRADE
VIC1,2025-09-20 11:35:00,3364.87,-12.02,TRADE
VIC1,2025-09-20 11:40:00,3427.44,-13.31,TRADE
VIC1,2025-09-20 11:45:00,3451.21,-10.0,TRADE
VIC1,2025-09-20 11:50:00,3310.9,-10.0,TRADE
VIC1,2025-09-20 11:55:00,3230.25,-14.08,TRADE
VIC1,2025-09-20 12:00:00,3056.41,-14.56,TRADE
VIC1,2025-09-20 12:05:00,3016.37,-13.31,TRADE
VIC1,2025-09-20 12:10:00,3017.31,-14.82,TRADE
VIC1,2025-09-20 12:15:00,3106.2,-14.52,TRADE
VIC1,2025-09-20 12:20:00,3124.27,-14.44,TRADE
VIC1,2025-09-20 12:25:00,3038.91,-12.02,TRADE
VIC1,2025-09-20 12:30:00,3057.35,-15.19,TRADE
VIC1,2025-09-20 12:35:00,3156.78,-13.0,TRADE
VIC1,2025-09-20 12:40:00,3190.19,-13.25,TRADE
VIC1,2025-09-20 12:45:00,3144.18,-13.91,TRADE
VIC1,2025-09-20 12:50:00,3131.63,-13.89,TRADE
VIC1,2025-09-20 12:55:00,3154.69,-13.9,TRADE
VIC1,2025-09-20 13:00:00,3163.88,-13.6,TRADE
VIC1,2025-09-20 13:05:00,3204.23,-13.19,TRADE
VIC1,2025-09-20 13:10:00,3270.21,-13.37,TRADE
VIC1,2025-09-20 13:15:00,3331.45,-12.45,TRADE
VIC1,2025-09-20 13:20:00,3235.49,-13.31,TRADE
VIC1,2025-09-20 13:25:00,3259.55,-14.08,TRADE
VIC1,2025-09-20 13:30:00,3258.28,-14.38,TRADE
VIC1,2025-09-20 13:35:00,3224.88,-13.08,TRADE
VIC1,2025-09-20 13:40:00,3187.85,-13.31,TRADE
VIC1,2025-09-20 13:45:00,3152.17,-13.76,TRADE
VIC1,2025-09-20 13:50:00,3219.25,-13.0,TRADE
VIC1,2025-09-20 13:55:00,3413.52,-13.0,TRADE
VIC1,2025-09-20 14:00:00,3490.17,-12.7,TRADE
VIC1,2025-09-20 14:05:00,3514.7,-13.31,TRADE
VIC1,2025-09-20 14:10:00,3626.06,-12.88,TRADE
VIC1,2025-09-20 14:15:00,3624.41,-12.64,TRADE
VIC1,2025-09-20 14:20:00,3753.62,-12.78,TRADE
VIC1,2025-09-20 14:25:00,3782.64,-13.0,TRADE
VIC1,2025-09-20 14:30:00,3879.81,-13.31,TRADE
VIC1,2025-09-20 14:35:00,3887.91,-12.02,TRADE
VIC1,2025-09-20 14:40:00,3874.73,-12.02,TRADE
VIC1,2025-09-20 14:45:00,3917.93,-12.02,TRADE
VIC1,2025-09-20 14:50:00,3928.43,-12.02,TRADE
VIC1,2025-09-20 14:55:00,3973.78,-12.0,TRADE
VIC1,2025-09-20 15:00:00,4041.69,-10.0,TRADE
VIC1,2025-09-20 15:05:00,4028.8,-13.31,TRADE
VIC1,2025-09-20 15:10:00,4033.18,-13.31,TRADE
VIC1,2025-09-20 15:15:00,4111.36,-12.02,TRADE
VIC1,2025-09-20 15:20:00,4106.2,-11.0,TRADE
VIC1,2025-09-20 15:25:00,4079.67,-13.0,TRADE
VIC1,2025-09-20 15:30:00,4092.79,-12.02,TRADE
VIC1,2025-09-20 15:35:00,4143.03,-12.0,TRADE
VIC1,2025-09-20 15:40:00,4235.98,-10.14,TRADE
VIC1,2025-09-20 15:45:00,4228.74,-13.58,TRADE
VIC1,2025-09-20 15:50:00,4283.11,-14.11,TRADE
VIC1,2025-09-20 15:55:00,4349.88,-12.0,TRADE
VIC1,2025-09-20 16:00:00,4403.59,-10.0,TRADE
VIC1,2025-09-20 16:05:00,4402.7,-12.0,TRADE
VIC1,2025-09-20 16:10:00,4409.41,-11.0,TRADE
VIC1,2025-09-20 16:15:00,4493.63,-10.0,TRADE
VIC1,2025-09-20 16:20:00,4536.36,-10.0,TRADE
VIC1,2025-09-20 16:25:00,4651.79,-10.0,TRADE
VIC1,2025-09-20 16:30:00,4716.29,26.89,TRADE
VIC1,2025-09-20 16:35:00,4808.61,10.75,TRADE
VIC1,2025-09-20 16:40:00,4891.16,10.87,TRADE
VIC1,2025-09-20 16:45:00,4965.72,36.08,TRADE
VIC1,2025-09-20 16:50:00,5093.76,28.33,TRADE
VIC1,2025-09-20 16:55:00,5206.17,49.57,TRADE
VIC1,2025-09-20 17:00:00,5202.33,55.12,TRADE
VIC1,2025-09-20 17:05:00,5291.24,47.34,TRADE
VIC1,2025-09-20 17:10:00,5335.15,43.28,TRADE
VIC1,2025-09-20 17:15:00,5439.21,60.09,TRADE
VIC1,2025-09-20 17:20:00,5403.31,61.04,TRADE
VIC1,2025-09-20 17:25:00,5476.52,68.51,TRADE
VIC1,2025-09-20 17:30:00,5527.62,78.06,TRADE
VIC1,2025-09-20 17:35:00,5558.56,50.7,TRADE
VIC1,2025-09-20 17:40:00,5669.48,65.32,TRADE
VIC1,2025-09-20 17:45:00,5716.53,65.9,TRADE
VIC1,2025-09-20 17:50:00,5746.14,19.0,TRADE
VIC1,2025-09-20 17:55:00,5839.94,74.87,TRADE
VIC1,2025-09-20 18:00:00,5893.46,80.3,TRADE
VIC1,2025-09-20 18:05:00,5874.83,63.11,TRADE
VIC1,2025-09-20 18:10:00,5898.66,62.3,TRADE
VIC1,2025-09-20 18:15:00,5864.43,69.65,TRADE
VIC1,2025-09-20 18:20:00,5938.74,63.31,TRADE
VIC1,2025-09-20 18:25:00,5937.79,69.18,TRADE
VIC1,2025-09-20 18:30:00,6014.69,69.14,TRADE
VIC1,2025-09-20 18:35:00,6020.17,65.65,TRADE
VIC1,2025-09-20 18:40:00,6077.3,74.29,TRADE
VIC1,2025-09-20 18:45:00,6115.77,68.78,TRADE
VIC1,2025-09-20 18:50:00,6051.42,71.33,TRADE
VIC1,2025-09-20 18:55:00,6043.61,60.73,TRADE
VIC1,2025-09-20 19:00:00,6040.52,73.16,TRADE
VIC1,2025-09-20 19:05:00,6050.7,66.1,TRADE
VIC1,2025-09-20 19:10:00,5934.79,57.55,TRADE
VIC1,2025-09-20 19:15:00,5944.17,57.73,TRADE
VIC1,2025-09-20 19:20:00,5866.07,63.83,TRADE
VIC1,2025-09-20 19:25:00,5922.5,46.69,TRADE
VIC1,2025-09-20 19:30:00,5952.48,65.56,TRADE
VIC1,2025-09-20 19:35:00,5862.55,50.41,TRADE
VIC1,2025-09-20 19:40:00,5833.19,72.12,TRADE
VIC1,2025-09-20 19:45:00,5808.16,65.56,TRADE
VIC1,2025-09-20 19:50:00,5800.91,50.44,TRADE
VIC1,2025-09-20 19:55:00,5782.77,58.81,TRADE
VIC1,2025-09-20 20:00:00,5750.99,46.44,TRADE
VIC1,2025-09-20 20:05:00,5717.79,67.81,TRADE
VIC1,2025-09-20 20:10:00,5728.41,57.48,TRADE
VIC1,2025-09-20 20:15:00,5716.84,56.13,TRADE
VIC1,2025-09-20 20:20:00,5708.12,62.18,TRADE
VIC1,2025-09-20 20:25:00,5673.72,45.56,TRADE
VIC1,2025-09-20 20:30:00,5702.04,49.13,TRADE
VIC1,2025-09-20 20:35:00,5693.2,68.6,TRADE
VIC1,2025-09-20 20:40:00,5672.81,64.55,TRADE
VIC1,2025-09-20 20:45:00,5636.49,72.83,TRADE
VIC1,2025-09-20 20:50:00,5629.46,73.86,TRADE
VIC1,2025-09-20 20:55:00,5619.18,69.85,TRADE
VIC1,2025-09-20 21:00:00,5591.09,75.8,TRADE
VIC1,2025-09-20 21:05:00,5571.78,72.86,TRADE
VIC1,2025-09-20 21:10:00,5537.16,68.07,TRADE
VIC1,2025-09-20 21:15:00,5519.95,68.39,TRADE
VIC1,2025-09-20 21:20:00,5506.59,66.71,TRADE
VIC1,2025-09-20 21:25:00,5491.02,67.43,TRADE
VIC1,2025-09-20 21:30:00,5464.26,63.59,TRADE
VIC1,2025-09-20 21:35:00,5463.63,67.9,TRADE
VIC1,2025-09-20 21:40:00,5382.8,66.88,TRADE
VIC1,2025-09-20 21:45:00,5364.11,68.9,TRADE
VIC1,2025-09-20 21:50:00,5311.51,67.49,TRADE
VIC1,2025-09-20 21:55:00,5289.21,66.79,TRADE
VIC1,2025-09-20 22:00:00,5292.98,66.17,TRADE
VIC1,2025-09-20 22:05:00,5219.85,66.44,TRADE
VIC1,2025-09-20 22:10:00,5214.75,69.56,TRADE
VIC1,2025-09-20 22:15:00,5194.35,69.48,TRADE
VIC1,2025-09-20 22:20:00,5145.23,68.82,TRADE
VIC1,2025-09-20 22:25:00,5113.69,67.16,TRADE
VIC1,2025-09-20 22:30:00,5098.8,63.8,TRADE
VIC1,2025-09-20 22:35:00,5113.82,61.44,TRADE
VIC1,2025-09-20 22:40:00,5080.98,64.16,TRADE
VIC1,2025-09-20 22:45:00,5055.72,57.61,TRADE
VIC1,2025-09-20 22:50:00,5028.21,57.52,TRADE
VIC1,2025-09-20 22:55:00,5024.81,45.54,TRADE
VIC1,2025-09-20 23:00:00,5002.62,38.66,TRADE
VIC1,2025-09-20 23:05:00,4977.67,42.5,TRADE
VIC1,2025-09-20 23:10:00,5089.73,62.98,TRADE
VIC1,2025-09-20 23:15:00,5139.25,63.11,TRADE
VIC1,2025-09-20 23:20:00,5130.79,65.05,TRADE
VIC1,2025-09-20 23:25:00,5128.08,58.44,TRADE
VIC1,2025-09-20 23:30:00,5106.99,60.08,TRADE
VIC1,2025-09-20 23:35:00,5103.45,63.8,TRADE
VIC1,2025-09-20 23:40:00,5038.68,56.81,TRADE
VIC1,2025-09-20 23:45:00,4997.95,57.37,TRADE
VIC1,2025-09-20 23:50:00,4940.02,41.43,TRADE
VIC1,2025-09-20 23:55:00,4930.13,37.68,TRADE
VIC1,2025-09-21 00:00:00,4902.45,36.19,TRADE
VIC1,2025-09-21 00:05:00,4873.95,44.36,TRADE
VIC1,2025-09-21 00:10:00,4870.86,45.2,TRADE
VIC1,2025-09-21 00:15:00,4800.28,24.45,TRADE
VIC1,2025-09-21 00:20:00,4835.21,37.28,TRADE
VIC1,2025-09-21 00:25:00,4777.95,36.47,TRADE
VIC1,2025-09-21 00:30:00,4761.38,30.12,TRADE
VIC1,2025-09-21 00:35:00,4691.71,19.0,TRADE
VIC1,2025-09-21 00:40:00,4661.88,16.6,TRADE
VIC1,2025-09-21 00:45:00,4654.39,19.0,TRADE
VIC1,2025-09-21 00:50:00,4625.96,19.0,TRADE
VIC1,2025-09-21 00:55:00,4572.43,19.0,TRADE
VIC1,2025-09-21 01:00:00,4565.67,19.0,TRADE
VIC1,2025-09-21 01:05:00,4528.66,19.0,TRADE
VIC1,2025-09-21 01:10:00,4506.64,19.0,TRADE
VIC1,2025-09-21 01:15:00,4529.74,19.0,TRADE
VIC1,2025-09-21 01:20:00,4509.99,19.0,TRADE
VIC1,2025-09-21 01:25:00,4492.16,19.0,TRADE
VIC1,2025-09-21 01:30:00,4410.12,37.59,TRADE
VIC1,2025-09-21 01:35:00,4388.04,38.8,TRADE
VIC1,2025-09-21 01:40:00,4342.06,40.45,TRADE
VIC1,2025-09-21 01:45:00,4320.16,43.6,TRADE
VIC1,2025-09-21 01:50:00,4272.21,35.29,TRADE
VIC1,2025-09-21 01:55:00,4264.38,29.5,TRADE
VIC1,2025-09-21 02:00:00,4251.93,19.0,TRADE
VIC1,2025-09-21 02:05:00,4233.14,41.51,TRADE
VIC1,2025-09-21 02:10:00,4206.16,49.63,TRADE
VIC1,2025-09-21 02:15:00,4224.19,45.54,TRADE
VIC1,2025-09-21 02:20:00,4177.3,45.54,TRADE
VIC1,2025-09-21 02:25:00,4141.18,45.51,TRADE
VIC1,2025-09-21 02:30:00,4131.81,35.8,TRADE
VIC1,2025-09-21 02:35:00,4119.08,39.53,TRADE
VIC1,2025-09-21 02:40:00,4136.97,19.0,TRADE
VIC1,2025-09-21 02:45:00,4118.45,19.0,TRADE
VIC1,2025-09-21 02:50:00,4087.67,20.04,TRADE
VIC1,2025-09-21 02:55:00,4083.44,19.0,TRADE
VIC1,2025-09-21 03:00:00,4063.93,19.0,TRADE
VIC1,2025-09-21 03:05:00,4087.19,41.53,TRADE
VIC1,2025-09-21 03:10:00,4068.13,41.54,TRADE
VIC1,2025-09-21 03:15:00,4062.7,45.53,TRADE
VIC1,2025-09-21 03:20:00,4062.57,19.0,TRADE
VIC1,2025-09-21 03:25:00,4015.08,-0.42,TRADE
VIC1,2025-09-21 03:30:00,4007.32,19.0,TRADE
VIC1,2025-09-21 03:35:00,3994.76,19.0,TRADE
VIC1,2025-09-21 03:40:00,4017.0,20.04,TRADE
VIC1,2025-09-21 03:45:00,3984.09,-3.07,TRADE
VIC1,2025-09-21 03:50:00,4034.25,20.04,TRADE
VIC1,2025-09-21 03:55:00,4034.79,20.04,TRADE
VIC1,2025-09-21 04:00:00,3951.03,-6.08,TRADE
VIC1,2025-09-21 04:05:00,3979.93,20.04,TRADE
VIC1,2025-09-21 04:10:00,4043.64,61.6,TRADE
VIC1,2025-09-21 04:15:00,4020.49,20.04,TRADE
VIC1,2025-09-21 04:20:00,3932.85,20.04,TRADE
VIC1,2025-09-21 04:25:00,3933.89,19.0,TRADE
VIC1,2025-09-21 04:30:00,3961.86,20.04,TRADE
VIC1,2025-09-21 04:35:00,3958.85,20.04,TRADE
VIC1,2025-09-21 04:40:00,3932.84,20.04,TRADE
VIC1,2025-09-21 04:45:00,3930.8,20.04,TRADE
VIC1,2025-09-21 04:50:00,4019.02,18.9,TRADE
VIC1,2025-09-21 04:55:00,4011.42,19.0,TRADE
VIC1,2025-09-21 05:00:00,3978.51,20.04,TRADE
VIC1,2025-09-21 05:05:00,3986.41,19.0,TRADE
VIC1,2025-09-21 05:10:00,4009.46,20.04,TRADE
VIC1,2025-09-21 05:15:00,4010.15,0.0,TRADE
VIC1,2025-09-21 05:20:00,4026.97,20.04,TRADE
VIC1,2025-09-21 05:25:00,4053.53,19.0,TRADE
VIC1,2025-09-21 05:30:00,4057.17,19.0,TRADE
VIC1,2025-09-21 05:35:00,3981.89,19.0,TRADE
VIC1,2025-09-21 05:40:00,3989.11,19.0,TRADE
VIC1,2025-09-21 05:45:00,4014.18,19.0,TRADE
VIC1,2025-09-21 05:50:00,4095.78,19.0,TRADE
VIC1,2025-09-21 05:55:00,4094.35,19.0,TRADE
VIC1,2025-09-21 06:00:00,4081.05,0.01,TRADE
VIC1,2025-09-21 06:05:00,4038.42,0.01,TRADE
VIC1,2025-09-21 06:10:00,4105.96,19.0,TRADE
VIC1,2025-09-21 06:15:00,4123.03,19.0,TRADE
VIC1,2025-09-21 06:20:00,4131.13,0.01,TRADE
VIC1,2025-09-21 06:25:00,4180.47,19.0,TRADE
VIC1,2025-09-21 06:30:00,4238.4,19.0,TRADE
VIC1,2025-09-21 06:35:00,4230.86,22.01,TRADE
VIC1,2025-09-21 06:40:00,4283.97,22.43,TRADE
VIC1,2025-09-21 06:45:00,4283.8,19.0,TRADE
VIC1,2025-09-21 06:50:00,4286.45,0.0,TRADE
VIC1,2025-09-21 06:55:00,4219.05,-8.34,TRADE
VIC1,2025-09-21 07:00:00,4191.83,-10.0,TRADE
VIC1,2025-09-21 07:05:00,4264.09,-6.08,TRADE
VIC1,2025-09-21 07:10:00,4212.59,0.0,TRADE
VIC1,2025-09-21 07:15:00,4196.12,-6.08,TRADE
VIC1,2025-09-21 07:20:00,4251.48,-6.16,TRADE
VIC1,2025-09-21 07:25:00,4214.12,-10.0,TRADE
VIC1,2025-09-21 07:30:00,4236.0,-10.0,TRADE
VIC1,2025-09-21 07:35:00,4158.79,-10.0,TRADE
VIC1,2025-09-21 07:40:00,4234.54,-10.0,TRADE
VIC1,2025-09-21 07:45:00,4171.97,-10.0,TRADE
VIC1,2025-09-21 07:50:00,4130.32,-10.0,TRADE
VIC1,2025-09-21 07:55:00,4114.73,-10.0,TRADE
VIC1,2025-09-21 08:00:00,4156.56,-10.0,TRADE
VIC1,2025-09-21 08:05:00,4235.8,-9.76,TRADE
VIC1,2025-09-21 08:10:00,4215.33,-6.16,TRADE
VIC1,2025-09-21 08:15:00,4177.55,-10.0,TRADE
VIC1,2025-09-21 08:20:00,4219.26,-6.16,TRADE
VIC1,2025-09-21 08:25:00,4235.14,-7.76,TRADE
VIC1,2025-09-21 08:30:00,4189.14,-10.0,TRADE
VIC1,2025-09-21 08:35:00,4226.35,-10.0,TRADE
VIC1,2025-09-21 08:40:00,4294.95,-10.0,TRADE
VIC1,2025-09-21 08:45:00,4301.91,-8.13,TRADE
VIC1,2025-09-21 08:50:00,4250.5,-10.0,TRADE
VIC1,2025-09-21 08:55:00,4259.34,-10.0,TRADE
VIC1,2025-09-21 09:00:00,4296.99,-10.0,TRADE
VIC1,2025-09-21 09:05:00,4349.85,-10.0,TRADE
VIC1,2025-09-21 09:10:00,4418.91,-10.0,TRADE
VIC1,2025-09-21 09:15:00,4409.55,-10.0,TRADE
VIC1,2025-09-21 09:20:00,4355.86,-10.0,TRADE
VIC1,2025-09-21 09:25:00,4323.31,-10.0,TRADE
VIC1,2025-09-21 09:30:00,4399.45,-10.0,TRADE
VIC1,2025-09-21 09:35:00,4370.1,-10.0,TRADE
VIC1,2025-09-21 09:40:00,4445.0,-10.0,TRADE
VIC1,2025-09-21 09:45:00,4456.18,-9.23,TRADE
VIC1,2025-09-21 09:50:00,4398.02,-10.0,TRADE
VIC1,2025-09-21 09:55:00,4382.53,-8.98,TRADE
VIC1,2025-09-21 10:00:00,4454.97,-6.16,TRADE
VIC1,2025-09-21 10:05:00,4409.96,-9.07,TRADE
VIC1,2025-09-21 10:10:00,4364.85,-10.0,TRADE
VIC1,2025-09-21 10:15:00,4376.25,-10.0,TRADE
VIC1,2025-09-21 10:20:00,4351.78,-10.0,TRADE
VIC1,2025-09-21 10:25:00,4365.79,-10.0,TRADE
VIC1,2025-09-21 10:30:00,4320.98,-10.0,TRADE
VIC1,2025-09-21 10:35:00,4324.79,-10.0,TRADE
VIC1,2025-09-21 10:40:00,4389.29,-10.0,TRADE
VIC1,2025-09-21 10:45:00,4373.83,-10.0,TRADE
VIC1,2025-09-21 10:50:00,4310.23,-10.0,TRADE
VIC1,2025-09-21 10:55:00,4305.55,-10.0,TRADE
VIC1,2025-09-21 11:00:00,4367.91,-10.0,TRADE
VIC1,2025-09-21 11:05:00,4347.2,-10.0,TRADE
VIC1,2025-09-21 11:10:00,4245.66,-10.0,TRADE
VIC1,2025-09-21 11:15:00,4269.24,-10.0,TRADE
VIC1,2025-09-21 11:20:00,4346.49,-10.0,TRADE
VIC1,2025-09-21 11:25:00,4357.11,-10.0,TRADE
VIC1,2025-09-21 11:30:00,4291.72,-10.0,TRADE
VIC1,2025-09-21 11:35:00,4268.12,-10.0,TRADE
VIC1,2025-09-21 11:40:00,4339.31,-10.0,TRADE
VIC1,2025-09-21 11:45:00,4298.39,-10.0,TRADE
VIC1,2025-09-21 11:50:00,4249.93,-10.0,TRADE
VIC1,2025-09-21 11:55:00,4275.9,-10.0,TRADE
VIC1,2025-09-21 12:00:00,4217.6,-11.0,TRADE
VIC1,2025-09-21 12:05:00,4241.46,-10.0,TRADE
VIC1,2025-09-21 12:10:00,4176.98,-12.0,TRADE
VIC1,2025-09-21 12:15:00,4159.74,-12.0,TRADE
VIC1,2025-09-21 12:20:00,4151.96,-11.75,TRADE
VIC1,2025-09-21 12:25:00,4160.74,-10.61,TRADE
VIC1,2025-09-21 12:30:00,4223.07,-10.0,TRADE
VIC1,2025-09-21 12:35:00,4229.35,-10.0,TRADE
VIC1,2025-09-21 12:40:00,4237.61,-10.0,TRADE
VIC1,2025-09-21 12:45:00,4187.85,-11.0,TRADE
VIC1,2025-09-21 12:50:00,4196.54,-10.0,TRADE
VIC1,2025-09-21 12:55:00,4290.68,-10.0,TRADE
VIC1,2025-09-21 13:00:00,4276.08,-10.0,TRADE
VIC1,2025-09-21 13:05:00,4146.0,-10.0,TRADE
VIC1,2025-09-21 13:10:00,4330.88,-10.0,TRADE
VIC1,2025-09-21 13:15:00,4366.68,-10.0,TRADE
VIC1,2025-09-21 13:20:00,4324.78,-10.0,TRADE
VIC1,2025-09-21 13:25:00,4364.85,-10.0,TRADE
VIC1,2025-09-21 13:30:00,4374.59,-10.0,TRADE
VIC1,2025-09-21 13:35:00,4334.04,-10.0,TRADE
VIC1,2025-09-21 13:40:00,4327.93,-10.0,TRADE
VIC1,2025-09-21 13:45:00,4422.21,-10.0,TRADE
VIC1,2025-09-21 13:50:00,4464.03,-10.0,TRADE
VIC1,2025-09-21 13:55:00,4411.95,-10.0,TRADE
VIC1,2025-09-21 14:00:00,4366.1,-10.0,TRADE
VIC1,2025-09-21 14:05:00,4317.81,-10.0,TRADE
VIC1,2025-09-21 14:10:00,4327.09,-10.0,TRADE
VIC1,2025-09-21 14:15:00,4368.28,-10.0,TRADE
VIC1,2025-09-21 14:20:00,4351.44,-10.0,TRADE
VIC1,2025-09-21 14:25:00,4353.87,-10.0,TRADE
VIC1,2025-09-21 14:30:00,4286.85,-10.0,TRADE
VIC1,2025-09-21 14:35:00,4314.52,-10.0,TRADE
VIC1,2025-09-21 14:40:00,4342.73,-10.0,TRADE
VIC1,2025-09-21 14:45:00,4342.75,-10.0,TRADE
VIC1,2025-09-21 14:50:00,4467.51,-10.0,TRADE
VIC1,2025-09-21 14:55:00,4547.51,-10.0,TRADE
VIC1,2025-09-21 15:00:00,4565.53,-10.0,TRADE
VIC1,2025-09-21 15:05:00,4576.44,-10.0,TRADE
VIC1,2025-09-21 15:10:00,4616.52,-10.0,TRADE
VIC1,2025-09-21 15:15:00,4645.29,-10.0,TRADE
VIC1,2025-09-21 15:20:00,4676.66,-10.0,TRADE
VIC1,2025-09-21 15:25:00,4666.19,-10.0,TRADE
VIC1,2025-09-21 15:30:00,4632.44,-10.0,TRADE
VIC1,2025-09-21 15:35:00,4644.57,-10.0,TRADE
VIC1,2025-09-21 15:40:00,4590.12,-10.0,TRADE
VIC1,2025-09-21 15:45:00,4620.09,-10.0,TRADE
VIC1,2025-09-21 15:50:00,4623.49,-10.0,TRADE
VIC1,2025-09-21 15:55:00,4688.16,-10.0,TRADE
VIC1,2025-09-21 16:00:00,4776.54,-10.0,TRADE
VIC1,2025-09-21 16:05:00,4807.84,-10.0,TRADE
VIC1,2025-09-21 16:10:00,4861.8,-10.0,TRADE
VIC1,2025-09-21 16:15:00,4835.84,-10.0,TRADE
VIC1,2025-09-21 16:20:00,4895.5,-6.16,TRADE
VIC1,2025-09-21 16:25:00,4912.02,-0.42,TRADE
VIC1,2025-09-21 16:30:00,4890.54,47.37,TRADE
VIC1,2025-09-21 16:35:00,5000.76,2.46,TRADE
VIC1,2025-09-21 16:40:00,5086.5,0.01,TRADE
VIC1,2025-09-21 16:45:00,5167.43,56.84,TRADE
VIC1,2025-09-21 16:50:00,5185.79,54.84,TRADE
VIC1,2025-09-21 16:55:00,5193.82,54.17,TRADE
VIC1,2025-09-21 17:00:00,5298.48,48.04,TRADE
VIC1,2025-09-21 17:05:00,5329.65,45.57,TRADE
VIC1,2025-09-21 17:10:00,5362.09,45.57,TRADE
VIC1,2025-09-21 17:15:00,5482.65,66.31,TRADE
VIC1,2025-09-21 17:20:00,5516.39,45.81,TRADE
VIC1,2025-09-21 17:25:00,5561.99,38.34,TRADE
VIC1,2025-09-21 17:30:00,5622.66,66.03,TRADE
VIC1,2025-09-21 17:35:00,5598.78,36.63,TRADE
VIC1,2025-09-21 17:40:00,5640.12,66.66,TRADE
VIC1,2025-09-21 17:45:00,5719.78,70.88,TRADE
VIC1,2025-09-21 17:50:00,5765.07,68.77,TRADE
VIC1,2025-09-21 17:55:00,5795.04,59.43,TRADE
VIC1,2025-09-21 18:00:00,5856.8,55.71,TRADE
VIC1,2025-09-21 18:05:00,5887.24,75.71,TRADE
VIC1,2025-09-21 18:10:00,5919.23,76.55,TRADE
VIC1,2025-09-21 18:15:00,5896.65,58.72,TRADE
VIC1,2025-09-21 18:20:00,5952.97,82.8,TRADE
VIC1,2025-09-21 18:25:00,6099.68,73.82,TRADE
VIC1,2025-09-21 18:30:00,6010.82,73.02,TRADE
VIC1,2025-09-21 18:35:00,6132.4,70.51,TRADE
VIC1,2025-09-21 18:40:00,6098.36,65.63,TRADE
VIC1,2025-09-21 18:45:00,6145.06,67.6,TRADE
VIC1,2025-09-21 18:50:00,6118.16,66.65,TRADE
VIC1,2025-09-21 18:55:00,6075.6,76.87,TRADE
VIC1,2025-09-21 19:00:00,6063.63,69.57,TRADE
VIC1,2025-09-21 19:05:00,5994.1,71.66,TRADE
VIC1,2025-09-21 19:10:00,6005.73,66.27,TRADE
VIC1,2025-09-21 19:15:00,6033.43,66.25,TRADE
VIC1,2025-09-21 19:20:00,6055.26,66.42,TRADE
VIC1,2025-09-21 19:25:00,5986.25,67.83,TRADE
VIC1,2025-09-21 19:30:00,6008.65,70.95,TRADE
VIC1,2025-09-21 19:35:00,5936.85,67.21,TRADE
VIC1,2025-09-21 19:40:00,5945.13,69.22,TRADE
VIC1,2025-09-21 19:45:00,5957.56,68.64,TRADE
VIC1,2025-09-21 19:50:00,5884.26,67.71,TRADE
VIC1,2025-09-21 19:55:00,5939.66,68.77,TRADE
VIC1,2025-09-21 20:00:00,5935.97,67.25,TRADE
VIC1,2025-09-21 20:05:00,5900.66,69.68,TRADE
VIC1,2025-09-21 20:10:00,5877.73,69.09,TRADE
VIC1,2025-09-21 20:15:00,5885.02,69.24,TRADE
VIC1,2025-09-21 20:20:00,5841.03,68.18,TRADE
VIC1,2025-09-21 20:25:00,5829.77,68.09,TRADE
VIC1,2025-09-21 20:30:00,5741.69,64.94,TRADE
VIC1,2025-09-21 20:35:00,5743.04,66.48,TRADE
VIC1,2025-09-21 20:40:00,5769.7,69.13,TRADE
VIC1,2025-09-21 20:45:00,5778.41,54.11,TRADE
VIC1,2025-09-21 20:50:00,5730.96,65.34,TRADE
VIC1,2025-09-21 20:55:00,5702.11,65.33,TRADE
VIC1,2025-09-21 21:00:00,5696.56,66.22,TRADE
VIC1,2025-09-21 21:05:00,5627.04,48.9,TRADE
VIC1,2025-09-21 21:10:00,5591.98,48.82,TRADE
VIC1,2025-09-21 21:15:00,5506.55,48.08,TRADE
VIC1,2025-09-21 21:20:00,5476.77,47.57,TRADE
VIC1,2025-09-21 21:25:00,5467.52,47.78,TRADE
VIC1,2025-09-21 21:30:00,5394.53,37.8,TRADE
VIC1,2025-09-21 21:35:00,5400.63,43.62,TRADE
VIC1,2025-09-21 21:40:00,5381.47,64.81,TRADE
VIC1,2025-09-21 21:45:00,5290.65,45.56,TRADE
VIC1,2025-09-21 21:50:00,5284.32,64.62,TRADE
VIC1,2025-09-21 21:55:00,5235.01,63.38,TRADE
VIC1,2025-09-21 22:00:00,5151.09,41.83,TRADE
VIC1,2025-09-21 22:05:00,5132.32,52.01,TRADE
VIC1,2025-09-21 22:10:00,5042.05,27.91,TRADE
VIC1,2025-09-21 22:15:00,5107.29,53.39,TRADE
VIC1,2025-09-21 22:20:00,5038.5,46.88,TRADE
VIC1,2025-09-21 22:25:00,5041.85,27.51,TRADE
VIC1,2025-09-21 22:30:00,5011.24,44.08,TRADE
VIC1,2025-09-21 22:35:00,5014.96,49.69,TRADE
VIC1,2025-09-21 22:40:00,4983.04,42.12,TRADE
VIC1,2025-09-21 22:45:00,4973.05,30.1,TRADE
VIC1,2025-09-21 22:50:00,4856.01,19.0,TRADE
VIC1,2025-09-21 22:55:00,4882.98,21.44,TRADE
VIC1,2025-09-21 23:00:00,4917.0,19.0,TRADE
VIC1,2025-09-21 23:05:00,4928.73,19.0,TRADE
VIC1,2025-09-21 23:10:00,4965.01,21.0,TRADE
VIC1,2025-09-21 23:15:00,4992.51,69.93,TRADE
VIC1,2025-09-21 23:20:00,5051.1,69.6,TRADE
VIC1,2025-09-21 23:25:00,5056.35,47.64,TRADE
VIC1,2025-09-21 23:30:00,5015.82,38.85,TRADE
VIC1,2025-09-21 23:35:00,4956.15,35.45,TRADE
VIC1,2025-09-21 23:40:00,4832.26,19.37,TRADE
VIC1,2025-09-21 23:45:00,4765.06,19.0,TRADE
VIC1,2025-09-21 23:50:00,4809.83,34.99,TRADE
VIC1,2025-09-21 23:55:00,4781.96,19.47,TRADE
VIC1,2025-09-27 00:00:00,4848.3,19.74,TRADE
VIC1,2025-09-27 00:05:00,4853.2,65.56,TRADE
VIC1,2025-09-27 00:10:00,4820.72,65.56,TRADE
VIC1,2025-09-27 00:15:00,4797.19,65.56,TRADE
VIC1,2025-09-27 00:20:00,4696.36,56.74,TRADE
VIC1,2025-09-27 00:25:00,4697.61,63.76,TRADE
VIC1,2025-09-27 00:30:00,4699.23,67.64,TRADE
VIC1,2025-09-27 00:35:00,4611.29,15.64,TRADE
VIC1,2025-09-27 00:40:00,4594.71,62.58,TRADE
VIC1,2025-09-27 00:45:00,4628.0,47.65,TRADE
VIC1,2025-09-27 00:50:00,4612.48,64.63,TRADE
VIC1,2025-09-27 00:55:00,4587.0,46.38,TRADE
VIC1,2025-09-27 01:00:00,4500.38,49.9,TRADE
VIC1,2025-09-27 01:05:00,4551.49,62.22,TRADE
VIC1,2025-09-27 01:10:00,4515.91,58.47,TRADE
VIC1,2025-09-27 01:15:00,4447.21,46.81,TRADE
VIC1,2025-09-27 01:20:00,4436.02,50.21,TRADE
VIC1,2025-09-27 01:25:00,4440.69,50.23,TRADE
VIC1,2025-09-27 01:30:00,4426.89,51.31,TRADE
VIC1,2025-09-27 01:35:00,4382.95,58.52,TRADE
VIC1,2025-09-27 01:40:00,4327.92,58.03,TRADE
VIC1,2025-09-27 01:45:00,4299.02,47.24,TRADE
VIC1,2025-09-27 01:50:00,4296.59,57.57,TRADE
VIC1,2025-09-27 01:55:00,4280.74,58.06,TRADE
VIC1,2025-09-27 02:00:00,4249.23,46.65,TRADE
VIC1,2025-09-27 02:05:00,4253.54,50.24,TRADE
VIC1,2025-09-27 02:10:00,4232.24,62.93,TRADE
VIC1,2025-09-27 02:15:00,4222.0,56.92,TRADE
VIC1,2025-09-27 02:20:00,4201.76,57.39,TRADE
VIC1,2025-09-27 02:25:00,4183.52,46.61,TRADE
VIC1,2025-09-27 02:30:00,4184.48,50.8,TRADE
VIC1,2025-09-27 02:35:00,4146.74,32.74,TRADE
VIC1,2025-09-27 02:40:00,4159.39,38.25,TRADE
VIC1,2025-09-27 02:45:00,4148.78,32.76,TRADE
VIC1,2025-09-27 02:50:00,4141.54,32.19,TRADE
VIC1,2025-09-27 02:55:00,4133.04,32.56,TRADE
VIC1,2025-09-27 03:00:00,4108.39,29.11,TRADE
VIC1,2025-09-27 03:05:00,4117.96,29.49,TRADE
VIC1,2025-09-27 03:10:00,4115.44,63.85,TRADE
VIC1,2025-09-27 03:15:00,4109.43,48.2,TRADE
VIC1,2025-09-27 03:20:00,4088.13,32.98,TRADE
VIC1,2025-09-27 03:25:00,4103.67,31.52,TRADE
VIC1,2025-09-27 03:30:00,4099.1,32.95,TRADE
VIC1,2025-09-27 03:35:00,4092.84,48.92,TRADE
VIC1,2025-09-27 03:40:00,4064.76,39.45,TRADE
VIC1,2025-09-27 03:45:00,4054.78,39.8,TRADE
VIC1,2025-09-27 03:50:00,4047.07,52.57,TRADE
VIC1,2025-09-27 03:55:00,4040.46,54.04,TRADE
VIC1,2025-09-27 04:00:00,4059.35,50.02,TRADE
VIC1,2025-09-27 04:05:00,4073.06,60.22,TRADE
VIC1,2025-09-27 04:10:00,4078.13,66.87,TRADE
VIC1,2025-09-27 04:15:00,4078.23,66.23,TRADE
VIC1,2025-09-27 04:20:00,4086.29,59.44,TRADE
VIC1,2025-09-27 04:25:00,4098.27,65.56,TRADE
VIC1,2025-09-27 04:30:00,4091.2,63.7,TRADE
VIC1,2025-09-27 04:35:00,4095.52,59.48,TRADE
VIC1,2025-09-27 04:40:00,4103.9,50.04,TRADE
VIC1,2025-09-27 04:45:00,4118.7,67.8,TRADE
VIC1,2025-09-27 04:50:00,4109.83,62.72,TRADE
VIC1,2025-09-27 04:55:00,4116.07,51.01,TRADE
VIC1,2025-09-27 05:00:00,4145.61,57.81,TRADE
VIC1,2025-09-27 05:05:00,4176.8,52.49,TRADE
VIC1,2025-09-27 05:10:00,4220.02,58.59,TRADE
VIC1,2025-09-27 05:15:00,4226.43,59.71,TRADE
VIC1,2025-09-27 05:20:00,4238.8,63.87,TRADE
VIC1,2025-09-27 05:25:00,4217.43,65.17,TRADE
VIC1,2025-09-27 05:30:00,4246.42,74.58,TRADE
VIC1,2025-09-27 05:35:00,4258.79,75.19,TRADE
VIC1,2025-09-27 05:40:00,4274.32,65.56,TRADE
VIC1,2025-09-27 05:45:00,4273.51,84.91,TRADE
VIC1,2025-09-27 05:50:00,4279.73,77.3,TRADE
VIC1,2025-09-27 05:55:00,4296.75,75.8,TRADE
VIC1,2025-09-27 06:00:00,4319.63,75.8,TRADE
VIC1,2025-09-27 06:05:00,4319.02,67.74,TRADE
VIC1,2025-09-27 06:10:00,4344.94,72.22,TRADE
VIC1,2025-09-27 06:15:00,4342.66,51.06,TRADE
VIC1,2025-09-27 06:20:00,4344.58,60.72,TRADE
VIC1,2025-09-27 06:25:00,4369.04,52.71,TRADE
VIC1,2025-09-27 06:30:00,4366.02,60.72,TRADE
VIC1,2025-09-27 06:35:00,4355.7,60.78,TRADE
VIC1,2025-09-27 06:40:00,4374.96,0.0,TRADE
VIC1,2025-09-27 06:45:00,4339.49,0.0,TRADE
VIC1,2025-09-27 06:50:00,4328.44,8.95,TRADE
VIC1,2025-09-27 06:55:00,4280.05,8.95,TRADE
VIC1,2025-09-27 07:00:00,4273.93,0.0,TRADE
VIC1,2025-09-27 07:05:00,4270.38,-0.42,TRADE
VIC1,2025-09-27 07:10:00,4184.9,-10.0,TRADE
VIC1,2025-09-27 07:15:00,4171.08,-9.05,TRADE
VIC1,2025-09-27 07:20:00,4137.95,-9.13,TRADE
VIC1,2025-09-27 07:25:00,4100.97,-9.72,TRADE
VIC1,2025-09-27 07:30:00,4064.44,-10.0,TRADE
VIC1,2025-09-27 07:35:00,4031.33,-9.28,TRADE
VIC1,2025-09-27 07:40:00,3971.68,-6.01,TRADE
VIC1,2025-09-27 07:45:00,3957.39,-3.07,TRADE
VIC1,2025-09-27 07:50:00,3917.02,-6.04,TRADE
VIC1,2025-09-27 07:55:00,3877.58,-10.0,TRADE
VIC1,2025-09-27 08:00:00,3858.97,-10.0,TRADE
VIC1,2025-09-27 08:05:00,3852.02,-9.57,TRADE
VIC1,2025-09-27 08:10:00,3841.37,-5.94,TRADE
VIC1,2025-09-27 08:15:00,3775.23,-2.33,TRADE
VIC1,2025-09-27 08:20:00,3742.64,-10.0,TRADE
VIC1,2025-09-27 08:25:00,3709.21,-10.0,TRADE
VIC1,2025-09-27 08:30:00,3644.05,-10.0,TRADE
VIC1,2025-09-27 08:35:00,3579.67,-10.0,TRADE
VIC1,2025-09-27 08:40:00,3584.89,-10.0,TRADE
VIC1,2025-09-27 08:45:00,3597.78,-10.0,TRADE
VIC1,2025-09-27 08:50:00,3567.46,-10.0,TRADE
VIC1,2025-09-27 08:55:00,3503.32,-10.69,TRADE
VIC1,2025-09-27 09:00:00,3478.8,-10.0,TRADE
VIC1,2025-09-27 09:05:00,3418.85,-10.0,TRADE
VIC1,2025-09-27 09:10:00,3398.28,-10.69,TRADE
VIC1,2025-09-27 09:15:00,3391.3,-10.69,TRADE
VIC1,2025-09-27 09:20:00,3386.21,-11.12,TRADE
VIC1,2025-09-27 09:25:00,3363.19,-13.0,TRADE
VIC1,2025-09-27 09:30:00,3314.97,-13.26,TRADE
VIC1,2025-09-27 09:35:00,3299.52,-13.15,TRADE
VIC1,2025-09-27 09:40:00,3239.66,-13.65,TRADE
VIC1,2025-09-27 09:45:00,3194.97,-13.31,TRADE
VIC1,2025-09-27 09:50:00,3155.85,-13.68,TRADE
VIC1,2025-09-27 09:55:00,3112.68,-15.99,TRADE
VIC1,2025-09-27 10:00:00,3018.14,-15.63,TRADE
VIC1,2025-09-27 10:05:00,2949.67,-19.49,TRADE
VIC1,2025-09-27 10:10:00,2892.41,-15.29,TRADE
VIC1,2025-09-27 10:15:00,2826.82,-19.56,TRADE
VIC1,2025-09-27 10:20:00,2765.36,-20.0,TRADE
VIC1,2025-09-27 10:25:00,2723.56,-21.28,TRADE
VIC1,2025-09-27 10:30:00,2713.78,-21.28,TRADE
VIC1,2025-09-27 10:35:00,2678.0,-21.28,TRADE
VIC1,2025-09-27 10:40:00,2643.94,-20.42,TRADE
VIC1,2025-09-27 10:45:00,2581.58,-19.56,TRADE
VIC1,2025-09-27 10:50:00,2595.07,-21.28,TRADE
VIC1,2025-09-27 10:55:00,2554.24,-23.28,TRADE
VIC1,2025-09-27 11:00:00,2503.61,-21.28,TRADE
VIC1,2025-09-27 11:05:00,2534.64,-21.28,TRADE
VIC1,2025-09-27 11:10:00,2571.73,-21.28,TRADE
VIC1,2025-09-27 11:15:00,2562.17,-20.99,TRADE
VIC1,2025-09-27 11:20:00,2523.22,-21.41,TRADE
VIC1,2025-09-27 11:25:00,2501.89,-26.41,TRADE
VIC1,2025-09-27 11:30:00,2545.74,-24.96,TRADE
VIC1,2025-09-27 11:35:00,2497.38,-25.33,TRADE
VIC1,2025-09-27 11:40:00,2471.47,-26.17,TRADE
VIC1,2025-09-27 11:45:00,2420.44,-21.28,TRADE
VIC1,2025-09-27 11:50:00,2401.14,-25.9,TRADE
VIC1,2025-09-27 11:55:00,2357.75,-33.67,TRADE
VIC1,2025-09-27 12:00:00,2351.64,-22.32,TRADE
VIC1,2025-09-27 12:05:00,2299.7,-22.08,TRADE
VIC1,2025-09-27 12:10:00,2255.22,-33.67,TRADE
VIC1,2025-09-27 12:15:00,2344.39,-50.01,TRADE
VIC1,2025-09-27 12:20:00,2208.26,-34.06,TRADE
VIC1,2025-09-27 12:25:00,2285.24,-43.59,TRADE
VIC1,2025-09-27 12:30:00,2271.23,-34.06,TRADE
VIC1,2025-09-27 12:35:00,2169.74,-50.11,TRADE
VIC1,2025-09-27 12:40:00,2172.72,-44.01,TRADE
VIC1,2025-09-27 12:45:00,2102.53,-50.01,TRADE
VIC1,2025-09-27 12:50:00,2195.04,-36.13,TRADE
VIC1,2025-09-27 12:55:00,2129.7,-50.11,TRADE
VIC1,2025-09-27 13:00:00,2093.1,-50.22,TRADE
VIC1,2025-09-27 13:05:00,2128.12,-39.48,TRADE
VIC1,2025-09-27 13:10:00,2107.81,-36.13,TRADE
VIC1,2025-09-27 13:15:00,2126.68,-50.22,TRADE
VIC1,2025-09-27 13:20:00,2135.87,-39.89,TRADE
VIC1,2025-09-27 13:25:00,2195.95,-46.97,TRADE
VIC1,2025-09-27 13:30:00,2221.33,-48.77,TRADE
VIC1,2025-09-27 13:35:00,2255.41,-50.11,TRADE
VIC1,2025-09-27 13:40:00,2149.9,-49.69,TRADE
VIC1,2025-09-27 13:45:00,2209.93,-43.56,TRADE
VIC1,2025-09-27 13:50:00,2245.58,-50.11,TRADE
VIC1,2025-09-27 13:55:00,2166.17,-50.11,TRADE
VIC1,2025-09-27 14:00:00,2109.67,-62.95,TRADE
VIC1,2025-09-27 14:05:00,2078.02,-62.95,TRADE
VIC1,2025-09-27 14:10:00,2185.51,-50.22,TRADE
VIC1,2025-09-27 14:15:00,2297.78,-50.22,TRADE
VIC1,2025-09-27 14:20:00,2274.95,-59.46,TRADE
VIC1,2025-09-27 14:25:00,2295.63,-62.3,TRADE
VIC1,2025-09-27 14:30:00,2267.28,-50.22,TRADE
VIC1,2025-09-27 14:35:00,2311.97,-50.11,TRADE
VIC1,2025-09-27 14:40:00,2360.03,-50.22,TRADE
VIC1,2025-09-27 14:45:00,2443.23,-50.11,TRADE
VIC1,2025-09-27 14:50:00,2405.72,-26.33,TRADE
VIC1,2025-09-27 14:55:00,2491.28,-44.47,TRADE
VIC1,2025-09-27 15:00:00,2523.17,-22.05,TRADE
VIC1,2025-09-27 15:05:00,2582.34,-31.15,TRADE
VIC1,2025-09-27 15:10:00,2615.65,-62.95,TRADE
VIC1,2025-09-27 15:15:00,2651.31,-21.72,TRADE
VIC1,2025-09-27 15:20:00,2678.54,-59.46,TRADE
VIC1,2025-09-27 15:25:00,2782.65,-50.11,TRADE
VIC1,2025-09-27 15:30:00,2815.48,-50.11,TRADE
VIC1,2025-09-27 15:35:00,2944.39,-21.28,TRADE
VIC1,2025-09-27 15:40:00,2865.72,-60.02,TRADE
VIC1,2025-09-27 15:45:00,3059.69,-50.22,TRADE
VIC1,2025-09-27 15:50:00,3065.37,-22.98,TRADE
VIC1,2025-09-27 15:55:00,3101.06,-20.99,TRADE
VIC1,2025-09-27 16:00:00,3140.55,-39.83,TRADE
VIC1,2025-09-27 16:05:00,3311.4,-50.22,TRADE
VIC1,2025-09-27 16:10:00,3444.15,-31.29,TRADE
VIC1,2025-09-27 16:15:00,3560.93,-20.0,TRADE
VIC1,2025-09-27 16:20:00,3646.93,-13.31,TRADE
VIC1,2025-09-27 16:25:00,3655.48,-13.0,TRADE
VIC1,2025-09-27 16:30:00,3747.94,-10.69,TRADE
VIC1,2025-09-27 16:35:00,3764.04,-14.44,TRADE
VIC1,2025-09-27 16:40:00,3860.14,-11.0,TRADE
VIC1,2025-09-27 16:45:00,3937.01,-10.69,TRADE
VIC1,2025-09-27 16:50:00,4016.33,-13.0,TRADE
VIC1,2025-09-27 16:55:00,4182.1,-11.13,TRADE
VIC1,2025-09-27 17:00:00,4272.68,-10.0,TRADE
VIC1,2025-09-27 17:05:00,4219.53,-10.0,TRADE
VIC1,2025-09-27 17:10:00,4304.76,-10.0,TRADE
VIC1,2025-09-27 17:15:00,4407.6,-9.37,TRADE
VIC1,2025-09-27 17:20:00,4436.18,-9.51,TRADE
VIC1,2025-09-27 17:25:00,4420.5,-6.08,TRADE
VIC1,2025-09-27 17:30:00,4521.41,8.67,TRADE
VIC1,2025-09-27 17:35:00,4605.73,0.0,TRADE
VIC1,2025-09-27 17:40:00,4745.17,50.72,TRADE
VIC1,2025-09-27 17:45:00,4866.67,50.3,TRADE
VIC1,2025-09-27 17:50:00,4909.57,48.36,TRADE
VIC1,2025-09-27 17:55:00,4973.43,80.0,TRADE
VIC1,2025-09-27 18:00:00,5013.69,48.19,TRADE
VIC1,2025-09-27 18:05:00,5111.54,72.66,TRADE
VIC1,2025-09-27 18:10:00,5191.64,80.0,TRADE
VIC1,2025-09-27 18:15:00,5152.1,67.0,TRADE
VIC1,2025-09-27 18:20:00,5239.03,75.24,TRADE
VIC1,2025-09-27 18:25:00,5348.39,80.0,TRADE
VIC1,2025-09-27 18:30:00,5278.2,71.2,TRADE
VIC1,2025-09-27 18:35:00,5384.78,65.56,TRADE
VIC1,2025-09-27 18:40:00,5516.92,76.89,TRADE
VIC1,2025-09-27 18:45:00,5550.01,74.69,TRADE
VIC1,2025-09-27 18:50:00,5535.5,74.69,TRADE
VIC1,2025-09-27 18:55:00,5491.01,74.69,TRADE
VIC1,2025-09-27 19:00:00,5513.76,75.8,TRADE
VIC1,2025-09-27 19:05:00,5552.11,44.39,TRADE
VIC1,2025-09-27 19:10:00,5451.08,0.36,TRADE
VIC1,2025-09-27 19:15:00,5530.0,19.0,TRADE
VIC1,2025-09-27 19:20:00,5485.44,19.0,TRADE
VIC1,2025-09-27 19:25:00,5492.66,8.95,TRADE
VIC1,2025-09-27 19:30:00,5437.48,0.01,TRADE
VIC1,2025-09-27 19:35:00,5357.69,8.95,TRADE
VIC1,2025-09-27 19:40:00,5324.11,8.95,TRADE
VIC1,2025-09-27 19:45:00,5393.32,19.0,TRADE
VIC1,2025-09-27 19:50:00,5403.19,19.0,TRADE
VIC1,2025-09-27 19:55:00,5323.96,8.95,TRADE
VIC1,2025-09-27 20:00:00,5385.15,8.95,TRADE
VIC1,2025-09-27 20:05:00,5369.06,60.66,TRADE
VIC1,2025-09-27 20:10:00,5379.59,45.36,TRADE
VIC1,2025-09-27 20:15:00,5391.89,44.87,TRADE
VIC1,2025-09-27 20:20:00,5354.26,19.75,TRADE
VIC1,2025-09-27 20:25:00,5312.64,45.21,TRADE
VIC1,2025-09-27 20:30:00,5305.9,45.57,TRADE
VIC1,2025-09-27 20:35:00,5299.84,8.95,TRADE
VIC1,2025-09-27 20:40:00,5354.04,67.23,TRADE
VIC1,2025-09-27 20:45:00,5355.51,56.99,TRADE
VIC1,2025-09-27 20:50:00,5286.59,52.93,TRADE
VIC1,2025-09-27 20:55:00,5292.32,51.55,TRADE
VIC1,2025-09-27 21:00:00,5266.11,50.39,TRADE
VIC1,2025-09-27 21:05:00,5201.98,71.44,TRADE
VIC1,2025-09-27 21:10:00,5182.91,67.79,TRADE
VIC1,2025-09-27 21:15:00,5244.64,67.79,TRADE
VIC1,2025-09-27 21:20:00,5155.23,52.11,TRADE
VIC1,2025-09-27 21:25:00,5168.95,60.56,TRADE
VIC1,2025-09-27 21:30:00,5172.66,51.91,TRADE
VIC1,2025-09-27 21:35:00,5106.52,66.77,TRADE
VIC1,2025-09-27 21:40:00,5144.55,66.84,TRADE
VIC1,2025-09-27 21:45:00,5107.06,67.59,TRADE
VIC1,2025-09-27 21:50:00,5098.27,55.39,TRADE
VIC1,2025-09-27 21:55:00,5018.22,54.94,TRADE
VIC1,2025-09-27 22:00:00,4994.93,55.54,TRADE
VIC1,2025-09-27 22:05:00,4932.15,65.72,TRADE
VIC1,2025-09-27 22:10:00,4996.58,74.32,TRADE
VIC1,2025-09-27 22:15:00,5054.11,63.93,TRADE
VIC1,2025-09-27 22:20:00,4923.13,68.29,TRADE
VIC1,2025-09-27 22:25:00,5002.68,70.12,TRADE
VIC1,2025-09-27 22:30:00,4982.84,59.65,TRADE
VIC1,2025-09-27 22:35:00,4959.58,67.95,TRADE
VIC1,2025-09-27 22:40:00,4936.89,53.46,TRADE
VIC1,2025-09-27 22:45:00,4827.96,49.39,TRADE
VIC1,2025-09-27 22:50:00,4897.48,51.13,TRADE
VIC1,2025-09-27 22:55:00,4871.64,48.39,TRADE
VIC1,2025-09-27 23:00:00,4809.68,49.49,TRADE
VIC1,2025-09-27 23:05:00,4861.51,67.12,TRADE
VIC1,2025-09-27 23:10:00,4966.86,49.89,TRADE
VIC1,2025-09-27 23:15:00,5005.63,74.22,TRADE
VIC1,2025-09-27 23:20:00,4915.02,49.97,TRADE
VIC1,2025-09-27 23:25:00,4919.45,57.41,TRADE
VIC1,2025-09-27 23:30:00,5031.31,74.69,TRADE
VIC1,2025-09-27 23:35:00,4920.83,48.22,TRADE
VIC1,2025-09-27 23:40:00,4984.53,73.84,TRADE
VIC1,2025-09-27 23:45:00,4894.59,49.89,TRADE
VIC1,2025-09-27 23:50:00,4841.62,74.69,TRADE
VIC1,2025-09-27 23:55:00,4792.46,52.49,TRADE
VIC1,2025-09-28 00:00:00,4779.95,52.13,TRADE
VIC1,2025-09-28 00:05:00,4739.14,73.77,TRADE
VIC1,2025-09-28 00:10:00,4759.02,74.69,TRADE
VIC1,2025-09-28 00:15:00,4708.25,72.83,TRADE
VIC1,2025-09-28 00:20:00,4608.25,53.84,TRADE
VIC1,2025-09-28 00:25:00,4644.02,67.56,TRADE
VIC1,2025-09-28 00:30:00,4677.26,74.69,TRADE
VIC1,2025-09-28 00:35:00,4559.62,74.67,TRADE
VIC1,2025-09-28 00:40:00,4615.22,67.0,TRADE
VIC1,2025-09-28 00:45:00,4520.47,52.62,TRADE
VIC1,2025-09-28 00:50:00,4484.09,70.51,TRADE
VIC1,2025-09-28 00:55:00,4438.58,59.54,TRADE
VIC1,2025-09-28 01:00:00,4450.56,66.86,TRADE
VIC1,2025-09-28 01:05:00,4453.66,67.1,TRADE
VIC1,2025-09-28 01:10:00,4404.7,59.65,TRADE
VIC1,2025-09-28 01:15:00,4427.49,56.5,TRADE
VIC1,2025-09-28 01:20:00,4368.49,48.05,TRADE
VIC1,2025-09-28 01:25:00,4326.76,56.5,TRADE
VIC1,2025-09-28 01:30:00,4326.46,49.19,TRADE
VIC1,2025-09-28 01:35:00,4306.65,40.65,TRADE
VIC1,2025-09-28 01:40:00,4317.78,56.5,TRADE
VIC1,2025-09-28 01:45:00,4326.58,53.38,TRADE
VIC1,2025-09-28 01:50:00,4305.0,53.77,TRADE
VIC1,2025-09-28 01:55:00,4282.07,50.82,TRADE
VIC1,2025-09-28 02:00:00,4257.9,32.99,TRADE
VIC1,2025-09-28 02:05:00,4255.2,49.67,TRADE
VIC1,2025-09-28 02:10:00,4214.77,33.26,TRADE
VIC1,2025-09-28 02:15:00,4233.42,49.85,TRADE
VIC1,2025-09-28 02:20:00,4223.09,50.5,TRADE
VIC1,2025-09-28 02:25:00,4185.54,50.6,TRADE
VIC1,2025-09-28 02:30:00,4145.2,50.38,TRADE
VIC1,2025-09-28 02:35:00,4174.63,53.77,TRADE
VIC1,2025-09-28 02:40:00,4161.76,51.53,TRADE
VIC1,2025-09-28 02:45:00,4164.99,53.77,TRADE
VIC1,2025-09-28 02:50:00,4162.95,51.53,TRADE
VIC1,2025-09-28 02:55:00,4150.88,34.44,TRADE
VIC1,2025-09-28 03:00:00,4151.45,49.63,TRADE
VIC1,2025-09-28 03:05:00,4145.73,74.69,TRADE
VIC1,2025-09-28 03:10:00,4136.91,73.8,TRADE
VIC1,2025-09-28 03:15:00,4121.74,73.7,TRADE
VIC1,2025-09-28 03:20:00,4092.88,63.84,TRADE
VIC1,2025-09-28 03:25:00,4094.63,69.86,TRADE
VIC1,2025-09-28 03:30:00,4086.34,63.18,TRADE
VIC1,2025-09-28 03:35:00,4111.7,72.52,TRADE
VIC1,2025-09-28 03:40:00,4120.63,69.11,TRADE
VIC1,2025-09-28 03:45:00,4127.6,55.97,TRADE
VIC1,2025-09-28 03:50:00,4123.94,64.52,TRADE
VIC1,2025-09-28 03:55:00,4126.9,69.58,TRADE
VIC1,2025-09-28 04:00:00,4114.79,68.54,TRADE
VIC1,2025-09-28 04:05:00,4113.72,68.63,TRADE
VIC1,2025-09-28 04:10:00,4119.46,68.45,TRADE
VIC1,2025-09-28 04:15:00,4111.08,65.94,TRADE
VIC1,2025-09-28 04:20:00,4113.88,68.86,TRADE
VIC1,2025-09-28 04:25:00,4102.79,73.79,TRADE
VIC1,2025-09-28 04:30:00,4102.67,73.86,TRADE
VIC1,2025-09-28 04:35:00,4104.56,67.97,TRADE
VIC1,2025-09-28 04:40:00,4112.83,74.69,TRADE
VIC1,2025-09-28 04:45:00,4135.43,72.46,TRADE
VIC1,2025-09-28 04:50:00,4137.37,73.9,TRADE
VIC1,2025-09-28 04:55:00,4126.59,71.93,TRADE
VIC1,2025-09-28 05:00:00,4139.53,74.69,TRADE
VIC1,2025-09-28 05:05:00,4139.37,74.42,TRADE
VIC1,2025-09-28 05:10:00,4152.37,74.69,TRADE
VIC1,2025-09-28 05:15:00,4190.72,74.69,TRADE
VIC1,2025-09-28 05:20:00,4214.23,73.9,TRADE
VIC1,2025-09-28 05:25:00,4216.85,74.69,TRADE
VIC1,2025-09-28 05:30:00,4234.05,77.25,TRADE
VIC1,2025-09-28 05:35:00,4244.21,75.8,TRADE
VIC1,2025-09-28 05:40:00,4273.48,80.0,TRADE
VIC1,2025-09-28 05:45:00,4291.02,80.38,TRADE
VIC1,2025-09-28 05:50:00,4293.99,80.0,TRADE
VIC1,2025-09-28 05:55:00,4316.97,80.0,TRADE
VIC1,2025-09-28 06:00:00,4304.03,75.8,TRADE
VIC1,2025-09-28 06:05:00,4305.33,80.7,TRADE
VIC1,2025-09-28 06:10:00,4330.94,75.16,TRADE
VIC1,2025-09-28 06:15:00,4367.07,75.8,TRADE
VIC1,2025-09-28 06:20:00,4368.25,80.0,TRADE
VIC1,2025-09-28 06:25:00,4349.33,74.69,TRADE
VIC1,2025-09-28 06:30:00,4333.5,59.11,TRADE
VIC1,2025-09-28 06:35:00,4348.86,53.9,TRADE
VIC1,2025-09-28 06:40:00,4334.76,59.14,TRADE
VIC1,2025-09-28 06:45:00,4344.19,58.92,TRADE
VIC1,2025-09-28 06:50:00,4347.92,58.96,TRADE
VIC1,2025-09-28 06:55:00,4277.64,19.76,TRADE
VIC1,2025-09-28 07:00:00,4264.72,5.25,TRADE
VIC1,2025-09-28 07:05:00,4241.56,0.0,TRADE
VIC1,2025-09-28 07:10:00,4174.7,0.06,TRADE
VIC1,2025-09-28 07:15:00,4192.06,8.95,TRADE
VIC1,2025-09-28 07:20:00,4160.26,0.01,TRADE
VIC1,2025-09-28 07:25:00,4148.8,-0.39,TRADE
VIC1,2025-09-28 07:30:00,4126.93,8.95,TRADE
VIC1,2025-09-28 07:35:00,4086.36,4.75,TRADE
VIC1,2025-09-28 07:40:00,4099.91,4.73,TRADE
VIC1,2025-09-28 07:45:00,4065.82,8.95,TRADE
VIC1,2025-09-28 07:50:00,4088.12,33.89,TRADE
VIC1,2025-09-28 07:55:00,4089.46,8.95,TRADE
VIC1,2025-09-28 08:00:00,4036.94,8.95,TRADE
VIC1,2025-09-28 08:05:00,3994.21,10.36,TRADE
VIC1,2025-09-28 08:10:00,4018.79,0.01,TRADE
VIC1,2025-09-28 08:15:00,3952.44,10.34,TRADE
VIC1,2025-09-28 08:20:00,3895.79,0.0,TRADE
VIC1,2025-09-28 08:25:00,3847.25,7.99,TRADE
VIC1,2025-09-28 08:30:00,3809.55,-2.05,TRADE
VIC1,2025-09-28 08:35:00,3776.69,-11.0,TRADE
VIC1,2025-09-28 08:40:00,3753.59,-11.0,TRADE
VIC1,2025-09-28 08:45:00,3704.37,0.0,TRADE
VIC1,2025-09-28 08:50:00,3619.26,12.65,TRADE
VIC1,2025-09-28 08:55:00,3547.77,-12.17,TRADE
VIC1,2025-09-28 09:00:00,3512.58,-10.6,TRADE
VIC1,2025-09-28 09:05:00,3487.6,-10.0,TRADE
VIC1,2025-09-28 09:10:00,3481.26,-11.13,TRADE
VIC1,2025-09-28 09:15:00,3419.71,-10.0,TRADE
VIC1,2025-09-28 09:20:00,3343.01,-13.31,TRADE
VIC1,2025-09-28 09:25:00,3304.64,-11.72,TRADE
VIC1,2025-09-28 09:30:00,3279.78,-11.87,TRADE
VIC1,2025-09-28 09:35:00,3246.17,-11.09,TRADE
VIC1,2025-09-28 09:40:00,3197.13,-11.35,TRADE
VIC1,2025-09-28 09:45:00,3198.75,-13.31,TRADE
VIC1,2025-09-28 09:50:00,3139.23,-13.31,TRADE
VIC1,2025-09-28 09:55:00,3128.5,-12.17,TRADE
VIC1,2025-09-28 10:00:00,3108.57,-13.0,TRADE
VIC1,2025-09-28 10:05:00,3089.75,-13.31,TRADE
VIC1,2025-09-28 10:10:00,3080.89,-20.0,TRADE
VIC1,2025-09-28 10:15:00,3086.49,-13.0,TRADE
VIC1,2025-09-28 10:20:00,3020.72,-13.0,TRADE
VIC1,2025-09-28 10:25:00,2966.21,-14.82,TRADE
VIC1,2025-09-28 10:30:00,2942.76,-13.31,TRADE
VIC1,2025-09-28 10:35:00,2905.01,-13.33,TRADE
VIC1,2025-09-28 10:40:00,2858.5,-19.56,TRADE
VIC1,2025-09-28 10:45:00,2909.67,-12.04,TRADE
VIC1,2025-09-28 10:50:00,2879.52,-13.18,TRADE
VIC1,2025-09-28 10:55:00,2846.75,-13.0,TRADE
VIC1,2025-09-28 11:00:00,2775.75,-13.56,TRADE
VIC1,2025-09-28 11:05:00,2796.58,-14.01,TRADE
VIC1,2025-09-28 11:10:00,2821.59,-13.99,TRADE
VIC1,2025-09-28 11:15:00,2785.37,-13.31,TRADE
VIC1,2025-09-28 11:20:00,2747.55,-13.86,TRADE
VIC1,2025-09-28 11:25:00,2709.99,-13.31,TRADE
VIC1,2025-09-28 11:30:00,2677.15,-13.48,TRADE
VIC1,2025-09-28 11:35:00,2634.86,-14.08,TRADE
VIC1,2025-09-28 11:40:00,2640.65,-14.08,TRADE
VIC1,2025-09-28 11:45:00,2598.46,-13.62,TRADE
VIC1,2025-09-28 11:50:00,2514.15,-14.35,TRADE
VIC1,2025-09-28 11:55:00,2572.71,-14.08,TRADE
VIC1,2025-09-28 12:00:00,2552.24,-14.18,TRADE
VIC1,2025-09-28 12:05:00,2546.04,-18.14,TRADE
VIC1,2025-09-28 12:10:00,2594.7,-14.08,TRADE
VIC1,2025-09-28 12:15:00,2556.69,-20.53,TRADE
VIC1,2025-09-28 12:20:00,2557.64,-13.75,TRADE
VIC1,2025-09-28 12:25:00,2456.49,-14.17,TRADE
VIC1,2025-09-28 12:30:00,2440.73,-14.08,TRADE
VIC1,2025-09-28 12:35:00,2438.29,-13.0,TRADE
VIC1,2025-09-28 12:40:00,2436.2,-13.31,TRADE
VIC1,2025-09-28 12:45:00,2474.82,-12.12,TRADE
VIC1,2025-09-28 12:50:00,2493.0,-9.89,TRADE
VIC1,2025-09-28 12:55:00,2449.5,-13.18,TRADE
VIC1,2025-09-28 13:00:00,2506.77,-12.88,TRADE
VIC1,2025-09-28 13:05:00,2531.54,-11.64,TRADE
VIC1,2025-09-28 13:10:00,2613.33,-9.45,TRADE
VIC1,2025-09-28 13:15:00,2592.93,-16.65,TRADE
VIC1,2025-09-28 13:20:00,2684.87,-12.54,TRADE
VIC1,2025-09-28 13:25:00,2698.76,-9.93,TRADE
VIC1,2025-09-28 13:30:00,2593.41,-12.73,TRADE
VIC1,2025-09-28 13:35:00,2579.37,-9.51,TRADE
VIC1,2025-09-28 13:40:00,2461.87,-9.09,TRADE
VIC1,2025-09-28 13:45:00,2440.27,-2.49,TRADE
VIC1,2025-09-28 13:50:00,2391.33,-13.31,TRADE
VIC1,2025-09-28 13:55:00,2416.21,-13.18,TRADE
VIC1,2025-09-28 14:00:00,2412.34,-11.0,TRADE
VIC1,2025-09-28 14:05:00,2473.15,-9.01,TRADE
VIC1,2025-09-28 14:10:00,2510.37,-11.76,TRADE
VIC1,2025-09-28 14:15:00,2525.74,-13.0,TRADE
VIC1,2025-09-28 14:20:00,2629.45,-12.19,TRADE
VIC1,2025-09-28 14:25:00,2619.65,-10.82,TRADE
VIC1,2025-09-28 14:30:00,2644.69,-10.0,TRADE
VIC1,2025-09-28 14:35:00,2718.85,-9.56,TRADE
VIC1,2025-09-28 14:40:00,2813.67,-10.45,TRADE
VIC1,2025-09-28 14:45:00,2842.82,-10.0,TRADE
VIC1,2025-09-28 14:50:00,2813.8,-11.0,TRADE
VIC1,2025-09-28 14:55:00,2804.06,-12.58,TRADE
VIC1,2025-09-28 15:00:00,2896.36,-12.53,TRADE
VIC1,2025-09-28 15:05:00,2967.4,-13.0,TRADE
VIC1,2025-09-28 15:10:00,2987.86,-11.0,TRADE
VIC1,2025-09-28 15:15:00,2946.8,-2.63,TRADE
VIC1,2025-09-28 15:20:00,3018.88,0.0,TRADE
VIC1,2025-09-28 15:25:00,3105.41,-7.1,TRADE
VIC1,2025-09-28 15:30:00,3164.5,0.0,TRADE
VIC1,2025-09-28 15:35:00,3174.77,0.01,TRADE
VIC1,2025-09-28 15:40:00,3254.09,22.51,TRADE
VIC1,2025-09-28 15:45:00,3282.0,-11.0,TRADE
VIC1,2025-09-28 15:50:00,3356.75,18.74,TRADE
VIC1,2025-09-28 15:55:00,3410.03,19.0,TRADE
VIC1,2025-09-28 16:00:00,3466.67,19.0,TRADE
VIC1,2025-09-28 16:05:00,3550.76,29.46,TRADE
VIC1,2025-09-28 16:10:00,3578.22,11.54,TRADE
VIC1,2025-09-28 16:15:00,3682.84,4.98,TRADE
VIC1,2025-09-28 16:20:00,3746.8,25.02,TRADE
VIC1,2025-09-28 16:25:00,3827.71,9.53,TRADE
VIC1,2025-09-28 16:30:00,3908.62,12.24,TRADE
VIC1,2025-09-28 16:35:00,3985.79,20.04,TRADE
VIC1,2025-09-28 16:40:00,4126.33,23.05,TRADE
VIC1,2025-09-28 16:45:00,4237.16,50.05,TRADE
VIC1,2025-09-28 16:50:00,4365.95,75.8,TRADE
VIC1,2025-09-28 16:55:00,4490.02,85.87,TRADE
VIC1,2025-09-28 17:00:00,4488.31,101.69,TRADE
VIC1,2025-09-28 17:05:00,4625.11,97.81,TRADE
VIC1,2025-09-28 17:10:00,4694.33,120.0,TRADE
VIC1,2025-09-28 17:15:00,4806.56,120.0,TRADE
VIC1,2025-09-28 17:20:00,4918.09,120.0,TRADE
VIC1,2025-09-28 17:25:00,5022.72,153.68,TRADE
VIC1,2025-09-28 17:30:00,5101.98,169.69,TRADE
VIC1,2025-09-28 17:35:00,5182.87,169.69,TRADE
VIC1,2025-09-28 17:40:00,5253.82,131.6,TRADE
VIC1,2025-09-28 17:45:00,5360.79,218.18,TRADE
VIC1,2025-09-28 17:50:00,5380.97,169.69,TRADE
VIC1,2025-09-28 17:55:00,5468.27,232.3,TRADE
VIC1,2025-09-28 18:00:00,5541.14,171.78,TRADE
VIC1,2025-09-28 18:05:00,5654.41,208.47,TRADE
VIC1,2025-09-28 18:10:00,5688.92,166.15,TRADE
VIC1,2025-09-28 18:15:00,5743.43,194.88,TRADE
VIC1,2025-09-28 18:20:00,5766.18,169.6,TRADE
VIC1,2025-09-28 18:25:00,5885.26,225.88,TRADE
VIC1,2025-09-28 18:30:00,5897.85,194.37,TRADE
VIC1,2025-09-28 18:35:00,5943.22,164.46,TRADE
VIC1,2025-09-28 18:40:00,6033.16,195.26,TRADE
VIC1,2025-09-28 18:45:00,6050.2,170.24,TRADE
VIC1,2025-09-28 18:50:00,6087.8,179.22,TRADE
VIC1,2025-09-28 18:55:00,6124.12,171.84,TRADE
VIC1,2025-09-28 19:00:00,6117.38,152.12,TRADE
VIC1,2025-09-28 19:05:00,6201.32,183.44,TRADE
VIC1,2025-09-28 19:10:00,6121.66,189.72,TRADE
VIC1,2025-09-28 19:15:00,6152.7,173.96,TRADE
VIC1,2025-09-28 19:20:00,6085.75,155.51,TRADE
VIC1,2025-09-28 19:25:00,6133.14,141.61,TRADE
VIC1,2025-09-28 19:30:00,6107.16,185.46,TRADE
VIC1,2025-09-28 19:35:00,6038.29,134.29,TRADE
VIC1,2025-09-28 19:40:00,6064.59,147.38,TRADE
VIC1,2025-09-28 19:45:00,6067.37,158.37,TRADE
VIC1,2025-09-28 19:50:00,6051.18,146.14,TRADE
VIC1,2025-09-28 19:55:00,6051.86,173.72,TRADE
VIC1,2025-09-28 20:00:00,5977.16,143.87,TRADE
VIC1,2025-09-28 20:05:00,5998.05,170.22,TRADE
VIC1,2025-09-28 20:10:00,5925.23,159.29,TRADE
VIC1,2025-09-28 20:15:00,5946.19,169.69,TRADE
VIC1,2025-09-28 20:20:00,5936.44,166.95,TRADE
VIC1,2025-09-28 20:25:00,5930.02,170.22,TRADE
VIC1,2025-09-28 20:30:00,5919.1,169.69,TRADE
VIC1,2025-09-28 20:35:00,5908.79,166.75,TRADE
VIC1,2025-09-28 20:40:00,5931.97,171.93,TRADE
VIC1,2025-09-28 20:45:00,5875.94,179.18,TRADE
VIC1,2025-09-28 20:50:00,5856.99,156.3,TRADE
VIC1,2025-09-28 20:55:00,5841.58,177.28,TRADE
VIC1,2025-09-28 21:00:00,5822.91,166.94,TRADE
VIC1,2025-09-28 21:05:00,5787.57,217.26,TRADE
VIC1,2025-09-28 21:10:00,5752.8,158.53,TRADE
VIC1,2025-09-28 21:15:00,5779.33,181.81,TRADE
VIC1,2025-09-28 21:20:00,5717.97,136.43,TRADE
VIC1,2025-09-28 21:25:00,5726.91,159.04,TRADE
VIC1,2025-09-28 21:30:00,5682.01,134.45,TRADE
VIC1,2025-09-28 21:35:00,5660.05,120.0,TRADE
VIC1,2025-09-28 21:40:00,5630.28,134.33,TRADE
VIC1,2025-09-28 21:45:00,5577.35,127.04,TRADE
VIC1,2025-09-28 21:50:00,5539.75,127.53,TRADE
VIC1,2025-09-28 21:55:00,5519.83,120.0,TRADE
VIC1,2025-09-28 22:00:00,5510.76,120.0,TRADE
VIC1,2025-09-28 22:05:00,5437.16,115.17,TRADE
VIC1,2025-09-28 22:10:00,5389.02,127.29,TRADE
VIC1,2025-09-28 22:15:00,5392.68,140.34,TRADE
VIC1,2025-09-28 22:20:00,5374.35,133.56,TRADE
VIC1,2025-09-28 22:25:00,5334.52,117.67,TRADE
VIC1,2025-09-28 22:30:00,5311.71,130.87,TRADE
VIC1,2025-09-28 22:35:00,5270.49,160.25,TRADE
VIC1,2025-09-28 22:40:00,5218.91,116.42,TRADE
VIC1,2025-09-28 22:45:00,5214.6,127.89,TRADE
VIC1,2025-09-28 22:50:00,5208.84,132.72,TRADE
VIC1,2025-09-28 22:55:00,5205.77,128.25,TRADE
VIC1,2025-09-28 23:00:00,5197.77,122.44,TRADE
VIC1,2025-09-28 23:05:00,5200.39,115.74,TRADE
VIC1,2025-09-28 23:10:00,5302.18,115.37,TRADE
VIC1,2025-09-28 23:15:00,5305.79,120.65,TRADE
VIC1,2025-09-28 23:20:00,5320.62,128.23,TRADE
VIC1,2025-09-28 23:25:00,5319.98,97.0,TRADE
VIC1,2025-09-28 23:30:00,5350.04,95.47,TRADE
VIC1,2025-09-28 23:35:00,5266.49,99.82,TRADE
VIC1,2025-09-28 23:40:00,5229.14,130.99,TRADE
VIC1,2025-09-28 23:45:00,5138.18,100.27,TRADE
VIC1,2025-09-28 23:50:00,5116.48,100.52,TRADE
VIC1,2025-09-28 23:55:00,5083.09,99.28,TRADE
VIC1,2025-10-04 00:00:00,5212.42,104.61,TRADE
VIC1,2025-10-04 00:05:00,5261.38,109.16,TRADE
VIC1,2025-10-04 00:10:00,5214.01,120.0,TRADE
VIC1,2025-10-04 00:15:00,5182.93,120.0,TRADE
VIC1,2025-10-04 00:20:00,5066.46,109.02,TRADE
VIC1,2025-10-04 00:25:00,5046.94,97.0,TRADE
VIC1,2025-10-04 00:30:00,5077.04,109.16,TRADE
VIC1,2025-10-04 00:35:00,5046.93,107.82,TRADE
VIC1,2025-10-04 00:40:00,4939.98,83.73,TRADE
VIC1,2025-10-04 00:45:00,4993.95,107.25,TRADE
VIC1,2025-10-04 00:50:00,4956.65,107.69,TRADE
VIC1,2025-10-04 00:55:00,4924.97,91.73,TRADE
VIC1,2025-10-04 01:00:00,4917.68,82.6,TRADE
VIC1,2025-10-04 01:05:00,4813.16,107.16,TRADE
VIC1,2025-10-04 01:10:00,4854.11,109.15,TRADE
VIC1,2025-10-04 01:15:00,4840.69,109.16,TRADE
VIC1,2025-10-04 01:20:00,4807.7,92.86,TRADE
VIC1,2025-10-04 01:25:00,4766.87,92.32,TRADE
VIC1,2025-10-04 01:30:00,4753.39,92.82,TRADE
VIC1,2025-10-04 01:35:00,4767.7,120.0,TRADE
VIC1,2025-10-04 01:40:00,4723.86,97.42,TRADE
VIC1,2025-10-04 01:45:00,4607.29,107.37,TRADE
VIC1,2025-10-04 01:50:00,4601.98,103.41,TRADE
VIC1,2025-10-04 01:55:00,4609.1,106.55,TRADE
VIC1,2025-10-04 02:00:00,4606.66,93.71,TRADE
VIC1,2025-10-04 02:05:00,4552.36,81.95,TRADE
VIC1,2025-10-04 02:10:00,4540.85,120.0,TRADE
VIC1,2025-10-04 02:15:00,4541.98,104.01,TRADE
VIC1,2025-10-04 02:20:00,4531.9,84.31,TRADE
VIC1,2025-10-04 02:25:00,4518.56,111.29,TRADE
VIC1,2025-10-04 02:30:00,4437.67,92.37,TRADE
VIC1,2025-10-04 02:35:00,4414.34,83.6,TRADE
VIC1,2025-10-04 02:40:00,4473.72,120.0,TRADE
VIC1,2025-10-04 02:45:00,4474.57,108.84,TRADE
VIC1,2025-10-04 02:50:00,4434.69,120.0,TRADE
VIC1,2025-10-04 02:55:00,4441.49,109.0,TRADE
VIC1,2025-10-04 03:00:00,4428.22,87.72,TRADE
VIC1,2025-10-04 03:05:00,4421.33,93.73,TRADE
VIC1,2025-10-04 03:10:00,4374.47,109.38,TRADE
VIC1,2025-10-04 03:15:00,4351.93,107.29,TRADE
VIC1,2025-10-04 03:20:00,4401.37,110.86,TRADE
VIC1,2025-10-04 03:25:00,4423.15,111.7,TRADE
VIC1,2025-10-04 03:30:00,4394.09,110.86,TRADE
VIC1,2025-10-04 03:35:00,4381.62,111.07,TRADE
VIC1,2025-10-04 03:40:00,4389.21,111.09,TRADE
VIC1,2025-10-04 03:45:00,4300.84,96.93,TRADE
VIC1,2025-10-04 03:50:00,4373.36,107.22,TRADE
VIC1,2025-10-04 03:55:00,4365.22,113.06,TRADE
VIC1,2025-10-04 04:00:00,4288.05,99.22,TRADE
VIC1,2025-10-04 04:05:00,4369.35,100.72,TRADE
VIC1,2025-10-04 04:10:00,4389.43,113.62,TRADE
VIC1,2025-10-04 04:15:00,4323.53,97.19,TRADE
VIC1,2025-10-04 04:20:00,4409.78,100.25,TRADE
VIC1,2025-10-04 04:25:00,4385.72,102.83,TRADE
VIC1,2025-10-04 04:30:00,4384.14,99.52,TRADE
VIC1,2025-10-04 04:35:00,4391.56,103.93,TRADE
VIC1,2025-10-04 04:40:00,4316.82,100.84,TRADE
VIC1,2025-10-04 04:45:00,4347.75,101.64,TRADE
VIC1,2025-10-04 04:50:00,4396.95,101.76,TRADE
VIC1,2025-10-04 04:55:00,4406.21,100.41,TRADE
VIC1,2025-10-04 05:00:00,4346.91,100.22,TRADE
VIC1,2025-10-04 05:05:00,4362.47,103.21,TRADE
VIC1,2025-10-04 05:10:00,4422.37,108.37,TRADE
VIC1,2025-10-04 05:15:00,4440.02,102.45,TRADE
VIC1,2025-10-04 05:20:00,4467.46,120.0,TRADE
VIC1,2025-10-04 05:25:00,4484.04,120.0,TRADE
VIC1,2025-10-04 05:30:00,4482.22,120.0,TRADE
VIC1,2025-10-04 05:35:00,4423.1,103.21,TRADE
VIC1,2025-10-04 05:40:00,4437.34,115.12,TRADE
VIC1,2025-10-04 05:45:00,4449.34,120.0,TRADE
VIC1,2025-10-04 05:50:00,4478.75,120.0,TRADE
VIC1,2025-10-04 05:55:00,4466.88,120.0,TRADE
VIC1,2025-10-04 06:00:00,4447.22,94.91,TRADE
VIC1,2025-10-04 06:05:00,4527.9,103.93,TRADE
VIC1,2025-10-04 06:10:00,4585.0,93.7,TRADE
VIC1,2025-10-04 06:15:00,4527.15,80.0,TRADE
VIC1,2025-10-04 06:20:00,4519.98,80.0,TRADE
VIC1,2025-10-04 06:25:00,4536.83,63.06,TRADE
VIC1,2025-10-04 06:30:00,4602.4,39.84,TRADE
VIC1,2025-10-04 06:35:00,4562.95,32.35,TRADE
VIC1,2025-10-04 06:40:00,4474.77,14.14,TRADE
VIC1,2025-10-04 06:45:00,4513.39,0.0,TRADE
VIC1,2025-10-04 06:50:00,4495.48,0.01,TRADE
VIC1,2025-10-04 06:55:00,4406.86,-6.34,TRADE
VIC1,2025-10-04 07:00:00,4338.07,-11.0,TRADE
VIC1,2025-10-04 07:05:00,4297.15,-11.0,TRADE
VIC1,2025-10-04 07:10:00,4211.82,-12.42,TRADE
VIC1,2025-10-04 07:15:00,4141.46,-13.0,TRADE
VIC1,2025-10-04 07:20:00,4075.02,-14.02,TRADE
VIC1,2025-10-04 07:25:00,4089.07,-14.1,TRADE
VIC1,2025-10-04 07:30:00,4036.39,-13.31,TRADE
VIC1,2025-10-04 07:35:00,3947.93,-13.31,TRADE
VIC1,2025-10-04 07:40:00,3932.88,-13.31,TRADE
VIC1,2025-10-04 07:45:00,3860.38,-12.04,TRADE
VIC1,2025-10-04 07:50:00,3830.91,-11.0,TRADE
VIC1,2025-10-04 07:55:00,3680.51,-14.89,TRADE
VIC1,2025-10-04 08:00:00,3639.73,-11.53,TRADE
VIC1,2025-10-04 08:05:00,3623.8,-13.0,TRADE
VIC1,2025-10-04 08:10:00,3616.95,-9.48,TRADE
VIC1,2025-10-04 08:15:00,3592.66,-9.39,TRADE
VIC1,2025-10-04 08:20:00,3512.49,-16.68,TRADE
VIC1,2025-10-04 08:25:00,3508.78,-27.91,TRADE
VIC1,2025-10-04 08:30:00,3426.96,0.44,TRADE
VIC1,2025-10-04 08:35:00,3280.86,1.0,TRADE
VIC1,2025-10-04 08:40:00,3189.4,-16.57,TRADE
VIC1,2025-10-04 08:45:00,3158.59,-17.47,TRADE
VIC1,2025-10-04 08:50:00,3159.1,-16.83,TRADE
VIC1,2025-10-04 08:55:00,3104.62,-13.0,TRADE
VIC1,2025-10-04 09:00:00,2955.25,-22.93,TRADE
VIC1,2025-10-04 09:05:00,2918.44,-15.38,TRADE
VIC1,2025-10-04 09:10:00,2945.7,-13.31,TRADE
VIC1,2025-10-04 09:15:00,2841.12,-18.02,TRADE
VIC1,2025-10-04 09:20:00,2795.44,-16.82,TRADE
VIC1,2025-10-04 09:25:00,2679.2,-22.43,TRADE
VIC1,2025-10-04 09:30:00,2715.04,-24.2,TRADE
VIC1,2025-10-04 09:35:00,2660.45,-23.64,TRADE
VIC1,2025-10-04 09:40:00,2613.45,-23.58,TRADE
VIC1,2025-10-04 09:45:00,2523.44,-24.18,TRADE
VIC1,2025-10-04 09:50:00,2432.58,-28.25,TRADE
VIC1,2025-10-04 09:55:00,2374.41,-34.68,TRADE
VIC1,2025-10-04 10:00:00,2287.9,-58.5,TRADE
VIC1,2025-10-04 10:05:00,2241.63,-50.01,TRADE
VIC1,2025-10-04 10:10:00,2302.01,-37.32,TRADE
VIC1,2025-10-04 10:15:00,2226.92,-50.01,TRADE
VIC1,2025-10-04 10:20:00,2108.51,-50.22,TRADE
VIC1,2025-10-04 10:25:00,2123.51,-50.22,TRADE
VIC1,2025-10-04 10:30:00,2082.77,-50.01,TRADE
VIC1,2025-10-04 10:35:00,2064.49,-50.69,TRADE
VIC1,2025-10-04 10:40:00,2005.79,-36.74,TRADE
VIC1,2025-10-04 10:45:00,1925.22,-50.22,TRADE
VIC1,2025-10-04 10:50:00,1969.73,-50.01,TRADE
VIC1,2025-10-04 10:55:00,1912.92,-51.13,TRADE
VIC1,2025-10-04 11:00:00,1892.51,-65.76,TRADE
VIC1,2025-10-04 11:05:00,1857.68,-50.22,TRADE
VIC1,2025-10-04 11:10:00,1901.19,-30.85,TRADE
VIC1,2025-10-04 11:15:00,1844.19,-49.79,TRADE
VIC1,2025-10-04 11:20:00,1874.23,-50.22,TRADE
VIC1,2025-10-04 11:25:00,1734.1,-51.13,TRADE
VIC1,2025-10-04 11:30:00,1757.31,-66.31,TRADE
VIC1,2025-10-04 11:35:00,1775.53,-36.13,TRADE
VIC1,2025-10-04 11:40:00,1737.83,-30.15,TRADE
VIC1,2025-10-04 11:45:00,1755.02,-33.67,TRADE
VIC1,2025-10-04 11:50:00,1720.93,-50.11,TRADE
VIC1,2025-10-04 11:55:00,1702.33,-50.22,TRADE
VIC1,2025-10-04 12:00:00,1681.1,-50.11,TRADE
VIC1,2025-10-04 12:05:00,1608.76,-39.48,TRADE
VIC1,2025-10-04 12:10:00,1634.5,-29.03,TRADE
VIC1,2025-10-04 12:15:00,1696.37,-37.32,TRADE
VIC1,2025-10-04 12:20:00,1763.07,-50.01,TRADE
VIC1,2025-10-04 12:25:00,1696.61,-39.48,TRADE
VIC1,2025-10-04 12:30:00,1726.4,-37.32,TRADE
VIC1,2025-10-04 12:35:00,1719.45,-40.89,TRADE
VIC1,2025-10-04 12:40:00,1719.85,-50.01,TRADE
VIC1,2025-10-04 12:45:00,1715.02,-37.32,TRADE
VIC1,2025-10-04 12:50:00,1703.44,-33.67,TRADE
VIC1,2025-10-04 12:55:00,1719.73,-42.78,TRADE
VIC1,2025-10-04 13:00:00,1704.65,-50.11,TRADE
VIC1,2025-10-04 13:05:00,1683.09,-50.01,TRADE
VIC1,2025-10-04 13:10:00,1752.39,-40.99,TRADE
VIC1,2025-10-04 13:15:00,1798.6,-39.39,TRADE
VIC1,2025-10-04 13:20:00,1790.74,-50.01,TRADE
VIC1,2025-10-04 13:25:00,1786.46,-41.05,TRADE
VIC1,2025-10-04 13:30:00,1844.94,-50.01,TRADE
VIC1,2025-10-04 13:35:00,1890.98,-42.57,TRADE
VIC1,2025-10-04 13:40:00,1918.67,-50.11,TRADE
VIC1,2025-10-04 13:45:00,1877.56,-52.24,TRADE
VIC1,2025-10-04 13:50:00,1976.56,-62.95,TRADE
VIC1,2025-10-04 13:55:00,1981.18,-62.95,TRADE
VIC1,2025-10-04 14:00:00,2042.49,-50.11,TRADE
VIC1,2025-10-04 14:05:00,2095.66,-52.59,TRADE
VIC1,2025-10-04 14:10:00,2053.33,-59.46,TRADE
VIC1,2025-10-04 14:15:00,2115.76,-54.79,TRADE
VIC1,2025-10-04 14:20:00,2149.91,-62.95,TRADE
VIC1,2025-10-04 14:25:00,2146.19,-50.22,TRADE
VIC1,2025-10-04 14:30:00,2228.83,-59.46,TRADE
VIC1,2025-10-04 14:35:00,2271.04,-66.31,TRADE
VIC1,2025-10-04 14:40:00,2298.52,-62.95,TRADE
VIC1,2025-10-04 14:45:00,2293.81,-50.11,TRADE
VIC1,2025-10-04 14:50:00,2236.51,-59.46,TRADE
VIC1,2025-10-04 14:55:00,2353.23,-36.13,TRADE
VIC1,2025-10-04 15:00:00,2312.2,-59.46,TRADE
VIC1,2025-10-04 15:05:00,2441.04,-50.01,TRADE
VIC1,2025-10-04 15:10:00,2469.69,-34.8,TRADE
VIC1,2025-10-04 15:15:00,2522.03,-50.01,TRADE
VIC1,2025-10-04 15:20:00,2637.96,-31.95,TRADE
VIC1,2025-10-04 15:25:00,2744.75,-19.99,TRADE
VIC1,2025-10-04 15:30:00,2755.97,-29.9,TRADE
VIC1,2025-10-04 15:35:00,2774.26,-21.28,TRADE
VIC1,2025-10-04 15:40:00,2825.35,-15.91,TRADE
VIC1,2025-10-04 15:45:00,2926.59,-8.09,TRADE
VIC1,2025-10-04 15:50:00,2966.84,-11.92,TRADE
VIC1,2025-10-04 15:55:00,3095.78,-8.16,TRADE
VIC1,2025-10-04 16:00:00,3118.21,-10.69,TRADE
VIC1,2025-10-04 16:05:00,3265.76,-6.5,TRADE
VIC1,2025-10-04 16:10:00,3292.76,-6.5,TRADE
VIC1,2025-10-04 16:15:00,3365.0,-6.5,TRADE
VIC1,2025-10-04 16:20:00,3393.01,-6.5,TRADE
VIC1,2025-10-04 16:25:00,3449.33,0.0,TRADE
VIC1,2025-10-04 16:30:00,3601.23,0.0,TRADE
VIC1,2025-10-04 16:35:00,3704.31,-2.68,TRADE
VIC1,2025-10-04 16:40:00,3711.36,-3.86,TRADE
VIC1,2025-10-04 16:45:00,3926.96,37.31,TRADE
VIC1,2025-10-04 16:50:00,4074.9,51.11,TRADE
VIC1,2025-10-04 16:55:00,4220.58,73.97,TRADE
VIC1,2025-10-04 17:00:00,4325.37,75.8,TRADE
VIC1,2025-10-04 17:05:00,4374.29,72.18,TRADE
VIC1,2025-10-04 17:10:00,4406.6,61.92,TRADE
VIC1,2025-10-04 17:15:00,4458.5,80.0,TRADE
VIC1,2025-10-04 17:20:00,4479.03,82.98,TRADE
VIC1,2025-10-04 17:25:00,4605.0,105.16,TRADE
VIC1,2025-10-04 17:30:00,4662.01,98.78,TRADE
VIC1,2025-10-04 17:35:00,4722.06,82.96,TRADE
VIC1,2025-10-04 17:40:00,4772.95,82.31,TRADE
VIC1,2025-10-04 17:45:00,4882.63,120.0,TRADE
VIC1,2025-10-04 17:50:00,4966.28,87.57,TRADE
VIC1,2025-10-04 17:55:00,5005.42,125.49,TRADE
VIC1,2025-10-04 18:00:00,5040.2,125.69,TRADE
VIC1,2025-10-04 18:05:00,5157.11,114.53,TRADE
VIC1,2025-10-04 18:10:00,5161.16,109.55,TRADE
VIC1,2025-10-04 18:15:00,5185.78,138.3,TRADE
VIC1,2025-10-04 18:20:00,5214.08,135.64,TRADE
VIC1,2025-10-04 18:25:00,5264.26,146.34,TRADE
VIC1,2025-10-04 18:30:00,5264.33,125.49,TRADE
VIC1,2025-10-04 18:35:00,5197.0,122.32,TRADE
VIC1,2025-10-04 18:40:00,5276.04,120.0,TRADE
VIC1,2025-10-04 18:45:00,5226.22,110.38,TRADE
VIC1,2025-10-04 18:50:00,5244.53,105.89,TRADE
VIC1,2025-10-04 18:55:00,5265.47,112.01,TRADE
VIC1,2025-10-04 19:00:00,5300.83,114.5,TRADE
VIC1,2025-10-04 19:05:00,5303.28,112.04,TRADE
VIC1,2025-10-04 19:10:00,5217.86,86.99,TRADE
VIC1,2025-10-04 19:15:00,5282.57,102.26,TRADE
VIC1,2025-10-04 19:20:00,5273.25,106.82,TRADE
VIC1,2025-10-04 19:25:00,5228.67,82.2,TRADE
VIC1,2025-10-04 19:30:00,5229.15,110.68,TRADE
VIC1,2025-10-04 19:35:00,5131.38,78.3,TRADE
VIC1,2025-10-04 19:40:00,5145.57,81.08,TRADE
VIC1,2025-10-04 19:45:00,5170.27,70.98,TRADE
VIC1,2025-10-04 19:50:00,5123.73,83.93,TRADE
VIC1,2025-10-04 19:55:00,5052.26,73.86,TRADE
VIC1,2025-10-04 20:00:00,5104.97,89.48,TRADE
VIC1,2025-10-04 20:05:00,5074.71,67.79,TRADE
VIC1,2025-10-04 20:10:00,5080.69,70.58,TRADE
VIC1,2025-10-04 20:15:00,4986.34,63.21,TRADE
VIC1,2025-10-04 20:20:00,4901.09,61.44,TRADE
VIC1,2025-10-04 20:25:00,4955.28,67.61,TRADE
VIC1,2025-10-04 20:30:00,4942.75,67.71,TRADE
VIC1,2025-10-04 20:35:00,4888.78,19.0,TRADE
VIC1,2025-10-04 20:40:00,4886.75,14.07,TRADE
VIC1,2025-10-04 20:45:00,4817.02,10.66,TRADE
VIC1,2025-10-04 20:50:00,4772.47,8.69,TRADE
VIC1,2025-10-04 20:55:00,4753.87,8.43,TRADE
VIC1,2025-10-04 21:00:00,4649.57,0.01,TRADE
VIC1,2025-10-04 21:05:00,4685.64,8.95,TRADE
VIC1,2025-10-04 21:10:00,4706.81,1.65,TRADE
VIC1,2025-10-04 21:15:00,4605.06,0.0,TRADE
VIC1,2025-10-04 21:20:00,4657.68,8.43,TRADE
VIC1,2025-10-04 21:25:00,4625.97,0.0,TRADE
VIC1,2025-10-04 21:30:00,4612.08,0.0,TRADE
VIC1,2025-10-04 21:35:00,4573.51,0.0,TRADE
VIC1,2025-10-04 21:40:00,4465.09,0.0,TRADE
VIC1,2025-10-04 21:45:00,4506.17,0.0,TRADE
VIC1,2025-10-04 21:50:00,4507.45,0.0,TRADE
VIC1,2025-10-04 21:55:00,4491.27,-0.42,TRADE
VIC1,2025-10-04 22:00:00,4435.58,-3.84,TRADE
VIC1,2025-10-04 22:05:00,4433.24,-3.84,TRADE
VIC1,2025-10-04 22:10:00,4407.27,-3.84,TRADE
VIC1,2025-10-04 22:15:00,4390.33,-3.86,TRADE
VIC1,2025-10-04 22:20:00,4329.86,-3.86,TRADE
VIC1,2025-10-04 22:25:00,4302.5,-6.5,TRADE
VIC1,2025-10-04 22:30:00,4377.1,-6.5,TRADE
VIC1,2025-10-04 22:35:00,4298.0,-6.5,TRADE
VIC1,2025-10-04 22:40:00,4281.28,-6.5,TRADE
VIC1,2025-10-04 22:45:00,4304.28,-6.5,TRADE
VIC1,2025-10-04 22:50:00,4277.66,-6.5,TRADE
VIC1,2025-10-04 22:55:00,4272.82,-6.5,TRADE
VIC1,2025-10-04 23:00:00,4270.7,-6.5,TRADE
VIC1,2025-10-04 23:05:00,4184.51,-6.5,TRADE
VIC1,2025-10-04 23:10:00,4312.2,-6.5,TRADE
VIC1,2025-10-04 23:15:00,4439.7,-6.5,TRADE
VIC1,2025-10-04 23:20:00,4424.52,-6.5,TRADE
VIC1,2025-10-04 23:25:00,4382.53,-6.5,TRADE
VIC1,2025-10-04 23:30:00,4448.91,-6.5,TRADE
VIC1,2025-10-04 23:35:00,4438.6,-6.5,TRADE
VIC1,2025-10-04 23:40:00,4393.08,-6.5,TRADE
VIC1,2025-10-04 23:45:00,4334.94,-6.5,TRADE
VIC1,2025-10-04 23:50:00,4235.77,-6.5,TRADE
VIC1,2025-10-04 23:55:00,4273.73,-6.5,TRADE
VIC1,2025-10-05 00:00:00,4314.86,-6.5,TRADE
VIC1,2025-10-05 00:05:00,4267.32,-6.5,TRADE
VIC1,2025-10-05 00:10:00,4248.46,-6.5,TRADE
VIC1,2025-10-05 00:15:00,4207.65,-6.5,TRADE
VIC1,2025-10-05 00:20:00,4201.56,-6.5,TRADE
VIC1,2025-10-05 00:25:00,4159.44,-6.5,TRADE
VIC1,2025-10-05 00:30:00,4074.04,-6.5,TRADE
VIC1,2025-10-05 00:35:00,4063.06,-6.5,TRADE
VIC1,2025-10-05 00:40:00,4036.44,-6.5,TRADE
VIC1,2025-10-05 00:45:00,4023.11,-6.5,TRADE
VIC1,2025-10-05 00:50:00,4007.17,-6.5,TRADE
VIC1,2025-10-05 00:55:00,4016.53,-6.5,TRADE
VIC1,2025-10-05 01:00:00,4037.68,-6.5,TRADE
VIC1,2025-10-05 01:05:00,4029.43,-6.5,TRADE
VIC1,2025-10-05 01:10:00,3985.84,-6.5,TRADE
VIC1,2025-10-05 01:15:00,3981.2,-6.5,TRADE
VIC1,2025-10-05 01:20:00,3956.67,-6.5,TRADE
VIC1,2025-10-05 01:25:00,3917.29,-6.5,TRADE
VIC1,2025-10-05 01:30:00,3809.93,-19.56,TRADE
VIC1,2025-10-05 01:35:00,3848.08,-12.15,TRADE
VIC1,2025-10-05 01:40:00,3820.55,-12.06,TRADE
VIC1,2025-10-05 01:45:00,3858.97,-6.5,TRADE
VIC1,2025-10-05 01:50:00,3745.69,-11.92,TRADE
VIC1,2025-10-05 01:55:00,3804.87,-12.14,TRADE
VIC1,2025-10-05 02:00:00,3776.75,-11.99,TRADE
VIC1,2025-10-05 02:05:00,3776.88,-11.99,TRADE
VIC1,2025-10-05 02:10:00,3740.45,-11.95,TRADE
VIC1,2025-10-05 02:15:00,3677.69,-11.72,TRADE
VIC1,2025-10-05 02:20:00,3653.96,-15.0,TRADE
VIC1,2025-10-05 02:25:00,3628.48,-19.99,TRADE
VIC1,2025-10-05 02:30:00,3663.77,-19.99,TRADE
VIC1,2025-10-05 02:35:00,3663.3,-19.99,TRADE
VIC1,2025-10-05 02:40:00,3579.7,-19.76,TRADE
VIC1,2025-10-05 02:45:00,3625.58,-19.99,TRADE
VIC1,2025-10-05 02:50:00,3633.97,-19.99,TRADE
VIC1,2025-10-05 02:55:00,3628.66,-11.56,TRADE
VIC1,2025-10-05 03:00:00,3546.31,-11.25,TRADE
VIC1,2025-10-05 03:05:00,3549.26,-11.37,TRADE
VIC1,2025-10-05 03:10:00,3540.66,-11.31,TRADE
VIC1,2025-10-05 03:15:00,3603.93,-11.47,TRADE
VIC1,2025-10-05 03:20:00,3622.99,-11.47,TRADE
VIC1,2025-10-05 03:25:00,3613.16,-11.48,TRADE
VIC1,2025-10-05 03:30:00,3598.24,-11.42,TRADE
VIC1,2025-10-05 03:35:00,3582.78,-11.37,TRADE
VIC1,2025-10-05 03:40:00,3628.73,-11.46,TRADE
VIC1,2025-10-05 03:45:00,3537.0,-11.16,TRADE
VIC1,2025-10-05 03:50:00,3530.61,-11.13,TRADE
VIC1,2025-10-05 03:55:00,3524.7,-11.14,TRADE
VIC1,2025-10-05 04:00:00,3526.03,-11.14,TRADE
VIC1,2025-10-05 04:05:00,3611.75,-11.41,TRADE
VIC1,2025-10-05 04:10:00,3613.14,-11.4,TRADE
VIC1,2025-10-05 04:15:00,3625.56,-11.51,TRADE
VIC1,2025-10-05 04:20:00,3620.18,-11.51,TRADE
VIC1,2025-10-05 04:25:00,3611.62,-11.46,TRADE
VIC1,2025-10-05 04:30:00,3646.16,-11.57,TRADE
VIC1,2025-10-05 04:35:00,3564.04,-12.51,TRADE
VIC1,2025-10-05 04:40:00,3574.84,-12.51,TRADE
VIC1,2025-10-05 04:45:00,3644.73,-12.51,TRADE
VIC1,2025-10-05 04:50:00,3633.57,-12.51,TRADE
VIC1,2025-10-05 04:55:00,3576.02,-13.81,TRADE
VIC1,2025-10-05 05:00:00,3648.37,-12.51,TRADE
VIC1,2025-10-05 05:05:00,3663.54,-12.51,TRADE
VIC1,2025-10-05 05:10:00,3679.54,-11.8,TRADE
VIC1,2025-10-05 05:15:00,3708.49,-12.51,TRADE
VIC1,2025-10-05 05:20:00,3655.39,-13.81,TRADE
VIC1,2025-10-05 05:25:00,3641.43,-12.51,TRADE
VIC1,2025-10-05 05:30:00,3765.21,-12.07,TRADE
VIC1,2025-10-05 05:35:00,3724.57,-11.83,TRADE
VIC1,2025-10-05 05:40:00,3767.87,-12.02,TRADE
VIC1,2025-10-05 05:45:00,3761.96,-12.01,TRADE
VIC1,2025-10-05 05:50:00,3797.32,-12.08,TRADE
VIC1,2025-10-05 05:55:00,3829.22,-12.24,TRADE
VIC1,2025-10-05 06:00:00,3773.96,-12.06,TRADE
VIC1,2025-10-05 06:05:00,3779.37,-12.0,TRADE
VIC1,2025-10-05 06:10:00,3881.37,-12.22,TRADE
VIC1,2025-10-05 06:15:00,3890.35,-12.2,TRADE
VIC1,2025-10-05 06:20:00,3841.6,-12.02,TRADE
VIC1,2025-10-05 06:25:00,3840.06,-12.51,TRADE
VIC1,2025-10-05 06:30:00,3840.21,-11.98,TRADE
VIC1,2025-10-05 06:35:00,3809.6,-11.99,TRADE
VIC1,2025-10-05 06:40:00,3722.0,-11.52,TRADE
VIC1,2025-10-05 06:45:00,3828.29,-11.45,TRADE
VIC1,2025-10-05 06:50:00,3857.43,-11.56,TRADE
VIC1,2025-10-05 06:55:00,3927.36,-12.51,TRADE
VIC1,2025-10-05 07:00:00,3936.25,-13.81,TRADE
VIC1,2025-10-05 07:05:00,3901.79,-15.12,TRADE
VIC1,2025-10-05 07:10:00,3841.32,-14.65,TRADE
VIC1,2025-10-05 07:15:00,3770.45,-19.77,TRADE
VIC1,2025-10-05 07:20:00,3820.35,-19.53,TRADE
VIC1,2025-10-05 07:25:00,3759.4,-20.99,TRADE
VIC1,2025-10-05 07:30:00,3706.25,-21.28,TRADE
VIC1,2025-10-05 07:35:00,3747.6,-23.65,TRADE
VIC1,2025-10-05 07:40:00,3781.39,-24.66,TRADE
VIC1,2025-10-05 07:45:00,3670.84,-23.77,TRADE
VIC1,2025-10-05 07:50:00,3737.78,-25.17,TRADE
VIC1,2025-10-05 07:55:00,3745.12,-24.21,TRADE
VIC1,2025-10-05 08:00:00,3758.12,-24.42,TRADE
VIC1,2025-10-05 08:05:00,3816.81,-26.51,TRADE
VIC1,2025-10-05 08:10:00,3788.94,-24.34,TRADE
VIC1,2025-10-05 08:15:00,3817.84,-26.48,TRADE
VIC1,2025-10-05 08:20:00,3892.01,-30.94,TRADE
VIC1,2025-10-05 08:25:00,3894.34,-33.67,TRADE
VIC1,2025-10-05 08:30:00,3868.92,-24.12,TRADE
VIC1,2025-10-05 08:35:00,3805.56,-50.11,TRADE
VIC1,2025-10-05 08:40:00,3815.85,-33.67,TRADE
VIC1,2025-10-05 08:45:00,3773.19,-27.08,TRADE
VIC1,2025-10-05 08:50:00,3659.57,-29.99,TRADE
VIC1,2025-10-05 08:55:00,3673.28,-29.77,TRADE
VIC1,2025-10-05 09:00:00,3712.56,-30.36,TRADE
VIC1,2025-10-05 09:05:00,3752.51,-32.19,TRADE
VIC1,2025-10-05 09:10:00,3812.83,-30.06,TRADE
VIC1,2025-10-05 09:15:00,3872.62,-27.8,TRADE
VIC1,2025-10-05 09:20:00,3902.05,-32.62,TRADE
VIC1,2025-10-05 09:25:00,3936.47,-29.74,TRADE
VIC1,2025-10-05 09:30:00,3895.31,-30.33,TRADE
VIC1,2025-10-05 09:35:00,3871.72,-30.49,TRADE
VIC1,2025-10-05 09:40:00,4011.54,-30.76,TRADE
VIC1,2025-10-05 09:45:00,3998.28,-30.95,TRADE
VIC1,2025-10-05 09:50:00,3989.23,-31.92,TRADE
VIC1,2025-10-05 09:55:00,3957.52,-30.03,TRADE
VIC1,2025-10-05 10:00:00,3959.39,-29.77,TRADE
VIC1,2025-10-05 10:05:00,3804.48,-33.67,TRADE
VIC1,2025-10-05 10:10:00,3917.84,-29.74,TRADE
VIC1,2025-10-05 10:15:00,3735.47,-29.8,TRADE
VIC1,2025-10-05 10:20:00,3773.28,-35.88,TRADE
VIC1,2025-10-05 10:25:00,3846.49,-32.86,TRADE
VIC1,2025-10-05 10:30:00,3762.35,-34.03,TRADE
VIC1,2025-10-05 10:35:00,3884.08,-31.59,TRADE
VIC1,2025-10-05 10:40:00,3934.44,-24.65,TRADE
VIC1,2025-10-05 10:45:00,3975.57,-28.79,TRADE
VIC1,2025-10-05 10:50:00,3943.42,-35.34,TRADE
VIC1,2025-10-05 10:55:00,3963.11,-29.09,TRADE
VIC1,2025-10-05 11:00:00,3911.63,-26.6,TRADE
VIC1,2025-10-05 11:05:00,3827.42,-29.41,TRADE
VIC1,2025-10-05 11:10:00,3829.72,-29.48,TRADE
VIC1,2025-10-05 11:15:00,3687.1,-32.8,TRADE
VIC1,2025-10-05 11:20:00,3635.86,-33.67,TRADE
VIC1,2025-10-05 11:25:00,3641.14,-30.8,TRADE
VIC1,2025-10-05 11:30:00,3639.88,-21.28,TRADE
VIC1,2025-10-05 11:35:00,3560.65,-24.58,TRADE
VIC1,2025-10-05 11:40:00,3503.43,-33.02,TRADE
VIC1,2025-10-05 11:45:00,3380.71,-33.4,TRADE
VIC1,2025-10-05 11:50:00,3291.37,-35.84,TRADE
VIC1,2025-10-05 11:55:00,3207.84,-35.04,TRADE
VIC1,2025-10-05 12:00:00,2993.66,-35.05,TRADE
VIC1,2025-10-05 12:05:00,2946.78,-35.29,TRADE
VIC1,2025-10-05 12:10:00,2891.65,-35.06,TRADE
VIC1,2025-10-05 12:15:00,2843.0,-35.48,TRADE
VIC1,2025-10-05 12:20:00,2878.79,-39.48,TRADE
VIC1,2025-10-05 12:25:00,2872.72,-35.74,TRADE
VIC1,2025-10-05 12:30:00,2992.19,-39.48,TRADE
VIC1,2025-10-05 12:35:00,2907.85,-39.71,TRADE
VIC1,2025-10-05 12:40:00,2997.12,-35.08,TRADE
VIC1,2025-10-05 12:45:00,2993.26,-35.14,TRADE
VIC1,2025-10-05 12:50:00,3013.97,-37.32,TRADE
VIC1,2025-10-05 12:55:00,2982.26,-36.76,TRADE
VIC1,2025-10-05 13:00:00,2904.36,-36.76,TRADE
VIC1,2025-10-05 13:05:00,2861.24,-38.31,TRADE
VIC1,2025-10-05 13:10:00,2799.27,-37.76,TRADE
VIC1,2025-10-05 13:15:00,2913.33,-34.97,TRADE
VIC1,2025-10-05 13:20:00,2955.77,-35.02,TRADE
VIC1,2025-10-05 13:25:00,2954.41,-35.53,TRADE
VIC1,2025-10-05 13:30:00,3129.17,-35.8,TRADE
VIC1,2025-10-05 13:35:00,3336.06,-33.45,TRADE
VIC1,2025-10-05 13:40:00,3481.53,-31.19,TRADE
VIC1,2025-10-05 13:45:00,3643.06,-27.58,TRADE
VIC1,2025-10-05 13:50:00,3706.55,-28.3,TRADE
VIC1,2025-10-05 13:55:00,3851.08,-28.73,TRADE
VIC1,2025-10-05 14:00:00,3870.27,-27.89,TRADE
VIC1,2025-10-05 14:05:00,3839.1,-22.48,TRADE
VIC1,2025-10-05 14:10:00,3735.69,-27.77,TRADE
VIC1,2025-10-05 14:15:00,3743.81,-21.28,TRADE
VIC1,2025-10-05 14:20:00,3661.76,-21.28,TRADE
VIC1,2025-10-05 14:25:00,3722.38,-21.28,TRADE
VIC1,2025-10-05 14:30:00,3826.58,-20.99,TRADE
VIC1,2025-10-05 14:35:00,3801.99,-16.8,TRADE
VIC1,2025-10-05 14:40:00,3831.05,-19.99,TRADE
VIC1,2025-10-05 14:45:00,3927.2,-16.86,TRADE
VIC1,2025-10-05 14:50:00,3849.81,-14.83,TRADE
VIC1,2025-10-05 14:55:00,3873.95,-11.69,TRADE
VIC1,2025-10-05 15:00:00,3873.81,-14.87,TRADE
VIC1,2025-10-05 15:05:00,3889.4,-12.24,TRADE
VIC1,2025-10-05 15:10:00,3961.63,-11.28,TRADE
VIC1,2025-10-05 15:15:00,4010.03,-11.68,TRADE
VIC1,2025-10-05 15:20:00,4076.36,-11.49,TRADE
VIC1,2025-10-05 15:25:00,4236.86,-11.32,TRADE
VIC1,2025-10-05 15:30:00,4326.25,-10.79,TRADE
VIC1,2025-10-05 15:35:00,4412.04,-6.5,TRADE
VIC1,2025-10-05 15:40:00,4364.86,-7.08,TRADE
VIC1,2025-10-05 15:45:00,4477.29,-6.5,TRADE
VIC1,2025-10-05 15:50:00,4450.91,-6.5,TRADE
VIC1,2025-10-05 15:55:00,4406.49,-6.5,TRADE
VIC1,2025-10-05 16:00:00,4499.93,-6.5,TRADE
VIC1,2025-10-05 16:05:00,4445.24,-10.69,TRADE
VIC1,2025-10-05 16:10:00,4584.22,-6.5,TRADE
VIC1,2025-10-05 16:15:00,4675.41,-6.5,TRADE
VIC1,2025-10-05 16:20:00,4650.4,-6.5,TRADE
VIC1,2025-10-05 16:25:00,4666.19,-3.86,TRADE
VIC1,2025-10-05 16:30:00,4709.32,-5.6,TRADE
VIC1,2025-10-05 16:35:00,4702.94,-3.84,TRADE
VIC1,2025-10-05 16:40:00,4751.26,-6.5,TRADE
VIC1,2025-10-05 16:45:00,4746.26,-6.5,TRADE
VIC1,2025-10-05 16:50:00,4862.48,-6.5,TRADE
VIC1,2025-10-05 16:55:00,4971.26,-3.84,TRADE
VIC1,2025-10-05 17:00:00,4915.38,-5.86,TRADE
VIC1,2025-10-05 17:05:00,5018.89,-6.5,TRADE
VIC1,2025-10-05 17:10:00,5049.53,-5.92,TRADE
VIC1,2025-10-05 17:15:00,5105.71,-6.5,TRADE
VIC1,2025-10-05 17:20:00,5169.4,-3.86,TRADE
VIC1,2025-10-05 17:25:00,5169.28,-3.84,TRADE
VIC1,2025-10-05 17:30:00,5063.79,40.5,TRADE
VIC1,2025-10-05 17:35:00,5125.08,40.44,TRADE
VIC1,2025-10-05 17:40:00,5166.74,40.56,TRADE
VIC1,2025-10-05 17:45:00,5163.53,-0.42,TRADE
VIC1,2025-10-05 17:50:00,5176.27,-6.5,TRADE
VIC1,2025-10-05 17:55:00,5203.59,-6.5,TRADE
VIC1,2025-10-05 18:00:00,5135.59,-6.5,TRADE
VIC1,2025-10-05 18:05:00,5219.83,-6.5,TRADE
VIC1,2025-10-05 18:10:00,5202.7,-3.86,TRADE
VIC1,2025-10-05 18:15:00,5221.87,-6.5,TRADE
VIC1,2025-10-05 18:20:00,5231.07,-6.5,TRADE
VIC1,2025-10-05 18:25:00,5278.74,-6.5,TRADE
VIC1,2025-10-05 18:30:00,5301.82,-6.5,TRADE
VIC1,2025-10-05 18:35:00,5235.93,-6.5,TRADE
VIC1,2025-10-05 18:40:00,5284.45,-6.5,TRADE
VIC1,2025-10-05 18:45:00,5148.68,-6.5,TRADE
VIC1,2025-10-05 18:50:00,5200.57,-6.5,TRADE
VIC1,2025-10-05 18:55:00,5209.54,-6.5,TRADE
VIC1,2025-10-05 19:00:00,5055.76,-6.89,TRADE
VIC1,2025-10-05 19:05:00,5135.18,-6.5,TRADE
VIC1,2025-10-05 19:10:00,5112.62,-6.5,TRADE
VIC1,2025-10-05 19:15:00,5117.07,-6.5,TRADE
VIC1,2025-10-05 19:20:00,5032.7,-6.5,TRADE
VIC1,2025-10-05 19:25:00,4965.79,-6.89,TRADE
VIC1,2025-10-05 19:30:00,4940.76,-6.9,TRADE
VIC1,2025-10-05 19:35:00,5009.84,-6.5,TRADE
VIC1,2025-10-05 19:40:00,4978.79,-6.5,TRADE
VIC1,2025-10-05 19:45:00,4958.11,-7.73,TRADE
VIC1,2025-10-05 19:50:00,4862.15,-7.11,TRADE
VIC1,2025-10-05 19:55:00,4907.13,-7.02,TRADE
VIC1,2025-10-05 20:00:00,4898.61,-7.04,TRADE
VIC1,2025-10-05 20:05:00,4853.51,-11.06,TRADE
VIC1,2025-10-05 20:10:00,4790.13,-10.26,TRADE
VIC1,2025-10-05 20:15:00,4716.98,-10.6,TRADE
VIC1,2025-10-05 20:20:00,4822.01,-10.82,TRADE
VIC1,2025-10-05 20:25:00,4765.83,-10.23,TRADE
VIC1,2025-10-05 20:30:00,4645.76,-14.36,TRADE
VIC1,2025-10-05 20:35:00,4713.83,-10.04,TRADE
VIC1,2025-10-05 20:40:00,4677.13,-10.1,TRADE
VIC1,2025-10-05 20:45:00,4641.57,-10.14,TRADE
VIC1,2025-10-05 20:50:00,4629.38,-10.23,TRADE
VIC1,2025-10-05 20:55:00,4521.42,-6.5,TRADE
VIC1,2025-10-05 21:00:00,4459.22,-6.5,TRADE
VIC1,2025-10-05 21:05:00,4434.94,-6.5,TRADE
VIC1,2025-10-05 21:10:00,4422.75,-6.5,TRADE
VIC1,2025-10-05 21:15:00,4500.27,-6.5,TRADE
VIC1,2025-10-05 21:20:00,4424.02,-6.5,TRADE
VIC1,2025-10-05 21:25:00,4396.88,-6.5,TRADE
VIC1,2025-10-05 21:30:00,4391.66,-6.5,TRADE
VIC1,2025-10-05 21:35:00,4380.67,-6.5,TRADE
VIC1,2025-10-05 21:40:00,4302.56,-6.5,TRADE
VIC1,2025-10-05 21:45:00,4299.89,-6.5,TRADE
VIC1,2025-10-05 21:50:00,4344.85,-6.5,TRADE
VIC1,2025-10-05 21:55:00,4222.32,-6.5,TRADE
VIC1,2025-10-05 22:00:00,4248.63,-6.5,TRADE
VIC1,2025-10-05 22:05:00,4191.44,-6.5,TRADE
VIC1,2025-10-05 22:10:00,4204.86,-6.5,TRADE
VIC1,2025-10-05 22:15:00,4119.25,-6.5,TRADE
VIC1,2025-10-05 22:20:00,4201.07,-6.5,TRADE
VIC1,2025-10-05 22:25:00,4170.43,-6.5,TRADE
VIC1,2025-10-05 22:30:00,4154.04,-6.5,TRADE
VIC1,2025-10-05 22:35:00,4147.71,-6.5,TRADE
VIC1,2025-10-05 22:40:00,4098.63,-6.5,TRADE
VIC1,2025-10-05 22:45:00,4098.41,-6.5,TRADE
VIC1,2025-10-05 22:50:00,4062.2,-6.5,TRADE
VIC1,2025-10-05 22:55:00,4103.13,-6.5,TRADE
VIC1,2025-10-05 23:00:00,4127.11,-6.5,TRADE
VIC1,2025-10-05 23:05:00,4127.25,-6.5,TRADE
VIC1,2025-10-05 23:10:00,4231.31,-6.5,TRADE
VIC1,2025-10-05 23:15:00,4266.15,-6.5,TRADE
VIC1,2025-10-05 23:20:00,4262.7,-6.5,TRADE
VIC1,2025-10-05 23:25:00,4244.15,-6.5,TRADE
VIC1,2025-10-05 23:30:00,4267.01,-6.5,TRADE
VIC1,2025-10-05 23:35:00,4261.7,-6.5,TRADE
VIC1,2025-10-05 23:40:00,4187.12,-6.5,TRADE
VIC1,2025-10-05 23:45:00,4172.18,-6.5,TRADE
VIC1,2025-10-05 23:50:00,4160.29,-6.5,TRADE
VIC1,2025-10-05 23:55:00,4079.54,-6.5,TRADE
VIC1,2025-10-11 00:00:00,4339.96,0.0,TRADE
VIC1,2025-10-11 00:05:00,4361.75,0.0,TRADE
VIC1,2025-10-11 00:10:00,4322.16,0.0,TRADE
VIC1,2025-10-11 00:15:00,4271.99,0.0,TRADE
VIC1,2025-10-11 00:20:00,4254.63,0.0,TRADE
VIC1,2025-10-11 00:25:00,4130.4,-3.84,TRADE
VIC1,2025-10-11 00:30:00,4094.11,-3.86,TRADE
VIC1,2025-10-11 00:35:00,4114.48,-3.84,TRADE
VIC1,2025-10-11 00:40:00,4032.76,-3.86,TRADE
VIC1,2025-10-11 00:45:00,4030.08,-6.5,TRADE
VIC1,2025-10-11 00:50:00,4002.43,-6.5,TRADE
VIC1,2025-10-11 00:55:00,4005.88,-6.5,TRADE
VIC1,2025-10-11 01:00:00,3980.6,-6.5,TRADE
VIC1,2025-10-11 01:05:00,3973.71,-6.5,TRADE
VIC1,2025-10-11 01:10:00,3953.98,-3.86,TRADE
VIC1,2025-10-11 01:15:00,3991.62,-3.84,TRADE
VIC1,2025-10-11 01:20:00,3959.71,-3.86,TRADE
VIC1,2025-10-11 01:25:00,3937.12,-6.5,TRADE
VIC1,2025-10-11 01:30:00,3883.56,-3.86,TRADE
VIC1,2025-10-11 01:35:00,3877.44,-3.86,TRADE
VIC1,2025-10-11 01:40:00,3865.18,-6.5,TRADE
VIC1,2025-10-11 01:45:00,3804.28,-6.5,TRADE
VIC1,2025-10-11 01:50:00,3825.33,-6.5,TRADE
VIC1,2025-10-11 01:55:00,3803.49,-6.5,TRADE
VIC1,2025-10-11 02:00:00,3776.31,-6.5,TRADE
VIC1,2025-10-11 02:05:00,3750.56,-6.5,TRADE
VIC1,2025-10-11 02:10:00,3754.97,-6.5,TRADE
VIC1,2025-10-11 02:15:00,3744.79,-6.5,TRADE
VIC1,2025-10-11 02:20:00,3756.21,-6.5,TRADE
VIC1,2025-10-11 02:25:00,3708.66,-6.5,TRADE
VIC1,2025-10-11 02:30:00,3784.11,-6.5,TRADE
VIC1,2025-10-11 02:35:00,3822.33,-3.86,TRADE
VIC1,2025-10-11 02:40:00,3818.48,-3.86,TRADE
VIC1,2025-10-11 02:45:00,3743.42,-6.5,TRADE
VIC1,2025-10-11 02:50:00,3744.98,-6.5,TRADE
VIC1,2025-10-11 02:55:00,3762.61,-3.84,TRADE
VIC1,2025-10-11 03:00:00,3796.81,-3.84,TRADE
VIC1,2025-10-11 03:05:00,3715.7,-3.86,TRADE
VIC1,2025-10-11 03:10:00,3709.12,-6.5,TRADE
VIC1,2025-10-11 03:15:00,3684.59,-3.84,TRADE
VIC1,2025-10-11 03:20:00,3667.72,-3.84,TRADE
VIC1,2025-10-11 03:25:00,3698.65,0.0,TRADE
VIC1,2025-10-11 03:30:00,3667.26,-0.42,TRADE
VIC1,2025-10-11 03:35:00,3703.42,-1.3,TRADE
VIC1,2025-10-11 03:40:00,3696.87,0.0,TRADE
VIC1,2025-10-11 03:45:00,3696.36,0.0,TRADE
VIC1,2025-10-11 03:50:00,3760.97,29.31,TRADE
VIC1,2025-10-11 03:55:00,3804.97,0.0,TRADE
VIC1,2025-10-11 04:00:00,3765.1,0.0,TRADE
VIC1,2025-10-11 04:05:00,3774.47,0.0,TRADE
VIC1,2025-10-11 04:10:00,3776.36,0.0,TRADE
VIC1,2025-10-11 04:15:00,3778.19,0.0,TRADE
VIC1,2025-10-11 04:20:00,3811.07,17.98,TRADE
VIC1,2025-10-11 04:25:00,3790.42,-0.42,TRADE
VIC1,2025-10-11 04:30:00,3807.53,0.0,TRADE
VIC1,2025-10-11 04:35:00,3816.38,0.0,TRADE
VIC1,2025-10-11 04:40:00,3865.78,0.0,TRADE
VIC1,2025-10-11 04:45:00,3860.99,0.0,TRADE
VIC1,2025-10-11 04:50:00,3877.73,17.45,TRADE
VIC1,2025-10-11 04:55:00,3890.5,0.49,TRADE
VIC1,2025-10-11 05:00:00,3933.97,0.0,TRADE
VIC1,2025-10-11 05:05:00,4031.9,0.0,TRADE
VIC1,2025-10-11 05:10:00,4072.61,34.73,TRADE
VIC1,2025-10-11 05:15:00,4037.84,35.43,TRADE
VIC1,2025-10-11 05:20:00,4113.31,48.17,TRADE
VIC1,2025-10-11 05:25:00,4159.26,32.99,TRADE
VIC1,2025-10-11 05:30:00,4197.25,33.45,TRADE
VIC1,2025-10-11 05:35:00,4127.31,45.99,TRADE
VIC1,2025-10-11 05:40:00,4233.14,30.85,TRADE
VIC1,2025-10-11 05:45:00,4171.23,32.08,TRADE
VIC1,2025-10-11 05:50:00,4198.16,35.68,TRADE
VIC1,2025-10-11 05:55:00,4241.31,29.29,TRADE
VIC1,2025-10-11 06:00:00,4346.82,29.41,TRADE
VIC1,2025-10-11 06:05:00,4318.56,37.16,TRADE
VIC1,2025-10-11 06:10:00,4364.98,8.95,TRADE
VIC1,2025-10-11 06:15:00,4380.7,0.0,TRADE
VIC1,2025-10-11 06:20:00,4398.34,0.0,TRADE
VIC1,2025-10-11 06:25:00,4391.48,-3.84,TRADE
VIC1,2025-10-11 06:30:00,4389.31,-6.5,TRADE
VIC1,2025-10-11 06:35:00,4318.1,-6.5,TRADE
VIC1,2025-10-11 06:40:00,4371.41,-6.5,TRADE
VIC1,2025-10-11 06:45:00,4355.26,-6.5,TRADE
VIC1,2025-10-11 06:50:00,4211.21,-6.5,TRADE
VIC1,2025-10-11 06:55:00,4250.02,-6.5,TRADE
VIC1,2025-10-11 07:00:00,4133.87,-7.94,TRADE
VIC1,2025-10-11 07:05:00,4197.68,-6.57,TRADE
VIC1,2025-10-11 07:10:00,4111.8,-9.45,TRADE
VIC1,2025-10-11 07:15:00,3979.33,-8.94,TRADE
VIC1,2025-10-11 07:20:00,3964.97,-10.03,TRADE
VIC1,2025-10-11 07:25:00,3973.41,-9.61,TRADE
VIC1,2025-10-11 07:30:00,3893.29,-9.56,TRADE
VIC1,2025-10-11 07:35:00,3759.54,-10.0,TRADE
VIC1,2025-10-11 07:40:00,3809.27,-8.31,TRADE
VIC1,2025-10-11 07:45:00,3699.04,-9.96,TRADE
VIC1,2025-10-11 07:50:00,3606.68,-9.33,TRADE
VIC1,2025-10-11 07:55:00,3528.44,-9.78,TRADE
VIC1,2025-10-11 08:00:00,3454.47,-10.23,TRADE
VIC1,2025-10-11 08:05:00,3457.36,-10.02,TRADE
VIC1,2025-10-11 08:10:00,3468.57,-9.63,TRADE
VIC1,2025-10-11 08:15:00,3344.9,-10.0,TRADE
VIC1,2025-10-11 08:20:00,3386.77,-10.05,TRADE
VIC1,2025-10-11 08:25:00,3446.8,-10.51,TRADE
VIC1,2025-10-11 08:30:00,3448.42,-10.79,TRADE
VIC1,2025-10-11 08:35:00,3343.56,-11.19,TRADE
VIC1,2025-10-11 08:40:00,3212.85,-11.61,TRADE
VIC1,2025-10-11 08:45:00,3198.24,-11.75,TRADE
VIC1,2025-10-11 08:50:00,3239.83,-11.61,TRADE
VIC1,2025-10-11 08:55:00,3234.52,-13.85,TRADE
VIC1,2025-10-11 09:00:00,3138.48,-14.66,TRADE
VIC1,2025-10-11 09:05:00,3206.29,-14.65,TRADE
VIC1,2025-10-11 09:10:00,3200.25,-14.47,TRADE
VIC1,2025-10-11 09:15:00,3095.61,-19.99,TRADE
VIC1,2025-10-11 09:20:00,3011.48,-20.0,TRADE
VIC1,2025-10-11 09:25:00,2862.22,-19.93,TRADE
VIC1,2025-10-11 09:30:00,2810.57,-22.41,TRADE
VIC1,2025-10-11 09:35:00,2829.93,-20.99,TRADE
VIC1,2025-10-11 09:40:00,2789.36,-21.82,TRADE
VIC1,2025-10-11 09:45:00,2723.09,-31.36,TRADE
VIC1,2025-10-11 09:50:00,2674.84,-28.35,TRADE
VIC1,2025-10-11 09:55:00,2707.88,-30.3,TRADE
VIC1,2025-10-11 10:00:00,2677.96,-30.94,TRADE
VIC1,2025-10-11 10:05:00,2633.31,-25.61,TRADE
VIC1,2025-10-11 10:10:00,2606.05,-24.43,TRADE
VIC1,2025-10-11 10:15:00,2471.27,-27.54,TRADE
VIC1,2025-10-11 10:20:00,2489.13,-29.68,TRADE
VIC1,2025-10-11 10:25:00,2489.13,-24.6,TRADE
VIC1,2025-10-11 10:30:00,2503.86,-24.35,TRADE
VIC1,2025-10-11 10:35:00,2467.36,-29.19,TRADE
VIC1,2025-10-11 10:40:00,2485.64,-24.01,TRADE
VIC1,2025-10-11 10:45:00,2431.99,-26.37,TRADE
VIC1,2025-10-11 10:50:00,2447.37,-27.23,TRADE
VIC1,2025-10-11 10:55:00,2460.78,-24.51,TRADE
VIC1,2025-10-11 11:00:00,2414.08,-28.68,TRADE
VIC1,2025-10-11 11:05:00,2359.86,-36.13,TRADE
VIC1,2025-10-11 11:10:00,2301.85,-28.44,TRADE
VIC1,2025-10-11 11:15:00,2331.36,-28.92,TRADE
VIC1,2025-10-11 11:20:00,2311.71,-28.24,TRADE
VIC1,2025-10-11 11:25:00,2268.28,-28.81,TRADE
VIC1,2025-10-11 11:30:00,2332.39,-29.34,TRADE
VIC1,2025-10-11 11:35:00,2333.62,-28.23,TRADE
VIC1,2025-10-11 11:40:00,2273.54,-28.39,TRADE
VIC1,2025-10-11 11:45:00,2256.48,-35.29,TRADE
VIC1,2025-10-11 11:50:00,2236.36,-28.84,TRADE
VIC1,2025-10-11 11:55:00,2238.08,-37.61,TRADE
VIC1,2025-10-11 12:00:00,2170.23,-39.48,TRADE
VIC1,2025-10-11 12:05:00,2207.92,-36.98,TRADE
VIC1,2025-10-11 12:10:00,2173.4,-36.17,TRADE
VIC1,2025-10-11 12:15:00,2106.01,-39.53,TRADE
VIC1,2025-10-11 12:20:00,2130.26,-28.26,TRADE
VIC1,2025-10-11 12:25:00,2150.8,-28.56,TRADE
VIC1,2025-10-11 12:30:00,2177.74,-45.14,TRADE
VIC1,2025-10-11 12:35:00,2202.6,-36.13,TRADE
VIC1,2025-10-11 12:40:00,2277.09,-29.63,TRADE
VIC1,2025-10-11 12:45:00,2227.13,-36.13,TRADE
VIC1,2025-10-11 12:50:00,2267.59,-48.54,TRADE
VIC1,2025-10-11 12:55:00,2323.78,-36.37,TRADE
VIC1,2025-10-11 13:00:00,2332.2,-36.13,TRADE
VIC1,2025-10-11 13:05:00,2366.41,-39.16,TRADE
VIC1,2025-10-11 13:10:00,2420.11,-47.88,TRADE
VIC1,2025-10-11 13:15:00,2488.02,-25.21,TRADE
VIC1,2025-10-11 13:20:00,2409.92,-45.02,TRADE
VIC1,2025-10-11 13:25:00,2398.13,-25.96,TRADE
VIC1,2025-10-11 13:30:00,2453.62,-28.99,TRADE
VIC1,2025-10-11 13:35:00,2418.9,-37.32,TRADE
VIC1,2025-10-11 13:40:00,2462.64,-25.76,TRADE
VIC1,2025-10-11 13:45:00,2508.49,-22.8,TRADE
VIC1,2025-10-11 13:50:00,2504.2,-22.95,TRADE
VIC1,2025-10-11 13:55:00,2506.72,-22.81,TRADE
VIC1,2025-10-11 14:00:00,2463.49,-22.84,TRADE
VIC1,2025-10-11 14:05:00,2512.94,-23.0,TRADE
VIC1,2025-10-11 14:10:00,2494.17,-22.79,TRADE
VIC1,2025-10-11 14:15:00,2532.05,-20.99,TRADE
VIC1,2025-10-11 14:20:00,2512.68,-19.99,TRADE
VIC1,2025-10-11 14:25:00,2567.07,-20.99,TRADE
VIC1,2025-10-11 14:30:00,2588.91,-20.99,TRADE
VIC1,2025-10-11 14:35:00,2542.48,-19.99,TRADE
VIC1,2025-10-11 14:40:00,2652.92,-19.93,TRADE
VIC1,2025-10-11 14:45:00,2691.53,-19.93,TRADE
VIC1,2025-10-11 14:50:00,2732.22,-19.93,TRADE
VIC1,2025-10-11 14:55:00,2764.61,-19.93,TRADE
VIC1,2025-10-11 15:00:00,2816.54,-15.0,TRADE
VIC1,2025-10-11 15:05:00,2827.44,-20.99,TRADE
VIC1,2025-10-11 15:10:00,2837.66,-20.99,TRADE
VIC1,2025-10-11 15:15:00,2775.31,-19.93,TRADE
VIC1,2025-10-11 15:20:00,2922.09,-19.93,TRADE
VIC1,2025-10-11 15:25:00,2933.42,-15.0,TRADE
VIC1,2025-10-11 15:30:00,3007.56,-13.0,TRADE
VIC1,2025-10-11 15:35:00,3047.23,-19.93,TRADE
VIC1,2025-10-11 15:40:00,3083.45,-15.0,TRADE
VIC1,2025-10-11 15:45:00,3265.48,-11.0,TRADE
VIC1,2025-10-11 15:50:00,3228.9,-11.39,TRADE
VIC1,2025-10-11 15:55:00,3313.01,-11.0,TRADE
VIC1,2025-10-11 16:00:00,3411.75,-12.51,TRADE
VIC1,2025-10-11 16:05:00,3401.3,-12.43,TRADE
VIC1,2025-10-11 16:10:00,3556.93,-10.23,TRADE
VIC1,2025-10-11 16:15:00,3514.79,-10.69,TRADE
VIC1,2025-10-11 16:20:00,3440.17,-12.51,TRADE
VIC1,2025-10-11 16:25:00,3662.21,-10.69,TRADE
VIC1,2025-10-11 16:30:00,3647.81,-11.0,TRADE
VIC1,2025-10-11 16:35:00,3755.6,-10.69,TRADE
VIC1,2025-10-11 16:40:00,3798.99,-10.69,TRADE
VIC1,2025-10-11 16:45:00,3871.64,-10.69,TRADE
VIC1,2025-10-11 16:50:00,3943.81,-6.5,TRADE
VIC1,2025-10-11 16:55:00,3869.13,-10.23,TRADE
VIC1,2025-10-11 17:00:00,3973.97,-6.5,TRADE
VIC1,2025-10-11 17:05:00,4090.25,-6.5,TRADE
VIC1,2025-10-11 17:10:00,4232.19,-6.5,TRADE
VIC1,2025-10-11 17:15:00,4275.6,-6.5,TRADE
VIC1,2025-10-11 17:20:00,4293.04,-6.5,TRADE
VIC1,2025-10-11 17:25:00,4501.16,-3.86,TRADE
VIC1,2025-10-11 17:30:00,4530.97,-3.84,TRADE
VIC1,2025-10-11 17:35:00,4493.4,-6.5,TRADE
VIC1,2025-10-11 17:40:00,4578.2,-0.42,TRADE
VIC1,2025-10-11 17:45:00,4609.61,0.0,TRADE
VIC1,2025-10-11 17:50:00,4745.05,-0.42,TRADE
VIC1,2025-10-11 17:55:00,4827.83,4.5,TRADE
VIC1,2025-10-11 18:00:00,4865.4,41.01,TRADE
VIC1,2025-10-11 18:05:00,4963.01,-9.08,TRADE
VIC1,2025-10-11 18:10:00,4916.2,-19.93,TRADE
VIC1,2025-10-11 18:15:00,4970.9,-12.78,TRADE
VIC1,2025-10-11 18:20:00,4986.55,-13.06,TRADE
VIC1,2025-10-11 18:25:00,5057.1,-12.32,TRADE
VIC1,2025-10-11 18:30:00,5062.68,-6.5,TRADE
VIC1,2025-10-11 18:35:00,5081.46,-6.5,TRADE
VIC1,2025-10-11 18:40:00,5052.03,-3.86,TRADE
VIC1,2025-10-11 18:45:00,5022.54,0.0,TRADE
VIC1,2025-10-11 18:50:00,4999.63,66.06,TRADE
VIC1,2025-10-11 18:55:00,5044.85,56.12,TRADE
VIC1,2025-10-11 19:00:00,4995.26,58.23,TRADE
VIC1,2025-10-11 19:05:00,5017.37,55.69,TRADE
VIC1,2025-10-11 19:10:00,5025.42,57.11,TRADE
VIC1,2025-10-11 19:15:00,5028.83,57.62,TRADE
VIC1,2025-10-11 19:20:00,4978.05,55.69,TRADE
VIC1,2025-10-11 19:25:00,5050.64,68.45,TRADE
VIC1,2025-10-11 19:30:00,4969.08,68.6,TRADE
VIC1,2025-10-11 19:35:00,5049.53,68.6,TRADE
VIC1,2025-10-11 19:40:00,5044.38,70.68,TRADE
VIC1,2025-10-11 19:45:00,4977.57,68.6,TRADE
VIC1,2025-10-11 19:50:00,4961.37,64.05,TRADE
VIC1,2025-10-11 19:55:00,4978.82,67.17,TRADE
VIC1,2025-10-11 20:00:00,4905.32,65.32,TRADE
VIC1,2025-10-11 20:05:00,4876.33,64.94,TRADE
VIC1,2025-10-11 20:10:00,4845.15,65.19,TRADE
VIC1,2025-10-11 20:15:00,4773.21,55.69,TRADE
VIC1,2025-10-11 20:20:00,4862.92,58.22,TRADE
VIC1,2025-10-11 20:25:00,4806.24,65.5,TRADE
VIC1,2025-10-11 20:30:00,4759.9,55.69,TRADE
VIC1,2025-10-11 20:35:00,4845.22,55.69,TRADE
VIC1,2025-10-11 20:40:00,4821.86,55.69,TRADE
VIC1,2025-10-11 20:45:00,4790.76,55.69,TRADE
VIC1,2025-10-11 20:50:00,4683.01,48.15,TRADE
VIC1,2025-10-11 20:55:00,4686.75,61.08,TRADE
VIC1,2025-10-11 21:00:00,4740.79,76.89,TRADE
VIC1,2025-10-11 21:05:00,4668.26,68.6,TRADE
VIC1,2025-10-11 21:10:00,4631.89,88.99,TRADE
VIC1,2025-10-11 21:15:00,4669.82,77.93,TRADE
VIC1,2025-10-11 21:20:00,4659.48,61.28,TRADE
VIC1,2025-10-11 21:25:00,4656.68,70.68,TRADE
VIC1,2025-10-11 21:30:00,4579.46,67.1,TRADE
VIC1,2025-10-11 21:35:00,4552.78,73.06,TRADE
VIC1,2025-10-11 21:40:00,4613.51,86.42,TRADE
VIC1,2025-10-11 21:45:00,4572.05,68.6,TRADE
VIC1,2025-10-11 21:50:00,4482.14,55.88,TRADE
VIC1,2025-10-11 21:55:00,4552.78,69.57,TRADE
VIC1,2025-10-11 22:00:00,4481.54,68.6,TRADE
VIC1,2025-10-11 22:05:00,4505.24,70.68,TRADE
VIC1,2025-10-11 22:10:00,4483.83,68.6,TRADE
VIC1,2025-10-11 22:15:00,4357.67,125.49,TRADE
VIC1,2025-10-11 22:20:00,4397.06,79.68,TRADE
VIC1,2025-10-11 22:25:00,4376.91,103.15,TRADE
VIC1,2025-10-11 22:30:00,4435.38,68.6,TRADE
VIC1,2025-10-11 22:35:00,4487.32,73.6,TRADE
VIC1,2025-10-11 22:40:00,4379.27,68.6,TRADE
VIC1,2025-10-11 22:45:00,4443.18,106.08,TRADE
VIC1,2025-10-11 22:50:00,4406.39,74.21,TRADE
VIC1,2025-10-11 22:55:00,4361.32,72.88,TRADE
VIC1,2025-10-11 23:00:00,4355.09,74.09,TRADE
VIC1,2025-10-11 23:05:00,4394.6,81.27,TRADE
VIC1,2025-10-11 23:10:00,4567.9,82.98,TRADE
VIC1,2025-10-11 23:15:00,4567.05,71.53,TRADE
VIC1,2025-10-11 23:20:00,4552.49,96.96,TRADE
VIC1,2025-10-11 23:25:00,4532.38,80.0,TRADE
VIC1,2025-10-11 23:30:00,4551.54,80.0,TRADE
VIC1,2025-10-11 23:35:00,4527.66,72.93,TRADE
VIC1,2025-10-11 23:40:00,4462.19,73.79,TRADE
VIC1,2025-10-11 23:45:00,4488.64,73.6,TRADE
VIC1,2025-10-11 23:50:00,4500.29,77.18,TRADE
VIC1,2025-10-11 23:55:00,4440.44,69.66,TRADE
VIC1,2025-10-12 00:00:00,4401.48,64.59,TRADE
VIC1,2025-10-12 00:05:00,4419.66,70.95,TRADE
VIC1,2025-10-12 00:10:00,4397.2,73.1,TRADE
VIC1,2025-10-12 00:15:00,4403.73,58.0,TRADE
VIC1,2025-10-12 00:20:00,4271.96,41.93,TRADE
VIC1,2025-10-12 00:25:00,4252.43,52.38,TRADE
VIC1,2025-10-12 00:30:00,4283.41,54.06,TRADE
VIC1,2025-10-12 00:35:00,4287.36,38.03,TRADE
VIC1,2025-10-12 00:40:00,4242.41,38.03,TRADE
VIC1,2025-10-12 00:45:00,4228.49,19.0,TRADE
VIC1,2025-10-12 00:50:00,4226.93,8.95,TRADE
VIC1,2025-10-12 00:55:00,4221.04,9.56,TRADE
VIC1,2025-10-12 01:00:00,4124.79,8.95,TRADE
VIC1,2025-10-12 01:05:00,4128.73,8.95,TRADE
VIC1,2025-10-12 01:10:00,4129.81,4.15,TRADE
VIC1,2025-10-12 01:15:00,4172.75,8.95,TRADE
VIC1,2025-10-12 01:20:00,4168.22,8.95,TRADE
VIC1,2025-10-12 01:25:00,4140.91,8.95,TRADE
VIC1,2025-10-12 01:30:00,4131.55,13.01,TRADE
VIC1,2025-10-12 01:35:00,4094.26,8.95,TRADE
VIC1,2025-10-12 01:40:00,4082.44,19.0,TRADE
VIC1,2025-10-12 01:45:00,3984.01,4.15,TRADE
VIC1,2025-10-12 01:50:00,4012.51,8.95,TRADE
VIC1,2025-10-12 01:55:00,4016.63,13.72,TRADE
VIC1,2025-10-12 02:00:00,3984.51,8.95,TRADE
VIC1,2025-10-12 02:05:00,4007.3,8.95,TRADE
VIC1,2025-10-12 02:10:00,3995.84,19.0,TRADE
VIC1,2025-10-12 02:15:00,3983.68,19.0,TRADE
VIC1,2025-10-12 02:20:00,3948.76,19.0,TRADE
VIC1,2025-10-12 02:25:00,3898.44,19.0,TRADE
VIC1,2025-10-12 02:30:00,3905.69,60.31,TRADE
VIC1,2025-10-12 02:35:00,3878.32,19.0,TRADE
VIC1,2025-10-12 02:40:00,3943.73,61.23,TRADE
VIC1,2025-10-12 02:45:00,3967.52,62.35,TRADE
VIC1,2025-10-12 02:50:00,3898.94,51.44,TRADE
VIC1,2025-10-12 02:55:00,3937.01,51.21,TRADE
VIC1,2025-10-12 03:00:00,3926.34,30.04,TRADE
VIC1,2025-10-12 03:05:00,3906.58,8.95,TRADE
VIC1,2025-10-12 03:10:00,3893.24,8.95,TRADE
VIC1,2025-10-12 03:15:00,3797.57,8.95,TRADE
VIC1,2025-10-12 03:20:00,3826.8,19.0,TRADE
VIC1,2025-10-12 03:25:00,3887.44,60.86,TRADE
VIC1,2025-10-12 03:30:00,3923.82,35.19,TRADE
VIC1,2025-10-12 03:35:00,3866.2,19.74,TRADE
VIC1,2025-10-12 03:40:00,3945.4,20.47,TRADE
VIC1,2025-10-12 03:45:00,3940.05,19.37,TRADE
VIC1,2025-10-12 03:50:00,3925.55,19.74,TRADE
VIC1,2025-10-12 03:55:00,3935.88,19.0,TRADE
VIC1,2025-10-12 04:00:00,3831.12,8.95,TRADE
VIC1,2025-10-12 04:05:00,3816.48,8.95,TRADE
VIC1,2025-10-12 04:10:00,3840.73,22.61,TRADE
VIC1,2025-10-12 04:15:00,3922.47,67.38,TRADE
VIC1,2025-10-12 04:20:00,3860.83,22.45,TRADE
VIC1,2025-10-12 04:25:00,3938.9,19.61,TRADE
VIC1,2025-10-12 04:30:00,3937.29,19.52,TRADE
VIC1,2025-10-12 04:35:00,3965.21,19.52,TRADE
VIC1,2025-10-12 04:40:00,3981.08,19.76,TRADE
VIC1,2025-10-12 04:45:00,3917.68,21.0,TRADE
VIC1,2025-10-12 04:50:00,3960.45,68.34,TRADE
VIC1,2025-10-12 04:55:00,4039.5,73.79,TRADE
VIC1,2025-10-12 05:00:00,4054.19,74.93,TRADE
VIC1,2025-10-12 05:05:00,4050.01,80.0,TRADE
VIC1,2025-10-12 05:10:00,4119.29,74.89,TRADE
VIC1,2025-10-12 05:15:00,4163.9,97.45,TRADE
VIC1,2025-10-12 05:20:00,4148.38,75.99,TRADE
VIC1,2025-10-12 05:25:00,4108.76,61.65,TRADE
VIC1,2025-10-12 05:30:00,4127.95,69.74,TRADE
VIC1,2025-10-12 05:35:00,4156.76,65.7,TRADE
VIC1,2025-10-12 05:40:00,4196.36,70.87,TRADE
VIC1,2025-10-12 05:45:00,4243.21,68.1,TRADE
VIC1,2025-10-12 05:50:00,4230.23,58.75,TRADE
VIC1,2025-10-12 05:55:00,4230.72,59.66,TRADE
VIC1,2025-10-12 06:00:00,4262.74,56.31,TRADE
VIC1,2025-10-12 06:05:00,4260.99,72.06,TRADE
VIC1,2025-10-12 06:10:00,4213.21,61.51,TRADE
VIC1,2025-10-12 06:15:00,4200.72,50.48,TRADE
VIC1,2025-10-12 06:20:00,4270.53,50.21,TRADE
VIC1,2025-10-12 06:25:00,4283.45,-0.19,TRADE
VIC1,2025-10-12 06:30:00,4263.25,-2.56,TRADE
VIC1,2025-10-12 06:35:00,4257.66,-0.42,TRADE
VIC1,2025-10-12 06:40:00,4267.62,0.0,TRADE
VIC1,2025-10-12 06:45:00,4247.97,6.66,TRADE
VIC1,2025-10-12 06:50:00,4227.75,19.0,TRADE
VIC1,2025-10-12 06:55:00,4144.1,0.47,TRADE
VIC1,2025-10-12 07:00:00,4131.07,8.95,TRADE
VIC1,2025-10-12 07:05:00,4115.41,73.79,TRADE
VIC1,2025-10-12 07:10:00,4064.15,19.0,TRADE
VIC1,2025-10-12 07:15:00,4113.54,19.0,TRADE
VIC1,2025-10-12 07:20:00,4081.25,125.5,TRADE
VIC1,2025-10-12 07:25:00,4093.98,114.35,TRADE
VIC1,2025-10-12 07:30:00,4121.66,4.42,TRADE
VIC1,2025-10-12 07:35:00,4113.1,100.03,TRADE
VIC1,2025-10-12 07:40:00,4046.26,48.76,TRADE
VIC1,2025-10-12 07:45:00,4070.45,159.87,TRADE
VIC1,2025-10-12 07:50:00,4122.98,117.49,TRADE
VIC1,2025-10-12 07:55:00,4067.57,73.79,TRADE
VIC1,2025-10-12 08:00:00,4166.47,87.94,TRADE
VIC1,2025-10-12 08:05:00,4144.53,69.42,TRADE
VIC1,2025-10-12 08:10:00,4163.19,0.0,TRADE
VIC1,2025-10-12 08:15:00,4133.49,6.49,TRADE
VIC1,2025-10-12 08:20:00,4132.02,0.0,TRADE
VIC1,2025-10-12 08:25:00,4083.73,0.0,TRADE
VIC1,2025-10-12 08:30:00,4014.34,0.0,TRADE
VIC1,2025-10-12 08:35:00,4037.25,19.0,TRADE
VIC1,2025-10-12 08:40:00,4015.58,6.57,TRADE
VIC1,2025-10-12 08:45:00,3870.6,0.06,TRADE
VIC1,2025-10-12 08:50:00,3869.86,-0.42,TRADE
VIC1,2025-10-12 08:55:00,3834.37,0.0,TRADE
VIC1,2025-10-12 09:00:00,3734.22,-3.84,TRADE
VIC1,2025-10-12 09:05:00,3679.53,-6.5,TRADE
VIC1,2025-10-12 09:10:00,3640.12,-6.6,TRADE
VIC1,2025-10-12 09:15:00,3639.98,-9.32,TRADE
VIC1,2025-10-12 09:20:00,3688.95,-9.63,TRADE
VIC1,2025-10-12 09:25:00,3689.72,-9.21,TRADE
VIC1,2025-10-12 09:30:00,3570.09,-9.09,TRADE
VIC1,2025-10-12 09:35:00,3610.38,-9.38,TRADE
VIC1,2025-10-12 09:40:00,3548.73,-9.15,TRADE
VIC1,2025-10-12 09:45:00,3475.05,-9.04,TRADE
VIC1,2025-10-12 09:50:00,3405.58,-8.88,TRADE
VIC1,2025-10-12 09:55:00,3270.2,-8.72,TRADE
VIC1,2025-10-12 10:00:00,3370.95,-10.23,TRADE
VIC1,2025-10-12 10:05:00,3404.76,-8.95,TRADE
VIC1,2025-10-12 10:10:00,3420.94,-9.01,TRADE
VIC1,2025-10-12 10:15:00,3299.94,-8.79,TRADE
VIC1,2025-10-12 10:20:00,3297.67,-10.05,TRADE
VIC1,2025-10-12 10:25:00,3250.77,-10.08,TRADE
VIC1,2025-10-12 10:30:00,3186.33,-10.69,TRADE
VIC1,2025-10-12 10:35:00,3109.32,-10.23,TRADE
VIC1,2025-10-12 10:40:00,3065.66,-10.23,TRADE
VIC1,2025-10-12 10:45:00,2968.59,-10.69,TRADE
VIC1,2025-10-12 10:50:00,2973.0,-10.69,TRADE
VIC1,2025-10-12 10:55:00,2849.06,-11.0,TRADE
VIC1,2025-10-12 11:00:00,2784.7,-12.51,TRADE
VIC1,2025-10-12 11:05:00,2840.83,-12.51,TRADE
VIC1,2025-10-12 11:10:00,2753.2,-12.51,TRADE
VIC1,2025-10-12 11:15:00,2645.47,-12.51,TRADE
VIC1,2025-10-12 11:20:00,2600.39,-12.51,TRADE
VIC1,2025-10-12 11:25:00,2652.21,-12.51,TRADE
VIC1,2025-10-12 11:30:00,2653.68,-12.51,TRADE
VIC1,2025-10-12 11:35:00,2540.17,-13.0,TRADE
VIC1,2025-10-12 11:40:00,2617.19,-13.0,TRADE
VIC1,2025-10-12 11:45:00,2514.29,-19.93,TRADE
VIC1,2025-10-12 11:50:00,2518.02,-15.0,TRADE
VIC1,2025-10-12 11:55:00,2485.57,-13.62,TRADE
VIC1,2025-10-12 12:00:00,2430.43,-19.93,TRADE
VIC1,2025-10-12 12:05:00,2568.77,-15.79,TRADE
VIC1,2025-10-12 12:10:00,2711.61,-12.62,TRADE
VIC1,2025-10-12 12:15:00,2729.67,-19.93,TRADE
VIC1,2025-10-12 12:20:00,2791.19,-15.0,TRADE
VIC1,2025-10-12 12:25:00,2749.11,-19.99,TRADE
VIC1,2025-10-12 12:30:00,2806.1,-19.93,TRADE
VIC1,2025-10-12 12:35:00,2826.87,-20.47,TRADE
VIC1,2025-10-12 12:40:00,2825.57,-19.93,TRADE
VIC1,2025-10-12 12:45:00,2859.16,-20.37,TRADE
VIC1,2025-10-12 12:50:00,2854.66,-19.93,TRADE
VIC1,2025-10-12 12:55:00,2831.58,-19.93,TRADE
VIC1,2025-10-12 13:00:00,2751.73,-20.37,TRADE
VIC1,2025-10-12 13:05:00,2834.56,-23.39,TRADE
VIC1,2025-10-12 13:10:00,2763.53,-20.99,TRADE
VIC1,2025-10-12 13:15:00,2756.52,-19.93,TRADE
VIC1,2025-10-12 13:20:00,2779.75,-20.37,TRADE
VIC1,2025-10-12 13:25:00,2736.26,-41.86,TRADE
VIC1,2025-10-12 13:30:00,2769.27,-22.35,TRADE
VIC1,2025-10-12 13:35:00,2719.32,-20.99,TRADE
VIC1,2025-10-12 13:40:00,2593.02,-20.99,TRADE
VIC1,2025-10-12 13:45:00,2669.28,-36.09,TRADE
VIC1,2025-10-12 13:50:00,2789.06,-20.99,TRADE
VIC1,2025-10-12 13:55:00,2781.04,-23.05,TRADE
VIC1,2025-10-12 14:00:00,2772.26,-20.99,TRADE
VIC1,2025-10-12 14:05:00,2931.12,-19.93,TRADE
VIC1,2025-10-12 14:10:00,2890.1,-19.93,TRADE
VIC1,2025-10-12 14:15:00,2815.6,-20.37,TRADE
VIC1,2025-10-12 14:20:00,2819.5,-23.87,TRADE
VIC1,2025-10-12 14:25:00,2718.73,-27.95,TRADE
VIC1,2025-10-12 14:30:00,2788.33,-24.47,TRADE
VIC1,2025-10-12 14:35:00,2875.65,-36.13,TRADE
VIC1,2025-10-12 14:40:00,2979.19,-20.99,TRADE
VIC1,2025-10-12 14:45:00,2834.07,-35.73,TRADE
VIC1,2025-10-12 14:50:00,2943.16,-50.22,TRADE
VIC1,2025-10-12 14:55:00,3071.97,-50.22,TRADE
VIC1,2025-10-12 15:00:00,3127.22,-36.13,TRADE
VIC1,2025-10-12 15:05:00,3152.77,-50.11,TRADE
VIC1,2025-10-12 15:10:00,3117.01,-30.51,TRADE
VIC1,2025-10-12 15:15:00,3154.21,-50.01,TRADE
VIC1,2025-10-12 15:20:00,3257.94,-20.99,TRADE
VIC1,2025-10-12 15:25:00,3306.36,-22.62,TRADE
VIC1,2025-10-12 15:30:00,3418.53,-20.99,TRADE
VIC1,2025-10-12 15:35:00,3554.24,-19.99,TRADE
VIC1,2025-10-12 15:40:00,3571.37,-19.93,TRADE
VIC1,2025-10-12 15:45:00,3709.27,-17.23,TRADE
VIC1,2025-10-12 15:50:00,3734.23,-19.99,TRADE
VIC1,2025-10-12 15:55:00,3804.06,-19.93,TRADE
VIC1,2025-10-12 16:00:00,3823.28,-22.23,TRADE
VIC1,2025-10-12 16:05:00,3994.71,-19.93,TRADE
VIC1,2025-10-12 16:10:00,4151.04,-19.93,TRADE
VIC1,2025-10-12 16:15:00,4239.1,-19.99,TRADE
VIC1,2025-10-12 16:20:00,4451.2,-19.93,TRADE
VIC1,2025-10-12 16:25:00,4526.56,-19.93,TRADE
VIC1,2025-10-12 16:30:00,4588.32,-19.93,TRADE
VIC1,2025-10-12 16:35:00,4650.04,-20.99,TRADE
VIC1,2025-10-12 16:40:00,4674.42,-19.99,TRADE
VIC1,2025-10-12 16:45:00,4753.44,-19.93,TRADE
VIC1,2025-10-12 16:50:00,4811.22,-15.0,TRADE
VIC1,2025-10-12 16:55:00,4933.57,-13.0,TRADE
VIC1,2025-10-12 17:00:00,4952.71,-11.49,TRADE
VIC1,2025-10-12 17:05:00,4946.71,-12.51,TRADE
VIC1,2025-10-12 17:10:00,4853.79,-6.5,TRADE
VIC1,2025-10-12 17:15:00,4777.82,-6.5,TRADE
VIC1,2025-10-12 17:20:00,4915.87,-6.5,TRADE
VIC1,2025-10-12 17:25:00,4988.86,-6.5,TRADE
VIC1,2025-10-12 17:30:00,4967.71,-6.5,TRADE
VIC1,2025-10-12 17:35:00,5049.14,0.0,TRADE
VIC1,2025-10-12 17:40:00,5141.1,41.92,TRADE
VIC1,2025-10-12 17:45:00,5127.23,70.8,TRADE
VIC1,2025-10-12 17:50:00,5180.14,98.51,TRADE
VIC1,2025-10-12 17:55:00,5274.19,100.99,TRADE
VIC1,2025-10-12 18:00:00,5359.03,133.5,TRADE
VIC1,2025-10-12 18:05:00,5415.67,99.76,TRADE
VIC1,2025-10-12 18:10:00,5392.47,97.79,TRADE
VIC1,2025-10-12 18:15:00,5434.91,90.2,TRADE
VIC1,2025-10-12 18:20:00,5522.07,101.76,TRADE
VIC1,2025-10-12 18:25:00,5438.42,97.68,TRADE
VIC1,2025-10-12 18:30:00,5502.98,90.7,TRADE
VIC1,2025-10-12 18:35:00,5548.57,84.81,TRADE
VIC1,2025-10-12 18:40:00,5494.33,100.49,TRADE
VIC1,2025-10-12 18:45:00,5448.28,88.25,TRADE
VIC1,2025-10-12 18:50:00,5503.93,98.43,TRADE
VIC1,2025-10-12 18:55:00,5459.11,90.5,TRADE
VIC1,2025-10-12 19:00:00,5518.49,100.46,TRADE
VIC1,2025-10-12 19:05:00,5490.88,100.55,TRADE
VIC1,2025-10-12 19:10:00,5517.31,99.79,TRADE
VIC1,2025-10-12 19:15:00,5521.7,101.3,TRADE
VIC1,2025-10-12 19:20:00,5518.21,104.91,TRADE
VIC1,2025-10-12 19:25:00,5491.81,95.48,TRADE
VIC1,2025-10-12 19:30:00,5522.67,94.77,TRADE
VIC1,2025-10-12 19:35:00,5436.72,94.11,TRADE
VIC1,2025-10-12 19:40:00,5469.19,98.04,TRADE
VIC1,2025-10-12 19:45:00,5410.17,95.37,TRADE
VIC1,2025-10-12 19:50:00,5446.44,95.4,TRADE
VIC1,2025-10-12 19:55:00,5326.82,82.13,TRADE
VIC1,2025-10-12 20:00:00,5354.7,97.41,TRADE
VIC1,2025-10-12 20:05:00,5358.09,108.66,TRADE
VIC1,2025-10-12 20:10:00,5301.48,96.66,TRADE
VIC1,2025-10-12 20:15:00,5275.54,98.18,TRADE
VIC1,2025-10-12 20:20:00,5178.11,94.7,TRADE
VIC1,2025-10-12 20:25:00,5151.7,85.25,TRADE
VIC1,2025-10-12 20:30:00,5190.74,111.43,TRADE
VIC1,2025-10-12 20:35:00,5090.21,86.6,TRADE
VIC1,2025-10-12 20:40:00,5130.78,120.0,TRADE
VIC1,2025-10-12 20:45:00,5134.2,109.53,TRADE
VIC1,2025-10-12 20:50:00,5092.92,88.1,TRADE
VIC1,2025-10-12 20:55:00,5064.3,95.48,TRADE
VIC1,2025-10-12 21:00:00,4932.9,76.49,TRADE
VIC1,2025-10-12 21:05:00,4907.93,74.42,TRADE
VIC1,2025-10-12 21:10:00,4977.67,112.54,TRADE
VIC1,2025-10-12 21:15:00,4937.37,80.0,TRADE
VIC1,2025-10-12 21:20:00,4894.69,71.94,TRADE
VIC1,2025-10-12 21:25:00,4881.0,80.0,TRADE
VIC1,2025-10-12 21:30:00,4840.76,68.63,TRADE
VIC1,2025-10-12 21:35:00,4815.75,80.0,TRADE
VIC1,2025-10-12 21:40:00,4670.2,80.0,TRADE
VIC1,2025-10-12 21:45:00,4669.11,73.9,TRADE
VIC1,2025-10-12 21:50:00,4701.03,74.9,TRADE
VIC1,2025-10-12 21:55:00,4699.71,80.0,TRADE
VIC1,2025-10-12 22:00:00,4635.75,59.22,TRADE
VIC1,2025-10-12 22:05:00,4627.32,80.0,TRADE
VIC1,2025-10-12 22:10:00,4608.1,91.42,TRADE
VIC1,2025-10-12 22:15:00,4571.34,93.95,TRADE
VIC1,2025-10-12 22:20:00,4565.1,98.37,TRADE
VIC1,2025-10-12 22:25:00,4467.19,92.59,TRADE
VIC1,2025-10-12 22:30:00,4547.51,91.34,TRADE
VIC1,2025-10-12 22:35:00,4586.41,100.08,TRADE
VIC1,2025-10-12 22:40:00,4549.49,94.56,TRADE
VIC1,2025-10-12 22:45:00,4553.79,80.15,TRADE
VIC1,2025-10-12 22:50:00,4560.4,80.06,TRADE
VIC1,2025-10-12 22:55:00,4555.04,81.06,TRADE
VIC1,2025-10-12 23:00:00,4572.82,82.77,TRADE
VIC1,2025-10-12 23:05:00,4520.97,82.69,TRADE
VIC1,2025-10-12 23:10:00,4744.24,116.81,TRADE
VIC1,2025-10-12 23:15:00,4740.4,84.56,TRADE
VIC1,2025-10-12 23:20:00,4749.26,80.0,TRADE
VIC1,2025-10-12 23:25:00,4776.7,92.78,TRADE
VIC1,2025-10-12 23:30:00,4788.85,104.24,TRADE
VIC1,2025-10-12 23:35:00,4785.69,92.92,TRADE
VIC1,2025-10-12 23:40:00,4734.44,105.07,TRADE
VIC1,2025-10-12 23:45:00,4689.04,91.39,TRADE
VIC1,2025-10-12 23:50:00,4720.88,96.73,TRADE
VIC1,2025-10-12 23:55:00,4724.17,98.47,TRADE
VIC1,2025-10-18 00:00:00,4543.51,101.62,TRADE
VIC1,2025-10-18 00:05:00,4503.58,116.85,TRADE
VIC1,2025-10-18 00:10:00,4412.83,115.31,TRADE
VIC1,2025-10-18 00:15:00,4393.52,102.46,TRADE
VIC1,2025-10-18 00:20:00,4440.97,119.87,TRADE
VIC1,2025-10-18 00:25:00,4415.91,103.57,TRADE
VIC1,2025-10-18 00:30:00,4408.66,102.91,TRADE
VIC1,2025-10-18 00:35:00,4391.27,109.58,TRADE
VIC1,2025-10-18 00:40:00,4372.12,80.0,TRADE
VIC1,2025-10-18 00:45:00,4331.42,80.0,TRADE
VIC1,2025-10-18 00:50:00,4241.07,83.62,TRADE
VIC1,2025-10-18 00:55:00,4241.34,81.98,TRADE
VIC1,2025-10-18 01:00:00,4293.95,80.0,TRADE
VIC1,2025-10-18 01:05:00,4279.24,100.91,TRADE
VIC1,2025-10-18 01:10:00,4199.16,80.32,TRADE
VIC1,2025-10-18 01:15:00,4257.64,80.0,TRADE
VIC1,2025-10-18 01:20:00,4238.29,80.0,TRADE
VIC1,2025-10-18 01:25:00,4186.21,80.0,TRADE
VIC1,2025-10-18 01:30:00,4126.92,80.0,TRADE
VIC1,2025-10-18 01:35:00,4179.82,76.7,TRADE
VIC1,2025-10-18 01:40:00,4170.96,80.0,TRADE
VIC1,2025-10-18 01:45:00,4082.64,66.01,TRADE
VIC1,2025-10-18 01:50:00,4129.99,75.07,TRADE
VIC1,2025-10-18 01:55:00,4102.56,65.21,TRADE
VIC1,2025-10-18 02:00:00,4074.21,72.92,TRADE
VIC1,2025-10-18 02:05:00,4085.31,66.05,TRADE
VIC1,2025-10-18 02:10:00,4076.3,77.53,TRADE
VIC1,2025-10-18 02:15:00,4096.8,64.73,TRADE
VIC1,2025-10-18 02:20:00,3999.94,63.85,TRADE
VIC1,2025-10-18 02:25:00,4002.26,64.13,TRADE
VIC1,2025-10-18 02:30:00,3991.32,66.05,TRADE
VIC1,2025-10-18 02:35:00,4027.34,76.31,TRADE
VIC1,2025-10-18 02:40:00,4043.92,79.61,TRADE
VIC1,2025-10-18 02:45:00,3976.09,77.17,TRADE
VIC1,2025-10-18 02:50:00,4003.37,74.89,TRADE
VIC1,2025-10-18 02:55:00,4014.22,80.22,TRADE
VIC1,2025-10-18 03:00:00,4006.71,74.31,TRADE
VIC1,2025-10-18 03:05:00,4048.41,80.0,TRADE
VIC1,2025-10-18 03:10:00,4006.92,78.63,TRADE
VIC1,2025-10-18 03:15:00,4002.85,79.24,TRADE
VIC1,2025-10-18 03:20:00,4056.48,80.0,TRADE
VIC1,2025-10-18 03:25:00,4036.02,77.31,TRADE
VIC1,2025-10-18 03:30:00,4046.06,74.79,TRADE
VIC1,2025-10-18 03:35:00,4035.48,79.36,TRADE
VIC1,2025-10-18 03:40:00,4062.12,79.27,TRADE
VIC1,2025-10-18 03:45:00,4081.16,79.21,TRADE
VIC1,2025-10-18 03:50:00,4085.0,80.0,TRADE
VIC1,2025-10-18 03:55:00,4011.2,80.0,TRADE
VIC1,2025-10-18 04:00:00,4032.97,80.0,TRADE
VIC1,2025-10-18 04:05:00,4090.0,80.0,TRADE
VIC1,2025-10-18 04:10:00,4148.25,80.0,TRADE
VIC1,2025-10-18 04:15:00,4107.0,80.0,TRADE
VIC1,2025-10-18 04:20:00,4168.07,80.0,TRADE
VIC1,2025-10-18 04:25:00,4172.51,80.0,TRADE
VIC1,2025-10-18 04:30:00,4171.56,80.0,TRADE
VIC1,2025-10-18 04:35:00,4097.87,80.0,TRADE
VIC1,2025-10-18 04:40:00,4148.89,80.74,TRADE
VIC1,2025-10-18 04:45:00,4230.48,74.75,TRADE
VIC1,2025-10-18 04:50:00,4296.28,80.0,TRADE
VIC1,2025-10-18 04:55:00,4261.53,80.0,TRADE
VIC1,2025-10-18 05:00:00,4345.94,80.0,TRADE
VIC1,2025-10-18 05:05:00,4326.42,79.35,TRADE
VIC1,2025-10-18 05:10:00,4386.42,82.86,TRADE
VIC1,2025-10-18 05:15:00,4329.83,80.0,TRADE
VIC1,2025-10-18 05:20:00,4356.57,80.0,TRADE
VIC1,2025-10-18 05:25:00,4395.6,80.0,TRADE
VIC1,2025-10-18 05:30:00,4445.02,80.0,TRADE
VIC1,2025-10-18 05:35:00,4398.1,80.0,TRADE
VIC1,2025-10-18 05:40:00,4465.15,76.22,TRADE
VIC1,2025-10-18 05:45:00,4483.41,80.0,TRADE
VIC1,2025-10-18 05:50:00,4505.28,77.29,TRADE
VIC1,2025-10-18 05:55:00,4521.24,73.1,TRADE
VIC1,2025-10-18 06:00:00,4482.37,80.0,TRADE
VIC1,2025-10-18 06:05:00,4493.58,79.34,TRADE
VIC1,2025-10-18 06:10:00,4595.29,67.0,TRADE
VIC1,2025-10-18 06:15:00,4565.56,64.23,TRADE
VIC1,2025-10-18 06:20:00,4631.04,63.69,TRADE
VIC1,2025-10-18 06:25:00,4621.31,65.79,TRADE
VIC1,2025-10-18 06:30:00,4636.22,63.69,TRADE
VIC1,2025-10-18 06:35:00,4644.86,52.43,TRADE
VIC1,2025-10-18 06:40:00,4686.49,40.36,TRADE
VIC1,2025-10-18 06:45:00,4724.27,36.84,TRADE
VIC1,2025-10-18 06:50:00,4663.45,63.69,TRADE
VIC1,2025-10-18 06:55:00,4656.61,9.0,TRADE
VIC1,2025-10-18 07:00:00,4696.5,9.0,TRADE
VIC1,2025-10-18 07:05:00,4654.91,22.14,TRADE
VIC1,2025-10-18 07:10:00,4531.92,1.0,TRADE
VIC1,2025-10-18 07:15:00,4532.77,1.22,TRADE
VIC1,2025-10-18 07:20:00,4515.71,-3.84,TRADE
VIC1,2025-10-18 07:25:00,4526.21,0.01,TRADE
VIC1,2025-10-18 07:30:00,4468.07,-3.86,TRADE
VIC1,2025-10-18 07:35:00,4448.64,51.79,TRADE
VIC1,2025-10-18 07:40:00,4446.67,13.46,TRADE
VIC1,2025-10-18 07:45:00,4499.69,40.93,TRADE
VIC1,2025-10-18 07:50:00,4491.77,63.69,TRADE
VIC1,2025-10-18 07:55:00,4467.18,59.05,TRADE
VIC1,2025-10-18 08:00:00,4468.98,15.02,TRADE
VIC1,2025-10-18 08:05:00,4471.54,17.65,TRADE
VIC1,2025-10-18 08:10:00,4452.54,63.69,TRADE
VIC1,2025-10-18 08:15:00,4286.34,51.2,TRADE
VIC1,2025-10-18 08:20:00,4221.98,48.11,TRADE
VIC1,2025-10-18 08:25:00,4175.48,14.68,TRADE
VIC1,2025-10-18 08:30:00,4154.81,14.73,TRADE
VIC1,2025-10-18 08:35:00,4155.32,-3.84,TRADE
VIC1,2025-10-18 08:40:00,4039.49,1.42,TRADE
VIC1,2025-10-18 08:45:00,4006.46,17.16,TRADE
VIC1,2025-10-18 08:50:00,4033.69,15.59,TRADE
VIC1,2025-10-18 08:55:00,3976.59,17.7,TRADE
VIC1,2025-10-18 09:00:00,3920.2,13.18,TRADE
VIC1,2025-10-18 09:05:00,3863.61,8.95,TRADE
VIC1,2025-10-18 09:10:00,3766.85,8.95,TRADE
VIC1,2025-10-18 09:15:00,3677.23,40.48,TRADE
VIC1,2025-10-18 09:20:00,3582.81,14.28,TRADE
VIC1,2025-10-18 09:25:00,3486.36,36.92,TRADE
VIC1,2025-10-18 09:30:00,3500.98,34.57,TRADE
VIC1,2025-10-18 09:35:00,3379.35,0.0,TRADE
VIC1,2025-10-18 09:40:00,3272.67,8.95,TRADE
VIC1,2025-10-18 09:45:00,3270.6,9.0,TRADE
VIC1,2025-10-18 09:50:00,3174.12,6.16,TRADE
VIC1,2025-10-18 09:55:00,3120.46,-15.4,TRADE
VIC1,2025-10-18 10:00:00,3109.52,-3.84,TRADE
VIC1,2025-10-18 10:05:00,2907.08,-19.9,TRADE
VIC1,2025-10-18 10:10:00,3001.78,-19.9,TRADE
VIC1,2025-10-18 10:15:00,2853.39,-23.1,TRADE
VIC1,2025-10-18 10:20:00,2791.36,-0.14,TRADE
VIC1,2025-10-18 10:25:00,2685.07,-10.51,TRADE
VIC1,2025-10-18 10:30:00,2618.53,-20.37,TRADE
VIC1,2025-10-18 10:35:00,2684.62,-10.81,TRADE
VIC1,2025-10-18 10:40:00,2627.24,-4.37,TRADE
VIC1,2025-10-18 10:45:00,2500.46,-13.74,TRADE
VIC1,2025-10-18 10:50:00,2372.88,-25.42,TRADE
VIC1,2025-10-18 10:55:00,2420.62,-20.37,TRADE
VIC1,2025-10-18 11:00:00,2350.59,-20.79,TRADE
VIC1,2025-10-18 11:05:00,2371.13,-20.79,TRADE
VIC1,2025-10-18 11:10:00,2297.63,-15.91,TRADE
VIC1,2025-10-18 11:15:00,2224.6,-18.14,TRADE
VIC1,2025-10-18 11:20:00,2219.28,-15.11,TRADE
VIC1,2025-10-18 11:25:00,2192.97,-15.22,TRADE
VIC1,2025-10-18 11:30:00,2128.41,-24.5,TRADE
VIC1,2025-10-18 11:35:00,2137.16,-19.9,TRADE
VIC1,2025-10-18 11:40:00,2013.45,-20.37,TRADE
VIC1,2025-10-18 11:45:00,1962.59,-37.19,TRADE
VIC1,2025-10-18 11:50:00,1968.01,-20.37,TRADE
VIC1,2025-10-18 11:55:00,1923.58,-18.14,TRADE
VIC1,2025-10-18 12:00:00,1903.35,-23.49,TRADE
VIC1,2025-10-18 12:05:00,1850.46,-35.39,TRADE
VIC1,2025-10-18 12:10:00,1857.08,-20.58,TRADE
VIC1,2025-10-18 12:15:00,1914.4,-18.96,TRADE
VIC1,2025-10-18 12:20:00,1885.31,-27.61,TRADE
VIC1,2025-10-18 12:25:00,1813.95,-23.29,TRADE
VIC1,2025-10-18 12:30:00,1808.61,-23.26,TRADE
VIC1,2025-10-18 12:35:00,1771.76,-28.89,TRADE
VIC1,2025-10-18 12:40:00,1778.48,-22.31,TRADE
VIC1,2025-10-18 12:45:00,1707.69,-29.88,TRADE
VIC1,2025-10-18 12:50:00,1743.43,-14.65,TRADE
VIC1,2025-10-18 12:55:00,1765.52,-21.69,TRADE
VIC1,2025-10-18 13:00:00,1796.41,-38.89,TRADE
VIC1,2025-10-18 13:05:00,1801.8,-28.85,TRADE
VIC1,2025-10-18 13:10:00,1774.61,-27.61,TRADE
VIC1,2025-10-18 13:15:00,1783.96,-33.67,TRADE
VIC1,2025-10-18 13:20:00,1765.61,-27.6,TRADE
VIC1,2025-10-18 13:25:00,1746.12,-20.26,TRADE
VIC1,2025-10-18 13:30:00,1687.13,-38.7,TRADE
VIC1,2025-10-18 13:35:00,1802.77,-22.16,TRADE
VIC1,2025-10-18 13:40:00,1812.47,-20.37,TRADE
VIC1,2025-10-18 13:45:00,1805.09,-20.37,TRADE
VIC1,2025-10-18 13:50:00,1843.42,-20.37,TRADE
VIC1,2025-10-18 13:55:00,1871.55,-20.37,TRADE
VIC1,2025-10-18 14:00:00,1883.63,-20.37,TRADE
VIC1,2025-10-18 14:05:00,1843.64,-20.37,TRADE
VIC1,2025-10-18 14:10:00,1865.23,-39.48,TRADE
VIC1,2025-10-18 14:15:00,1997.65,-59.65,TRADE
VIC1,2025-10-18 14:20:00,2022.22,-61.54,TRADE
VIC1,2025-10-18 14:25:00,2057.95,-38.39,TRADE
VIC1,2025-10-18 14:30:00,2122.67,-28.43,TRADE
VIC1,2025-10-18 14:35:00,2112.65,-37.89,TRADE
VIC1,2025-10-18 14:40:00,2176.71,-49.48,TRADE
VIC1,2025-10-18 14:45:00,2190.39,-19.45,TRADE
VIC1,2025-10-18 14:50:00,2216.74,-25.73,TRADE
VIC1,2025-10-18 14:55:00,2254.77,-22.92,TRADE
VIC1,2025-10-18 15:00:00,2392.46,20.25,TRADE
VIC1,2025-10-18 15:05:00,2270.04,-25.8,TRADE
VIC1,2025-10-18 15:10:00,2446.06,-18.69,TRADE
VIC1,2025-10-18 15:15:00,2543.86,0.0,TRADE
VIC1,2025-10-18 15:20:00,2526.31,-11.64,TRADE
VIC1,2025-10-18 15:25:00,2572.87,-11.66,TRADE
VIC1,2025-10-18 15:30:00,2636.64,-11.47,TRADE
VIC1,2025-10-18 15:35:00,2731.23,-12.78,TRADE
VIC1,2025-10-18 15:40:00,2916.2,13.34,TRADE
VIC1,2025-10-18 15:45:00,2935.64,14.35,TRADE
VIC1,2025-10-18 15:50:00,2988.34,20.04,TRADE
VIC1,2025-10-18 15:55:00,3128.3,20.04,TRADE
VIC1,2025-10-18 16:00:00,3195.94,14.1,TRADE
VIC1,2025-10-18 16:05:00,3289.13,11.6,TRADE
VIC1,2025-10-18 16:10:00,3252.96,-2.77,TRADE
VIC1,2025-10-18 16:15:00,3388.13,0.0,TRADE
VIC1,2025-10-18 16:20:00,3487.55,0.0,TRADE
VIC1,2025-10-18 16:25:00,3609.38,28.83,TRADE
VIC1,2025-10-18 16:30:00,3687.27,56.5,TRADE
VIC1,2025-10-18 16:35:00,3772.16,31.15,TRADE
VIC1,2025-10-18 16:40:00,3857.52,43.9,TRADE
VIC1,2025-10-18 16:45:00,3951.07,60.38,TRADE
VIC1,2025-10-18 16:50:00,4094.51,63.55,TRADE
VIC1,2025-10-18 16:55:00,4066.18,75.88,TRADE
VIC1,2025-10-18 17:00:00,4181.61,79.97,TRADE
VIC1,2025-10-18 17:05:00,4302.81,79.85,TRADE
VIC1,2025-10-18 17:10:00,4406.33,81.34,TRADE
VIC1,2025-10-18 17:15:00,4424.83,120.0,TRADE
VIC1,2025-10-18 17:20:00,4502.66,136.81,TRADE
VIC1,2025-10-18 17:25:00,4534.81,152.55,TRADE
VIC1,2025-10-18 17:30:00,4608.2,156.68,TRADE
VIC1,2025-10-18 17:35:00,4578.06,127.76,TRADE
VIC1,2025-10-18 17:40:00,4632.31,127.53,TRADE
VIC1,2025-10-18 17:45:00,4762.14,122.6,TRADE
VIC1,2025-10-18 17:50:00,4829.78,156.3,TRADE
VIC1,2025-10-18 17:55:00,4737.63,125.66,TRADE
VIC1,2025-10-18 18:00:00,4894.9,217.19,TRADE
VIC1,2025-10-18 18:05:00,4922.62,129.78,TRADE
VIC1,2025-10-18 18:10:00,4976.58,138.21,TRADE
VIC1,2025-10-18 18:15:00,4993.78,120.0,TRADE
VIC1,2025-10-18 18:20:00,4945.11,129.78,TRADE
VIC1,2025-10-18 18:25:00,5028.29,122.02,TRADE
VIC1,2025-10-18 18:30:00,5111.64,147.77,TRADE
VIC1,2025-10-18 18:35:00,5136.65,127.97,TRADE
VIC1,2025-10-18 18:40:00,5056.49,123.09,TRADE
VIC1,2025-10-18 18:45:00,5093.27,120.0,TRADE
VIC1,2025-10-18 18:50:00,5124.16,121.6,TRADE
VIC1,2025-10-18 18:55:00,5109.24,113.31,TRADE
VIC1,2025-10-18 19:00:00,5080.97,158.97,TRADE
VIC1,2025-10-18 19:05:00,5035.93,120.0,TRADE
VIC1,2025-10-18 19:10:00,5147.88,122.02,TRADE
VIC1,2025-10-18 19:15:00,5147.33,115.0,TRADE
VIC1,2025-10-18 19:20:00,5137.0,115.0,TRADE
VIC1,2025-10-18 19:25:00,5126.19,87.79,TRADE
VIC1,2025-10-18 19:30:00,5136.21,95.43,TRADE
VIC1,2025-10-18 19:35:00,5164.95,107.0,TRADE
VIC1,2025-10-18 19:40:00,5008.15,93.22,TRADE
VIC1,2025-10-18 19:45:00,5117.97,88.57,TRADE
VIC1,2025-10-18 19:50:00,5016.68,75.01,TRADE
VIC1,2025-10-18 19:55:00,5058.71,80.0,TRADE
VIC1,2025-10-18 20:00:00,5025.4,77.33,TRADE
VIC1,2025-10-18 20:05:00,4990.84,81.3,TRADE
VIC1,2025-10-18 20:10:00,5004.06,80.0,TRADE
VIC1,2025-10-18 20:15:00,4978.24,82.95,TRADE
VIC1,2025-10-18 20:20:00,4979.67,71.16,TRADE
VIC1,2025-10-18 20:25:00,4934.73,75.01,TRADE
VIC1,2025-10-18 20:30:00,4841.51,75.54,TRADE
VIC1,2025-10-18 20:35:00,4894.22,75.53,TRADE
VIC1,2025-10-18 20:40:00,4848.92,61.99,TRADE
VIC1,2025-10-18 20:45:00,4831.13,65.65,TRADE
VIC1,2025-10-18 20:50:00,4847.82,60.9,TRADE
VIC1,2025-10-18 20:55:00,4807.26,56.5,TRADE
VIC1,2025-10-18 21:00:00,4788.41,51.89,TRADE
VIC1,2025-10-18 21:05:00,4787.52,50.69,TRADE
VIC1,2025-10-18 21:10:00,4669.6,49.24,TRADE
VIC1,2025-10-18 21:15:00,4640.91,49.89,TRADE
VIC1,2025-10-18 21:20:00,4694.13,51.18,TRADE
VIC1,2025-10-18 21:25:00,4658.97,56.5,TRADE
VIC1,2025-10-18 21:30:00,4590.38,49.21,TRADE
VIC1,2025-10-18 21:35:00,4591.51,51.05,TRADE
VIC1,2025-10-18 21:40:00,4558.5,51.43,TRADE
VIC1,2025-10-18 21:45:00,4529.82,50.41,TRADE
VIC1,2025-10-18 21:50:00,4407.42,49.04,TRADE
VIC1,2025-10-18 21:55:00,4373.29,47.23,TRADE
VIC1,2025-10-18 22:00:00,4392.88,25.41,TRADE
VIC1,2025-10-18 22:05:00,4354.23,8.95,TRADE
VIC1,2025-10-18 22:10:00,4298.22,13.15,TRADE
VIC1,2025-10-18 22:15:00,4342.29,20.87,TRADE
VIC1,2025-10-18 22:20:00,4363.21,9.0,TRADE
VIC1,2025-10-18 22:25:00,4289.48,-6.5,TRADE
VIC1,2025-10-18 22:30:00,4296.07,-6.5,TRADE
VIC1,2025-10-18 22:35:00,4201.7,-6.5,TRADE
VIC1,2025-10-18 22:40:00,4254.41,8.95,TRADE
VIC1,2025-10-18 22:45:00,4234.06,0.01,TRADE
VIC1,2025-10-18 22:50:00,4216.36,-3.86,TRADE
VIC1,2025-10-18 22:55:00,4223.06,-3.86,TRADE
VIC1,2025-10-18 23:00:00,4284.1,-3.86,TRADE
VIC1,2025-10-18 23:05:00,4296.64,-3.86,TRADE
VIC1,2025-10-18 23:10:00,4362.98,-3.84,TRADE
VIC1,2025-10-18 23:15:00,4389.51,-0.42,TRADE
VIC1,2025-10-18 23:20:00,4442.43,0.01,TRADE
VIC1,2025-10-18 23:25:00,4382.69,-3.86,TRADE
VIC1,2025-10-18 23:30:00,4454.41,-4.32,TRADE
VIC1,2025-10-18 23:35:00,4463.62,-3.84,TRADE
VIC1,2025-10-18 23:40:00,4425.11,-3.86,TRADE
VIC1,2025-10-18 23:45:00,4393.24,-3.86,TRADE
VIC1,2025-10-18 23:50:00,4383.45,-3.86,TRADE
VIC1,2025-10-18 23:55:00,4251.57,-6.5,TRADE
VIC1,2025-10-19 00:00:00,4312.11,-6.5,TRADE
VIC1,2025-10-19 00:05:00,4313.71,-6.5,TRADE
VIC1,2025-10-19 00:10:00,4185.11,-6.5,TRADE
VIC1,2025-10-19 00:15:00,4207.89,-6.5,TRADE
VIC1,2025-10-19 00:20:00,4211.43,-6.5,TRADE
VIC1,2025-10-19 00:25:00,4153.99,-6.5,TRADE
VIC1,2025-10-19 00:30:00,4178.19,-6.5,TRADE
VIC1,2025-10-19 00:35:00,4148.19,-6.5,TRADE
VIC1,2025-10-19 00:40:00,4001.65,-6.5,TRADE
VIC1,2025-10-19 00:45:00,4091.39,-6.5,TRADE
VIC1,2025-10-19 00:50:00,3986.35,-6.5,TRADE
VIC1,2025-10-19 00:55:00,3984.3,-6.5,TRADE
VIC1,2025-10-19 01:00:00,4022.76,-6.5,TRADE
VIC1,2025-10-19 01:05:00,3910.93,-6.5,TRADE
VIC1,2025-10-19 01:10:00,3993.02,-6.5,TRADE
VIC1,2025-10-19 01:15:00,3877.3,-6.5,TRADE
VIC1,2025-10-19 01:20:00,3881.71,-6.5,TRADE
VIC1,2025-10-19 01:25:00,3837.58,-6.5,TRADE
VIC1,2025-10-19 01:30:00,3880.58,-6.5,TRADE
VIC1,2025-10-19 01:35:00,3790.41,-6.5,TRADE
VIC1,2025-10-19 01:40:00,3755.57,-6.5,TRADE
VIC1,2025-10-19 01:45:00,3816.13,-6.5,TRADE
VIC1,2025-10-19 01:50:00,3728.6,-15.0,TRADE
VIC1,2025-10-19 01:55:00,3723.08,-12.53,TRADE
VIC1,2025-10-19 02:00:00,3797.98,-12.83,TRADE
VIC1,2025-10-19 02:05:00,3762.07,-12.68,TRADE
VIC1,2025-10-19 02:10:00,3682.88,-12.91,TRADE
VIC1,2025-10-19 02:15:00,3779.16,-12.7,TRADE
VIC1,2025-10-19 02:20:00,3730.95,-13.13,TRADE
VIC1,2025-10-19 02:25:00,3732.66,-13.21,TRADE
VIC1,2025-10-19 02:30:00,3706.85,-13.08,TRADE
VIC1,2025-10-19 02:35:00,3634.95,-13.08,TRADE
VIC1,2025-10-19 02:40:00,3700.59,-13.02,TRADE
VIC1,2025-10-19 02:45:00,3679.63,-13.08,TRADE
VIC1,2025-10-19 02:50:00,3663.69,-13.03,TRADE
VIC1,2025-10-19 02:55:00,3677.87,-13.09,TRADE
VIC1,2025-10-19 03:00:00,3662.67,-13.03,TRADE
VIC1,2025-10-19 03:05:00,3604.83,-12.98,TRADE
VIC1,2025-10-19 03:10:00,3649.58,-12.97,TRADE
VIC1,2025-10-19 03:15:00,3666.82,-12.53,TRADE
VIC1,2025-10-19 03:20:00,3641.78,-12.91,TRADE
VIC1,2025-10-19 03:25:00,3576.52,-12.73,TRADE
VIC1,2025-10-19 03:30:00,3640.09,-12.88,TRADE
VIC1,2025-10-19 03:35:00,3660.77,-12.92,TRADE
VIC1,2025-10-19 03:40:00,3651.09,-12.88,TRADE
VIC1,2025-10-19 03:45:00,3624.45,-12.94,TRADE
VIC1,2025-10-19 03:50:00,3630.23,-12.88,TRADE
VIC1,2025-10-19 03:55:00,3626.65,-13.01,TRADE
VIC1,2025-10-19 04:00:00,3620.15,-12.88,TRADE
VIC1,2025-10-19 04:05:00,3538.64,-12.31,TRADE
VIC1,2025-10-19 04:10:00,3675.03,-12.75,TRADE
VIC1,2025-10-19 04:15:00,3605.01,-12.83,TRADE
VIC1,2025-10-19 04:20:00,3652.64,-13.02,TRADE
VIC1,2025-10-19 04:25:00,3631.97,-12.87,TRADE
VIC1,2025-10-19 04:30:00,3650.04,-12.21,TRADE
VIC1,2025-10-19 04:35:00,3601.28,-12.8,TRADE
VIC1,2025-10-19 04:40:00,3623.92,-12.82,TRADE
VIC1,2025-10-19 04:45:00,3662.03,-12.87,TRADE
VIC1,2025-10-19 04:50:00,3723.07,-13.01,TRADE
VIC1,2025-10-19 04:55:00,3723.85,-12.52,TRADE
VIC1,2025-10-19 05:00:00,3672.9,-12.93,TRADE
VIC1,2025-10-19 05:05:00,3708.51,-13.13,TRADE
VIC1,2025-10-19 05:10:00,3722.41,-13.07,TRADE
VIC1,2025-10-19 05:15:00,3831.99,-12.78,TRADE
VIC1,2025-10-19 05:20:00,3778.52,-12.76,TRADE
VIC1,2025-10-19 05:25:00,3748.89,-12.57,TRADE
VIC1,2025-10-19 05:30:00,3819.87,-12.84,TRADE
VIC1,2025-10-19 05:35:00,3821.92,-12.65,TRADE
VIC1,2025-10-19 05:40:00,3899.17,-12.75,TRADE
VIC1,2025-10-19 05:45:00,3802.52,-12.32,TRADE
VIC1,2025-10-19 05:50:00,3788.85,-12.32,TRADE
VIC1,2025-10-19 05:55:00,3783.69,-12.09,TRADE
VIC1,2025-10-19 06:00:00,3790.77,-11.55,TRADE
VIC1,2025-10-19 06:05:00,3821.12,-10.69,TRADE
VIC1,2025-10-19 06:10:00,3826.69,-11.61,TRADE
VIC1,2025-10-19 06:15:00,3778.88,-12.13,TRADE
VIC1,2025-10-19 06:20:00,3880.97,-12.01,TRADE
VIC1,2025-10-19 06:25:00,3901.56,-11.76,TRADE
VIC1,2025-10-19 06:30:00,3888.77,-12.51,TRADE
VIC1,2025-10-19 06:35:00,3901.36,-14.29,TRADE
VIC1,2025-10-19 06:40:00,3882.17,-14.2,TRADE
VIC1,2025-10-19 06:45:00,3914.63,-13.72,TRADE
VIC1,2025-10-19 06:50:00,3939.01,-15.0,TRADE
VIC1,2025-10-19 06:55:00,3893.82,-19.93,TRADE
VIC1,2025-10-19 07:00:00,3788.07,-37.04,TRADE
VIC1,2025-10-19 07:05:00,3994.36,-19.93,TRADE
VIC1,2025-10-19 07:10:00,4004.17,-19.93,TRADE
VIC1,2025-10-19 07:15:00,4038.73,-21.05,TRADE
VIC1,2025-10-19 07:20:00,3928.07,-35.91,TRADE
VIC1,2025-10-19 07:25:00,3969.08,-36.01,TRADE
VIC1,2025-10-19 07:30:00,4007.45,-22.82,TRADE
VIC1,2025-10-19 07:35:00,3989.54,-24.54,TRADE
VIC1,2025-10-19 07:40:00,4082.32,-19.99,TRADE
VIC1,2025-10-19 07:45:00,4072.65,-15.13,TRADE
VIC1,2025-10-19 07:50:00,3891.85,-19.99,TRADE
VIC1,2025-10-19 07:55:00,3931.22,-20.99,TRADE
VIC1,2025-10-19 08:00:00,3888.11,-20.99,TRADE
VIC1,2025-10-19 08:05:00,3833.98,-33.31,TRADE
VIC1,2025-10-19 08:10:00,3748.44,-49.17,TRADE
VIC1,2025-10-19 08:15:00,3593.43,-50.11,TRADE
VIC1,2025-10-19 08:20:00,3571.48,-50.22,TRADE
VIC1,2025-10-19 08:25:00,3542.18,-33.67,TRADE
VIC1,2025-10-19 08:30:00,3399.5,-50.22,TRADE
VIC1,2025-10-19 08:35:00,3430.08,-37.32,TRADE
VIC1,2025-10-19 08:40:00,3392.35,-29.84,TRADE
VIC1,2025-10-19 08:45:00,3450.56,-24.74,TRADE
VIC1,2025-10-19 08:50:00,3512.09,-50.22,TRADE
VIC1,2025-10-19 08:55:00,3392.66,-58.5,TRADE
VIC1,2025-10-19 09:00:00,3326.44,-35.14,TRADE
VIC1,2025-10-19 09:05:00,3222.91,-35.55,TRADE
VIC1,2025-10-19 09:10:00,3223.28,-25.27,TRADE
VIC1,2025-10-19 09:15:00,3167.78,-25.86,TRADE
VIC1,2025-10-19 09:20:00,3370.78,-31.59,TRADE
VIC1,2025-10-19 09:25:00,3544.11,-26.58,TRADE
VIC1,2025-10-19 09:30:00,3578.96,-28.87,TRADE
VIC1,2025-10-19 09:35:00,3677.73,-27.38,TRADE
VIC1,2025-10-19 09:40:00,3873.39,-20.37,TRADE
VIC1,2025-10-19 09:45:00,3939.43,-19.56,TRADE
VIC1,2025-10-19 09:50:00,4055.0,-19.56,TRADE
VIC1,2025-10-19 09:55:00,4093.64,-19.93,TRADE
VIC1,2025-10-19 10:00:00,4106.49,-19.99,TRADE
VIC1,2025-10-19 10:05:00,4139.12,-20.99,TRADE
VIC1,2025-10-19 10:10:00,4120.02,-20.99,TRADE
VIC1,2025-10-19 10:15:00,3988.92,-20.99,TRADE
VIC1,2025-10-19 10:20:00,4044.64,-37.32,TRADE
VIC1,2025-10-19 10:25:00,4077.26,-23.25,TRADE
VIC1,2025-10-19 10:30:00,4001.56,-31.2,TRADE
VIC1,2025-10-19 10:35:00,3952.24,-30.94,TRADE
VIC1,2025-10-19 10:40:00,3914.66,-30.6,TRADE
VIC1,2025-10-19 10:45:00,3827.35,-29.9,TRADE
VIC1,2025-10-19 10:50:00,3747.3,-29.48,TRADE
VIC1,2025-10-19 10:55:00,3649.08,-31.76,TRADE
VIC1,2025-10-19 11:00:00,3625.92,-35.55,TRADE
VIC1,2025-10-19 11:05:00,3716.61,-31.83,TRADE
VIC1,2025-10-19 11:10:00,3710.75,-31.66,TRADE
VIC1,2025-10-19 11:15:00,3623.98,-35.17,TRADE
VIC1,2025-10-19 11:20:00,3411.76,-32.7,TRADE
VIC1,2025-10-19 11:25:00,3476.87,-29.59,TRADE
VIC1,2025-10-19 11:30:00,3428.36,-29.76,TRADE
VIC1,2025-10-19 11:35:00,3395.63,-34.66,TRADE
VIC1,2025-10-19 11:40:00,3489.02,-30.29,TRADE
VIC1,2025-10-19 11:45:00,3568.52,-29.19,TRADE
VIC1,2025-10-19 11:50:00,3772.14,-20.99,TRADE
VIC1,2025-10-19 11:55:00,3832.99,-33.82,TRADE
VIC1,2025-10-19 12:00:00,3959.43,-20.99,TRADE
VIC1,2025-10-19 12:05:00,3960.17,-29.66,TRADE
VIC1,2025-10-19 12:10:00,4033.92,-20.99,TRADE
VIC1,2025-10-19 12:15:00,4065.29,-29.54,TRADE
VIC1,2025-10-19 12:20:00,3948.81,-29.61,TRADE
VIC1,2025-10-19 12:25:00,3895.1,-30.85,TRADE
VIC1,2025-10-19 12:30:00,3805.95,-33.03,TRADE
VIC1,2025-10-19 12:35:00,3836.04,-29.98,TRADE
VIC1,2025-10-19 12:40:00,3781.89,-30.69,TRADE
VIC1,2025-10-19 12:45:00,3726.85,-33.04,TRADE
VIC1,2025-10-19 12:50:00,3736.24,-26.73,TRADE
VIC1,2025-10-19 12:55:00,3733.69,-26.82,TRADE
VIC1,2025-10-19 13:00:00,3679.48,-26.21,TRADE
VIC1,2025-10-19 13:05:00,3665.04,-27.2,TRADE
VIC1,2025-10-19 13:10:00,3804.24,-24.48,TRADE
VIC1,2025-10-19 13:15:00,4018.08,-20.99,TRADE
VIC1,2025-10-19 13:20:00,3997.72,-20.3,TRADE
VIC1,2025-10-19 13:25:00,3982.54,-17.3,TRADE
VIC1,2025-10-19 13:30:00,4100.24,-18.69,TRADE
VIC1,2025-10-19 13:35:00,4124.07,-13.98,TRADE
VIC1,2025-10-19 13:40:00,4156.75,-14.03,TRADE
VIC1,2025-10-19 13:45:00,4047.16,-15.0,TRADE
VIC1,2025-10-19 13:50:00,4003.84,-13.0,TRADE
VIC1,2025-10-19 13:55:00,4008.14,-13.0,TRADE
VIC1,2025-10-19 14:00:00,3899.61,-12.88,TRADE
VIC1,2025-10-19 14:05:00,3762.69,-16.46,TRADE
VIC1,2025-10-19 14:10:00,3712.06,-15.46,TRADE
VIC1,2025-10-19 14:15:00,3647.42,-16.51,TRADE
VIC1,2025-10-19 14:20:00,3659.72,-13.83,TRADE
VIC1,2025-10-19 14:25:00,3520.2,-14.3,TRADE
VIC1,2025-10-19 14:30:00,3746.61,-12.7,TRADE
VIC1,2025-10-19 14:35:00,3810.11,-12.21,TRADE
VIC1,2025-10-19 14:40:00,3626.81,-12.16,TRADE
VIC1,2025-10-19 14:45:00,3666.5,-11.43,TRADE
VIC1,2025-10-19 14:50:00,3644.25,-11.26,TRADE
VIC1,2025-10-19 14:55:00,3606.7,-11.0,TRADE
VIC1,2025-10-19 15:00:00,3618.43,-11.0,TRADE
VIC1,2025-10-19 15:05:00,3706.25,-10.69,TRADE
VIC1,2025-10-19 15:10:00,3926.34,-10.82,TRADE
VIC1,2025-10-19 15:15:00,4006.38,-8.24,TRADE
VIC1,2025-10-19 15:20:00,3943.85,-10.23,TRADE
VIC1,2025-10-19 15:25:00,4090.28,-3.86,TRADE
VIC1,2025-10-19 15:30:00,4295.75,0.0,TRADE
VIC1,2025-10-19 15:35:00,4498.11,0.0,TRADE
VIC1,2025-10-19 15:40:00,4706.49,33.83,TRADE
VIC1,2025-10-19 15:45:00,4680.03,35.36,TRADE
VIC1,2025-10-19 15:50:00,4747.79,53.08,TRADE
VIC1,2025-10-19 15:55:00,4803.01,37.47,TRADE
VIC1,2025-10-19 16:00:00,4845.16,56.94,TRADE
VIC1,2025-10-19 16:05:00,4844.96,34.91,TRADE
VIC1,2025-10-19 16:10:00,4840.78,73.79,TRADE
VIC1,2025-10-19 16:15:00,4899.13,63.04,TRADE
VIC1,2025-10-19 16:20:00,4936.48,117.2,TRADE
VIC1,2025-10-19 16:25:00,4935.93,154.4,TRADE
VIC1,2025-10-19 16:30:00,5027.92,80.0,TRADE
VIC1,2025-10-19 16:35:00,5153.54,129.78,TRADE
VIC1,2025-10-19 16:40:00,5159.81,91.49,TRADE
VIC1,2025-10-19 16:45:00,5151.36,80.0,TRADE
VIC1,2025-10-19 16:50:00,5116.59,79.59,TRADE
VIC1,2025-10-19 16:55:00,5208.52,80.0,TRADE
VIC1,2025-10-19 17:00:00,5285.35,100.3,TRADE
VIC1,2025-10-19 17:05:00,5170.63,80.0,TRADE
VIC1,2025-10-19 17:10:00,5300.8,80.0,TRADE
VIC1,2025-10-19 17:15:00,5283.05,91.26,TRADE
VIC1,2025-10-19 17:20:00,5295.71,119.47,TRADE
VIC1,2025-10-19 17:25:00,5301.57,120.0,TRADE
VIC1,2025-10-19 17:30:00,5223.67,121.04,TRADE
VIC1,2025-10-19 17:35:00,5314.7,109.99,TRADE
VIC1,2025-10-19 17:40:00,5317.58,107.27,TRADE
VIC1,2025-10-19 17:45:00,5182.75,97.0,TRADE
VIC1,2025-10-19 17:50:00,5261.66,109.56,TRADE
VIC1,2025-10-19 17:55:00,5217.36,120.0,TRADE
VIC1,2025-10-19 18:00:00,5273.51,129.78,TRADE
VIC1,2025-10-19 18:05:00,5220.35,120.0,TRADE
VIC1,2025-10-19 18:10:00,5178.12,120.0,TRADE
VIC1,2025-10-19 18:15:00,5249.6,129.78,TRADE
VIC1,2025-10-19 18:20:00,5240.11,120.0,TRADE
VIC1,2025-10-19 18:25:00,5184.02,129.78,TRADE
VIC1,2025-10-19 18:30:00,5250.61,140.55,TRADE
VIC1,2025-10-19 18:35:00,5283.12,129.78,TRADE
VIC1,2025-10-19 18:40:00,5269.03,120.0,TRADE
VIC1,2025-10-19 18:45:00,5279.07,120.0,TRADE
VIC1,2025-10-19 18:50:00,5203.74,129.78,TRADE
VIC1,2025-10-19 18:55:00,5223.62,158.97,TRADE
VIC1,2025-10-19 19:00:00,5312.42,123.05,TRADE
VIC1,2025-10-19 19:05:00,5259.01,125.34,TRADE
VIC1,2025-10-19 19:10:00,5213.46,109.55,TRADE
VIC1,2025-10-19 19:15:00,5255.41,156.66,TRADE
VIC1,2025-10-19 19:20:00,5166.97,97.35,TRADE
VIC1,2025-10-19 19:25:00,5191.19,120.0,TRADE
VIC1,2025-10-19 19:30:00,5065.33,92.94,TRADE
VIC1,2025-10-19 19:35:00,5150.2,119.64,TRADE
VIC1,2025-10-19 19:40:00,5172.96,120.54,TRADE
VIC1,2025-10-19 19:45:00,5115.99,97.0,TRADE
VIC1,2025-10-19 19:50:00,5117.55,98.74,TRADE
VIC1,2025-10-19 19:55:00,5065.44,92.13,TRADE
VIC1,2025-10-19 20:00:00,5065.57,80.0,TRADE
VIC1,2025-10-19 20:05:00,4950.51,97.0,TRADE
VIC1,2025-10-19 20:10:00,4936.01,80.0,TRADE
VIC1,2025-10-19 20:15:00,4967.0,89.88,TRADE
VIC1,2025-10-19 20:20:00,4822.5,80.0,TRADE
VIC1,2025-10-19 20:25:00,4867.34,80.0,TRADE
VIC1,2025-10-19 20:30:00,4881.01,80.0,TRADE
VIC1,2025-10-19 20:35:00,4874.32,80.0,TRADE
VIC1,2025-10-19 20:40:00,4774.08,80.0,TRADE
VIC1,2025-10-19 20:45:00,4742.22,70.73,TRADE
VIC1,2025-10-19 20:50:00,4730.38,65.55,TRADE
VIC1,2025-10-19 20:55:00,4704.0,80.0,TRADE
VIC1,2025-10-19 21:00:00,4753.83,73.71,TRADE
VIC1,2025-10-19 21:05:00,4710.01,80.0,TRADE
VIC1,2025-10-19 21:10:00,4685.3,98.65,TRADE
VIC1,2025-10-19 21:15:00,4690.43,93.81,TRADE
VIC1,2025-10-19 21:20:00,4646.1,97.0,TRADE
VIC1,2025-10-19 21:25:00,4619.72,96.51,TRADE
VIC1,2025-10-19 21:30:00,4489.75,81.69,TRADE
VIC1,2025-10-19 21:35:00,4472.83,88.87,TRADE
VIC1,2025-10-19 21:40:00,4514.05,120.0,TRADE
VIC1,2025-10-19 21:45:00,4492.62,98.47,TRADE
VIC1,2025-10-19 21:50:00,4484.88,98.45,TRADE
VIC1,2025-10-19 21:55:00,4484.0,98.31,TRADE
VIC1,2025-10-19 22:00:00,4466.15,101.26,TRADE
VIC1,2025-10-19 22:05:00,4384.05,98.65,TRADE
VIC1,2025-10-19 22:10:00,4291.56,98.69,TRADE
VIC1,2025-10-19 22:15:00,4330.05,98.61,TRADE
VIC1,2025-10-19 22:20:00,4421.88,100.38,TRADE
VIC1,2025-10-19 22:25:00,4406.38,97.0,TRADE
VIC1,2025-10-19 22:30:00,4324.37,102.56,TRADE
VIC1,2025-10-19 22:35:00,4261.79,104.44,TRADE
VIC1,2025-10-19 22:40:00,4355.13,120.0,TRADE
VIC1,2025-10-19 22:45:00,4344.98,108.03,TRADE
VIC1,2025-10-19 22:50:00,4353.62,122.02,TRADE
VIC1,2025-10-19 22:55:00,4359.36,98.91,TRADE
VIC1,2025-10-19 23:00:00,4313.57,99.53,TRADE
VIC1,2025-10-19 23:05:00,4343.77,99.7,TRADE
VIC1,2025-10-19 23:10:00,4507.13,150.58,TRADE
VIC1,2025-10-19 23:15:00,4521.67,86.61,TRADE
VIC1,2025-10-19 23:20:00,4526.24,105.6,TRADE
VIC1,2025-10-19 23:25:00,4601.33,108.86,TRADE
VIC1,2025-10-19 23:30:00,4554.41,98.29,TRADE
VIC1,2025-10-19 23:35:00,4558.78,107.96,TRADE
VIC1,2025-10-19 23:40:00,4510.18,106.24,TRADE
VIC1,2025-10-19 23:45:00,4447.05,98.31,TRADE
VIC1,2025-10-19 23:50:00,4421.68,97.0,TRADE
VIC1,2025-10-19 23:55:00,4332.52,80.0,TRADE
VIC1,2025-10-25 00:00:00,4770.74,158.97,TRADE
VIC1,2025-10-25 00:05:00,4768.99,157.69,TRADE
VIC1,2025-10-25 00:10:00,4743.48,158.97,TRADE
VIC1,2025-10-25 00:15:00,4727.76,157.69,TRADE
VIC1,2025-10-25 00:20:00,4684.03,158.97,TRADE
VIC1,2025-10-25 00:25:00,4635.91,138.24,TRADE
VIC1,2025-10-25 00:30:00,4666.19,164.69,TRADE
VIC1,2025-10-25 00:35:00,4613.37,122.55,TRADE
VIC1,2025-10-25 00:40:00,4604.21,168.52,TRADE
VIC1,2025-10-25 00:45:00,4599.41,150.25,TRADE
VIC1,2025-10-25 00:50:00,4570.58,181.1,TRADE
VIC1,2025-10-25 00:55:00,4591.67,157.69,TRADE
VIC1,2025-10-25 01:00:00,4567.45,158.97,TRADE
VIC1,2025-10-25 01:05:00,4513.74,175.63,TRADE
VIC1,2025-10-25 01:10:00,4514.64,176.55,TRADE
VIC1,2025-10-25 01:15:00,4519.93,208.78,TRADE
VIC1,2025-10-25 01:20:00,4454.01,158.97,TRADE
VIC1,2025-10-25 01:25:00,4436.38,209.01,TRADE
VIC1,2025-10-25 01:30:00,4403.6,157.69,TRADE
VIC1,2025-10-25 01:35:00,4411.0,209.87,TRADE
VIC1,2025-10-25 01:40:00,4395.4,209.07,TRADE
VIC1,2025-10-25 01:45:00,4375.89,208.87,TRADE
VIC1,2025-10-25 01:50:00,4346.37,204.49,TRADE
VIC1,2025-10-25 01:55:00,4337.64,203.5,TRADE
VIC1,2025-10-25 02:00:00,4299.98,203.37,TRADE
VIC1,2025-10-25 02:05:00,4302.68,207.63,TRADE
VIC1,2025-10-25 02:10:00,4290.57,223.37,TRADE
VIC1,2025-10-25 02:15:00,4313.18,206.87,TRADE
VIC1,2025-10-25 02:20:00,4315.41,161.15,TRADE
VIC1,2025-10-25 02:25:00,4284.9,197.73,TRADE
VIC1,2025-10-25 02:30:00,4243.68,208.78,TRADE
VIC1,2025-10-25 02:35:00,4283.83,187.61,TRADE
VIC1,2025-10-25 02:40:00,4241.12,207.07,TRADE
VIC1,2025-10-25 02:45:00,4271.06,222.42,TRADE
VIC1,2025-10-25 02:50:00,4261.77,186.17,TRADE
VIC1,2025-10-25 02:55:00,4251.84,221.69,TRADE
VIC1,2025-10-25 03:00:00,4253.66,212.72,TRADE
VIC1,2025-10-25 03:05:00,4251.56,223.36,TRADE
VIC1,2025-10-25 03:10:00,4282.39,217.22,TRADE
VIC1,2025-10-25 03:15:00,4280.74,227.97,TRADE
VIC1,2025-10-25 03:20:00,4263.07,158.97,TRADE
VIC1,2025-10-25 03:25:00,4282.71,217.11,TRADE
VIC1,2025-10-25 03:30:00,4299.52,158.97,TRADE
VIC1,2025-10-25 03:35:00,4282.79,158.97,TRADE
VIC1,2025-10-25 03:40:00,4288.9,158.97,TRADE
VIC1,2025-10-25 03:45:00,4302.58,170.23,TRADE
VIC1,2025-10-25 03:50:00,4277.4,158.97,TRADE
VIC1,2025-10-25 03:55:00,4272.02,158.97,TRADE
VIC1,2025-10-25 04:00:00,4267.22,158.97,TRADE
VIC1,2025-10-25 04:05:00,4280.51,159.24,TRADE
VIC1,2025-10-25 04:10:00,4299.17,163.69,TRADE
VIC1,2025-10-25 04:15:00,4344.83,145.41,TRADE
VIC1,2025-10-25 04:20:00,4334.8,143.33,TRADE
VIC1,2025-10-25 04:25:00,4331.31,144.25,TRADE
VIC1,2025-10-25 04:30:00,4347.05,147.88,TRADE
VIC1,2025-10-25 04:35:00,4358.94,143.84,TRADE
VIC1,2025-10-25 04:40:00,4382.85,144.22,TRADE
VIC1,2025-10-25 04:45:00,4390.92,144.18,TRADE
VIC1,2025-10-25 04:50:00,4404.0,145.14,TRADE
VIC1,2025-10-25 04:55:00,4418.89,116.84,TRADE
VIC1,2025-10-25 05:00:00,4457.18,146.4,TRADE
VIC1,2025-10-25 05:05:00,4486.35,120.0,TRADE
VIC1,2025-10-25 05:10:00,4555.6,105.0,TRADE
VIC1,2025-10-25 05:15:00,4531.25,147.5,TRADE
VIC1,2025-10-25 05:20:00,4593.92,147.48,TRADE
VIC1,2025-10-25 05:25:00,4595.74,127.42,TRADE
VIC1,2025-10-25 05:30:00,4628.66,126.31,TRADE
VIC1,2025-10-25 05:35:00,4621.65,148.57,TRADE
VIC1,2025-10-25 05:40:00,4647.15,125.49,TRADE
VIC1,2025-10-25 05:45:00,4658.68,135.32,TRADE
VIC1,2025-10-25 05:50:00,4670.99,109.92,TRADE
VIC1,2025-10-25 05:55:00,4674.09,105.4,TRADE
VIC1,2025-10-25 06:00:00,4678.16,94.59,TRADE
VIC1,2025-10-25 06:05:00,4691.32,97.0,TRADE
VIC1,2025-10-25 06:10:00,4709.76,96.3,TRADE
VIC1,2025-10-25 06:15:00,4670.41,80.0,TRADE
VIC1,2025-10-25 06:20:00,4651.21,79.77,TRADE
VIC1,2025-10-25 06:25:00,4653.3,80.0,TRADE
VIC1,2025-10-25 06:30:00,4595.59,66.7,TRADE
VIC1,2025-10-25 06:35:00,4545.71,65.71,TRADE
VIC1,2025-10-25 06:40:00,4541.03,73.42,TRADE
VIC1,2025-10-25 06:45:00,4508.38,62.94,TRADE
VIC1,2025-10-25 06:50:00,4515.46,36.62,TRADE
VIC1,2025-10-25 06:55:00,4500.06,56.5,TRADE
VIC1,2025-10-25 07:00:00,4454.77,50.16,TRADE
VIC1,2025-10-25 07:05:00,4405.34,59.45,TRADE
VIC1,2025-10-25 07:10:00,4381.89,36.81,TRADE
VIC1,2025-10-25 07:15:00,4395.2,8.95,TRADE
VIC1,2025-10-25 07:20:00,4412.63,56.5,TRADE
VIC1,2025-10-25 07:25:00,4324.0,43.73,TRADE
VIC1,2025-10-25 07:30:00,4300.33,30.68,TRADE
VIC1,2025-10-25 07:35:00,4269.39,58.25,TRADE
VIC1,2025-10-25 07:40:00,4210.99,51.3,TRADE
VIC1,2025-10-25 07:45:00,4147.16,8.95,TRADE
VIC1,2025-10-25 07:50:00,4127.34,36.37,TRADE
VIC1,2025-10-25 07:55:00,4068.91,31.57,TRADE
VIC1,2025-10-25 08:00:00,4000.62,34.96,TRADE
VIC1,2025-10-25 08:05:00,3966.32,34.73,TRADE
VIC1,2025-10-25 08:10:00,3958.16,35.0,TRADE
VIC1,2025-10-25 08:15:00,3956.21,32.58,TRADE
VIC1,2025-10-25 08:20:00,3893.0,4.59,TRADE
VIC1,2025-10-25 08:25:00,3901.93,27.69,TRADE
VIC1,2025-10-25 08:30:00,3808.97,34.45,TRADE
VIC1,2025-10-25 08:35:00,3758.91,1.2,TRADE
VIC1,2025-10-25 08:40:00,3731.58,23.39,TRADE
VIC1,2025-10-25 08:45:00,3692.32,9.69,TRADE
VIC1,2025-10-25 08:50:00,3642.14,22.53,TRADE
VIC1,2025-10-25 08:55:00,3589.4,0.0,TRADE
VIC1,2025-10-25 09:00:00,3598.15,0.52,TRADE
VIC1,2025-10-25 09:05:00,3573.53,1.38,TRADE
VIC1,2025-10-25 09:10:00,3551.0,1.38,TRADE
VIC1,2025-10-25 09:15:00,3584.31,20.0,TRADE
VIC1,2025-10-25 09:20:00,3552.42,20.04,TRADE
VIC1,2025-10-25 09:25:00,3569.86,22.94,TRADE
VIC1,2025-10-25 09:30:00,3563.94,20.04,TRADE
VIC1,2025-10-25 09:35:00,3564.55,20.04,TRADE
VIC1,2025-10-25 09:40:00,3520.42,20.04,TRADE
VIC1,2025-10-25 09:45:00,3542.51,40.52,TRADE
VIC1,2025-10-25 09:50:00,3555.93,38.69,TRADE
VIC1,2025-10-25 09:55:00,3580.48,22.71,TRADE
VIC1,2025-10-25 10:00:00,3724.58,22.41,TRADE
VIC1,2025-10-25 10:05:00,3800.5,38.62,TRADE
VIC1,2025-10-25 10:10:00,3932.88,42.02,TRADE
VIC1,2025-10-25 10:15:00,3991.17,39.61,TRADE
VIC1,2025-10-25 10:20:00,3885.8,38.69,TRADE
VIC1,2025-10-25 10:25:00,3813.72,39.39,TRADE
VIC1,2025-10-25 10:30:00,3771.6,38.57,TRADE
VIC1,2025-10-25 10:35:00,3766.55,34.06,TRADE
VIC1,2025-10-25 10:40:00,3750.13,0.53,TRADE
VIC1,2025-10-25 10:45:00,3782.68,0.01,TRADE
VIC1,2025-10-25 10:50:00,3863.58,34.91,TRADE
VIC1,2025-10-25 10:55:00,3870.31,25.2,TRADE
VIC1,2025-10-25 11:00:00,3952.34,37.52,TRADE
VIC1,2025-10-25 11:05:00,3975.1,40.58,TRADE
VIC1,2025-10-25 11:10:00,4031.89,86.03,TRADE
VIC1,2025-10-25 11:15:00,4040.6,41.77,TRADE
VIC1,2025-10-25 11:20:00,4058.74,38.69,TRADE
VIC1,2025-10-25 11:25:00,4019.81,25.18,TRADE
VIC1,2025-10-25 11:30:00,3955.74,20.04,TRADE
VIC1,2025-10-25 11:35:00,3914.7,22.02,TRADE
VIC1,2025-10-25 11:40:00,3823.27,45.23,TRADE
VIC1,2025-10-25 11:45:00,3740.43,39.93,TRADE
VIC1,2025-10-25 11:50:00,3695.64,37.7,TRADE
VIC1,2025-10-25 11:55:00,3676.75,42.26,TRADE
VIC1,2025-10-25 12:00:00,3575.32,46.23,TRADE
VIC1,2025-10-25 12:05:00,3566.97,36.21,TRADE
VIC1,2025-10-25 12:10:00,3526.19,32.0,TRADE
VIC1,2025-10-25 12:15:00,3467.91,38.69,TRADE
VIC1,2025-10-25 12:20:00,3511.63,37.56,TRADE
VIC1,2025-10-25 12:25:00,3561.72,20.04,TRADE
VIC1,2025-10-25 12:30:00,3619.87,38.69,TRADE
VIC1,2025-10-25 12:35:00,3656.64,12.42,TRADE
VIC1,2025-10-25 12:40:00,3761.37,30.38,TRADE
VIC1,2025-10-25 12:45:00,3819.35,37.67,TRADE
VIC1,2025-10-25 12:50:00,3897.29,37.03,TRADE
VIC1,2025-10-25 12:55:00,3940.67,23.42,TRADE
VIC1,2025-10-25 13:00:00,3947.46,38.45,TRADE
VIC1,2025-10-25 13:05:00,3900.28,38.69,TRADE
VIC1,2025-10-25 13:10:00,3975.35,38.4,TRADE
VIC1,2025-10-25 13:15:00,3989.15,65.69,TRADE
VIC1,2025-10-25 13:20:00,4071.62,51.01,TRADE
VIC1,2025-10-25 13:25:00,4062.22,44.46,TRADE
VIC1,2025-10-25 13:30:00,4079.37,39.88,TRADE
VIC1,2025-10-25 13:35:00,4061.05,39.72,TRADE
VIC1,2025-10-25 13:40:00,4120.06,58.11,TRADE
VIC1,2025-10-25 13:45:00,4119.89,38.69,TRADE
VIC1,2025-10-25 13:50:00,4151.66,39.75,TRADE
VIC1,2025-10-25 13:55:00,4172.87,35.87,TRADE
VIC1,2025-10-25 14:00:00,4151.66,38.69,TRADE
VIC1,2025-10-25 14:05:00,4188.3,35.37,TRADE
VIC1,2025-10-25 14:10:00,4199.78,37.53,TRADE
VIC1,2025-10-25 14:15:00,4199.68,56.32,TRADE
VIC1,2025-10-25 14:20:00,4195.21,53.43,TRADE
VIC1,2025-10-25 14:25:00,4214.06,38.69,TRADE
VIC1,2025-10-25 14:30:00,4257.69,89.69,TRADE
VIC1,2025-10-25 14:35:00,4374.54,66.18,TRADE
VIC1,2025-10-25 14:40:00,4438.54,38.69,TRADE
VIC1,2025-10-25 14:45:00,4516.73,62.41,TRADE
VIC1,2025-10-25 14:50:00,4584.41,61.12,TRADE
VIC1,2025-10-25 14:55:00,4621.19,66.85,TRADE
VIC1,2025-10-25 15:00:00,4671.06,68.0,TRADE
VIC1,2025-10-25 15:05:00,4690.34,65.78,TRADE
VIC1,2025-10-25 15:10:00,4743.69,64.4,TRADE
VIC1,2025-10-25 15:15:00,4774.12,85.3,TRADE
VIC1,2025-10-25 15:20:00,4801.25,84.13,TRADE
VIC1,2025-10-25 15:25:00,4849.51,83.46,TRADE
VIC1,2025-10-25 15:30:00,4886.94,80.0,TRADE
VIC1,2025-10-25 15:35:00,4930.66,74.62,TRADE
VIC1,2025-10-25 15:40:00,4950.59,75.96,TRADE
VIC1,2025-10-25 15:45:00,4891.77,68.57,TRADE
VIC1,2025-10-25 15:50:00,4945.4,57.23,TRADE
VIC1,2025-10-25 15:55:00,4929.66,80.0,TRADE
VIC1,2025-10-25 16:00:00,4903.03,80.0,TRADE
VIC1,2025-10-25 16:05:00,4940.04,80.0,TRADE
VIC1,2025-10-25 16:10:00,4934.03,80.0,TRADE
VIC1,2025-10-25 16:15:00,4958.69,81.16,TRADE
VIC1,2025-10-25 16:20:00,4981.28,80.0,TRADE
VIC1,2025-10-25 16:25:00,5069.96,80.0,TRADE
VIC1,2025-10-25 16:30:00,5142.52,80.0,TRADE
VIC1,2025-10-25 16:35:00,5194.93,86.77,TRADE
VIC1,2025-10-25 16:40:00,5222.8,123.59,TRADE
VIC1,2025-10-25 16:45:00,5226.78,118.95,TRADE
VIC1,2025-10-25 16:50:00,5221.33,139.14,TRADE
VIC1,2025-10-25 16:55:00,5232.43,137.69,TRADE
VIC1,2025-10-25 17:00:00,5242.39,118.69,TRADE
VIC1,2025-10-25 17:05:00,5238.95,105.0,TRADE
VIC1,2025-10-25 17:10:00,5209.84,118.69,TRADE
VIC1,2025-10-25 17:15:00,5194.87,121.81,TRADE
VIC1,2025-10-25 17:20:00,5204.2,120.0,TRADE
VIC1,2025-10-25 17:25:00,5224.61,120.0,TRADE
VIC1,2025-10-25 17:30:00,5224.47,121.2,TRADE
VIC1,2025-10-25 17:35:00,5253.28,118.69,TRADE
VIC1,2025-10-25 17:40:00,5246.29,107.15,TRADE
VIC1,2025-10-25 17:45:00,5265.13,105.0,TRADE
VIC1,2025-10-25 17:50:00,5292.81,105.0,TRADE
VIC1,2025-10-25 17:55:00,5274.5,105.0,TRADE
VIC1,2025-10-25 18:00:00,5286.22,105.0,TRADE
VIC1,2025-10-25 18:05:00,5296.15,105.0,TRADE
VIC1,2025-10-25 18:10:00,5291.32,104.87,TRADE
VIC1,2025-10-25 18:15:00,5297.25,103.74,TRADE
VIC1,2025-10-25 18:20:00,5301.16,102.92,TRADE
VIC1,2025-10-25 18:25:00,5298.29,102.59,TRADE
VIC1,2025-10-25 18:30:00,5296.58,109.55,TRADE
VIC1,2025-10-25 18:35:00,5338.51,122.38,TRADE
VIC1,2025-10-25 18:40:00,5312.18,107.94,TRADE
VIC1,2025-10-25 18:45:00,5327.39,125.03,TRADE
VIC1,2025-10-25 18:50:00,5316.29,109.55,TRADE
VIC1,2025-10-25 18:55:00,5340.74,109.87,TRADE
VIC1,2025-10-25 19:00:00,5353.45,109.55,TRADE
VIC1,2025-10-25 19:05:00,5359.29,114.65,TRADE
VIC1,2025-10-25 19:10:00,5338.16,111.86,TRADE
VIC1,2025-10-25 19:15:00,5323.47,111.1,TRADE
VIC1,2025-10-25 19:20:00,5289.85,119.36,TRADE
VIC1,2025-10-25 19:25:00,5301.57,120.0,TRADE
VIC1,2025-10-25 19:30:00,5287.23,110.31,TRADE
VIC1,2025-10-25 19:35:00,5266.7,125.49,TRADE
VIC1,2025-10-25 19:40:00,5232.37,114.22,TRADE
VIC1,2025-10-25 19:45:00,5175.06,125.49,TRADE
VIC1,2025-10-25 19:50:00,5228.74,125.49,TRADE
VIC1,2025-10-25 19:55:00,5184.11,112.02,TRADE
VIC1,2025-10-25 20:00:00,5158.68,109.99,TRADE
VIC1,2025-10-25 20:05:00,5132.82,107.62,TRADE
VIC1,2025-10-25 20:10:00,5112.31,107.35,TRADE
VIC1,2025-10-25 20:15:00,5107.18,135.34,TRADE
VIC1,2025-10-25 20:20:00,5133.46,110.68,TRADE
VIC1,2025-10-25 20:25:00,5118.08,118.64,TRADE
VIC1,2025-10-25 20:30:00,5095.61,113.17,TRADE
VIC1,2025-10-25 20:35:00,5048.57,121.29,TRADE
VIC1,2025-10-25 20:40:00,5038.18,117.85,TRADE
VIC1,2025-10-25 20:45:00,5003.78,138.34,TRADE
VIC1,2025-10-25 20:50:00,5002.61,136.96,TRADE
VIC1,2025-10-25 20:55:00,4990.07,129.78,TRADE
VIC1,2025-10-25 21:00:00,5003.28,129.78,TRADE
VIC1,2025-10-25 21:05:00,4999.92,141.4,TRADE
VIC1,2025-10-25 21:10:00,4964.17,140.0,TRADE
VIC1,2025-10-25 21:15:00,4931.24,139.95,TRADE
VIC1,2025-10-25 21:20:00,4884.54,129.78,TRADE
VIC1,2025-10-25 21:25:00,4858.07,135.12,TRADE
VIC1,2025-10-25 21:30:00,4836.94,129.78,TRADE
VIC1,2025-10-25 21:35:00,4827.2,124.69,TRADE
VIC1,2025-10-25 21:40:00,4761.72,105.89,TRADE
VIC1,2025-10-25 21:45:00,4688.0,115.67,TRADE
VIC1,2025-10-25 21:50:00,4653.94,91.9,TRADE
VIC1,2025-10-25 21:55:00,4641.97,89.2,TRADE
VIC1,2025-10-25 22:00:00,4580.7,88.61,TRADE
VIC1,2025-10-25 22:05:00,4549.86,79.72,TRADE
VIC1,2025-10-25 22:10:00,4574.58,88.44,TRADE
VIC1,2025-10-25 22:15:00,4518.19,86.09,TRADE
VIC1,2025-10-25 22:20:00,4477.56,80.0,TRADE
VIC1,2025-10-25 22:25:00,4477.1,80.0,TRADE
VIC1,2025-10-25 22:30:00,4447.51,80.0,TRADE
VIC1,2025-10-25 22:35:00,4458.64,93.35,TRADE
VIC1,2025-10-25 22:40:00,4484.86,87.03,TRADE
VIC1,2025-10-25 22:45:00,4422.92,74.22,TRADE
VIC1,2025-10-25 22:50:00,4412.9,93.83,TRADE
VIC1,2025-10-25 22:55:00,4420.8,94.43,TRADE
VIC1,2025-10-25 23:00:00,4435.41,84.93,TRADE
VIC1,2025-10-25 23:05:00,4491.88,95.71,TRADE
VIC1,2025-10-25 23:10:00,4589.79,92.36,TRADE
VIC1,2025-10-25 23:15:00,4625.83,119.13,TRADE
VIC1,2025-10-25 23:20:00,4612.23,98.63,TRADE
VIC1,2025-10-25 23:25:00,4641.76,120.0,TRADE
VIC1,2025-10-25 23:30:00,4624.38,90.19,TRADE
VIC1,2025-10-25 23:35:00,4599.39,120.0,TRADE
VIC1,2025-10-25 23:40:00,4606.39,119.76,TRADE
VIC1,2025-10-25 23:45:00,4521.47,114.15,TRADE
VIC1,2025-10-25 23:50:00,4526.65,115.27,TRADE
VIC1,2025-10-25 23:55:00,4484.6,97.31,TRADE
VIC1,2025-10-26 00:00:00,4465.12,87.89,TRADE
VIC1,2025-10-26 00:05:00,4451.69,80.21,TRADE
VIC1,2025-10-26 00:10:00,4426.64,73.72,TRADE
VIC1,2025-10-26 00:15:00,4401.67,80.0,TRADE
VIC1,2025-10-26 00:20:00,4392.21,68.98,TRADE
VIC1,2025-10-26 00:25:00,4363.48,69.03,TRADE
VIC1,2025-10-26 00:30:00,4341.39,69.01,TRADE
VIC1,2025-10-26 00:35:00,4326.5,68.61,TRADE
VIC1,2025-10-26 00:40:00,4320.17,68.68,TRADE
VIC1,2025-10-26 00:45:00,4269.03,68.07,TRADE
VIC1,2025-10-26 00:50:00,4258.62,67.67,TRADE
VIC1,2025-10-26 00:55:00,4243.62,66.39,TRADE
VIC1,2025-10-26 01:00:00,4247.33,19.72,TRADE
VIC1,2025-10-26 01:05:00,4251.94,52.69,TRADE
VIC1,2025-10-26 01:10:00,4244.68,48.01,TRADE
VIC1,2025-10-26 01:15:00,4226.17,53.01,TRADE
VIC1,2025-10-26 01:20:00,4199.19,30.99,TRADE
VIC1,2025-10-26 01:25:00,4159.03,27.18,TRADE
VIC1,2025-10-26 01:30:00,4141.78,19.18,TRADE
VIC1,2025-10-26 01:35:00,4154.2,38.69,TRADE
VIC1,2025-10-26 01:40:00,4084.51,30.97,TRADE
VIC1,2025-10-26 01:45:00,4089.05,19.18,TRADE
VIC1,2025-10-26 01:50:00,4074.64,19.18,TRADE
VIC1,2025-10-26 01:55:00,4030.95,19.18,TRADE
VIC1,2025-10-26 02:00:00,3998.19,37.45,TRADE
VIC1,2025-10-26 02:05:00,4009.25,38.69,TRADE
VIC1,2025-10-26 02:10:00,4010.41,28.44,TRADE
VIC1,2025-10-26 02:15:00,4008.99,30.06,TRADE
VIC1,2025-10-26 02:20:00,3996.49,38.69,TRADE
VIC1,2025-10-26 02:25:00,3958.25,19.18,TRADE
VIC1,2025-10-26 02:30:00,3970.17,19.18,TRADE
VIC1,2025-10-26 02:35:00,3965.73,31.51,TRADE
VIC1,2025-10-26 02:40:00,3923.09,19.18,TRADE
VIC1,2025-10-26 02:45:00,3926.5,19.18,TRADE
VIC1,2025-10-26 02:50:00,3915.3,19.18,TRADE
VIC1,2025-10-26 02:55:00,3872.72,19.18,TRADE
VIC1,2025-10-26 03:00:00,3890.04,8.95,TRADE
VIC1,2025-10-26 03:05:00,3879.55,28.74,TRADE
VIC1,2025-10-26 03:10:00,3868.63,31.57,TRADE
VIC1,2025-10-26 03:15:00,3872.51,35.5,TRADE
VIC1,2025-10-26 03:20:00,3863.62,9.69,TRADE
VIC1,2025-10-26 03:25:00,3895.54,19.18,TRADE
VIC1,2025-10-26 03:30:00,3898.75,19.18,TRADE
VIC1,2025-10-26 03:35:00,3894.28,19.18,TRADE
VIC1,2025-10-26 03:40:00,3927.23,31.64,TRADE
VIC1,2025-10-26 03:45:00,3907.34,19.18,TRADE
VIC1,2025-10-26 03:50:00,3904.83,19.18,TRADE
VIC1,2025-10-26 03:55:00,3889.99,19.18,TRADE
VIC1,2025-10-26 04:00:00,3875.7,19.18,TRADE
VIC1,2025-10-26 04:05:00,3884.9,17.02,TRADE
VIC1,2025-10-26 04:10:00,3923.39,8.95,TRADE
VIC1,2025-10-26 04:15:00,3942.93,9.69,TRADE
VIC1,2025-10-26 04:20:00,3951.49,9.69,TRADE
VIC1,2025-10-26 04:25:00,3945.12,8.95,TRADE
VIC1,2025-10-26 04:30:00,3943.45,9.69,TRADE
VIC1,2025-10-26 04:35:00,3975.24,9.69,TRADE
VIC1,2025-10-26 04:40:00,3973.63,8.95,TRADE
VIC1,2025-10-26 04:45:00,4018.35,22.25,TRADE
VIC1,2025-10-26 04:50:00,3975.28,38.69,TRADE
VIC1,2025-10-26 04:55:00,3972.74,38.69,TRADE
VIC1,2025-10-26 05:00:00,3994.55,38.69,TRADE
VIC1,2025-10-26 05:05:00,4033.22,39.89,TRADE
VIC1,2025-10-26 05:10:00,4035.81,48.32,TRADE
VIC1,2025-10-26 05:15:00,4070.92,48.68,TRADE
VIC1,2025-10-26 05:20:00,4108.26,48.98,TRADE
VIC1,2025-10-26 05:25:00,4110.18,49.06,TRADE
VIC1,2025-10-26 05:30:00,4109.18,49.13,TRADE
VIC1,2025-10-26 05:35:00,4112.55,48.7,TRADE
VIC1,2025-10-26 05:40:00,4104.04,43.81,TRADE
VIC1,2025-10-26 05:45:00,4095.64,42.96,TRADE
VIC1,2025-10-26 05:50:00,4145.23,49.41,TRADE
VIC1,2025-10-26 05:55:00,4146.38,36.04,TRADE
VIC1,2025-10-26 06:00:00,4163.74,28.23,TRADE
VIC1,2025-10-26 06:05:00,4173.7,31.29,TRADE
VIC1,2025-10-26 06:10:00,4211.31,12.42,TRADE
VIC1,2025-10-26 06:15:00,4245.9,0.01,TRADE
VIC1,2025-10-26 06:20:00,4256.88,8.95,TRADE
VIC1,2025-10-26 06:25:00,4235.8,0.69,TRADE
VIC1,2025-10-26 06:30:00,4227.93,8.95,TRADE
VIC1,2025-10-26 06:35:00,4253.6,31.57,TRADE
VIC1,2025-10-26 06:40:00,4247.92,36.52,TRADE
VIC1,2025-10-26 06:45:00,4242.08,43.63,TRADE
VIC1,2025-10-26 06:50:00,4251.81,36.53,TRADE
VIC1,2025-10-26 06:55:00,4246.89,8.95,TRADE
VIC1,2025-10-26 07:00:00,4252.28,8.95,TRADE
VIC1,2025-10-26 07:05:00,4260.97,8.95,TRADE
VIC1,2025-10-26 07:10:00,4243.1,8.95,TRADE
VIC1,2025-10-26 07:15:00,4245.62,0.01,TRADE
VIC1,2025-10-26 07:20:00,4265.5,-3.84,TRADE
VIC1,2025-10-26 07:25:00,4261.4,-3.86,TRADE
VIC1,2025-10-26 07:30:00,4213.59,-6.5,TRADE
VIC1,2025-10-26 07:35:00,4229.26,0.0,TRADE
VIC1,2025-10-26 07:40:00,4213.8,32.23,TRADE
VIC1,2025-10-26 07:45:00,4166.8,20.04,TRADE
VIC1,2025-10-26 07:50:00,4235.65,0.0,TRADE
VIC1,2025-10-26 07:55:00,4234.87,0.0,TRADE
VIC1,2025-10-26 08:00:00,4247.93,0.0,TRADE
VIC1,2025-10-26 08:05:00,4272.28,0.0,TRADE
VIC1,2025-10-26 08:10:00,4361.63,32.0,TRADE
VIC1,2025-10-26 08:15:00,4364.86,40.57,TRADE
VIC1,2025-10-26 08:20:00,4437.83,0.0,TRADE
VIC1,2025-10-26 08:25:00,4513.31,17.89,TRADE
VIC1,2025-10-26 08:30:00,4519.99,40.52,TRADE
VIC1,2025-10-26 08:35:00,4505.64,43.65,TRADE
VIC1,2025-10-26 08:40:00,4499.85,9.69,TRADE
VIC1,2025-10-26 08:45:00,4550.67,0.42,TRADE
VIC1,2025-10-26 08:50:00,4571.46,0.06,TRADE
VIC1,2025-10-26 08:55:00,4593.42,0.06,TRADE
VIC1,2025-10-26 09:00:00,4706.66,-3.86,TRADE
VIC1,2025-10-26 09:05:00,4742.34,-3.86,TRADE
VIC1,2025-10-26 09:10:00,4810.57,0.06,TRADE
VIC1,2025-10-26 09:15:00,4882.95,20.0,TRADE
VIC1,2025-10-26 09:20:00,4881.68,8.95,TRADE
VIC1,2025-10-26 09:25:00,4899.75,8.95,TRADE
VIC1,2025-10-26 09:30:00,4966.93,8.95,TRADE
VIC1,2025-10-26 09:35:00,5017.0,42.68,TRADE
VIC1,2025-10-26 09:40:00,5038.13,36.14,TRADE
VIC1,2025-10-26 09:45:00,5024.37,60.0,TRADE
VIC1,2025-10-26 09:50:00,5071.48,21.69,TRADE
VIC1,2025-10-26 09:55:00,5117.38,0.0,TRADE
VIC1,2025-10-26 10:00:00,5122.7,0.06,TRADE
VIC1,2025-10-26 10:05:00,5166.6,19.18,TRADE
VIC1,2025-10-26 10:10:00,5255.01,0.0,TRADE
VIC1,2025-10-26 10:15:00,5307.97,-6.5,TRADE
VIC1,2025-10-26 10:20:00,5291.33,37.06,TRADE
VIC1,2025-10-26 10:25:00,5348.68,-2.56,TRADE
VIC1,2025-10-26 10:30:00,5329.75,-6.5,TRADE
VIC1,2025-10-26 10:35:00,5371.38,35.53,TRADE
VIC1,2025-10-26 10:40:00,5390.21,-6.5,TRADE
VIC1,2025-10-26 10:45:00,5377.39,-6.5,TRADE
VIC1,2025-10-26 10:50:00,5392.09,-3.86,TRADE
VIC1,2025-10-26 10:55:00,5368.68,-6.5,TRADE
VIC1,2025-10-26 11:00:00,5418.21,0.0,TRADE
VIC1,2025-10-26 11:05:00,5391.09,40.68,TRADE
VIC1,2025-10-26 11:10:00,5439.16,116.67,TRADE
VIC1,2025-10-26 11:15:00,5399.34,66.85,TRADE
VIC1,2025-10-26 11:20:00,5433.53,106.3,TRADE
VIC1,2025-10-26 11:25:00,5445.79,104.33,TRADE
VIC1,2025-10-26 11:30:00,5459.25,77.62,TRADE
VIC1,2025-10-26 11:35:00,5458.61,80.68,TRADE
VIC1,2025-10-26 11:40:00,5383.22,73.63,TRADE
VIC1,2025-10-26 11:45:00,5349.46,35.94,TRADE
VIC1,2025-10-26 11:50:00,5315.86,20.48,TRADE
VIC1,2025-10-26 11:55:00,5266.35,20.04,TRADE
VIC1,2025-10-26 12:00:00,5240.1,0.0,TRADE
VIC1,2025-10-26 12:05:00,5285.95,31.37,TRADE
VIC1,2025-10-26 12:10:00,5196.25,20.04,TRADE
VIC1,2025-10-26 12:15:00,5118.52,0.0,TRADE
VIC1,2025-10-26 12:20:00,5133.01,0.0,TRADE
VIC1,2025-10-26 12:25:00,5086.61,0.0,TRADE
VIC1,2025-10-26 12:30:00,5081.67,8.95,TRADE
VIC1,2025-10-26 12:35:00,5053.34,8.95,TRADE
VIC1,2025-10-26 12:40:00,4897.14,-10.23,TRADE
VIC1,2025-10-26 12:45:00,4974.11,0.69,TRADE
VIC1,2025-10-26 12:50:00,4868.12,-0.38,TRADE
VIC1,2025-10-26 12:55:00,4830.2,20.12,TRADE
VIC1,2025-10-26 13:00:00,4698.11,-6.5,TRADE
VIC1,2025-10-26 13:05:00,4621.91,-17.19,TRADE
VIC1,2025-10-26 13:10:00,4580.24,5.25,TRADE
VIC1,2025-10-26 13:15:00,4388.95,-6.5,TRADE
VIC1,2025-10-26 13:20:00,4254.36,-8.38,TRADE
VIC1,2025-10-26 13:25:00,4181.55,-6.5,TRADE
VIC1,2025-10-26 13:30:00,4087.05,-19.93,TRADE
VIC1,2025-10-26 13:35:00,4096.5,-26.84,TRADE
VIC1,2025-10-26 13:40:00,4056.4,-66.31,TRADE
VIC1,2025-10-26 13:45:00,3958.65,-33.67,TRADE
VIC1,2025-10-26 13:50:00,3796.86,-41.76,TRADE
VIC1,2025-10-26 13:55:00,3721.08,-40.39,TRADE
VIC1,2025-10-26 14:00:00,3659.45,-20.37,TRADE
VIC1,2025-10-26 14:05:00,3612.25,-19.99,TRADE
VIC1,2025-10-26 14:10:00,3579.6,-81.98,TRADE
VIC1,2025-10-26 14:15:00,3778.99,-20.99,TRADE
VIC1,2025-10-26 14:20:00,3740.56,-19.93,TRADE
VIC1,2025-10-26 14:25:00,3669.15,-47.67,TRADE
VIC1,2025-10-26 14:30:00,3565.38,-56.34,TRADE
VIC1,2025-10-26 14:35:00,3543.61,-59.46,TRADE
VIC1,2025-10-26 14:40:00,3517.32,-17.61,TRADE
VIC1,2025-10-26 14:45:00,3460.0,-34.79,TRADE
VIC1,2025-10-26 14:50:00,3538.35,-62.95,TRADE
VIC1,2025-10-26 14:55:00,3732.74,-61.39,TRADE
VIC1,2025-10-26 15:00:00,3929.66,-46.94,TRADE
VIC1,2025-10-26 15:05:00,4143.89,-33.37,TRADE
VIC1,2025-10-26 15:10:00,4207.03,-36.17,TRADE
VIC1,2025-10-26 15:15:00,4345.84,-39.14,TRADE
VIC1,2025-10-26 15:20:00,4510.19,-6.5,TRADE
VIC1,2025-10-26 15:25:00,4485.43,-6.5,TRADE
VIC1,2025-10-26 15:30:00,4516.4,-10.69,TRADE
VIC1,2025-10-26 15:35:00,4598.4,-50.22,TRADE
VIC1,2025-10-26 15:40:00,4645.24,-35.54,TRADE
VIC1,2025-10-26 15:45:00,4580.12,-50.22,TRADE
VIC1,2025-10-26 15:50:00,4570.19,-31.12,TRADE
VIC1,2025-10-26 15:55:00,4458.2,-50.22,TRADE
VIC1,2025-10-26 16:00:00,4425.71,-50.22,TRADE
VIC1,2025-10-26 16:05:00,4358.36,-59.46,TRADE
VIC1,2025-10-26 16:10:00,4379.79,-24.79,TRADE
VIC1,2025-10-26 16:15:00,4452.29,-11.4,TRADE
VIC1,2025-10-26 16:20:00,4414.93,-15.58,TRADE
VIC1,2025-10-26 16:25:00,4480.27,-49.54,TRADE
VIC1,2025-10-26 16:30:00,4527.13,-50.22,TRADE
VIC1,2025-10-26 16:35:00,4520.24,-23.74,TRADE
VIC1,2025-10-26 16:40:00,4539.16,-22.86,TRADE
VIC1,2025-10-26 16:45:00,4626.11,-19.93,TRADE
VIC1,2025-10-26 16:50:00,4646.52,-19.93,TRADE
VIC1,2025-10-26 16:55:00,4684.46,-19.93,TRADE
VIC1,2025-10-26 17:00:00,4675.25,-13.66,TRADE
VIC1,2025-10-26 17:05:00,4669.33,-41.45,TRADE
VIC1,2025-10-26 17:10:00,4738.27,-6.5,TRADE
VIC1,2025-10-26 17:15:00,4681.51,-49.32,TRADE
VIC1,2025-10-26 17:20:00,4726.74,-49.38,TRADE
VIC1,2025-10-26 17:25:00,4775.12,-25.2,TRADE
VIC1,2025-10-26 17:30:00,4767.44,-19.93,TRADE
VIC1,2025-10-26 17:35:00,4815.25,-8.19,TRADE
VIC1,2025-10-26 17:40:00,4824.12,46.74,TRADE
VIC1,2025-10-26 17:45:00,4861.61,8.95,TRADE
VIC1,2025-10-26 17:50:00,4943.7,0.0,TRADE
VIC1,2025-10-26 17:55:00,5005.08,51.2,TRADE
VIC1,2025-10-26 18:00:00,5025.2,14.7,TRADE
VIC1,2025-10-26 18:05:00,5049.92,40.44,TRADE
VIC1,2025-10-26 18:10:00,5094.3,60.0,TRADE
VIC1,2025-10-26 18:15:00,5084.92,8.95,TRADE
VIC1,2025-10-26 18:20:00,5179.63,60.0,TRADE
VIC1,2025-10-26 18:25:00,5176.92,67.0,TRADE
VIC1,2025-10-26 18:30:00,5212.26,67.0,TRADE
VIC1,2025-10-26 18:35:00,5223.3,9.94,TRADE
VIC1,2025-10-26 18:40:00,5189.24,8.95,TRADE
VIC1,2025-10-26 18:45:00,5246.64,8.95,TRADE
VIC1,2025-10-26 18:50:00,5276.96,38.53,TRADE
VIC1,2025-10-26 18:55:00,5261.47,8.95,TRADE
VIC1,2025-10-26 19:00:00,5300.67,8.95,TRADE
VIC1,2025-10-26 19:05:00,5253.19,8.95,TRADE
VIC1,2025-10-26 19:10:00,5278.13,8.95,TRADE
VIC1,2025-10-26 19:15:00,5291.77,8.95,TRADE
VIC1,2025-10-26 19:20:00,5318.6,8.95,TRADE
VIC1,2025-10-26 19:25:00,5314.57,8.95,TRADE
VIC1,2025-10-26 19:30:00,5313.98,8.95,TRADE
VIC1,2025-10-26 19:35:00,5269.14,9.69,TRADE
VIC1,2025-10-26 19:40:00,5283.25,31.85,TRADE
VIC1,2025-10-26 19:45:00,5272.23,8.95,TRADE
VIC1,2025-10-26 19:50:00,5261.74,18.49,TRADE
VIC1,2025-10-26 19:55:00,5195.63,22.27,TRADE
VIC1,2025-10-26 20:00:00,5180.66,25.81,TRADE
VIC1,2025-10-26 20:05:00,5160.91,21.59,TRADE
VIC1,2025-10-26 20:10:00,5119.51,8.95,TRADE
VIC1,2025-10-26 20:15:00,5111.39,8.95,TRADE
VIC1,2025-10-26 20:20:00,5062.83,0.01,TRADE
VIC1,2025-10-26 20:25:00,5015.78,8.95,TRADE
VIC1,2025-10-26 20:30:00,5019.25,8.95,TRADE
VIC1,2025-10-26 20:35:00,4978.28,38.48,TRADE
VIC1,2025-10-26 20:40:00,4976.79,8.95,TRADE
VIC1,2025-10-26 20:45:00,4920.5,8.95,TRADE
VIC1,2025-10-26 20:50:00,4926.58,34.49,TRADE
VIC1,2025-10-26 20:55:00,4869.79,8.95,TRADE
VIC1,2025-10-26 21:00:00,4820.64,7.95,TRADE
VIC1,2025-10-26 21:05:00,4736.47,8.95,TRADE
VIC1,2025-10-26 21:10:00,4710.3,8.95,TRADE
VIC1,2025-10-26 21:15:00,4656.85,0.01,TRADE
VIC1,2025-10-26 21:20:00,4653.87,9.76,TRADE
VIC1,2025-10-26 21:25:00,4603.9,8.95,TRADE
VIC1,2025-10-26 21:30:00,4613.73,35.53,TRADE
VIC1,2025-10-26 21:35:00,4565.77,8.95,TRADE
VIC1,2025-10-26 21:40:00,4547.61,8.95,TRADE
VIC1,2025-10-26 21:45:00,4440.71,5.2,TRADE
VIC1,2025-10-26 21:50:00,4451.24,29.27,TRADE
VIC1,2025-10-26 21:55:00,4386.04,25.12,TRADE
VIC1,2025-10-26 22:00:00,4367.71,8.95,TRADE
VIC1,2025-10-26 22:05:00,4332.06,4.96,TRADE
VIC1,2025-10-26 22:10:00,4372.61,36.42,TRADE
VIC1,2025-10-26 22:15:00,4332.23,35.53,TRADE
VIC1,2025-10-26 22:20:00,4343.37,35.74,TRADE
VIC1,2025-10-26 22:25:00,4330.06,42.63,TRADE
VIC1,2025-10-26 22:30:00,4333.19,26.28,TRADE
VIC1,2025-10-26 22:35:00,4334.59,8.95,TRADE
VIC1,2025-10-26 22:40:00,4304.15,21.57,TRADE
VIC1,2025-10-26 22:45:00,4313.96,35.41,TRADE
VIC1,2025-10-26 22:50:00,4230.32,35.47,TRADE
VIC1,2025-10-26 22:55:00,4185.56,8.95,TRADE
VIC1,2025-10-26 23:00:00,4212.68,8.95,TRADE
VIC1,2025-10-26 23:05:00,4234.36,8.95,TRADE
VIC1,2025-10-26 23:10:00,4382.07,8.95,TRADE
VIC1,2025-10-26 23:15:00,4433.99,8.95,TRADE
VIC1,2025-10-26 23:20:00,4376.06,8.95,TRADE
VIC1,2025-10-26 23:25:00,4422.39,8.95,TRADE
VIC1,2025-10-26 23:30:00,4417.56,0.01,TRADE
VIC1,2025-10-26 23:35:00,4437.54,6.91,TRADE
VIC1,2025-10-26 23:40:00,4375.93,8.95,TRADE
VIC1,2025-10-26 23:45:00,4356.31,8.95,TRADE
VIC1,2025-10-26 23:50:00,4327.62,8.95,TRADE
VIC1,2025-10-26 23:55:00,4326.92,8.95,TRADE
VIC1,2025-11-01 00:00:00,4650.54,106.1,TRADE
VIC1,2025-11-01 00:05:00,4634.39,108.42,TRADE
VIC1,2025-11-01 00:10:00,4595.63,120.8,TRADE
VIC1,2025-11-01 00:15:00,4562.92,125.17,TRADE
VIC1,2025-11-01 00:20:00,4535.05,98.7,TRADE
VIC1,2025-11-01 00:25:00,4533.62,105.3,TRADE
VIC1,2025-11-01 00:30:00,4518.28,120.0,TRADE
VIC1,2025-11-01 00:35:00,4513.62,120.8,TRADE
VIC1,2025-11-01 00:40:00,4474.26,146.11,TRADE
VIC1,2025-11-01 00:45:00,4438.14,120.0,TRADE
VIC1,2025-11-01 00:50:00,4439.48,120.8,TRADE
VIC1,2025-11-01 00:55:00,4396.56,147.16,TRADE
VIC1,2025-11-01 01:00:00,4365.58,120.0,TRADE
VIC1,2025-11-01 01:05:00,4386.07,107.09,TRADE
VIC1,2025-11-01 01:10:00,4353.85,102.0,TRADE
VIC1,2025-11-01 01:15:00,4361.66,100.68,TRADE
VIC1,2025-11-01 01:20:00,4333.36,101.97,TRADE
VIC1,2025-11-01 01:25:00,4314.83,99.9,TRADE
VIC1,2025-11-01 01:30:00,4329.61,101.3,TRADE
VIC1,2025-11-01 01:35:00,4298.62,102.03,TRADE
VIC1,2025-11-01 01:40:00,4299.82,105.16,TRADE
VIC1,2025-11-01 01:45:00,4259.89,97.62,TRADE
VIC1,2025-11-01 01:50:00,4238.23,105.1,TRADE
VIC1,2025-11-01 01:55:00,4211.46,99.74,TRADE
VIC1,2025-11-01 02:00:00,4208.74,111.01,TRADE
VIC1,2025-11-01 02:05:00,4180.29,112.99,TRADE
VIC1,2025-11-01 02:10:00,4171.28,116.53,TRADE
VIC1,2025-11-01 02:15:00,4157.34,114.87,TRADE
VIC1,2025-11-01 02:20:00,4150.9,107.0,TRADE
VIC1,2025-11-01 02:25:00,4145.83,106.44,TRADE
VIC1,2025-11-01 02:30:00,4140.76,98.81,TRADE
VIC1,2025-11-01 02:35:00,4105.97,97.0,TRADE
VIC1,2025-11-01 02:40:00,4092.94,97.0,TRADE
VIC1,2025-11-01 02:45:00,4078.24,97.0,TRADE
VIC1,2025-11-01 02:50:00,4055.01,97.0,TRADE
VIC1,2025-11-01 02:55:00,4053.47,97.0,TRADE
VIC1,2025-11-01 03:00:00,4050.11,97.0,TRADE
VIC1,2025-11-01 03:05:00,4057.38,97.0,TRADE
VIC1,2025-11-01 03:10:00,4109.93,97.51,TRADE
VIC1,2025-11-01 03:15:00,4098.09,99.56,TRADE
VIC1,2025-11-01 03:20:00,4097.04,97.0,TRADE
VIC1,2025-11-01 03:25:00,4036.27,95.79,TRADE
VIC1,2025-11-01 03:30:00,4129.07,97.0,TRADE
VIC1,2025-11-01 03:35:00,4116.46,80.0,TRADE
VIC1,2025-11-01 03:40:00,4139.7,97.0,TRADE
VIC1,2025-11-01 03:45:00,4121.14,89.7,TRADE
VIC1,2025-11-01 03:50:00,4080.81,80.0,TRADE
VIC1,2025-11-01 03:55:00,4085.93,80.0,TRADE
VIC1,2025-11-01 04:00:00,4095.44,80.0,TRADE
VIC1,2025-11-01 04:05:00,4072.74,80.0,TRADE
VIC1,2025-11-01 04:10:00,4120.51,80.0,TRADE
VIC1,2025-11-01 04:15:00,4120.64,80.0,TRADE
VIC1,2025-11-01 04:20:00,4139.71,100.17,TRADE
VIC1,2025-11-01 04:25:00,4131.64,92.02,TRADE
VIC1,2025-11-01 04:30:00,4131.2,80.0,TRADE
VIC1,2025-11-01 04:35:00,4147.27,80.0,TRADE
VIC1,2025-11-01 04:40:00,4155.2,91.06,TRADE
VIC1,2025-11-01 04:45:00,4170.36,102.21,TRADE
VIC1,2025-11-01 04:50:00,4183.48,80.0,TRADE
VIC1,2025-11-01 04:55:00,4192.49,98.44,TRADE
VIC1,2025-11-01 05:00:00,4219.78,80.0,TRADE
VIC1,2025-11-01 05:05:00,4228.87,89.69,TRADE
VIC1,2025-11-01 05:10:00,4297.14,92.77,TRADE
VIC1,2025-11-01 05:15:00,4344.3,97.0,TRADE
VIC1,2025-11-01 05:20:00,4328.96,108.6,TRADE
VIC1,2025-11-01 05:25:00,4292.09,97.76,TRADE
VIC1,2025-11-01 05:30:00,4378.11,97.0,TRADE
VIC1,2025-11-01 05:35:00,4387.51,97.0,TRADE
VIC1,2025-11-01 05:40:00,4368.61,108.75,TRADE
VIC1,2025-11-01 05:45:00,4353.16,97.0,TRADE
VIC1,2025-11-01 05:50:00,4326.16,97.0,TRADE
VIC1,2025-11-01 05:55:00,4338.33,80.0,TRADE
VIC1,2025-11-01 06:00:00,4350.89,76.82,TRADE
VIC1,2025-11-01 06:05:00,4345.71,56.8,TRADE
VIC1,2025-11-01 06:10:00,4452.2,79.77,TRADE
VIC1,2025-11-01 06:15:00,4427.63,30.89,TRADE
VIC1,2025-11-01 06:20:00,4390.03,45.24,TRADE
VIC1,2025-11-01 06:25:00,4447.31,64.19,TRADE
VIC1,2025-11-01 06:30:00,4411.13,9.0,TRADE
VIC1,2025-11-01 06:35:00,4424.41,37.01,TRADE
VIC1,2025-11-01 06:40:00,4413.63,29.43,TRADE
VIC1,2025-11-01 06:45:00,4348.96,9.0,TRADE
VIC1,2025-11-01 06:50:00,4315.17,8.17,TRADE
VIC1,2025-11-01 06:55:00,4344.69,0.0,TRADE
VIC1,2025-11-01 07:00:00,4333.03,7.19,TRADE
VIC1,2025-11-01 07:05:00,4347.39,8.95,TRADE
VIC1,2025-11-01 07:10:00,4295.08,6.54,TRADE
VIC1,2025-11-01 07:15:00,4314.97,8.95,TRADE
VIC1,2025-11-01 07:20:00,4288.64,8.95,TRADE
VIC1,2025-11-01 07:25:00,4286.19,8.95,TRADE
VIC1,2025-11-01 07:30:00,4185.52,7.21,TRADE
VIC1,2025-11-01 07:35:00,4174.18,8.95,TRADE
VIC1,2025-11-01 07:40:00,4238.73,8.95,TRADE
VIC1,2025-11-01 07:45:00,4169.28,7.96,TRADE
VIC1,2025-11-01 07:50:00,4122.67,8.95,TRADE
VIC1,2025-11-01 07:55:00,4077.11,0.81,TRADE
VIC1,2025-11-01 08:00:00,4043.58,8.95,TRADE
VIC1,2025-11-01 08:05:00,4000.65,-4.09,TRADE
VIC1,2025-11-01 08:10:00,3924.24,8.95,TRADE
VIC1,2025-11-01 08:15:00,3887.07,8.95,TRADE
VIC1,2025-11-01 08:20:00,3891.7,25.69,TRADE
VIC1,2025-11-01 08:25:00,3840.96,-0.31,TRADE
VIC1,2025-11-01 08:30:00,3686.96,-0.47,TRADE
VIC1,2025-11-01 08:35:00,3678.05,-14.63,TRADE
VIC1,2025-11-01 08:40:00,3671.18,-6.56,TRADE
VIC1,2025-11-01 08:45:00,3560.18,-3.56,TRADE
VIC1,2025-11-01 08:50:00,3478.25,-10.92,TRADE
VIC1,2025-11-01 08:55:00,3361.63,-14.78,TRADE
VIC1,2025-11-01 09:00:00,3358.17,9.0,TRADE
VIC1,2025-11-01 09:05:00,3249.57,-12.85,TRADE
VIC1,2025-11-01 09:10:00,3313.09,6.38,TRADE
VIC1,2025-11-01 09:15:00,3165.64,-6.9,TRADE
VIC1,2025-11-01 09:20:00,3144.14,-11.91,TRADE
VIC1,2025-11-01 09:25:00,3088.08,-9.09,TRADE
VIC1,2025-11-01 09:30:00,3004.91,-7.51,TRADE
VIC1,2025-11-01 09:35:00,2922.59,-11.0,TRADE
VIC1,2025-11-01 09:40:00,2759.03,-12.88,TRADE
VIC1,2025-11-01 09:45:00,2754.29,0.69,TRADE
VIC1,2025-11-01 09:50:00,2659.96,0.46,TRADE
VIC1,2025-11-01 09:55:00,2625.83,-12.87,TRADE
VIC1,2025-11-01 10:00:00,2652.29,-0.23,TRADE
VIC1,2025-11-01 10:05:00,2549.47,-6.88,TRADE
VIC1,2025-11-01 10:10:00,2457.22,-11.3,TRADE
VIC1,2025-11-01 10:15:00,2501.59,-11.15,TRADE
VIC1,2025-11-01 10:20:00,2521.77,-14.74,TRADE
VIC1,2025-11-01 10:25:00,2537.78,-20.37,TRADE
VIC1,2025-11-01 10:30:00,2470.38,-20.37,TRADE
VIC1,2025-11-01 10:35:00,2375.34,-20.37,TRADE
VIC1,2025-11-01 10:40:00,2342.88,-26.98,TRADE
VIC1,2025-11-01 10:45:00,2310.99,-22.38,TRADE
VIC1,2025-11-01 10:50:00,2286.48,-22.37,TRADE
VIC1,2025-11-01 10:55:00,2279.66,-19.9,TRADE
VIC1,2025-11-01 11:00:00,2263.34,-18.39,TRADE
VIC1,2025-11-01 11:05:00,2247.53,-18.48,TRADE
VIC1,2025-11-01 11:10:00,2182.95,-19.9,TRADE
VIC1,2025-11-01 11:15:00,2129.86,-19.9,TRADE
VIC1,2025-11-01 11:20:00,2095.88,-28.34,TRADE
VIC1,2025-11-01 11:25:00,2078.07,-31.52,TRADE
VIC1,2025-11-01 11:30:00,1983.29,-31.5,TRADE
VIC1,2025-11-01 11:35:00,1986.68,-39.48,TRADE
VIC1,2025-11-01 11:40:00,1991.08,-21.14,TRADE
VIC1,2025-11-01 11:45:00,1967.22,-33.67,TRADE
VIC1,2025-11-01 11:50:00,1861.81,-40.49,TRADE
VIC1,2025-11-01 11:55:00,1921.88,-44.71,TRADE
VIC1,2025-11-01 12:00:00,1908.19,-42.44,TRADE
VIC1,2025-11-01 12:05:00,1837.94,-33.67,TRADE
VIC1,2025-11-01 12:10:00,1739.83,-36.05,TRADE
VIC1,2025-11-01 12:15:00,1747.76,-41.37,TRADE
VIC1,2025-11-01 12:20:00,1719.79,-49.25,TRADE
VIC1,2025-11-01 12:25:00,1741.41,-40.03,TRADE
VIC1,2025-11-01 12:30:00,1710.3,-49.12,TRADE
VIC1,2025-11-01 12:35:00,1799.66,-43.46,TRADE
VIC1,2025-11-01 12:40:00,1719.89,-42.35,TRADE
VIC1,2025-11-01 12:45:00,1713.38,-44.78,TRADE
VIC1,2025-11-01 12:50:00,1755.05,-49.37,TRADE
VIC1,2025-11-01 12:55:00,1815.51,-42.35,TRADE
VIC1,2025-11-01 13:00:00,1773.46,-47.79,TRADE
VIC1,2025-11-01 13:05:00,1788.35,-62.46,TRADE
VIC1,2025-11-01 13:10:00,1809.75,-47.69,TRADE
VIC1,2025-11-01 13:15:00,1826.0,-57.41,TRADE
VIC1,2025-11-01 13:20:00,1868.84,-50.01,TRADE
VIC1,2025-11-01 13:25:00,1831.74,-47.21,TRADE
VIC1,2025-11-01 13:30:00,1875.25,-59.8,TRADE
VIC1,2025-11-01 13:35:00,1806.52,-56.17,TRADE
VIC1,2025-11-01 13:40:00,1897.27,-44.29,TRADE
VIC1,2025-11-01 13:45:00,1844.02,-69.04,TRADE
VIC1,2025-11-01 13:50:00,1985.57,-43.04,TRADE
VIC1,2025-11-01 13:55:00,1906.01,-43.38,TRADE
VIC1,2025-11-01 14:00:00,1924.37,-58.02,TRADE
VIC1,2025-11-01 14:05:00,2038.05,-57.72,TRADE
VIC1,2025-11-01 14:10:00,2049.7,-44.41,TRADE
VIC1,2025-11-01 14:15:00,2046.22,-60.74,TRADE
VIC1,2025-11-01 14:20:00,2118.47,-43.04,TRADE
VIC1,2025-11-01 14:25:00,2106.13,-43.38,TRADE
VIC1,2025-11-01 14:30:00,2127.93,-42.93,TRADE
VIC1,2025-11-01 14:35:00,2197.78,-42.75,TRADE
VIC1,2025-11-01 14:40:00,2202.62,-44.75,TRADE
VIC1,2025-11-01 14:45:00,2311.29,-34.3,TRADE
VIC1,2025-11-01 14:50:00,2360.71,-27.28,TRADE
VIC1,2025-11-01 14:55:00,2406.17,-27.27,TRADE
VIC1,2025-11-01 15:00:00,2434.63,-18.93,TRADE
VIC1,2025-11-01 15:05:00,2501.95,-26.66,TRADE
VIC1,2025-11-01 15:10:00,2506.41,-26.53,TRADE
VIC1,2025-11-01 15:15:00,2609.09,-30.5,TRADE
VIC1,2025-11-01 15:20:00,2729.7,-26.92,TRADE
VIC1,2025-11-01 15:25:00,2825.97,-16.92,TRADE
VIC1,2025-11-01 15:30:00,2857.97,-16.92,TRADE
VIC1,2025-11-01 15:35:00,2927.11,-15.83,TRADE
VIC1,2025-11-01 15:40:00,3005.29,-16.34,TRADE
VIC1,2025-11-01 15:45:00,3098.83,-14.47,TRADE
VIC1,2025-11-01 15:50:00,3111.92,-12.83,TRADE
VIC1,2025-11-01 15:55:00,3160.18,-9.66,TRADE
VIC1,2025-11-01 16:00:00,3245.15,-11.25,TRADE
VIC1,2025-11-01 16:05:00,3370.02,0.15,TRADE
VIC1,2025-11-01 16:10:00,3357.58,-3.56,TRADE
VIC1,2025-11-01 16:15:00,3404.3,-12.17,TRADE
VIC1,2025-11-01 16:20:00,3576.32,-9.17,TRADE
VIC1,2025-11-01 16:25:00,3580.29,-3.53,TRADE
VIC1,2025-11-01 16:30:00,3646.53,30.1,TRADE
VIC1,2025-11-01 16:35:00,3734.03,8.95,TRADE
VIC1,2025-11-01 16:40:00,3734.59,8.95,TRADE
VIC1,2025-11-01 16:45:00,3810.33,51.11,TRADE
VIC1,2025-11-01 16:50:00,3951.72,54.26,TRADE
VIC1,2025-11-01 16:55:00,4066.75,68.6,TRADE
VIC1,2025-11-01 17:00:00,4069.65,68.35,TRADE
VIC1,2025-11-01 17:05:00,4246.48,74.97,TRADE
VIC1,2025-11-01 17:10:00,4307.4,72.96,TRADE
VIC1,2025-11-01 17:15:00,4376.09,80.76,TRADE
VIC1,2025-11-01 17:20:00,4475.04,92.82,TRADE
VIC1,2025-11-01 17:25:00,4455.17,97.0,TRADE
VIC1,2025-11-01 17:30:00,4542.78,89.69,TRADE
VIC1,2025-11-01 17:35:00,4643.28,97.0,TRADE
VIC1,2025-11-01 17:40:00,4692.37,104.03,TRADE
VIC1,2025-11-01 17:45:00,4699.33,104.03,TRADE
VIC1,2025-11-01 17:50:00,4813.66,109.29,TRADE
VIC1,2025-11-01 17:55:00,4842.04,109.55,TRADE
VIC1,2025-11-01 18:00:00,4906.3,118.69,TRADE
VIC1,2025-11-01 18:05:00,4891.66,113.9,TRADE
VIC1,2025-11-01 18:10:00,4977.2,115.0,TRADE
VIC1,2025-11-01 18:15:00,4930.08,118.69,TRADE
VIC1,2025-11-01 18:20:00,5024.44,120.0,TRADE
VIC1,2025-11-01 18:25:00,5046.33,121.93,TRADE
VIC1,2025-11-01 18:30:00,5007.17,122.86,TRADE
VIC1,2025-11-01 18:35:00,5067.14,141.94,TRADE
VIC1,2025-11-01 18:40:00,5096.9,141.04,TRADE
VIC1,2025-11-01 18:45:00,5088.37,127.15,TRADE
VIC1,2025-11-01 18:50:00,5099.91,118.69,TRADE
VIC1,2025-11-01 18:55:00,5063.45,120.38,TRADE
VIC1,2025-11-01 19:00:00,5082.01,118.69,TRADE
VIC1,2025-11-01 19:05:00,5047.03,118.69,TRADE
VIC1,2025-11-01 19:10:00,5158.77,118.69,TRADE
VIC1,2025-11-01 19:15:00,5049.66,109.55,TRADE
VIC1,2025-11-01 19:20:00,5113.61,109.55,TRADE
VIC1,2025-11-01 19:25:00,5127.0,111.85,TRADE
VIC1,2025-11-01 19:30:00,5105.86,109.55,TRADE
VIC1,2025-11-01 19:35:00,5123.51,105.06,TRADE
VIC1,2025-11-01 19:40:00,5062.58,100.06,TRADE
VIC1,2025-11-01 19:45:00,5013.56,115.0,TRADE
VIC1,2025-11-01 19:50:00,5084.19,103.79,TRADE
VIC1,2025-11-01 19:55:00,5075.34,105.89,TRADE
VIC1,2025-11-01 20:00:00,5048.19,97.0,TRADE
VIC1,2025-11-01 20:05:00,5006.14,90.23,TRADE
VIC1,2025-11-01 20:10:00,5023.71,97.82,TRADE
VIC1,2025-11-01 20:15:00,4972.02,92.12,TRADE
VIC1,2025-11-01 20:20:00,4936.25,97.0,TRADE
VIC1,2025-11-01 20:25:00,4841.49,86.64,TRADE
VIC1,2025-11-01 20:30:00,4875.76,80.0,TRADE
VIC1,2025-11-01 20:35:00,4871.5,91.69,TRADE
VIC1,2025-11-01 20:40:00,4827.71,104.97,TRADE
VIC1,2025-11-01 20:45:00,4771.44,96.99,TRADE
VIC1,2025-11-01 20:50:00,4783.87,91.69,TRADE
VIC1,2025-11-01 20:55:00,4773.68,94.93,TRADE
VIC1,2025-11-01 21:00:00,4688.04,74.41,TRADE
VIC1,2025-11-01 21:05:00,4701.52,80.0,TRADE
VIC1,2025-11-01 21:10:00,4664.75,80.0,TRADE
VIC1,2025-11-01 21:15:00,4735.08,81.71,TRADE
VIC1,2025-11-01 21:20:00,4631.15,80.0,TRADE
VIC1,2025-11-01 21:25:00,4641.97,82.5,TRADE
VIC1,2025-11-01 21:30:00,4664.49,120.0,TRADE
VIC1,2025-11-01 21:35:00,4656.22,100.12,TRADE
VIC1,2025-11-01 21:40:00,4630.17,105.06,TRADE
VIC1,2025-11-01 21:45:00,4573.02,120.0,TRADE
VIC1,2025-11-01 21:50:00,4573.89,107.03,TRADE
VIC1,2025-11-01 21:55:00,4555.43,103.65,TRADE
VIC1,2025-11-01 22:00:00,4502.99,97.96,TRADE
VIC1,2025-11-01 22:05:00,4421.46,99.57,TRADE
VIC1,2025-11-01 22:10:00,4521.53,98.49,TRADE
VIC1,2025-11-01 22:15:00,4537.47,100.67,TRADE
VIC1,2025-11-01 22:20:00,4435.93,98.44,TRADE
VIC1,2025-11-01 22:25:00,4508.84,99.19,TRADE
VIC1,2025-11-01 22:30:00,4516.59,91.69,TRADE
VIC1,2025-11-01 22:35:00,4506.77,97.0,TRADE
VIC1,2025-11-01 22:40:00,4402.72,91.69,TRADE
VIC1,2025-11-01 22:45:00,4385.94,84.61,TRADE
VIC1,2025-11-01 22:50:00,4415.05,73.57,TRADE
VIC1,2025-11-01 22:55:00,4388.73,71.4,TRADE
VIC1,2025-11-01 23:00:00,4354.25,69.37,TRADE
VIC1,2025-11-01 23:05:00,4410.44,68.96,TRADE
VIC1,2025-11-01 23:10:00,4578.3,75.29,TRADE
VIC1,2025-11-01 23:15:00,4606.31,70.61,TRADE
VIC1,2025-11-01 23:20:00,4586.87,70.7,TRADE
VIC1,2025-11-01 23:25:00,4572.57,71.22,TRADE
VIC1,2025-11-01 23:30:00,4559.84,71.81,TRADE
VIC1,2025-11-01 23:35:00,4559.14,72.41,TRADE
VIC1,2025-11-01 23:40:00,4488.28,71.97,TRADE
VIC1,2025-11-01 23:45:00,4539.43,72.48,TRADE
VIC1,2025-11-01 23:50:00,4509.82,73.53,TRADE
VIC1,2025-11-01 23:55:00,4460.32,72.49,TRADE
VIC1,2025-11-02 00:00:00,4370.94,69.32,TRADE
VIC1,2025-11-02 00:05:00,4448.81,71.96,TRADE
VIC1,2025-11-02 00:10:00,4323.37,70.36,TRADE
VIC1,2025-11-02 00:15:00,4314.3,71.51,TRADE
VIC1,2025-11-02 00:20:00,4290.25,71.08,TRADE
VIC1,2025-11-02 00:25:00,4310.97,69.12,TRADE
VIC1,2025-11-02 00:30:00,4236.65,57.57,TRADE
VIC1,2025-11-02 00:35:00,4251.52,63.78,TRADE
VIC1,2025-11-02 00:40:00,4253.7,70.08,TRADE
VIC1,2025-11-02 00:45:00,4197.63,57.63,TRADE
VIC1,2025-11-02 00:50:00,4179.03,55.03,TRADE
VIC1,2025-11-02 00:55:00,4109.4,54.49,TRADE
VIC1,2025-11-02 01:00:00,4106.8,46.45,TRADE
VIC1,2025-11-02 01:05:00,4161.27,51.91,TRADE
VIC1,2025-11-02 01:10:00,4141.42,48.01,TRADE
VIC1,2025-11-02 01:15:00,4125.3,12.87,TRADE
VIC1,2025-11-02 01:20:00,4109.79,39.15,TRADE
VIC1,2025-11-02 01:25:00,4095.83,47.28,TRADE
VIC1,2025-11-02 01:30:00,4066.88,8.95,TRADE
VIC1,2025-11-02 01:35:00,3986.63,8.95,TRADE
VIC1,2025-11-02 01:40:00,3956.83,8.95,TRADE
VIC1,2025-11-02 01:45:00,3995.4,11.26,TRADE
VIC1,2025-11-02 01:50:00,3995.51,8.95,TRADE
VIC1,2025-11-02 01:55:00,3953.37,8.95,TRADE
VIC1,2025-11-02 02:00:00,3913.2,8.95,TRADE
VIC1,2025-11-02 02:05:00,3897.18,8.95,TRADE
VIC1,2025-11-02 02:10:00,3905.28,20.51,TRADE
VIC1,2025-11-02 02:15:00,3875.45,15.26,TRADE
VIC1,2025-11-02 02:20:00,3803.48,47.78,TRADE
VIC1,2025-11-02 02:25:00,3875.67,65.28,TRADE
VIC1,2025-11-02 02:30:00,3860.8,53.76,TRADE
VIC1,2025-11-02 02:35:00,3861.91,65.51,TRADE
VIC1,2025-11-02 02:40:00,3841.9,55.37,TRADE
VIC1,2025-11-02 02:45:00,3854.72,61.82,TRADE
VIC1,2025-11-02 02:50:00,3835.32,67.44,TRADE
VIC1,2025-11-02 02:55:00,3783.34,66.58,TRADE
VIC1,2025-11-02 03:00:00,3785.6,68.91,TRADE
VIC1,2025-11-02 03:05:00,3765.39,68.38,TRADE
VIC1,2025-11-02 03:10:00,3795.41,70.23,TRADE
VIC1,2025-11-02 03:15:00,3779.64,69.3,TRADE
VIC1,2025-11-02 03:20:00,3778.16,68.78,TRADE
VIC1,2025-11-02 03:25:00,3828.55,69.85,TRADE
VIC1,2025-11-02 03:30:00,3843.25,73.01,TRADE
VIC1,2025-11-02 03:35:00,3775.3,70.27,TRADE
VIC1,2025-11-02 03:40:00,3846.3,83.66,TRADE
VIC1,2025-11-02 03:45:00,3846.8,70.34,TRADE
VIC1,2025-11-02 03:50:00,3835.15,69.26,TRADE
VIC1,2025-11-02 03:55:00,3851.02,69.26,TRADE
VIC1,2025-11-02 04:00:00,3761.68,68.25,TRADE
VIC1,2025-11-02 04:05:00,3790.38,69.51,TRADE
VIC1,2025-11-02 04:10:00,3836.19,69.23,TRADE
VIC1,2025-11-02 04:15:00,3896.97,69.3,TRADE
VIC1,2025-11-02 04:20:00,3867.6,66.73,TRADE
VIC1,2025-11-02 04:25:00,3870.92,56.26,TRADE
VIC1,2025-11-02 04:30:00,3881.29,48.04,TRADE
VIC1,2025-11-02 04:35:00,3866.29,47.37,TRADE
VIC1,2025-11-02 04:40:00,3804.64,9.0,TRADE
VIC1,2025-11-02 04:45:00,3809.95,8.95,TRADE
VIC1,2025-11-02 04:50:00,3847.36,8.95,TRADE
VIC1,2025-11-02 04:55:00,3834.67,8.34,TRADE
VIC1,2025-11-02 05:00:00,3826.51,0.0,TRADE
VIC1,2025-11-02 05:05:00,3818.65,0.0,TRADE
VIC1,2025-11-02 05:10:00,3825.83,0.0,TRADE
VIC1,2025-11-02 05:15:00,3812.82,0.0,TRADE
VIC1,2025-11-02 05:20:00,3830.99,0.0,TRADE
VIC1,2025-11-02 05:25:00,3725.55,-6.5,TRADE
VIC1,2025-11-02 05:30:00,3726.85,-6.5,TRADE
VIC1,2025-11-02 05:35:00,3720.49,-6.5,TRADE
VIC1,2025-11-02 05:40:00,3684.11,-6.85,TRADE
VIC1,2025-11-02 05:45:00,3763.62,-9.1,TRADE
VIC1,2025-11-02 05:50:00,3700.11,-10.87,TRADE
VIC1,2025-11-02 05:55:00,3748.13,-12.21,TRADE
VIC1,2025-11-02 06:00:00,3720.2,-12.29,TRADE
VIC1,2025-11-02 06:05:00,3782.41,-12.57,TRADE
VIC1,2025-11-02 06:10:00,3814.3,-12.69,TRADE
VIC1,2025-11-02 06:15:00,3706.03,-19.56,TRADE
VIC1,2025-11-02 06:20:00,3769.61,-19.93,TRADE
VIC1,2025-11-02 06:25:00,3746.94,-19.51,TRADE
VIC1,2025-11-02 06:30:00,3639.03,-19.15,TRADE
VIC1,2025-11-02 06:35:00,3651.17,-19.23,TRADE
VIC1,2025-11-02 06:40:00,3603.16,-19.93,TRADE
VIC1,2025-11-02 06:45:00,3568.59,-21.56,TRADE
VIC1,2025-11-02 06:50:00,3488.46,-22.57,TRADE
VIC1,2025-11-02 06:55:00,3403.46,-29.72,TRADE
VIC1,2025-11-02 07:00:00,3386.81,-19.99,TRADE
VIC1,2025-11-02 07:05:00,3369.63,-19.42,TRADE
VIC1,2025-11-02 07:10:00,3345.6,-19.12,TRADE
VIC1,2025-11-02 07:15:00,3234.0,-19.63,TRADE
VIC1,2025-11-02 07:20:00,3212.17,-19.99,TRADE
VIC1,2025-11-02 07:25:00,3177.13,-20.99,TRADE
VIC1,2025-11-02 07:30:00,3139.9,-39.81,TRADE
VIC1,2025-11-02 07:35:00,3017.65,-50.22,TRADE
VIC1,2025-11-02 07:40:00,3025.72,-42.83,TRADE
VIC1,2025-11-02 07:45:00,2997.86,-23.86,TRADE
VIC1,2025-11-02 07:50:00,2958.71,-35.99,TRADE
VIC1,2025-11-02 07:55:00,2951.99,-50.22,TRADE
VIC1,2025-11-02 08:00:00,2859.37,-52.46,TRADE
VIC1,2025-11-02 08:05:00,2941.97,-50.01,TRADE
VIC1,2025-11-02 08:10:00,2975.04,-50.01,TRADE
VIC1,2025-11-02 08:15:00,3011.09,-20.73,TRADE
VIC1,2025-11-02 08:20:00,2899.63,-19.99,TRADE
VIC1,2025-11-02 08:25:00,2840.89,-24.21,TRADE
VIC1,2025-11-02 08:30:00,2824.38,-48.96,TRADE
VIC1,2025-11-02 08:35:00,2854.71,-50.22,TRADE
VIC1,2025-11-02 08:40:00,2800.59,-50.22,TRADE
VIC1,2025-11-02 08:45:00,2723.51,-57.02,TRADE
VIC1,2025-11-02 08:50:00,2710.93,-50.22,TRADE
VIC1,2025-11-02 08:55:00,2644.93,-50.22,TRADE
VIC1,2025-11-02 09:00:00,2589.1,-50.22,TRADE
VIC1,2025-11-02 09:05:00,2527.91,-50.22,TRADE
VIC1,2025-11-02 09:10:00,2584.22,-50.01,TRADE
VIC1,2025-11-02 09:15:00,2619.2,-50.22,TRADE
VIC1,2025-11-02 09:20:00,2559.83,-50.22,TRADE
VIC1,2025-11-02 09:25:00,2449.06,-61.42,TRADE
VIC1,2025-11-02 09:30:00,2474.53,-50.22,TRADE
VIC1,2025-11-02 09:35:00,2578.19,-32.67,TRADE
VIC1,2025-11-02 09:40:00,2455.07,-50.11,TRADE
VIC1,2025-11-02 09:45:00,2311.67,-62.95,TRADE
VIC1,2025-11-02 09:50:00,2347.45,-33.67,TRADE
VIC1,2025-11-02 09:55:00,2345.35,-50.22,TRADE
VIC1,2025-11-02 10:00:00,2322.38,-50.22,TRADE
VIC1,2025-11-02 10:05:00,2304.68,-50.22,TRADE
VIC1,2025-11-02 10:10:00,2306.55,-50.11,TRADE
VIC1,2025-11-02 10:15:00,2362.12,-53.21,TRADE
VIC1,2025-11-02 10:20:00,2439.76,-39.48,TRADE
VIC1,2025-11-02 10:25:00,2414.45,-50.22,TRADE
VIC1,2025-11-02 10:30:00,2402.63,-56.97,TRADE
VIC1,2025-11-02 10:35:00,2392.66,-59.46,TRADE
VIC1,2025-11-02 10:40:00,2309.38,-57.47,TRADE
VIC1,2025-11-02 10:45:00,2311.38,-62.51,TRADE
VIC1,2025-11-02 10:50:00,2359.2,-50.11,TRADE
VIC1,2025-11-02 10:55:00,2461.48,-50.01,TRADE
VIC1,2025-11-02 11:00:00,2394.39,-59.46,TRADE
VIC1,2025-11-02 11:05:00,2403.14,-57.5,TRADE
VIC1,2025-11-02 11:10:00,2424.38,-50.11,TRADE
VIC1,2025-11-02 11:15:00,2350.31,-39.48,TRADE
VIC1,2025-11-02 11:20:00,2323.34,-39.48,TRADE
VIC1,2025-11-02 11:25:00,2356.08,-50.11,TRADE
VIC1,2025-11-02 11:30:00,2248.17,-50.11,TRADE
VIC1,2025-11-02 11:35:00,2293.98,-59.46,TRADE
VIC1,2025-11-02 11:40:00,2274.07,-59.46,TRADE
VIC1,2025-11-02 11:45:00,2317.1,-50.11,TRADE
VIC1,2025-11-02 11:50:00,2331.38,-35.55,TRADE
VIC1,2025-11-02 11:55:00,2331.53,-50.11,TRADE
VIC1,2025-11-02 12:00:00,2311.04,-50.11,TRADE
VIC1,2025-11-02 12:05:00,2362.17,-33.67,TRADE
VIC1,2025-11-02 12:10:00,2377.67,-36.0,TRADE
VIC1,2025-11-02 12:15:00,2295.03,-50.22,TRADE
VIC1,2025-11-02 12:20:00,2290.06,-54.6,TRADE
VIC1,2025-11-02 12:25:00,2254.37,-59.46,TRADE
VIC1,2025-11-02 12:30:00,2290.73,-57.65,TRADE
VIC1,2025-11-02 12:35:00,2390.37,-50.01,TRADE
VIC1,2025-11-02 12:40:00,2334.79,-50.01,TRADE
VIC1,2025-11-02 12:45:00,2300.44,-50.22,TRADE
VIC1,2025-11-02 12:50:00,2309.99,-57.0,TRADE
VIC1,2025-11-02 12:55:00,2357.8,-58.32,TRADE
VIC1,2025-11-02 13:00:00,2366.96,-57.0,TRADE
VIC1,2025-11-02 13:05:00,2408.02,-57.0,TRADE
VIC1,2025-11-02 13:10:00,2469.9,-50.11,TRADE
VIC1,2025-11-02 13:15:00,2509.86,-50.11,TRADE
VIC1,2025-11-02 13:20:00,2543.95,-50.11,TRADE
VIC1,2025-11-02 13:25:00,2578.81,-35.55,TRADE
VIC1,2025-11-02 13:30:00,2644.38,-35.55,TRADE
VIC1,2025-11-02 13:35:00,2661.96,-50.01,TRADE
VIC1,2025-11-02 13:40:00,2584.78,-50.11,TRADE
VIC1,2025-11-02 13:45:00,2601.18,-50.01,TRADE
VIC1,2025-11-02 13:50:00,2614.25,-31.44,TRADE
VIC1,2025-11-02 13:55:00,2625.07,-22.56,TRADE
VIC1,2025-11-02 14:00:00,2663.98,-25.0,TRADE
VIC1,2025-11-02 14:05:00,2681.0,-20.51,TRADE
VIC1,2025-11-02 14:10:00,2755.66,-19.93,TRADE
VIC1,2025-11-02 14:15:00,2849.28,-19.93,TRADE
VIC1,2025-11-02 14:20:00,2889.61,-19.99,TRADE
VIC1,2025-11-02 14:25:00,2935.0,-18.75,TRADE
VIC1,2025-11-02 14:30:00,2959.78,-19.31,TRADE
VIC1,2025-11-02 14:35:00,3005.98,-18.76,TRADE
VIC1,2025-11-02 14:40:00,3047.68,-18.66,TRADE
VIC1,2025-11-02 14:45:00,3090.65,-16.16,TRADE
VIC1,2025-11-02 14:50:00,3079.41,-18.47,TRADE
VIC1,2025-11-02 14:55:00,3186.73,-12.51,TRADE
VIC1,2025-11-02 15:00:00,3324.1,-12.51,TRADE
VIC1,2025-11-02 15:05:00,3415.41,-12.51,TRADE
VIC1,2025-11-02 15:10:00,3467.35,-11.99,TRADE
VIC1,2025-11-02 15:15:00,3510.28,-11.33,TRADE
VIC1,2025-11-02 15:20:00,3549.77,-11.0,TRADE
VIC1,2025-11-02 15:25:00,3642.56,-11.0,TRADE
VIC1,2025-11-02 15:30:00,3795.06,-11.25,TRADE
VIC1,2025-11-02 15:35:00,3869.57,-11.0,TRADE
VIC1,2025-11-02 15:40:00,3987.7,-11.0,TRADE
VIC1,2025-11-02 15:45:00,4034.24,-11.0,TRADE
VIC1,2025-11-02 15:50:00,4122.64,-9.85,TRADE
VIC1,2025-11-02 15:55:00,4062.52,-9.1,TRADE
VIC1,2025-11-02 16:00:00,4209.1,-9.1,TRADE
VIC1,2025-11-02 16:05:00,4294.27,-6.79,TRADE
VIC1,2025-11-02 16:10:00,4378.18,-0.24,TRADE
VIC1,2025-11-02 16:15:00,4540.98,0.0,TRADE
VIC1,2025-11-02 16:20:00,4634.51,4.5,TRADE
VIC1,2025-11-02 16:25:00,4652.85,0.06,TRADE
VIC1,2025-11-02 16:30:00,4797.31,52.7,TRADE
VIC1,2025-11-02 16:35:00,4850.8,47.53,TRADE
VIC1,2025-11-02 16:40:00,4985.42,20.04,TRADE
VIC1,2025-11-02 16:45:00,5138.6,64.25,TRADE
VIC1,2025-11-02 16:50:00,5278.26,64.25,TRADE
VIC1,2025-11-02 16:55:00,5423.06,104.03,TRADE
VIC1,2025-11-02 17:00:00,5390.63,90.59,TRADE
VIC1,2025-11-02 17:05:00,5494.86,49.54,TRADE
VIC1,2025-11-02 17:10:00,5647.06,83.65,TRADE
VIC1,2025-11-02 17:15:00,5672.14,103.18,TRADE
VIC1,2025-11-02 17:20:00,5762.24,106.2,TRADE
VIC1,2025-11-02 17:25:00,5730.32,37.05,TRADE
VIC1,2025-11-02 17:30:00,5814.14,37.05,TRADE
VIC1,2025-11-02 17:35:00,5827.4,89.69,TRADE
VIC1,2025-11-02 17:40:00,5787.87,89.69,TRADE
VIC1,2025-11-02 17:45:00,5767.26,64.25,TRADE
VIC1,2025-11-02 17:50:00,5700.45,0.0,TRADE
VIC1,2025-11-02 17:55:00,5741.57,0.0,TRADE
VIC1,2025-11-02 18:00:00,5710.78,0.0,TRADE
VIC1,2025-11-02 18:05:00,5678.25,0.01,TRADE
VIC1,2025-11-02 18:10:00,5656.87,0.0,TRADE
VIC1,2025-11-02 18:15:00,5649.94,0.0,TRADE
VIC1,2025-11-02 18:20:00,5633.06,7.47,TRADE
VIC1,2025-11-02 18:25:00,5665.51,7.47,TRADE
VIC1,2025-11-02 18:30:00,5689.28,9.0,TRADE
VIC1,2025-11-02 18:35:00,5593.7,9.0,TRADE
VIC1,2025-11-02 18:40:00,5627.81,8.95,TRADE
VIC1,2025-11-02 18:45:00,5619.68,26.6,TRADE
VIC1,2025-11-02 18:50:00,5635.98,8.95,TRADE
VIC1,2025-11-02 18:55:00,5563.03,0.0,TRADE
VIC1,2025-11-02 19:00:00,5623.47,0.01,TRADE
VIC1,2025-11-02 19:05:00,5605.18,0.01,TRADE
VIC1,2025-11-02 19:10:00,5665.42,6.62,TRADE
VIC1,2025-11-02 19:15:00,5663.13,31.41,TRADE
VIC1,2025-11-02 19:20:00,5568.17,0.0,TRADE
VIC1,2025-11-02 19:25:00,5570.39,1.1,TRADE
VIC1,2025-11-02 19:30:00,5594.63,8.42,TRADE
VIC1,2025-11-02 19:35:00,5582.51,24.68,TRADE
VIC1,2025-11-02 19:40:00,5501.15,14.41,TRADE
VIC1,2025-11-02 19:45:00,5491.36,9.0,TRADE
VIC1,2025-11-02 19:50:00,5411.19,8.95,TRADE
VIC1,2025-11-02 19:55:00,5448.08,26.68,TRADE
VIC1,2025-11-02 20:00:00,5402.99,13.06,TRADE
VIC1,2025-11-02 20:05:00,5314.87,9.0,TRADE
VIC1,2025-11-02 20:10:00,5224.73,8.95,TRADE
VIC1,2025-11-02 20:15:00,5260.28,32.6,TRADE
VIC1,2025-11-02 20:20:00,5240.7,59.83,TRADE
VIC1,2025-11-02 20:25:00,5211.36,81.06,TRADE
VIC1,2025-11-02 20:30:00,5207.43,61.22,TRADE
VIC1,2025-11-02 20:35:00,5179.16,80.69,TRADE
VIC1,2025-11-02 20:40:00,5125.29,104.03,TRADE
VIC1,2025-11-02 20:45:00,5084.63,95.3,TRADE
VIC1,2025-11-02 20:50:00,5050.6,100.15,TRADE
VIC1,2025-11-02 20:55:00,4974.54,104.03,TRADE
VIC1,2025-11-02 21:00:00,4945.62,109.23,TRADE
VIC1,2025-11-02 21:05:00,4826.53,100.34,TRADE
VIC1,2025-11-02 21:10:00,4873.85,104.03,TRADE
VIC1,2025-11-02 21:15:00,4799.03,100.26,TRADE
VIC1,2025-11-02 21:20:00,4865.95,104.03,TRADE
VIC1,2025-11-02 21:25:00,4820.81,105.87,TRADE
VIC1,2025-11-02 21:30:00,4742.0,25.86,TRADE
VIC1,2025-11-02 21:35:00,4779.03,78.78,TRADE
VIC1,2025-11-02 21:40:00,4652.79,56.57,TRADE
VIC1,2025-11-02 21:45:00,4703.66,37.05,TRADE
VIC1,2025-11-02 21:50:00,4682.82,61.26,TRADE
VIC1,2025-11-02 21:55:00,4620.41,37.05,TRADE
VIC1,2025-11-02 22:00:00,4642.56,47.97,TRADE
VIC1,2025-11-02 22:05:00,4626.61,91.53,TRADE
VIC1,2025-11-02 22:10:00,4593.79,104.03,TRADE
VIC1,2025-11-02 22:15:00,4567.12,104.03,TRADE
VIC1,2025-11-02 22:20:00,4433.92,104.03,TRADE
VIC1,2025-11-02 22:25:00,4460.63,104.03,TRADE
VIC1,2025-11-02 22:30:00,4425.56,104.03,TRADE
VIC1,2025-11-02 22:35:00,4526.76,107.86,TRADE
VIC1,2025-11-02 22:40:00,4467.64,107.34,TRADE
VIC1,2025-11-02 22:45:00,4466.8,104.03,TRADE
VIC1,2025-11-02 22:50:00,4435.35,104.03,TRADE
VIC1,2025-11-02 22:55:00,4420.1,103.42,TRADE
VIC1,2025-11-02 23:00:00,4445.63,104.03,TRADE
VIC1,2025-11-02 23:05:00,4370.56,109.55,TRADE
VIC1,2025-11-02 23:10:00,4504.48,118.69,TRADE
VIC1,2025-11-02 23:15:00,4523.02,118.69,TRADE
VIC1,2025-11-02 23:20:00,4579.5,111.03,TRADE
VIC1,2025-11-02 23:25:00,4571.92,118.69,TRADE
VIC1,2025-11-02 23:30:00,4578.35,109.55,TRADE
VIC1,2025-11-02 23:35:00,4552.12,104.03,TRADE
VIC1,2025-11-02 23:40:00,4501.39,104.32,TRADE
VIC1,2025-11-02 23:45:00,4486.8,72.58,TRADE
VIC1,2025-11-02 23:50:00,4363.55,77.26,TRADE
VIC1,2025-11-02 23:55:00,4342.82,72.32,TRADE
VIC1,2025-11-08 00:00:00,4269.1,-6.5,TRADE
VIC1,2025-11-08 00:05:00,4245.05,-6.5,TRADE
VIC1,2025-11-08 00:10:00,4274.09,-6.5,TRADE
VIC1,2025-11-08 00:15:00,4268.9,-6.5,TRADE
VIC1,2025-11-08 00:20:00,4182.71,-3.56,TRADE
VIC1,2025-11-08 00:25:00,4174.6,-6.5,TRADE
VIC1,2025-11-08 00:30:00,4186.63,-3.53,TRADE
VIC1,2025-11-08 00:35:00,4172.41,-3.56,TRADE
VIC1,2025-11-08 00:40:00,4148.13,-6.5,TRADE
VIC1,2025-11-08 00:45:00,4050.65,-6.5,TRADE
VIC1,2025-11-08 00:50:00,4055.67,-6.5,TRADE
VIC1,2025-11-08 00:55:00,4076.58,-6.5,TRADE
VIC1,2025-11-08 01:00:00,4105.84,-6.5,TRADE
VIC1,2025-11-08 01:05:00,3992.32,-11.97,TRADE
VIC1,2025-11-08 01:10:00,4008.4,-11.88,TRADE
VIC1,2025-11-08 01:15:00,3989.06,-10.08,TRADE
VIC1,2025-11-08 01:20:00,3984.77,-10.24,TRADE
VIC1,2025-11-08 01:25:00,3954.36,-10.09,TRADE
VIC1,2025-11-08 01:30:00,3914.57,-11.67,TRADE
VIC1,2025-11-08 01:35:00,3947.73,-11.74,TRADE
VIC1,2025-11-08 01:40:00,3939.21,-10.09,TRADE
VIC1,2025-11-08 01:45:00,3841.0,-11.55,TRADE
VIC1,2025-11-08 01:50:00,3860.64,-13.18,TRADE
VIC1,2025-11-08 01:55:00,3827.41,-13.18,TRADE
VIC1,2025-11-08 02:00:00,3819.06,-11.99,TRADE
VIC1,2025-11-08 02:05:00,3815.65,-11.99,TRADE
VIC1,2025-11-08 02:10:00,3771.77,-11.99,TRADE
VIC1,2025-11-08 02:15:00,3805.28,-11.99,TRADE
VIC1,2025-11-08 02:20:00,3833.52,-13.18,TRADE
VIC1,2025-11-08 02:25:00,3808.3,-11.99,TRADE
VIC1,2025-11-08 02:30:00,3786.85,-11.99,TRADE
VIC1,2025-11-08 02:35:00,3777.26,-16.97,TRADE
VIC1,2025-11-08 02:40:00,3790.34,-16.89,TRADE
VIC1,2025-11-08 02:45:00,3769.77,-16.95,TRADE
VIC1,2025-11-08 02:50:00,3678.33,-11.99,TRADE
VIC1,2025-11-08 02:55:00,3646.64,-16.16,TRADE
VIC1,2025-11-08 03:00:00,3729.63,-11.99,TRADE
VIC1,2025-11-08 03:05:00,3761.37,-9.99,TRADE
VIC1,2025-11-08 03:10:00,3692.6,-16.63,TRADE
VIC1,2025-11-08 03:15:00,3789.22,-11.99,TRADE
VIC1,2025-11-08 03:20:00,3782.2,-9.87,TRADE
VIC1,2025-11-08 03:25:00,3741.56,-18.14,TRADE
VIC1,2025-11-08 03:30:00,3737.83,-15.75,TRADE
VIC1,2025-11-08 03:35:00,3626.52,-16.65,TRADE
VIC1,2025-11-08 03:40:00,3666.84,-11.99,TRADE
VIC1,2025-11-08 03:45:00,3726.3,-11.35,TRADE
VIC1,2025-11-08 03:50:00,3694.44,-9.68,TRADE
VIC1,2025-11-08 03:55:00,3676.41,-8.7,TRADE
VIC1,2025-11-08 04:00:00,3766.65,-8.7,TRADE
VIC1,2025-11-08 04:05:00,3753.29,-10.05,TRADE
VIC1,2025-11-08 04:10:00,3753.49,-10.1,TRADE
VIC1,2025-11-08 04:15:00,3712.58,-10.05,TRADE
VIC1,2025-11-08 04:20:00,3728.25,-9.96,TRADE
VIC1,2025-11-08 04:25:00,3746.61,-9.97,TRADE
VIC1,2025-11-08 04:30:00,3797.11,-8.7,TRADE
VIC1,2025-11-08 04:35:00,3750.14,-8.35,TRADE
VIC1,2025-11-08 04:40:00,3811.46,-7.8,TRADE
VIC1,2025-11-08 04:45:00,3779.58,-7.97,TRADE
VIC1,2025-11-08 04:50:00,3857.71,-6.5,TRADE
VIC1,2025-11-08 04:55:00,3901.34,-6.5,TRADE
VIC1,2025-11-08 05:00:00,3893.19,-6.5,TRADE
VIC1,2025-11-08 05:05:00,3963.05,-6.5,TRADE
VIC1,2025-11-08 05:10:00,3959.23,-6.5,TRADE
VIC1,2025-11-08 05:15:00,3969.58,-6.5,TRADE
VIC1,2025-11-08 05:20:00,4046.41,-6.5,TRADE
VIC1,2025-11-08 05:25:00,4047.93,-6.5,TRADE
VIC1,2025-11-08 05:30:00,4020.85,-6.5,TRADE
VIC1,2025-11-08 05:35:00,4006.0,-6.5,TRADE
VIC1,2025-11-08 05:40:00,4076.34,-6.5,TRADE
VIC1,2025-11-08 05:45:00,4255.11,-5.38,TRADE
VIC1,2025-11-08 05:50:00,4181.62,-6.5,TRADE
VIC1,2025-11-08 05:55:00,4220.52,-6.5,TRADE
VIC1,2025-11-08 06:00:00,4295.27,-2.07,TRADE
VIC1,2025-11-08 06:05:00,4319.66,-7.25,TRADE
VIC1,2025-11-08 06:10:00,4307.42,-8.72,TRADE
VIC1,2025-11-08 06:15:00,4380.0,-8.89,TRADE
VIC1,2025-11-08 06:20:00,4405.34,-9.65,TRADE
VIC1,2025-11-08 06:25:00,4438.16,-10.04,TRADE
VIC1,2025-11-08 06:30:00,4375.83,-9.82,TRADE
VIC1,2025-11-08 06:35:00,4392.13,-8.52,TRADE
VIC1,2025-11-08 06:40:00,4413.62,-6.5,TRADE
VIC1,2025-11-08 06:45:00,4505.91,-6.5,TRADE
VIC1,2025-11-08 06:50:00,4496.27,-6.5,TRADE
VIC1,2025-11-08 06:55:00,4500.23,-5.79,TRADE
VIC1,2025-11-08 07:00:00,4495.57,-6.5,TRADE
VIC1,2025-11-08 07:05:00,4552.39,6.89,TRADE
VIC1,2025-11-08 07:10:00,4500.93,-6.5,TRADE
VIC1,2025-11-08 07:15:00,4505.71,-11.0,TRADE
VIC1,2025-11-08 07:20:00,4515.79,-7.05,TRADE
VIC1,2025-11-08 07:25:00,4619.23,-6.5,TRADE
VIC1,2025-11-08 07:30:00,4602.29,-9.26,TRADE
VIC1,2025-11-08 07:35:00,4597.5,-11.4,TRADE
VIC1,2025-11-08 07:40:00,4648.67,-11.0,TRADE
VIC1,2025-11-08 07:45:00,4661.03,-8.97,TRADE
VIC1,2025-11-08 07:50:00,4712.02,-9.04,TRADE
VIC1,2025-11-08 07:55:00,4621.21,-11.0,TRADE
VIC1,2025-11-08 08:00:00,4594.98,-8.82,TRADE
VIC1,2025-11-08 08:05:00,4625.67,-8.81,TRADE
VIC1,2025-11-08 08:10:00,4661.57,-6.5,TRADE
VIC1,2025-11-08 08:15:00,4634.94,-8.76,TRADE
VIC1,2025-11-08 08:20:00,4570.84,-11.0,TRADE
VIC1,2025-11-08 08:25:00,4621.95,-11.4,TRADE
VIC1,2025-11-08 08:30:00,4675.06,-11.0,TRADE
VIC1,2025-11-08 08:35:00,4563.8,-14.01,TRADE
VIC1,2025-11-08 08:40:00,4562.74,-7.52,TRADE
VIC1,2025-11-08 08:45:00,4551.22,-8.84,TRADE
VIC1,2025-11-08 08:50:00,4584.87,-11.0,TRADE
VIC1,2025-11-08 08:55:00,4543.37,-10.43,TRADE
VIC1,2025-11-08 09:00:00,4612.48,-11.0,TRADE
VIC1,2025-11-08 09:05:00,4598.75,-13.52,TRADE
VIC1,2025-11-08 09:10:00,4600.53,-18.8,TRADE
VIC1,2025-11-08 09:15:00,4622.07,-18.8,TRADE
VIC1,2025-11-08 09:20:00,4549.17,-18.8,TRADE
VIC1,2025-11-08 09:25:00,4538.35,-15.05,TRADE
VIC1,2025-11-08 09:30:00,4400.72,-18.55,TRADE
VIC1,2025-11-08 09:35:00,4503.04,-11.99,TRADE
VIC1,2025-11-08 09:40:00,4403.96,-14.3,TRADE
VIC1,2025-11-08 09:45:00,4579.84,-14.35,TRADE
VIC1,2025-11-08 09:50:00,4581.35,-17.16,TRADE
VIC1,2025-11-08 09:55:00,4593.49,-18.8,TRADE
VIC1,2025-11-08 10:00:00,4590.88,-18.8,TRADE
VIC1,2025-11-08 10:05:00,4574.71,-18.6,TRADE
VIC1,2025-11-08 10:10:00,4686.11,-17.04,TRADE
VIC1,2025-11-08 10:15:00,4655.36,-11.0,TRADE
VIC1,2025-11-08 10:20:00,4562.99,-12.51,TRADE
VIC1,2025-11-08 10:25:00,4694.52,-16.75,TRADE
VIC1,2025-11-08 10:30:00,4705.37,-17.39,TRADE
VIC1,2025-11-08 10:35:00,4728.06,-12.51,TRADE
VIC1,2025-11-08 10:40:00,4611.43,-14.39,TRADE
VIC1,2025-11-08 10:45:00,4617.07,-9.55,TRADE
VIC1,2025-11-08 10:50:00,4531.71,-12.51,TRADE
VIC1,2025-11-08 10:55:00,4645.47,-12.51,TRADE
VIC1,2025-11-08 11:00:00,4584.16,-14.31,TRADE
VIC1,2025-11-08 11:05:00,4570.34,-13.81,TRADE
VIC1,2025-11-08 11:10:00,4612.4,-14.8,TRADE
VIC1,2025-11-08 11:15:00,4595.11,-14.28,TRADE
VIC1,2025-11-08 11:20:00,4572.92,-14.07,TRADE
VIC1,2025-11-08 11:25:00,4555.44,-13.96,TRADE
VIC1,2025-11-08 11:30:00,4466.57,-12.51,TRADE
VIC1,2025-11-08 11:35:00,4504.35,-12.51,TRADE
VIC1,2025-11-08 11:40:00,4508.13,-15.15,TRADE
VIC1,2025-11-08 11:45:00,4409.77,-13.82,TRADE
VIC1,2025-11-08 11:50:00,4400.53,-11.4,TRADE
VIC1,2025-11-08 11:55:00,4306.48,-11.0,TRADE
VIC1,2025-11-08 12:00:00,4341.05,-12.51,TRADE
VIC1,2025-11-08 12:05:00,4403.1,-12.51,TRADE
VIC1,2025-11-08 12:10:00,4277.15,-18.8,TRADE
VIC1,2025-11-08 12:15:00,4332.88,-18.8,TRADE
VIC1,2025-11-08 12:20:00,4340.98,-13.81,TRADE
VIC1,2025-11-08 12:25:00,4329.93,-9.55,TRADE
VIC1,2025-11-08 12:30:00,4368.35,-12.51,TRADE
VIC1,2025-11-08 12:35:00,4440.48,-12.51,TRADE
VIC1,2025-11-08 12:40:00,4426.3,-13.81,TRADE
VIC1,2025-11-08 12:45:00,4480.27,-18.8,TRADE
VIC1,2025-11-08 12:50:00,4510.05,-13.81,TRADE
VIC1,2025-11-08 12:55:00,4500.27,-14.43,TRADE
VIC1,2025-11-08 13:00:00,4384.3,-15.82,TRADE
VIC1,2025-11-08 13:05:00,4405.27,-15.48,TRADE
VIC1,2025-11-08 13:10:00,4392.82,-18.8,TRADE
VIC1,2025-11-08 13:15:00,4454.43,-18.8,TRADE
VIC1,2025-11-08 13:20:00,4457.55,-19.84,TRADE
VIC1,2025-11-08 13:25:00,4429.63,-19.99,TRADE
VIC1,2025-11-08 13:30:00,4437.51,-18.8,TRADE
VIC1,2025-11-08 13:35:00,4419.31,-14.36,TRADE
VIC1,2025-11-08 13:40:00,4429.13,-14.19,TRADE
VIC1,2025-11-08 13:45:00,4315.59,-13.81,TRADE
VIC1,2025-11-08 13:50:00,4274.62,-17.15,TRADE
VIC1,2025-11-08 13:55:00,4374.3,-12.51,TRADE
VIC1,2025-11-08 14:00:00,4268.55,-14.22,TRADE
VIC1,2025-11-08 14:05:00,4326.51,-12.51,TRADE
VIC1,2025-11-08 14:10:00,4398.42,-20.79,TRADE
VIC1,2025-11-08 14:15:00,4395.77,-12.51,TRADE
VIC1,2025-11-08 14:20:00,4364.38,-12.51,TRADE
VIC1,2025-11-08 14:25:00,4486.55,-20.99,TRADE
VIC1,2025-11-08 14:30:00,4548.38,-25.0,TRADE
VIC1,2025-11-08 14:35:00,4586.85,-25.0,TRADE
VIC1,2025-11-08 14:40:00,4613.96,-21.21,TRADE
VIC1,2025-11-08 14:45:00,4648.62,-26.79,TRADE
VIC1,2025-11-08 14:50:00,4566.21,-21.61,TRADE
VIC1,2025-11-08 14:55:00,4636.22,-49.69,TRADE
VIC1,2025-11-08 15:00:00,4708.64,-85.15,TRADE
VIC1,2025-11-08 15:05:00,4720.08,-76.01,TRADE
VIC1,2025-11-08 15:10:00,4959.92,-36.1,TRADE
VIC1,2025-11-08 15:15:00,4932.55,-36.1,TRADE
VIC1,2025-11-08 15:20:00,4959.0,-52.01,TRADE
VIC1,2025-11-08 15:25:00,5027.57,-30.84,TRADE
VIC1,2025-11-08 15:30:00,5033.05,-43.61,TRADE
VIC1,2025-11-08 15:35:00,5125.94,-18.8,TRADE
VIC1,2025-11-08 15:40:00,5211.9,-19.99,TRADE
VIC1,2025-11-08 15:45:00,5121.24,-9.55,TRADE
VIC1,2025-11-08 15:50:00,5051.11,-13.81,TRADE
VIC1,2025-11-08 15:55:00,5035.18,-12.47,TRADE
VIC1,2025-11-08 16:00:00,5173.65,-14.12,TRADE
VIC1,2025-11-08 16:05:00,5244.04,-12.14,TRADE
VIC1,2025-11-08 16:10:00,5200.68,-11.5,TRADE
VIC1,2025-11-08 16:15:00,5182.99,-18.8,TRADE
VIC1,2025-11-08 16:20:00,5258.82,-17.34,TRADE
VIC1,2025-11-08 16:25:00,5272.64,-8.7,TRADE
VIC1,2025-11-08 16:30:00,5267.44,-8.7,TRADE
VIC1,2025-11-08 16:35:00,5297.12,-6.5,TRADE
VIC1,2025-11-08 16:40:00,5391.74,-6.5,TRADE
VIC1,2025-11-08 16:45:00,5427.58,-6.5,TRADE
VIC1,2025-11-08 16:50:00,5469.09,-10.25,TRADE
VIC1,2025-11-08 16:55:00,5476.0,-10.25,TRADE
VIC1,2025-11-08 17:00:00,5428.71,-8.7,TRADE
VIC1,2025-11-08 17:05:00,5416.76,-11.0,TRADE
VIC1,2025-11-08 17:10:00,5488.53,-11.4,TRADE
VIC1,2025-11-08 17:15:00,5557.85,-6.5,TRADE
VIC1,2025-11-08 17:20:00,5578.94,-6.5,TRADE
VIC1,2025-11-08 17:25:00,5591.71,-6.5,TRADE
VIC1,2025-11-08 17:30:00,5617.46,-6.5,TRADE
VIC1,2025-11-08 17:35:00,5639.02,-6.5,TRADE
VIC1,2025-11-08 17:40:00,5591.42,-6.5,TRADE
VIC1,2025-11-08 17:45:00,5565.11,22.63,TRADE
VIC1,2025-11-08 17:50:00,5650.31,64.25,TRADE
VIC1,2025-11-08 17:55:00,5680.11,64.25,TRADE
VIC1,2025-11-08 18:00:00,5727.5,67.84,TRADE
VIC1,2025-11-08 18:05:00,5702.23,8.95,TRADE
VIC1,2025-11-08 18:10:00,5730.66,8.95,TRADE
VIC1,2025-11-08 18:15:00,5707.2,37.05,TRADE
VIC1,2025-11-08 18:20:00,5829.46,-3.53,TRADE
VIC1,2025-11-08 18:25:00,5777.43,8.95,TRADE
VIC1,2025-11-08 18:30:00,5878.41,-3.56,TRADE
VIC1,2025-11-08 18:35:00,5870.9,-1.98,TRADE
VIC1,2025-11-08 18:40:00,5820.11,0.01,TRADE
VIC1,2025-11-08 18:45:00,5901.71,60.0,TRADE
VIC1,2025-11-08 18:50:00,5926.09,60.0,TRADE
VIC1,2025-11-08 18:55:00,5871.1,8.95,TRADE
VIC1,2025-11-08 19:00:00,6005.21,12.5,TRADE
VIC1,2025-11-08 19:05:00,6005.68,12.5,TRADE
VIC1,2025-11-08 19:10:00,6014.29,8.95,TRADE
VIC1,2025-11-08 19:15:00,5929.63,0.0,TRADE
VIC1,2025-11-08 19:20:00,6004.38,8.95,TRADE
VIC1,2025-11-08 19:25:00,6050.69,8.95,TRADE
VIC1,2025-11-08 19:30:00,6073.73,12.5,TRADE
VIC1,2025-11-08 19:35:00,5957.58,8.95,TRADE
VIC1,2025-11-08 19:40:00,6001.19,12.5,TRADE
VIC1,2025-11-08 19:45:00,5934.63,8.95,TRADE
VIC1,2025-11-08 19:50:00,5977.63,13.45,TRADE
VIC1,2025-11-08 19:55:00,5936.59,12.5,TRADE
VIC1,2025-11-08 20:00:00,5806.31,8.95,TRADE
VIC1,2025-11-08 20:05:00,5856.58,64.25,TRADE
VIC1,2025-11-08 20:10:00,5835.7,65.04,TRADE
VIC1,2025-11-08 20:15:00,5807.35,67.67,TRADE
VIC1,2025-11-08 20:20:00,5700.17,64.25,TRADE
VIC1,2025-11-08 20:25:00,5666.7,62.64,TRADE
VIC1,2025-11-08 20:30:00,5720.34,62.95,TRADE
VIC1,2025-11-08 20:35:00,5689.28,66.82,TRADE
VIC1,2025-11-08 20:40:00,5520.01,64.25,TRADE
VIC1,2025-11-08 20:45:00,5456.89,64.25,TRADE
VIC1,2025-11-08 20:50:00,5457.62,64.25,TRADE
VIC1,2025-11-08 20:55:00,5448.35,64.25,TRADE
VIC1,2025-11-08 21:00:00,5400.96,61.61,TRADE
VIC1,2025-11-08 21:05:00,5489.55,64.18,TRADE
VIC1,2025-11-08 21:10:00,5448.98,63.23,TRADE
VIC1,2025-11-08 21:15:00,5311.58,60.0,TRADE
VIC1,2025-11-08 21:20:00,5352.59,61.61,TRADE
VIC1,2025-11-08 21:25:00,5316.77,62.2,TRADE
VIC1,2025-11-08 21:30:00,5295.45,59.27,TRADE
VIC1,2025-11-08 21:35:00,5189.25,56.83,TRADE
VIC1,2025-11-08 21:40:00,5222.5,60.16,TRADE
VIC1,2025-11-08 21:45:00,5160.61,58.06,TRADE
VIC1,2025-11-08 21:50:00,5110.88,54.55,TRADE
VIC1,2025-11-08 21:55:00,5073.25,27.33,TRADE
VIC1,2025-11-08 22:00:00,5072.73,21.95,TRADE
VIC1,2025-11-08 22:05:00,5042.94,19.0,TRADE
VIC1,2025-11-08 22:10:00,5007.06,19.0,TRADE
VIC1,2025-11-08 22:15:00,4924.2,12.4,TRADE
VIC1,2025-11-08 22:20:00,4876.12,9.49,TRADE
VIC1,2025-11-08 22:25:00,4886.14,12.5,TRADE
VIC1,2025-11-08 22:30:00,4857.38,12.5,TRADE
VIC1,2025-11-08 22:35:00,4876.15,22.53,TRADE
VIC1,2025-11-08 22:40:00,4840.04,21.78,TRADE
VIC1,2025-11-08 22:45:00,4810.7,8.95,TRADE
VIC1,2025-11-08 22:50:00,4810.47,18.69,TRADE
VIC1,2025-11-08 22:55:00,4765.33,12.5,TRADE
VIC1,2025-11-08 23:00:00,4764.99,19.0,TRADE
VIC1,2025-11-08 23:05:00,4809.17,27.42,TRADE
VIC1,2025-11-08 23:10:00,4939.41,64.25,TRADE
VIC1,2025-11-08 23:15:00,4921.86,42.25,TRADE
VIC1,2025-11-08 23:20:00,4902.69,21.28,TRADE
VIC1,2025-11-08 23:25:00,4921.17,20.47,TRADE
VIC1,2025-11-08 23:30:00,4976.13,60.13,TRADE
VIC1,2025-11-08 23:35:00,4857.08,22.94,TRADE
VIC1,2025-11-08 23:40:00,4883.97,19.0,TRADE
VIC1,2025-11-08 23:45:00,4879.9,20.76,TRADE
VIC1,2025-11-08 23:50:00,4898.71,22.85,TRADE
VIC1,2025-11-08 23:55:00,4792.31,8.95,TRADE
VIC1,2025-11-09 00:00:00,4751.63,8.95,TRADE
VIC1,2025-11-09 00:05:00,4775.2,13.97,TRADE
VIC1,2025-11-09 00:10:00,4702.63,11.5,TRADE
VIC1,2025-11-09 00:15:00,4701.87,16.66,TRADE
VIC1,2025-11-09 00:20:00,4682.81,46.85,TRADE
VIC1,2025-11-09 00:25:00,4615.46,19.0,TRADE
VIC1,2025-11-09 00:30:00,4599.21,19.0,TRADE
VIC1,2025-11-09 00:35:00,4574.53,20.01,TRADE
VIC1,2025-11-09 00:40:00,4548.62,19.0,TRADE
VIC1,2025-11-09 00:45:00,4532.11,20.01,TRADE
VIC1,2025-11-09 00:50:00,4522.97,20.47,TRADE
VIC1,2025-11-09 00:55:00,4475.24,15.15,TRADE
VIC1,2025-11-09 01:00:00,4441.41,12.5,TRADE
VIC1,2025-11-09 01:05:00,4462.07,8.95,TRADE
VIC1,2025-11-09 01:10:00,4442.33,64.25,TRADE
VIC1,2025-11-09 01:15:00,4384.89,13.51,TRADE
VIC1,2025-11-09 01:20:00,4374.57,8.95,TRADE
VIC1,2025-11-09 01:25:00,4385.56,13.97,TRADE
VIC1,2025-11-09 01:30:00,4365.61,17.75,TRADE
VIC1,2025-11-09 01:35:00,4332.14,8.95,TRADE
VIC1,2025-11-09 01:40:00,4295.63,8.95,TRADE
VIC1,2025-11-09 01:45:00,4319.27,18.02,TRADE
VIC1,2025-11-09 01:50:00,4250.43,8.95,TRADE
VIC1,2025-11-09 01:55:00,4230.36,8.95,TRADE
VIC1,2025-11-09 02:00:00,4193.46,12.5,TRADE
VIC1,2025-11-09 02:05:00,4185.03,8.95,TRADE
VIC1,2025-11-09 02:10:00,4155.73,55.59,TRADE
VIC1,2025-11-09 02:15:00,4145.14,12.5,TRADE
VIC1,2025-11-09 02:20:00,4111.16,8.95,TRADE
VIC1,2025-11-09 02:25:00,4124.2,12.5,TRADE
VIC1,2025-11-09 02:30:00,4112.01,14.31,TRADE
VIC1,2025-11-09 02:35:00,4122.95,15.01,TRADE
VIC1,2025-11-09 02:40:00,4117.46,12.5,TRADE
VIC1,2025-11-09 02:45:00,4085.24,12.5,TRADE
VIC1,2025-11-09 02:50:00,4080.87,12.5,TRADE
VIC1,2025-11-09 02:55:00,4052.34,12.5,TRADE
VIC1,2025-11-09 03:00:00,4063.6,8.95,TRADE
VIC1,2025-11-09 03:05:00,4023.16,0.01,TRADE
VIC1,2025-11-09 03:10:00,4021.89,8.95,TRADE
VIC1,2025-11-09 03:15:00,4033.08,5.26,TRADE
VIC1,2025-11-09 03:20:00,4025.29,8.95,TRADE
VIC1,2025-11-09 03:25:00,4028.55,12.5,TRADE
VIC1,2025-11-09 03:30:00,4070.87,8.95,TRADE
VIC1,2025-11-09 03:35:00,4070.01,8.95,TRADE
VIC1,2025-11-09 03:40:00,4071.31,8.95,TRADE
VIC1,2025-11-09 03:45:00,4025.91,5.35,TRADE
VIC1,2025-11-09 03:50:00,4028.28,8.95,TRADE
VIC1,2025-11-09 03:55:00,4015.51,8.95,TRADE
VIC1,2025-11-09 04:00:00,4022.27,8.95,TRADE
VIC1,2025-11-09 04:05:00,4048.81,8.95,TRADE
VIC1,2025-11-09 04:10:00,4042.47,12.5,TRADE
VIC1,2025-11-09 04:15:00,4056.8,8.95,TRADE
VIC1,2025-11-09 04:20:00,4044.0,12.5,TRADE
VIC1,2025-11-09 04:25:00,4089.28,8.95,TRADE
VIC1,2025-11-09 04:30:00,4104.36,16.35,TRADE
VIC1,2025-11-09 04:35:00,4105.26,16.03,TRADE
VIC1,2025-11-09 04:40:00,4143.98,22.47,TRADE
VIC1,2025-11-09 04:45:00,4205.34,19.0,TRADE
VIC1,2025-11-09 04:50:00,4204.85,19.0,TRADE
VIC1,2025-11-09 04:55:00,4218.81,47.12,TRADE
VIC1,2025-11-09 05:00:00,4225.88,42.21,TRADE
VIC1,2025-11-09 05:05:00,4256.31,64.25,TRADE
VIC1,2025-11-09 05:10:00,4320.59,64.25,TRADE
VIC1,2025-11-09 05:15:00,4293.42,64.25,TRADE
VIC1,2025-11-09 05:20:00,4314.12,64.25,TRADE
VIC1,2025-11-09 05:25:00,4257.58,63.65,TRADE
VIC1,2025-11-09 05:30:00,4294.31,64.25,TRADE
VIC1,2025-11-09 05:35:00,4354.73,64.25,TRADE
VIC1,2025-11-09 05:40:00,4358.38,43.5,TRADE
VIC1,2025-11-09 05:45:00,4365.61,64.25,TRADE
VIC1,2025-11-09 05:50:00,4367.06,52.96,TRADE
VIC1,2025-11-09 05:55:00,4357.97,29.82,TRADE
VIC1,2025-11-09 06:00:00,4354.28,19.0,TRADE
VIC1,2025-11-09 06:05:00,4374.29,32.17,TRADE
VIC1,2025-11-09 06:10:00,4379.37,32.89,TRADE
VIC1,2025-11-09 06:15:00,4284.21,3.32,TRADE
VIC1,2025-11-09 06:20:00,4265.1,12.5,TRADE
VIC1,2025-11-09 06:25:00,4290.69,12.5,TRADE
VIC1,2025-11-09 06:30:00,4326.24,8.95,TRADE
VIC1,2025-11-09 06:35:00,4274.57,-6.5,TRADE
VIC1,2025-11-09 06:40:00,4315.39,1.02,TRADE
VIC1,2025-11-09 06:45:00,4312.31,0.0,TRADE
VIC1,2025-11-09 06:50:00,4237.93,0.01,TRADE
VIC1,2025-11-09 06:55:00,4189.82,-6.5,TRADE
VIC1,2025-11-09 07:00:00,4190.15,-6.5,TRADE
VIC1,2025-11-09 07:05:00,4100.3,-6.5,TRADE
VIC1,2025-11-09 07:10:00,4044.35,-10.25,TRADE
VIC1,2025-11-09 07:15:00,4027.37,-8.55,TRADE
VIC1,2025-11-09 07:20:00,4107.84,-6.5,TRADE
VIC1,2025-11-09 07:25:00,4098.16,0.01,TRADE
VIC1,2025-11-09 07:30:00,4033.14,0.0,TRADE
VIC1,2025-11-09 07:35:00,4049.48,8.6,TRADE
VIC1,2025-11-09 07:40:00,3943.53,-3.56,TRADE
VIC1,2025-11-09 07:45:00,3875.29,-8.7,TRADE
VIC1,2025-11-09 07:50:00,3832.99,-10.8,TRADE
VIC1,2025-11-09 07:55:00,3744.36,-11.0,TRADE
VIC1,2025-11-09 08:00:00,3678.14,-12.73,TRADE
VIC1,2025-11-09 08:05:00,3784.74,-11.4,TRADE
VIC1,2025-11-09 08:10:00,3757.16,-12.51,TRADE
VIC1,2025-11-09 08:15:00,3694.91,-18.8,TRADE
VIC1,2025-11-09 08:20:00,3760.05,-12.51,TRADE
VIC1,2025-11-09 08:25:00,3694.95,-12.51,TRADE
VIC1,2025-11-09 08:30:00,3633.39,-6.5,TRADE
VIC1,2025-11-09 08:35:00,3510.09,-12.51,TRADE
VIC1,2025-11-09 08:40:00,3454.67,-12.05,TRADE
VIC1,2025-11-09 08:45:00,3480.77,-11.4,TRADE
VIC1,2025-11-09 08:50:00,3480.29,-12.51,TRADE
VIC1,2025-11-09 08:55:00,3542.49,-12.33,TRADE
VIC1,2025-11-09 09:00:00,3522.15,-11.4,TRADE
VIC1,2025-11-09 09:05:00,3490.78,-12.51,TRADE
VIC1,2025-11-09 09:10:00,3559.4,-12.51,TRADE
VIC1,2025-11-09 09:15:00,3576.87,-12.48,TRADE
VIC1,2025-11-09 09:20:00,3599.16,-12.51,TRADE
VIC1,2025-11-09 09:25:00,3507.61,-13.99,TRADE
VIC1,2025-11-09 09:30:00,3574.59,-11.4,TRADE
VIC1,2025-11-09 09:35:00,3438.64,-12.51,TRADE
VIC1,2025-11-09 09:40:00,3390.37,-12.51,TRADE
VIC1,2025-11-09 09:45:00,3356.28,-11.94,TRADE
VIC1,2025-11-09 09:50:00,3318.58,-12.1,TRADE
VIC1,2025-11-09 09:55:00,3283.82,-12.51,TRADE
VIC1,2025-11-09 10:00:00,3247.02,-12.51,TRADE
VIC1,2025-11-09 10:05:00,3101.28,-12.72,TRADE
VIC1,2025-11-09 10:10:00,3121.06,-12.51,TRADE
VIC1,2025-11-09 10:15:00,3089.41,-18.8,TRADE
VIC1,2025-11-09 10:20:00,3064.63,-15.38,TRADE
VIC1,2025-11-09 10:25:00,3002.94,-12.51,TRADE
VIC1,2025-11-09 10:30:00,2987.87,-12.51,TRADE
VIC1,2025-11-09 10:35:00,2996.83,-19.52,TRADE
VIC1,2025-11-09 10:40:00,3085.27,-12.51,TRADE
VIC1,2025-11-09 10:45:00,3023.92,-11.4,TRADE
VIC1,2025-11-09 10:50:00,3039.86,-12.51,TRADE
VIC1,2025-11-09 10:55:00,3051.75,-13.68,TRADE
VIC1,2025-11-09 11:00:00,3033.86,-11.4,TRADE
VIC1,2025-11-09 11:05:00,2919.03,-13.81,TRADE
VIC1,2025-11-09 11:10:00,2938.01,-13.81,TRADE
VIC1,2025-11-09 11:15:00,2909.16,-18.8,TRADE
VIC1,2025-11-09 11:20:00,2935.77,-12.51,TRADE
VIC1,2025-11-09 11:25:00,2898.69,-12.51,TRADE
VIC1,2025-11-09 11:30:00,2923.35,-12.51,TRADE
VIC1,2025-11-09 11:35:00,2842.65,-13.81,TRADE
VIC1,2025-11-09 11:40:00,2851.34,-19.99,TRADE
VIC1,2025-11-09 11:45:00,2810.81,-17.19,TRADE
VIC1,2025-11-09 11:50:00,2823.7,-35.55,TRADE
VIC1,2025-11-09 11:55:00,2838.31,-19.99,TRADE
VIC1,2025-11-09 12:00:00,2761.97,-12.51,TRADE
VIC1,2025-11-09 12:05:00,2704.84,-12.51,TRADE
VIC1,2025-11-09 12:10:00,2670.85,-19.62,TRADE
VIC1,2025-11-09 12:15:00,2692.44,-20.37,TRADE
VIC1,2025-11-09 12:20:00,2701.16,-19.99,TRADE
VIC1,2025-11-09 12:25:00,2686.59,-20.37,TRADE
VIC1,2025-11-09 12:30:00,2642.15,-12.51,TRADE
VIC1,2025-11-09 12:35:00,2666.45,-15.44,TRADE
VIC1,2025-11-09 12:40:00,2679.34,-14.45,TRADE
VIC1,2025-11-09 12:45:00,2683.46,-19.99,TRADE
VIC1,2025-11-09 12:50:00,2661.66,-20.99,TRADE
VIC1,2025-11-09 12:55:00,2678.72,-20.05,TRADE
VIC1,2025-11-09 13:00:00,2670.02,-20.09,TRADE
VIC1,2025-11-09 13:05:00,2634.42,-20.04,TRADE
VIC1,2025-11-09 13:10:00,2653.14,-19.99,TRADE
VIC1,2025-11-09 13:15:00,2682.87,-20.99,TRADE
VIC1,2025-11-09 13:20:00,2649.77,-20.22,TRADE
VIC1,2025-11-09 13:25:00,2657.7,-32.09,TRADE
VIC1,2025-11-09 13:30:00,2676.12,-18.8,TRADE
VIC1,2025-11-09 13:35:00,2627.92,-21.48,TRADE
VIC1,2025-11-09 13:40:00,2654.93,-20.99,TRADE
VIC1,2025-11-09 13:45:00,2724.37,-18.8,TRADE
VIC1,2025-11-09 13:50:00,2782.81,-20.99,TRADE
VIC1,2025-11-09 13:55:00,2874.62,-17.33,TRADE
VIC1,2025-11-09 14:00:00,2916.5,-18.8,TRADE
VIC1,2025-11-09 14:05:00,2937.98,-20.37,TRADE
VIC1,2025-11-09 14:10:00,3019.55,-18.8,TRADE
VIC1,2025-11-09 14:15:00,3072.03,-16.28,TRADE
VIC1,2025-11-09 14:20:00,3071.94,-20.99,TRADE
VIC1,2025-11-09 14:25:00,3112.29,-18.8,TRADE
VIC1,2025-11-09 14:30:00,3147.33,-19.99,TRADE
VIC1,2025-11-09 14:35:00,3235.7,-12.94,TRADE
VIC1,2025-11-09 14:40:00,3247.22,-17.0,TRADE
VIC1,2025-11-09 14:45:00,3284.18,-18.8,TRADE
VIC1,2025-11-09 14:50:00,3320.11,-13.68,TRADE
VIC1,2025-11-09 14:55:00,3295.59,-13.29,TRADE
VIC1,2025-11-09 15:00:00,3362.55,-12.51,TRADE
VIC1,2025-11-09 15:05:00,3381.19,-11.99,TRADE
VIC1,2025-11-09 15:10:00,3407.87,-11.0,TRADE
VIC1,2025-11-09 15:15:00,3445.5,-11.0,TRADE
VIC1,2025-11-09 15:20:00,3489.87,-11.4,TRADE
VIC1,2025-11-09 15:25:00,3539.8,-12.51,TRADE
VIC1,2025-11-09 15:30:00,3574.16,-18.14,TRADE
VIC1,2025-11-09 15:35:00,3660.79,-12.75,TRADE
VIC1,2025-11-09 15:40:00,3638.68,-11.0,TRADE
VIC1,2025-11-09 15:45:00,3639.91,-11.4,TRADE
VIC1,2025-11-09 15:50:00,3685.72,-13.89,TRADE
VIC1,2025-11-09 15:55:00,3768.34,-14.08,TRADE
VIC1,2025-11-09 16:00:00,3839.29,-17.39,TRADE
VIC1,2025-11-09 16:05:00,3886.37,-17.84,TRADE
VIC1,2025-11-09 16:10:00,3910.49,-10.25,TRADE
VIC1,2025-11-09 16:15:00,3851.33,-11.0,TRADE
VIC1,2025-11-09 16:20:00,3882.72,-14.25,TRADE
VIC1,2025-11-09 16:25:00,4049.94,-12.51,TRADE
VIC1,2025-11-09 16:30:00,4132.95,-11.0,TRADE
VIC1,2025-11-09 16:35:00,4165.09,-11.0,TRADE
VIC1,2025-11-09 16:40:00,4168.21,-11.0,TRADE
VIC1,2025-11-09 16:45:00,4303.07,-11.0,TRADE
VIC1,2025-11-09 16:50:00,4426.59,-10.53,TRADE
VIC1,2025-11-09 16:55:00,4480.03,-10.25,TRADE
VIC1,2025-11-09 17:00:00,4531.88,-10.98,TRADE
VIC1,2025-11-09 17:05:00,4559.14,-11.0,TRADE
VIC1,2025-11-09 17:10:00,4631.73,-6.5,TRADE
VIC1,2025-11-09 17:15:00,4631.79,-2.59,TRADE
VIC1,2025-11-09 17:20:00,4632.74,-6.5,TRADE
VIC1,2025-11-09 17:25:00,4817.49,12.5,TRADE
VIC1,2025-11-09 17:30:00,4793.54,12.5,TRADE
VIC1,2025-11-09 17:35:00,4935.33,67.67,TRADE
VIC1,2025-11-09 17:40:00,5000.0,85.81,TRADE
VIC1,2025-11-09 17:45:00,5071.75,102.53,TRADE
VIC1,2025-11-09 17:50:00,5025.87,86.94,TRADE
VIC1,2025-11-09 17:55:00,5105.0,106.68,TRADE
VIC1,2025-11-09 18:00:00,5200.76,109.1,TRADE
VIC1,2025-11-09 18:05:00,5154.29,94.13,TRADE
VIC1,2025-11-09 18:10:00,5236.0,96.73,TRADE
VIC1,2025-11-09 18:15:00,5237.17,117.22,TRADE
VIC1,2025-11-09 18:20:00,5328.8,120.0,TRADE
VIC1,2025-11-09 18:25:00,5415.93,109.2,TRADE
VIC1,2025-11-09 18:30:00,5456.61,120.0,TRADE
VIC1,2025-11-09 18:35:00,5465.23,101.92,TRADE
VIC1,2025-11-09 18:40:00,5542.23,97.37,TRADE
VIC1,2025-11-09 18:45:00,5457.05,103.29,TRADE
VIC1,2025-11-09 18:50:00,5560.94,104.97,TRADE
VIC1,2025-11-09 18:55:00,5480.25,92.26,TRADE
VIC1,2025-11-09 19:00:00,5543.39,140.65,TRADE
VIC1,2025-11-09 19:05:00,5580.14,104.03,TRADE
VIC1,2025-11-09 19:10:00,5616.95,133.48,TRADE
VIC1,2025-11-09 19:15:00,5567.33,102.04,TRADE
VIC1,2025-11-09 19:20:00,5635.54,135.64,TRADE
VIC1,2025-11-09 19:25:00,5631.06,104.8,TRADE
VIC1,2025-11-09 19:30:00,5631.06,108.49,TRADE
VIC1,2025-11-09 19:35:00,5620.71,105.06,TRADE
VIC1,2025-11-09 19:40:00,5501.01,131.7,TRADE
VIC1,2025-11-09 19:45:00,5509.45,140.55,TRADE
VIC1,2025-11-09 19:50:00,5514.96,108.97,TRADE
VIC1,2025-11-09 19:55:00,5548.26,132.78,TRADE
VIC1,2025-11-09 20:00:00,5545.15,118.69,TRADE
VIC1,2025-11-09 20:05:00,5456.88,158.77,TRADE
VIC1,2025-11-09 20:10:00,5468.47,136.84,TRADE
VIC1,2025-11-09 20:15:00,5433.57,137.69,TRADE
VIC1,2025-11-09 20:20:00,5399.64,137.69,TRADE
VIC1,2025-11-09 20:25:00,5368.87,137.69,TRADE
VIC1,2025-11-09 20:30:00,5339.44,119.57,TRADE
VIC1,2025-11-09 20:35:00,5309.54,118.06,TRADE
VIC1,2025-11-09 20:40:00,5299.96,171.48,TRADE
VIC1,2025-11-09 20:45:00,5257.57,141.57,TRADE
VIC1,2025-11-09 20:50:00,5248.85,101.21,TRADE
VIC1,2025-11-09 20:55:00,5222.46,133.2,TRADE
VIC1,2025-11-09 21:00:00,5160.99,99.01,TRADE
VIC1,2025-11-09 21:05:00,5112.83,99.89,TRADE
VIC1,2025-11-09 21:10:00,5077.67,118.69,TRADE
VIC1,2025-11-09 21:15:00,4959.94,109.07,TRADE
VIC1,2025-11-09 21:20:00,4942.31,98.68,TRADE
VIC1,2025-11-09 21:25:00,4938.49,129.14,TRADE
VIC1,2025-11-09 21:30:00,4876.41,98.33,TRADE
VIC1,2025-11-09 21:35:00,4884.37,112.76,TRADE
VIC1,2025-11-09 21:40:00,4832.16,111.72,TRADE
VIC1,2025-11-09 21:45:00,4863.52,114.86,TRADE
VIC1,2025-11-09 21:50:00,4844.5,103.54,TRADE
VIC1,2025-11-09 21:55:00,4847.06,124.68,TRADE
VIC1,2025-11-09 22:00:00,4806.81,105.87,TRADE
VIC1,2025-11-09 22:05:00,4785.37,125.49,TRADE
VIC1,2025-11-09 22:10:00,4739.82,125.98,TRADE
VIC1,2025-11-09 22:15:00,4656.1,105.55,TRADE
VIC1,2025-11-09 22:20:00,4636.17,132.56,TRADE
VIC1,2025-11-09 22:25:00,4644.25,102.54,TRADE
VIC1,2025-11-09 22:30:00,4670.24,108.89,TRADE
VIC1,2025-11-09 22:35:00,4677.26,105.55,TRADE
VIC1,2025-11-09 22:40:00,4588.04,103.19,TRADE
VIC1,2025-11-09 22:45:00,4630.38,128.49,TRADE
VIC1,2025-11-09 22:50:00,4597.23,118.69,TRADE
VIC1,2025-11-09 22:55:00,4573.02,118.69,TRADE
VIC1,2025-11-09 23:00:00,4542.28,101.26,TRADE
VIC1,2025-11-09 23:05:00,4526.7,118.69,TRADE
VIC1,2025-11-09 23:10:00,4636.49,140.4,TRADE
VIC1,2025-11-09 23:15:00,4696.74,118.69,TRADE
VIC1,2025-11-09 23:20:00,4661.07,125.49,TRADE
VIC1,2025-11-09 23:25:00,4724.48,94.27,TRADE
VIC1,2025-11-09 23:30:00,4711.52,141.18,TRADE
VIC1,2025-11-09 23:35:00,4702.23,125.49,TRADE
VIC1,2025-11-09 23:40:00,4713.91,137.27,TRADE
VIC1,2025-11-09 23:45:00,4684.52,100.39,TRADE
VIC1,2025-11-09 23:50:00,4661.68,118.69,TRADE
VIC1,2025-11-09 23:55:00,4564.96,120.25,TRADE
VIC1,2025-11-15 00:00:00,4811.62,109.54,TRADE
VIC1,2025-11-15 00:05:00,4788.61,118.69,TRADE
VIC1,2025-11-15 00:10:00,4694.56,111.98,TRADE
VIC1,2025-11-15 00:15:00,4685.58,109.8,TRADE
VIC1,2025-11-15 00:20:00,4613.73,101.13,TRADE
VIC1,2025-11-15 00:25:00,4595.37,103.01,TRADE
VIC1,2025-11-15 00:30:00,4596.82,104.9,TRADE
VIC1,2025-11-15 00:35:00,4648.83,120.0,TRADE
VIC1,2025-11-15 00:40:00,4635.39,118.69,TRADE
VIC1,2025-11-15 00:45:00,4653.32,118.69,TRADE
VIC1,2025-11-15 00:50:00,4522.23,105.67,TRADE
VIC1,2025-11-15 00:55:00,4510.37,106.35,TRADE
VIC1,2025-11-15 01:00:00,4570.02,110.52,TRADE
VIC1,2025-11-15 01:05:00,4489.89,108.01,TRADE
VIC1,2025-11-15 01:10:00,4536.82,106.3,TRADE
VIC1,2025-11-15 01:15:00,4500.14,106.48,TRADE
VIC1,2025-11-15 01:20:00,4467.34,104.77,TRADE
VIC1,2025-11-15 01:25:00,4460.48,106.23,TRADE
VIC1,2025-11-15 01:30:00,4462.01,106.24,TRADE
VIC1,2025-11-15 01:35:00,4326.57,101.08,TRADE
VIC1,2025-11-15 01:40:00,4318.31,90.44,TRADE
VIC1,2025-11-15 01:45:00,4393.96,99.2,TRADE
VIC1,2025-11-15 01:50:00,4272.57,101.12,TRADE
VIC1,2025-11-15 01:55:00,4282.45,101.79,TRADE
VIC1,2025-11-15 02:00:00,4319.01,100.56,TRADE
VIC1,2025-11-15 02:05:00,4281.72,98.81,TRADE
VIC1,2025-11-15 02:10:00,4292.86,103.15,TRADE
VIC1,2025-11-15 02:15:00,4267.66,118.69,TRADE
VIC1,2025-11-15 02:20:00,4267.02,101.18,TRADE
VIC1,2025-11-15 02:25:00,4272.54,98.85,TRADE
VIC1,2025-11-15 02:30:00,4274.56,104.65,TRADE
VIC1,2025-11-15 02:35:00,4142.81,100.12,TRADE
VIC1,2025-11-15 02:40:00,4100.32,99.34,TRADE
VIC1,2025-11-15 02:45:00,4184.56,99.39,TRADE
VIC1,2025-11-15 02:50:00,4178.05,102.16,TRADE
VIC1,2025-11-15 02:55:00,4176.55,105.05,TRADE
VIC1,2025-11-15 03:00:00,4200.07,104.51,TRADE
VIC1,2025-11-15 03:05:00,4193.83,103.73,TRADE
VIC1,2025-11-15 03:10:00,4196.34,102.81,TRADE
VIC1,2025-11-15 03:15:00,4084.47,91.13,TRADE
VIC1,2025-11-15 03:20:00,4149.05,99.94,TRADE
VIC1,2025-11-15 03:25:00,4084.08,97.83,TRADE
VIC1,2025-11-15 03:30:00,4114.38,84.03,TRADE
VIC1,2025-11-15 03:35:00,4045.94,88.18,TRADE
VIC1,2025-11-15 03:40:00,4037.15,97.25,TRADE
VIC1,2025-11-15 03:45:00,4055.03,102.17,TRADE
VIC1,2025-11-15 03:50:00,4118.02,118.6,TRADE
VIC1,2025-11-15 03:55:00,4169.68,104.25,TRADE
VIC1,2025-11-15 04:00:00,4178.82,116.86,TRADE
VIC1,2025-11-15 04:05:00,4203.77,118.57,TRADE
VIC1,2025-11-15 04:10:00,4151.96,100.45,TRADE
VIC1,2025-11-15 04:15:00,4234.38,104.23,TRADE
VIC1,2025-11-15 04:20:00,4292.1,120.0,TRADE
VIC1,2025-11-15 04:25:00,4302.2,118.69,TRADE
VIC1,2025-11-15 04:30:00,4349.41,120.0,TRADE
VIC1,2025-11-15 04:35:00,4376.98,120.0,TRADE
VIC1,2025-11-15 04:40:00,4434.31,131.03,TRADE
VIC1,2025-11-15 04:45:00,4433.97,118.69,TRADE
VIC1,2025-11-15 04:50:00,4448.63,135.79,TRADE
VIC1,2025-11-15 04:55:00,4370.57,120.0,TRADE
VIC1,2025-11-15 05:00:00,4506.81,137.69,TRADE
VIC1,2025-11-15 05:05:00,4545.34,130.98,TRADE
VIC1,2025-11-15 05:10:00,4594.93,137.69,TRADE
VIC1,2025-11-15 05:15:00,4490.95,137.46,TRADE
VIC1,2025-11-15 05:20:00,4592.33,137.74,TRADE
VIC1,2025-11-15 05:25:00,4595.81,145.09,TRADE
VIC1,2025-11-15 05:30:00,4633.12,143.5,TRADE
VIC1,2025-11-15 05:35:00,4567.02,143.65,TRADE
VIC1,2025-11-15 05:40:00,4590.39,148.87,TRADE
VIC1,2025-11-15 05:45:00,4643.58,177.96,TRADE
VIC1,2025-11-15 05:50:00,4635.5,165.82,TRADE
VIC1,2025-11-15 05:55:00,4632.62,142.64,TRADE
VIC1,2025-11-15 06:00:00,4607.84,115.83,TRADE
VIC1,2025-11-15 06:05:00,4647.86,75.37,TRADE
VIC1,2025-11-15 06:10:00,4602.95,56.5,TRADE
VIC1,2025-11-15 06:15:00,4618.82,38.16,TRADE
VIC1,2025-11-15 06:20:00,4681.79,115.1,TRADE
VIC1,2025-11-15 06:25:00,4725.39,49.89,TRADE
VIC1,2025-11-15 06:30:00,4615.2,49.89,TRADE
VIC1,2025-11-15 06:35:00,4508.85,19.0,TRADE
VIC1,2025-11-15 06:40:00,4595.86,19.0,TRADE
VIC1,2025-11-15 06:45:00,4525.91,8.95,TRADE
VIC1,2025-11-15 06:50:00,4457.98,19.33,TRADE
VIC1,2025-11-15 06:55:00,4382.17,0.0,TRADE
VIC1,2025-11-15 07:00:00,4302.08,12.71,TRADE
VIC1,2025-11-15 07:05:00,4280.96,12.71,TRADE
VIC1,2025-11-15 07:10:00,4168.01,19.0,TRADE
VIC1,2025-11-15 07:15:00,4038.44,19.0,TRADE
VIC1,2025-11-15 07:20:00,3998.03,29.38,TRADE
VIC1,2025-11-15 07:25:00,3949.04,8.95,TRADE
VIC1,2025-11-15 07:30:00,3887.23,-9.05,TRADE
VIC1,2025-11-15 07:35:00,3931.27,1.22,TRADE
VIC1,2025-11-15 07:40:00,3834.86,21.51,TRADE
VIC1,2025-11-15 07:45:00,3757.81,8.95,TRADE
VIC1,2025-11-15 07:50:00,3694.23,8.95,TRADE
VIC1,2025-11-15 07:55:00,3644.82,33.39,TRADE
VIC1,2025-11-15 08:00:00,3589.3,32.89,TRADE
VIC1,2025-11-15 08:05:00,3590.4,19.18,TRADE
VIC1,2025-11-15 08:10:00,3590.77,19.0,TRADE
VIC1,2025-11-15 08:15:00,3516.84,19.0,TRADE
VIC1,2025-11-15 08:20:00,3528.4,19.18,TRADE
VIC1,2025-11-15 08:25:00,3411.49,0.42,TRADE
VIC1,2025-11-15 08:30:00,3375.9,-9.67,TRADE
VIC1,2025-11-15 08:35:00,3283.43,-4.33,TRADE
VIC1,2025-11-15 08:40:00,3218.07,-9.79,TRADE
VIC1,2025-11-15 08:45:00,3201.1,8.95,TRADE
VIC1,2025-11-15 08:50:00,3036.51,-11.4,TRADE
VIC1,2025-11-15 08:55:00,3059.0,-12.38,TRADE
VIC1,2025-11-15 09:00:00,2976.29,-12.45,TRADE
VIC1,2025-11-15 09:05:00,2921.17,-9.67,TRADE
VIC1,2025-11-15 09:10:00,2811.29,-10.5,TRADE
VIC1,2025-11-15 09:15:00,2742.47,-11.0,TRADE
VIC1,2025-11-15 09:20:00,2718.62,-11.4,TRADE
VIC1,2025-11-15 09:25:00,2684.8,-12.65,TRADE
VIC1,2025-11-15 09:30:00,2720.5,-11.0,TRADE
VIC1,2025-11-15 09:35:00,2661.78,-15.07,TRADE
VIC1,2025-11-15 09:40:00,2537.02,-11.4,TRADE
VIC1,2025-11-15 09:45:00,2442.04,-11.9,TRADE
VIC1,2025-11-15 09:50:00,2391.31,-14.76,TRADE
VIC1,2025-11-15 09:55:00,2444.19,-12.34,TRADE
VIC1,2025-11-15 10:00:00,2309.67,-12.51,TRADE
VIC1,2025-11-15 10:05:00,2318.83,-14.07,TRADE
VIC1,2025-11-15 10:10:00,2343.07,-17.04,TRADE
VIC1,2025-11-15 10:15:00,2478.75,-12.06,TRADE
VIC1,2025-11-15 10:20:00,2369.94,-14.7,TRADE
VIC1,2025-11-15 10:25:00,2412.69,-14.84,TRADE
VIC1,2025-11-15 10:30:00,2388.41,-16.91,TRADE
VIC1,2025-11-15 10:35:00,2449.45,-14.07,TRADE
VIC1,2025-11-15 10:40:00,2447.63,-13.2,TRADE
VIC1,2025-11-15 10:45:00,2427.2,-13.21,TRADE
VIC1,2025-11-15 10:50:00,2436.02,-13.22,TRADE
VIC1,2025-11-15 10:55:00,2456.04,-13.31,TRADE
VIC1,2025-11-15 11:00:00,2354.6,-13.23,TRADE
VIC1,2025-11-15 11:05:00,2385.38,-11.4,TRADE
VIC1,2025-11-15 11:10:00,2454.49,-12.06,TRADE
VIC1,2025-11-15 11:15:00,2503.02,-18.24,TRADE
VIC1,2025-11-15 11:20:00,2511.06,-19.47,TRADE
VIC1,2025-11-15 11:25:00,2535.97,-17.09,TRADE
VIC1,2025-11-15 11:30:00,2570.96,-24.59,TRADE
VIC1,2025-11-15 11:35:00,2658.07,-23.59,TRADE
VIC1,2025-11-15 11:40:00,2713.61,-17.51,TRADE
VIC1,2025-11-15 11:45:00,2601.81,-18.31,TRADE
VIC1,2025-11-15 11:50:00,2675.55,-16.77,TRADE
VIC1,2025-11-15 11:55:00,2704.98,-14.54,TRADE
VIC1,2025-11-15 12:00:00,2678.12,-14.22,TRADE
VIC1,2025-11-15 12:05:00,2676.41,-14.4,TRADE
VIC1,2025-11-15 12:10:00,2592.35,-14.26,TRADE
VIC1,2025-11-15 12:15:00,2642.77,-12.06,TRADE
VIC1,2025-11-15 12:20:00,2619.18,-12.06,TRADE
VIC1,2025-11-15 12:25:00,2557.53,-13.23,TRADE
VIC1,2025-11-15 12:30:00,2565.38,-13.38,TRADE
VIC1,2025-11-15 12:35:00,2645.42,-11.0,TRADE
VIC1,2025-11-15 12:40:00,2629.41,-9.78,TRADE
VIC1,2025-11-15 12:45:00,2626.48,-9.78,TRADE
VIC1,2025-11-15 12:50:00,2740.35,-10.52,TRADE
VIC1,2025-11-15 12:55:00,2729.82,-8.66,TRADE
VIC1,2025-11-15 13:00:00,2703.15,-8.73,TRADE
VIC1,2025-11-15 13:05:00,2618.43,-9.1,TRADE
VIC1,2025-11-15 13:10:00,2637.02,-9.02,TRADE
VIC1,2025-11-15 13:15:00,2566.07,-8.7,TRADE
VIC1,2025-11-15 13:20:00,2529.96,-8.2,TRADE
VIC1,2025-11-15 13:25:00,2610.74,-8.29,TRADE
VIC1,2025-11-15 13:30:00,2654.94,-8.7,TRADE
VIC1,2025-11-15 13:35:00,2696.96,-6.5,TRADE
VIC1,2025-11-15 13:40:00,2741.27,0.0,TRADE
VIC1,2025-11-15 13:45:00,2836.47,0.0,TRADE
VIC1,2025-11-15 13:50:00,2844.52,-10.25,TRADE
VIC1,2025-11-15 13:55:00,2961.01,-6.5,TRADE
VIC1,2025-11-15 14:00:00,2906.44,0.0,TRADE
VIC1,2025-11-15 14:05:00,3014.01,-11.4,TRADE
VIC1,2025-11-15 14:10:00,3128.26,-10.56,TRADE
VIC1,2025-11-15 14:15:00,3081.24,-10.98,TRADE
VIC1,2025-11-15 14:20:00,3099.26,-6.5,TRADE
VIC1,2025-11-15 14:25:00,3088.85,-6.5,TRADE
VIC1,2025-11-15 14:30:00,3075.62,-6.5,TRADE
VIC1,2025-11-15 14:35:00,3089.9,0.0,TRADE
VIC1,2025-11-15 14:40:00,3084.68,0.0,TRADE
VIC1,2025-11-15 14:45:00,3124.0,0.69,TRADE
VIC1,2025-11-15 14:50:00,3168.36,4.5,TRADE
VIC1,2025-11-15 14:55:00,3131.87,-3.53,TRADE
VIC1,2025-11-15 15:00:00,3160.82,0.0,TRADE
VIC1,2025-11-15 15:05:00,3295.26,-2.95,TRADE
VIC1,2025-11-15 15:10:00,3296.09,-2.46,TRADE
VIC1,2025-11-15 15:15:00,3273.03,-6.5,TRADE
VIC1,2025-11-15 15:20:00,3208.24,-11.0,TRADE
VIC1,2025-11-15 15:25:00,3281.53,-11.22,TRADE
VIC1,2025-11-15 15:30:00,3429.99,-6.5,TRADE
VIC1,2025-11-15 15:35:00,3507.93,-6.5,TRADE
VIC1,2025-11-15 15:40:00,3514.11,-0.24,TRADE
VIC1,2025-11-15 15:45:00,3585.5,-6.5,TRADE
VIC1,2025-11-15 15:50:00,3647.48,-6.5,TRADE
VIC1,2025-11-15 15:55:00,3718.63,0.0,TRADE
VIC1,2025-11-15 16:00:00,3678.24,-3.53,TRADE
VIC1,2025-11-15 16:05:00,3708.77,8.95,TRADE
VIC1,2025-11-15 16:10:00,3676.92,-3.53,TRADE
VIC1,2025-11-15 16:15:00,3727.68,-3.53,TRADE
VIC1,2025-11-15 16:20:00,3714.12,8.95,TRADE
VIC1,2025-11-15 16:25:00,3746.31,8.95,TRADE
VIC1,2025-11-15 16:30:00,3903.8,0.0,TRADE
VIC1,2025-11-15 16:35:00,3990.61,52.27,TRADE
VIC1,2025-11-15 16:40:00,4084.87,-22.32,TRADE
VIC1,2025-11-15 16:45:00,4259.26,60.61,TRADE
VIC1,2025-11-15 16:50:00,4269.01,-6.5,TRADE
VIC1,2025-11-15 16:55:00,4307.67,46.05,TRADE
VIC1,2025-11-15 17:00:00,4251.37,7.47,TRADE
VIC1,2025-11-15 17:05:00,4292.04,73.29,TRADE
VIC1,2025-11-15 17:10:00,4312.34,64.26,TRADE
VIC1,2025-11-15 17:15:00,4310.11,53.36,TRADE
VIC1,2025-11-15 17:20:00,4331.18,63.3,TRADE
VIC1,2025-11-15 17:25:00,4312.77,73.29,TRADE
VIC1,2025-11-15 17:30:00,4375.89,63.3,TRADE
VIC1,2025-11-15 17:35:00,4373.33,63.56,TRADE
VIC1,2025-11-15 17:40:00,4548.76,76.42,TRADE
VIC1,2025-11-15 17:45:00,4527.55,64.52,TRADE
VIC1,2025-11-15 17:50:00,4610.12,69.67,TRADE
VIC1,2025-11-15 17:55:00,4752.7,80.33,TRADE
VIC1,2025-11-15 18:00:00,4757.57,77.23,TRADE
VIC1,2025-11-15 18:05:00,4789.25,79.03,TRADE
VIC1,2025-11-15 18:10:00,4804.18,70.92,TRADE
VIC1,2025-11-15 18:15:00,4842.98,72.95,TRADE
VIC1,2025-11-15 18:20:00,4922.37,73.79,TRADE
VIC1,2025-11-15 18:25:00,4842.93,82.8,TRADE
VIC1,2025-11-15 18:30:00,4890.46,66.49,TRADE
VIC1,2025-11-15 18:35:00,4949.52,80.0,TRADE
VIC1,2025-11-15 18:40:00,4977.78,78.33,TRADE
VIC1,2025-11-15 18:45:00,4981.32,80.0,TRADE
VIC1,2025-11-15 18:50:00,5060.62,80.0,TRADE
VIC1,2025-11-15 18:55:00,5060.65,74.52,TRADE
VIC1,2025-11-15 19:00:00,5057.04,71.94,TRADE
VIC1,2025-11-15 19:05:00,5052.0,84.08,TRADE
VIC1,2025-11-15 19:10:00,5057.35,69.67,TRADE
VIC1,2025-11-15 19:15:00,5109.99,70.12,TRADE
VIC1,2025-11-15 19:20:00,5115.24,91.64,TRADE
VIC1,2025-11-15 19:25:00,5162.64,90.41,TRADE
VIC1,2025-11-15 19:30:00,5155.78,68.55,TRADE
VIC1,2025-11-15 19:35:00,5145.4,69.67,TRADE
VIC1,2025-11-15 19:40:00,5221.56,75.58,TRADE
VIC1,2025-11-15 19:45:00,5196.99,69.67,TRADE
VIC1,2025-11-15 19:50:00,5158.51,72.05,TRADE
VIC1,2025-11-15 19:55:00,5090.35,65.58,TRADE
VIC1,2025-11-15 20:00:00,5090.01,71.92,TRADE
VIC1,2025-11-15 20:05:00,5205.82,80.0,TRADE
VIC1,2025-11-15 20:10:00,5088.19,70.32,TRADE
VIC1,2025-11-15 20:15:00,5121.84,74.82,TRADE
VIC1,2025-11-15 20:20:00,5111.58,76.46,TRADE
VIC1,2025-11-15 20:25:00,5074.69,76.02,TRADE
VIC1,2025-11-15 20:30:00,5089.6,70.94,TRADE
VIC1,2025-11-15 20:35:00,5086.15,80.0,TRADE
VIC1,2025-11-15 20:40:00,4944.08,76.3,TRADE
VIC1,2025-11-15 20:45:00,4968.18,69.67,TRADE
VIC1,2025-11-15 20:50:00,5011.01,94.34,TRADE
VIC1,2025-11-15 20:55:00,4944.5,65.26,TRADE
VIC1,2025-11-15 21:00:00,4906.43,73.79,TRADE
VIC1,2025-11-15 21:05:00,4916.79,73.79,TRADE
VIC1,2025-11-15 21:10:00,4939.01,73.84,TRADE
VIC1,2025-11-15 21:15:00,4896.01,65.26,TRADE
VIC1,2025-11-15 21:20:00,4839.65,73.33,TRADE
VIC1,2025-11-15 21:25:00,4818.62,80.0,TRADE
VIC1,2025-11-15 21:30:00,4867.71,73.84,TRADE
VIC1,2025-11-15 21:35:00,4868.54,101.28,TRADE
VIC1,2025-11-15 21:40:00,4829.76,80.0,TRADE
VIC1,2025-11-15 21:45:00,4788.38,80.06,TRADE
VIC1,2025-11-15 21:50:00,4763.96,106.14,TRADE
VIC1,2025-11-15 21:55:00,4740.81,80.01,TRADE
VIC1,2025-11-15 22:00:00,4637.27,73.76,TRADE
VIC1,2025-11-15 22:05:00,4669.47,97.0,TRADE
VIC1,2025-11-15 22:10:00,4663.72,91.06,TRADE
VIC1,2025-11-15 22:15:00,4654.28,92.04,TRADE
VIC1,2025-11-15 22:20:00,4689.23,105.85,TRADE
VIC1,2025-11-15 22:25:00,4690.31,95.44,TRADE
VIC1,2025-11-15 22:30:00,4694.47,92.52,TRADE
VIC1,2025-11-15 22:35:00,4601.45,89.62,TRADE
VIC1,2025-11-15 22:40:00,4597.13,87.02,TRADE
VIC1,2025-11-15 22:45:00,4616.87,94.51,TRADE
VIC1,2025-11-15 22:50:00,4605.4,80.0,TRADE
VIC1,2025-11-15 22:55:00,4607.99,82.81,TRADE
VIC1,2025-11-15 23:00:00,4619.75,97.0,TRADE
VIC1,2025-11-15 23:05:00,4673.11,94.45,TRADE
VIC1,2025-11-15 23:10:00,4795.39,90.93,TRADE
VIC1,2025-11-15 23:15:00,4768.65,80.0,TRADE
VIC1,2025-11-15 23:20:00,4797.45,91.31,TRADE
VIC1,2025-11-15 23:25:00,4868.72,80.48,TRADE
VIC1,2025-11-15 23:30:00,4877.33,80.0,TRADE
VIC1,2025-11-15 23:35:00,4838.27,93.6,TRADE
VIC1,2025-11-15 23:40:00,4781.4,92.07,TRADE
VIC1,2025-11-15 23:45:00,4813.04,93.21,TRADE
VIC1,2025-11-15 23:50:00,4768.43,90.43,TRADE
VIC1,2025-11-15 23:55:00,4643.13,80.0,TRADE
VIC1,2025-11-16 00:00:00,4624.2,80.0,TRADE
VIC1,2025-11-16 00:05:00,4642.27,80.0,TRADE
VIC1,2025-11-16 00:10:00,4542.09,80.0,TRADE
VIC1,2025-11-16 00:15:00,4536.63,80.0,TRADE
VIC1,2025-11-16 00:20:00,4498.79,80.0,TRADE
VIC1,2025-11-16 00:25:00,4471.31,80.0,TRADE
VIC1,2025-11-16 00:30:00,4481.84,77.47,TRADE
VIC1,2025-11-16 00:35:00,4430.81,73.79,TRADE
VIC1,2025-11-16 00:40:00,4429.2,86.32,TRADE
VIC1,2025-11-16 00:45:00,4372.53,73.24,TRADE
VIC1,2025-11-16 00:50:00,4376.8,80.0,TRADE
VIC1,2025-11-16 00:55:00,4371.17,80.0,TRADE
VIC1,2025-11-16 01:00:00,4297.02,80.0,TRADE
VIC1,2025-11-16 01:05:00,4274.43,81.73,TRADE
VIC1,2025-11-16 01:10:00,4240.19,81.74,TRADE
VIC1,2025-11-16 01:15:00,4233.49,80.0,TRADE
VIC1,2025-11-16 01:20:00,4240.4,80.0,TRADE
VIC1,2025-11-16 01:25:00,4206.33,80.0,TRADE
VIC1,2025-11-16 01:30:00,4214.74,73.05,TRADE
VIC1,2025-11-16 01:35:00,4203.95,70.09,TRADE
VIC1,2025-11-16 01:40:00,4187.66,74.46,TRADE
VIC1,2025-11-16 01:45:00,4165.91,73.93,TRADE
VIC1,2025-11-16 01:50:00,4104.8,68.29,TRADE
VIC1,2025-11-16 01:55:00,4106.39,65.38,TRADE
VIC1,2025-11-16 02:00:00,4114.71,66.2,TRADE
VIC1,2025-11-16 02:05:00,4066.38,56.4,TRADE
VIC1,2025-11-16 02:10:00,4090.72,71.16,TRADE
VIC1,2025-11-16 02:15:00,4071.06,64.59,TRADE
VIC1,2025-11-16 02:20:00,4066.71,54.49,TRADE
VIC1,2025-11-16 02:25:00,4080.55,56.01,TRADE
VIC1,2025-11-16 02:30:00,4050.05,56.21,TRADE
VIC1,2025-11-16 02:35:00,4017.95,66.45,TRADE
VIC1,2025-11-16 02:40:00,4023.33,67.37,TRADE
VIC1,2025-11-16 02:45:00,3980.92,68.68,TRADE
VIC1,2025-11-16 02:50:00,3980.63,67.24,TRADE
VIC1,2025-11-16 02:55:00,3953.09,66.37,TRADE
VIC1,2025-11-16 03:00:00,3945.46,66.85,TRADE
VIC1,2025-11-16 03:05:00,3946.02,70.41,TRADE
VIC1,2025-11-16 03:10:00,3929.15,55.57,TRADE
VIC1,2025-11-16 03:15:00,3954.0,66.91,TRADE
VIC1,2025-11-16 03:20:00,3931.11,55.19,TRADE
VIC1,2025-11-16 03:25:00,3951.23,56.79,TRADE
VIC1,2025-11-16 03:30:00,3941.1,70.5,TRADE
VIC1,2025-11-16 03:35:00,3911.62,66.19,TRADE
VIC1,2025-11-16 03:40:00,3908.91,66.69,TRADE
VIC1,2025-11-16 03:45:00,3896.88,64.62,TRADE
VIC1,2025-11-16 03:50:00,3880.51,47.61,TRADE
VIC1,2025-11-16 03:55:00,3929.82,54.21,TRADE
VIC1,2025-11-16 04:00:00,3938.23,48.4,TRADE
VIC1,2025-11-16 04:05:00,3978.45,45.29,TRADE
VIC1,2025-11-16 04:10:00,3965.31,45.1,TRADE
VIC1,2025-11-16 04:15:00,3968.64,48.38,TRADE
VIC1,2025-11-16 04:20:00,3965.13,50.31,TRADE
VIC1,2025-11-16 04:25:00,3984.21,12.71,TRADE
VIC1,2025-11-16 04:30:00,3986.82,12.71,TRADE
VIC1,2025-11-16 04:35:00,3984.9,12.71,TRADE
VIC1,2025-11-16 04:40:00,3944.92,12.71,TRADE
VIC1,2025-11-16 04:45:00,3922.28,8.95,TRADE
VIC1,2025-11-16 04:50:00,3936.94,8.95,TRADE
VIC1,2025-11-16 04:55:00,3936.55,8.95,TRADE
VIC1,2025-11-16 05:00:00,3972.63,8.95,TRADE
VIC1,2025-11-16 05:05:00,3982.38,8.95,TRADE
VIC1,2025-11-16 05:10:00,3934.35,8.95,TRADE
VIC1,2025-11-16 05:15:00,3973.02,8.95,TRADE
VIC1,2025-11-16 05:20:00,3993.17,8.85,TRADE
VIC1,2025-11-16 05:25:00,3903.12,0.01,TRADE
VIC1,2025-11-16 05:30:00,3881.99,0.0,TRADE
VIC1,2025-11-16 05:35:00,3949.28,-0.24,TRADE
VIC1,2025-11-16 05:40:00,3934.85,-8.7,TRADE
VIC1,2025-11-16 05:45:00,3838.09,-11.12,TRADE
VIC1,2025-11-16 05:50:00,3911.37,-10.99,TRADE
VIC1,2025-11-16 05:55:00,3965.11,-11.33,TRADE
VIC1,2025-11-16 06:00:00,3873.75,-13.18,TRADE
VIC1,2025-11-16 06:05:00,4007.86,-15.26,TRADE
VIC1,2025-11-16 06:10:00,4027.48,-13.18,TRADE
VIC1,2025-11-16 06:15:00,4031.45,-26.31,TRADE
VIC1,2025-11-16 06:20:00,4093.19,-33.67,TRADE
VIC1,2025-11-16 06:25:00,4088.98,-35.83,TRADE
VIC1,2025-11-16 06:30:00,4114.94,-33.67,TRADE
VIC1,2025-11-16 06:35:00,4024.01,-22.29,TRADE
VIC1,2025-11-16 06:40:00,4057.84,-21.43,TRADE
VIC1,2025-11-16 06:45:00,4070.36,-21.24,TRADE
VIC1,2025-11-16 06:50:00,3994.59,-21.97,TRADE
VIC1,2025-11-16 06:55:00,4011.45,-21.57,TRADE
VIC1,2025-11-16 07:00:00,4031.11,-22.11,TRADE
VIC1,2025-11-16 07:05:00,4019.51,-21.28,TRADE
VIC1,2025-11-16 07:10:00,3999.0,-22.27,TRADE
VIC1,2025-11-16 07:15:00,4018.7,-22.16,TRADE
VIC1,2025-11-16 07:20:00,4056.45,-19.99,TRADE
VIC1,2025-11-16 07:25:00,3981.66,-22.03,TRADE
VIC1,2025-11-16 07:30:00,3992.3,-22.28,TRADE
VIC1,2025-11-16 07:35:00,4022.53,-17.83,TRADE
VIC1,2025-11-16 07:40:00,4019.75,-22.74,TRADE
VIC1,2025-11-16 07:45:00,4013.94,-22.43,TRADE
VIC1,2025-11-16 07:50:00,3980.5,-32.67,TRADE
VIC1,2025-11-16 07:55:00,3919.07,-32.67,TRADE
VIC1,2025-11-16 08:00:00,3807.65,-33.67,TRADE
VIC1,2025-11-16 08:05:00,3793.33,-33.67,TRADE
VIC1,2025-11-16 08:10:00,3763.8,-33.87,TRADE
VIC1,2025-11-16 08:15:00,3625.12,-50.11,TRADE
VIC1,2025-11-16 08:20:00,3624.11,-50.01,TRADE
VIC1,2025-11-16 08:25:00,3626.91,-50.01,TRADE
VIC1,2025-11-16 08:30:00,3621.87,-36.1,TRADE
VIC1,2025-11-16 08:35:00,3505.9,-50.11,TRADE
VIC1,2025-11-16 08:40:00,3539.61,-25.0,TRADE
VIC1,2025-11-16 08:45:00,3545.05,-32.67,TRADE
VIC1,2025-11-16 08:50:00,3610.91,-35.55,TRADE
VIC1,2025-11-16 08:55:00,3678.76,-35.55,TRADE
VIC1,2025-11-16 09:00:00,3633.63,-30.78,TRADE
VIC1,2025-11-16 09:05:00,3681.09,-24.22,TRADE
VIC1,2025-11-16 09:10:00,3688.67,-32.67,TRADE
VIC1,2025-11-16 09:15:00,3759.28,-24.5,TRADE
VIC1,2025-11-16 09:20:00,3684.48,-25.29,TRADE
VIC1,2025-11-16 09:25:00,3591.99,-32.67,TRADE
VIC1,2025-11-16 09:30:00,3685.09,-33.67,TRADE
VIC1,2025-11-16 09:35:00,3683.3,-33.67,TRADE
VIC1,2025-11-16 09:40:00,3627.36,-33.67,TRADE
VIC1,2025-11-16 09:45:00,3650.56,-33.67,TRADE
VIC1,2025-11-16 09:50:00,3526.64,-50.01,TRADE
VIC1,2025-11-16 09:55:00,3504.0,-49.99,TRADE
VIC1,2025-11-16 10:00:00,3518.83,-33.67,TRADE
VIC1,2025-11-16 10:05:00,3613.21,-33.67,TRADE
VIC1,2025-11-16 10:10:00,3595.02,-39.48,TRADE
VIC1,2025-11-16 10:15:00,3711.48,-34.89,TRADE
VIC1,2025-11-16 10:20:00,3724.89,-33.67,TRADE
VIC1,2025-11-16 10:25:00,3723.79,-49.7,TRADE
VIC1,2025-11-16 10:30:00,3722.55,-33.67,TRADE
VIC1,2025-11-16 10:35:00,3658.95,-32.67,TRADE
VIC1,2025-11-16 10:40:00,3707.68,-32.72,TRADE
VIC1,2025-11-16 10:45:00,3702.36,-35.89,TRADE
VIC1,2025-11-16 10:50:00,3536.77,-50.01,TRADE
VIC1,2025-11-16 10:55:00,3570.42,-38.07,TRADE
VIC1,2025-11-16 11:00:00,3502.63,-33.67,TRADE
VIC1,2025-11-16 11:05:00,3540.09,-32.89,TRADE
VIC1,2025-11-16 11:10:00,3560.71,-36.0,TRADE
VIC1,2025-11-16 11:15:00,3460.8,-33.67,TRADE
VIC1,2025-11-16 11:20:00,3443.76,-33.67,TRADE
VIC1,2025-11-16 11:25:00,3413.21,-33.67,TRADE
VIC1,2025-11-16 11:30:00,3318.09,-35.55,TRADE
VIC1,2025-11-16 11:35:00,3227.8,-49.67,TRADE
VIC1,2025-11-16 11:40:00,3182.87,-25.18,TRADE
VIC1,2025-11-16 11:45:00,3098.37,-25.03,TRADE
VIC1,2025-11-16 11:50:00,3193.27,-23.35,TRADE
VIC1,2025-11-16 11:55:00,3178.97,-23.74,TRADE
VIC1,2025-11-16 12:00:00,3139.28,-32.67,TRADE
VIC1,2025-11-16 12:05:00,3229.2,-25.14,TRADE
VIC1,2025-11-16 12:10:00,3298.07,-22.86,TRADE
VIC1,2025-11-16 12:15:00,3199.26,-23.83,TRADE
VIC1,2025-11-16 12:20:00,3111.36,-22.38,TRADE
VIC1,2025-11-16 12:25:00,3030.54,-21.94,TRADE
VIC1,2025-11-16 12:30:00,2874.28,-29.95,TRADE
VIC1,2025-11-16 12:35:00,2750.29,-33.67,TRADE
VIC1,2025-11-16 12:40:00,2611.37,-23.33,TRADE
VIC1,2025-11-16 12:45:00,2611.65,-22.11,TRADE
VIC1,2025-11-16 12:50:00,2740.39,-22.87,TRADE
VIC1,2025-11-16 12:55:00,2720.84,-22.84,TRADE
VIC1,2025-11-16 13:00:00,2957.14,-20.43,TRADE
VIC1,2025-11-16 13:05:00,3075.79,-21.49,TRADE
VIC1,2025-11-16 13:10:00,3133.34,-20.37,TRADE
VIC1,2025-11-16 13:15:00,3118.5,-18.8,TRADE
VIC1,2025-11-16 13:20:00,2985.33,-20.99,TRADE
VIC1,2025-11-16 13:25:00,2983.5,-21.28,TRADE
VIC1,2025-11-16 13:30:00,3005.8,-21.51,TRADE
VIC1,2025-11-16 13:35:00,2870.89,-20.99,TRADE
VIC1,2025-11-16 13:40:00,2700.64,-23.73,TRADE
VIC1,2025-11-16 13:45:00,2750.83,-20.99,TRADE
VIC1,2025-11-16 13:50:00,2759.6,-22.18,TRADE
VIC1,2025-11-16 13:55:00,2837.83,-20.99,TRADE
VIC1,2025-11-16 14:00:00,2824.75,-20.99,TRADE
VIC1,2025-11-16 14:05:00,3020.85,-19.99,TRADE
VIC1,2025-11-16 14:10:00,3067.91,-18.8,TRADE
VIC1,2025-11-16 14:15:00,3116.07,-18.8,TRADE
VIC1,2025-11-16 14:20:00,3282.83,-18.8,TRADE
VIC1,2025-11-16 14:25:00,3332.89,-17.26,TRADE
VIC1,2025-11-16 14:30:00,3377.07,-14.08,TRADE
VIC1,2025-11-16 14:35:00,3341.45,-18.8,TRADE
VIC1,2025-11-16 14:40:00,3358.17,-18.8,TRADE
VIC1,2025-11-16 14:45:00,3476.25,-13.69,TRADE
VIC1,2025-11-16 14:50:00,3565.39,-12.74,TRADE
VIC1,2025-11-16 14:55:00,3572.95,-13.12,TRADE
VIC1,2025-11-16 15:00:00,3683.92,-11.99,TRADE
VIC1,2025-11-16 15:05:00,3664.75,-18.8,TRADE
VIC1,2025-11-16 15:10:00,3720.09,-11.99,TRADE
VIC1,2025-11-16 15:15:00,3567.78,-18.8,TRADE
VIC1,2025-11-16 15:20:00,3503.59,-18.8,TRADE
VIC1,2025-11-16 15:25:00,3500.16,-18.14,TRADE
VIC1,2025-11-16 15:30:00,3468.87,-19.99,TRADE
VIC1,2025-11-16 15:35:00,3490.85,-18.14,TRADE
VIC1,2025-11-16 15:40:00,3507.56,-18.8,TRADE
VIC1,2025-11-16 15:45:00,3579.7,-19.99,TRADE
VIC1,2025-11-16 15:50:00,3642.51,-11.99,TRADE
VIC1,2025-11-16 15:55:00,3463.73,-19.99,TRADE
VIC1,2025-11-16 16:00:00,3519.89,-20.53,TRADE
VIC1,2025-11-16 16:05:00,3601.86,-19.99,TRADE
VIC1,2025-11-16 16:10:00,3614.94,-18.8,TRADE
VIC1,2025-11-16 16:15:00,3690.36,-13.12,TRADE
VIC1,2025-11-16 16:20:00,3819.81,-8.29,TRADE
VIC1,2025-11-16 16:25:00,3900.0,-7.24,TRADE
VIC1,2025-11-16 16:30:00,4079.98,-6.5,TRADE
VIC1,2025-11-16 16:35:00,4213.96,-6.5,TRADE
VIC1,2025-11-16 16:40:00,4263.14,-6.5,TRADE
VIC1,2025-11-16 16:45:00,4387.83,-6.5,TRADE
VIC1,2025-11-16 16:50:00,4511.68,-6.5,TRADE
VIC1,2025-11-16 16:55:00,4488.83,-6.5,TRADE
VIC1,2025-11-16 17:00:00,4621.09,-6.5,TRADE
VIC1,2025-11-16 17:05:00,4766.85,-3.56,TRADE
VIC1,2025-11-16 17:10:00,4793.05,-6.5,TRADE
VIC1,2025-11-16 17:15:00,4855.53,-6.5,TRADE
VIC1,2025-11-16 17:20:00,4925.22,-3.56,TRADE
VIC1,2025-11-16 17:25:00,5069.63,0.0,TRADE
VIC1,2025-11-16 17:30:00,5117.65,4.5,TRADE
VIC1,2025-11-16 17:35:00,5177.15,0.0,TRADE
VIC1,2025-11-16 17:40:00,5179.53,0.0,TRADE
VIC1,2025-11-16 17:45:00,5229.61,0.0,TRADE
VIC1,2025-11-16 17:50:00,5196.59,-6.5,TRADE
VIC1,2025-11-16 17:55:00,5088.8,-6.5,TRADE
VIC1,2025-11-16 18:00:00,5089.96,-6.5,TRADE
VIC1,2025-11-16 18:05:00,5146.75,-6.5,TRADE
VIC1,2025-11-16 18:10:00,5129.11,-6.5,TRADE
VIC1,2025-11-16 18:15:00,5063.71,-6.5,TRADE
VIC1,2025-11-16 18:20:00,5073.95,-6.5,TRADE
VIC1,2025-11-16 18:25:00,5111.3,-6.5,TRADE
VIC1,2025-11-16 18:30:00,5196.53,-6.5,TRADE
VIC1,2025-11-16 18:35:00,5184.25,-6.5,TRADE
VIC1,2025-11-16 18:40:00,5228.03,-6.5,TRADE
VIC1,2025-11-16 18:45:00,5141.45,-8.7,TRADE
VIC1,2025-11-16 18:50:00,5114.89,-6.5,TRADE
VIC1,2025-11-16 18:55:00,5224.36,-6.5,TRADE
VIC1,2025-11-16 19:00:00,5220.92,-6.5,TRADE
VIC1,2025-11-16 19:05:00,5225.62,-6.5,TRADE
VIC1,2025-11-16 19:10:00,5212.87,-6.5,TRADE
VIC1,2025-11-16 19:15:00,5208.95,-6.5,TRADE
VIC1,2025-11-16 19:20:00,5185.52,-6.5,TRADE
VIC1,2025-11-16 19:25:00,5151.72,-6.5,TRADE
VIC1,2025-11-16 19:30:00,5149.5,-6.5,TRADE
VIC1,2025-11-16 19:35:00,5132.4,-6.5,TRADE
VIC1,2025-11-16 19:40:00,5100.9,-6.5,TRADE
VIC1,2025-11-16 19:45:00,5138.27,-6.5,TRADE
VIC1,2025-11-16 19:50:00,5129.21,-6.5,TRADE
VIC1,2025-11-16 19:55:00,5097.43,-6.5,TRADE
VIC1,2025-11-16 20:00:00,5101.99,-6.5,TRADE
VIC1,2025-11-16 20:05:00,5101.4,-6.5,TRADE
VIC1,2025-11-16 20:10:00,5000.38,-6.5,TRADE
VIC1,2025-11-16 20:15:00,4974.26,-6.5,TRADE
VIC1,2025-11-16 20:20:00,4944.82,-8.7,TRADE
VIC1,2025-11-16 20:25:00,4921.86,-6.5,TRADE
VIC1,2025-11-16 20:30:00,4932.17,-9.14,TRADE
VIC1,2025-11-16 20:35:00,4911.59,-9.1,TRADE
VIC1,2025-11-16 20:40:00,4883.85,-6.5,TRADE
VIC1,2025-11-16 20:45:00,4797.74,-6.5,TRADE
VIC1,2025-11-16 20:50:00,4757.71,-6.5,TRADE
VIC1,2025-11-16 20:55:00,4716.97,-6.5,TRADE
VIC1,2025-11-16 21:00:00,4668.2,-6.5,TRADE
VIC1,2025-11-16 21:05:00,4645.67,-6.5,TRADE
VIC1,2025-11-16 21:10:00,4607.35,-6.5,TRADE
VIC1,2025-11-16 21:15:00,4587.88,-6.5,TRADE
VIC1,2025-11-16 21:20:00,4559.38,-6.5,TRADE
VIC1,2025-11-16 21:25:00,4482.78,-7.45,TRADE
VIC1,2025-11-16 21:30:00,4458.12,-6.5,TRADE
VIC1,2025-11-16 21:35:00,4418.79,-6.5,TRADE
VIC1,2025-11-16 21:40:00,4366.2,-6.5,TRADE
VIC1,2025-11-16 21:45:00,4329.49,-6.5,TRADE
VIC1,2025-11-16 21:50:00,4330.1,-6.5,TRADE
VIC1,2025-11-16 21:55:00,4273.4,-6.5,TRADE
VIC1,2025-11-16 22:00:00,4266.87,-6.5,TRADE
VIC1,2025-11-16 22:05:00,4212.95,-6.5,TRADE
VIC1,2025-11-16 22:10:00,4242.75,-6.5,TRADE
VIC1,2025-11-16 22:15:00,4228.85,-6.5,TRADE
VIC1,2025-11-16 22:20:00,4226.36,-6.5,TRADE
VIC1,2025-11-16 22:25:00,4220.21,-6.5,TRADE
VIC1,2025-11-16 22:30:00,4205.66,-6.5,TRADE
VIC1,2025-11-16 22:35:00,4196.13,-6.5,TRADE
VIC1,2025-11-16 22:40:00,4167.09,-6.5,TRADE
VIC1,2025-11-16 22:45:00,4162.07,-6.5,TRADE
VIC1,2025-11-16 22:50:00,4126.51,-6.5,TRADE
VIC1,2025-11-16 22:55:00,4143.42,-6.5,TRADE
VIC1,2025-11-16 23:00:00,4142.58,-6.5,TRADE
VIC1,2025-11-16 23:05:00,4197.4,-6.5,TRADE
VIC1,2025-11-16 23:10:00,4305.08,-6.5,TRADE
VIC1,2025-11-16 23:15:00,4366.73,-6.5,TRADE
VIC1,2025-11-16 23:20:00,4313.65,-3.56,TRADE
VIC1,2025-11-16 23:25:00,4333.54,-3.56,TRADE
VIC1,2025-11-16 23:30:00,4318.55,-6.5,TRADE
VIC1,2025-11-16 23:35:00,4327.97,-3.56,TRADE
VIC1,2025-11-16 23:40:00,4298.4,-6.5,TRADE
VIC1,2025-11-16 23:45:00,4256.33,-6.5,TRADE
VIC1,2025-11-16 23:50:00,4273.3,-0.24,TRADE
VIC1,2025-11-16 23:55:00,4221.93,-3.56,TRADE
VIC1,2025-11-22 00:00:00,4537.5,51.63,TRADE
VIC1,2025-11-22 00:05:00,4545.38,40.25,TRADE
VIC1,2025-11-22 00:10:00,4505.55,51.69,TRADE
VIC1,2025-11-22 00:15:00,4488.53,45.23,TRADE
VIC1,2025-11-22 00:20:00,4465.69,41.18,TRADE
VIC1,2025-11-22 00:25:00,4429.8,45.14,TRADE
VIC1,2025-11-22 00:30:00,4425.11,44.94,TRADE
VIC1,2025-11-22 00:35:00,4427.14,42.08,TRADE
VIC1,2025-11-22 00:40:00,4417.92,51.54,TRADE
VIC1,2025-11-22 00:45:00,4414.47,42.7,TRADE
VIC1,2025-11-22 00:50:00,4425.07,41.96,TRADE
VIC1,2025-11-22 00:55:00,4412.5,41.46,TRADE
VIC1,2025-11-22 01:00:00,4385.12,33.17,TRADE
VIC1,2025-11-22 01:05:00,4360.3,33.08,TRADE
VIC1,2025-11-22 01:10:00,4317.19,32.64,TRADE
VIC1,2025-11-22 01:15:00,4305.83,32.87,TRADE
VIC1,2025-11-22 01:20:00,4299.52,33.34,TRADE
VIC1,2025-11-22 01:25:00,4291.61,33.6,TRADE
VIC1,2025-11-22 01:30:00,4272.98,33.58,TRADE
VIC1,2025-11-22 01:35:00,4255.43,53.45,TRADE
VIC1,2025-11-22 01:40:00,4223.34,54.23,TRADE
VIC1,2025-11-22 01:45:00,4239.83,54.02,TRADE
VIC1,2025-11-22 01:50:00,4234.21,54.62,TRADE
VIC1,2025-11-22 01:55:00,4208.0,54.61,TRADE
VIC1,2025-11-22 02:00:00,4188.64,55.01,TRADE
VIC1,2025-11-22 02:05:00,4169.15,53.43,TRADE
VIC1,2025-11-22 02:10:00,4207.81,55.03,TRADE
VIC1,2025-11-22 02:15:00,4157.75,54.96,TRADE
VIC1,2025-11-22 02:20:00,4122.72,54.47,TRADE
VIC1,2025-11-22 02:25:00,4159.99,54.81,TRADE
VIC1,2025-11-22 02:30:00,4133.45,55.34,TRADE
VIC1,2025-11-22 02:35:00,4111.25,55.3,TRADE
VIC1,2025-11-22 02:40:00,4097.45,55.31,TRADE
VIC1,2025-11-22 02:45:00,4084.19,55.73,TRADE
VIC1,2025-11-22 02:50:00,4097.35,55.28,TRADE
VIC1,2025-11-22 02:55:00,4109.02,55.3,TRADE
VIC1,2025-11-22 03:00:00,4083.05,54.6,TRADE
VIC1,2025-11-22 03:05:00,4115.25,55.52,TRADE
VIC1,2025-11-22 03:10:00,4074.35,54.49,TRADE
VIC1,2025-11-22 03:15:00,4075.92,55.32,TRADE
VIC1,2025-11-22 03:20:00,4100.82,55.47,TRADE
VIC1,2025-11-22 03:25:00,4111.69,55.28,TRADE
VIC1,2025-11-22 03:30:00,4124.88,55.74,TRADE
VIC1,2025-11-22 03:35:00,4122.11,55.61,TRADE
VIC1,2025-11-22 03:40:00,4116.63,55.66,TRADE
VIC1,2025-11-22 03:45:00,4110.04,55.85,TRADE
VIC1,2025-11-22 03:50:00,4118.4,55.66,TRADE
VIC1,2025-11-22 03:55:00,4116.22,55.21,TRADE
VIC1,2025-11-22 04:00:00,4078.79,55.61,TRADE
VIC1,2025-11-22 04:05:00,4100.59,55.58,TRADE
VIC1,2025-11-22 04:10:00,4137.86,56.45,TRADE
VIC1,2025-11-22 04:15:00,4118.6,56.5,TRADE
VIC1,2025-11-22 04:20:00,4144.58,56.5,TRADE
VIC1,2025-11-22 04:25:00,4169.13,56.5,TRADE
VIC1,2025-11-22 04:30:00,4192.72,56.5,TRADE
VIC1,2025-11-22 04:35:00,4186.74,60.0,TRADE
VIC1,2025-11-22 04:40:00,4241.67,57.29,TRADE
VIC1,2025-11-22 04:45:00,4253.73,57.31,TRADE
VIC1,2025-11-22 04:50:00,4229.6,63.38,TRADE
VIC1,2025-11-22 04:55:00,4231.02,65.26,TRADE
VIC1,2025-11-22 05:00:00,4259.23,73.79,TRADE
VIC1,2025-11-22 05:05:00,4273.04,62.4,TRADE
VIC1,2025-11-22 05:10:00,4316.81,125.49,TRADE
VIC1,2025-11-22 05:15:00,4307.6,76.39,TRADE
VIC1,2025-11-22 05:20:00,4335.92,106.05,TRADE
VIC1,2025-11-22 05:25:00,4313.42,121.93,TRADE
VIC1,2025-11-22 05:30:00,4325.07,125.54,TRADE
VIC1,2025-11-22 05:35:00,4329.57,74.21,TRADE
VIC1,2025-11-22 05:40:00,4363.65,110.44,TRADE
VIC1,2025-11-22 05:45:00,4359.69,117.58,TRADE
VIC1,2025-11-22 05:50:00,4379.79,120.13,TRADE
VIC1,2025-11-22 05:55:00,4400.76,162.74,TRADE
VIC1,2025-11-22 06:00:00,4403.74,108.44,TRADE
VIC1,2025-11-22 06:05:00,4392.63,52.44,TRADE
VIC1,2025-11-22 06:10:00,4458.15,73.63,TRADE
VIC1,2025-11-22 06:15:00,4474.12,36.86,TRADE
VIC1,2025-11-22 06:20:00,4456.25,65.26,TRADE
VIC1,2025-11-22 06:25:00,4515.43,125.49,TRADE
VIC1,2025-11-22 06:30:00,4520.68,56.02,TRADE
VIC1,2025-11-22 06:35:00,4520.68,72.85,TRADE
VIC1,2025-11-22 06:40:00,4511.54,56.22,TRADE
VIC1,2025-11-22 06:45:00,4499.92,56.13,TRADE
VIC1,2025-11-22 06:50:00,4491.59,56.07,TRADE
VIC1,2025-11-22 06:55:00,4503.6,38.69,TRADE
VIC1,2025-11-22 07:00:00,4479.95,31.72,TRADE
VIC1,2025-11-22 07:05:00,4459.24,22.82,TRADE
VIC1,2025-11-22 07:10:00,4455.66,56.25,TRADE
VIC1,2025-11-22 07:15:00,4410.41,55.94,TRADE
VIC1,2025-11-22 07:20:00,4388.21,54.28,TRADE
VIC1,2025-11-22 07:25:00,4390.8,36.35,TRADE
VIC1,2025-11-22 07:30:00,4381.29,55.08,TRADE
VIC1,2025-11-22 07:35:00,4349.97,47.18,TRADE
VIC1,2025-11-22 07:40:00,4357.02,109.15,TRADE
VIC1,2025-11-22 07:45:00,4340.29,37.44,TRADE
VIC1,2025-11-22 07:50:00,4322.03,22.54,TRADE
VIC1,2025-11-22 07:55:00,4271.8,12.71,TRADE
VIC1,2025-11-22 08:00:00,4167.8,8.95,TRADE
VIC1,2025-11-22 08:05:00,4099.12,8.95,TRADE
VIC1,2025-11-22 08:10:00,4109.26,12.71,TRADE
VIC1,2025-11-22 08:15:00,4016.76,0.01,TRADE
VIC1,2025-11-22 08:20:00,3983.46,64.9,TRADE
VIC1,2025-11-22 08:25:00,3890.47,38.29,TRADE
VIC1,2025-11-22 08:30:00,3865.76,56.7,TRADE
VIC1,2025-11-22 08:35:00,3817.02,19.0,TRADE
VIC1,2025-11-22 08:40:00,3790.96,20.01,TRADE
VIC1,2025-11-22 08:45:00,3732.84,8.95,TRADE
VIC1,2025-11-22 08:50:00,3725.68,19.0,TRADE
VIC1,2025-11-22 08:55:00,3696.42,19.0,TRADE
VIC1,2025-11-22 09:00:00,3603.14,9.08,TRADE
VIC1,2025-11-22 09:05:00,3508.23,19.0,TRADE
VIC1,2025-11-22 09:10:00,3457.97,18.4,TRADE
VIC1,2025-11-22 09:15:00,3404.9,0.0,TRADE
VIC1,2025-11-22 09:20:00,3303.71,8.95,TRADE
VIC1,2025-11-22 09:25:00,3307.0,8.95,TRADE
VIC1,2025-11-22 09:30:00,3221.33,-9.65,TRADE
VIC1,2025-11-22 09:35:00,3254.71,0.01,TRADE
VIC1,2025-11-22 09:40:00,3254.11,-6.21,TRADE
VIC1,2025-11-22 09:45:00,3233.96,-0.01,TRADE
VIC1,2025-11-22 09:50:00,3168.87,0.0,TRADE
VIC1,2025-11-22 09:55:00,3115.06,-8.0,TRADE
VIC1,2025-11-22 10:00:00,3160.08,-8.22,TRADE
VIC1,2025-11-22 10:05:00,3091.15,-3.56,TRADE
VIC1,2025-11-22 10:10:00,3133.8,7.47,TRADE
VIC1,2025-11-22 10:15:00,3087.71,0.0,TRADE
VIC1,2025-11-22 10:20:00,3108.37,0.0,TRADE
VIC1,2025-11-22 10:25:00,3058.99,-8.86,TRADE
VIC1,2025-11-22 10:30:00,3028.69,8.95,TRADE
VIC1,2025-11-22 10:35:00,2965.71,0.99,TRADE
VIC1,2025-11-22 10:40:00,2914.9,8.95,TRADE
VIC1,2025-11-22 10:45:00,2852.19,10.67,TRADE
VIC1,2025-11-22 10:50:00,2819.23,12.43,TRADE
VIC1,2025-11-22 10:55:00,2860.55,12.71,TRADE
VIC1,2025-11-22 11:00:00,2820.32,12.71,TRADE
VIC1,2025-11-22 11:05:00,2742.07,8.95,TRADE
VIC1,2025-11-22 11:10:00,2741.63,8.95,TRADE
VIC1,2025-11-22 11:15:00,2666.99,8.95,TRADE
VIC1,2025-11-22 11:20:00,2596.19,0.01,TRADE
VIC1,2025-11-22 11:25:00,2535.8,0.01,TRADE
VIC1,2025-11-22 11:30:00,2467.8,0.53,TRADE
VIC1,2025-11-22 11:35:00,2473.18,0.01,TRADE
VIC1,2025-11-22 11:40:00,2421.3,6.93,TRADE
VIC1,2025-11-22 11:45:00,2423.03,0.01,TRADE
VIC1,2025-11-22 11:50:00,2474.62,8.95,TRADE
VIC1,2025-11-22 11:55:00,2495.47,0.0,TRADE
VIC1,2025-11-22 12:00:00,2548.1,0.0,TRADE
VIC1,2025-11-22 12:05:00,2582.83,7.47,TRADE
VIC1,2025-11-22 12:10:00,2584.03,0.51,TRADE
VIC1,2025-11-22 12:15:00,2552.92,6.99,TRADE
VIC1,2025-11-22 12:20:00,2517.86,0.01,TRADE
VIC1,2025-11-22 12:25:00,2529.09,0.0,TRADE
VIC1,2025-11-22 12:30:00,2582.0,1.04,TRADE
VIC1,2025-11-22 12:35:00,2530.64,0.0,TRADE
VIC1,2025-11-22 12:40:00,2543.29,10.89,TRADE
VIC1,2025-11-22 12:45:00,2494.95,0.51,TRADE
VIC1,2025-11-22 12:50:00,2556.58,8.95,TRADE
VIC1,2025-11-22 12:55:00,2581.47,12.43,TRADE
VIC1,2025-11-22 13:00:00,2515.37,0.0,TRADE
VIC1,2025-11-22 13:05:00,2554.18,7.18,TRADE
VIC1,2025-11-22 13:10:00,2522.18,12.71,TRADE
VIC1,2025-11-22 13:15:00,2475.44,8.95,TRADE
VIC1,2025-11-22 13:20:00,2517.89,1.01,TRADE
VIC1,2025-11-22 13:25:00,2591.68,22.99,TRADE
VIC1,2025-11-22 13:30:00,2660.24,22.19,TRADE
VIC1,2025-11-22 13:35:00,2698.47,12.38,TRADE
VIC1,2025-11-22 13:40:00,2746.29,11.87,TRADE
VIC1,2025-11-22 13:45:00,2779.39,9.69,TRADE
VIC1,2025-11-22 13:50:00,2784.51,1.02,TRADE
VIC1,2025-11-22 13:55:00,2820.39,0.37,TRADE
VIC1,2025-11-22 14:00:00,2800.47,1.0,TRADE
VIC1,2025-11-22 14:05:00,2796.84,12.71,TRADE
VIC1,2025-11-22 14:10:00,2801.1,40.03,TRADE
VIC1,2025-11-22 14:15:00,2731.24,38.68,TRADE
VIC1,2025-11-22 14:20:00,2707.73,19.0,TRADE
VIC1,2025-11-22 14:25:00,2780.8,19.0,TRADE
VIC1,2025-11-22 14:30:00,2739.26,9.69,TRADE
VIC1,2025-11-22 14:35:00,2755.93,22.24,TRADE
VIC1,2025-11-22 14:40:00,2816.36,19.1,TRADE
VIC1,2025-11-22 14:45:00,2920.62,22.65,TRADE
VIC1,2025-11-22 14:50:00,3039.04,38.69,TRADE
VIC1,2025-11-22 14:55:00,3086.67,38.69,TRADE
VIC1,2025-11-22 15:00:00,3178.16,39.96,TRADE
VIC1,2025-11-22 15:05:00,3276.5,38.78,TRADE
VIC1,2025-11-22 15:10:00,3390.0,19.0,TRADE
VIC1,2025-11-22 15:15:00,3510.49,43.17,TRADE
VIC1,2025-11-22 15:20:00,3649.63,57.29,TRADE
VIC1,2025-11-22 15:25:00,3762.42,87.69,TRADE
VIC1,2025-11-22 15:30:00,3874.05,91.68,TRADE
VIC1,2025-11-22 15:35:00,3997.37,118.69,TRADE
VIC1,2025-11-22 15:40:00,4100.61,119.23,TRADE
VIC1,2025-11-22 15:45:00,4195.4,104.03,TRADE
VIC1,2025-11-22 15:50:00,4267.65,123.0,TRADE
VIC1,2025-11-22 15:55:00,4308.02,104.03,TRADE
VIC1,2025-11-22 16:00:00,4415.58,157.02,TRADE
VIC1,2025-11-22 16:05:00,4443.72,140.55,TRADE
VIC1,2025-11-22 16:10:00,4469.83,105.06,TRADE
VIC1,2025-11-22 16:15:00,4586.19,158.06,TRADE
VIC1,2025-11-22 16:20:00,4587.35,137.69,TRADE
VIC1,2025-11-22 16:25:00,4661.12,147.43,TRADE
VIC1,2025-11-22 16:30:00,4695.44,148.91,TRADE
VIC1,2025-11-22 16:35:00,4723.11,118.69,TRADE
VIC1,2025-11-22 16:40:00,4741.93,118.69,TRADE
VIC1,2025-11-22 16:45:00,4800.77,137.69,TRADE
VIC1,2025-11-22 16:50:00,4802.52,118.69,TRADE
VIC1,2025-11-22 16:55:00,4837.56,118.69,TRADE
VIC1,2025-11-22 17:00:00,4834.45,117.78,TRADE
VIC1,2025-11-22 17:05:00,4863.38,113.69,TRADE
VIC1,2025-11-22 17:10:00,4855.46,137.69,TRADE
VIC1,2025-11-22 17:15:00,4866.47,137.69,TRADE
VIC1,2025-11-22 17:20:00,4846.41,122.02,TRADE
VIC1,2025-11-22 17:25:00,4929.18,117.78,TRADE
VIC1,2025-11-22 17:30:00,4930.02,128.69,TRADE
VIC1,2025-11-22 17:35:00,4951.29,117.78,TRADE
VIC1,2025-11-22 17:40:00,4991.03,152.69,TRADE
VIC1,2025-11-22 17:45:00,4987.84,122.02,TRADE
VIC1,2025-11-22 17:50:00,5019.07,137.69,TRADE
VIC1,2025-11-22 17:55:00,5000.75,137.69,TRADE
VIC1,2025-11-22 18:00:00,5051.63,157.69,TRADE
VIC1,2025-11-22 18:05:00,5029.3,122.02,TRADE
VIC1,2025-11-22 18:10:00,5095.67,140.55,TRADE
VIC1,2025-11-22 18:15:00,5058.56,117.78,TRADE
VIC1,2025-11-22 18:20:00,5072.43,137.34,TRADE
VIC1,2025-11-22 18:25:00,5080.07,125.6,TRADE
VIC1,2025-11-22 18:30:00,5117.5,135.6,TRADE
VIC1,2025-11-22 18:35:00,5118.17,125.32,TRADE
VIC1,2025-11-22 18:40:00,5112.11,140.55,TRADE
VIC1,2025-11-22 18:45:00,5085.16,137.85,TRADE
VIC1,2025-11-22 18:50:00,5082.22,139.0,TRADE
VIC1,2025-11-22 18:55:00,5103.98,133.7,TRADE
VIC1,2025-11-22 19:00:00,5134.37,129.51,TRADE
VIC1,2025-11-22 19:05:00,5161.9,137.69,TRADE
VIC1,2025-11-22 19:10:00,5103.73,135.89,TRADE
VIC1,2025-11-22 19:15:00,5147.27,153.47,TRADE
VIC1,2025-11-22 19:20:00,5115.81,140.55,TRADE
VIC1,2025-11-22 19:25:00,5159.04,157.69,TRADE
VIC1,2025-11-22 19:30:00,5182.52,168.65,TRADE
VIC1,2025-11-22 19:35:00,5166.97,157.69,TRADE
VIC1,2025-11-22 19:40:00,5182.01,153.11,TRADE
VIC1,2025-11-22 19:45:00,5129.4,154.0,TRADE
VIC1,2025-11-22 19:50:00,5159.1,138.78,TRADE
VIC1,2025-11-22 19:55:00,5159.62,166.0,TRADE
VIC1,2025-11-22 20:00:00,5102.57,143.65,TRADE
VIC1,2025-11-22 20:05:00,5135.95,157.69,TRADE
VIC1,2025-11-22 20:10:00,5117.42,171.83,TRADE
VIC1,2025-11-22 20:15:00,5096.45,185.38,TRADE
VIC1,2025-11-22 20:20:00,5054.99,187.5,TRADE
VIC1,2025-11-22 20:25:00,5046.84,166.0,TRADE
VIC1,2025-11-22 20:30:00,5016.84,132.7,TRADE
VIC1,2025-11-22 20:35:00,4995.7,128.69,TRADE
VIC1,2025-11-22 20:40:00,5002.63,186.85,TRADE
VIC1,2025-11-22 20:45:00,4955.34,138.11,TRADE
VIC1,2025-11-22 20:50:00,4907.38,188.16,TRADE
VIC1,2025-11-22 20:55:00,4903.06,190.64,TRADE
VIC1,2025-11-22 21:00:00,4830.88,224.69,TRADE
VIC1,2025-11-22 21:05:00,4850.32,232.79,TRADE
VIC1,2025-11-22 21:10:00,4845.82,170.5,TRADE
VIC1,2025-11-22 21:15:00,4821.53,247.12,TRADE
VIC1,2025-11-22 21:20:00,4824.62,249.26,TRADE
VIC1,2025-11-22 21:25:00,4814.33,220.2,TRADE
VIC1,2025-11-22 21:30:00,4805.6,139.01,TRADE
VIC1,2025-11-22 21:35:00,4811.55,167.16,TRADE
VIC1,2025-11-22 21:40:00,4800.48,167.16,TRADE
VIC1,2025-11-22 21:45:00,4758.81,123.28,TRADE
VIC1,2025-11-22 21:50:00,4776.78,166.89,TRADE
VIC1,2025-11-22 21:55:00,4690.21,114.46,TRADE
VIC1,2025-11-22 22:00:00,4696.93,106.3,TRADE
VIC1,2025-11-22 22:05:00,4659.55,113.53,TRADE
VIC1,2025-11-22 22:10:00,4646.25,103.47,TRADE
VIC1,2025-11-22 22:15:00,4623.53,127.92,TRADE
VIC1,2025-11-22 22:20:00,4601.3,102.08,TRADE
VIC1,2025-11-22 22:25:00,4610.72,120.0,TRADE
VIC1,2025-11-22 22:30:00,4596.74,120.0,TRADE
VIC1,2025-11-22 22:35:00,4610.17,128.07,TRADE
VIC1,2025-11-22 22:40:00,4592.41,110.04,TRADE
VIC1,2025-11-22 22:45:00,4540.67,103.52,TRADE
VIC1,2025-11-22 22:50:00,4545.5,103.43,TRADE
VIC1,2025-11-22 22:55:00,4527.09,104.43,TRADE
VIC1,2025-11-22 23:00:00,4550.43,111.71,TRADE
VIC1,2025-11-22 23:05:00,4575.47,129.01,TRADE
VIC1,2025-11-22 23:10:00,4679.93,153.95,TRADE
VIC1,2025-11-22 23:15:00,4692.88,155.89,TRADE
VIC1,2025-11-22 23:20:00,4688.08,187.5,TRADE
VIC1,2025-11-22 23:25:00,4688.35,187.83,TRADE
VIC1,2025-11-22 23:30:00,4676.09,187.83,TRADE
VIC1,2025-11-22 23:35:00,4681.75,240.0,TRADE
VIC1,2025-11-22 23:40:00,4631.62,154.87,TRADE
VIC1,2025-11-22 23:45:00,4609.3,190.64,TRADE
VIC1,2025-11-22 23:50:00,4610.35,155.69,TRADE
VIC1,2025-11-22 23:55:00,4585.7,153.11,TRADE
VIC1,2025-11-23 00:00:00,4556.94,135.89,TRADE
VIC1,2025-11-23 00:05:00,4547.01,153.52,TRADE
VIC1,2025-11-23 00:10:00,4510.96,120.0,TRADE
VIC1,2025-11-23 00:15:00,4500.65,156.9,TRADE
VIC1,2025-11-23 00:20:00,4518.72,156.61,TRADE
VIC1,2025-11-23 00:25:00,4477.61,137.31,TRADE
VIC1,2025-11-23 00:30:00,4458.75,138.15,TRADE
VIC1,2025-11-23 00:35:00,4467.27,191.13,TRADE
VIC1,2025-11-23 00:40:00,4436.96,144.7,TRADE
VIC1,2025-11-23 00:45:00,4385.59,262.05,TRADE
VIC1,2025-11-23 00:50:00,4373.23,132.28,TRADE
VIC1,2025-11-23 00:55:00,4342.69,227.06,TRADE
VIC1,2025-11-23 01:00:00,4341.74,188.49,TRADE
VIC1,2025-11-23 01:05:00,4318.92,156.79,TRADE
VIC1,2025-11-23 01:10:00,4273.51,188.49,TRADE
VIC1,2025-11-23 01:15:00,4261.41,158.25,TRADE
VIC1,2025-11-23 01:20:00,4239.87,216.03,TRADE
VIC1,2025-11-23 01:25:00,4219.26,158.57,TRADE
VIC1,2025-11-23 01:30:00,4199.66,158.97,TRADE
VIC1,2025-11-23 01:35:00,4159.04,191.13,TRADE
VIC1,2025-11-23 01:40:00,4135.74,168.72,TRADE
VIC1,2025-11-23 01:45:00,4129.24,216.35,TRADE
VIC1,2025-11-23 01:50:00,4125.8,167.71,TRADE
VIC1,2025-11-23 01:55:00,4110.77,169.28,TRADE
VIC1,2025-11-23 02:00:00,4084.56,203.32,TRADE
VIC1,2025-11-23 02:05:00,4082.16,168.5,TRADE
VIC1,2025-11-23 02:10:00,4085.25,211.08,TRADE
VIC1,2025-11-23 02:15:00,4071.6,150.86,TRADE
VIC1,2025-11-23 02:20:00,4066.43,150.8,TRADE
VIC1,2025-11-23 02:25:00,4027.09,188.12,TRADE
VIC1,2025-11-23 02:30:00,4006.78,240.0,TRADE
VIC1,2025-11-23 02:35:00,4000.19,165.5,TRADE
VIC1,2025-11-23 02:40:00,4017.23,166.32,TRADE
VIC1,2025-11-23 02:45:00,4009.01,168.91,TRADE
VIC1,2025-11-23 02:50:00,4022.93,167.35,TRADE
VIC1,2025-11-23 02:55:00,4006.32,151.72,TRADE
VIC1,2025-11-23 03:00:00,3989.6,150.7,TRADE
VIC1,2025-11-23 03:05:00,3974.72,141.97,TRADE
VIC1,2025-11-23 03:10:00,3991.41,150.63,TRADE
VIC1,2025-11-23 03:15:00,3982.99,143.36,TRADE
VIC1,2025-11-23 03:20:00,3972.41,149.27,TRADE
VIC1,2025-11-23 03:25:00,3950.62,127.21,TRADE
VIC1,2025-11-23 03:30:00,3959.22,128.28,TRADE
VIC1,2025-11-23 03:35:00,3959.6,128.36,TRADE
VIC1,2025-11-23 03:40:00,3981.29,128.13,TRADE
VIC1,2025-11-23 03:45:00,3970.84,150.42,TRADE
VIC1,2025-11-23 03:50:00,3957.12,151.39,TRADE
VIC1,2025-11-23 03:55:00,3969.73,166.08,TRADE
VIC1,2025-11-23 04:00:00,3966.96,237.37,TRADE
VIC1,2025-11-23 04:05:00,3943.23,153.6,TRADE
VIC1,2025-11-23 04:10:00,3974.01,249.12,TRADE
VIC1,2025-11-23 04:15:00,3967.49,187.33,TRADE
VIC1,2025-11-23 04:20:00,3978.74,235.71,TRADE
VIC1,2025-11-23 04:25:00,3957.82,188.8,TRADE
VIC1,2025-11-23 04:30:00,3969.78,216.35,TRADE
VIC1,2025-11-23 04:35:00,3971.56,235.17,TRADE
VIC1,2025-11-23 04:40:00,4009.45,233.21,TRADE
VIC1,2025-11-23 04:45:00,4008.28,174.79,TRADE
VIC1,2025-11-23 04:50:00,4017.44,293.17,TRADE
VIC1,2025-11-23 04:55:00,4017.1,238.53,TRADE
VIC1,2025-11-23 05:00:00,4036.77,197.68,TRADE
VIC1,2025-11-23 05:05:00,4063.58,161.45,TRADE
VIC1,2025-11-23 05:10:00,4099.22,160.87,TRADE
VIC1,2025-11-23 05:15:00,4093.34,162.68,TRADE
VIC1,2025-11-23 05:20:00,4116.28,162.13,TRADE
VIC1,2025-11-23 05:25:00,4104.97,220.89,TRADE
VIC1,2025-11-23 05:30:00,4107.27,163.33,TRADE
VIC1,2025-11-23 05:35:00,4086.96,154.32,TRADE
VIC1,2025-11-23 05:40:00,4115.2,161.25,TRADE
VIC1,2025-11-23 05:45:00,4117.91,145.52,TRADE
VIC1,2025-11-23 05:50:00,4131.3,150.76,TRADE
VIC1,2025-11-23 05:55:00,4139.67,135.6,TRADE
VIC1,2025-11-23 06:00:00,4144.62,136.86,TRADE
VIC1,2025-11-23 06:05:00,4145.62,116.89,TRADE
VIC1,2025-11-23 06:10:00,4199.64,121.21,TRADE
VIC1,2025-11-23 06:15:00,4218.44,80.36,TRADE
VIC1,2025-11-23 06:20:00,4215.15,71.96,TRADE
VIC1,2025-11-23 06:25:00,4217.8,68.8,TRADE
VIC1,2025-11-23 06:30:00,4247.2,71.86,TRADE
VIC1,2025-11-23 06:35:00,4245.72,96.67,TRADE
VIC1,2025-11-23 06:40:00,4256.85,71.24,TRADE
VIC1,2025-11-23 06:45:00,4274.62,67.64,TRADE
VIC1,2025-11-23 06:50:00,4269.25,71.01,TRADE
VIC1,2025-11-23 06:55:00,4243.07,70.53,TRADE
VIC1,2025-11-23 07:00:00,4249.0,69.7,TRADE
VIC1,2025-11-23 07:05:00,4251.58,38.69,TRADE
VIC1,2025-11-23 07:10:00,4243.29,38.69,TRADE
VIC1,2025-11-23 07:15:00,4245.38,44.41,TRADE
VIC1,2025-11-23 07:20:00,4236.11,56.73,TRADE
VIC1,2025-11-23 07:25:00,4229.06,54.85,TRADE
VIC1,2025-11-23 07:30:00,4187.41,38.69,TRADE
VIC1,2025-11-23 07:35:00,4186.84,31.61,TRADE
VIC1,2025-11-23 07:40:00,4190.12,22.86,TRADE
VIC1,2025-11-23 07:45:00,4152.63,19.0,TRADE
VIC1,2025-11-23 07:50:00,4160.1,10.07,TRADE
VIC1,2025-11-23 07:55:00,4141.55,8.95,TRADE
VIC1,2025-11-23 08:00:00,4161.75,-7.27,TRADE
VIC1,2025-11-23 08:05:00,4157.92,8.95,TRADE
VIC1,2025-11-23 08:10:00,4106.48,12.71,TRADE
VIC1,2025-11-23 08:15:00,4083.64,29.45,TRADE
VIC1,2025-11-23 08:20:00,4107.25,19.0,TRADE
VIC1,2025-11-23 08:25:00,4138.28,19.0,TRADE
VIC1,2025-11-23 08:30:00,4123.74,0.53,TRADE
VIC1,2025-11-23 08:35:00,4081.3,-6.89,TRADE
VIC1,2025-11-23 08:40:00,4088.06,0.0,TRADE
VIC1,2025-11-23 08:45:00,4083.23,-6.81,TRADE
VIC1,2025-11-23 08:50:00,4073.35,-7.15,TRADE
VIC1,2025-11-23 08:55:00,4042.73,-5.24,TRADE
VIC1,2025-11-23 09:00:00,4018.84,-7.75,TRADE
VIC1,2025-11-23 09:05:00,4058.15,-0.94,TRADE
VIC1,2025-11-23 09:10:00,4035.8,-7.48,TRADE
VIC1,2025-11-23 09:15:00,4093.74,-0.66,TRADE
VIC1,2025-11-23 09:20:00,4074.72,9.58,TRADE
VIC1,2025-11-23 09:25:00,4090.25,0.45,TRADE
VIC1,2025-11-23 09:30:00,4064.08,-1.0,TRADE
VIC1,2025-11-23 09:35:00,4082.69,12.69,TRADE
VIC1,2025-11-23 09:40:00,4086.48,0.65,TRADE
VIC1,2025-11-23 09:45:00,4037.86,0.01,TRADE
VIC1,2025-11-23 09:50:00,4006.42,53.69,TRADE
VIC1,2025-11-23 09:55:00,4067.75,12.71,TRADE
VIC1,2025-11-23 10:00:00,4020.92,0.01,TRADE
VIC1,2025-11-23 10:05:00,4000.69,43.08,TRADE
VIC1,2025-11-23 10:10:00,4085.25,11.17,TRADE
VIC1,2025-11-23 10:15:00,4075.92,0.0,TRADE
VIC1,2025-11-23 10:20:00,4048.62,8.95,TRADE
VIC1,2025-11-23 10:25:00,4077.34,10.82,TRADE
VIC1,2025-11-23 10:30:00,4057.66,-9.81,TRADE
VIC1,2025-11-23 10:35:00,4132.42,-3.56,TRADE
VIC1,2025-11-23 10:40:00,4041.92,5.26,TRADE
VIC1,2025-11-23 10:45:00,4037.43,-6.39,TRADE
VIC1,2025-11-23 10:50:00,4017.74,1.72,TRADE
VIC1,2025-11-23 10:55:00,3990.51,1.72,TRADE
VIC1,2025-11-23 11:00:00,3950.57,-10.21,TRADE
VIC1,2025-11-23 11:05:00,3977.5,0.0,TRADE
VIC1,2025-11-23 11:10:00,3932.25,0.0,TRADE
VIC1,2025-11-23 11:15:00,3870.5,-8.0,TRADE
VIC1,2025-11-23 11:20:00,3851.0,0.0,TRADE
VIC1,2025-11-23 11:25:00,3872.19,-9.65,TRADE
VIC1,2025-11-23 11:30:00,3885.44,-8.63,TRADE
VIC1,2025-11-23 11:35:00,3893.69,0.77,TRADE
VIC1,2025-11-23 11:40:00,3864.53,-10.37,TRADE
VIC1,2025-11-23 11:45:00,3894.08,-9.29,TRADE
VIC1,2025-11-23 11:50:00,3929.66,-8.0,TRADE
VIC1,2025-11-23 11:55:00,3902.55,-8.0,TRADE
VIC1,2025-11-23 12:00:00,3834.11,-11.0,TRADE
VIC1,2025-11-23 12:05:00,3896.58,7.47,TRADE
VIC1,2025-11-23 12:10:00,3788.66,0.0,TRADE
VIC1,2025-11-23 12:15:00,3806.45,-6.29,TRADE
VIC1,2025-11-23 12:20:00,3754.71,-10.52,TRADE
VIC1,2025-11-23 12:25:00,3814.03,-6.93,TRADE
VIC1,2025-11-23 12:30:00,3743.94,-6.34,TRADE
VIC1,2025-11-23 12:35:00,3672.78,-10.32,TRADE
VIC1,2025-11-23 12:40:00,3689.78,-3.7,TRADE
VIC1,2025-11-23 12:45:00,3633.77,3.09,TRADE
VIC1,2025-11-23 12:50:00,3614.53,-13.45,TRADE
VIC1,2025-11-23 12:55:00,3595.13,-11.26,TRADE
VIC1,2025-11-23 13:00:00,3543.65,-12.51,TRADE
VIC1,2025-11-23 13:05:00,3531.25,-9.95,TRADE
VIC1,2025-11-23 13:10:00,3456.77,-8.78,TRADE
VIC1,2025-11-23 13:15:00,3404.15,-9.44,TRADE
VIC1,2025-11-23 13:20:00,3388.0,-10.74,TRADE
VIC1,2025-11-23 13:25:00,3421.16,-10.77,TRADE
VIC1,2025-11-23 13:30:00,3431.45,-10.83,TRADE
VIC1,2025-11-23 13:35:00,3404.75,-11.0,TRADE
VIC1,2025-11-23 13:40:00,3409.97,-11.67,TRADE
VIC1,2025-11-23 13:45:00,3415.34,-12.7,TRADE
VIC1,2025-11-23 13:50:00,3421.7,-12.58,TRADE
VIC1,2025-11-23 13:55:00,3446.78,-11.5,TRADE
VIC1,2025-11-23 14:00:00,3484.21,-9.64,TRADE
VIC1,2025-11-23 14:05:00,3499.48,-11.53,TRADE
VIC1,2025-11-23 14:10:00,3504.62,-12.51,TRADE
VIC1,2025-11-23 14:15:00,3459.8,-11.77,TRADE
VIC1,2025-11-23 14:20:00,3459.44,-11.2,TRADE
VIC1,2025-11-23 14:25:00,3487.88,-11.26,TRADE
VIC1,2025-11-23 14:30:00,3473.61,-11.35,TRADE
VIC1,2025-11-23 14:35:00,3485.04,-10.85,TRADE
VIC1,2025-11-23 14:40:00,3455.29,-11.0,TRADE
VIC1,2025-11-23 14:45:00,3511.84,-22.2,TRADE
VIC1,2025-11-23 14:50:00,3585.75,-11.53,TRADE
VIC1,2025-11-23 14:55:00,3581.31,-15.1,TRADE
VIC1,2025-11-23 15:00:00,3671.17,-10.61,TRADE
VIC1,2025-11-23 15:05:00,3673.13,-9.36,TRADE
VIC1,2025-11-23 15:10:00,3682.49,-3.7,TRADE
VIC1,2025-11-23 15:15:00,3624.0,-25.5,TRADE
VIC1,2025-11-23 15:20:00,3791.81,-3.7,TRADE
VIC1,2025-11-23 15:25:00,3762.54,-3.7,TRADE
VIC1,2025-11-23 15:30:00,3810.51,-6.8,TRADE
VIC1,2025-11-23 15:35:00,3847.9,-11.98,TRADE
VIC1,2025-11-23 15:40:00,3948.76,-19.99,TRADE
VIC1,2025-11-23 15:45:00,4002.54,-10.38,TRADE
VIC1,2025-11-23 15:50:00,4018.13,-10.32,TRADE
VIC1,2025-11-23 15:55:00,4038.38,-10.3,TRADE
VIC1,2025-11-23 16:00:00,4071.33,-10.26,TRADE
VIC1,2025-11-23 16:05:00,4134.02,-18.86,TRADE
VIC1,2025-11-23 16:10:00,4165.32,-20.4,TRADE
VIC1,2025-11-23 16:15:00,4215.17,-11.4,TRADE
VIC1,2025-11-23 16:20:00,4215.23,-12.96,TRADE
VIC1,2025-11-23 16:25:00,4294.13,-3.7,TRADE
VIC1,2025-11-23 16:30:00,4298.02,-10.35,TRADE
VIC1,2025-11-23 16:35:00,4337.92,-19.99,TRADE
VIC1,2025-11-23 16:40:00,4419.76,-10.17,TRADE
VIC1,2025-11-23 16:45:00,4477.7,-9.06,TRADE
VIC1,2025-11-23 16:50:00,4526.1,-6.67,TRADE
VIC1,2025-11-23 16:55:00,4567.15,-3.7,TRADE
VIC1,2025-11-23 17:00:00,4621.14,-3.7,TRADE
VIC1,2025-11-23 17:05:00,4656.83,-3.7,TRADE
VIC1,2025-11-23 17:10:00,4671.53,-3.7,TRADE
VIC1,2025-11-23 17:15:00,4728.59,-3.7,TRADE
VIC1,2025-11-23 17:20:00,4723.17,-3.7,TRADE
VIC1,2025-11-23 17:25:00,4775.02,-3.53,TRADE
VIC1,2025-11-23 17:30:00,4782.1,0.0,TRADE
VIC1,2025-11-23 17:35:00,4899.52,8.42,TRADE
VIC1,2025-11-23 17:40:00,4951.47,55.31,TRADE
VIC1,2025-11-23 17:45:00,4933.57,55.08,TRADE
VIC1,2025-11-23 17:50:00,4896.16,53.85,TRADE
VIC1,2025-11-23 17:55:00,4958.66,78.69,TRADE
VIC1,2025-11-23 18:00:00,4991.17,80.0,TRADE
VIC1,2025-11-23 18:05:00,5004.92,88.36,TRADE
VIC1,2025-11-23 18:10:00,4950.14,89.1,TRADE
VIC1,2025-11-23 18:15:00,4935.09,80.0,TRADE
VIC1,2025-11-23 18:20:00,4950.51,89.27,TRADE
VIC1,2025-11-23 18:25:00,4985.07,76.17,TRADE
VIC1,2025-11-23 18:30:00,5010.27,88.09,TRADE
VIC1,2025-11-23 18:35:00,4999.12,87.94,TRADE
VIC1,2025-11-23 18:40:00,4996.08,16.89,TRADE
VIC1,2025-11-23 18:45:00,5022.6,78.69,TRADE
VIC1,2025-11-23 18:50:00,5018.3,78.69,TRADE
VIC1,2025-11-23 18:55:00,5023.01,60.0,TRADE
VIC1,2025-11-23 19:00:00,5021.87,60.0,TRADE
VIC1,2025-11-23 19:05:00,5022.22,78.69,TRADE
VIC1,2025-11-23 19:10:00,5064.88,82.2,TRADE
VIC1,2025-11-23 19:15:00,5070.06,74.99,TRADE
VIC1,2025-11-23 19:20:00,5070.34,76.37,TRADE
VIC1,2025-11-23 19:25:00,5070.22,82.18,TRADE
VIC1,2025-11-23 19:30:00,5035.61,77.69,TRADE
VIC1,2025-11-23 19:35:00,5033.91,82.4,TRADE
VIC1,2025-11-23 19:40:00,5036.01,84.43,TRADE
VIC1,2025-11-23 19:45:00,5038.6,117.78,TRADE
VIC1,2025-11-23 19:50:00,5016.06,117.78,TRADE
VIC1,2025-11-23 19:55:00,5051.23,115.65,TRADE
VIC1,2025-11-23 20:00:00,5006.7,107.44,TRADE
VIC1,2025-11-23 20:05:00,5025.83,117.78,TRADE
VIC1,2025-11-23 20:10:00,4982.26,113.14,TRADE
VIC1,2025-11-23 20:15:00,4981.32,132.53,TRADE
VIC1,2025-11-23 20:20:00,4905.5,93.91,TRADE
VIC1,2025-11-23 20:25:00,4894.26,117.78,TRADE
VIC1,2025-11-23 20:30:00,4847.38,121.17,TRADE
VIC1,2025-11-23 20:35:00,4851.86,118.69,TRADE
VIC1,2025-11-23 20:40:00,4831.7,119.42,TRADE
VIC1,2025-11-23 20:45:00,4810.07,117.78,TRADE
VIC1,2025-11-23 20:50:00,4767.58,99.45,TRADE
VIC1,2025-11-23 20:55:00,4744.37,125.49,TRADE
VIC1,2025-11-23 21:00:00,4701.54,103.32,TRADE
VIC1,2025-11-23 21:05:00,4743.77,117.78,TRADE
VIC1,2025-11-23 21:10:00,4651.62,118.69,TRADE
VIC1,2025-11-23 21:15:00,4647.82,133.05,TRADE
VIC1,2025-11-23 21:20:00,4616.3,105.89,TRADE
VIC1,2025-11-23 21:25:00,4670.22,106.02,TRADE
VIC1,2025-11-23 21:30:00,4615.95,96.74,TRADE
VIC1,2025-11-23 21:35:00,4581.29,104.12,TRADE
VIC1,2025-11-23 21:40:00,4559.2,104.03,TRADE
VIC1,2025-11-23 21:45:00,4514.97,117.78,TRADE
VIC1,2025-11-23 21:50:00,4498.67,110.6,TRADE
VIC1,2025-11-23 21:55:00,4453.67,103.81,TRADE
VIC1,2025-11-23 22:00:00,4412.36,97.15,TRADE
VIC1,2025-11-23 22:05:00,4360.14,117.78,TRADE
VIC1,2025-11-23 22:10:00,4361.83,101.29,TRADE
VIC1,2025-11-23 22:15:00,4340.32,118.69,TRADE
VIC1,2025-11-23 22:20:00,4309.48,102.58,TRADE
VIC1,2025-11-23 22:25:00,4290.19,97.17,TRADE
VIC1,2025-11-23 22:30:00,4300.03,99.55,TRADE
VIC1,2025-11-23 22:35:00,4301.15,99.33,TRADE
VIC1,2025-11-23 22:40:00,4253.89,100.27,TRADE
VIC1,2025-11-23 22:45:00,4234.25,117.78,TRADE
VIC1,2025-11-23 22:50:00,4244.5,100.36,TRADE
VIC1,2025-11-23 22:55:00,4215.2,98.96,TRADE
VIC1,2025-11-23 23:00:00,4208.5,100.42,TRADE
VIC1,2025-11-23 23:05:00,4252.92,135.58,TRADE
VIC1,2025-11-23 23:10:00,4404.87,138.56,TRADE
VIC1,2025-11-23 23:15:00,4422.94,110.93,TRADE
VIC1,2025-11-23 23:20:00,4419.08,118.69,TRADE
VIC1,2025-11-23 23:25:00,4393.09,118.69,TRADE
VIC1,2025-11-23 23:30:00,4364.46,109.66,TRADE
VIC1,2025-11-23 23:35:00,4387.96,120.45,TRADE
VIC1,2025-11-23 23:40:00,4401.35,118.89,TRADE
VIC1,2025-11-23 23:45:00,4377.34,142.3,TRADE
VIC1,2025-11-23 23:50:00,4329.23,119.02,TRADE
VIC1,2025-11-23 23:55:00,4306.04,118.69,TRADE
VIC1,2025-11-29 00:00:00,4692.53,125.49,TRADE
VIC1,2025-11-29 00:05:00,4658.97,104.03,TRADE
VIC1,2025-11-29 00:10:00,4546.5,101.01,TRADE
VIC1,2025-11-29 00:15:00,4588.33,125.49,TRADE
VIC1,2025-11-29 00:20:00,4566.65,105.65,TRADE
VIC1,2025-11-29 00:25:00,4550.84,101.01,TRADE
VIC1,2025-11-29 00:30:00,4523.24,117.95,TRADE
VIC1,2025-11-29 00:35:00,4496.87,120.0,TRADE
VIC1,2025-11-29 00:40:00,4501.26,99.68,TRADE
VIC1,2025-11-29 00:45:00,4430.66,103.14,TRADE
VIC1,2025-11-29 00:50:00,4426.7,80.0,TRADE
VIC1,2025-11-29 00:55:00,4451.75,104.09,TRADE
VIC1,2025-11-29 01:00:00,4478.24,90.77,TRADE
VIC1,2025-11-29 01:05:00,4464.59,83.67,TRADE
VIC1,2025-11-29 01:10:00,4445.19,120.0,TRADE
VIC1,2025-11-29 01:15:00,4404.99,120.0,TRADE
VIC1,2025-11-29 01:20:00,4433.44,99.68,TRADE
VIC1,2025-11-29 01:25:00,4318.53,80.62,TRADE
VIC1,2025-11-29 01:30:00,4321.61,94.83,TRADE
VIC1,2025-11-29 01:35:00,4321.05,98.18,TRADE
VIC1,2025-11-29 01:40:00,4310.29,97.48,TRADE
VIC1,2025-11-29 01:45:00,4325.7,94.65,TRADE
VIC1,2025-11-29 01:50:00,4280.48,81.05,TRADE
VIC1,2025-11-29 01:55:00,4288.45,80.0,TRADE
VIC1,2025-11-29 02:00:00,4246.07,80.0,TRADE
VIC1,2025-11-29 02:05:00,4147.41,70.92,TRADE
VIC1,2025-11-29 02:10:00,4150.39,69.39,TRADE
VIC1,2025-11-29 02:15:00,4202.16,68.61,TRADE
VIC1,2025-11-29 02:20:00,4215.94,66.88,TRADE
VIC1,2025-11-29 02:25:00,4144.18,49.02,TRADE
VIC1,2025-11-29 02:30:00,4211.79,55.53,TRADE
VIC1,2025-11-29 02:35:00,4171.22,54.71,TRADE
VIC1,2025-11-29 02:40:00,4095.83,54.4,TRADE
VIC1,2025-11-29 02:45:00,4133.95,60.45,TRADE
VIC1,2025-11-29 02:50:00,4132.74,50.69,TRADE
VIC1,2025-11-29 02:55:00,4033.99,55.05,TRADE
VIC1,2025-11-29 03:00:00,4057.42,56.5,TRADE
VIC1,2025-11-29 03:05:00,4037.55,56.5,TRADE
VIC1,2025-11-29 03:10:00,4042.0,56.3,TRADE
VIC1,2025-11-29 03:15:00,4049.25,55.92,TRADE
VIC1,2025-11-29 03:20:00,4036.31,55.82,TRADE
VIC1,2025-11-29 03:25:00,4029.4,56.16,TRADE
VIC1,2025-11-29 03:30:00,4021.28,51.32,TRADE
VIC1,2025-11-29 03:35:00,3940.27,55.33,TRADE
VIC1,2025-11-29 03:40:00,4005.69,56.5,TRADE
VIC1,2025-11-29 03:45:00,4010.63,56.11,TRADE
VIC1,2025-11-29 03:50:00,4028.41,56.5,TRADE
VIC1,2025-11-29 03:55:00,4034.96,55.7,TRADE
VIC1,2025-11-29 04:00:00,4006.79,49.41,TRADE
VIC1,2025-11-29 04:05:00,4015.58,48.24,TRADE
VIC1,2025-11-29 04:10:00,3969.36,48.11,TRADE
VIC1,2025-11-29 04:15:00,4031.97,48.2,TRADE
VIC1,2025-11-29 04:20:00,4015.79,47.98,TRADE
VIC1,2025-11-29 04:25:00,3957.89,28.08,TRADE
VIC1,2025-11-29 04:30:00,3990.67,55.32,TRADE
VIC1,2025-11-29 04:35:00,4054.49,32.37,TRADE
VIC1,2025-11-29 04:40:00,4062.26,49.22,TRADE
VIC1,2025-11-29 04:45:00,4064.0,22.32,TRADE
VIC1,2025-11-29 04:50:00,4150.44,52.11,TRADE
VIC1,2025-11-29 04:55:00,4156.69,49.98,TRADE
VIC1,2025-11-29 05:00:00,4164.68,26.81,TRADE
VIC1,2025-11-29 05:05:00,4094.74,48.35,TRADE
VIC1,2025-11-29 05:10:00,4141.6,56.5,TRADE
VIC1,2025-11-29 05:15:00,4200.13,56.41,TRADE
VIC1,2025-11-29 05:20:00,4176.9,43.22,TRADE
VIC1,2025-11-29 05:25:00,4160.86,51.91,TRADE
VIC1,2025-11-29 05:30:00,4293.61,52.58,TRADE
VIC1,2025-11-29 05:35:00,4271.18,48.65,TRADE
VIC1,2025-11-29 05:40:00,4300.95,19.0,TRADE
VIC1,2025-11-29 05:45:00,4305.16,22.32,TRADE
VIC1,2025-11-29 05:50:00,4282.8,22.32,TRADE
VIC1,2025-11-29 05:55:00,4278.98,19.0,TRADE
VIC1,2025-11-29 06:00:00,4334.57,19.0,TRADE
VIC1,2025-11-29 06:05:00,4381.37,22.32,TRADE
VIC1,2025-11-29 06:10:00,4421.77,8.95,TRADE
VIC1,2025-11-29 06:15:00,4404.22,19.1,TRADE
VIC1,2025-11-29 06:20:00,4370.09,-3.56,TRADE
VIC1,2025-11-29 06:25:00,4370.12,-13.98,TRADE
VIC1,2025-11-29 06:30:00,4320.89,-9.28,TRADE
VIC1,2025-11-29 06:35:00,4328.5,-24.7,TRADE
VIC1,2025-11-29 06:40:00,4421.06,-3.7,TRADE
VIC1,2025-11-29 06:45:00,4350.09,-3.7,TRADE
VIC1,2025-11-29 06:50:00,4273.72,-5.29,TRADE
VIC1,2025-11-29 06:55:00,4260.19,-6.12,TRADE
VIC1,2025-11-29 07:00:00,4282.7,-8.86,TRADE
VIC1,2025-11-29 07:05:00,4372.11,-9.65,TRADE
VIC1,2025-11-29 07:10:00,4228.32,-14.46,TRADE
VIC1,2025-11-29 07:15:00,4179.96,-19.99,TRADE
VIC1,2025-11-29 07:20:00,4200.36,-12.42,TRADE
VIC1,2025-11-29 07:25:00,4123.14,-3.7,TRADE
VIC1,2025-11-29 07:30:00,4043.26,-10.35,TRADE
VIC1,2025-11-29 07:35:00,4148.23,-3.7,TRADE
VIC1,2025-11-29 07:40:00,4161.76,-3.56,TRADE
VIC1,2025-11-29 07:45:00,4196.54,31.92,TRADE
VIC1,2025-11-29 07:50:00,4215.12,23.58,TRADE
VIC1,2025-11-29 07:55:00,4179.82,0.0,TRADE
VIC1,2025-11-29 08:00:00,4240.48,18.68,TRADE
VIC1,2025-11-29 08:05:00,4218.56,33.0,TRADE
VIC1,2025-11-29 08:10:00,4104.92,0.25,TRADE
VIC1,2025-11-29 08:15:00,4066.39,4.5,TRADE
VIC1,2025-11-29 08:20:00,4012.29,4.5,TRADE
VIC1,2025-11-29 08:25:00,3980.19,-3.7,TRADE
VIC1,2025-11-29 08:30:00,3865.49,-8.0,TRADE
VIC1,2025-11-29 08:35:00,3865.6,-3.56,TRADE
VIC1,2025-11-29 08:40:00,3846.21,-3.7,TRADE
VIC1,2025-11-29 08:45:00,3915.52,-3.7,TRADE
VIC1,2025-11-29 08:50:00,3881.07,-8.28,TRADE
VIC1,2025-11-29 08:55:00,3891.86,-6.62,TRADE
VIC1,2025-11-29 09:00:00,3774.36,-6.57,TRADE
VIC1,2025-11-29 09:05:00,3705.21,-7.62,TRADE
VIC1,2025-11-29 09:10:00,3767.34,-10.98,TRADE
VIC1,2025-11-29 09:15:00,3805.69,-3.7,TRADE
VIC1,2025-11-29 09:20:00,3759.37,-8.25,TRADE
VIC1,2025-11-29 09:25:00,3698.5,-6.12,TRADE
VIC1,2025-11-29 09:30:00,3571.08,-11.0,TRADE
VIC1,2025-11-29 09:35:00,3514.56,-14.23,TRADE
VIC1,2025-11-29 09:40:00,3481.43,-16.54,TRADE
VIC1,2025-11-29 09:45:00,3392.32,-14.58,TRADE
VIC1,2025-11-29 09:50:00,3360.01,-19.99,TRADE
VIC1,2025-11-29 09:55:00,3349.03,-23.64,TRADE
VIC1,2025-11-29 10:00:00,3392.48,-20.99,TRADE
VIC1,2025-11-29 10:05:00,3358.47,-23.87,TRADE
VIC1,2025-11-29 10:10:00,3407.11,-15.34,TRADE
VIC1,2025-11-29 10:15:00,3378.03,-15.34,TRADE
VIC1,2025-11-29 10:20:00,3298.93,-20.99,TRADE
VIC1,2025-11-29 10:25:00,3287.65,-11.35,TRADE
VIC1,2025-11-29 10:30:00,3109.94,-21.71,TRADE
VIC1,2025-11-29 10:35:00,3241.93,-11.35,TRADE
VIC1,2025-11-29 10:40:00,3250.0,-13.78,TRADE
VIC1,2025-11-29 10:45:00,3202.48,-14.01,TRADE
VIC1,2025-11-29 10:50:00,3222.87,-17.56,TRADE
VIC1,2025-11-29 10:55:00,3276.11,-19.99,TRADE
VIC1,2025-11-29 11:00:00,3322.68,-16.54,TRADE
VIC1,2025-11-29 11:05:00,3198.92,-14.71,TRADE
VIC1,2025-11-29 11:10:00,3329.68,-15.28,TRADE
VIC1,2025-11-29 11:15:00,3382.96,-11.99,TRADE
VIC1,2025-11-29 11:20:00,3421.97,-15.18,TRADE
VIC1,2025-11-29 11:25:00,3486.48,-12.51,TRADE
VIC1,2025-11-29 11:30:00,3328.23,-12.51,TRADE
VIC1,2025-11-29 11:35:00,3308.92,-19.99,TRADE
VIC1,2025-11-29 11:40:00,3312.87,-11.35,TRADE
VIC1,2025-11-29 11:45:00,3284.69,-13.7,TRADE
VIC1,2025-11-29 11:50:00,3181.46,-22.69,TRADE
VIC1,2025-11-29 11:55:00,3082.89,-13.74,TRADE
VIC1,2025-11-29 12:00:00,3003.36,-13.37,TRADE
VIC1,2025-11-29 12:05:00,2890.32,-24.22,TRADE
VIC1,2025-11-29 12:10:00,2692.9,-17.19,TRADE
VIC1,2025-11-29 12:15:00,2548.96,-16.54,TRADE
VIC1,2025-11-29 12:20:00,2529.87,-22.6,TRADE
VIC1,2025-11-29 12:25:00,2562.99,-22.58,TRADE
VIC1,2025-11-29 12:30:00,2650.66,-30.49,TRADE
VIC1,2025-11-29 12:35:00,2575.47,-20.99,TRADE
VIC1,2025-11-29 12:40:00,2621.18,-20.99,TRADE
VIC1,2025-11-29 12:45:00,2637.92,-41.62,TRADE
VIC1,2025-11-29 12:50:00,2711.96,-39.76,TRADE
VIC1,2025-11-29 12:55:00,2811.73,-20.99,TRADE
VIC1,2025-11-29 13:00:00,2798.61,-20.99,TRADE
VIC1,2025-11-29 13:05:00,2858.32,-19.63,TRADE
VIC1,2025-11-29 13:10:00,2911.44,-22.41,TRADE
VIC1,2025-11-29 13:15:00,2947.03,-43.82,TRADE
VIC1,2025-11-29 13:20:00,2990.2,-19.99,TRADE
VIC1,2025-11-29 13:25:00,3075.23,-16.54,TRADE
VIC1,2025-11-29 13:30:00,3172.39,-17.82,TRADE
VIC1,2025-11-29 13:35:00,3140.61,-25.25,TRADE
VIC1,2025-11-29 13:40:00,3131.7,-23.11,TRADE
VIC1,2025-11-29 13:45:00,3210.93,-16.54,TRADE
VIC1,2025-11-29 13:50:00,3131.14,-25.0,TRADE
VIC1,2025-11-29 13:55:00,2953.96,-29.1,TRADE
VIC1,2025-11-29 14:00:00,2957.94,-20.99,TRADE
VIC1,2025-11-29 14:05:00,2902.97,-16.6,TRADE
VIC1,2025-11-29 14:10:00,2814.66,-23.33,TRADE
VIC1,2025-11-29 14:15:00,2937.68,-16.54,TRADE
VIC1,2025-11-29 14:20:00,3019.88,-15.07,TRADE
VIC1,2025-11-29 14:25:00,3101.39,-15.36,TRADE
VIC1,2025-11-29 14:30:00,3189.31,-16.54,TRADE
VIC1,2025-11-29 14:35:00,3223.49,-14.42,TRADE
VIC1,2025-11-29 14:40:00,3162.76,-14.79,TRADE
VIC1,2025-11-29 14:45:00,3272.35,-16.54,TRADE
VIC1,2025-11-29 14:50:00,3383.96,-14.23,TRADE
VIC1,2025-11-29 14:55:00,3381.65,-16.54,TRADE
VIC1,2025-11-29 15:00:00,3492.14,-14.67,TRADE
VIC1,2025-11-29 15:05:00,3470.04,-19.99,TRADE
VIC1,2025-11-29 15:10:00,3499.69,-16.54,TRADE
VIC1,2025-11-29 15:15:00,3417.69,-16.98,TRADE
VIC1,2025-11-29 15:20:00,3446.01,-20.99,TRADE
VIC1,2025-11-29 15:25:00,3535.17,-17.14,TRADE
VIC1,2025-11-29 15:30:00,3586.2,-16.54,TRADE
VIC1,2025-11-29 15:35:00,3565.16,-17.24,TRADE
VIC1,2025-11-29 15:40:00,3679.33,-13.75,TRADE
VIC1,2025-11-29 15:45:00,3782.38,-17.3,TRADE
VIC1,2025-11-29 15:50:00,3893.14,-15.81,TRADE
VIC1,2025-11-29 15:55:00,3943.67,-13.3,TRADE
VIC1,2025-11-29 16:00:00,4074.81,-8.0,TRADE
VIC1,2025-11-29 16:05:00,4125.23,-13.19,TRADE
VIC1,2025-11-29 16:10:00,4105.66,-13.02,TRADE
VIC1,2025-11-29 16:15:00,4178.96,-13.46,TRADE
VIC1,2025-11-29 16:20:00,4220.33,-16.54,TRADE
VIC1,2025-11-29 16:25:00,4274.74,-12.51,TRADE
VIC1,2025-11-29 16:30:00,4182.63,-12.51,TRADE
VIC1,2025-11-29 16:35:00,4164.33,-13.18,TRADE
VIC1,2025-11-29 16:40:00,4312.4,-16.01,TRADE
VIC1,2025-11-29 16:45:00,4409.94,-11.01,TRADE
VIC1,2025-11-29 16:50:00,4420.28,-14.12,TRADE
VIC1,2025-11-29 16:55:00,4554.11,-11.84,TRADE
VIC1,2025-11-29 17:00:00,4590.8,-13.18,TRADE
VIC1,2025-11-29 17:05:00,4633.67,-36.1,TRADE
VIC1,2025-11-29 17:10:00,4579.05,-13.18,TRADE
VIC1,2025-11-29 17:15:00,4603.01,-12.49,TRADE
VIC1,2025-11-29 17:20:00,4718.64,-3.7,TRADE
VIC1,2025-11-29 17:25:00,4677.8,-11.67,TRADE
VIC1,2025-11-29 17:30:00,4701.75,-6.49,TRADE
VIC1,2025-11-29 17:35:00,4699.2,-11.99,TRADE
VIC1,2025-11-29 17:40:00,4801.05,-3.7,TRADE
VIC1,2025-11-29 17:45:00,4837.56,-3.7,TRADE
VIC1,2025-11-29 17:50:00,4809.95,-1.95,TRADE
VIC1,2025-11-29 17:55:00,4716.38,8.95,TRADE
VIC1,2025-11-29 18:00:00,4744.55,0.0,TRADE
VIC1,2025-11-29 18:05:00,4795.56,0.0,TRADE
VIC1,2025-11-29 18:10:00,4761.99,0.0,TRADE
VIC1,2025-11-29 18:15:00,4802.8,8.95,TRADE
VIC1,2025-11-29 18:20:00,4821.44,67.69,TRADE
VIC1,2025-11-29 18:25:00,4897.44,68.69,TRADE
VIC1,2025-11-29 18:30:00,4884.77,60.67,TRADE
VIC1,2025-11-29 18:35:00,4973.95,67.69,TRADE
VIC1,2025-11-29 18:40:00,4978.25,67.69,TRADE
VIC1,2025-11-29 18:45:00,5049.44,80.0,TRADE
VIC1,2025-11-29 18:50:00,5032.79,68.69,TRADE
VIC1,2025-11-29 18:55:00,5037.76,81.13,TRADE
VIC1,2025-11-29 19:00:00,4969.02,80.0,TRADE
VIC1,2025-11-29 19:05:00,5012.37,73.23,TRADE
VIC1,2025-11-29 19:10:00,5043.85,90.94,TRADE
VIC1,2025-11-29 19:15:00,5006.51,67.69,TRADE
VIC1,2025-11-29 19:20:00,5025.09,90.94,TRADE
VIC1,2025-11-29 19:25:00,5003.69,67.06,TRADE
VIC1,2025-11-29 19:30:00,5010.2,76.34,TRADE
VIC1,2025-11-29 19:35:00,5073.31,80.0,TRADE
VIC1,2025-11-29 19:40:00,5084.35,76.34,TRADE
VIC1,2025-11-29 19:45:00,5019.28,80.0,TRADE
VIC1,2025-11-29 19:50:00,5101.13,77.32,TRADE
VIC1,2025-11-29 19:55:00,5157.31,101.01,TRADE
VIC1,2025-11-29 20:00:00,5111.42,101.01,TRADE
VIC1,2025-11-29 20:05:00,5024.62,82.96,TRADE
VIC1,2025-11-29 20:10:00,4982.67,105.45,TRADE
VIC1,2025-11-29 20:15:00,5053.48,101.01,TRADE
VIC1,2025-11-29 20:20:00,5024.27,101.01,TRADE
VIC1,2025-11-29 20:25:00,4956.48,100.07,TRADE
VIC1,2025-11-29 20:30:00,5038.02,105.51,TRADE
VIC1,2025-11-29 20:35:00,4990.89,90.94,TRADE
VIC1,2025-11-29 20:40:00,4920.23,91.78,TRADE
VIC1,2025-11-29 20:45:00,4898.89,101.01,TRADE
VIC1,2025-11-29 20:50:00,4919.97,94.17,TRADE
VIC1,2025-11-29 20:55:00,4894.26,104.5,TRADE
VIC1,2025-11-29 21:00:00,4829.68,93.9,TRADE
VIC1,2025-11-29 21:05:00,4801.78,94.13,TRADE
VIC1,2025-11-29 21:10:00,4839.67,101.01,TRADE
VIC1,2025-11-29 21:15:00,4827.35,99.03,TRADE
VIC1,2025-11-29 21:20:00,4836.02,97.68,TRADE
VIC1,2025-11-29 21:25:00,4846.08,103.79,TRADE
VIC1,2025-11-29 21:30:00,4778.56,98.64,TRADE
VIC1,2025-11-29 21:35:00,4824.22,101.01,TRADE
VIC1,2025-11-29 21:40:00,4790.31,101.01,TRADE
VIC1,2025-11-29 21:45:00,4713.61,101.01,TRADE
VIC1,2025-11-29 21:50:00,4682.43,98.85,TRADE
VIC1,2025-11-29 21:55:00,4670.39,104.91,TRADE
VIC1,2025-11-29 22:00:00,4709.53,107.25,TRADE
VIC1,2025-11-29 22:05:00,4654.51,90.83,TRADE
VIC1,2025-11-29 22:10:00,4711.71,125.49,TRADE
VIC1,2025-11-29 22:15:00,4588.06,93.23,TRADE
VIC1,2025-11-29 22:20:00,4657.86,118.7,TRADE
VIC1,2025-11-29 22:25:00,4541.97,101.01,TRADE
VIC1,2025-11-29 22:30:00,4593.93,119.02,TRADE
VIC1,2025-11-29 22:35:00,4618.21,101.01,TRADE
VIC1,2025-11-29 22:40:00,4589.96,127.29,TRADE
VIC1,2025-11-29 22:45:00,4563.18,119.34,TRADE
VIC1,2025-11-29 22:50:00,4476.16,101.01,TRADE
VIC1,2025-11-29 22:55:00,4500.71,112.58,TRADE
VIC1,2025-11-29 23:00:00,4534.81,105.44,TRADE
VIC1,2025-11-29 23:05:00,4521.78,118.79,TRADE
VIC1,2025-11-29 23:10:00,4718.46,118.74,TRADE
VIC1,2025-11-29 23:15:00,4724.03,101.01,TRADE
VIC1,2025-11-29 23:20:00,4756.05,105.06,TRADE
VIC1,2025-11-29 23:25:00,4735.27,120.0,TRADE
VIC1,2025-11-29 23:30:00,4653.43,118.69,TRADE
VIC1,2025-11-29 23:35:00,4636.76,101.01,TRADE
VIC1,2025-11-29 23:40:00,4668.51,118.82,TRADE
VIC1,2025-11-29 23:45:00,4605.47,118.69,TRADE
VIC1,2025-11-29 23:50:00,4660.76,120.0,TRADE
VIC1,2025-11-29 23:55:00,4593.63,110.47,TRADE
VIC1,2025-11-30 00:00:00,4563.9,88.66,TRADE
VIC1,2025-11-30 00:05:00,4512.49,86.51,TRADE
VIC1,2025-11-30 00:10:00,4448.09,80.0,TRADE
VIC1,2025-11-30 00:15:00,4434.69,80.0,TRADE
VIC1,2025-11-30 00:20:00,4468.05,101.01,TRADE
VIC1,2025-11-30 00:25:00,4421.4,80.0,TRADE
VIC1,2025-11-30 00:30:00,4344.1,80.0,TRADE
VIC1,2025-11-30 00:35:00,4318.06,101.01,TRADE
VIC1,2025-11-30 00:40:00,4346.91,90.5,TRADE
VIC1,2025-11-30 00:45:00,4368.93,91.23,TRADE
VIC1,2025-11-30 00:50:00,4311.4,80.0,TRADE
VIC1,2025-11-30 00:55:00,4275.34,76.34,TRADE
VIC1,2025-11-30 01:00:00,4288.52,76.34,TRADE
VIC1,2025-11-30 01:05:00,4214.47,89.99,TRADE
VIC1,2025-11-30 01:10:00,4187.82,80.0,TRADE
VIC1,2025-11-30 01:15:00,4171.85,88.08,TRADE
VIC1,2025-11-30 01:20:00,4235.19,88.0,TRADE
VIC1,2025-11-30 01:25:00,4216.35,88.1,TRADE
VIC1,2025-11-30 01:30:00,4134.97,80.0,TRADE
VIC1,2025-11-30 01:35:00,4166.03,87.44,TRADE
VIC1,2025-11-30 01:40:00,4177.47,90.66,TRADE
VIC1,2025-11-30 01:45:00,4110.22,80.0,TRADE
VIC1,2025-11-30 01:50:00,4084.97,80.0,TRADE
VIC1,2025-11-30 01:55:00,4128.99,76.34,TRADE
VIC1,2025-11-30 02:00:00,4111.15,89.89,TRADE
VIC1,2025-11-30 02:05:00,4004.02,90.03,TRADE
VIC1,2025-11-30 02:10:00,3996.83,86.01,TRADE
VIC1,2025-11-30 02:15:00,4027.94,89.68,TRADE
VIC1,2025-11-30 02:20:00,3990.39,86.5,TRADE
VIC1,2025-11-30 02:25:00,4011.73,86.45,TRADE
VIC1,2025-11-30 02:30:00,4006.17,86.2,TRADE
VIC1,2025-11-30 02:35:00,3984.3,68.47,TRADE
VIC1,2025-11-30 02:40:00,3959.38,85.4,TRADE
VIC1,2025-11-30 02:45:00,3976.32,85.91,TRADE
VIC1,2025-11-30 02:50:00,3859.59,40.57,TRADE
VIC1,2025-11-30 02:55:00,3876.16,80.0,TRADE
VIC1,2025-11-30 03:00:00,3926.56,80.04,TRADE
VIC1,2025-11-30 03:05:00,3863.7,80.0,TRADE
VIC1,2025-11-30 03:10:00,3856.72,72.44,TRADE
VIC1,2025-11-30 03:15:00,3933.23,85.69,TRADE
VIC1,2025-11-30 03:20:00,3918.99,86.39,TRADE
VIC1,2025-11-30 03:25:00,3852.47,19.18,TRADE
VIC1,2025-11-30 03:30:00,3970.25,41.95,TRADE
VIC1,2025-11-30 03:35:00,3954.22,40.7,TRADE
VIC1,2025-11-30 03:40:00,3884.78,38.69,TRADE
VIC1,2025-11-30 03:45:00,3903.03,38.69,TRADE
VIC1,2025-11-30 03:50:00,3892.26,32.07,TRADE
VIC1,2025-11-30 03:55:00,3880.67,19.18,TRADE
VIC1,2025-11-30 04:00:00,3833.41,12.71,TRADE
VIC1,2025-11-30 04:05:00,3838.15,12.71,TRADE
VIC1,2025-11-30 04:10:00,3912.68,19.18,TRADE
VIC1,2025-11-30 04:15:00,3838.49,12.71,TRADE
VIC1,2025-11-30 04:20:00,3832.63,12.71,TRADE
VIC1,2025-11-30 04:25:00,3902.34,19.18,TRADE
VIC1,2025-11-30 04:30:00,3956.24,19.0,TRADE
VIC1,2025-11-30 04:35:00,3934.27,12.71,TRADE
VIC1,2025-11-30 04:40:00,3948.4,12.71,TRADE
VIC1,2025-11-30 04:45:00,3903.44,12.71,TRADE
VIC1,2025-11-30 04:50:00,3850.22,12.71,TRADE
VIC1,2025-11-30 04:55:00,3921.08,12.71,TRADE
VIC1,2025-11-30 05:00:00,3953.94,14.7,TRADE
VIC1,2025-11-30 05:05:00,3903.69,8.95,TRADE
VIC1,2025-11-30 05:10:00,3937.2,8.95,TRADE
VIC1,2025-11-30 05:15:00,3935.04,8.95,TRADE
VIC1,2025-11-30 05:20:00,3998.94,8.95,TRADE
VIC1,2025-11-30 05:25:00,3940.27,8.95,TRADE
VIC1,2025-11-30 05:30:00,4040.89,12.71,TRADE
VIC1,2025-11-30 05:35:00,4016.87,8.95,TRADE
VIC1,2025-11-30 05:40:00,3998.45,8.95,TRADE
VIC1,2025-11-30 05:45:00,3946.18,8.95,TRADE
VIC1,2025-11-30 05:50:00,3889.15,8.95,TRADE
VIC1,2025-11-30 05:55:00,3822.98,0.01,TRADE
VIC1,2025-11-30 06:00:00,3879.9,6.5,TRADE
VIC1,2025-11-30 06:05:00,3879.44,16.33,TRADE
VIC1,2025-11-30 06:10:00,3821.31,12.81,TRADE
VIC1,2025-11-30 06:15:00,3894.46,18.21,TRADE
VIC1,2025-11-30 06:20:00,3897.37,18.21,TRADE
VIC1,2025-11-30 06:25:00,3895.63,-0.35,TRADE
VIC1,2025-11-30 06:30:00,3857.42,0.0,TRADE
VIC1,2025-11-30 06:35:00,3796.93,0.0,TRADE
VIC1,2025-11-30 06:40:00,3785.6,-4.69,TRADE
VIC1,2025-11-30 06:45:00,3882.59,-3.7,TRADE
VIC1,2025-11-30 06:50:00,3859.35,-7.53,TRADE
VIC1,2025-11-30 06:55:00,3895.16,-7.68,TRADE
VIC1,2025-11-30 07:00:00,3841.48,-8.03,TRADE
VIC1,2025-11-30 07:05:00,3808.63,-6.12,TRADE
VIC1,2025-11-30 07:10:00,3706.25,-7.66,TRADE
VIC1,2025-11-30 07:15:00,3634.28,-6.58,TRADE
VIC1,2025-11-30 07:20:00,3587.72,-8.03,TRADE
VIC1,2025-11-30 07:25:00,3617.57,-8.61,TRADE
VIC1,2025-11-30 07:30:00,3606.33,-8.72,TRADE
VIC1,2025-11-30 07:35:00,3592.72,-8.73,TRADE
VIC1,2025-11-30 07:40:00,3595.43,-9.26,TRADE
VIC1,2025-11-30 07:45:00,3687.47,-9.56,TRADE
VIC1,2025-11-30 07:50:00,3757.87,-11.4,TRADE
VIC1,2025-11-30 07:55:00,3725.98,-12.81,TRADE
VIC1,2025-11-30 08:00:00,3569.88,-15.34,TRADE
VIC1,2025-11-30 08:05:00,3550.28,-15.54,TRADE
VIC1,2025-11-30 08:10:00,3615.75,-16.54,TRADE
VIC1,2025-11-30 08:15:00,3711.84,-20.31,TRADE
VIC1,2025-11-30 08:20:00,3722.02,-20.22,TRADE
VIC1,2025-11-30 08:25:00,3729.99,-16.36,TRADE
VIC1,2025-11-30 08:30:00,3685.13,-16.54,TRADE
VIC1,2025-11-30 08:35:00,3684.67,-19.99,TRADE
VIC1,2025-11-30 08:40:00,3678.11,-22.46,TRADE
VIC1,2025-11-30 08:45:00,3661.55,-16.69,TRADE
VIC1,2025-11-30 08:50:00,3627.54,-22.89,TRADE
VIC1,2025-11-30 08:55:00,3631.87,-23.41,TRADE
VIC1,2025-11-30 09:00:00,3502.08,-19.52,TRADE
VIC1,2025-11-30 09:05:00,3491.41,-20.84,TRADE
VIC1,2025-11-30 09:10:00,3537.43,-19.61,TRADE
VIC1,2025-11-30 09:15:00,3498.87,-16.54,TRADE
VIC1,2025-11-30 09:20:00,3483.77,-24.35,TRADE
VIC1,2025-11-30 09:25:00,3495.3,-24.27,TRADE
VIC1,2025-11-30 09:30:00,3416.38,-19.12,TRADE
VIC1,2025-11-30 09:35:00,3419.3,-15.34,TRADE
VIC1,2025-11-30 09:40:00,3330.51,-16.54,TRADE
VIC1,2025-11-30 09:45:00,3305.59,-18.98,TRADE
VIC1,2025-11-30 09:50:00,3240.1,-22.28,TRADE
VIC1,2025-11-30 09:55:00,3232.67,-19.19,TRADE
VIC1,2025-11-30 10:00:00,3193.51,-19.07,TRADE
VIC1,2025-11-30 10:05:00,3232.67,-25.55,TRADE
VIC1,2025-11-30 10:10:00,3306.53,-19.99,TRADE
VIC1,2025-11-30 10:15:00,3227.12,-23.58,TRADE
VIC1,2025-11-30 10:20:00,3152.54,-30.7,TRADE
VIC1,2025-11-30 10:25:00,3041.44,-36.1,TRADE
VIC1,2025-11-30 10:30:00,3025.67,-25.0,TRADE
VIC1,2025-11-30 10:35:00,2851.14,-24.43,TRADE
VIC1,2025-11-30 10:40:00,2825.42,-26.04,TRADE
VIC1,2025-11-30 10:45:00,2833.59,-25.0,TRADE
VIC1,2025-11-30 10:50:00,2806.01,-25.0,TRADE
VIC1,2025-11-30 10:55:00,2835.15,-25.0,TRADE
VIC1,2025-11-30 11:00:00,2952.53,-25.0,TRADE
VIC1,2025-11-30 11:05:00,3137.51,-20.37,TRADE
VIC1,2025-11-30 11:10:00,3195.67,-20.37,TRADE
VIC1,2025-11-30 11:15:00,3200.86,-20.37,TRADE
VIC1,2025-11-30 11:20:00,3212.3,-18.98,TRADE
VIC1,2025-11-30 11:25:00,3309.09,-18.85,TRADE
VIC1,2025-11-30 11:30:00,3355.37,-28.9,TRADE
VIC1,2025-11-30 11:35:00,3516.72,-23.87,TRADE
VIC1,2025-11-30 11:40:00,3611.47,-19.99,TRADE
VIC1,2025-11-30 11:45:00,3606.79,-19.51,TRADE
VIC1,2025-11-30 11:50:00,3651.71,-23.26,TRADE
VIC1,2025-11-30 11:55:00,3601.87,-20.09,TRADE
VIC1,2025-11-30 12:00:00,3420.38,-28.95,TRADE
VIC1,2025-11-30 12:05:00,3345.42,-22.52,TRADE
VIC1,2025-11-30 12:10:00,3210.22,-25.0,TRADE
VIC1,2025-11-30 12:15:00,3219.25,-20.99,TRADE
VIC1,2025-11-30 12:20:00,3055.41,-19.22,TRADE
VIC1,2025-11-30 12:25:00,2925.3,-24.45,TRADE
VIC1,2025-11-30 12:30:00,2930.21,-23.82,TRADE
VIC1,2025-11-30 12:35:00,2917.19,-25.28,TRADE
VIC1,2025-11-30 12:40:00,2967.61,-39.48,TRADE
VIC1,2025-11-30 12:45:00,2967.06,-18.79,TRADE
VIC1,2025-11-30 12:50:00,2771.39,-59.46,TRADE
VIC1,2025-11-30 12:55:00,2686.74,-23.8,TRADE
VIC1,2025-11-30 13:00:00,2706.11,-20.26,TRADE
VIC1,2025-11-30 13:05:00,2602.21,-19.99,TRADE
VIC1,2025-11-30 13:10:00,2501.6,-50.11,TRADE
VIC1,2025-11-30 13:15:00,2535.31,-23.07,TRADE
VIC1,2025-11-30 13:20:00,2601.82,-25.25,TRADE
VIC1,2025-11-30 13:25:00,2647.43,-36.1,TRADE
VIC1,2025-11-30 13:30:00,2703.72,-18.7,TRADE
VIC1,2025-11-30 13:35:00,2679.39,-30.13,TRADE
VIC1,2025-11-30 13:40:00,2713.35,-22.4,TRADE
VIC1,2025-11-30 13:45:00,2581.48,-33.67,TRADE
VIC1,2025-11-30 13:50:00,2613.5,-19.99,TRADE
VIC1,2025-11-30 13:55:00,2841.9,-19.99,TRADE
VIC1,2025-11-30 14:00:00,2964.5,-12.99,TRADE
VIC1,2025-11-30 14:05:00,3104.67,-16.54,TRADE
VIC1,2025-11-30 14:10:00,3127.68,-9.19,TRADE
VIC1,2025-11-30 14:15:00,3142.58,-19.26,TRADE
VIC1,2025-11-30 14:20:00,3232.68,-16.54,TRADE
VIC1,2025-11-30 14:25:00,3134.96,-18.74,TRADE
VIC1,2025-11-30 14:30:00,3171.56,-18.48,TRADE
VIC1,2025-11-30 14:35:00,3054.07,-19.98,TRADE
VIC1,2025-11-30 14:40:00,3132.26,-24.3,TRADE
VIC1,2025-11-30 14:45:00,3187.43,-16.54,TRADE
VIC1,2025-11-30 14:50:00,3245.17,-9.8,TRADE
VIC1,2025-11-30 14:55:00,3104.52,-6.72,TRADE
VIC1,2025-11-30 15:00:00,3010.47,-5.69,TRADE
VIC1,2025-11-30 15:05:00,2990.22,-24.01,TRADE
VIC1,2025-11-30 15:10:00,3179.23,-16.54,TRADE
VIC1,2025-11-30 15:15:00,3146.42,-36.1,TRADE
VIC1,2025-11-30 15:20:00,3175.66,-19.82,TRADE
VIC1,2025-11-30 15:25:00,3282.12,-19.99,TRADE
VIC1,2025-11-30 15:30:00,3328.68,-16.54,TRADE
VIC1,2025-11-30 15:35:00,3317.34,-18.9,TRADE
VIC1,2025-11-30 15:40:00,3365.96,-14.03,TRADE
VIC1,2025-11-30 15:45:00,3309.52,-19.99,TRADE
VIC1,2025-11-30 15:50:00,3394.89,-13.47,TRADE
VIC1,2025-11-30 15:55:00,3446.4,-7.62,TRADE
VIC1,2025-11-30 16:00:00,3659.9,-8.21,TRADE
VIC1,2025-11-30 16:05:00,3956.72,-9.74,TRADE
VIC1,2025-11-30 16:10:00,4116.08,-19.99,TRADE
VIC1,2025-11-30 16:15:00,4308.1,-11.72,TRADE
VIC1,2025-11-30 16:20:00,4425.48,-3.7,TRADE
VIC1,2025-11-30 16:25:00,4421.37,-6.35,TRADE
VIC1,2025-11-30 16:30:00,4536.72,-3.7,TRADE
VIC1,2025-11-30 16:35:00,4450.14,-11.71,TRADE
VIC1,2025-11-30 16:40:00,4507.58,-12.49,TRADE
VIC1,2025-11-30 16:45:00,4645.92,-3.7,TRADE
VIC1,2025-11-30 16:50:00,4592.54,-3.7,TRADE
VIC1,2025-11-30 16:55:00,4576.44,-3.7,TRADE
VIC1,2025-11-30 17:00:00,4577.65,-5.3,TRADE
VIC1,2025-11-30 17:05:00,4604.07,-8.52,TRADE
VIC1,2025-11-30 17:10:00,4677.38,-9.64,TRADE
VIC1,2025-11-30 17:15:00,4563.99,-10.11,TRADE
VIC1,2025-11-30 17:20:00,4615.59,-3.7,TRADE
VIC1,2025-11-30 17:25:00,4562.35,-3.7,TRADE
VIC1,2025-11-30 17:30:00,4616.03,-3.7,TRADE
VIC1,2025-11-30 17:35:00,4575.67,-9.69,TRADE
VIC1,2025-11-30 17:40:00,4738.95,-3.7,TRADE
VIC1,2025-11-30 17:45:00,4692.53,-3.7,TRADE
VIC1,2025-11-30 17:50:00,4771.12,-14.7,TRADE
VIC1,2025-11-30 17:55:00,4729.77,0.0,TRADE
VIC1,2025-11-30 18:00:00,4754.18,0.0,TRADE
VIC1,2025-11-30 18:05:00,4748.66,-3.7,TRADE
VIC1,2025-11-30 18:10:00,4718.61,0.01,TRADE
VIC1,2025-11-30 18:15:00,4812.55,8.95,TRADE
VIC1,2025-11-30 18:20:00,4800.19,14.69,TRADE
VIC1,2025-11-30 18:25:00,4833.95,12.71,TRADE
VIC1,2025-11-30 18:30:00,4920.5,36.02,TRADE
VIC1,2025-11-30 18:35:00,5024.34,65.62,TRADE
VIC1,2025-11-30 18:40:00,5074.3,65.65,TRADE
VIC1,2025-11-30 18:45:00,5043.18,12.71,TRADE
VIC1,2025-11-30 18:50:00,5135.38,12.71,TRADE
VIC1,2025-11-30 18:55:00,5172.46,12.71,TRADE
VIC1,2025-11-30 19:00:00,5197.44,8.95,TRADE
VIC1,2025-11-30 19:05:00,5166.57,8.95,TRADE
VIC1,2025-11-30 19:10:00,5215.25,0.01,TRADE
VIC1,2025-11-30 19:15:00,5193.27,0.01,TRADE
VIC1,2025-11-30 19:20:00,5178.76,8.95,TRADE
VIC1,2025-11-30 19:25:00,5205.71,19.0,TRADE
VIC1,2025-11-30 19:30:00,5229.85,57.71,TRADE
VIC1,2025-11-30 19:35:00,5185.54,56.13,TRADE
VIC1,2025-11-30 19:40:00,5244.02,65.45,TRADE
VIC1,2025-11-30 19:45:00,5139.31,56.52,TRADE
VIC1,2025-11-30 19:50:00,5180.71,57.59,TRADE
VIC1,2025-11-30 19:55:00,5186.3,19.0,TRADE
VIC1,2025-11-30 20:00:00,5310.02,56.36,TRADE
VIC1,2025-11-30 20:05:00,5172.04,19.0,TRADE
VIC1,2025-11-30 20:10:00,5259.05,60.24,TRADE
VIC1,2025-11-30 20:15:00,5197.53,19.0,TRADE
VIC1,2025-11-30 20:20:00,5197.78,19.0,TRADE
VIC1,2025-11-30 20:25:00,5148.62,11.29,TRADE
VIC1,2025-11-30 20:30:00,5049.65,0.01,TRADE
VIC1,2025-11-30 20:35:00,5006.95,0.01,TRADE
VIC1,2025-11-30 20:40:00,4956.88,8.95,TRADE
VIC1,2025-11-30 20:45:00,4959.92,8.95,TRADE
VIC1,2025-11-30 20:50:00,4927.27,1.45,TRADE
VIC1,2025-11-30 20:55:00,4909.55,0.01,TRADE
VIC1,2025-11-30 21:00:00,4849.08,0.01,TRADE
VIC1,2025-11-30 21:05:00,4798.04,2.66,TRADE
VIC1,2025-11-30 21:10:00,4717.13,8.95,TRADE
VIC1,2025-11-30 21:15:00,4703.17,8.95,TRADE
VIC1,2025-11-30 21:20:00,4739.9,2.68,TRADE
VIC1,2025-11-30 21:25:00,4720.66,8.95,TRADE
VIC1,2025-11-30 21:30:00,4612.36,0.01,TRADE
VIC1,2025-11-30 21:35:00,4632.81,8.95,TRADE
VIC1,2025-11-30 21:40:00,4609.96,13.45,TRADE
VIC1,2025-11-30 21:45:00,4544.3,8.95,TRADE
VIC1,2025-11-30 21:50:00,4490.26,8.95,TRADE
VIC1,2025-11-30 21:55:00,4427.87,0.01,TRADE
VIC1,2025-11-30 22:00:00,4492.88,8.95,TRADE
VIC1,2025-11-30 22:05:00,4455.38,8.95,TRADE
VIC1,2025-11-30 22:10:00,4414.76,8.95,TRADE
VIC1,2025-11-30 22:15:00,4433.35,8.95,TRADE
VIC1,2025-11-30 22:20:00,4408.45,8.95,TRADE
VIC1,2025-11-30 22:25:00,4424.43,8.95,TRADE
VIC1,2025-11-30 22:30:00,4355.57,0.01,TRADE
VIC1,2025-11-30 22:35:00,4348.31,0.0,TRADE
VIC1,2025-11-30 22:40:00,4415.11,0.0,TRADE
VIC1,2025-11-30 22:45:00,4358.46,-2.52,TRADE
VIC1,2025-11-30 22:50:00,4236.11,-3.7,TRADE
VIC1,2025-11-30 22:55:00,4304.5,-3.7,TRADE
VIC1,2025-11-30 23:00:00,4296.08,-3.7,TRADE
VIC1,2025-11-30 23:05:00,4353.96,-3.7,TRADE
VIC1,2025-11-30 23:10:00,4485.78,-3.7,TRADE
VIC1,2025-11-30 23:15:00,4491.88,-3.7,TRADE
VIC1,2025-11-30 23:20:00,4585.75,-3.53,TRADE
VIC1,2025-11-30 23:25:00,4495.44,-3.56,TRADE
VIC1,2025-11-30 23:30:00,4492.75,-3.7,TRADE
VIC1,2025-11-30 23:35:00,4555.48,-3.56,TRADE
VIC1,2025-11-30 23:40:00,4520.43,-3.7,TRADE
VIC1,2025-11-30 23:45:00,4481.3,-3.7,TRADE
VIC1,2025-11-30 23:50:00,4466.84,-3.7,TRADE
VIC1,2025-11-30 23:55:00,4334.52,-3.7,TRADE
