REGION,SETTLEMENTDATE,TOTALDEMAND,RRP,PERIODTYPE
VIC1,2025-06-02 00:00:00,4760.21,-20.0,TRADE
VIC1,2025-06-02 00:05:00,4863.53,51.36,TRADE
VIC1,2025-06-02 00:10:00,4812.54,67.1,TRADE
VIC1,2025-06-02 00:15:00,4797.61,53.29,TRADE
VIC1,2025-06-02 00:20:00,4764.81,53.0,TRADE
VIC1,2025-06-02 00:25:00,4746.36,19.19,TRADE
VIC1,2025-06-02 00:30:00,4699.53,47.48,TRADE
VIC1,2025-06-02 00:35:00,4698.85,19.19,TRADE
VIC1,2025-06-02 00:40:00,4574.25,-20.0,TRADE
VIC1,2025-06-02 00:45:00,4602.13,20.01,TRADE
VIC1,2025-06-02 00:50:00,4595.95,18.39,TRADE
VIC1,2025-06-02 00:55:00,4555.5,20.01,TRADE
VIC1,2025-06-02 01:00:00,4546.77,19.19,TRADE
VIC1,2025-06-02 01:05:00,4525.42,40.87,TRADE
VIC1,2025-06-02 01:10:00,4515.69,0.01,TRADE
VIC1,2025-06-02 01:15:00,4418.81,8.95,TRADE
VIC1,2025-06-02 01:20:00,4355.09,0.01,TRADE
VIC1,2025-06-02 01:25:00,4415.79,20.01,TRADE
VIC1,2025-06-02 01:30:00,4317.71,8.95,TRADE
VIC1,2025-06-02 01:35:00,4312.31,19.19,TRADE
VIC1,2025-06-02 01:40:00,4393.44,2.95,TRADE
VIC1,2025-06-02 01:45:00,4336.25,20.01,TRADE
VIC1,2025-06-02 01:50:00,4334.03,0.01,TRADE
VIC1,2025-06-02 01:55:00,4295.36,19.19,TRADE
VIC1,2025-06-02 02:00:00,4222.25,8.95,TRADE
VIC1,2025-06-02 02:05:00,4272.3,20.01,TRADE
VIC1,2025-06-02 02:10:00,4203.85,19.19,TRADE
VIC1,2025-06-02 02:15:00,4196.72,20.01,TRADE
VIC1,2025-06-02 02:20:00,4232.97,6.95,TRADE
VIC1,2025-06-02 02:25:00,4128.26,19.19,TRADE
VIC1,2025-06-02 02:30:00,4178.49,0.01,TRADE
VIC1,2025-06-02 02:35:00,4200.48,68.05,TRADE
VIC1,2025-06-02 02:40:00,4165.81,19.19,TRADE
VIC1,2025-06-02 02:45:00,4173.26,20.01,TRADE
VIC1,2025-06-02 02:50:00,4057.64,-3.77,TRADE
VIC1,2025-06-02 02:55:00,4147.22,20.01,TRADE
VIC1,2025-06-02 03:00:00,4161.82,0.01,TRADE
VIC1,2025-06-02 03:05:00,4144.55,20.63,TRADE
VIC1,2025-06-02 03:10:00,4152.58,20.01,TRADE
VIC1,2025-06-02 03:15:00,4149.32,19.19,TRADE
VIC1,2025-06-02 03:20:00,4129.48,20.01,TRADE
VIC1,2025-06-02 03:25:00,4136.32,15.6,TRADE
VIC1,2025-06-02 03:30:00,4061.34,19.19,TRADE
VIC1,2025-06-02 03:35:00,4125.22,70.48,TRADE
VIC1,2025-06-02 03:40:00,4142.8,19.19,TRADE
VIC1,2025-06-02 03:45:00,4152.36,19.19,TRADE
VIC1,2025-06-02 03:50:00,4135.77,19.19,TRADE
VIC1,2025-06-02 03:55:00,4111.6,19.19,TRADE
VIC1,2025-06-02 04:00:00,4139.68,19.19,TRADE
VIC1,2025-06-02 04:05:00,4144.91,35.95,TRADE
VIC1,2025-06-02 04:10:00,4104.72,75.01,TRADE
VIC1,2025-06-02 04:15:00,4104.44,20.01,TRADE
VIC1,2025-06-02 04:20:00,4188.4,25.63,TRADE
VIC1,2025-06-02 04:25:00,4207.19,20.69,TRADE
VIC1,2025-06-02 04:30:00,4201.79,31.25,TRADE
VIC1,2025-06-02 04:35:00,4228.98,42.35,TRADE
VIC1,2025-06-02 04:40:00,4260.04,42.35,TRADE
VIC1,2025-06-02 04:45:00,4309.89,35.15,TRADE
VIC1,2025-06-02 04:50:00,4291.13,20.01,TRADE
VIC1,2025-06-02 04:55:00,4271.25,20.01,TRADE
VIC1,2025-06-02 05:00:00,4293.12,20.01,TRADE
VIC1,2025-06-02 05:05:00,4331.82,20.01,TRADE
VIC1,2025-06-02 05:10:00,4425.03,20.01,TRADE
VIC1,2025-06-02 05:15:00,4492.05,85.76,TRADE
VIC1,2025-06-02 05:20:00,4587.81,120.0,TRADE
VIC1,2025-06-02 05:25:00,4681.91,103.32,TRADE
VIC1,2025-06-02 05:30:00,4639.67,120.0,TRADE
VIC1,2025-06-02 05:35:00,4702.72,120.0,TRADE
VIC1,2025-06-02 05:40:00,4760.46,120.0,TRADE
VIC1,2025-06-02 05:45:00,4821.44,120.0,TRADE
VIC1,2025-06-02 05:50:00,4880.56,120.0,TRADE
VIC1,2025-06-02 05:55:00,5004.51,139.41,TRADE
VIC1,2025-06-02 06:00:00,5088.2,160.0,TRADE
VIC1,2025-06-02 06:05:00,5162.21,120.0,TRADE
VIC1,2025-06-02 06:10:00,5310.0,123.97,TRADE
VIC1,2025-06-02 06:15:00,5416.96,153.99,TRADE
VIC1,2025-06-02 06:20:00,5421.33,150.8,TRADE
VIC1,2025-06-02 06:25:00,5522.87,156.63,TRADE
VIC1,2025-06-02 06:30:00,5614.65,153.28,TRADE
VIC1,2025-06-02 06:35:00,5698.15,153.99,TRADE
VIC1,2025-06-02 06:40:00,5772.42,160.89,TRADE
VIC1,2025-06-02 06:45:00,5895.3,160.0,TRADE
VIC1,2025-06-02 06:50:00,5968.49,160.0,TRADE
VIC1,2025-06-02 06:55:00,6070.55,155.95,TRADE
VIC1,2025-06-02 07:00:00,6169.85,156.05,TRADE
VIC1,2025-06-02 07:05:00,6320.62,160.0,TRADE
VIC1,2025-06-02 07:10:00,6316.95,160.0,TRADE
VIC1,2025-06-02 07:15:00,6473.68,160.0,TRADE
VIC1,2025-06-02 07:20:00,6541.11,167.68,TRADE
VIC1,2025-06-02 07:25:00,6629.36,207.37,TRADE
VIC1,2025-06-02 07:30:00,6660.68,171.49,TRADE
VIC1,2025-06-02 07:35:00,6724.08,173.23,TRADE
VIC1,2025-06-02 07:40:00,6809.92,170.34,TRADE
VIC1,2025-06-02 07:45:00,6846.75,160.0,TRADE
VIC1,2025-06-02 07:50:00,6860.75,160.0,TRADE
VIC1,2025-06-02 07:55:00,6916.07,171.54,TRADE
VIC1,2025-06-02 08:00:00,6855.97,160.0,TRADE
VIC1,2025-06-02 08:05:00,6879.77,197.19,TRADE
VIC1,2025-06-02 08:10:00,6866.42,172.34,TRADE
VIC1,2025-06-02 08:15:00,6855.32,223.4,TRADE
VIC1,2025-06-02 08:20:00,6808.23,176.54,TRADE
VIC1,2025-06-02 08:25:00,6763.05,175.81,TRADE
VIC1,2025-06-02 08:30:00,6744.8,132.72,TRADE
VIC1,2025-06-02 08:35:00,6679.85,160.0,TRADE
VIC1,2025-06-02 08:40:00,6636.98,160.0,TRADE
VIC1,2025-06-02 08:45:00,6568.32,160.0,TRADE
VIC1,2025-06-02 08:50:00,6441.41,157.02,TRADE
VIC1,2025-06-02 08:55:00,6509.99,160.0,TRADE
VIC1,2025-06-02 09:00:00,6450.31,120.63,TRADE
VIC1,2025-06-02 09:05:00,6392.64,120.0,TRADE
VIC1,2025-06-02 09:10:00,6239.95,122.72,TRADE
VIC1,2025-06-02 09:15:00,6215.32,160.0,TRADE
VIC1,2025-06-02 09:20:00,6158.7,117.22,TRADE
VIC1,2025-06-02 09:25:00,6114.51,118.78,TRADE
VIC1,2025-06-02 09:30:00,6005.94,115.06,TRADE
VIC1,2025-06-02 09:35:00,6011.78,116.66,TRADE
VIC1,2025-06-02 09:40:00,5947.46,117.6,TRADE
VIC1,2025-06-02 09:45:00,5804.75,115.25,TRADE
VIC1,2025-06-02 09:50:00,5808.56,120.0,TRADE
VIC1,2025-06-02 09:55:00,5786.21,125.61,TRADE
VIC1,2025-06-02 10:00:00,5727.85,120.0,TRADE
VIC1,2025-06-02 10:05:00,5695.77,210.25,TRADE
VIC1,2025-06-02 10:10:00,5733.35,235.9,TRADE
VIC1,2025-06-02 10:15:00,5691.61,143.96,TRADE
VIC1,2025-06-02 10:20:00,5655.19,219.28,TRADE
VIC1,2025-06-02 10:25:00,5550.81,161.85,TRADE
VIC1,2025-06-02 10:30:00,5508.22,113.76,TRADE
VIC1,2025-06-02 10:35:00,5345.29,132.72,TRADE
VIC1,2025-06-02 10:40:00,5344.74,147.62,TRADE
VIC1,2025-06-02 10:45:00,5328.9,123.32,TRADE
VIC1,2025-06-02 10:50:00,5213.48,114.66,TRADE
VIC1,2025-06-02 10:55:00,5179.29,120.0,TRADE
VIC1,2025-06-02 11:00:00,5105.11,118.94,TRADE
VIC1,2025-06-02 11:05:00,5122.88,141.79,TRADE
VIC1,2025-06-02 11:10:00,5150.97,132.86,TRADE
VIC1,2025-06-02 11:15:00,5120.73,138.15,TRADE
VIC1,2025-06-02 11:20:00,4978.99,96.01,TRADE
VIC1,2025-06-02 11:25:00,5047.96,108.33,TRADE
VIC1,2025-06-02 11:30:00,5029.15,128.52,TRADE
VIC1,2025-06-02 11:35:00,5006.18,97.0,TRADE
VIC1,2025-06-02 11:40:00,4937.59,111.94,TRADE
VIC1,2025-06-02 11:45:00,4892.89,103.58,TRADE
VIC1,2025-06-02 11:50:00,4806.54,90.0,TRADE
VIC1,2025-06-02 11:55:00,4778.36,95.57,TRADE
VIC1,2025-06-02 12:00:00,4675.93,104.84,TRADE
VIC1,2025-06-02 12:05:00,4606.91,79.8,TRADE
VIC1,2025-06-02 12:10:00,4698.5,97.33,TRADE
VIC1,2025-06-02 12:15:00,4687.52,90.0,TRADE
VIC1,2025-06-02 12:20:00,4648.21,90.0,TRADE
VIC1,2025-06-02 12:25:00,4633.39,71.04,TRADE
VIC1,2025-06-02 12:30:00,4639.03,90.0,TRADE
VIC1,2025-06-02 12:35:00,4636.37,79.73,TRADE
VIC1,2025-06-02 12:40:00,4542.79,75.93,TRADE
VIC1,2025-06-02 12:45:00,4535.79,95.04,TRADE
VIC1,2025-06-02 12:50:00,4582.15,90.86,TRADE
VIC1,2025-06-02 12:55:00,4561.38,85.08,TRADE
VIC1,2025-06-02 13:00:00,4478.08,70.42,TRADE
VIC1,2025-06-02 13:05:00,4530.58,82.75,TRADE
VIC1,2025-06-02 13:10:00,4593.02,81.36,TRADE
VIC1,2025-06-02 13:15:00,4602.47,67.41,TRADE
VIC1,2025-06-02 13:20:00,4590.83,78.07,TRADE
VIC1,2025-06-02 13:25:00,4553.6,63.86,TRADE
VIC1,2025-06-02 13:30:00,4583.84,67.5,TRADE
VIC1,2025-06-02 13:35:00,4633.82,75.0,TRADE
VIC1,2025-06-02 13:40:00,4672.88,75.56,TRADE
VIC1,2025-06-02 13:45:00,4659.09,90.0,TRADE
VIC1,2025-06-02 13:50:00,4696.43,77.14,TRADE
VIC1,2025-06-02 13:55:00,4684.73,95.98,TRADE
VIC1,2025-06-02 14:00:00,4714.94,101.04,TRADE
VIC1,2025-06-02 14:05:00,4759.59,98.66,TRADE
VIC1,2025-06-02 14:10:00,4689.79,92.68,TRADE
VIC1,2025-06-02 14:15:00,4721.36,110.42,TRADE
VIC1,2025-06-02 14:20:00,4810.37,138.4,TRADE
VIC1,2025-06-02 14:25:00,4876.82,127.24,TRADE
VIC1,2025-06-02 14:30:00,4871.36,149.26,TRADE
VIC1,2025-06-02 14:35:00,4909.73,127.36,TRADE
VIC1,2025-06-02 14:40:00,4929.89,116.8,TRADE
VIC1,2025-06-02 14:45:00,4983.27,110.51,TRADE
VIC1,2025-06-02 14:50:00,4923.04,112.78,TRADE
VIC1,2025-06-02 14:55:00,4967.11,111.9,TRADE
VIC1,2025-06-02 15:00:00,4965.24,127.24,TRADE
VIC1,2025-06-02 15:05:00,5052.02,147.05,TRADE
VIC1,2025-06-02 15:10:00,5062.45,160.0,TRADE
VIC1,2025-06-02 15:15:00,5060.58,155.35,TRADE
VIC1,2025-06-02 15:20:00,5216.11,160.0,TRADE
VIC1,2025-06-02 15:25:00,5223.06,155.88,TRADE
VIC1,2025-06-02 15:30:00,5295.78,160.0,TRADE
VIC1,2025-06-02 15:35:00,5297.72,156.38,TRADE
VIC1,2025-06-02 15:40:00,5284.74,160.0,TRADE
VIC1,2025-06-02 15:45:00,5390.85,160.0,TRADE
VIC1,2025-06-02 15:50:00,5475.42,164.9,TRADE
VIC1,2025-06-02 15:55:00,5437.26,160.0,TRADE
VIC1,2025-06-02 16:00:00,5499.53,160.0,TRADE
VIC1,2025-06-02 16:05:00,5593.67,185.44,TRADE
VIC1,2025-06-02 16:10:00,5729.18,145.6,TRADE
VIC1,2025-06-02 16:15:00,5754.08,159.93,TRADE
VIC1,2025-06-02 16:20:00,5782.14,186.27,TRADE
VIC1,2025-06-02 16:25:00,5824.48,158.97,TRADE
VIC1,2025-06-02 16:30:00,5997.51,186.86,TRADE
VIC1,2025-06-02 16:35:00,6043.45,163.66,TRADE
VIC1,2025-06-02 16:40:00,6098.51,126.37,TRADE
VIC1,2025-06-02 16:45:00,6261.53,145.48,TRADE
VIC1,2025-06-02 16:50:00,6307.11,152.28,TRADE
VIC1,2025-06-02 16:55:00,6440.93,153.59,TRADE
VIC1,2025-06-02 17:00:00,6399.15,212.12,TRADE
VIC1,2025-06-02 17:05:00,6518.87,200.25,TRADE
VIC1,2025-06-02 17:10:00,6528.85,166.15,TRADE
VIC1,2025-06-02 17:15:00,6613.13,168.76,TRADE
VIC1,2025-06-02 17:20:00,6642.21,204.94,TRADE
VIC1,2025-06-02 17:25:00,6775.93,170.35,TRADE
VIC1,2025-06-02 17:30:00,6866.73,201.68,TRADE
VIC1,2025-06-02 17:35:00,6932.11,167.4,TRADE
VIC1,2025-06-02 17:40:00,7008.63,169.53,TRADE
VIC1,2025-06-02 17:45:00,7036.13,170.23,TRADE
VIC1,2025-06-02 17:50:00,6987.72,199.37,TRADE
VIC1,2025-06-02 17:55:00,6997.94,211.65,TRADE
VIC1,2025-06-02 18:00:00,7025.49,211.25,TRADE
VIC1,2025-06-02 18:05:00,7040.13,166.58,TRADE
VIC1,2025-06-02 18:10:00,7017.59,164.91,TRADE
VIC1,2025-06-02 18:15:00,7092.63,149.66,TRADE
VIC1,2025-06-02 18:20:00,6996.48,137.96,TRADE
VIC1,2025-06-02 18:25:00,7068.55,153.99,TRADE
VIC1,2025-06-02 18:30:00,7028.4,149.66,TRADE
VIC1,2025-06-02 18:35:00,7050.09,153.99,TRADE
VIC1,2025-06-02 18:40:00,6924.65,144.41,TRADE
VIC1,2025-06-02 18:45:00,6956.51,149.87,TRADE
VIC1,2025-06-02 18:50:00,6988.1,144.99,TRADE
VIC1,2025-06-02 18:55:00,6982.75,155.99,TRADE
VIC1,2025-06-02 19:00:00,6974.1,162.42,TRADE
VIC1,2025-06-02 19:05:00,6920.88,160.0,TRADE
VIC1,2025-06-02 19:10:00,6892.68,167.03,TRADE
VIC1,2025-06-02 19:15:00,6860.59,147.6,TRADE
VIC1,2025-06-02 19:20:00,6794.91,133.23,TRADE
VIC1,2025-06-02 19:25:00,6751.02,132.72,TRADE
VIC1,2025-06-02 19:30:00,6821.94,142.32,TRADE
VIC1,2025-06-02 19:35:00,6777.72,153.99,TRADE
VIC1,2025-06-02 19:40:00,6752.01,149.34,TRADE
VIC1,2025-06-02 19:45:00,6742.58,139.27,TRADE
VIC1,2025-06-02 19:50:00,6733.7,153.99,TRADE
VIC1,2025-06-02 19:55:00,6706.65,157.28,TRADE
VIC1,2025-06-02 20:00:00,6682.85,157.0,TRADE
VIC1,2025-06-02 20:05:00,6568.18,153.99,TRADE
VIC1,2025-06-02 20:10:00,6559.71,157.41,TRADE
VIC1,2025-06-02 20:15:00,6578.47,162.83,TRADE
VIC1,2025-06-02 20:20:00,6498.22,153.99,TRADE
VIC1,2025-06-02 20:25:00,6489.92,153.99,TRADE
VIC1,2025-06-02 20:30:00,6476.73,160.0,TRADE
VIC1,2025-06-02 20:35:00,6382.32,132.89,TRADE
VIC1,2025-06-02 20:40:00,6407.4,128.52,TRADE
VIC1,2025-06-02 20:45:00,6278.33,153.99,TRADE
VIC1,2025-06-02 20:50:00,6265.14,153.99,TRADE
VIC1,2025-06-02 20:55:00,6304.8,153.99,TRADE
VIC1,2025-06-02 21:00:00,6257.58,131.36,TRADE
VIC1,2025-06-02 21:05:00,6181.79,157.28,TRADE
VIC1,2025-06-02 21:10:00,6185.59,158.1,TRADE
VIC1,2025-06-02 21:15:00,6183.73,156.7,TRADE
VIC1,2025-06-02 21:20:00,6128.34,126.5,TRADE
VIC1,2025-06-02 21:25:00,6016.77,123.77,TRADE
VIC1,2025-06-02 21:30:00,5969.99,120.0,TRADE
VIC1,2025-06-02 21:35:00,6005.54,120.0,TRADE
VIC1,2025-06-02 21:40:00,5911.48,122.02,TRADE
VIC1,2025-06-02 21:45:00,5885.5,120.0,TRADE
VIC1,2025-06-02 21:50:00,5823.84,120.0,TRADE
VIC1,2025-06-02 21:55:00,5806.17,114.44,TRADE
VIC1,2025-06-02 22:00:00,5757.67,109.92,TRADE
VIC1,2025-06-02 22:05:00,5673.42,112.6,TRADE
VIC1,2025-06-02 22:10:00,5565.27,113.63,TRADE
VIC1,2025-06-02 22:15:00,5524.83,113.63,TRADE
VIC1,2025-06-02 22:20:00,5561.71,111.87,TRADE
VIC1,2025-06-02 22:25:00,5524.25,113.29,TRADE
VIC1,2025-06-02 22:30:00,5434.05,112.27,TRADE
VIC1,2025-06-02 22:35:00,5427.78,120.0,TRADE
VIC1,2025-06-02 22:40:00,5354.48,120.0,TRADE
VIC1,2025-06-02 22:45:00,5297.84,120.0,TRADE
VIC1,2025-06-02 22:50:00,5223.98,107.54,TRADE
VIC1,2025-06-02 22:55:00,5133.6,66.19,TRADE
VIC1,2025-06-02 23:00:00,5215.68,108.74,TRADE
VIC1,2025-06-02 23:05:00,5234.86,101.51,TRADE
VIC1,2025-06-02 23:10:00,5298.99,120.0,TRADE
VIC1,2025-06-02 23:15:00,5308.37,120.71,TRADE
VIC1,2025-06-02 23:20:00,5310.67,121.36,TRADE
VIC1,2025-06-02 23:25:00,5297.51,120.0,TRADE
VIC1,2025-06-02 23:30:00,5276.73,120.0,TRADE
VIC1,2025-06-02 23:35:00,5184.68,108.1,TRADE
VIC1,2025-06-02 23:40:00,5124.95,101.05,TRADE
VIC1,2025-06-02 23:45:00,5122.01,113.2,TRADE
VIC1,2025-06-02 23:50:00,5077.22,92.86,TRADE
VIC1,2025-06-02 23:55:00,5096.09,83.76,TRADE
VIC1,2025-06-03 00:00:00,5085.63,101.45,TRADE
VIC1,2025-06-03 00:05:00,4940.95,88.56,TRADE
VIC1,2025-06-03 00:10:00,4990.52,105.93,TRADE
VIC1,2025-06-03 00:15:00,4978.96,98.66,TRADE
VIC1,2025-06-03 00:20:00,4953.19,96.24,TRADE
VIC1,2025-06-03 00:25:00,4918.34,49.75,TRADE
VIC1,2025-06-03 00:30:00,4835.22,92.9,TRADE
VIC1,2025-06-03 00:35:00,4804.01,62.45,TRADE
VIC1,2025-06-03 00:40:00,4843.49,98.66,TRADE
VIC1,2025-06-03 00:45:00,4837.14,97.12,TRADE
VIC1,2025-06-03 00:50:00,4813.95,98.66,TRADE
VIC1,2025-06-03 00:55:00,4817.46,103.48,TRADE
VIC1,2025-06-03 01:00:00,4795.46,102.81,TRADE
VIC1,2025-06-03 01:05:00,4755.15,106.27,TRADE
VIC1,2025-06-03 01:10:00,4718.61,106.3,TRADE
VIC1,2025-06-03 01:15:00,4659.05,98.66,TRADE
VIC1,2025-06-03 01:20:00,4647.07,85.03,TRADE
VIC1,2025-06-03 01:25:00,4661.66,98.58,TRADE
VIC1,2025-06-03 01:30:00,4669.99,93.72,TRADE
VIC1,2025-06-03 01:35:00,4550.74,36.35,TRADE
VIC1,2025-06-03 01:40:00,4606.18,82.39,TRADE
VIC1,2025-06-03 01:45:00,4575.86,90.0,TRADE
VIC1,2025-06-03 01:50:00,4566.68,83.66,TRADE
VIC1,2025-06-03 01:55:00,4553.33,89.1,TRADE
VIC1,2025-06-03 02:00:00,4446.88,75.0,TRADE
VIC1,2025-06-03 02:05:00,4556.72,93.58,TRADE
VIC1,2025-06-03 02:10:00,4497.77,117.69,TRADE
VIC1,2025-06-03 02:15:00,4473.51,112.61,TRADE
VIC1,2025-06-03 02:20:00,4482.66,111.67,TRADE
VIC1,2025-06-03 02:25:00,4437.2,107.03,TRADE
VIC1,2025-06-03 02:30:00,4445.3,112.47,TRADE
VIC1,2025-06-03 02:35:00,4421.41,112.35,TRADE
VIC1,2025-06-03 02:40:00,4344.66,110.01,TRADE
VIC1,2025-06-03 02:45:00,4393.05,108.42,TRADE
VIC1,2025-06-03 02:50:00,4416.7,104.34,TRADE
VIC1,2025-06-03 02:55:00,4399.08,103.59,TRADE
VIC1,2025-06-03 03:00:00,4372.29,104.39,TRADE
VIC1,2025-06-03 03:05:00,4391.6,103.35,TRADE
VIC1,2025-06-03 03:10:00,4395.57,104.25,TRADE
VIC1,2025-06-03 03:15:00,4383.13,117.72,TRADE
VIC1,2025-06-03 03:20:00,4323.01,111.75,TRADE
VIC1,2025-06-03 03:25:00,4316.65,112.03,TRADE
VIC1,2025-06-03 03:30:00,4370.51,106.59,TRADE
VIC1,2025-06-03 03:35:00,4348.09,113.33,TRADE
VIC1,2025-06-03 03:40:00,4382.59,116.36,TRADE
VIC1,2025-06-03 03:45:00,4361.15,116.84,TRADE
VIC1,2025-06-03 03:50:00,4322.93,110.66,TRADE
VIC1,2025-06-03 03:55:00,4333.87,113.24,TRADE
VIC1,2025-06-03 04:00:00,4251.05,104.77,TRADE
VIC1,2025-06-03 04:05:00,4274.52,93.12,TRADE
VIC1,2025-06-03 04:10:00,4299.21,121.88,TRADE
VIC1,2025-06-03 04:15:00,4315.72,110.0,TRADE
VIC1,2025-06-03 04:20:00,4348.71,110.0,TRADE
VIC1,2025-06-03 04:25:00,4338.76,119.69,TRADE
VIC1,2025-06-03 04:30:00,4368.44,121.73,TRADE
VIC1,2025-06-03 04:35:00,4391.72,90.0,TRADE
VIC1,2025-06-03 04:40:00,4388.97,109.21,TRADE
VIC1,2025-06-03 04:45:00,4408.07,107.33,TRADE
VIC1,2025-06-03 04:50:00,4343.23,90.0,TRADE
VIC1,2025-06-03 04:55:00,4356.76,92.41,TRADE
VIC1,2025-06-03 05:00:00,4474.67,106.89,TRADE
VIC1,2025-06-03 05:05:00,4493.08,85.43,TRADE
VIC1,2025-06-03 05:10:00,4561.67,90.88,TRADE
VIC1,2025-06-03 05:15:00,4590.93,90.96,TRADE
VIC1,2025-06-03 05:20:00,4624.12,92.17,TRADE
VIC1,2025-06-03 05:25:00,4632.35,80.28,TRADE
VIC1,2025-06-03 05:30:00,4669.91,96.85,TRADE
VIC1,2025-06-03 05:35:00,4654.22,75.0,TRADE
VIC1,2025-06-03 05:40:00,4799.59,90.55,TRADE
VIC1,2025-06-03 05:45:00,4865.72,94.58,TRADE
VIC1,2025-06-03 05:50:00,4863.15,85.6,TRADE
VIC1,2025-06-03 05:55:00,4848.75,86.75,TRADE
VIC1,2025-06-03 06:00:00,4957.43,121.59,TRADE
VIC1,2025-06-03 06:05:00,5052.96,119.38,TRADE
VIC1,2025-06-03 06:10:00,5214.11,120.0,TRADE
VIC1,2025-06-03 06:15:00,5282.88,120.0,TRADE
VIC1,2025-06-03 06:20:00,5284.06,130.18,TRADE
VIC1,2025-06-03 06:25:00,5443.91,140.28,TRADE
VIC1,2025-06-03 06:30:00,5528.14,153.07,TRADE
VIC1,2025-06-03 06:35:00,5494.68,125.49,TRADE
VIC1,2025-06-03 06:40:00,5620.47,149.43,TRADE
VIC1,2025-06-03 06:45:00,5729.18,137.96,TRADE
VIC1,2025-06-03 06:50:00,5828.7,160.0,TRADE
VIC1,2025-06-03 06:55:00,5864.44,223.37,TRADE
VIC1,2025-06-03 07:00:00,5860.98,170.62,TRADE
VIC1,2025-06-03 07:05:00,5993.59,176.93,TRADE
VIC1,2025-06-03 07:10:00,6026.92,182.45,TRADE
VIC1,2025-06-03 07:15:00,6168.6,238.68,TRADE
VIC1,2025-06-03 07:20:00,6324.32,248.53,TRADE
VIC1,2025-06-03 07:25:00,6348.19,248.43,TRADE
VIC1,2025-06-03 07:30:00,6450.88,217.55,TRADE
VIC1,2025-06-03 07:35:00,6456.56,199.69,TRADE
VIC1,2025-06-03 07:40:00,6599.7,234.49,TRADE
VIC1,2025-06-03 07:45:00,6579.05,200.18,TRADE
VIC1,2025-06-03 07:50:00,6589.75,174.9,TRADE
VIC1,2025-06-03 07:55:00,6596.91,230.85,TRADE
VIC1,2025-06-03 08:00:00,6655.32,161.59,TRADE
VIC1,2025-06-03 08:05:00,6694.05,177.13,TRADE
VIC1,2025-06-03 08:10:00,6697.5,168.63,TRADE
VIC1,2025-06-03 08:15:00,6700.52,194.89,TRADE
VIC1,2025-06-03 08:20:00,6700.26,160.0,TRADE
VIC1,2025-06-03 08:25:00,6718.32,160.0,TRADE
VIC1,2025-06-03 08:30:00,6675.36,146.08,TRADE
VIC1,2025-06-03 08:35:00,6584.28,160.0,TRADE
VIC1,2025-06-03 08:40:00,6541.29,131.9,TRADE
VIC1,2025-06-03 08:45:00,6625.57,137.96,TRADE
VIC1,2025-06-03 08:50:00,6568.64,136.11,TRADE
VIC1,2025-06-03 08:55:00,6475.37,136.51,TRADE
VIC1,2025-06-03 09:00:00,6423.93,137.96,TRADE
VIC1,2025-06-03 09:05:00,6411.11,143.96,TRADE
VIC1,2025-06-03 09:10:00,6468.74,143.23,TRADE
VIC1,2025-06-03 09:15:00,6431.39,142.86,TRADE
VIC1,2025-06-03 09:20:00,6384.85,137.95,TRADE
VIC1,2025-06-03 09:25:00,6339.77,120.0,TRADE
VIC1,2025-06-03 09:30:00,6216.01,83.36,TRADE
VIC1,2025-06-03 09:35:00,6170.79,80.03,TRADE
VIC1,2025-06-03 09:40:00,6123.89,100.7,TRADE
VIC1,2025-06-03 09:45:00,6036.98,86.45,TRADE
VIC1,2025-06-03 09:50:00,6035.58,106.19,TRADE
VIC1,2025-06-03 09:55:00,5920.7,78.07,TRADE
VIC1,2025-06-03 10:00:00,5823.76,75.0,TRADE
VIC1,2025-06-03 10:05:00,5800.0,75.0,TRADE
VIC1,2025-06-03 10:10:00,5790.91,75.0,TRADE
VIC1,2025-06-03 10:15:00,5751.42,81.06,TRADE
VIC1,2025-06-03 10:20:00,5707.35,75.0,TRADE
VIC1,2025-06-03 10:25:00,5602.23,75.0,TRADE
VIC1,2025-06-03 10:30:00,5565.46,75.0,TRADE
VIC1,2025-06-03 10:35:00,5664.32,75.0,TRADE
VIC1,2025-06-03 10:40:00,5686.25,75.95,TRADE
VIC1,2025-06-03 10:45:00,5610.6,75.0,TRADE
VIC1,2025-06-03 10:50:00,5510.38,65.35,TRADE
VIC1,2025-06-03 10:55:00,5524.11,75.0,TRADE
VIC1,2025-06-03 11:00:00,5406.23,56.0,TRADE
VIC1,2025-06-03 11:05:00,5338.06,46.29,TRADE
VIC1,2025-06-03 11:10:00,5370.41,55.37,TRADE
VIC1,2025-06-03 11:15:00,5341.04,46.29,TRADE
VIC1,2025-06-03 11:20:00,5359.13,44.37,TRADE
VIC1,2025-06-03 11:25:00,5430.03,24.48,TRADE
VIC1,2025-06-03 11:30:00,5407.28,43.66,TRADE
VIC1,2025-06-03 11:35:00,5304.19,23.72,TRADE
VIC1,2025-06-03 11:40:00,5339.25,20.01,TRADE
VIC1,2025-06-03 11:45:00,5348.19,32.56,TRADE
VIC1,2025-06-03 11:50:00,5382.72,35.5,TRADE
VIC1,2025-06-03 11:55:00,5293.02,44.69,TRADE
VIC1,2025-06-03 12:00:00,5223.65,12.42,TRADE
VIC1,2025-06-03 12:05:00,5296.07,46.36,TRADE
VIC1,2025-06-03 12:10:00,5399.8,53.3,TRADE
VIC1,2025-06-03 12:15:00,5443.84,35.95,TRADE
VIC1,2025-06-03 12:20:00,5353.1,35.95,TRADE
VIC1,2025-06-03 12:25:00,5371.2,35.95,TRADE
VIC1,2025-06-03 12:30:00,5328.98,20.01,TRADE
VIC1,2025-06-03 12:35:00,5253.41,35.95,TRADE
VIC1,2025-06-03 12:40:00,5232.82,20.01,TRADE
VIC1,2025-06-03 12:45:00,5123.17,35.5,TRADE
VIC1,2025-06-03 12:50:00,5106.15,20.01,TRADE
VIC1,2025-06-03 12:55:00,5040.86,20.01,TRADE
VIC1,2025-06-03 13:00:00,5182.99,35.95,TRADE
VIC1,2025-06-03 13:05:00,5193.7,36.43,TRADE
VIC1,2025-06-03 13:10:00,5187.72,25.86,TRADE
VIC1,2025-06-03 13:15:00,5238.38,67.61,TRADE
VIC1,2025-06-03 13:20:00,5218.37,47.33,TRADE
VIC1,2025-06-03 13:25:00,5182.75,25.95,TRADE
VIC1,2025-06-03 13:30:00,5144.6,9.06,TRADE
VIC1,2025-06-03 13:35:00,5143.21,19.19,TRADE
VIC1,2025-06-03 13:40:00,5223.73,22.01,TRADE
VIC1,2025-06-03 13:45:00,5313.91,24.55,TRADE
VIC1,2025-06-03 13:50:00,5201.22,20.57,TRADE
VIC1,2025-06-03 13:55:00,5330.11,35.95,TRADE
VIC1,2025-06-03 14:00:00,5350.03,35.95,TRADE
VIC1,2025-06-03 14:05:00,5303.48,35.95,TRADE
VIC1,2025-06-03 14:10:00,5160.85,19.19,TRADE
VIC1,2025-06-03 14:15:00,5194.87,8.68,TRADE
VIC1,2025-06-03 14:20:00,5142.5,25.82,TRADE
VIC1,2025-06-03 14:25:00,5154.63,21.02,TRADE
VIC1,2025-06-03 14:30:00,5167.39,35.95,TRADE
VIC1,2025-06-03 14:35:00,5173.51,8.95,TRADE
VIC1,2025-06-03 14:40:00,5252.57,20.01,TRADE
VIC1,2025-06-03 14:45:00,5310.65,50.02,TRADE
VIC1,2025-06-03 14:50:00,5352.67,32.83,TRADE
VIC1,2025-06-03 14:55:00,5426.87,59.73,TRADE
VIC1,2025-06-03 15:00:00,5441.23,61.33,TRADE
VIC1,2025-06-03 15:05:00,5545.7,35.95,TRADE
VIC1,2025-06-03 15:10:00,5581.04,35.95,TRADE
VIC1,2025-06-03 15:15:00,5709.93,35.95,TRADE
VIC1,2025-06-03 15:20:00,5736.34,20.01,TRADE
VIC1,2025-06-03 15:25:00,5769.9,52.18,TRADE
VIC1,2025-06-03 15:30:00,5781.39,73.71,TRADE
VIC1,2025-06-03 15:35:00,5866.48,75.0,TRADE
VIC1,2025-06-03 15:40:00,5922.74,82.45,TRADE
VIC1,2025-06-03 15:45:00,5892.47,80.96,TRADE
VIC1,2025-06-03 15:50:00,5974.02,85.83,TRADE
VIC1,2025-06-03 15:55:00,6051.14,126.8,TRADE
VIC1,2025-06-03 16:00:00,6243.86,140.11,TRADE
VIC1,2025-06-03 16:05:00,6334.73,137.96,TRADE
VIC1,2025-06-03 16:10:00,6428.7,143.22,TRADE
VIC1,2025-06-03 16:15:00,6530.46,159.24,TRADE
VIC1,2025-06-03 16:20:00,6526.74,155.71,TRADE
VIC1,2025-06-03 16:25:00,6708.93,160.0,TRADE
VIC1,2025-06-03 16:30:00,6786.85,222.76,TRADE
VIC1,2025-06-03 16:35:00,6779.28,137.96,TRADE
VIC1,2025-06-03 16:40:00,6790.61,140.52,TRADE
VIC1,2025-06-03 16:45:00,6882.66,160.0,TRADE
VIC1,2025-06-03 16:50:00,7003.2,160.0,TRADE
VIC1,2025-06-03 16:55:00,7019.24,157.72,TRADE
VIC1,2025-06-03 17:00:00,7130.51,160.0,TRADE
VIC1,2025-06-03 17:05:00,7230.53,170.23,TRADE
VIC1,2025-06-03 17:10:00,7305.68,149.66,TRADE
VIC1,2025-06-03 17:15:00,7391.08,162.42,TRADE
VIC1,2025-06-03 17:20:00,7366.07,159.84,TRADE
VIC1,2025-06-03 17:25:00,7429.88,172.74,TRADE
VIC1,2025-06-03 17:30:00,7560.32,211.65,TRADE
VIC1,2025-06-03 17:35:00,7589.1,160.76,TRADE
VIC1,2025-06-03 17:40:00,7584.31,174.89,TRADE
VIC1,2025-06-03 17:45:00,7633.45,211.65,TRADE
VIC1,2025-06-03 17:50:00,7688.38,208.09,TRADE
VIC1,2025-06-03 17:55:00,7744.02,249.74,TRADE
VIC1,2025-06-03 18:00:00,7716.84,230.91,TRADE
VIC1,2025-06-03 18:05:00,7644.47,194.63,TRADE
VIC1,2025-06-03 18:10:00,7666.49,211.65,TRADE
VIC1,2025-06-03 18:15:00,7660.0,162.83,TRADE
VIC1,2025-06-03 18:20:00,7610.02,163.29,TRADE
VIC1,2025-06-03 18:25:00,7641.67,219.27,TRADE
VIC1,2025-06-03 18:30:00,7654.19,160.0,TRADE
VIC1,2025-06-03 18:35:00,7642.24,160.0,TRADE
VIC1,2025-06-03 18:40:00,7626.5,160.76,TRADE
VIC1,2025-06-03 18:45:00,7533.77,160.0,TRADE
VIC1,2025-06-03 18:50:00,7513.89,160.0,TRADE
VIC1,2025-06-03 18:55:00,7489.54,160.0,TRADE
VIC1,2025-06-03 19:00:00,7546.32,160.0,TRADE
VIC1,2025-06-03 19:05:00,7526.95,160.0,TRADE
VIC1,2025-06-03 19:10:00,7445.7,149.66,TRADE
VIC1,2025-06-03 19:15:00,7504.87,153.99,TRADE
VIC1,2025-06-03 19:20:00,7414.15,141.23,TRADE
VIC1,2025-06-03 19:25:00,7438.61,141.14,TRADE
VIC1,2025-06-03 19:30:00,7443.28,128.52,TRADE
VIC1,2025-06-03 19:35:00,7314.48,155.36,TRADE
VIC1,2025-06-03 19:40:00,7297.03,142.86,TRADE
VIC1,2025-06-03 19:45:00,7311.94,132.72,TRADE
VIC1,2025-06-03 19:50:00,7304.75,137.96,TRADE
VIC1,2025-06-03 19:55:00,7282.6,137.96,TRADE
VIC1,2025-06-03 20:00:00,7244.85,135.63,TRADE
VIC1,2025-06-03 20:05:00,7177.36,134.66,TRADE
VIC1,2025-06-03 20:10:00,7197.19,160.0,TRADE
VIC1,2025-06-03 20:15:00,7122.43,160.0,TRADE
VIC1,2025-06-03 20:20:00,7054.0,156.64,TRADE
VIC1,2025-06-03 20:25:00,6992.36,139.84,TRADE
VIC1,2025-06-03 20:30:00,6941.17,138.25,TRADE
VIC1,2025-06-03 20:35:00,6959.86,142.26,TRADE
VIC1,2025-06-03 20:40:00,6914.85,139.42,TRADE
VIC1,2025-06-03 20:45:00,6848.3,127.38,TRADE
VIC1,2025-06-03 20:50:00,6889.78,122.02,TRADE
VIC1,2025-06-03 20:55:00,6825.78,120.0,TRADE
VIC1,2025-06-03 21:00:00,6792.82,122.02,TRADE
VIC1,2025-06-03 21:05:00,6714.68,145.29,TRADE
VIC1,2025-06-03 21:10:00,6709.14,145.07,TRADE
VIC1,2025-06-03 21:15:00,6561.27,134.92,TRADE
VIC1,2025-06-03 21:20:00,6547.71,133.95,TRADE
VIC1,2025-06-03 21:25:00,6519.69,120.0,TRADE
VIC1,2025-06-03 21:30:00,6438.63,114.32,TRADE
VIC1,2025-06-03 21:35:00,6478.66,145.93,TRADE
VIC1,2025-06-03 21:40:00,6383.97,142.5,TRADE
VIC1,2025-06-03 21:45:00,6353.44,139.77,TRADE
VIC1,2025-06-03 21:50:00,6284.97,137.12,TRADE
VIC1,2025-06-03 21:55:00,6128.33,132.2,TRADE
VIC1,2025-06-03 22:00:00,6069.09,131.22,TRADE
VIC1,2025-06-03 22:05:00,6051.48,131.27,TRADE
VIC1,2025-06-03 22:10:00,5992.74,131.0,TRADE
VIC1,2025-06-03 22:15:00,5977.83,120.97,TRADE
VIC1,2025-06-03 22:20:00,5862.53,119.96,TRADE
VIC1,2025-06-03 22:25:00,5881.2,120.0,TRADE
VIC1,2025-06-03 22:30:00,5830.72,116.65,TRADE
VIC1,2025-06-03 22:35:00,5767.56,113.51,TRADE
VIC1,2025-06-03 22:40:00,5609.62,103.84,TRADE
VIC1,2025-06-03 22:45:00,5567.8,103.75,TRADE
VIC1,2025-06-03 22:50:00,5588.56,102.26,TRADE
VIC1,2025-06-03 22:55:00,5556.41,97.39,TRADE
VIC1,2025-06-03 23:00:00,5520.74,93.69,TRADE
VIC1,2025-06-03 23:05:00,5453.28,97.17,TRADE
VIC1,2025-06-03 23:10:00,5616.48,120.0,TRADE
VIC1,2025-06-03 23:15:00,5667.35,129.81,TRADE
VIC1,2025-06-03 23:20:00,5598.06,120.0,TRADE
VIC1,2025-06-03 23:25:00,5504.02,108.24,TRADE
VIC1,2025-06-03 23:30:00,5485.22,104.55,TRADE
VIC1,2025-06-03 23:35:00,5545.81,120.32,TRADE
VIC1,2025-06-03 23:40:00,5495.96,125.62,TRADE
VIC1,2025-06-03 23:45:00,5440.18,120.0,TRADE
VIC1,2025-06-03 23:50:00,5461.37,120.0,TRADE
VIC1,2025-06-03 23:55:00,5321.87,95.25,TRADE
VIC1,2025-06-04 00:00:00,5351.91,109.21,TRADE
VIC1,2025-06-04 00:05:00,5241.47,109.0,TRADE
VIC1,2025-06-04 00:10:00,5175.74,108.12,TRADE
VIC1,2025-06-04 00:15:00,5202.28,102.52,TRADE
VIC1,2025-06-04 00:20:00,5235.4,103.09,TRADE
VIC1,2025-06-04 00:25:00,5180.16,96.11,TRADE
VIC1,2025-06-04 00:30:00,5209.8,96.04,TRADE
VIC1,2025-06-04 00:35:00,5188.1,88.05,TRADE
VIC1,2025-06-04 00:40:00,5123.82,82.88,TRADE
VIC1,2025-06-04 00:45:00,5087.9,84.22,TRADE
VIC1,2025-06-04 00:50:00,4999.77,81.23,TRADE
VIC1,2025-06-04 00:55:00,5010.26,84.8,TRADE
VIC1,2025-06-04 01:00:00,4967.45,75.0,TRADE
VIC1,2025-06-04 01:05:00,5014.6,90.37,TRADE
VIC1,2025-06-04 01:10:00,4961.27,89.76,TRADE
VIC1,2025-06-04 01:15:00,4969.32,83.07,TRADE
VIC1,2025-06-04 01:20:00,4918.73,80.33,TRADE
VIC1,2025-06-04 01:25:00,4902.19,78.94,TRADE
VIC1,2025-06-04 01:30:00,4869.01,75.75,TRADE
VIC1,2025-06-04 01:35:00,4872.32,75.68,TRADE
VIC1,2025-06-04 01:40:00,4758.25,75.0,TRADE
VIC1,2025-06-04 01:45:00,4781.93,74.14,TRADE
VIC1,2025-06-04 01:50:00,4733.74,75.0,TRADE
VIC1,2025-06-04 01:55:00,4724.5,73.94,TRADE
VIC1,2025-06-04 02:00:00,4757.27,75.0,TRADE
VIC1,2025-06-04 02:05:00,4711.39,71.46,TRADE
VIC1,2025-06-04 02:10:00,4685.48,75.38,TRADE
VIC1,2025-06-04 02:15:00,4652.42,71.48,TRADE
VIC1,2025-06-04 02:20:00,4629.59,72.11,TRADE
VIC1,2025-06-04 02:25:00,4667.1,72.14,TRADE
VIC1,2025-06-04 02:30:00,4652.1,72.71,TRADE
VIC1,2025-06-04 02:35:00,4613.98,72.14,TRADE
VIC1,2025-06-04 02:40:00,4589.44,75.6,TRADE
VIC1,2025-06-04 02:45:00,4525.16,58.14,TRADE
VIC1,2025-06-04 02:50:00,4533.8,68.7,TRADE
VIC1,2025-06-04 02:55:00,4544.83,71.6,TRADE
VIC1,2025-06-04 03:00:00,4446.85,58.57,TRADE
VIC1,2025-06-04 03:05:00,4536.8,68.63,TRADE
VIC1,2025-06-04 03:10:00,4567.96,69.31,TRADE
VIC1,2025-06-04 03:15:00,4498.36,68.59,TRADE
VIC1,2025-06-04 03:20:00,4537.18,58.69,TRADE
VIC1,2025-06-04 03:25:00,4523.91,68.5,TRADE
VIC1,2025-06-04 03:30:00,4517.95,57.58,TRADE
VIC1,2025-06-04 03:35:00,4431.88,42.51,TRADE
VIC1,2025-06-04 03:40:00,4488.04,66.46,TRADE
VIC1,2025-06-04 03:45:00,4545.79,60.98,TRADE
VIC1,2025-06-04 03:50:00,4583.27,48.48,TRADE
VIC1,2025-06-04 03:55:00,4570.78,66.91,TRADE
VIC1,2025-06-04 04:00:00,4547.99,65.24,TRADE
VIC1,2025-06-04 04:05:00,4538.11,66.17,TRADE
VIC1,2025-06-04 04:10:00,4621.69,66.58,TRADE
VIC1,2025-06-04 04:15:00,4536.66,64.94,TRADE
VIC1,2025-06-04 04:20:00,4576.58,65.85,TRADE
VIC1,2025-06-04 04:25:00,4536.05,65.29,TRADE
VIC1,2025-06-04 04:30:00,4574.98,65.79,TRADE
VIC1,2025-06-04 04:35:00,4576.12,66.8,TRADE
VIC1,2025-06-04 04:40:00,4608.32,66.77,TRADE
VIC1,2025-06-04 04:45:00,4655.43,66.24,TRADE
VIC1,2025-06-04 04:50:00,4650.69,67.34,TRADE
VIC1,2025-06-04 04:55:00,4720.71,69.07,TRADE
VIC1,2025-06-04 05:00:00,4767.66,70.25,TRADE
VIC1,2025-06-04 05:05:00,4801.05,70.76,TRADE
VIC1,2025-06-04 05:10:00,4830.02,70.13,TRADE
VIC1,2025-06-04 05:15:00,4913.61,74.77,TRADE
VIC1,2025-06-04 05:20:00,4909.22,75.0,TRADE
VIC1,2025-06-04 05:25:00,4956.74,75.7,TRADE
VIC1,2025-06-04 05:30:00,5031.2,88.96,TRADE
VIC1,2025-06-04 05:35:00,5064.9,75.0,TRADE
VIC1,2025-06-04 05:40:00,5146.53,89.02,TRADE
VIC1,2025-06-04 05:45:00,5166.46,88.36,TRADE
VIC1,2025-06-04 05:50:00,5203.22,92.52,TRADE
VIC1,2025-06-04 05:55:00,5243.79,99.94,TRADE
VIC1,2025-06-04 06:00:00,5333.73,103.52,TRADE
VIC1,2025-06-04 06:05:00,5448.81,89.36,TRADE
VIC1,2025-06-04 06:10:00,5613.71,103.56,TRADE
VIC1,2025-06-04 06:15:00,5726.13,116.75,TRADE
VIC1,2025-06-04 06:20:00,5767.74,103.26,TRADE
VIC1,2025-06-04 06:25:00,5923.45,125.74,TRADE
VIC1,2025-06-04 06:30:00,5990.97,125.99,TRADE
VIC1,2025-06-04 06:35:00,6082.87,121.74,TRADE
VIC1,2025-06-04 06:40:00,6190.9,135.81,TRADE
VIC1,2025-06-04 06:45:00,6304.48,144.7,TRADE
VIC1,2025-06-04 06:50:00,6348.14,147.23,TRADE
VIC1,2025-06-04 06:55:00,6447.15,145.87,TRADE
VIC1,2025-06-04 07:00:00,6580.68,153.99,TRADE
VIC1,2025-06-04 07:05:00,6692.64,150.21,TRADE
VIC1,2025-06-04 07:10:00,6747.11,160.0,TRADE
VIC1,2025-06-04 07:15:00,6886.19,160.0,TRADE
VIC1,2025-06-04 07:20:00,6977.91,160.0,TRADE
VIC1,2025-06-04 07:25:00,7085.0,170.23,TRADE
VIC1,2025-06-04 07:30:00,7090.17,159.66,TRADE
VIC1,2025-06-04 07:35:00,7231.02,160.0,TRADE
VIC1,2025-06-04 07:40:00,7264.37,153.99,TRADE
VIC1,2025-06-04 07:45:00,7296.67,153.99,TRADE
VIC1,2025-06-04 07:50:00,7331.0,153.99,TRADE
VIC1,2025-06-04 07:55:00,7339.35,153.99,TRADE
VIC1,2025-06-04 08:00:00,7332.15,153.99,TRADE
VIC1,2025-06-04 08:05:00,7304.83,148.8,TRADE
VIC1,2025-06-04 08:10:00,7327.43,137.96,TRADE
VIC1,2025-06-04 08:15:00,7272.35,141.58,TRADE
VIC1,2025-06-04 08:20:00,7306.02,142.95,TRADE
VIC1,2025-06-04 08:25:00,7185.92,132.72,TRADE
VIC1,2025-06-04 08:30:00,7187.85,132.72,TRADE
VIC1,2025-06-04 08:35:00,7099.69,137.96,TRADE
VIC1,2025-06-04 08:40:00,7037.75,144.97,TRADE
VIC1,2025-06-04 08:45:00,6978.94,142.27,TRADE
VIC1,2025-06-04 08:50:00,6898.04,141.2,TRADE
VIC1,2025-06-04 08:55:00,6807.69,114.21,TRADE
VIC1,2025-06-04 09:00:00,6705.72,90.0,TRADE
VIC1,2025-06-04 09:05:00,6648.64,137.37,TRADE
VIC1,2025-06-04 09:10:00,6636.55,137.96,TRADE
VIC1,2025-06-04 09:15:00,6553.17,150.34,TRADE
VIC1,2025-06-04 09:20:00,6512.77,89.05,TRADE
VIC1,2025-06-04 09:25:00,6423.86,98.63,TRADE
VIC1,2025-06-04 09:30:00,6405.53,111.81,TRADE
VIC1,2025-06-04 09:35:00,6335.05,132.72,TRADE
VIC1,2025-06-04 09:40:00,6217.49,150.88,TRADE
VIC1,2025-06-04 09:45:00,6150.42,132.72,TRADE
VIC1,2025-06-04 09:50:00,6113.8,98.66,TRADE
VIC1,2025-06-04 09:55:00,5991.83,94.44,TRADE
VIC1,2025-06-04 10:00:00,5865.05,56.01,TRADE
VIC1,2025-06-04 10:05:00,5838.27,105.63,TRADE
VIC1,2025-06-04 10:10:00,5786.46,127.24,TRADE
VIC1,2025-06-04 10:15:00,5763.16,98.66,TRADE
VIC1,2025-06-04 10:20:00,5702.93,98.66,TRADE
VIC1,2025-06-04 10:25:00,5672.84,92.68,TRADE
VIC1,2025-06-04 10:30:00,5659.52,137.96,TRADE
VIC1,2025-06-04 10:35:00,5634.5,92.68,TRADE
VIC1,2025-06-04 10:40:00,5619.74,132.72,TRADE
VIC1,2025-06-04 10:45:00,5586.05,132.72,TRADE
VIC1,2025-06-04 10:50:00,5549.61,132.72,TRADE
VIC1,2025-06-04 10:55:00,5486.1,93.25,TRADE
VIC1,2025-06-04 11:00:00,5416.31,75.0,TRADE
VIC1,2025-06-04 11:05:00,5394.09,92.68,TRADE
VIC1,2025-06-04 11:10:00,5459.08,93.76,TRADE
VIC1,2025-06-04 11:15:00,5453.49,93.38,TRADE
VIC1,2025-06-04 11:20:00,5416.15,92.68,TRADE
VIC1,2025-06-04 11:25:00,5376.51,90.0,TRADE
VIC1,2025-06-04 11:30:00,5361.1,65.35,TRADE
VIC1,2025-06-04 11:35:00,5351.8,65.35,TRADE
VIC1,2025-06-04 11:40:00,5343.65,61.22,TRADE
VIC1,2025-06-04 11:45:00,5364.14,62.96,TRADE
VIC1,2025-06-04 11:50:00,5385.14,61.22,TRADE
VIC1,2025-06-04 11:55:00,5333.86,61.22,TRADE
VIC1,2025-06-04 12:00:00,5301.43,65.35,TRADE
VIC1,2025-06-04 12:05:00,5282.08,61.22,TRADE
VIC1,2025-06-04 12:10:00,5289.49,61.22,TRADE
VIC1,2025-06-04 12:15:00,5250.11,55.21,TRADE
VIC1,2025-06-04 12:20:00,5239.71,54.72,TRADE
VIC1,2025-06-04 12:25:00,5202.69,54.25,TRADE
VIC1,2025-06-04 12:30:00,5189.4,65.35,TRADE
VIC1,2025-06-04 12:35:00,5138.19,65.35,TRADE
VIC1,2025-06-04 12:40:00,5156.67,70.97,TRADE
VIC1,2025-06-04 12:45:00,5164.31,75.0,TRADE
VIC1,2025-06-04 12:50:00,5176.65,71.53,TRADE
VIC1,2025-06-04 12:55:00,5154.68,70.71,TRADE
VIC1,2025-06-04 13:00:00,5143.57,41.19,TRADE
VIC1,2025-06-04 13:05:00,5210.09,61.22,TRADE
VIC1,2025-06-04 13:10:00,5257.35,75.0,TRADE
VIC1,2025-06-04 13:15:00,5254.1,53.71,TRADE
VIC1,2025-06-04 13:20:00,5240.19,75.0,TRADE
VIC1,2025-06-04 13:25:00,5227.99,76.21,TRADE
VIC1,2025-06-04 13:30:00,5255.7,77.32,TRADE
VIC1,2025-06-04 13:35:00,5291.0,76.89,TRADE
VIC1,2025-06-04 13:40:00,5322.67,88.85,TRADE
VIC1,2025-06-04 13:45:00,5325.36,88.85,TRADE
VIC1,2025-06-04 13:50:00,5331.09,92.33,TRADE
VIC1,2025-06-04 13:55:00,5350.6,103.87,TRADE
VIC1,2025-06-04 14:00:00,5376.39,90.8,TRADE
VIC1,2025-06-04 14:05:00,5470.92,111.62,TRADE
VIC1,2025-06-04 14:10:00,5512.02,106.02,TRADE
VIC1,2025-06-04 14:15:00,5543.52,144.37,TRADE
VIC1,2025-06-04 14:20:00,5589.52,147.27,TRADE
VIC1,2025-06-04 14:25:00,5568.22,102.75,TRADE
VIC1,2025-06-04 14:30:00,5645.46,143.53,TRADE
VIC1,2025-06-04 14:35:00,5657.08,137.96,TRADE
VIC1,2025-06-04 14:40:00,5694.82,146.5,TRADE
VIC1,2025-06-04 14:45:00,5763.7,145.89,TRADE
VIC1,2025-06-04 14:50:00,5783.85,144.38,TRADE
VIC1,2025-06-04 14:55:00,5738.29,104.25,TRADE
VIC1,2025-06-04 15:00:00,5770.59,137.96,TRADE
VIC1,2025-06-04 15:05:00,5820.78,132.72,TRADE
VIC1,2025-06-04 15:10:00,5857.65,152.41,TRADE
VIC1,2025-06-04 15:15:00,5926.68,156.6,TRADE
VIC1,2025-06-04 15:20:00,5998.93,151.63,TRADE
VIC1,2025-06-04 15:25:00,6087.34,186.18,TRADE
VIC1,2025-06-04 15:30:00,6124.51,241.96,TRADE
VIC1,2025-06-04 15:35:00,6148.84,153.93,TRADE
VIC1,2025-06-04 15:40:00,6254.24,155.37,TRADE
VIC1,2025-06-04 15:45:00,6323.52,156.79,TRADE
VIC1,2025-06-04 15:50:00,6401.13,157.19,TRADE
VIC1,2025-06-04 15:55:00,6494.27,160.0,TRADE
VIC1,2025-06-04 16:00:00,6561.33,266.96,TRADE
VIC1,2025-06-04 16:05:00,6589.98,137.96,TRADE
VIC1,2025-06-04 16:10:00,6665.83,160.0,TRADE
VIC1,2025-06-04 16:15:00,6745.58,160.0,TRADE
VIC1,2025-06-04 16:20:00,6842.1,192.42,TRADE
VIC1,2025-06-04 16:25:00,6780.43,172.84,TRADE
VIC1,2025-06-04 16:30:00,6929.08,269.25,TRADE
VIC1,2025-06-04 16:35:00,6923.92,212.12,TRADE
VIC1,2025-06-04 16:40:00,7032.43,212.12,TRADE
VIC1,2025-06-04 16:45:00,7127.4,266.83,TRADE
VIC1,2025-06-04 16:50:00,7177.82,261.54,TRADE
VIC1,2025-06-04 16:55:00,7241.53,265.83,TRADE
VIC1,2025-06-04 17:00:00,7321.06,270.82,TRADE
VIC1,2025-06-04 17:05:00,7373.95,282.33,TRADE
VIC1,2025-06-04 17:10:00,7450.39,284.99,TRADE
VIC1,2025-06-04 17:15:00,7510.69,289.91,TRADE
VIC1,2025-06-04 17:20:00,7554.93,295.12,TRADE
VIC1,2025-06-04 17:25:00,7659.82,296.67,TRADE
VIC1,2025-06-04 17:30:00,7707.12,298.22,TRADE
VIC1,2025-06-04 17:35:00,7723.19,295.12,TRADE
VIC1,2025-06-04 17:40:00,7820.03,299.29,TRADE
VIC1,2025-06-04 17:45:00,7842.77,281.28,TRADE
VIC1,2025-06-04 17:50:00,7862.21,282.17,TRADE
VIC1,2025-06-04 17:55:00,7880.88,272.87,TRADE
VIC1,2025-06-04 18:00:00,7916.99,256.64,TRADE
VIC1,2025-06-04 18:05:00,7910.44,245.86,TRADE
VIC1,2025-06-04 18:10:00,7900.01,237.84,TRADE
VIC1,2025-06-04 18:15:00,7911.63,237.98,TRADE
VIC1,2025-06-04 18:20:00,7857.71,242.4,TRADE
VIC1,2025-06-04 18:25:00,7875.21,244.0,TRADE
VIC1,2025-06-04 18:30:00,7904.78,243.94,TRADE
VIC1,2025-06-04 18:35:00,7845.79,242.05,TRADE
VIC1,2025-06-04 18:40:00,7789.41,245.89,TRADE
VIC1,2025-06-04 18:45:00,7797.02,246.05,TRADE
VIC1,2025-06-04 18:50:00,7748.45,243.77,TRADE
VIC1,2025-06-04 18:55:00,7795.78,246.18,TRADE
VIC1,2025-06-04 19:00:00,7774.99,246.14,TRADE
VIC1,2025-06-04 19:05:00,7757.08,250.12,TRADE
VIC1,2025-06-04 19:10:00,7694.54,252.43,TRADE
VIC1,2025-06-04 19:15:00,7712.47,248.17,TRADE
VIC1,2025-06-04 19:20:00,7697.87,248.34,TRADE
VIC1,2025-06-04 19:25:00,7656.69,227.97,TRADE
VIC1,2025-06-04 19:30:00,7668.32,246.34,TRADE
VIC1,2025-06-04 19:35:00,7603.88,209.7,TRADE
VIC1,2025-06-04 19:40:00,7587.29,206.5,TRADE
VIC1,2025-06-04 19:45:00,7557.16,206.69,TRADE
VIC1,2025-06-04 19:50:00,7542.17,250.75,TRADE
VIC1,2025-06-04 19:55:00,7480.13,179.03,TRADE
VIC1,2025-06-04 20:00:00,7460.34,175.8,TRADE
VIC1,2025-06-04 20:05:00,7441.17,178.65,TRADE
VIC1,2025-06-04 20:10:00,7388.32,179.03,TRADE
VIC1,2025-06-04 20:15:00,7343.18,176.3,TRADE
VIC1,2025-06-04 20:20:00,7320.09,177.26,TRADE
VIC1,2025-06-04 20:25:00,7298.98,180.18,TRADE
VIC1,2025-06-04 20:30:00,7240.95,160.0,TRADE
VIC1,2025-06-04 20:35:00,7194.95,177.7,TRADE
VIC1,2025-06-04 20:40:00,7186.26,177.06,TRADE
VIC1,2025-06-04 20:45:00,7161.56,174.32,TRADE
VIC1,2025-06-04 20:50:00,7139.38,176.2,TRADE
VIC1,2025-06-04 20:55:00,7051.8,160.0,TRADE
VIC1,2025-06-04 21:00:00,7060.83,156.25,TRADE
VIC1,2025-06-04 21:05:00,6988.41,147.84,TRADE
VIC1,2025-06-04 21:10:00,6937.52,154.11,TRADE
VIC1,2025-06-04 21:15:00,6886.73,147.22,TRADE
VIC1,2025-06-04 21:20:00,6848.8,145.54,TRADE
VIC1,2025-06-04 21:25:00,6842.97,144.3,TRADE
VIC1,2025-06-04 21:30:00,6792.13,142.63,TRADE
VIC1,2025-06-04 21:35:00,6739.51,140.91,TRADE
VIC1,2025-06-04 21:40:00,6692.2,132.27,TRADE
VIC1,2025-06-04 21:45:00,6648.41,133.29,TRADE
VIC1,2025-06-04 21:50:00,6543.26,120.15,TRADE
VIC1,2025-06-04 21:55:00,6516.4,120.0,TRADE
VIC1,2025-06-04 22:00:00,6477.66,120.0,TRADE
VIC1,2025-06-04 22:05:00,6382.33,131.81,TRADE
VIC1,2025-06-04 22:10:00,6346.51,149.28,TRADE
VIC1,2025-06-04 22:15:00,6309.07,156.89,TRADE
VIC1,2025-06-04 22:20:00,6231.48,154.74,TRADE
VIC1,2025-06-04 22:25:00,6198.74,145.95,TRADE
VIC1,2025-06-04 22:30:00,6153.34,147.04,TRADE
VIC1,2025-06-04 22:35:00,6064.38,122.02,TRADE
VIC1,2025-06-04 22:40:00,6047.02,133.47,TRADE
VIC1,2025-06-04 22:45:00,6000.43,122.02,TRADE
VIC1,2025-06-04 22:50:00,5945.12,122.02,TRADE
VIC1,2025-06-04 22:55:00,5889.76,120.0,TRADE
VIC1,2025-06-04 23:00:00,5849.64,117.29,TRADE
VIC1,2025-06-04 23:05:00,5865.07,141.79,TRADE
VIC1,2025-06-04 23:10:00,5922.23,142.5,TRADE
VIC1,2025-06-04 23:15:00,5921.98,143.23,TRADE
VIC1,2025-06-04 23:20:00,5902.49,136.48,TRADE
VIC1,2025-06-04 23:25:00,5882.5,120.0,TRADE
VIC1,2025-06-04 23:30:00,5903.95,120.0,TRADE
VIC1,2025-06-04 23:35:00,5862.43,120.0,TRADE
VIC1,2025-06-04 23:40:00,5807.17,120.0,TRADE
VIC1,2025-06-04 23:45:00,5770.49,120.0,TRADE
VIC1,2025-06-04 23:50:00,5687.13,120.0,TRADE
VIC1,2025-06-04 23:55:00,5678.58,110.28,TRADE
VIC1,2025-06-05 00:00:00,5624.8,105.4,TRADE
VIC1,2025-06-05 00:05:00,5602.99,101.82,TRADE
VIC1,2025-06-05 00:10:00,5597.97,107.29,TRADE
VIC1,2025-06-05 00:15:00,5549.98,106.56,TRADE
VIC1,2025-06-05 00:20:00,5532.14,107.13,TRADE
VIC1,2025-06-05 00:25:00,5446.49,105.82,TRADE
VIC1,2025-06-05 00:30:00,5443.41,105.54,TRADE
VIC1,2025-06-05 00:35:00,5420.13,105.23,TRADE
VIC1,2025-06-05 00:40:00,5393.57,104.77,TRADE
VIC1,2025-06-05 00:45:00,5366.07,100.34,TRADE
VIC1,2025-06-05 00:50:00,5335.29,100.01,TRADE
VIC1,2025-06-05 00:55:00,5281.11,98.66,TRADE
VIC1,2025-06-05 01:00:00,5253.33,92.71,TRADE
VIC1,2025-06-05 01:05:00,5233.43,98.66,TRADE
VIC1,2025-06-05 01:10:00,5185.03,100.01,TRADE
VIC1,2025-06-05 01:15:00,5177.96,100.01,TRADE
VIC1,2025-06-05 01:20:00,5160.46,107.52,TRADE
VIC1,2025-06-05 01:25:00,5125.26,99.85,TRADE
VIC1,2025-06-05 01:30:00,5114.84,100.01,TRADE
VIC1,2025-06-05 01:35:00,5078.78,98.66,TRADE
VIC1,2025-06-05 01:40:00,5024.97,98.66,TRADE
VIC1,2025-06-05 01:45:00,5008.96,90.0,TRADE
VIC1,2025-06-05 01:50:00,4995.2,98.66,TRADE
VIC1,2025-06-05 01:55:00,4959.33,98.66,TRADE
VIC1,2025-06-05 02:00:00,4956.08,99.86,TRADE
VIC1,2025-06-05 02:05:00,4939.2,100.01,TRADE
VIC1,2025-06-05 02:10:00,4958.68,100.38,TRADE
VIC1,2025-06-05 02:15:00,4949.78,100.01,TRADE
VIC1,2025-06-05 02:20:00,4938.76,92.15,TRADE
VIC1,2025-06-05 02:25:00,4897.61,95.1,TRADE
VIC1,2025-06-05 02:30:00,4884.82,89.22,TRADE
VIC1,2025-06-05 02:35:00,4851.66,89.88,TRADE
VIC1,2025-06-05 02:40:00,4837.37,88.86,TRADE
VIC1,2025-06-05 02:45:00,4810.42,90.0,TRADE
VIC1,2025-06-05 02:50:00,4807.02,89.79,TRADE
VIC1,2025-06-05 02:55:00,4792.54,88.85,TRADE
VIC1,2025-06-05 03:00:00,4795.84,88.85,TRADE
VIC1,2025-06-05 03:05:00,4800.08,88.01,TRADE
VIC1,2025-06-05 03:10:00,4796.0,89.0,TRADE
VIC1,2025-06-05 03:15:00,4792.2,90.0,TRADE
VIC1,2025-06-05 03:20:00,4785.39,89.55,TRADE
VIC1,2025-06-05 03:25:00,4762.93,83.18,TRADE
VIC1,2025-06-05 03:30:00,4759.96,86.79,TRADE
VIC1,2025-06-05 03:35:00,4754.45,81.07,TRADE
VIC1,2025-06-05 03:40:00,4768.06,86.89,TRADE
VIC1,2025-06-05 03:45:00,4741.69,85.87,TRADE
VIC1,2025-06-05 03:50:00,4750.88,85.45,TRADE
VIC1,2025-06-05 03:55:00,4752.57,78.13,TRADE
VIC1,2025-06-05 04:00:00,4757.74,78.12,TRADE
VIC1,2025-06-05 04:05:00,4743.92,84.0,TRADE
VIC1,2025-06-05 04:10:00,4788.36,90.0,TRADE
VIC1,2025-06-05 04:15:00,4779.42,87.85,TRADE
VIC1,2025-06-05 04:20:00,4767.64,91.72,TRADE
VIC1,2025-06-05 04:25:00,4771.65,88.85,TRADE
VIC1,2025-06-05 04:30:00,4792.13,86.33,TRADE
VIC1,2025-06-05 04:35:00,4810.75,84.0,TRADE
VIC1,2025-06-05 04:40:00,4841.57,85.48,TRADE
VIC1,2025-06-05 04:45:00,4837.74,85.66,TRADE
VIC1,2025-06-05 04:50:00,4920.07,92.08,TRADE
VIC1,2025-06-05 04:55:00,4894.62,92.06,TRADE
VIC1,2025-06-05 05:00:00,4923.1,91.24,TRADE
VIC1,2025-06-05 05:05:00,4956.43,84.0,TRADE
VIC1,2025-06-05 05:10:00,5031.95,96.0,TRADE
VIC1,2025-06-05 05:15:00,5076.07,96.0,TRADE
VIC1,2025-06-05 05:20:00,5128.35,96.0,TRADE
VIC1,2025-06-05 05:25:00,5190.17,96.0,TRADE
VIC1,2025-06-05 05:30:00,5279.83,100.8,TRADE
VIC1,2025-06-05 05:35:00,5313.04,96.0,TRADE
VIC1,2025-06-05 05:40:00,5424.9,102.36,TRADE
VIC1,2025-06-05 05:45:00,5488.25,136.12,TRADE
VIC1,2025-06-05 05:50:00,5556.96,137.96,TRADE
VIC1,2025-06-05 05:55:00,5615.07,137.96,TRADE
VIC1,2025-06-05 06:00:00,5642.84,147.79,TRADE
VIC1,2025-06-05 06:05:00,5783.15,135.21,TRADE
VIC1,2025-06-05 06:10:00,5897.43,148.52,TRADE
VIC1,2025-06-05 06:15:00,5990.19,158.22,TRADE
VIC1,2025-06-05 06:20:00,6036.04,158.05,TRADE
VIC1,2025-06-05 06:25:00,6185.48,167.17,TRADE
VIC1,2025-06-05 06:30:00,6275.76,164.85,TRADE
VIC1,2025-06-05 06:35:00,6355.83,177.99,TRADE
VIC1,2025-06-05 06:40:00,6532.35,252.4,TRADE
VIC1,2025-06-05 06:45:00,6621.27,262.34,TRADE
VIC1,2025-06-05 06:50:00,6694.99,256.13,TRADE
VIC1,2025-06-05 06:55:00,6828.51,259.4,TRADE
VIC1,2025-06-05 07:00:00,6932.72,256.98,TRADE
VIC1,2025-06-05 07:05:00,7085.98,270.62,TRADE
VIC1,2025-06-05 07:10:00,7100.21,268.13,TRADE
VIC1,2025-06-05 07:15:00,7276.44,212.12,TRADE
VIC1,2025-06-05 07:20:00,7394.82,256.18,TRADE
VIC1,2025-06-05 07:25:00,7434.98,270.82,TRADE
VIC1,2025-06-05 07:30:00,7520.99,273.38,TRADE
VIC1,2025-06-05 07:35:00,7599.53,270.82,TRADE
VIC1,2025-06-05 07:40:00,7681.62,237.89,TRADE
VIC1,2025-06-05 07:45:00,7690.74,301.15,TRADE
VIC1,2025-06-05 07:50:00,7865.6,319.37,TRADE
VIC1,2025-06-05 07:55:00,7831.31,401.98,TRADE
VIC1,2025-06-05 08:00:00,7846.25,270.82,TRADE
VIC1,2025-06-05 08:05:00,7823.62,161.21,TRADE
VIC1,2025-06-05 08:10:00,7815.36,122.02,TRADE
VIC1,2025-06-05 08:15:00,7756.25,106.02,TRADE
VIC1,2025-06-05 08:20:00,7746.52,139.51,TRADE
VIC1,2025-06-05 08:25:00,7650.82,146.81,TRADE
VIC1,2025-06-05 08:30:00,7581.29,129.69,TRADE
VIC1,2025-06-05 08:35:00,7545.64,130.27,TRADE
VIC1,2025-06-05 08:40:00,7466.29,144.73,TRADE
VIC1,2025-06-05 08:45:00,7389.46,132.72,TRADE
VIC1,2025-06-05 08:50:00,7284.79,128.9,TRADE
VIC1,2025-06-05 08:55:00,7228.26,126.64,TRADE
VIC1,2025-06-05 09:00:00,7197.57,125.02,TRADE
VIC1,2025-06-05 09:05:00,7142.87,146.88,TRADE
VIC1,2025-06-05 09:10:00,7010.98,134.7,TRADE
VIC1,2025-06-05 09:15:00,7006.16,132.72,TRADE
VIC1,2025-06-05 09:20:00,6917.23,142.5,TRADE
VIC1,2025-06-05 09:25:00,6800.43,143.23,TRADE
VIC1,2025-06-05 09:30:00,6760.77,122.02,TRADE
VIC1,2025-06-05 09:35:00,6647.99,122.02,TRADE
VIC1,2025-06-05 09:40:00,6554.41,112.15,TRADE
VIC1,2025-06-05 09:45:00,6490.59,122.02,TRADE
VIC1,2025-06-05 09:50:00,6418.29,101.9,TRADE
VIC1,2025-06-05 09:55:00,6348.5,122.02,TRADE
VIC1,2025-06-05 10:00:00,6248.99,83.55,TRADE
VIC1,2025-06-05 10:05:00,6138.88,84.01,TRADE
VIC1,2025-06-05 10:10:00,6092.62,132.72,TRADE
VIC1,2025-06-05 10:15:00,6044.72,67.39,TRADE
VIC1,2025-06-05 10:20:00,5965.22,65.35,TRADE
VIC1,2025-06-05 10:25:00,5870.18,65.35,TRADE
VIC1,2025-06-05 10:30:00,5759.24,65.35,TRADE
VIC1,2025-06-05 10:35:00,5713.51,65.35,TRADE
VIC1,2025-06-05 10:40:00,5615.44,81.56,TRADE
VIC1,2025-06-05 10:45:00,5525.96,122.02,TRADE
VIC1,2025-06-05 10:50:00,5466.61,122.02,TRADE
VIC1,2025-06-05 10:55:00,5344.01,90.0,TRADE
VIC1,2025-06-05 11:00:00,5292.68,98.12,TRADE
VIC1,2025-06-05 11:05:00,5215.68,97.15,TRADE
VIC1,2025-06-05 11:10:00,5196.25,122.02,TRADE
VIC1,2025-06-05 11:15:00,5113.43,122.02,TRADE
VIC1,2025-06-05 11:20:00,5094.38,90.0,TRADE
VIC1,2025-06-05 11:25:00,5048.05,96.87,TRADE
VIC1,2025-06-05 11:30:00,4988.2,90.0,TRADE
VIC1,2025-06-05 11:35:00,4948.39,90.0,TRADE
VIC1,2025-06-05 11:40:00,4931.58,101.52,TRADE
VIC1,2025-06-05 11:45:00,4873.23,88.85,TRADE
VIC1,2025-06-05 11:50:00,4839.05,90.86,TRADE
VIC1,2025-06-05 11:55:00,4753.85,65.35,TRADE
VIC1,2025-06-05 12:00:00,4711.45,77.85,TRADE
VIC1,2025-06-05 12:05:00,4641.09,88.85,TRADE
VIC1,2025-06-05 12:10:00,4619.84,65.35,TRADE
VIC1,2025-06-05 12:15:00,4590.53,65.35,TRADE
VIC1,2025-06-05 12:20:00,4587.79,75.85,TRADE
VIC1,2025-06-05 12:25:00,4528.59,95.79,TRADE
VIC1,2025-06-05 12:30:00,4472.41,56.0,TRADE
VIC1,2025-06-05 12:35:00,4462.67,82.93,TRADE
VIC1,2025-06-05 12:40:00,4466.81,92.72,TRADE
VIC1,2025-06-05 12:45:00,4488.25,75.08,TRADE
VIC1,2025-06-05 12:50:00,4446.29,63.14,TRADE
VIC1,2025-06-05 12:55:00,4463.06,20.01,TRADE
VIC1,2025-06-05 13:00:00,4444.5,35.95,TRADE
VIC1,2025-06-05 13:05:00,4410.66,20.01,TRADE
VIC1,2025-06-05 13:10:00,4396.83,20.01,TRADE
VIC1,2025-06-05 13:15:00,4374.34,20.03,TRADE
VIC1,2025-06-05 13:20:00,4373.38,35.95,TRADE
VIC1,2025-06-05 13:25:00,4372.65,35.95,TRADE
VIC1,2025-06-05 13:30:00,4360.33,44.24,TRADE
VIC1,2025-06-05 13:35:00,4420.36,43.6,TRADE
VIC1,2025-06-05 13:40:00,4434.95,56.0,TRADE
VIC1,2025-06-05 13:45:00,4456.98,56.0,TRADE
VIC1,2025-06-05 13:50:00,4575.45,87.39,TRADE
VIC1,2025-06-05 13:55:00,4640.35,56.0,TRADE
VIC1,2025-06-05 14:00:00,4680.7,38.74,TRADE
VIC1,2025-06-05 14:05:00,4715.58,58.43,TRADE
VIC1,2025-06-05 14:10:00,4731.81,41.88,TRADE
VIC1,2025-06-05 14:15:00,4745.57,54.72,TRADE
VIC1,2025-06-05 14:20:00,4750.97,36.47,TRADE
VIC1,2025-06-05 14:25:00,4863.7,36.54,TRADE
VIC1,2025-06-05 14:30:00,4839.46,56.0,TRADE
VIC1,2025-06-05 14:35:00,4878.31,72.78,TRADE
VIC1,2025-06-05 14:40:00,4860.85,40.83,TRADE
VIC1,2025-06-05 14:45:00,4919.84,36.75,TRADE
VIC1,2025-06-05 14:50:00,4980.73,56.97,TRADE
VIC1,2025-06-05 14:55:00,5008.67,83.3,TRADE
VIC1,2025-06-05 15:00:00,4962.23,88.43,TRADE
VIC1,2025-06-05 15:05:00,5091.89,110.31,TRADE
VIC1,2025-06-05 15:10:00,5155.62,102.63,TRADE
VIC1,2025-06-05 15:15:00,5241.98,97.75,TRADE
VIC1,2025-06-05 15:20:00,5222.4,57.55,TRADE
VIC1,2025-06-05 15:25:00,5380.62,108.52,TRADE
VIC1,2025-06-05 15:30:00,5403.62,90.0,TRADE
VIC1,2025-06-05 15:35:00,5464.23,96.0,TRADE
VIC1,2025-06-05 15:40:00,5565.86,122.02,TRADE
VIC1,2025-06-05 15:45:00,5686.28,122.02,TRADE
VIC1,2025-06-05 15:50:00,5863.94,149.12,TRADE
VIC1,2025-06-05 15:55:00,5887.3,150.12,TRADE
VIC1,2025-06-05 16:00:00,6023.11,184.67,TRADE
VIC1,2025-06-05 16:05:00,6122.31,158.39,TRADE
VIC1,2025-06-05 16:10:00,6153.17,168.44,TRADE
VIC1,2025-06-05 16:15:00,6224.01,140.0,TRADE
VIC1,2025-06-05 16:20:00,6263.19,142.01,TRADE
VIC1,2025-06-05 16:25:00,6304.86,164.72,TRADE
VIC1,2025-06-05 16:30:00,6385.14,161.62,TRADE
VIC1,2025-06-05 16:35:00,6513.46,212.12,TRADE
VIC1,2025-06-05 16:40:00,6542.44,161.49,TRADE
VIC1,2025-06-05 16:45:00,6685.02,221.8,TRADE
VIC1,2025-06-05 16:50:00,6760.02,138.61,TRADE
VIC1,2025-06-05 16:55:00,6857.74,159.51,TRADE
VIC1,2025-06-05 17:00:00,6954.96,212.12,TRADE
VIC1,2025-06-05 17:05:00,6962.1,159.45,TRADE
VIC1,2025-06-05 17:10:00,7038.17,163.71,TRADE
VIC1,2025-06-05 17:15:00,7182.56,170.23,TRADE
VIC1,2025-06-05 17:20:00,7304.24,227.97,TRADE
VIC1,2025-06-05 17:25:00,7325.82,160.76,TRADE
VIC1,2025-06-05 17:30:00,7426.58,161.37,TRADE
VIC1,2025-06-05 17:35:00,7503.49,159.07,TRADE
VIC1,2025-06-05 17:40:00,7553.59,162.46,TRADE
VIC1,2025-06-05 17:45:00,7570.74,223.37,TRADE
VIC1,2025-06-05 17:50:00,7533.65,163.24,TRADE
VIC1,2025-06-05 17:55:00,7669.16,230.08,TRADE
VIC1,2025-06-05 18:00:00,7668.17,170.67,TRADE
VIC1,2025-06-05 18:05:00,7576.3,132.72,TRADE
VIC1,2025-06-05 18:10:00,7622.54,153.99,TRADE
VIC1,2025-06-05 18:15:00,7617.52,140.0,TRADE
VIC1,2025-06-05 18:20:00,7595.16,153.99,TRADE
VIC1,2025-06-05 18:25:00,7594.34,153.99,TRADE
VIC1,2025-06-05 18:30:00,7512.67,149.66,TRADE
VIC1,2025-06-05 18:35:00,7499.88,149.66,TRADE
VIC1,2025-06-05 18:40:00,7464.83,133.0,TRADE
VIC1,2025-06-05 18:45:00,7486.49,153.99,TRADE
VIC1,2025-06-05 18:50:00,7455.69,162.05,TRADE
VIC1,2025-06-05 18:55:00,7424.2,159.51,TRADE
VIC1,2025-06-05 19:00:00,7489.18,162.39,TRADE
VIC1,2025-06-05 19:05:00,7413.48,153.99,TRADE
VIC1,2025-06-05 19:10:00,7369.84,153.99,TRADE
VIC1,2025-06-05 19:15:00,7398.07,157.48,TRADE
VIC1,2025-06-05 19:20:00,7347.01,170.91,TRADE
VIC1,2025-06-05 19:25:00,7367.87,144.07,TRADE
VIC1,2025-06-05 19:30:00,7337.72,153.99,TRADE
VIC1,2025-06-05 19:35:00,7347.53,153.99,TRADE
VIC1,2025-06-05 19:40:00,7323.69,153.99,TRADE
VIC1,2025-06-05 19:45:00,7203.44,159.02,TRADE
VIC1,2025-06-05 19:50:00,7231.05,157.37,TRADE
VIC1,2025-06-05 19:55:00,7212.06,153.99,TRADE
VIC1,2025-06-05 20:00:00,7174.6,148.78,TRADE
VIC1,2025-06-05 20:05:00,7146.89,158.5,TRADE
VIC1,2025-06-05 20:10:00,7190.72,162.56,TRADE
VIC1,2025-06-05 20:15:00,7146.84,191.31,TRADE
VIC1,2025-06-05 20:20:00,7038.23,159.79,TRADE
VIC1,2025-06-05 20:25:00,7086.73,163.27,TRADE
VIC1,2025-06-05 20:30:00,7057.56,159.5,TRADE
VIC1,2025-06-05 20:35:00,7048.39,158.19,TRADE
VIC1,2025-06-05 20:40:00,6986.04,158.2,TRADE
VIC1,2025-06-05 20:45:00,6889.08,155.47,TRADE
VIC1,2025-06-05 20:50:00,6941.46,160.71,TRADE
VIC1,2025-06-05 20:55:00,6874.61,155.39,TRADE
VIC1,2025-06-05 21:00:00,6868.76,155.4,TRADE
VIC1,2025-06-05 21:05:00,6720.0,144.7,TRADE
VIC1,2025-06-05 21:10:00,6765.93,156.07,TRADE
VIC1,2025-06-05 21:15:00,6728.92,140.0,TRADE
VIC1,2025-06-05 21:20:00,6671.42,137.96,TRADE
VIC1,2025-06-05 21:25:00,6552.67,112.61,TRADE
VIC1,2025-06-05 21:30:00,6574.04,117.52,TRADE
VIC1,2025-06-05 21:35:00,6486.4,114.97,TRADE
VIC1,2025-06-05 21:40:00,6464.03,131.81,TRADE
VIC1,2025-06-05 21:45:00,6449.81,125.37,TRADE
VIC1,2025-06-05 21:50:00,6382.75,96.0,TRADE
VIC1,2025-06-05 21:55:00,6275.86,109.69,TRADE
VIC1,2025-06-05 22:00:00,6221.14,96.0,TRADE
VIC1,2025-06-05 22:05:00,6153.55,100.41,TRADE
VIC1,2025-06-05 22:10:00,5954.49,118.41,TRADE
VIC1,2025-06-05 22:15:00,5909.5,125.75,TRADE
VIC1,2025-06-05 22:20:00,5927.09,125.28,TRADE
VIC1,2025-06-05 22:25:00,5891.26,124.04,TRADE
VIC1,2025-06-05 22:30:00,5726.11,-20.0,TRADE
VIC1,2025-06-05 22:35:00,5715.95,8.95,TRADE
VIC1,2025-06-05 22:40:00,5657.79,8.95,TRADE
VIC1,2025-06-05 22:45:00,5594.38,8.95,TRADE
VIC1,2025-06-05 22:50:00,5656.43,8.95,TRADE
VIC1,2025-06-05 22:55:00,5594.32,8.02,TRADE
VIC1,2025-06-05 23:00:00,5534.64,8.95,TRADE
VIC1,2025-06-05 23:05:00,5529.87,20.01,TRADE
VIC1,2025-06-05 23:10:00,5608.25,20.01,TRADE
VIC1,2025-06-05 23:15:00,5654.47,20.01,TRADE
VIC1,2025-06-05 23:20:00,5568.6,20.01,TRADE
VIC1,2025-06-05 23:25:00,5519.52,20.01,TRADE
VIC1,2025-06-05 23:30:00,5619.1,22.01,TRADE
VIC1,2025-06-05 23:35:00,5575.58,8.95,TRADE
VIC1,2025-06-05 23:40:00,5489.15,0.01,TRADE
VIC1,2025-06-05 23:45:00,5461.98,8.95,TRADE
VIC1,2025-06-05 23:50:00,5424.53,8.95,TRADE
VIC1,2025-06-05 23:55:00,5286.54,8.95,TRADE
VIC1,2025-06-06 00:00:00,5224.92,8.95,TRADE
VIC1,2025-06-06 00:05:00,5303.36,8.95,TRADE
VIC1,2025-06-06 00:10:00,5185.56,5.48,TRADE
VIC1,2025-06-06 00:15:00,5174.07,8.95,TRADE
VIC1,2025-06-06 00:20:00,5199.85,8.95,TRADE
VIC1,2025-06-06 00:25:00,5175.56,8.95,TRADE
VIC1,2025-06-06 00:30:00,5143.65,8.95,TRADE
VIC1,2025-06-06 00:35:00,5117.01,8.95,TRADE
VIC1,2025-06-06 00:40:00,5142.02,8.95,TRADE
VIC1,2025-06-06 00:45:00,4996.56,6.56,TRADE
VIC1,2025-06-06 00:50:00,4921.27,0.01,TRADE
VIC1,2025-06-06 00:55:00,4932.69,8.95,TRADE
VIC1,2025-06-06 01:00:00,4904.94,8.95,TRADE
VIC1,2025-06-06 01:05:00,4925.73,8.95,TRADE
VIC1,2025-06-06 01:10:00,4874.31,8.95,TRADE
VIC1,2025-06-06 01:15:00,4918.91,8.95,TRADE
VIC1,2025-06-06 01:20:00,4894.56,8.95,TRADE
VIC1,2025-06-06 01:25:00,4853.04,8.95,TRADE
VIC1,2025-06-06 01:30:00,4807.94,8.66,TRADE
VIC1,2025-06-06 01:35:00,4815.4,8.95,TRADE
VIC1,2025-06-06 01:40:00,4800.56,8.95,TRADE
VIC1,2025-06-06 01:45:00,4745.84,8.95,TRADE
VIC1,2025-06-06 01:50:00,4606.45,8.95,TRADE
VIC1,2025-06-06 01:55:00,4588.8,8.95,TRADE
VIC1,2025-06-06 02:00:00,4621.13,8.95,TRADE
VIC1,2025-06-06 02:05:00,4601.42,8.95,TRADE
VIC1,2025-06-06 02:10:00,4553.7,8.95,TRADE
VIC1,2025-06-06 02:15:00,4542.21,8.95,TRADE
VIC1,2025-06-06 02:20:00,4497.13,8.95,TRADE
VIC1,2025-06-06 02:25:00,4399.95,8.95,TRADE
VIC1,2025-06-06 02:30:00,4456.37,8.95,TRADE
VIC1,2025-06-06 02:35:00,4374.26,8.02,TRADE
VIC1,2025-06-06 02:40:00,4468.3,8.95,TRADE
VIC1,2025-06-06 02:45:00,4437.92,8.95,TRADE
VIC1,2025-06-06 02:50:00,4360.47,8.95,TRADE
VIC1,2025-06-06 02:55:00,4422.2,8.95,TRADE
VIC1,2025-06-06 03:00:00,4391.66,8.95,TRADE
VIC1,2025-06-06 03:05:00,4381.7,8.95,TRADE
VIC1,2025-06-06 03:10:00,4374.77,8.95,TRADE
VIC1,2025-06-06 03:15:00,4375.41,8.95,TRADE
VIC1,2025-06-06 03:20:00,4322.87,8.95,TRADE
VIC1,2025-06-06 03:25:00,4309.22,0.01,TRADE
VIC1,2025-06-06 03:30:00,4377.48,8.95,TRADE
VIC1,2025-06-06 03:35:00,4358.46,8.95,TRADE
VIC1,2025-06-06 03:40:00,4312.1,8.95,TRADE
VIC1,2025-06-06 03:45:00,4350.29,8.95,TRADE
VIC1,2025-06-06 03:50:00,4359.49,16.04,TRADE
VIC1,2025-06-06 03:55:00,4374.55,8.85,TRADE
VIC1,2025-06-06 04:00:00,4322.4,8.02,TRADE
VIC1,2025-06-06 04:05:00,4307.71,8.95,TRADE
VIC1,2025-06-06 04:10:00,4379.08,8.95,TRADE
VIC1,2025-06-06 04:15:00,4335.38,8.95,TRADE
VIC1,2025-06-06 04:20:00,4425.46,8.95,TRADE
VIC1,2025-06-06 04:25:00,4370.72,8.95,TRADE
VIC1,2025-06-06 04:30:00,4441.85,8.95,TRADE
VIC1,2025-06-06 04:35:00,4453.5,8.95,TRADE
VIC1,2025-06-06 04:40:00,4420.18,8.95,TRADE
VIC1,2025-06-06 04:45:00,4485.57,8.95,TRADE
VIC1,2025-06-06 04:50:00,4425.88,8.95,TRADE
VIC1,2025-06-06 04:55:00,4456.48,8.95,TRADE
VIC1,2025-06-06 05:00:00,4481.08,8.95,TRADE
VIC1,2025-06-06 05:05:00,4584.54,8.95,TRADE
VIC1,2025-06-06 05:10:00,4653.75,8.95,TRADE
VIC1,2025-06-06 05:15:00,4685.81,8.95,TRADE
VIC1,2025-06-06 05:20:00,4738.06,8.95,TRADE
VIC1,2025-06-06 05:25:00,4786.93,8.95,TRADE
VIC1,2025-06-06 05:30:00,4816.52,8.95,TRADE
VIC1,2025-06-06 05:35:00,4797.24,8.95,TRADE
VIC1,2025-06-06 05:40:00,4850.75,8.95,TRADE
VIC1,2025-06-06 05:45:00,4919.38,8.95,TRADE
VIC1,2025-06-06 05:50:00,5048.67,17.38,TRADE
VIC1,2025-06-06 05:55:00,5061.69,8.95,TRADE
VIC1,2025-06-06 06:00:00,5055.27,8.95,TRADE
VIC1,2025-06-06 06:05:00,5124.34,8.95,TRADE
VIC1,2025-06-06 06:10:00,5337.44,20.01,TRADE
VIC1,2025-06-06 06:15:00,5399.47,20.01,TRADE
VIC1,2025-06-06 06:20:00,5457.89,19.19,TRADE
VIC1,2025-06-06 06:25:00,5576.14,19.19,TRADE
VIC1,2025-06-06 06:30:00,5566.42,19.19,TRADE
VIC1,2025-06-06 06:35:00,5651.55,20.01,TRADE
VIC1,2025-06-06 06:40:00,5835.47,19.19,TRADE
VIC1,2025-06-06 06:45:00,5880.46,19.19,TRADE
VIC1,2025-06-06 06:50:00,6064.26,20.01,TRADE
VIC1,2025-06-06 06:55:00,6101.95,20.01,TRADE
VIC1,2025-06-06 07:00:00,6129.8,20.01,TRADE
VIC1,2025-06-06 07:05:00,6274.69,20.01,TRADE
VIC1,2025-06-06 07:10:00,6319.41,30.69,TRADE
VIC1,2025-06-06 07:15:00,6465.64,49.88,TRADE
VIC1,2025-06-06 07:20:00,6594.09,113.36,TRADE
VIC1,2025-06-06 07:25:00,6639.47,116.8,TRADE
VIC1,2025-06-06 07:30:00,6664.87,145.05,TRADE
VIC1,2025-06-06 07:35:00,6659.16,109.43,TRADE
VIC1,2025-06-06 07:40:00,6772.36,169.01,TRADE
VIC1,2025-06-06 07:45:00,6915.09,144.09,TRADE
VIC1,2025-06-06 07:50:00,6863.45,105.6,TRADE
VIC1,2025-06-06 07:55:00,6865.18,132.72,TRADE
VIC1,2025-06-06 08:00:00,6971.08,106.63,TRADE
VIC1,2025-06-06 08:05:00,6919.41,105.25,TRADE
VIC1,2025-06-06 08:10:00,6992.4,107.02,TRADE
VIC1,2025-06-06 08:15:00,7065.91,111.35,TRADE
VIC1,2025-06-06 08:20:00,7021.13,95.06,TRADE
VIC1,2025-06-06 08:25:00,7043.91,76.28,TRADE
VIC1,2025-06-06 08:30:00,7041.31,83.69,TRADE
VIC1,2025-06-06 08:35:00,6946.97,106.53,TRADE
VIC1,2025-06-06 08:40:00,6963.3,95.62,TRADE
VIC1,2025-06-06 08:45:00,7028.23,96.72,TRADE
VIC1,2025-06-06 08:50:00,7022.6,96.0,TRADE
VIC1,2025-06-06 08:55:00,7011.42,96.07,TRADE
VIC1,2025-06-06 09:00:00,7023.18,95.98,TRADE
VIC1,2025-06-06 09:05:00,6970.55,101.85,TRADE
VIC1,2025-06-06 09:10:00,6964.86,107.38,TRADE
VIC1,2025-06-06 09:15:00,6982.6,107.31,TRADE
VIC1,2025-06-06 09:20:00,6931.14,75.85,TRADE
VIC1,2025-06-06 09:25:00,6934.92,75.07,TRADE
VIC1,2025-06-06 09:30:00,6836.81,54.9,TRADE
VIC1,2025-06-06 09:35:00,6874.99,76.18,TRADE
VIC1,2025-06-06 09:40:00,6843.72,73.98,TRADE
VIC1,2025-06-06 09:45:00,6801.13,72.79,TRADE
VIC1,2025-06-06 09:50:00,6828.38,72.97,TRADE
VIC1,2025-06-06 09:55:00,6772.54,21.02,TRADE
VIC1,2025-06-06 10:00:00,6700.72,23.87,TRADE
VIC1,2025-06-06 10:05:00,6707.6,36.59,TRADE
VIC1,2025-06-06 10:10:00,6700.68,72.8,TRADE
VIC1,2025-06-06 10:15:00,6701.1,69.9,TRADE
VIC1,2025-06-06 10:20:00,6623.19,64.22,TRADE
VIC1,2025-06-06 10:25:00,6621.8,72.9,TRADE
VIC1,2025-06-06 10:30:00,6596.68,73.43,TRADE
VIC1,2025-06-06 10:35:00,6627.48,80.51,TRADE
VIC1,2025-06-06 10:40:00,6488.32,40.07,TRADE
VIC1,2025-06-06 10:45:00,6515.77,38.81,TRADE
VIC1,2025-06-06 10:50:00,6428.69,37.39,TRADE
VIC1,2025-06-06 10:55:00,6533.52,38.45,TRADE
VIC1,2025-06-06 11:00:00,6461.71,53.11,TRADE
VIC1,2025-06-06 11:05:00,6416.3,55.58,TRADE
VIC1,2025-06-06 11:10:00,6475.18,64.46,TRADE
VIC1,2025-06-06 11:15:00,6367.78,55.84,TRADE
VIC1,2025-06-06 11:20:00,6340.3,55.43,TRADE
VIC1,2025-06-06 11:25:00,6315.92,54.85,TRADE
VIC1,2025-06-06 11:30:00,6379.97,56.26,TRADE
VIC1,2025-06-06 11:35:00,6365.24,80.13,TRADE
VIC1,2025-06-06 11:40:00,6414.44,90.0,TRADE
VIC1,2025-06-06 11:45:00,6463.42,80.14,TRADE
VIC1,2025-06-06 11:50:00,6419.55,75.85,TRADE
VIC1,2025-06-06 11:55:00,6386.18,52.87,TRADE
VIC1,2025-06-06 12:00:00,6332.52,39.45,TRADE
VIC1,2025-06-06 12:05:00,6405.69,55.52,TRADE
VIC1,2025-06-06 12:10:00,6458.42,75.96,TRADE
VIC1,2025-06-06 12:15:00,6422.05,56.25,TRADE
VIC1,2025-06-06 12:20:00,6419.32,56.35,TRADE
VIC1,2025-06-06 12:25:00,6426.07,75.04,TRADE
VIC1,2025-06-06 12:30:00,6468.83,79.76,TRADE
VIC1,2025-06-06 12:35:00,6475.43,79.71,TRADE
VIC1,2025-06-06 12:40:00,6496.18,76.86,TRADE
VIC1,2025-06-06 12:45:00,6573.43,66.07,TRADE
VIC1,2025-06-06 12:50:00,6585.46,82.92,TRADE
VIC1,2025-06-06 12:55:00,6548.91,82.59,TRADE
VIC1,2025-06-06 13:00:00,6556.76,93.53,TRADE
VIC1,2025-06-06 13:05:00,6413.5,79.95,TRADE
VIC1,2025-06-06 13:10:00,6432.52,82.71,TRADE
VIC1,2025-06-06 13:15:00,6412.63,83.79,TRADE
VIC1,2025-06-06 13:20:00,6441.44,84.67,TRADE
VIC1,2025-06-06 13:25:00,6422.94,96.91,TRADE
VIC1,2025-06-06 13:30:00,6483.89,96.64,TRADE
VIC1,2025-06-06 13:35:00,6331.05,70.89,TRADE
VIC1,2025-06-06 13:40:00,6301.44,75.9,TRADE
VIC1,2025-06-06 13:45:00,6369.09,84.38,TRADE
VIC1,2025-06-06 13:50:00,6436.03,79.71,TRADE
VIC1,2025-06-06 13:55:00,6372.19,75.81,TRADE
VIC1,2025-06-06 14:00:00,6340.84,75.38,TRADE
VIC1,2025-06-06 14:05:00,6379.15,75.85,TRADE
VIC1,2025-06-06 14:10:00,6353.09,70.89,TRADE
VIC1,2025-06-06 14:15:00,6319.09,70.89,TRADE
VIC1,2025-06-06 14:20:00,6326.58,75.85,TRADE
VIC1,2025-06-06 14:25:00,6398.48,75.85,TRADE
VIC1,2025-06-06 14:30:00,6262.58,74.82,TRADE
VIC1,2025-06-06 14:35:00,6361.08,83.57,TRADE
VIC1,2025-06-06 14:40:00,6321.3,82.03,TRADE
VIC1,2025-06-06 14:45:00,6409.11,81.99,TRADE
VIC1,2025-06-06 14:50:00,6372.42,69.29,TRADE
VIC1,2025-06-06 14:55:00,6404.21,78.29,TRADE
VIC1,2025-06-06 15:00:00,6415.81,76.35,TRADE
VIC1,2025-06-06 15:05:00,6449.4,80.15,TRADE
VIC1,2025-06-06 15:10:00,6389.5,77.59,TRADE
VIC1,2025-06-06 15:15:00,6422.13,82.8,TRADE
VIC1,2025-06-06 15:20:00,6375.95,79.86,TRADE
VIC1,2025-06-06 15:25:00,6322.61,91.66,TRADE
VIC1,2025-06-06 15:30:00,6419.56,100.78,TRADE
VIC1,2025-06-06 15:35:00,6526.27,96.78,TRADE
VIC1,2025-06-06 15:40:00,6529.8,91.66,TRADE
VIC1,2025-06-06 15:45:00,6614.47,94.19,TRADE
VIC1,2025-06-06 15:50:00,6624.57,95.82,TRADE
VIC1,2025-06-06 15:55:00,6676.94,118.44,TRADE
VIC1,2025-06-06 16:00:00,6724.84,118.32,TRADE
VIC1,2025-06-06 16:05:00,6742.86,128.16,TRADE
VIC1,2025-06-06 16:10:00,6701.12,117.99,TRADE
VIC1,2025-06-06 16:15:00,6691.72,123.63,TRADE
VIC1,2025-06-06 16:20:00,6749.34,138.14,TRADE
VIC1,2025-06-06 16:25:00,6781.87,174.94,TRADE
VIC1,2025-06-06 16:30:00,6856.25,154.27,TRADE
VIC1,2025-06-06 16:35:00,6788.95,137.66,TRADE
VIC1,2025-06-06 16:40:00,6874.65,168.59,TRADE
VIC1,2025-06-06 16:45:00,6917.6,165.4,TRADE
VIC1,2025-06-06 16:50:00,6942.27,165.83,TRADE
VIC1,2025-06-06 16:55:00,6994.29,168.83,TRADE
VIC1,2025-06-06 17:00:00,6916.35,163.96,TRADE
VIC1,2025-06-06 17:05:00,6994.25,149.97,TRADE
VIC1,2025-06-06 17:10:00,7070.71,143.96,TRADE
VIC1,2025-06-06 17:15:00,7159.71,143.59,TRADE
VIC1,2025-06-06 17:20:00,7129.5,153.02,TRADE
VIC1,2025-06-06 17:25:00,7226.89,145.44,TRADE
VIC1,2025-06-06 17:30:00,7289.79,188.23,TRADE
VIC1,2025-06-06 17:35:00,7383.97,20.01,TRADE
VIC1,2025-06-06 17:40:00,7371.98,96.0,TRADE
VIC1,2025-06-06 17:45:00,7377.85,75.89,TRADE
VIC1,2025-06-06 17:50:00,7337.72,96.0,TRADE
VIC1,2025-06-06 17:55:00,7360.06,78.66,TRADE
VIC1,2025-06-06 18:00:00,7354.92,41.25,TRADE
VIC1,2025-06-06 18:05:00,7261.43,84.0,TRADE
VIC1,2025-06-06 18:10:00,7314.53,99.12,TRADE
VIC1,2025-06-06 18:15:00,7327.45,125.93,TRADE
VIC1,2025-06-06 18:20:00,7300.64,154.65,TRADE
VIC1,2025-06-06 18:25:00,7275.2,146.06,TRADE
VIC1,2025-06-06 18:30:00,7167.77,140.24,TRADE
VIC1,2025-06-06 18:35:00,7165.02,127.13,TRADE
VIC1,2025-06-06 18:40:00,7221.59,124.79,TRADE
VIC1,2025-06-06 18:45:00,7217.46,140.0,TRADE
VIC1,2025-06-06 18:50:00,7240.79,140.38,TRADE
VIC1,2025-06-06 18:55:00,7208.0,151.93,TRADE
VIC1,2025-06-06 19:00:00,7150.31,153.97,TRADE
VIC1,2025-06-06 19:05:00,7167.54,163.57,TRADE
VIC1,2025-06-06 19:10:00,7082.01,151.53,TRADE
VIC1,2025-06-06 19:15:00,7039.03,137.58,TRADE
VIC1,2025-06-06 19:20:00,7030.68,135.77,TRADE
VIC1,2025-06-06 19:25:00,7050.7,147.01,TRADE
VIC1,2025-06-06 19:30:00,7018.85,139.28,TRADE
VIC1,2025-06-06 19:35:00,6935.37,136.39,TRADE
VIC1,2025-06-06 19:40:00,6929.45,136.26,TRADE
VIC1,2025-06-06 19:45:00,6876.93,152.19,TRADE
VIC1,2025-06-06 19:50:00,6861.62,152.54,TRADE
VIC1,2025-06-06 19:55:00,6788.55,168.8,TRADE
VIC1,2025-06-06 20:00:00,6759.98,141.04,TRADE
VIC1,2025-06-06 20:05:00,6731.24,141.83,TRADE
VIC1,2025-06-06 20:10:00,6695.7,155.23,TRADE
VIC1,2025-06-06 20:15:00,6659.93,164.98,TRADE
VIC1,2025-06-06 20:20:00,6667.07,142.9,TRADE
VIC1,2025-06-06 20:25:00,6680.79,143.63,TRADE
VIC1,2025-06-06 20:30:00,6624.55,137.14,TRADE
VIC1,2025-06-06 20:35:00,6543.37,135.28,TRADE
VIC1,2025-06-06 20:40:00,6582.67,137.62,TRADE
VIC1,2025-06-06 20:45:00,6577.27,136.65,TRADE
VIC1,2025-06-06 20:50:00,6530.72,134.56,TRADE
VIC1,2025-06-06 20:55:00,6530.13,134.62,TRADE
VIC1,2025-06-06 21:00:00,6419.46,112.31,TRADE
VIC1,2025-06-06 21:05:00,6370.81,96.61,TRADE
VIC1,2025-06-06 21:10:00,6391.31,96.44,TRADE
VIC1,2025-06-06 21:15:00,6344.55,100.5,TRADE
VIC1,2025-06-06 21:20:00,6305.92,92.61,TRADE
VIC1,2025-06-06 21:25:00,6257.39,91.38,TRADE
VIC1,2025-06-06 21:30:00,6209.09,89.53,TRADE
VIC1,2025-06-06 21:35:00,6192.53,91.63,TRADE
VIC1,2025-06-06 21:40:00,6099.3,93.35,TRADE
VIC1,2025-06-06 21:45:00,6046.31,91.08,TRADE
VIC1,2025-06-06 21:50:00,6025.86,88.86,TRADE
VIC1,2025-06-06 21:55:00,5987.41,88.88,TRADE
VIC1,2025-06-06 22:00:00,5897.68,77.54,TRADE
VIC1,2025-06-06 22:05:00,5816.35,20.48,TRADE
VIC1,2025-06-06 22:10:00,5763.1,20.01,TRADE
VIC1,2025-06-06 22:15:00,5789.29,24.68,TRADE
VIC1,2025-06-06 22:20:00,5744.4,30.35,TRADE
VIC1,2025-06-06 22:25:00,5691.8,20.01,TRADE
VIC1,2025-06-06 22:30:00,5692.98,29.84,TRADE
VIC1,2025-06-06 22:35:00,5683.87,25.63,TRADE
VIC1,2025-06-06 22:40:00,5582.53,20.01,TRADE
VIC1,2025-06-06 22:45:00,5587.74,36.86,TRADE
VIC1,2025-06-06 22:50:00,5453.25,20.01,TRADE
VIC1,2025-06-06 22:55:00,5424.47,20.01,TRADE
VIC1,2025-06-06 23:00:00,5461.49,72.88,TRADE
VIC1,2025-06-06 23:05:00,5481.82,75.85,TRADE
VIC1,2025-06-06 23:10:00,5450.88,75.85,TRADE
VIC1,2025-06-06 23:15:00,5542.14,75.85,TRADE
VIC1,2025-06-06 23:20:00,5506.29,75.85,TRADE
VIC1,2025-06-06 23:25:00,5521.09,75.85,TRADE
VIC1,2025-06-06 23:30:00,5480.0,71.81,TRADE
VIC1,2025-06-06 23:35:00,5377.91,74.16,TRADE
VIC1,2025-06-06 23:40:00,5352.66,35.95,TRADE
VIC1,2025-06-06 23:45:00,5369.18,75.85,TRADE
VIC1,2025-06-06 23:50:00,5237.74,20.01,TRADE
VIC1,2025-06-06 23:55:00,5177.57,20.01,TRADE
VIC1,2025-06-09 00:00:00,5152.52,54.1,TRADE
VIC1,2025-06-09 00:05:00,5130.79,71.9,TRADE
VIC1,2025-06-09 00:10:00,5158.61,73.7,TRADE
VIC1,2025-06-09 00:15:00,5121.76,70.63,TRADE
VIC1,2025-06-09 00:20:00,5093.63,71.27,TRADE
VIC1,2025-06-09 00:25:00,5074.2,53.73,TRADE
VIC1,2025-06-09 00:30:00,5046.12,53.27,TRADE
VIC1,2025-06-09 00:35:00,5007.66,72.35,TRADE
VIC1,2025-06-09 00:40:00,4976.49,71.8,TRADE
VIC1,2025-06-09 00:45:00,4855.58,51.45,TRADE
VIC1,2025-06-09 00:50:00,4822.51,50.62,TRADE
VIC1,2025-06-09 00:55:00,4858.58,51.65,TRADE
VIC1,2025-06-09 01:00:00,4857.34,55.92,TRADE
VIC1,2025-06-09 01:05:00,4751.44,53.31,TRADE
VIC1,2025-06-09 01:10:00,4801.96,73.42,TRADE
VIC1,2025-06-09 01:15:00,4808.8,53.61,TRADE
VIC1,2025-06-09 01:20:00,4757.83,53.65,TRADE
VIC1,2025-06-09 01:25:00,4720.18,53.66,TRADE
VIC1,2025-06-09 01:30:00,4591.6,52.73,TRADE
VIC1,2025-06-09 01:35:00,4593.65,52.67,TRADE
VIC1,2025-06-09 01:40:00,4586.67,53.34,TRADE
VIC1,2025-06-09 01:45:00,4513.98,53.62,TRADE
VIC1,2025-06-09 01:50:00,4495.05,53.61,TRADE
VIC1,2025-06-09 01:55:00,4476.23,54.45,TRADE
VIC1,2025-06-09 02:00:00,4434.69,53.57,TRADE
VIC1,2025-06-09 02:05:00,4431.46,51.65,TRADE
VIC1,2025-06-09 02:10:00,4436.61,53.53,TRADE
VIC1,2025-06-09 02:15:00,4404.02,53.09,TRADE
VIC1,2025-06-09 02:20:00,4375.32,53.11,TRADE
VIC1,2025-06-09 02:25:00,4324.63,52.22,TRADE
VIC1,2025-06-09 02:30:00,4306.86,52.18,TRADE
VIC1,2025-06-09 02:35:00,4304.96,52.23,TRADE
VIC1,2025-06-09 02:40:00,4294.49,52.61,TRADE
VIC1,2025-06-09 02:45:00,4258.49,52.23,TRADE
VIC1,2025-06-09 02:50:00,4250.95,52.19,TRADE
VIC1,2025-06-09 02:55:00,4236.56,52.08,TRADE
VIC1,2025-06-09 03:00:00,4203.71,52.95,TRADE
VIC1,2025-06-09 03:05:00,4202.85,52.03,TRADE
VIC1,2025-06-09 03:10:00,4219.93,54.25,TRADE
VIC1,2025-06-09 03:15:00,4187.88,51.28,TRADE
VIC1,2025-06-09 03:20:00,4181.58,50.38,TRADE
VIC1,2025-06-09 03:25:00,4186.62,52.45,TRADE
VIC1,2025-06-09 03:30:00,4171.36,51.12,TRADE
VIC1,2025-06-09 03:35:00,4167.34,51.18,TRADE
VIC1,2025-06-09 03:40:00,4147.47,51.63,TRADE
VIC1,2025-06-09 03:45:00,4144.29,51.6,TRADE
VIC1,2025-06-09 03:50:00,4124.79,51.18,TRADE
VIC1,2025-06-09 03:55:00,4115.35,50.41,TRADE
VIC1,2025-06-09 04:00:00,4095.62,48.86,TRADE
VIC1,2025-06-09 04:05:00,4111.27,50.32,TRADE
VIC1,2025-06-09 04:10:00,4145.01,53.93,TRADE
VIC1,2025-06-09 04:15:00,4090.8,50.32,TRADE
VIC1,2025-06-09 04:20:00,4132.9,50.76,TRADE
VIC1,2025-06-09 04:25:00,4120.42,50.24,TRADE
VIC1,2025-06-09 04:30:00,4137.7,50.34,TRADE
VIC1,2025-06-09 04:35:00,4164.68,50.59,TRADE
VIC1,2025-06-09 04:40:00,4186.62,49.79,TRADE
VIC1,2025-06-09 04:45:00,4120.31,45.18,TRADE
VIC1,2025-06-09 04:50:00,4138.46,49.79,TRADE
VIC1,2025-06-09 04:55:00,4124.47,48.98,TRADE
VIC1,2025-06-09 05:00:00,4170.57,49.77,TRADE
VIC1,2025-06-09 05:05:00,4193.73,47.02,TRADE
VIC1,2025-06-09 05:10:00,4241.29,49.36,TRADE
VIC1,2025-06-09 05:15:00,4261.81,57.13,TRADE
VIC1,2025-06-09 05:20:00,4272.9,49.38,TRADE
VIC1,2025-06-09 05:25:00,4275.6,48.55,TRADE
VIC1,2025-06-09 05:30:00,4280.66,20.01,TRADE
VIC1,2025-06-09 05:35:00,4220.36,20.01,TRADE
VIC1,2025-06-09 05:40:00,4288.11,20.03,TRADE
VIC1,2025-06-09 05:45:00,4374.2,36.7,TRADE
VIC1,2025-06-09 05:50:00,4375.14,20.01,TRADE
VIC1,2025-06-09 05:55:00,4392.13,20.01,TRADE
VIC1,2025-06-09 06:00:00,4367.71,20.21,TRADE
VIC1,2025-06-09 06:05:00,4397.45,20.34,TRADE
VIC1,2025-06-09 06:10:00,4523.29,55.37,TRADE
VIC1,2025-06-09 06:15:00,4549.77,55.74,TRADE
VIC1,2025-06-09 06:20:00,4582.76,55.52,TRADE
VIC1,2025-06-09 06:25:00,4601.37,56.23,TRADE
VIC1,2025-06-09 06:30:00,4642.2,56.16,TRADE
VIC1,2025-06-09 06:35:00,4679.42,59.66,TRADE
VIC1,2025-06-09 06:40:00,4635.45,56.16,TRADE
VIC1,2025-06-09 06:45:00,4712.5,60.01,TRADE
VIC1,2025-06-09 06:50:00,4711.5,60.5,TRADE
VIC1,2025-06-09 06:55:00,4717.28,63.87,TRADE
VIC1,2025-06-09 07:00:00,4805.24,63.1,TRADE
VIC1,2025-06-09 07:05:00,4878.41,63.25,TRADE
VIC1,2025-06-09 07:10:00,4862.46,63.29,TRADE
VIC1,2025-06-09 07:15:00,4877.22,68.19,TRADE
VIC1,2025-06-09 07:20:00,4953.41,73.11,TRADE
VIC1,2025-06-09 07:25:00,5064.55,68.68,TRADE
VIC1,2025-06-09 07:30:00,5134.65,71.35,TRADE
VIC1,2025-06-09 07:35:00,5107.43,65.56,TRADE
VIC1,2025-06-09 07:40:00,5223.26,66.54,TRADE
VIC1,2025-06-09 07:45:00,5219.81,69.4,TRADE
VIC1,2025-06-09 07:50:00,5257.67,53.54,TRADE
VIC1,2025-06-09 07:55:00,5284.88,62.93,TRADE
VIC1,2025-06-09 08:00:00,5216.45,54.4,TRADE
VIC1,2025-06-09 08:05:00,5334.39,63.44,TRADE
VIC1,2025-06-09 08:10:00,5375.8,56.74,TRADE
VIC1,2025-06-09 08:15:00,5482.56,55.8,TRADE
VIC1,2025-06-09 08:20:00,5465.88,55.79,TRADE
VIC1,2025-06-09 08:25:00,5479.42,115.94,TRADE
VIC1,2025-06-09 08:30:00,5493.08,102.14,TRADE
VIC1,2025-06-09 08:35:00,5500.75,56.04,TRADE
VIC1,2025-06-09 08:40:00,5423.47,64.3,TRADE
VIC1,2025-06-09 08:45:00,5447.66,63.79,TRADE
VIC1,2025-06-09 08:50:00,5561.18,117.86,TRADE
VIC1,2025-06-09 08:55:00,5568.33,75.85,TRADE
VIC1,2025-06-09 09:00:00,5529.03,48.51,TRADE
VIC1,2025-06-09 09:05:00,5600.05,88.02,TRADE
VIC1,2025-06-09 09:10:00,5611.63,132.72,TRADE
VIC1,2025-06-09 09:15:00,5595.47,141.99,TRADE
VIC1,2025-06-09 09:20:00,5553.43,141.99,TRADE
VIC1,2025-06-09 09:25:00,5593.4,75.85,TRADE
VIC1,2025-06-09 09:30:00,5604.95,127.92,TRADE
VIC1,2025-06-09 09:35:00,5600.42,132.72,TRADE
VIC1,2025-06-09 09:40:00,5601.03,132.72,TRADE
VIC1,2025-06-09 09:45:00,5652.69,98.11,TRADE
VIC1,2025-06-09 09:50:00,5638.43,136.84,TRADE
VIC1,2025-06-09 09:55:00,5555.23,45.92,TRADE
VIC1,2025-06-09 10:00:00,5646.67,132.72,TRADE
VIC1,2025-06-09 10:05:00,5644.87,139.45,TRADE
VIC1,2025-06-09 10:10:00,5658.15,139.16,TRADE
VIC1,2025-06-09 10:15:00,5632.47,142.18,TRADE
VIC1,2025-06-09 10:20:00,5579.65,113.29,TRADE
VIC1,2025-06-09 10:25:00,5581.26,139.9,TRADE
VIC1,2025-06-09 10:30:00,5571.04,132.72,TRADE
VIC1,2025-06-09 10:35:00,5551.81,132.72,TRADE
VIC1,2025-06-09 10:40:00,5507.65,132.06,TRADE
VIC1,2025-06-09 10:45:00,5531.0,138.73,TRADE
VIC1,2025-06-09 10:50:00,5496.99,149.98,TRADE
VIC1,2025-06-09 10:55:00,5395.53,132.72,TRADE
VIC1,2025-06-09 11:00:00,5423.76,119.69,TRADE
VIC1,2025-06-09 11:05:00,5407.11,68.48,TRADE
VIC1,2025-06-09 11:10:00,5446.91,79.36,TRADE
VIC1,2025-06-09 11:15:00,5333.89,90.0,TRADE
VIC1,2025-06-09 11:20:00,5313.01,90.0,TRADE
VIC1,2025-06-09 11:25:00,5358.24,107.31,TRADE
VIC1,2025-06-09 11:30:00,5266.42,131.03,TRADE
VIC1,2025-06-09 11:35:00,5242.17,98.66,TRADE
VIC1,2025-06-09 11:40:00,5193.24,98.66,TRADE
VIC1,2025-06-09 11:45:00,5134.97,111.89,TRADE
VIC1,2025-06-09 11:50:00,5125.84,102.49,TRADE
VIC1,2025-06-09 11:55:00,5013.87,103.09,TRADE
VIC1,2025-06-09 12:00:00,5011.17,98.66,TRADE
VIC1,2025-06-09 12:05:00,4922.51,98.66,TRADE
VIC1,2025-06-09 12:10:00,4890.77,111.84,TRADE
VIC1,2025-06-09 12:15:00,4846.38,90.0,TRADE
VIC1,2025-06-09 12:20:00,4749.13,92.68,TRADE
VIC1,2025-06-09 12:25:00,4743.13,107.05,TRADE
VIC1,2025-06-09 12:30:00,4755.02,108.44,TRADE
VIC1,2025-06-09 12:35:00,4718.8,106.55,TRADE
VIC1,2025-06-09 12:40:00,4697.65,109.52,TRADE
VIC1,2025-06-09 12:45:00,4779.51,123.27,TRADE
VIC1,2025-06-09 12:50:00,4768.89,100.75,TRADE
VIC1,2025-06-09 12:55:00,4755.07,105.2,TRADE
VIC1,2025-06-09 13:00:00,4741.37,129.21,TRADE
VIC1,2025-06-09 13:05:00,4771.09,131.95,TRADE
VIC1,2025-06-09 13:10:00,4803.4,104.96,TRADE
VIC1,2025-06-09 13:15:00,4813.8,107.2,TRADE
VIC1,2025-06-09 13:20:00,4808.67,129.04,TRADE
VIC1,2025-06-09 13:25:00,4856.57,125.5,TRADE
VIC1,2025-06-09 13:30:00,4843.61,142.04,TRADE
VIC1,2025-06-09 13:35:00,4850.34,127.24,TRADE
VIC1,2025-06-09 13:40:00,4985.74,146.72,TRADE
VIC1,2025-06-09 13:45:00,4987.24,151.72,TRADE
VIC1,2025-06-09 13:50:00,4937.38,140.81,TRADE
VIC1,2025-06-09 13:55:00,4983.23,151.97,TRADE
VIC1,2025-06-09 14:00:00,4988.08,156.24,TRADE
VIC1,2025-06-09 14:05:00,4997.12,156.24,TRADE
VIC1,2025-06-09 14:10:00,5034.82,165.44,TRADE
VIC1,2025-06-09 14:15:00,5071.13,144.46,TRADE
VIC1,2025-06-09 14:20:00,5173.99,165.07,TRADE
VIC1,2025-06-09 14:25:00,5084.14,134.6,TRADE
VIC1,2025-06-09 14:30:00,5217.46,197.95,TRADE
VIC1,2025-06-09 14:35:00,5197.51,149.75,TRADE
VIC1,2025-06-09 14:40:00,5195.14,140.0,TRADE
VIC1,2025-06-09 14:45:00,5274.25,141.08,TRADE
VIC1,2025-06-09 14:50:00,5222.34,140.0,TRADE
VIC1,2025-06-09 14:55:00,5249.4,139.77,TRADE
VIC1,2025-06-09 15:00:00,5273.28,141.43,TRADE
VIC1,2025-06-09 15:05:00,5388.97,140.89,TRADE
VIC1,2025-06-09 15:10:00,5375.87,149.34,TRADE
VIC1,2025-06-09 15:15:00,5360.04,149.11,TRADE
VIC1,2025-06-09 15:20:00,5384.65,140.0,TRADE
VIC1,2025-06-09 15:25:00,5405.04,148.41,TRADE
VIC1,2025-06-09 15:30:00,5491.26,140.0,TRADE
VIC1,2025-06-09 15:35:00,5540.67,140.0,TRADE
VIC1,2025-06-09 15:40:00,5557.2,140.1,TRADE
VIC1,2025-06-09 15:45:00,5731.49,150.83,TRADE
VIC1,2025-06-09 15:50:00,5769.05,180.0,TRADE
VIC1,2025-06-09 15:55:00,5798.82,155.81,TRADE
VIC1,2025-06-09 16:00:00,5886.85,146.58,TRADE
VIC1,2025-06-09 16:05:00,5973.62,174.67,TRADE
VIC1,2025-06-09 16:10:00,5895.09,151.47,TRADE
VIC1,2025-06-09 16:15:00,5997.84,172.55,TRADE
VIC1,2025-06-09 16:20:00,6009.61,155.2,TRADE
VIC1,2025-06-09 16:25:00,6067.02,170.61,TRADE
VIC1,2025-06-09 16:30:00,6138.4,184.5,TRADE
VIC1,2025-06-09 16:35:00,6196.38,174.98,TRADE
VIC1,2025-06-09 16:40:00,6302.72,177.16,TRADE
VIC1,2025-06-09 16:45:00,6423.2,179.03,TRADE
VIC1,2025-06-09 16:50:00,6423.65,178.14,TRADE
VIC1,2025-06-09 16:55:00,6591.76,180.0,TRADE
VIC1,2025-06-09 17:00:00,6673.99,182.02,TRADE
VIC1,2025-06-09 17:05:00,6705.85,177.59,TRADE
VIC1,2025-06-09 17:10:00,6706.86,177.98,TRADE
VIC1,2025-06-09 17:15:00,6756.71,180.0,TRADE
VIC1,2025-06-09 17:20:00,6899.8,202.6,TRADE
VIC1,2025-06-09 17:25:00,6944.46,212.12,TRADE
VIC1,2025-06-09 17:30:00,6959.63,237.73,TRADE
VIC1,2025-06-09 17:35:00,6999.35,180.0,TRADE
VIC1,2025-06-09 17:40:00,7075.64,240.0,TRADE
VIC1,2025-06-09 17:45:00,7123.3,212.12,TRADE
VIC1,2025-06-09 17:50:00,7194.44,212.12,TRADE
VIC1,2025-06-09 17:55:00,7207.05,189.52,TRADE
VIC1,2025-06-09 18:00:00,7164.17,211.65,TRADE
VIC1,2025-06-09 18:05:00,7073.19,180.0,TRADE
VIC1,2025-06-09 18:10:00,7150.87,186.42,TRADE
VIC1,2025-06-09 18:15:00,7166.53,176.01,TRADE
VIC1,2025-06-09 18:20:00,7204.15,187.59,TRADE
VIC1,2025-06-09 18:25:00,7172.52,177.48,TRADE
VIC1,2025-06-09 18:30:00,7153.61,190.69,TRADE
VIC1,2025-06-09 18:35:00,7037.2,168.65,TRADE
VIC1,2025-06-09 18:40:00,7055.2,180.0,TRADE
VIC1,2025-06-09 18:45:00,7015.8,141.99,TRADE
VIC1,2025-06-09 18:50:00,7012.29,165.02,TRADE
VIC1,2025-06-09 18:55:00,6922.8,162.0,TRADE
VIC1,2025-06-09 19:00:00,6950.53,175.58,TRADE
VIC1,2025-06-09 19:05:00,6968.56,161.17,TRADE
VIC1,2025-06-09 19:10:00,6939.57,160.38,TRADE
VIC1,2025-06-09 19:15:00,6857.05,156.39,TRADE
VIC1,2025-06-09 19:20:00,6795.26,147.52,TRADE
VIC1,2025-06-09 19:25:00,6810.65,148.42,TRADE
VIC1,2025-06-09 19:30:00,6788.22,146.45,TRADE
VIC1,2025-06-09 19:35:00,6826.96,141.99,TRADE
VIC1,2025-06-09 19:40:00,6840.29,157.57,TRADE
VIC1,2025-06-09 19:45:00,6800.08,141.99,TRADE
VIC1,2025-06-09 19:50:00,6734.34,141.99,TRADE
VIC1,2025-06-09 19:55:00,6723.43,143.73,TRADE
VIC1,2025-06-09 20:00:00,6606.59,141.99,TRADE
VIC1,2025-06-09 20:05:00,6649.31,146.58,TRADE
VIC1,2025-06-09 20:10:00,6634.82,141.99,TRADE
VIC1,2025-06-09 20:15:00,6590.3,141.66,TRADE
VIC1,2025-06-09 20:20:00,6557.45,141.66,TRADE
VIC1,2025-06-09 20:25:00,6475.03,141.4,TRADE
VIC1,2025-06-09 20:30:00,6497.09,141.65,TRADE
VIC1,2025-06-09 20:35:00,6514.52,141.66,TRADE
VIC1,2025-06-09 20:40:00,6500.98,141.66,TRADE
VIC1,2025-06-09 20:45:00,6436.54,141.66,TRADE
VIC1,2025-06-09 20:50:00,6309.1,137.96,TRADE
VIC1,2025-06-09 20:55:00,6261.24,137.96,TRADE
VIC1,2025-06-09 21:00:00,6271.1,141.66,TRADE
VIC1,2025-06-09 21:05:00,6280.92,141.99,TRADE
VIC1,2025-06-09 21:10:00,6302.51,152.35,TRADE
VIC1,2025-06-09 21:15:00,6204.11,147.62,TRADE
VIC1,2025-06-09 21:20:00,6177.51,140.51,TRADE
VIC1,2025-06-09 21:25:00,6119.79,299.29,TRADE
VIC1,2025-06-09 21:30:00,6122.65,164.19,TRADE
VIC1,2025-06-09 21:35:00,6036.82,240.71,TRADE
VIC1,2025-06-09 21:40:00,5956.17,270.82,TRADE
VIC1,2025-06-09 21:45:00,5966.91,145.82,TRADE
VIC1,2025-06-09 21:50:00,5939.77,143.96,TRADE
VIC1,2025-06-09 21:55:00,5891.58,143.23,TRADE
VIC1,2025-06-09 22:00:00,5828.4,144.33,TRADE
VIC1,2025-06-09 22:05:00,5760.63,171.46,TRADE
VIC1,2025-06-09 22:10:00,5699.65,166.94,TRADE
VIC1,2025-06-09 22:15:00,5729.59,156.99,TRADE
VIC1,2025-06-09 22:20:00,5580.96,143.96,TRADE
VIC1,2025-06-09 22:25:00,5526.14,142.5,TRADE
VIC1,2025-06-09 22:30:00,5528.93,142.86,TRADE
VIC1,2025-06-09 22:35:00,5542.61,142.86,TRADE
VIC1,2025-06-09 22:40:00,5477.88,141.79,TRADE
VIC1,2025-06-09 22:45:00,5489.37,142.15,TRADE
VIC1,2025-06-09 22:50:00,5387.06,139.91,TRADE
VIC1,2025-06-09 22:55:00,5370.04,139.79,TRADE
VIC1,2025-06-09 23:00:00,5370.48,140.45,TRADE
VIC1,2025-06-09 23:05:00,5308.12,139.41,TRADE
VIC1,2025-06-09 23:10:00,5392.22,140.69,TRADE
VIC1,2025-06-09 23:15:00,5478.43,141.89,TRADE
VIC1,2025-06-09 23:20:00,5445.43,141.43,TRADE
VIC1,2025-06-09 23:25:00,5311.62,137.96,TRADE
VIC1,2025-06-09 23:30:00,5346.16,140.43,TRADE
VIC1,2025-06-09 23:35:00,5390.18,140.73,TRADE
VIC1,2025-06-09 23:40:00,5340.04,142.5,TRADE
VIC1,2025-06-09 23:45:00,5288.89,139.77,TRADE
VIC1,2025-06-09 23:50:00,5276.29,140.73,TRADE
VIC1,2025-06-09 23:55:00,5265.07,140.38,TRADE
VIC1,2025-06-10 00:00:00,5218.92,138.54,TRADE
VIC1,2025-06-10 00:05:00,5216.45,141.08,TRADE
VIC1,2025-06-10 00:10:00,5111.88,139.76,TRADE
VIC1,2025-06-10 00:15:00,5086.52,140.38,TRADE
VIC1,2025-06-10 00:20:00,5132.42,141.21,TRADE
VIC1,2025-06-10 00:25:00,5040.04,137.96,TRADE
VIC1,2025-06-10 00:30:00,5084.41,141.43,TRADE
VIC1,2025-06-10 00:35:00,5061.97,142.73,TRADE
VIC1,2025-06-10 00:40:00,4997.61,171.56,TRADE
VIC1,2025-06-10 00:45:00,4993.55,152.35,TRADE
VIC1,2025-06-10 00:50:00,4975.1,142.5,TRADE
VIC1,2025-06-10 00:55:00,4960.2,141.79,TRADE
VIC1,2025-06-10 01:00:00,4870.38,137.96,TRADE
VIC1,2025-06-10 01:05:00,4855.42,141.08,TRADE
VIC1,2025-06-10 01:10:00,4819.69,139.41,TRADE
VIC1,2025-06-10 01:15:00,4864.4,141.42,TRADE
VIC1,2025-06-10 01:20:00,4836.46,141.79,TRADE
VIC1,2025-06-10 01:25:00,4739.93,139.77,TRADE
VIC1,2025-06-10 01:30:00,4735.45,131.0,TRADE
VIC1,2025-06-10 01:35:00,4781.11,156.24,TRADE
VIC1,2025-06-10 01:40:00,4750.4,156.24,TRADE
VIC1,2025-06-10 01:45:00,4728.94,156.24,TRADE
VIC1,2025-06-10 01:50:00,4681.29,156.24,TRADE
VIC1,2025-06-10 01:55:00,4588.29,141.79,TRADE
VIC1,2025-06-10 02:00:00,4582.99,141.79,TRADE
VIC1,2025-06-10 02:05:00,4570.07,156.24,TRADE
VIC1,2025-06-10 02:10:00,4554.23,156.24,TRADE
VIC1,2025-06-10 02:15:00,4600.24,156.24,TRADE
VIC1,2025-06-10 02:20:00,4590.76,156.24,TRADE
VIC1,2025-06-10 02:25:00,4491.99,140.87,TRADE
VIC1,2025-06-10 02:30:00,4555.44,142.17,TRADE
VIC1,2025-06-10 02:35:00,4526.53,176.97,TRADE
VIC1,2025-06-10 02:40:00,4551.02,177.1,TRADE
VIC1,2025-06-10 02:45:00,4520.21,177.8,TRADE
VIC1,2025-06-10 02:50:00,4455.02,156.24,TRADE
VIC1,2025-06-10 02:55:00,4450.77,156.24,TRADE
VIC1,2025-06-10 03:00:00,4442.1,156.24,TRADE
VIC1,2025-06-10 03:05:00,4425.27,152.74,TRADE
VIC1,2025-06-10 03:10:00,4522.84,156.24,TRADE
VIC1,2025-06-10 03:15:00,4499.82,153.91,TRADE
VIC1,2025-06-10 03:20:00,4463.79,151.59,TRADE
VIC1,2025-06-10 03:25:00,4482.26,151.97,TRADE
VIC1,2025-06-10 03:30:00,4487.17,151.97,TRADE
VIC1,2025-06-10 03:35:00,4461.79,156.24,TRADE
VIC1,2025-06-10 03:40:00,4469.19,156.24,TRADE
VIC1,2025-06-10 03:45:00,4410.66,151.21,TRADE
VIC1,2025-06-10 03:50:00,4406.1,151.21,TRADE
VIC1,2025-06-10 03:55:00,4407.01,150.83,TRADE
VIC1,2025-06-10 04:00:00,4476.39,156.24,TRADE
VIC1,2025-06-10 04:05:00,4487.67,141.96,TRADE
VIC1,2025-06-10 04:10:00,4478.44,128.96,TRADE
VIC1,2025-06-10 04:15:00,4512.53,147.16,TRADE
VIC1,2025-06-10 04:20:00,4523.51,137.96,TRADE
VIC1,2025-06-10 04:25:00,4554.65,137.96,TRADE
VIC1,2025-06-10 04:30:00,4497.63,129.64,TRADE
VIC1,2025-06-10 04:35:00,4514.6,137.96,TRADE
VIC1,2025-06-10 04:40:00,4546.2,148.76,TRADE
VIC1,2025-06-10 04:45:00,4572.35,147.0,TRADE
VIC1,2025-06-10 04:50:00,4584.85,140.68,TRADE
VIC1,2025-06-10 04:55:00,4664.92,139.14,TRADE
VIC1,2025-06-10 05:00:00,4669.44,137.96,TRADE
VIC1,2025-06-10 05:05:00,4692.97,137.96,TRADE
VIC1,2025-06-10 05:10:00,4790.79,139.89,TRADE
VIC1,2025-06-10 05:15:00,4828.45,141.44,TRADE
VIC1,2025-06-10 05:20:00,4865.59,142.49,TRADE
VIC1,2025-06-10 05:25:00,4854.28,142.06,TRADE
VIC1,2025-06-10 05:30:00,4864.69,137.96,TRADE
VIC1,2025-06-10 05:35:00,4902.34,137.96,TRADE
VIC1,2025-06-10 05:40:00,5046.16,144.54,TRADE
VIC1,2025-06-10 05:45:00,5105.49,144.04,TRADE
VIC1,2025-06-10 05:50:00,5081.18,137.96,TRADE
VIC1,2025-06-10 05:55:00,5195.74,144.58,TRADE
VIC1,2025-06-10 06:00:00,5251.13,144.14,TRADE
VIC1,2025-06-10 06:05:00,5298.81,141.99,TRADE
VIC1,2025-06-10 06:10:00,5481.08,164.33,TRADE
VIC1,2025-06-10 06:15:00,5546.36,177.69,TRADE
VIC1,2025-06-10 06:20:00,5621.74,203.58,TRADE
VIC1,2025-06-10 06:25:00,5714.54,184.62,TRADE
VIC1,2025-06-10 06:30:00,5895.91,245.73,TRADE
VIC1,2025-06-10 06:35:00,5891.17,180.0,TRADE
VIC1,2025-06-10 06:40:00,6012.04,212.12,TRADE
VIC1,2025-06-10 06:45:00,6178.41,172.38,TRADE
VIC1,2025-06-10 06:50:00,6234.34,211.65,TRADE
VIC1,2025-06-10 06:55:00,6299.02,211.65,TRADE
VIC1,2025-06-10 07:00:00,6442.56,240.0,TRADE
VIC1,2025-06-10 07:05:00,6505.73,211.65,TRADE
VIC1,2025-06-10 07:10:00,6552.14,212.12,TRADE
VIC1,2025-06-10 07:15:00,6752.05,212.12,TRADE
VIC1,2025-06-10 07:20:00,6872.25,211.65,TRADE
VIC1,2025-06-10 07:25:00,6854.38,211.65,TRADE
VIC1,2025-06-10 07:30:00,7004.31,211.65,TRADE
VIC1,2025-06-10 07:35:00,7037.83,212.12,TRADE
VIC1,2025-06-10 07:40:00,7177.7,209.79,TRADE
VIC1,2025-06-10 07:45:00,7259.57,183.82,TRADE
VIC1,2025-06-10 07:50:00,7255.49,197.12,TRADE
VIC1,2025-06-10 07:55:00,7274.98,193.12,TRADE
VIC1,2025-06-10 08:00:00,7291.33,180.0,TRADE
VIC1,2025-06-10 08:05:00,7328.09,211.65,TRADE
VIC1,2025-06-10 08:10:00,7388.82,211.65,TRADE
VIC1,2025-06-10 08:15:00,7368.39,211.65,TRADE
VIC1,2025-06-10 08:20:00,7385.28,212.12,TRADE
VIC1,2025-06-10 08:25:00,7269.59,211.65,TRADE
VIC1,2025-06-10 08:30:00,7336.47,211.65,TRADE
VIC1,2025-06-10 08:35:00,7295.78,192.48,TRADE
VIC1,2025-06-10 08:40:00,7182.21,211.65,TRADE
VIC1,2025-06-10 08:45:00,7065.44,211.65,TRADE
VIC1,2025-06-10 08:50:00,7031.65,211.65,TRADE
VIC1,2025-06-10 08:55:00,7075.55,211.65,TRADE
VIC1,2025-06-10 09:00:00,6987.81,193.58,TRADE
VIC1,2025-06-10 09:05:00,6954.49,211.65,TRADE
VIC1,2025-06-10 09:10:00,6924.85,211.65,TRADE
VIC1,2025-06-10 09:15:00,6831.03,211.65,TRADE
VIC1,2025-06-10 09:20:00,6796.44,211.65,TRADE
VIC1,2025-06-10 09:25:00,6603.96,168.07,TRADE
VIC1,2025-06-10 09:30:00,6527.44,179.63,TRADE
VIC1,2025-06-10 09:35:00,6460.43,168.13,TRADE
VIC1,2025-06-10 09:40:00,6467.04,180.94,TRADE
VIC1,2025-06-10 09:45:00,6387.58,166.78,TRADE
VIC1,2025-06-10 09:50:00,6343.47,189.31,TRADE
VIC1,2025-06-10 09:55:00,6217.37,166.33,TRADE
VIC1,2025-06-10 10:00:00,6160.55,138.22,TRADE
VIC1,2025-06-10 10:05:00,6003.63,158.28,TRADE
VIC1,2025-06-10 10:10:00,6056.44,159.44,TRADE
VIC1,2025-06-10 10:15:00,5883.65,156.23,TRADE
VIC1,2025-06-10 10:20:00,5761.29,151.68,TRADE
VIC1,2025-06-10 10:25:00,5777.92,156.24,TRADE
VIC1,2025-06-10 10:30:00,5751.85,152.02,TRADE
VIC1,2025-06-10 10:35:00,5628.41,153.58,TRADE
VIC1,2025-06-10 10:40:00,5637.42,152.74,TRADE
VIC1,2025-06-10 10:45:00,5582.15,150.83,TRADE
VIC1,2025-06-10 10:50:00,5498.07,142.08,TRADE
VIC1,2025-06-10 10:55:00,5474.23,151.59,TRADE
VIC1,2025-06-10 11:00:00,5309.93,139.7,TRADE
VIC1,2025-06-10 11:05:00,5303.47,156.24,TRADE
VIC1,2025-06-10 11:10:00,5278.67,184.44,TRADE
VIC1,2025-06-10 11:15:00,5333.41,185.57,TRADE
VIC1,2025-06-10 11:20:00,5283.83,181.93,TRADE
VIC1,2025-06-10 11:25:00,5343.7,183.47,TRADE
VIC1,2025-06-10 11:30:00,5261.56,156.24,TRADE
VIC1,2025-06-10 11:35:00,5245.76,176.8,TRADE
VIC1,2025-06-10 11:40:00,5254.05,159.37,TRADE
VIC1,2025-06-10 11:45:00,5255.5,156.24,TRADE
VIC1,2025-06-10 11:50:00,5194.9,153.97,TRADE
VIC1,2025-06-10 11:55:00,5242.46,156.24,TRADE
VIC1,2025-06-10 12:00:00,5290.3,155.56,TRADE
VIC1,2025-06-10 12:05:00,5216.05,152.74,TRADE
VIC1,2025-06-10 12:10:00,5321.28,156.64,TRADE
VIC1,2025-06-10 12:15:00,5315.32,161.38,TRADE
VIC1,2025-06-10 12:20:00,5261.11,155.56,TRADE
VIC1,2025-06-10 12:25:00,5267.32,153.91,TRADE
VIC1,2025-06-10 12:30:00,5170.77,147.97,TRADE
VIC1,2025-06-10 12:35:00,5168.89,152.8,TRADE
VIC1,2025-06-10 12:40:00,5226.27,175.27,TRADE
VIC1,2025-06-10 12:45:00,5301.29,184.41,TRADE
VIC1,2025-06-10 12:50:00,5311.5,189.1,TRADE
VIC1,2025-06-10 12:55:00,5293.01,156.72,TRADE
VIC1,2025-06-10 13:00:00,5281.79,181.22,TRADE
VIC1,2025-06-10 13:05:00,5314.93,178.85,TRADE
VIC1,2025-06-10 13:10:00,5348.15,157.05,TRADE
VIC1,2025-06-10 13:15:00,5305.75,155.16,TRADE
VIC1,2025-06-10 13:20:00,5255.51,152.28,TRADE
VIC1,2025-06-10 13:25:00,5325.78,146.15,TRADE
VIC1,2025-06-10 13:30:00,5391.69,153.13,TRADE
VIC1,2025-06-10 13:35:00,5369.61,153.13,TRADE
VIC1,2025-06-10 13:40:00,5282.29,155.97,TRADE
VIC1,2025-06-10 13:45:00,5417.35,155.56,TRADE
VIC1,2025-06-10 13:50:00,5423.46,153.52,TRADE
VIC1,2025-06-10 13:55:00,5488.08,155.16,TRADE
VIC1,2025-06-10 14:00:00,5433.03,155.56,TRADE
VIC1,2025-06-10 14:05:00,5455.99,157.46,TRADE
VIC1,2025-06-10 14:10:00,5544.16,187.42,TRADE
VIC1,2025-06-10 14:15:00,5495.98,153.91,TRADE
VIC1,2025-06-10 14:20:00,5485.48,158.29,TRADE
VIC1,2025-06-10 14:25:00,5580.46,164.25,TRADE
VIC1,2025-06-10 14:30:00,5503.93,154.23,TRADE
VIC1,2025-06-10 14:35:00,5462.01,155.1,TRADE
VIC1,2025-06-10 14:40:00,5618.3,168.61,TRADE
VIC1,2025-06-10 14:45:00,5665.84,197.38,TRADE
VIC1,2025-06-10 14:50:00,5704.36,205.03,TRADE
VIC1,2025-06-10 14:55:00,5704.0,158.7,TRADE
VIC1,2025-06-10 15:00:00,5671.02,191.54,TRADE
VIC1,2025-06-10 15:05:00,5688.52,157.9,TRADE
VIC1,2025-06-10 15:10:00,5717.45,152.73,TRADE
VIC1,2025-06-10 15:15:00,5857.02,157.74,TRADE
VIC1,2025-06-10 15:20:00,5874.25,165.79,TRADE
VIC1,2025-06-10 15:25:00,5856.84,157.71,TRADE
VIC1,2025-06-10 15:30:00,5880.73,167.38,TRADE
VIC1,2025-06-10 15:35:00,5970.65,170.85,TRADE
VIC1,2025-06-10 15:40:00,6076.27,160.78,TRADE
VIC1,2025-06-10 15:45:00,6048.68,158.99,TRADE
VIC1,2025-06-10 15:50:00,6176.94,151.24,TRADE
VIC1,2025-06-10 15:55:00,6246.47,175.74,TRADE
VIC1,2025-06-10 16:00:00,6284.55,182.16,TRADE
VIC1,2025-06-10 16:05:00,6400.82,166.48,TRADE
VIC1,2025-06-10 16:10:00,6509.74,169.62,TRADE
VIC1,2025-06-10 16:15:00,6506.92,166.7,TRADE
VIC1,2025-06-10 16:20:00,6634.29,181.63,TRADE
VIC1,2025-06-10 16:25:00,6746.38,182.24,TRADE
VIC1,2025-06-10 16:30:00,6809.95,213.98,TRADE
VIC1,2025-06-10 16:35:00,6823.8,248.66,TRADE
VIC1,2025-06-10 16:40:00,6796.16,202.3,TRADE
VIC1,2025-06-10 16:45:00,6853.17,246.48,TRADE
VIC1,2025-06-10 16:50:00,7034.92,295.12,TRADE
VIC1,2025-06-10 16:55:00,7046.97,302.03,TRADE
VIC1,2025-06-10 17:00:00,7172.24,296.72,TRADE
VIC1,2025-06-10 17:05:00,7230.12,255.23,TRADE
VIC1,2025-06-10 17:10:00,7318.11,285.96,TRADE
VIC1,2025-06-10 17:15:00,7356.46,285.94,TRADE
VIC1,2025-06-10 17:20:00,7382.87,295.12,TRADE
VIC1,2025-06-10 17:25:00,7468.74,295.12,TRADE
VIC1,2025-06-10 17:30:00,7604.29,295.4,TRADE
VIC1,2025-06-10 17:35:00,7698.2,285.94,TRADE
VIC1,2025-06-10 17:40:00,7756.21,285.96,TRADE
VIC1,2025-06-10 17:45:00,7847.75,299.29,TRADE
VIC1,2025-06-10 17:50:00,7857.41,295.12,TRADE
VIC1,2025-06-10 17:55:00,7901.29,312.26,TRADE
VIC1,2025-06-10 18:00:00,7821.27,312.38,TRADE
VIC1,2025-06-10 18:05:00,7887.0,313.87,TRADE
VIC1,2025-06-10 18:10:00,7830.67,299.29,TRADE
VIC1,2025-06-10 18:15:00,7754.85,285.96,TRADE
VIC1,2025-06-10 18:20:00,7750.45,298.26,TRADE
VIC1,2025-06-10 18:25:00,7767.74,313.84,TRADE
VIC1,2025-06-10 18:30:00,7809.54,325.63,TRADE
VIC1,2025-06-10 18:35:00,7783.61,303.51,TRADE
VIC1,2025-06-10 18:40:00,7752.87,319.38,TRADE
VIC1,2025-06-10 18:45:00,7765.33,323.18,TRADE
VIC1,2025-06-10 18:50:00,7719.57,315.82,TRADE
VIC1,2025-06-10 18:55:00,7711.37,318.3,TRADE
VIC1,2025-06-10 19:00:00,7651.32,315.6,TRADE
VIC1,2025-06-10 19:05:00,7602.29,318.04,TRADE
VIC1,2025-06-10 19:10:00,7593.9,320.89,TRADE
VIC1,2025-06-10 19:15:00,7555.11,316.01,TRADE
VIC1,2025-06-10 19:20:00,7569.42,332.99,TRADE
VIC1,2025-06-10 19:25:00,7566.06,314.5,TRADE
VIC1,2025-06-10 19:30:00,7490.31,273.2,TRADE
VIC1,2025-06-10 19:35:00,7539.19,282.0,TRADE
VIC1,2025-06-10 19:40:00,7495.46,270.82,TRADE
VIC1,2025-06-10 19:45:00,7480.09,298.1,TRADE
VIC1,2025-06-10 19:50:00,7455.63,299.5,TRADE
VIC1,2025-06-10 19:55:00,7370.87,270.82,TRADE
VIC1,2025-06-10 20:00:00,7339.04,292.65,TRADE
VIC1,2025-06-10 20:05:00,7300.21,268.24,TRADE
VIC1,2025-06-10 20:10:00,7347.65,271.14,TRADE
VIC1,2025-06-10 20:15:00,7331.12,266.27,TRADE
VIC1,2025-06-10 20:20:00,7194.21,223.54,TRADE
VIC1,2025-06-10 20:25:00,7239.06,264.06,TRADE
VIC1,2025-06-10 20:30:00,7173.95,250.89,TRADE
VIC1,2025-06-10 20:35:00,7134.01,289.15,TRADE
VIC1,2025-06-10 20:40:00,7107.8,265.47,TRADE
VIC1,2025-06-10 20:45:00,7010.54,267.89,TRADE
VIC1,2025-06-10 20:50:00,6995.46,258.04,TRADE
VIC1,2025-06-10 20:55:00,6911.99,227.97,TRADE
VIC1,2025-06-10 21:00:00,6877.91,214.65,TRADE
VIC1,2025-06-10 21:05:00,6839.68,214.13,TRADE
VIC1,2025-06-10 21:10:00,6820.17,214.11,TRADE
VIC1,2025-06-10 21:15:00,6754.0,202.24,TRADE
VIC1,2025-06-10 21:20:00,6775.17,215.36,TRADE
VIC1,2025-06-10 21:25:00,6705.26,205.66,TRADE
VIC1,2025-06-10 21:30:00,6673.69,180.94,TRADE
VIC1,2025-06-10 21:35:00,6621.01,211.1,TRADE
VIC1,2025-06-10 21:40:00,6539.1,180.06,TRADE
VIC1,2025-06-10 21:45:00,6521.94,218.0,TRADE
VIC1,2025-06-10 21:50:00,6380.33,216.63,TRADE
VIC1,2025-06-10 21:55:00,6310.39,191.01,TRADE
VIC1,2025-06-10 22:00:00,6269.81,169.98,TRADE
VIC1,2025-06-10 22:05:00,6208.82,132.72,TRADE
VIC1,2025-06-10 22:10:00,6190.91,163.19,TRADE
VIC1,2025-06-10 22:15:00,6082.84,180.52,TRADE
VIC1,2025-06-10 22:20:00,6038.52,182.82,TRADE
VIC1,2025-06-10 22:25:00,6017.45,204.14,TRADE
VIC1,2025-06-10 22:30:00,6009.48,187.95,TRADE
VIC1,2025-06-10 22:35:00,5998.21,203.61,TRADE
VIC1,2025-06-10 22:40:00,5849.95,174.09,TRADE
VIC1,2025-06-10 22:45:00,5844.86,184.65,TRADE
VIC1,2025-06-10 22:50:00,5798.37,176.31,TRADE
VIC1,2025-06-10 22:55:00,5733.46,172.72,TRADE
VIC1,2025-06-10 23:00:00,5709.05,174.53,TRADE
VIC1,2025-06-10 23:05:00,5704.19,171.94,TRADE
VIC1,2025-06-10 23:10:00,5770.45,172.38,TRADE
VIC1,2025-06-10 23:15:00,5812.06,195.69,TRADE
VIC1,2025-06-10 23:20:00,5813.93,119.55,TRADE
VIC1,2025-06-10 23:25:00,5810.87,227.97,TRADE
VIC1,2025-06-10 23:30:00,5838.55,227.92,TRADE
VIC1,2025-06-10 23:35:00,5771.56,195.11,TRADE
VIC1,2025-06-10 23:40:00,5702.9,195.11,TRADE
VIC1,2025-06-10 23:45:00,5679.74,227.97,TRADE
VIC1,2025-06-10 23:50:00,5659.57,227.97,TRADE
VIC1,2025-06-10 23:55:00,5549.07,172.83,TRADE
VIC1,2025-06-11 00:00:00,5489.98,166.96,TRADE
VIC1,2025-06-11 00:05:00,5518.02,169.42,TRADE
VIC1,2025-06-11 00:10:00,5510.9,227.97,TRADE
VIC1,2025-06-11 00:15:00,5460.11,161.46,TRADE
VIC1,2025-06-11 00:20:00,5442.01,169.62,TRADE
VIC1,2025-06-11 00:25:00,5450.61,196.28,TRADE
VIC1,2025-06-11 00:30:00,5391.86,173.27,TRADE
VIC1,2025-06-11 00:35:00,5368.51,227.97,TRADE
VIC1,2025-06-11 00:40:00,5294.49,241.96,TRADE
VIC1,2025-06-11 00:45:00,5206.27,151.2,TRADE
VIC1,2025-06-11 00:50:00,5188.67,148.17,TRADE
VIC1,2025-06-11 00:55:00,5167.49,148.0,TRADE
VIC1,2025-06-11 01:00:00,5222.23,170.21,TRADE
VIC1,2025-06-11 01:05:00,5206.97,167.66,TRADE
VIC1,2025-06-11 01:10:00,5167.8,157.37,TRADE
VIC1,2025-06-11 01:15:00,5130.47,144.96,TRADE
VIC1,2025-06-11 01:20:00,5124.82,151.76,TRADE
VIC1,2025-06-11 01:25:00,5120.94,168.17,TRADE
VIC1,2025-06-11 01:30:00,5068.14,147.84,TRADE
VIC1,2025-06-11 01:35:00,4988.27,147.81,TRADE
VIC1,2025-06-11 01:40:00,4951.16,154.75,TRADE
VIC1,2025-06-11 01:45:00,4984.39,156.72,TRADE
VIC1,2025-06-11 01:50:00,4987.91,158.73,TRADE
VIC1,2025-06-11 01:55:00,4940.42,156.23,TRADE
VIC1,2025-06-11 02:00:00,4958.57,157.56,TRADE
VIC1,2025-06-11 02:05:00,4921.15,156.21,TRADE
VIC1,2025-06-11 02:10:00,4925.76,189.44,TRADE
VIC1,2025-06-11 02:15:00,4824.58,148.2,TRADE
VIC1,2025-06-11 02:20:00,4810.32,154.75,TRADE
VIC1,2025-06-11 02:25:00,4845.11,155.67,TRADE
VIC1,2025-06-11 02:30:00,4844.44,153.35,TRADE
VIC1,2025-06-11 02:35:00,4830.62,156.24,TRADE
VIC1,2025-06-11 02:40:00,4833.85,156.24,TRADE
VIC1,2025-06-11 02:45:00,4835.02,164.41,TRADE
VIC1,2025-06-11 02:50:00,4812.41,163.52,TRADE
VIC1,2025-06-11 02:55:00,4746.94,159.93,TRADE
VIC1,2025-06-11 03:00:00,4736.8,166.24,TRADE
VIC1,2025-06-11 03:05:00,4768.47,159.32,TRADE
VIC1,2025-06-11 03:10:00,4806.43,160.04,TRADE
VIC1,2025-06-11 03:15:00,4707.48,157.32,TRADE
VIC1,2025-06-11 03:20:00,4788.37,162.66,TRADE
VIC1,2025-06-11 03:25:00,4789.13,163.42,TRADE
VIC1,2025-06-11 03:30:00,4775.58,157.74,TRADE
VIC1,2025-06-11 03:35:00,4699.49,156.91,TRADE
VIC1,2025-06-11 03:40:00,4683.28,156.91,TRADE
VIC1,2025-06-11 03:45:00,4713.29,166.68,TRADE
VIC1,2025-06-11 03:50:00,4785.94,163.59,TRADE
VIC1,2025-06-11 03:55:00,4786.61,160.95,TRADE
VIC1,2025-06-11 04:00:00,4797.76,166.76,TRADE
VIC1,2025-06-11 04:05:00,4826.72,157.38,TRADE
VIC1,2025-06-11 04:10:00,4855.15,158.63,TRADE
VIC1,2025-06-11 04:15:00,4847.11,158.98,TRADE
VIC1,2025-06-11 04:20:00,4770.62,158.64,TRADE
VIC1,2025-06-11 04:25:00,4805.94,160.38,TRADE
VIC1,2025-06-11 04:30:00,4790.61,157.99,TRADE
VIC1,2025-06-11 04:35:00,4818.14,157.38,TRADE
VIC1,2025-06-11 04:40:00,4854.74,158.3,TRADE
VIC1,2025-06-11 04:45:00,4877.37,159.17,TRADE
VIC1,2025-06-11 04:50:00,4891.72,159.82,TRADE
VIC1,2025-06-11 04:55:00,4940.3,160.71,TRADE
VIC1,2025-06-11 05:00:00,4971.7,162.1,TRADE
VIC1,2025-06-11 05:05:00,4980.22,202.63,TRADE
VIC1,2025-06-11 05:10:00,5066.96,190.64,TRADE
VIC1,2025-06-11 05:15:00,5115.22,167.25,TRADE
VIC1,2025-06-11 05:20:00,5161.24,256.63,TRADE
VIC1,2025-06-11 05:25:00,5210.21,254.05,TRADE
VIC1,2025-06-11 05:30:00,5270.47,160.81,TRADE
VIC1,2025-06-11 05:35:00,5300.85,161.22,TRADE
VIC1,2025-06-11 05:40:00,5373.12,165.21,TRADE
VIC1,2025-06-11 05:45:00,5452.2,177.83,TRADE
VIC1,2025-06-11 05:50:00,5469.89,176.56,TRADE
VIC1,2025-06-11 05:55:00,5548.05,178.0,TRADE
VIC1,2025-06-11 06:00:00,5609.39,226.84,TRADE
VIC1,2025-06-11 06:05:00,5672.43,174.58,TRADE
VIC1,2025-06-11 06:10:00,5826.78,273.46,TRADE
VIC1,2025-06-11 06:15:00,5940.26,276.72,TRADE
VIC1,2025-06-11 06:20:00,6079.26,277.41,TRADE
VIC1,2025-06-11 06:25:00,6169.46,278.12,TRADE
VIC1,2025-06-11 06:30:00,6225.04,278.13,TRADE
VIC1,2025-06-11 06:35:00,6323.28,267.18,TRADE
VIC1,2025-06-11 06:40:00,6445.67,240.0,TRADE
VIC1,2025-06-11 06:45:00,6572.49,299.5,TRADE
VIC1,2025-06-11 06:50:00,6632.99,299.31,TRADE
VIC1,2025-06-11 06:55:00,6761.14,286.08,TRADE
VIC1,2025-06-11 07:00:00,6836.03,284.96,TRADE
VIC1,2025-06-11 07:05:00,6998.74,295.0,TRADE
VIC1,2025-06-11 07:10:00,7018.72,293.76,TRADE
VIC1,2025-06-11 07:15:00,7148.8,305.25,TRADE
VIC1,2025-06-11 07:20:00,7277.27,310.03,TRADE
VIC1,2025-06-11 07:25:00,7361.62,328.08,TRADE
VIC1,2025-06-11 07:30:00,7384.98,312.36,TRADE
VIC1,2025-06-11 07:35:00,7437.57,343.6,TRADE
VIC1,2025-06-11 07:40:00,7536.06,310.28,TRADE
VIC1,2025-06-11 07:45:00,7615.78,275.65,TRADE
VIC1,2025-06-11 07:50:00,7596.09,280.64,TRADE
VIC1,2025-06-11 07:55:00,7672.93,275.0,TRADE
VIC1,2025-06-11 08:00:00,7638.46,225.44,TRADE
VIC1,2025-06-11 08:05:00,7646.51,228.64,TRADE
VIC1,2025-06-11 08:10:00,7734.38,388.72,TRADE
VIC1,2025-06-11 08:15:00,7701.36,305.38,TRADE
VIC1,2025-06-11 08:20:00,7677.6,310.26,TRADE
VIC1,2025-06-11 08:25:00,7653.4,272.44,TRADE
VIC1,2025-06-11 08:30:00,7528.63,270.82,TRADE
VIC1,2025-06-11 08:35:00,7452.29,271.05,TRADE
VIC1,2025-06-11 08:40:00,7392.25,270.82,TRADE
VIC1,2025-06-11 08:45:00,7351.27,270.82,TRADE
VIC1,2025-06-11 08:50:00,7295.1,166.76,TRADE
VIC1,2025-06-11 08:55:00,7234.76,202.22,TRADE
VIC1,2025-06-11 09:00:00,7164.07,163.62,TRADE
VIC1,2025-06-11 09:05:00,7143.86,214.8,TRADE
VIC1,2025-06-11 09:10:00,7119.5,255.32,TRADE
VIC1,2025-06-11 09:15:00,7087.56,259.95,TRADE
VIC1,2025-06-11 09:20:00,6953.65,214.19,TRADE
VIC1,2025-06-11 09:25:00,6918.98,264.69,TRADE
VIC1,2025-06-11 09:30:00,6820.43,255.3,TRADE
VIC1,2025-06-11 09:35:00,6727.81,254.89,TRADE
VIC1,2025-06-11 09:40:00,6653.72,249.11,TRADE
VIC1,2025-06-11 09:45:00,6574.26,215.53,TRADE
VIC1,2025-06-11 09:50:00,6476.96,217.08,TRADE
VIC1,2025-06-11 09:55:00,6401.27,227.97,TRADE
VIC1,2025-06-11 10:00:00,6290.89,170.55,TRADE
VIC1,2025-06-11 10:05:00,6231.52,266.14,TRADE
VIC1,2025-06-11 10:10:00,6158.65,264.36,TRADE
VIC1,2025-06-11 10:15:00,6088.84,263.56,TRADE
VIC1,2025-06-11 10:20:00,6031.32,260.36,TRADE
VIC1,2025-06-11 10:25:00,5960.3,261.99,TRADE
VIC1,2025-06-11 10:30:00,5874.51,192.67,TRADE
VIC1,2025-06-11 10:35:00,5853.38,156.24,TRADE
VIC1,2025-06-11 10:40:00,5768.76,260.3,TRADE
VIC1,2025-06-11 10:45:00,5690.43,156.24,TRADE
VIC1,2025-06-11 10:50:00,5633.88,258.58,TRADE
VIC1,2025-06-11 10:55:00,5620.07,230.94,TRADE
VIC1,2025-06-11 11:00:00,5556.01,149.92,TRADE
VIC1,2025-06-11 11:05:00,5516.13,229.24,TRADE
VIC1,2025-06-11 11:10:00,5487.17,229.24,TRADE
VIC1,2025-06-11 11:15:00,5457.5,229.24,TRADE
VIC1,2025-06-11 11:20:00,5414.39,160.0,TRADE
VIC1,2025-06-11 11:25:00,5404.34,229.24,TRADE
VIC1,2025-06-11 11:30:00,5414.59,227.97,TRADE
VIC1,2025-06-11 11:35:00,5368.46,156.24,TRADE
VIC1,2025-06-11 11:40:00,5352.96,156.24,TRADE
VIC1,2025-06-11 11:45:00,5346.05,156.24,TRADE
VIC1,2025-06-11 11:50:00,5371.84,248.34,TRADE
VIC1,2025-06-11 11:55:00,5304.32,229.24,TRADE
VIC1,2025-06-11 12:00:00,5287.33,229.24,TRADE
VIC1,2025-06-11 12:05:00,5305.06,229.24,TRADE
VIC1,2025-06-11 12:10:00,5319.56,227.97,TRADE
VIC1,2025-06-11 12:15:00,5320.71,246.78,TRADE
VIC1,2025-06-11 12:20:00,5283.65,266.96,TRADE
VIC1,2025-06-11 12:25:00,5325.99,266.96,TRADE
VIC1,2025-06-11 12:30:00,5270.16,229.24,TRADE
VIC1,2025-06-11 12:35:00,5283.68,307.72,TRADE
VIC1,2025-06-11 12:40:00,5237.82,229.24,TRADE
VIC1,2025-06-11 12:45:00,5230.06,227.97,TRADE
VIC1,2025-06-11 12:50:00,5249.1,263.98,TRADE
VIC1,2025-06-11 12:55:00,5280.14,229.24,TRADE
VIC1,2025-06-11 13:00:00,5267.79,170.16,TRADE
VIC1,2025-06-11 13:05:00,5280.18,171.57,TRADE
VIC1,2025-06-11 13:10:00,5306.84,227.97,TRADE
VIC1,2025-06-11 13:15:00,5296.05,169.06,TRADE
VIC1,2025-06-11 13:20:00,5315.1,168.38,TRADE
VIC1,2025-06-11 13:25:00,5297.96,167.64,TRADE
VIC1,2025-06-11 13:30:00,5310.53,167.68,TRADE
VIC1,2025-06-11 13:35:00,5305.72,164.45,TRADE
VIC1,2025-06-11 13:40:00,5293.15,165.91,TRADE
VIC1,2025-06-11 13:45:00,5341.98,157.17,TRADE
VIC1,2025-06-11 13:50:00,5365.68,168.76,TRADE
VIC1,2025-06-11 13:55:00,5411.2,170.72,TRADE
VIC1,2025-06-11 14:00:00,5405.06,167.79,TRADE
VIC1,2025-06-11 14:05:00,5449.35,227.97,TRADE
VIC1,2025-06-11 14:10:00,5431.0,171.68,TRADE
VIC1,2025-06-11 14:15:00,5476.6,227.97,TRADE
VIC1,2025-06-11 14:20:00,5474.78,261.95,TRADE
VIC1,2025-06-11 14:25:00,5490.01,260.7,TRADE
VIC1,2025-06-11 14:30:00,5513.4,174.3,TRADE
VIC1,2025-06-11 14:35:00,5538.41,263.53,TRADE
VIC1,2025-06-11 14:40:00,5566.55,227.97,TRADE
VIC1,2025-06-11 14:45:00,5575.85,275.82,TRADE
VIC1,2025-06-11 14:50:00,5635.23,301.08,TRADE
VIC1,2025-06-11 14:55:00,5664.24,351.58,TRADE
VIC1,2025-06-11 15:00:00,5701.73,313.76,TRADE
VIC1,2025-06-11 15:05:00,5742.98,298.17,TRADE
VIC1,2025-06-11 15:10:00,5744.89,296.11,TRADE
VIC1,2025-06-11 15:15:00,5735.48,264.19,TRADE
VIC1,2025-06-11 15:20:00,5812.47,297.28,TRADE
VIC1,2025-06-11 15:25:00,5844.15,285.96,TRADE
VIC1,2025-06-11 15:30:00,5918.84,290.35,TRADE
VIC1,2025-06-11 15:35:00,5976.18,269.82,TRADE
VIC1,2025-06-11 15:40:00,6022.99,227.97,TRADE
VIC1,2025-06-11 15:45:00,6125.9,274.88,TRADE
VIC1,2025-06-11 15:50:00,6180.46,227.97,TRADE
VIC1,2025-06-11 15:55:00,6312.81,227.97,TRADE
VIC1,2025-06-11 16:00:00,6388.95,285.62,TRADE
VIC1,2025-06-11 16:05:00,6417.93,227.97,TRADE
VIC1,2025-06-11 16:10:00,6537.12,229.3,TRADE
VIC1,2025-06-11 16:15:00,6579.68,281.85,TRADE
VIC1,2025-06-11 16:20:00,6665.78,297.5,TRADE
VIC1,2025-06-11 16:25:00,6703.94,307.36,TRADE
VIC1,2025-06-11 16:30:00,6778.88,319.75,TRADE
VIC1,2025-06-11 16:35:00,6852.93,307.81,TRADE
VIC1,2025-06-11 16:40:00,6950.65,314.93,TRADE
VIC1,2025-06-11 16:45:00,7035.14,342.93,TRADE
VIC1,2025-06-11 16:50:00,7097.88,396.24,TRADE
VIC1,2025-06-11 16:55:00,7207.32,433.48,TRADE
VIC1,2025-06-11 17:00:00,7272.51,1044.65,TRADE
VIC1,2025-06-11 17:05:00,7365.39,320.92,TRADE
VIC1,2025-06-11 17:10:00,7417.95,900.0,TRADE
VIC1,2025-06-11 17:15:00,7417.43,1074.25,TRADE
VIC1,2025-06-11 17:20:00,7444.01,1098.51,TRADE
VIC1,2025-06-11 17:25:00,7522.73,3770.0,TRADE
VIC1,2025-06-11 17:30:00,7574.81,1283.72,TRADE
VIC1,2025-06-11 17:35:00,7653.4,9943.29,TRADE
VIC1,2025-06-11 17:40:00,7690.19,9788.93,TRADE
VIC1,2025-06-11 17:45:00,7706.01,9800.0,TRADE
VIC1,2025-06-11 17:50:00,7788.81,9801.59,TRADE
VIC1,2025-06-11 17:55:00,7788.0,3844.0,TRADE
VIC1,2025-06-11 18:00:00,7813.96,10486.13,TRADE
VIC1,2025-06-11 18:05:00,7816.03,3989.14,TRADE
VIC1,2025-06-11 18:10:00,7780.34,3969.01,TRADE
VIC1,2025-06-11 18:15:00,7786.58,1085.39,TRADE
VIC1,2025-06-11 18:20:00,7780.43,3770.0,TRADE
VIC1,2025-06-11 18:25:00,7771.71,3770.0,TRADE
VIC1,2025-06-11 18:30:00,7748.92,3983.22,TRADE
VIC1,2025-06-11 18:35:00,7756.73,1302.19,TRADE
VIC1,2025-06-11 18:40:00,7738.54,1808.08,TRADE
VIC1,2025-06-11 18:45:00,7729.23,1113.89,TRADE
VIC1,2025-06-11 18:50:00,7700.19,1465.94,TRADE
VIC1,2025-06-11 18:55:00,7701.19,4252.74,TRADE
VIC1,2025-06-11 19:00:00,7675.93,5377.13,TRADE
VIC1,2025-06-11 19:05:00,7674.51,4022.21,TRADE
VIC1,2025-06-11 19:10:00,7484.8,1074.81,TRADE
VIC1,2025-06-11 19:15:00,7481.61,1095.67,TRADE
VIC1,2025-06-11 19:20:00,7434.98,533.06,TRADE
VIC1,2025-06-11 19:25:00,7472.59,1071.69,TRADE
VIC1,2025-06-11 19:30:00,7448.82,951.52,TRADE
VIC1,2025-06-11 19:35:00,7458.9,515.81,TRADE
VIC1,2025-06-11 19:40:00,7503.62,520.99,TRADE
VIC1,2025-06-11 19:45:00,7483.05,521.49,TRADE
VIC1,2025-06-11 19:50:00,7482.03,499.92,TRADE
VIC1,2025-06-11 19:55:00,7499.89,490.66,TRADE
VIC1,2025-06-11 20:00:00,7477.81,421.5,TRADE
VIC1,2025-06-11 20:05:00,7522.63,499.92,TRADE
VIC1,2025-06-11 20:10:00,7463.18,499.92,TRADE
VIC1,2025-06-11 20:15:00,7462.65,499.92,TRADE
VIC1,2025-06-11 20:20:00,7462.41,1042.48,TRADE
VIC1,2025-06-11 20:25:00,7419.27,534.45,TRADE
VIC1,2025-06-11 20:30:00,7473.7,1163.03,TRADE
VIC1,2025-06-11 20:35:00,7353.25,543.01,TRADE
VIC1,2025-06-11 20:40:00,7325.18,1039.57,TRADE
VIC1,2025-06-11 20:45:00,7278.75,1154.93,TRADE
VIC1,2025-06-11 20:50:00,7248.27,541.55,TRADE
VIC1,2025-06-11 20:55:00,7250.19,546.07,TRADE
VIC1,2025-06-11 21:00:00,7271.5,545.9,TRADE
VIC1,2025-06-11 21:05:00,7155.65,538.33,TRADE
VIC1,2025-06-11 21:10:00,7168.86,353.07,TRADE
VIC1,2025-06-11 21:15:00,7162.24,328.1,TRADE
VIC1,2025-06-11 21:20:00,7013.54,317.25,TRADE
VIC1,2025-06-11 21:25:00,6981.64,315.31,TRADE
VIC1,2025-06-11 21:30:00,6925.71,314.9,TRADE
VIC1,2025-06-11 21:35:00,6871.28,320.0,TRADE
VIC1,2025-06-11 21:40:00,6893.87,321.82,TRADE
VIC1,2025-06-11 21:45:00,6844.5,316.76,TRADE
VIC1,2025-06-11 21:50:00,6733.77,285.59,TRADE
VIC1,2025-06-11 21:55:00,6727.63,287.84,TRADE
VIC1,2025-06-11 22:00:00,6644.6,227.97,TRADE
VIC1,2025-06-11 22:05:00,6516.84,289.78,TRADE
VIC1,2025-06-11 22:10:00,6420.99,298.1,TRADE
VIC1,2025-06-11 22:15:00,6485.58,299.5,TRADE
VIC1,2025-06-11 22:20:00,6348.68,297.97,TRADE
VIC1,2025-06-11 22:25:00,6242.17,251.06,TRADE
VIC1,2025-06-11 22:30:00,6299.51,258.29,TRADE
VIC1,2025-06-11 22:35:00,6206.89,261.61,TRADE
VIC1,2025-06-11 22:40:00,6190.64,258.28,TRADE
VIC1,2025-06-11 22:45:00,6136.8,250.68,TRADE
VIC1,2025-06-11 22:50:00,6100.49,227.97,TRADE
VIC1,2025-06-11 22:55:00,5978.56,227.97,TRADE
VIC1,2025-06-11 23:00:00,5906.77,201.55,TRADE
VIC1,2025-06-11 23:05:00,5945.96,213.99,TRADE
VIC1,2025-06-11 23:10:00,6082.46,299.5,TRADE
VIC1,2025-06-11 23:15:00,6045.59,283.81,TRADE
VIC1,2025-06-11 23:20:00,5981.48,235.35,TRADE
VIC1,2025-06-11 23:25:00,6053.86,209.3,TRADE
VIC1,2025-06-11 23:30:00,6025.95,212.97,TRADE
VIC1,2025-06-11 23:35:00,5999.39,206.13,TRADE
VIC1,2025-06-11 23:40:00,5902.93,217.5,TRADE
VIC1,2025-06-11 23:45:00,5947.31,245.45,TRADE
VIC1,2025-06-11 23:50:00,5873.62,217.41,TRADE
VIC1,2025-06-11 23:55:00,5850.6,195.65,TRADE
VIC1,2025-06-12 00:00:00,5730.11,183.97,TRADE
VIC1,2025-06-12 00:05:00,5733.53,182.52,TRADE
VIC1,2025-06-12 00:10:00,5730.93,183.92,TRADE
VIC1,2025-06-12 00:15:00,5705.3,186.96,TRADE
VIC1,2025-06-12 00:20:00,5661.62,185.41,TRADE
VIC1,2025-06-12 00:25:00,5662.33,229.24,TRADE
VIC1,2025-06-12 00:30:00,5619.26,185.25,TRADE
VIC1,2025-06-12 00:35:00,5594.1,227.97,TRADE
VIC1,2025-06-12 00:40:00,5502.69,186.87,TRADE
VIC1,2025-06-12 00:45:00,5468.62,185.33,TRADE
VIC1,2025-06-12 00:50:00,5451.08,183.94,TRADE
VIC1,2025-06-12 00:55:00,5473.67,185.46,TRADE
VIC1,2025-06-12 01:00:00,5464.73,183.78,TRADE
VIC1,2025-06-12 01:05:00,5398.3,166.18,TRADE
VIC1,2025-06-12 01:10:00,5403.7,183.69,TRADE
VIC1,2025-06-12 01:15:00,5347.13,227.97,TRADE
VIC1,2025-06-12 01:20:00,5343.66,184.71,TRADE
VIC1,2025-06-12 01:25:00,5215.81,156.24,TRADE
VIC1,2025-06-12 01:30:00,5220.81,174.42,TRADE
VIC1,2025-06-12 01:35:00,5271.63,227.97,TRADE
VIC1,2025-06-12 01:40:00,5269.12,229.24,TRADE
VIC1,2025-06-12 01:45:00,5153.14,227.97,TRADE
VIC1,2025-06-12 01:50:00,5208.32,184.87,TRADE
VIC1,2025-06-12 01:55:00,5158.45,183.85,TRADE
VIC1,2025-06-12 02:00:00,5138.43,156.12,TRADE
VIC1,2025-06-12 02:05:00,5061.07,227.97,TRADE
VIC1,2025-06-12 02:10:00,5027.8,201.45,TRADE
VIC1,2025-06-12 02:15:00,5035.31,229.24,TRADE
VIC1,2025-06-12 02:20:00,4989.84,156.24,TRADE
VIC1,2025-06-12 02:25:00,5044.65,227.97,TRADE
VIC1,2025-06-12 02:30:00,5026.88,151.48,TRADE
VIC1,2025-06-12 02:35:00,5004.46,183.85,TRADE
VIC1,2025-06-12 02:40:00,4985.46,209.43,TRADE
VIC1,2025-06-12 02:45:00,4973.29,228.99,TRADE
VIC1,2025-06-12 02:50:00,4979.28,183.85,TRADE
VIC1,2025-06-12 02:55:00,4892.46,148.17,TRADE
VIC1,2025-06-12 03:00:00,4893.28,159.17,TRADE
VIC1,2025-06-12 03:05:00,4944.21,179.66,TRADE
VIC1,2025-06-12 03:10:00,4922.42,176.57,TRADE
VIC1,2025-06-12 03:15:00,4887.11,148.22,TRADE
VIC1,2025-06-12 03:20:00,4949.82,158.93,TRADE
VIC1,2025-06-12 03:25:00,4931.45,157.53,TRADE
VIC1,2025-06-12 03:30:00,4914.42,156.24,TRADE
VIC1,2025-06-12 03:35:00,4941.33,156.24,TRADE
VIC1,2025-06-12 03:40:00,4861.25,172.41,TRADE
VIC1,2025-06-12 03:45:00,4865.38,156.24,TRADE
VIC1,2025-06-12 03:50:00,4915.78,176.58,TRADE
VIC1,2025-06-12 03:55:00,4918.01,156.12,TRADE
VIC1,2025-06-12 04:00:00,4917.08,169.91,TRADE
VIC1,2025-06-12 04:05:00,4904.0,143.77,TRADE
VIC1,2025-06-12 04:10:00,4964.42,212.89,TRADE
VIC1,2025-06-12 04:15:00,4948.92,169.8,TRADE
VIC1,2025-06-12 04:20:00,4904.81,165.81,TRADE
VIC1,2025-06-12 04:25:00,4956.79,188.82,TRADE
VIC1,2025-06-12 04:30:00,4973.32,149.98,TRADE
VIC1,2025-06-12 04:35:00,4905.75,151.9,TRADE
VIC1,2025-06-12 04:40:00,4961.34,167.72,TRADE
VIC1,2025-06-12 04:45:00,5019.91,198.33,TRADE
VIC1,2025-06-12 04:50:00,5007.43,157.38,TRADE
VIC1,2025-06-12 04:55:00,5009.69,167.21,TRADE
VIC1,2025-06-12 05:00:00,5104.57,216.35,TRADE
VIC1,2025-06-12 05:05:00,5036.13,161.12,TRADE
VIC1,2025-06-12 05:10:00,5139.06,225.95,TRADE
VIC1,2025-06-12 05:15:00,5150.94,213.65,TRADE
VIC1,2025-06-12 05:20:00,5179.03,222.83,TRADE
VIC1,2025-06-12 05:25:00,5327.51,269.43,TRADE
VIC1,2025-06-12 05:30:00,5397.19,258.37,TRADE
VIC1,2025-06-12 05:35:00,5343.74,198.34,TRADE
VIC1,2025-06-12 05:40:00,5424.79,241.96,TRADE
VIC1,2025-06-12 05:45:00,5461.79,241.96,TRADE
VIC1,2025-06-12 05:50:00,5525.98,247.98,TRADE
VIC1,2025-06-12 05:55:00,5605.37,260.72,TRADE
VIC1,2025-06-12 06:00:00,5678.71,260.44,TRADE
VIC1,2025-06-12 06:05:00,5824.67,247.13,TRADE
VIC1,2025-06-12 06:10:00,5981.98,263.03,TRADE
VIC1,2025-06-12 06:15:00,6041.04,261.34,TRADE
VIC1,2025-06-12 06:20:00,6222.86,263.27,TRADE
VIC1,2025-06-12 06:25:00,6311.9,266.96,TRADE
VIC1,2025-06-12 06:30:00,6440.25,270.18,TRADE
VIC1,2025-06-12 06:35:00,6441.35,265.99,TRADE
VIC1,2025-06-12 06:40:00,6641.31,277.05,TRADE
VIC1,2025-06-12 06:45:00,6672.65,295.12,TRADE
VIC1,2025-06-12 06:50:00,6836.73,303.65,TRADE
VIC1,2025-06-12 06:55:00,6883.63,324.23,TRADE
VIC1,2025-06-12 07:00:00,7053.79,360.07,TRADE
VIC1,2025-06-12 07:05:00,7123.35,320.05,TRADE
VIC1,2025-06-12 07:10:00,7157.31,316.05,TRADE
VIC1,2025-06-12 07:15:00,7362.84,408.44,TRADE
VIC1,2025-06-12 07:20:00,7508.64,319.11,TRADE
VIC1,2025-06-12 07:25:00,7611.54,471.51,TRADE
VIC1,2025-06-12 07:30:00,7713.8,449.96,TRADE
VIC1,2025-06-12 07:35:00,7689.95,406.48,TRADE
VIC1,2025-06-12 07:40:00,7732.67,406.48,TRADE
VIC1,2025-06-12 07:45:00,7800.19,406.48,TRADE
VIC1,2025-06-12 07:50:00,7907.07,334.37,TRADE
VIC1,2025-06-12 07:55:00,7593.58,325.71,TRADE
VIC1,2025-06-12 08:00:00,7618.32,295.12,TRADE
VIC1,2025-06-12 08:05:00,7624.1,275.35,TRADE
VIC1,2025-06-12 08:10:00,7623.43,269.43,TRADE
VIC1,2025-06-12 08:15:00,7639.14,270.82,TRADE
VIC1,2025-06-12 08:20:00,7637.03,253.29,TRADE
VIC1,2025-06-12 08:25:00,7636.1,240.0,TRADE
VIC1,2025-06-12 08:30:00,7590.33,205.13,TRADE
VIC1,2025-06-12 08:35:00,7522.23,269.43,TRADE
VIC1,2025-06-12 08:40:00,7484.88,257.08,TRADE
VIC1,2025-06-12 08:45:00,7360.58,168.36,TRADE
VIC1,2025-06-12 08:50:00,7532.74,249.67,TRADE
VIC1,2025-06-12 08:55:00,7504.25,205.8,TRADE
VIC1,2025-06-12 09:00:00,7449.77,205.8,TRADE
VIC1,2025-06-12 09:05:00,7455.55,258.56,TRADE
VIC1,2025-06-12 09:10:00,7409.89,205.8,TRADE
VIC1,2025-06-12 09:15:00,7387.54,237.06,TRADE
VIC1,2025-06-12 09:20:00,7262.54,193.18,TRADE
VIC1,2025-06-12 09:25:00,7250.95,209.22,TRADE
VIC1,2025-06-12 09:30:00,7161.81,205.13,TRADE
VIC1,2025-06-12 09:35:00,7103.8,269.43,TRADE
VIC1,2025-06-12 09:40:00,6994.38,179.04,TRADE
VIC1,2025-06-12 09:45:00,6841.28,185.92,TRADE
VIC1,2025-06-12 09:50:00,6786.56,192.32,TRADE
VIC1,2025-06-12 09:55:00,6678.48,196.69,TRADE
VIC1,2025-06-12 10:00:00,6600.74,175.41,TRADE
VIC1,2025-06-12 10:05:00,6563.61,229.24,TRADE
VIC1,2025-06-12 10:10:00,6445.4,229.42,TRADE
VIC1,2025-06-12 10:15:00,6316.19,233.86,TRADE
VIC1,2025-06-12 10:20:00,6287.08,242.07,TRADE
VIC1,2025-06-12 10:25:00,6262.59,437.01,TRADE
VIC1,2025-06-12 10:30:00,6161.17,293.78,TRADE
VIC1,2025-06-12 10:35:00,6071.56,293.78,TRADE
VIC1,2025-06-12 10:40:00,5997.02,288.73,TRADE
VIC1,2025-06-12 10:45:00,5979.07,293.78,TRADE
VIC1,2025-06-12 10:50:00,5972.74,293.78,TRADE
VIC1,2025-06-12 10:55:00,5881.75,265.9,TRADE
VIC1,2025-06-12 11:00:00,5831.22,229.66,TRADE
VIC1,2025-06-12 11:05:00,5790.6,276.14,TRADE
VIC1,2025-06-12 11:10:00,5778.47,293.78,TRADE
VIC1,2025-06-12 11:15:00,5636.28,244.69,TRADE
VIC1,2025-06-12 11:20:00,5579.53,244.06,TRADE
VIC1,2025-06-12 11:25:00,5542.32,265.85,TRADE
VIC1,2025-06-12 11:30:00,5542.71,266.96,TRADE
VIC1,2025-06-12 11:35:00,5495.96,266.96,TRADE
VIC1,2025-06-12 11:40:00,5474.58,264.84,TRADE
VIC1,2025-06-12 11:45:00,5440.53,266.96,TRADE
VIC1,2025-06-12 11:50:00,5411.96,261.48,TRADE
VIC1,2025-06-12 11:55:00,5356.94,227.97,TRADE
VIC1,2025-06-12 12:00:00,5252.78,243.67,TRADE
VIC1,2025-06-12 12:05:00,5200.97,188.51,TRADE
VIC1,2025-06-12 12:10:00,5195.07,237.48,TRADE
VIC1,2025-06-12 12:15:00,5204.36,237.32,TRADE
VIC1,2025-06-12 12:20:00,5189.38,196.69,TRADE
VIC1,2025-06-12 12:25:00,5117.63,186.24,TRADE
VIC1,2025-06-12 12:30:00,5181.48,188.78,TRADE
VIC1,2025-06-12 12:35:00,5199.64,192.92,TRADE
VIC1,2025-06-12 12:40:00,5152.11,172.55,TRADE
VIC1,2025-06-12 12:45:00,5200.82,170.49,TRADE
VIC1,2025-06-12 12:50:00,5101.76,171.32,TRADE
VIC1,2025-06-12 12:55:00,5124.69,171.32,TRADE
VIC1,2025-06-12 13:00:00,5108.88,168.21,TRADE
VIC1,2025-06-12 13:05:00,5184.17,170.27,TRADE
VIC1,2025-06-12 13:10:00,5210.54,173.03,TRADE
VIC1,2025-06-12 13:15:00,5152.67,171.69,TRADE
VIC1,2025-06-12 13:20:00,5241.37,172.26,TRADE
VIC1,2025-06-12 13:25:00,5221.51,160.0,TRADE
VIC1,2025-06-12 13:30:00,5246.29,160.0,TRADE
VIC1,2025-06-12 13:35:00,5328.8,171.38,TRADE
VIC1,2025-06-12 13:40:00,5241.11,150.42,TRADE
VIC1,2025-06-12 13:45:00,5251.17,122.02,TRADE
VIC1,2025-06-12 13:50:00,5284.33,113.86,TRADE
VIC1,2025-06-12 13:55:00,5283.86,144.84,TRADE
VIC1,2025-06-12 14:00:00,5289.89,148.22,TRADE
VIC1,2025-06-12 14:05:00,5429.44,160.0,TRADE
VIC1,2025-06-12 14:10:00,5456.64,170.06,TRADE
VIC1,2025-06-12 14:15:00,5461.19,160.0,TRADE
VIC1,2025-06-12 14:20:00,5532.01,169.25,TRADE
VIC1,2025-06-12 14:25:00,5603.97,169.66,TRADE
VIC1,2025-06-12 14:30:00,5655.79,171.41,TRADE
VIC1,2025-06-12 14:35:00,5694.87,227.97,TRADE
VIC1,2025-06-12 14:40:00,5670.35,167.37,TRADE
VIC1,2025-06-12 14:45:00,5714.29,176.59,TRADE
VIC1,2025-06-12 14:50:00,5835.72,176.54,TRADE
VIC1,2025-06-12 14:55:00,5855.43,237.8,TRADE
VIC1,2025-06-12 15:00:00,5803.31,266.96,TRADE
VIC1,2025-06-12 15:05:00,5880.92,235.63,TRADE
VIC1,2025-06-12 15:10:00,5933.81,160.55,TRADE
VIC1,2025-06-12 15:15:00,5949.2,231.2,TRADE
VIC1,2025-06-12 15:20:00,6008.84,286.43,TRADE
VIC1,2025-06-12 15:25:00,6011.45,284.41,TRADE
VIC1,2025-06-12 15:30:00,6043.2,285.09,TRADE
VIC1,2025-06-12 15:35:00,6091.04,283.25,TRADE
VIC1,2025-06-12 15:40:00,6112.24,283.46,TRADE
VIC1,2025-06-12 15:45:00,6268.07,279.33,TRADE
VIC1,2025-06-12 15:50:00,6293.75,299.5,TRADE
VIC1,2025-06-12 15:55:00,6387.22,330.97,TRADE
VIC1,2025-06-12 16:00:00,6435.98,327.37,TRADE
VIC1,2025-06-12 16:05:00,6539.93,306.15,TRADE
VIC1,2025-06-12 16:10:00,6511.93,306.39,TRADE
VIC1,2025-06-12 16:15:00,6609.7,311.62,TRADE
VIC1,2025-06-12 16:20:00,6607.15,315.36,TRADE
VIC1,2025-06-12 16:25:00,6694.89,339.11,TRADE
VIC1,2025-06-12 16:30:00,6777.58,499.92,TRADE
VIC1,2025-06-12 16:35:00,6900.32,516.07,TRADE
VIC1,2025-06-12 16:40:00,7015.2,520.64,TRADE
VIC1,2025-06-12 16:45:00,6995.58,769.14,TRADE
VIC1,2025-06-12 16:50:00,7058.13,1173.18,TRADE
VIC1,2025-06-12 16:55:00,7109.8,3762.43,TRADE
VIC1,2025-06-12 17:00:00,7201.43,1247.95,TRADE
VIC1,2025-06-12 17:05:00,7207.55,1140.2,TRADE
VIC1,2025-06-12 17:10:00,7265.6,3844.0,TRADE
VIC1,2025-06-12 17:15:00,7312.58,10864.72,TRADE
VIC1,2025-06-12 17:20:00,7411.82,10911.69,TRADE
VIC1,2025-06-12 17:25:00,7466.07,10999.89,TRADE
VIC1,2025-06-12 17:30:00,7583.97,11333.77,TRADE
VIC1,2025-06-12 17:35:00,7580.4,11030.52,TRADE
VIC1,2025-06-12 17:40:00,7670.35,11258.82,TRADE
VIC1,2025-06-12 17:45:00,7680.76,11169.78,TRADE
VIC1,2025-06-12 17:50:00,7748.0,11169.78,TRADE
VIC1,2025-06-12 17:55:00,7754.72,11242.78,TRADE
VIC1,2025-06-12 18:00:00,7785.75,11118.64,TRADE
VIC1,2025-06-12 18:05:00,7847.72,10825.97,TRADE
VIC1,2025-06-12 18:10:00,7810.17,10710.76,TRADE
VIC1,2025-06-12 18:15:00,7813.92,10971.94,TRADE
VIC1,2025-06-12 18:20:00,7818.5,11196.13,TRADE
VIC1,2025-06-12 18:25:00,7608.87,4897.43,TRADE
VIC1,2025-06-12 18:30:00,7665.47,10558.1,TRADE
VIC1,2025-06-12 18:35:00,7626.86,3765.23,TRADE
VIC1,2025-06-12 18:40:00,7635.68,9800.0,TRADE
VIC1,2025-06-12 18:45:00,7630.39,9800.0,TRADE
VIC1,2025-06-12 18:50:00,7600.75,10617.17,TRADE
VIC1,2025-06-12 18:55:00,7595.89,10915.55,TRADE
VIC1,2025-06-12 19:00:00,7610.15,11169.78,TRADE
VIC1,2025-06-12 19:05:00,7581.48,10743.99,TRADE
VIC1,2025-06-12 19:10:00,7568.09,11094.12,TRADE
VIC1,2025-06-12 19:15:00,7604.88,10958.03,TRADE
VIC1,2025-06-12 19:20:00,7708.35,11251.54,TRADE
VIC1,2025-06-12 19:25:00,7793.97,17499.91,TRADE
VIC1,2025-06-12 19:30:00,7753.6,17499.91,TRADE
VIC1,2025-06-12 19:35:00,7795.64,17499.91,TRADE
VIC1,2025-06-12 19:40:00,7775.49,11980.53,TRADE
VIC1,2025-06-12 19:45:00,7775.01,11365.97,TRADE
VIC1,2025-06-12 19:50:00,7778.73,12046.5,TRADE
VIC1,2025-06-12 19:55:00,7752.71,17500.0,TRADE
VIC1,2025-06-12 20:00:00,7733.9,17499.91,TRADE
VIC1,2025-06-12 20:05:00,7691.08,11130.42,TRADE
VIC1,2025-06-12 20:10:00,7666.83,1127.6,TRADE
VIC1,2025-06-12 20:15:00,7657.96,1049.39,TRADE
VIC1,2025-06-12 20:20:00,7606.18,11257.03,TRADE
VIC1,2025-06-12 20:25:00,7605.97,1034.86,TRADE
VIC1,2025-06-12 20:30:00,7577.71,983.96,TRADE
VIC1,2025-06-12 20:35:00,7555.33,10875.95,TRADE
VIC1,2025-06-12 20:40:00,7483.27,899.01,TRADE
VIC1,2025-06-12 20:45:00,7490.7,899.01,TRADE
VIC1,2025-06-12 20:50:00,7493.39,509.26,TRADE
VIC1,2025-06-12 20:55:00,7417.09,899.01,TRADE
VIC1,2025-06-12 21:00:00,7360.61,553.33,TRADE
VIC1,2025-06-12 21:05:00,7339.77,704.72,TRADE
VIC1,2025-06-12 21:10:00,7269.49,587.95,TRADE
VIC1,2025-06-12 21:15:00,7229.17,900.0,TRADE
VIC1,2025-06-12 21:20:00,7136.6,483.08,TRADE
VIC1,2025-06-12 21:25:00,7202.6,9944.0,TRADE
VIC1,2025-06-12 21:30:00,7075.25,338.05,TRADE
VIC1,2025-06-12 21:35:00,7181.05,403.31,TRADE
VIC1,2025-06-12 21:40:00,7099.61,336.48,TRADE
VIC1,2025-06-12 21:45:00,7051.53,304.24,TRADE
VIC1,2025-06-12 21:50:00,6988.52,304.36,TRADE
VIC1,2025-06-12 21:55:00,6960.42,298.82,TRADE
VIC1,2025-06-12 22:00:00,6869.21,303.26,TRADE
VIC1,2025-06-12 22:05:00,6668.51,305.74,TRADE
VIC1,2025-06-12 22:10:00,6706.62,309.98,TRADE
VIC1,2025-06-12 22:15:00,6727.89,309.63,TRADE
VIC1,2025-06-12 22:20:00,6593.13,304.99,TRADE
VIC1,2025-06-12 22:25:00,6587.32,302.02,TRADE
VIC1,2025-06-12 22:30:00,6608.01,299.26,TRADE
VIC1,2025-06-12 22:35:00,6515.9,306.25,TRADE
VIC1,2025-06-12 22:40:00,6383.8,296.69,TRADE
VIC1,2025-06-12 22:45:00,6371.3,299.0,TRADE
VIC1,2025-06-12 22:50:00,6284.55,296.61,TRADE
VIC1,2025-06-12 22:55:00,6280.27,296.25,TRADE
VIC1,2025-06-12 23:00:00,6263.69,291.66,TRADE
VIC1,2025-06-12 23:05:00,6244.1,290.82,TRADE
VIC1,2025-06-12 23:10:00,6288.26,302.25,TRADE
VIC1,2025-06-12 23:15:00,6338.87,297.2,TRADE
VIC1,2025-06-12 23:20:00,6303.63,289.27,TRADE
VIC1,2025-06-12 23:25:00,6273.12,273.82,TRADE
VIC1,2025-06-12 23:30:00,6188.38,267.28,TRADE
VIC1,2025-06-12 23:35:00,6214.28,279.28,TRADE
VIC1,2025-06-12 23:40:00,6242.03,282.11,TRADE
VIC1,2025-06-12 23:45:00,6122.12,269.85,TRADE
VIC1,2025-06-12 23:50:00,6060.95,242.69,TRADE
VIC1,2025-06-12 23:55:00,6083.6,229.41,TRADE
VIC1,2025-06-13 00:00:00,6041.09,210.17,TRADE
VIC1,2025-06-13 00:05:00,5909.64,231.52,TRADE
VIC1,2025-06-13 00:10:00,5954.78,241.96,TRADE
VIC1,2025-06-13 00:15:00,5845.63,231.66,TRADE
VIC1,2025-06-13 00:20:00,5896.25,229.76,TRADE
VIC1,2025-06-13 00:25:00,5861.28,247.69,TRADE
VIC1,2025-06-13 00:30:00,5813.25,227.97,TRADE
VIC1,2025-06-13 00:35:00,5789.86,288.54,TRADE
VIC1,2025-06-13 00:40:00,5787.94,278.7,TRADE
VIC1,2025-06-13 00:45:00,5756.31,253.57,TRADE
VIC1,2025-06-13 00:50:00,5750.55,229.42,TRADE
VIC1,2025-06-13 00:55:00,5728.65,246.4,TRADE
VIC1,2025-06-13 01:00:00,5632.2,242.77,TRADE
VIC1,2025-06-13 01:05:00,5614.14,275.07,TRADE
VIC1,2025-06-13 01:10:00,5570.55,255.36,TRADE
VIC1,2025-06-13 01:15:00,5611.65,229.42,TRADE
VIC1,2025-06-13 01:20:00,5587.66,228.93,TRADE
VIC1,2025-06-13 01:25:00,5528.73,227.97,TRADE
VIC1,2025-06-13 01:30:00,5491.25,227.97,TRADE
VIC1,2025-06-13 01:35:00,5469.66,229.42,TRADE
VIC1,2025-06-13 01:40:00,5463.15,247.21,TRADE
VIC1,2025-06-13 01:45:00,5423.34,240.22,TRADE
VIC1,2025-06-13 01:50:00,5335.45,229.42,TRADE
VIC1,2025-06-13 01:55:00,5373.38,229.42,TRADE
VIC1,2025-06-13 02:00:00,5324.25,234.46,TRADE
VIC1,2025-06-13 02:05:00,5325.13,229.42,TRADE
VIC1,2025-06-13 02:10:00,5284.56,227.97,TRADE
VIC1,2025-06-13 02:15:00,5291.1,237.52,TRADE
VIC1,2025-06-13 02:20:00,5264.96,244.77,TRADE
VIC1,2025-06-13 02:25:00,5258.03,274.67,TRADE
VIC1,2025-06-13 02:30:00,5163.64,215.19,TRADE
VIC1,2025-06-13 02:35:00,5163.44,233.42,TRADE
VIC1,2025-06-13 02:40:00,5129.26,240.41,TRADE
VIC1,2025-06-13 02:45:00,5152.56,236.97,TRADE
VIC1,2025-06-13 02:50:00,5156.62,245.89,TRADE
VIC1,2025-06-13 02:55:00,5081.21,229.24,TRADE
VIC1,2025-06-13 03:00:00,5128.22,229.42,TRADE
VIC1,2025-06-13 03:05:00,5135.65,229.42,TRADE
VIC1,2025-06-13 03:10:00,5143.79,231.41,TRADE
VIC1,2025-06-13 03:15:00,5160.63,234.68,TRADE
VIC1,2025-06-13 03:20:00,5051.4,229.42,TRADE
VIC1,2025-06-13 03:25:00,5074.88,231.08,TRADE
VIC1,2025-06-13 03:30:00,5120.89,232.54,TRADE
VIC1,2025-06-13 03:35:00,5124.64,210.7,TRADE
VIC1,2025-06-13 03:40:00,5121.08,229.21,TRADE
VIC1,2025-06-13 03:45:00,5094.94,231.0,TRADE
VIC1,2025-06-13 03:50:00,5117.12,227.97,TRADE
VIC1,2025-06-13 03:55:00,5111.05,227.34,TRADE
VIC1,2025-06-13 04:00:00,5053.46,227.97,TRADE
VIC1,2025-06-13 04:05:00,5093.07,227.97,TRADE
VIC1,2025-06-13 04:10:00,5137.44,243.87,TRADE
VIC1,2025-06-13 04:15:00,5137.63,230.42,TRADE
VIC1,2025-06-13 04:20:00,5080.05,222.09,TRADE
VIC1,2025-06-13 04:25:00,5092.23,226.77,TRADE
VIC1,2025-06-13 04:30:00,5178.6,227.97,TRADE
VIC1,2025-06-13 04:35:00,5203.53,227.15,TRADE
VIC1,2025-06-13 04:40:00,5231.96,213.26,TRADE
VIC1,2025-06-13 04:45:00,5257.98,226.97,TRADE
VIC1,2025-06-13 04:50:00,5173.01,227.97,TRADE
VIC1,2025-06-13 04:55:00,5222.94,248.3,TRADE
VIC1,2025-06-13 05:00:00,5271.52,266.59,TRADE
VIC1,2025-06-13 05:05:00,5348.62,233.69,TRADE
VIC1,2025-06-13 05:10:00,5370.85,215.92,TRADE
VIC1,2025-06-13 05:15:00,5505.4,279.22,TRADE
VIC1,2025-06-13 05:20:00,5546.77,227.97,TRADE
VIC1,2025-06-13 05:25:00,5609.38,266.96,TRADE
VIC1,2025-06-13 05:30:00,5543.55,266.06,TRADE
VIC1,2025-06-13 05:35:00,5603.85,241.96,TRADE
VIC1,2025-06-13 05:40:00,5695.95,279.14,TRADE
VIC1,2025-06-13 05:45:00,5760.47,264.28,TRADE
VIC1,2025-06-13 05:50:00,5890.6,281.23,TRADE
VIC1,2025-06-13 05:55:00,5977.72,279.28,TRADE
VIC1,2025-06-13 06:00:00,6011.76,284.95,TRADE
VIC1,2025-06-13 06:05:00,6161.65,277.11,TRADE
VIC1,2025-06-13 06:10:00,6286.73,299.5,TRADE
VIC1,2025-06-13 06:15:00,6406.88,298.77,TRADE
VIC1,2025-06-13 06:20:00,6440.92,299.5,TRADE
VIC1,2025-06-13 06:25:00,6539.72,284.52,TRADE
VIC1,2025-06-13 06:30:00,6639.15,295.12,TRADE
VIC1,2025-06-13 06:35:00,6816.22,282.79,TRADE
VIC1,2025-06-13 06:40:00,6942.97,283.64,TRADE
VIC1,2025-06-13 06:45:00,7044.45,311.86,TRADE
VIC1,2025-06-13 06:50:00,7131.4,314.8,TRADE
VIC1,2025-06-13 06:55:00,7273.66,360.07,TRADE
VIC1,2025-06-13 07:00:00,7345.55,398.76,TRADE
VIC1,2025-06-13 07:05:00,7409.86,377.32,TRADE
VIC1,2025-06-13 07:10:00,7091.35,295.12,TRADE
VIC1,2025-06-13 07:15:00,7327.23,295.12,TRADE
VIC1,2025-06-13 07:20:00,7469.32,288.81,TRADE
VIC1,2025-06-13 07:25:00,7567.74,295.12,TRADE
VIC1,2025-06-13 07:30:00,7683.19,299.02,TRADE
VIC1,2025-06-13 07:35:00,7755.87,295.12,TRADE
VIC1,2025-06-13 07:40:00,7883.9,297.38,TRADE
VIC1,2025-06-13 07:45:00,7980.69,364.09,TRADE
VIC1,2025-06-13 07:50:00,8020.7,983.96,TRADE
VIC1,2025-06-13 07:55:00,8047.98,899.27,TRADE
VIC1,2025-06-13 08:00:00,8034.12,348.71,TRADE
VIC1,2025-06-13 08:05:00,8128.72,343.19,TRADE
VIC1,2025-06-13 08:10:00,8408.56,974.89,TRADE
VIC1,2025-06-13 08:15:00,8308.58,1005.58,TRADE
VIC1,2025-06-13 08:20:00,8292.83,1005.45,TRADE
VIC1,2025-06-13 08:25:00,8252.95,983.96,TRADE
VIC1,2025-06-13 08:30:00,8207.38,983.96,TRADE
VIC1,2025-06-13 08:35:00,8127.7,406.48,TRADE
VIC1,2025-06-13 08:40:00,8142.91,657.44,TRADE
VIC1,2025-06-13 08:45:00,8028.64,406.48,TRADE
VIC1,2025-06-13 08:50:00,7996.17,360.07,TRADE
VIC1,2025-06-13 08:55:00,7884.66,292.73,TRADE
VIC1,2025-06-13 09:00:00,7877.33,384.29,TRADE
VIC1,2025-06-13 09:05:00,7794.62,360.07,TRADE
VIC1,2025-06-13 09:10:00,7679.32,298.04,TRADE
VIC1,2025-06-13 09:15:00,7558.05,198.84,TRADE
VIC1,2025-06-13 09:20:00,7591.84,197.34,TRADE
VIC1,2025-06-13 09:25:00,7506.6,196.4,TRADE
VIC1,2025-06-13 09:30:00,7386.05,170.11,TRADE
VIC1,2025-06-13 09:35:00,7369.87,160.0,TRADE
VIC1,2025-06-13 09:40:00,7248.03,190.7,TRADE
VIC1,2025-06-13 09:45:00,7167.25,183.47,TRADE
VIC1,2025-06-13 09:50:00,6993.62,166.69,TRADE
VIC1,2025-06-13 09:55:00,6920.08,164.38,TRADE
VIC1,2025-06-13 10:00:00,6802.68,160.0,TRADE
VIC1,2025-06-13 10:05:00,6751.34,181.29,TRADE
VIC1,2025-06-13 10:10:00,6703.7,181.29,TRADE
VIC1,2025-06-13 10:15:00,6548.38,185.86,TRADE
VIC1,2025-06-13 10:20:00,6457.97,179.87,TRADE
VIC1,2025-06-13 10:25:00,6366.33,180.94,TRADE
VIC1,2025-06-13 10:30:00,6291.51,170.56,TRADE
VIC1,2025-06-13 10:35:00,6185.19,181.29,TRADE
VIC1,2025-06-13 10:40:00,6104.76,170.56,TRADE
VIC1,2025-06-13 10:45:00,6044.5,173.29,TRADE
VIC1,2025-06-13 10:50:00,5989.19,170.56,TRADE
VIC1,2025-06-13 10:55:00,5868.33,168.55,TRADE
VIC1,2025-06-13 11:00:00,5871.18,169.28,TRADE
VIC1,2025-06-13 11:05:00,5792.85,170.56,TRADE
VIC1,2025-06-13 11:10:00,5767.41,170.01,TRADE
VIC1,2025-06-13 11:15:00,5687.82,170.33,TRADE
VIC1,2025-06-13 11:20:00,5543.1,160.0,TRADE
VIC1,2025-06-13 11:25:00,5562.84,160.0,TRADE
VIC1,2025-06-13 11:30:00,5481.33,137.96,TRADE
VIC1,2025-06-13 11:35:00,5391.55,160.0,TRADE
VIC1,2025-06-13 11:40:00,5366.04,167.79,TRADE
VIC1,2025-06-13 11:45:00,5363.08,170.56,TRADE
VIC1,2025-06-13 11:50:00,5315.36,170.56,TRADE
VIC1,2025-06-13 11:55:00,5262.63,170.56,TRADE
VIC1,2025-06-13 12:00:00,5107.65,152.76,TRADE
VIC1,2025-06-13 12:05:00,5151.93,152.41,TRADE
VIC1,2025-06-13 12:10:00,5091.04,152.8,TRADE
VIC1,2025-06-13 12:15:00,5082.03,160.0,TRADE
VIC1,2025-06-13 12:20:00,5040.6,160.0,TRADE
VIC1,2025-06-13 12:25:00,5045.12,154.37,TRADE
VIC1,2025-06-13 12:30:00,5037.79,151.6,TRADE
VIC1,2025-06-13 12:35:00,5008.77,152.71,TRADE
VIC1,2025-06-13 12:40:00,4938.23,147.77,TRADE
VIC1,2025-06-13 12:45:00,4875.25,148.34,TRADE
VIC1,2025-06-13 12:50:00,4909.1,137.96,TRADE
VIC1,2025-06-13 12:55:00,4916.75,147.4,TRADE
VIC1,2025-06-13 13:00:00,4927.34,142.32,TRADE
VIC1,2025-06-13 13:05:00,4920.79,122.02,TRADE
VIC1,2025-06-13 13:10:00,4965.55,140.0,TRADE
VIC1,2025-06-13 13:15:00,4932.48,107.38,TRADE
VIC1,2025-06-13 13:20:00,4868.33,100.41,TRADE
VIC1,2025-06-13 13:25:00,4956.79,107.94,TRADE
VIC1,2025-06-13 13:30:00,4858.23,96.0,TRADE
VIC1,2025-06-13 13:35:00,4899.15,101.64,TRADE
VIC1,2025-06-13 13:40:00,4935.25,96.0,TRADE
VIC1,2025-06-13 13:45:00,4929.7,102.94,TRADE
VIC1,2025-06-13 13:50:00,4939.21,96.03,TRADE
VIC1,2025-06-13 13:55:00,4968.46,100.17,TRADE
VIC1,2025-06-13 14:00:00,4955.65,92.68,TRADE
VIC1,2025-06-13 14:05:00,4998.17,107.63,TRADE
VIC1,2025-06-13 14:10:00,4937.21,94.86,TRADE
VIC1,2025-06-13 14:15:00,4985.98,90.0,TRADE
VIC1,2025-06-13 14:20:00,5073.84,96.99,TRADE
VIC1,2025-06-13 14:25:00,5072.86,92.91,TRADE
VIC1,2025-06-13 14:30:00,5041.68,96.0,TRADE
VIC1,2025-06-13 14:35:00,5118.35,91.84,TRADE
VIC1,2025-06-13 14:40:00,5133.21,91.08,TRADE
VIC1,2025-06-13 14:45:00,5201.37,91.08,TRADE
VIC1,2025-06-13 14:50:00,5235.24,91.62,TRADE
VIC1,2025-06-13 14:55:00,5194.04,96.0,TRADE
VIC1,2025-06-13 15:00:00,5267.2,88.85,TRADE
VIC1,2025-06-13 15:05:00,5383.31,88.85,TRADE
VIC1,2025-06-13 15:10:00,5414.79,88.85,TRADE
VIC1,2025-06-13 15:15:00,5402.99,88.85,TRADE
VIC1,2025-06-13 15:20:00,5491.36,93.03,TRADE
VIC1,2025-06-13 15:25:00,5573.72,112.57,TRADE
VIC1,2025-06-13 15:30:00,5635.43,122.02,TRADE
VIC1,2025-06-13 15:35:00,5715.63,140.05,TRADE
VIC1,2025-06-13 15:40:00,5710.54,126.95,TRADE
VIC1,2025-06-13 15:45:00,5829.84,140.19,TRADE
VIC1,2025-06-13 15:50:00,5925.31,155.87,TRADE
VIC1,2025-06-13 15:55:00,5976.41,164.2,TRADE
VIC1,2025-06-13 16:00:00,6061.62,182.65,TRADE
VIC1,2025-06-13 16:05:00,6124.7,282.01,TRADE
VIC1,2025-06-13 16:10:00,6219.81,241.96,TRADE
VIC1,2025-06-13 16:15:00,6282.87,241.96,TRADE
VIC1,2025-06-13 16:20:00,6398.64,241.96,TRADE
VIC1,2025-06-13 16:25:00,6482.17,269.43,TRADE
VIC1,2025-06-13 16:30:00,6603.73,295.12,TRADE
VIC1,2025-06-13 16:35:00,6669.02,295.12,TRADE
VIC1,2025-06-13 16:40:00,6760.46,303.3,TRADE
VIC1,2025-06-13 16:45:00,6918.36,316.15,TRADE
VIC1,2025-06-13 16:50:00,6995.03,322.23,TRADE
VIC1,2025-06-13 16:55:00,7051.11,317.97,TRADE
VIC1,2025-06-13 17:00:00,7138.15,319.39,TRADE
VIC1,2025-06-13 17:05:00,7226.07,317.15,TRADE
VIC1,2025-06-13 17:10:00,7328.62,315.69,TRADE
VIC1,2025-06-13 17:15:00,7429.5,306.9,TRADE
VIC1,2025-06-13 17:20:00,7530.36,313.64,TRADE
VIC1,2025-06-13 17:25:00,7561.17,338.3,TRADE
VIC1,2025-06-13 17:30:00,7672.88,360.07,TRADE
VIC1,2025-06-13 17:35:00,7765.49,318.66,TRADE
VIC1,2025-06-13 17:40:00,7848.58,314.06,TRADE
VIC1,2025-06-13 17:45:00,7913.4,360.07,TRADE
VIC1,2025-06-13 17:50:00,7932.34,332.53,TRADE
VIC1,2025-06-13 17:55:00,7932.33,325.65,TRADE
VIC1,2025-06-13 18:00:00,7879.98,321.54,TRADE
VIC1,2025-06-13 18:05:00,8026.84,334.44,TRADE
VIC1,2025-06-13 18:10:00,7929.33,334.85,TRADE
VIC1,2025-06-13 18:15:00,7856.22,337.65,TRADE
VIC1,2025-06-13 18:20:00,7952.21,343.43,TRADE
VIC1,2025-06-13 18:25:00,7962.37,343.49,TRADE
VIC1,2025-06-13 18:30:00,7898.69,362.54,TRADE
VIC1,2025-06-13 18:35:00,7869.3,330.51,TRADE
VIC1,2025-06-13 18:40:00,7960.24,311.93,TRADE
VIC1,2025-06-13 18:45:00,7877.3,363.14,TRADE
VIC1,2025-06-13 18:50:00,7804.14,341.02,TRADE
VIC1,2025-06-13 18:55:00,7858.44,352.89,TRADE
VIC1,2025-06-13 19:00:00,7863.95,363.14,TRADE
VIC1,2025-06-13 19:05:00,7895.84,499.92,TRADE
VIC1,2025-06-13 19:10:00,7888.18,348.21,TRADE
VIC1,2025-06-13 19:15:00,7863.82,331.43,TRADE
VIC1,2025-06-13 19:20:00,7816.26,346.54,TRADE
VIC1,2025-06-13 19:25:00,7808.45,351.43,TRADE
VIC1,2025-06-13 19:30:00,7698.94,464.09,TRADE
VIC1,2025-06-13 19:35:00,7670.29,396.12,TRADE
VIC1,2025-06-13 19:40:00,7730.78,360.74,TRADE
VIC1,2025-06-13 19:45:00,7726.14,388.03,TRADE
VIC1,2025-06-13 19:50:00,7628.05,499.92,TRADE
VIC1,2025-06-13 19:55:00,7664.14,355.6,TRADE
VIC1,2025-06-13 20:00:00,7640.53,350.13,TRADE
VIC1,2025-06-13 20:05:00,7598.76,334.91,TRADE
VIC1,2025-06-13 20:10:00,7586.14,325.11,TRADE
VIC1,2025-06-13 20:15:00,7575.16,315.7,TRADE
VIC1,2025-06-13 20:20:00,7460.28,299.5,TRADE
VIC1,2025-06-13 20:25:00,7515.08,304.96,TRADE
VIC1,2025-06-13 20:30:00,7499.48,318.55,TRADE
VIC1,2025-06-13 20:35:00,7486.2,299.5,TRADE
VIC1,2025-06-13 20:40:00,7473.37,299.5,TRADE
VIC1,2025-06-13 20:45:00,7425.6,299.5,TRADE
VIC1,2025-06-13 20:50:00,7427.91,298.46,TRADE
VIC1,2025-06-13 20:55:00,7330.36,227.97,TRADE
VIC1,2025-06-13 21:00:00,7338.06,209.92,TRADE
VIC1,2025-06-13 21:05:00,7297.73,299.5,TRADE
VIC1,2025-06-13 21:10:00,7168.07,275.34,TRADE
VIC1,2025-06-13 21:15:00,7219.12,273.91,TRADE
VIC1,2025-06-13 21:20:00,7160.87,257.64,TRADE
VIC1,2025-06-13 21:25:00,7083.12,210.6,TRADE
VIC1,2025-06-13 21:30:00,7104.72,210.93,TRADE
VIC1,2025-06-13 21:35:00,7103.19,201.54,TRADE
VIC1,2025-06-13 21:40:00,7047.47,266.96,TRADE
VIC1,2025-06-13 21:45:00,7001.6,299.5,TRADE
VIC1,2025-06-13 21:50:00,6895.94,299.5,TRADE
VIC1,2025-06-13 21:55:00,6840.26,200.72,TRADE
VIC1,2025-06-13 22:00:00,6884.39,201.47,TRADE
VIC1,2025-06-13 22:05:00,6803.22,192.53,TRADE
VIC1,2025-06-13 22:10:00,6715.96,230.96,TRADE
VIC1,2025-06-13 22:15:00,6686.17,249.88,TRADE
VIC1,2025-06-13 22:20:00,6627.24,180.0,TRADE
VIC1,2025-06-13 22:25:00,6494.28,180.0,TRADE
VIC1,2025-06-13 22:30:00,6480.55,175.82,TRADE
VIC1,2025-06-13 22:35:00,6510.73,196.1,TRADE
VIC1,2025-06-13 22:40:00,6383.94,172.72,TRADE
VIC1,2025-06-13 22:45:00,6400.38,227.97,TRADE
VIC1,2025-06-13 22:50:00,6381.26,190.58,TRADE
VIC1,2025-06-13 22:55:00,6288.32,192.14,TRADE
VIC1,2025-06-13 23:00:00,6240.86,180.09,TRADE
VIC1,2025-06-13 23:05:00,6231.48,196.65,TRADE
VIC1,2025-06-13 23:10:00,6293.23,195.94,TRADE
VIC1,2025-06-13 23:15:00,6257.82,160.38,TRADE
VIC1,2025-06-13 23:20:00,6309.84,158.68,TRADE
VIC1,2025-06-13 23:25:00,6247.58,156.96,TRADE
VIC1,2025-06-13 23:30:00,6195.48,153.3,TRADE
VIC1,2025-06-13 23:35:00,6182.73,154.56,TRADE
VIC1,2025-06-13 23:40:00,6128.42,154.84,TRADE
VIC1,2025-06-13 23:45:00,6125.35,167.85,TRADE
VIC1,2025-06-13 23:50:00,6013.31,158.86,TRADE
VIC1,2025-06-13 23:55:00,5976.4,152.2,TRADE
VIC1,2025-06-16 00:00:00,5058.58,19.19,TRADE
VIC1,2025-06-16 00:05:00,5152.77,34.24,TRADE
VIC1,2025-06-16 00:10:00,5155.91,78.5,TRADE
VIC1,2025-06-16 00:15:00,5116.31,22.01,TRADE
VIC1,2025-06-16 00:20:00,5061.0,19.19,TRADE
VIC1,2025-06-16 00:25:00,5034.75,19.19,TRADE
VIC1,2025-06-16 00:30:00,4993.48,19.19,TRADE
VIC1,2025-06-16 00:35:00,4973.84,19.18,TRADE
VIC1,2025-06-16 00:40:00,4870.87,17.99,TRADE
VIC1,2025-06-16 00:45:00,4843.77,19.19,TRADE
VIC1,2025-06-16 00:50:00,4873.41,19.19,TRADE
VIC1,2025-06-16 00:55:00,4848.58,9.29,TRADE
VIC1,2025-06-16 01:00:00,4755.39,0.93,TRADE
VIC1,2025-06-16 01:05:00,4784.0,8.95,TRADE
VIC1,2025-06-16 01:10:00,4770.19,8.85,TRADE
VIC1,2025-06-16 01:15:00,4729.26,8.95,TRADE
VIC1,2025-06-16 01:20:00,4681.39,8.95,TRADE
VIC1,2025-06-16 01:25:00,4570.79,8.95,TRADE
VIC1,2025-06-16 01:30:00,4548.55,3.33,TRADE
VIC1,2025-06-16 01:35:00,4610.08,8.95,TRADE
VIC1,2025-06-16 01:40:00,4586.81,8.95,TRADE
VIC1,2025-06-16 01:45:00,4488.08,2.69,TRADE
VIC1,2025-06-16 01:50:00,4535.21,8.95,TRADE
VIC1,2025-06-16 01:55:00,4507.55,8.95,TRADE
VIC1,2025-06-16 02:00:00,4466.75,3.43,TRADE
VIC1,2025-06-16 02:05:00,4359.41,2.56,TRADE
VIC1,2025-06-16 02:10:00,4371.77,8.95,TRADE
VIC1,2025-06-16 02:15:00,4331.78,8.95,TRADE
VIC1,2025-06-16 02:20:00,4338.61,8.95,TRADE
VIC1,2025-06-16 02:25:00,4311.91,3.0,TRADE
VIC1,2025-06-16 02:30:00,4376.59,8.6,TRADE
VIC1,2025-06-16 02:35:00,4347.07,8.95,TRADE
VIC1,2025-06-16 02:40:00,4331.38,8.59,TRADE
VIC1,2025-06-16 02:45:00,4318.14,7.65,TRADE
VIC1,2025-06-16 02:50:00,4301.96,2.7,TRADE
VIC1,2025-06-16 02:55:00,4315.77,3.27,TRADE
VIC1,2025-06-16 03:00:00,4233.09,3.29,TRADE
VIC1,2025-06-16 03:05:00,4217.44,2.6,TRADE
VIC1,2025-06-16 03:10:00,4266.25,8.95,TRADE
VIC1,2025-06-16 03:15:00,4289.59,6.58,TRADE
VIC1,2025-06-16 03:20:00,4253.02,0.01,TRADE
VIC1,2025-06-16 03:25:00,4288.05,0.01,TRADE
VIC1,2025-06-16 03:30:00,4300.89,0.01,TRADE
VIC1,2025-06-16 03:35:00,4290.97,0.01,TRADE
VIC1,2025-06-16 03:40:00,4318.81,6.48,TRADE
VIC1,2025-06-16 03:45:00,4327.42,0.92,TRADE
VIC1,2025-06-16 03:50:00,4285.62,2.39,TRADE
VIC1,2025-06-16 03:55:00,4263.21,0.01,TRADE
VIC1,2025-06-16 04:00:00,4315.5,0.96,TRADE
VIC1,2025-06-16 04:05:00,4284.13,1.89,TRADE
VIC1,2025-06-16 04:10:00,4285.63,-13.52,TRADE
VIC1,2025-06-16 04:15:00,4347.69,0.01,TRADE
VIC1,2025-06-16 04:20:00,4357.59,8.91,TRADE
VIC1,2025-06-16 04:25:00,4367.62,8.95,TRADE
VIC1,2025-06-16 04:30:00,4391.76,0.01,TRADE
VIC1,2025-06-16 04:35:00,4330.3,0.01,TRADE
VIC1,2025-06-16 04:40:00,4352.35,0.01,TRADE
VIC1,2025-06-16 04:45:00,4444.65,8.35,TRADE
VIC1,2025-06-16 04:50:00,4477.69,8.95,TRADE
VIC1,2025-06-16 04:55:00,4455.0,0.01,TRADE
VIC1,2025-06-16 05:00:00,4538.83,8.95,TRADE
VIC1,2025-06-16 05:05:00,4577.26,0.01,TRADE
VIC1,2025-06-16 05:10:00,4664.89,7.95,TRADE
VIC1,2025-06-16 05:15:00,4716.71,8.08,TRADE
VIC1,2025-06-16 05:20:00,4681.68,0.01,TRADE
VIC1,2025-06-16 05:25:00,4713.56,0.01,TRADE
VIC1,2025-06-16 05:30:00,4778.12,8.95,TRADE
VIC1,2025-06-16 05:35:00,4791.0,8.42,TRADE
VIC1,2025-06-16 05:40:00,4948.95,19.35,TRADE
VIC1,2025-06-16 05:45:00,4897.66,8.95,TRADE
VIC1,2025-06-16 05:50:00,4985.22,12.42,TRADE
VIC1,2025-06-16 05:55:00,5040.61,8.95,TRADE
VIC1,2025-06-16 06:00:00,5115.57,20.34,TRADE
VIC1,2025-06-16 06:05:00,5209.64,20.01,TRADE
VIC1,2025-06-16 06:10:00,5417.39,20.04,TRADE
VIC1,2025-06-16 06:15:00,5573.9,23.62,TRADE
VIC1,2025-06-16 06:20:00,5618.88,41.98,TRADE
VIC1,2025-06-16 06:25:00,5683.15,8.95,TRADE
VIC1,2025-06-16 06:30:00,5719.45,20.01,TRADE
VIC1,2025-06-16 06:35:00,5915.11,20.01,TRADE
VIC1,2025-06-16 06:40:00,6042.14,20.04,TRADE
VIC1,2025-06-16 06:45:00,6154.27,36.77,TRADE
VIC1,2025-06-16 06:50:00,6218.23,36.77,TRADE
VIC1,2025-06-16 06:55:00,6356.21,92.64,TRADE
VIC1,2025-06-16 07:00:00,6452.55,132.72,TRADE
VIC1,2025-06-16 07:05:00,6506.41,67.74,TRADE
VIC1,2025-06-16 07:10:00,6514.14,45.75,TRADE
VIC1,2025-06-16 07:15:00,6738.67,143.66,TRADE
VIC1,2025-06-16 07:20:00,6773.17,165.1,TRADE
VIC1,2025-06-16 07:25:00,6830.7,253.07,TRADE
VIC1,2025-06-16 07:30:00,6915.36,170.42,TRADE
VIC1,2025-06-16 07:35:00,6991.04,172.82,TRADE
VIC1,2025-06-16 07:40:00,7095.22,160.29,TRADE
VIC1,2025-06-16 07:45:00,7161.68,176.95,TRADE
VIC1,2025-06-16 07:50:00,7103.1,170.9,TRADE
VIC1,2025-06-16 07:55:00,7180.7,160.74,TRADE
VIC1,2025-06-16 08:00:00,7262.69,141.99,TRADE
VIC1,2025-06-16 08:05:00,7322.53,142.21,TRADE
VIC1,2025-06-16 08:10:00,7396.52,166.97,TRADE
VIC1,2025-06-16 08:15:00,7325.18,140.02,TRADE
VIC1,2025-06-16 08:20:00,7332.89,156.12,TRADE
VIC1,2025-06-16 08:25:00,7374.3,146.01,TRADE
VIC1,2025-06-16 08:30:00,7341.84,147.54,TRADE
VIC1,2025-06-16 08:35:00,7232.31,144.98,TRADE
VIC1,2025-06-16 08:40:00,7228.19,148.84,TRADE
VIC1,2025-06-16 08:45:00,7173.46,141.45,TRADE
VIC1,2025-06-16 08:50:00,7211.6,138.24,TRADE
VIC1,2025-06-16 08:55:00,7186.88,141.57,TRADE
VIC1,2025-06-16 09:00:00,7240.85,122.57,TRADE
VIC1,2025-06-16 09:05:00,7178.42,116.52,TRADE
VIC1,2025-06-16 09:10:00,7242.1,145.9,TRADE
VIC1,2025-06-16 09:15:00,7240.92,173.1,TRADE
VIC1,2025-06-16 09:20:00,7183.89,129.04,TRADE
VIC1,2025-06-16 09:25:00,7051.86,74.77,TRADE
VIC1,2025-06-16 09:30:00,7057.88,73.42,TRADE
VIC1,2025-06-16 09:35:00,7023.8,152.22,TRADE
VIC1,2025-06-16 09:40:00,6983.65,53.84,TRADE
VIC1,2025-06-16 09:45:00,6922.05,64.83,TRADE
VIC1,2025-06-16 09:50:00,6943.94,53.84,TRADE
VIC1,2025-06-16 09:55:00,6895.41,14.95,TRADE
VIC1,2025-06-16 10:00:00,6831.74,14.95,TRADE
VIC1,2025-06-16 10:05:00,6649.5,28.02,TRADE
VIC1,2025-06-16 10:10:00,6697.19,0.01,TRADE
VIC1,2025-06-16 10:15:00,6532.8,8.95,TRADE
VIC1,2025-06-16 10:20:00,6473.45,0.01,TRADE
VIC1,2025-06-16 10:25:00,6432.33,0.0,TRADE
VIC1,2025-06-16 10:30:00,6343.23,-20.0,TRADE
VIC1,2025-06-16 10:35:00,6373.68,46.24,TRADE
VIC1,2025-06-16 10:40:00,6341.49,62.67,TRADE
VIC1,2025-06-16 10:45:00,6203.87,44.53,TRADE
VIC1,2025-06-16 10:50:00,6184.35,19.19,TRADE
VIC1,2025-06-16 10:55:00,6194.46,42.24,TRADE
VIC1,2025-06-16 11:00:00,6174.87,52.44,TRADE
VIC1,2025-06-16 11:05:00,5986.51,20.04,TRADE
VIC1,2025-06-16 11:10:00,5981.4,20.04,TRADE
VIC1,2025-06-16 11:15:00,5976.78,-20.0,TRADE
VIC1,2025-06-16 11:20:00,5870.9,-20.0,TRADE
VIC1,2025-06-16 11:25:00,5825.97,-17.0,TRADE
VIC1,2025-06-16 11:30:00,5732.16,-19.97,TRADE
VIC1,2025-06-16 11:35:00,5694.19,-20.0,TRADE
VIC1,2025-06-16 11:40:00,5657.36,-20.0,TRADE
VIC1,2025-06-16 11:45:00,5542.21,-20.0,TRADE
VIC1,2025-06-16 11:50:00,5528.65,-20.0,TRADE
VIC1,2025-06-16 11:55:00,5461.72,-18.15,TRADE
VIC1,2025-06-16 12:00:00,5455.68,-20.0,TRADE
VIC1,2025-06-16 12:05:00,5411.48,-19.99,TRADE
VIC1,2025-06-16 12:10:00,5378.68,-20.0,TRADE
VIC1,2025-06-16 12:15:00,5366.13,19.97,TRADE
VIC1,2025-06-16 12:20:00,5245.85,-19.99,TRADE
VIC1,2025-06-16 12:25:00,5229.59,-20.0,TRADE
VIC1,2025-06-16 12:30:00,5209.19,-13.66,TRADE
VIC1,2025-06-16 12:35:00,5176.79,-19.5,TRADE
VIC1,2025-06-16 12:40:00,5157.88,-20.0,TRADE
VIC1,2025-06-16 12:45:00,5051.56,-19.99,TRADE
VIC1,2025-06-16 12:50:00,5009.98,-19.99,TRADE
VIC1,2025-06-16 12:55:00,5038.12,-19.99,TRADE
VIC1,2025-06-16 13:00:00,5032.07,-20.0,TRADE
VIC1,2025-06-16 13:05:00,5043.23,-20.0,TRADE
VIC1,2025-06-16 13:10:00,5055.4,-20.0,TRADE
VIC1,2025-06-16 13:15:00,5145.08,-13.66,TRADE
VIC1,2025-06-16 13:20:00,5125.46,-19.5,TRADE
VIC1,2025-06-16 13:25:00,5076.28,-20.0,TRADE
VIC1,2025-06-16 13:30:00,5034.19,-20.0,TRADE
VIC1,2025-06-16 13:35:00,5150.77,-13.52,TRADE
VIC1,2025-06-16 13:40:00,5222.49,-13.52,TRADE
VIC1,2025-06-16 13:45:00,5206.73,-17.0,TRADE
VIC1,2025-06-16 13:50:00,5212.06,-13.66,TRADE
VIC1,2025-06-16 13:55:00,5288.18,8.95,TRADE
VIC1,2025-06-16 14:00:00,5283.22,-13.52,TRADE
VIC1,2025-06-16 14:05:00,5391.85,-13.66,TRADE
VIC1,2025-06-16 14:10:00,5448.12,33.25,TRADE
VIC1,2025-06-16 14:15:00,5411.02,34.2,TRADE
VIC1,2025-06-16 14:20:00,5441.26,8.95,TRADE
VIC1,2025-06-16 14:25:00,5484.77,23.62,TRADE
VIC1,2025-06-16 14:30:00,5558.92,20.01,TRADE
VIC1,2025-06-16 14:35:00,5649.21,-20.0,TRADE
VIC1,2025-06-16 14:40:00,5721.47,-0.32,TRADE
VIC1,2025-06-16 14:45:00,5823.12,62.05,TRADE
VIC1,2025-06-16 14:50:00,5905.64,52.52,TRADE
VIC1,2025-06-16 14:55:00,5990.25,9.96,TRADE
VIC1,2025-06-16 15:00:00,6075.2,-17.91,TRADE
VIC1,2025-06-16 15:05:00,6123.22,24.95,TRADE
VIC1,2025-06-16 15:10:00,6186.08,83.5,TRADE
VIC1,2025-06-16 15:15:00,6222.84,81.9,TRADE
VIC1,2025-06-16 15:20:00,6356.69,68.34,TRADE
VIC1,2025-06-16 15:25:00,6087.58,55.37,TRADE
VIC1,2025-06-16 15:30:00,6304.91,82.12,TRADE
VIC1,2025-06-16 15:35:00,6399.7,79.82,TRADE
VIC1,2025-06-16 15:40:00,6506.94,87.4,TRADE
VIC1,2025-06-16 15:45:00,6794.15,138.44,TRADE
VIC1,2025-06-16 15:50:00,6861.24,113.88,TRADE
VIC1,2025-06-16 15:55:00,6945.17,157.02,TRADE
VIC1,2025-06-16 16:00:00,6899.98,130.01,TRADE
VIC1,2025-06-16 16:05:00,6958.25,119.22,TRADE
VIC1,2025-06-16 16:10:00,6996.56,118.01,TRADE
VIC1,2025-06-16 16:15:00,7082.12,156.68,TRADE
VIC1,2025-06-16 16:20:00,7153.88,179.92,TRADE
VIC1,2025-06-16 16:25:00,7139.68,180.0,TRADE
VIC1,2025-06-16 16:30:00,7223.34,179.87,TRADE
VIC1,2025-06-16 16:35:00,7322.99,216.16,TRADE
VIC1,2025-06-16 16:40:00,7388.97,163.62,TRADE
VIC1,2025-06-16 16:45:00,7424.2,170.07,TRADE
VIC1,2025-06-16 16:50:00,7444.93,205.65,TRADE
VIC1,2025-06-16 16:55:00,7423.52,173.9,TRADE
VIC1,2025-06-16 17:00:00,7547.76,196.92,TRADE
VIC1,2025-06-16 17:05:00,7590.75,209.89,TRADE
VIC1,2025-06-16 17:10:00,7565.49,149.16,TRADE
VIC1,2025-06-16 17:15:00,7744.58,156.57,TRADE
VIC1,2025-06-16 17:20:00,7842.25,197.06,TRADE
VIC1,2025-06-16 17:25:00,7890.25,194.81,TRADE
VIC1,2025-06-16 17:30:00,7981.21,198.67,TRADE
VIC1,2025-06-16 17:35:00,7925.7,192.13,TRADE
VIC1,2025-06-16 17:40:00,8010.98,250.62,TRADE
VIC1,2025-06-16 17:45:00,7997.39,244.4,TRADE
VIC1,2025-06-16 17:50:00,8060.93,232.38,TRADE
VIC1,2025-06-16 17:55:00,8032.96,168.43,TRADE
VIC1,2025-06-16 18:00:00,8052.76,173.31,TRADE
VIC1,2025-06-16 18:05:00,8023.76,163.2,TRADE
VIC1,2025-06-16 18:10:00,7983.56,149.0,TRADE
VIC1,2025-06-16 18:15:00,7937.91,147.95,TRADE
VIC1,2025-06-16 18:20:00,7885.21,147.71,TRADE
VIC1,2025-06-16 18:25:00,7926.25,161.13,TRADE
VIC1,2025-06-16 18:30:00,8005.75,149.02,TRADE
VIC1,2025-06-16 18:35:00,7977.02,170.47,TRADE
VIC1,2025-06-16 18:40:00,7948.09,161.54,TRADE
VIC1,2025-06-16 18:45:00,7917.42,164.45,TRADE
VIC1,2025-06-16 18:50:00,7882.38,164.46,TRADE
VIC1,2025-06-16 18:55:00,7830.65,162.37,TRADE
VIC1,2025-06-16 19:00:00,7757.75,162.79,TRADE
VIC1,2025-06-16 19:05:00,7692.0,151.11,TRADE
VIC1,2025-06-16 19:10:00,7746.92,159.88,TRADE
VIC1,2025-06-16 19:15:00,7706.22,153.68,TRADE
VIC1,2025-06-16 19:20:00,7597.93,156.94,TRADE
VIC1,2025-06-16 19:25:00,7645.0,176.77,TRADE
VIC1,2025-06-16 19:30:00,7563.7,156.69,TRADE
VIC1,2025-06-16 19:35:00,7592.25,167.03,TRADE
VIC1,2025-06-16 19:40:00,7577.04,162.02,TRADE
VIC1,2025-06-16 19:45:00,7410.36,158.22,TRADE
VIC1,2025-06-16 19:50:00,7468.76,159.32,TRADE
VIC1,2025-06-16 19:55:00,7457.37,160.69,TRADE
VIC1,2025-06-16 20:00:00,7321.51,154.7,TRADE
VIC1,2025-06-16 20:05:00,7365.74,154.83,TRADE
VIC1,2025-06-16 20:10:00,7316.71,160.3,TRADE
VIC1,2025-06-16 20:15:00,7339.04,157.81,TRADE
VIC1,2025-06-16 20:20:00,7260.45,174.16,TRADE
VIC1,2025-06-16 20:25:00,7137.63,149.67,TRADE
VIC1,2025-06-16 20:30:00,7220.2,137.38,TRADE
VIC1,2025-06-16 20:35:00,7162.21,157.37,TRADE
VIC1,2025-06-16 20:40:00,7076.25,156.42,TRADE
VIC1,2025-06-16 20:45:00,7090.53,150.27,TRADE
VIC1,2025-06-16 20:50:00,7052.12,133.31,TRADE
VIC1,2025-06-16 20:55:00,6997.11,130.94,TRADE
VIC1,2025-06-16 21:00:00,6960.34,121.19,TRADE
VIC1,2025-06-16 21:05:00,6812.38,126.55,TRADE
VIC1,2025-06-16 21:10:00,6809.47,129.59,TRADE
VIC1,2025-06-16 21:15:00,6709.84,117.66,TRADE
VIC1,2025-06-16 21:20:00,6764.14,110.22,TRADE
VIC1,2025-06-16 21:25:00,6721.51,120.18,TRADE
VIC1,2025-06-16 21:30:00,6592.64,90.98,TRADE
VIC1,2025-06-16 21:35:00,6603.15,126.05,TRADE
VIC1,2025-06-16 21:40:00,6501.62,126.82,TRADE
VIC1,2025-06-16 21:45:00,6453.27,130.76,TRADE
VIC1,2025-06-16 21:50:00,6315.23,119.91,TRADE
VIC1,2025-06-16 21:55:00,6225.39,86.27,TRADE
VIC1,2025-06-16 22:00:00,6205.94,106.22,TRADE
VIC1,2025-06-16 22:05:00,6072.69,86.16,TRADE
VIC1,2025-06-16 22:10:00,6061.51,132.72,TRADE
VIC1,2025-06-16 22:15:00,6085.83,138.74,TRADE
VIC1,2025-06-16 22:20:00,6031.18,115.1,TRADE
VIC1,2025-06-16 22:25:00,5943.38,84.36,TRADE
VIC1,2025-06-16 22:30:00,5925.03,121.53,TRADE
VIC1,2025-06-16 22:35:00,5898.82,111.59,TRADE
VIC1,2025-06-16 22:40:00,5803.72,100.37,TRADE
VIC1,2025-06-16 22:45:00,5750.74,101.13,TRADE
VIC1,2025-06-16 22:50:00,5640.19,80.62,TRADE
VIC1,2025-06-16 22:55:00,5577.59,22.01,TRADE
VIC1,2025-06-16 23:00:00,5639.56,39.99,TRADE
VIC1,2025-06-16 23:05:00,5592.71,22.01,TRADE
VIC1,2025-06-16 23:10:00,5708.45,80.31,TRADE
VIC1,2025-06-16 23:15:00,5738.27,80.3,TRADE
VIC1,2025-06-16 23:20:00,5707.56,74.32,TRADE
VIC1,2025-06-16 23:25:00,5711.58,36.56,TRADE
VIC1,2025-06-16 23:30:00,5567.95,20.01,TRADE
VIC1,2025-06-16 23:35:00,5589.0,19.19,TRADE
VIC1,2025-06-16 23:40:00,5585.91,32.61,TRADE
VIC1,2025-06-16 23:45:00,5491.33,20.49,TRADE
VIC1,2025-06-16 23:50:00,5445.67,7.92,TRADE
VIC1,2025-06-16 23:55:00,5440.03,19.19,TRADE
VIC1,2025-06-17 00:00:00,5408.69,20.01,TRADE
VIC1,2025-06-17 00:05:00,5379.9,19.19,TRADE
VIC1,2025-06-17 00:10:00,5247.43,19.19,TRADE
VIC1,2025-06-17 00:15:00,5243.9,8.95,TRADE
VIC1,2025-06-17 00:20:00,5270.01,8.95,TRADE
VIC1,2025-06-17 00:25:00,5232.38,17.47,TRADE
VIC1,2025-06-17 00:30:00,5202.85,19.19,TRADE
VIC1,2025-06-17 00:35:00,5213.81,19.19,TRADE
VIC1,2025-06-17 00:40:00,5186.62,19.19,TRADE
VIC1,2025-06-17 00:45:00,5159.09,8.95,TRADE
VIC1,2025-06-17 00:50:00,5019.2,8.66,TRADE
VIC1,2025-06-17 00:55:00,5023.58,8.95,TRADE
VIC1,2025-06-17 01:00:00,5050.55,8.95,TRADE
VIC1,2025-06-17 01:05:00,5007.94,19.84,TRADE
VIC1,2025-06-17 01:10:00,5033.43,13.19,TRADE
VIC1,2025-06-17 01:15:00,4955.19,8.95,TRADE
VIC1,2025-06-17 01:20:00,4954.51,8.95,TRADE
VIC1,2025-06-17 01:25:00,4918.0,8.95,TRADE
VIC1,2025-06-17 01:30:00,4905.58,8.95,TRADE
VIC1,2025-06-17 01:35:00,4888.02,19.19,TRADE
VIC1,2025-06-17 01:40:00,4800.55,8.95,TRADE
VIC1,2025-06-17 01:45:00,4784.39,19.19,TRADE
VIC1,2025-06-17 01:50:00,4806.25,8.85,TRADE
VIC1,2025-06-17 01:55:00,4781.73,20.01,TRADE
VIC1,2025-06-17 02:00:00,4719.13,19.19,TRADE
VIC1,2025-06-17 02:05:00,4723.35,-5.99,TRADE
VIC1,2025-06-17 02:10:00,4713.78,19.19,TRADE
VIC1,2025-06-17 02:15:00,4607.93,19.19,TRADE
VIC1,2025-06-17 02:20:00,4621.54,6.53,TRADE
VIC1,2025-06-17 02:25:00,4593.58,8.95,TRADE
VIC1,2025-06-17 02:30:00,4521.82,8.95,TRADE
VIC1,2025-06-17 02:35:00,4565.07,20.34,TRADE
VIC1,2025-06-17 02:40:00,4499.91,19.19,TRADE
VIC1,2025-06-17 02:45:00,4559.46,22.01,TRADE
VIC1,2025-06-17 02:50:00,4609.07,19.19,TRADE
VIC1,2025-06-17 02:55:00,4539.38,19.19,TRADE
VIC1,2025-06-17 03:00:00,4581.25,19.19,TRADE
VIC1,2025-06-17 03:05:00,4587.77,19.19,TRADE
VIC1,2025-06-17 03:10:00,4567.01,19.19,TRADE
VIC1,2025-06-17 03:15:00,4578.26,20.24,TRADE
VIC1,2025-06-17 03:20:00,4509.66,20.01,TRADE
VIC1,2025-06-17 03:25:00,4503.0,19.19,TRADE
VIC1,2025-06-17 03:30:00,4552.74,19.19,TRADE
VIC1,2025-06-17 03:35:00,4550.16,17.19,TRADE
VIC1,2025-06-17 03:40:00,4495.29,0.01,TRADE
VIC1,2025-06-17 03:45:00,4499.32,19.19,TRADE
VIC1,2025-06-17 03:50:00,4520.1,19.19,TRADE
VIC1,2025-06-17 03:55:00,4541.67,19.19,TRADE
VIC1,2025-06-17 04:00:00,4559.3,19.19,TRADE
VIC1,2025-06-17 04:05:00,4504.42,19.19,TRADE
VIC1,2025-06-17 04:10:00,4575.72,19.19,TRADE
VIC1,2025-06-17 04:15:00,4615.58,19.19,TRADE
VIC1,2025-06-17 04:20:00,4563.56,19.19,TRADE
VIC1,2025-06-17 04:25:00,4598.11,19.19,TRADE
VIC1,2025-06-17 04:30:00,4596.05,50.78,TRADE
VIC1,2025-06-17 04:35:00,4621.95,20.34,TRADE
VIC1,2025-06-17 04:40:00,4594.38,19.19,TRADE
VIC1,2025-06-17 04:45:00,4617.92,20.27,TRADE
VIC1,2025-06-17 04:50:00,4687.77,27.7,TRADE
VIC1,2025-06-17 04:55:00,4724.4,35.95,TRADE
VIC1,2025-06-17 05:00:00,4712.68,20.01,TRADE
VIC1,2025-06-17 05:05:00,4833.49,22.01,TRADE
VIC1,2025-06-17 05:10:00,4922.1,64.84,TRADE
VIC1,2025-06-17 05:15:00,4848.28,35.65,TRADE
VIC1,2025-06-17 05:20:00,4886.41,35.95,TRADE
VIC1,2025-06-17 05:25:00,4905.98,20.01,TRADE
VIC1,2025-06-17 05:30:00,4882.91,20.01,TRADE
VIC1,2025-06-17 05:35:00,4940.64,18.19,TRADE
VIC1,2025-06-17 05:40:00,5108.51,20.15,TRADE
VIC1,2025-06-17 05:45:00,5187.34,20.15,TRADE
VIC1,2025-06-17 05:50:00,5168.45,19.19,TRADE
VIC1,2025-06-17 05:55:00,5293.96,20.34,TRADE
VIC1,2025-06-17 06:00:00,5412.38,35.95,TRADE
VIC1,2025-06-17 06:05:00,5427.4,19.19,TRADE
VIC1,2025-06-17 06:10:00,5597.74,20.01,TRADE
VIC1,2025-06-17 06:15:00,5729.46,94.1,TRADE
VIC1,2025-06-17 06:20:00,5782.48,96.57,TRADE
VIC1,2025-06-17 06:25:00,5897.98,99.03,TRADE
VIC1,2025-06-17 06:30:00,5947.91,109.36,TRADE
VIC1,2025-06-17 06:35:00,6068.58,102.85,TRADE
VIC1,2025-06-17 06:40:00,6185.52,118.05,TRADE
VIC1,2025-06-17 06:45:00,6309.83,101.97,TRADE
VIC1,2025-06-17 06:50:00,6329.46,115.09,TRADE
VIC1,2025-06-17 06:55:00,6467.2,129.78,TRADE
VIC1,2025-06-17 07:00:00,6562.84,137.96,TRADE
VIC1,2025-06-17 07:05:00,6701.68,135.51,TRADE
VIC1,2025-06-17 07:10:00,6684.9,123.14,TRADE
VIC1,2025-06-17 07:15:00,6797.06,122.72,TRADE
VIC1,2025-06-17 07:20:00,6954.89,46.33,TRADE
VIC1,2025-06-17 07:25:00,6970.6,46.33,TRADE
VIC1,2025-06-17 07:30:00,7038.29,20.11,TRADE
VIC1,2025-06-17 07:35:00,7103.29,14.71,TRADE
VIC1,2025-06-17 07:40:00,7135.79,29.42,TRADE
VIC1,2025-06-17 07:45:00,7231.88,41.25,TRADE
VIC1,2025-06-17 07:50:00,7261.37,58.12,TRADE
VIC1,2025-06-17 07:55:00,7222.84,20.01,TRADE
VIC1,2025-06-17 08:00:00,7267.7,120.01,TRADE
VIC1,2025-06-17 08:05:00,7338.25,158.93,TRADE
VIC1,2025-06-17 08:10:00,7392.95,153.03,TRADE
VIC1,2025-06-17 08:15:00,7380.39,151.88,TRADE
VIC1,2025-06-17 08:20:00,7379.75,141.99,TRADE
VIC1,2025-06-17 08:25:00,7349.0,130.95,TRADE
VIC1,2025-06-17 08:30:00,7246.6,120.01,TRADE
VIC1,2025-06-17 08:35:00,7300.26,124.5,TRADE
VIC1,2025-06-17 08:40:00,7175.05,120.01,TRADE
VIC1,2025-06-17 08:45:00,7172.91,120.01,TRADE
VIC1,2025-06-17 08:50:00,7149.78,121.87,TRADE
VIC1,2025-06-17 08:55:00,7140.78,124.76,TRADE
VIC1,2025-06-17 09:00:00,7195.3,114.65,TRADE
VIC1,2025-06-17 09:05:00,7076.72,126.08,TRADE
VIC1,2025-06-17 09:10:00,7148.51,136.19,TRADE
VIC1,2025-06-17 09:15:00,7135.95,141.99,TRADE
VIC1,2025-06-17 09:20:00,7073.27,137.96,TRADE
VIC1,2025-06-17 09:25:00,7010.85,107.63,TRADE
VIC1,2025-06-17 09:30:00,6892.78,68.57,TRADE
VIC1,2025-06-17 09:35:00,6831.94,93.01,TRADE
VIC1,2025-06-17 09:40:00,6797.25,84.5,TRADE
VIC1,2025-06-17 09:45:00,6668.61,77.41,TRADE
VIC1,2025-06-17 09:50:00,6513.72,49.96,TRADE
VIC1,2025-06-17 09:55:00,6415.36,70.73,TRADE
VIC1,2025-06-17 10:00:00,6339.96,78.86,TRADE
VIC1,2025-06-17 10:05:00,6133.68,46.33,TRADE
VIC1,2025-06-17 10:10:00,6057.11,73.37,TRADE
VIC1,2025-06-17 10:15:00,5961.97,72.88,TRADE
VIC1,2025-06-17 10:20:00,5935.51,74.53,TRADE
VIC1,2025-06-17 10:25:00,5741.56,20.11,TRADE
VIC1,2025-06-17 10:30:00,5698.06,53.67,TRADE
VIC1,2025-06-17 10:35:00,5677.71,46.33,TRADE
VIC1,2025-06-17 10:40:00,5594.86,55.31,TRADE
VIC1,2025-06-17 10:45:00,5523.67,20.32,TRADE
VIC1,2025-06-17 10:50:00,5479.2,20.11,TRADE
VIC1,2025-06-17 10:55:00,5518.32,46.33,TRADE
VIC1,2025-06-17 11:00:00,5407.65,9.6,TRADE
VIC1,2025-06-17 11:05:00,5363.25,8.96,TRADE
VIC1,2025-06-17 11:10:00,5434.25,43.27,TRADE
VIC1,2025-06-17 11:15:00,5348.58,8.96,TRADE
VIC1,2025-06-17 11:20:00,5378.8,-13.52,TRADE
VIC1,2025-06-17 11:25:00,5443.9,-7.32,TRADE
VIC1,2025-06-17 11:30:00,5371.24,4.2,TRADE
VIC1,2025-06-17 11:35:00,5472.66,56.74,TRADE
VIC1,2025-06-17 11:40:00,5495.53,75.85,TRADE
VIC1,2025-06-17 11:45:00,5424.48,44.8,TRADE
VIC1,2025-06-17 11:50:00,5425.05,46.24,TRADE
VIC1,2025-06-17 11:55:00,5390.68,33.98,TRADE
VIC1,2025-06-17 12:00:00,5296.04,8.95,TRADE
VIC1,2025-06-17 12:05:00,5331.8,26.48,TRADE
VIC1,2025-06-17 12:10:00,5391.7,0.0,TRADE
VIC1,2025-06-17 12:15:00,5410.41,55.36,TRADE
VIC1,2025-06-17 12:20:00,5420.64,-9.48,TRADE
VIC1,2025-06-17 12:25:00,5420.28,56.02,TRADE
VIC1,2025-06-17 12:30:00,5434.7,-0.46,TRADE
VIC1,2025-06-17 12:35:00,5513.99,72.33,TRADE
VIC1,2025-06-17 12:40:00,5447.65,82.91,TRADE
VIC1,2025-06-17 12:45:00,5568.69,71.05,TRADE
VIC1,2025-06-17 12:50:00,5583.61,92.68,TRADE
VIC1,2025-06-17 12:55:00,5515.52,71.21,TRADE
VIC1,2025-06-17 13:00:00,5385.64,71.48,TRADE
VIC1,2025-06-17 13:05:00,5340.34,8.96,TRADE
VIC1,2025-06-17 13:10:00,5338.48,32.14,TRADE
VIC1,2025-06-17 13:15:00,5324.64,8.95,TRADE
VIC1,2025-06-17 13:20:00,5235.68,45.45,TRADE
VIC1,2025-06-17 13:25:00,5254.65,32.61,TRADE
VIC1,2025-06-17 13:30:00,5342.53,51.85,TRADE
VIC1,2025-06-17 13:35:00,5343.01,8.95,TRADE
VIC1,2025-06-17 13:40:00,5342.03,21.77,TRADE
VIC1,2025-06-17 13:45:00,5465.69,77.66,TRADE
VIC1,2025-06-17 13:50:00,5535.24,87.61,TRADE
VIC1,2025-06-17 13:55:00,5582.82,98.51,TRADE
VIC1,2025-06-17 14:00:00,5518.56,105.84,TRADE
VIC1,2025-06-17 14:05:00,5442.51,102.08,TRADE
VIC1,2025-06-17 14:10:00,5476.78,85.78,TRADE
VIC1,2025-06-17 14:15:00,5601.86,75.85,TRADE
VIC1,2025-06-17 14:20:00,5581.26,80.86,TRADE
VIC1,2025-06-17 14:25:00,5610.64,87.14,TRADE
VIC1,2025-06-17 14:30:00,5559.46,95.8,TRADE
VIC1,2025-06-17 14:35:00,5684.21,98.28,TRADE
VIC1,2025-06-17 14:40:00,5631.59,99.12,TRADE
VIC1,2025-06-17 14:45:00,5637.16,98.24,TRADE
VIC1,2025-06-17 14:50:00,5602.99,102.6,TRADE
VIC1,2025-06-17 14:55:00,5614.33,120.01,TRADE
VIC1,2025-06-17 15:00:00,5734.97,75.72,TRADE
VIC1,2025-06-17 15:05:00,5780.82,125.22,TRADE
VIC1,2025-06-17 15:10:00,5803.88,118.47,TRADE
VIC1,2025-06-17 15:15:00,5854.54,137.13,TRADE
VIC1,2025-06-17 15:20:00,5886.62,120.01,TRADE
VIC1,2025-06-17 15:25:00,5954.22,98.66,TRADE
VIC1,2025-06-17 15:30:00,5985.18,148.96,TRADE
VIC1,2025-06-17 15:35:00,5964.85,139.27,TRADE
VIC1,2025-06-17 15:40:00,6139.43,136.1,TRADE
VIC1,2025-06-17 15:45:00,6237.44,152.07,TRADE
VIC1,2025-06-17 15:50:00,6270.16,200.02,TRADE
VIC1,2025-06-17 15:55:00,6412.88,164.03,TRADE
VIC1,2025-06-17 16:00:00,6518.43,165.62,TRADE
VIC1,2025-06-17 16:05:00,6648.29,163.5,TRADE
VIC1,2025-06-17 16:10:00,6786.34,162.61,TRADE
VIC1,2025-06-17 16:15:00,6702.81,146.44,TRADE
VIC1,2025-06-17 16:20:00,6765.06,140.23,TRADE
VIC1,2025-06-17 16:25:00,6927.49,200.02,TRADE
VIC1,2025-06-17 16:30:00,6984.05,247.71,TRADE
VIC1,2025-06-17 16:35:00,7015.73,270.07,TRADE
VIC1,2025-06-17 16:40:00,7124.67,254.13,TRADE
VIC1,2025-06-17 16:45:00,7157.69,264.81,TRADE
VIC1,2025-06-17 16:50:00,7311.03,292.36,TRADE
VIC1,2025-06-17 16:55:00,7354.62,216.08,TRADE
VIC1,2025-06-17 17:00:00,7360.46,283.57,TRADE
VIC1,2025-06-17 17:05:00,7512.22,282.82,TRADE
VIC1,2025-06-17 17:10:00,7565.44,217.33,TRADE
VIC1,2025-06-17 17:15:00,7626.93,263.4,TRADE
VIC1,2025-06-17 17:20:00,7670.3,175.38,TRADE
VIC1,2025-06-17 17:25:00,7756.79,227.96,TRADE
VIC1,2025-06-17 17:30:00,7888.6,227.97,TRADE
VIC1,2025-06-17 17:35:00,7912.63,227.97,TRADE
VIC1,2025-06-17 17:40:00,7931.44,263.33,TRADE
VIC1,2025-06-17 17:45:00,7974.13,274.91,TRADE
VIC1,2025-06-17 17:50:00,8010.06,279.23,TRADE
VIC1,2025-06-17 17:55:00,8075.07,310.84,TRADE
VIC1,2025-06-17 18:00:00,8072.27,299.69,TRADE
VIC1,2025-06-17 18:05:00,8109.8,302.27,TRADE
VIC1,2025-06-17 18:10:00,8065.75,283.57,TRADE
VIC1,2025-06-17 18:15:00,8056.6,283.57,TRADE
VIC1,2025-06-17 18:20:00,8076.49,285.96,TRADE
VIC1,2025-06-17 18:25:00,7997.41,285.96,TRADE
VIC1,2025-06-17 18:30:00,8029.16,286.68,TRADE
VIC1,2025-06-17 18:35:00,8037.4,283.57,TRADE
VIC1,2025-06-17 18:40:00,8014.23,292.13,TRADE
VIC1,2025-06-17 18:45:00,7938.75,282.82,TRADE
VIC1,2025-06-17 18:50:00,8020.64,283.57,TRADE
VIC1,2025-06-17 18:55:00,8012.0,285.76,TRADE
VIC1,2025-06-17 19:00:00,8013.61,299.29,TRADE
VIC1,2025-06-17 19:05:00,7958.72,283.57,TRADE
VIC1,2025-06-17 19:10:00,7848.37,283.57,TRADE
VIC1,2025-06-17 19:15:00,7905.3,285.96,TRADE
VIC1,2025-06-17 19:20:00,7892.86,311.61,TRADE
VIC1,2025-06-17 19:25:00,7816.5,313.63,TRADE
VIC1,2025-06-17 19:30:00,7856.95,318.42,TRADE
VIC1,2025-06-17 19:35:00,7871.9,311.16,TRADE
VIC1,2025-06-17 19:40:00,7844.63,299.5,TRADE
VIC1,2025-06-17 19:45:00,7832.63,299.5,TRADE
VIC1,2025-06-17 19:50:00,7724.44,299.5,TRADE
VIC1,2025-06-17 19:55:00,7713.23,299.5,TRADE
VIC1,2025-06-17 20:00:00,7667.4,299.5,TRADE
VIC1,2025-06-17 20:05:00,7603.19,299.5,TRADE
VIC1,2025-06-17 20:10:00,7563.1,285.96,TRADE
VIC1,2025-06-17 20:15:00,7524.34,271.47,TRADE
VIC1,2025-06-17 20:20:00,7485.31,273.54,TRADE
VIC1,2025-06-17 20:25:00,7463.98,293.36,TRADE
VIC1,2025-06-17 20:30:00,7493.09,299.5,TRADE
VIC1,2025-06-17 20:35:00,7397.81,285.96,TRADE
VIC1,2025-06-17 20:40:00,7442.48,299.5,TRADE
VIC1,2025-06-17 20:45:00,7417.18,299.5,TRADE
VIC1,2025-06-17 20:50:00,7419.49,299.5,TRADE
VIC1,2025-06-17 20:55:00,7346.35,285.96,TRADE
VIC1,2025-06-17 21:00:00,7304.62,269.39,TRADE
VIC1,2025-06-17 21:05:00,7134.97,240.53,TRADE
VIC1,2025-06-17 21:10:00,7113.55,257.24,TRADE
VIC1,2025-06-17 21:15:00,7145.48,262.63,TRADE
VIC1,2025-06-17 21:20:00,7031.91,245.72,TRADE
VIC1,2025-06-17 21:25:00,7037.83,247.71,TRADE
VIC1,2025-06-17 21:30:00,6963.95,247.66,TRADE
VIC1,2025-06-17 21:35:00,6957.46,259.75,TRADE
VIC1,2025-06-17 21:40:00,6871.75,260.49,TRADE
VIC1,2025-06-17 21:45:00,6823.17,249.89,TRADE
VIC1,2025-06-17 21:50:00,6680.36,211.59,TRADE
VIC1,2025-06-17 21:55:00,6611.64,187.86,TRADE
VIC1,2025-06-17 22:00:00,6543.6,180.94,TRADE
VIC1,2025-06-17 22:05:00,6502.07,200.02,TRADE
VIC1,2025-06-17 22:10:00,6380.35,235.35,TRADE
VIC1,2025-06-17 22:15:00,6438.04,214.42,TRADE
VIC1,2025-06-17 22:20:00,6308.71,200.02,TRADE
VIC1,2025-06-17 22:25:00,6304.25,240.96,TRADE
VIC1,2025-06-17 22:30:00,6237.39,200.02,TRADE
VIC1,2025-06-17 22:35:00,6158.57,177.04,TRADE
VIC1,2025-06-17 22:40:00,6044.17,177.75,TRADE
VIC1,2025-06-17 22:45:00,6067.49,181.29,TRADE
VIC1,2025-06-17 22:50:00,6045.75,179.6,TRADE
VIC1,2025-06-17 22:55:00,5988.15,160.21,TRADE
VIC1,2025-06-17 23:00:00,5930.18,171.92,TRADE
VIC1,2025-06-17 23:05:00,5970.11,169.58,TRADE
VIC1,2025-06-17 23:10:00,6051.87,181.29,TRADE
VIC1,2025-06-17 23:15:00,6074.34,181.29,TRADE
VIC1,2025-06-17 23:20:00,5988.48,161.49,TRADE
VIC1,2025-06-17 23:25:00,5940.11,166.62,TRADE
VIC1,2025-06-17 23:30:00,5959.26,160.21,TRADE
VIC1,2025-06-17 23:35:00,5931.69,138.08,TRADE
VIC1,2025-06-17 23:40:00,5927.45,140.53,TRADE
VIC1,2025-06-17 23:45:00,5874.33,128.14,TRADE
VIC1,2025-06-17 23:50:00,5861.91,160.35,TRADE
VIC1,2025-06-17 23:55:00,5793.11,144.69,TRADE
VIC1,2025-06-18 00:00:00,5759.41,140.99,TRADE
VIC1,2025-06-18 00:05:00,5661.2,120.01,TRADE
VIC1,2025-06-18 00:10:00,5643.13,126.77,TRADE
VIC1,2025-06-18 00:15:00,5681.46,120.01,TRADE
VIC1,2025-06-18 00:20:00,5674.14,143.69,TRADE
VIC1,2025-06-18 00:25:00,5537.15,163.7,TRADE
VIC1,2025-06-18 00:30:00,5575.27,160.27,TRADE
VIC1,2025-06-18 00:35:00,5570.73,159.62,TRADE
VIC1,2025-06-18 00:40:00,5537.08,160.48,TRADE
VIC1,2025-06-18 00:45:00,5431.1,158.29,TRADE
VIC1,2025-06-18 00:50:00,5397.58,150.77,TRADE
VIC1,2025-06-18 00:55:00,5456.99,157.74,TRADE
VIC1,2025-06-18 01:00:00,5397.55,120.01,TRADE
VIC1,2025-06-18 01:05:00,5298.72,120.01,TRADE
VIC1,2025-06-18 01:10:00,5392.13,146.1,TRADE
VIC1,2025-06-18 01:15:00,5341.43,146.39,TRADE
VIC1,2025-06-18 01:20:00,5342.97,120.01,TRADE
VIC1,2025-06-18 01:25:00,5312.58,120.01,TRADE
VIC1,2025-06-18 01:30:00,5194.31,120.01,TRADE
VIC1,2025-06-18 01:35:00,5246.11,160.29,TRADE
VIC1,2025-06-18 01:40:00,5183.32,159.41,TRADE
VIC1,2025-06-18 01:45:00,5197.46,159.48,TRADE
VIC1,2025-06-18 01:50:00,5147.22,170.56,TRADE
VIC1,2025-06-18 01:55:00,5126.46,143.0,TRADE
VIC1,2025-06-18 02:00:00,5112.76,143.39,TRADE
VIC1,2025-06-18 02:05:00,5081.17,145.31,TRADE
VIC1,2025-06-18 02:10:00,5013.49,142.73,TRADE
VIC1,2025-06-18 02:15:00,4954.2,132.06,TRADE
VIC1,2025-06-18 02:20:00,4981.84,123.45,TRADE
VIC1,2025-06-18 02:25:00,5012.74,123.7,TRADE
VIC1,2025-06-18 02:30:00,4972.16,120.01,TRADE
VIC1,2025-06-18 02:35:00,4980.83,133.86,TRADE
VIC1,2025-06-18 02:40:00,4970.13,122.22,TRADE
VIC1,2025-06-18 02:45:00,4864.25,120.01,TRADE
VIC1,2025-06-18 02:50:00,4854.58,122.34,TRADE
VIC1,2025-06-18 02:55:00,4849.33,121.17,TRADE
VIC1,2025-06-18 03:00:00,4812.78,120.8,TRADE
VIC1,2025-06-18 03:05:00,4888.99,137.2,TRADE
VIC1,2025-06-18 03:10:00,4897.52,139.56,TRADE
VIC1,2025-06-18 03:15:00,4844.53,137.76,TRADE
VIC1,2025-06-18 03:20:00,4907.49,138.01,TRADE
VIC1,2025-06-18 03:25:00,4891.59,126.24,TRADE
VIC1,2025-06-18 03:30:00,4919.34,133.25,TRADE
VIC1,2025-06-18 03:35:00,4802.77,120.01,TRADE
VIC1,2025-06-18 03:40:00,4795.26,133.04,TRADE
VIC1,2025-06-18 03:45:00,4795.35,120.01,TRADE
VIC1,2025-06-18 03:50:00,4796.95,135.97,TRADE
VIC1,2025-06-18 03:55:00,4785.32,121.25,TRADE
VIC1,2025-06-18 04:00:00,4802.15,131.22,TRADE
VIC1,2025-06-18 04:05:00,4807.17,131.77,TRADE
VIC1,2025-06-18 04:10:00,4814.97,139.86,TRADE
VIC1,2025-06-18 04:15:00,4833.4,135.92,TRADE
VIC1,2025-06-18 04:20:00,4839.9,132.6,TRADE
VIC1,2025-06-18 04:25:00,4866.94,138.91,TRADE
VIC1,2025-06-18 04:30:00,4881.52,137.96,TRADE
VIC1,2025-06-18 04:35:00,4898.37,148.53,TRADE
VIC1,2025-06-18 04:40:00,4936.6,150.99,TRADE
VIC1,2025-06-18 04:45:00,4943.17,126.31,TRADE
VIC1,2025-06-18 04:50:00,4977.2,145.21,TRADE
VIC1,2025-06-18 04:55:00,5000.99,140.56,TRADE
VIC1,2025-06-18 05:00:00,5030.59,160.21,TRADE
VIC1,2025-06-18 05:05:00,5072.04,153.55,TRADE
VIC1,2025-06-18 05:10:00,5155.41,153.94,TRADE
VIC1,2025-06-18 05:15:00,5182.83,151.18,TRADE
VIC1,2025-06-18 05:20:00,5216.18,168.86,TRADE
VIC1,2025-06-18 05:25:00,5292.45,160.21,TRADE
VIC1,2025-06-18 05:30:00,5335.34,154.65,TRADE
VIC1,2025-06-18 05:35:00,5402.99,148.3,TRADE
VIC1,2025-06-18 05:40:00,5471.54,158.95,TRADE
VIC1,2025-06-18 05:45:00,5528.42,165.2,TRADE
VIC1,2025-06-18 05:50:00,5573.13,160.21,TRADE
VIC1,2025-06-18 05:55:00,5637.55,200.02,TRADE
VIC1,2025-06-18 06:00:00,5703.48,160.21,TRADE
VIC1,2025-06-18 06:05:00,5767.52,192.16,TRADE
VIC1,2025-06-18 06:10:00,5945.56,200.02,TRADE
VIC1,2025-06-18 06:15:00,6051.92,188.86,TRADE
VIC1,2025-06-18 06:20:00,6151.23,200.31,TRADE
VIC1,2025-06-18 06:25:00,6234.44,188.38,TRADE
VIC1,2025-06-18 06:30:00,6330.95,206.57,TRADE
VIC1,2025-06-18 06:35:00,6440.53,205.13,TRADE
VIC1,2025-06-18 06:40:00,6565.14,205.8,TRADE
VIC1,2025-06-18 06:45:00,6701.26,248.8,TRADE
VIC1,2025-06-18 06:50:00,6788.58,248.95,TRADE
VIC1,2025-06-18 06:55:00,6891.5,220.5,TRADE
VIC1,2025-06-18 07:00:00,6956.94,260.1,TRADE
VIC1,2025-06-18 07:05:00,7105.95,255.73,TRADE
VIC1,2025-06-18 07:10:00,7099.72,250.14,TRADE
VIC1,2025-06-18 07:15:00,7314.19,266.97,TRADE
VIC1,2025-06-18 07:20:00,7407.67,273.74,TRADE
VIC1,2025-06-18 07:25:00,7533.71,274.13,TRADE
VIC1,2025-06-18 07:30:00,7573.45,275.05,TRADE
VIC1,2025-06-18 07:35:00,7640.6,275.42,TRADE
VIC1,2025-06-18 07:40:00,7725.95,259.62,TRADE
VIC1,2025-06-18 07:45:00,7831.73,287.79,TRADE
VIC1,2025-06-18 07:50:00,7827.42,237.24,TRADE
VIC1,2025-06-18 07:55:00,7929.23,205.54,TRADE
VIC1,2025-06-18 08:00:00,7949.92,200.02,TRADE
VIC1,2025-06-18 08:05:00,7919.94,200.02,TRADE
VIC1,2025-06-18 08:10:00,7998.44,200.02,TRADE
VIC1,2025-06-18 08:15:00,7963.1,196.02,TRADE
VIC1,2025-06-18 08:20:00,7950.25,191.73,TRADE
VIC1,2025-06-18 08:25:00,7925.78,190.07,TRADE
VIC1,2025-06-18 08:30:00,7861.23,188.61,TRADE
VIC1,2025-06-18 08:35:00,7810.14,188.1,TRADE
VIC1,2025-06-18 08:40:00,7750.08,192.19,TRADE
VIC1,2025-06-18 08:45:00,7733.34,193.9,TRADE
VIC1,2025-06-18 08:50:00,7691.86,192.7,TRADE
VIC1,2025-06-18 08:55:00,7651.51,198.88,TRADE
VIC1,2025-06-18 09:00:00,7624.3,197.09,TRADE
VIC1,2025-06-18 09:05:00,7564.65,289.52,TRADE
VIC1,2025-06-18 09:10:00,7556.48,292.0,TRADE
VIC1,2025-06-18 09:15:00,7500.0,205.8,TRADE
VIC1,2025-06-18 09:20:00,7466.11,198.86,TRADE
VIC1,2025-06-18 09:25:00,7401.09,196.73,TRADE
VIC1,2025-06-18 09:30:00,7363.54,196.26,TRADE
VIC1,2025-06-18 09:35:00,7302.31,194.82,TRADE
VIC1,2025-06-18 09:40:00,7222.03,180.96,TRADE
VIC1,2025-06-18 09:45:00,7178.18,180.96,TRADE
VIC1,2025-06-18 09:50:00,7113.05,180.94,TRADE
VIC1,2025-06-18 09:55:00,7026.81,180.94,TRADE
VIC1,2025-06-18 10:00:00,6948.88,171.9,TRADE
VIC1,2025-06-18 10:05:00,6910.25,168.41,TRADE
VIC1,2025-06-18 10:10:00,6837.37,171.41,TRADE
VIC1,2025-06-18 10:15:00,6788.21,198.02,TRADE
VIC1,2025-06-18 10:20:00,6728.59,195.7,TRADE
VIC1,2025-06-18 10:25:00,6678.22,170.88,TRADE
VIC1,2025-06-18 10:30:00,6573.91,166.36,TRADE
VIC1,2025-06-18 10:35:00,6532.1,169.98,TRADE
VIC1,2025-06-18 10:40:00,6494.31,168.83,TRADE
VIC1,2025-06-18 10:45:00,6433.53,169.51,TRADE
VIC1,2025-06-18 10:50:00,6356.07,156.36,TRADE
VIC1,2025-06-18 10:55:00,6338.38,138.04,TRADE
VIC1,2025-06-18 11:00:00,6283.23,170.56,TRADE
VIC1,2025-06-18 11:05:00,6278.77,170.56,TRADE
VIC1,2025-06-18 11:10:00,6247.48,170.56,TRADE
VIC1,2025-06-18 11:15:00,6204.55,167.92,TRADE
VIC1,2025-06-18 11:20:00,6192.53,170.56,TRADE
VIC1,2025-06-18 11:25:00,6186.97,170.56,TRADE
VIC1,2025-06-18 11:30:00,6133.88,170.56,TRADE
VIC1,2025-06-18 11:35:00,6133.52,181.29,TRADE
VIC1,2025-06-18 11:40:00,6153.7,170.56,TRADE
VIC1,2025-06-18 11:45:00,6129.39,181.29,TRADE
VIC1,2025-06-18 11:50:00,6162.05,181.29,TRADE
VIC1,2025-06-18 11:55:00,6133.11,181.29,TRADE
VIC1,2025-06-18 12:00:00,6147.57,160.0,TRADE
VIC1,2025-06-18 12:05:00,6137.83,170.56,TRADE
VIC1,2025-06-18 12:10:00,6169.58,170.56,TRADE
VIC1,2025-06-18 12:15:00,6186.62,170.56,TRADE
VIC1,2025-06-18 12:20:00,6255.95,181.29,TRADE
VIC1,2025-06-18 12:25:00,6313.75,172.4,TRADE
VIC1,2025-06-18 12:30:00,6291.77,173.0,TRADE
VIC1,2025-06-18 12:35:00,6326.03,181.29,TRADE
VIC1,2025-06-18 12:40:00,6379.65,193.14,TRADE
VIC1,2025-06-18 12:45:00,6335.23,181.29,TRADE
VIC1,2025-06-18 12:50:00,6356.75,181.29,TRADE
VIC1,2025-06-18 12:55:00,6387.62,195.24,TRADE
VIC1,2025-06-18 13:00:00,6381.47,181.29,TRADE
VIC1,2025-06-18 13:05:00,6391.05,181.29,TRADE
VIC1,2025-06-18 13:10:00,6399.72,229.17,TRADE
VIC1,2025-06-18 13:15:00,6428.7,229.17,TRADE
VIC1,2025-06-18 13:20:00,6428.92,181.29,TRADE
VIC1,2025-06-18 13:25:00,6376.26,187.4,TRADE
VIC1,2025-06-18 13:30:00,6417.99,181.29,TRADE
VIC1,2025-06-18 13:35:00,6416.04,229.24,TRADE
VIC1,2025-06-18 13:40:00,6426.87,229.24,TRADE
VIC1,2025-06-18 13:45:00,6413.91,229.24,TRADE
VIC1,2025-06-18 13:50:00,6420.34,229.17,TRADE
VIC1,2025-06-18 13:55:00,6428.14,229.24,TRADE
VIC1,2025-06-18 14:00:00,6453.17,266.96,TRADE
VIC1,2025-06-18 14:05:00,6476.21,229.24,TRADE
VIC1,2025-06-18 14:10:00,6534.21,398.76,TRADE
VIC1,2025-06-18 14:15:00,6523.85,396.24,TRADE
VIC1,2025-06-18 14:20:00,6544.75,365.8,TRADE
VIC1,2025-06-18 14:25:00,6590.07,366.83,TRADE
VIC1,2025-06-18 14:30:00,6591.92,310.63,TRADE
VIC1,2025-06-18 14:35:00,6609.82,374.56,TRADE
VIC1,2025-06-18 14:40:00,6564.15,366.87,TRADE
VIC1,2025-06-18 14:45:00,6600.79,293.78,TRADE
VIC1,2025-06-18 14:50:00,6582.92,293.78,TRADE
VIC1,2025-06-18 14:55:00,6611.44,360.07,TRADE
VIC1,2025-06-18 15:00:00,6683.5,244.58,TRADE
VIC1,2025-06-18 15:05:00,6618.42,227.97,TRADE
VIC1,2025-06-18 15:10:00,6661.3,188.74,TRADE
VIC1,2025-06-18 15:15:00,6694.1,190.49,TRADE
VIC1,2025-06-18 15:20:00,6677.98,180.94,TRADE
VIC1,2025-06-18 15:25:00,6754.59,180.96,TRADE
VIC1,2025-06-18 15:30:00,6835.01,223.79,TRADE
VIC1,2025-06-18 15:35:00,6830.85,227.97,TRADE
VIC1,2025-06-18 15:40:00,6922.84,209.24,TRADE
VIC1,2025-06-18 15:45:00,6998.58,194.04,TRADE
VIC1,2025-06-18 15:50:00,6943.64,180.94,TRADE
VIC1,2025-06-18 15:55:00,7014.55,180.94,TRADE
VIC1,2025-06-18 16:00:00,7020.48,200.02,TRADE
VIC1,2025-06-18 16:05:00,7065.81,275.66,TRADE
VIC1,2025-06-18 16:10:00,7047.22,200.02,TRADE
VIC1,2025-06-18 16:15:00,7068.74,291.99,TRADE
VIC1,2025-06-18 16:20:00,7183.34,308.49,TRADE
VIC1,2025-06-18 16:25:00,7191.69,318.43,TRADE
VIC1,2025-06-18 16:30:00,7259.09,314.11,TRADE
VIC1,2025-06-18 16:35:00,7341.94,314.42,TRADE
VIC1,2025-06-18 16:40:00,7398.95,364.56,TRADE
VIC1,2025-06-18 16:45:00,7481.3,501.22,TRADE
VIC1,2025-06-18 16:50:00,7555.86,398.76,TRADE
VIC1,2025-06-18 16:55:00,7602.66,468.37,TRADE
VIC1,2025-06-18 17:00:00,7669.27,449.0,TRADE
VIC1,2025-06-18 17:05:00,7730.43,539.89,TRADE
VIC1,2025-06-18 17:10:00,7800.19,356.88,TRADE
VIC1,2025-06-18 17:15:00,7868.43,983.96,TRADE
VIC1,2025-06-18 17:20:00,7892.0,1589.57,TRADE
VIC1,2025-06-18 17:25:00,7998.27,3758.92,TRADE
VIC1,2025-06-18 17:30:00,8029.48,3758.92,TRADE
VIC1,2025-06-18 17:35:00,8084.58,1393.48,TRADE
VIC1,2025-06-18 17:40:00,8099.4,1210.36,TRADE
VIC1,2025-06-18 17:45:00,8095.24,1130.26,TRADE
VIC1,2025-06-18 17:50:00,8164.6,1149.03,TRADE
VIC1,2025-06-18 17:55:00,8161.38,1147.33,TRADE
VIC1,2025-06-18 18:00:00,8172.06,3758.59,TRADE
VIC1,2025-06-18 18:05:00,8148.26,1128.42,TRADE
VIC1,2025-06-18 18:10:00,8141.82,983.96,TRADE
VIC1,2025-06-18 18:15:00,8141.31,1307.22,TRADE
VIC1,2025-06-18 18:20:00,8100.92,1000.77,TRADE
VIC1,2025-06-18 18:25:00,8106.3,1120.58,TRADE
VIC1,2025-06-18 18:30:00,8097.18,900.0,TRADE
VIC1,2025-06-18 18:35:00,8125.69,448.91,TRADE
VIC1,2025-06-18 18:40:00,8054.52,466.78,TRADE
VIC1,2025-06-18 18:45:00,8005.7,900.0,TRADE
VIC1,2025-06-18 18:50:00,7966.33,415.33,TRADE
VIC1,2025-06-18 18:55:00,8006.28,461.97,TRADE
VIC1,2025-06-18 19:00:00,7983.2,411.47,TRADE
VIC1,2025-06-18 19:05:00,7947.3,455.56,TRADE
VIC1,2025-06-18 19:10:00,7949.66,482.21,TRADE
VIC1,2025-06-18 19:15:00,7952.73,496.69,TRADE
VIC1,2025-06-18 19:20:00,7937.63,481.22,TRADE
VIC1,2025-06-18 19:25:00,7952.18,484.42,TRADE
VIC1,2025-06-18 19:30:00,7903.85,581.21,TRADE
VIC1,2025-06-18 19:35:00,7880.87,507.2,TRADE
VIC1,2025-06-18 19:40:00,7861.34,983.96,TRADE
VIC1,2025-06-18 19:45:00,7843.11,550.69,TRADE
VIC1,2025-06-18 19:50:00,7815.46,900.0,TRADE
VIC1,2025-06-18 19:55:00,7776.38,983.96,TRADE
VIC1,2025-06-18 20:00:00,7728.23,983.96,TRADE
VIC1,2025-06-18 20:05:00,7708.92,691.16,TRADE
VIC1,2025-06-18 20:10:00,7637.04,506.64,TRADE
VIC1,2025-06-18 20:15:00,7629.46,549.69,TRADE
VIC1,2025-06-18 20:20:00,7562.32,916.5,TRADE
VIC1,2025-06-18 20:25:00,7548.44,691.16,TRADE
VIC1,2025-06-18 20:30:00,7467.02,495.08,TRADE
VIC1,2025-06-18 20:35:00,7430.43,484.93,TRADE
VIC1,2025-06-18 20:40:00,7385.21,550.17,TRADE
VIC1,2025-06-18 20:45:00,7349.96,389.82,TRADE
VIC1,2025-06-18 20:50:00,7329.74,475.57,TRADE
VIC1,2025-06-18 20:55:00,7276.65,308.85,TRADE
VIC1,2025-06-18 21:00:00,7239.51,315.36,TRADE
VIC1,2025-06-18 21:05:00,7167.39,298.1,TRADE
VIC1,2025-06-18 21:10:00,7209.66,297.87,TRADE
VIC1,2025-06-18 21:15:00,7157.57,288.16,TRADE
VIC1,2025-06-18 21:20:00,7138.28,286.24,TRADE
VIC1,2025-06-18 21:25:00,7092.32,282.82,TRADE
VIC1,2025-06-18 21:30:00,7001.52,277.38,TRADE
VIC1,2025-06-18 21:35:00,6960.82,279.51,TRADE
VIC1,2025-06-18 21:40:00,6905.64,233.86,TRADE
VIC1,2025-06-18 21:45:00,6856.88,190.55,TRADE
VIC1,2025-06-18 21:50:00,6768.51,181.39,TRADE
VIC1,2025-06-18 21:55:00,6658.75,179.88,TRADE
VIC1,2025-06-18 22:00:00,6564.96,170.31,TRADE
VIC1,2025-06-18 22:05:00,6478.18,173.98,TRADE
VIC1,2025-06-18 22:10:00,6431.55,200.02,TRADE
VIC1,2025-06-18 22:15:00,6386.23,178.03,TRADE
VIC1,2025-06-18 22:20:00,6361.47,181.64,TRADE
VIC1,2025-06-18 22:25:00,6302.84,175.57,TRADE
VIC1,2025-06-18 22:30:00,6219.46,165.85,TRADE
VIC1,2025-06-18 22:35:00,6225.98,167.2,TRADE
VIC1,2025-06-18 22:40:00,6167.2,152.9,TRADE
VIC1,2025-06-18 22:45:00,6153.05,154.55,TRADE
VIC1,2025-06-18 22:50:00,6087.46,135.26,TRADE
VIC1,2025-06-18 22:55:00,5990.0,134.88,TRADE
VIC1,2025-06-18 23:00:00,5914.16,135.96,TRADE
VIC1,2025-06-18 23:05:00,5909.82,129.99,TRADE
VIC1,2025-06-18 23:10:00,6059.89,136.78,TRADE
VIC1,2025-06-18 23:15:00,6119.23,168.22,TRADE
VIC1,2025-06-18 23:20:00,6040.33,135.05,TRADE
VIC1,2025-06-18 23:25:00,6018.66,135.51,TRADE
VIC1,2025-06-18 23:30:00,6041.36,136.55,TRADE
VIC1,2025-06-18 23:35:00,5985.91,120.01,TRADE
VIC1,2025-06-18 23:40:00,5969.66,136.68,TRADE
VIC1,2025-06-18 23:45:00,5819.6,131.46,TRADE
VIC1,2025-06-18 23:50:00,5784.7,134.95,TRADE
VIC1,2025-06-18 23:55:00,5806.73,132.25,TRADE
VIC1,2025-06-19 00:00:00,5748.08,120.01,TRADE
VIC1,2025-06-19 00:05:00,5692.54,124.33,TRADE
VIC1,2025-06-19 00:10:00,5700.45,141.9,TRADE
VIC1,2025-06-19 00:15:00,5598.99,120.01,TRADE
VIC1,2025-06-19 00:20:00,5604.46,122.94,TRADE
VIC1,2025-06-19 00:25:00,5570.59,121.28,TRADE
VIC1,2025-06-19 00:30:00,5434.52,120.01,TRADE
VIC1,2025-06-19 00:35:00,5426.0,120.01,TRADE
VIC1,2025-06-19 00:40:00,5479.82,120.01,TRADE
VIC1,2025-06-19 00:45:00,5456.07,120.01,TRADE
VIC1,2025-06-19 00:50:00,5364.97,120.01,TRADE
VIC1,2025-06-19 00:55:00,5369.51,120.01,TRADE
VIC1,2025-06-19 01:00:00,5350.3,120.01,TRADE
VIC1,2025-06-19 01:05:00,5352.28,123.03,TRADE
VIC1,2025-06-19 01:10:00,5308.9,120.01,TRADE
VIC1,2025-06-19 01:15:00,5211.23,116.49,TRADE
VIC1,2025-06-19 01:20:00,5195.82,120.89,TRADE
VIC1,2025-06-19 01:25:00,5228.26,120.92,TRADE
VIC1,2025-06-19 01:30:00,5200.1,120.01,TRADE
VIC1,2025-06-19 01:35:00,5143.76,120.01,TRADE
VIC1,2025-06-19 01:40:00,5153.76,120.74,TRADE
VIC1,2025-06-19 01:45:00,5122.36,119.27,TRADE
VIC1,2025-06-19 01:50:00,5092.06,120.01,TRADE
VIC1,2025-06-19 01:55:00,4986.01,120.01,TRADE
VIC1,2025-06-19 02:00:00,4962.05,115.23,TRADE
VIC1,2025-06-19 02:05:00,5032.44,122.77,TRADE
VIC1,2025-06-19 02:10:00,4968.13,121.02,TRADE
VIC1,2025-06-19 02:15:00,4980.35,122.75,TRADE
VIC1,2025-06-19 02:20:00,4935.94,121.73,TRADE
VIC1,2025-06-19 02:25:00,4939.49,121.7,TRADE
VIC1,2025-06-19 02:30:00,4868.81,120.01,TRADE
VIC1,2025-06-19 02:35:00,4828.73,122.52,TRADE
VIC1,2025-06-19 02:40:00,4889.96,126.93,TRADE
VIC1,2025-06-19 02:45:00,4858.09,96.01,TRADE
VIC1,2025-06-19 02:50:00,4817.24,121.58,TRADE
VIC1,2025-06-19 02:55:00,4783.67,122.47,TRADE
VIC1,2025-06-19 03:00:00,4763.86,92.69,TRADE
VIC1,2025-06-19 03:05:00,4775.48,123.91,TRADE
VIC1,2025-06-19 03:10:00,4736.39,120.45,TRADE
VIC1,2025-06-19 03:15:00,4755.56,124.46,TRADE
VIC1,2025-06-19 03:20:00,4735.46,123.56,TRADE
VIC1,2025-06-19 03:25:00,4793.64,121.31,TRADE
VIC1,2025-06-19 03:30:00,4794.43,122.63,TRADE
VIC1,2025-06-19 03:35:00,4786.25,90.46,TRADE
VIC1,2025-06-19 03:40:00,4762.86,106.18,TRADE
VIC1,2025-06-19 03:45:00,4721.3,115.06,TRADE
VIC1,2025-06-19 03:50:00,4733.8,105.98,TRADE
VIC1,2025-06-19 03:55:00,4765.95,121.47,TRADE
VIC1,2025-06-19 04:00:00,4731.4,117.23,TRADE
VIC1,2025-06-19 04:05:00,4755.03,115.06,TRADE
VIC1,2025-06-19 04:10:00,4766.34,112.31,TRADE
VIC1,2025-06-19 04:15:00,4766.39,120.01,TRADE
VIC1,2025-06-19 04:20:00,4788.79,120.94,TRADE
VIC1,2025-06-19 04:25:00,4786.25,109.59,TRADE
VIC1,2025-06-19 04:30:00,4802.49,111.4,TRADE
VIC1,2025-06-19 04:35:00,4795.69,114.74,TRADE
VIC1,2025-06-19 04:40:00,4849.39,120.01,TRADE
VIC1,2025-06-19 04:45:00,4867.16,110.1,TRADE
VIC1,2025-06-19 04:50:00,4855.14,108.71,TRADE
VIC1,2025-06-19 04:55:00,4908.96,109.51,TRADE
VIC1,2025-06-19 05:00:00,4928.17,109.48,TRADE
VIC1,2025-06-19 05:05:00,4966.68,117.33,TRADE
VIC1,2025-06-19 05:10:00,5042.94,120.01,TRADE
VIC1,2025-06-19 05:15:00,5079.67,108.54,TRADE
VIC1,2025-06-19 05:20:00,5131.27,111.13,TRADE
VIC1,2025-06-19 05:25:00,5170.01,113.85,TRADE
VIC1,2025-06-19 05:30:00,5191.86,116.84,TRADE
VIC1,2025-06-19 05:35:00,5202.72,120.01,TRADE
VIC1,2025-06-19 05:40:00,5302.81,120.01,TRADE
VIC1,2025-06-19 05:45:00,5361.51,120.01,TRADE
VIC1,2025-06-19 05:50:00,5430.86,131.73,TRADE
VIC1,2025-06-19 05:55:00,5490.4,129.15,TRADE
VIC1,2025-06-19 06:00:00,5563.59,137.96,TRADE
VIC1,2025-06-19 06:05:00,5646.05,120.16,TRADE
VIC1,2025-06-19 06:10:00,5802.37,137.5,TRADE
VIC1,2025-06-19 06:15:00,5915.84,156.2,TRADE
VIC1,2025-06-19 06:20:00,5971.17,154.65,TRADE
VIC1,2025-06-19 06:25:00,6081.42,160.21,TRADE
VIC1,2025-06-19 06:30:00,6190.95,192.81,TRADE
VIC1,2025-06-19 06:35:00,6289.44,152.36,TRADE
VIC1,2025-06-19 06:40:00,6430.99,135.75,TRADE
VIC1,2025-06-19 06:45:00,6523.59,106.89,TRADE
VIC1,2025-06-19 06:50:00,6614.41,98.43,TRADE
VIC1,2025-06-19 06:55:00,6820.18,218.28,TRADE
VIC1,2025-06-19 07:00:00,6915.2,191.94,TRADE
VIC1,2025-06-19 07:05:00,7048.25,204.49,TRADE
VIC1,2025-06-19 07:10:00,7046.64,178.18,TRADE
VIC1,2025-06-19 07:15:00,7259.55,261.64,TRADE
VIC1,2025-06-19 07:20:00,7389.01,269.36,TRADE
VIC1,2025-06-19 07:25:00,7407.43,269.55,TRADE
VIC1,2025-06-19 07:30:00,7517.31,269.91,TRADE
VIC1,2025-06-19 07:35:00,7576.45,260.82,TRADE
VIC1,2025-06-19 07:40:00,7347.65,273.29,TRADE
VIC1,2025-06-19 07:45:00,7437.52,261.84,TRADE
VIC1,2025-06-19 07:50:00,7504.11,270.82,TRADE
VIC1,2025-06-19 07:55:00,7531.01,211.24,TRADE
VIC1,2025-06-19 08:00:00,7521.24,205.13,TRADE
VIC1,2025-06-19 08:05:00,7555.2,289.06,TRADE
VIC1,2025-06-19 08:10:00,7649.3,296.48,TRADE
VIC1,2025-06-19 08:15:00,7634.19,298.19,TRADE
VIC1,2025-06-19 08:20:00,7667.42,270.82,TRADE
VIC1,2025-06-19 08:25:00,7651.89,211.56,TRADE
VIC1,2025-06-19 08:30:00,7544.55,190.58,TRADE
VIC1,2025-06-19 08:35:00,7695.79,180.76,TRADE
VIC1,2025-06-19 08:40:00,7797.7,156.91,TRADE
VIC1,2025-06-19 08:45:00,7819.06,175.06,TRADE
VIC1,2025-06-19 08:50:00,7716.54,160.21,TRADE
VIC1,2025-06-19 08:55:00,7792.83,150.31,TRADE
VIC1,2025-06-19 09:00:00,7731.77,141.66,TRADE
VIC1,2025-06-19 09:05:00,7732.58,160.21,TRADE
VIC1,2025-06-19 09:10:00,7675.73,176.73,TRADE
VIC1,2025-06-19 09:15:00,7659.81,160.21,TRADE
VIC1,2025-06-19 09:20:00,7611.72,144.99,TRADE
VIC1,2025-06-19 09:25:00,7668.0,155.57,TRADE
VIC1,2025-06-19 09:30:00,7554.88,147.67,TRADE
VIC1,2025-06-19 09:35:00,7563.39,146.54,TRADE
VIC1,2025-06-19 09:40:00,7473.47,147.65,TRADE
VIC1,2025-06-19 09:45:00,7477.81,157.68,TRADE
VIC1,2025-06-19 09:50:00,7483.31,200.54,TRADE
VIC1,2025-06-19 09:55:00,7371.14,227.97,TRADE
VIC1,2025-06-19 10:00:00,7354.69,158.87,TRADE
VIC1,2025-06-19 10:05:00,7299.07,147.58,TRADE
VIC1,2025-06-19 10:10:00,7288.65,203.52,TRADE
VIC1,2025-06-19 10:15:00,7127.75,241.96,TRADE
VIC1,2025-06-19 10:20:00,7060.83,161.75,TRADE
VIC1,2025-06-19 10:25:00,7043.05,241.96,TRADE
VIC1,2025-06-19 10:30:00,6959.2,211.9,TRADE
VIC1,2025-06-19 10:35:00,6846.76,209.29,TRADE
VIC1,2025-06-19 10:40:00,6815.46,226.35,TRADE
VIC1,2025-06-19 10:45:00,6758.34,193.13,TRADE
VIC1,2025-06-19 10:50:00,6693.37,227.97,TRADE
VIC1,2025-06-19 10:55:00,6649.69,176.44,TRADE
VIC1,2025-06-19 11:00:00,6486.28,153.38,TRADE
VIC1,2025-06-19 11:05:00,6463.54,181.29,TRADE
VIC1,2025-06-19 11:10:00,6500.23,170.56,TRADE
VIC1,2025-06-19 11:15:00,6456.46,161.12,TRADE
VIC1,2025-06-19 11:20:00,6355.39,158.05,TRADE
VIC1,2025-06-19 11:25:00,6294.5,161.01,TRADE
VIC1,2025-06-19 11:30:00,6285.05,171.85,TRADE
VIC1,2025-06-19 11:35:00,6231.1,153.66,TRADE
VIC1,2025-06-19 11:40:00,6104.33,151.28,TRADE
VIC1,2025-06-19 11:45:00,6042.0,161.78,TRADE
VIC1,2025-06-19 11:50:00,5976.42,159.02,TRADE
VIC1,2025-06-19 11:55:00,5982.74,147.9,TRADE
VIC1,2025-06-19 12:00:00,5841.0,139.92,TRADE
VIC1,2025-06-19 12:05:00,5874.97,144.23,TRADE
VIC1,2025-06-19 12:10:00,5800.14,143.86,TRADE
VIC1,2025-06-19 12:15:00,5708.37,142.45,TRADE
VIC1,2025-06-19 12:20:00,5784.78,155.54,TRADE
VIC1,2025-06-19 12:25:00,5790.42,142.83,TRADE
VIC1,2025-06-19 12:30:00,5737.57,137.13,TRADE
VIC1,2025-06-19 12:35:00,5741.54,134.18,TRADE
VIC1,2025-06-19 12:40:00,5661.37,106.15,TRADE
VIC1,2025-06-19 12:45:00,5673.43,142.46,TRADE
VIC1,2025-06-19 12:50:00,5605.43,142.09,TRADE
VIC1,2025-06-19 12:55:00,5600.97,105.02,TRADE
VIC1,2025-06-19 13:00:00,5693.7,122.38,TRADE
VIC1,2025-06-19 13:05:00,5720.12,140.25,TRADE
VIC1,2025-06-19 13:10:00,5733.35,139.46,TRADE
VIC1,2025-06-19 13:15:00,5811.82,142.46,TRADE
VIC1,2025-06-19 13:20:00,5834.01,144.66,TRADE
VIC1,2025-06-19 13:25:00,5881.96,154.63,TRADE
VIC1,2025-06-19 13:30:00,5840.17,151.89,TRADE
VIC1,2025-06-19 13:35:00,5796.92,133.44,TRADE
VIC1,2025-06-19 13:40:00,5850.54,150.95,TRADE
VIC1,2025-06-19 13:45:00,5843.13,139.69,TRADE
VIC1,2025-06-19 13:50:00,5925.78,182.41,TRADE
VIC1,2025-06-19 13:55:00,5966.99,180.1,TRADE
VIC1,2025-06-19 14:00:00,5949.67,177.97,TRADE
VIC1,2025-06-19 14:05:00,5942.85,178.73,TRADE
VIC1,2025-06-19 14:10:00,5987.14,181.92,TRADE
VIC1,2025-06-19 14:15:00,6028.14,191.18,TRADE
VIC1,2025-06-19 14:20:00,5979.54,183.16,TRADE
VIC1,2025-06-19 14:25:00,6017.48,248.21,TRADE
VIC1,2025-06-19 14:30:00,6041.31,187.97,TRADE
VIC1,2025-06-19 14:35:00,6052.52,160.35,TRADE
VIC1,2025-06-19 14:40:00,5955.02,158.24,TRADE
VIC1,2025-06-19 14:45:00,6058.73,116.9,TRADE
VIC1,2025-06-19 14:50:00,6058.48,141.67,TRADE
VIC1,2025-06-19 14:55:00,6088.12,145.42,TRADE
VIC1,2025-06-19 15:00:00,5996.22,150.65,TRADE
VIC1,2025-06-19 15:05:00,5985.99,156.23,TRADE
VIC1,2025-06-19 15:10:00,5954.7,134.84,TRADE
VIC1,2025-06-19 15:15:00,5986.13,140.34,TRADE
VIC1,2025-06-19 15:20:00,6126.76,152.67,TRADE
VIC1,2025-06-19 15:25:00,6188.25,152.67,TRADE
VIC1,2025-06-19 15:30:00,6132.88,138.36,TRADE
VIC1,2025-06-19 15:35:00,6277.5,149.09,TRADE
VIC1,2025-06-19 15:40:00,6332.2,155.88,TRADE
VIC1,2025-06-19 15:45:00,6403.47,153.44,TRADE
VIC1,2025-06-19 15:50:00,6386.73,160.35,TRADE
VIC1,2025-06-19 15:55:00,6491.55,259.42,TRADE
VIC1,2025-06-19 16:00:00,6492.06,200.11,TRADE
VIC1,2025-06-19 16:05:00,6573.77,200.02,TRADE
VIC1,2025-06-19 16:10:00,6644.28,247.52,TRADE
VIC1,2025-06-19 16:15:00,6679.5,236.46,TRADE
VIC1,2025-06-19 16:20:00,6720.33,278.34,TRADE
VIC1,2025-06-19 16:25:00,6809.88,227.97,TRADE
VIC1,2025-06-19 16:30:00,6924.15,227.97,TRADE
VIC1,2025-06-19 16:35:00,7075.21,200.02,TRADE
VIC1,2025-06-19 16:40:00,7143.97,224.39,TRADE
VIC1,2025-06-19 16:45:00,7193.83,282.82,TRADE
VIC1,2025-06-19 16:50:00,7303.55,282.82,TRADE
VIC1,2025-06-19 16:55:00,7420.78,259.24,TRADE
VIC1,2025-06-19 17:00:00,7553.93,282.82,TRADE
VIC1,2025-06-19 17:05:00,7524.44,282.82,TRADE
VIC1,2025-06-19 17:10:00,7630.87,254.61,TRADE
VIC1,2025-06-19 17:15:00,7729.05,282.82,TRADE
VIC1,2025-06-19 17:20:00,7821.13,283.57,TRADE
VIC1,2025-06-19 17:25:00,7871.62,282.82,TRADE
VIC1,2025-06-19 17:30:00,7940.8,298.1,TRADE
VIC1,2025-06-19 17:35:00,8053.26,298.22,TRADE
VIC1,2025-06-19 17:40:00,8124.14,294.07,TRADE
VIC1,2025-06-19 17:45:00,8138.27,283.57,TRADE
VIC1,2025-06-19 17:50:00,8108.58,283.57,TRADE
VIC1,2025-06-19 17:55:00,8136.89,283.57,TRADE
VIC1,2025-06-19 18:00:00,8202.87,263.75,TRADE
VIC1,2025-06-19 18:05:00,8263.71,240.0,TRADE
VIC1,2025-06-19 18:10:00,8219.19,241.31,TRADE
VIC1,2025-06-19 18:15:00,8126.75,205.8,TRADE
VIC1,2025-06-19 18:20:00,8210.03,205.8,TRADE
VIC1,2025-06-19 18:25:00,8170.28,214.62,TRADE
VIC1,2025-06-19 18:30:00,8176.25,240.0,TRADE
VIC1,2025-06-19 18:35:00,8070.11,215.48,TRADE
VIC1,2025-06-19 18:40:00,8066.22,205.13,TRADE
VIC1,2025-06-19 18:45:00,8038.8,191.63,TRADE
VIC1,2025-06-19 18:50:00,8115.39,200.02,TRADE
VIC1,2025-06-19 18:55:00,8128.73,191.72,TRADE
VIC1,2025-06-19 19:00:00,8019.15,160.44,TRADE
VIC1,2025-06-19 19:05:00,8046.21,191.81,TRADE
VIC1,2025-06-19 19:10:00,8071.25,174.47,TRADE
VIC1,2025-06-19 19:15:00,8050.49,161.06,TRADE
VIC1,2025-06-19 19:20:00,8029.27,174.56,TRADE
VIC1,2025-06-19 19:25:00,7870.11,148.73,TRADE
VIC1,2025-06-19 19:30:00,7839.59,160.21,TRADE
VIC1,2025-06-19 19:35:00,7916.92,159.64,TRADE
VIC1,2025-06-19 19:40:00,7909.9,160.21,TRADE
VIC1,2025-06-19 19:45:00,7872.15,159.88,TRADE
VIC1,2025-06-19 19:50:00,7861.13,160.3,TRADE
VIC1,2025-06-19 19:55:00,7876.38,162.1,TRADE
VIC1,2025-06-19 20:00:00,7818.25,150.68,TRADE
VIC1,2025-06-19 20:05:00,7675.68,160.3,TRADE
VIC1,2025-06-19 20:10:00,7626.98,163.07,TRADE
VIC1,2025-06-19 20:15:00,7644.45,153.03,TRADE
VIC1,2025-06-19 20:20:00,7652.4,150.99,TRADE
VIC1,2025-06-19 20:25:00,7592.1,153.07,TRADE
VIC1,2025-06-19 20:30:00,7597.41,154.26,TRADE
VIC1,2025-06-19 20:35:00,7560.01,164.9,TRADE
VIC1,2025-06-19 20:40:00,7579.43,162.65,TRADE
VIC1,2025-06-19 20:45:00,7519.31,157.16,TRADE
VIC1,2025-06-19 20:50:00,7420.64,152.73,TRADE
VIC1,2025-06-19 20:55:00,7390.19,146.5,TRADE
VIC1,2025-06-19 21:00:00,7347.72,146.25,TRADE
VIC1,2025-06-19 21:05:00,7350.65,151.5,TRADE
VIC1,2025-06-19 21:10:00,7283.12,155.86,TRADE
VIC1,2025-06-19 21:15:00,7209.85,159.66,TRADE
VIC1,2025-06-19 21:20:00,7099.74,141.51,TRADE
VIC1,2025-06-19 21:25:00,7125.77,160.21,TRADE
VIC1,2025-06-19 21:30:00,7074.97,153.66,TRADE
VIC1,2025-06-19 21:35:00,6934.95,122.9,TRADE
VIC1,2025-06-19 21:40:00,6859.93,126.42,TRADE
VIC1,2025-06-19 21:45:00,6794.7,132.96,TRADE
VIC1,2025-06-19 21:50:00,6724.16,131.73,TRADE
VIC1,2025-06-19 21:55:00,6689.97,123.81,TRADE
VIC1,2025-06-19 22:00:00,6599.41,122.02,TRADE
VIC1,2025-06-19 22:05:00,6520.21,126.14,TRADE
VIC1,2025-06-19 22:10:00,6479.14,141.34,TRADE
VIC1,2025-06-19 22:15:00,6522.13,142.77,TRADE
VIC1,2025-06-19 22:20:00,6435.82,128.97,TRADE
VIC1,2025-06-19 22:25:00,6397.71,125.48,TRADE
VIC1,2025-06-19 22:30:00,6281.29,120.01,TRADE
VIC1,2025-06-19 22:35:00,6283.81,125.1,TRADE
VIC1,2025-06-19 22:40:00,6197.4,122.83,TRADE
VIC1,2025-06-19 22:45:00,6173.75,123.27,TRADE
VIC1,2025-06-19 22:50:00,6127.13,122.02,TRADE
VIC1,2025-06-19 22:55:00,6005.84,120.01,TRADE
VIC1,2025-06-19 23:00:00,6017.81,120.01,TRADE
VIC1,2025-06-19 23:05:00,6002.45,120.01,TRADE
VIC1,2025-06-19 23:10:00,6061.79,120.01,TRADE
VIC1,2025-06-19 23:15:00,6004.96,120.01,TRADE
VIC1,2025-06-19 23:20:00,6074.05,120.01,TRADE
VIC1,2025-06-19 23:25:00,6022.57,115.97,TRADE
VIC1,2025-06-19 23:30:00,6005.58,110.76,TRADE
VIC1,2025-06-19 23:35:00,5881.11,109.17,TRADE
VIC1,2025-06-19 23:40:00,5832.18,110.29,TRADE
VIC1,2025-06-19 23:45:00,5865.8,109.43,TRADE
VIC1,2025-06-19 23:50:00,5803.97,108.49,TRADE
VIC1,2025-06-19 23:55:00,5681.02,97.63,TRADE
VIC1,2025-06-20 00:00:00,5703.3,100.22,TRADE
VIC1,2025-06-20 00:05:00,5714.57,110.01,TRADE
VIC1,2025-06-20 00:10:00,5654.72,112.97,TRADE
VIC1,2025-06-20 00:15:00,5632.72,108.9,TRADE
VIC1,2025-06-20 00:20:00,5515.1,101.76,TRADE
VIC1,2025-06-20 00:25:00,5492.67,101.5,TRADE
VIC1,2025-06-20 00:30:00,5488.15,110.94,TRADE
VIC1,2025-06-20 00:35:00,5526.4,111.81,TRADE
VIC1,2025-06-20 00:40:00,5484.58,111.07,TRADE
VIC1,2025-06-20 00:45:00,5434.63,98.37,TRADE
VIC1,2025-06-20 00:50:00,5385.02,99.96,TRADE
VIC1,2025-06-20 00:55:00,5409.19,114.09,TRADE
VIC1,2025-06-20 01:00:00,5350.12,107.39,TRADE
VIC1,2025-06-20 01:05:00,5313.85,104.59,TRADE
VIC1,2025-06-20 01:10:00,5220.36,102.07,TRADE
VIC1,2025-06-20 01:15:00,5204.56,109.88,TRADE
VIC1,2025-06-20 01:20:00,5244.43,106.98,TRADE
VIC1,2025-06-20 01:25:00,5215.62,101.29,TRADE
VIC1,2025-06-20 01:30:00,5180.84,101.12,TRADE
VIC1,2025-06-20 01:35:00,5173.12,113.88,TRADE
VIC1,2025-06-20 01:40:00,5133.46,110.72,TRADE
VIC1,2025-06-20 01:45:00,5106.16,114.95,TRADE
VIC1,2025-06-20 01:50:00,5007.44,114.01,TRADE
VIC1,2025-06-20 01:55:00,4982.25,115.03,TRADE
VIC1,2025-06-20 02:00:00,4943.85,108.57,TRADE
VIC1,2025-06-20 02:05:00,4997.52,114.88,TRADE
VIC1,2025-06-20 02:10:00,4974.75,114.74,TRADE
VIC1,2025-06-20 02:15:00,4910.22,112.51,TRADE
VIC1,2025-06-20 02:20:00,4942.82,108.08,TRADE
VIC1,2025-06-20 02:25:00,4938.09,108.08,TRADE
VIC1,2025-06-20 02:30:00,4916.38,105.91,TRADE
VIC1,2025-06-20 02:35:00,4817.76,101.67,TRADE
VIC1,2025-06-20 02:40:00,4820.34,113.34,TRADE
VIC1,2025-06-20 02:45:00,4887.38,112.83,TRADE
VIC1,2025-06-20 02:50:00,4877.17,98.07,TRADE
VIC1,2025-06-20 02:55:00,4846.66,104.95,TRADE
VIC1,2025-06-20 03:00:00,4802.04,99.76,TRADE
VIC1,2025-06-20 03:05:00,4825.12,98.18,TRADE
VIC1,2025-06-20 03:10:00,4830.01,97.34,TRADE
VIC1,2025-06-20 03:15:00,4821.77,90.7,TRADE
VIC1,2025-06-20 03:20:00,4719.14,87.86,TRADE
VIC1,2025-06-20 03:25:00,4759.76,96.73,TRADE
VIC1,2025-06-20 03:30:00,4832.84,99.65,TRADE
VIC1,2025-06-20 03:35:00,4812.99,96.43,TRADE
VIC1,2025-06-20 03:40:00,4796.01,95.08,TRADE
VIC1,2025-06-20 03:45:00,4806.61,96.95,TRADE
VIC1,2025-06-20 03:50:00,4838.98,104.53,TRADE
VIC1,2025-06-20 03:55:00,4842.19,97.49,TRADE
VIC1,2025-06-20 04:00:00,4787.49,97.49,TRADE
VIC1,2025-06-20 04:05:00,4799.16,97.4,TRADE
VIC1,2025-06-20 04:10:00,4871.03,107.25,TRADE
VIC1,2025-06-20 04:15:00,4825.38,106.32,TRADE
VIC1,2025-06-20 04:20:00,4807.72,100.79,TRADE
VIC1,2025-06-20 04:25:00,4907.51,104.44,TRADE
VIC1,2025-06-20 04:30:00,4903.81,108.14,TRADE
VIC1,2025-06-20 04:35:00,4945.15,107.99,TRADE
VIC1,2025-06-20 04:40:00,4957.61,110.99,TRADE
VIC1,2025-06-20 04:45:00,4896.52,95.63,TRADE
VIC1,2025-06-20 04:50:00,4943.87,108.86,TRADE
VIC1,2025-06-20 04:55:00,4953.17,108.87,TRADE
VIC1,2025-06-20 05:00:00,4977.16,108.94,TRADE
VIC1,2025-06-20 05:05:00,5077.75,80.8,TRADE
VIC1,2025-06-20 05:10:00,5164.08,112.1,TRADE
VIC1,2025-06-20 05:15:00,5163.96,120.01,TRADE
VIC1,2025-06-20 05:20:00,5239.58,115.85,TRADE
VIC1,2025-06-20 05:25:00,5280.84,122.02,TRADE
VIC1,2025-06-20 05:30:00,5351.72,125.56,TRADE
VIC1,2025-06-20 05:35:00,5296.21,116.21,TRADE
VIC1,2025-06-20 05:40:00,5391.39,122.02,TRADE
VIC1,2025-06-20 05:45:00,5402.19,120.56,TRADE
VIC1,2025-06-20 05:50:00,5578.93,128.68,TRADE
VIC1,2025-06-20 05:55:00,5633.06,132.72,TRADE
VIC1,2025-06-20 06:00:00,5654.89,137.58,TRADE
VIC1,2025-06-20 06:05:00,5811.85,136.26,TRADE
VIC1,2025-06-20 06:10:00,5957.84,136.61,TRADE
VIC1,2025-06-20 06:15:00,6079.12,141.04,TRADE
VIC1,2025-06-20 06:20:00,6098.24,143.23,TRADE
VIC1,2025-06-20 06:25:00,6175.45,146.65,TRADE
VIC1,2025-06-20 06:30:00,6252.73,190.22,TRADE
VIC1,2025-06-20 06:35:00,6420.26,144.61,TRADE
VIC1,2025-06-20 06:40:00,6530.79,144.23,TRADE
VIC1,2025-06-20 06:45:00,6672.7,180.58,TRADE
VIC1,2025-06-20 06:50:00,6737.95,200.02,TRADE
VIC1,2025-06-20 06:55:00,6837.63,172.66,TRADE
VIC1,2025-06-20 07:00:00,6944.93,200.02,TRADE
VIC1,2025-06-20 07:05:00,7087.21,205.8,TRADE
VIC1,2025-06-20 07:10:00,6981.24,199.68,TRADE
VIC1,2025-06-20 07:15:00,7138.52,204.53,TRADE
VIC1,2025-06-20 07:20:00,7280.02,223.37,TRADE
VIC1,2025-06-20 07:25:00,7359.9,228.58,TRADE
VIC1,2025-06-20 07:30:00,7480.51,141.66,TRADE
VIC1,2025-06-20 07:35:00,7575.77,159.57,TRADE
VIC1,2025-06-20 07:40:00,7690.7,157.39,TRADE
VIC1,2025-06-20 07:45:00,7713.93,156.98,TRADE
VIC1,2025-06-20 07:50:00,7836.09,220.42,TRADE
VIC1,2025-06-20 07:55:00,7914.57,181.59,TRADE
VIC1,2025-06-20 08:00:00,7915.41,141.99,TRADE
VIC1,2025-06-20 08:05:00,7833.28,160.21,TRADE
VIC1,2025-06-20 08:10:00,7877.13,173.23,TRADE
VIC1,2025-06-20 08:15:00,7930.85,215.35,TRADE
VIC1,2025-06-20 08:20:00,7892.13,185.77,TRADE
VIC1,2025-06-20 08:25:00,7813.18,160.21,TRADE
VIC1,2025-06-20 08:30:00,7813.59,141.99,TRADE
VIC1,2025-06-20 08:35:00,7772.99,200.02,TRADE
VIC1,2025-06-20 08:40:00,7717.65,141.99,TRADE
VIC1,2025-06-20 08:45:00,7652.67,141.66,TRADE
VIC1,2025-06-20 08:50:00,7510.42,133.36,TRADE
VIC1,2025-06-20 08:55:00,7451.23,123.7,TRADE
VIC1,2025-06-20 09:00:00,7421.44,121.46,TRADE
VIC1,2025-06-20 09:05:00,7409.02,138.14,TRADE
VIC1,2025-06-20 09:10:00,7293.88,145.03,TRADE
VIC1,2025-06-20 09:15:00,7272.18,140.71,TRADE
VIC1,2025-06-20 09:20:00,7197.09,140.25,TRADE
VIC1,2025-06-20 09:25:00,7167.73,142.83,TRADE
VIC1,2025-06-20 09:30:00,7043.51,143.92,TRADE
VIC1,2025-06-20 09:35:00,6867.91,154.95,TRADE
VIC1,2025-06-20 09:40:00,6748.44,141.4,TRADE
VIC1,2025-06-20 09:45:00,6744.99,141.75,TRADE
VIC1,2025-06-20 09:50:00,6671.75,141.75,TRADE
VIC1,2025-06-20 09:55:00,6547.9,136.26,TRADE
VIC1,2025-06-20 10:00:00,6472.76,139.81,TRADE
VIC1,2025-06-20 10:05:00,6365.85,139.38,TRADE
VIC1,2025-06-20 10:10:00,6302.06,123.89,TRADE
VIC1,2025-06-20 10:15:00,6118.86,90.0,TRADE
VIC1,2025-06-20 10:20:00,6029.39,101.3,TRADE
VIC1,2025-06-20 10:25:00,6046.16,122.02,TRADE
VIC1,2025-06-20 10:30:00,5906.81,103.02,TRADE
VIC1,2025-06-20 10:35:00,5848.79,90.19,TRADE
VIC1,2025-06-20 10:40:00,5786.41,100.25,TRADE
VIC1,2025-06-20 10:45:00,5695.02,87.48,TRADE
VIC1,2025-06-20 10:50:00,5620.03,78.28,TRADE
VIC1,2025-06-20 10:55:00,5598.4,77.59,TRADE
VIC1,2025-06-20 11:00:00,5387.56,65.39,TRADE
VIC1,2025-06-20 11:05:00,5383.22,76.81,TRADE
VIC1,2025-06-20 11:10:00,5454.26,84.94,TRADE
VIC1,2025-06-20 11:15:00,5372.54,76.65,TRADE
VIC1,2025-06-20 11:20:00,5279.5,71.72,TRADE
VIC1,2025-06-20 11:25:00,5257.59,85.49,TRADE
VIC1,2025-06-20 11:30:00,5193.58,71.21,TRADE
VIC1,2025-06-20 11:35:00,5091.93,73.9,TRADE
VIC1,2025-06-20 11:40:00,5019.9,71.21,TRADE
VIC1,2025-06-20 11:45:00,4984.56,71.21,TRADE
VIC1,2025-06-20 11:50:00,4965.83,71.21,TRADE
VIC1,2025-06-20 11:55:00,4963.3,71.54,TRADE
VIC1,2025-06-20 12:00:00,4905.41,80.39,TRADE
VIC1,2025-06-20 12:05:00,4879.15,71.21,TRADE
VIC1,2025-06-20 12:10:00,4857.17,69.23,TRADE
VIC1,2025-06-20 12:15:00,4853.58,92.68,TRADE
VIC1,2025-06-20 12:20:00,4773.47,75.14,TRADE
VIC1,2025-06-20 12:25:00,4708.78,80.0,TRADE
VIC1,2025-06-20 12:30:00,4738.01,71.27,TRADE
VIC1,2025-06-20 12:35:00,4715.89,50.02,TRADE
VIC1,2025-06-20 12:40:00,4688.2,61.3,TRADE
VIC1,2025-06-20 12:45:00,4755.35,61.64,TRADE
VIC1,2025-06-20 12:50:00,4745.5,49.62,TRADE
VIC1,2025-06-20 12:55:00,4741.01,60.98,TRADE
VIC1,2025-06-20 13:00:00,4615.37,54.68,TRADE
VIC1,2025-06-20 13:05:00,4589.95,50.18,TRADE
VIC1,2025-06-20 13:10:00,4657.46,68.71,TRADE
VIC1,2025-06-20 13:15:00,4599.42,19.19,TRADE
VIC1,2025-06-20 13:20:00,4633.88,46.03,TRADE
VIC1,2025-06-20 13:25:00,4628.81,45.56,TRADE
VIC1,2025-06-20 13:30:00,4627.99,33.11,TRADE
VIC1,2025-06-20 13:35:00,4548.16,51.3,TRADE
VIC1,2025-06-20 13:40:00,4618.32,52.82,TRADE
VIC1,2025-06-20 13:45:00,4606.55,46.3,TRADE
VIC1,2025-06-20 13:50:00,4646.43,58.02,TRADE
VIC1,2025-06-20 13:55:00,4652.9,39.39,TRADE
VIC1,2025-06-20 14:00:00,4686.23,57.23,TRADE
VIC1,2025-06-20 14:05:00,4706.53,51.02,TRADE
VIC1,2025-06-20 14:10:00,4693.0,58.18,TRADE
VIC1,2025-06-20 14:15:00,4716.74,51.89,TRADE
VIC1,2025-06-20 14:20:00,4752.21,51.42,TRADE
VIC1,2025-06-20 14:25:00,4779.82,49.36,TRADE
VIC1,2025-06-20 14:30:00,4745.33,52.02,TRADE
VIC1,2025-06-20 14:35:00,4732.78,52.64,TRADE
VIC1,2025-06-20 14:40:00,4863.68,52.39,TRADE
VIC1,2025-06-20 14:45:00,4907.97,74.91,TRADE
VIC1,2025-06-20 14:50:00,4947.92,54.91,TRADE
VIC1,2025-06-20 14:55:00,4997.0,93.55,TRADE
VIC1,2025-06-20 15:00:00,5023.06,78.0,TRADE
VIC1,2025-06-20 15:05:00,5110.78,123.7,TRADE
VIC1,2025-06-20 15:10:00,5145.42,122.02,TRADE
VIC1,2025-06-20 15:15:00,5096.92,126.77,TRADE
VIC1,2025-06-20 15:20:00,5167.23,122.02,TRADE
VIC1,2025-06-20 15:25:00,5288.36,82.73,TRADE
VIC1,2025-06-20 15:30:00,5346.83,122.02,TRADE
VIC1,2025-06-20 15:35:00,5425.79,133.12,TRADE
VIC1,2025-06-20 15:40:00,5520.43,150.23,TRADE
VIC1,2025-06-20 15:45:00,5596.47,154.46,TRADE
VIC1,2025-06-20 15:50:00,5662.03,142.61,TRADE
VIC1,2025-06-20 15:55:00,5713.36,140.39,TRADE
VIC1,2025-06-20 16:00:00,5763.82,175.89,TRADE
VIC1,2025-06-20 16:05:00,5844.01,173.22,TRADE
VIC1,2025-06-20 16:10:00,6017.14,155.68,TRADE
VIC1,2025-06-20 16:15:00,6143.4,146.12,TRADE
VIC1,2025-06-20 16:20:00,6192.11,171.81,TRADE
VIC1,2025-06-20 16:25:00,6313.73,179.68,TRADE
VIC1,2025-06-20 16:30:00,6372.31,205.8,TRADE
VIC1,2025-06-20 16:35:00,6415.23,171.9,TRADE
VIC1,2025-06-20 16:40:00,6462.15,200.02,TRADE
VIC1,2025-06-20 16:45:00,6552.02,186.43,TRADE
VIC1,2025-06-20 16:50:00,6680.31,185.01,TRADE
VIC1,2025-06-20 16:55:00,6768.95,186.43,TRADE
VIC1,2025-06-20 17:00:00,6867.32,191.7,TRADE
VIC1,2025-06-20 17:05:00,6978.5,193.53,TRADE
VIC1,2025-06-20 17:10:00,7008.02,174.76,TRADE
VIC1,2025-06-20 17:15:00,7157.5,277.29,TRADE
VIC1,2025-06-20 17:20:00,7139.8,180.02,TRADE
VIC1,2025-06-20 17:25:00,7215.59,205.13,TRADE
VIC1,2025-06-20 17:30:00,7315.23,200.89,TRADE
VIC1,2025-06-20 17:35:00,7328.03,200.88,TRADE
VIC1,2025-06-20 17:40:00,7463.93,225.73,TRADE
VIC1,2025-06-20 17:45:00,7490.12,243.16,TRADE
VIC1,2025-06-20 17:50:00,7551.7,232.77,TRADE
VIC1,2025-06-20 17:55:00,7585.15,228.55,TRADE
VIC1,2025-06-20 18:00:00,7617.15,224.85,TRADE
VIC1,2025-06-20 18:05:00,7631.33,210.61,TRADE
VIC1,2025-06-20 18:10:00,7535.93,198.89,TRADE
VIC1,2025-06-20 18:15:00,7552.43,290.06,TRADE
VIC1,2025-06-20 18:20:00,7594.3,289.12,TRADE
VIC1,2025-06-20 18:25:00,7573.68,294.57,TRADE
VIC1,2025-06-20 18:30:00,7543.6,299.29,TRADE
VIC1,2025-06-20 18:35:00,7581.29,297.82,TRADE
VIC1,2025-06-20 18:40:00,7565.29,283.57,TRADE
VIC1,2025-06-20 18:45:00,7575.54,276.08,TRADE
VIC1,2025-06-20 18:50:00,7512.16,270.82,TRADE
VIC1,2025-06-20 18:55:00,7433.34,218.08,TRADE
VIC1,2025-06-20 19:00:00,7440.3,216.16,TRADE
VIC1,2025-06-20 19:05:00,7466.56,270.82,TRADE
VIC1,2025-06-20 19:10:00,7467.69,215.2,TRADE
VIC1,2025-06-20 19:15:00,7391.26,206.05,TRADE
VIC1,2025-06-20 19:20:00,7455.07,204.37,TRADE
VIC1,2025-06-20 19:25:00,7468.65,229.97,TRADE
VIC1,2025-06-20 19:30:00,7426.98,206.38,TRADE
VIC1,2025-06-20 19:35:00,7435.59,193.92,TRADE
VIC1,2025-06-20 19:40:00,7396.29,200.03,TRADE
VIC1,2025-06-20 19:45:00,7335.45,203.55,TRADE
VIC1,2025-06-20 19:50:00,7380.89,176.33,TRADE
VIC1,2025-06-20 19:55:00,7370.12,201.83,TRADE
VIC1,2025-06-20 20:00:00,7368.87,206.38,TRADE
VIC1,2025-06-20 20:05:00,7272.26,208.11,TRADE
VIC1,2025-06-20 20:10:00,7287.03,192.86,TRADE
VIC1,2025-06-20 20:15:00,7257.14,198.44,TRADE
VIC1,2025-06-20 20:20:00,7218.37,188.32,TRADE
VIC1,2025-06-20 20:25:00,7124.79,159.64,TRADE
VIC1,2025-06-20 20:30:00,7093.51,135.7,TRADE
VIC1,2025-06-20 20:35:00,7052.29,175.84,TRADE
VIC1,2025-06-20 20:40:00,7110.39,193.71,TRADE
VIC1,2025-06-20 20:45:00,7083.48,192.87,TRADE
VIC1,2025-06-20 20:50:00,7000.2,196.45,TRADE
VIC1,2025-06-20 20:55:00,7016.68,198.05,TRADE
VIC1,2025-06-20 21:00:00,7003.92,201.1,TRADE
VIC1,2025-06-20 21:05:00,6983.82,206.32,TRADE
VIC1,2025-06-20 21:10:00,6855.7,198.28,TRADE
VIC1,2025-06-20 21:15:00,6860.05,221.54,TRADE
VIC1,2025-06-20 21:20:00,6891.69,223.54,TRADE
VIC1,2025-06-20 21:25:00,6850.5,197.94,TRADE
VIC1,2025-06-20 21:30:00,6826.11,197.98,TRADE
VIC1,2025-06-20 21:35:00,6811.32,189.26,TRADE
VIC1,2025-06-20 21:40:00,6744.74,179.21,TRADE
VIC1,2025-06-20 21:45:00,6707.06,165.37,TRADE
VIC1,2025-06-20 21:50:00,6598.4,162.05,TRADE
VIC1,2025-06-20 21:55:00,6553.21,157.98,TRADE
VIC1,2025-06-20 22:00:00,6550.87,155.3,TRADE
VIC1,2025-06-20 22:05:00,6477.09,179.35,TRADE
VIC1,2025-06-20 22:10:00,6402.36,219.86,TRADE
VIC1,2025-06-20 22:15:00,6408.85,215.95,TRADE
VIC1,2025-06-20 22:20:00,6373.73,214.43,TRADE
VIC1,2025-06-20 22:25:00,6325.14,163.77,TRADE
VIC1,2025-06-20 22:30:00,6209.91,139.24,TRADE
VIC1,2025-06-20 22:35:00,6171.89,140.08,TRADE
VIC1,2025-06-20 22:40:00,6199.61,158.66,TRADE
VIC1,2025-06-20 22:45:00,6137.93,141.88,TRADE
VIC1,2025-06-20 22:50:00,6080.06,141.77,TRADE
VIC1,2025-06-20 22:55:00,6055.56,144.05,TRADE
VIC1,2025-06-20 23:00:00,5982.25,141.77,TRADE
VIC1,2025-06-20 23:05:00,6022.4,143.85,TRADE
VIC1,2025-06-20 23:10:00,5980.2,143.58,TRADE
VIC1,2025-06-20 23:15:00,5997.48,144.48,TRADE
VIC1,2025-06-20 23:20:00,6097.95,156.38,TRADE
VIC1,2025-06-20 23:25:00,6040.26,146.89,TRADE
VIC1,2025-06-20 23:30:00,6018.46,143.43,TRADE
VIC1,2025-06-20 23:35:00,6011.04,144.72,TRADE
VIC1,2025-06-20 23:40:00,5969.77,145.24,TRADE
VIC1,2025-06-20 23:45:00,5934.04,145.87,TRADE
VIC1,2025-06-20 23:50:00,5870.34,144.77,TRADE
VIC1,2025-06-20 23:55:00,5718.51,140.2,TRADE
VIC1,2025-06-23 00:00:00,5003.06,-18.99,TRADE
VIC1,2025-06-23 00:05:00,5063.21,-7.3,TRADE
VIC1,2025-06-23 00:10:00,5068.54,8.95,TRADE
VIC1,2025-06-23 00:15:00,5021.74,8.95,TRADE
VIC1,2025-06-23 00:20:00,4998.27,8.35,TRADE
VIC1,2025-06-23 00:25:00,4860.98,-7.25,TRADE
VIC1,2025-06-23 00:30:00,4928.74,-7.44,TRADE
VIC1,2025-06-23 00:35:00,4858.37,-7.3,TRADE
VIC1,2025-06-23 00:40:00,4839.86,0.14,TRADE
VIC1,2025-06-23 00:45:00,4813.15,0.14,TRADE
VIC1,2025-06-23 00:50:00,4691.65,-8.59,TRADE
VIC1,2025-06-23 00:55:00,4669.44,-8.52,TRADE
VIC1,2025-06-23 01:00:00,4717.22,-8.7,TRADE
VIC1,2025-06-23 01:05:00,4672.56,-7.32,TRADE
VIC1,2025-06-23 01:10:00,4598.27,-8.4,TRADE
VIC1,2025-06-23 01:15:00,4559.87,-8.38,TRADE
VIC1,2025-06-23 01:20:00,4535.79,-8.41,TRADE
VIC1,2025-06-23 01:25:00,4560.23,0.0,TRADE
VIC1,2025-06-23 01:30:00,4516.25,-8.46,TRADE
VIC1,2025-06-23 01:35:00,4490.26,-8.46,TRADE
VIC1,2025-06-23 01:40:00,4432.59,-11.11,TRADE
VIC1,2025-06-23 01:45:00,4412.77,-13.52,TRADE
VIC1,2025-06-23 01:50:00,4422.42,-13.52,TRADE
VIC1,2025-06-23 01:55:00,4320.02,-13.66,TRADE
VIC1,2025-06-23 02:00:00,4367.9,-13.66,TRADE
VIC1,2025-06-23 02:05:00,4383.0,-13.66,TRADE
VIC1,2025-06-23 02:10:00,4264.88,-17.0,TRADE
VIC1,2025-06-23 02:15:00,4347.09,-11.86,TRADE
VIC1,2025-06-23 02:20:00,4299.34,-19.99,TRADE
VIC1,2025-06-23 02:25:00,4322.92,-18.15,TRADE
VIC1,2025-06-23 02:30:00,4312.36,-18.15,TRADE
VIC1,2025-06-23 02:35:00,4221.15,-19.99,TRADE
VIC1,2025-06-23 02:40:00,4265.87,-18.15,TRADE
VIC1,2025-06-23 02:45:00,4234.6,-18.73,TRADE
VIC1,2025-06-23 02:50:00,4187.1,-19.99,TRADE
VIC1,2025-06-23 02:55:00,4229.71,-19.99,TRADE
VIC1,2025-06-23 03:00:00,4198.34,-19.99,TRADE
VIC1,2025-06-23 03:05:00,4215.85,-19.99,TRADE
VIC1,2025-06-23 03:10:00,4188.57,-20.0,TRADE
VIC1,2025-06-23 03:15:00,4106.35,-20.0,TRADE
VIC1,2025-06-23 03:20:00,4147.1,-20.0,TRADE
VIC1,2025-06-23 03:25:00,4182.24,-20.0,TRADE
VIC1,2025-06-23 03:30:00,4169.71,-20.0,TRADE
VIC1,2025-06-23 03:35:00,4163.73,-20.0,TRADE
VIC1,2025-06-23 03:40:00,4160.69,-20.0,TRADE
VIC1,2025-06-23 03:45:00,4157.65,-20.0,TRADE
VIC1,2025-06-23 03:50:00,4170.14,-20.0,TRADE
VIC1,2025-06-23 03:55:00,4109.75,-20.0,TRADE
VIC1,2025-06-23 04:00:00,4084.14,-20.0,TRADE
VIC1,2025-06-23 04:05:00,4083.5,-20.0,TRADE
VIC1,2025-06-23 04:10:00,4119.56,-20.0,TRADE
VIC1,2025-06-23 04:15:00,4153.53,-20.0,TRADE
VIC1,2025-06-23 04:20:00,4172.42,-20.0,TRADE
VIC1,2025-06-23 04:25:00,4118.74,-20.0,TRADE
VIC1,2025-06-23 04:30:00,4182.41,-20.0,TRADE
VIC1,2025-06-23 04:35:00,4221.26,-20.0,TRADE
VIC1,2025-06-23 04:40:00,4263.74,-20.0,TRADE
VIC1,2025-06-23 04:45:00,4295.81,-20.0,TRADE
VIC1,2025-06-23 04:50:00,4260.74,-19.99,TRADE
VIC1,2025-06-23 04:55:00,4315.53,-19.99,TRADE
VIC1,2025-06-23 05:00:00,4362.06,-19.78,TRADE
VIC1,2025-06-23 05:05:00,4415.01,-20.0,TRADE
VIC1,2025-06-23 05:10:00,4473.04,-19.7,TRADE
VIC1,2025-06-23 05:15:00,4487.63,-19.99,TRADE
VIC1,2025-06-23 05:20:00,4553.53,-19.99,TRADE
VIC1,2025-06-23 05:25:00,4573.58,-19.99,TRADE
VIC1,2025-06-23 05:30:00,4551.79,-19.99,TRADE
VIC1,2025-06-23 05:35:00,4580.82,-16.65,TRADE
VIC1,2025-06-23 05:40:00,4642.48,-10.89,TRADE
VIC1,2025-06-23 05:45:00,4775.28,-18.13,TRADE
VIC1,2025-06-23 05:50:00,4841.68,-17.0,TRADE
VIC1,2025-06-23 05:55:00,4836.33,-11.02,TRADE
VIC1,2025-06-23 06:00:00,4963.18,-2.83,TRADE
VIC1,2025-06-23 06:05:00,5047.76,-13.82,TRADE
VIC1,2025-06-23 06:10:00,5185.68,0.01,TRADE
VIC1,2025-06-23 06:15:00,5276.58,0.01,TRADE
VIC1,2025-06-23 06:20:00,5277.81,0.34,TRADE
VIC1,2025-06-23 06:25:00,5398.71,8.95,TRADE
VIC1,2025-06-23 06:30:00,5463.18,8.95,TRADE
VIC1,2025-06-23 06:35:00,5538.14,8.95,TRADE
VIC1,2025-06-23 06:40:00,5682.66,8.95,TRADE
VIC1,2025-06-23 06:45:00,5829.95,20.01,TRADE
VIC1,2025-06-23 06:50:00,5892.67,20.01,TRADE
VIC1,2025-06-23 06:55:00,5904.67,8.95,TRADE
VIC1,2025-06-23 07:00:00,6016.16,8.95,TRADE
VIC1,2025-06-23 07:05:00,6104.86,39.1,TRADE
VIC1,2025-06-23 07:10:00,6191.82,48.25,TRADE
VIC1,2025-06-23 07:15:00,6284.98,53.28,TRADE
VIC1,2025-06-23 07:20:00,6435.59,62.17,TRADE
VIC1,2025-06-23 07:25:00,6474.63,53.6,TRADE
VIC1,2025-06-23 07:30:00,6554.47,62.06,TRADE
VIC1,2025-06-23 07:35:00,6494.47,53.31,TRADE
VIC1,2025-06-23 07:40:00,6575.83,51.02,TRADE
VIC1,2025-06-23 07:45:00,6722.32,63.95,TRADE
VIC1,2025-06-23 07:50:00,6738.43,54.51,TRADE
VIC1,2025-06-23 07:55:00,6750.43,58.04,TRADE
VIC1,2025-06-23 08:00:00,6830.21,78.22,TRADE
VIC1,2025-06-23 08:05:00,6807.65,96.64,TRADE
VIC1,2025-06-23 08:10:00,6851.51,111.94,TRADE
VIC1,2025-06-23 08:15:00,6783.99,21.16,TRADE
VIC1,2025-06-23 08:20:00,6739.77,43.64,TRADE
VIC1,2025-06-23 08:25:00,6790.88,35.24,TRADE
VIC1,2025-06-23 08:30:00,6805.75,20.34,TRADE
VIC1,2025-06-23 08:35:00,6724.71,30.45,TRADE
VIC1,2025-06-23 08:40:00,6668.13,29.89,TRADE
VIC1,2025-06-23 08:45:00,6645.97,9.2,TRADE
VIC1,2025-06-23 08:50:00,6566.92,8.95,TRADE
VIC1,2025-06-23 08:55:00,6546.27,8.95,TRADE
VIC1,2025-06-23 09:00:00,6445.15,6.26,TRADE
VIC1,2025-06-23 09:05:00,6379.75,8.95,TRADE
VIC1,2025-06-23 09:10:00,6433.74,8.95,TRADE
VIC1,2025-06-23 09:15:00,6378.84,8.99,TRADE
VIC1,2025-06-23 09:20:00,6267.67,8.95,TRADE
VIC1,2025-06-23 09:25:00,6134.46,8.95,TRADE
VIC1,2025-06-23 09:30:00,6065.59,8.95,TRADE
VIC1,2025-06-23 09:35:00,5890.62,8.95,TRADE
VIC1,2025-06-23 09:40:00,5823.04,8.95,TRADE
VIC1,2025-06-23 09:45:00,5767.98,8.95,TRADE
VIC1,2025-06-23 09:50:00,5619.37,0.0,TRADE
VIC1,2025-06-23 09:55:00,5591.56,8.95,TRADE
VIC1,2025-06-23 10:00:00,5589.23,8.95,TRADE
VIC1,2025-06-23 10:05:00,5473.83,28.96,TRADE
VIC1,2025-06-23 10:10:00,5382.05,7.5,TRADE
VIC1,2025-06-23 10:15:00,5384.61,36.32,TRADE
VIC1,2025-06-23 10:20:00,5346.91,37.76,TRADE
VIC1,2025-06-23 10:25:00,5286.08,33.08,TRADE
VIC1,2025-06-23 10:30:00,5100.98,36.48,TRADE
VIC1,2025-06-23 10:35:00,5065.98,0.0,TRADE
VIC1,2025-06-23 10:40:00,5011.01,28.38,TRADE
VIC1,2025-06-23 10:45:00,4989.66,29.11,TRADE
VIC1,2025-06-23 10:50:00,4937.72,29.32,TRADE
VIC1,2025-06-23 10:55:00,4837.74,20.01,TRADE
VIC1,2025-06-23 11:00:00,4818.21,29.02,TRADE
VIC1,2025-06-23 11:05:00,4875.37,38.7,TRADE
VIC1,2025-06-23 11:10:00,4958.39,75.85,TRADE
VIC1,2025-06-23 11:15:00,4797.73,71.71,TRADE
VIC1,2025-06-23 11:20:00,4745.89,33.89,TRADE
VIC1,2025-06-23 11:25:00,4800.76,33.89,TRADE
VIC1,2025-06-23 11:30:00,4739.2,20.01,TRADE
VIC1,2025-06-23 11:35:00,4690.86,8.95,TRADE
VIC1,2025-06-23 11:40:00,4634.02,5.46,TRADE
VIC1,2025-06-23 11:45:00,4645.84,-20.0,TRADE
VIC1,2025-06-23 11:50:00,4630.03,0.0,TRADE
VIC1,2025-06-23 11:55:00,4533.37,0.0,TRADE
VIC1,2025-06-23 12:00:00,4390.89,-17.0,TRADE
VIC1,2025-06-23 12:05:00,4403.35,-11.68,TRADE
VIC1,2025-06-23 12:10:00,4455.63,-20.0,TRADE
VIC1,2025-06-23 12:15:00,4462.45,-25.1,TRADE
VIC1,2025-06-23 12:20:00,4401.15,-25.1,TRADE
VIC1,2025-06-23 12:25:00,4427.26,-20.0,TRADE
VIC1,2025-06-23 12:30:00,4355.69,-20.0,TRADE
VIC1,2025-06-23 12:35:00,4330.09,-20.0,TRADE
VIC1,2025-06-23 12:40:00,4365.83,-59.88,TRADE
VIC1,2025-06-23 12:45:00,4275.05,-23.46,TRADE
VIC1,2025-06-23 12:50:00,4271.4,-20.0,TRADE
VIC1,2025-06-23 12:55:00,4325.36,-23.43,TRADE
VIC1,2025-06-23 13:00:00,4351.32,-24.52,TRADE
VIC1,2025-06-23 13:05:00,4280.52,-20.0,TRADE
VIC1,2025-06-23 13:10:00,4393.55,-25.0,TRADE
VIC1,2025-06-23 13:15:00,4373.74,-20.0,TRADE
VIC1,2025-06-23 13:20:00,4378.91,-20.0,TRADE
VIC1,2025-06-23 13:25:00,4361.26,-20.0,TRADE
VIC1,2025-06-23 13:30:00,4317.83,-20.0,TRADE
VIC1,2025-06-23 13:35:00,4301.56,-20.0,TRADE
VIC1,2025-06-23 13:40:00,4340.59,-20.0,TRADE
VIC1,2025-06-23 13:45:00,4411.67,-20.0,TRADE
VIC1,2025-06-23 13:50:00,4442.1,-20.0,TRADE
VIC1,2025-06-23 13:55:00,4395.07,-19.05,TRADE
VIC1,2025-06-23 14:00:00,4438.22,-20.0,TRADE
VIC1,2025-06-23 14:05:00,4498.35,-19.99,TRADE
VIC1,2025-06-23 14:10:00,4495.37,-19.99,TRADE
VIC1,2025-06-23 14:15:00,4534.0,-18.27,TRADE
VIC1,2025-06-23 14:20:00,4509.64,-20.0,TRADE
VIC1,2025-06-23 14:25:00,4598.0,-2.69,TRADE
VIC1,2025-06-23 14:30:00,4576.22,5.07,TRADE
VIC1,2025-06-23 14:35:00,4551.58,0.0,TRADE
VIC1,2025-06-23 14:40:00,4609.26,33.89,TRADE
VIC1,2025-06-23 14:45:00,4638.69,20.01,TRADE
VIC1,2025-06-23 14:50:00,4713.87,19.93,TRADE
VIC1,2025-06-23 14:55:00,4693.94,8.95,TRADE
VIC1,2025-06-23 15:00:00,4782.11,8.95,TRADE
VIC1,2025-06-23 15:05:00,4907.29,26.3,TRADE
VIC1,2025-06-23 15:10:00,4895.52,8.95,TRADE
VIC1,2025-06-23 15:15:00,4878.27,0.0,TRADE
VIC1,2025-06-23 15:20:00,5002.35,25.79,TRADE
VIC1,2025-06-23 15:25:00,5034.69,19.97,TRADE
VIC1,2025-06-23 15:30:00,5062.12,19.19,TRADE
VIC1,2025-06-23 15:35:00,5170.81,19.19,TRADE
VIC1,2025-06-23 15:40:00,5252.54,-20.0,TRADE
VIC1,2025-06-23 15:45:00,5237.97,19.19,TRADE
VIC1,2025-06-23 15:50:00,5350.5,19.19,TRADE
VIC1,2025-06-23 15:55:00,5457.61,48.62,TRADE
VIC1,2025-06-23 16:00:00,5472.52,19.19,TRADE
VIC1,2025-06-23 16:05:00,5532.2,19.19,TRADE
VIC1,2025-06-23 16:10:00,5558.31,19.19,TRADE
VIC1,2025-06-23 16:15:00,5535.06,27.85,TRADE
VIC1,2025-06-23 16:20:00,5627.53,34.11,TRADE
VIC1,2025-06-23 16:25:00,5600.57,12.42,TRADE
VIC1,2025-06-23 16:30:00,5794.74,72.82,TRADE
VIC1,2025-06-23 16:35:00,5870.71,45.56,TRADE
VIC1,2025-06-23 16:40:00,5858.4,20.01,TRADE
VIC1,2025-06-23 16:45:00,6004.18,69.69,TRADE
VIC1,2025-06-23 16:50:00,6088.3,77.57,TRADE
VIC1,2025-06-23 16:55:00,6129.15,84.78,TRADE
VIC1,2025-06-23 17:00:00,6150.57,91.04,TRADE
VIC1,2025-06-23 17:05:00,6229.09,88.8,TRADE
VIC1,2025-06-23 17:10:00,6279.86,22.26,TRADE
VIC1,2025-06-23 17:15:00,6422.95,82.09,TRADE
VIC1,2025-06-23 17:20:00,6473.83,41.25,TRADE
VIC1,2025-06-23 17:25:00,6538.58,93.01,TRADE
VIC1,2025-06-23 17:30:00,6599.26,41.25,TRADE
VIC1,2025-06-23 17:35:00,6629.31,60.78,TRADE
VIC1,2025-06-23 17:40:00,6634.68,93.01,TRADE
VIC1,2025-06-23 17:45:00,6647.99,41.25,TRADE
VIC1,2025-06-23 17:50:00,6683.74,22.26,TRADE
VIC1,2025-06-23 17:55:00,6758.27,84.16,TRADE
VIC1,2025-06-23 18:00:00,6771.23,105.11,TRADE
VIC1,2025-06-23 18:05:00,6768.53,120.4,TRADE
VIC1,2025-06-23 18:10:00,6652.47,87.43,TRADE
VIC1,2025-06-23 18:15:00,6728.48,121.64,TRADE
VIC1,2025-06-23 18:20:00,6706.11,120.62,TRADE
VIC1,2025-06-23 18:25:00,6583.88,22.26,TRADE
VIC1,2025-06-23 18:30:00,6633.97,22.26,TRADE
VIC1,2025-06-23 18:35:00,6706.91,41.25,TRADE
VIC1,2025-06-23 18:40:00,6696.61,98.48,TRADE
VIC1,2025-06-23 18:45:00,6552.83,20.01,TRADE
VIC1,2025-06-23 18:50:00,6661.22,41.25,TRADE
VIC1,2025-06-23 18:55:00,6590.37,41.25,TRADE
VIC1,2025-06-23 19:00:00,6639.48,45.36,TRADE
VIC1,2025-06-23 19:05:00,6560.14,43.4,TRADE
VIC1,2025-06-23 19:10:00,6448.67,41.25,TRADE
VIC1,2025-06-23 19:15:00,6498.98,41.25,TRADE
VIC1,2025-06-23 19:20:00,6438.32,20.01,TRADE
VIC1,2025-06-23 19:25:00,6372.54,8.95,TRADE
VIC1,2025-06-23 19:30:00,6410.05,8.95,TRADE
VIC1,2025-06-23 19:35:00,6397.08,8.95,TRADE
VIC1,2025-06-23 19:40:00,6353.05,8.95,TRADE
VIC1,2025-06-23 19:45:00,6283.09,8.95,TRADE
VIC1,2025-06-23 19:50:00,6240.68,8.95,TRADE
VIC1,2025-06-23 19:55:00,6227.34,8.95,TRADE
VIC1,2025-06-23 20:00:00,6261.13,35.47,TRADE
VIC1,2025-06-23 20:05:00,6291.79,20.01,TRADE
VIC1,2025-06-23 20:10:00,6227.6,20.01,TRADE
VIC1,2025-06-23 20:15:00,6251.87,23.62,TRADE
VIC1,2025-06-23 20:20:00,6204.54,8.95,TRADE
VIC1,2025-06-23 20:25:00,6174.09,8.95,TRADE
VIC1,2025-06-23 20:30:00,6127.06,7.48,TRADE
VIC1,2025-06-23 20:35:00,6051.16,8.95,TRADE
VIC1,2025-06-23 20:40:00,6052.38,8.95,TRADE
VIC1,2025-06-23 20:45:00,6002.38,8.95,TRADE
VIC1,2025-06-23 20:50:00,6002.86,8.95,TRADE
VIC1,2025-06-23 20:55:00,5957.96,8.95,TRADE
VIC1,2025-06-23 21:00:00,5883.13,8.95,TRADE
VIC1,2025-06-23 21:05:00,5876.33,8.95,TRADE
VIC1,2025-06-23 21:10:00,5807.19,8.95,TRADE
VIC1,2025-06-23 21:15:00,5765.51,0.01,TRADE
VIC1,2025-06-23 21:20:00,5720.75,0.45,TRADE
VIC1,2025-06-23 21:25:00,5667.17,8.95,TRADE
VIC1,2025-06-23 21:30:00,5732.95,8.95,TRADE
VIC1,2025-06-23 21:35:00,5693.42,8.95,TRADE
VIC1,2025-06-23 21:40:00,5630.4,8.95,TRADE
VIC1,2025-06-23 21:45:00,5574.65,8.95,TRADE
VIC1,2025-06-23 21:50:00,5565.19,8.95,TRADE
VIC1,2025-06-23 21:55:00,5512.5,8.95,TRADE
VIC1,2025-06-23 22:00:00,5419.28,8.95,TRADE
VIC1,2025-06-23 22:05:00,5253.81,0.01,TRADE
VIC1,2025-06-23 22:10:00,5234.15,4.95,TRADE
VIC1,2025-06-23 22:15:00,5305.48,8.95,TRADE
VIC1,2025-06-23 22:20:00,5221.89,8.95,TRADE
VIC1,2025-06-23 22:25:00,5144.65,8.95,TRADE
VIC1,2025-06-23 22:30:00,5165.17,8.95,TRADE
VIC1,2025-06-23 22:35:00,5122.58,8.15,TRADE
VIC1,2025-06-23 22:40:00,5071.02,8.11,TRADE
VIC1,2025-06-23 22:45:00,4943.49,-13.52,TRADE
VIC1,2025-06-23 22:50:00,4925.15,-7.86,TRADE
VIC1,2025-06-23 22:55:00,4958.95,0.01,TRADE
VIC1,2025-06-23 23:00:00,4954.52,0.01,TRADE
VIC1,2025-06-23 23:05:00,4935.45,0.01,TRADE
VIC1,2025-06-23 23:10:00,5021.2,8.95,TRADE
VIC1,2025-06-23 23:15:00,5027.8,8.95,TRADE
VIC1,2025-06-23 23:20:00,5028.15,8.95,TRADE
VIC1,2025-06-23 23:25:00,4959.03,-7.32,TRADE
VIC1,2025-06-23 23:30:00,4929.7,0.77,TRADE
VIC1,2025-06-23 23:35:00,5012.07,8.95,TRADE
VIC1,2025-06-23 23:40:00,4983.54,8.95,TRADE
VIC1,2025-06-23 23:45:00,4808.89,-7.32,TRADE
VIC1,2025-06-23 23:50:00,4861.08,0.01,TRADE
VIC1,2025-06-23 23:55:00,4791.92,8.94,TRADE
VIC1,2025-06-24 00:00:00,4695.26,-13.52,TRADE
VIC1,2025-06-24 00:05:00,4746.73,0.01,TRADE
VIC1,2025-06-24 00:10:00,4717.64,0.01,TRADE
VIC1,2025-06-24 00:15:00,4616.57,-7.32,TRADE
VIC1,2025-06-24 00:20:00,4676.09,0.01,TRADE
VIC1,2025-06-24 00:25:00,4633.69,-7.32,TRADE
VIC1,2025-06-24 00:30:00,4555.59,-13.52,TRADE
VIC1,2025-06-24 00:35:00,4599.47,-7.32,TRADE
VIC1,2025-06-24 00:40:00,4597.57,-7.32,TRADE
VIC1,2025-06-24 00:45:00,4579.78,-13.52,TRADE
VIC1,2025-06-24 00:50:00,4534.49,-13.52,TRADE
VIC1,2025-06-24 00:55:00,4427.36,-13.66,TRADE
VIC1,2025-06-24 01:00:00,4435.68,-13.66,TRADE
VIC1,2025-06-24 01:05:00,4447.9,-13.52,TRADE
VIC1,2025-06-24 01:10:00,4378.63,-13.66,TRADE
VIC1,2025-06-24 01:15:00,4384.24,-13.66,TRADE
VIC1,2025-06-24 01:20:00,4382.36,-13.66,TRADE
VIC1,2025-06-24 01:25:00,4342.32,-13.66,TRADE
VIC1,2025-06-24 01:30:00,4263.23,-17.0,TRADE
VIC1,2025-06-24 01:35:00,4213.29,-18.15,TRADE
VIC1,2025-06-24 01:40:00,4159.26,-18.15,TRADE
VIC1,2025-06-24 01:45:00,4238.02,-18.15,TRADE
VIC1,2025-06-24 01:50:00,4245.57,-18.67,TRADE
VIC1,2025-06-24 01:55:00,4203.83,-18.63,TRADE
VIC1,2025-06-24 02:00:00,4181.96,-19.05,TRADE
VIC1,2025-06-24 02:05:00,4163.11,-18.15,TRADE
VIC1,2025-06-24 02:10:00,4164.09,-18.15,TRADE
VIC1,2025-06-24 02:15:00,4097.65,-18.69,TRADE
VIC1,2025-06-24 02:20:00,4158.79,-18.15,TRADE
VIC1,2025-06-24 02:25:00,4155.97,-18.84,TRADE
VIC1,2025-06-24 02:30:00,4121.45,-19.99,TRADE
VIC1,2025-06-24 02:35:00,4117.1,-18.15,TRADE
VIC1,2025-06-24 02:40:00,4100.91,-19.0,TRADE
VIC1,2025-06-24 02:45:00,4100.33,-19.5,TRADE
VIC1,2025-06-24 02:50:00,4083.64,-19.99,TRADE
VIC1,2025-06-24 02:55:00,3983.87,-19.97,TRADE
VIC1,2025-06-24 03:00:00,3987.45,-19.97,TRADE
VIC1,2025-06-24 03:05:00,4011.85,-19.78,TRADE
VIC1,2025-06-24 03:10:00,4058.48,-19.02,TRADE
VIC1,2025-06-24 03:15:00,4003.6,-19.24,TRADE
VIC1,2025-06-24 03:20:00,4036.87,-19.9,TRADE
VIC1,2025-06-24 03:25:00,4039.38,-19.99,TRADE
VIC1,2025-06-24 03:30:00,4011.21,-19.99,TRADE
VIC1,2025-06-24 03:35:00,3919.63,-19.99,TRADE
VIC1,2025-06-24 03:40:00,3940.53,-19.99,TRADE
VIC1,2025-06-24 03:45:00,4014.22,-19.39,TRADE
VIC1,2025-06-24 03:50:00,4025.75,-19.87,TRADE
VIC1,2025-06-24 03:55:00,4013.91,-19.87,TRADE
VIC1,2025-06-24 04:00:00,4029.41,-19.99,TRADE
VIC1,2025-06-24 04:05:00,4044.86,-17.62,TRADE
VIC1,2025-06-24 04:10:00,4065.62,-19.02,TRADE
VIC1,2025-06-24 04:15:00,3994.07,-19.75,TRADE
VIC1,2025-06-24 04:20:00,4013.21,-19.99,TRADE
VIC1,2025-06-24 04:25:00,4082.72,-19.28,TRADE
VIC1,2025-06-24 04:30:00,4103.56,-19.28,TRADE
VIC1,2025-06-24 04:35:00,4119.09,-19.74,TRADE
VIC1,2025-06-24 04:40:00,4124.98,-19.66,TRADE
VIC1,2025-06-24 04:45:00,4155.95,-19.88,TRADE
VIC1,2025-06-24 04:50:00,4169.13,-19.99,TRADE
VIC1,2025-06-24 04:55:00,4100.05,-19.99,TRADE
VIC1,2025-06-24 05:00:00,4118.58,-19.99,TRADE
VIC1,2025-06-24 05:05:00,4154.75,-19.97,TRADE
VIC1,2025-06-24 05:10:00,4305.78,-19.99,TRADE
VIC1,2025-06-24 05:15:00,4353.49,-19.99,TRADE
VIC1,2025-06-24 05:20:00,4393.63,-18.09,TRADE
VIC1,2025-06-24 05:25:00,4371.06,-13.66,TRADE
VIC1,2025-06-24 05:30:00,4457.65,-13.52,TRADE
VIC1,2025-06-24 05:35:00,4405.25,-17.0,TRADE
VIC1,2025-06-24 05:40:00,4427.75,-13.66,TRADE
VIC1,2025-06-24 05:45:00,4481.05,-13.66,TRADE
VIC1,2025-06-24 05:50:00,4535.6,-13.52,TRADE
VIC1,2025-06-24 05:55:00,4642.95,-11.11,TRADE
VIC1,2025-06-24 06:00:00,4717.83,-7.32,TRADE
VIC1,2025-06-24 06:05:00,4747.73,0.0,TRADE
VIC1,2025-06-24 06:10:00,4980.9,8.96,TRADE
VIC1,2025-06-24 06:15:00,5072.98,8.95,TRADE
VIC1,2025-06-24 06:20:00,5193.18,8.95,TRADE
VIC1,2025-06-24 06:25:00,5152.82,0.01,TRADE
VIC1,2025-06-24 06:30:00,5265.06,8.96,TRADE
VIC1,2025-06-24 06:35:00,5366.19,8.96,TRADE
VIC1,2025-06-24 06:40:00,5538.86,8.96,TRADE
VIC1,2025-06-24 06:45:00,5661.11,20.01,TRADE
VIC1,2025-06-24 06:50:00,5730.38,8.96,TRADE
VIC1,2025-06-24 06:55:00,5811.05,8.96,TRADE
VIC1,2025-06-24 07:00:00,5871.75,19.19,TRADE
VIC1,2025-06-24 07:05:00,5996.14,8.96,TRADE
VIC1,2025-06-24 07:10:00,6000.67,8.95,TRADE
VIC1,2025-06-24 07:15:00,6128.5,8.96,TRADE
VIC1,2025-06-24 07:20:00,6255.42,20.38,TRADE
VIC1,2025-06-24 07:25:00,6366.35,20.11,TRADE
VIC1,2025-06-24 07:30:00,6439.13,20.01,TRADE
VIC1,2025-06-24 07:35:00,6384.95,19.19,TRADE
VIC1,2025-06-24 07:40:00,6576.56,64.38,TRADE
VIC1,2025-06-24 07:45:00,6589.29,56.4,TRADE
VIC1,2025-06-24 07:50:00,6644.37,63.96,TRADE
VIC1,2025-06-24 07:55:00,6579.01,20.01,TRADE
VIC1,2025-06-24 08:00:00,6597.71,22.01,TRADE
VIC1,2025-06-24 08:05:00,6687.81,41.9,TRADE
VIC1,2025-06-24 08:10:00,6656.83,40.31,TRADE
VIC1,2025-06-24 08:15:00,6638.16,22.01,TRADE
VIC1,2025-06-24 08:20:00,6571.36,19.19,TRADE
VIC1,2025-06-24 08:25:00,6485.66,8.95,TRADE
VIC1,2025-06-24 08:30:00,6426.39,0.1,TRADE
VIC1,2025-06-24 08:35:00,6320.77,0.01,TRADE
VIC1,2025-06-24 08:40:00,6257.48,-7.32,TRADE
VIC1,2025-06-24 08:45:00,6212.59,0.01,TRADE
VIC1,2025-06-24 08:50:00,6204.64,0.01,TRADE
VIC1,2025-06-24 08:55:00,6219.9,8.95,TRADE
VIC1,2025-06-24 09:00:00,6153.06,8.95,TRADE
VIC1,2025-06-24 09:05:00,6141.97,8.95,TRADE
VIC1,2025-06-24 09:10:00,6131.95,8.95,TRADE
VIC1,2025-06-24 09:15:00,6146.05,8.95,TRADE
VIC1,2025-06-24 09:20:00,6091.93,8.95,TRADE
VIC1,2025-06-24 09:25:00,5973.78,8.95,TRADE
VIC1,2025-06-24 09:30:00,5975.53,8.95,TRADE
VIC1,2025-06-24 09:35:00,5995.81,8.95,TRADE
VIC1,2025-06-24 09:40:00,5927.18,8.95,TRADE
VIC1,2025-06-24 09:45:00,5885.69,8.95,TRADE
VIC1,2025-06-24 09:50:00,5820.47,0.01,TRADE
VIC1,2025-06-24 09:55:00,5807.27,20.01,TRADE
VIC1,2025-06-24 10:00:00,5908.17,8.95,TRADE
VIC1,2025-06-24 10:05:00,5901.12,33.89,TRADE
VIC1,2025-06-24 10:10:00,5892.72,8.95,TRADE
VIC1,2025-06-24 10:15:00,5835.85,8.96,TRADE
VIC1,2025-06-24 10:20:00,5722.78,8.95,TRADE
VIC1,2025-06-24 10:25:00,5636.32,8.95,TRADE
VIC1,2025-06-24 10:30:00,5632.57,8.95,TRADE
VIC1,2025-06-24 10:35:00,5688.59,8.95,TRADE
VIC1,2025-06-24 10:40:00,5706.13,8.95,TRADE
VIC1,2025-06-24 10:45:00,5667.3,8.95,TRADE
VIC1,2025-06-24 10:50:00,5640.34,8.95,TRADE
VIC1,2025-06-24 10:55:00,5607.91,0.0,TRADE
VIC1,2025-06-24 11:00:00,5545.96,8.95,TRADE
VIC1,2025-06-24 11:05:00,5434.42,8.95,TRADE
VIC1,2025-06-24 11:10:00,5456.43,8.95,TRADE
VIC1,2025-06-24 11:15:00,5505.6,8.95,TRADE
VIC1,2025-06-24 11:20:00,5417.27,0.0,TRADE
VIC1,2025-06-24 11:25:00,5607.91,19.59,TRADE
VIC1,2025-06-24 11:30:00,5657.15,0.0,TRADE
VIC1,2025-06-24 11:35:00,5739.01,30.58,TRADE
VIC1,2025-06-24 11:40:00,5767.34,29.43,TRADE
VIC1,2025-06-24 11:45:00,5802.76,29.27,TRADE
VIC1,2025-06-24 11:50:00,5829.88,41.4,TRADE
VIC1,2025-06-24 11:55:00,5817.95,19.19,TRADE
VIC1,2025-06-24 12:00:00,5898.9,20.01,TRADE
VIC1,2025-06-24 12:05:00,5866.73,11.2,TRADE
VIC1,2025-06-24 12:10:00,5458.09,24.45,TRADE
VIC1,2025-06-24 12:15:00,5483.19,17.76,TRADE
VIC1,2025-06-24 12:20:00,5490.7,28.87,TRADE
VIC1,2025-06-24 12:25:00,5507.4,19.19,TRADE
VIC1,2025-06-24 12:30:00,5412.49,19.19,TRADE
VIC1,2025-06-24 12:35:00,5490.52,28.0,TRADE
VIC1,2025-06-24 12:40:00,5593.53,28.91,TRADE
VIC1,2025-06-24 12:45:00,5570.29,20.01,TRADE
VIC1,2025-06-24 12:50:00,5594.19,29.73,TRADE
VIC1,2025-06-24 12:55:00,5618.23,28.95,TRADE
VIC1,2025-06-24 13:00:00,5494.07,19.19,TRADE
VIC1,2025-06-24 13:05:00,5452.66,19.19,TRADE
VIC1,2025-06-24 13:10:00,5444.45,0.0,TRADE
VIC1,2025-06-24 13:15:00,5384.96,0.0,TRADE
VIC1,2025-06-24 13:20:00,5351.98,8.95,TRADE
VIC1,2025-06-24 13:25:00,5259.61,-12.86,TRADE
VIC1,2025-06-24 13:30:00,5277.4,-12.84,TRADE
VIC1,2025-06-24 13:35:00,5296.41,0.0,TRADE
VIC1,2025-06-24 13:40:00,5346.88,8.95,TRADE
VIC1,2025-06-24 13:45:00,5378.09,0.0,TRADE
VIC1,2025-06-24 13:50:00,5478.4,20.01,TRADE
VIC1,2025-06-24 13:55:00,5595.33,0.0,TRADE
VIC1,2025-06-24 14:00:00,5613.56,31.44,TRADE
VIC1,2025-06-24 14:05:00,5542.95,20.01,TRADE
VIC1,2025-06-24 14:10:00,5554.08,29.57,TRADE
VIC1,2025-06-24 14:15:00,5566.88,28.33,TRADE
VIC1,2025-06-24 14:20:00,5590.79,19.19,TRADE
VIC1,2025-06-24 14:25:00,5563.65,26.81,TRADE
VIC1,2025-06-24 14:30:00,5589.83,28.92,TRADE
VIC1,2025-06-24 14:35:00,5708.14,38.5,TRADE
VIC1,2025-06-24 14:40:00,5724.07,27.11,TRADE
VIC1,2025-06-24 14:45:00,5731.63,38.52,TRADE
VIC1,2025-06-24 14:50:00,5907.8,23.64,TRADE
VIC1,2025-06-24 14:55:00,6031.91,29.08,TRADE
VIC1,2025-06-24 15:00:00,6089.11,40.85,TRADE
VIC1,2025-06-24 15:05:00,6009.54,23.59,TRADE
VIC1,2025-06-24 15:10:00,6044.29,23.36,TRADE
VIC1,2025-06-24 15:15:00,6165.74,37.4,TRADE
VIC1,2025-06-24 15:20:00,6200.97,20.04,TRADE
VIC1,2025-06-24 15:25:00,6215.24,35.95,TRADE
VIC1,2025-06-24 15:30:00,6262.04,27.78,TRADE
VIC1,2025-06-24 15:35:00,6300.82,-9.42,TRADE
VIC1,2025-06-24 15:40:00,6414.7,19.19,TRADE
VIC1,2025-06-24 15:45:00,6434.99,27.33,TRADE
VIC1,2025-06-24 15:50:00,6433.73,36.8,TRADE
VIC1,2025-06-24 15:55:00,6604.9,43.06,TRADE
VIC1,2025-06-24 16:00:00,6690.3,79.95,TRADE
VIC1,2025-06-24 16:05:00,6663.46,42.15,TRADE
VIC1,2025-06-24 16:10:00,6815.87,84.12,TRADE
VIC1,2025-06-24 16:15:00,6831.32,42.96,TRADE
VIC1,2025-06-24 16:20:00,6935.73,71.88,TRADE
VIC1,2025-06-24 16:25:00,6902.41,77.9,TRADE
VIC1,2025-06-24 16:30:00,6965.33,94.92,TRADE
VIC1,2025-06-24 16:35:00,7015.88,94.05,TRADE
VIC1,2025-06-24 16:40:00,7191.51,100.63,TRADE
VIC1,2025-06-24 16:45:00,7237.02,110.08,TRADE
VIC1,2025-06-24 16:50:00,7325.48,112.75,TRADE
VIC1,2025-06-24 16:55:00,7412.5,140.95,TRADE
VIC1,2025-06-24 17:00:00,7446.98,145.14,TRADE
VIC1,2025-06-24 17:05:00,7495.53,143.94,TRADE
VIC1,2025-06-24 17:10:00,7407.04,137.97,TRADE
VIC1,2025-06-24 17:15:00,7524.22,141.99,TRADE
VIC1,2025-06-24 17:20:00,7641.09,187.89,TRADE
VIC1,2025-06-24 17:25:00,7738.77,154.06,TRADE
VIC1,2025-06-24 17:30:00,7784.26,152.74,TRADE
VIC1,2025-06-24 17:35:00,7835.19,164.17,TRADE
VIC1,2025-06-24 17:40:00,7834.88,200.9,TRADE
VIC1,2025-06-24 17:45:00,7857.21,200.71,TRADE
VIC1,2025-06-24 17:50:00,7790.39,163.12,TRADE
VIC1,2025-06-24 17:55:00,7851.41,174.36,TRADE
VIC1,2025-06-24 18:00:00,7945.45,190.53,TRADE
VIC1,2025-06-24 18:05:00,7940.63,187.5,TRADE
VIC1,2025-06-24 18:10:00,7785.68,187.5,TRADE
VIC1,2025-06-24 18:15:00,7904.67,175.71,TRADE
VIC1,2025-06-24 18:20:00,7916.08,183.22,TRADE
VIC1,2025-06-24 18:25:00,7889.64,190.74,TRADE
VIC1,2025-06-24 18:30:00,7784.08,180.64,TRADE
VIC1,2025-06-24 18:35:00,7742.18,185.4,TRADE
VIC1,2025-06-24 18:40:00,7775.83,189.77,TRADE
VIC1,2025-06-24 18:45:00,7802.06,187.27,TRADE
VIC1,2025-06-24 18:50:00,7757.04,277.27,TRADE
VIC1,2025-06-24 18:55:00,7752.27,379.5,TRADE
VIC1,2025-06-24 19:00:00,7719.6,313.33,TRADE
VIC1,2025-06-24 19:05:00,7723.58,307.84,TRADE
VIC1,2025-06-24 19:10:00,7572.15,326.75,TRADE
VIC1,2025-06-24 19:15:00,7540.59,196.41,TRADE
VIC1,2025-06-24 19:20:00,7561.95,31.81,TRADE
VIC1,2025-06-24 19:25:00,7529.66,131.58,TRADE
VIC1,2025-06-24 19:30:00,7548.06,131.58,TRADE
VIC1,2025-06-24 19:35:00,7487.72,143.98,TRADE
VIC1,2025-06-24 19:40:00,7486.31,143.98,TRADE
VIC1,2025-06-24 19:45:00,7405.93,131.58,TRADE
VIC1,2025-06-24 19:50:00,7406.89,121.44,TRADE
VIC1,2025-06-24 19:55:00,7422.65,38.51,TRADE
VIC1,2025-06-24 20:00:00,7310.91,38.45,TRADE
VIC1,2025-06-24 20:05:00,7334.43,271.45,TRADE
VIC1,2025-06-24 20:10:00,7318.76,268.35,TRADE
VIC1,2025-06-24 20:15:00,7251.0,213.79,TRADE
VIC1,2025-06-24 20:20:00,7264.8,242.44,TRADE
VIC1,2025-06-24 20:25:00,7191.01,228.23,TRADE
VIC1,2025-06-24 20:30:00,7204.34,87.69,TRADE
VIC1,2025-06-24 20:35:00,7095.43,234.23,TRADE
VIC1,2025-06-24 20:40:00,7037.49,87.63,TRADE
VIC1,2025-06-24 20:45:00,7045.72,208.05,TRADE
VIC1,2025-06-24 20:50:00,7001.93,105.59,TRADE
VIC1,2025-06-24 20:55:00,6841.5,58.86,TRADE
VIC1,2025-06-24 21:00:00,6891.13,85.3,TRADE
VIC1,2025-06-24 21:05:00,6840.57,77.21,TRADE
VIC1,2025-06-24 21:10:00,6790.76,63.64,TRADE
VIC1,2025-06-24 21:15:00,6673.54,72.18,TRADE
VIC1,2025-06-24 21:20:00,6612.87,20.01,TRADE
VIC1,2025-06-24 21:25:00,6588.34,8.95,TRADE
VIC1,2025-06-24 21:30:00,6501.52,8.95,TRADE
VIC1,2025-06-24 21:35:00,6446.68,8.95,TRADE
VIC1,2025-06-24 21:40:00,6328.76,8.95,TRADE
VIC1,2025-06-24 21:45:00,6328.61,8.95,TRADE
VIC1,2025-06-24 21:50:00,6266.78,8.95,TRADE
VIC1,2025-06-24 21:55:00,6246.17,8.95,TRADE
VIC1,2025-06-24 22:00:00,6138.19,8.95,TRADE
VIC1,2025-06-24 22:05:00,5972.98,-11.11,TRADE
VIC1,2025-06-24 22:10:00,6004.99,8.95,TRADE
VIC1,2025-06-24 22:15:00,5961.37,0.0,TRADE
VIC1,2025-06-24 22:20:00,5858.54,0.0,TRADE
VIC1,2025-06-24 22:25:00,5862.34,8.95,TRADE
VIC1,2025-06-24 22:30:00,5817.18,8.95,TRADE
VIC1,2025-06-24 22:35:00,5767.02,8.95,TRADE
VIC1,2025-06-24 22:40:00,5631.76,0.0,TRADE
VIC1,2025-06-24 22:45:00,5588.44,8.02,TRADE
VIC1,2025-06-24 22:50:00,5600.46,8.95,TRADE
VIC1,2025-06-24 22:55:00,5555.71,8.95,TRADE
VIC1,2025-06-24 23:00:00,5498.81,8.96,TRADE
VIC1,2025-06-24 23:05:00,5500.41,8.95,TRADE
VIC1,2025-06-24 23:10:00,5619.03,20.01,TRADE
VIC1,2025-06-24 23:15:00,5596.51,8.96,TRADE
VIC1,2025-06-24 23:20:00,5502.02,0.0,TRADE
VIC1,2025-06-24 23:25:00,5574.51,8.95,TRADE
VIC1,2025-06-24 23:30:00,5561.28,2.95,TRADE
VIC1,2025-06-24 23:35:00,5481.47,0.0,TRADE
VIC1,2025-06-24 23:40:00,5509.48,8.95,TRADE
VIC1,2025-06-24 23:45:00,5467.28,8.95,TRADE
VIC1,2025-06-24 23:50:00,5402.24,7.89,TRADE
VIC1,2025-06-24 23:55:00,5322.75,-18.15,TRADE
VIC1,2025-06-25 00:00:00,5236.44,-13.66,TRADE
VIC1,2025-06-25 00:05:00,5300.8,0.0,TRADE
VIC1,2025-06-25 00:10:00,5261.65,0.0,TRADE
VIC1,2025-06-25 00:15:00,5147.32,-7.32,TRADE
VIC1,2025-06-25 00:20:00,5183.58,0.01,TRADE
VIC1,2025-06-25 00:25:00,5153.06,12.51,TRADE
VIC1,2025-06-25 00:30:00,5131.14,0.01,TRADE
VIC1,2025-06-25 00:35:00,5071.03,8.09,TRADE
VIC1,2025-06-25 00:40:00,5004.52,1.0,TRADE
VIC1,2025-06-25 00:45:00,5041.36,8.95,TRADE
VIC1,2025-06-25 00:50:00,5041.83,8.95,TRADE
VIC1,2025-06-25 00:55:00,5000.51,2.95,TRADE
VIC1,2025-06-25 01:00:00,5032.72,7.73,TRADE
VIC1,2025-06-25 01:05:00,4984.27,8.35,TRADE
VIC1,2025-06-25 01:10:00,4997.14,8.96,TRADE
VIC1,2025-06-25 01:15:00,4910.97,0.0,TRADE
VIC1,2025-06-25 01:20:00,4875.39,7.89,TRADE
VIC1,2025-06-25 01:25:00,4915.15,8.95,TRADE
VIC1,2025-06-25 01:30:00,4888.82,0.01,TRADE
VIC1,2025-06-25 01:35:00,4826.65,0.0,TRADE
VIC1,2025-06-25 01:40:00,4794.14,8.45,TRADE
VIC1,2025-06-25 01:45:00,4828.44,8.96,TRADE
VIC1,2025-06-25 01:50:00,4762.86,8.95,TRADE
VIC1,2025-06-25 01:55:00,4687.02,0.24,TRADE
VIC1,2025-06-25 02:00:00,4641.58,0.0,TRADE
VIC1,2025-06-25 02:05:00,4740.93,8.96,TRADE
VIC1,2025-06-25 02:10:00,4693.28,8.96,TRADE
VIC1,2025-06-25 02:15:00,4649.15,0.15,TRADE
VIC1,2025-06-25 02:20:00,4685.25,8.95,TRADE
VIC1,2025-06-25 02:25:00,4682.39,8.42,TRADE
VIC1,2025-06-25 02:30:00,4690.52,0.0,TRADE
VIC1,2025-06-25 02:35:00,4570.85,0.0,TRADE
VIC1,2025-06-25 02:40:00,4590.69,0.01,TRADE
VIC1,2025-06-25 02:45:00,4507.65,0.0,TRADE
VIC1,2025-06-25 02:50:00,4488.55,0.53,TRADE
VIC1,2025-06-25 02:55:00,4613.34,0.01,TRADE
VIC1,2025-06-25 03:00:00,4577.73,-0.92,TRADE
VIC1,2025-06-25 03:05:00,4541.06,0.0,TRADE
VIC1,2025-06-25 03:10:00,4554.56,8.85,TRADE
VIC1,2025-06-25 03:15:00,4571.86,8.95,TRADE
VIC1,2025-06-25 03:20:00,4599.52,0.0,TRADE
VIC1,2025-06-25 03:25:00,4466.72,-13.52,TRADE
VIC1,2025-06-25 03:30:00,4436.07,0.0,TRADE
VIC1,2025-06-25 03:35:00,4487.0,8.42,TRADE
VIC1,2025-06-25 03:40:00,4514.6,8.24,TRADE
VIC1,2025-06-25 03:45:00,4563.94,0.0,TRADE
VIC1,2025-06-25 03:50:00,4559.71,0.0,TRADE
VIC1,2025-06-25 03:55:00,4523.08,0.0,TRADE
VIC1,2025-06-25 04:00:00,4541.23,8.95,TRADE
VIC1,2025-06-25 04:05:00,4476.33,0.0,TRADE
VIC1,2025-06-25 04:10:00,4494.07,-8.47,TRADE
VIC1,2025-06-25 04:15:00,4556.98,7.8,TRADE
VIC1,2025-06-25 04:20:00,4562.59,8.79,TRADE
VIC1,2025-06-25 04:25:00,4566.76,-8.35,TRADE
VIC1,2025-06-25 04:30:00,4505.5,-13.52,TRADE
VIC1,2025-06-25 04:35:00,4556.48,-7.32,TRADE
VIC1,2025-06-25 04:40:00,4537.82,-8.12,TRADE
VIC1,2025-06-25 04:45:00,4605.93,-8.29,TRADE
VIC1,2025-06-25 04:50:00,4627.37,-11.11,TRADE
VIC1,2025-06-25 04:55:00,4572.6,-13.52,TRADE
VIC1,2025-06-25 05:00:00,4599.28,0.0,TRADE
VIC1,2025-06-25 05:05:00,4685.3,7.95,TRADE
VIC1,2025-06-25 05:10:00,4779.44,11.07,TRADE
VIC1,2025-06-25 05:15:00,4865.31,9.24,TRADE
VIC1,2025-06-25 05:20:00,4903.78,8.95,TRADE
VIC1,2025-06-25 05:25:00,4960.01,8.95,TRADE
VIC1,2025-06-25 05:30:00,4986.24,8.95,TRADE
VIC1,2025-06-25 05:35:00,5004.87,8.95,TRADE
VIC1,2025-06-25 05:40:00,5097.68,8.95,TRADE
VIC1,2025-06-25 05:45:00,5161.49,16.6,TRADE
VIC1,2025-06-25 05:50:00,5185.78,17.76,TRADE
VIC1,2025-06-25 05:55:00,5254.5,19.19,TRADE
VIC1,2025-06-25 06:00:00,5393.51,20.01,TRADE
VIC1,2025-06-25 06:05:00,5458.38,19.19,TRADE
VIC1,2025-06-25 06:10:00,5632.86,19.19,TRADE
VIC1,2025-06-25 06:15:00,5742.8,19.19,TRADE
VIC1,2025-06-25 06:20:00,5868.9,19.19,TRADE
VIC1,2025-06-25 06:25:00,5902.73,19.19,TRADE
VIC1,2025-06-25 06:30:00,5956.04,20.01,TRADE
VIC1,2025-06-25 06:35:00,6010.79,19.19,TRADE
VIC1,2025-06-25 06:40:00,6121.37,19.19,TRADE
VIC1,2025-06-25 06:45:00,6234.23,20.01,TRADE
VIC1,2025-06-25 06:50:00,6309.9,20.01,TRADE
VIC1,2025-06-25 06:55:00,6396.65,21.75,TRADE
VIC1,2025-06-25 07:00:00,6508.05,107.52,TRADE
VIC1,2025-06-25 07:05:00,6602.64,111.09,TRADE
VIC1,2025-06-25 07:10:00,6662.04,111.86,TRADE
VIC1,2025-06-25 07:15:00,6835.19,110.19,TRADE
VIC1,2025-06-25 07:20:00,6922.11,112.92,TRADE
VIC1,2025-06-25 07:25:00,7034.6,114.79,TRADE
VIC1,2025-06-25 07:30:00,7095.77,104.35,TRADE
VIC1,2025-06-25 07:35:00,7166.15,99.13,TRADE
VIC1,2025-06-25 07:40:00,7247.65,104.8,TRADE
VIC1,2025-06-25 07:45:00,7308.17,108.5,TRADE
VIC1,2025-06-25 07:50:00,7350.51,107.34,TRADE
VIC1,2025-06-25 07:55:00,7405.69,93.01,TRADE
VIC1,2025-06-25 08:00:00,7412.98,93.01,TRADE
VIC1,2025-06-25 08:05:00,7449.62,93.01,TRADE
VIC1,2025-06-25 08:10:00,7500.25,132.72,TRADE
VIC1,2025-06-25 08:15:00,7516.51,93.01,TRADE
VIC1,2025-06-25 08:20:00,7531.32,93.01,TRADE
VIC1,2025-06-25 08:25:00,7477.05,93.01,TRADE
VIC1,2025-06-25 08:30:00,7383.65,20.11,TRADE
VIC1,2025-06-25 08:35:00,7392.4,55.34,TRADE
VIC1,2025-06-25 08:40:00,7256.46,28.59,TRADE
VIC1,2025-06-25 08:45:00,7200.41,20.11,TRADE
VIC1,2025-06-25 08:50:00,7187.4,20.11,TRADE
VIC1,2025-06-25 08:55:00,7172.44,11.0,TRADE
VIC1,2025-06-25 09:00:00,7132.58,8.95,TRADE
VIC1,2025-06-25 09:05:00,7126.84,10.66,TRADE
VIC1,2025-06-25 09:10:00,7094.44,33.89,TRADE
VIC1,2025-06-25 09:15:00,6994.46,20.11,TRADE
VIC1,2025-06-25 09:20:00,6926.44,33.39,TRADE
VIC1,2025-06-25 09:25:00,6852.12,33.89,TRADE
VIC1,2025-06-25 09:30:00,6828.59,8.96,TRADE
VIC1,2025-06-25 09:35:00,6818.26,20.04,TRADE
VIC1,2025-06-25 09:40:00,6855.42,33.89,TRADE
VIC1,2025-06-25 09:45:00,6915.97,20.01,TRADE
VIC1,2025-06-25 09:50:00,6936.86,-13.66,TRADE
VIC1,2025-06-25 09:55:00,6991.35,0.0,TRADE
VIC1,2025-06-25 10:00:00,7074.17,8.95,TRADE
VIC1,2025-06-25 10:05:00,7123.03,20.04,TRADE
VIC1,2025-06-25 10:10:00,7101.67,8.96,TRADE
VIC1,2025-06-25 10:15:00,6986.26,8.96,TRADE
VIC1,2025-06-25 10:20:00,6958.67,20.01,TRADE
VIC1,2025-06-25 10:25:00,6937.67,32.2,TRADE
VIC1,2025-06-25 10:30:00,6864.88,8.96,TRADE
VIC1,2025-06-25 10:35:00,6840.64,15.11,TRADE
VIC1,2025-06-25 10:40:00,6788.8,14.58,TRADE
VIC1,2025-06-25 10:45:00,6729.55,35.95,TRADE
VIC1,2025-06-25 10:50:00,6814.62,35.95,TRADE
VIC1,2025-06-25 10:55:00,6919.36,75.84,TRADE
VIC1,2025-06-25 11:00:00,6922.55,35.95,TRADE
VIC1,2025-06-25 11:05:00,6926.08,54.81,TRADE
VIC1,2025-06-25 11:10:00,6903.41,25.26,TRADE
VIC1,2025-06-25 11:15:00,6864.43,35.95,TRADE
VIC1,2025-06-25 11:20:00,6792.52,35.95,TRADE
VIC1,2025-06-25 11:25:00,6736.69,13.72,TRADE
VIC1,2025-06-25 11:30:00,6655.61,13.41,TRADE
VIC1,2025-06-25 11:35:00,6518.63,35.95,TRADE
VIC1,2025-06-25 11:40:00,6393.62,13.31,TRADE
VIC1,2025-06-25 11:45:00,6315.08,13.02,TRADE
VIC1,2025-06-25 11:50:00,6179.39,13.31,TRADE
VIC1,2025-06-25 11:55:00,6125.49,20.11,TRADE
VIC1,2025-06-25 12:00:00,6096.76,35.95,TRADE
VIC1,2025-06-25 12:05:00,6116.38,46.24,TRADE
VIC1,2025-06-25 12:10:00,6170.32,46.24,TRADE
VIC1,2025-06-25 12:15:00,6224.4,19.97,TRADE
VIC1,2025-06-25 12:20:00,6303.34,20.11,TRADE
VIC1,2025-06-25 12:25:00,6367.66,20.11,TRADE
VIC1,2025-06-25 12:30:00,6433.98,25.18,TRADE
VIC1,2025-06-25 12:35:00,6445.41,46.33,TRADE
VIC1,2025-06-25 12:40:00,6438.88,82.79,TRADE
VIC1,2025-06-25 12:45:00,6519.91,74.31,TRADE
VIC1,2025-06-25 12:50:00,6531.45,55.65,TRADE
VIC1,2025-06-25 12:55:00,6482.25,46.24,TRADE
VIC1,2025-06-25 13:00:00,6420.99,35.95,TRADE
VIC1,2025-06-25 13:05:00,6316.45,32.61,TRADE
VIC1,2025-06-25 13:10:00,6188.15,33.55,TRADE
VIC1,2025-06-25 13:15:00,6107.85,31.65,TRADE
VIC1,2025-06-25 13:20:00,6044.2,20.11,TRADE
VIC1,2025-06-25 13:25:00,6010.63,27.25,TRADE
VIC1,2025-06-25 13:30:00,6110.99,27.53,TRADE
VIC1,2025-06-25 13:35:00,6252.43,33.39,TRADE
VIC1,2025-06-25 13:40:00,6334.87,88.66,TRADE
VIC1,2025-06-25 13:45:00,6393.7,71.21,TRADE
VIC1,2025-06-25 13:50:00,6393.26,34.37,TRADE
VIC1,2025-06-25 13:55:00,6431.42,46.24,TRADE
VIC1,2025-06-25 14:00:00,6410.84,34.91,TRADE
VIC1,2025-06-25 14:05:00,6412.55,46.24,TRADE
VIC1,2025-06-25 14:10:00,6451.49,46.33,TRADE
VIC1,2025-06-25 14:15:00,6470.14,46.24,TRADE
VIC1,2025-06-25 14:20:00,6421.9,33.85,TRADE
VIC1,2025-06-25 14:25:00,6432.76,34.61,TRADE
VIC1,2025-06-25 14:30:00,6397.05,33.75,TRADE
VIC1,2025-06-25 14:35:00,6454.47,34.2,TRADE
VIC1,2025-06-25 14:40:00,6425.28,32.3,TRADE
VIC1,2025-06-25 14:45:00,6484.15,26.78,TRADE
VIC1,2025-06-25 14:50:00,6560.81,66.55,TRADE
VIC1,2025-06-25 14:55:00,6659.03,71.4,TRADE
VIC1,2025-06-25 15:00:00,6727.85,75.85,TRADE
VIC1,2025-06-25 15:05:00,6784.32,110.69,TRADE
VIC1,2025-06-25 15:10:00,6790.97,93.39,TRADE
VIC1,2025-06-25 15:15:00,6785.66,109.36,TRADE
VIC1,2025-06-25 15:20:00,6804.47,106.99,TRADE
VIC1,2025-06-25 15:25:00,6796.04,84.8,TRADE
VIC1,2025-06-25 15:30:00,6754.41,98.53,TRADE
VIC1,2025-06-25 15:35:00,6753.78,56.36,TRADE
VIC1,2025-06-25 15:40:00,6821.51,42.45,TRADE
VIC1,2025-06-25 15:45:00,6863.98,90.0,TRADE
VIC1,2025-06-25 15:50:00,6955.37,90.0,TRADE
VIC1,2025-06-25 15:55:00,7023.28,119.76,TRADE
VIC1,2025-06-25 16:00:00,7111.23,133.36,TRADE
VIC1,2025-06-25 16:05:00,7165.57,131.0,TRADE
VIC1,2025-06-25 16:10:00,7298.38,200.32,TRADE
VIC1,2025-06-25 16:15:00,7421.35,184.07,TRADE
VIC1,2025-06-25 16:20:00,7490.69,189.6,TRADE
VIC1,2025-06-25 16:25:00,7576.26,205.8,TRADE
VIC1,2025-06-25 16:30:00,7641.67,158.41,TRADE
VIC1,2025-06-25 16:35:00,7752.09,136.35,TRADE
VIC1,2025-06-25 16:40:00,7799.53,140.18,TRADE
VIC1,2025-06-25 16:45:00,7893.05,160.14,TRADE
VIC1,2025-06-25 16:50:00,7950.84,162.48,TRADE
VIC1,2025-06-25 16:55:00,8059.84,169.83,TRADE
VIC1,2025-06-25 17:00:00,8091.66,211.69,TRADE
VIC1,2025-06-25 17:05:00,8064.31,171.28,TRADE
VIC1,2025-06-25 17:10:00,8131.45,170.42,TRADE
VIC1,2025-06-25 17:15:00,8200.34,168.71,TRADE
VIC1,2025-06-25 17:20:00,8277.46,182.31,TRADE
VIC1,2025-06-25 17:25:00,8336.96,212.3,TRADE
VIC1,2025-06-25 17:30:00,8378.83,212.51,TRADE
VIC1,2025-06-25 17:35:00,8413.57,223.05,TRADE
VIC1,2025-06-25 17:40:00,8444.84,270.82,TRADE
VIC1,2025-06-25 17:45:00,8465.13,214.83,TRADE
VIC1,2025-06-25 17:50:00,8550.99,229.45,TRADE
VIC1,2025-06-25 17:55:00,8517.3,212.47,TRADE
VIC1,2025-06-25 18:00:00,8532.22,256.2,TRADE
VIC1,2025-06-25 18:05:00,8534.46,230.39,TRADE
VIC1,2025-06-25 18:10:00,8435.81,211.3,TRADE
VIC1,2025-06-25 18:15:00,8464.15,222.83,TRADE
VIC1,2025-06-25 18:20:00,8472.63,214.65,TRADE
VIC1,2025-06-25 18:25:00,8470.0,189.66,TRADE
VIC1,2025-06-25 18:30:00,8439.89,210.66,TRADE
VIC1,2025-06-25 18:35:00,8364.53,205.82,TRADE
VIC1,2025-06-25 18:40:00,8389.39,218.04,TRADE
VIC1,2025-06-25 18:45:00,8338.35,213.03,TRADE
VIC1,2025-06-25 18:50:00,8362.63,216.08,TRADE
VIC1,2025-06-25 18:55:00,8356.57,217.73,TRADE
VIC1,2025-06-25 19:00:00,8307.69,217.6,TRADE
VIC1,2025-06-25 19:05:00,8326.15,225.27,TRADE
VIC1,2025-06-25 19:10:00,8214.29,217.57,TRADE
VIC1,2025-06-25 19:15:00,8246.21,224.15,TRADE
VIC1,2025-06-25 19:20:00,8203.41,226.1,TRADE
VIC1,2025-06-25 19:25:00,8166.95,227.97,TRADE
VIC1,2025-06-25 19:30:00,8104.83,295.39,TRADE
VIC1,2025-06-25 19:35:00,8027.7,292.84,TRADE
VIC1,2025-06-25 19:40:00,8022.09,225.54,TRADE
VIC1,2025-06-25 19:45:00,7988.28,220.57,TRADE
VIC1,2025-06-25 19:50:00,7997.01,223.08,TRADE
VIC1,2025-06-25 19:55:00,7958.18,218.86,TRADE
VIC1,2025-06-25 20:00:00,7904.51,220.64,TRADE
VIC1,2025-06-25 20:05:00,7904.61,218.63,TRADE
VIC1,2025-06-25 20:10:00,7814.84,172.57,TRADE
VIC1,2025-06-25 20:15:00,7767.67,173.92,TRADE
VIC1,2025-06-25 20:20:00,7828.14,175.27,TRADE
VIC1,2025-06-25 20:25:00,7780.04,174.83,TRADE
VIC1,2025-06-25 20:30:00,7744.38,174.79,TRADE
VIC1,2025-06-25 20:35:00,7709.37,177.16,TRADE
VIC1,2025-06-25 20:40:00,7577.77,174.06,TRADE
VIC1,2025-06-25 20:45:00,7542.14,224.49,TRADE
VIC1,2025-06-25 20:50:00,7440.86,178.27,TRADE
VIC1,2025-06-25 20:55:00,7406.57,172.15,TRADE
VIC1,2025-06-25 21:00:00,7362.49,172.69,TRADE
VIC1,2025-06-25 21:05:00,7309.3,163.64,TRADE
VIC1,2025-06-25 21:10:00,7308.59,172.97,TRADE
VIC1,2025-06-25 21:15:00,7227.28,178.94,TRADE
VIC1,2025-06-25 21:20:00,7243.54,279.8,TRADE
VIC1,2025-06-25 21:25:00,7197.01,227.97,TRADE
VIC1,2025-06-25 21:30:00,7087.9,196.35,TRADE
VIC1,2025-06-25 21:35:00,7028.6,215.88,TRADE
VIC1,2025-06-25 21:40:00,6909.08,174.51,TRADE
VIC1,2025-06-25 21:45:00,6920.53,227.97,TRADE
VIC1,2025-06-25 21:50:00,6859.69,199.09,TRADE
VIC1,2025-06-25 21:55:00,6743.74,172.74,TRADE
VIC1,2025-06-25 22:00:00,6735.53,203.2,TRADE
VIC1,2025-06-25 22:05:00,6668.45,221.68,TRADE
VIC1,2025-06-25 22:10:00,6600.13,247.58,TRADE
VIC1,2025-06-25 22:15:00,6594.34,174.56,TRADE
VIC1,2025-06-25 22:20:00,6436.05,170.42,TRADE
VIC1,2025-06-25 22:25:00,6382.15,171.28,TRADE
VIC1,2025-06-25 22:30:00,6415.27,172.74,TRADE
VIC1,2025-06-25 22:35:00,6345.37,177.3,TRADE
VIC1,2025-06-25 22:40:00,6227.87,171.28,TRADE
VIC1,2025-06-25 22:45:00,6236.37,182.33,TRADE
VIC1,2025-06-25 22:50:00,6155.18,173.18,TRADE
VIC1,2025-06-25 22:55:00,6079.13,169.14,TRADE
VIC1,2025-06-25 23:00:00,6055.6,170.42,TRADE
VIC1,2025-06-25 23:05:00,5981.02,136.98,TRADE
VIC1,2025-06-25 23:10:00,6052.2,170.09,TRADE
VIC1,2025-06-25 23:15:00,6068.19,179.94,TRADE
VIC1,2025-06-25 23:20:00,6065.38,173.47,TRADE
VIC1,2025-06-25 23:25:00,6048.74,173.92,TRADE
VIC1,2025-06-25 23:30:00,6097.03,172.59,TRADE
VIC1,2025-06-25 23:35:00,6088.55,213.97,TRADE
VIC1,2025-06-25 23:40:00,5983.03,244.03,TRADE
VIC1,2025-06-25 23:45:00,5979.87,230.02,TRADE
VIC1,2025-06-25 23:50:00,5898.41,290.46,TRADE
VIC1,2025-06-25 23:55:00,5855.6,172.15,TRADE
VIC1,2025-06-26 00:00:00,5822.04,171.79,TRADE
VIC1,2025-06-26 00:05:00,5764.23,206.72,TRADE
VIC1,2025-06-26 00:10:00,5724.17,175.27,TRADE
VIC1,2025-06-26 00:15:00,5772.54,230.02,TRADE
VIC1,2025-06-26 00:20:00,5759.85,267.32,TRADE
VIC1,2025-06-26 00:25:00,5688.34,285.71,TRADE
VIC1,2025-06-26 00:30:00,5700.32,287.3,TRADE
VIC1,2025-06-26 00:35:00,5702.83,282.31,TRADE
VIC1,2025-06-26 00:40:00,5671.08,291.97,TRADE
VIC1,2025-06-26 00:45:00,5586.24,296.96,TRADE
VIC1,2025-06-26 00:50:00,5577.55,299.57,TRADE
VIC1,2025-06-26 00:55:00,5560.73,281.17,TRADE
VIC1,2025-06-26 01:00:00,5526.61,288.95,TRADE
VIC1,2025-06-26 01:05:00,5477.56,284.22,TRADE
VIC1,2025-06-26 01:10:00,5481.03,296.8,TRADE
VIC1,2025-06-26 01:15:00,5481.32,289.21,TRADE
VIC1,2025-06-26 01:20:00,5383.85,283.9,TRADE
VIC1,2025-06-26 01:25:00,5411.46,293.59,TRADE
VIC1,2025-06-26 01:30:00,5427.4,270.82,TRADE
VIC1,2025-06-26 01:35:00,5388.05,287.36,TRADE
VIC1,2025-06-26 01:40:00,5370.58,289.51,TRADE
VIC1,2025-06-26 01:45:00,5287.45,256.91,TRADE
VIC1,2025-06-26 01:50:00,5256.66,203.68,TRADE
VIC1,2025-06-26 01:55:00,5311.17,284.08,TRADE
VIC1,2025-06-26 02:00:00,5264.64,229.17,TRADE
VIC1,2025-06-26 02:05:00,5169.02,250.64,TRADE
VIC1,2025-06-26 02:10:00,5212.5,278.25,TRADE
VIC1,2025-06-26 02:15:00,5213.95,283.34,TRADE
VIC1,2025-06-26 02:20:00,5199.53,281.89,TRADE
VIC1,2025-06-26 02:25:00,5180.39,281.76,TRADE
VIC1,2025-06-26 02:30:00,5090.47,229.17,TRADE
VIC1,2025-06-26 02:35:00,5140.18,284.59,TRADE
VIC1,2025-06-26 02:40:00,5021.91,229.17,TRADE
VIC1,2025-06-26 02:45:00,5011.83,229.17,TRADE
VIC1,2025-06-26 02:50:00,5067.69,252.17,TRADE
VIC1,2025-06-26 02:55:00,5032.35,205.88,TRADE
VIC1,2025-06-26 03:00:00,5047.27,252.82,TRADE
VIC1,2025-06-26 03:05:00,5075.26,254.38,TRADE
VIC1,2025-06-26 03:10:00,5065.18,282.2,TRADE
VIC1,2025-06-26 03:15:00,4990.22,199.48,TRADE
VIC1,2025-06-26 03:20:00,5007.7,285.22,TRADE
VIC1,2025-06-26 03:25:00,5060.61,282.66,TRADE
VIC1,2025-06-26 03:30:00,4978.7,200.36,TRADE
VIC1,2025-06-26 03:35:00,5010.9,295.9,TRADE
VIC1,2025-06-26 03:40:00,5025.44,283.91,TRADE
VIC1,2025-06-26 03:45:00,5034.26,200.79,TRADE
VIC1,2025-06-26 03:50:00,5029.09,282.27,TRADE
VIC1,2025-06-26 03:55:00,4934.85,173.03,TRADE
VIC1,2025-06-26 04:00:00,4963.2,281.31,TRADE
VIC1,2025-06-26 04:05:00,4961.2,227.97,TRADE
VIC1,2025-06-26 04:10:00,4983.74,203.84,TRADE
VIC1,2025-06-26 04:15:00,5053.16,227.97,TRADE
VIC1,2025-06-26 04:20:00,5065.89,248.46,TRADE
VIC1,2025-06-26 04:25:00,5110.27,290.67,TRADE
VIC1,2025-06-26 04:30:00,5104.82,249.86,TRADE
VIC1,2025-06-26 04:35:00,5135.64,172.57,TRADE
VIC1,2025-06-26 04:40:00,5177.81,275.82,TRADE
VIC1,2025-06-26 04:45:00,5059.34,276.39,TRADE
VIC1,2025-06-26 04:50:00,5171.12,276.04,TRADE
VIC1,2025-06-26 04:55:00,5215.76,288.95,TRADE
VIC1,2025-06-26 05:00:00,5272.07,287.11,TRADE
VIC1,2025-06-26 05:05:00,5314.96,227.97,TRADE
VIC1,2025-06-26 05:10:00,5379.39,291.83,TRADE
VIC1,2025-06-26 05:15:00,5438.68,257.44,TRADE
VIC1,2025-06-26 05:20:00,5467.57,348.17,TRADE
VIC1,2025-06-26 05:25:00,5448.44,221.53,TRADE
VIC1,2025-06-26 05:30:00,5504.42,281.95,TRADE
VIC1,2025-06-26 05:35:00,5654.67,334.45,TRADE
VIC1,2025-06-26 05:40:00,5728.96,217.44,TRADE
VIC1,2025-06-26 05:45:00,5737.97,214.16,TRADE
VIC1,2025-06-26 05:50:00,5853.79,223.77,TRADE
VIC1,2025-06-26 05:55:00,5888.67,222.28,TRADE
VIC1,2025-06-26 06:00:00,5973.81,250.41,TRADE
VIC1,2025-06-26 06:05:00,6005.54,257.19,TRADE
VIC1,2025-06-26 06:10:00,6144.39,317.79,TRADE
VIC1,2025-06-26 06:15:00,6286.4,322.51,TRADE
VIC1,2025-06-26 06:20:00,6370.92,327.93,TRADE
VIC1,2025-06-26 06:25:00,6479.73,332.43,TRADE
VIC1,2025-06-26 06:30:00,6557.03,337.67,TRADE
VIC1,2025-06-26 06:35:00,6661.73,335.93,TRADE
VIC1,2025-06-26 06:40:00,6816.74,400.28,TRADE
VIC1,2025-06-26 06:45:00,6832.77,501.34,TRADE
VIC1,2025-06-26 06:50:00,6932.04,544.93,TRADE
VIC1,2025-06-26 06:55:00,6999.6,541.23,TRADE
VIC1,2025-06-26 07:00:00,7136.73,904.06,TRADE
VIC1,2025-06-26 07:05:00,7228.26,528.87,TRADE
VIC1,2025-06-26 07:10:00,7268.49,900.0,TRADE
VIC1,2025-06-26 07:15:00,7393.08,1065.66,TRADE
VIC1,2025-06-26 07:20:00,7501.53,1109.22,TRADE
VIC1,2025-06-26 07:25:00,7600.83,3700.12,TRADE
VIC1,2025-06-26 07:30:00,7687.89,3700.12,TRADE
VIC1,2025-06-26 07:35:00,7741.66,1297.89,TRADE
VIC1,2025-06-26 07:40:00,7811.49,1435.57,TRADE
VIC1,2025-06-26 07:45:00,7899.97,1112.11,TRADE
VIC1,2025-06-26 07:50:00,7904.88,1051.85,TRADE
VIC1,2025-06-26 07:55:00,8015.06,1045.05,TRADE
VIC1,2025-06-26 08:00:00,8014.54,983.96,TRADE
VIC1,2025-06-26 08:05:00,7996.06,406.48,TRADE
VIC1,2025-06-26 08:10:00,8077.91,588.37,TRADE
VIC1,2025-06-26 08:15:00,8069.25,901.73,TRADE
VIC1,2025-06-26 08:20:00,8094.71,892.17,TRADE
VIC1,2025-06-26 08:25:00,8068.52,406.48,TRADE
VIC1,2025-06-26 08:30:00,8051.85,835.32,TRADE
VIC1,2025-06-26 08:35:00,7966.91,406.48,TRADE
VIC1,2025-06-26 08:40:00,7880.57,406.48,TRADE
VIC1,2025-06-26 08:45:00,7832.25,360.07,TRADE
VIC1,2025-06-26 08:50:00,7814.06,374.25,TRADE
VIC1,2025-06-26 08:55:00,7813.27,296.96,TRADE
VIC1,2025-06-26 09:00:00,7780.49,296.96,TRADE
VIC1,2025-06-26 09:05:00,7783.02,300.91,TRADE
VIC1,2025-06-26 09:10:00,7751.81,296.96,TRADE
VIC1,2025-06-26 09:15:00,7714.06,297.42,TRADE
VIC1,2025-06-26 09:20:00,7720.01,296.34,TRADE
VIC1,2025-06-26 09:25:00,7713.76,329.83,TRADE
VIC1,2025-06-26 09:30:00,7634.15,326.2,TRADE
VIC1,2025-06-26 09:35:00,7536.41,296.47,TRADE
VIC1,2025-06-26 09:40:00,7435.23,295.22,TRADE
VIC1,2025-06-26 09:45:00,7295.22,250.89,TRADE
VIC1,2025-06-26 09:50:00,7301.15,241.96,TRADE
VIC1,2025-06-26 09:55:00,7177.66,250.89,TRADE
VIC1,2025-06-26 10:00:00,7096.7,227.3,TRADE
VIC1,2025-06-26 10:05:00,7005.68,250.89,TRADE
VIC1,2025-06-26 10:10:00,6950.24,296.02,TRADE
VIC1,2025-06-26 10:15:00,6936.13,285.94,TRADE
VIC1,2025-06-26 10:20:00,6892.51,224.97,TRADE
VIC1,2025-06-26 10:25:00,6777.73,225.55,TRADE
VIC1,2025-06-26 10:30:00,6776.74,227.97,TRADE
VIC1,2025-06-26 10:35:00,6688.53,218.63,TRADE
VIC1,2025-06-26 10:40:00,6683.45,236.63,TRADE
VIC1,2025-06-26 10:45:00,6553.0,221.76,TRADE
VIC1,2025-06-26 10:50:00,6489.4,204.66,TRADE
VIC1,2025-06-26 10:55:00,6454.61,181.82,TRADE
VIC1,2025-06-26 11:00:00,6416.47,180.24,TRADE
VIC1,2025-06-26 11:05:00,6381.17,266.96,TRADE
VIC1,2025-06-26 11:10:00,6276.13,220.47,TRADE
VIC1,2025-06-26 11:15:00,6252.07,266.96,TRADE
VIC1,2025-06-26 11:20:00,6232.48,298.3,TRADE
VIC1,2025-06-26 11:25:00,6228.95,229.52,TRADE
VIC1,2025-06-26 11:30:00,6122.09,171.91,TRADE
VIC1,2025-06-26 11:35:00,6075.9,224.03,TRADE
VIC1,2025-06-26 11:40:00,6155.08,229.96,TRADE
VIC1,2025-06-26 11:45:00,6115.59,222.65,TRADE
VIC1,2025-06-26 11:50:00,6061.16,219.89,TRADE
VIC1,2025-06-26 11:55:00,6159.28,228.11,TRADE
VIC1,2025-06-26 12:00:00,6155.82,223.23,TRADE
VIC1,2025-06-26 12:05:00,6187.16,266.96,TRADE
VIC1,2025-06-26 12:10:00,6180.77,266.96,TRADE
VIC1,2025-06-26 12:15:00,6044.68,188.06,TRADE
VIC1,2025-06-26 12:20:00,6062.54,227.41,TRADE
VIC1,2025-06-26 12:25:00,6073.74,183.17,TRADE
VIC1,2025-06-26 12:30:00,6023.45,295.22,TRADE
VIC1,2025-06-26 12:35:00,5990.47,188.9,TRADE
VIC1,2025-06-26 12:40:00,6048.11,176.2,TRADE
VIC1,2025-06-26 12:45:00,6029.74,189.04,TRADE
VIC1,2025-06-26 12:50:00,6016.77,223.22,TRADE
VIC1,2025-06-26 12:55:00,5935.64,178.67,TRADE
VIC1,2025-06-26 13:00:00,5958.76,223.08,TRADE
VIC1,2025-06-26 13:05:00,5993.41,182.74,TRADE
VIC1,2025-06-26 13:10:00,5995.56,299.7,TRADE
VIC1,2025-06-26 13:15:00,6030.46,235.02,TRADE
VIC1,2025-06-26 13:20:00,6128.44,301.0,TRADE
VIC1,2025-06-26 13:25:00,6200.24,237.96,TRADE
VIC1,2025-06-26 13:30:00,6221.36,219.17,TRADE
VIC1,2025-06-26 13:35:00,6176.74,298.23,TRADE
VIC1,2025-06-26 13:40:00,6182.53,266.96,TRADE
VIC1,2025-06-26 13:45:00,6242.52,266.96,TRADE
VIC1,2025-06-26 13:50:00,6330.07,296.77,TRADE
VIC1,2025-06-26 13:55:00,6337.32,349.01,TRADE
VIC1,2025-06-26 14:00:00,6458.16,349.01,TRADE
VIC1,2025-06-26 14:05:00,6498.41,356.28,TRADE
VIC1,2025-06-26 14:10:00,6442.99,313.77,TRADE
VIC1,2025-06-26 14:15:00,6428.07,279.38,TRADE
VIC1,2025-06-26 14:20:00,6502.14,329.46,TRADE
VIC1,2025-06-26 14:25:00,6518.52,283.76,TRADE
VIC1,2025-06-26 14:30:00,6435.02,326.92,TRADE
VIC1,2025-06-26 14:35:00,6460.67,280.6,TRADE
VIC1,2025-06-26 14:40:00,6503.43,326.92,TRADE
VIC1,2025-06-26 14:45:00,6608.63,331.24,TRADE
VIC1,2025-06-26 14:50:00,6623.54,281.33,TRADE
VIC1,2025-06-26 14:55:00,6683.99,327.39,TRADE
VIC1,2025-06-26 15:00:00,6665.54,340.18,TRADE
VIC1,2025-06-26 15:05:00,6691.32,398.32,TRADE
VIC1,2025-06-26 15:10:00,6721.02,395.24,TRADE
VIC1,2025-06-26 15:15:00,6689.03,311.95,TRADE
VIC1,2025-06-26 15:20:00,6702.48,233.62,TRADE
VIC1,2025-06-26 15:25:00,6841.27,236.6,TRADE
VIC1,2025-06-26 15:30:00,6820.3,321.03,TRADE
VIC1,2025-06-26 15:35:00,6901.29,323.83,TRADE
VIC1,2025-06-26 15:40:00,6958.24,316.13,TRADE
VIC1,2025-06-26 15:45:00,7019.94,314.86,TRADE
VIC1,2025-06-26 15:50:00,7063.86,312.2,TRADE
VIC1,2025-06-26 15:55:00,7087.07,317.13,TRADE
VIC1,2025-06-26 16:00:00,7118.72,310.61,TRADE
VIC1,2025-06-26 16:05:00,7206.22,333.66,TRADE
VIC1,2025-06-26 16:10:00,7203.67,313.5,TRADE
VIC1,2025-06-26 16:15:00,7296.74,346.23,TRADE
VIC1,2025-06-26 16:20:00,7338.12,340.95,TRADE
VIC1,2025-06-26 16:25:00,7423.42,579.03,TRADE
VIC1,2025-06-26 16:30:00,7432.65,691.16,TRADE
VIC1,2025-06-26 16:35:00,7515.8,702.87,TRADE
VIC1,2025-06-26 16:40:00,7512.1,993.99,TRADE
VIC1,2025-06-26 16:45:00,7620.66,1057.14,TRADE
VIC1,2025-06-26 16:50:00,7706.97,9314.84,TRADE
VIC1,2025-06-26 16:55:00,7611.57,3709.12,TRADE
VIC1,2025-06-26 17:00:00,7661.88,9655.64,TRADE
VIC1,2025-06-26 17:05:00,7689.47,3898.0,TRADE
VIC1,2025-06-26 17:10:00,7702.57,3709.12,TRADE
VIC1,2025-06-26 17:15:00,7785.34,3898.0,TRADE
VIC1,2025-06-26 17:20:00,7821.37,4036.84,TRADE
VIC1,2025-06-26 17:25:00,7907.78,9842.93,TRADE
VIC1,2025-06-26 17:30:00,7926.9,9410.0,TRADE
VIC1,2025-06-26 17:35:00,7959.15,3898.0,TRADE
VIC1,2025-06-26 17:40:00,8033.44,9924.54,TRADE
VIC1,2025-06-26 17:45:00,8035.54,9420.0,TRADE
VIC1,2025-06-26 17:50:00,8073.02,10561.88,TRADE
VIC1,2025-06-26 17:55:00,8097.42,9938.91,TRADE
VIC1,2025-06-26 18:00:00,8111.22,11340.29,TRADE
VIC1,2025-06-26 18:05:00,8061.19,9500.49,TRADE
VIC1,2025-06-26 18:10:00,7865.28,9410.0,TRADE
VIC1,2025-06-26 18:15:00,7899.73,9410.0,TRADE
VIC1,2025-06-26 18:20:00,7896.75,9410.0,TRADE
VIC1,2025-06-26 18:25:00,7879.89,9410.0,TRADE
VIC1,2025-06-26 18:30:00,7879.12,9420.0,TRADE
VIC1,2025-06-26 18:35:00,7815.89,4001.34,TRADE
VIC1,2025-06-26 18:40:00,7845.13,9410.0,TRADE
VIC1,2025-06-26 18:45:00,7814.66,9415.76,TRADE
VIC1,2025-06-26 18:50:00,7770.13,9410.0,TRADE
VIC1,2025-06-26 18:55:00,7770.97,9410.0,TRADE
VIC1,2025-06-26 19:00:00,7759.24,9420.0,TRADE
VIC1,2025-06-26 19:05:00,7825.46,9420.0,TRADE
VIC1,2025-06-26 19:10:00,7867.38,10008.38,TRADE
VIC1,2025-06-26 19:15:00,7888.82,10055.52,TRADE
VIC1,2025-06-26 19:20:00,7863.75,9420.0,TRADE
VIC1,2025-06-26 19:25:00,7867.1,9420.0,TRADE
VIC1,2025-06-26 19:30:00,7837.97,9823.6,TRADE
VIC1,2025-06-26 19:35:00,7821.05,9420.0,TRADE
VIC1,2025-06-26 19:40:00,7805.15,10506.08,TRADE
VIC1,2025-06-26 19:45:00,7797.08,10659.47,TRADE
VIC1,2025-06-26 19:50:00,7775.38,11212.56,TRADE
VIC1,2025-06-26 19:55:00,7770.65,11212.56,TRADE
VIC1,2025-06-26 20:00:00,7684.95,11174.89,TRADE
VIC1,2025-06-26 20:05:00,7679.66,11169.78,TRADE
VIC1,2025-06-26 20:10:00,7649.82,14317.1,TRADE
VIC1,2025-06-26 20:15:00,7632.55,14788.54,TRADE
VIC1,2025-06-26 20:20:00,7593.43,14658.61,TRADE
VIC1,2025-06-26 20:25:00,7559.08,14562.19,TRADE
VIC1,2025-06-26 20:30:00,7532.07,14541.85,TRADE
VIC1,2025-06-26 20:35:00,7514.65,14204.04,TRADE
VIC1,2025-06-26 20:40:00,7464.45,14579.1,TRADE
VIC1,2025-06-26 20:45:00,7417.2,15909.61,TRADE
VIC1,2025-06-26 20:50:00,7390.71,15974.34,TRADE
VIC1,2025-06-26 20:55:00,7337.78,14221.46,TRADE
VIC1,2025-06-26 21:00:00,7296.56,672.64,TRADE
VIC1,2025-06-26 21:05:00,7250.5,498.67,TRADE
VIC1,2025-06-26 21:10:00,7252.81,812.08,TRADE
VIC1,2025-06-26 21:15:00,7213.59,668.6,TRADE
VIC1,2025-06-26 21:20:00,7188.71,551.58,TRADE
VIC1,2025-06-26 21:25:00,7155.48,501.77,TRADE
VIC1,2025-06-26 21:30:00,7192.91,449.0,TRADE
VIC1,2025-06-26 21:35:00,7144.29,521.25,TRADE
VIC1,2025-06-26 21:40:00,7104.55,449.0,TRADE
VIC1,2025-06-26 21:45:00,7016.97,449.0,TRADE
VIC1,2025-06-26 21:50:00,7004.56,326.09,TRADE
VIC1,2025-06-26 21:55:00,6926.5,304.16,TRADE
VIC1,2025-06-26 22:00:00,6874.39,299.5,TRADE
VIC1,2025-06-26 22:05:00,6723.55,299.5,TRADE
VIC1,2025-06-26 22:10:00,6640.0,296.6,TRADE
VIC1,2025-06-26 22:15:00,6692.71,299.5,TRADE
VIC1,2025-06-26 22:20:00,6578.85,275.36,TRADE
VIC1,2025-06-26 22:25:00,6493.65,290.8,TRADE
VIC1,2025-06-26 22:30:00,6464.21,266.96,TRADE
VIC1,2025-06-26 22:35:00,6399.94,252.36,TRADE
VIC1,2025-06-26 22:40:00,6349.27,266.96,TRADE
VIC1,2025-06-26 22:45:00,6358.91,299.5,TRADE
VIC1,2025-06-26 22:50:00,6327.08,281.99,TRADE
VIC1,2025-06-26 22:55:00,6175.73,253.71,TRADE
VIC1,2025-06-26 23:00:00,6250.1,266.96,TRADE
VIC1,2025-06-26 23:05:00,6212.75,269.0,TRADE
VIC1,2025-06-26 23:10:00,6183.26,279.49,TRADE
VIC1,2025-06-26 23:15:00,6196.79,276.66,TRADE
VIC1,2025-06-26 23:20:00,6178.71,228.95,TRADE
VIC1,2025-06-26 23:25:00,6160.04,266.96,TRADE
VIC1,2025-06-26 23:30:00,6135.18,226.43,TRADE
VIC1,2025-06-26 23:35:00,6143.08,324.64,TRADE
VIC1,2025-06-26 23:40:00,6104.64,281.51,TRADE
VIC1,2025-06-26 23:45:00,5980.68,266.96,TRADE
VIC1,2025-06-26 23:50:00,5901.11,224.33,TRADE
VIC1,2025-06-26 23:55:00,5904.53,228.46,TRADE
VIC1,2025-06-27 00:00:00,5942.38,224.91,TRADE
VIC1,2025-06-27 00:05:00,5875.97,266.96,TRADE
VIC1,2025-06-27 00:10:00,5772.96,257.1,TRADE
VIC1,2025-06-27 00:15:00,5815.43,226.14,TRADE
VIC1,2025-06-27 00:20:00,5820.58,229.21,TRADE
VIC1,2025-06-27 00:25:00,5775.14,245.63,TRADE
VIC1,2025-06-27 00:30:00,5738.49,229.21,TRADE
VIC1,2025-06-27 00:35:00,5627.49,227.3,TRADE
VIC1,2025-06-27 00:40:00,5603.46,295.22,TRADE
VIC1,2025-06-27 00:45:00,5594.47,295.22,TRADE
VIC1,2025-06-27 00:50:00,5538.8,289.0,TRADE
VIC1,2025-06-27 00:55:00,5585.26,295.22,TRADE
VIC1,2025-06-27 01:00:00,5563.88,225.51,TRADE
VIC1,2025-06-27 01:05:00,5544.96,223.03,TRADE
VIC1,2025-06-27 01:10:00,5507.38,216.87,TRADE
VIC1,2025-06-27 01:15:00,5477.64,275.96,TRADE
VIC1,2025-06-27 01:20:00,5433.78,241.96,TRADE
VIC1,2025-06-27 01:25:00,5346.94,226.14,TRADE
VIC1,2025-06-27 01:30:00,5403.88,186.21,TRADE
VIC1,2025-06-27 01:35:00,5392.78,251.22,TRADE
VIC1,2025-06-27 01:40:00,5260.62,241.96,TRADE
VIC1,2025-06-27 01:45:00,5330.42,328.33,TRADE
VIC1,2025-06-27 01:50:00,5293.6,261.81,TRADE
VIC1,2025-06-27 01:55:00,5273.27,325.07,TRADE
VIC1,2025-06-27 02:00:00,5161.56,266.96,TRADE
VIC1,2025-06-27 02:05:00,5162.1,292.18,TRADE
VIC1,2025-06-27 02:10:00,5209.26,262.72,TRADE
VIC1,2025-06-27 02:15:00,5192.08,226.18,TRADE
VIC1,2025-06-27 02:20:00,5113.9,278.03,TRADE
VIC1,2025-06-27 02:25:00,5160.38,292.72,TRADE
VIC1,2025-06-27 02:30:00,5150.85,220.0,TRADE
VIC1,2025-06-27 02:35:00,5144.02,215.37,TRADE
VIC1,2025-06-27 02:40:00,5055.4,227.97,TRADE
VIC1,2025-06-27 02:45:00,5028.28,211.77,TRADE
VIC1,2025-06-27 02:50:00,5005.02,214.12,TRADE
VIC1,2025-06-27 02:55:00,5048.0,167.87,TRADE
VIC1,2025-06-27 03:00:00,5081.43,166.0,TRADE
VIC1,2025-06-27 03:05:00,4991.84,183.53,TRADE
VIC1,2025-06-27 03:10:00,5037.17,200.02,TRADE
VIC1,2025-06-27 03:15:00,5046.55,277.78,TRADE
VIC1,2025-06-27 03:20:00,5014.57,250.79,TRADE
VIC1,2025-06-27 03:25:00,5025.33,200.02,TRADE
VIC1,2025-06-27 03:30:00,4948.39,210.47,TRADE
VIC1,2025-06-27 03:35:00,4974.58,227.97,TRADE
VIC1,2025-06-27 03:40:00,4957.91,200.02,TRADE
VIC1,2025-06-27 03:45:00,5002.28,200.02,TRADE
VIC1,2025-06-27 03:50:00,4983.89,211.43,TRADE
VIC1,2025-06-27 03:55:00,5007.87,214.77,TRADE
VIC1,2025-06-27 04:00:00,5028.12,224.17,TRADE
VIC1,2025-06-27 04:05:00,5057.15,215.06,TRADE
VIC1,2025-06-27 04:10:00,5017.01,211.36,TRADE
VIC1,2025-06-27 04:15:00,5046.89,315.19,TRADE
VIC1,2025-06-27 04:20:00,4991.45,266.96,TRADE
VIC1,2025-06-27 04:25:00,4988.3,214.93,TRADE
VIC1,2025-06-27 04:30:00,5081.37,226.65,TRADE
VIC1,2025-06-27 04:35:00,5105.52,164.89,TRADE
VIC1,2025-06-27 04:40:00,5053.77,200.02,TRADE
VIC1,2025-06-27 04:45:00,5151.38,309.83,TRADE
VIC1,2025-06-27 04:50:00,5158.03,166.17,TRADE
VIC1,2025-06-27 04:55:00,5222.31,186.86,TRADE
VIC1,2025-06-27 05:00:00,5222.2,200.02,TRADE
VIC1,2025-06-27 05:05:00,5174.83,262.58,TRADE
VIC1,2025-06-27 05:10:00,5257.59,266.96,TRADE
VIC1,2025-06-27 05:15:00,5283.05,210.83,TRADE
VIC1,2025-06-27 05:20:00,5371.35,201.72,TRADE
VIC1,2025-06-27 05:25:00,5379.83,206.17,TRADE
VIC1,2025-06-27 05:30:00,5483.62,205.64,TRADE
VIC1,2025-06-27 05:35:00,5519.38,319.01,TRADE
VIC1,2025-06-27 05:40:00,5603.77,269.07,TRADE
VIC1,2025-06-27 05:45:00,5663.68,256.84,TRADE
VIC1,2025-06-27 05:50:00,5679.53,266.3,TRADE
VIC1,2025-06-27 05:55:00,5743.19,266.96,TRADE
VIC1,2025-06-27 06:00:00,5879.64,266.96,TRADE
VIC1,2025-06-27 06:05:00,5915.87,241.96,TRADE
VIC1,2025-06-27 06:10:00,6042.93,308.07,TRADE
VIC1,2025-06-27 06:15:00,6198.68,298.07,TRADE
VIC1,2025-06-27 06:20:00,6274.66,308.14,TRADE
VIC1,2025-06-27 06:25:00,6370.35,320.48,TRADE
VIC1,2025-06-27 06:30:00,6376.85,308.46,TRADE
VIC1,2025-06-27 06:35:00,6439.06,299.5,TRADE
VIC1,2025-06-27 06:40:00,6665.26,308.16,TRADE
VIC1,2025-06-27 06:45:00,6756.26,303.96,TRADE
VIC1,2025-06-27 06:50:00,6837.48,307.27,TRADE
VIC1,2025-06-27 06:55:00,6918.09,312.66,TRADE
VIC1,2025-06-27 07:00:00,7066.2,353.78,TRADE
VIC1,2025-06-27 07:05:00,7210.85,329.39,TRADE
VIC1,2025-06-27 07:10:00,7131.97,317.86,TRADE
VIC1,2025-06-27 07:15:00,7299.15,333.72,TRADE
VIC1,2025-06-27 07:20:00,7480.13,335.4,TRADE
VIC1,2025-06-27 07:25:00,7491.62,406.48,TRADE
VIC1,2025-06-27 07:30:00,7595.78,396.72,TRADE
VIC1,2025-06-27 07:35:00,7640.57,334.58,TRADE
VIC1,2025-06-27 07:40:00,7429.53,325.92,TRADE
VIC1,2025-06-27 07:45:00,7524.2,299.5,TRADE
VIC1,2025-06-27 07:50:00,7594.45,319.92,TRADE
VIC1,2025-06-27 07:55:00,7511.43,323.28,TRADE
VIC1,2025-06-27 08:00:00,7516.99,306.95,TRADE
VIC1,2025-06-27 08:05:00,7615.67,332.86,TRADE
VIC1,2025-06-27 08:10:00,7638.67,329.78,TRADE
VIC1,2025-06-27 08:15:00,7636.61,299.89,TRADE
VIC1,2025-06-27 08:20:00,7624.04,299.5,TRADE
VIC1,2025-06-27 08:25:00,7582.62,299.5,TRADE
VIC1,2025-06-27 08:30:00,7517.91,264.92,TRADE
VIC1,2025-06-27 08:35:00,7548.63,277.77,TRADE
VIC1,2025-06-27 08:40:00,7576.99,299.5,TRADE
VIC1,2025-06-27 08:45:00,7652.6,301.72,TRADE
VIC1,2025-06-27 08:50:00,7561.54,278.52,TRADE
VIC1,2025-06-27 08:55:00,7505.71,301.52,TRADE
VIC1,2025-06-27 09:00:00,7460.93,316.34,TRADE
VIC1,2025-06-27 09:05:00,7384.49,280.92,TRADE
VIC1,2025-06-27 09:10:00,7318.44,326.58,TRADE
VIC1,2025-06-27 09:15:00,7199.93,265.37,TRADE
VIC1,2025-06-27 09:20:00,7146.79,264.18,TRADE
VIC1,2025-06-27 09:25:00,7083.95,180.17,TRADE
VIC1,2025-06-27 09:30:00,7043.68,183.85,TRADE
VIC1,2025-06-27 09:35:00,6992.77,277.3,TRADE
VIC1,2025-06-27 09:40:00,6832.37,215.82,TRADE
VIC1,2025-06-27 09:45:00,6797.51,281.76,TRADE
VIC1,2025-06-27 09:50:00,6682.97,160.35,TRADE
VIC1,2025-06-27 09:55:00,6635.84,292.68,TRADE
VIC1,2025-06-27 10:00:00,6523.67,291.61,TRADE
VIC1,2025-06-27 10:05:00,6361.27,275.45,TRADE
VIC1,2025-06-27 10:10:00,6348.31,260.62,TRADE
VIC1,2025-06-27 10:15:00,6296.69,275.72,TRADE
VIC1,2025-06-27 10:20:00,6238.2,239.49,TRADE
VIC1,2025-06-27 10:25:00,6173.57,246.83,TRADE
VIC1,2025-06-27 10:30:00,6097.18,159.45,TRADE
VIC1,2025-06-27 10:35:00,6042.53,172.92,TRADE
VIC1,2025-06-27 10:40:00,5993.18,301.66,TRADE
VIC1,2025-06-27 10:45:00,5845.43,207.68,TRADE
VIC1,2025-06-27 10:50:00,5824.4,227.97,TRADE
VIC1,2025-06-27 10:55:00,5883.86,178.94,TRADE
VIC1,2025-06-27 11:00:00,5836.32,209.26,TRADE
VIC1,2025-06-27 11:05:00,5770.94,210.93,TRADE
VIC1,2025-06-27 11:10:00,5803.78,242.82,TRADE
VIC1,2025-06-27 11:15:00,5738.29,241.96,TRADE
VIC1,2025-06-27 11:20:00,5748.87,210.9,TRADE
VIC1,2025-06-27 11:25:00,5629.94,207.2,TRADE
VIC1,2025-06-27 11:30:00,5597.81,209.3,TRADE
VIC1,2025-06-27 11:35:00,5622.14,258.56,TRADE
VIC1,2025-06-27 11:40:00,5590.08,174.42,TRADE
VIC1,2025-06-27 11:45:00,5539.23,209.29,TRADE
VIC1,2025-06-27 11:50:00,5562.11,227.97,TRADE
VIC1,2025-06-27 11:55:00,5532.22,243.12,TRADE
VIC1,2025-06-27 12:00:00,5554.27,213.65,TRADE
VIC1,2025-06-27 12:05:00,5471.25,333.18,TRADE
VIC1,2025-06-27 12:10:00,5441.25,264.41,TRADE
VIC1,2025-06-27 12:15:00,5431.11,227.97,TRADE
VIC1,2025-06-27 12:20:00,5399.22,176.42,TRADE
VIC1,2025-06-27 12:25:00,5506.99,227.97,TRADE
VIC1,2025-06-27 12:30:00,5379.56,227.97,TRADE
VIC1,2025-06-27 12:35:00,5457.62,228.26,TRADE
VIC1,2025-06-27 12:40:00,5432.85,270.92,TRADE
VIC1,2025-06-27 12:45:00,5432.99,209.86,TRADE
VIC1,2025-06-27 12:50:00,5493.81,227.97,TRADE
VIC1,2025-06-27 12:55:00,5438.52,205.68,TRADE
VIC1,2025-06-27 13:00:00,5382.79,173.92,TRADE
VIC1,2025-06-27 13:05:00,5368.22,221.75,TRADE
VIC1,2025-06-27 13:10:00,5448.39,234.66,TRADE
VIC1,2025-06-27 13:15:00,5480.41,266.96,TRADE
VIC1,2025-06-27 13:20:00,5406.33,174.0,TRADE
VIC1,2025-06-27 13:25:00,5453.22,239.38,TRADE
VIC1,2025-06-27 13:30:00,5467.7,235.26,TRADE
VIC1,2025-06-27 13:35:00,5440.53,206.64,TRADE
VIC1,2025-06-27 13:40:00,5423.94,180.34,TRADE
VIC1,2025-06-27 13:45:00,5417.81,236.45,TRADE
VIC1,2025-06-27 13:50:00,5483.17,227.97,TRADE
VIC1,2025-06-27 13:55:00,5526.92,238.09,TRADE
VIC1,2025-06-27 14:00:00,5456.59,234.66,TRADE
VIC1,2025-06-27 14:05:00,5514.7,207.68,TRADE
VIC1,2025-06-27 14:10:00,5580.39,227.97,TRADE
VIC1,2025-06-27 14:15:00,5598.54,235.85,TRADE
VIC1,2025-06-27 14:20:00,5544.31,237.66,TRADE
VIC1,2025-06-27 14:25:00,5562.73,241.57,TRADE
VIC1,2025-06-27 14:30:00,5549.4,174.0,TRADE
VIC1,2025-06-27 14:35:00,5573.36,169.53,TRADE
VIC1,2025-06-27 14:40:00,5687.24,296.81,TRADE
VIC1,2025-06-27 14:45:00,5660.53,296.54,TRADE
VIC1,2025-06-27 14:50:00,5691.08,227.97,TRADE
VIC1,2025-06-27 14:55:00,5747.54,300.19,TRADE
VIC1,2025-06-27 15:00:00,5834.71,314.58,TRADE
VIC1,2025-06-27 15:05:00,5856.68,218.0,TRADE
VIC1,2025-06-27 15:10:00,5879.64,180.21,TRADE
VIC1,2025-06-27 15:15:00,5976.48,160.0,TRADE
VIC1,2025-06-27 15:20:00,6018.88,216.98,TRADE
VIC1,2025-06-27 15:25:00,6078.71,193.74,TRADE
VIC1,2025-06-27 15:30:00,6048.69,205.35,TRADE
VIC1,2025-06-27 15:35:00,6172.88,230.44,TRADE
VIC1,2025-06-27 15:40:00,6194.87,217.8,TRADE
VIC1,2025-06-27 15:45:00,6266.51,314.99,TRADE
VIC1,2025-06-27 15:50:00,6323.88,310.23,TRADE
VIC1,2025-06-27 15:55:00,6359.42,303.3,TRADE
VIC1,2025-06-27 16:00:00,6490.6,310.52,TRADE
VIC1,2025-06-27 16:05:00,6452.5,271.14,TRADE
VIC1,2025-06-27 16:10:00,6503.21,299.5,TRADE
VIC1,2025-06-27 16:15:00,6572.31,304.32,TRADE
VIC1,2025-06-27 16:20:00,6634.42,304.79,TRADE
VIC1,2025-06-27 16:25:00,6788.68,360.16,TRADE
VIC1,2025-06-27 16:30:00,6802.77,313.33,TRADE
VIC1,2025-06-27 16:35:00,6871.98,360.07,TRADE
VIC1,2025-06-27 16:40:00,6923.09,521.6,TRADE
VIC1,2025-06-27 16:45:00,7038.41,1032.54,TRADE
VIC1,2025-06-27 16:50:00,7069.7,3700.12,TRADE
VIC1,2025-06-27 16:55:00,7120.69,3700.12,TRADE
VIC1,2025-06-27 17:00:00,7144.4,3709.12,TRADE
VIC1,2025-06-27 17:05:00,7167.91,1012.28,TRADE
VIC1,2025-06-27 17:10:00,7204.14,1054.89,TRADE
VIC1,2025-06-27 17:15:00,7255.84,522.96,TRADE
VIC1,2025-06-27 17:20:00,7284.14,1041.61,TRADE
VIC1,2025-06-27 17:25:00,7311.91,1051.1,TRADE
VIC1,2025-06-27 17:30:00,7375.04,1313.72,TRADE
VIC1,2025-06-27 17:35:00,7433.65,931.18,TRADE
VIC1,2025-06-27 17:40:00,7484.84,550.89,TRADE
VIC1,2025-06-27 17:45:00,7516.69,508.7,TRADE
VIC1,2025-06-27 17:50:00,7547.48,900.0,TRADE
VIC1,2025-06-27 17:55:00,7542.78,505.01,TRADE
VIC1,2025-06-27 18:00:00,7576.99,514.94,TRADE
VIC1,2025-06-27 18:05:00,7559.45,396.72,TRADE
VIC1,2025-06-27 18:10:00,7535.03,496.94,TRADE
VIC1,2025-06-27 18:15:00,7502.16,338.98,TRADE
VIC1,2025-06-27 18:20:00,7572.91,299.5,TRADE
VIC1,2025-06-27 18:25:00,7558.63,308.2,TRADE
VIC1,2025-06-27 18:30:00,7599.29,308.5,TRADE
VIC1,2025-06-27 18:35:00,7517.81,299.5,TRADE
VIC1,2025-06-27 18:40:00,7549.48,301.53,TRADE
VIC1,2025-06-27 18:45:00,7576.92,299.5,TRADE
VIC1,2025-06-27 18:50:00,7554.0,299.31,TRADE
VIC1,2025-06-27 18:55:00,7538.11,299.5,TRADE
VIC1,2025-06-27 19:00:00,7443.86,299.29,TRADE
VIC1,2025-06-27 19:05:00,7421.26,299.5,TRADE
VIC1,2025-06-27 19:10:00,7469.56,299.5,TRADE
VIC1,2025-06-27 19:15:00,7476.01,298.77,TRADE
VIC1,2025-06-27 19:20:00,7449.11,292.32,TRADE
VIC1,2025-06-27 19:25:00,7428.18,292.39,TRADE
VIC1,2025-06-27 19:30:00,7432.1,274.57,TRADE
VIC1,2025-06-27 19:35:00,7332.61,249.99,TRADE
VIC1,2025-06-27 19:40:00,7294.79,266.44,TRADE
VIC1,2025-06-27 19:45:00,7272.58,299.32,TRADE
VIC1,2025-06-27 19:50:00,7297.52,299.29,TRADE
VIC1,2025-06-27 19:55:00,7264.97,265.64,TRADE
VIC1,2025-06-27 20:00:00,7181.86,249.99,TRADE
VIC1,2025-06-27 20:05:00,7161.53,270.8,TRADE
VIC1,2025-06-27 20:10:00,7108.33,276.08,TRADE
VIC1,2025-06-27 20:15:00,7093.38,276.14,TRADE
VIC1,2025-06-27 20:20:00,7091.53,276.34,TRADE
VIC1,2025-06-27 20:25:00,7149.72,299.32,TRADE
VIC1,2025-06-27 20:30:00,7104.91,278.18,TRADE
VIC1,2025-06-27 20:35:00,7031.61,284.76,TRADE
VIC1,2025-06-27 20:40:00,7004.27,280.35,TRADE
VIC1,2025-06-27 20:45:00,6980.45,295.7,TRADE
VIC1,2025-06-27 20:50:00,6936.98,225.0,TRADE
VIC1,2025-06-27 20:55:00,6923.48,282.67,TRADE
VIC1,2025-06-27 21:00:00,6894.64,219.54,TRADE
VIC1,2025-06-27 21:05:00,6864.94,232.12,TRADE
VIC1,2025-06-27 21:10:00,6824.3,294.0,TRADE
VIC1,2025-06-27 21:15:00,6777.02,239.21,TRADE
VIC1,2025-06-27 21:20:00,6759.7,232.12,TRADE
VIC1,2025-06-27 21:25:00,6731.83,241.96,TRADE
VIC1,2025-06-27 21:30:00,6689.12,232.12,TRADE
VIC1,2025-06-27 21:35:00,6669.12,229.21,TRADE
VIC1,2025-06-27 21:40:00,6615.04,229.21,TRADE
VIC1,2025-06-27 21:45:00,6577.58,225.62,TRADE
VIC1,2025-06-27 21:50:00,6551.41,177.71,TRADE
VIC1,2025-06-27 21:55:00,6500.44,216.16,TRADE
VIC1,2025-06-27 22:00:00,6419.71,172.01,TRADE
VIC1,2025-06-27 22:05:00,6394.9,229.21,TRADE
VIC1,2025-06-27 22:10:00,6332.05,222.99,TRADE
VIC1,2025-06-27 22:15:00,6327.5,181.11,TRADE
VIC1,2025-06-27 22:20:00,6280.5,229.21,TRADE
VIC1,2025-06-27 22:25:00,6261.09,182.28,TRADE
VIC1,2025-06-27 22:30:00,6171.78,171.29,TRADE
VIC1,2025-06-27 22:35:00,6128.42,170.95,TRADE
VIC1,2025-06-27 22:40:00,6099.25,172.38,TRADE
VIC1,2025-06-27 22:45:00,6078.55,225.69,TRADE
VIC1,2025-06-27 22:50:00,6002.01,171.97,TRADE
VIC1,2025-06-27 22:55:00,5955.49,174.6,TRADE
VIC1,2025-06-27 23:00:00,5959.22,178.51,TRADE
VIC1,2025-06-27 23:05:00,5942.74,172.7,TRADE
VIC1,2025-06-27 23:10:00,6097.91,227.97,TRADE
VIC1,2025-06-27 23:15:00,6110.08,169.92,TRADE
VIC1,2025-06-27 23:20:00,6041.89,175.27,TRADE
VIC1,2025-06-27 23:25:00,6000.72,180.64,TRADE
VIC1,2025-06-27 23:30:00,6042.91,165.96,TRADE
VIC1,2025-06-27 23:35:00,5956.82,183.85,TRADE
VIC1,2025-06-27 23:40:00,5965.4,196.47,TRADE
VIC1,2025-06-27 23:45:00,5869.47,196.31,TRADE
VIC1,2025-06-27 23:50:00,5802.05,168.49,TRADE
VIC1,2025-06-27 23:55:00,5779.96,214.08,TRADE
VIC1,2025-06-30 00:00:00,5295.05,172.22,TRADE
VIC1,2025-06-30 00:05:00,5318.57,194.36,TRADE
VIC1,2025-06-30 00:10:00,5250.3,226.02,TRADE
VIC1,2025-06-30 00:15:00,5230.24,193.74,TRADE
VIC1,2025-06-30 00:20:00,5275.74,196.54,TRADE
VIC1,2025-06-30 00:25:00,5201.67,193.53,TRADE
VIC1,2025-06-30 00:30:00,5200.99,192.1,TRADE
VIC1,2025-06-30 00:35:00,5171.92,186.01,TRADE
VIC1,2025-06-30 00:40:00,5158.4,192.26,TRADE
VIC1,2025-06-30 00:45:00,5119.6,180.21,TRADE
VIC1,2025-06-30 00:50:00,5044.14,180.21,TRADE
VIC1,2025-06-30 00:55:00,5049.19,180.21,TRADE
VIC1,2025-06-30 01:00:00,5088.95,171.36,TRADE
VIC1,2025-06-30 01:05:00,5096.86,180.21,TRADE
VIC1,2025-06-30 01:10:00,5063.42,180.21,TRADE
VIC1,2025-06-30 01:15:00,4948.32,171.89,TRADE
VIC1,2025-06-30 01:20:00,4993.35,171.43,TRADE
VIC1,2025-06-30 01:25:00,4966.6,172.19,TRADE
VIC1,2025-06-30 01:30:00,4943.73,160.25,TRADE
VIC1,2025-06-30 01:35:00,4841.51,174.19,TRADE
VIC1,2025-06-30 01:40:00,4858.68,199.87,TRADE
VIC1,2025-06-30 01:45:00,4832.13,177.9,TRADE
VIC1,2025-06-30 01:50:00,4854.79,180.21,TRADE
VIC1,2025-06-30 01:55:00,4841.56,174.27,TRADE
VIC1,2025-06-30 02:00:00,4802.77,173.19,TRADE
VIC1,2025-06-30 02:05:00,4818.76,170.91,TRADE
VIC1,2025-06-30 02:10:00,4803.76,180.21,TRADE
VIC1,2025-06-30 02:15:00,4787.32,177.51,TRADE
VIC1,2025-06-30 02:20:00,4685.94,160.01,TRADE
VIC1,2025-06-30 02:25:00,4696.83,172.14,TRADE
VIC1,2025-06-30 02:30:00,4754.34,173.33,TRADE
VIC1,2025-06-30 02:35:00,4706.22,162.66,TRADE
VIC1,2025-06-30 02:40:00,4710.55,160.01,TRADE
VIC1,2025-06-30 02:45:00,4698.54,160.35,TRADE
VIC1,2025-06-30 02:50:00,4683.71,173.09,TRADE
VIC1,2025-06-30 02:55:00,4702.94,160.01,TRADE
VIC1,2025-06-30 03:00:00,4593.06,129.12,TRADE
VIC1,2025-06-30 03:05:00,4656.13,161.51,TRADE
VIC1,2025-06-30 03:10:00,4619.9,180.21,TRADE
VIC1,2025-06-30 03:15:00,4664.16,163.09,TRADE
VIC1,2025-06-30 03:20:00,4651.92,167.66,TRADE
VIC1,2025-06-30 03:25:00,4587.64,161.86,TRADE
VIC1,2025-06-30 03:30:00,4687.58,160.01,TRADE
VIC1,2025-06-30 03:35:00,4661.81,156.14,TRADE
VIC1,2025-06-30 03:40:00,4656.31,193.75,TRADE
VIC1,2025-06-30 03:45:00,4635.11,168.35,TRADE
VIC1,2025-06-30 03:50:00,4553.67,162.36,TRADE
VIC1,2025-06-30 03:55:00,4563.57,157.72,TRADE
VIC1,2025-06-30 04:00:00,4619.63,166.65,TRADE
VIC1,2025-06-30 04:05:00,4647.43,200.7,TRADE
VIC1,2025-06-30 04:10:00,4647.12,165.44,TRADE
VIC1,2025-06-30 04:15:00,4664.72,160.86,TRADE
VIC1,2025-06-30 04:20:00,4693.48,160.25,TRADE
VIC1,2025-06-30 04:25:00,4715.97,197.8,TRADE
VIC1,2025-06-30 04:30:00,4656.85,180.21,TRADE
VIC1,2025-06-30 04:35:00,4657.85,160.01,TRADE
VIC1,2025-06-30 04:40:00,4780.63,164.49,TRADE
VIC1,2025-06-30 04:45:00,4785.09,193.49,TRADE
VIC1,2025-06-30 04:50:00,4757.06,180.21,TRADE
VIC1,2025-06-30 04:55:00,4800.79,168.29,TRADE
VIC1,2025-06-30 05:00:00,4846.05,190.08,TRADE
VIC1,2025-06-30 05:05:00,4831.45,164.53,TRADE
VIC1,2025-06-30 05:10:00,4931.55,194.12,TRADE
VIC1,2025-06-30 05:15:00,5025.08,229.65,TRADE
VIC1,2025-06-30 05:20:00,4976.05,228.58,TRADE
VIC1,2025-06-30 05:25:00,5029.77,180.21,TRADE
VIC1,2025-06-30 05:30:00,5119.33,191.19,TRADE
VIC1,2025-06-30 05:35:00,5160.15,186.51,TRADE
VIC1,2025-06-30 05:40:00,5209.09,188.57,TRADE
VIC1,2025-06-30 05:45:00,5284.74,202.36,TRADE
VIC1,2025-06-30 05:50:00,5333.54,185.47,TRADE
VIC1,2025-06-30 05:55:00,5396.01,204.16,TRADE
VIC1,2025-06-30 06:00:00,5446.64,236.98,TRADE
VIC1,2025-06-30 06:05:00,5447.13,209.96,TRADE
VIC1,2025-06-30 06:10:00,5667.67,253.84,TRADE
VIC1,2025-06-30 06:15:00,5771.61,249.15,TRADE
VIC1,2025-06-30 06:20:00,5867.17,246.74,TRADE
VIC1,2025-06-30 06:25:00,5968.72,243.43,TRADE
VIC1,2025-06-30 06:30:00,6060.29,254.17,TRADE
VIC1,2025-06-30 06:35:00,6176.87,211.97,TRADE
VIC1,2025-06-30 06:40:00,6298.47,255.57,TRADE
VIC1,2025-06-30 06:45:00,6298.71,261.93,TRADE
VIC1,2025-06-30 06:50:00,6389.02,264.23,TRADE
VIC1,2025-06-30 06:55:00,6562.42,273.3,TRADE
VIC1,2025-06-30 07:00:00,6647.4,278.46,TRADE
VIC1,2025-06-30 07:05:00,6763.93,276.38,TRADE
VIC1,2025-06-30 07:10:00,6792.87,266.96,TRADE
VIC1,2025-06-30 07:15:00,6972.46,268.47,TRADE
VIC1,2025-06-30 07:20:00,6985.77,319.1,TRADE
VIC1,2025-06-30 07:25:00,7069.66,386.72,TRADE
VIC1,2025-06-30 07:30:00,7113.24,388.72,TRADE
VIC1,2025-06-30 07:35:00,7213.58,299.5,TRADE
VIC1,2025-06-30 07:40:00,7363.99,358.65,TRADE
VIC1,2025-06-30 07:45:00,7320.38,302.17,TRADE
VIC1,2025-06-30 07:50:00,7456.13,299.22,TRADE
VIC1,2025-06-30 07:55:00,7493.09,358.83,TRADE
VIC1,2025-06-30 08:00:00,7519.45,338.73,TRADE
VIC1,2025-06-30 08:05:00,7456.28,289.63,TRADE
VIC1,2025-06-30 08:10:00,7550.55,304.3,TRADE
VIC1,2025-06-30 08:15:00,7549.76,299.89,TRADE
VIC1,2025-06-30 08:20:00,7540.86,299.5,TRADE
VIC1,2025-06-30 08:25:00,7436.96,297.96,TRADE
VIC1,2025-06-30 08:30:00,7391.29,295.93,TRADE
VIC1,2025-06-30 08:35:00,7386.94,297.32,TRADE
VIC1,2025-06-30 08:40:00,7331.51,292.24,TRADE
VIC1,2025-06-30 08:45:00,7282.53,293.02,TRADE
VIC1,2025-06-30 08:50:00,7243.28,281.41,TRADE
VIC1,2025-06-30 08:55:00,7181.22,267.94,TRADE
VIC1,2025-06-30 09:00:00,7137.29,234.2,TRADE
VIC1,2025-06-30 09:05:00,7034.75,245.03,TRADE
VIC1,2025-06-30 09:10:00,6985.35,290.34,TRADE
VIC1,2025-06-30 09:15:00,6972.4,284.67,TRADE
VIC1,2025-06-30 09:20:00,6852.19,222.3,TRADE
VIC1,2025-06-30 09:25:00,6884.48,288.65,TRADE
VIC1,2025-06-30 09:30:00,6790.2,176.63,TRADE
VIC1,2025-06-30 09:35:00,6713.2,227.97,TRADE
VIC1,2025-06-30 09:40:00,6617.06,189.48,TRADE
VIC1,2025-06-30 09:45:00,6548.5,204.08,TRADE
VIC1,2025-06-30 09:50:00,6352.14,203.03,TRADE
VIC1,2025-06-30 09:55:00,6295.25,199.62,TRADE
VIC1,2025-06-30 10:00:00,6281.85,196.58,TRADE
VIC1,2025-06-30 10:05:00,6170.63,174.94,TRADE
VIC1,2025-06-30 10:10:00,6090.45,266.96,TRADE
VIC1,2025-06-30 10:15:00,6099.18,264.08,TRADE
VIC1,2025-06-30 10:20:00,6060.18,237.78,TRADE
VIC1,2025-06-30 10:25:00,6018.49,255.21,TRADE
VIC1,2025-06-30 10:30:00,5931.04,207.01,TRADE
VIC1,2025-06-30 10:35:00,5798.47,189.12,TRADE
VIC1,2025-06-30 10:40:00,5748.92,231.18,TRADE
VIC1,2025-06-30 10:45:00,5702.34,160.0,TRADE
VIC1,2025-06-30 10:50:00,5750.17,191.14,TRADE
VIC1,2025-06-30 10:55:00,5752.87,241.96,TRADE
VIC1,2025-06-30 11:00:00,5627.27,160.0,TRADE
VIC1,2025-06-30 11:05:00,5695.42,262.34,TRADE
VIC1,2025-06-30 11:10:00,5674.46,241.96,TRADE
VIC1,2025-06-30 11:15:00,5668.33,179.37,TRADE
VIC1,2025-06-30 11:20:00,5603.92,185.54,TRADE
VIC1,2025-06-30 11:25:00,5516.44,187.78,TRADE
VIC1,2025-06-30 11:30:00,5463.75,139.14,TRADE
VIC1,2025-06-30 11:35:00,5507.01,178.19,TRADE
VIC1,2025-06-30 11:40:00,5485.33,181.58,TRADE
VIC1,2025-06-30 11:45:00,5369.15,144.26,TRADE
VIC1,2025-06-30 11:50:00,5354.73,180.83,TRADE
VIC1,2025-06-30 11:55:00,5364.05,179.84,TRADE
VIC1,2025-06-30 12:00:00,5341.91,153.86,TRADE
VIC1,2025-06-30 12:05:00,5374.65,160.0,TRADE
VIC1,2025-06-30 12:10:00,5349.04,175.48,TRADE
VIC1,2025-06-30 12:15:00,5298.0,160.0,TRADE
VIC1,2025-06-30 12:20:00,5252.32,160.0,TRADE
VIC1,2025-06-30 12:25:00,5346.78,160.0,TRADE
VIC1,2025-06-30 12:30:00,5326.73,144.25,TRADE
VIC1,2025-06-30 12:35:00,5319.16,138.4,TRADE
VIC1,2025-06-30 12:40:00,5301.92,160.0,TRADE
VIC1,2025-06-30 12:45:00,5339.97,177.87,TRADE
VIC1,2025-06-30 12:50:00,5308.31,160.35,TRADE
VIC1,2025-06-30 12:55:00,5205.95,109.33,TRADE
VIC1,2025-06-30 13:00:00,5206.9,160.0,TRADE
VIC1,2025-06-30 13:05:00,5303.54,153.63,TRADE
VIC1,2025-06-30 13:10:00,5343.28,188.96,TRADE
VIC1,2025-06-30 13:15:00,5288.44,160.0,TRADE
VIC1,2025-06-30 13:20:00,5305.31,144.85,TRADE
VIC1,2025-06-30 13:25:00,5313.32,160.0,TRADE
VIC1,2025-06-30 13:30:00,5299.25,160.0,TRADE
VIC1,2025-06-30 13:35:00,5194.5,114.68,TRADE
VIC1,2025-06-30 13:40:00,5262.29,115.9,TRADE
VIC1,2025-06-30 13:45:00,5323.88,114.16,TRADE
VIC1,2025-06-30 13:50:00,5372.8,98.59,TRADE
VIC1,2025-06-30 13:55:00,5375.02,98.08,TRADE
VIC1,2025-06-30 14:00:00,5425.4,70.93,TRADE
VIC1,2025-06-30 14:05:00,5465.44,51.79,TRADE
VIC1,2025-06-30 14:10:00,5396.25,52.2,TRADE
VIC1,2025-06-30 14:15:00,5323.3,82.36,TRADE
VIC1,2025-06-30 14:20:00,5332.78,77.92,TRADE
VIC1,2025-06-30 14:25:00,5398.82,102.38,TRADE
VIC1,2025-06-30 14:30:00,5405.68,144.84,TRADE
VIC1,2025-06-30 14:35:00,5442.62,103.94,TRADE
VIC1,2025-06-30 14:40:00,5470.31,105.1,TRADE
VIC1,2025-06-30 14:45:00,5481.56,160.0,TRADE
VIC1,2025-06-30 14:50:00,5492.48,160.0,TRADE
VIC1,2025-06-30 14:55:00,5460.21,164.06,TRADE
VIC1,2025-06-30 15:00:00,5511.06,134.42,TRADE
VIC1,2025-06-30 15:05:00,5584.73,70.18,TRADE
VIC1,2025-06-30 15:10:00,5669.77,99.63,TRADE
VIC1,2025-06-30 15:15:00,5676.89,99.62,TRADE
VIC1,2025-06-30 15:20:00,5705.03,100.61,TRADE
VIC1,2025-06-30 15:25:00,5774.03,273.73,TRADE
VIC1,2025-06-30 15:30:00,5743.15,275.07,TRADE
VIC1,2025-06-30 15:35:00,5841.78,203.43,TRADE
VIC1,2025-06-30 15:40:00,5907.2,181.27,TRADE
VIC1,2025-06-30 15:45:00,5952.21,227.97,TRADE
VIC1,2025-06-30 15:50:00,6080.29,267.63,TRADE
VIC1,2025-06-30 15:55:00,6196.79,270.23,TRADE
VIC1,2025-06-30 16:00:00,6189.93,270.33,TRADE
VIC1,2025-06-30 16:05:00,6368.73,262.06,TRADE
VIC1,2025-06-30 16:10:00,6424.57,190.44,TRADE
VIC1,2025-06-30 16:15:00,6506.33,230.84,TRADE
VIC1,2025-06-30 16:20:00,6603.53,199.6,TRADE
VIC1,2025-06-30 16:25:00,6622.76,239.91,TRADE
VIC1,2025-06-30 16:30:00,6776.45,242.35,TRADE
VIC1,2025-06-30 16:35:00,6864.96,267.7,TRADE
VIC1,2025-06-30 16:40:00,6895.61,265.7,TRADE
VIC1,2025-06-30 16:45:00,7060.07,281.96,TRADE
VIC1,2025-06-30 16:50:00,7152.45,299.9,TRADE
VIC1,2025-06-30 16:55:00,7231.44,348.41,TRADE
VIC1,2025-06-30 17:00:00,7218.79,353.01,TRADE
VIC1,2025-06-30 17:05:00,7348.36,310.67,TRADE
VIC1,2025-06-30 17:10:00,7329.91,299.12,TRADE
VIC1,2025-06-30 17:15:00,7526.1,306.72,TRADE
VIC1,2025-06-30 17:20:00,7631.07,299.89,TRADE
VIC1,2025-06-30 17:25:00,7666.94,299.38,TRADE
VIC1,2025-06-30 17:30:00,7790.94,334.24,TRADE
VIC1,2025-06-30 17:35:00,7852.74,325.32,TRADE
VIC1,2025-06-30 17:40:00,7903.2,360.07,TRADE
VIC1,2025-06-30 17:45:00,7874.21,302.89,TRADE
VIC1,2025-06-30 17:50:00,8028.44,300.28,TRADE
VIC1,2025-06-30 17:55:00,8047.54,307.23,TRADE
VIC1,2025-06-30 18:00:00,7998.79,360.07,TRADE
VIC1,2025-06-30 18:05:00,7978.24,299.29,TRADE
VIC1,2025-06-30 18:10:00,8038.27,272.95,TRADE
VIC1,2025-06-30 18:15:00,8040.81,289.23,TRADE
VIC1,2025-06-30 18:20:00,8011.21,282.55,TRADE
VIC1,2025-06-30 18:25:00,8100.76,269.68,TRADE
VIC1,2025-06-30 18:30:00,8091.26,262.07,TRADE
VIC1,2025-06-30 18:35:00,8002.68,262.89,TRADE
VIC1,2025-06-30 18:40:00,8032.09,267.74,TRADE
VIC1,2025-06-30 18:45:00,8012.93,279.28,TRADE
VIC1,2025-06-30 18:50:00,7921.96,272.7,TRADE
VIC1,2025-06-30 18:55:00,7919.91,268.04,TRADE
VIC1,2025-06-30 19:00:00,7868.38,270.82,TRADE
VIC1,2025-06-30 19:05:00,7832.61,267.39,TRADE
VIC1,2025-06-30 19:10:00,7802.07,269.82,TRADE
VIC1,2025-06-30 19:15:00,7799.87,272.51,TRADE
VIC1,2025-06-30 19:20:00,7782.48,279.25,TRADE
VIC1,2025-06-30 19:25:00,7868.83,276.86,TRADE
VIC1,2025-06-30 19:30:00,7820.27,267.08,TRADE
VIC1,2025-06-30 19:35:00,7814.13,274.06,TRADE
VIC1,2025-06-30 19:40:00,7801.43,272.61,TRADE
VIC1,2025-06-30 19:45:00,7785.39,278.37,TRADE
VIC1,2025-06-30 19:50:00,7771.84,244.78,TRADE
VIC1,2025-06-30 19:55:00,7670.27,253.88,TRADE
VIC1,2025-06-30 20:00:00,7696.28,247.51,TRADE
VIC1,2025-06-30 20:05:00,7648.48,270.82,TRADE
VIC1,2025-06-30 20:10:00,7598.2,270.82,TRADE
VIC1,2025-06-30 20:15:00,7563.59,253.46,TRADE
VIC1,2025-06-30 20:20:00,7557.19,252.92,TRADE
VIC1,2025-06-30 20:25:00,7541.58,245.68,TRADE
VIC1,2025-06-30 20:30:00,7505.5,253.01,TRADE
VIC1,2025-06-30 20:35:00,7404.41,225.29,TRADE
VIC1,2025-06-30 20:40:00,7452.78,230.03,TRADE
VIC1,2025-06-30 20:45:00,7390.56,284.0,TRADE
VIC1,2025-06-30 20:50:00,7290.39,252.48,TRADE
VIC1,2025-06-30 20:55:00,7304.82,248.74,TRADE
VIC1,2025-06-30 21:00:00,7239.08,250.71,TRADE
VIC1,2025-06-30 21:05:00,7217.28,207.65,TRADE
VIC1,2025-06-30 21:10:00,7208.31,247.5,TRADE
VIC1,2025-06-30 21:15:00,7062.13,196.33,TRADE
VIC1,2025-06-30 21:20:00,7022.58,208.24,TRADE
VIC1,2025-06-30 21:25:00,7020.59,208.84,TRADE
VIC1,2025-06-30 21:30:00,7001.58,210.37,TRADE
VIC1,2025-06-30 21:35:00,6917.29,197.43,TRADE
VIC1,2025-06-30 21:40:00,6880.03,202.01,TRADE
VIC1,2025-06-30 21:45:00,6834.12,198.48,TRADE
VIC1,2025-06-30 21:50:00,6771.31,203.46,TRADE
VIC1,2025-06-30 21:55:00,6618.26,171.86,TRADE
VIC1,2025-06-30 22:00:00,6570.71,174.24,TRADE
VIC1,2025-06-30 22:05:00,6560.48,165.65,TRADE
VIC1,2025-06-30 22:10:00,6525.46,185.58,TRADE
VIC1,2025-06-30 22:15:00,6496.18,167.5,TRADE
VIC1,2025-06-30 22:20:00,6414.06,164.33,TRADE
VIC1,2025-06-30 22:25:00,6355.45,159.44,TRADE
VIC1,2025-06-30 22:30:00,6297.8,152.75,TRADE
VIC1,2025-06-30 22:35:00,6252.43,160.1,TRADE
VIC1,2025-06-30 22:40:00,6104.14,168.65,TRADE
VIC1,2025-06-30 22:45:00,6075.01,169.73,TRADE
VIC1,2025-06-30 22:50:00,6023.53,151.84,TRADE
VIC1,2025-06-30 22:55:00,6042.52,160.01,TRADE
VIC1,2025-06-30 23:00:00,6021.85,133.21,TRADE
VIC1,2025-06-30 23:05:00,5953.16,144.43,TRADE
VIC1,2025-06-30 23:10:00,6080.65,147.45,TRADE
VIC1,2025-06-30 23:15:00,6091.48,160.01,TRADE
VIC1,2025-06-30 23:20:00,6043.56,159.07,TRADE
VIC1,2025-06-30 23:25:00,6016.53,157.89,TRADE
VIC1,2025-06-30 23:30:00,5940.14,131.06,TRADE
VIC1,2025-06-30 23:35:00,5903.38,144.72,TRADE
VIC1,2025-06-30 23:40:00,5912.75,145.45,TRADE
VIC1,2025-06-30 23:45:00,5889.37,148.8,TRADE
VIC1,2025-06-30 23:50:00,5744.12,140.18,TRADE
VIC1,2025-06-30 23:55:00,5760.93,144.82,TRADE
VIC1,2025-07-01 00:00:00,5739.95,112.61,TRADE
VIC1,2025-07-01 00:05:00,5692.87,176.62,TRADE
VIC1,2025-07-01 00:10:00,5691.8,182.31,TRADE
VIC1,2025-07-01 00:15:00,5590.5,169.48,TRADE
VIC1,2025-07-01 00:20:00,5600.48,184.68,TRADE
VIC1,2025-07-01 00:25:00,5591.13,185.74,TRADE
VIC1,2025-07-01 00:30:00,5594.19,187.32,TRADE
VIC1,2025-07-01 00:35:00,5555.49,185.43,TRADE
VIC1,2025-07-01 00:40:00,5504.99,187.57,TRADE
VIC1,2025-07-01 00:45:00,5475.3,162.06,TRADE
VIC1,2025-07-01 00:50:00,5450.96,182.31,TRADE
VIC1,2025-07-01 00:55:00,5347.53,164.63,TRADE
VIC1,2025-07-01 01:00:00,5299.15,162.06,TRADE
VIC1,2025-07-01 01:05:00,5297.63,162.06,TRADE
VIC1,2025-07-01 01:10:00,5342.43,182.78,TRADE
VIC1,2025-07-01 01:15:00,5310.73,162.06,TRADE
VIC1,2025-07-01 01:20:00,5251.04,179.28,TRADE
VIC1,2025-07-01 01:25:00,5224.56,162.06,TRADE
VIC1,2025-07-01 01:30:00,5212.97,162.06,TRADE
VIC1,2025-07-01 01:35:00,5198.21,183.04,TRADE
VIC1,2025-07-01 01:40:00,5103.8,180.46,TRADE
VIC1,2025-07-01 01:45:00,5072.28,180.92,TRADE
VIC1,2025-07-01 01:50:00,5117.14,181.64,TRADE
VIC1,2025-07-01 01:55:00,5093.33,166.03,TRADE
VIC1,2025-07-01 02:00:00,5049.75,162.94,TRADE
VIC1,2025-07-01 02:05:00,5029.49,160.35,TRADE
VIC1,2025-07-01 02:10:00,5021.63,161.53,TRADE
VIC1,2025-07-01 02:15:00,4995.32,159.02,TRADE
VIC1,2025-07-01 02:20:00,4907.51,145.62,TRADE
VIC1,2025-07-01 02:25:00,4896.96,143.95,TRADE
VIC1,2025-07-01 02:30:00,4939.79,145.62,TRADE
VIC1,2025-07-01 02:35:00,4929.63,161.25,TRADE
VIC1,2025-07-01 02:40:00,4851.6,141.41,TRADE
VIC1,2025-07-01 02:45:00,4897.27,133.46,TRADE
VIC1,2025-07-01 02:50:00,4885.4,141.54,TRADE
VIC1,2025-07-01 02:55:00,4856.74,111.04,TRADE
VIC1,2025-07-01 03:00:00,4845.92,142.73,TRADE
VIC1,2025-07-01 03:05:00,4754.46,105.67,TRADE
VIC1,2025-07-01 03:10:00,4774.32,108.39,TRADE
VIC1,2025-07-01 03:15:00,4751.01,131.6,TRADE
VIC1,2025-07-01 03:20:00,4771.57,130.14,TRADE
VIC1,2025-07-01 03:25:00,4770.57,107.6,TRADE
VIC1,2025-07-01 03:30:00,4836.71,121.35,TRADE
VIC1,2025-07-01 03:35:00,4827.04,104.88,TRADE
VIC1,2025-07-01 03:40:00,4808.48,131.16,TRADE
VIC1,2025-07-01 03:45:00,4806.11,121.35,TRADE
VIC1,2025-07-01 03:50:00,4836.95,116.35,TRADE
VIC1,2025-07-01 03:55:00,4839.41,104.71,TRADE
VIC1,2025-07-01 04:00:00,4846.22,107.08,TRADE
VIC1,2025-07-01 04:05:00,4782.71,118.18,TRADE
VIC1,2025-07-01 04:10:00,4830.8,118.12,TRADE
VIC1,2025-07-01 04:15:00,4819.0,118.11,TRADE
VIC1,2025-07-01 04:20:00,4828.88,117.17,TRADE
VIC1,2025-07-01 04:25:00,4810.82,117.93,TRADE
VIC1,2025-07-01 04:30:00,4891.89,114.16,TRADE
VIC1,2025-07-01 04:35:00,4841.27,102.96,TRADE
VIC1,2025-07-01 04:40:00,4877.67,114.52,TRADE
VIC1,2025-07-01 04:45:00,4936.42,117.3,TRADE
VIC1,2025-07-01 04:50:00,4963.49,118.04,TRADE
VIC1,2025-07-01 04:55:00,5019.71,117.93,TRADE
VIC1,2025-07-01 05:00:00,4928.32,115.31,TRADE
VIC1,2025-07-01 05:05:00,4982.97,79.72,TRADE
VIC1,2025-07-01 05:10:00,5082.84,114.65,TRADE
VIC1,2025-07-01 05:15:00,5151.34,124.57,TRADE
VIC1,2025-07-01 05:20:00,5118.2,122.02,TRADE
VIC1,2025-07-01 05:25:00,5233.43,122.02,TRADE
VIC1,2025-07-01 05:30:00,5215.5,122.02,TRADE
VIC1,2025-07-01 05:35:00,5349.98,153.09,TRADE
VIC1,2025-07-01 05:40:00,5440.87,122.02,TRADE
VIC1,2025-07-01 05:45:00,5506.3,134.88,TRADE
VIC1,2025-07-01 05:50:00,5560.83,133.92,TRADE
VIC1,2025-07-01 05:55:00,5516.78,129.95,TRADE
VIC1,2025-07-01 06:00:00,5660.78,167.34,TRADE
VIC1,2025-07-01 06:05:00,5736.26,122.02,TRADE
VIC1,2025-07-01 06:10:00,5861.55,138.57,TRADE
VIC1,2025-07-01 06:15:00,6022.58,156.44,TRADE
VIC1,2025-07-01 06:20:00,6058.03,156.4,TRADE
VIC1,2025-07-01 06:25:00,6132.86,167.92,TRADE
VIC1,2025-07-01 06:30:00,6231.48,197.08,TRADE
VIC1,2025-07-01 06:35:00,6244.93,145.73,TRADE
VIC1,2025-07-01 06:40:00,6358.02,158.19,TRADE
VIC1,2025-07-01 06:45:00,6545.15,195.88,TRADE
VIC1,2025-07-01 06:50:00,6627.61,196.18,TRADE
VIC1,2025-07-01 06:55:00,6739.34,223.94,TRADE
VIC1,2025-07-01 07:00:00,6851.04,235.2,TRADE
VIC1,2025-07-01 07:05:00,6969.84,203.67,TRADE
VIC1,2025-07-01 07:10:00,7024.04,235.2,TRADE
VIC1,2025-07-01 07:15:00,7150.05,237.99,TRADE
VIC1,2025-07-01 07:20:00,7136.97,266.96,TRADE
VIC1,2025-07-01 07:25:00,7282.33,272.5,TRADE
VIC1,2025-07-01 07:30:00,7351.5,254.05,TRADE
VIC1,2025-07-01 07:35:00,7328.05,243.97,TRADE
VIC1,2025-07-01 07:40:00,7237.13,237.99,TRADE
VIC1,2025-07-01 07:45:00,7285.13,232.1,TRADE
VIC1,2025-07-01 07:50:00,7282.27,235.2,TRADE
VIC1,2025-07-01 07:55:00,7390.23,200.02,TRADE
VIC1,2025-07-01 08:00:00,7369.94,200.02,TRADE
VIC1,2025-07-01 08:05:00,7314.45,200.02,TRADE
VIC1,2025-07-01 08:10:00,7326.29,196.12,TRADE
VIC1,2025-07-01 08:15:00,7391.92,189.83,TRADE
VIC1,2025-07-01 08:20:00,7430.08,184.44,TRADE
VIC1,2025-07-01 08:25:00,7351.04,139.64,TRADE
VIC1,2025-07-01 08:30:00,7350.0,184.01,TRADE
VIC1,2025-07-01 08:35:00,7356.8,187.51,TRADE
VIC1,2025-07-01 08:40:00,7537.67,235.2,TRADE
VIC1,2025-07-01 08:45:00,7460.0,144.47,TRADE
VIC1,2025-07-01 08:50:00,7464.52,147.01,TRADE
VIC1,2025-07-01 08:55:00,7461.04,137.96,TRADE
VIC1,2025-07-01 09:00:00,7400.69,137.93,TRADE
VIC1,2025-07-01 09:05:00,7503.32,200.02,TRADE
VIC1,2025-07-01 09:10:00,7484.7,200.02,TRADE
VIC1,2025-07-01 09:15:00,7464.28,194.42,TRADE
VIC1,2025-07-01 09:20:00,7448.8,200.02,TRADE
VIC1,2025-07-01 09:25:00,7427.18,200.02,TRADE
VIC1,2025-07-01 09:30:00,7361.33,200.02,TRADE
VIC1,2025-07-01 09:35:00,7267.74,200.02,TRADE
VIC1,2025-07-01 09:40:00,7255.36,195.09,TRADE
VIC1,2025-07-01 09:45:00,7243.39,226.78,TRADE
VIC1,2025-07-01 09:50:00,7155.16,224.53,TRADE
VIC1,2025-07-01 09:55:00,7093.89,193.23,TRADE
VIC1,2025-07-01 10:00:00,7039.79,195.7,TRADE
VIC1,2025-07-01 10:05:00,7009.49,184.5,TRADE
VIC1,2025-07-01 10:10:00,7026.61,187.73,TRADE
VIC1,2025-07-01 10:15:00,6849.13,180.73,TRADE
VIC1,2025-07-01 10:20:00,6810.02,185.46,TRADE
VIC1,2025-07-01 10:25:00,6815.73,182.59,TRADE
VIC1,2025-07-01 10:30:00,6764.28,183.06,TRADE
VIC1,2025-07-01 10:35:00,6697.47,182.6,TRADE
VIC1,2025-07-01 10:40:00,6707.31,184.54,TRADE
VIC1,2025-07-01 10:45:00,6679.18,183.07,TRADE
VIC1,2025-07-01 10:50:00,6640.27,181.67,TRADE
VIC1,2025-07-01 10:55:00,6585.78,180.73,TRADE
VIC1,2025-07-01 11:00:00,6429.36,160.0,TRADE
VIC1,2025-07-01 11:05:00,6430.95,176.95,TRADE
VIC1,2025-07-01 11:10:00,6500.46,181.27,TRADE
VIC1,2025-07-01 11:15:00,6446.42,173.51,TRADE
VIC1,2025-07-01 11:20:00,6396.6,174.52,TRADE
VIC1,2025-07-01 11:25:00,6390.67,160.0,TRADE
VIC1,2025-07-01 11:30:00,6406.69,177.26,TRADE
VIC1,2025-07-01 11:35:00,6368.89,177.71,TRADE
VIC1,2025-07-01 11:40:00,6291.5,179.83,TRADE
VIC1,2025-07-01 11:45:00,6252.13,236.21,TRADE
VIC1,2025-07-01 11:50:00,6200.05,235.12,TRADE
VIC1,2025-07-01 11:55:00,6265.77,236.21,TRADE
VIC1,2025-07-01 12:00:00,6214.2,235.12,TRADE
VIC1,2025-07-01 12:05:00,6161.6,227.97,TRADE
VIC1,2025-07-01 12:10:00,6120.09,235.12,TRADE
VIC1,2025-07-01 12:15:00,6121.77,262.41,TRADE
VIC1,2025-07-01 12:20:00,6055.94,260.13,TRADE
VIC1,2025-07-01 12:25:00,5977.09,236.84,TRADE
VIC1,2025-07-01 12:30:00,5960.78,262.85,TRADE
VIC1,2025-07-01 12:35:00,5943.63,235.12,TRADE
VIC1,2025-07-01 12:40:00,5916.22,266.96,TRADE
VIC1,2025-07-01 12:45:00,5902.67,266.96,TRADE
VIC1,2025-07-01 12:50:00,5873.61,257.13,TRADE
VIC1,2025-07-01 12:55:00,5880.21,267.17,TRADE
VIC1,2025-07-01 13:00:00,5862.65,250.17,TRADE
VIC1,2025-07-01 13:05:00,5844.56,266.96,TRADE
VIC1,2025-07-01 13:10:00,5872.01,266.96,TRADE
VIC1,2025-07-01 13:15:00,5889.73,266.96,TRADE
VIC1,2025-07-01 13:20:00,5872.34,268.04,TRADE
VIC1,2025-07-01 13:25:00,5952.36,266.96,TRADE
VIC1,2025-07-01 13:30:00,5955.04,268.55,TRADE
VIC1,2025-07-01 13:35:00,5956.27,268.61,TRADE
VIC1,2025-07-01 13:40:00,5876.57,268.94,TRADE
VIC1,2025-07-01 13:45:00,6013.37,235.12,TRADE
VIC1,2025-07-01 13:50:00,6035.14,235.12,TRADE
VIC1,2025-07-01 13:55:00,6054.4,235.12,TRADE
VIC1,2025-07-01 14:00:00,6048.02,232.16,TRADE
VIC1,2025-07-01 14:05:00,5966.26,227.97,TRADE
VIC1,2025-07-01 14:10:00,5985.91,227.97,TRADE
VIC1,2025-07-01 14:15:00,5993.34,227.97,TRADE
VIC1,2025-07-01 14:20:00,6071.32,295.22,TRADE
VIC1,2025-07-01 14:25:00,5997.13,227.97,TRADE
VIC1,2025-07-01 14:30:00,6048.4,266.96,TRADE
VIC1,2025-07-01 14:35:00,5999.58,231.03,TRADE
VIC1,2025-07-01 14:40:00,6062.33,295.22,TRADE
VIC1,2025-07-01 14:45:00,6027.86,283.98,TRADE
VIC1,2025-07-01 14:50:00,6061.68,295.22,TRADE
VIC1,2025-07-01 14:55:00,6072.69,268.27,TRADE
VIC1,2025-07-01 15:00:00,6002.6,227.97,TRADE
VIC1,2025-07-01 15:05:00,6053.82,235.12,TRADE
VIC1,2025-07-01 15:10:00,6072.33,291.33,TRADE
VIC1,2025-07-01 15:15:00,6159.72,295.22,TRADE
VIC1,2025-07-01 15:20:00,6171.67,290.68,TRADE
VIC1,2025-07-01 15:25:00,6208.06,299.3,TRADE
VIC1,2025-07-01 15:30:00,6257.8,291.56,TRADE
VIC1,2025-07-01 15:35:00,6263.89,222.66,TRADE
VIC1,2025-07-01 15:40:00,6371.01,200.02,TRADE
VIC1,2025-07-01 15:45:00,6320.37,200.02,TRADE
VIC1,2025-07-01 15:50:00,6366.22,185.14,TRADE
VIC1,2025-07-01 15:55:00,6447.35,174.45,TRADE
VIC1,2025-07-01 16:00:00,6567.84,185.67,TRADE
VIC1,2025-07-01 16:05:00,6641.99,191.34,TRADE
VIC1,2025-07-01 16:10:00,6649.11,200.02,TRADE
VIC1,2025-07-01 16:15:00,6737.55,214.36,TRADE
VIC1,2025-07-01 16:20:00,6762.04,200.02,TRADE
VIC1,2025-07-01 16:25:00,6843.58,216.02,TRADE
VIC1,2025-07-01 16:30:00,6834.71,219.34,TRADE
VIC1,2025-07-01 16:35:00,6872.66,221.48,TRADE
VIC1,2025-07-01 16:40:00,6972.2,225.35,TRADE
VIC1,2025-07-01 16:45:00,7143.15,284.0,TRADE
VIC1,2025-07-01 16:50:00,7221.58,284.0,TRADE
VIC1,2025-07-01 16:55:00,7313.25,281.34,TRADE
VIC1,2025-07-01 17:00:00,7384.99,281.02,TRADE
VIC1,2025-07-01 17:05:00,7388.27,237.99,TRADE
VIC1,2025-07-01 17:10:00,7405.38,299.29,TRADE
VIC1,2025-07-01 17:15:00,7547.89,237.99,TRADE
VIC1,2025-07-01 17:20:00,7545.46,284.0,TRADE
VIC1,2025-07-01 17:25:00,7626.01,284.0,TRADE
VIC1,2025-07-01 17:30:00,7683.87,306.15,TRADE
VIC1,2025-07-01 17:35:00,7841.3,299.29,TRADE
VIC1,2025-07-01 17:40:00,7915.96,298.0,TRADE
VIC1,2025-07-01 17:45:00,7986.18,287.65,TRADE
VIC1,2025-07-01 17:50:00,8032.68,311.69,TRADE
VIC1,2025-07-01 17:55:00,8087.53,302.65,TRADE
VIC1,2025-07-01 18:00:00,8107.12,388.72,TRADE
VIC1,2025-07-01 18:05:00,8003.1,306.9,TRADE
VIC1,2025-07-01 18:10:00,7970.9,266.11,TRADE
VIC1,2025-07-01 18:15:00,8017.19,284.0,TRADE
VIC1,2025-07-01 18:20:00,7957.6,294.03,TRADE
VIC1,2025-07-01 18:25:00,7989.41,250.3,TRADE
VIC1,2025-07-01 18:30:00,7981.54,246.32,TRADE
VIC1,2025-07-01 18:35:00,7978.8,237.99,TRADE
VIC1,2025-07-01 18:40:00,7938.9,248.61,TRADE
VIC1,2025-07-01 18:45:00,7854.51,253.34,TRADE
VIC1,2025-07-01 18:50:00,7813.94,295.22,TRADE
VIC1,2025-07-01 18:55:00,7842.1,237.99,TRADE
VIC1,2025-07-01 19:00:00,7838.24,222.29,TRADE
VIC1,2025-07-01 19:05:00,7734.36,239.98,TRADE
VIC1,2025-07-01 19:10:00,7780.27,237.99,TRADE
VIC1,2025-07-01 19:15:00,7729.95,237.99,TRADE
VIC1,2025-07-01 19:20:00,7721.51,237.99,TRADE
VIC1,2025-07-01 19:25:00,7750.4,237.99,TRADE
VIC1,2025-07-01 19:30:00,7620.58,200.02,TRADE
VIC1,2025-07-01 19:35:00,7575.09,201.78,TRADE
VIC1,2025-07-01 19:40:00,7613.65,203.39,TRADE
VIC1,2025-07-01 19:45:00,7610.13,203.45,TRADE
VIC1,2025-07-01 19:50:00,7537.87,192.42,TRADE
VIC1,2025-07-01 19:55:00,7533.1,200.53,TRADE
VIC1,2025-07-01 20:00:00,7504.11,183.85,TRADE
VIC1,2025-07-01 20:05:00,7470.51,169.45,TRADE
VIC1,2025-07-01 20:10:00,7381.76,160.0,TRADE
VIC1,2025-07-01 20:15:00,7348.77,160.0,TRADE
VIC1,2025-07-01 20:20:00,7362.09,160.31,TRADE
VIC1,2025-07-01 20:25:00,7350.06,181.84,TRADE
VIC1,2025-07-01 20:30:00,7226.13,160.0,TRADE
VIC1,2025-07-01 20:35:00,7272.71,237.99,TRADE
VIC1,2025-07-01 20:40:00,7202.57,186.04,TRADE
VIC1,2025-07-01 20:45:00,7182.8,186.57,TRADE
VIC1,2025-07-01 20:50:00,7167.4,183.85,TRADE
VIC1,2025-07-01 20:55:00,7009.75,143.71,TRADE
VIC1,2025-07-01 21:00:00,7000.04,132.72,TRADE
VIC1,2025-07-01 21:05:00,6988.95,172.53,TRADE
VIC1,2025-07-01 21:10:00,6897.77,174.44,TRADE
VIC1,2025-07-01 21:15:00,6852.35,160.0,TRADE
VIC1,2025-07-01 21:20:00,6866.63,200.02,TRADE
VIC1,2025-07-01 21:25:00,6763.5,136.8,TRADE
VIC1,2025-07-01 21:30:00,6784.28,160.0,TRADE
VIC1,2025-07-01 21:35:00,6696.96,142.08,TRADE
VIC1,2025-07-01 21:40:00,6688.46,143.39,TRADE
VIC1,2025-07-01 21:45:00,6643.41,142.53,TRADE
VIC1,2025-07-01 21:50:00,6483.67,140.07,TRADE
VIC1,2025-07-01 21:55:00,6501.6,145.85,TRADE
VIC1,2025-07-01 22:00:00,6471.0,137.96,TRADE
VIC1,2025-07-01 22:05:00,6310.47,122.02,TRADE
VIC1,2025-07-01 22:10:00,6315.91,142.15,TRADE
VIC1,2025-07-01 22:15:00,6274.57,148.01,TRADE
VIC1,2025-07-01 22:20:00,6228.92,146.18,TRADE
VIC1,2025-07-01 22:25:00,6199.44,119.76,TRADE
VIC1,2025-07-01 22:30:00,6100.63,119.57,TRADE
VIC1,2025-07-01 22:35:00,6001.55,120.14,TRADE
VIC1,2025-07-01 22:40:00,5996.49,122.02,TRADE
VIC1,2025-07-01 22:45:00,5963.75,122.02,TRADE
VIC1,2025-07-01 22:50:00,5858.24,119.84,TRADE
VIC1,2025-07-01 22:55:00,5865.23,122.02,TRADE
VIC1,2025-07-01 23:00:00,5855.78,122.02,TRADE
VIC1,2025-07-01 23:05:00,5842.55,137.16,TRADE
VIC1,2025-07-01 23:10:00,5848.26,138.57,TRADE
VIC1,2025-07-01 23:15:00,5842.44,137.23,TRADE
VIC1,2025-07-01 23:20:00,5912.75,160.0,TRADE
VIC1,2025-07-01 23:25:00,5839.78,140.36,TRADE
VIC1,2025-07-01 23:30:00,5791.05,139.28,TRADE
VIC1,2025-07-01 23:35:00,5800.43,138.92,TRADE
VIC1,2025-07-01 23:40:00,5804.8,140.0,TRADE
VIC1,2025-07-01 23:45:00,5674.29,137.38,TRADE
VIC1,2025-07-01 23:50:00,5691.43,137.85,TRADE
VIC1,2025-07-01 23:55:00,5692.14,140.0,TRADE
VIC1,2025-07-02 00:00:00,5632.17,140.0,TRADE
VIC1,2025-07-02 00:05:00,5606.42,159.22,TRADE
VIC1,2025-07-02 00:10:00,5490.86,138.92,TRADE
VIC1,2025-07-02 00:15:00,5433.23,136.88,TRADE
VIC1,2025-07-02 00:20:00,5475.84,137.86,TRADE
VIC1,2025-07-02 00:25:00,5463.23,144.91,TRADE
VIC1,2025-07-02 00:30:00,5398.78,138.92,TRADE
VIC1,2025-07-02 00:35:00,5377.14,144.86,TRADE
VIC1,2025-07-02 00:40:00,5328.46,143.59,TRADE
VIC1,2025-07-02 00:45:00,5317.24,145.99,TRADE
VIC1,2025-07-02 00:50:00,5209.88,137.86,TRADE
VIC1,2025-07-02 00:55:00,5186.0,126.35,TRADE
VIC1,2025-07-02 01:00:00,5226.3,134.62,TRADE
VIC1,2025-07-02 01:05:00,5229.85,144.54,TRADE
VIC1,2025-07-02 01:10:00,5143.48,108.0,TRADE
VIC1,2025-07-02 01:15:00,5174.59,113.45,TRADE
VIC1,2025-07-02 01:20:00,5159.74,134.57,TRADE
VIC1,2025-07-02 01:25:00,5064.23,120.02,TRADE
VIC1,2025-07-02 01:30:00,5020.16,90.0,TRADE
VIC1,2025-07-02 01:35:00,5057.08,147.23,TRADE
VIC1,2025-07-02 01:40:00,5035.91,129.99,TRADE
VIC1,2025-07-02 01:45:00,4963.94,147.13,TRADE
VIC1,2025-07-02 01:50:00,4947.12,90.0,TRADE
VIC1,2025-07-02 01:55:00,4967.45,147.46,TRADE
VIC1,2025-07-02 02:00:00,4951.54,90.0,TRADE
VIC1,2025-07-02 02:05:00,4865.64,97.0,TRADE
VIC1,2025-07-02 02:10:00,4923.58,125.81,TRADE
VIC1,2025-07-02 02:15:00,4890.49,145.28,TRADE
VIC1,2025-07-02 02:20:00,4880.17,90.0,TRADE
VIC1,2025-07-02 02:25:00,4864.81,135.19,TRADE
VIC1,2025-07-02 02:30:00,4764.33,90.0,TRADE
VIC1,2025-07-02 02:35:00,4758.14,127.64,TRADE
VIC1,2025-07-02 02:40:00,4735.37,86.46,TRADE
VIC1,2025-07-02 02:45:00,4727.47,85.88,TRADE
VIC1,2025-07-02 02:50:00,4725.22,85.69,TRADE
VIC1,2025-07-02 02:55:00,4769.91,90.0,TRADE
VIC1,2025-07-02 03:00:00,4769.97,85.88,TRADE
VIC1,2025-07-02 03:05:00,4721.44,85.96,TRADE
VIC1,2025-07-02 03:10:00,4755.59,119.6,TRADE
VIC1,2025-07-02 03:15:00,4740.07,90.0,TRADE
VIC1,2025-07-02 03:20:00,4680.46,81.76,TRADE
VIC1,2025-07-02 03:25:00,4741.13,85.88,TRADE
VIC1,2025-07-02 03:30:00,4660.66,90.0,TRADE
VIC1,2025-07-02 03:35:00,4637.38,82.11,TRADE
VIC1,2025-07-02 03:40:00,4692.71,82.64,TRADE
VIC1,2025-07-02 03:45:00,4699.3,79.72,TRADE
VIC1,2025-07-02 03:50:00,4637.18,79.72,TRADE
VIC1,2025-07-02 03:55:00,4706.54,79.72,TRADE
VIC1,2025-07-02 04:00:00,4728.48,79.72,TRADE
VIC1,2025-07-02 04:05:00,4725.65,74.83,TRADE
VIC1,2025-07-02 04:10:00,4703.1,83.04,TRADE
VIC1,2025-07-02 04:15:00,4694.61,72.97,TRADE
VIC1,2025-07-02 04:20:00,4705.51,75.78,TRADE
VIC1,2025-07-02 04:25:00,4728.72,83.11,TRADE
VIC1,2025-07-02 04:30:00,4716.61,76.85,TRADE
VIC1,2025-07-02 04:35:00,4738.58,74.01,TRADE
VIC1,2025-07-02 04:40:00,4738.89,74.02,TRADE
VIC1,2025-07-02 04:45:00,4749.89,74.11,TRADE
VIC1,2025-07-02 04:50:00,4759.01,75.22,TRADE
VIC1,2025-07-02 04:55:00,4775.83,77.79,TRADE
VIC1,2025-07-02 05:00:00,4807.98,84.11,TRADE
VIC1,2025-07-02 05:05:00,4853.95,83.44,TRADE
VIC1,2025-07-02 05:10:00,4905.31,82.88,TRADE
VIC1,2025-07-02 05:15:00,4941.18,82.87,TRADE
VIC1,2025-07-02 05:20:00,4955.44,82.25,TRADE
VIC1,2025-07-02 05:25:00,4983.61,84.28,TRADE
VIC1,2025-07-02 05:30:00,5008.51,93.1,TRADE
VIC1,2025-07-02 05:35:00,5067.05,97.6,TRADE
VIC1,2025-07-02 05:40:00,5146.13,98.43,TRADE
VIC1,2025-07-02 05:45:00,5190.01,122.74,TRADE
VIC1,2025-07-02 05:50:00,5228.93,123.74,TRADE
VIC1,2025-07-02 05:55:00,5283.66,127.93,TRADE
VIC1,2025-07-02 06:00:00,5348.97,126.86,TRADE
VIC1,2025-07-02 06:05:00,5424.7,124.91,TRADE
VIC1,2025-07-02 06:10:00,5605.1,130.49,TRADE
VIC1,2025-07-02 06:15:00,5719.88,160.0,TRADE
VIC1,2025-07-02 06:20:00,5822.27,160.0,TRADE
VIC1,2025-07-02 06:25:00,5903.28,163.04,TRADE
VIC1,2025-07-02 06:30:00,5966.06,200.02,TRADE
VIC1,2025-07-02 06:35:00,6030.59,140.14,TRADE
VIC1,2025-07-02 06:40:00,6183.03,159.88,TRADE
VIC1,2025-07-02 06:45:00,6274.28,160.0,TRADE
VIC1,2025-07-02 06:50:00,6359.22,200.02,TRADE
VIC1,2025-07-02 06:55:00,6478.86,200.02,TRADE
VIC1,2025-07-02 07:00:00,6538.86,200.02,TRADE
VIC1,2025-07-02 07:05:00,6600.17,200.02,TRADE
VIC1,2025-07-02 07:10:00,6612.58,200.02,TRADE
VIC1,2025-07-02 07:15:00,6760.19,200.02,TRADE
VIC1,2025-07-02 07:20:00,6860.61,200.02,TRADE
VIC1,2025-07-02 07:25:00,6953.31,200.02,TRADE
VIC1,2025-07-02 07:30:00,7028.86,167.97,TRADE
VIC1,2025-07-02 07:35:00,7010.67,200.02,TRADE
VIC1,2025-07-02 07:40:00,6892.04,185.72,TRADE
VIC1,2025-07-02 07:45:00,6947.68,160.1,TRADE
VIC1,2025-07-02 07:50:00,6974.33,167.4,TRADE
VIC1,2025-07-02 07:55:00,7042.64,160.0,TRADE
VIC1,2025-07-02 08:00:00,7082.9,176.13,TRADE
VIC1,2025-07-02 08:05:00,7108.66,185.04,TRADE
VIC1,2025-07-02 08:10:00,7147.97,188.02,TRADE
VIC1,2025-07-02 08:15:00,7172.34,178.62,TRADE
VIC1,2025-07-02 08:20:00,7181.89,182.57,TRADE
VIC1,2025-07-02 08:25:00,7182.56,181.63,TRADE
VIC1,2025-07-02 08:30:00,7181.37,180.71,TRADE
VIC1,2025-07-02 08:35:00,7319.82,185.56,TRADE
VIC1,2025-07-02 08:40:00,7380.19,189.95,TRADE
VIC1,2025-07-02 08:45:00,7373.15,218.33,TRADE
VIC1,2025-07-02 08:50:00,7340.74,226.6,TRADE
VIC1,2025-07-02 08:55:00,7319.29,268.69,TRADE
VIC1,2025-07-02 09:00:00,7252.86,212.83,TRADE
VIC1,2025-07-02 09:05:00,7329.76,242.35,TRADE
VIC1,2025-07-02 09:10:00,7313.31,270.82,TRADE
VIC1,2025-07-02 09:15:00,7344.3,218.84,TRADE
VIC1,2025-07-02 09:20:00,7333.95,209.5,TRADE
VIC1,2025-07-02 09:25:00,7311.4,203.42,TRADE
VIC1,2025-07-02 09:30:00,7293.06,196.2,TRADE
VIC1,2025-07-02 09:35:00,7242.81,195.52,TRADE
VIC1,2025-07-02 09:40:00,7199.09,190.43,TRADE
VIC1,2025-07-02 09:45:00,7168.16,190.95,TRADE
VIC1,2025-07-02 09:50:00,7111.74,212.2,TRADE
VIC1,2025-07-02 09:55:00,7079.99,185.92,TRADE
VIC1,2025-07-02 10:00:00,7063.42,189.35,TRADE
VIC1,2025-07-02 10:05:00,7061.7,188.96,TRADE
VIC1,2025-07-02 10:10:00,7006.57,187.45,TRADE
VIC1,2025-07-02 10:15:00,7028.98,199.22,TRADE
VIC1,2025-07-02 10:20:00,6963.4,184.98,TRADE
VIC1,2025-07-02 10:25:00,6968.29,164.1,TRADE
VIC1,2025-07-02 10:30:00,6945.77,161.58,TRADE
VIC1,2025-07-02 10:35:00,6935.77,210.38,TRADE
VIC1,2025-07-02 10:40:00,6864.32,189.87,TRADE
VIC1,2025-07-02 10:45:00,6852.66,262.87,TRADE
VIC1,2025-07-02 10:50:00,6826.96,189.35,TRADE
VIC1,2025-07-02 10:55:00,6796.57,187.84,TRADE
VIC1,2025-07-02 11:00:00,6762.62,186.36,TRADE
VIC1,2025-07-02 11:05:00,6733.01,155.07,TRADE
VIC1,2025-07-02 11:10:00,6779.84,154.45,TRADE
VIC1,2025-07-02 11:15:00,6754.0,156.23,TRADE
VIC1,2025-07-02 11:20:00,6739.69,148.42,TRADE
VIC1,2025-07-02 11:25:00,6724.0,131.83,TRADE
VIC1,2025-07-02 11:30:00,6696.28,157.4,TRADE
VIC1,2025-07-02 11:35:00,6726.59,177.37,TRADE
VIC1,2025-07-02 11:40:00,6674.76,159.22,TRADE
VIC1,2025-07-02 11:45:00,6647.69,159.88,TRADE
VIC1,2025-07-02 11:50:00,6640.17,160.0,TRADE
VIC1,2025-07-02 11:55:00,6654.96,160.0,TRADE
VIC1,2025-07-02 12:00:00,6658.02,178.0,TRADE
VIC1,2025-07-02 12:05:00,6642.09,160.0,TRADE
VIC1,2025-07-02 12:10:00,6686.16,174.28,TRADE
VIC1,2025-07-02 12:15:00,6694.66,182.17,TRADE
VIC1,2025-07-02 12:20:00,6678.06,179.87,TRADE
VIC1,2025-07-02 12:25:00,6665.14,179.87,TRADE
VIC1,2025-07-02 12:30:00,6656.22,179.3,TRADE
VIC1,2025-07-02 12:35:00,6693.27,182.64,TRADE
VIC1,2025-07-02 12:40:00,6677.4,227.97,TRADE
VIC1,2025-07-02 12:45:00,6645.82,180.75,TRADE
VIC1,2025-07-02 12:50:00,6693.47,183.11,TRADE
VIC1,2025-07-02 12:55:00,6771.26,182.17,TRADE
VIC1,2025-07-02 13:00:00,6723.09,178.49,TRADE
VIC1,2025-07-02 13:05:00,6781.43,227.97,TRADE
VIC1,2025-07-02 13:10:00,6790.8,270.91,TRADE
VIC1,2025-07-02 13:15:00,6818.33,180.25,TRADE
VIC1,2025-07-02 13:20:00,6872.79,182.1,TRADE
VIC1,2025-07-02 13:25:00,6863.94,178.85,TRADE
VIC1,2025-07-02 13:30:00,6836.87,167.36,TRADE
VIC1,2025-07-02 13:35:00,6899.83,179.34,TRADE
VIC1,2025-07-02 13:40:00,6911.7,177.06,TRADE
VIC1,2025-07-02 13:45:00,6917.9,177.07,TRADE
VIC1,2025-07-02 13:50:00,6924.23,178.85,TRADE
VIC1,2025-07-02 13:55:00,6962.62,253.21,TRADE
VIC1,2025-07-02 14:00:00,6947.03,180.29,TRADE
VIC1,2025-07-02 14:05:00,7005.31,295.22,TRADE
VIC1,2025-07-02 14:10:00,6959.75,184.94,TRADE
VIC1,2025-07-02 14:15:00,6966.77,183.95,TRADE
VIC1,2025-07-02 14:20:00,6993.14,193.37,TRADE
VIC1,2025-07-02 14:25:00,7023.1,185.0,TRADE
VIC1,2025-07-02 14:30:00,7030.08,187.96,TRADE
VIC1,2025-07-02 14:35:00,7011.69,185.98,TRADE
VIC1,2025-07-02 14:40:00,7004.7,160.0,TRADE
VIC1,2025-07-02 14:45:00,7013.59,183.13,TRADE
VIC1,2025-07-02 14:50:00,7068.48,185.02,TRADE
VIC1,2025-07-02 14:55:00,7069.26,124.24,TRADE
VIC1,2025-07-02 15:00:00,7067.83,157.09,TRADE
VIC1,2025-07-02 15:05:00,7126.12,180.92,TRADE
VIC1,2025-07-02 15:10:00,7119.89,160.0,TRADE
VIC1,2025-07-02 15:15:00,7150.78,182.53,TRADE
VIC1,2025-07-02 15:20:00,7171.96,198.67,TRADE
VIC1,2025-07-02 15:25:00,7192.08,198.16,TRADE
VIC1,2025-07-02 15:30:00,7217.62,199.18,TRADE
VIC1,2025-07-02 15:35:00,7176.83,227.97,TRADE
VIC1,2025-07-02 15:40:00,7237.08,227.97,TRADE
VIC1,2025-07-02 15:45:00,7281.8,184.06,TRADE
VIC1,2025-07-02 15:50:00,7334.06,295.22,TRADE
VIC1,2025-07-02 15:55:00,7368.42,184.06,TRADE
VIC1,2025-07-02 16:00:00,7406.53,295.22,TRADE
VIC1,2025-07-02 16:05:00,7443.96,216.23,TRADE
VIC1,2025-07-02 16:10:00,7472.0,190.4,TRADE
VIC1,2025-07-02 16:15:00,7485.33,212.77,TRADE
VIC1,2025-07-02 16:20:00,7539.38,241.96,TRADE
VIC1,2025-07-02 16:25:00,7595.67,241.96,TRADE
VIC1,2025-07-02 16:30:00,7614.04,208.82,TRADE
VIC1,2025-07-02 16:35:00,7656.21,200.02,TRADE
VIC1,2025-07-02 16:40:00,7639.63,200.02,TRADE
VIC1,2025-07-02 16:45:00,7757.15,190.9,TRADE
VIC1,2025-07-02 16:50:00,7813.77,213.23,TRADE
VIC1,2025-07-02 16:55:00,7882.78,200.89,TRADE
VIC1,2025-07-02 17:00:00,7938.55,211.59,TRADE
VIC1,2025-07-02 17:05:00,7968.42,188.27,TRADE
VIC1,2025-07-02 17:10:00,7976.56,177.26,TRADE
VIC1,2025-07-02 17:15:00,8008.58,180.94,TRADE
VIC1,2025-07-02 17:20:00,8048.2,190.12,TRADE
VIC1,2025-07-02 17:25:00,8107.23,183.85,TRADE
VIC1,2025-07-02 17:30:00,8154.49,235.2,TRADE
VIC1,2025-07-02 17:35:00,8126.95,231.04,TRADE
VIC1,2025-07-02 17:40:00,8176.02,235.2,TRADE
VIC1,2025-07-02 17:45:00,8171.64,233.14,TRADE
VIC1,2025-07-02 17:50:00,8196.84,262.02,TRADE
VIC1,2025-07-02 17:55:00,8142.2,237.99,TRADE
VIC1,2025-07-02 18:00:00,8174.72,237.99,TRADE
VIC1,2025-07-02 18:05:00,8151.11,235.81,TRADE
VIC1,2025-07-02 18:10:00,8127.44,235.2,TRADE
VIC1,2025-07-02 18:15:00,8084.45,235.2,TRADE
VIC1,2025-07-02 18:20:00,8120.88,237.31,TRADE
VIC1,2025-07-02 18:25:00,8085.02,237.16,TRADE
VIC1,2025-07-02 18:30:00,8088.34,235.2,TRADE
VIC1,2025-07-02 18:35:00,8008.16,208.38,TRADE
VIC1,2025-07-02 18:40:00,8048.76,207.36,TRADE
VIC1,2025-07-02 18:45:00,8030.51,220.82,TRADE
VIC1,2025-07-02 18:50:00,7981.45,218.03,TRADE
VIC1,2025-07-02 18:55:00,7991.95,235.2,TRADE
VIC1,2025-07-02 19:00:00,7973.93,235.2,TRADE
VIC1,2025-07-02 19:05:00,7938.57,201.7,TRADE
VIC1,2025-07-02 19:10:00,7938.15,235.2,TRADE
VIC1,2025-07-02 19:15:00,7882.04,200.02,TRADE
VIC1,2025-07-02 19:20:00,7870.41,188.73,TRADE
VIC1,2025-07-02 19:25:00,7854.1,200.02,TRADE
VIC1,2025-07-02 19:30:00,7798.91,224.45,TRADE
VIC1,2025-07-02 19:35:00,7762.99,200.02,TRADE
VIC1,2025-07-02 19:40:00,7733.28,200.02,TRADE
VIC1,2025-07-02 19:45:00,7680.55,200.02,TRADE
VIC1,2025-07-02 19:50:00,7685.36,200.02,TRADE
VIC1,2025-07-02 19:55:00,7651.08,200.02,TRADE
VIC1,2025-07-02 20:00:00,7619.22,237.99,TRADE
VIC1,2025-07-02 20:05:00,7586.33,228.33,TRADE
VIC1,2025-07-02 20:10:00,7526.9,228.88,TRADE
VIC1,2025-07-02 20:15:00,7512.9,186.04,TRADE
VIC1,2025-07-02 20:20:00,7481.84,189.33,TRADE
VIC1,2025-07-02 20:25:00,7481.03,211.11,TRADE
VIC1,2025-07-02 20:30:00,7425.77,187.91,TRADE
VIC1,2025-07-02 20:35:00,7402.63,237.99,TRADE
VIC1,2025-07-02 20:40:00,7322.58,226.69,TRADE
VIC1,2025-07-02 20:45:00,7303.16,227.79,TRADE
VIC1,2025-07-02 20:50:00,7227.99,230.51,TRADE
VIC1,2025-07-02 20:55:00,7212.08,228.28,TRADE
VIC1,2025-07-02 21:00:00,7144.06,220.56,TRADE
VIC1,2025-07-02 21:05:00,7102.18,237.99,TRADE
VIC1,2025-07-02 21:10:00,7018.74,232.3,TRADE
VIC1,2025-07-02 21:15:00,6985.03,236.67,TRADE
VIC1,2025-07-02 21:20:00,6951.37,236.1,TRADE
VIC1,2025-07-02 21:25:00,6902.66,231.08,TRADE
VIC1,2025-07-02 21:30:00,6853.34,202.5,TRADE
VIC1,2025-07-02 21:35:00,6767.08,199.43,TRADE
VIC1,2025-07-02 21:40:00,6721.63,231.14,TRADE
VIC1,2025-07-02 21:45:00,6667.4,229.88,TRADE
VIC1,2025-07-02 21:50:00,6590.51,202.31,TRADE
VIC1,2025-07-02 21:55:00,6544.24,210.3,TRADE
VIC1,2025-07-02 22:00:00,6480.21,199.57,TRADE
VIC1,2025-07-02 22:05:00,6403.15,228.92,TRADE
VIC1,2025-07-02 22:10:00,6330.35,200.02,TRADE
VIC1,2025-07-02 22:15:00,6280.29,226.62,TRADE
VIC1,2025-07-02 22:20:00,6236.03,202.88,TRADE
VIC1,2025-07-02 22:25:00,6237.31,200.02,TRADE
VIC1,2025-07-02 22:30:00,6116.87,200.02,TRADE
VIC1,2025-07-02 22:35:00,6081.86,200.02,TRADE
VIC1,2025-07-02 22:40:00,6057.32,200.02,TRADE
VIC1,2025-07-02 22:45:00,6040.47,200.02,TRADE
VIC1,2025-07-02 22:50:00,5973.29,200.02,TRADE
VIC1,2025-07-02 22:55:00,5923.18,182.21,TRADE
VIC1,2025-07-02 23:00:00,5886.54,161.69,TRADE
VIC1,2025-07-02 23:05:00,5871.19,291.7,TRADE
VIC1,2025-07-02 23:10:00,5952.17,215.5,TRADE
VIC1,2025-07-02 23:15:00,5979.4,218.25,TRADE
VIC1,2025-07-02 23:20:00,5940.11,189.86,TRADE
VIC1,2025-07-02 23:25:00,5928.66,185.09,TRADE
VIC1,2025-07-02 23:30:00,5952.32,211.62,TRADE
VIC1,2025-07-02 23:35:00,5910.5,210.61,TRADE
VIC1,2025-07-02 23:40:00,5846.31,215.5,TRADE
VIC1,2025-07-02 23:45:00,5796.84,217.68,TRADE
VIC1,2025-07-02 23:50:00,5752.29,218.77,TRADE
VIC1,2025-07-02 23:55:00,5701.06,216.57,TRADE
VIC1,2025-07-03 00:00:00,5654.56,214.78,TRADE
VIC1,2025-07-03 00:05:00,5637.02,211.96,TRADE
VIC1,2025-07-03 00:10:00,5604.26,170.8,TRADE
VIC1,2025-07-03 00:15:00,5571.23,160.36,TRADE
VIC1,2025-07-03 00:20:00,5554.5,163.23,TRADE
VIC1,2025-07-03 00:25:00,5485.08,160.0,TRADE
VIC1,2025-07-03 00:30:00,5487.08,160.08,TRADE
VIC1,2025-07-03 00:35:00,5450.81,194.96,TRADE
VIC1,2025-07-03 00:40:00,5427.98,181.1,TRADE
VIC1,2025-07-03 00:45:00,5361.25,172.05,TRADE
VIC1,2025-07-03 00:50:00,5347.33,183.04,TRADE
VIC1,2025-07-03 00:55:00,5304.21,194.09,TRADE
VIC1,2025-07-03 01:00:00,5276.12,150.99,TRADE
VIC1,2025-07-03 01:05:00,5253.47,178.89,TRADE
VIC1,2025-07-03 01:10:00,5237.9,179.34,TRADE
VIC1,2025-07-03 01:15:00,5204.11,160.0,TRADE
VIC1,2025-07-03 01:20:00,5175.33,119.5,TRADE
VIC1,2025-07-03 01:25:00,5166.47,150.99,TRADE
VIC1,2025-07-03 01:30:00,5131.24,160.0,TRADE
VIC1,2025-07-03 01:35:00,5088.37,120.73,TRADE
VIC1,2025-07-03 01:40:00,5059.82,119.5,TRADE
VIC1,2025-07-03 01:45:00,5020.73,121.67,TRADE
VIC1,2025-07-03 01:50:00,5015.59,121.59,TRADE
VIC1,2025-07-03 01:55:00,4985.56,121.59,TRADE
VIC1,2025-07-03 02:00:00,4968.08,121.73,TRADE
VIC1,2025-07-03 02:05:00,4932.76,159.22,TRADE
VIC1,2025-07-03 02:10:00,4896.1,119.5,TRADE
VIC1,2025-07-03 02:15:00,4887.83,119.5,TRADE
VIC1,2025-07-03 02:20:00,4886.21,131.57,TRADE
VIC1,2025-07-03 02:25:00,4872.41,159.22,TRADE
VIC1,2025-07-03 02:30:00,4848.16,119.5,TRADE
VIC1,2025-07-03 02:35:00,4828.11,120.47,TRADE
VIC1,2025-07-03 02:40:00,4831.33,122.7,TRADE
VIC1,2025-07-03 02:45:00,4816.61,159.88,TRADE
VIC1,2025-07-03 02:50:00,4779.3,150.89,TRADE
VIC1,2025-07-03 02:55:00,4778.36,160.0,TRADE
VIC1,2025-07-03 03:00:00,4760.49,118.5,TRADE
VIC1,2025-07-03 03:05:00,4754.01,178.95,TRADE
VIC1,2025-07-03 03:10:00,4745.49,175.31,TRADE
VIC1,2025-07-03 03:15:00,4733.13,160.0,TRADE
VIC1,2025-07-03 03:20:00,4730.28,132.72,TRADE
VIC1,2025-07-03 03:25:00,4716.23,160.0,TRADE
VIC1,2025-07-03 03:30:00,4722.6,160.0,TRADE
VIC1,2025-07-03 03:35:00,4736.22,178.96,TRADE
VIC1,2025-07-03 03:40:00,4739.11,178.44,TRADE
VIC1,2025-07-03 03:45:00,4724.78,212.31,TRADE
VIC1,2025-07-03 03:50:00,4707.16,182.1,TRADE
VIC1,2025-07-03 03:55:00,4712.21,182.1,TRADE
VIC1,2025-07-03 04:00:00,4730.2,181.63,TRADE
VIC1,2025-07-03 04:05:00,4730.98,209.84,TRADE
VIC1,2025-07-03 04:10:00,4743.78,208.24,TRADE
VIC1,2025-07-03 04:15:00,4736.54,160.0,TRADE
VIC1,2025-07-03 04:20:00,4756.68,177.06,TRADE
VIC1,2025-07-03 04:25:00,4774.12,171.13,TRADE
VIC1,2025-07-03 04:30:00,4774.19,190.43,TRADE
VIC1,2025-07-03 04:35:00,4801.93,160.0,TRADE
VIC1,2025-07-03 04:40:00,4829.07,171.82,TRADE
VIC1,2025-07-03 04:45:00,4850.74,200.02,TRADE
VIC1,2025-07-03 04:50:00,4863.28,175.23,TRADE
VIC1,2025-07-03 04:55:00,4899.91,171.66,TRADE
VIC1,2025-07-03 05:00:00,4923.04,191.07,TRADE
VIC1,2025-07-03 05:05:00,4959.01,160.0,TRADE
VIC1,2025-07-03 05:10:00,5015.58,183.28,TRADE
VIC1,2025-07-03 05:15:00,5059.67,200.02,TRADE
VIC1,2025-07-03 05:20:00,5076.0,163.55,TRADE
VIC1,2025-07-03 05:25:00,5122.53,200.02,TRADE
VIC1,2025-07-03 05:30:00,5150.85,200.02,TRADE
VIC1,2025-07-03 05:35:00,5203.09,168.7,TRADE
VIC1,2025-07-03 05:40:00,5287.46,168.61,TRADE
VIC1,2025-07-03 05:45:00,5328.22,168.41,TRADE
VIC1,2025-07-03 05:50:00,5378.41,169.55,TRADE
VIC1,2025-07-03 05:55:00,5466.54,169.98,TRADE
VIC1,2025-07-03 06:00:00,5545.37,200.02,TRADE
VIC1,2025-07-03 06:05:00,5622.76,172.57,TRADE
VIC1,2025-07-03 06:10:00,5778.23,209.7,TRADE
VIC1,2025-07-03 06:15:00,5862.6,223.01,TRADE
VIC1,2025-07-03 06:20:00,5951.83,253.43,TRADE
VIC1,2025-07-03 06:25:00,6016.16,243.42,TRADE
VIC1,2025-07-03 06:30:00,6114.86,287.53,TRADE
VIC1,2025-07-03 06:35:00,6172.63,256.72,TRADE
VIC1,2025-07-03 06:40:00,6321.77,258.82,TRADE
VIC1,2025-07-03 06:45:00,6410.05,280.21,TRADE
VIC1,2025-07-03 06:50:00,6472.07,286.54,TRADE
VIC1,2025-07-03 06:55:00,6572.02,289.91,TRADE
VIC1,2025-07-03 07:00:00,6658.32,303.66,TRADE
VIC1,2025-07-03 07:05:00,6766.14,298.89,TRADE
VIC1,2025-07-03 07:10:00,6810.69,299.29,TRADE
VIC1,2025-07-03 07:15:00,6929.84,305.67,TRADE
VIC1,2025-07-03 07:20:00,7029.52,299.29,TRADE
VIC1,2025-07-03 07:25:00,7148.89,333.47,TRADE
VIC1,2025-07-03 07:30:00,7202.14,262.65,TRADE
VIC1,2025-07-03 07:35:00,7281.66,300.02,TRADE
VIC1,2025-07-03 07:40:00,7319.27,293.11,TRADE
VIC1,2025-07-03 07:45:00,7370.35,291.45,TRADE
VIC1,2025-07-03 07:50:00,7445.17,294.8,TRADE
VIC1,2025-07-03 07:55:00,7425.88,299.29,TRADE
VIC1,2025-07-03 08:00:00,7419.0,264.89,TRADE
VIC1,2025-07-03 08:05:00,7465.32,237.99,TRADE
VIC1,2025-07-03 08:10:00,7502.79,238.99,TRADE
VIC1,2025-07-03 08:15:00,7488.66,294.89,TRADE
VIC1,2025-07-03 08:20:00,7438.27,291.7,TRADE
VIC1,2025-07-03 08:25:00,7416.14,299.16,TRADE
VIC1,2025-07-03 08:30:00,7321.96,273.46,TRADE
VIC1,2025-07-03 08:35:00,7309.66,265.84,TRADE
VIC1,2025-07-03 08:40:00,7279.9,237.99,TRADE
VIC1,2025-07-03 08:45:00,7228.04,248.69,TRADE
VIC1,2025-07-03 08:50:00,7202.11,237.99,TRADE
VIC1,2025-07-03 08:55:00,7135.58,237.99,TRADE
VIC1,2025-07-03 09:00:00,7105.32,235.2,TRADE
VIC1,2025-07-03 09:05:00,7028.28,235.2,TRADE
VIC1,2025-07-03 09:10:00,6966.07,202.96,TRADE
VIC1,2025-07-03 09:15:00,6939.68,203.45,TRADE
VIC1,2025-07-03 09:20:00,6861.75,180.94,TRADE
VIC1,2025-07-03 09:25:00,6804.85,180.45,TRADE
VIC1,2025-07-03 09:30:00,6744.06,179.98,TRADE
VIC1,2025-07-03 09:35:00,6604.04,180.62,TRADE
VIC1,2025-07-03 09:40:00,6570.63,180.94,TRADE
VIC1,2025-07-03 09:45:00,6455.35,177.43,TRADE
VIC1,2025-07-03 09:50:00,6391.85,172.06,TRADE
VIC1,2025-07-03 09:55:00,6335.68,171.6,TRADE
VIC1,2025-07-03 10:00:00,6291.15,174.3,TRADE
VIC1,2025-07-03 10:05:00,6234.58,175.75,TRADE
VIC1,2025-07-03 10:10:00,6127.46,85.88,TRADE
VIC1,2025-07-03 10:15:00,6047.82,137.96,TRADE
VIC1,2025-07-03 10:20:00,5996.5,168.65,TRADE
VIC1,2025-07-03 10:25:00,5927.72,128.9,TRADE
VIC1,2025-07-03 10:30:00,5845.21,159.52,TRADE
VIC1,2025-07-03 10:35:00,5818.73,121.35,TRADE
VIC1,2025-07-03 10:40:00,5733.7,153.74,TRADE
VIC1,2025-07-03 10:45:00,5713.93,116.29,TRADE
VIC1,2025-07-03 10:50:00,5649.86,90.0,TRADE
VIC1,2025-07-03 10:55:00,5604.04,90.99,TRADE
VIC1,2025-07-03 11:00:00,5563.08,90.0,TRADE
VIC1,2025-07-03 11:05:00,5553.39,90.0,TRADE
VIC1,2025-07-03 11:10:00,5520.07,85.88,TRADE
VIC1,2025-07-03 11:15:00,5507.76,85.88,TRADE
VIC1,2025-07-03 11:20:00,5537.06,159.22,TRADE
VIC1,2025-07-03 11:25:00,5439.31,132.72,TRADE
VIC1,2025-07-03 11:30:00,5388.38,121.35,TRADE
VIC1,2025-07-03 11:35:00,5351.37,132.72,TRADE
VIC1,2025-07-03 11:40:00,5341.75,132.72,TRADE
VIC1,2025-07-03 11:45:00,5316.96,153.39,TRADE
VIC1,2025-07-03 11:50:00,5286.15,159.22,TRADE
VIC1,2025-07-03 11:55:00,5285.66,159.22,TRADE
VIC1,2025-07-03 12:00:00,5271.05,153.77,TRADE
VIC1,2025-07-03 12:05:00,5246.94,159.22,TRADE
VIC1,2025-07-03 12:10:00,5189.92,159.22,TRADE
VIC1,2025-07-03 12:15:00,5139.91,79.03,TRADE
VIC1,2025-07-03 12:20:00,5162.95,79.56,TRADE
VIC1,2025-07-03 12:25:00,5148.58,90.0,TRADE
VIC1,2025-07-03 12:30:00,5128.76,90.76,TRADE
VIC1,2025-07-03 12:35:00,5116.01,132.72,TRADE
VIC1,2025-07-03 12:40:00,5107.87,121.35,TRADE
VIC1,2025-07-03 12:45:00,5142.8,79.56,TRADE
VIC1,2025-07-03 12:50:00,5122.5,79.56,TRADE
VIC1,2025-07-03 12:55:00,5090.9,66.38,TRADE
VIC1,2025-07-03 13:00:00,5044.18,20.0,TRADE
VIC1,2025-07-03 13:05:00,5097.87,35.1,TRADE
VIC1,2025-07-03 13:10:00,5111.91,33.89,TRADE
VIC1,2025-07-03 13:15:00,5131.77,46.01,TRADE
VIC1,2025-07-03 13:20:00,5129.82,33.89,TRADE
VIC1,2025-07-03 13:25:00,5122.69,34.93,TRADE
VIC1,2025-07-03 13:30:00,5107.29,33.89,TRADE
VIC1,2025-07-03 13:35:00,5147.0,20.3,TRADE
VIC1,2025-07-03 13:40:00,5175.13,33.89,TRADE
VIC1,2025-07-03 13:45:00,5190.47,33.89,TRADE
VIC1,2025-07-03 13:50:00,5168.13,48.43,TRADE
VIC1,2025-07-03 13:55:00,5157.8,35.43,TRADE
VIC1,2025-07-03 14:00:00,5208.01,34.81,TRADE
VIC1,2025-07-03 14:05:00,5260.38,23.63,TRADE
VIC1,2025-07-03 14:10:00,5261.3,21.76,TRADE
VIC1,2025-07-03 14:15:00,5256.27,23.33,TRADE
VIC1,2025-07-03 14:20:00,5182.35,8.95,TRADE
VIC1,2025-07-03 14:25:00,5275.76,10.89,TRADE
VIC1,2025-07-03 14:30:00,5269.71,20.0,TRADE
VIC1,2025-07-03 14:35:00,5281.55,20.0,TRADE
VIC1,2025-07-03 14:40:00,5310.04,20.0,TRADE
VIC1,2025-07-03 14:45:00,5348.86,21.81,TRADE
VIC1,2025-07-03 14:50:00,5360.26,20.0,TRADE
VIC1,2025-07-03 14:55:00,5417.46,33.89,TRADE
VIC1,2025-07-03 15:00:00,5440.53,76.15,TRADE
VIC1,2025-07-03 15:05:00,5476.07,79.56,TRADE
VIC1,2025-07-03 15:10:00,5516.47,132.72,TRADE
VIC1,2025-07-03 15:15:00,5543.44,33.89,TRADE
VIC1,2025-07-03 15:20:00,5605.48,33.89,TRADE
VIC1,2025-07-03 15:25:00,5650.51,42.58,TRADE
VIC1,2025-07-03 15:30:00,5677.91,79.56,TRADE
VIC1,2025-07-03 15:35:00,5739.39,121.35,TRADE
VIC1,2025-07-03 15:40:00,5780.64,116.9,TRADE
VIC1,2025-07-03 15:45:00,5849.92,121.35,TRADE
VIC1,2025-07-03 15:50:00,5918.02,132.72,TRADE
VIC1,2025-07-03 15:55:00,6018.22,162.8,TRADE
VIC1,2025-07-03 16:00:00,6085.54,176.61,TRADE
VIC1,2025-07-03 16:05:00,6103.88,184.84,TRADE
VIC1,2025-07-03 16:10:00,6206.14,198.33,TRADE
VIC1,2025-07-03 16:15:00,6269.68,184.51,TRADE
VIC1,2025-07-03 16:20:00,6356.34,307.85,TRADE
VIC1,2025-07-03 16:25:00,6369.81,134.22,TRADE
VIC1,2025-07-03 16:30:00,6452.83,360.07,TRADE
VIC1,2025-07-03 16:35:00,6528.18,227.97,TRADE
VIC1,2025-07-03 16:40:00,6665.25,226.97,TRADE
VIC1,2025-07-03 16:45:00,6774.23,200.64,TRADE
VIC1,2025-07-03 16:50:00,6882.43,230.72,TRADE
VIC1,2025-07-03 16:55:00,6950.07,237.99,TRADE
VIC1,2025-07-03 17:00:00,7035.58,240.0,TRADE
VIC1,2025-07-03 17:05:00,7132.54,237.99,TRADE
VIC1,2025-07-03 17:10:00,7196.22,238.69,TRADE
VIC1,2025-07-03 17:15:00,7270.85,240.0,TRADE
VIC1,2025-07-03 17:20:00,7420.21,254.11,TRADE
VIC1,2025-07-03 17:25:00,7471.85,254.19,TRADE
VIC1,2025-07-03 17:30:00,7533.94,299.5,TRADE
VIC1,2025-07-03 17:35:00,7577.5,270.82,TRADE
VIC1,2025-07-03 17:40:00,7707.39,262.11,TRADE
VIC1,2025-07-03 17:45:00,7747.92,299.29,TRADE
VIC1,2025-07-03 17:50:00,7826.99,299.5,TRADE
VIC1,2025-07-03 17:55:00,7843.77,278.45,TRADE
VIC1,2025-07-03 18:00:00,7898.14,298.1,TRADE
VIC1,2025-07-03 18:05:00,7823.59,264.44,TRADE
VIC1,2025-07-03 18:10:00,7482.67,276.47,TRADE
VIC1,2025-07-03 18:15:00,7427.62,237.99,TRADE
VIC1,2025-07-03 18:20:00,7519.6,251.08,TRADE
VIC1,2025-07-03 18:25:00,7534.17,260.96,TRADE
VIC1,2025-07-03 18:30:00,7537.31,254.85,TRADE
VIC1,2025-07-03 18:35:00,7506.78,240.0,TRADE
VIC1,2025-07-03 18:40:00,7506.48,237.99,TRADE
VIC1,2025-07-03 18:45:00,7468.03,252.03,TRADE
VIC1,2025-07-03 18:50:00,7488.04,270.82,TRADE
VIC1,2025-07-03 18:55:00,7467.39,270.82,TRADE
VIC1,2025-07-03 19:00:00,7439.1,240.0,TRADE
VIC1,2025-07-03 19:05:00,7657.79,299.29,TRADE
VIC1,2025-07-03 19:10:00,7656.02,277.95,TRADE
VIC1,2025-07-03 19:15:00,7670.68,252.82,TRADE
VIC1,2025-07-03 19:20:00,7715.29,270.82,TRADE
VIC1,2025-07-03 19:25:00,7720.92,276.49,TRADE
VIC1,2025-07-03 19:30:00,7759.45,303.61,TRADE
VIC1,2025-07-03 19:35:00,7643.01,234.48,TRADE
VIC1,2025-07-03 19:40:00,7653.36,241.17,TRADE
VIC1,2025-07-03 19:45:00,7628.9,254.97,TRADE
VIC1,2025-07-03 19:50:00,7671.75,268.91,TRADE
VIC1,2025-07-03 19:55:00,7661.1,269.58,TRADE
VIC1,2025-07-03 20:00:00,7656.96,254.64,TRADE
VIC1,2025-07-03 20:05:00,7613.31,256.95,TRADE
VIC1,2025-07-03 20:10:00,7600.77,312.66,TRADE
VIC1,2025-07-03 20:15:00,7494.32,264.37,TRADE
VIC1,2025-07-03 20:20:00,7459.12,260.02,TRADE
VIC1,2025-07-03 20:25:00,7504.99,312.41,TRADE
VIC1,2025-07-03 20:30:00,7393.17,198.73,TRADE
VIC1,2025-07-03 20:35:00,7417.35,270.21,TRADE
VIC1,2025-07-03 20:40:00,7430.36,270.16,TRADE
VIC1,2025-07-03 20:45:00,7403.29,314.39,TRADE
VIC1,2025-07-03 20:50:00,7309.74,315.81,TRADE
VIC1,2025-07-03 20:55:00,7347.62,266.27,TRADE
VIC1,2025-07-03 21:00:00,7321.58,200.02,TRADE
VIC1,2025-07-03 21:05:00,7225.89,240.0,TRADE
VIC1,2025-07-03 21:10:00,7147.63,222.93,TRADE
VIC1,2025-07-03 21:15:00,7071.38,235.25,TRADE
VIC1,2025-07-03 21:20:00,7048.63,223.99,TRADE
VIC1,2025-07-03 21:25:00,7067.73,222.56,TRADE
VIC1,2025-07-03 21:30:00,6955.52,218.75,TRADE
VIC1,2025-07-03 21:35:00,6914.98,217.68,TRADE
VIC1,2025-07-03 21:40:00,6869.02,226.6,TRADE
VIC1,2025-07-03 21:45:00,6919.82,225.53,TRADE
VIC1,2025-07-03 21:50:00,6859.35,237.99,TRADE
VIC1,2025-07-03 21:55:00,6729.27,226.58,TRADE
VIC1,2025-07-03 22:00:00,6728.93,192.2,TRADE
VIC1,2025-07-03 22:05:00,6693.57,222.91,TRADE
VIC1,2025-07-03 22:10:00,6600.52,257.41,TRADE
VIC1,2025-07-03 22:15:00,6516.14,225.55,TRADE
VIC1,2025-07-03 22:20:00,6439.4,245.53,TRADE
VIC1,2025-07-03 22:25:00,6417.79,227.97,TRADE
VIC1,2025-07-03 22:30:00,6394.38,220.77,TRADE
VIC1,2025-07-03 22:35:00,6353.04,209.32,TRADE
VIC1,2025-07-03 22:40:00,6313.7,210.36,TRADE
VIC1,2025-07-03 22:45:00,6297.06,209.84,TRADE
VIC1,2025-07-03 22:50:00,6233.99,205.41,TRADE
VIC1,2025-07-03 22:55:00,6194.53,191.79,TRADE
VIC1,2025-07-03 23:00:00,6132.59,188.46,TRADE
VIC1,2025-07-03 23:05:00,6080.06,203.51,TRADE
VIC1,2025-07-03 23:10:00,6150.62,205.22,TRADE
VIC1,2025-07-03 23:15:00,6176.05,204.95,TRADE
VIC1,2025-07-03 23:20:00,6189.8,205.07,TRADE
VIC1,2025-07-03 23:25:00,6192.91,205.27,TRADE
VIC1,2025-07-03 23:30:00,6152.26,200.09,TRADE
VIC1,2025-07-03 23:35:00,6110.49,206.61,TRADE
VIC1,2025-07-03 23:40:00,6017.8,208.81,TRADE
VIC1,2025-07-03 23:45:00,6049.73,211.46,TRADE
VIC1,2025-07-03 23:50:00,5995.33,209.35,TRADE
VIC1,2025-07-03 23:55:00,5924.66,206.21,TRADE
VIC1,2025-07-04 00:00:00,5797.69,186.66,TRADE
VIC1,2025-07-04 00:05:00,5798.78,201.49,TRADE
VIC1,2025-07-04 00:10:00,5814.12,195.59,TRADE
VIC1,2025-07-04 00:15:00,5803.11,190.47,TRADE
VIC1,2025-07-04 00:20:00,5712.24,178.35,TRADE
VIC1,2025-07-04 00:25:00,5741.71,186.65,TRADE
VIC1,2025-07-04 00:30:00,5695.7,177.37,TRADE
VIC1,2025-07-04 00:35:00,5670.98,178.23,TRADE
VIC1,2025-07-04 00:40:00,5640.47,193.73,TRADE
VIC1,2025-07-04 00:45:00,5516.64,171.03,TRADE
VIC1,2025-07-04 00:50:00,5496.45,171.09,TRADE
VIC1,2025-07-04 00:55:00,5429.65,166.24,TRADE
VIC1,2025-07-04 01:00:00,5482.01,170.22,TRADE
VIC1,2025-07-04 01:05:00,5472.71,168.98,TRADE
VIC1,2025-07-04 01:10:00,5383.95,160.0,TRADE
VIC1,2025-07-04 01:15:00,5429.83,160.0,TRADE
VIC1,2025-07-04 01:20:00,5408.73,148.1,TRADE
VIC1,2025-07-04 01:25:00,5391.88,163.82,TRADE
VIC1,2025-07-04 01:30:00,5341.09,141.45,TRADE
VIC1,2025-07-04 01:35:00,5245.15,159.88,TRADE
VIC1,2025-07-04 01:40:00,5221.7,160.0,TRADE
VIC1,2025-07-04 01:45:00,5173.19,123.58,TRADE
VIC1,2025-07-04 01:50:00,5205.48,153.42,TRADE
VIC1,2025-07-04 01:55:00,5193.56,122.31,TRADE
VIC1,2025-07-04 02:00:00,5124.4,122.53,TRADE
VIC1,2025-07-04 02:05:00,5140.91,141.8,TRADE
VIC1,2025-07-04 02:10:00,5135.0,143.51,TRADE
VIC1,2025-07-04 02:15:00,5117.08,125.2,TRADE
VIC1,2025-07-04 02:20:00,5117.39,142.41,TRADE
VIC1,2025-07-04 02:25:00,5008.38,119.46,TRADE
VIC1,2025-07-04 02:30:00,5035.99,124.99,TRADE
VIC1,2025-07-04 02:35:00,4993.61,121.35,TRADE
VIC1,2025-07-04 02:40:00,5065.81,121.35,TRADE
VIC1,2025-07-04 02:45:00,5032.09,136.95,TRADE
VIC1,2025-07-04 02:50:00,4985.67,133.94,TRADE
VIC1,2025-07-04 02:55:00,4989.4,119.23,TRADE
VIC1,2025-07-04 03:00:00,4993.34,104.34,TRADE
VIC1,2025-07-04 03:05:00,5000.7,121.05,TRADE
VIC1,2025-07-04 03:10:00,4907.63,164.24,TRADE
VIC1,2025-07-04 03:15:00,4898.5,119.24,TRADE
VIC1,2025-07-04 03:20:00,4883.06,118.17,TRADE
VIC1,2025-07-04 03:25:00,4886.76,115.45,TRADE
VIC1,2025-07-04 03:30:00,4879.67,116.48,TRADE
VIC1,2025-07-04 03:35:00,4855.69,116.3,TRADE
VIC1,2025-07-04 03:40:00,4916.85,121.35,TRADE
VIC1,2025-07-04 03:45:00,4953.24,116.31,TRADE
VIC1,2025-07-04 03:50:00,4956.62,135.34,TRADE
VIC1,2025-07-04 03:55:00,4943.73,127.57,TRADE
VIC1,2025-07-04 04:00:00,4959.91,116.57,TRADE
VIC1,2025-07-04 04:05:00,4958.59,122.32,TRADE
VIC1,2025-07-04 04:10:00,4987.02,115.28,TRADE
VIC1,2025-07-04 04:15:00,4892.76,154.56,TRADE
VIC1,2025-07-04 04:20:00,4900.36,153.35,TRADE
VIC1,2025-07-04 04:25:00,5007.4,117.61,TRADE
VIC1,2025-07-04 04:30:00,5008.43,131.75,TRADE
VIC1,2025-07-04 04:35:00,4985.26,113.36,TRADE
VIC1,2025-07-04 04:40:00,5071.7,132.52,TRADE
VIC1,2025-07-04 04:45:00,5070.0,112.55,TRADE
VIC1,2025-07-04 04:50:00,5087.78,113.13,TRADE
VIC1,2025-07-04 04:55:00,5034.16,124.75,TRADE
VIC1,2025-07-04 05:00:00,5060.11,104.1,TRADE
VIC1,2025-07-04 05:05:00,5099.01,107.68,TRADE
VIC1,2025-07-04 05:10:00,5248.56,110.02,TRADE
VIC1,2025-07-04 05:15:00,5293.73,131.5,TRADE
VIC1,2025-07-04 05:20:00,5329.99,127.34,TRADE
VIC1,2025-07-04 05:25:00,5359.89,156.52,TRADE
VIC1,2025-07-04 05:30:00,5385.24,156.51,TRADE
VIC1,2025-07-04 05:35:00,5432.4,121.42,TRADE
VIC1,2025-07-04 05:40:00,5450.78,122.44,TRADE
VIC1,2025-07-04 05:45:00,5492.17,123.05,TRADE
VIC1,2025-07-04 05:50:00,5555.74,155.16,TRADE
VIC1,2025-07-04 05:55:00,5694.79,164.57,TRADE
VIC1,2025-07-04 06:00:00,5770.11,205.13,TRADE
VIC1,2025-07-04 06:05:00,5835.86,121.68,TRADE
VIC1,2025-07-04 06:10:00,6012.32,180.64,TRADE
VIC1,2025-07-04 06:15:00,6118.53,188.22,TRADE
VIC1,2025-07-04 06:20:00,6188.0,184.73,TRADE
VIC1,2025-07-04 06:25:00,6197.94,184.35,TRADE
VIC1,2025-07-04 06:30:00,6268.53,199.18,TRADE
VIC1,2025-07-04 06:35:00,6375.46,252.12,TRADE
VIC1,2025-07-04 06:40:00,6522.51,276.38,TRADE
VIC1,2025-07-04 06:45:00,6656.0,232.61,TRADE
VIC1,2025-07-04 06:50:00,6646.86,233.39,TRADE
VIC1,2025-07-04 06:55:00,6794.87,233.68,TRADE
VIC1,2025-07-04 07:00:00,6854.39,226.74,TRADE
VIC1,2025-07-04 07:05:00,7072.7,255.75,TRADE
VIC1,2025-07-04 07:10:00,7066.55,209.54,TRADE
VIC1,2025-07-04 07:15:00,7235.85,226.26,TRADE
VIC1,2025-07-04 07:20:00,7262.87,225.15,TRADE
VIC1,2025-07-04 07:25:00,7338.12,238.89,TRADE
VIC1,2025-07-04 07:30:00,7441.63,209.54,TRADE
VIC1,2025-07-04 07:35:00,7539.33,237.57,TRADE
VIC1,2025-07-04 07:40:00,7570.93,226.98,TRADE
VIC1,2025-07-04 07:45:00,7727.34,230.95,TRADE
VIC1,2025-07-04 07:50:00,7788.25,209.54,TRADE
VIC1,2025-07-04 07:55:00,7866.33,209.54,TRADE
VIC1,2025-07-04 08:00:00,7817.55,207.77,TRADE
VIC1,2025-07-04 08:05:00,7829.51,209.11,TRADE
VIC1,2025-07-04 08:10:00,7881.07,179.85,TRADE
VIC1,2025-07-04 08:15:00,7875.91,178.14,TRADE
VIC1,2025-07-04 08:20:00,7850.8,167.86,TRADE
VIC1,2025-07-04 08:25:00,7867.97,176.24,TRADE
VIC1,2025-07-04 08:30:00,7770.2,132.72,TRADE
VIC1,2025-07-04 08:35:00,7744.13,132.72,TRADE
VIC1,2025-07-04 08:40:00,7705.97,132.72,TRADE
VIC1,2025-07-04 08:45:00,7601.09,132.72,TRADE
VIC1,2025-07-04 08:50:00,7460.87,112.12,TRADE
VIC1,2025-07-04 08:55:00,7396.5,108.75,TRADE
VIC1,2025-07-04 09:00:00,7391.54,106.01,TRADE
VIC1,2025-07-04 09:05:00,7326.09,121.35,TRADE
VIC1,2025-07-04 09:10:00,7292.31,111.7,TRADE
VIC1,2025-07-04 09:15:00,7262.14,107.8,TRADE
VIC1,2025-07-04 09:20:00,7149.81,85.88,TRADE
VIC1,2025-07-04 09:25:00,7065.32,77.28,TRADE
VIC1,2025-07-04 09:30:00,6904.88,56.21,TRADE
VIC1,2025-07-04 09:35:00,6779.43,51.21,TRADE
VIC1,2025-07-04 09:40:00,6771.05,55.29,TRADE
VIC1,2025-07-04 09:45:00,6693.81,46.33,TRADE
VIC1,2025-07-04 09:50:00,6489.98,34.41,TRADE
VIC1,2025-07-04 09:55:00,6456.34,33.89,TRADE
VIC1,2025-07-04 10:00:00,6369.05,33.89,TRADE
VIC1,2025-07-04 10:05:00,6268.23,46.22,TRADE
VIC1,2025-07-04 10:10:00,6126.65,52.03,TRADE
VIC1,2025-07-04 10:15:00,5974.79,33.46,TRADE
VIC1,2025-07-04 10:20:00,5893.61,45.42,TRADE
VIC1,2025-07-04 10:25:00,5813.72,20.0,TRADE
VIC1,2025-07-04 10:30:00,5724.05,18.73,TRADE
VIC1,2025-07-04 10:35:00,5683.34,20.0,TRADE
VIC1,2025-07-04 10:40:00,5669.09,20.0,TRADE
VIC1,2025-07-04 10:45:00,5585.01,20.0,TRADE
VIC1,2025-07-04 10:50:00,5453.22,34.91,TRADE
VIC1,2025-07-04 10:55:00,5413.25,18.69,TRADE
VIC1,2025-07-04 11:00:00,5368.41,19.18,TRADE
VIC1,2025-07-04 11:05:00,5309.35,21.66,TRADE
VIC1,2025-07-04 11:10:00,5238.15,20.0,TRADE
VIC1,2025-07-04 11:15:00,5100.62,12.42,TRADE
VIC1,2025-07-04 11:20:00,5149.19,13.77,TRADE
VIC1,2025-07-04 11:25:00,5162.04,16.81,TRADE
VIC1,2025-07-04 11:30:00,5018.22,8.95,TRADE
VIC1,2025-07-04 11:35:00,5002.76,13.53,TRADE
VIC1,2025-07-04 11:40:00,4952.74,-0.01,TRADE
VIC1,2025-07-04 11:45:00,4891.56,-0.01,TRADE
VIC1,2025-07-04 11:50:00,4751.28,-0.01,TRADE
VIC1,2025-07-04 11:55:00,4784.76,0.01,TRADE
VIC1,2025-07-04 12:00:00,4642.74,-0.01,TRADE
VIC1,2025-07-04 12:05:00,4659.97,19.18,TRADE
VIC1,2025-07-04 12:10:00,4646.69,18.44,TRADE
VIC1,2025-07-04 12:15:00,4529.69,20.0,TRADE
VIC1,2025-07-04 12:20:00,4533.91,-0.02,TRADE
VIC1,2025-07-04 12:25:00,4514.0,-0.02,TRADE
VIC1,2025-07-04 12:30:00,4520.49,-2.65,TRADE
VIC1,2025-07-04 12:35:00,4483.48,8.95,TRADE
VIC1,2025-07-04 12:40:00,4387.74,-14.77,TRADE
VIC1,2025-07-04 12:45:00,4429.85,-16.49,TRADE
VIC1,2025-07-04 12:50:00,4433.91,0.01,TRADE
VIC1,2025-07-04 12:55:00,4327.11,-9.96,TRADE
VIC1,2025-07-04 13:00:00,4398.24,0.0,TRADE
VIC1,2025-07-04 13:05:00,4353.27,0.01,TRADE
VIC1,2025-07-04 13:10:00,4430.31,0.01,TRADE
VIC1,2025-07-04 13:15:00,4397.46,-16.5,TRADE
VIC1,2025-07-04 13:20:00,4349.55,-19.99,TRADE
VIC1,2025-07-04 13:25:00,4462.41,-16.0,TRADE
VIC1,2025-07-04 13:30:00,4401.53,-16.23,TRADE
VIC1,2025-07-04 13:35:00,4439.79,-14.82,TRADE
VIC1,2025-07-04 13:40:00,4423.98,-14.89,TRADE
VIC1,2025-07-04 13:45:00,4422.12,-15.03,TRADE
VIC1,2025-07-04 13:50:00,4450.65,-14.92,TRADE
VIC1,2025-07-04 13:55:00,4464.15,-12.7,TRADE
VIC1,2025-07-04 14:00:00,4401.28,-14.25,TRADE
VIC1,2025-07-04 14:05:00,4506.99,-5.06,TRADE
VIC1,2025-07-04 14:10:00,4527.34,-15.21,TRADE
VIC1,2025-07-04 14:15:00,4568.97,-9.96,TRADE
VIC1,2025-07-04 14:20:00,4657.4,-14.37,TRADE
VIC1,2025-07-04 14:25:00,4806.86,-16.49,TRADE
VIC1,2025-07-04 14:30:00,4921.54,-9.96,TRADE
VIC1,2025-07-04 14:35:00,5012.17,-13.77,TRADE
VIC1,2025-07-04 14:40:00,4986.79,-11.61,TRADE
VIC1,2025-07-04 14:45:00,5055.2,0.01,TRADE
VIC1,2025-07-04 14:50:00,5217.55,-4.91,TRADE
VIC1,2025-07-04 14:55:00,5317.74,0.01,TRADE
VIC1,2025-07-04 15:00:00,5389.23,19.63,TRADE
VIC1,2025-07-04 15:05:00,5475.15,23.5,TRADE
VIC1,2025-07-04 15:10:00,5572.62,20.0,TRADE
VIC1,2025-07-04 15:15:00,5608.55,42.5,TRADE
VIC1,2025-07-04 15:20:00,5616.04,8.95,TRADE
VIC1,2025-07-04 15:25:00,5656.12,22.59,TRADE
VIC1,2025-07-04 15:30:00,5784.6,23.6,TRADE
VIC1,2025-07-04 15:35:00,5783.93,8.95,TRADE
VIC1,2025-07-04 15:40:00,5769.65,8.95,TRADE
VIC1,2025-07-04 15:45:00,5883.89,23.6,TRADE
VIC1,2025-07-04 15:50:00,5981.17,23.72,TRADE
VIC1,2025-07-04 15:55:00,6046.61,57.67,TRADE
VIC1,2025-07-04 16:00:00,6065.88,102.39,TRADE
VIC1,2025-07-04 16:05:00,6142.17,82.86,TRADE
VIC1,2025-07-04 16:10:00,6172.48,90.42,TRADE
VIC1,2025-07-04 16:15:00,6300.25,106.37,TRADE
VIC1,2025-07-04 16:20:00,6385.81,142.72,TRADE
VIC1,2025-07-04 16:25:00,6416.8,201.18,TRADE
VIC1,2025-07-04 16:30:00,6452.34,223.64,TRADE
VIC1,2025-07-04 16:35:00,6544.81,192.64,TRADE
VIC1,2025-07-04 16:40:00,6570.98,183.2,TRADE
VIC1,2025-07-04 16:45:00,6649.35,222.33,TRADE
VIC1,2025-07-04 16:50:00,6656.52,223.37,TRADE
VIC1,2025-07-04 16:55:00,6723.05,192.53,TRADE
VIC1,2025-07-04 17:00:00,6863.91,270.82,TRADE
VIC1,2025-07-04 17:05:00,6923.28,209.11,TRADE
VIC1,2025-07-04 17:10:00,7006.49,209.54,TRADE
VIC1,2025-07-04 17:15:00,7059.4,209.11,TRADE
VIC1,2025-07-04 17:20:00,7124.04,205.78,TRADE
VIC1,2025-07-04 17:25:00,7139.46,223.36,TRADE
VIC1,2025-07-04 17:30:00,7176.6,213.79,TRADE
VIC1,2025-07-04 17:35:00,7227.43,209.11,TRADE
VIC1,2025-07-04 17:40:00,7321.8,223.12,TRADE
VIC1,2025-07-04 17:45:00,7362.34,209.54,TRADE
VIC1,2025-07-04 17:50:00,7363.42,224.48,TRADE
VIC1,2025-07-04 17:55:00,7362.9,223.36,TRADE
VIC1,2025-07-04 18:00:00,7403.66,223.36,TRADE
VIC1,2025-07-04 18:05:00,7370.94,223.36,TRADE
VIC1,2025-07-04 18:10:00,7309.34,218.84,TRADE
VIC1,2025-07-04 18:15:00,7254.23,209.54,TRADE
VIC1,2025-07-04 18:20:00,7251.77,209.11,TRADE
VIC1,2025-07-04 18:25:00,7258.44,209.54,TRADE
VIC1,2025-07-04 18:30:00,7270.57,209.11,TRADE
VIC1,2025-07-04 18:35:00,7288.77,209.11,TRADE
VIC1,2025-07-04 18:40:00,7264.77,203.98,TRADE
VIC1,2025-07-04 18:45:00,7260.72,194.86,TRADE
VIC1,2025-07-04 18:50:00,7261.0,209.54,TRADE
VIC1,2025-07-04 18:55:00,7214.96,209.54,TRADE
VIC1,2025-07-04 19:00:00,7127.95,183.36,TRADE
VIC1,2025-07-04 19:05:00,7105.39,193.91,TRADE
VIC1,2025-07-04 19:10:00,7161.64,204.0,TRADE
VIC1,2025-07-04 19:15:00,7151.66,197.36,TRADE
VIC1,2025-07-04 19:20:00,7138.63,209.54,TRADE
VIC1,2025-07-04 19:25:00,7094.44,209.54,TRADE
VIC1,2025-07-04 19:30:00,7069.12,175.58,TRADE
VIC1,2025-07-04 19:35:00,7076.16,174.51,TRADE
VIC1,2025-07-04 19:40:00,7004.83,172.85,TRADE
VIC1,2025-07-04 19:45:00,6981.85,170.15,TRADE
VIC1,2025-07-04 19:50:00,6989.1,171.44,TRADE
VIC1,2025-07-04 19:55:00,6994.84,146.04,TRADE
VIC1,2025-07-04 20:00:00,6925.91,146.01,TRADE
VIC1,2025-07-04 20:05:00,6958.34,174.06,TRADE
VIC1,2025-07-04 20:10:00,6915.71,145.44,TRADE
VIC1,2025-07-04 20:15:00,6923.83,176.33,TRADE
VIC1,2025-07-04 20:20:00,6818.44,172.29,TRADE
VIC1,2025-07-04 20:25:00,6780.97,171.14,TRADE
VIC1,2025-07-04 20:30:00,6702.07,146.55,TRADE
VIC1,2025-07-04 20:35:00,6767.68,216.24,TRADE
VIC1,2025-07-04 20:40:00,6744.05,217.14,TRADE
VIC1,2025-07-04 20:45:00,6702.18,162.87,TRADE
VIC1,2025-07-04 20:50:00,6664.94,162.85,TRADE
VIC1,2025-07-04 20:55:00,6632.96,144.3,TRADE
VIC1,2025-07-04 21:00:00,6624.33,140.4,TRADE
VIC1,2025-07-04 21:05:00,6490.58,33.89,TRADE
VIC1,2025-07-04 21:10:00,6480.92,99.66,TRADE
VIC1,2025-07-04 21:15:00,6434.65,73.5,TRADE
VIC1,2025-07-04 21:20:00,6418.34,72.16,TRADE
VIC1,2025-07-04 21:25:00,6450.94,103.13,TRADE
VIC1,2025-07-04 21:30:00,6454.94,103.39,TRADE
VIC1,2025-07-04 21:35:00,6421.9,51.93,TRADE
VIC1,2025-07-04 21:40:00,6424.22,51.51,TRADE
VIC1,2025-07-04 21:45:00,6342.34,46.22,TRADE
VIC1,2025-07-04 21:50:00,6328.24,46.22,TRADE
VIC1,2025-07-04 21:55:00,6179.41,20.0,TRADE
VIC1,2025-07-04 22:00:00,6131.77,20.0,TRADE
VIC1,2025-07-04 22:05:00,6123.93,20.0,TRADE
VIC1,2025-07-04 22:10:00,6056.16,20.0,TRADE
VIC1,2025-07-04 22:15:00,5953.11,20.0,TRADE
VIC1,2025-07-04 22:20:00,5953.5,19.18,TRADE
VIC1,2025-07-04 22:25:00,5931.78,19.18,TRADE
VIC1,2025-07-04 22:30:00,5912.26,19.18,TRADE
VIC1,2025-07-04 22:35:00,5811.23,19.18,TRADE
VIC1,2025-07-04 22:40:00,5726.52,19.18,TRADE
VIC1,2025-07-04 22:45:00,5733.36,19.18,TRADE
VIC1,2025-07-04 22:50:00,5734.97,10.18,TRADE
VIC1,2025-07-04 22:55:00,5725.81,11.0,TRADE
VIC1,2025-07-04 23:00:00,5669.47,8.95,TRADE
VIC1,2025-07-04 23:05:00,5645.81,8.95,TRADE
VIC1,2025-07-04 23:10:00,5733.43,8.95,TRADE
VIC1,2025-07-04 23:15:00,5753.45,8.95,TRADE
VIC1,2025-07-04 23:20:00,5708.45,8.95,TRADE
VIC1,2025-07-04 23:25:00,5634.28,8.95,TRADE
VIC1,2025-07-04 23:30:00,5713.57,19.18,TRADE
VIC1,2025-07-04 23:35:00,5668.69,19.18,TRADE
VIC1,2025-07-04 23:40:00,5502.84,8.95,TRADE
VIC1,2025-07-04 23:45:00,5558.43,19.18,TRADE
VIC1,2025-07-04 23:50:00,5539.74,8.95,TRADE
VIC1,2025-07-04 23:55:00,5456.56,8.95,TRADE
VIC1,2025-07-07 00:00:00,5481.17,144.62,TRADE
VIC1,2025-07-07 00:05:00,5479.1,129.87,TRADE
VIC1,2025-07-07 00:10:00,5402.04,129.07,TRADE
VIC1,2025-07-07 00:15:00,5391.21,129.07,TRADE
VIC1,2025-07-07 00:20:00,5373.09,129.82,TRADE
VIC1,2025-07-07 00:25:00,5306.9,127.75,TRADE
VIC1,2025-07-07 00:30:00,5314.48,128.13,TRADE
VIC1,2025-07-07 00:35:00,5187.56,133.7,TRADE
VIC1,2025-07-07 00:40:00,5250.91,137.81,TRADE
VIC1,2025-07-07 00:45:00,5221.36,134.99,TRADE
VIC1,2025-07-07 00:50:00,5219.49,139.71,TRADE
VIC1,2025-07-07 00:55:00,5191.74,135.98,TRADE
VIC1,2025-07-07 01:00:00,5166.69,138.99,TRADE
VIC1,2025-07-07 01:05:00,5182.51,134.27,TRADE
VIC1,2025-07-07 01:10:00,5138.26,130.25,TRADE
VIC1,2025-07-07 01:15:00,5008.0,120.56,TRADE
VIC1,2025-07-07 01:20:00,5066.37,128.25,TRADE
VIC1,2025-07-07 01:25:00,5050.17,114.35,TRADE
VIC1,2025-07-07 01:30:00,4977.89,110.5,TRADE
VIC1,2025-07-07 01:35:00,4990.92,109.71,TRADE
VIC1,2025-07-07 01:40:00,5010.56,117.1,TRADE
VIC1,2025-07-07 01:45:00,4949.3,112.5,TRADE
VIC1,2025-07-07 01:50:00,4862.77,138.03,TRADE
VIC1,2025-07-07 01:55:00,4829.35,98.54,TRADE
VIC1,2025-07-07 02:00:00,4883.67,93.43,TRADE
VIC1,2025-07-07 02:05:00,4883.81,132.72,TRADE
VIC1,2025-07-07 02:10:00,4871.25,122.99,TRADE
VIC1,2025-07-07 02:15:00,4832.38,147.2,TRADE
VIC1,2025-07-07 02:20:00,4811.64,132.72,TRADE
VIC1,2025-07-07 02:25:00,4827.53,146.19,TRADE
VIC1,2025-07-07 02:30:00,4737.52,113.09,TRADE
VIC1,2025-07-07 02:35:00,4701.64,92.01,TRADE
VIC1,2025-07-07 02:40:00,4775.04,164.01,TRADE
VIC1,2025-07-07 02:45:00,4758.74,98.4,TRADE
VIC1,2025-07-07 02:50:00,4732.13,114.05,TRADE
VIC1,2025-07-07 02:55:00,4731.14,150.78,TRADE
VIC1,2025-07-07 03:00:00,4750.7,118.56,TRADE
VIC1,2025-07-07 03:05:00,4723.27,165.32,TRADE
VIC1,2025-07-07 03:10:00,4665.72,136.86,TRADE
VIC1,2025-07-07 03:15:00,4644.45,138.88,TRADE
VIC1,2025-07-07 03:20:00,4703.28,166.76,TRADE
VIC1,2025-07-07 03:25:00,4634.83,136.22,TRADE
VIC1,2025-07-07 03:30:00,4729.72,158.94,TRADE
VIC1,2025-07-07 03:35:00,4643.88,128.67,TRADE
VIC1,2025-07-07 03:40:00,4715.93,140.5,TRADE
VIC1,2025-07-07 03:45:00,4731.78,138.86,TRADE
VIC1,2025-07-07 03:50:00,4739.36,150.54,TRADE
VIC1,2025-07-07 03:55:00,4708.87,139.7,TRADE
VIC1,2025-07-07 04:00:00,4661.19,139.83,TRADE
VIC1,2025-07-07 04:05:00,4653.95,132.18,TRADE
VIC1,2025-07-07 04:10:00,4673.58,116.86,TRADE
VIC1,2025-07-07 04:15:00,4771.2,137.63,TRADE
VIC1,2025-07-07 04:20:00,4753.87,117.44,TRADE
VIC1,2025-07-07 04:25:00,4777.13,117.3,TRADE
VIC1,2025-07-07 04:30:00,4789.71,138.25,TRADE
VIC1,2025-07-07 04:35:00,4792.85,116.27,TRADE
VIC1,2025-07-07 04:40:00,4843.19,137.05,TRADE
VIC1,2025-07-07 04:45:00,4779.63,116.57,TRADE
VIC1,2025-07-07 04:50:00,4803.52,110.27,TRADE
VIC1,2025-07-07 04:55:00,4881.57,113.02,TRADE
VIC1,2025-07-07 05:00:00,4924.7,114.78,TRADE
VIC1,2025-07-07 05:05:00,4887.53,112.98,TRADE
VIC1,2025-07-07 05:10:00,5019.53,128.18,TRADE
VIC1,2025-07-07 05:15:00,5051.4,126.12,TRADE
VIC1,2025-07-07 05:20:00,5135.0,127.97,TRADE
VIC1,2025-07-07 05:25:00,5115.29,146.51,TRADE
VIC1,2025-07-07 05:30:00,5132.85,125.59,TRADE
VIC1,2025-07-07 05:35:00,5238.22,137.96,TRADE
VIC1,2025-07-07 05:40:00,5253.99,121.95,TRADE
VIC1,2025-07-07 05:45:00,5381.29,147.0,TRADE
VIC1,2025-07-07 05:50:00,5451.24,137.96,TRADE
VIC1,2025-07-07 05:55:00,5431.95,137.96,TRADE
VIC1,2025-07-07 06:00:00,5570.93,160.0,TRADE
VIC1,2025-07-07 06:05:00,5673.3,137.96,TRADE
VIC1,2025-07-07 06:10:00,5833.17,145.23,TRADE
VIC1,2025-07-07 06:15:00,5914.3,172.83,TRADE
VIC1,2025-07-07 06:20:00,5905.23,155.87,TRADE
VIC1,2025-07-07 06:25:00,6025.01,158.51,TRADE
VIC1,2025-07-07 06:30:00,6155.9,179.14,TRADE
VIC1,2025-07-07 06:35:00,6128.72,157.61,TRADE
VIC1,2025-07-07 06:40:00,6333.26,160.0,TRADE
VIC1,2025-07-07 06:45:00,6431.71,209.11,TRADE
VIC1,2025-07-07 06:50:00,6504.3,223.36,TRADE
VIC1,2025-07-07 06:55:00,6547.92,223.36,TRADE
VIC1,2025-07-07 07:00:00,6612.68,226.58,TRADE
VIC1,2025-07-07 07:05:00,6700.22,209.11,TRADE
VIC1,2025-07-07 07:10:00,6798.08,270.82,TRADE
VIC1,2025-07-07 07:15:00,6913.01,270.83,TRADE
VIC1,2025-07-07 07:20:00,6989.14,228.88,TRADE
VIC1,2025-07-07 07:25:00,7055.47,234.09,TRADE
VIC1,2025-07-07 07:30:00,7121.45,209.54,TRADE
VIC1,2025-07-07 07:35:00,7179.15,224.16,TRADE
VIC1,2025-07-07 07:40:00,7160.07,200.02,TRADE
VIC1,2025-07-07 07:45:00,7299.7,209.54,TRADE
VIC1,2025-07-07 07:50:00,7345.44,200.02,TRADE
VIC1,2025-07-07 07:55:00,7409.34,209.54,TRADE
VIC1,2025-07-07 08:00:00,7494.93,200.02,TRADE
VIC1,2025-07-07 08:05:00,7535.92,237.18,TRADE
VIC1,2025-07-07 08:10:00,7572.24,286.2,TRADE
VIC1,2025-07-07 08:15:00,7565.56,270.82,TRADE
VIC1,2025-07-07 08:20:00,7550.97,263.84,TRADE
VIC1,2025-07-07 08:25:00,7528.95,209.54,TRADE
VIC1,2025-07-07 08:30:00,7480.89,225.73,TRADE
VIC1,2025-07-07 08:35:00,7428.88,177.85,TRADE
VIC1,2025-07-07 08:40:00,7398.84,180.94,TRADE
VIC1,2025-07-07 08:45:00,7423.4,240.29,TRADE
VIC1,2025-07-07 08:50:00,7367.9,191.08,TRADE
VIC1,2025-07-07 08:55:00,7291.97,180.44,TRADE
VIC1,2025-07-07 09:00:00,7199.04,237.47,TRADE
VIC1,2025-07-07 09:05:00,7131.96,146.23,TRADE
VIC1,2025-07-07 09:10:00,7119.42,151.08,TRADE
VIC1,2025-07-07 09:15:00,7051.1,227.97,TRADE
VIC1,2025-07-07 09:20:00,6870.38,165.01,TRADE
VIC1,2025-07-07 09:25:00,6871.46,132.72,TRADE
VIC1,2025-07-07 09:30:00,6814.18,132.72,TRADE
VIC1,2025-07-07 09:35:00,6660.91,122.02,TRADE
VIC1,2025-07-07 09:40:00,6705.05,92.56,TRADE
VIC1,2025-07-07 09:45:00,6569.93,117.5,TRADE
VIC1,2025-07-07 09:50:00,6481.85,85.88,TRADE
VIC1,2025-07-07 09:55:00,6296.74,85.22,TRADE
VIC1,2025-07-07 10:00:00,6163.54,46.33,TRADE
VIC1,2025-07-07 10:05:00,6204.06,88.81,TRADE
VIC1,2025-07-07 10:10:00,6174.66,94.59,TRADE
VIC1,2025-07-07 10:15:00,5945.73,80.0,TRADE
VIC1,2025-07-07 10:20:00,5960.42,80.0,TRADE
VIC1,2025-07-07 10:25:00,5891.57,89.84,TRADE
VIC1,2025-07-07 10:30:00,5774.96,77.22,TRADE
VIC1,2025-07-07 10:35:00,5663.75,115.09,TRADE
VIC1,2025-07-07 10:40:00,5571.29,93.4,TRADE
VIC1,2025-07-07 10:45:00,5544.09,46.22,TRADE
VIC1,2025-07-07 10:50:00,5438.69,62.51,TRADE
VIC1,2025-07-07 10:55:00,5441.61,85.3,TRADE
VIC1,2025-07-07 11:00:00,5284.2,46.22,TRADE
VIC1,2025-07-07 11:05:00,5293.4,46.33,TRADE
VIC1,2025-07-07 11:10:00,5283.71,67.57,TRADE
VIC1,2025-07-07 11:15:00,5222.38,34.91,TRADE
VIC1,2025-07-07 11:20:00,5173.67,56.47,TRADE
VIC1,2025-07-07 11:25:00,5059.84,56.37,TRADE
VIC1,2025-07-07 11:30:00,5004.08,52.14,TRADE
VIC1,2025-07-07 11:35:00,4974.3,57.1,TRADE
VIC1,2025-07-07 11:40:00,4960.05,61.44,TRADE
VIC1,2025-07-07 11:45:00,4946.42,61.44,TRADE
VIC1,2025-07-07 11:50:00,4868.16,53.15,TRADE
VIC1,2025-07-07 11:55:00,4809.56,70.22,TRADE
VIC1,2025-07-07 12:00:00,4771.52,60.49,TRADE
VIC1,2025-07-07 12:05:00,4790.84,101.06,TRADE
VIC1,2025-07-07 12:10:00,4653.82,70.63,TRADE
VIC1,2025-07-07 12:15:00,4590.93,105.49,TRADE
VIC1,2025-07-07 12:20:00,4638.43,101.81,TRADE
VIC1,2025-07-07 12:25:00,4543.17,63.62,TRADE
VIC1,2025-07-07 12:30:00,4491.42,62.1,TRADE
VIC1,2025-07-07 12:35:00,4541.12,72.81,TRADE
VIC1,2025-07-07 12:40:00,4474.5,75.25,TRADE
VIC1,2025-07-07 12:45:00,4486.34,76.66,TRADE
VIC1,2025-07-07 12:50:00,4478.76,51.32,TRADE
VIC1,2025-07-07 12:55:00,4397.21,77.97,TRADE
VIC1,2025-07-07 13:00:00,4358.2,48.72,TRADE
VIC1,2025-07-07 13:05:00,4390.45,84.26,TRADE
VIC1,2025-07-07 13:10:00,4484.13,85.22,TRADE
VIC1,2025-07-07 13:15:00,4461.28,79.64,TRADE
VIC1,2025-07-07 13:20:00,4439.32,46.33,TRADE
VIC1,2025-07-07 13:25:00,4445.45,85.22,TRADE
VIC1,2025-07-07 13:30:00,4461.7,78.28,TRADE
VIC1,2025-07-07 13:35:00,4454.16,76.14,TRADE
VIC1,2025-07-07 13:40:00,4372.17,72.54,TRADE
VIC1,2025-07-07 13:45:00,4426.49,60.04,TRADE
VIC1,2025-07-07 13:50:00,4456.87,56.32,TRADE
VIC1,2025-07-07 13:55:00,4459.09,56.4,TRADE
VIC1,2025-07-07 14:00:00,4448.82,64.41,TRADE
VIC1,2025-07-07 14:05:00,4438.26,66.02,TRADE
VIC1,2025-07-07 14:10:00,4459.54,62.57,TRADE
VIC1,2025-07-07 14:15:00,4431.9,35.94,TRADE
VIC1,2025-07-07 14:20:00,4521.34,63.22,TRADE
VIC1,2025-07-07 14:25:00,4517.24,35.94,TRADE
VIC1,2025-07-07 14:30:00,4536.36,35.94,TRADE
VIC1,2025-07-07 14:35:00,4537.59,30.5,TRADE
VIC1,2025-07-07 14:40:00,4561.82,20.0,TRADE
VIC1,2025-07-07 14:45:00,4606.55,19.18,TRADE
VIC1,2025-07-07 14:50:00,4639.62,20.0,TRADE
VIC1,2025-07-07 14:55:00,4740.73,26.01,TRADE
VIC1,2025-07-07 15:00:00,4785.42,20.01,TRADE
VIC1,2025-07-07 15:05:00,4854.17,20.33,TRADE
VIC1,2025-07-07 15:10:00,4832.52,19.18,TRADE
VIC1,2025-07-07 15:15:00,4944.88,35.94,TRADE
VIC1,2025-07-07 15:20:00,5044.13,35.94,TRADE
VIC1,2025-07-07 15:25:00,5131.66,36.99,TRADE
VIC1,2025-07-07 15:30:00,5164.56,60.89,TRADE
VIC1,2025-07-07 15:35:00,5141.64,20.36,TRADE
VIC1,2025-07-07 15:40:00,5256.14,40.6,TRADE
VIC1,2025-07-07 15:45:00,5388.39,60.81,TRADE
VIC1,2025-07-07 15:50:00,5502.33,61.28,TRADE
VIC1,2025-07-07 15:55:00,5526.54,65.78,TRADE
VIC1,2025-07-07 16:00:00,5638.19,76.1,TRADE
VIC1,2025-07-07 16:05:00,5701.68,88.13,TRADE
VIC1,2025-07-07 16:10:00,5745.46,91.04,TRADE
VIC1,2025-07-07 16:15:00,5772.53,95.35,TRADE
VIC1,2025-07-07 16:20:00,5854.7,123.3,TRADE
VIC1,2025-07-07 16:25:00,5992.85,151.25,TRADE
VIC1,2025-07-07 16:30:00,6099.23,129.53,TRADE
VIC1,2025-07-07 16:35:00,6163.11,113.84,TRADE
VIC1,2025-07-07 16:40:00,6284.61,142.25,TRADE
VIC1,2025-07-07 16:45:00,6319.15,122.63,TRADE
VIC1,2025-07-07 16:50:00,6426.34,146.27,TRADE
VIC1,2025-07-07 16:55:00,6485.39,140.29,TRADE
VIC1,2025-07-07 17:00:00,6608.18,153.0,TRADE
VIC1,2025-07-07 17:05:00,6667.91,139.84,TRADE
VIC1,2025-07-07 17:10:00,6647.17,142.08,TRADE
VIC1,2025-07-07 17:15:00,6826.36,152.27,TRADE
VIC1,2025-07-07 17:20:00,6909.38,153.63,TRADE
VIC1,2025-07-07 17:25:00,7007.8,172.09,TRADE
VIC1,2025-07-07 17:30:00,7086.0,190.9,TRADE
VIC1,2025-07-07 17:35:00,7135.2,154.35,TRADE
VIC1,2025-07-07 17:40:00,7235.29,148.59,TRADE
VIC1,2025-07-07 17:45:00,7252.26,157.42,TRADE
VIC1,2025-07-07 17:50:00,7302.37,151.06,TRADE
VIC1,2025-07-07 17:55:00,7345.53,150.09,TRADE
VIC1,2025-07-07 18:00:00,7356.98,150.76,TRADE
VIC1,2025-07-07 18:05:00,7421.08,148.24,TRADE
VIC1,2025-07-07 18:10:00,7367.23,146.61,TRADE
VIC1,2025-07-07 18:15:00,7400.34,140.28,TRADE
VIC1,2025-07-07 18:20:00,7393.02,149.86,TRADE
VIC1,2025-07-07 18:25:00,7416.42,138.97,TRADE
VIC1,2025-07-07 18:30:00,7393.83,148.73,TRADE
VIC1,2025-07-07 18:35:00,7315.63,132.72,TRADE
VIC1,2025-07-07 18:40:00,7279.25,130.51,TRADE
VIC1,2025-07-07 18:45:00,7322.48,125.49,TRADE
VIC1,2025-07-07 18:50:00,7315.81,132.0,TRADE
VIC1,2025-07-07 18:55:00,7299.02,124.59,TRADE
VIC1,2025-07-07 19:00:00,7266.03,117.42,TRADE
VIC1,2025-07-07 19:05:00,7287.35,120.97,TRADE
VIC1,2025-07-07 19:10:00,7245.53,117.42,TRADE
VIC1,2025-07-07 19:15:00,7206.29,117.42,TRADE
VIC1,2025-07-07 19:20:00,7155.53,109.24,TRADE
VIC1,2025-07-07 19:25:00,7077.3,107.83,TRADE
VIC1,2025-07-07 19:30:00,7058.47,106.19,TRADE
VIC1,2025-07-07 19:35:00,7013.71,111.11,TRADE
VIC1,2025-07-07 19:40:00,7024.93,105.99,TRADE
VIC1,2025-07-07 19:45:00,7018.52,104.66,TRADE
VIC1,2025-07-07 19:50:00,6966.09,102.45,TRADE
VIC1,2025-07-07 19:55:00,6905.23,92.71,TRADE
VIC1,2025-07-07 20:00:00,6860.58,91.13,TRADE
VIC1,2025-07-07 20:05:00,6850.61,92.16,TRADE
VIC1,2025-07-07 20:10:00,6824.86,92.01,TRADE
VIC1,2025-07-07 20:15:00,6812.18,91.86,TRADE
VIC1,2025-07-07 20:20:00,6771.95,87.92,TRADE
VIC1,2025-07-07 20:25:00,6800.86,88.81,TRADE
VIC1,2025-07-07 20:30:00,6724.45,93.21,TRADE
VIC1,2025-07-07 20:35:00,6695.77,100.34,TRADE
VIC1,2025-07-07 20:40:00,6676.78,100.12,TRADE
VIC1,2025-07-07 20:45:00,6651.85,100.5,TRADE
VIC1,2025-07-07 20:50:00,6611.06,92.73,TRADE
VIC1,2025-07-07 20:55:00,6562.11,77.37,TRADE
VIC1,2025-07-07 21:00:00,6542.89,20.0,TRADE
VIC1,2025-07-07 21:05:00,6454.48,10.18,TRADE
VIC1,2025-07-07 21:10:00,6436.66,20.76,TRADE
VIC1,2025-07-07 21:15:00,6403.77,8.95,TRADE
VIC1,2025-07-07 21:20:00,6339.84,8.95,TRADE
VIC1,2025-07-07 21:25:00,6273.47,0.01,TRADE
VIC1,2025-07-07 21:30:00,6260.45,4.37,TRADE
VIC1,2025-07-07 21:35:00,6132.47,8.02,TRADE
VIC1,2025-07-07 21:40:00,6129.02,6.95,TRADE
VIC1,2025-07-07 21:45:00,6046.9,8.95,TRADE
VIC1,2025-07-07 21:50:00,6008.26,8.95,TRADE
VIC1,2025-07-07 21:55:00,5954.27,8.95,TRADE
VIC1,2025-07-07 22:00:00,5912.05,8.95,TRADE
VIC1,2025-07-07 22:05:00,5849.11,1.12,TRADE
VIC1,2025-07-07 22:10:00,5754.49,0.74,TRADE
VIC1,2025-07-07 22:15:00,5734.69,3.62,TRADE
VIC1,2025-07-07 22:20:00,5659.2,1.14,TRADE
VIC1,2025-07-07 22:25:00,5650.85,1.13,TRADE
VIC1,2025-07-07 22:30:00,5573.87,0.68,TRADE
VIC1,2025-07-07 22:35:00,5527.77,0.25,TRADE
VIC1,2025-07-07 22:40:00,5447.75,0.01,TRADE
VIC1,2025-07-07 22:45:00,5455.97,0.01,TRADE
VIC1,2025-07-07 22:50:00,5407.88,0.01,TRADE
VIC1,2025-07-07 22:55:00,5351.1,0.0,TRADE
VIC1,2025-07-07 23:00:00,5330.05,0.0,TRADE
VIC1,2025-07-07 23:05:00,5322.02,0.2,TRADE
VIC1,2025-07-07 23:10:00,5384.6,0.2,TRADE
VIC1,2025-07-07 23:15:00,5420.24,0.3,TRADE
VIC1,2025-07-07 23:20:00,5395.25,0.25,TRADE
VIC1,2025-07-07 23:25:00,5404.23,0.34,TRADE
VIC1,2025-07-07 23:30:00,5374.3,0.2,TRADE
VIC1,2025-07-07 23:35:00,5349.98,0.2,TRADE
VIC1,2025-07-07 23:40:00,5342.19,0.2,TRADE
VIC1,2025-07-07 23:45:00,5264.57,0.01,TRADE
VIC1,2025-07-07 23:50:00,5203.78,-0.03,TRADE
VIC1,2025-07-07 23:55:00,5155.77,0.01,TRADE
VIC1,2025-07-08 00:00:00,5136.93,-0.01,TRADE
VIC1,2025-07-08 00:05:00,5134.95,-5.06,TRADE
VIC1,2025-07-08 00:10:00,5118.02,-9.83,TRADE
VIC1,2025-07-08 00:15:00,5117.02,-9.83,TRADE
VIC1,2025-07-08 00:20:00,5065.69,-9.83,TRADE
VIC1,2025-07-08 00:25:00,4975.78,-9.96,TRADE
VIC1,2025-07-08 00:30:00,4992.8,-9.96,TRADE
VIC1,2025-07-08 00:35:00,4963.57,-9.83,TRADE
VIC1,2025-07-08 00:40:00,4899.42,-9.96,TRADE
VIC1,2025-07-08 00:45:00,4820.09,-16.5,TRADE
VIC1,2025-07-08 00:50:00,4805.6,-16.5,TRADE
VIC1,2025-07-08 00:55:00,4779.53,-16.5,TRADE
VIC1,2025-07-08 01:00:00,4763.71,-16.5,TRADE
VIC1,2025-07-08 01:05:00,4756.4,-16.5,TRADE
VIC1,2025-07-08 01:10:00,4732.1,-16.5,TRADE
VIC1,2025-07-08 01:15:00,4702.87,-16.5,TRADE
VIC1,2025-07-08 01:20:00,4705.45,-16.5,TRADE
VIC1,2025-07-08 01:25:00,4689.8,-16.5,TRADE
VIC1,2025-07-08 01:30:00,4637.53,-16.5,TRADE
VIC1,2025-07-08 01:35:00,4634.24,-16.5,TRADE
VIC1,2025-07-08 01:40:00,4665.1,-16.5,TRADE
VIC1,2025-07-08 01:45:00,4638.28,-16.5,TRADE
VIC1,2025-07-08 01:50:00,4534.33,-16.5,TRADE
VIC1,2025-07-08 01:55:00,4597.32,-16.5,TRADE
VIC1,2025-07-08 02:00:00,4487.07,-16.5,TRADE
VIC1,2025-07-08 02:05:00,4474.65,-16.5,TRADE
VIC1,2025-07-08 02:10:00,4513.89,-16.5,TRADE
VIC1,2025-07-08 02:15:00,4481.05,-16.5,TRADE
VIC1,2025-07-08 02:20:00,4413.74,-16.5,TRADE
VIC1,2025-07-08 02:25:00,4433.08,-16.5,TRADE
VIC1,2025-07-08 02:30:00,4398.75,-16.5,TRADE
VIC1,2025-07-08 02:35:00,4301.03,-16.5,TRADE
VIC1,2025-07-08 02:40:00,4297.69,-16.5,TRADE
VIC1,2025-07-08 02:45:00,4366.09,-16.5,TRADE
VIC1,2025-07-08 02:50:00,4264.25,-18.14,TRADE
VIC1,2025-07-08 02:55:00,4291.64,-16.5,TRADE
VIC1,2025-07-08 03:00:00,4328.98,-16.5,TRADE
VIC1,2025-07-08 03:05:00,4342.04,-16.5,TRADE
VIC1,2025-07-08 03:10:00,4349.7,-16.5,TRADE
VIC1,2025-07-08 03:15:00,4345.49,-16.5,TRADE
VIC1,2025-07-08 03:20:00,4311.04,-16.5,TRADE
VIC1,2025-07-08 03:25:00,4280.6,-16.5,TRADE
VIC1,2025-07-08 03:30:00,4258.5,-16.5,TRADE
VIC1,2025-07-08 03:35:00,4242.1,-16.5,TRADE
VIC1,2025-07-08 03:40:00,4284.12,-16.5,TRADE
VIC1,2025-07-08 03:45:00,4247.8,-18.14,TRADE
VIC1,2025-07-08 03:50:00,4223.13,-18.14,TRADE
VIC1,2025-07-08 03:55:00,4237.62,-18.14,TRADE
VIC1,2025-07-08 04:00:00,4199.45,-18.14,TRADE
VIC1,2025-07-08 04:05:00,4304.32,-16.5,TRADE
VIC1,2025-07-08 04:10:00,4282.73,-16.5,TRADE
VIC1,2025-07-08 04:15:00,4222.15,-16.5,TRADE
VIC1,2025-07-08 04:20:00,4287.73,-16.5,TRADE
VIC1,2025-07-08 04:25:00,4326.26,-16.5,TRADE
VIC1,2025-07-08 04:30:00,4368.59,-16.5,TRADE
VIC1,2025-07-08 04:35:00,4357.96,-16.5,TRADE
VIC1,2025-07-08 04:40:00,4293.5,-16.5,TRADE
VIC1,2025-07-08 04:45:00,4335.19,-16.5,TRADE
VIC1,2025-07-08 04:50:00,4369.52,-16.5,TRADE
VIC1,2025-07-08 04:55:00,4410.79,-16.5,TRADE
VIC1,2025-07-08 05:00:00,4420.41,-16.5,TRADE
VIC1,2025-07-08 05:05:00,4472.92,-16.5,TRADE
VIC1,2025-07-08 05:10:00,4452.05,-16.5,TRADE
VIC1,2025-07-08 05:15:00,4559.43,-16.5,TRADE
VIC1,2025-07-08 05:20:00,4578.77,-16.5,TRADE
VIC1,2025-07-08 05:25:00,4629.29,-16.5,TRADE
VIC1,2025-07-08 05:30:00,4656.22,-16.5,TRADE
VIC1,2025-07-08 05:35:00,4636.31,-16.5,TRADE
VIC1,2025-07-08 05:40:00,4720.09,-16.5,TRADE
VIC1,2025-07-08 05:45:00,4800.61,-9.96,TRADE
VIC1,2025-07-08 05:50:00,4897.42,-9.96,TRADE
VIC1,2025-07-08 05:55:00,4886.9,-9.96,TRADE
VIC1,2025-07-08 06:00:00,5034.25,-9.87,TRADE
VIC1,2025-07-08 06:05:00,5076.49,-9.81,TRADE
VIC1,2025-07-08 06:10:00,5127.82,0.0,TRADE
VIC1,2025-07-08 06:15:00,5322.97,0.0,TRADE
VIC1,2025-07-08 06:20:00,5298.2,-14.59,TRADE
VIC1,2025-07-08 06:25:00,5412.4,0.0,TRADE
VIC1,2025-07-08 06:30:00,5548.52,3.0,TRADE
VIC1,2025-07-08 06:35:00,5578.69,2.17,TRADE
VIC1,2025-07-08 06:40:00,5698.8,3.41,TRADE
VIC1,2025-07-08 06:45:00,5714.95,2.25,TRADE
VIC1,2025-07-08 06:50:00,5881.32,8.24,TRADE
VIC1,2025-07-08 06:55:00,5982.3,8.95,TRADE
VIC1,2025-07-08 07:00:00,5988.21,79.74,TRADE
VIC1,2025-07-08 07:05:00,6091.37,32.76,TRADE
VIC1,2025-07-08 07:10:00,6190.8,31.59,TRADE
VIC1,2025-07-08 07:15:00,6299.07,20.0,TRADE
VIC1,2025-07-08 07:20:00,6412.07,16.9,TRADE
VIC1,2025-07-08 07:25:00,6470.23,35.48,TRADE
VIC1,2025-07-08 07:30:00,6493.0,8.95,TRADE
VIC1,2025-07-08 07:35:00,6610.87,35.63,TRADE
VIC1,2025-07-08 07:40:00,6628.0,20.97,TRADE
VIC1,2025-07-08 07:45:00,6573.15,24.22,TRADE
VIC1,2025-07-08 07:50:00,6792.65,81.33,TRADE
VIC1,2025-07-08 07:55:00,6775.79,82.09,TRADE
VIC1,2025-07-08 08:00:00,6763.0,18.2,TRADE
VIC1,2025-07-08 08:05:00,6808.67,54.98,TRADE
VIC1,2025-07-08 08:10:00,6914.73,80.8,TRADE
VIC1,2025-07-08 08:15:00,6971.19,33.11,TRADE
VIC1,2025-07-08 08:20:00,6979.54,84.83,TRADE
VIC1,2025-07-08 08:25:00,6941.54,53.01,TRADE
VIC1,2025-07-08 08:30:00,7045.07,87.07,TRADE
VIC1,2025-07-08 08:35:00,7041.37,205.01,TRADE
VIC1,2025-07-08 08:40:00,6941.43,55.1,TRADE
VIC1,2025-07-08 08:45:00,6987.79,33.25,TRADE
VIC1,2025-07-08 08:50:00,7021.51,161.22,TRADE
VIC1,2025-07-08 08:55:00,7034.35,144.45,TRADE
VIC1,2025-07-08 09:00:00,7022.91,154.78,TRADE
VIC1,2025-07-08 09:05:00,6952.66,125.9,TRADE
VIC1,2025-07-08 09:10:00,6969.93,129.41,TRADE
VIC1,2025-07-08 09:15:00,7026.16,132.15,TRADE
VIC1,2025-07-08 09:20:00,7018.43,132.57,TRADE
VIC1,2025-07-08 09:25:00,6930.39,116.06,TRADE
VIC1,2025-07-08 09:30:00,7030.46,121.64,TRADE
VIC1,2025-07-08 09:35:00,6996.59,135.76,TRADE
VIC1,2025-07-08 09:40:00,7011.56,14.5,TRADE
VIC1,2025-07-08 09:45:00,6988.88,14.56,TRADE
VIC1,2025-07-08 09:50:00,6893.81,32.27,TRADE
VIC1,2025-07-08 09:55:00,6905.83,103.53,TRADE
VIC1,2025-07-08 10:00:00,6870.75,63.64,TRADE
VIC1,2025-07-08 10:05:00,6737.03,32.03,TRADE
VIC1,2025-07-08 10:10:00,6782.35,-50.58,TRADE
VIC1,2025-07-08 10:15:00,6730.06,36.19,TRADE
VIC1,2025-07-08 10:20:00,6630.76,13.57,TRADE
VIC1,2025-07-08 10:25:00,6409.45,-0.01,TRADE
VIC1,2025-07-08 10:30:00,6356.72,9.48,TRADE
VIC1,2025-07-08 10:35:00,6397.7,10.12,TRADE
VIC1,2025-07-08 10:40:00,6311.31,8.95,TRADE
VIC1,2025-07-08 10:45:00,6305.85,-0.01,TRADE
VIC1,2025-07-08 10:50:00,6121.56,9.33,TRADE
VIC1,2025-07-08 10:55:00,6051.24,8.95,TRADE
VIC1,2025-07-08 11:00:00,6016.55,0.01,TRADE
VIC1,2025-07-08 11:05:00,6037.52,9.9,TRADE
VIC1,2025-07-08 11:10:00,5995.34,0.0,TRADE
VIC1,2025-07-08 11:15:00,5929.67,9.33,TRADE
VIC1,2025-07-08 11:20:00,5748.3,8.95,TRADE
VIC1,2025-07-08 11:25:00,5739.61,19.96,TRADE
VIC1,2025-07-08 11:30:00,5828.52,9.33,TRADE
VIC1,2025-07-08 11:35:00,5756.13,8.95,TRADE
VIC1,2025-07-08 11:40:00,5810.81,0.0,TRADE
VIC1,2025-07-08 11:45:00,5733.29,-0.13,TRADE
VIC1,2025-07-08 11:50:00,5618.32,8.95,TRADE
VIC1,2025-07-08 11:55:00,5638.86,8.95,TRADE
VIC1,2025-07-08 12:00:00,5535.67,-19.3,TRADE
VIC1,2025-07-08 12:05:00,5433.97,-11.8,TRADE
VIC1,2025-07-08 12:10:00,5402.87,-15.83,TRADE
VIC1,2025-07-08 12:15:00,5401.68,-10.07,TRADE
VIC1,2025-07-08 12:20:00,5530.34,28.38,TRADE
VIC1,2025-07-08 12:25:00,5636.2,30.88,TRADE
VIC1,2025-07-08 12:30:00,5690.4,20.0,TRADE
VIC1,2025-07-08 12:35:00,5658.66,-19.03,TRADE
VIC1,2025-07-08 12:40:00,5923.38,29.31,TRADE
VIC1,2025-07-08 12:45:00,5988.07,8.95,TRADE
VIC1,2025-07-08 12:50:00,6097.19,70.9,TRADE
VIC1,2025-07-08 12:55:00,6132.15,70.63,TRADE
VIC1,2025-07-08 13:00:00,6197.85,70.63,TRADE
VIC1,2025-07-08 13:05:00,6256.32,41.11,TRADE
VIC1,2025-07-08 13:10:00,6293.22,46.22,TRADE
VIC1,2025-07-08 13:15:00,6318.42,12.57,TRADE
VIC1,2025-07-08 13:20:00,6319.97,12.76,TRADE
VIC1,2025-07-08 13:25:00,6436.33,13.01,TRADE
VIC1,2025-07-08 13:30:00,6434.04,18.41,TRADE
VIC1,2025-07-08 13:35:00,6522.68,18.41,TRADE
VIC1,2025-07-08 13:40:00,6546.94,38.45,TRADE
VIC1,2025-07-08 13:45:00,6583.74,132.02,TRADE
VIC1,2025-07-08 13:50:00,6523.36,111.27,TRADE
VIC1,2025-07-08 13:55:00,6547.94,9.96,TRADE
VIC1,2025-07-08 14:00:00,6611.74,45.57,TRADE
VIC1,2025-07-08 14:05:00,6654.83,-0.01,TRADE
VIC1,2025-07-08 14:10:00,6689.01,33.54,TRADE
VIC1,2025-07-08 14:15:00,6706.1,38.45,TRADE
VIC1,2025-07-08 14:20:00,6590.18,-4.8,TRADE
VIC1,2025-07-08 14:25:00,6690.04,24.7,TRADE
VIC1,2025-07-08 14:30:00,6661.85,38.45,TRADE
VIC1,2025-07-08 14:35:00,6591.13,112.81,TRADE
VIC1,2025-07-08 14:40:00,6530.32,26.78,TRADE
VIC1,2025-07-08 14:45:00,6400.27,-0.56,TRADE
VIC1,2025-07-08 14:50:00,6429.74,0.01,TRADE
VIC1,2025-07-08 14:55:00,6474.87,8.95,TRADE
VIC1,2025-07-08 15:00:00,6447.0,23.3,TRADE
VIC1,2025-07-08 15:05:00,6488.88,26.46,TRADE
VIC1,2025-07-08 15:10:00,6427.11,1.75,TRADE
VIC1,2025-07-08 15:15:00,6383.06,-20.55,TRADE
VIC1,2025-07-08 15:20:00,6394.65,0.8,TRADE
VIC1,2025-07-08 15:25:00,6468.88,35.79,TRADE
VIC1,2025-07-08 15:30:00,6470.62,32.48,TRADE
VIC1,2025-07-08 15:35:00,6456.26,-20.44,TRADE
VIC1,2025-07-08 15:40:00,6601.77,29.99,TRADE
VIC1,2025-07-08 15:45:00,6675.42,-21.11,TRADE
VIC1,2025-07-08 15:50:00,6749.17,36.4,TRADE
VIC1,2025-07-08 15:55:00,6779.13,53.64,TRADE
VIC1,2025-07-08 16:00:00,6843.48,70.21,TRADE
VIC1,2025-07-08 16:05:00,6828.17,69.75,TRADE
VIC1,2025-07-08 16:10:00,6888.02,67.64,TRADE
VIC1,2025-07-08 16:15:00,6871.14,18.2,TRADE
VIC1,2025-07-08 16:20:00,6880.26,30.11,TRADE
VIC1,2025-07-08 16:25:00,6971.44,97.3,TRADE
VIC1,2025-07-08 16:30:00,7038.18,74.09,TRADE
VIC1,2025-07-08 16:35:00,7051.98,97.57,TRADE
VIC1,2025-07-08 16:40:00,7049.93,48.5,TRADE
VIC1,2025-07-08 16:45:00,7056.36,60.63,TRADE
VIC1,2025-07-08 16:50:00,7104.38,97.31,TRADE
VIC1,2025-07-08 16:55:00,7126.52,68.98,TRADE
VIC1,2025-07-08 17:00:00,7194.42,94.49,TRADE
VIC1,2025-07-08 17:05:00,7302.86,-24.42,TRADE
VIC1,2025-07-08 17:10:00,7340.07,-16.5,TRADE
VIC1,2025-07-08 17:15:00,7414.04,-9.96,TRADE
VIC1,2025-07-08 17:20:00,7487.86,0.0,TRADE
VIC1,2025-07-08 17:25:00,7472.7,-0.01,TRADE
VIC1,2025-07-08 17:30:00,7602.42,0.01,TRADE
VIC1,2025-07-08 17:35:00,7518.73,8.95,TRADE
VIC1,2025-07-08 17:40:00,7632.75,32.33,TRADE
VIC1,2025-07-08 17:45:00,7688.23,32.49,TRADE
VIC1,2025-07-08 17:50:00,7784.3,32.33,TRADE
VIC1,2025-07-08 17:55:00,7833.22,35.68,TRADE
VIC1,2025-07-08 18:00:00,7831.94,35.34,TRADE
VIC1,2025-07-08 18:05:00,7809.96,22.25,TRADE
VIC1,2025-07-08 18:10:00,7792.37,22.7,TRADE
VIC1,2025-07-08 18:15:00,7801.38,23.66,TRADE
VIC1,2025-07-08 18:20:00,7735.31,8.95,TRADE
VIC1,2025-07-08 18:25:00,7710.5,20.0,TRADE
VIC1,2025-07-08 18:30:00,7772.71,30.71,TRADE
VIC1,2025-07-08 18:35:00,7772.56,0.0,TRADE
VIC1,2025-07-08 18:40:00,7691.38,0.01,TRADE
VIC1,2025-07-08 18:45:00,7693.19,8.95,TRADE
VIC1,2025-07-08 18:50:00,7676.0,0.46,TRADE
VIC1,2025-07-08 18:55:00,7658.29,20.77,TRADE
VIC1,2025-07-08 19:00:00,7532.58,0.0,TRADE
VIC1,2025-07-08 19:05:00,7517.7,8.95,TRADE
VIC1,2025-07-08 19:10:00,7586.15,20.74,TRADE
VIC1,2025-07-08 19:15:00,7588.52,35.14,TRADE
VIC1,2025-07-08 19:20:00,7534.38,106.54,TRADE
VIC1,2025-07-08 19:25:00,7512.16,137.49,TRADE
VIC1,2025-07-08 19:30:00,7507.19,106.54,TRADE
VIC1,2025-07-08 19:35:00,7470.02,128.22,TRADE
VIC1,2025-07-08 19:40:00,7293.5,103.8,TRADE
VIC1,2025-07-08 19:45:00,7395.09,106.54,TRADE
VIC1,2025-07-08 19:50:00,7355.21,113.93,TRADE
VIC1,2025-07-08 19:55:00,7345.12,112.38,TRADE
VIC1,2025-07-08 20:00:00,7297.91,106.54,TRADE
VIC1,2025-07-08 20:05:00,7271.3,104.81,TRADE
VIC1,2025-07-08 20:10:00,7233.84,78.88,TRADE
VIC1,2025-07-08 20:15:00,7214.72,106.54,TRADE
VIC1,2025-07-08 20:20:00,7085.03,100.9,TRADE
VIC1,2025-07-08 20:25:00,7122.75,84.81,TRADE
VIC1,2025-07-08 20:30:00,7099.91,96.49,TRADE
VIC1,2025-07-08 20:35:00,7044.44,80.64,TRADE
VIC1,2025-07-08 20:40:00,7034.6,102.41,TRADE
VIC1,2025-07-08 20:45:00,7010.58,101.61,TRADE
VIC1,2025-07-08 20:50:00,6969.28,103.11,TRADE
VIC1,2025-07-08 20:55:00,6915.01,102.34,TRADE
VIC1,2025-07-08 21:00:00,6768.67,39.91,TRADE
VIC1,2025-07-08 21:05:00,6753.89,80.79,TRADE
VIC1,2025-07-08 21:10:00,6706.63,73.02,TRADE
VIC1,2025-07-08 21:15:00,6709.88,49.83,TRADE
VIC1,2025-07-08 21:20:00,6716.45,83.57,TRADE
VIC1,2025-07-08 21:25:00,6624.59,80.81,TRADE
VIC1,2025-07-08 21:30:00,6676.42,101.53,TRADE
VIC1,2025-07-08 21:35:00,6648.77,103.15,TRADE
VIC1,2025-07-08 21:40:00,6597.83,105.42,TRADE
VIC1,2025-07-08 21:45:00,6405.56,20.0,TRADE
VIC1,2025-07-08 21:50:00,6402.09,50.18,TRADE
VIC1,2025-07-08 21:55:00,6351.81,62.44,TRADE
VIC1,2025-07-08 22:00:00,6298.48,17.08,TRADE
VIC1,2025-07-08 22:05:00,6267.02,65.4,TRADE
VIC1,2025-07-08 22:10:00,6207.88,20.0,TRADE
VIC1,2025-07-08 22:15:00,6216.26,20.0,TRADE
VIC1,2025-07-08 22:20:00,6130.77,8.95,TRADE
VIC1,2025-07-08 22:25:00,6002.73,8.95,TRADE
VIC1,2025-07-08 22:30:00,6036.94,11.64,TRADE
VIC1,2025-07-08 22:35:00,5982.86,8.95,TRADE
VIC1,2025-07-08 22:40:00,5829.46,0.01,TRADE
VIC1,2025-07-08 22:45:00,5872.64,0.01,TRADE
VIC1,2025-07-08 22:50:00,5771.0,8.95,TRADE
VIC1,2025-07-08 22:55:00,5748.7,8.95,TRADE
VIC1,2025-07-08 23:00:00,5721.0,8.95,TRADE
VIC1,2025-07-08 23:05:00,5655.0,8.95,TRADE
VIC1,2025-07-08 23:10:00,5739.46,8.95,TRADE
VIC1,2025-07-08 23:15:00,5834.97,0.01,TRADE
VIC1,2025-07-08 23:20:00,5789.22,15.2,TRADE
VIC1,2025-07-08 23:25:00,5753.37,8.95,TRADE
VIC1,2025-07-08 23:30:00,5787.37,20.0,TRADE
VIC1,2025-07-08 23:35:00,5746.33,17.2,TRADE
VIC1,2025-07-08 23:40:00,5757.82,15.62,TRADE
VIC1,2025-07-08 23:45:00,5573.05,8.95,TRADE
VIC1,2025-07-08 23:50:00,5622.28,17.24,TRADE
VIC1,2025-07-08 23:55:00,5564.22,8.95,TRADE
VIC1,2025-07-09 00:00:00,5498.26,8.95,TRADE
VIC1,2025-07-09 00:05:00,5535.15,17.61,TRADE
VIC1,2025-07-09 00:10:00,5462.28,16.45,TRADE
VIC1,2025-07-09 00:15:00,5438.28,17.63,TRADE
VIC1,2025-07-09 00:20:00,5426.5,14.74,TRADE
VIC1,2025-07-09 00:25:00,5304.74,8.95,TRADE
VIC1,2025-07-09 00:30:00,5284.38,8.95,TRADE
VIC1,2025-07-09 00:35:00,5322.51,16.7,TRADE
VIC1,2025-07-09 00:40:00,5312.15,8.95,TRADE
VIC1,2025-07-09 00:45:00,5285.69,22.56,TRADE
VIC1,2025-07-09 00:50:00,5269.85,20.0,TRADE
VIC1,2025-07-09 00:55:00,5240.86,20.46,TRADE
VIC1,2025-07-09 01:00:00,5251.32,24.22,TRADE
VIC1,2025-07-09 01:05:00,5126.59,20.0,TRADE
VIC1,2025-07-09 01:10:00,5066.69,8.95,TRADE
VIC1,2025-07-09 01:15:00,5046.74,19.18,TRADE
VIC1,2025-07-09 01:20:00,5014.61,8.95,TRADE
VIC1,2025-07-09 01:25:00,4999.24,8.95,TRADE
VIC1,2025-07-09 01:30:00,4982.19,8.95,TRADE
VIC1,2025-07-09 01:35:00,4991.24,8.95,TRADE
VIC1,2025-07-09 01:40:00,4970.48,8.43,TRADE
VIC1,2025-07-09 01:45:00,4949.05,8.95,TRADE
VIC1,2025-07-09 01:50:00,4970.4,8.95,TRADE
VIC1,2025-07-09 01:55:00,4947.97,8.95,TRADE
VIC1,2025-07-09 02:00:00,4898.71,8.95,TRADE
VIC1,2025-07-09 02:05:00,4823.61,8.15,TRADE
VIC1,2025-07-09 02:10:00,4826.14,8.95,TRADE
VIC1,2025-07-09 02:15:00,4880.35,8.95,TRADE
VIC1,2025-07-09 02:20:00,4882.63,8.95,TRADE
VIC1,2025-07-09 02:25:00,4769.27,8.95,TRADE
VIC1,2025-07-09 02:30:00,4819.49,8.95,TRADE
VIC1,2025-07-09 02:35:00,4818.77,8.95,TRADE
VIC1,2025-07-09 02:40:00,4835.05,8.95,TRADE
VIC1,2025-07-09 02:45:00,4735.67,0.01,TRADE
VIC1,2025-07-09 02:50:00,4752.25,8.95,TRADE
VIC1,2025-07-09 02:55:00,4701.26,0.01,TRADE
VIC1,2025-07-09 03:00:00,4770.59,20.0,TRADE
VIC1,2025-07-09 03:05:00,4750.83,2.95,TRADE
VIC1,2025-07-09 03:10:00,4658.87,0.01,TRADE
VIC1,2025-07-09 03:15:00,4705.78,8.95,TRADE
VIC1,2025-07-09 03:20:00,4687.15,8.95,TRADE
VIC1,2025-07-09 03:25:00,4579.33,7.95,TRADE
VIC1,2025-07-09 03:30:00,4586.96,8.95,TRADE
VIC1,2025-07-09 03:35:00,4583.68,1.15,TRADE
VIC1,2025-07-09 03:40:00,4576.68,8.95,TRADE
VIC1,2025-07-09 03:45:00,4586.56,8.95,TRADE
VIC1,2025-07-09 03:50:00,4600.74,0.01,TRADE
VIC1,2025-07-09 03:55:00,4597.22,8.95,TRADE
VIC1,2025-07-09 04:00:00,4600.09,8.95,TRADE
VIC1,2025-07-09 04:05:00,4598.44,0.01,TRADE
VIC1,2025-07-09 04:10:00,4628.51,0.48,TRADE
VIC1,2025-07-09 04:15:00,4589.12,8.95,TRADE
VIC1,2025-07-09 04:20:00,4612.85,8.95,TRADE
VIC1,2025-07-09 04:25:00,4635.44,8.95,TRADE
VIC1,2025-07-09 04:30:00,4623.75,7.95,TRADE
VIC1,2025-07-09 04:35:00,4653.08,8.95,TRADE
VIC1,2025-07-09 04:40:00,4675.23,8.95,TRADE
VIC1,2025-07-09 04:45:00,4698.52,0.01,TRADE
VIC1,2025-07-09 04:50:00,4713.16,8.95,TRADE
VIC1,2025-07-09 04:55:00,4740.65,0.01,TRADE
VIC1,2025-07-09 05:00:00,4759.12,20.0,TRADE
VIC1,2025-07-09 05:05:00,4784.36,8.95,TRADE
VIC1,2025-07-09 05:10:00,4870.49,8.95,TRADE
VIC1,2025-07-09 05:15:00,4886.7,6.7,TRADE
VIC1,2025-07-09 05:20:00,4961.67,8.95,TRADE
VIC1,2025-07-09 05:25:00,4988.29,8.95,TRADE
VIC1,2025-07-09 05:30:00,5033.87,8.95,TRADE
VIC1,2025-07-09 05:35:00,5110.15,42.01,TRADE
VIC1,2025-07-09 05:40:00,5154.21,20.0,TRADE
VIC1,2025-07-09 05:45:00,5226.01,20.0,TRADE
VIC1,2025-07-09 05:50:00,5299.03,20.0,TRADE
VIC1,2025-07-09 05:55:00,5358.78,20.0,TRADE
VIC1,2025-07-09 06:00:00,5425.45,20.0,TRADE
VIC1,2025-07-09 06:05:00,5492.87,19.18,TRADE
VIC1,2025-07-09 06:10:00,5650.02,19.18,TRADE
VIC1,2025-07-09 06:15:00,5738.58,20.0,TRADE
VIC1,2025-07-09 06:20:00,5852.89,62.16,TRADE
VIC1,2025-07-09 06:25:00,5902.96,74.72,TRADE
VIC1,2025-07-09 06:30:00,5981.07,74.85,TRADE
VIC1,2025-07-09 06:35:00,6091.53,92.46,TRADE
VIC1,2025-07-09 06:40:00,6189.85,95.9,TRADE
VIC1,2025-07-09 06:45:00,6315.27,84.56,TRADE
VIC1,2025-07-09 06:50:00,6357.46,81.66,TRADE
VIC1,2025-07-09 06:55:00,6469.87,151.44,TRADE
VIC1,2025-07-09 07:00:00,6531.09,128.23,TRADE
VIC1,2025-07-09 07:05:00,6648.48,167.79,TRADE
VIC1,2025-07-09 07:10:00,6643.88,209.11,TRADE
VIC1,2025-07-09 07:15:00,6732.14,251.81,TRADE
VIC1,2025-07-09 07:20:00,6850.05,145.21,TRADE
VIC1,2025-07-09 07:25:00,6894.46,184.02,TRADE
VIC1,2025-07-09 07:30:00,6959.88,181.72,TRADE
VIC1,2025-07-09 07:35:00,7014.24,139.23,TRADE
VIC1,2025-07-09 07:40:00,7133.05,139.23,TRADE
VIC1,2025-07-09 07:45:00,7185.75,139.23,TRADE
VIC1,2025-07-09 07:50:00,7222.05,113.83,TRADE
VIC1,2025-07-09 07:55:00,7255.06,98.4,TRADE
VIC1,2025-07-09 08:00:00,7271.3,97.17,TRADE
VIC1,2025-07-09 08:05:00,7225.92,100.41,TRADE
VIC1,2025-07-09 08:10:00,7353.03,99.08,TRADE
VIC1,2025-07-09 08:15:00,7359.9,98.59,TRADE
VIC1,2025-07-09 08:20:00,7366.68,67.65,TRADE
VIC1,2025-07-09 08:25:00,7353.27,68.93,TRADE
VIC1,2025-07-09 08:30:00,7292.91,63.02,TRADE
VIC1,2025-07-09 08:35:00,7245.53,69.03,TRADE
VIC1,2025-07-09 08:40:00,7183.98,64.57,TRADE
VIC1,2025-07-09 08:45:00,7179.86,45.42,TRADE
VIC1,2025-07-09 08:50:00,7146.48,8.95,TRADE
VIC1,2025-07-09 08:55:00,7058.1,8.95,TRADE
VIC1,2025-07-09 09:00:00,6954.81,0.0,TRADE
VIC1,2025-07-09 09:05:00,6876.75,-5.06,TRADE
VIC1,2025-07-09 09:10:00,6837.45,-9.96,TRADE
VIC1,2025-07-09 09:15:00,6730.37,4.2,TRADE
VIC1,2025-07-09 09:20:00,6639.74,2.83,TRADE
VIC1,2025-07-09 09:25:00,6516.09,0.42,TRADE
VIC1,2025-07-09 09:30:00,6358.36,-9.96,TRADE
VIC1,2025-07-09 09:35:00,6308.44,-9.83,TRADE
VIC1,2025-07-09 09:40:00,6270.37,-9.83,TRADE
VIC1,2025-07-09 09:45:00,6124.81,-0.01,TRADE
VIC1,2025-07-09 09:50:00,6022.24,-9.96,TRADE
VIC1,2025-07-09 09:55:00,5939.58,-9.96,TRADE
VIC1,2025-07-09 10:00:00,5858.01,-9.96,TRADE
VIC1,2025-07-09 10:05:00,5807.97,-16.5,TRADE
VIC1,2025-07-09 10:10:00,5799.66,-18.14,TRADE
VIC1,2025-07-09 10:15:00,5667.97,-16.5,TRADE
VIC1,2025-07-09 10:20:00,5601.13,-16.5,TRADE
VIC1,2025-07-09 10:25:00,5561.37,-16.5,TRADE
VIC1,2025-07-09 10:30:00,5458.8,-16.5,TRADE
VIC1,2025-07-09 10:35:00,5353.76,-16.49,TRADE
VIC1,2025-07-09 10:40:00,5285.05,-16.5,TRADE
VIC1,2025-07-09 10:45:00,5190.12,-16.5,TRADE
VIC1,2025-07-09 10:50:00,5143.07,-16.5,TRADE
VIC1,2025-07-09 10:55:00,5085.07,-16.5,TRADE
VIC1,2025-07-09 11:00:00,5052.09,-16.5,TRADE
VIC1,2025-07-09 11:05:00,5027.07,-18.0,TRADE
VIC1,2025-07-09 11:10:00,5088.94,-16.5,TRADE
VIC1,2025-07-09 11:15:00,5038.18,-19.1,TRADE
VIC1,2025-07-09 11:20:00,5026.88,-24.42,TRADE
VIC1,2025-07-09 11:25:00,4999.38,-23.06,TRADE
VIC1,2025-07-09 11:30:00,4912.4,-24.42,TRADE
VIC1,2025-07-09 11:35:00,4881.87,-19.99,TRADE
VIC1,2025-07-09 11:40:00,4840.62,-16.5,TRADE
VIC1,2025-07-09 11:45:00,4763.13,-16.5,TRADE
VIC1,2025-07-09 11:50:00,4766.59,-16.5,TRADE
VIC1,2025-07-09 11:55:00,4799.21,-16.5,TRADE
VIC1,2025-07-09 12:00:00,4761.1,-16.5,TRADE
VIC1,2025-07-09 12:05:00,4764.43,-16.5,TRADE
VIC1,2025-07-09 12:10:00,4807.5,-16.5,TRADE
VIC1,2025-07-09 12:15:00,4789.97,-20.0,TRADE
VIC1,2025-07-09 12:20:00,4810.9,-16.5,TRADE
VIC1,2025-07-09 12:25:00,4778.28,-16.5,TRADE
VIC1,2025-07-09 12:30:00,4790.71,-19.99,TRADE
VIC1,2025-07-09 12:35:00,4795.58,-19.99,TRADE
VIC1,2025-07-09 12:40:00,4839.87,-16.5,TRADE
VIC1,2025-07-09 12:45:00,4864.79,-16.5,TRADE
VIC1,2025-07-09 12:50:00,4891.63,-16.5,TRADE
VIC1,2025-07-09 12:55:00,4897.54,-16.5,TRADE
VIC1,2025-07-09 13:00:00,4906.06,-20.0,TRADE
VIC1,2025-07-09 13:05:00,4957.77,-16.5,TRADE
VIC1,2025-07-09 13:10:00,5024.09,-16.5,TRADE
VIC1,2025-07-09 13:15:00,5101.2,-15.03,TRADE
VIC1,2025-07-09 13:20:00,5146.24,-9.96,TRADE
VIC1,2025-07-09 13:25:00,5215.98,-3.49,TRADE
VIC1,2025-07-09 13:30:00,5261.65,-13.13,TRADE
VIC1,2025-07-09 13:35:00,5330.99,-9.83,TRADE
VIC1,2025-07-09 13:40:00,5356.1,-20.0,TRADE
VIC1,2025-07-09 13:45:00,5440.0,-19.27,TRADE
VIC1,2025-07-09 13:50:00,5473.5,-19.99,TRADE
VIC1,2025-07-09 13:55:00,5504.91,-18.0,TRADE
VIC1,2025-07-09 14:00:00,5498.28,-19.5,TRADE
VIC1,2025-07-09 14:05:00,5607.62,-16.5,TRADE
VIC1,2025-07-09 14:10:00,5607.67,-16.5,TRADE
VIC1,2025-07-09 14:15:00,5610.01,-0.01,TRADE
VIC1,2025-07-09 14:20:00,5700.68,12.32,TRADE
VIC1,2025-07-09 14:25:00,5753.6,33.43,TRADE
VIC1,2025-07-09 14:30:00,5813.7,8.95,TRADE
VIC1,2025-07-09 14:35:00,5879.01,-4.56,TRADE
VIC1,2025-07-09 14:40:00,5906.47,8.95,TRADE
VIC1,2025-07-09 14:45:00,5910.3,-3.79,TRADE
VIC1,2025-07-09 14:50:00,5930.21,5.87,TRADE
VIC1,2025-07-09 14:55:00,5978.71,8.95,TRADE
VIC1,2025-07-09 15:00:00,5983.32,20.0,TRADE
VIC1,2025-07-09 15:05:00,6065.62,34.74,TRADE
VIC1,2025-07-09 15:10:00,6131.47,41.17,TRADE
VIC1,2025-07-09 15:15:00,6082.97,40.39,TRADE
VIC1,2025-07-09 15:20:00,6156.83,14.02,TRADE
VIC1,2025-07-09 15:25:00,6199.03,20.0,TRADE
VIC1,2025-07-09 15:30:00,6193.31,20.0,TRADE
VIC1,2025-07-09 15:35:00,6277.38,20.0,TRADE
VIC1,2025-07-09 15:40:00,6348.3,39.11,TRADE
VIC1,2025-07-09 15:45:00,6406.58,40.14,TRADE
VIC1,2025-07-09 15:50:00,6479.69,67.56,TRADE
VIC1,2025-07-09 15:55:00,6566.76,54.33,TRADE
VIC1,2025-07-09 16:00:00,6597.04,36.76,TRADE
VIC1,2025-07-09 16:05:00,6609.79,20.04,TRADE
VIC1,2025-07-09 16:10:00,6635.97,20.76,TRADE
VIC1,2025-07-09 16:15:00,6693.39,19.18,TRADE
VIC1,2025-07-09 16:20:00,6803.1,27.5,TRADE
VIC1,2025-07-09 16:25:00,6843.77,18.61,TRADE
VIC1,2025-07-09 16:30:00,6892.34,6.01,TRADE
VIC1,2025-07-09 16:35:00,6961.83,12.75,TRADE
VIC1,2025-07-09 16:40:00,7015.05,18.2,TRADE
VIC1,2025-07-09 16:45:00,7091.6,33.26,TRADE
VIC1,2025-07-09 16:50:00,7161.01,142.6,TRADE
VIC1,2025-07-09 16:55:00,7205.17,182.04,TRADE
VIC1,2025-07-09 17:00:00,7301.02,200.68,TRADE
VIC1,2025-07-09 17:05:00,7386.77,132.3,TRADE
VIC1,2025-07-09 17:10:00,7443.84,133.15,TRADE
VIC1,2025-07-09 17:15:00,7573.71,144.4,TRADE
VIC1,2025-07-09 17:20:00,7572.14,292.05,TRADE
VIC1,2025-07-09 17:25:00,7716.6,308.25,TRADE
VIC1,2025-07-09 17:30:00,7798.85,363.79,TRADE
VIC1,2025-07-09 17:35:00,7820.24,315.5,TRADE
VIC1,2025-07-09 17:40:00,7512.19,204.3,TRADE
VIC1,2025-07-09 17:45:00,7614.39,327.13,TRADE
VIC1,2025-07-09 17:50:00,7605.06,150.64,TRADE
VIC1,2025-07-09 17:55:00,7715.08,219.05,TRADE
VIC1,2025-07-09 18:00:00,7676.11,131.58,TRADE
VIC1,2025-07-09 18:05:00,7661.79,121.55,TRADE
VIC1,2025-07-09 18:10:00,7657.74,135.47,TRADE
VIC1,2025-07-09 18:15:00,7660.13,106.54,TRADE
VIC1,2025-07-09 18:20:00,7587.67,131.58,TRADE
VIC1,2025-07-09 18:25:00,7620.83,131.58,TRADE
VIC1,2025-07-09 18:30:00,7595.01,106.54,TRADE
VIC1,2025-07-09 18:35:00,7672.34,318.36,TRADE
VIC1,2025-07-09 18:40:00,7748.86,304.69,TRADE
VIC1,2025-07-09 18:45:00,7790.09,211.56,TRADE
VIC1,2025-07-09 18:50:00,7751.2,275.97,TRADE
VIC1,2025-07-09 18:55:00,7712.54,284.97,TRADE
VIC1,2025-07-09 19:00:00,7676.72,301.29,TRADE
VIC1,2025-07-09 19:05:00,7671.05,282.75,TRADE
VIC1,2025-07-09 19:10:00,7626.02,295.51,TRADE
VIC1,2025-07-09 19:15:00,7614.12,263.02,TRADE
VIC1,2025-07-09 19:20:00,7617.67,143.97,TRADE
VIC1,2025-07-09 19:25:00,7603.24,100.84,TRADE
VIC1,2025-07-09 19:30:00,7540.24,99.77,TRADE
VIC1,2025-07-09 19:35:00,7555.23,121.55,TRADE
VIC1,2025-07-09 19:40:00,7554.25,88.53,TRADE
VIC1,2025-07-09 19:45:00,7524.53,121.55,TRADE
VIC1,2025-07-09 19:50:00,7522.25,105.01,TRADE
VIC1,2025-07-09 19:55:00,7519.89,103.35,TRADE
VIC1,2025-07-09 20:00:00,7447.09,99.15,TRADE
VIC1,2025-07-09 20:05:00,7412.76,121.55,TRADE
VIC1,2025-07-09 20:10:00,7364.31,121.55,TRADE
VIC1,2025-07-09 20:15:00,7318.26,31.81,TRADE
VIC1,2025-07-09 20:20:00,7292.08,-39.51,TRADE
VIC1,2025-07-09 20:25:00,7283.66,-16.5,TRADE
VIC1,2025-07-09 20:30:00,7227.97,-9.83,TRADE
VIC1,2025-07-09 20:35:00,7196.73,110.65,TRADE
VIC1,2025-07-09 20:40:00,7156.05,110.65,TRADE
VIC1,2025-07-09 20:45:00,7083.05,98.99,TRADE
VIC1,2025-07-09 20:50:00,7073.84,100.41,TRADE
VIC1,2025-07-09 20:55:00,7074.31,100.67,TRADE
VIC1,2025-07-09 21:00:00,7051.88,95.32,TRADE
VIC1,2025-07-09 21:05:00,7002.37,100.94,TRADE
VIC1,2025-07-09 21:10:00,6954.79,99.75,TRADE
VIC1,2025-07-09 21:15:00,6872.72,88.5,TRADE
VIC1,2025-07-09 21:20:00,6837.45,85.8,TRADE
VIC1,2025-07-09 21:25:00,6799.1,72.14,TRADE
VIC1,2025-07-09 21:30:00,6767.68,85.19,TRADE
VIC1,2025-07-09 21:35:00,6730.3,72.99,TRADE
VIC1,2025-07-09 21:40:00,6646.32,73.8,TRADE
VIC1,2025-07-09 21:45:00,6609.75,73.62,TRADE
VIC1,2025-07-09 21:50:00,6502.76,65.49,TRADE
VIC1,2025-07-09 21:55:00,6432.69,68.3,TRADE
VIC1,2025-07-09 22:00:00,6401.38,69.87,TRADE
VIC1,2025-07-09 22:05:00,6322.13,85.26,TRADE
VIC1,2025-07-09 22:10:00,6259.45,84.43,TRADE
VIC1,2025-07-09 22:15:00,6226.68,102.3,TRADE
VIC1,2025-07-09 22:20:00,6166.85,99.63,TRADE
VIC1,2025-07-09 22:25:00,6108.79,94.54,TRADE
VIC1,2025-07-09 22:30:00,6077.85,99.41,TRADE
VIC1,2025-07-09 22:35:00,6000.14,83.4,TRADE
VIC1,2025-07-09 22:40:00,5934.48,83.2,TRADE
VIC1,2025-07-09 22:45:00,5922.38,85.63,TRADE
VIC1,2025-07-09 22:50:00,5877.76,81.21,TRADE
VIC1,2025-07-09 22:55:00,5798.5,72.8,TRADE
VIC1,2025-07-09 23:00:00,5784.1,72.26,TRADE
VIC1,2025-07-09 23:05:00,5792.05,83.11,TRADE
VIC1,2025-07-09 23:10:00,5905.45,97.46,TRADE
VIC1,2025-07-09 23:15:00,5946.46,100.62,TRADE
VIC1,2025-07-09 23:20:00,5847.37,95.0,TRADE
VIC1,2025-07-09 23:25:00,5891.52,99.38,TRADE
VIC1,2025-07-09 23:30:00,5836.75,78.85,TRADE
VIC1,2025-07-09 23:35:00,5832.35,90.56,TRADE
VIC1,2025-07-09 23:40:00,5795.73,93.3,TRADE
VIC1,2025-07-09 23:45:00,5786.67,93.94,TRADE
VIC1,2025-07-09 23:50:00,5714.25,98.31,TRADE
VIC1,2025-07-09 23:55:00,5656.64,87.12,TRADE
VIC1,2025-07-10 00:00:00,5599.9,88.76,TRADE
VIC1,2025-07-10 00:05:00,5572.79,88.77,TRADE
VIC1,2025-07-10 00:10:00,5533.03,94.99,TRADE
VIC1,2025-07-10 00:15:00,5523.37,93.47,TRADE
VIC1,2025-07-10 00:20:00,5488.39,99.51,TRADE
VIC1,2025-07-10 00:25:00,5428.99,92.02,TRADE
VIC1,2025-07-10 00:30:00,5450.96,80.07,TRADE
VIC1,2025-07-10 00:35:00,5423.12,81.96,TRADE
VIC1,2025-07-10 00:40:00,5364.26,81.49,TRADE
VIC1,2025-07-10 00:45:00,5369.08,75.29,TRADE
VIC1,2025-07-10 00:50:00,5311.37,74.64,TRADE
VIC1,2025-07-10 00:55:00,5277.32,82.32,TRADE
VIC1,2025-07-10 01:00:00,5226.85,81.59,TRADE
VIC1,2025-07-10 01:05:00,5207.06,94.63,TRADE
VIC1,2025-07-10 01:10:00,5192.99,98.93,TRADE
VIC1,2025-07-10 01:15:00,5137.8,97.58,TRADE
VIC1,2025-07-10 01:20:00,5107.88,84.14,TRADE
VIC1,2025-07-10 01:25:00,5076.97,73.04,TRADE
VIC1,2025-07-10 01:30:00,5065.51,72.75,TRADE
VIC1,2025-07-10 01:35:00,5029.65,72.48,TRADE
VIC1,2025-07-10 01:40:00,5010.83,72.71,TRADE
VIC1,2025-07-10 01:45:00,4959.28,72.0,TRADE
VIC1,2025-07-10 01:50:00,4953.82,72.72,TRADE
VIC1,2025-07-10 01:55:00,4936.85,73.86,TRADE
VIC1,2025-07-10 02:00:00,4898.03,72.65,TRADE
VIC1,2025-07-10 02:05:00,4856.19,80.27,TRADE
VIC1,2025-07-10 02:10:00,4814.66,81.3,TRADE
VIC1,2025-07-10 02:15:00,4797.64,73.14,TRADE
VIC1,2025-07-10 02:20:00,4771.0,71.94,TRADE
VIC1,2025-07-10 02:25:00,4777.49,69.65,TRADE
VIC1,2025-07-10 02:30:00,4719.97,68.99,TRADE
VIC1,2025-07-10 02:35:00,4665.91,70.98,TRADE
VIC1,2025-07-10 02:40:00,4645.32,71.47,TRADE
VIC1,2025-07-10 02:45:00,4644.23,70.73,TRADE
VIC1,2025-07-10 02:50:00,4624.12,70.81,TRADE
VIC1,2025-07-10 02:55:00,4620.87,70.71,TRADE
VIC1,2025-07-10 03:00:00,4609.96,70.19,TRADE
VIC1,2025-07-10 03:05:00,4584.69,69.17,TRADE
VIC1,2025-07-10 03:10:00,4578.18,66.11,TRADE
VIC1,2025-07-10 03:15:00,4535.71,50.12,TRADE
VIC1,2025-07-10 03:20:00,4488.68,49.39,TRADE
VIC1,2025-07-10 03:25:00,4510.19,49.31,TRADE
VIC1,2025-07-10 03:30:00,4492.65,54.65,TRADE
VIC1,2025-07-10 03:35:00,4499.57,49.29,TRADE
VIC1,2025-07-10 03:40:00,4487.08,64.16,TRADE
VIC1,2025-07-10 03:45:00,4514.69,66.83,TRADE
VIC1,2025-07-10 03:50:00,4474.13,64.23,TRADE
VIC1,2025-07-10 03:55:00,4473.79,60.64,TRADE
VIC1,2025-07-10 04:00:00,4465.25,48.25,TRADE
VIC1,2025-07-10 04:05:00,4474.87,61.27,TRADE
VIC1,2025-07-10 04:10:00,4479.67,64.29,TRADE
VIC1,2025-07-10 04:15:00,4509.49,62.11,TRADE
VIC1,2025-07-10 04:20:00,4542.93,59.88,TRADE
VIC1,2025-07-10 04:25:00,4553.63,65.17,TRADE
VIC1,2025-07-10 04:30:00,4549.05,63.99,TRADE
VIC1,2025-07-10 04:35:00,4555.14,19.18,TRADE
VIC1,2025-07-10 04:40:00,4609.67,19.77,TRADE
VIC1,2025-07-10 04:45:00,4577.49,19.18,TRADE
VIC1,2025-07-10 04:50:00,4573.3,19.18,TRADE
VIC1,2025-07-10 04:55:00,4570.85,19.18,TRADE
VIC1,2025-07-10 05:00:00,4581.49,19.18,TRADE
VIC1,2025-07-10 05:05:00,4628.8,20.0,TRADE
VIC1,2025-07-10 05:10:00,4735.74,19.28,TRADE
VIC1,2025-07-10 05:15:00,4765.4,20.0,TRADE
VIC1,2025-07-10 05:20:00,4873.7,19.18,TRADE
VIC1,2025-07-10 05:25:00,4885.14,20.0,TRADE
VIC1,2025-07-10 05:30:00,4952.2,19.18,TRADE
VIC1,2025-07-10 05:35:00,4952.5,8.95,TRADE
VIC1,2025-07-10 05:40:00,5010.29,20.53,TRADE
VIC1,2025-07-10 05:45:00,5046.89,26.26,TRADE
VIC1,2025-07-10 05:50:00,5136.09,28.17,TRADE
VIC1,2025-07-10 05:55:00,5170.77,19.18,TRADE
VIC1,2025-07-10 06:00:00,5243.41,19.18,TRADE
VIC1,2025-07-10 06:05:00,5262.61,33.65,TRADE
VIC1,2025-07-10 06:10:00,5439.36,33.68,TRADE
VIC1,2025-07-10 06:15:00,5529.35,35.94,TRADE
VIC1,2025-07-10 06:20:00,5581.58,35.94,TRADE
VIC1,2025-07-10 06:25:00,5675.1,68.03,TRADE
VIC1,2025-07-10 06:30:00,5711.6,44.39,TRADE
VIC1,2025-07-10 06:35:00,5808.08,65.64,TRADE
VIC1,2025-07-10 06:40:00,5934.93,66.54,TRADE
VIC1,2025-07-10 06:45:00,6009.62,57.48,TRADE
VIC1,2025-07-10 06:50:00,6088.66,20.0,TRADE
VIC1,2025-07-10 06:55:00,6224.0,44.95,TRADE
VIC1,2025-07-10 07:00:00,6290.5,19.18,TRADE
VIC1,2025-07-10 07:05:00,6358.99,20.0,TRADE
VIC1,2025-07-10 07:10:00,6321.25,23.23,TRADE
VIC1,2025-07-10 07:15:00,6483.81,98.96,TRADE
VIC1,2025-07-10 07:20:00,6603.79,104.59,TRADE
VIC1,2025-07-10 07:25:00,6661.04,107.6,TRADE
VIC1,2025-07-10 07:30:00,6668.35,95.34,TRADE
VIC1,2025-07-10 07:35:00,6764.91,102.32,TRADE
VIC1,2025-07-10 07:40:00,6924.25,105.42,TRADE
VIC1,2025-07-10 07:45:00,6940.83,104.78,TRADE
VIC1,2025-07-10 07:50:00,6944.15,99.21,TRADE
VIC1,2025-07-10 07:55:00,6961.26,72.48,TRADE
VIC1,2025-07-10 08:00:00,7023.18,70.06,TRADE
VIC1,2025-07-10 08:05:00,7053.9,42.19,TRADE
VIC1,2025-07-10 08:10:00,7135.71,55.24,TRADE
VIC1,2025-07-10 08:15:00,7166.36,67.41,TRADE
VIC1,2025-07-10 08:20:00,7206.48,56.98,TRADE
VIC1,2025-07-10 08:25:00,7232.74,69.45,TRADE
VIC1,2025-07-10 08:30:00,7275.71,68.33,TRADE
VIC1,2025-07-10 08:35:00,7257.15,47.97,TRADE
VIC1,2025-07-10 08:40:00,7241.63,33.94,TRADE
VIC1,2025-07-10 08:45:00,7223.46,46.05,TRADE
VIC1,2025-07-10 08:50:00,7226.84,43.92,TRADE
VIC1,2025-07-10 08:55:00,7169.44,35.32,TRADE
VIC1,2025-07-10 09:00:00,7234.08,34.57,TRADE
VIC1,2025-07-10 09:05:00,7230.76,35.04,TRADE
VIC1,2025-07-10 09:10:00,7241.41,61.75,TRADE
VIC1,2025-07-10 09:15:00,7180.86,5.81,TRADE
VIC1,2025-07-10 09:20:00,7112.05,-0.01,TRADE
VIC1,2025-07-10 09:25:00,7071.65,0.01,TRADE
VIC1,2025-07-10 09:30:00,7052.07,43.12,TRADE
VIC1,2025-07-10 09:35:00,6966.32,23.61,TRADE
VIC1,2025-07-10 09:40:00,6952.07,8.95,TRADE
VIC1,2025-07-10 09:45:00,6887.61,8.95,TRADE
VIC1,2025-07-10 09:50:00,6803.93,19.54,TRADE
VIC1,2025-07-10 09:55:00,6700.61,20.58,TRADE
VIC1,2025-07-10 10:00:00,6663.85,-0.01,TRADE
VIC1,2025-07-10 10:05:00,6652.64,2.43,TRADE
VIC1,2025-07-10 10:10:00,6622.2,41.43,TRADE
VIC1,2025-07-10 10:15:00,6522.88,20.04,TRADE
VIC1,2025-07-10 10:20:00,6490.31,20.04,TRADE
VIC1,2025-07-10 10:25:00,6440.06,4.93,TRADE
VIC1,2025-07-10 10:30:00,6415.3,19.18,TRADE
VIC1,2025-07-10 10:35:00,6433.25,-9.83,TRADE
VIC1,2025-07-10 10:40:00,6408.22,-16.5,TRADE
VIC1,2025-07-10 10:45:00,6469.37,-9.96,TRADE
VIC1,2025-07-10 10:50:00,6409.1,-15.03,TRADE
VIC1,2025-07-10 10:55:00,6423.04,-15.03,TRADE
VIC1,2025-07-10 11:00:00,6409.95,-0.01,TRADE
VIC1,2025-07-10 11:05:00,6321.55,7.63,TRADE
VIC1,2025-07-10 11:10:00,6246.31,8.95,TRADE
VIC1,2025-07-10 11:15:00,6259.99,-0.01,TRADE
VIC1,2025-07-10 11:20:00,6192.43,-9.83,TRADE
VIC1,2025-07-10 11:25:00,6196.56,-5.06,TRADE
VIC1,2025-07-10 11:30:00,6088.23,8.95,TRADE
VIC1,2025-07-10 11:35:00,5970.21,8.95,TRADE
VIC1,2025-07-10 11:40:00,5928.35,-9.83,TRADE
VIC1,2025-07-10 11:45:00,5896.14,-16.5,TRADE
VIC1,2025-07-10 11:50:00,5902.44,-16.5,TRADE
VIC1,2025-07-10 11:55:00,5832.03,-16.5,TRADE
VIC1,2025-07-10 12:00:00,5781.81,-16.5,TRADE
VIC1,2025-07-10 12:05:00,5666.54,-11.53,TRADE
VIC1,2025-07-10 12:10:00,5667.87,-9.96,TRADE
VIC1,2025-07-10 12:15:00,5573.72,-5.06,TRADE
VIC1,2025-07-10 12:20:00,5502.39,-15.19,TRADE
VIC1,2025-07-10 12:25:00,5589.37,-9.96,TRADE
VIC1,2025-07-10 12:30:00,5606.96,0.0,TRADE
VIC1,2025-07-10 12:35:00,5676.91,4.62,TRADE
VIC1,2025-07-10 12:40:00,5733.55,8.52,TRADE
VIC1,2025-07-10 12:45:00,5696.97,0.0,TRADE
VIC1,2025-07-10 12:50:00,5737.1,-16.5,TRADE
VIC1,2025-07-10 12:55:00,5775.12,-9.96,TRADE
VIC1,2025-07-10 13:00:00,5803.82,-12.96,TRADE
VIC1,2025-07-10 13:05:00,5808.28,11.68,TRADE
VIC1,2025-07-10 13:10:00,5583.77,8.37,TRADE
VIC1,2025-07-10 13:15:00,5598.22,8.95,TRADE
VIC1,2025-07-10 13:20:00,5567.38,-9.96,TRADE
VIC1,2025-07-10 13:25:00,5537.35,-9.96,TRADE
VIC1,2025-07-10 13:30:00,5598.82,6.42,TRADE
VIC1,2025-07-10 13:35:00,5566.37,0.0,TRADE
VIC1,2025-07-10 13:40:00,5646.48,-9.96,TRADE
VIC1,2025-07-10 13:45:00,5724.09,10.9,TRADE
VIC1,2025-07-10 13:50:00,5834.64,16.55,TRADE
VIC1,2025-07-10 13:55:00,6040.07,8.95,TRADE
VIC1,2025-07-10 14:00:00,6158.67,20.04,TRADE
VIC1,2025-07-10 14:05:00,6126.69,10.18,TRADE
VIC1,2025-07-10 14:10:00,6157.62,-16.5,TRADE
VIC1,2025-07-10 14:15:00,6146.5,-16.5,TRADE
VIC1,2025-07-10 14:20:00,6150.6,-16.5,TRADE
VIC1,2025-07-10 14:25:00,6174.9,13.13,TRADE
VIC1,2025-07-10 14:30:00,6096.67,8.95,TRADE
VIC1,2025-07-10 14:35:00,6011.07,-16.5,TRADE
VIC1,2025-07-10 14:40:00,5997.82,-16.5,TRADE
VIC1,2025-07-10 14:45:00,6031.55,0.0,TRADE
VIC1,2025-07-10 14:50:00,5947.35,-16.5,TRADE
VIC1,2025-07-10 14:55:00,6012.51,-16.0,TRADE
VIC1,2025-07-10 15:00:00,6044.84,0.0,TRADE
VIC1,2025-07-10 15:05:00,6073.92,-9.96,TRADE
VIC1,2025-07-10 15:10:00,6108.55,-9.96,TRADE
VIC1,2025-07-10 15:15:00,6212.57,-9.83,TRADE
VIC1,2025-07-10 15:20:00,6308.32,-9.83,TRADE
VIC1,2025-07-10 15:25:00,6350.85,-9.83,TRADE
VIC1,2025-07-10 15:30:00,6394.75,8.95,TRADE
VIC1,2025-07-10 15:35:00,6446.57,20.04,TRADE
VIC1,2025-07-10 15:40:00,6504.93,20.04,TRADE
VIC1,2025-07-10 15:45:00,6524.48,22.87,TRADE
VIC1,2025-07-10 15:50:00,6548.6,8.95,TRADE
VIC1,2025-07-10 15:55:00,6553.97,25.67,TRADE
VIC1,2025-07-10 16:00:00,6594.75,24.99,TRADE
VIC1,2025-07-10 16:05:00,6637.82,-9.83,TRADE
VIC1,2025-07-10 16:10:00,6702.36,-9.96,TRADE
VIC1,2025-07-10 16:15:00,6782.4,8.95,TRADE
VIC1,2025-07-10 16:20:00,6885.07,34.72,TRADE
VIC1,2025-07-10 16:25:00,6973.86,72.3,TRADE
VIC1,2025-07-10 16:30:00,7105.67,85.31,TRADE
VIC1,2025-07-10 16:35:00,7107.53,110.91,TRADE
VIC1,2025-07-10 16:40:00,7192.08,137.78,TRADE
VIC1,2025-07-10 16:45:00,7286.02,140.55,TRADE
VIC1,2025-07-10 16:50:00,7367.4,163.7,TRADE
VIC1,2025-07-10 16:55:00,7394.69,134.25,TRADE
VIC1,2025-07-10 17:00:00,7483.82,119.99,TRADE
VIC1,2025-07-10 17:05:00,7509.38,107.34,TRADE
VIC1,2025-07-10 17:10:00,7556.86,105.88,TRADE
VIC1,2025-07-10 17:15:00,7664.25,105.06,TRADE
VIC1,2025-07-10 17:20:00,7710.85,112.6,TRADE
VIC1,2025-07-10 17:25:00,7809.88,123.26,TRADE
VIC1,2025-07-10 17:30:00,7839.8,120.61,TRADE
VIC1,2025-07-10 17:35:00,7893.25,120.66,TRADE
VIC1,2025-07-10 17:40:00,8004.6,125.42,TRADE
VIC1,2025-07-10 17:45:00,8058.1,121.86,TRADE
VIC1,2025-07-10 17:50:00,8083.01,122.02,TRADE
VIC1,2025-07-10 17:55:00,8051.35,115.47,TRADE
VIC1,2025-07-10 18:00:00,8062.71,119.5,TRADE
VIC1,2025-07-10 18:05:00,8093.62,121.5,TRADE
VIC1,2025-07-10 18:10:00,8056.01,119.5,TRADE
VIC1,2025-07-10 18:15:00,8195.74,116.86,TRADE
VIC1,2025-07-10 18:20:00,8164.11,119.5,TRADE
VIC1,2025-07-10 18:25:00,8188.09,119.5,TRADE
VIC1,2025-07-10 18:30:00,8190.5,119.5,TRADE
VIC1,2025-07-10 18:35:00,8179.79,121.66,TRADE
VIC1,2025-07-10 18:40:00,8060.33,107.92,TRADE
VIC1,2025-07-10 18:45:00,8100.05,114.09,TRADE
VIC1,2025-07-10 18:50:00,8031.43,110.2,TRADE
VIC1,2025-07-10 18:55:00,8035.28,121.03,TRADE
VIC1,2025-07-10 19:00:00,8059.98,111.32,TRADE
VIC1,2025-07-10 19:05:00,7987.36,122.02,TRADE
VIC1,2025-07-10 19:10:00,7953.92,125.83,TRADE
VIC1,2025-07-10 19:15:00,7882.78,113.62,TRADE
VIC1,2025-07-10 19:20:00,7977.85,122.02,TRADE
VIC1,2025-07-10 19:25:00,7897.77,122.02,TRADE
VIC1,2025-07-10 19:30:00,7863.52,111.97,TRADE
VIC1,2025-07-10 19:35:00,7874.2,112.63,TRADE
VIC1,2025-07-10 19:40:00,7856.52,118.23,TRADE
VIC1,2025-07-10 19:45:00,7779.34,108.92,TRADE
VIC1,2025-07-10 19:50:00,7736.35,109.37,TRADE
VIC1,2025-07-10 19:55:00,7696.98,105.42,TRADE
VIC1,2025-07-10 20:00:00,7656.2,99.75,TRADE
VIC1,2025-07-10 20:05:00,7672.82,105.04,TRADE
VIC1,2025-07-10 20:10:00,7597.73,105.42,TRADE
VIC1,2025-07-10 20:15:00,7586.58,102.07,TRADE
VIC1,2025-07-10 20:20:00,7542.58,90.44,TRADE
VIC1,2025-07-10 20:25:00,7548.72,91.4,TRADE
VIC1,2025-07-10 20:30:00,7534.4,89.93,TRADE
VIC1,2025-07-10 20:35:00,7539.68,90.87,TRADE
VIC1,2025-07-10 20:40:00,7447.8,90.07,TRADE
VIC1,2025-07-10 20:45:00,7365.8,90.08,TRADE
VIC1,2025-07-10 20:50:00,7291.57,90.1,TRADE
VIC1,2025-07-10 20:55:00,7297.76,82.78,TRADE
VIC1,2025-07-10 21:00:00,7267.75,81.46,TRADE
VIC1,2025-07-10 21:05:00,7154.16,89.38,TRADE
VIC1,2025-07-10 21:10:00,7129.43,80.85,TRADE
VIC1,2025-07-10 21:15:00,7088.91,76.05,TRADE
VIC1,2025-07-10 21:20:00,7015.1,70.95,TRADE
VIC1,2025-07-10 21:25:00,6975.83,70.92,TRADE
VIC1,2025-07-10 21:30:00,6942.68,69.53,TRADE
VIC1,2025-07-10 21:35:00,6849.91,67.42,TRADE
VIC1,2025-07-10 21:40:00,6792.01,67.87,TRADE
VIC1,2025-07-10 21:45:00,6803.27,48.7,TRADE
VIC1,2025-07-10 21:50:00,6717.9,46.44,TRADE
VIC1,2025-07-10 21:55:00,6566.93,45.16,TRADE
VIC1,2025-07-10 22:00:00,6549.39,35.97,TRADE
VIC1,2025-07-10 22:05:00,6526.32,48.19,TRADE
VIC1,2025-07-10 22:10:00,6470.05,60.41,TRADE
VIC1,2025-07-10 22:15:00,6380.25,60.59,TRADE
VIC1,2025-07-10 22:20:00,6255.14,46.99,TRADE
VIC1,2025-07-10 22:25:00,6188.78,8.95,TRADE
VIC1,2025-07-10 22:30:00,6247.53,8.95,TRADE
VIC1,2025-07-10 22:35:00,6159.69,8.85,TRADE
VIC1,2025-07-10 22:40:00,6024.6,7.95,TRADE
VIC1,2025-07-10 22:45:00,5960.58,0.01,TRADE
VIC1,2025-07-10 22:50:00,5922.01,0.01,TRADE
VIC1,2025-07-10 22:55:00,5860.34,8.95,TRADE
VIC1,2025-07-10 23:00:00,5878.71,8.95,TRADE
VIC1,2025-07-10 23:05:00,5858.41,6.95,TRADE
VIC1,2025-07-10 23:10:00,5845.06,0.01,TRADE
VIC1,2025-07-10 23:15:00,6001.18,20.0,TRADE
VIC1,2025-07-10 23:20:00,5843.97,8.95,TRADE
VIC1,2025-07-10 23:25:00,5804.37,8.95,TRADE
VIC1,2025-07-10 23:30:00,5868.91,20.0,TRADE
VIC1,2025-07-10 23:35:00,5817.25,8.95,TRADE
VIC1,2025-07-10 23:40:00,5702.13,8.95,TRADE
VIC1,2025-07-10 23:45:00,5766.76,8.95,TRADE
VIC1,2025-07-10 23:50:00,5727.76,8.95,TRADE
VIC1,2025-07-10 23:55:00,5688.96,8.95,TRADE
VIC1,2025-07-11 00:00:00,5633.23,8.95,TRADE
VIC1,2025-07-11 00:05:00,5568.55,8.95,TRADE
VIC1,2025-07-11 00:10:00,5548.6,8.95,TRADE
VIC1,2025-07-11 00:15:00,5544.54,8.95,TRADE
VIC1,2025-07-11 00:20:00,5455.27,8.95,TRADE
VIC1,2025-07-11 00:25:00,5445.89,8.95,TRADE
VIC1,2025-07-11 00:30:00,5462.03,8.95,TRADE
VIC1,2025-07-11 00:35:00,5396.43,8.95,TRADE
VIC1,2025-07-11 00:40:00,5395.09,21.76,TRADE
VIC1,2025-07-11 00:45:00,5396.94,8.95,TRADE
VIC1,2025-07-11 00:50:00,5347.11,8.95,TRADE
VIC1,2025-07-11 00:55:00,5276.32,8.95,TRADE
VIC1,2025-07-11 01:00:00,5275.46,8.95,TRADE
VIC1,2025-07-11 01:05:00,5203.89,8.95,TRADE
VIC1,2025-07-11 01:10:00,5180.93,8.95,TRADE
VIC1,2025-07-11 01:15:00,5177.67,8.95,TRADE
VIC1,2025-07-11 01:20:00,5162.95,8.95,TRADE
VIC1,2025-07-11 01:25:00,5164.43,8.95,TRADE
VIC1,2025-07-11 01:30:00,5108.53,0.0,TRADE
VIC1,2025-07-11 01:35:00,5079.32,20.04,TRADE
VIC1,2025-07-11 01:40:00,5076.14,8.95,TRADE
VIC1,2025-07-11 01:45:00,5032.28,5.26,TRADE
VIC1,2025-07-11 01:50:00,4926.75,8.95,TRADE
VIC1,2025-07-11 01:55:00,4928.04,12.42,TRADE
VIC1,2025-07-11 02:00:00,4961.42,8.95,TRADE
VIC1,2025-07-11 02:05:00,4902.84,8.95,TRADE
VIC1,2025-07-11 02:10:00,4883.8,8.95,TRADE
VIC1,2025-07-11 02:15:00,4876.07,8.95,TRADE
VIC1,2025-07-11 02:20:00,4830.46,5.26,TRADE
VIC1,2025-07-11 02:25:00,4809.1,8.15,TRADE
VIC1,2025-07-11 02:30:00,4735.31,8.95,TRADE
VIC1,2025-07-11 02:35:00,4720.98,5.26,TRADE
VIC1,2025-07-11 02:40:00,4743.86,8.95,TRADE
VIC1,2025-07-11 02:45:00,4687.72,12.42,TRADE
VIC1,2025-07-11 02:50:00,4690.87,8.95,TRADE
VIC1,2025-07-11 02:55:00,4733.15,12.42,TRADE
VIC1,2025-07-11 03:00:00,4686.51,8.95,TRADE
VIC1,2025-07-11 03:05:00,4721.57,11.57,TRADE
VIC1,2025-07-11 03:10:00,4707.33,12.42,TRADE
VIC1,2025-07-11 03:15:00,4680.36,8.95,TRADE
VIC1,2025-07-11 03:20:00,4623.81,8.95,TRADE
VIC1,2025-07-11 03:25:00,4588.25,5.26,TRADE
VIC1,2025-07-11 03:30:00,4654.31,8.95,TRADE
VIC1,2025-07-11 03:35:00,4644.15,8.95,TRADE
VIC1,2025-07-11 03:40:00,4625.6,0.0,TRADE
VIC1,2025-07-11 03:45:00,4595.9,8.95,TRADE
VIC1,2025-07-11 03:50:00,4635.77,8.64,TRADE
VIC1,2025-07-11 03:55:00,4647.65,8.95,TRADE
VIC1,2025-07-11 04:00:00,4580.47,0.0,TRADE
VIC1,2025-07-11 04:05:00,4566.6,0.0,TRADE
VIC1,2025-07-11 04:10:00,4632.98,5.26,TRADE
VIC1,2025-07-11 04:15:00,4633.88,7.95,TRADE
VIC1,2025-07-11 04:20:00,4613.57,8.95,TRADE
VIC1,2025-07-11 04:25:00,4350.99,8.95,TRADE
VIC1,2025-07-11 04:30:00,4372.62,5.26,TRADE
VIC1,2025-07-11 04:35:00,4364.67,8.95,TRADE
VIC1,2025-07-11 04:40:00,4309.93,5.26,TRADE
VIC1,2025-07-11 04:45:00,4361.57,20.0,TRADE
VIC1,2025-07-11 04:50:00,4371.93,8.95,TRADE
VIC1,2025-07-11 04:55:00,4377.38,8.95,TRADE
VIC1,2025-07-11 05:00:00,4488.76,8.95,TRADE
VIC1,2025-07-11 05:05:00,4506.48,5.26,TRADE
VIC1,2025-07-11 05:10:00,4712.08,8.95,TRADE
VIC1,2025-07-11 05:15:00,4913.14,32.76,TRADE
VIC1,2025-07-11 05:20:00,4853.91,32.08,TRADE
VIC1,2025-07-11 05:25:00,4901.6,20.0,TRADE
VIC1,2025-07-11 05:30:00,4842.06,8.95,TRADE
VIC1,2025-07-11 05:35:00,4945.55,8.95,TRADE
VIC1,2025-07-11 05:40:00,4951.01,8.95,TRADE
VIC1,2025-07-11 05:45:00,4936.53,8.95,TRADE
VIC1,2025-07-11 05:50:00,5048.39,8.95,TRADE
VIC1,2025-07-11 05:55:00,5130.84,20.0,TRADE
VIC1,2025-07-11 06:00:00,5233.06,20.38,TRADE
VIC1,2025-07-11 06:05:00,5223.06,8.95,TRADE
VIC1,2025-07-11 06:10:00,5440.7,55.78,TRADE
VIC1,2025-07-11 06:15:00,5551.27,55.51,TRADE
VIC1,2025-07-11 06:20:00,5624.6,52.54,TRADE
VIC1,2025-07-11 06:25:00,5759.57,84.49,TRADE
VIC1,2025-07-11 06:30:00,5701.87,20.0,TRADE
VIC1,2025-07-11 06:35:00,5782.75,65.56,TRADE
VIC1,2025-07-11 06:40:00,5936.98,86.05,TRADE
VIC1,2025-07-11 06:45:00,6053.66,88.56,TRADE
VIC1,2025-07-11 06:50:00,6097.97,86.1,TRADE
VIC1,2025-07-11 06:55:00,6182.59,89.07,TRADE
VIC1,2025-07-11 07:00:00,6260.58,90.67,TRADE
VIC1,2025-07-11 07:05:00,6346.18,90.21,TRADE
VIC1,2025-07-11 07:10:00,6317.06,89.88,TRADE
VIC1,2025-07-11 07:15:00,6420.92,90.51,TRADE
VIC1,2025-07-11 07:20:00,6494.36,94.75,TRADE
VIC1,2025-07-11 07:25:00,6565.37,90.0,TRADE
VIC1,2025-07-11 07:30:00,6665.51,93.27,TRADE
VIC1,2025-07-11 07:35:00,6679.05,88.85,TRADE
VIC1,2025-07-11 07:40:00,6770.92,89.44,TRADE
VIC1,2025-07-11 07:45:00,6835.45,84.78,TRADE
VIC1,2025-07-11 07:50:00,6875.28,83.87,TRADE
VIC1,2025-07-11 07:55:00,6908.23,88.41,TRADE
VIC1,2025-07-11 08:00:00,6931.83,89.07,TRADE
VIC1,2025-07-11 08:05:00,6918.5,89.3,TRADE
VIC1,2025-07-11 08:10:00,6963.44,92.09,TRADE
VIC1,2025-07-11 08:15:00,6952.61,89.54,TRADE
VIC1,2025-07-11 08:20:00,6939.12,88.6,TRADE
VIC1,2025-07-11 08:25:00,6961.29,88.86,TRADE
VIC1,2025-07-11 08:30:00,6940.64,83.07,TRADE
VIC1,2025-07-11 08:35:00,6917.87,65.56,TRADE
VIC1,2025-07-11 08:40:00,6952.71,88.23,TRADE
VIC1,2025-07-11 08:45:00,6931.57,75.8,TRADE
VIC1,2025-07-11 08:50:00,6907.01,87.93,TRADE
VIC1,2025-07-11 08:55:00,6933.2,89.54,TRADE
VIC1,2025-07-11 09:00:00,6926.25,89.32,TRADE
VIC1,2025-07-11 09:05:00,6906.68,88.38,TRADE
VIC1,2025-07-11 09:10:00,6880.94,75.8,TRADE
VIC1,2025-07-11 09:15:00,6884.79,60.61,TRADE
VIC1,2025-07-11 09:20:00,6853.42,60.19,TRADE
VIC1,2025-07-11 09:25:00,6849.87,60.34,TRADE
VIC1,2025-07-11 09:30:00,6833.83,42.19,TRADE
VIC1,2025-07-11 09:35:00,6801.4,42.19,TRADE
VIC1,2025-07-11 09:40:00,6753.49,41.45,TRADE
VIC1,2025-07-11 09:45:00,6703.4,42.19,TRADE
VIC1,2025-07-11 09:50:00,6656.98,33.01,TRADE
VIC1,2025-07-11 09:55:00,6575.33,33.1,TRADE
VIC1,2025-07-11 10:00:00,6592.46,33.18,TRADE
VIC1,2025-07-11 10:05:00,6555.5,41.45,TRADE
VIC1,2025-07-11 10:10:00,6480.33,20.0,TRADE
VIC1,2025-07-11 10:15:00,6359.12,32.0,TRADE
VIC1,2025-07-11 10:20:00,6295.3,20.0,TRADE
VIC1,2025-07-11 10:25:00,6213.72,5.26,TRADE
VIC1,2025-07-11 10:30:00,6082.87,0.05,TRADE
VIC1,2025-07-11 10:35:00,5901.22,31.57,TRADE
VIC1,2025-07-11 10:40:00,5805.06,35.94,TRADE
VIC1,2025-07-11 10:45:00,5676.82,-5.06,TRADE
VIC1,2025-07-11 10:50:00,5609.05,0.04,TRADE
VIC1,2025-07-11 10:55:00,5693.34,0.0,TRADE
VIC1,2025-07-11 11:00:00,5717.77,19.18,TRADE
VIC1,2025-07-11 11:05:00,5708.79,19.18,TRADE
VIC1,2025-07-11 11:10:00,5835.72,19.18,TRADE
VIC1,2025-07-11 11:15:00,5935.33,20.0,TRADE
VIC1,2025-07-11 11:20:00,5974.35,20.0,TRADE
VIC1,2025-07-11 11:25:00,6021.45,19.18,TRADE
VIC1,2025-07-11 11:30:00,5951.07,5.26,TRADE
VIC1,2025-07-11 11:35:00,5883.04,19.18,TRADE
VIC1,2025-07-11 11:40:00,5818.45,20.0,TRADE
VIC1,2025-07-11 11:45:00,5832.77,31.57,TRADE
VIC1,2025-07-11 11:50:00,5784.48,27.09,TRADE
VIC1,2025-07-11 11:55:00,5755.21,19.18,TRADE
VIC1,2025-07-11 12:00:00,5659.87,5.26,TRADE
VIC1,2025-07-11 12:05:00,5688.29,19.18,TRADE
VIC1,2025-07-11 12:10:00,5595.81,19.18,TRADE
VIC1,2025-07-11 12:15:00,5454.75,0.05,TRADE
VIC1,2025-07-11 12:20:00,5385.14,0.05,TRADE
VIC1,2025-07-11 12:25:00,5329.79,0.04,TRADE
VIC1,2025-07-11 12:30:00,5334.61,8.95,TRADE
VIC1,2025-07-11 12:35:00,5353.37,8.95,TRADE
VIC1,2025-07-11 12:40:00,5368.58,9.18,TRADE
VIC1,2025-07-11 12:45:00,5337.08,9.27,TRADE
VIC1,2025-07-11 12:50:00,5345.45,13.08,TRADE
VIC1,2025-07-11 12:55:00,5402.59,42.19,TRADE
VIC1,2025-07-11 13:00:00,5379.33,20.0,TRADE
VIC1,2025-07-11 13:05:00,5322.48,20.0,TRADE
VIC1,2025-07-11 13:10:00,5419.69,20.0,TRADE
VIC1,2025-07-11 13:15:00,5445.19,13.09,TRADE
VIC1,2025-07-11 13:20:00,5358.87,14.93,TRADE
VIC1,2025-07-11 13:25:00,5338.92,13.61,TRADE
VIC1,2025-07-11 13:30:00,5311.51,19.18,TRADE
VIC1,2025-07-11 13:35:00,5375.19,19.18,TRADE
VIC1,2025-07-11 13:40:00,5431.73,41.45,TRADE
VIC1,2025-07-11 13:45:00,5516.05,0.04,TRADE
VIC1,2025-07-11 13:50:00,5585.88,0.01,TRADE
VIC1,2025-07-11 13:55:00,5559.96,7.14,TRADE
VIC1,2025-07-11 14:00:00,5578.58,9.67,TRADE
VIC1,2025-07-11 14:05:00,5684.33,16.85,TRADE
VIC1,2025-07-11 14:10:00,5728.62,20.0,TRADE
VIC1,2025-07-11 14:15:00,5742.34,20.0,TRADE
VIC1,2025-07-11 14:20:00,5822.26,19.18,TRADE
VIC1,2025-07-11 14:25:00,5853.66,23.34,TRADE
VIC1,2025-07-11 14:30:00,5858.65,34.73,TRADE
VIC1,2025-07-11 14:35:00,5882.31,67.5,TRADE
VIC1,2025-07-11 14:40:00,5777.24,62.17,TRADE
VIC1,2025-07-11 14:45:00,5910.13,42.19,TRADE
VIC1,2025-07-11 14:50:00,5882.54,50.94,TRADE
VIC1,2025-07-11 14:55:00,5886.97,62.49,TRADE
VIC1,2025-07-11 15:00:00,5943.34,60.58,TRADE
VIC1,2025-07-11 15:05:00,5987.79,41.45,TRADE
VIC1,2025-07-11 15:10:00,5985.05,41.45,TRADE
VIC1,2025-07-11 15:15:00,6005.58,20.0,TRADE
VIC1,2025-07-11 15:20:00,6086.42,62.01,TRADE
VIC1,2025-07-11 15:25:00,6159.59,20.0,TRADE
VIC1,2025-07-11 15:30:00,6196.04,60.04,TRADE
VIC1,2025-07-11 15:35:00,6246.26,61.07,TRADE
VIC1,2025-07-11 15:40:00,6264.23,72.49,TRADE
VIC1,2025-07-11 15:45:00,6290.71,61.85,TRADE
VIC1,2025-07-11 15:50:00,6274.08,89.23,TRADE
VIC1,2025-07-11 15:55:00,6292.91,75.8,TRADE
VIC1,2025-07-11 16:00:00,6342.64,85.28,TRADE
VIC1,2025-07-11 16:05:00,6426.73,60.9,TRADE
VIC1,2025-07-11 16:10:00,6347.37,61.31,TRADE
VIC1,2025-07-11 16:15:00,6389.2,62.0,TRADE
VIC1,2025-07-11 16:20:00,6555.31,88.72,TRADE
VIC1,2025-07-11 16:25:00,6609.76,101.26,TRADE
VIC1,2025-07-11 16:30:00,6592.55,100.0,TRADE
VIC1,2025-07-11 16:35:00,6704.14,91.12,TRADE
VIC1,2025-07-11 16:40:00,6760.76,100.91,TRADE
VIC1,2025-07-11 16:45:00,6754.13,101.93,TRADE
VIC1,2025-07-11 16:50:00,6778.46,135.46,TRADE
VIC1,2025-07-11 16:55:00,6828.98,107.89,TRADE
VIC1,2025-07-11 17:00:00,6899.06,160.14,TRADE
VIC1,2025-07-11 17:05:00,7021.81,143.77,TRADE
VIC1,2025-07-11 17:10:00,7075.45,133.66,TRADE
VIC1,2025-07-11 17:15:00,7045.48,134.17,TRADE
VIC1,2025-07-11 17:20:00,7099.23,140.0,TRADE
VIC1,2025-07-11 17:25:00,7216.29,140.0,TRADE
VIC1,2025-07-11 17:30:00,7242.95,152.97,TRADE
VIC1,2025-07-11 17:35:00,7204.0,136.07,TRADE
VIC1,2025-07-11 17:40:00,7306.69,176.18,TRADE
VIC1,2025-07-11 17:45:00,7356.45,170.25,TRADE
VIC1,2025-07-11 17:50:00,7368.95,145.94,TRADE
VIC1,2025-07-11 17:55:00,7314.04,147.56,TRADE
VIC1,2025-07-11 18:00:00,7369.52,175.64,TRADE
VIC1,2025-07-11 18:05:00,7276.63,139.26,TRADE
VIC1,2025-07-11 18:10:00,7309.12,144.03,TRADE
VIC1,2025-07-11 18:15:00,7335.85,136.51,TRADE
VIC1,2025-07-11 18:20:00,7300.93,140.55,TRADE
VIC1,2025-07-11 18:25:00,7285.5,147.03,TRADE
VIC1,2025-07-11 18:30:00,7301.34,139.21,TRADE
VIC1,2025-07-11 18:35:00,7313.47,140.55,TRADE
VIC1,2025-07-11 18:40:00,7282.47,134.25,TRADE
VIC1,2025-07-11 18:45:00,7279.81,140.55,TRADE
VIC1,2025-07-11 18:50:00,7190.53,136.39,TRADE
VIC1,2025-07-11 18:55:00,7199.01,140.0,TRADE
VIC1,2025-07-11 19:00:00,7179.46,134.25,TRADE
VIC1,2025-07-11 19:05:00,7145.07,134.25,TRADE
VIC1,2025-07-11 19:10:00,7127.41,130.4,TRADE
VIC1,2025-07-11 19:15:00,7067.38,140.55,TRADE
VIC1,2025-07-11 19:20:00,7078.24,152.09,TRADE
VIC1,2025-07-11 19:25:00,7059.24,140.55,TRADE
VIC1,2025-07-11 19:30:00,7047.62,133.11,TRADE
VIC1,2025-07-11 19:35:00,7028.72,137.74,TRADE
VIC1,2025-07-11 19:40:00,6989.97,134.25,TRADE
VIC1,2025-07-11 19:45:00,6982.31,156.05,TRADE
VIC1,2025-07-11 19:50:00,6954.59,155.32,TRADE
VIC1,2025-07-11 19:55:00,6949.11,140.55,TRADE
VIC1,2025-07-11 20:00:00,6901.21,138.88,TRADE
VIC1,2025-07-11 20:05:00,6874.36,125.81,TRADE
VIC1,2025-07-11 20:10:00,6829.63,129.16,TRADE
VIC1,2025-07-11 20:15:00,6849.1,132.35,TRADE
VIC1,2025-07-11 20:20:00,6898.55,160.75,TRADE
VIC1,2025-07-11 20:25:00,6816.73,105.38,TRADE
VIC1,2025-07-11 20:30:00,6842.77,125.49,TRADE
VIC1,2025-07-11 20:35:00,6832.58,125.11,TRADE
VIC1,2025-07-11 20:40:00,6833.77,106.57,TRADE
VIC1,2025-07-11 20:45:00,6782.99,135.13,TRADE
VIC1,2025-07-11 20:50:00,6747.93,165.98,TRADE
VIC1,2025-07-11 20:55:00,6638.01,169.91,TRADE
VIC1,2025-07-11 21:00:00,6623.65,140.37,TRADE
VIC1,2025-07-11 21:05:00,6639.68,132.72,TRADE
VIC1,2025-07-11 21:10:00,6656.49,116.86,TRADE
VIC1,2025-07-11 21:15:00,6562.6,111.89,TRADE
VIC1,2025-07-11 21:20:00,6597.63,111.55,TRADE
VIC1,2025-07-11 21:25:00,6581.74,128.67,TRADE
VIC1,2025-07-11 21:30:00,6559.11,110.29,TRADE
VIC1,2025-07-11 21:35:00,6532.18,106.14,TRADE
VIC1,2025-07-11 21:40:00,6399.9,102.8,TRADE
VIC1,2025-07-11 21:45:00,6448.74,104.52,TRADE
VIC1,2025-07-11 21:50:00,6410.28,100.0,TRADE
VIC1,2025-07-11 21:55:00,6397.23,100.0,TRADE
VIC1,2025-07-11 22:00:00,6330.95,92.19,TRADE
VIC1,2025-07-11 22:05:00,6275.22,100.0,TRADE
VIC1,2025-07-11 22:10:00,6247.94,101.68,TRADE
VIC1,2025-07-11 22:15:00,6244.12,102.53,TRADE
VIC1,2025-07-11 22:20:00,6132.43,100.0,TRADE
VIC1,2025-07-11 22:25:00,6129.68,101.24,TRADE
VIC1,2025-07-11 22:30:00,6129.15,100.0,TRADE
VIC1,2025-07-11 22:35:00,6086.04,101.87,TRADE
VIC1,2025-07-11 22:40:00,6042.38,100.21,TRADE
VIC1,2025-07-11 22:45:00,6056.08,101.8,TRADE
VIC1,2025-07-11 22:50:00,6001.6,101.05,TRADE
VIC1,2025-07-11 22:55:00,5932.77,101.01,TRADE
VIC1,2025-07-11 23:00:00,5835.77,90.52,TRADE
VIC1,2025-07-11 23:05:00,5848.96,100.0,TRADE
VIC1,2025-07-11 23:10:00,6044.04,103.14,TRADE
VIC1,2025-07-11 23:15:00,5972.56,100.0,TRADE
VIC1,2025-07-11 23:20:00,6018.23,103.37,TRADE
VIC1,2025-07-11 23:25:00,5940.41,101.9,TRADE
VIC1,2025-07-11 23:30:00,5979.35,103.25,TRADE
VIC1,2025-07-11 23:35:00,5936.44,104.59,TRADE
VIC1,2025-07-11 23:40:00,5917.68,104.08,TRADE
VIC1,2025-07-11 23:45:00,5867.33,111.96,TRADE
VIC1,2025-07-11 23:50:00,5746.55,130.37,TRADE
VIC1,2025-07-11 23:55:00,5645.92,103.89,TRADE
VIC1,2025-07-14 00:00:00,5150.09,8.95,TRADE
VIC1,2025-07-14 00:05:00,5189.18,8.95,TRADE
VIC1,2025-07-14 00:10:00,5072.65,8.95,TRADE
VIC1,2025-07-14 00:15:00,5049.14,8.95,TRADE
VIC1,2025-07-14 00:20:00,5102.57,19.18,TRADE
VIC1,2025-07-14 00:25:00,5087.53,19.18,TRADE
VIC1,2025-07-14 00:30:00,5010.39,8.95,TRADE
VIC1,2025-07-14 00:35:00,5064.88,19.18,TRADE
VIC1,2025-07-14 00:40:00,4938.98,0.01,TRADE
VIC1,2025-07-14 00:45:00,4920.44,19.18,TRADE
VIC1,2025-07-14 00:50:00,4917.31,19.18,TRADE
VIC1,2025-07-14 00:55:00,4940.48,19.18,TRADE
VIC1,2025-07-14 01:00:00,4886.18,19.18,TRADE
VIC1,2025-07-14 01:05:00,4880.39,19.18,TRADE
VIC1,2025-07-14 01:10:00,4899.36,19.18,TRADE
VIC1,2025-07-14 01:15:00,4878.79,18.18,TRADE
VIC1,2025-07-14 01:20:00,4797.28,16.78,TRADE
VIC1,2025-07-14 01:25:00,4876.93,19.18,TRADE
VIC1,2025-07-14 01:30:00,4816.88,19.18,TRADE
VIC1,2025-07-14 01:35:00,4804.34,19.18,TRADE
VIC1,2025-07-14 01:40:00,4787.97,18.18,TRADE
VIC1,2025-07-14 01:45:00,4635.9,8.95,TRADE
VIC1,2025-07-14 01:50:00,4625.42,8.95,TRADE
VIC1,2025-07-14 01:55:00,4659.83,19.18,TRADE
VIC1,2025-07-14 02:00:00,4670.67,23.61,TRADE
VIC1,2025-07-14 02:05:00,4632.92,19.18,TRADE
VIC1,2025-07-14 02:10:00,4600.15,19.18,TRADE
VIC1,2025-07-14 02:15:00,4613.13,19.18,TRADE
VIC1,2025-07-14 02:20:00,4616.8,19.18,TRADE
VIC1,2025-07-14 02:25:00,4527.66,0.01,TRADE
VIC1,2025-07-14 02:30:00,4513.11,19.18,TRADE
VIC1,2025-07-14 02:35:00,4586.04,19.18,TRADE
VIC1,2025-07-14 02:40:00,4612.3,19.18,TRADE
VIC1,2025-07-14 02:45:00,4510.3,19.18,TRADE
VIC1,2025-07-14 02:50:00,4562.17,19.18,TRADE
VIC1,2025-07-14 02:55:00,4555.23,19.18,TRADE
VIC1,2025-07-14 03:00:00,4566.1,19.18,TRADE
VIC1,2025-07-14 03:05:00,4517.46,19.18,TRADE
VIC1,2025-07-14 03:10:00,4458.56,19.18,TRADE
VIC1,2025-07-14 03:15:00,4481.67,19.18,TRADE
VIC1,2025-07-14 03:20:00,4518.99,19.18,TRADE
VIC1,2025-07-14 03:25:00,4524.95,19.18,TRADE
VIC1,2025-07-14 03:30:00,4462.08,19.18,TRADE
VIC1,2025-07-14 03:35:00,4525.81,21.66,TRADE
VIC1,2025-07-14 03:40:00,4542.75,35.94,TRADE
VIC1,2025-07-14 03:45:00,4540.26,35.94,TRADE
VIC1,2025-07-14 03:50:00,4530.93,20.0,TRADE
VIC1,2025-07-14 03:55:00,4497.4,20.0,TRADE
VIC1,2025-07-14 04:00:00,4589.21,35.94,TRADE
VIC1,2025-07-14 04:05:00,4631.85,32.15,TRADE
VIC1,2025-07-14 04:10:00,4588.31,50.96,TRADE
VIC1,2025-07-14 04:15:00,4629.32,64.92,TRADE
VIC1,2025-07-14 04:20:00,4624.51,58.8,TRADE
VIC1,2025-07-14 04:25:00,4653.14,58.93,TRADE
VIC1,2025-07-14 04:30:00,4707.13,66.22,TRADE
VIC1,2025-07-14 04:35:00,4689.65,52.12,TRADE
VIC1,2025-07-14 04:40:00,4657.93,51.74,TRADE
VIC1,2025-07-14 04:45:00,4754.62,64.55,TRADE
VIC1,2025-07-14 04:50:00,4767.7,64.18,TRADE
VIC1,2025-07-14 04:55:00,4690.23,60.1,TRADE
VIC1,2025-07-14 05:00:00,4815.82,70.22,TRADE
VIC1,2025-07-14 05:05:00,4859.57,66.66,TRADE
VIC1,2025-07-14 05:10:00,4982.52,73.19,TRADE
VIC1,2025-07-14 05:15:00,5003.92,73.83,TRADE
VIC1,2025-07-14 05:20:00,4959.68,72.53,TRADE
VIC1,2025-07-14 05:25:00,5062.79,81.76,TRADE
VIC1,2025-07-14 05:30:00,5146.4,90.0,TRADE
VIC1,2025-07-14 05:35:00,5057.79,79.96,TRADE
VIC1,2025-07-14 05:40:00,5232.25,100.9,TRADE
VIC1,2025-07-14 05:45:00,5273.34,155.01,TRADE
VIC1,2025-07-14 05:50:00,5314.44,175.64,TRADE
VIC1,2025-07-14 05:55:00,5385.39,176.5,TRADE
VIC1,2025-07-14 06:00:00,5375.18,160.69,TRADE
VIC1,2025-07-14 06:05:00,5447.12,125.42,TRADE
VIC1,2025-07-14 06:10:00,5664.61,178.04,TRADE
VIC1,2025-07-14 06:15:00,5737.58,175.64,TRADE
VIC1,2025-07-14 06:20:00,5828.97,175.64,TRADE
VIC1,2025-07-14 06:25:00,5949.95,164.37,TRADE
VIC1,2025-07-14 06:30:00,6083.23,198.11,TRADE
VIC1,2025-07-14 06:35:00,6111.45,140.55,TRADE
VIC1,2025-07-14 06:40:00,6156.65,168.05,TRADE
VIC1,2025-07-14 06:45:00,6225.81,137.48,TRADE
VIC1,2025-07-14 06:50:00,6399.36,140.55,TRADE
VIC1,2025-07-14 06:55:00,6472.76,157.4,TRADE
VIC1,2025-07-14 07:00:00,6434.54,140.75,TRADE
VIC1,2025-07-14 07:05:00,6647.93,170.22,TRADE
VIC1,2025-07-14 07:10:00,6676.08,165.0,TRADE
VIC1,2025-07-14 07:15:00,6806.91,146.5,TRADE
VIC1,2025-07-14 07:20:00,6871.63,154.82,TRADE
VIC1,2025-07-14 07:25:00,6906.32,147.18,TRADE
VIC1,2025-07-14 07:30:00,6982.24,138.51,TRADE
VIC1,2025-07-14 07:35:00,7035.72,153.75,TRADE
VIC1,2025-07-14 07:40:00,7204.85,151.5,TRADE
VIC1,2025-07-14 07:45:00,7195.99,192.2,TRADE
VIC1,2025-07-14 07:50:00,7231.9,151.26,TRADE
VIC1,2025-07-14 07:55:00,7314.69,175.64,TRADE
VIC1,2025-07-14 08:00:00,7338.91,205.87,TRADE
VIC1,2025-07-14 08:05:00,7321.2,164.56,TRADE
VIC1,2025-07-14 08:10:00,7353.81,170.22,TRADE
VIC1,2025-07-14 08:15:00,7438.07,206.87,TRADE
VIC1,2025-07-14 08:20:00,7419.89,170.22,TRADE
VIC1,2025-07-14 08:25:00,7359.15,132.23,TRADE
VIC1,2025-07-14 08:30:00,7385.7,150.83,TRADE
VIC1,2025-07-14 08:35:00,7334.15,151.83,TRADE
VIC1,2025-07-14 08:40:00,7296.12,140.55,TRADE
VIC1,2025-07-14 08:45:00,7233.1,132.72,TRADE
VIC1,2025-07-14 08:50:00,7162.75,124.52,TRADE
VIC1,2025-07-14 08:55:00,7140.53,124.56,TRADE
VIC1,2025-07-14 09:00:00,7137.16,124.8,TRADE
VIC1,2025-07-14 09:05:00,7112.54,131.23,TRADE
VIC1,2025-07-14 09:10:00,6976.97,89.12,TRADE
VIC1,2025-07-14 09:15:00,6899.08,82.74,TRADE
VIC1,2025-07-14 09:20:00,6840.5,122.02,TRADE
VIC1,2025-07-14 09:25:00,6727.78,82.28,TRADE
VIC1,2025-07-14 09:30:00,6635.41,75.8,TRADE
VIC1,2025-07-14 09:35:00,6524.8,83.9,TRADE
VIC1,2025-07-14 09:40:00,6537.12,137.96,TRADE
VIC1,2025-07-14 09:45:00,6353.29,122.02,TRADE
VIC1,2025-07-14 09:50:00,6263.49,98.25,TRADE
VIC1,2025-07-14 09:55:00,6287.27,121.57,TRADE
VIC1,2025-07-14 10:00:00,6174.06,82.52,TRADE
VIC1,2025-07-14 10:05:00,6169.38,89.23,TRADE
VIC1,2025-07-14 10:10:00,6146.3,88.95,TRADE
VIC1,2025-07-14 10:15:00,6014.66,61.94,TRADE
VIC1,2025-07-14 10:20:00,5967.16,60.98,TRADE
VIC1,2025-07-14 10:25:00,5833.93,42.19,TRADE
VIC1,2025-07-14 10:30:00,5847.41,42.19,TRADE
VIC1,2025-07-14 10:35:00,5713.91,42.19,TRADE
VIC1,2025-07-14 10:40:00,5674.36,61.13,TRADE
VIC1,2025-07-14 10:45:00,5621.92,42.19,TRADE
VIC1,2025-07-14 10:50:00,5560.52,78.05,TRADE
VIC1,2025-07-14 10:55:00,5491.9,41.45,TRADE
VIC1,2025-07-14 11:00:00,5406.12,41.45,TRADE
VIC1,2025-07-14 11:05:00,5336.55,20.04,TRADE
VIC1,2025-07-14 11:10:00,5356.55,19.62,TRADE
VIC1,2025-07-14 11:15:00,5355.75,23.86,TRADE
VIC1,2025-07-14 11:20:00,5286.98,20.0,TRADE
VIC1,2025-07-14 11:25:00,5256.63,12.42,TRADE
VIC1,2025-07-14 11:30:00,5233.25,11.37,TRADE
VIC1,2025-07-14 11:35:00,5243.97,0.05,TRADE
VIC1,2025-07-14 11:40:00,5256.26,11.35,TRADE
VIC1,2025-07-14 11:45:00,5278.64,0.05,TRADE
VIC1,2025-07-14 11:50:00,5170.11,0.05,TRADE
VIC1,2025-07-14 11:55:00,5228.19,8.95,TRADE
VIC1,2025-07-14 12:00:00,5217.96,8.95,TRADE
VIC1,2025-07-14 12:05:00,5188.02,0.05,TRADE
VIC1,2025-07-14 12:10:00,5202.14,8.95,TRADE
VIC1,2025-07-14 12:15:00,5139.33,8.95,TRADE
VIC1,2025-07-14 12:20:00,5149.96,8.95,TRADE
VIC1,2025-07-14 12:25:00,5138.58,8.95,TRADE
VIC1,2025-07-14 12:30:00,5127.03,0.05,TRADE
VIC1,2025-07-14 12:35:00,5177.58,8.95,TRADE
VIC1,2025-07-14 12:40:00,5160.87,8.95,TRADE
VIC1,2025-07-14 12:45:00,5118.7,0.01,TRADE
VIC1,2025-07-14 12:50:00,5216.76,8.95,TRADE
VIC1,2025-07-14 12:55:00,5166.43,8.95,TRADE
VIC1,2025-07-14 13:00:00,5250.53,8.95,TRADE
VIC1,2025-07-14 13:05:00,5276.25,8.95,TRADE
VIC1,2025-07-14 13:10:00,5301.13,8.95,TRADE
VIC1,2025-07-14 13:15:00,5353.29,5.26,TRADE
VIC1,2025-07-14 13:20:00,5445.36,0.01,TRADE
VIC1,2025-07-14 13:25:00,5462.38,8.95,TRADE
VIC1,2025-07-14 13:30:00,5549.61,5.26,TRADE
VIC1,2025-07-14 13:35:00,5587.6,8.95,TRADE
VIC1,2025-07-14 13:40:00,5599.08,31.57,TRADE
VIC1,2025-07-14 13:45:00,5601.56,29.13,TRADE
VIC1,2025-07-14 13:50:00,5650.35,8.95,TRADE
VIC1,2025-07-14 13:55:00,5801.02,20.0,TRADE
VIC1,2025-07-14 14:00:00,5814.42,8.95,TRADE
VIC1,2025-07-14 14:05:00,5837.07,21.0,TRADE
VIC1,2025-07-14 14:10:00,5844.57,39.98,TRADE
VIC1,2025-07-14 14:15:00,5915.33,51.01,TRADE
VIC1,2025-07-14 14:20:00,5891.71,75.8,TRADE
VIC1,2025-07-14 14:25:00,6033.97,76.45,TRADE
VIC1,2025-07-14 14:30:00,6029.29,75.8,TRADE
VIC1,2025-07-14 14:35:00,6022.64,79.29,TRADE
VIC1,2025-07-14 14:40:00,6059.44,83.46,TRADE
VIC1,2025-07-14 14:45:00,6140.11,115.63,TRADE
VIC1,2025-07-14 14:50:00,6097.5,122.02,TRADE
VIC1,2025-07-14 14:55:00,6182.46,222.32,TRADE
VIC1,2025-07-14 15:00:00,6220.75,163.15,TRADE
VIC1,2025-07-14 15:05:00,6286.73,110.51,TRADE
VIC1,2025-07-14 15:10:00,6294.18,122.02,TRADE
VIC1,2025-07-14 15:15:00,6266.3,122.02,TRADE
VIC1,2025-07-14 15:20:00,6384.53,223.36,TRADE
VIC1,2025-07-14 15:25:00,6413.96,126.2,TRADE
VIC1,2025-07-14 15:30:00,6456.46,122.02,TRADE
VIC1,2025-07-14 15:35:00,6481.97,90.48,TRADE
VIC1,2025-07-14 15:40:00,6511.21,122.02,TRADE
VIC1,2025-07-14 15:45:00,6571.8,122.02,TRADE
VIC1,2025-07-14 15:50:00,6558.37,147.24,TRADE
VIC1,2025-07-14 15:55:00,6663.62,223.36,TRADE
VIC1,2025-07-14 16:00:00,6744.18,137.96,TRADE
VIC1,2025-07-14 16:05:00,6845.89,137.96,TRADE
VIC1,2025-07-14 16:10:00,6816.11,122.02,TRADE
VIC1,2025-07-14 16:15:00,6908.79,137.96,TRADE
VIC1,2025-07-14 16:20:00,6968.02,183.71,TRADE
VIC1,2025-07-14 16:25:00,7059.16,163.49,TRADE
VIC1,2025-07-14 16:30:00,7111.66,185.0,TRADE
VIC1,2025-07-14 16:35:00,7097.57,170.64,TRADE
VIC1,2025-07-14 16:40:00,7243.94,185.0,TRADE
VIC1,2025-07-14 16:45:00,7328.0,175.64,TRADE
VIC1,2025-07-14 16:50:00,7337.12,174.25,TRADE
VIC1,2025-07-14 16:55:00,7420.3,149.86,TRADE
VIC1,2025-07-14 17:00:00,7474.83,166.06,TRADE
VIC1,2025-07-14 17:05:00,7532.84,152.98,TRADE
VIC1,2025-07-14 17:10:00,7577.57,166.15,TRADE
VIC1,2025-07-14 17:15:00,7600.86,170.56,TRADE
VIC1,2025-07-14 17:20:00,7677.52,169.17,TRADE
VIC1,2025-07-14 17:25:00,7801.57,175.64,TRADE
VIC1,2025-07-14 17:30:00,7827.67,180.94,TRADE
VIC1,2025-07-14 17:35:00,7823.18,185.0,TRADE
VIC1,2025-07-14 17:40:00,7928.21,198.11,TRADE
VIC1,2025-07-14 17:45:00,7921.56,195.14,TRADE
VIC1,2025-07-14 17:50:00,7954.36,199.11,TRADE
VIC1,2025-07-14 17:55:00,7924.05,200.89,TRADE
VIC1,2025-07-14 18:00:00,7917.96,218.45,TRADE
VIC1,2025-07-14 18:05:00,7907.65,199.11,TRADE
VIC1,2025-07-14 18:10:00,7917.78,198.11,TRADE
VIC1,2025-07-14 18:15:00,7937.6,201.42,TRADE
VIC1,2025-07-14 18:20:00,7864.24,185.0,TRADE
VIC1,2025-07-14 18:25:00,7862.39,198.11,TRADE
VIC1,2025-07-14 18:30:00,7903.15,196.9,TRADE
VIC1,2025-07-14 18:35:00,7869.77,170.22,TRADE
VIC1,2025-07-14 18:40:00,7850.28,172.61,TRADE
VIC1,2025-07-14 18:45:00,7775.89,139.57,TRADE
VIC1,2025-07-14 18:50:00,7769.16,140.0,TRADE
VIC1,2025-07-14 18:55:00,7713.56,140.0,TRADE
VIC1,2025-07-14 19:00:00,7709.14,145.02,TRADE
VIC1,2025-07-14 19:05:00,7690.22,140.15,TRADE
VIC1,2025-07-14 19:10:00,7644.8,136.77,TRADE
VIC1,2025-07-14 19:15:00,7594.16,138.86,TRADE
VIC1,2025-07-14 19:20:00,7580.25,140.0,TRADE
VIC1,2025-07-14 19:25:00,7587.57,140.0,TRADE
VIC1,2025-07-14 19:30:00,7590.06,140.0,TRADE
VIC1,2025-07-14 19:35:00,7474.53,122.02,TRADE
VIC1,2025-07-14 19:40:00,7444.13,122.02,TRADE
VIC1,2025-07-14 19:45:00,7471.91,136.41,TRADE
VIC1,2025-07-14 19:50:00,7421.27,140.0,TRADE
VIC1,2025-07-14 19:55:00,7338.69,122.02,TRADE
VIC1,2025-07-14 20:00:00,7327.21,122.02,TRADE
VIC1,2025-07-14 20:05:00,7315.81,129.55,TRADE
VIC1,2025-07-14 20:10:00,7308.73,122.22,TRADE
VIC1,2025-07-14 20:15:00,7253.19,122.02,TRADE
VIC1,2025-07-14 20:20:00,7220.04,131.23,TRADE
VIC1,2025-07-14 20:25:00,7210.85,131.28,TRADE
VIC1,2025-07-14 20:30:00,7157.86,131.25,TRADE
VIC1,2025-07-14 20:35:00,7133.55,122.64,TRADE
VIC1,2025-07-14 20:40:00,7137.15,130.4,TRADE
VIC1,2025-07-14 20:45:00,7122.13,130.36,TRADE
VIC1,2025-07-14 20:50:00,7057.48,131.11,TRADE
VIC1,2025-07-14 20:55:00,7009.1,129.33,TRADE
VIC1,2025-07-14 21:00:00,6980.98,107.31,TRADE
VIC1,2025-07-14 21:05:00,6958.68,140.0,TRADE
VIC1,2025-07-14 21:10:00,6786.57,114.98,TRADE
VIC1,2025-07-14 21:15:00,6871.29,110.77,TRADE
VIC1,2025-07-14 21:20:00,6831.71,109.41,TRADE
VIC1,2025-07-14 21:25:00,6742.89,102.92,TRADE
VIC1,2025-07-14 21:30:00,6744.81,109.85,TRADE
VIC1,2025-07-14 21:35:00,6740.39,116.66,TRADE
VIC1,2025-07-14 21:40:00,6673.84,105.71,TRADE
VIC1,2025-07-14 21:45:00,6609.37,90.88,TRADE
VIC1,2025-07-14 21:50:00,6486.76,84.12,TRADE
VIC1,2025-07-14 21:55:00,6437.97,91.54,TRADE
VIC1,2025-07-14 22:00:00,6433.25,85.51,TRADE
VIC1,2025-07-14 22:05:00,6395.23,101.74,TRADE
VIC1,2025-07-14 22:10:00,6225.71,91.26,TRADE
VIC1,2025-07-14 22:15:00,6275.19,101.78,TRADE
VIC1,2025-07-14 22:20:00,6222.89,100.45,TRADE
VIC1,2025-07-14 22:25:00,6164.38,101.58,TRADE
VIC1,2025-07-14 22:30:00,6042.32,92.3,TRADE
VIC1,2025-07-14 22:35:00,5979.36,91.98,TRADE
VIC1,2025-07-14 22:40:00,5998.72,98.15,TRADE
VIC1,2025-07-14 22:45:00,6012.04,87.15,TRADE
VIC1,2025-07-14 22:50:00,5887.64,43.36,TRADE
VIC1,2025-07-14 22:55:00,5924.4,89.4,TRADE
VIC1,2025-07-14 23:00:00,5859.71,80.54,TRADE
VIC1,2025-07-14 23:05:00,5839.09,90.57,TRADE
VIC1,2025-07-14 23:10:00,5813.14,90.0,TRADE
VIC1,2025-07-14 23:15:00,5859.31,92.32,TRADE
VIC1,2025-07-14 23:20:00,5897.61,90.86,TRADE
VIC1,2025-07-14 23:25:00,5880.98,88.83,TRADE
VIC1,2025-07-14 23:30:00,5820.66,46.39,TRADE
VIC1,2025-07-14 23:35:00,5798.55,20.0,TRADE
VIC1,2025-07-14 23:40:00,5787.59,49.79,TRADE
VIC1,2025-07-14 23:45:00,5735.35,20.86,TRADE
VIC1,2025-07-14 23:50:00,5614.14,20.0,TRADE
VIC1,2025-07-14 23:55:00,5566.73,20.0,TRADE
VIC1,2025-07-15 00:00:00,5541.58,20.0,TRADE
VIC1,2025-07-15 00:05:00,5590.04,19.61,TRADE
VIC1,2025-07-15 00:10:00,5521.14,5.26,TRADE
VIC1,2025-07-15 00:15:00,5486.17,19.18,TRADE
VIC1,2025-07-15 00:20:00,5520.65,22.85,TRADE
VIC1,2025-07-15 00:25:00,5442.33,20.2,TRADE
VIC1,2025-07-15 00:30:00,5474.82,20.14,TRADE
VIC1,2025-07-15 00:35:00,5428.52,18.18,TRADE
VIC1,2025-07-15 00:40:00,5327.17,5.26,TRADE
VIC1,2025-07-15 00:45:00,5292.7,8.95,TRADE
VIC1,2025-07-15 00:50:00,5349.67,20.2,TRADE
VIC1,2025-07-15 00:55:00,5290.72,19.18,TRADE
VIC1,2025-07-15 01:00:00,5260.19,18.18,TRADE
VIC1,2025-07-15 01:05:00,5229.86,19.18,TRADE
VIC1,2025-07-15 01:10:00,5226.22,19.18,TRADE
VIC1,2025-07-15 01:15:00,5196.83,19.18,TRADE
VIC1,2025-07-15 01:20:00,5132.81,19.14,TRADE
VIC1,2025-07-15 01:25:00,5116.97,19.18,TRADE
VIC1,2025-07-15 01:30:00,5128.53,19.18,TRADE
VIC1,2025-07-15 01:35:00,5113.07,15.69,TRADE
VIC1,2025-07-15 01:40:00,5086.25,18.37,TRADE
VIC1,2025-07-15 01:45:00,5065.72,20.0,TRADE
VIC1,2025-07-15 01:50:00,5053.02,19.18,TRADE
VIC1,2025-07-15 01:55:00,5047.17,19.18,TRADE
VIC1,2025-07-15 02:00:00,4966.75,5.26,TRADE
VIC1,2025-07-15 02:05:00,4981.22,19.18,TRADE
VIC1,2025-07-15 02:10:00,4958.71,20.14,TRADE
VIC1,2025-07-15 02:15:00,4911.75,19.18,TRADE
VIC1,2025-07-15 02:20:00,4906.82,20.0,TRADE
VIC1,2025-07-15 02:25:00,4915.24,20.0,TRADE
VIC1,2025-07-15 02:30:00,4921.32,31.57,TRADE
VIC1,2025-07-15 02:35:00,4902.7,35.94,TRADE
VIC1,2025-07-15 02:40:00,4842.02,26.56,TRADE
VIC1,2025-07-15 02:45:00,4793.68,20.0,TRADE
VIC1,2025-07-15 02:50:00,4850.09,22.73,TRADE
VIC1,2025-07-15 02:55:00,4836.63,35.94,TRADE
VIC1,2025-07-15 03:00:00,4775.92,25.89,TRADE
VIC1,2025-07-15 03:05:00,4771.81,31.57,TRADE
VIC1,2025-07-15 03:10:00,4843.8,31.57,TRADE
VIC1,2025-07-15 03:15:00,4835.52,35.94,TRADE
VIC1,2025-07-15 03:20:00,4736.03,35.94,TRADE
VIC1,2025-07-15 03:25:00,4770.58,35.94,TRADE
VIC1,2025-07-15 03:30:00,4774.82,31.57,TRADE
VIC1,2025-07-15 03:35:00,4760.35,31.57,TRADE
VIC1,2025-07-15 03:40:00,4792.39,35.94,TRADE
VIC1,2025-07-15 03:45:00,4780.85,35.94,TRADE
VIC1,2025-07-15 03:50:00,4809.21,31.57,TRADE
VIC1,2025-07-15 03:55:00,4806.47,35.94,TRADE
VIC1,2025-07-15 04:00:00,4747.08,35.94,TRADE
VIC1,2025-07-15 04:05:00,4779.88,31.57,TRADE
VIC1,2025-07-15 04:10:00,4840.84,35.94,TRADE
VIC1,2025-07-15 04:15:00,4826.23,53.69,TRADE
VIC1,2025-07-15 04:20:00,4804.03,31.57,TRADE
VIC1,2025-07-15 04:25:00,4787.04,35.94,TRADE
VIC1,2025-07-15 04:30:00,4829.57,35.94,TRADE
VIC1,2025-07-15 04:35:00,4848.88,58.69,TRADE
VIC1,2025-07-15 04:40:00,4818.75,51.01,TRADE
VIC1,2025-07-15 04:45:00,4835.95,56.59,TRADE
VIC1,2025-07-15 04:50:00,4847.13,64.37,TRADE
VIC1,2025-07-15 04:55:00,4955.3,70.79,TRADE
VIC1,2025-07-15 05:00:00,4996.67,71.29,TRADE
VIC1,2025-07-15 05:05:00,5013.26,72.88,TRADE
VIC1,2025-07-15 05:10:00,5113.59,73.3,TRADE
VIC1,2025-07-15 05:15:00,5147.75,79.33,TRADE
VIC1,2025-07-15 05:20:00,5175.03,80.81,TRADE
VIC1,2025-07-15 05:25:00,5149.55,72.06,TRADE
VIC1,2025-07-15 05:30:00,5197.78,80.17,TRADE
VIC1,2025-07-15 05:35:00,5236.89,71.43,TRADE
VIC1,2025-07-15 05:40:00,5307.85,73.74,TRADE
VIC1,2025-07-15 05:45:00,5364.9,86.33,TRADE
VIC1,2025-07-15 05:50:00,5468.28,97.33,TRADE
VIC1,2025-07-15 05:55:00,5488.65,97.26,TRADE
VIC1,2025-07-15 06:00:00,5554.7,98.61,TRADE
VIC1,2025-07-15 06:05:00,5682.41,99.13,TRADE
VIC1,2025-07-15 06:10:00,5836.0,104.96,TRADE
VIC1,2025-07-15 06:15:00,5925.24,132.02,TRADE
VIC1,2025-07-15 06:20:00,5998.27,144.26,TRADE
VIC1,2025-07-15 06:25:00,6008.54,132.12,TRADE
VIC1,2025-07-15 06:30:00,6094.3,144.09,TRADE
VIC1,2025-07-15 06:35:00,6155.47,131.23,TRADE
VIC1,2025-07-15 06:40:00,6276.14,140.0,TRADE
VIC1,2025-07-15 06:45:00,6440.17,143.52,TRADE
VIC1,2025-07-15 06:50:00,6436.7,134.56,TRADE
VIC1,2025-07-15 06:55:00,6584.59,131.23,TRADE
VIC1,2025-07-15 07:00:00,6679.73,140.0,TRADE
VIC1,2025-07-15 07:05:00,6775.33,138.23,TRADE
VIC1,2025-07-15 07:10:00,6814.7,132.72,TRADE
VIC1,2025-07-15 07:15:00,6831.92,132.72,TRADE
VIC1,2025-07-15 07:20:00,6989.71,154.2,TRADE
VIC1,2025-07-15 07:25:00,7068.46,145.16,TRADE
VIC1,2025-07-15 07:30:00,7002.86,170.5,TRADE
VIC1,2025-07-15 07:35:00,7095.7,136.91,TRADE
VIC1,2025-07-15 07:40:00,6868.56,132.72,TRADE
VIC1,2025-07-15 07:45:00,6935.58,140.0,TRADE
VIC1,2025-07-15 07:50:00,6979.73,132.72,TRADE
VIC1,2025-07-15 07:55:00,6943.29,132.74,TRADE
VIC1,2025-07-15 08:00:00,7005.68,132.72,TRADE
VIC1,2025-07-15 08:05:00,7062.52,147.2,TRADE
VIC1,2025-07-15 08:10:00,7133.21,134.94,TRADE
VIC1,2025-07-15 08:15:00,7152.11,131.23,TRADE
VIC1,2025-07-15 08:20:00,7168.36,133.91,TRADE
VIC1,2025-07-15 08:25:00,7142.89,136.09,TRADE
VIC1,2025-07-15 08:30:00,7170.81,131.98,TRADE
VIC1,2025-07-15 08:35:00,7225.13,143.91,TRADE
VIC1,2025-07-15 08:40:00,7299.13,140.0,TRADE
VIC1,2025-07-15 08:45:00,7414.64,132.72,TRADE
VIC1,2025-07-15 08:50:00,7423.16,144.32,TRADE
VIC1,2025-07-15 08:55:00,7368.87,132.72,TRADE
VIC1,2025-07-15 09:00:00,7332.47,132.72,TRADE
VIC1,2025-07-15 09:05:00,7340.8,140.55,TRADE
VIC1,2025-07-15 09:10:00,7311.88,173.51,TRADE
VIC1,2025-07-15 09:15:00,7163.06,132.72,TRADE
VIC1,2025-07-15 09:20:00,7145.38,140.55,TRADE
VIC1,2025-07-15 09:25:00,7169.12,180.01,TRADE
VIC1,2025-07-15 09:30:00,7134.0,175.64,TRADE
VIC1,2025-07-15 09:35:00,7001.95,143.68,TRADE
VIC1,2025-07-15 09:40:00,6887.98,144.62,TRADE
VIC1,2025-07-15 09:45:00,6896.17,181.85,TRADE
VIC1,2025-07-15 09:50:00,6849.2,152.73,TRADE
VIC1,2025-07-15 09:55:00,6802.34,146.7,TRADE
VIC1,2025-07-15 10:00:00,6683.38,140.55,TRADE
VIC1,2025-07-15 10:05:00,6657.19,132.72,TRADE
VIC1,2025-07-15 10:10:00,6669.55,185.0,TRADE
VIC1,2025-07-15 10:15:00,6686.32,132.72,TRADE
VIC1,2025-07-15 10:20:00,6560.15,128.99,TRADE
VIC1,2025-07-15 10:25:00,6540.82,130.33,TRADE
VIC1,2025-07-15 10:30:00,6497.2,122.02,TRADE
VIC1,2025-07-15 10:35:00,6503.51,126.25,TRADE
VIC1,2025-07-15 10:40:00,6476.57,101.78,TRADE
VIC1,2025-07-15 10:45:00,6416.93,100.0,TRADE
VIC1,2025-07-15 10:50:00,6341.07,99.67,TRADE
VIC1,2025-07-15 10:55:00,6221.76,91.0,TRADE
VIC1,2025-07-15 11:00:00,6170.95,88.95,TRADE
VIC1,2025-07-15 11:05:00,6205.54,106.81,TRADE
VIC1,2025-07-15 11:10:00,6181.1,99.62,TRADE
VIC1,2025-07-15 11:15:00,6071.87,95.86,TRADE
VIC1,2025-07-15 11:20:00,6124.71,100.0,TRADE
VIC1,2025-07-15 11:25:00,6063.32,97.52,TRADE
VIC1,2025-07-15 11:30:00,6030.43,99.05,TRADE
VIC1,2025-07-15 11:35:00,5948.66,101.96,TRADE
VIC1,2025-07-15 11:40:00,5812.39,97.17,TRADE
VIC1,2025-07-15 11:45:00,5763.97,95.71,TRADE
VIC1,2025-07-15 11:50:00,5793.5,91.58,TRADE
VIC1,2025-07-15 11:55:00,5743.89,136.65,TRADE
VIC1,2025-07-15 12:00:00,5648.11,142.39,TRADE
VIC1,2025-07-15 12:05:00,5710.77,130.19,TRADE
VIC1,2025-07-15 12:10:00,5728.35,148.94,TRADE
VIC1,2025-07-15 12:15:00,5713.08,97.2,TRADE
VIC1,2025-07-15 12:20:00,5674.17,112.76,TRADE
VIC1,2025-07-15 12:25:00,5594.59,116.33,TRADE
VIC1,2025-07-15 12:30:00,5661.3,91.0,TRADE
VIC1,2025-07-15 12:35:00,5698.6,114.77,TRADE
VIC1,2025-07-15 12:40:00,5706.22,91.42,TRADE
VIC1,2025-07-15 12:45:00,5749.02,91.44,TRADE
VIC1,2025-07-15 12:50:00,5797.17,89.25,TRADE
VIC1,2025-07-15 12:55:00,5866.22,90.0,TRADE
VIC1,2025-07-15 13:00:00,5848.63,90.0,TRADE
VIC1,2025-07-15 13:05:00,5785.94,89.23,TRADE
VIC1,2025-07-15 13:10:00,5840.83,89.23,TRADE
VIC1,2025-07-15 13:15:00,5951.13,89.23,TRADE
VIC1,2025-07-15 13:20:00,5871.58,89.23,TRADE
VIC1,2025-07-15 13:25:00,5885.29,91.0,TRADE
VIC1,2025-07-15 13:30:00,5899.35,90.0,TRADE
VIC1,2025-07-15 13:35:00,5941.91,89.23,TRADE
VIC1,2025-07-15 13:40:00,5925.94,90.0,TRADE
VIC1,2025-07-15 13:45:00,5841.98,84.24,TRADE
VIC1,2025-07-15 13:50:00,5845.6,88.59,TRADE
VIC1,2025-07-15 13:55:00,5841.52,80.49,TRADE
VIC1,2025-07-15 14:00:00,5821.93,81.29,TRADE
VIC1,2025-07-15 14:05:00,5778.55,86.32,TRADE
VIC1,2025-07-15 14:10:00,5778.8,79.42,TRADE
VIC1,2025-07-15 14:15:00,5768.26,80.0,TRADE
VIC1,2025-07-15 14:20:00,5886.87,82.06,TRADE
VIC1,2025-07-15 14:25:00,5930.76,92.66,TRADE
VIC1,2025-07-15 14:30:00,5868.11,83.74,TRADE
VIC1,2025-07-15 14:35:00,6003.92,90.0,TRADE
VIC1,2025-07-15 14:40:00,6013.21,111.04,TRADE
VIC1,2025-07-15 14:45:00,5980.74,87.71,TRADE
VIC1,2025-07-15 14:50:00,6014.58,86.14,TRADE
VIC1,2025-07-15 14:55:00,6075.86,69.71,TRADE
VIC1,2025-07-15 15:00:00,6061.5,80.0,TRADE
VIC1,2025-07-15 15:05:00,6046.04,86.16,TRADE
VIC1,2025-07-15 15:10:00,6034.41,77.41,TRADE
VIC1,2025-07-15 15:15:00,6044.72,80.0,TRADE
VIC1,2025-07-15 15:20:00,6007.22,80.0,TRADE
VIC1,2025-07-15 15:25:00,6035.25,80.0,TRADE
VIC1,2025-07-15 15:30:00,6070.94,83.13,TRADE
VIC1,2025-07-15 15:35:00,6133.42,115.09,TRADE
VIC1,2025-07-15 15:40:00,6152.2,122.02,TRADE
VIC1,2025-07-15 15:45:00,6244.6,115.42,TRADE
VIC1,2025-07-15 15:50:00,6187.5,130.81,TRADE
VIC1,2025-07-15 15:55:00,6228.37,124.61,TRADE
VIC1,2025-07-15 16:00:00,6275.5,165.65,TRADE
VIC1,2025-07-15 16:05:00,6346.71,125.78,TRADE
VIC1,2025-07-15 16:10:00,6435.42,181.33,TRADE
VIC1,2025-07-15 16:15:00,6425.93,132.72,TRADE
VIC1,2025-07-15 16:20:00,6409.95,137.34,TRADE
VIC1,2025-07-15 16:25:00,6479.33,120.1,TRADE
VIC1,2025-07-15 16:30:00,6652.26,188.52,TRADE
VIC1,2025-07-15 16:35:00,6693.62,136.49,TRADE
VIC1,2025-07-15 16:40:00,6673.64,138.83,TRADE
VIC1,2025-07-15 16:45:00,6756.52,170.37,TRADE
VIC1,2025-07-15 16:50:00,6912.36,173.44,TRADE
VIC1,2025-07-15 16:55:00,6979.19,188.65,TRADE
VIC1,2025-07-15 17:00:00,7018.89,195.91,TRADE
VIC1,2025-07-15 17:05:00,7093.43,197.11,TRADE
VIC1,2025-07-15 17:10:00,7149.65,180.1,TRADE
VIC1,2025-07-15 17:15:00,7267.89,189.55,TRADE
VIC1,2025-07-15 17:20:00,7261.0,194.51,TRADE
VIC1,2025-07-15 17:25:00,7347.81,184.81,TRADE
VIC1,2025-07-15 17:30:00,7444.88,175.64,TRADE
VIC1,2025-07-15 17:35:00,7533.55,174.43,TRADE
VIC1,2025-07-15 17:40:00,7705.41,178.08,TRADE
VIC1,2025-07-15 17:45:00,7753.05,233.54,TRADE
VIC1,2025-07-15 17:50:00,7789.99,223.36,TRADE
VIC1,2025-07-15 17:55:00,7830.7,248.89,TRADE
VIC1,2025-07-15 18:00:00,7900.09,188.78,TRADE
VIC1,2025-07-15 18:05:00,7916.39,208.75,TRADE
VIC1,2025-07-15 18:10:00,7785.63,165.85,TRADE
VIC1,2025-07-15 18:15:00,7925.09,185.95,TRADE
VIC1,2025-07-15 18:20:00,7915.28,172.64,TRADE
VIC1,2025-07-15 18:25:00,7904.64,226.47,TRADE
VIC1,2025-07-15 18:30:00,7911.75,215.06,TRADE
VIC1,2025-07-15 18:35:00,7890.08,175.64,TRADE
VIC1,2025-07-15 18:40:00,7899.45,196.18,TRADE
VIC1,2025-07-15 18:45:00,7854.64,144.07,TRADE
VIC1,2025-07-15 18:50:00,7868.7,188.08,TRADE
VIC1,2025-07-15 18:55:00,7853.4,131.16,TRADE
VIC1,2025-07-15 19:00:00,7841.33,147.95,TRADE
VIC1,2025-07-15 19:05:00,7837.0,159.94,TRADE
VIC1,2025-07-15 19:10:00,7837.17,155.14,TRADE
VIC1,2025-07-15 19:15:00,7819.48,175.64,TRADE
VIC1,2025-07-15 19:20:00,7694.51,131.23,TRADE
VIC1,2025-07-15 19:25:00,7694.42,145.72,TRADE
VIC1,2025-07-15 19:30:00,7633.63,154.85,TRADE
VIC1,2025-07-15 19:35:00,7673.33,163.3,TRADE
VIC1,2025-07-15 19:40:00,7638.61,134.08,TRADE
VIC1,2025-07-15 19:45:00,7553.12,129.07,TRADE
VIC1,2025-07-15 19:50:00,7597.15,123.9,TRADE
VIC1,2025-07-15 19:55:00,7595.41,136.63,TRADE
VIC1,2025-07-15 20:00:00,7488.37,132.72,TRADE
VIC1,2025-07-15 20:05:00,7567.79,141.73,TRADE
VIC1,2025-07-15 20:10:00,7495.14,143.52,TRADE
VIC1,2025-07-15 20:15:00,7464.79,114.16,TRADE
VIC1,2025-07-15 20:20:00,7339.44,123.85,TRADE
VIC1,2025-07-15 20:25:00,7353.72,124.77,TRADE
VIC1,2025-07-15 20:30:00,7251.96,110.96,TRADE
VIC1,2025-07-15 20:35:00,7270.62,132.72,TRADE
VIC1,2025-07-15 20:40:00,7269.97,130.97,TRADE
VIC1,2025-07-15 20:45:00,7241.18,134.18,TRADE
VIC1,2025-07-15 20:50:00,7235.89,125.61,TRADE
VIC1,2025-07-15 20:55:00,7220.73,124.86,TRADE
VIC1,2025-07-15 21:00:00,7185.3,106.9,TRADE
VIC1,2025-07-15 21:05:00,7048.12,125.18,TRADE
VIC1,2025-07-15 21:10:00,7044.18,134.37,TRADE
VIC1,2025-07-15 21:15:00,7004.85,144.22,TRADE
VIC1,2025-07-15 21:20:00,6940.82,123.84,TRADE
VIC1,2025-07-15 21:25:00,6858.71,122.82,TRADE
VIC1,2025-07-15 21:30:00,6911.05,123.81,TRADE
VIC1,2025-07-15 21:35:00,6879.47,123.38,TRADE
VIC1,2025-07-15 21:40:00,6770.88,108.32,TRADE
VIC1,2025-07-15 21:45:00,6683.52,106.8,TRADE
VIC1,2025-07-15 21:50:00,6611.85,87.7,TRADE
VIC1,2025-07-15 21:55:00,6606.24,69.43,TRADE
VIC1,2025-07-15 22:00:00,6524.58,78.35,TRADE
VIC1,2025-07-15 22:05:00,6462.87,93.52,TRADE
VIC1,2025-07-15 22:10:00,6403.9,120.78,TRADE
VIC1,2025-07-15 22:15:00,6410.99,137.74,TRADE
VIC1,2025-07-15 22:20:00,6374.68,121.4,TRADE
VIC1,2025-07-15 22:25:00,6230.27,96.6,TRADE
VIC1,2025-07-15 22:30:00,6174.22,39.61,TRADE
VIC1,2025-07-15 22:35:00,6123.9,36.63,TRADE
VIC1,2025-07-15 22:40:00,6045.42,20.0,TRADE
VIC1,2025-07-15 22:45:00,5976.02,20.97,TRADE
VIC1,2025-07-15 22:50:00,6038.71,35.64,TRADE
VIC1,2025-07-15 22:55:00,5949.82,20.0,TRADE
VIC1,2025-07-15 23:00:00,5897.32,21.11,TRADE
VIC1,2025-07-15 23:05:00,5927.36,20.0,TRADE
VIC1,2025-07-15 23:10:00,5901.65,8.95,TRADE
VIC1,2025-07-15 23:15:00,6033.66,57.5,TRADE
VIC1,2025-07-15 23:20:00,6007.34,13.7,TRADE
VIC1,2025-07-15 23:25:00,5890.52,8.95,TRADE
VIC1,2025-07-15 23:30:00,5938.69,8.95,TRADE
VIC1,2025-07-15 23:35:00,5939.25,25.39,TRADE
VIC1,2025-07-15 23:40:00,5829.22,20.0,TRADE
VIC1,2025-07-15 23:45:00,5737.34,0.01,TRADE
VIC1,2025-07-15 23:50:00,5771.04,8.95,TRADE
VIC1,2025-07-15 23:55:00,5673.87,8.95,TRADE
VIC1,2025-07-16 00:00:00,5736.29,25.26,TRADE
VIC1,2025-07-16 00:05:00,5622.31,8.95,TRADE
VIC1,2025-07-16 00:10:00,5606.23,5.26,TRADE
VIC1,2025-07-16 00:15:00,5613.9,8.95,TRADE
VIC1,2025-07-16 00:20:00,5524.92,8.95,TRADE
VIC1,2025-07-16 00:25:00,5525.62,20.0,TRADE
VIC1,2025-07-16 00:30:00,5526.78,8.95,TRADE
VIC1,2025-07-16 00:35:00,5496.7,5.26,TRADE
VIC1,2025-07-16 00:40:00,5444.94,8.95,TRADE
VIC1,2025-07-16 00:45:00,5336.16,0.01,TRADE
VIC1,2025-07-16 00:50:00,5419.84,8.95,TRADE
VIC1,2025-07-16 00:55:00,5341.11,8.95,TRADE
VIC1,2025-07-16 01:00:00,5261.64,0.01,TRADE
VIC1,2025-07-16 01:05:00,5266.59,8.95,TRADE
VIC1,2025-07-16 01:10:00,5335.27,20.0,TRADE
VIC1,2025-07-16 01:15:00,5266.2,5.26,TRADE
VIC1,2025-07-16 01:20:00,5242.95,8.95,TRADE
VIC1,2025-07-16 01:25:00,5139.75,8.95,TRADE
VIC1,2025-07-16 01:30:00,5150.55,5.26,TRADE
VIC1,2025-07-16 01:35:00,5170.13,28.84,TRADE
VIC1,2025-07-16 01:40:00,5113.59,8.95,TRADE
VIC1,2025-07-16 01:45:00,5051.42,0.01,TRADE
VIC1,2025-07-16 01:50:00,5024.77,5.26,TRADE
VIC1,2025-07-16 01:55:00,5017.3,8.95,TRADE
VIC1,2025-07-16 02:00:00,4974.09,8.95,TRADE
VIC1,2025-07-16 02:05:00,4874.06,5.26,TRADE
VIC1,2025-07-16 02:10:00,4834.18,8.95,TRADE
VIC1,2025-07-16 02:15:00,4853.12,8.95,TRADE
VIC1,2025-07-16 02:20:00,4879.86,8.95,TRADE
VIC1,2025-07-16 02:25:00,4788.41,8.89,TRADE
VIC1,2025-07-16 02:30:00,4832.77,8.95,TRADE
VIC1,2025-07-16 02:35:00,4812.92,8.95,TRADE
VIC1,2025-07-16 02:40:00,4791.43,8.38,TRADE
VIC1,2025-07-16 02:45:00,4734.21,7.51,TRADE
VIC1,2025-07-16 02:50:00,4750.16,11.6,TRADE
VIC1,2025-07-16 02:55:00,4746.28,8.95,TRADE
VIC1,2025-07-16 03:00:00,4782.77,8.95,TRADE
VIC1,2025-07-16 03:05:00,4779.68,20.0,TRADE
VIC1,2025-07-16 03:10:00,4804.43,8.95,TRADE
VIC1,2025-07-16 03:15:00,4781.72,8.95,TRADE
VIC1,2025-07-16 03:20:00,4774.86,5.26,TRADE
VIC1,2025-07-16 03:25:00,4776.25,8.95,TRADE
VIC1,2025-07-16 03:30:00,4676.48,5.26,TRADE
VIC1,2025-07-16 03:35:00,4689.25,0.01,TRADE
VIC1,2025-07-16 03:40:00,4695.5,0.01,TRADE
VIC1,2025-07-16 03:45:00,4688.4,8.95,TRADE
VIC1,2025-07-16 03:50:00,4691.35,8.94,TRADE
VIC1,2025-07-16 03:55:00,4626.04,8.94,TRADE
VIC1,2025-07-16 04:00:00,4710.67,8.88,TRADE
VIC1,2025-07-16 04:05:00,4743.09,8.95,TRADE
VIC1,2025-07-16 04:10:00,4711.23,8.95,TRADE
VIC1,2025-07-16 04:15:00,4731.02,8.95,TRADE
VIC1,2025-07-16 04:20:00,4747.52,8.95,TRADE
VIC1,2025-07-16 04:25:00,4763.02,8.95,TRADE
VIC1,2025-07-16 04:30:00,4749.05,8.94,TRADE
VIC1,2025-07-16 04:35:00,4743.01,8.95,TRADE
VIC1,2025-07-16 04:40:00,4765.6,20.0,TRADE
VIC1,2025-07-16 04:45:00,4775.33,20.0,TRADE
VIC1,2025-07-16 04:50:00,4816.38,8.95,TRADE
VIC1,2025-07-16 04:55:00,4842.0,20.0,TRADE
VIC1,2025-07-16 05:00:00,4877.23,20.0,TRADE
VIC1,2025-07-16 05:05:00,4891.15,20.35,TRADE
VIC1,2025-07-16 05:10:00,4967.76,24.71,TRADE
VIC1,2025-07-16 05:15:00,5027.32,27.06,TRADE
VIC1,2025-07-16 05:20:00,5080.08,19.18,TRADE
VIC1,2025-07-16 05:25:00,5150.73,23.61,TRADE
VIC1,2025-07-16 05:30:00,5224.04,19.18,TRADE
VIC1,2025-07-16 05:35:00,5254.25,8.95,TRADE
VIC1,2025-07-16 05:40:00,5312.69,8.57,TRADE
VIC1,2025-07-16 05:45:00,5349.9,8.95,TRADE
VIC1,2025-07-16 05:50:00,5382.7,2.95,TRADE
VIC1,2025-07-16 05:55:00,5429.58,8.95,TRADE
VIC1,2025-07-16 06:00:00,5519.1,20.64,TRADE
VIC1,2025-07-16 06:05:00,5583.63,41.0,TRADE
VIC1,2025-07-16 06:10:00,5748.34,110.34,TRADE
VIC1,2025-07-16 06:15:00,5852.63,38.42,TRADE
VIC1,2025-07-16 06:20:00,5914.93,20.0,TRADE
VIC1,2025-07-16 06:25:00,6059.12,126.16,TRADE
VIC1,2025-07-16 06:30:00,6126.46,122.59,TRADE
VIC1,2025-07-16 06:35:00,6177.08,122.02,TRADE
VIC1,2025-07-16 06:40:00,6336.58,105.22,TRADE
VIC1,2025-07-16 06:45:00,6418.25,122.02,TRADE
VIC1,2025-07-16 06:50:00,6498.48,124.36,TRADE
VIC1,2025-07-16 06:55:00,6579.67,164.54,TRADE
VIC1,2025-07-16 07:00:00,6622.19,125.42,TRADE
VIC1,2025-07-16 07:05:00,6754.37,132.72,TRADE
VIC1,2025-07-16 07:10:00,6798.44,181.09,TRADE
VIC1,2025-07-16 07:15:00,6871.84,158.0,TRADE
VIC1,2025-07-16 07:20:00,6984.06,166.02,TRADE
VIC1,2025-07-16 07:25:00,7036.15,219.1,TRADE
VIC1,2025-07-16 07:30:00,7057.63,177.88,TRADE
VIC1,2025-07-16 07:35:00,7110.37,142.84,TRADE
VIC1,2025-07-16 07:40:00,6899.71,132.72,TRADE
VIC1,2025-07-16 07:45:00,7010.88,136.94,TRADE
VIC1,2025-07-16 07:50:00,7020.03,139.05,TRADE
VIC1,2025-07-16 07:55:00,7043.19,133.7,TRADE
VIC1,2025-07-16 08:00:00,7099.3,132.72,TRADE
VIC1,2025-07-16 08:05:00,7122.2,132.14,TRADE
VIC1,2025-07-16 08:10:00,7180.47,131.23,TRADE
VIC1,2025-07-16 08:15:00,7264.5,134.99,TRADE
VIC1,2025-07-16 08:20:00,7281.73,140.55,TRADE
VIC1,2025-07-16 08:25:00,7274.4,140.55,TRADE
VIC1,2025-07-16 08:30:00,7256.68,137.62,TRADE
VIC1,2025-07-16 08:35:00,7406.13,166.02,TRADE
VIC1,2025-07-16 08:40:00,7512.69,144.09,TRADE
VIC1,2025-07-16 08:45:00,7497.83,223.36,TRADE
VIC1,2025-07-16 08:50:00,7474.69,227.97,TRADE
VIC1,2025-07-16 08:55:00,7459.66,221.55,TRADE
VIC1,2025-07-16 09:00:00,7438.61,223.36,TRADE
VIC1,2025-07-16 09:05:00,7386.62,146.21,TRADE
VIC1,2025-07-16 09:10:00,7351.2,151.49,TRADE
VIC1,2025-07-16 09:15:00,7322.96,174.06,TRADE
VIC1,2025-07-16 09:20:00,7270.1,145.12,TRADE
VIC1,2025-07-16 09:25:00,7169.42,161.95,TRADE
VIC1,2025-07-16 09:30:00,7161.32,140.55,TRADE
VIC1,2025-07-16 09:35:00,7051.72,143.6,TRADE
VIC1,2025-07-16 09:40:00,6956.05,132.72,TRADE
VIC1,2025-07-16 09:45:00,6829.93,179.8,TRADE
VIC1,2025-07-16 09:50:00,6766.23,134.4,TRADE
VIC1,2025-07-16 09:55:00,6674.17,176.7,TRADE
VIC1,2025-07-16 10:00:00,6617.95,177.16,TRADE
VIC1,2025-07-16 10:05:00,6551.38,176.73,TRADE
VIC1,2025-07-16 10:10:00,6503.39,178.51,TRADE
VIC1,2025-07-16 10:15:00,6381.54,135.89,TRADE
VIC1,2025-07-16 10:20:00,6276.32,155.86,TRADE
VIC1,2025-07-16 10:25:00,6240.42,118.65,TRADE
VIC1,2025-07-16 10:30:00,6139.85,100.26,TRADE
VIC1,2025-07-16 10:35:00,6099.61,81.37,TRADE
VIC1,2025-07-16 10:40:00,6044.49,80.0,TRADE
VIC1,2025-07-16 10:45:00,5989.7,79.53,TRADE
VIC1,2025-07-16 10:50:00,5891.46,43.15,TRADE
VIC1,2025-07-16 10:55:00,5885.36,47.11,TRADE
VIC1,2025-07-16 11:00:00,5785.59,46.68,TRADE
VIC1,2025-07-16 11:05:00,5736.56,31.57,TRADE
VIC1,2025-07-16 11:10:00,5702.68,19.18,TRADE
VIC1,2025-07-16 11:15:00,5562.99,42.19,TRADE
VIC1,2025-07-16 11:20:00,5523.98,63.92,TRADE
VIC1,2025-07-16 11:25:00,5528.55,43.15,TRADE
VIC1,2025-07-16 11:30:00,5537.38,20.0,TRADE
VIC1,2025-07-16 11:35:00,5521.92,43.15,TRADE
VIC1,2025-07-16 11:40:00,5558.11,51.01,TRADE
VIC1,2025-07-16 11:45:00,5566.29,42.19,TRADE
VIC1,2025-07-16 11:50:00,5567.84,46.63,TRADE
VIC1,2025-07-16 11:55:00,5609.8,43.15,TRADE
VIC1,2025-07-16 12:00:00,5608.54,43.15,TRADE
VIC1,2025-07-16 12:05:00,5680.61,49.96,TRADE
VIC1,2025-07-16 12:10:00,5709.28,51.7,TRADE
VIC1,2025-07-16 12:15:00,5711.24,60.69,TRADE
VIC1,2025-07-16 12:20:00,5882.68,82.31,TRADE
VIC1,2025-07-16 12:25:00,5944.06,34.91,TRADE
VIC1,2025-07-16 12:30:00,5918.09,34.51,TRADE
VIC1,2025-07-16 12:35:00,5983.55,53.52,TRADE
VIC1,2025-07-16 12:40:00,6048.62,90.01,TRADE
VIC1,2025-07-16 12:45:00,6051.53,89.23,TRADE
VIC1,2025-07-16 12:50:00,6096.77,90.01,TRADE
VIC1,2025-07-16 12:55:00,6052.37,54.9,TRADE
VIC1,2025-07-16 13:00:00,6044.33,43.15,TRADE
VIC1,2025-07-16 13:05:00,6094.76,74.27,TRADE
VIC1,2025-07-16 13:10:00,6087.34,67.56,TRADE
VIC1,2025-07-16 13:15:00,6072.3,52.86,TRADE
VIC1,2025-07-16 13:20:00,6044.98,90.0,TRADE
VIC1,2025-07-16 13:25:00,6085.46,43.15,TRADE
VIC1,2025-07-16 13:30:00,6075.9,54.96,TRADE
VIC1,2025-07-16 13:35:00,6113.17,72.4,TRADE
VIC1,2025-07-16 13:40:00,6150.73,89.23,TRADE
VIC1,2025-07-16 13:45:00,6153.45,112.5,TRADE
VIC1,2025-07-16 13:50:00,6137.87,90.01,TRADE
VIC1,2025-07-16 13:55:00,6106.3,75.38,TRADE
VIC1,2025-07-16 14:00:00,6125.92,116.64,TRADE
VIC1,2025-07-16 14:05:00,6130.43,115.75,TRADE
VIC1,2025-07-16 14:10:00,6110.0,117.58,TRADE
VIC1,2025-07-16 14:15:00,6107.19,114.84,TRADE
VIC1,2025-07-16 14:20:00,6141.07,148.0,TRADE
VIC1,2025-07-16 14:25:00,6153.94,142.7,TRADE
VIC1,2025-07-16 14:30:00,6134.99,116.52,TRADE
VIC1,2025-07-16 14:35:00,6148.29,75.8,TRADE
VIC1,2025-07-16 14:40:00,6187.47,111.62,TRADE
VIC1,2025-07-16 14:45:00,6130.06,164.18,TRADE
VIC1,2025-07-16 14:50:00,6160.52,105.64,TRADE
VIC1,2025-07-16 14:55:00,6170.95,101.4,TRADE
VIC1,2025-07-16 15:00:00,6194.48,199.21,TRADE
VIC1,2025-07-16 15:05:00,6157.96,159.68,TRADE
VIC1,2025-07-16 15:10:00,6145.62,163.06,TRADE
VIC1,2025-07-16 15:15:00,6157.87,110.66,TRADE
VIC1,2025-07-16 15:20:00,6212.85,130.61,TRADE
VIC1,2025-07-16 15:25:00,6198.81,104.96,TRADE
VIC1,2025-07-16 15:30:00,6246.83,156.14,TRADE
VIC1,2025-07-16 15:35:00,6264.88,102.08,TRADE
VIC1,2025-07-16 15:40:00,6315.42,119.84,TRADE
VIC1,2025-07-16 15:45:00,6379.03,100.51,TRADE
VIC1,2025-07-16 15:50:00,6415.97,97.52,TRADE
VIC1,2025-07-16 15:55:00,6476.27,69.23,TRADE
VIC1,2025-07-16 16:00:00,6509.25,68.53,TRADE
VIC1,2025-07-16 16:05:00,6554.58,73.95,TRADE
VIC1,2025-07-16 16:10:00,6562.22,68.79,TRADE
VIC1,2025-07-16 16:15:00,6628.99,99.76,TRADE
VIC1,2025-07-16 16:20:00,6678.86,123.49,TRADE
VIC1,2025-07-16 16:25:00,6763.34,121.67,TRADE
VIC1,2025-07-16 16:30:00,6841.4,178.57,TRADE
VIC1,2025-07-16 16:35:00,6846.46,122.02,TRADE
VIC1,2025-07-16 16:40:00,6917.75,161.46,TRADE
VIC1,2025-07-16 16:45:00,7015.43,175.64,TRADE
VIC1,2025-07-16 16:50:00,7046.48,214.88,TRADE
VIC1,2025-07-16 16:55:00,7110.08,162.69,TRADE
VIC1,2025-07-16 17:00:00,7165.22,166.02,TRADE
VIC1,2025-07-16 17:05:00,7208.5,164.46,TRADE
VIC1,2025-07-16 17:10:00,7298.97,155.58,TRADE
VIC1,2025-07-16 17:15:00,7351.13,153.56,TRADE
VIC1,2025-07-16 17:20:00,7400.59,180.94,TRADE
VIC1,2025-07-16 17:25:00,7503.41,170.22,TRADE
VIC1,2025-07-16 17:30:00,7519.51,227.21,TRADE
VIC1,2025-07-16 17:35:00,7580.04,213.67,TRADE
VIC1,2025-07-16 17:40:00,7641.03,241.59,TRADE
VIC1,2025-07-16 17:45:00,7701.57,244.41,TRADE
VIC1,2025-07-16 17:50:00,7735.78,256.28,TRADE
VIC1,2025-07-16 17:55:00,7741.77,254.37,TRADE
VIC1,2025-07-16 18:00:00,7763.73,243.55,TRADE
VIC1,2025-07-16 18:05:00,7714.29,211.84,TRADE
VIC1,2025-07-16 18:10:00,7763.52,269.05,TRADE
VIC1,2025-07-16 18:15:00,7731.7,234.06,TRADE
VIC1,2025-07-16 18:20:00,7753.01,257.48,TRADE
VIC1,2025-07-16 18:25:00,7693.37,166.36,TRADE
VIC1,2025-07-16 18:30:00,7810.13,239.17,TRADE
VIC1,2025-07-16 18:35:00,7720.84,175.64,TRADE
VIC1,2025-07-16 18:40:00,7748.22,198.04,TRADE
VIC1,2025-07-16 18:45:00,7644.8,267.62,TRADE
VIC1,2025-07-16 18:50:00,7634.44,222.09,TRADE
VIC1,2025-07-16 18:55:00,7551.56,196.47,TRADE
VIC1,2025-07-16 19:00:00,7546.14,180.94,TRADE
VIC1,2025-07-16 19:05:00,7524.15,180.94,TRADE
VIC1,2025-07-16 19:10:00,7541.89,176.82,TRADE
VIC1,2025-07-16 19:15:00,7497.35,213.28,TRADE
VIC1,2025-07-16 19:20:00,7424.78,202.28,TRADE
VIC1,2025-07-16 19:25:00,7471.23,208.05,TRADE
VIC1,2025-07-16 19:30:00,7463.72,200.96,TRADE
VIC1,2025-07-16 19:35:00,7420.64,180.94,TRADE
VIC1,2025-07-16 19:40:00,7371.9,180.94,TRADE
VIC1,2025-07-16 19:45:00,7298.71,177.23,TRADE
VIC1,2025-07-16 19:50:00,7256.05,180.94,TRADE
VIC1,2025-07-16 19:55:00,7336.25,190.24,TRADE
VIC1,2025-07-16 20:00:00,7272.79,137.96,TRADE
VIC1,2025-07-16 20:05:00,7194.25,142.08,TRADE
VIC1,2025-07-16 20:10:00,7205.09,139.71,TRADE
VIC1,2025-07-16 20:15:00,7175.11,150.0,TRADE
VIC1,2025-07-16 20:20:00,7137.44,98.54,TRADE
VIC1,2025-07-16 20:25:00,7160.16,101.28,TRADE
VIC1,2025-07-16 20:30:00,7043.63,61.88,TRADE
VIC1,2025-07-16 20:35:00,7046.26,84.23,TRADE
VIC1,2025-07-16 20:40:00,7026.38,98.51,TRADE
VIC1,2025-07-16 20:45:00,6923.04,81.18,TRADE
VIC1,2025-07-16 20:50:00,6954.6,130.41,TRADE
VIC1,2025-07-16 20:55:00,6915.59,87.13,TRADE
VIC1,2025-07-16 21:00:00,6859.88,79.81,TRADE
VIC1,2025-07-16 21:05:00,6789.19,80.57,TRADE
VIC1,2025-07-16 21:10:00,6736.2,58.5,TRADE
VIC1,2025-07-16 21:15:00,6686.34,130.22,TRADE
VIC1,2025-07-16 21:20:00,6722.06,98.57,TRADE
VIC1,2025-07-16 21:25:00,6646.45,82.77,TRADE
VIC1,2025-07-16 21:30:00,6548.62,20.0,TRADE
VIC1,2025-07-16 21:35:00,6572.6,81.97,TRADE
VIC1,2025-07-16 21:40:00,6503.35,95.92,TRADE
VIC1,2025-07-16 21:45:00,6443.96,96.36,TRADE
VIC1,2025-07-16 21:50:00,6341.1,20.0,TRADE
VIC1,2025-07-16 21:55:00,6253.23,50.16,TRADE
VIC1,2025-07-16 22:00:00,6197.7,8.95,TRADE
VIC1,2025-07-16 22:05:00,6152.02,70.53,TRADE
VIC1,2025-07-16 22:10:00,6015.95,8.95,TRADE
VIC1,2025-07-16 22:15:00,6003.05,42.51,TRADE
VIC1,2025-07-16 22:20:00,5995.81,47.03,TRADE
VIC1,2025-07-16 22:25:00,5964.93,8.95,TRADE
VIC1,2025-07-16 22:30:00,5863.48,0.01,TRADE
VIC1,2025-07-16 22:35:00,5875.69,8.95,TRADE
VIC1,2025-07-16 22:40:00,5808.43,8.95,TRADE
VIC1,2025-07-16 22:45:00,5737.48,0.06,TRADE
VIC1,2025-07-16 22:50:00,5600.02,0.01,TRADE
VIC1,2025-07-16 22:55:00,5551.03,8.95,TRADE
VIC1,2025-07-16 23:00:00,5577.68,24.15,TRADE
VIC1,2025-07-16 23:05:00,5549.65,8.95,TRADE
VIC1,2025-07-16 23:10:00,5713.8,8.95,TRADE
VIC1,2025-07-16 23:15:00,5754.1,0.0,TRADE
VIC1,2025-07-16 23:20:00,5620.24,0.0,TRADE
VIC1,2025-07-16 23:25:00,5683.73,8.95,TRADE
VIC1,2025-07-16 23:30:00,5665.04,5.26,TRADE
VIC1,2025-07-16 23:35:00,5631.69,0.01,TRADE
VIC1,2025-07-16 23:40:00,5486.42,0.0,TRADE
VIC1,2025-07-16 23:45:00,5407.68,0.01,TRADE
VIC1,2025-07-16 23:50:00,5388.85,5.36,TRADE
VIC1,2025-07-16 23:55:00,5431.16,0.01,TRADE
VIC1,2025-07-17 00:00:00,5387.36,6.87,TRADE
VIC1,2025-07-17 00:05:00,5260.23,0.01,TRADE
VIC1,2025-07-17 00:10:00,5332.34,8.17,TRADE
VIC1,2025-07-17 00:15:00,5267.01,8.01,TRADE
VIC1,2025-07-17 00:20:00,5252.98,20.04,TRADE
VIC1,2025-07-17 00:25:00,5198.17,0.01,TRADE
VIC1,2025-07-17 00:30:00,5115.39,0.0,TRADE
VIC1,2025-07-17 00:35:00,5103.06,0.0,TRADE
VIC1,2025-07-17 00:40:00,5135.79,0.01,TRADE
VIC1,2025-07-17 00:45:00,5089.5,0.01,TRADE
VIC1,2025-07-17 00:50:00,5073.16,0.06,TRADE
VIC1,2025-07-17 00:55:00,5043.43,0.01,TRADE
VIC1,2025-07-17 01:00:00,5005.56,0.01,TRADE
VIC1,2025-07-17 01:05:00,4953.05,0.01,TRADE
VIC1,2025-07-17 01:10:00,4831.81,0.0,TRADE
VIC1,2025-07-17 01:15:00,4802.78,0.0,TRADE
VIC1,2025-07-17 01:20:00,4845.87,0.0,TRADE
VIC1,2025-07-17 01:25:00,4825.73,0.0,TRADE
VIC1,2025-07-17 01:30:00,4763.78,-4.8,TRADE
VIC1,2025-07-17 01:35:00,4784.83,-1.82,TRADE
VIC1,2025-07-17 01:40:00,4751.66,0.0,TRADE
VIC1,2025-07-17 01:45:00,4707.48,-5.06,TRADE
VIC1,2025-07-17 01:50:00,4684.45,-4.81,TRADE
VIC1,2025-07-17 01:55:00,4605.27,0.0,TRADE
VIC1,2025-07-17 02:00:00,4643.52,0.0,TRADE
VIC1,2025-07-17 02:05:00,4637.95,0.0,TRADE
VIC1,2025-07-17 02:10:00,4657.39,0.0,TRADE
VIC1,2025-07-17 02:15:00,4609.04,-7.07,TRADE
VIC1,2025-07-17 02:20:00,4623.83,-4.82,TRADE
VIC1,2025-07-17 02:25:00,4627.13,-1.84,TRADE
VIC1,2025-07-17 02:30:00,4625.82,0.0,TRADE
VIC1,2025-07-17 02:35:00,4517.55,-9.83,TRADE
VIC1,2025-07-17 02:40:00,4531.05,-9.96,TRADE
VIC1,2025-07-17 02:45:00,4487.56,-7.01,TRADE
VIC1,2025-07-17 02:50:00,4470.7,-9.96,TRADE
VIC1,2025-07-17 02:55:00,4468.22,-11.66,TRADE
VIC1,2025-07-17 03:00:00,4497.45,-9.83,TRADE
VIC1,2025-07-17 03:05:00,4530.94,5.26,TRADE
VIC1,2025-07-17 03:10:00,4549.37,0.02,TRADE
VIC1,2025-07-17 03:15:00,4569.29,4.29,TRADE
VIC1,2025-07-17 03:20:00,4549.03,0.68,TRADE
VIC1,2025-07-17 03:25:00,4465.16,-11.15,TRADE
VIC1,2025-07-17 03:30:00,4461.74,-11.85,TRADE
VIC1,2025-07-17 03:35:00,4447.2,-5.06,TRADE
VIC1,2025-07-17 03:40:00,4537.12,0.0,TRADE
VIC1,2025-07-17 03:45:00,4519.35,-7.41,TRADE
VIC1,2025-07-17 03:50:00,4524.64,-4.88,TRADE
VIC1,2025-07-17 03:55:00,4522.72,0.0,TRADE
VIC1,2025-07-17 04:00:00,4573.44,0.0,TRADE
VIC1,2025-07-17 04:05:00,4539.11,0.0,TRADE
VIC1,2025-07-17 04:10:00,4461.99,-9.83,TRADE
VIC1,2025-07-17 04:15:00,4482.15,-1.94,TRADE
VIC1,2025-07-17 04:20:00,4450.78,-5.06,TRADE
VIC1,2025-07-17 04:25:00,4490.52,-1.83,TRADE
VIC1,2025-07-17 04:30:00,4534.82,0.0,TRADE
VIC1,2025-07-17 04:35:00,4574.96,0.0,TRADE
VIC1,2025-07-17 04:40:00,4540.46,-7.41,TRADE
VIC1,2025-07-17 04:45:00,4574.83,-9.83,TRADE
VIC1,2025-07-17 04:50:00,4626.52,-9.83,TRADE
VIC1,2025-07-17 04:55:00,4646.82,-9.83,TRADE
VIC1,2025-07-17 05:00:00,4687.52,-7.41,TRADE
VIC1,2025-07-17 05:05:00,4623.7,-9.96,TRADE
VIC1,2025-07-17 05:10:00,4672.05,-9.96,TRADE
VIC1,2025-07-17 05:15:00,4716.57,-9.96,TRADE
VIC1,2025-07-17 05:20:00,4716.75,-9.83,TRADE
VIC1,2025-07-17 05:25:00,4826.06,-5.06,TRADE
VIC1,2025-07-17 05:30:00,4756.07,-7.41,TRADE
VIC1,2025-07-17 05:35:00,4844.03,-5.06,TRADE
VIC1,2025-07-17 05:40:00,4939.36,0.0,TRADE
VIC1,2025-07-17 05:45:00,4994.03,0.0,TRADE
VIC1,2025-07-17 05:50:00,5027.62,0.0,TRADE
VIC1,2025-07-17 05:55:00,5099.25,0.0,TRADE
VIC1,2025-07-17 06:00:00,5219.17,0.01,TRADE
VIC1,2025-07-17 06:05:00,5299.94,63.75,TRADE
VIC1,2025-07-17 06:10:00,5374.96,35.3,TRADE
VIC1,2025-07-17 06:15:00,5526.97,19.78,TRADE
VIC1,2025-07-17 06:20:00,5519.14,0.0,TRADE
VIC1,2025-07-17 06:25:00,5669.69,20.0,TRADE
VIC1,2025-07-17 06:30:00,5777.15,-14.0,TRADE
VIC1,2025-07-17 06:35:00,5842.45,-14.0,TRADE
VIC1,2025-07-17 06:40:00,5999.38,-14.0,TRADE
VIC1,2025-07-17 06:45:00,6009.89,-14.0,TRADE
VIC1,2025-07-17 06:50:00,6165.5,0.01,TRADE
VIC1,2025-07-17 06:55:00,6232.27,7.0,TRADE
VIC1,2025-07-17 07:00:00,6266.08,104.96,TRADE
VIC1,2025-07-17 07:05:00,6372.49,83.13,TRADE
VIC1,2025-07-17 07:10:00,6374.11,83.02,TRADE
VIC1,2025-07-17 07:15:00,6556.69,88.67,TRADE
VIC1,2025-07-17 07:20:00,6594.23,85.04,TRADE
VIC1,2025-07-17 07:25:00,6619.29,104.68,TRADE
VIC1,2025-07-17 07:30:00,6707.78,20.0,TRADE
VIC1,2025-07-17 07:35:00,6809.19,8.95,TRADE
VIC1,2025-07-17 07:40:00,6889.72,20.0,TRADE
VIC1,2025-07-17 07:45:00,6889.59,0.01,TRADE
VIC1,2025-07-17 07:50:00,6901.63,8.95,TRADE
VIC1,2025-07-17 07:55:00,6943.7,20.63,TRADE
VIC1,2025-07-17 08:00:00,6931.19,76.18,TRADE
VIC1,2025-07-17 08:05:00,6841.28,75.42,TRADE
VIC1,2025-07-17 08:10:00,6950.56,75.8,TRADE
VIC1,2025-07-17 08:15:00,6998.5,48.46,TRADE
VIC1,2025-07-17 08:20:00,6950.58,71.54,TRADE
VIC1,2025-07-17 08:25:00,6909.94,70.95,TRADE
VIC1,2025-07-17 08:30:00,6940.65,61.84,TRADE
VIC1,2025-07-17 08:35:00,6986.22,72.14,TRADE
VIC1,2025-07-17 08:40:00,6933.18,75.8,TRADE
VIC1,2025-07-17 08:45:00,6960.54,74.86,TRADE
VIC1,2025-07-17 08:50:00,6991.67,74.92,TRADE
VIC1,2025-07-17 08:55:00,6960.85,20.04,TRADE
VIC1,2025-07-17 09:00:00,6926.13,55.55,TRADE
VIC1,2025-07-17 09:05:00,6946.0,42.19,TRADE
VIC1,2025-07-17 09:10:00,7037.17,75.07,TRADE
VIC1,2025-07-17 09:15:00,7072.17,74.62,TRADE
VIC1,2025-07-17 09:20:00,6989.82,53.19,TRADE
VIC1,2025-07-17 09:25:00,7031.19,75.8,TRADE
VIC1,2025-07-17 09:30:00,7049.89,20.0,TRADE
VIC1,2025-07-17 09:35:00,7065.39,56.37,TRADE
VIC1,2025-07-17 09:40:00,7081.35,76.3,TRADE
VIC1,2025-07-17 09:45:00,6994.46,43.15,TRADE
VIC1,2025-07-17 09:50:00,6981.84,43.15,TRADE
VIC1,2025-07-17 09:55:00,7103.76,132.72,TRADE
VIC1,2025-07-17 10:00:00,7067.01,55.72,TRADE
VIC1,2025-07-17 10:05:00,7035.74,43.15,TRADE
VIC1,2025-07-17 10:10:00,7045.99,130.23,TRADE
VIC1,2025-07-17 10:15:00,7051.61,130.23,TRADE
VIC1,2025-07-17 10:20:00,6977.31,84.35,TRADE
VIC1,2025-07-17 10:25:00,6904.43,55.87,TRADE
VIC1,2025-07-17 10:30:00,6864.97,130.23,TRADE
VIC1,2025-07-17 10:35:00,6899.31,80.0,TRADE
VIC1,2025-07-17 10:40:00,6854.45,81.44,TRADE
VIC1,2025-07-17 10:45:00,6775.12,81.05,TRADE
VIC1,2025-07-17 10:50:00,6718.68,83.46,TRADE
VIC1,2025-07-17 10:55:00,6746.19,130.23,TRADE
VIC1,2025-07-17 11:00:00,6714.49,130.23,TRADE
VIC1,2025-07-17 11:05:00,6623.54,79.45,TRADE
VIC1,2025-07-17 11:10:00,6569.83,90.01,TRADE
VIC1,2025-07-17 11:15:00,6504.81,43.15,TRADE
VIC1,2025-07-17 11:20:00,6514.64,56.95,TRADE
VIC1,2025-07-17 11:25:00,6513.2,69.28,TRADE
VIC1,2025-07-17 11:30:00,6464.34,44.95,TRADE
VIC1,2025-07-17 11:35:00,6453.24,126.93,TRADE
VIC1,2025-07-17 11:40:00,6372.19,75.29,TRADE
VIC1,2025-07-17 11:45:00,6307.84,48.14,TRADE
VIC1,2025-07-17 11:50:00,6250.82,130.23,TRADE
VIC1,2025-07-17 11:55:00,6101.66,82.81,TRADE
VIC1,2025-07-17 12:00:00,6019.83,20.0,TRADE
VIC1,2025-07-17 12:05:00,5927.33,33.86,TRADE
VIC1,2025-07-17 12:10:00,5799.08,20.0,TRADE
VIC1,2025-07-17 12:15:00,5845.58,39.17,TRADE
VIC1,2025-07-17 12:20:00,5730.75,35.94,TRADE
VIC1,2025-07-17 12:25:00,5688.92,35.94,TRADE
VIC1,2025-07-17 12:30:00,5633.79,20.0,TRADE
VIC1,2025-07-17 12:35:00,5514.86,20.0,TRADE
VIC1,2025-07-17 12:40:00,5313.88,0.01,TRADE
VIC1,2025-07-17 12:45:00,5233.54,19.18,TRADE
VIC1,2025-07-17 12:50:00,5184.13,0.0,TRADE
VIC1,2025-07-17 12:55:00,5125.6,1.05,TRADE
VIC1,2025-07-17 13:00:00,5044.86,0.0,TRADE
VIC1,2025-07-17 13:05:00,5120.97,53.22,TRADE
VIC1,2025-07-17 13:10:00,5150.94,64.83,TRADE
VIC1,2025-07-17 13:15:00,5224.87,54.46,TRADE
VIC1,2025-07-17 13:20:00,5222.45,35.94,TRADE
VIC1,2025-07-17 13:25:00,5287.79,53.23,TRADE
VIC1,2025-07-17 13:30:00,5364.24,19.18,TRADE
VIC1,2025-07-17 13:35:00,5456.65,51.85,TRADE
VIC1,2025-07-17 13:40:00,5572.15,70.19,TRADE
VIC1,2025-07-17 13:45:00,5538.82,1.6,TRADE
VIC1,2025-07-17 13:50:00,5616.37,74.22,TRADE
VIC1,2025-07-17 13:55:00,5672.61,35.11,TRADE
VIC1,2025-07-17 14:00:00,5775.13,75.8,TRADE
VIC1,2025-07-17 14:05:00,5814.13,55.39,TRADE
VIC1,2025-07-17 14:10:00,5819.78,60.84,TRADE
VIC1,2025-07-17 14:15:00,5948.8,108.56,TRADE
VIC1,2025-07-17 14:20:00,6030.85,73.84,TRADE
VIC1,2025-07-17 14:25:00,6050.66,54.32,TRADE
VIC1,2025-07-17 14:30:00,6024.43,58.81,TRADE
VIC1,2025-07-17 14:35:00,6036.43,72.09,TRADE
VIC1,2025-07-17 14:40:00,6105.62,74.81,TRADE
VIC1,2025-07-17 14:45:00,6052.03,132.72,TRADE
VIC1,2025-07-17 14:50:00,6125.23,136.28,TRADE
VIC1,2025-07-17 14:55:00,6097.08,137.63,TRADE
VIC1,2025-07-17 15:00:00,6175.6,74.58,TRADE
VIC1,2025-07-17 15:05:00,6251.89,227.97,TRADE
VIC1,2025-07-17 15:10:00,6208.08,108.77,TRADE
VIC1,2025-07-17 15:15:00,6232.15,77.04,TRADE
VIC1,2025-07-17 15:20:00,6286.82,52.77,TRADE
VIC1,2025-07-17 15:25:00,6312.7,53.38,TRADE
VIC1,2025-07-17 15:30:00,6272.88,57.34,TRADE
VIC1,2025-07-17 15:35:00,6283.51,44.66,TRADE
VIC1,2025-07-17 15:40:00,6315.28,80.0,TRADE
VIC1,2025-07-17 15:45:00,6371.24,100.36,TRADE
VIC1,2025-07-17 15:50:00,6392.48,71.78,TRADE
VIC1,2025-07-17 15:55:00,6390.48,78.95,TRADE
VIC1,2025-07-17 16:00:00,6432.02,78.01,TRADE
VIC1,2025-07-17 16:05:00,6522.81,80.88,TRADE
VIC1,2025-07-17 16:10:00,6575.88,81.02,TRADE
VIC1,2025-07-17 16:15:00,6575.97,80.0,TRADE
VIC1,2025-07-17 16:20:00,6597.86,127.72,TRADE
VIC1,2025-07-17 16:25:00,6630.34,122.02,TRADE
VIC1,2025-07-17 16:30:00,6768.73,122.02,TRADE
VIC1,2025-07-17 16:35:00,6809.32,122.02,TRADE
VIC1,2025-07-17 16:40:00,6882.47,132.72,TRADE
VIC1,2025-07-17 16:45:00,7005.46,158.0,TRADE
VIC1,2025-07-17 16:50:00,7071.91,172.07,TRADE
VIC1,2025-07-17 16:55:00,7140.7,202.83,TRADE
VIC1,2025-07-17 17:00:00,7134.94,169.14,TRADE
VIC1,2025-07-17 17:05:00,7235.66,192.14,TRADE
VIC1,2025-07-17 17:10:00,7297.62,187.61,TRADE
VIC1,2025-07-17 17:15:00,7381.43,193.71,TRADE
VIC1,2025-07-17 17:20:00,7489.05,179.25,TRADE
VIC1,2025-07-17 17:25:00,7565.2,227.34,TRADE
VIC1,2025-07-17 17:30:00,7643.29,174.33,TRADE
VIC1,2025-07-17 17:35:00,7703.62,224.51,TRADE
VIC1,2025-07-17 17:40:00,7735.05,170.87,TRADE
VIC1,2025-07-17 17:45:00,7831.58,238.14,TRADE
VIC1,2025-07-17 17:50:00,7832.59,223.36,TRADE
VIC1,2025-07-17 17:55:00,7812.74,240.0,TRADE
VIC1,2025-07-17 18:00:00,7873.48,240.0,TRADE
VIC1,2025-07-17 18:05:00,7896.42,223.69,TRADE
VIC1,2025-07-17 18:10:00,7959.27,224.42,TRADE
VIC1,2025-07-17 18:15:00,7856.83,181.39,TRADE
VIC1,2025-07-17 18:20:00,7939.89,270.82,TRADE
VIC1,2025-07-17 18:25:00,7891.23,206.48,TRADE
VIC1,2025-07-17 18:30:00,7911.02,270.82,TRADE
VIC1,2025-07-17 18:35:00,7805.73,207.91,TRADE
VIC1,2025-07-17 18:40:00,7822.89,184.33,TRADE
VIC1,2025-07-17 18:45:00,7905.03,178.49,TRADE
VIC1,2025-07-17 18:50:00,7878.25,196.9,TRADE
VIC1,2025-07-17 18:55:00,7849.04,270.82,TRADE
VIC1,2025-07-17 19:00:00,7892.5,226.62,TRADE
VIC1,2025-07-17 19:05:00,7858.22,186.26,TRADE
VIC1,2025-07-17 19:10:00,7846.93,233.33,TRADE
VIC1,2025-07-17 19:15:00,7728.4,238.83,TRADE
VIC1,2025-07-17 19:20:00,7676.35,270.82,TRADE
VIC1,2025-07-17 19:25:00,7773.34,240.0,TRADE
VIC1,2025-07-17 19:30:00,7799.73,240.0,TRADE
VIC1,2025-07-17 19:35:00,7746.65,230.91,TRADE
VIC1,2025-07-17 19:40:00,7751.1,240.0,TRADE
VIC1,2025-07-17 19:45:00,7735.04,158.0,TRADE
VIC1,2025-07-17 19:50:00,7710.99,181.79,TRADE
VIC1,2025-07-17 19:55:00,7614.1,158.0,TRADE
VIC1,2025-07-17 20:00:00,7616.78,170.02,TRADE
VIC1,2025-07-17 20:05:00,7626.5,158.0,TRADE
VIC1,2025-07-17 20:10:00,7610.86,230.02,TRADE
VIC1,2025-07-17 20:15:00,7576.0,169.45,TRADE
VIC1,2025-07-17 20:20:00,7594.66,176.83,TRADE
VIC1,2025-07-17 20:25:00,7558.44,219.06,TRADE
VIC1,2025-07-17 20:30:00,7512.28,227.97,TRADE
VIC1,2025-07-17 20:35:00,7393.23,171.49,TRADE
VIC1,2025-07-17 20:40:00,7435.97,228.93,TRADE
VIC1,2025-07-17 20:45:00,7435.4,241.83,TRADE
VIC1,2025-07-17 20:50:00,7360.1,299.29,TRADE
VIC1,2025-07-17 20:55:00,7350.55,270.82,TRADE
VIC1,2025-07-17 21:00:00,7327.7,247.16,TRADE
VIC1,2025-07-17 21:05:00,7292.25,297.91,TRADE
VIC1,2025-07-17 21:10:00,7161.91,263.4,TRADE
VIC1,2025-07-17 21:15:00,7164.51,264.28,TRADE
VIC1,2025-07-17 21:20:00,7197.15,270.82,TRADE
VIC1,2025-07-17 21:25:00,7153.57,264.28,TRADE
VIC1,2025-07-17 21:30:00,7079.41,177.3,TRADE
VIC1,2025-07-17 21:35:00,7047.03,229.6,TRADE
VIC1,2025-07-17 21:40:00,7043.94,229.83,TRADE
VIC1,2025-07-17 21:45:00,6982.29,226.54,TRADE
VIC1,2025-07-17 21:50:00,6826.45,166.53,TRADE
VIC1,2025-07-17 21:55:00,6789.05,159.61,TRADE
VIC1,2025-07-17 22:00:00,6673.86,157.49,TRADE
VIC1,2025-07-17 22:05:00,6631.38,158.0,TRADE
VIC1,2025-07-17 22:10:00,6560.39,158.0,TRADE
VIC1,2025-07-17 22:15:00,6539.34,159.13,TRADE
VIC1,2025-07-17 22:20:00,6582.76,158.0,TRADE
VIC1,2025-07-17 22:25:00,6505.53,158.0,TRADE
VIC1,2025-07-17 22:30:00,6399.7,155.78,TRADE
VIC1,2025-07-17 22:35:00,6406.29,158.0,TRADE
VIC1,2025-07-17 22:40:00,6361.91,155.31,TRADE
VIC1,2025-07-17 22:45:00,6341.39,137.96,TRADE
VIC1,2025-07-17 22:50:00,6240.2,122.59,TRADE
VIC1,2025-07-17 22:55:00,6165.97,122.02,TRADE
VIC1,2025-07-17 23:00:00,6161.8,121.88,TRADE
VIC1,2025-07-17 23:05:00,6242.64,201.04,TRADE
VIC1,2025-07-17 23:10:00,6294.26,186.78,TRADE
VIC1,2025-07-17 23:15:00,6278.62,185.43,TRADE
VIC1,2025-07-17 23:20:00,6261.16,158.07,TRADE
VIC1,2025-07-17 23:25:00,6244.71,158.28,TRADE
VIC1,2025-07-17 23:30:00,6234.58,156.98,TRADE
VIC1,2025-07-17 23:35:00,6134.12,137.96,TRADE
VIC1,2025-07-17 23:40:00,6099.19,137.96,TRADE
VIC1,2025-07-17 23:45:00,6103.27,123.45,TRADE
VIC1,2025-07-17 23:50:00,6021.8,122.02,TRADE
VIC1,2025-07-17 23:55:00,5938.56,132.11,TRADE
VIC1,2025-07-18 00:00:00,5974.27,134.35,TRADE
VIC1,2025-07-18 00:05:00,5955.52,143.93,TRADE
VIC1,2025-07-18 00:10:00,5915.17,148.82,TRADE
VIC1,2025-07-18 00:15:00,5821.84,122.02,TRADE
VIC1,2025-07-18 00:20:00,5798.17,122.02,TRADE
VIC1,2025-07-18 00:25:00,5823.24,149.08,TRADE
VIC1,2025-07-18 00:30:00,5796.44,146.31,TRADE
VIC1,2025-07-18 00:35:00,5675.02,122.02,TRADE
VIC1,2025-07-18 00:40:00,5697.73,147.22,TRADE
VIC1,2025-07-18 00:45:00,5689.18,144.05,TRADE
VIC1,2025-07-18 00:50:00,5661.67,145.36,TRADE
VIC1,2025-07-18 00:55:00,5533.93,100.31,TRADE
VIC1,2025-07-18 01:00:00,5511.13,93.96,TRADE
VIC1,2025-07-18 01:05:00,5534.82,124.77,TRADE
VIC1,2025-07-18 01:10:00,5517.81,136.34,TRADE
VIC1,2025-07-18 01:15:00,5420.0,90.0,TRADE
VIC1,2025-07-18 01:20:00,5489.07,119.72,TRADE
VIC1,2025-07-18 01:25:00,5451.74,120.86,TRADE
VIC1,2025-07-18 01:30:00,5418.32,120.18,TRADE
VIC1,2025-07-18 01:35:00,5387.35,112.69,TRADE
VIC1,2025-07-18 01:40:00,5298.08,90.0,TRADE
VIC1,2025-07-18 01:45:00,5282.83,84.58,TRADE
VIC1,2025-07-18 01:50:00,5255.36,89.58,TRADE
VIC1,2025-07-18 01:55:00,5270.06,120.97,TRADE
VIC1,2025-07-18 02:00:00,5257.93,90.0,TRADE
VIC1,2025-07-18 02:05:00,5136.12,80.81,TRADE
VIC1,2025-07-18 02:10:00,5199.68,90.0,TRADE
VIC1,2025-07-18 02:15:00,5184.56,90.0,TRADE
VIC1,2025-07-18 02:20:00,5182.83,90.0,TRADE
VIC1,2025-07-18 02:25:00,5081.41,80.0,TRADE
VIC1,2025-07-18 02:30:00,5073.96,81.97,TRADE
VIC1,2025-07-18 02:35:00,5140.57,119.72,TRADE
VIC1,2025-07-18 02:40:00,5159.34,90.0,TRADE
VIC1,2025-07-18 02:45:00,5104.68,80.0,TRADE
VIC1,2025-07-18 02:50:00,5084.99,80.0,TRADE
VIC1,2025-07-18 02:55:00,5072.27,90.12,TRADE
VIC1,2025-07-18 03:00:00,5068.78,80.0,TRADE
VIC1,2025-07-18 03:05:00,4996.84,90.6,TRADE
VIC1,2025-07-18 03:10:00,5032.8,91.42,TRADE
VIC1,2025-07-18 03:15:00,5047.93,101.04,TRADE
VIC1,2025-07-18 03:20:00,4986.6,90.0,TRADE
VIC1,2025-07-18 03:25:00,5043.45,90.0,TRADE
VIC1,2025-07-18 03:30:00,5060.36,92.62,TRADE
VIC1,2025-07-18 03:35:00,5039.47,90.0,TRADE
VIC1,2025-07-18 03:40:00,4954.35,97.86,TRADE
VIC1,2025-07-18 03:45:00,4961.2,83.43,TRADE
VIC1,2025-07-18 03:50:00,5034.56,85.09,TRADE
VIC1,2025-07-18 03:55:00,5035.82,84.62,TRADE
VIC1,2025-07-18 04:00:00,4977.98,85.17,TRADE
VIC1,2025-07-18 04:05:00,5044.37,90.0,TRADE
VIC1,2025-07-18 04:10:00,5059.49,94.49,TRADE
VIC1,2025-07-18 04:15:00,5083.86,98.18,TRADE
VIC1,2025-07-18 04:20:00,5011.25,99.86,TRADE
VIC1,2025-07-18 04:25:00,5009.88,100.56,TRADE
VIC1,2025-07-18 04:30:00,5068.73,98.38,TRADE
VIC1,2025-07-18 04:35:00,5083.42,97.13,TRADE
VIC1,2025-07-18 04:40:00,5059.45,96.69,TRADE
VIC1,2025-07-18 04:45:00,5156.65,108.42,TRADE
VIC1,2025-07-18 04:50:00,5164.1,117.81,TRADE
VIC1,2025-07-18 04:55:00,5216.1,116.34,TRADE
VIC1,2025-07-18 05:00:00,5241.96,116.17,TRADE
VIC1,2025-07-18 05:05:00,5196.98,101.06,TRADE
VIC1,2025-07-18 05:10:00,5254.32,108.44,TRADE
VIC1,2025-07-18 05:15:00,5319.44,120.0,TRADE
VIC1,2025-07-18 05:20:00,5330.32,122.02,TRADE
VIC1,2025-07-18 05:25:00,5380.23,122.02,TRADE
VIC1,2025-07-18 05:30:00,5489.26,139.39,TRADE
VIC1,2025-07-18 05:35:00,5546.69,122.02,TRADE
VIC1,2025-07-18 05:40:00,5575.63,120.0,TRADE
VIC1,2025-07-18 05:45:00,5664.37,122.02,TRADE
VIC1,2025-07-18 05:50:00,5761.22,142.68,TRADE
VIC1,2025-07-18 05:55:00,5786.17,147.03,TRADE
VIC1,2025-07-18 06:00:00,5829.16,160.0,TRADE
VIC1,2025-07-18 06:05:00,5833.47,144.55,TRADE
VIC1,2025-07-18 06:10:00,6037.54,158.0,TRADE
VIC1,2025-07-18 06:15:00,6148.23,158.0,TRADE
VIC1,2025-07-18 06:20:00,6143.79,192.35,TRADE
VIC1,2025-07-18 06:25:00,6308.76,224.5,TRADE
VIC1,2025-07-18 06:30:00,6396.55,212.74,TRADE
VIC1,2025-07-18 06:35:00,6454.63,166.05,TRADE
VIC1,2025-07-18 06:40:00,6615.06,213.56,TRADE
VIC1,2025-07-18 06:45:00,6621.34,211.63,TRADE
VIC1,2025-07-18 06:50:00,6678.03,212.45,TRADE
VIC1,2025-07-18 06:55:00,6764.78,214.33,TRADE
VIC1,2025-07-18 07:00:00,6922.37,266.11,TRADE
VIC1,2025-07-18 07:05:00,7027.77,265.45,TRADE
VIC1,2025-07-18 07:10:00,7016.88,272.38,TRADE
VIC1,2025-07-18 07:15:00,7133.51,272.15,TRADE
VIC1,2025-07-18 07:20:00,7222.58,272.64,TRADE
VIC1,2025-07-18 07:25:00,7271.12,275.72,TRADE
VIC1,2025-07-18 07:30:00,7225.83,279.39,TRADE
VIC1,2025-07-18 07:35:00,7275.56,267.55,TRADE
VIC1,2025-07-18 07:40:00,7162.25,266.11,TRADE
VIC1,2025-07-18 07:45:00,7235.96,266.11,TRADE
VIC1,2025-07-18 07:50:00,7289.52,266.11,TRADE
VIC1,2025-07-18 07:55:00,7263.99,266.11,TRADE
VIC1,2025-07-18 08:00:00,7320.8,265.45,TRADE
VIC1,2025-07-18 08:05:00,7384.35,265.51,TRADE
VIC1,2025-07-18 08:10:00,7414.77,265.45,TRADE
VIC1,2025-07-18 08:15:00,7390.09,265.45,TRADE
VIC1,2025-07-18 08:20:00,7347.04,228.79,TRADE
VIC1,2025-07-18 08:25:00,7394.51,244.93,TRADE
VIC1,2025-07-18 08:30:00,7323.77,168.86,TRADE
VIC1,2025-07-18 08:35:00,7469.03,217.99,TRADE
VIC1,2025-07-18 08:40:00,7531.67,225.2,TRADE
VIC1,2025-07-18 08:45:00,7560.71,226.51,TRADE
VIC1,2025-07-18 08:50:00,7518.58,214.99,TRADE
VIC1,2025-07-18 08:55:00,7537.05,225.65,TRADE
VIC1,2025-07-18 09:00:00,7524.19,174.35,TRADE
VIC1,2025-07-18 09:05:00,7393.18,226.08,TRADE
VIC1,2025-07-18 09:10:00,7413.33,173.97,TRADE
VIC1,2025-07-18 09:15:00,7406.44,228.27,TRADE
VIC1,2025-07-18 09:20:00,7331.78,221.89,TRADE
VIC1,2025-07-18 09:25:00,7249.11,202.83,TRADE
VIC1,2025-07-18 09:30:00,7075.08,146.3,TRADE
VIC1,2025-07-18 09:35:00,7071.76,180.94,TRADE
VIC1,2025-07-18 09:40:00,6957.35,156.61,TRADE
VIC1,2025-07-18 09:45:00,6815.16,141.4,TRADE
VIC1,2025-07-18 09:50:00,6806.39,141.53,TRADE
VIC1,2025-07-18 09:55:00,6692.97,122.02,TRADE
VIC1,2025-07-18 10:00:00,6619.08,122.02,TRADE
VIC1,2025-07-18 10:05:00,6509.23,139.41,TRADE
VIC1,2025-07-18 10:10:00,6323.5,122.65,TRADE
VIC1,2025-07-18 10:15:00,6271.21,117.78,TRADE
VIC1,2025-07-18 10:20:00,6151.16,118.75,TRADE
VIC1,2025-07-18 10:25:00,6100.31,97.46,TRADE
VIC1,2025-07-18 10:30:00,5977.28,87.54,TRADE
VIC1,2025-07-18 10:35:00,5920.07,95.9,TRADE
VIC1,2025-07-18 10:40:00,5835.27,97.53,TRADE
VIC1,2025-07-18 10:45:00,5707.76,86.05,TRADE
VIC1,2025-07-18 10:50:00,5546.22,75.44,TRADE
VIC1,2025-07-18 10:55:00,5448.66,73.85,TRADE
VIC1,2025-07-18 11:00:00,5415.27,56.59,TRADE
VIC1,2025-07-18 11:05:00,5330.41,83.34,TRADE
VIC1,2025-07-18 11:10:00,5225.44,83.12,TRADE
VIC1,2025-07-18 11:15:00,5157.56,77.74,TRADE
VIC1,2025-07-18 11:20:00,5078.47,38.03,TRADE
VIC1,2025-07-18 11:25:00,5052.9,38.72,TRADE
VIC1,2025-07-18 11:30:00,4914.05,35.94,TRADE
VIC1,2025-07-18 11:35:00,4799.69,33.16,TRADE
VIC1,2025-07-18 11:40:00,4837.02,35.94,TRADE
VIC1,2025-07-18 11:45:00,4788.26,35.94,TRADE
VIC1,2025-07-18 11:50:00,4727.35,38.02,TRADE
VIC1,2025-07-18 11:55:00,4746.83,35.94,TRADE
VIC1,2025-07-18 12:00:00,4724.86,34.92,TRADE
VIC1,2025-07-18 12:05:00,4667.06,35.94,TRADE
VIC1,2025-07-18 12:10:00,4599.43,33.61,TRADE
VIC1,2025-07-18 12:15:00,4546.71,35.94,TRADE
VIC1,2025-07-18 12:20:00,4541.08,20.73,TRADE
VIC1,2025-07-18 12:25:00,4527.75,20.04,TRADE
VIC1,2025-07-18 12:30:00,4499.12,20.0,TRADE
VIC1,2025-07-18 12:35:00,4463.45,20.0,TRADE
VIC1,2025-07-18 12:40:00,4437.04,20.0,TRADE
VIC1,2025-07-18 12:45:00,4562.42,20.0,TRADE
VIC1,2025-07-18 12:50:00,4529.9,20.0,TRADE
VIC1,2025-07-18 12:55:00,4455.42,17.8,TRADE
VIC1,2025-07-18 13:00:00,4418.37,19.18,TRADE
VIC1,2025-07-18 13:05:00,4468.59,20.0,TRADE
VIC1,2025-07-18 13:10:00,4567.08,19.18,TRADE
VIC1,2025-07-18 13:15:00,4583.25,20.2,TRADE
VIC1,2025-07-18 13:20:00,4512.54,20.0,TRADE
VIC1,2025-07-18 13:25:00,4433.54,20.04,TRADE
VIC1,2025-07-18 13:30:00,4419.3,20.04,TRADE
VIC1,2025-07-18 13:35:00,4414.26,20.04,TRADE
VIC1,2025-07-18 13:40:00,4475.98,20.04,TRADE
VIC1,2025-07-18 13:45:00,4505.01,20.04,TRADE
VIC1,2025-07-18 13:50:00,4449.46,20.04,TRADE
VIC1,2025-07-18 13:55:00,4496.34,20.04,TRADE
VIC1,2025-07-18 14:00:00,4553.94,35.78,TRADE
VIC1,2025-07-18 14:05:00,4582.5,36.99,TRADE
VIC1,2025-07-18 14:10:00,4444.01,8.55,TRADE
VIC1,2025-07-18 14:15:00,4496.58,0.06,TRADE
VIC1,2025-07-18 14:20:00,4439.87,0.06,TRADE
VIC1,2025-07-18 14:25:00,4561.28,19.18,TRADE
VIC1,2025-07-18 14:30:00,4588.2,19.18,TRADE
VIC1,2025-07-18 14:35:00,4599.06,17.04,TRADE
VIC1,2025-07-18 14:40:00,4591.84,8.95,TRADE
VIC1,2025-07-18 14:45:00,4625.76,8.95,TRADE
VIC1,2025-07-18 14:50:00,4695.78,19.18,TRADE
VIC1,2025-07-18 14:55:00,4640.85,15.7,TRADE
VIC1,2025-07-18 15:00:00,4672.67,19.18,TRADE
VIC1,2025-07-18 15:05:00,4723.85,16.3,TRADE
VIC1,2025-07-18 15:10:00,4853.64,20.04,TRADE
VIC1,2025-07-18 15:15:00,4840.46,19.18,TRADE
VIC1,2025-07-18 15:20:00,4897.19,19.18,TRADE
VIC1,2025-07-18 15:25:00,5015.97,20.0,TRADE
VIC1,2025-07-18 15:30:00,5076.49,20.0,TRADE
VIC1,2025-07-18 15:35:00,5105.87,20.3,TRADE
VIC1,2025-07-18 15:40:00,5189.04,47.63,TRADE
VIC1,2025-07-18 15:45:00,5152.48,50.19,TRADE
VIC1,2025-07-18 15:50:00,5267.29,75.28,TRADE
VIC1,2025-07-18 15:55:00,5380.37,67.28,TRADE
VIC1,2025-07-18 16:00:00,5470.83,68.11,TRADE
VIC1,2025-07-18 16:05:00,5532.18,57.35,TRADE
VIC1,2025-07-18 16:10:00,5645.93,58.98,TRADE
VIC1,2025-07-18 16:15:00,5737.83,75.9,TRADE
VIC1,2025-07-18 16:20:00,5811.39,85.45,TRADE
VIC1,2025-07-18 16:25:00,5855.96,114.38,TRADE
VIC1,2025-07-18 16:30:00,5976.84,148.39,TRADE
VIC1,2025-07-18 16:35:00,6090.58,162.48,TRADE
VIC1,2025-07-18 16:40:00,6150.47,180.67,TRADE
VIC1,2025-07-18 16:45:00,6302.57,210.48,TRADE
VIC1,2025-07-18 16:50:00,6395.8,250.97,TRADE
VIC1,2025-07-18 16:55:00,6393.21,246.43,TRADE
VIC1,2025-07-18 17:00:00,6626.63,223.36,TRADE
VIC1,2025-07-18 17:05:00,6696.28,179.84,TRADE
VIC1,2025-07-18 17:10:00,6808.7,172.97,TRADE
VIC1,2025-07-18 17:15:00,6829.19,166.97,TRADE
VIC1,2025-07-18 17:20:00,6922.84,170.22,TRADE
VIC1,2025-07-18 17:25:00,7052.0,217.54,TRADE
VIC1,2025-07-18 17:30:00,7107.66,224.9,TRADE
VIC1,2025-07-18 17:35:00,7188.86,185.94,TRADE
VIC1,2025-07-18 17:40:00,7234.63,219.45,TRADE
VIC1,2025-07-18 17:45:00,7338.04,251.04,TRADE
VIC1,2025-07-18 17:50:00,7430.13,261.06,TRADE
VIC1,2025-07-18 17:55:00,7510.92,300.3,TRADE
VIC1,2025-07-18 18:00:00,7444.07,280.83,TRADE
VIC1,2025-07-18 18:05:00,7445.52,238.82,TRADE
VIC1,2025-07-18 18:10:00,7525.85,189.57,TRADE
VIC1,2025-07-18 18:15:00,7524.51,185.68,TRADE
VIC1,2025-07-18 18:20:00,7507.2,181.91,TRADE
VIC1,2025-07-18 18:25:00,7534.74,180.96,TRADE
VIC1,2025-07-18 18:30:00,7478.32,176.07,TRADE
VIC1,2025-07-18 18:35:00,7538.98,172.79,TRADE
VIC1,2025-07-18 18:40:00,7401.24,166.02,TRADE
VIC1,2025-07-18 18:45:00,7427.99,165.02,TRADE
VIC1,2025-07-18 18:50:00,7494.07,163.72,TRADE
VIC1,2025-07-18 18:55:00,7486.83,162.05,TRADE
VIC1,2025-07-18 19:00:00,7493.29,166.02,TRADE
VIC1,2025-07-18 19:05:00,7434.53,163.52,TRADE
VIC1,2025-07-18 19:10:00,7419.66,166.02,TRADE
VIC1,2025-07-18 19:15:00,7331.16,144.77,TRADE
VIC1,2025-07-18 19:20:00,7354.34,141.92,TRADE
VIC1,2025-07-18 19:25:00,7332.7,145.22,TRADE
VIC1,2025-07-18 19:30:00,7319.98,138.64,TRADE
VIC1,2025-07-18 19:35:00,7297.43,134.73,TRADE
VIC1,2025-07-18 19:40:00,7246.35,131.23,TRADE
VIC1,2025-07-18 19:45:00,7267.06,123.64,TRADE
VIC1,2025-07-18 19:50:00,7279.19,123.97,TRADE
VIC1,2025-07-18 19:55:00,7262.51,112.44,TRADE
VIC1,2025-07-18 20:00:00,7215.16,109.68,TRADE
VIC1,2025-07-18 20:05:00,7124.62,120.0,TRADE
VIC1,2025-07-18 20:10:00,7165.6,122.02,TRADE
VIC1,2025-07-18 20:15:00,7163.85,109.05,TRADE
VIC1,2025-07-18 20:20:00,7072.5,120.0,TRADE
VIC1,2025-07-18 20:25:00,7090.49,108.15,TRADE
VIC1,2025-07-18 20:30:00,7095.04,105.09,TRADE
VIC1,2025-07-18 20:35:00,7076.9,120.0,TRADE
VIC1,2025-07-18 20:40:00,6984.21,115.55,TRADE
VIC1,2025-07-18 20:45:00,6907.41,117.29,TRADE
VIC1,2025-07-18 20:50:00,6900.54,100.09,TRADE
VIC1,2025-07-18 20:55:00,6852.48,99.56,TRADE
VIC1,2025-07-18 21:00:00,6835.44,85.06,TRADE
VIC1,2025-07-18 21:05:00,6774.06,112.86,TRADE
VIC1,2025-07-18 21:10:00,6794.25,100.0,TRADE
VIC1,2025-07-18 21:15:00,6696.16,87.71,TRADE
VIC1,2025-07-18 21:20:00,6787.12,93.23,TRADE
VIC1,2025-07-18 21:25:00,6757.19,101.92,TRADE
VIC1,2025-07-18 21:30:00,6719.37,81.41,TRADE
VIC1,2025-07-18 21:35:00,6607.6,88.68,TRADE
VIC1,2025-07-18 21:40:00,6555.72,101.2,TRADE
VIC1,2025-07-18 21:45:00,6524.43,86.97,TRADE
VIC1,2025-07-18 21:50:00,6474.91,82.08,TRADE
VIC1,2025-07-18 21:55:00,6445.68,71.89,TRADE
VIC1,2025-07-18 22:00:00,6395.46,74.38,TRADE
VIC1,2025-07-18 22:05:00,6360.18,76.54,TRADE
VIC1,2025-07-18 22:10:00,6360.3,76.54,TRADE
VIC1,2025-07-18 22:15:00,6319.74,77.27,TRADE
VIC1,2025-07-18 22:20:00,6214.84,48.41,TRADE
VIC1,2025-07-18 22:25:00,6268.81,73.8,TRADE
VIC1,2025-07-18 22:30:00,6166.71,20.0,TRADE
VIC1,2025-07-18 22:35:00,6149.28,20.0,TRADE
VIC1,2025-07-18 22:40:00,6088.65,19.18,TRADE
VIC1,2025-07-18 22:45:00,6015.71,0.01,TRADE
VIC1,2025-07-18 22:50:00,5908.58,0.01,TRADE
VIC1,2025-07-18 22:55:00,5846.84,0.01,TRADE
VIC1,2025-07-18 23:00:00,5904.4,8.95,TRADE
VIC1,2025-07-18 23:05:00,5826.62,8.95,TRADE
VIC1,2025-07-18 23:10:00,5849.6,8.95,TRADE
VIC1,2025-07-18 23:15:00,5938.32,8.95,TRADE
VIC1,2025-07-18 23:20:00,5880.82,0.01,TRADE
VIC1,2025-07-18 23:25:00,5950.16,8.95,TRADE
VIC1,2025-07-18 23:30:00,5876.5,0.01,TRADE
VIC1,2025-07-18 23:35:00,5745.75,0.0,TRADE
VIC1,2025-07-18 23:40:00,5702.82,0.01,TRADE
VIC1,2025-07-18 23:45:00,5693.53,0.01,TRADE
VIC1,2025-07-18 23:50:00,5628.22,0.0,TRADE
VIC1,2025-07-18 23:55:00,5640.44,8.46,TRADE
VIC1,2025-07-21 00:00:00,5242.69,0.01,TRADE
VIC1,2025-07-21 00:05:00,5249.3,8.41,TRADE
VIC1,2025-07-21 00:10:00,5289.34,8.95,TRADE
VIC1,2025-07-21 00:15:00,5239.3,0.11,TRADE
VIC1,2025-07-21 00:20:00,5219.18,0.01,TRADE
VIC1,2025-07-21 00:25:00,5163.47,0.01,TRADE
VIC1,2025-07-21 00:30:00,5156.74,7.95,TRADE
VIC1,2025-07-21 00:35:00,5181.04,8.95,TRADE
VIC1,2025-07-21 00:40:00,5106.73,8.95,TRADE
VIC1,2025-07-21 00:45:00,5078.61,8.95,TRADE
VIC1,2025-07-21 00:50:00,4984.89,0.01,TRADE
VIC1,2025-07-21 00:55:00,4987.26,8.46,TRADE
VIC1,2025-07-21 01:00:00,4960.1,0.0,TRADE
VIC1,2025-07-21 01:05:00,4963.27,0.01,TRADE
VIC1,2025-07-21 01:10:00,4860.64,0.01,TRADE
VIC1,2025-07-21 01:15:00,4877.92,0.01,TRADE
VIC1,2025-07-21 01:20:00,4872.16,0.01,TRADE
VIC1,2025-07-21 01:25:00,4856.71,0.0,TRADE
VIC1,2025-07-21 01:30:00,4743.01,0.0,TRADE
VIC1,2025-07-21 01:35:00,4762.72,0.0,TRADE
VIC1,2025-07-21 01:40:00,4731.89,0.0,TRADE
VIC1,2025-07-21 01:45:00,4681.87,-2.82,TRADE
VIC1,2025-07-21 01:50:00,4645.22,0.0,TRADE
VIC1,2025-07-21 01:55:00,4706.54,0.0,TRADE
VIC1,2025-07-21 02:00:00,4673.45,0.0,TRADE
VIC1,2025-07-21 02:05:00,4580.58,-2.82,TRADE
VIC1,2025-07-21 02:10:00,4678.04,0.01,TRADE
VIC1,2025-07-21 02:15:00,4668.73,8.88,TRADE
VIC1,2025-07-21 02:20:00,4667.3,0.0,TRADE
VIC1,2025-07-21 02:25:00,4554.96,-2.82,TRADE
VIC1,2025-07-21 02:30:00,4546.86,-7.41,TRADE
VIC1,2025-07-21 02:35:00,4579.38,-2.82,TRADE
VIC1,2025-07-21 02:40:00,4578.28,0.0,TRADE
VIC1,2025-07-21 02:45:00,4485.12,-8.95,TRADE
VIC1,2025-07-21 02:50:00,4533.89,-7.41,TRADE
VIC1,2025-07-21 02:55:00,4550.18,-2.29,TRADE
VIC1,2025-07-21 03:00:00,4548.82,-2.82,TRADE
VIC1,2025-07-21 03:05:00,4565.12,-7.41,TRADE
VIC1,2025-07-21 03:10:00,4476.65,-9.83,TRADE
VIC1,2025-07-21 03:15:00,4584.02,-2.82,TRADE
VIC1,2025-07-21 03:20:00,4512.64,-9.13,TRADE
VIC1,2025-07-21 03:25:00,4543.43,-9.83,TRADE
VIC1,2025-07-21 03:30:00,4569.05,-9.07,TRADE
VIC1,2025-07-21 03:35:00,4559.98,-9.83,TRADE
VIC1,2025-07-21 03:40:00,4595.59,-2.82,TRADE
VIC1,2025-07-21 03:45:00,4601.47,-9.17,TRADE
VIC1,2025-07-21 03:50:00,4541.57,-9.96,TRADE
VIC1,2025-07-21 03:55:00,4526.8,-9.96,TRADE
VIC1,2025-07-21 04:00:00,4581.33,-9.96,TRADE
VIC1,2025-07-21 04:05:00,4599.37,-9.96,TRADE
VIC1,2025-07-21 04:10:00,4596.54,-9.96,TRADE
VIC1,2025-07-21 04:15:00,4618.71,-9.96,TRADE
VIC1,2025-07-21 04:20:00,4613.57,-14.0,TRADE
VIC1,2025-07-21 04:25:00,4625.55,-12.79,TRADE
VIC1,2025-07-21 04:30:00,4578.84,-12.79,TRADE
VIC1,2025-07-21 04:35:00,4599.36,-14.0,TRADE
VIC1,2025-07-21 04:40:00,4696.95,-9.96,TRADE
VIC1,2025-07-21 04:45:00,4729.46,-9.96,TRADE
VIC1,2025-07-21 04:50:00,4662.67,-14.0,TRADE
VIC1,2025-07-21 04:55:00,4742.56,-12.79,TRADE
VIC1,2025-07-21 05:00:00,4774.08,-9.96,TRADE
VIC1,2025-07-21 05:05:00,4822.11,-9.96,TRADE
VIC1,2025-07-21 05:10:00,4900.85,-9.96,TRADE
VIC1,2025-07-21 05:15:00,4877.48,-9.96,TRADE
VIC1,2025-07-21 05:20:00,4920.83,-9.96,TRADE
VIC1,2025-07-21 05:25:00,5059.99,-7.41,TRADE
VIC1,2025-07-21 05:30:00,5091.66,-7.41,TRADE
VIC1,2025-07-21 05:35:00,5079.81,-7.41,TRADE
VIC1,2025-07-21 05:40:00,5177.14,0.0,TRADE
VIC1,2025-07-21 05:45:00,5233.98,0.0,TRADE
VIC1,2025-07-21 05:50:00,5283.41,0.41,TRADE
VIC1,2025-07-21 05:55:00,5308.09,0.01,TRADE
VIC1,2025-07-21 06:00:00,5406.63,8.95,TRADE
VIC1,2025-07-21 06:05:00,5586.17,8.95,TRADE
VIC1,2025-07-21 06:10:00,5716.39,20.0,TRADE
VIC1,2025-07-21 06:15:00,5786.98,24.5,TRADE
VIC1,2025-07-21 06:20:00,5982.31,34.51,TRADE
VIC1,2025-07-21 06:25:00,6092.16,34.15,TRADE
VIC1,2025-07-21 06:30:00,6196.71,51.04,TRADE
VIC1,2025-07-21 06:35:00,6182.23,41.02,TRADE
VIC1,2025-07-21 06:40:00,6331.12,44.89,TRADE
VIC1,2025-07-21 06:45:00,6540.06,59.18,TRADE
VIC1,2025-07-21 06:50:00,6633.63,74.99,TRADE
VIC1,2025-07-21 06:55:00,6802.48,88.53,TRADE
VIC1,2025-07-21 07:00:00,6851.17,8.95,TRADE
VIC1,2025-07-21 07:05:00,7035.4,8.95,TRADE
VIC1,2025-07-21 07:10:00,7084.29,0.0,TRADE
VIC1,2025-07-21 07:15:00,7213.1,0.01,TRADE
VIC1,2025-07-21 07:20:00,7245.83,8.95,TRADE
VIC1,2025-07-21 07:25:00,7300.41,8.07,TRADE
VIC1,2025-07-21 07:30:00,7422.73,28.05,TRADE
VIC1,2025-07-21 07:35:00,7514.46,27.61,TRADE
VIC1,2025-07-21 07:40:00,7520.93,20.0,TRADE
VIC1,2025-07-21 07:45:00,7650.69,59.09,TRADE
VIC1,2025-07-21 07:50:00,7712.76,79.16,TRADE
VIC1,2025-07-21 07:55:00,7781.62,76.26,TRADE
VIC1,2025-07-21 08:00:00,7714.25,20.0,TRADE
VIC1,2025-07-21 08:05:00,7736.0,48.46,TRADE
VIC1,2025-07-21 08:10:00,7837.0,55.34,TRADE
VIC1,2025-07-21 08:15:00,7876.37,37.72,TRADE
VIC1,2025-07-21 08:20:00,7735.48,20.0,TRADE
VIC1,2025-07-21 08:25:00,7785.02,20.0,TRADE
VIC1,2025-07-21 08:30:00,7743.39,8.95,TRADE
VIC1,2025-07-21 08:35:00,7718.67,8.95,TRADE
VIC1,2025-07-21 08:40:00,7559.13,8.95,TRADE
VIC1,2025-07-21 08:45:00,7572.72,8.95,TRADE
VIC1,2025-07-21 08:50:00,7516.44,20.2,TRADE
VIC1,2025-07-21 08:55:00,7501.68,20.1,TRADE
VIC1,2025-07-21 09:00:00,7490.77,8.95,TRADE
VIC1,2025-07-21 09:05:00,7463.93,0.06,TRADE
VIC1,2025-07-21 09:10:00,7393.23,0.06,TRADE
VIC1,2025-07-21 09:15:00,7358.45,20.1,TRADE
VIC1,2025-07-21 09:20:00,7274.9,8.95,TRADE
VIC1,2025-07-21 09:25:00,7107.72,0.0,TRADE
VIC1,2025-07-21 09:30:00,7081.81,0.06,TRADE
VIC1,2025-07-21 09:35:00,6949.06,19.18,TRADE
VIC1,2025-07-21 09:40:00,6888.18,19.18,TRADE
VIC1,2025-07-21 09:45:00,6822.04,19.18,TRADE
VIC1,2025-07-21 09:50:00,6816.11,19.18,TRADE
VIC1,2025-07-21 09:55:00,6648.63,-2.53,TRADE
VIC1,2025-07-21 10:00:00,6699.49,0.01,TRADE
VIC1,2025-07-21 10:05:00,6632.08,33.89,TRADE
VIC1,2025-07-21 10:10:00,6669.37,39.83,TRADE
VIC1,2025-07-21 10:15:00,6587.94,35.94,TRADE
VIC1,2025-07-21 10:20:00,6482.3,35.94,TRADE
VIC1,2025-07-21 10:25:00,6412.25,35.29,TRADE
VIC1,2025-07-21 10:30:00,6376.81,19.18,TRADE
VIC1,2025-07-21 10:35:00,6225.09,35.79,TRADE
VIC1,2025-07-21 10:40:00,6156.17,2.2,TRADE
VIC1,2025-07-21 10:45:00,6052.08,19.18,TRADE
VIC1,2025-07-21 10:50:00,5926.53,19.18,TRADE
VIC1,2025-07-21 10:55:00,5865.01,-9.83,TRADE
VIC1,2025-07-21 11:00:00,5747.01,8.95,TRADE
VIC1,2025-07-21 11:05:00,5598.29,-9.96,TRADE
VIC1,2025-07-21 11:10:00,5535.64,8.95,TRADE
VIC1,2025-07-21 11:15:00,5407.64,0.0,TRADE
VIC1,2025-07-21 11:20:00,5396.93,8.95,TRADE
VIC1,2025-07-21 11:25:00,5369.0,8.95,TRADE
VIC1,2025-07-21 11:30:00,5234.95,-7.82,TRADE
VIC1,2025-07-21 11:35:00,5201.57,13.35,TRADE
VIC1,2025-07-21 11:40:00,5205.21,19.18,TRADE
VIC1,2025-07-21 11:45:00,5141.84,12.48,TRADE
VIC1,2025-07-21 11:50:00,5019.55,0.06,TRADE
VIC1,2025-07-21 11:55:00,4995.98,7.77,TRADE
VIC1,2025-07-21 12:00:00,4950.71,-12.79,TRADE
VIC1,2025-07-21 12:05:00,4963.58,-9.96,TRADE
VIC1,2025-07-21 12:10:00,4907.11,-9.83,TRADE
VIC1,2025-07-21 12:15:00,4858.26,0.06,TRADE
VIC1,2025-07-21 12:20:00,4738.23,-12.79,TRADE
VIC1,2025-07-21 12:25:00,4777.57,-14.0,TRADE
VIC1,2025-07-21 12:30:00,4675.15,-14.0,TRADE
VIC1,2025-07-21 12:35:00,4609.1,-14.0,TRADE
VIC1,2025-07-21 12:40:00,4725.13,-14.0,TRADE
VIC1,2025-07-21 12:45:00,4680.23,-14.0,TRADE
VIC1,2025-07-21 12:50:00,4586.21,-16.5,TRADE
VIC1,2025-07-21 12:55:00,4593.68,-14.0,TRADE
VIC1,2025-07-21 13:00:00,4577.58,-14.0,TRADE
VIC1,2025-07-21 13:05:00,4518.0,-18.14,TRADE
VIC1,2025-07-21 13:10:00,4529.46,-18.14,TRADE
VIC1,2025-07-21 13:15:00,4585.41,-14.0,TRADE
VIC1,2025-07-21 13:20:00,4470.41,-16.5,TRADE
VIC1,2025-07-21 13:25:00,4457.57,-20.99,TRADE
VIC1,2025-07-21 13:30:00,4433.22,-20.99,TRADE
VIC1,2025-07-21 13:35:00,4419.13,-20.99,TRADE
VIC1,2025-07-21 13:40:00,4388.24,-22.63,TRADE
VIC1,2025-07-21 13:45:00,4338.73,-19.99,TRADE
VIC1,2025-07-21 13:50:00,4311.75,-17.42,TRADE
VIC1,2025-07-21 13:55:00,4409.24,-20.99,TRADE
VIC1,2025-07-21 14:00:00,4461.71,-16.5,TRADE
VIC1,2025-07-21 14:05:00,4453.19,-16.5,TRADE
VIC1,2025-07-21 14:10:00,4441.45,-14.17,TRADE
VIC1,2025-07-21 14:15:00,4478.81,-20.99,TRADE
VIC1,2025-07-21 14:20:00,4529.03,-19.93,TRADE
VIC1,2025-07-21 14:25:00,4523.36,-14.0,TRADE
VIC1,2025-07-21 14:30:00,4478.43,-19.99,TRADE
VIC1,2025-07-21 14:35:00,4558.29,-19.95,TRADE
VIC1,2025-07-21 14:40:00,4607.58,-14.0,TRADE
VIC1,2025-07-21 14:45:00,4591.53,-16.64,TRADE
VIC1,2025-07-21 14:50:00,4656.68,-15.88,TRADE
VIC1,2025-07-21 14:55:00,4643.19,-19.99,TRADE
VIC1,2025-07-21 15:00:00,4723.44,-19.95,TRADE
VIC1,2025-07-21 15:05:00,4674.13,-19.99,TRADE
VIC1,2025-07-21 15:10:00,4710.56,-20.99,TRADE
VIC1,2025-07-21 15:15:00,4874.99,-14.0,TRADE
VIC1,2025-07-21 15:20:00,4880.77,-14.0,TRADE
VIC1,2025-07-21 15:25:00,4889.34,10.08,TRADE
VIC1,2025-07-21 15:30:00,4998.47,8.95,TRADE
VIC1,2025-07-21 15:35:00,5105.11,-14.0,TRADE
VIC1,2025-07-21 15:40:00,5239.76,-20.99,TRADE
VIC1,2025-07-21 15:45:00,5314.32,-17.4,TRADE
VIC1,2025-07-21 15:50:00,5361.55,-16.62,TRADE
VIC1,2025-07-21 15:55:00,5534.84,-14.0,TRADE
VIC1,2025-07-21 16:00:00,5669.36,-14.0,TRADE
VIC1,2025-07-21 16:05:00,5747.06,-14.0,TRADE
VIC1,2025-07-21 16:10:00,5780.92,-14.0,TRADE
VIC1,2025-07-21 16:15:00,5960.45,8.25,TRADE
VIC1,2025-07-21 16:20:00,6033.09,7.82,TRADE
VIC1,2025-07-21 16:25:00,6119.93,75.8,TRADE
VIC1,2025-07-21 16:30:00,6120.96,75.8,TRADE
VIC1,2025-07-21 16:35:00,6214.17,70.67,TRADE
VIC1,2025-07-21 16:40:00,6269.99,73.79,TRADE
VIC1,2025-07-21 16:45:00,6416.35,75.8,TRADE
VIC1,2025-07-21 16:50:00,6536.33,101.68,TRADE
VIC1,2025-07-21 16:55:00,6557.13,71.12,TRADE
VIC1,2025-07-21 17:00:00,6793.84,75.8,TRADE
VIC1,2025-07-21 17:05:00,6833.6,20.0,TRADE
VIC1,2025-07-21 17:10:00,6943.68,8.95,TRADE
VIC1,2025-07-21 17:15:00,7019.4,8.95,TRADE
VIC1,2025-07-21 17:20:00,7041.72,8.95,TRADE
VIC1,2025-07-21 17:25:00,7206.39,8.95,TRADE
VIC1,2025-07-21 17:30:00,7299.73,8.95,TRADE
VIC1,2025-07-21 17:35:00,7363.36,20.0,TRADE
VIC1,2025-07-21 17:40:00,7474.52,30.3,TRADE
VIC1,2025-07-21 17:45:00,7588.39,38.68,TRADE
VIC1,2025-07-21 17:50:00,7650.44,97.76,TRADE
VIC1,2025-07-21 17:55:00,7648.94,31.27,TRADE
VIC1,2025-07-21 18:00:00,7691.08,57.33,TRADE
VIC1,2025-07-21 18:05:00,7726.73,53.22,TRADE
VIC1,2025-07-21 18:10:00,7773.92,52.93,TRADE
VIC1,2025-07-21 18:15:00,7778.33,76.68,TRADE
VIC1,2025-07-21 18:20:00,7732.58,113.3,TRADE
VIC1,2025-07-21 18:25:00,7766.69,114.94,TRADE
VIC1,2025-07-21 18:30:00,7737.46,103.79,TRADE
VIC1,2025-07-21 18:35:00,7722.84,151.66,TRADE
VIC1,2025-07-21 18:40:00,7683.71,149.22,TRADE
VIC1,2025-07-21 18:45:00,7588.04,82.92,TRADE
VIC1,2025-07-21 18:50:00,7609.56,65.0,TRADE
VIC1,2025-07-21 18:55:00,7588.24,65.17,TRADE
VIC1,2025-07-21 19:00:00,7561.97,73.36,TRADE
VIC1,2025-07-21 19:05:00,7572.34,199.19,TRADE
VIC1,2025-07-21 19:10:00,7498.54,149.1,TRADE
VIC1,2025-07-21 19:15:00,7489.83,62.47,TRADE
VIC1,2025-07-21 19:20:00,7510.23,54.52,TRADE
VIC1,2025-07-21 19:25:00,7541.83,121.47,TRADE
VIC1,2025-07-21 19:30:00,7412.1,33.87,TRADE
VIC1,2025-07-21 19:35:00,7337.62,-4.17,TRADE
VIC1,2025-07-21 19:40:00,7372.16,42.68,TRADE
VIC1,2025-07-21 19:45:00,7348.67,77.6,TRADE
VIC1,2025-07-21 19:50:00,7321.77,92.66,TRADE
VIC1,2025-07-21 19:55:00,7283.63,-51.1,TRADE
VIC1,2025-07-21 20:00:00,7262.89,198.98,TRADE
VIC1,2025-07-21 20:05:00,7262.41,-157.63,TRADE
VIC1,2025-07-21 20:10:00,7397.89,-48.76,TRADE
VIC1,2025-07-21 20:15:00,7263.95,-16.04,TRADE
VIC1,2025-07-21 20:20:00,7262.35,13.76,TRADE
VIC1,2025-07-21 20:25:00,7228.83,13.67,TRADE
VIC1,2025-07-21 20:30:00,7092.55,6.64,TRADE
VIC1,2025-07-21 20:35:00,7144.38,15.21,TRADE
VIC1,2025-07-21 20:40:00,6998.39,31.25,TRADE
VIC1,2025-07-21 20:45:00,6950.34,17.29,TRADE
VIC1,2025-07-21 20:50:00,6817.44,8.19,TRADE
VIC1,2025-07-21 20:55:00,6736.93,-14.46,TRADE
VIC1,2025-07-21 21:00:00,6744.16,0.91,TRADE
VIC1,2025-07-21 21:05:00,6701.25,14.68,TRADE
VIC1,2025-07-21 21:10:00,6553.99,14.69,TRADE
VIC1,2025-07-21 21:15:00,6573.5,15.25,TRADE
VIC1,2025-07-21 21:20:00,6576.2,7.41,TRADE
VIC1,2025-07-21 21:25:00,6478.14,15.23,TRADE
VIC1,2025-07-21 21:30:00,6438.54,14.46,TRADE
VIC1,2025-07-21 21:35:00,6347.46,8.95,TRADE
VIC1,2025-07-21 21:40:00,6343.56,20.0,TRADE
VIC1,2025-07-21 21:45:00,6251.67,8.95,TRADE
VIC1,2025-07-21 21:50:00,6157.25,8.95,TRADE
VIC1,2025-07-21 21:55:00,6152.49,8.95,TRADE
VIC1,2025-07-21 22:00:00,6086.14,8.95,TRADE
VIC1,2025-07-21 22:05:00,6029.8,8.95,TRADE
VIC1,2025-07-21 22:10:00,5960.57,-4.92,TRADE
VIC1,2025-07-21 22:15:00,5811.21,-14.0,TRADE
VIC1,2025-07-21 22:20:00,5913.42,-14.0,TRADE
VIC1,2025-07-21 22:25:00,5845.94,-14.0,TRADE
VIC1,2025-07-21 22:30:00,5672.04,0.0,TRADE
VIC1,2025-07-21 22:35:00,5689.35,47.2,TRADE
VIC1,2025-07-21 22:40:00,5604.47,-9.83,TRADE
VIC1,2025-07-21 22:45:00,5555.54,-7.41,TRADE
VIC1,2025-07-21 22:50:00,5423.78,-9.96,TRADE
VIC1,2025-07-21 22:55:00,5345.31,-14.0,TRADE
VIC1,2025-07-21 23:00:00,5292.43,-14.0,TRADE
VIC1,2025-07-21 23:05:00,5354.25,-9.96,TRADE
VIC1,2025-07-21 23:10:00,5429.2,-7.41,TRADE
VIC1,2025-07-21 23:15:00,5419.92,-9.83,TRADE
VIC1,2025-07-21 23:20:00,5442.14,-9.83,TRADE
VIC1,2025-07-21 23:25:00,5439.71,-7.41,TRADE
VIC1,2025-07-21 23:30:00,5401.25,-9.83,TRADE
VIC1,2025-07-21 23:35:00,5356.77,-9.83,TRADE
VIC1,2025-07-21 23:40:00,5240.17,-9.96,TRADE
VIC1,2025-07-21 23:45:00,5296.43,-9.96,TRADE
VIC1,2025-07-21 23:50:00,5264.43,-9.83,TRADE
VIC1,2025-07-21 23:55:00,5256.78,-9.83,TRADE
VIC1,2025-07-22 00:00:00,5181.9,-9.96,TRADE
VIC1,2025-07-22 00:05:00,5159.27,-9.96,TRADE
VIC1,2025-07-22 00:10:00,5129.11,-9.96,TRADE
VIC1,2025-07-22 00:15:00,5084.7,-12.79,TRADE
VIC1,2025-07-22 00:20:00,4973.29,-14.0,TRADE
VIC1,2025-07-22 00:25:00,4930.47,-14.0,TRADE
VIC1,2025-07-22 00:30:00,4960.87,-14.0,TRADE
VIC1,2025-07-22 00:35:00,4907.42,-14.0,TRADE
VIC1,2025-07-22 00:40:00,4899.54,-14.0,TRADE
VIC1,2025-07-22 00:45:00,4888.41,-14.0,TRADE
VIC1,2025-07-22 00:50:00,4906.0,-14.0,TRADE
VIC1,2025-07-22 00:55:00,4871.38,-14.0,TRADE
VIC1,2025-07-22 01:00:00,4845.78,-14.0,TRADE
VIC1,2025-07-22 01:05:00,4751.52,-14.0,TRADE
VIC1,2025-07-22 01:10:00,4781.51,-14.0,TRADE
VIC1,2025-07-22 01:15:00,4785.52,-14.0,TRADE
VIC1,2025-07-22 01:20:00,4693.69,-14.0,TRADE
VIC1,2025-07-22 01:25:00,4721.91,-14.0,TRADE
VIC1,2025-07-22 01:30:00,4714.28,-14.0,TRADE
VIC1,2025-07-22 01:35:00,4699.04,-14.0,TRADE
VIC1,2025-07-22 01:40:00,4640.97,-14.0,TRADE
VIC1,2025-07-22 01:45:00,4537.09,-14.0,TRADE
VIC1,2025-07-22 01:50:00,4617.89,-14.0,TRADE
VIC1,2025-07-22 01:55:00,4587.46,-14.0,TRADE
VIC1,2025-07-22 02:00:00,4574.87,-14.0,TRADE
VIC1,2025-07-22 02:05:00,4544.53,-14.0,TRADE
VIC1,2025-07-22 02:10:00,4544.07,-14.0,TRADE
VIC1,2025-07-22 02:15:00,4526.21,-14.0,TRADE
VIC1,2025-07-22 02:20:00,4509.98,-14.0,TRADE
VIC1,2025-07-22 02:25:00,4386.93,-14.0,TRADE
VIC1,2025-07-22 02:30:00,4379.87,-14.0,TRADE
VIC1,2025-07-22 02:35:00,4388.84,-14.0,TRADE
VIC1,2025-07-22 02:40:00,4377.97,-14.0,TRADE
VIC1,2025-07-22 02:45:00,4374.67,-14.0,TRADE
VIC1,2025-07-22 02:50:00,4334.57,-14.0,TRADE
VIC1,2025-07-22 02:55:00,4375.78,-14.0,TRADE
VIC1,2025-07-22 03:00:00,4374.29,-15.08,TRADE
VIC1,2025-07-22 03:05:00,4380.8,-19.96,TRADE
VIC1,2025-07-22 03:10:00,4294.44,-19.96,TRADE
VIC1,2025-07-22 03:15:00,4292.45,-20.34,TRADE
VIC1,2025-07-22 03:20:00,4279.44,-19.96,TRADE
VIC1,2025-07-22 03:25:00,4234.88,-19.56,TRADE
VIC1,2025-07-22 03:30:00,4239.84,-16.08,TRADE
VIC1,2025-07-22 03:35:00,4287.94,-16.45,TRADE
VIC1,2025-07-22 03:40:00,4297.09,-17.68,TRADE
VIC1,2025-07-22 03:45:00,4271.15,-16.38,TRADE
VIC1,2025-07-22 03:50:00,4250.74,-16.45,TRADE
VIC1,2025-07-22 03:55:00,4248.94,-17.67,TRADE
VIC1,2025-07-22 04:00:00,4249.86,-16.79,TRADE
VIC1,2025-07-22 04:05:00,4194.89,-19.96,TRADE
VIC1,2025-07-22 04:10:00,4202.12,-18.14,TRADE
VIC1,2025-07-22 04:15:00,4266.46,-19.99,TRADE
VIC1,2025-07-22 04:20:00,4292.78,-19.96,TRADE
VIC1,2025-07-22 04:25:00,4247.56,-19.99,TRADE
VIC1,2025-07-22 04:30:00,4270.25,-19.72,TRADE
VIC1,2025-07-22 04:35:00,4320.81,-19.96,TRADE
VIC1,2025-07-22 04:40:00,4278.86,-19.7,TRADE
VIC1,2025-07-22 04:45:00,4313.76,-19.61,TRADE
VIC1,2025-07-22 04:50:00,4316.36,-19.55,TRADE
VIC1,2025-07-22 04:55:00,4398.63,-19.96,TRADE
VIC1,2025-07-22 05:00:00,4401.27,-16.64,TRADE
VIC1,2025-07-22 05:05:00,4408.32,-16.34,TRADE
VIC1,2025-07-22 05:10:00,4413.0,-16.26,TRADE
VIC1,2025-07-22 05:15:00,4505.98,-14.0,TRADE
VIC1,2025-07-22 05:20:00,4565.02,-14.0,TRADE
VIC1,2025-07-22 05:25:00,4630.41,-16.48,TRADE
VIC1,2025-07-22 05:30:00,4612.38,-14.0,TRADE
VIC1,2025-07-22 05:35:00,4653.14,-14.0,TRADE
VIC1,2025-07-22 05:40:00,4709.94,-14.0,TRADE
VIC1,2025-07-22 05:45:00,4758.36,-14.0,TRADE
VIC1,2025-07-22 05:50:00,4749.02,-14.0,TRADE
VIC1,2025-07-22 05:55:00,4785.27,-14.0,TRADE
VIC1,2025-07-22 06:00:00,4924.59,-14.0,TRADE
VIC1,2025-07-22 06:05:00,4980.49,-14.0,TRADE
VIC1,2025-07-22 06:10:00,5034.09,-9.96,TRADE
VIC1,2025-07-22 06:15:00,5205.05,-9.96,TRADE
VIC1,2025-07-22 06:20:00,5238.46,-2.82,TRADE
VIC1,2025-07-22 06:25:00,5349.4,0.01,TRADE
VIC1,2025-07-22 06:30:00,5333.62,0.01,TRADE
VIC1,2025-07-22 06:35:00,5467.56,2.13,TRADE
VIC1,2025-07-22 06:40:00,5655.71,36.76,TRADE
VIC1,2025-07-22 06:45:00,5726.26,20.74,TRADE
VIC1,2025-07-22 06:50:00,5740.12,20.73,TRADE
VIC1,2025-07-22 06:55:00,5881.38,53.57,TRADE
VIC1,2025-07-22 07:00:00,5954.96,55.79,TRADE
VIC1,2025-07-22 07:05:00,6040.08,45.82,TRADE
VIC1,2025-07-22 07:10:00,6031.14,8.95,TRADE
VIC1,2025-07-22 07:15:00,6142.22,8.95,TRADE
VIC1,2025-07-22 07:20:00,6263.05,26.97,TRADE
VIC1,2025-07-22 07:25:00,6327.57,15.01,TRADE
VIC1,2025-07-22 07:30:00,6467.96,15.08,TRADE
VIC1,2025-07-22 07:35:00,6557.76,27.04,TRADE
VIC1,2025-07-22 07:40:00,6601.6,26.39,TRADE
VIC1,2025-07-22 07:45:00,6642.36,8.95,TRADE
VIC1,2025-07-22 07:50:00,6701.92,20.0,TRADE
VIC1,2025-07-22 07:55:00,6745.71,8.95,TRADE
VIC1,2025-07-22 08:00:00,6602.64,8.95,TRADE
VIC1,2025-07-22 08:05:00,6576.72,8.95,TRADE
VIC1,2025-07-22 08:10:00,6619.49,8.95,TRADE
VIC1,2025-07-22 08:15:00,6583.96,8.95,TRADE
VIC1,2025-07-22 08:20:00,6574.48,8.95,TRADE
VIC1,2025-07-22 08:25:00,6483.15,8.95,TRADE
VIC1,2025-07-22 08:30:00,6488.61,8.95,TRADE
VIC1,2025-07-22 08:35:00,6481.33,8.95,TRADE
VIC1,2025-07-22 08:40:00,6396.51,8.95,TRADE
VIC1,2025-07-22 08:45:00,6472.75,8.95,TRADE
VIC1,2025-07-22 08:50:00,6524.17,8.95,TRADE
VIC1,2025-07-22 08:55:00,6525.28,0.77,TRADE
VIC1,2025-07-22 09:00:00,6451.15,8.95,TRADE
VIC1,2025-07-22 09:05:00,6455.91,8.95,TRADE
VIC1,2025-07-22 09:10:00,6470.76,8.95,TRADE
VIC1,2025-07-22 09:15:00,6517.43,8.95,TRADE
VIC1,2025-07-22 09:20:00,6427.65,8.95,TRADE
VIC1,2025-07-22 09:25:00,6412.37,1.05,TRADE
VIC1,2025-07-22 09:30:00,6519.68,8.95,TRADE
VIC1,2025-07-22 09:35:00,6563.15,1.87,TRADE
VIC1,2025-07-22 09:40:00,6533.1,12.59,TRADE
VIC1,2025-07-22 09:45:00,6448.81,4.74,TRADE
VIC1,2025-07-22 09:50:00,6428.09,24.98,TRADE
VIC1,2025-07-22 09:55:00,6411.18,13.16,TRADE
VIC1,2025-07-22 10:00:00,6416.02,8.95,TRADE
VIC1,2025-07-22 10:05:00,6376.37,8.95,TRADE
VIC1,2025-07-22 10:10:00,6404.92,8.95,TRADE
VIC1,2025-07-22 10:15:00,6438.08,12.55,TRADE
VIC1,2025-07-22 10:20:00,6339.93,21.51,TRADE
VIC1,2025-07-22 10:25:00,6360.83,3.92,TRADE
VIC1,2025-07-22 10:30:00,6370.22,8.95,TRADE
VIC1,2025-07-22 10:35:00,6348.31,8.95,TRADE
VIC1,2025-07-22 10:40:00,6208.69,-14.0,TRADE
VIC1,2025-07-22 10:45:00,6208.69,8.95,TRADE
VIC1,2025-07-22 10:50:00,6198.19,8.95,TRADE
VIC1,2025-07-22 10:55:00,6128.7,-14.0,TRADE
VIC1,2025-07-22 11:00:00,6140.82,-2.93,TRADE
VIC1,2025-07-22 11:05:00,6236.89,8.95,TRADE
VIC1,2025-07-22 11:10:00,6282.41,32.21,TRADE
VIC1,2025-07-22 11:15:00,6327.44,14.13,TRADE
VIC1,2025-07-22 11:20:00,6323.11,-1.7,TRADE
VIC1,2025-07-22 11:25:00,6405.09,20.0,TRADE
VIC1,2025-07-22 11:30:00,6426.63,14.42,TRADE
VIC1,2025-07-22 11:35:00,6565.14,17.05,TRADE
VIC1,2025-07-22 11:40:00,6589.67,15.84,TRADE
VIC1,2025-07-22 11:45:00,6603.35,18.41,TRADE
VIC1,2025-07-22 11:50:00,6631.04,-3.77,TRADE
VIC1,2025-07-22 11:55:00,6665.72,18.41,TRADE
VIC1,2025-07-22 12:00:00,6676.07,79.41,TRADE
VIC1,2025-07-22 12:05:00,6539.02,37.36,TRADE
VIC1,2025-07-22 12:10:00,6582.37,-27.0,TRADE
VIC1,2025-07-22 12:15:00,6713.0,37.1,TRADE
VIC1,2025-07-22 12:20:00,6669.93,18.3,TRADE
VIC1,2025-07-22 12:25:00,6677.43,40.79,TRADE
VIC1,2025-07-22 12:30:00,6714.9,127.61,TRADE
VIC1,2025-07-22 12:35:00,6711.96,136.61,TRADE
VIC1,2025-07-22 12:40:00,6755.0,-37.23,TRADE
VIC1,2025-07-22 12:45:00,6737.43,-44.2,TRADE
VIC1,2025-07-22 12:50:00,6802.44,-4.73,TRADE
VIC1,2025-07-22 12:55:00,6702.43,11.23,TRADE
VIC1,2025-07-22 13:00:00,6768.19,-14.0,TRADE
VIC1,2025-07-22 13:05:00,6853.18,-9.61,TRADE
VIC1,2025-07-22 13:10:00,6880.13,-9.21,TRADE
VIC1,2025-07-22 13:15:00,6878.51,45.89,TRADE
VIC1,2025-07-22 13:20:00,6883.59,30.22,TRADE
VIC1,2025-07-22 13:25:00,6910.68,45.89,TRADE
VIC1,2025-07-22 13:30:00,6792.28,73.02,TRADE
VIC1,2025-07-22 13:35:00,6832.57,45.89,TRADE
VIC1,2025-07-22 13:40:00,6938.23,45.89,TRADE
VIC1,2025-07-22 13:45:00,6898.42,43.49,TRADE
VIC1,2025-07-22 13:50:00,6873.37,13.03,TRADE
VIC1,2025-07-22 13:55:00,6934.67,136.46,TRADE
VIC1,2025-07-22 14:00:00,6806.8,45.89,TRADE
VIC1,2025-07-22 14:05:00,6821.1,17.96,TRADE
VIC1,2025-07-22 14:10:00,6688.85,17.96,TRADE
VIC1,2025-07-22 14:15:00,6680.1,-5.2,TRADE
VIC1,2025-07-22 14:20:00,6614.13,-37.28,TRADE
VIC1,2025-07-22 14:25:00,6412.89,-38.31,TRADE
VIC1,2025-07-22 14:30:00,6473.61,-22.63,TRADE
VIC1,2025-07-22 14:35:00,6260.28,-22.63,TRADE
VIC1,2025-07-22 14:40:00,6219.2,-22.63,TRADE
VIC1,2025-07-22 14:45:00,6080.91,-19.99,TRADE
VIC1,2025-07-22 14:50:00,5962.37,-21.59,TRADE
VIC1,2025-07-22 14:55:00,5924.19,-22.63,TRADE
VIC1,2025-07-22 15:00:00,5840.73,-37.09,TRADE
VIC1,2025-07-22 15:05:00,5666.8,-20.0,TRADE
VIC1,2025-07-22 15:10:00,5606.55,-16.5,TRADE
VIC1,2025-07-22 15:15:00,5575.75,-15.71,TRADE
VIC1,2025-07-22 15:20:00,5517.32,-20.0,TRADE
VIC1,2025-07-22 15:25:00,5718.28,-14.0,TRADE
VIC1,2025-07-22 15:30:00,5664.78,-14.0,TRADE
VIC1,2025-07-22 15:35:00,5634.53,-14.0,TRADE
VIC1,2025-07-22 15:40:00,5711.31,-9.96,TRADE
VIC1,2025-07-22 15:45:00,5792.24,-14.0,TRADE
VIC1,2025-07-22 15:50:00,5967.9,-16.7,TRADE
VIC1,2025-07-22 15:55:00,5990.87,19.99,TRADE
VIC1,2025-07-22 16:00:00,6081.61,26.91,TRADE
VIC1,2025-07-22 16:05:00,6139.96,-14.0,TRADE
VIC1,2025-07-22 16:10:00,6200.19,8.95,TRADE
VIC1,2025-07-22 16:15:00,6291.71,8.95,TRADE
VIC1,2025-07-22 16:20:00,6363.95,-8.14,TRADE
VIC1,2025-07-22 16:25:00,6328.93,-5.18,TRADE
VIC1,2025-07-22 16:30:00,6367.05,-14.0,TRADE
VIC1,2025-07-22 16:35:00,6519.01,15.17,TRADE
VIC1,2025-07-22 16:40:00,6603.98,60.68,TRADE
VIC1,2025-07-22 16:45:00,6620.04,59.83,TRADE
VIC1,2025-07-22 16:50:00,6768.7,83.3,TRADE
VIC1,2025-07-22 16:55:00,6747.11,70.03,TRADE
VIC1,2025-07-22 17:00:00,6863.78,75.59,TRADE
VIC1,2025-07-22 17:05:00,6946.49,24.33,TRADE
VIC1,2025-07-22 17:10:00,6923.49,15.18,TRADE
VIC1,2025-07-22 17:15:00,7056.91,17.26,TRADE
VIC1,2025-07-22 17:20:00,7205.94,79.55,TRADE
VIC1,2025-07-22 17:25:00,7340.59,46.82,TRADE
VIC1,2025-07-22 17:30:00,7299.17,7.61,TRADE
VIC1,2025-07-22 17:35:00,7458.19,32.35,TRADE
VIC1,2025-07-22 17:40:00,7537.51,26.25,TRADE
VIC1,2025-07-22 17:45:00,7639.05,127.3,TRADE
VIC1,2025-07-22 17:50:00,7714.35,141.82,TRADE
VIC1,2025-07-22 17:55:00,7770.92,57.97,TRADE
VIC1,2025-07-22 18:00:00,7759.41,-61.53,TRADE
VIC1,2025-07-22 18:05:00,7786.38,24.42,TRADE
VIC1,2025-07-22 18:10:00,7845.48,145.92,TRADE
VIC1,2025-07-22 18:15:00,7862.42,334.7,TRADE
VIC1,2025-07-22 18:20:00,7830.44,-36.27,TRADE
VIC1,2025-07-22 18:25:00,7865.9,257.87,TRADE
VIC1,2025-07-22 18:30:00,7821.84,148.92,TRADE
VIC1,2025-07-22 18:35:00,7878.71,148.84,TRADE
VIC1,2025-07-22 18:40:00,7708.53,66.98,TRADE
VIC1,2025-07-22 18:45:00,7781.21,27.9,TRADE
VIC1,2025-07-22 18:50:00,7793.79,138.4,TRADE
VIC1,2025-07-22 18:55:00,7796.98,97.58,TRADE
VIC1,2025-07-22 19:00:00,7744.43,57.02,TRADE
VIC1,2025-07-22 19:05:00,7702.64,97.63,TRADE
VIC1,2025-07-22 19:10:00,7687.63,100.8,TRADE
VIC1,2025-07-22 19:15:00,7633.66,64.56,TRADE
VIC1,2025-07-22 19:20:00,7607.22,46.25,TRADE
VIC1,2025-07-22 19:25:00,7578.11,65.8,TRADE
VIC1,2025-07-22 19:30:00,7593.05,-13.45,TRADE
VIC1,2025-07-22 19:35:00,7619.18,27.9,TRADE
VIC1,2025-07-22 19:40:00,7459.92,217.58,TRADE
VIC1,2025-07-22 19:45:00,7556.32,97.59,TRADE
VIC1,2025-07-22 19:50:00,7528.19,-13.45,TRADE
VIC1,2025-07-22 19:55:00,7540.25,81.76,TRADE
VIC1,2025-07-22 20:00:00,7422.52,-64.87,TRADE
VIC1,2025-07-22 20:05:00,7507.94,-64.6,TRADE
VIC1,2025-07-22 20:10:00,7461.39,-0.97,TRADE
VIC1,2025-07-22 20:15:00,7451.83,-14.0,TRADE
VIC1,2025-07-22 20:20:00,7339.16,-16.82,TRADE
VIC1,2025-07-22 20:25:00,7338.48,-14.0,TRADE
VIC1,2025-07-22 20:30:00,7246.4,-27.5,TRADE
VIC1,2025-07-22 20:35:00,7245.51,-14.0,TRADE
VIC1,2025-07-22 20:40:00,7147.95,-14.0,TRADE
VIC1,2025-07-22 20:45:00,7151.74,-14.0,TRADE
VIC1,2025-07-22 20:50:00,7127.74,-14.0,TRADE
VIC1,2025-07-22 20:55:00,6973.89,-14.0,TRADE
VIC1,2025-07-22 21:00:00,7023.94,-14.0,TRADE
VIC1,2025-07-22 21:05:00,6887.18,-14.0,TRADE
VIC1,2025-07-22 21:10:00,6872.6,4.5,TRADE
VIC1,2025-07-22 21:15:00,6749.32,-14.0,TRADE
VIC1,2025-07-22 21:20:00,6719.29,-14.0,TRADE
VIC1,2025-07-22 21:25:00,6622.24,-14.0,TRADE
VIC1,2025-07-22 21:30:00,6662.67,-14.0,TRADE
VIC1,2025-07-22 21:35:00,6623.43,8.95,TRADE
VIC1,2025-07-22 21:40:00,6523.77,4.5,TRADE
VIC1,2025-07-22 21:45:00,6481.41,4.5,TRADE
VIC1,2025-07-22 21:50:00,6412.25,4.5,TRADE
VIC1,2025-07-22 21:55:00,6334.42,4.5,TRADE
VIC1,2025-07-22 22:00:00,6202.69,-14.0,TRADE
VIC1,2025-07-22 22:05:00,6199.37,-14.0,TRADE
VIC1,2025-07-22 22:10:00,6080.8,26.63,TRADE
VIC1,2025-07-22 22:15:00,5962.89,23.55,TRADE
VIC1,2025-07-22 22:20:00,5983.47,20.0,TRADE
VIC1,2025-07-22 22:25:00,6006.81,20.0,TRADE
VIC1,2025-07-22 22:30:00,5941.14,20.0,TRADE
VIC1,2025-07-22 22:35:00,5764.1,8.95,TRADE
VIC1,2025-07-22 22:40:00,5725.63,-14.0,TRADE
VIC1,2025-07-22 22:45:00,5795.63,-14.0,TRADE
VIC1,2025-07-22 22:50:00,5681.21,20.0,TRADE
VIC1,2025-07-22 22:55:00,5618.17,20.0,TRADE
VIC1,2025-07-22 23:00:00,5610.05,-3.9,TRADE
VIC1,2025-07-22 23:05:00,5604.47,8.95,TRADE
VIC1,2025-07-22 23:10:00,5711.73,23.55,TRADE
VIC1,2025-07-22 23:15:00,5646.13,8.95,TRADE
VIC1,2025-07-22 23:20:00,5635.67,8.95,TRADE
VIC1,2025-07-22 23:25:00,5622.69,8.95,TRADE
VIC1,2025-07-22 23:30:00,5612.55,-2.57,TRADE
VIC1,2025-07-22 23:35:00,5675.34,20.0,TRADE
VIC1,2025-07-22 23:40:00,5590.16,20.0,TRADE
VIC1,2025-07-22 23:45:00,5500.03,-14.0,TRADE
VIC1,2025-07-22 23:50:00,5488.11,-14.0,TRADE
VIC1,2025-07-22 23:55:00,5476.27,-14.0,TRADE
VIC1,2025-07-23 00:00:00,5471.7,32.01,TRADE
VIC1,2025-07-23 00:05:00,5302.41,20.0,TRADE
VIC1,2025-07-23 00:10:00,5346.49,8.95,TRADE
VIC1,2025-07-23 00:15:00,5378.58,20.0,TRADE
VIC1,2025-07-23 00:20:00,5392.47,8.95,TRADE
VIC1,2025-07-23 00:25:00,5247.82,-14.0,TRADE
VIC1,2025-07-23 00:30:00,5280.28,-14.0,TRADE
VIC1,2025-07-23 00:35:00,5268.28,23.55,TRADE
VIC1,2025-07-23 00:40:00,5254.44,20.0,TRADE
VIC1,2025-07-23 00:45:00,5115.53,-2.82,TRADE
VIC1,2025-07-23 00:50:00,5142.45,-10.81,TRADE
VIC1,2025-07-23 00:55:00,5084.14,-14.0,TRADE
VIC1,2025-07-23 01:00:00,5029.5,-2.82,TRADE
VIC1,2025-07-23 01:05:00,5070.05,14.39,TRADE
VIC1,2025-07-23 01:10:00,5079.08,8.6,TRADE
VIC1,2025-07-23 01:15:00,5053.41,4.5,TRADE
VIC1,2025-07-23 01:20:00,4958.74,0.0,TRADE
VIC1,2025-07-23 01:25:00,4940.0,4.5,TRADE
VIC1,2025-07-23 01:30:00,4997.6,4.5,TRADE
VIC1,2025-07-23 01:35:00,4977.42,4.5,TRADE
VIC1,2025-07-23 01:40:00,4867.9,0.14,TRADE
VIC1,2025-07-23 01:45:00,4893.13,0.05,TRADE
VIC1,2025-07-23 01:50:00,4851.5,0.05,TRADE
VIC1,2025-07-23 01:55:00,4845.33,0.0,TRADE
VIC1,2025-07-23 02:00:00,4781.36,0.0,TRADE
VIC1,2025-07-23 02:05:00,4722.01,-2.82,TRADE
VIC1,2025-07-23 02:10:00,4816.54,4.5,TRADE
VIC1,2025-07-23 02:15:00,4759.99,12.42,TRADE
VIC1,2025-07-23 02:20:00,4676.39,0.0,TRADE
VIC1,2025-07-23 02:25:00,4711.09,0.0,TRADE
VIC1,2025-07-23 02:30:00,4695.7,0.0,TRADE
VIC1,2025-07-23 02:35:00,4704.3,0.0,TRADE
VIC1,2025-07-23 02:40:00,4599.87,0.0,TRADE
VIC1,2025-07-23 02:45:00,4587.2,0.0,TRADE
VIC1,2025-07-23 02:50:00,4682.23,4.5,TRADE
VIC1,2025-07-23 02:55:00,4689.58,0.0,TRADE
VIC1,2025-07-23 03:00:00,4687.8,4.5,TRADE
VIC1,2025-07-23 03:05:00,4687.84,0.0,TRADE
VIC1,2025-07-23 03:10:00,4678.45,0.0,TRADE
VIC1,2025-07-23 03:15:00,4651.18,0.0,TRADE
VIC1,2025-07-23 03:20:00,4563.18,4.5,TRADE
VIC1,2025-07-23 03:25:00,4542.31,4.5,TRADE
VIC1,2025-07-23 03:30:00,4641.81,4.5,TRADE
VIC1,2025-07-23 03:35:00,4653.54,4.5,TRADE
VIC1,2025-07-23 03:40:00,4659.4,20.0,TRADE
VIC1,2025-07-23 03:45:00,4644.25,4.5,TRADE
VIC1,2025-07-23 03:50:00,4648.19,4.5,TRADE
VIC1,2025-07-23 03:55:00,4663.19,4.5,TRADE
VIC1,2025-07-23 04:00:00,4669.22,13.77,TRADE
VIC1,2025-07-23 04:05:00,4581.96,4.5,TRADE
VIC1,2025-07-23 04:10:00,4626.31,4.5,TRADE
VIC1,2025-07-23 04:15:00,4703.12,0.9,TRADE
VIC1,2025-07-23 04:20:00,4715.62,0.01,TRADE
VIC1,2025-07-23 04:25:00,4693.92,0.0,TRADE
VIC1,2025-07-23 04:30:00,4742.11,0.01,TRADE
VIC1,2025-07-23 04:35:00,4770.22,4.5,TRADE
VIC1,2025-07-23 04:40:00,4794.14,4.5,TRADE
VIC1,2025-07-23 04:45:00,4831.55,4.5,TRADE
VIC1,2025-07-23 04:50:00,4803.76,8.95,TRADE
VIC1,2025-07-23 04:55:00,4827.83,12.42,TRADE
VIC1,2025-07-23 05:00:00,4859.79,13.77,TRADE
VIC1,2025-07-23 05:05:00,4889.25,20.0,TRADE
VIC1,2025-07-23 05:10:00,4958.44,34.91,TRADE
VIC1,2025-07-23 05:15:00,5041.76,59.04,TRADE
VIC1,2025-07-23 05:20:00,5079.69,60.1,TRADE
VIC1,2025-07-23 05:25:00,5094.73,58.57,TRADE
VIC1,2025-07-23 05:30:00,5123.34,59.64,TRADE
VIC1,2025-07-23 05:35:00,5142.32,21.62,TRADE
VIC1,2025-07-23 05:40:00,5267.74,23.79,TRADE
VIC1,2025-07-23 05:45:00,5363.38,19.18,TRADE
VIC1,2025-07-23 05:50:00,5404.88,6.18,TRADE
VIC1,2025-07-23 05:55:00,5488.7,20.33,TRADE
VIC1,2025-07-23 06:00:00,5573.13,20.47,TRADE
VIC1,2025-07-23 06:05:00,5653.62,30.19,TRADE
VIC1,2025-07-23 06:10:00,5832.62,20.47,TRADE
VIC1,2025-07-23 06:15:00,5942.75,65.58,TRADE
VIC1,2025-07-23 06:20:00,6025.15,68.46,TRADE
VIC1,2025-07-23 06:25:00,6162.18,37.96,TRADE
VIC1,2025-07-23 06:30:00,6238.62,20.0,TRADE
VIC1,2025-07-23 06:35:00,6358.86,16.55,TRADE
VIC1,2025-07-23 06:40:00,6453.0,19.18,TRADE
VIC1,2025-07-23 06:45:00,6565.66,20.0,TRADE
VIC1,2025-07-23 06:50:00,6700.21,27.69,TRADE
VIC1,2025-07-23 06:55:00,6796.27,23.54,TRADE
VIC1,2025-07-23 07:00:00,6910.84,74.11,TRADE
VIC1,2025-07-23 07:05:00,7060.91,107.24,TRADE
VIC1,2025-07-23 07:10:00,7099.05,123.15,TRADE
VIC1,2025-07-23 07:15:00,7221.07,124.71,TRADE
VIC1,2025-07-23 07:20:00,7323.86,138.86,TRADE
VIC1,2025-07-23 07:25:00,7392.63,145.28,TRADE
VIC1,2025-07-23 07:30:00,7459.47,145.58,TRADE
VIC1,2025-07-23 07:35:00,7483.51,146.09,TRADE
VIC1,2025-07-23 07:40:00,7620.38,149.51,TRADE
VIC1,2025-07-23 07:45:00,7673.82,140.17,TRADE
VIC1,2025-07-23 07:50:00,7721.64,132.69,TRADE
VIC1,2025-07-23 07:55:00,7724.7,115.4,TRADE
VIC1,2025-07-23 08:00:00,7670.9,104.33,TRADE
VIC1,2025-07-23 08:05:00,7632.38,103.86,TRADE
VIC1,2025-07-23 08:10:00,7654.87,98.67,TRADE
VIC1,2025-07-23 08:15:00,7621.9,92.64,TRADE
VIC1,2025-07-23 08:20:00,7568.54,75.07,TRADE
VIC1,2025-07-23 08:25:00,7565.88,54.94,TRADE
VIC1,2025-07-23 08:30:00,7484.71,21.76,TRADE
VIC1,2025-07-23 08:35:00,7395.5,20.71,TRADE
VIC1,2025-07-23 08:40:00,7295.31,20.0,TRADE
VIC1,2025-07-23 08:45:00,7163.74,20.0,TRADE
VIC1,2025-07-23 08:50:00,7075.91,20.0,TRADE
VIC1,2025-07-23 08:55:00,7040.55,20.0,TRADE
VIC1,2025-07-23 09:00:00,6923.11,20.01,TRADE
VIC1,2025-07-23 09:05:00,6938.66,34.21,TRADE
VIC1,2025-07-23 09:10:00,6873.82,34.14,TRADE
VIC1,2025-07-23 09:15:00,6818.88,33.77,TRADE
VIC1,2025-07-23 09:20:00,6747.92,20.0,TRADE
VIC1,2025-07-23 09:25:00,6664.24,33.15,TRADE
VIC1,2025-07-23 09:30:00,6566.33,8.95,TRADE
VIC1,2025-07-23 09:35:00,6449.89,45.89,TRADE
VIC1,2025-07-23 09:40:00,6381.34,22.05,TRADE
VIC1,2025-07-23 09:45:00,6289.56,21.86,TRADE
VIC1,2025-07-23 09:50:00,6214.71,27.77,TRADE
VIC1,2025-07-23 09:55:00,6188.84,21.8,TRADE
VIC1,2025-07-23 10:00:00,6159.76,8.95,TRADE
VIC1,2025-07-23 10:05:00,6098.45,8.95,TRADE
VIC1,2025-07-23 10:10:00,6046.49,45.02,TRADE
VIC1,2025-07-23 10:15:00,6016.94,0.0,TRADE
VIC1,2025-07-23 10:20:00,5936.18,8.95,TRADE
VIC1,2025-07-23 10:25:00,5864.4,-0.86,TRADE
VIC1,2025-07-23 10:30:00,5798.75,4.5,TRADE
VIC1,2025-07-23 10:35:00,5754.63,26.81,TRADE
VIC1,2025-07-23 10:40:00,5703.85,20.57,TRADE
VIC1,2025-07-23 10:45:00,5633.4,4.5,TRADE
VIC1,2025-07-23 10:50:00,5578.92,-0.01,TRADE
VIC1,2025-07-23 10:55:00,5542.21,8.95,TRADE
VIC1,2025-07-23 11:00:00,5445.97,-0.08,TRADE
VIC1,2025-07-23 11:05:00,5424.6,-6.17,TRADE
VIC1,2025-07-23 11:10:00,5398.8,4.5,TRADE
VIC1,2025-07-23 11:15:00,5326.04,8.95,TRADE
VIC1,2025-07-23 11:20:00,5312.91,4.5,TRADE
VIC1,2025-07-23 11:25:00,5322.66,8.95,TRADE
VIC1,2025-07-23 11:30:00,5373.2,10.68,TRADE
VIC1,2025-07-23 11:35:00,5305.73,4.5,TRADE
VIC1,2025-07-23 11:40:00,5372.1,4.5,TRADE
VIC1,2025-07-23 11:45:00,5383.3,27.06,TRADE
VIC1,2025-07-23 11:50:00,5421.91,10.29,TRADE
VIC1,2025-07-23 11:55:00,5445.26,20.52,TRADE
VIC1,2025-07-23 12:00:00,5508.1,-2.82,TRADE
VIC1,2025-07-23 12:05:00,5554.49,4.5,TRADE
VIC1,2025-07-23 12:10:00,5470.03,8.95,TRADE
VIC1,2025-07-23 12:15:00,5442.53,8.95,TRADE
VIC1,2025-07-23 12:20:00,5480.1,18.15,TRADE
VIC1,2025-07-23 12:25:00,5453.23,0.44,TRADE
VIC1,2025-07-23 12:30:00,5526.68,8.95,TRADE
VIC1,2025-07-23 12:35:00,5581.24,8.95,TRADE
VIC1,2025-07-23 12:40:00,5708.65,26.29,TRADE
VIC1,2025-07-23 12:45:00,5798.39,25.88,TRADE
VIC1,2025-07-23 12:50:00,5808.46,29.6,TRADE
VIC1,2025-07-23 12:55:00,5877.97,4.5,TRADE
VIC1,2025-07-23 13:00:00,5920.26,8.95,TRADE
VIC1,2025-07-23 13:05:00,5970.31,30.68,TRADE
VIC1,2025-07-23 13:10:00,6060.74,50.04,TRADE
VIC1,2025-07-23 13:15:00,6114.68,45.89,TRADE
VIC1,2025-07-23 13:20:00,6136.38,38.46,TRADE
VIC1,2025-07-23 13:25:00,6122.47,14.43,TRADE
VIC1,2025-07-23 13:30:00,6136.72,44.57,TRADE
VIC1,2025-07-23 13:35:00,6071.64,45.51,TRADE
VIC1,2025-07-23 13:40:00,6099.7,39.68,TRADE
VIC1,2025-07-23 13:45:00,6095.46,28.48,TRADE
VIC1,2025-07-23 13:50:00,6102.52,12.42,TRADE
VIC1,2025-07-23 13:55:00,6138.17,26.24,TRADE
VIC1,2025-07-23 14:00:00,6123.74,4.5,TRADE
VIC1,2025-07-23 14:05:00,6139.75,4.5,TRADE
VIC1,2025-07-23 14:10:00,6121.67,0.0,TRADE
VIC1,2025-07-23 14:15:00,6066.97,23.54,TRADE
VIC1,2025-07-23 14:20:00,6094.48,6.72,TRADE
VIC1,2025-07-23 14:25:00,6127.27,30.37,TRADE
VIC1,2025-07-23 14:30:00,6111.71,29.54,TRADE
VIC1,2025-07-23 14:35:00,6072.5,0.0,TRADE
VIC1,2025-07-23 14:40:00,6160.02,0.0,TRADE
VIC1,2025-07-23 14:45:00,6148.46,0.01,TRADE
VIC1,2025-07-23 14:50:00,6173.43,-9.96,TRADE
VIC1,2025-07-23 14:55:00,6225.54,8.95,TRADE
VIC1,2025-07-23 15:00:00,6201.14,41.76,TRADE
VIC1,2025-07-23 15:05:00,6204.31,33.89,TRADE
VIC1,2025-07-23 15:10:00,6267.94,34.87,TRADE
VIC1,2025-07-23 15:15:00,6295.05,20.04,TRADE
VIC1,2025-07-23 15:20:00,6347.77,8.95,TRADE
VIC1,2025-07-23 15:25:00,6348.81,21.06,TRADE
VIC1,2025-07-23 15:30:00,6408.78,39.97,TRADE
VIC1,2025-07-23 15:35:00,6457.12,40.75,TRADE
VIC1,2025-07-23 15:40:00,6502.09,32.53,TRADE
VIC1,2025-07-23 15:45:00,6586.66,57.0,TRADE
VIC1,2025-07-23 15:50:00,6667.06,80.33,TRADE
VIC1,2025-07-23 15:55:00,6738.26,72.48,TRADE
VIC1,2025-07-23 16:00:00,6837.36,58.44,TRADE
VIC1,2025-07-23 16:05:00,6886.34,20.94,TRADE
VIC1,2025-07-23 16:10:00,6879.78,34.27,TRADE
VIC1,2025-07-23 16:15:00,6958.53,54.09,TRADE
VIC1,2025-07-23 16:20:00,6952.46,54.47,TRADE
VIC1,2025-07-23 16:25:00,7065.53,77.0,TRADE
VIC1,2025-07-23 16:30:00,7186.7,82.05,TRADE
VIC1,2025-07-23 16:35:00,7183.19,99.52,TRADE
VIC1,2025-07-23 16:40:00,7258.74,102.67,TRADE
VIC1,2025-07-23 16:45:00,7324.98,131.23,TRADE
VIC1,2025-07-23 16:50:00,7378.09,131.23,TRADE
VIC1,2025-07-23 16:55:00,7471.86,129.95,TRADE
VIC1,2025-07-23 17:00:00,7553.1,158.0,TRADE
VIC1,2025-07-23 17:05:00,7603.98,151.16,TRADE
VIC1,2025-07-23 17:10:00,7651.97,158.0,TRADE
VIC1,2025-07-23 17:15:00,7713.52,166.97,TRADE
VIC1,2025-07-23 17:20:00,7811.07,163.55,TRADE
VIC1,2025-07-23 17:25:00,7895.74,162.01,TRADE
VIC1,2025-07-23 17:30:00,7975.24,166.97,TRADE
VIC1,2025-07-23 17:35:00,8054.68,158.0,TRADE
VIC1,2025-07-23 17:40:00,8137.24,170.22,TRADE
VIC1,2025-07-23 17:45:00,8132.16,263.84,TRADE
VIC1,2025-07-23 17:50:00,8180.95,202.47,TRADE
VIC1,2025-07-23 17:55:00,8296.51,218.09,TRADE
VIC1,2025-07-23 18:00:00,8309.03,210.92,TRADE
VIC1,2025-07-23 18:05:00,8373.76,213.7,TRADE
VIC1,2025-07-23 18:10:00,8309.78,166.97,TRADE
VIC1,2025-07-23 18:15:00,8372.45,170.22,TRADE
VIC1,2025-07-23 18:20:00,8353.02,223.36,TRADE
VIC1,2025-07-23 18:25:00,8383.37,203.78,TRADE
VIC1,2025-07-23 18:30:00,8348.68,173.78,TRADE
VIC1,2025-07-23 18:35:00,8394.41,184.28,TRADE
VIC1,2025-07-23 18:40:00,8350.62,223.36,TRADE
VIC1,2025-07-23 18:45:00,8359.54,245.64,TRADE
VIC1,2025-07-23 18:50:00,8332.59,266.11,TRADE
VIC1,2025-07-23 18:55:00,8314.47,273.44,TRADE
VIC1,2025-07-23 19:00:00,8283.8,266.11,TRADE
VIC1,2025-07-23 19:05:00,8270.73,266.11,TRADE
VIC1,2025-07-23 19:10:00,8301.15,266.11,TRADE
VIC1,2025-07-23 19:15:00,8288.6,288.54,TRADE
VIC1,2025-07-23 19:20:00,8271.81,266.53,TRADE
VIC1,2025-07-23 19:25:00,8262.6,267.92,TRADE
VIC1,2025-07-23 19:30:00,8178.8,266.11,TRADE
VIC1,2025-07-23 19:35:00,8218.9,266.11,TRADE
VIC1,2025-07-23 19:40:00,8224.68,263.84,TRADE
VIC1,2025-07-23 19:45:00,8191.5,223.92,TRADE
VIC1,2025-07-23 19:50:00,8158.36,265.85,TRADE
VIC1,2025-07-23 19:55:00,8060.98,265.17,TRADE
VIC1,2025-07-23 20:00:00,8006.75,222.43,TRADE
VIC1,2025-07-23 20:05:00,8059.89,227.26,TRADE
VIC1,2025-07-23 20:10:00,7962.69,160.5,TRADE
VIC1,2025-07-23 20:15:00,7881.41,166.97,TRADE
VIC1,2025-07-23 20:20:00,7858.72,265.15,TRADE
VIC1,2025-07-23 20:25:00,7885.5,265.15,TRADE
VIC1,2025-07-23 20:30:00,7820.59,264.28,TRADE
VIC1,2025-07-23 20:35:00,7808.09,265.15,TRADE
VIC1,2025-07-23 20:40:00,7702.5,263.12,TRADE
VIC1,2025-07-23 20:45:00,7684.37,165.92,TRADE
VIC1,2025-07-23 20:50:00,7649.83,216.77,TRADE
VIC1,2025-07-23 20:55:00,7592.41,176.63,TRADE
VIC1,2025-07-23 21:00:00,7567.91,168.46,TRADE
VIC1,2025-07-23 21:05:00,7541.69,167.06,TRADE
VIC1,2025-07-23 21:10:00,7501.01,168.36,TRADE
VIC1,2025-07-23 21:15:00,7448.93,168.3,TRADE
VIC1,2025-07-23 21:20:00,7433.07,183.39,TRADE
VIC1,2025-07-23 21:25:00,7368.51,169.8,TRADE
VIC1,2025-07-23 21:30:00,7318.12,160.0,TRADE
VIC1,2025-07-23 21:35:00,7219.42,160.0,TRADE
VIC1,2025-07-23 21:40:00,7140.25,120.91,TRADE
VIC1,2025-07-23 21:45:00,7082.39,117.35,TRADE
VIC1,2025-07-23 21:50:00,7004.3,116.25,TRADE
VIC1,2025-07-23 21:55:00,6912.12,104.39,TRADE
VIC1,2025-07-23 22:00:00,6836.43,97.0,TRADE
VIC1,2025-07-23 22:05:00,6824.16,97.0,TRADE
VIC1,2025-07-23 22:10:00,6743.77,101.06,TRADE
VIC1,2025-07-23 22:15:00,6693.36,97.0,TRADE
VIC1,2025-07-23 22:20:00,6631.6,97.0,TRADE
VIC1,2025-07-23 22:25:00,6555.23,96.88,TRADE
VIC1,2025-07-23 22:30:00,6514.07,118.11,TRADE
VIC1,2025-07-23 22:35:00,6460.97,122.13,TRADE
VIC1,2025-07-23 22:40:00,6296.84,103.2,TRADE
VIC1,2025-07-23 22:45:00,6325.73,98.7,TRADE
VIC1,2025-07-23 22:50:00,6303.29,101.84,TRADE
VIC1,2025-07-23 22:55:00,6156.37,82.67,TRADE
VIC1,2025-07-23 23:00:00,6168.37,90.01,TRADE
VIC1,2025-07-23 23:05:00,6156.73,90.01,TRADE
VIC1,2025-07-23 23:10:00,6236.5,93.85,TRADE
VIC1,2025-07-23 23:15:00,6252.92,80.71,TRADE
VIC1,2025-07-23 23:20:00,6139.21,80.0,TRADE
VIC1,2025-07-23 23:25:00,6203.11,84.37,TRADE
VIC1,2025-07-23 23:30:00,6106.05,80.56,TRADE
VIC1,2025-07-23 23:35:00,6121.44,80.0,TRADE
VIC1,2025-07-23 23:40:00,6091.55,83.53,TRADE
VIC1,2025-07-23 23:45:00,5936.48,80.0,TRADE
VIC1,2025-07-23 23:50:00,5965.32,80.0,TRADE
VIC1,2025-07-23 23:55:00,5930.26,77.19,TRADE
VIC1,2025-07-24 00:00:00,5884.15,76.85,TRADE
VIC1,2025-07-24 00:05:00,5804.75,71.26,TRADE
VIC1,2025-07-24 00:10:00,5784.03,73.45,TRADE
VIC1,2025-07-24 00:15:00,5748.73,69.81,TRADE
VIC1,2025-07-24 00:20:00,5736.4,71.16,TRADE
VIC1,2025-07-24 00:25:00,5715.19,57.0,TRADE
VIC1,2025-07-24 00:30:00,5708.23,67.95,TRADE
VIC1,2025-07-24 00:35:00,5677.26,74.25,TRADE
VIC1,2025-07-24 00:40:00,5629.21,73.4,TRADE
VIC1,2025-07-24 00:45:00,5622.62,73.1,TRADE
VIC1,2025-07-24 00:50:00,5586.48,71.46,TRADE
VIC1,2025-07-24 00:55:00,5568.77,68.2,TRADE
VIC1,2025-07-24 01:00:00,5475.58,57.0,TRADE
VIC1,2025-07-24 01:05:00,5444.72,49.93,TRADE
VIC1,2025-07-24 01:10:00,5410.01,65.86,TRADE
VIC1,2025-07-24 01:15:00,5442.08,49.1,TRADE
VIC1,2025-07-24 01:20:00,5459.41,51.33,TRADE
VIC1,2025-07-24 01:25:00,5358.99,49.45,TRADE
VIC1,2025-07-24 01:30:00,5357.21,49.85,TRADE
VIC1,2025-07-24 01:35:00,5358.46,55.43,TRADE
VIC1,2025-07-24 01:40:00,5333.42,56.34,TRADE
VIC1,2025-07-24 01:45:00,5298.57,54.21,TRADE
VIC1,2025-07-24 01:50:00,5186.01,33.32,TRADE
VIC1,2025-07-24 01:55:00,5237.84,34.03,TRADE
VIC1,2025-07-24 02:00:00,5180.96,20.23,TRADE
VIC1,2025-07-24 02:05:00,5172.36,39.44,TRADE
VIC1,2025-07-24 02:10:00,5226.57,65.7,TRADE
VIC1,2025-07-24 02:15:00,5184.63,48.76,TRADE
VIC1,2025-07-24 02:20:00,5184.53,39.69,TRADE
VIC1,2025-07-24 02:25:00,5081.24,39.68,TRADE
VIC1,2025-07-24 02:30:00,5063.45,31.2,TRADE
VIC1,2025-07-24 02:35:00,5036.57,39.73,TRADE
VIC1,2025-07-24 02:40:00,5034.92,39.73,TRADE
VIC1,2025-07-24 02:45:00,5083.86,20.0,TRADE
VIC1,2025-07-24 02:50:00,5037.91,39.91,TRADE
VIC1,2025-07-24 02:55:00,5037.48,39.7,TRADE
VIC1,2025-07-24 03:00:00,5061.56,38.13,TRADE
VIC1,2025-07-24 03:05:00,5071.3,48.66,TRADE
VIC1,2025-07-24 03:10:00,4998.55,33.08,TRADE
VIC1,2025-07-24 03:15:00,4954.78,20.0,TRADE
VIC1,2025-07-24 03:20:00,5062.84,43.15,TRADE
VIC1,2025-07-24 03:25:00,5052.83,40.97,TRADE
VIC1,2025-07-24 03:30:00,5042.97,43.15,TRADE
VIC1,2025-07-24 03:35:00,5028.19,41.93,TRADE
VIC1,2025-07-24 03:40:00,5024.99,48.57,TRADE
VIC1,2025-07-24 03:45:00,5040.51,43.15,TRADE
VIC1,2025-07-24 03:50:00,4952.34,42.58,TRADE
VIC1,2025-07-24 03:55:00,4997.31,37.61,TRADE
VIC1,2025-07-24 04:00:00,5020.43,33.24,TRADE
VIC1,2025-07-24 04:05:00,4971.71,31.14,TRADE
VIC1,2025-07-24 04:10:00,5057.69,35.94,TRADE
VIC1,2025-07-24 04:15:00,5063.64,35.94,TRADE
VIC1,2025-07-24 04:20:00,5084.07,35.94,TRADE
VIC1,2025-07-24 04:25:00,4995.12,23.33,TRADE
VIC1,2025-07-24 04:30:00,5046.97,30.67,TRADE
VIC1,2025-07-24 04:35:00,5141.72,35.94,TRADE
VIC1,2025-07-24 04:40:00,5134.47,22.9,TRADE
VIC1,2025-07-24 04:45:00,5157.06,35.94,TRADE
VIC1,2025-07-24 04:50:00,5193.65,35.94,TRADE
VIC1,2025-07-24 04:55:00,5235.53,35.94,TRADE
VIC1,2025-07-24 05:00:00,5255.85,35.94,TRADE
VIC1,2025-07-24 05:05:00,5258.11,30.97,TRADE
VIC1,2025-07-24 05:10:00,5277.56,48.16,TRADE
VIC1,2025-07-24 05:15:00,5325.96,48.47,TRADE
VIC1,2025-07-24 05:20:00,5468.75,49.69,TRADE
VIC1,2025-07-24 05:25:00,5525.56,49.75,TRADE
VIC1,2025-07-24 05:30:00,5527.82,48.73,TRADE
VIC1,2025-07-24 05:35:00,5575.3,49.0,TRADE
VIC1,2025-07-24 05:40:00,5671.74,49.75,TRADE
VIC1,2025-07-24 05:45:00,5727.01,49.07,TRADE
VIC1,2025-07-24 05:50:00,5733.29,48.4,TRADE
VIC1,2025-07-24 05:55:00,5792.45,64.21,TRADE
VIC1,2025-07-24 06:00:00,5871.86,66.55,TRADE
VIC1,2025-07-24 06:05:00,6056.24,70.65,TRADE
VIC1,2025-07-24 06:10:00,6213.09,89.9,TRADE
VIC1,2025-07-24 06:15:00,6292.24,88.45,TRADE
VIC1,2025-07-24 06:20:00,6353.23,96.11,TRADE
VIC1,2025-07-24 06:25:00,6503.39,100.23,TRADE
VIC1,2025-07-24 06:30:00,6577.05,99.2,TRADE
VIC1,2025-07-24 06:35:00,6611.61,80.0,TRADE
VIC1,2025-07-24 06:40:00,6762.59,104.99,TRADE
VIC1,2025-07-24 06:45:00,6917.68,104.33,TRADE
VIC1,2025-07-24 06:50:00,7002.13,141.27,TRADE
VIC1,2025-07-24 06:55:00,7085.98,145.73,TRADE
VIC1,2025-07-24 07:00:00,7252.53,145.18,TRADE
VIC1,2025-07-24 07:05:00,7362.63,143.53,TRADE
VIC1,2025-07-24 07:10:00,7396.38,130.63,TRADE
VIC1,2025-07-24 07:15:00,7496.92,111.41,TRADE
VIC1,2025-07-24 07:20:00,7600.39,117.83,TRADE
VIC1,2025-07-24 07:25:00,7424.51,103.12,TRADE
VIC1,2025-07-24 07:30:00,7582.16,97.0,TRADE
VIC1,2025-07-24 07:35:00,7589.28,97.49,TRADE
VIC1,2025-07-24 07:40:00,7742.83,97.0,TRADE
VIC1,2025-07-24 07:45:00,7814.99,86.78,TRADE
VIC1,2025-07-24 07:50:00,7855.91,97.0,TRADE
VIC1,2025-07-24 07:55:00,7823.68,97.0,TRADE
VIC1,2025-07-24 08:00:00,7770.77,134.0,TRADE
VIC1,2025-07-24 08:05:00,7769.76,107.85,TRADE
VIC1,2025-07-24 08:10:00,7715.11,97.0,TRADE
VIC1,2025-07-24 08:15:00,7755.81,137.83,TRADE
VIC1,2025-07-24 08:20:00,8065.22,164.97,TRADE
VIC1,2025-07-24 08:25:00,7851.36,133.55,TRADE
VIC1,2025-07-24 08:30:00,7853.26,118.2,TRADE
VIC1,2025-07-24 08:35:00,7803.89,37.26,TRADE
VIC1,2025-07-24 08:40:00,7665.98,37.39,TRADE
VIC1,2025-07-24 08:45:00,7463.07,8.95,TRADE
VIC1,2025-07-24 08:50:00,7403.04,20.0,TRADE
VIC1,2025-07-24 08:55:00,7416.77,38.89,TRADE
VIC1,2025-07-24 09:00:00,7339.29,20.0,TRADE
VIC1,2025-07-24 09:05:00,7218.42,24.89,TRADE
VIC1,2025-07-24 09:10:00,7230.48,20.0,TRADE
VIC1,2025-07-24 09:15:00,7138.51,37.45,TRADE
VIC1,2025-07-24 09:20:00,7073.14,25.11,TRADE
VIC1,2025-07-24 09:25:00,6905.71,24.91,TRADE
VIC1,2025-07-24 09:30:00,6748.63,24.51,TRADE
VIC1,2025-07-24 09:35:00,6680.53,41.62,TRADE
VIC1,2025-07-24 09:40:00,6471.51,13.47,TRADE
VIC1,2025-07-24 09:45:00,6446.69,8.95,TRADE
VIC1,2025-07-24 09:50:00,6289.39,8.95,TRADE
VIC1,2025-07-24 09:55:00,6259.61,20.01,TRADE
VIC1,2025-07-24 10:00:00,6165.05,0.05,TRADE
VIC1,2025-07-24 10:05:00,6070.28,8.95,TRADE
VIC1,2025-07-24 10:10:00,6027.66,8.95,TRADE
VIC1,2025-07-24 10:15:00,5871.12,12.02,TRADE
VIC1,2025-07-24 10:20:00,5823.99,12.08,TRADE
VIC1,2025-07-24 10:25:00,5690.84,-10.88,TRADE
VIC1,2025-07-24 10:30:00,5652.3,-9.83,TRADE
VIC1,2025-07-24 10:35:00,5567.49,-7.41,TRADE
VIC1,2025-07-24 10:40:00,5458.66,8.31,TRADE
VIC1,2025-07-24 10:45:00,5381.13,8.95,TRADE
VIC1,2025-07-24 10:50:00,5294.77,-10.28,TRADE
VIC1,2025-07-24 10:55:00,5295.79,-9.0,TRADE
VIC1,2025-07-24 11:00:00,5152.66,-9.96,TRADE
VIC1,2025-07-24 11:05:00,5101.98,-3.25,TRADE
VIC1,2025-07-24 11:10:00,5149.54,0.05,TRADE
VIC1,2025-07-24 11:15:00,5035.21,-9.83,TRADE
VIC1,2025-07-24 11:20:00,4986.08,-3.88,TRADE
VIC1,2025-07-24 11:25:00,4960.88,-9.96,TRADE
VIC1,2025-07-24 11:30:00,4902.36,-9.83,TRADE
VIC1,2025-07-24 11:35:00,4834.7,-13.0,TRADE
VIC1,2025-07-24 11:40:00,4687.35,-13.5,TRADE
VIC1,2025-07-24 11:45:00,4737.25,-13.9,TRADE
VIC1,2025-07-24 11:50:00,4744.6,-9.96,TRADE
VIC1,2025-07-24 11:55:00,4623.72,-9.08,TRADE
VIC1,2025-07-24 12:00:00,4608.21,-13.0,TRADE
VIC1,2025-07-24 12:05:00,4584.66,-2.82,TRADE
VIC1,2025-07-24 12:10:00,4524.2,-11.23,TRADE
VIC1,2025-07-24 12:15:00,4417.83,-13.0,TRADE
VIC1,2025-07-24 12:20:00,4407.24,-13.99,TRADE
VIC1,2025-07-24 12:25:00,4482.17,-13.0,TRADE
VIC1,2025-07-24 12:30:00,4447.39,-13.0,TRADE
VIC1,2025-07-24 12:35:00,4405.98,-14.0,TRADE
VIC1,2025-07-24 12:40:00,4423.81,-14.11,TRADE
VIC1,2025-07-24 12:45:00,4371.12,-14.09,TRADE
VIC1,2025-07-24 12:50:00,4377.89,-14.29,TRADE
VIC1,2025-07-24 12:55:00,4314.25,-14.77,TRADE
VIC1,2025-07-24 13:00:00,4263.95,-16.5,TRADE
VIC1,2025-07-24 13:05:00,4332.5,-14.13,TRADE
VIC1,2025-07-24 13:10:00,4365.42,-14.78,TRADE
VIC1,2025-07-24 13:15:00,4324.73,-14.0,TRADE
VIC1,2025-07-24 13:20:00,4376.42,-14.17,TRADE
VIC1,2025-07-24 13:25:00,4428.52,-14.16,TRADE
VIC1,2025-07-24 13:30:00,4443.07,-17.57,TRADE
VIC1,2025-07-24 13:35:00,4423.74,-20.0,TRADE
VIC1,2025-07-24 13:40:00,4412.0,-20.65,TRADE
VIC1,2025-07-24 13:45:00,4467.29,-17.71,TRADE
VIC1,2025-07-24 13:50:00,4475.71,-19.99,TRADE
VIC1,2025-07-24 13:55:00,4615.44,-14.79,TRADE
VIC1,2025-07-24 14:00:00,4618.67,-14.81,TRADE
VIC1,2025-07-24 14:05:00,4609.45,-14.75,TRADE
VIC1,2025-07-24 14:10:00,4691.99,-14.0,TRADE
VIC1,2025-07-24 14:15:00,4699.17,-14.0,TRADE
VIC1,2025-07-24 14:20:00,4755.43,-14.0,TRADE
VIC1,2025-07-24 14:25:00,4674.06,-14.36,TRADE
VIC1,2025-07-24 14:30:00,4713.14,-9.83,TRADE
VIC1,2025-07-24 14:35:00,4771.58,-5.23,TRADE
VIC1,2025-07-24 14:40:00,4813.21,0.0,TRADE
VIC1,2025-07-24 14:45:00,4852.95,0.0,TRADE
VIC1,2025-07-24 14:50:00,4870.82,-7.41,TRADE
VIC1,2025-07-24 14:55:00,4951.5,0.01,TRADE
VIC1,2025-07-24 15:00:00,4963.34,0.01,TRADE
VIC1,2025-07-24 15:05:00,4944.96,0.01,TRADE
VIC1,2025-07-24 15:10:00,4888.69,2.65,TRADE
VIC1,2025-07-24 15:15:00,5068.06,8.95,TRADE
VIC1,2025-07-24 15:20:00,5073.75,0.01,TRADE
VIC1,2025-07-24 15:25:00,5140.98,8.95,TRADE
VIC1,2025-07-24 15:30:00,5300.17,46.77,TRADE
VIC1,2025-07-24 15:35:00,5330.61,21.47,TRADE
VIC1,2025-07-24 15:40:00,5432.68,37.27,TRADE
VIC1,2025-07-24 15:45:00,5435.89,34.81,TRADE
VIC1,2025-07-24 15:50:00,5563.22,20.88,TRADE
VIC1,2025-07-24 15:55:00,5750.48,54.92,TRADE
VIC1,2025-07-24 16:00:00,5825.43,77.61,TRADE
VIC1,2025-07-24 16:05:00,5940.55,35.94,TRADE
VIC1,2025-07-24 16:10:00,5906.33,46.0,TRADE
VIC1,2025-07-24 16:15:00,6051.2,77.77,TRADE
VIC1,2025-07-24 16:20:00,6193.57,79.61,TRADE
VIC1,2025-07-24 16:25:00,6260.6,79.72,TRADE
VIC1,2025-07-24 16:30:00,6431.6,80.0,TRADE
VIC1,2025-07-24 16:35:00,6502.38,80.15,TRADE
VIC1,2025-07-24 16:40:00,6598.08,105.55,TRADE
VIC1,2025-07-24 16:45:00,6762.63,145.24,TRADE
VIC1,2025-07-24 16:50:00,6807.51,155.23,TRADE
VIC1,2025-07-24 16:55:00,6880.94,164.97,TRADE
VIC1,2025-07-24 17:00:00,6842.96,163.59,TRADE
VIC1,2025-07-24 17:05:00,6924.56,164.97,TRADE
VIC1,2025-07-24 17:10:00,7076.56,159.98,TRADE
VIC1,2025-07-24 17:15:00,7154.32,173.26,TRADE
VIC1,2025-07-24 17:20:00,7192.08,164.97,TRADE
VIC1,2025-07-24 17:25:00,7271.58,170.77,TRADE
VIC1,2025-07-24 17:30:00,7332.06,179.38,TRADE
VIC1,2025-07-24 17:35:00,7436.94,168.22,TRADE
VIC1,2025-07-24 17:40:00,7437.94,201.14,TRADE
VIC1,2025-07-24 17:45:00,7562.34,224.07,TRADE
VIC1,2025-07-24 17:50:00,7570.1,242.35,TRADE
VIC1,2025-07-24 17:55:00,7678.24,207.47,TRADE
VIC1,2025-07-24 18:00:00,7744.67,269.21,TRADE
VIC1,2025-07-24 18:05:00,7772.9,264.7,TRADE
VIC1,2025-07-24 18:10:00,7738.29,218.13,TRADE
VIC1,2025-07-24 18:15:00,7753.44,243.01,TRADE
VIC1,2025-07-24 18:20:00,7747.64,268.22,TRADE
VIC1,2025-07-24 18:25:00,7759.22,239.17,TRADE
VIC1,2025-07-24 18:30:00,7675.36,260.11,TRADE
VIC1,2025-07-24 18:35:00,7706.9,254.39,TRADE
VIC1,2025-07-24 18:40:00,7728.93,257.58,TRADE
VIC1,2025-07-24 18:45:00,7729.2,266.11,TRADE
VIC1,2025-07-24 18:50:00,7753.72,265.59,TRADE
VIC1,2025-07-24 18:55:00,7746.81,263.11,TRADE
VIC1,2025-07-24 19:00:00,7709.31,254.73,TRADE
VIC1,2025-07-24 19:05:00,7625.04,253.97,TRADE
VIC1,2025-07-24 19:10:00,7602.22,196.0,TRADE
VIC1,2025-07-24 19:15:00,7657.45,164.97,TRADE
VIC1,2025-07-24 19:20:00,7668.93,158.7,TRADE
VIC1,2025-07-24 19:25:00,7592.85,151.18,TRADE
VIC1,2025-07-24 19:30:00,7666.9,183.11,TRADE
VIC1,2025-07-24 19:35:00,7632.34,146.94,TRADE
VIC1,2025-07-24 19:40:00,7670.62,158.0,TRADE
VIC1,2025-07-24 19:45:00,7558.54,129.95,TRADE
VIC1,2025-07-24 19:50:00,7537.9,151.25,TRADE
VIC1,2025-07-24 19:55:00,7568.84,137.53,TRADE
VIC1,2025-07-24 20:00:00,7564.45,155.38,TRADE
VIC1,2025-07-24 20:05:00,7505.91,147.77,TRADE
VIC1,2025-07-24 20:10:00,7519.3,145.14,TRADE
VIC1,2025-07-24 20:15:00,7488.51,155.31,TRADE
VIC1,2025-07-24 20:20:00,7430.02,143.64,TRADE
VIC1,2025-07-24 20:25:00,7333.32,134.82,TRADE
VIC1,2025-07-24 20:30:00,7382.57,135.95,TRADE
VIC1,2025-07-24 20:35:00,7283.12,122.02,TRADE
VIC1,2025-07-24 20:40:00,7348.74,144.34,TRADE
VIC1,2025-07-24 20:45:00,7340.46,151.93,TRADE
VIC1,2025-07-24 20:50:00,7277.27,122.02,TRADE
VIC1,2025-07-24 20:55:00,7294.13,122.02,TRADE
VIC1,2025-07-24 21:00:00,7213.53,119.83,TRADE
VIC1,2025-07-24 21:05:00,7162.63,122.02,TRADE
VIC1,2025-07-24 21:10:00,7020.79,98.38,TRADE
VIC1,2025-07-24 21:15:00,7021.73,96.63,TRADE
VIC1,2025-07-24 21:20:00,7015.92,87.68,TRADE
VIC1,2025-07-24 21:25:00,6983.86,64.12,TRADE
VIC1,2025-07-24 21:30:00,6918.07,24.19,TRADE
VIC1,2025-07-24 21:35:00,6903.44,85.33,TRADE
VIC1,2025-07-24 21:40:00,6823.79,20.0,TRADE
VIC1,2025-07-24 21:45:00,6785.73,14.82,TRADE
VIC1,2025-07-24 21:50:00,6636.44,0.76,TRADE
VIC1,2025-07-24 21:55:00,6592.84,8.95,TRADE
VIC1,2025-07-24 22:00:00,6572.21,18.0,TRADE
VIC1,2025-07-24 22:05:00,6554.54,23.38,TRADE
VIC1,2025-07-24 22:10:00,6481.48,19.18,TRADE
VIC1,2025-07-24 22:15:00,6486.57,20.0,TRADE
VIC1,2025-07-24 22:20:00,6392.45,8.15,TRADE
VIC1,2025-07-24 22:25:00,6330.94,20.0,TRADE
VIC1,2025-07-24 22:30:00,6138.08,0.05,TRADE
VIC1,2025-07-24 22:35:00,6213.52,19.18,TRADE
VIC1,2025-07-24 22:40:00,6193.61,19.18,TRADE
VIC1,2025-07-24 22:45:00,6049.8,0.74,TRADE
VIC1,2025-07-24 22:50:00,6044.45,19.18,TRADE
VIC1,2025-07-24 22:55:00,6002.64,19.18,TRADE
VIC1,2025-07-24 23:00:00,5964.36,0.53,TRADE
VIC1,2025-07-24 23:05:00,5935.76,19.18,TRADE
VIC1,2025-07-24 23:10:00,5902.8,8.95,TRADE
VIC1,2025-07-24 23:15:00,6018.38,19.18,TRADE
VIC1,2025-07-24 23:20:00,5986.03,8.95,TRADE
VIC1,2025-07-24 23:25:00,5943.56,8.95,TRADE
VIC1,2025-07-24 23:30:00,5876.48,8.95,TRADE
VIC1,2025-07-24 23:35:00,5911.01,8.95,TRADE
VIC1,2025-07-24 23:40:00,5784.95,8.95,TRADE
VIC1,2025-07-24 23:45:00,5722.67,7.19,TRADE
VIC1,2025-07-24 23:50:00,5807.43,8.95,TRADE
VIC1,2025-07-24 23:55:00,5646.82,0.06,TRADE
VIC1,2025-07-25 00:00:00,5691.24,0.42,TRADE
VIC1,2025-07-25 00:05:00,5673.56,8.95,TRADE
VIC1,2025-07-25 00:10:00,5643.01,8.95,TRADE
VIC1,2025-07-25 00:15:00,5591.13,8.95,TRADE
VIC1,2025-07-25 00:20:00,5598.58,8.95,TRADE
VIC1,2025-07-25 00:25:00,5559.85,8.95,TRADE
VIC1,2025-07-25 00:30:00,5524.53,8.95,TRADE
VIC1,2025-07-25 00:35:00,5435.61,8.95,TRADE
VIC1,2025-07-25 00:40:00,5469.84,8.95,TRADE
VIC1,2025-07-25 00:45:00,5400.29,8.95,TRADE
VIC1,2025-07-25 00:50:00,5336.59,7.95,TRADE
VIC1,2025-07-25 00:55:00,5387.86,8.95,TRADE
VIC1,2025-07-25 01:00:00,5358.27,8.95,TRADE
VIC1,2025-07-25 01:05:00,5340.32,8.95,TRADE
VIC1,2025-07-25 01:10:00,5202.91,0.74,TRADE
VIC1,2025-07-25 01:15:00,5223.32,8.95,TRADE
VIC1,2025-07-25 01:20:00,5249.07,8.95,TRADE
VIC1,2025-07-25 01:25:00,5212.59,8.95,TRADE
VIC1,2025-07-25 01:30:00,5167.65,8.95,TRADE
VIC1,2025-07-25 01:35:00,5110.5,4.21,TRADE
VIC1,2025-07-25 01:40:00,5103.76,8.95,TRADE
VIC1,2025-07-25 01:45:00,5053.99,8.95,TRADE
VIC1,2025-07-25 01:50:00,4964.84,0.56,TRADE
VIC1,2025-07-25 01:55:00,4940.91,0.68,TRADE
VIC1,2025-07-25 02:00:00,4908.64,8.6,TRADE
VIC1,2025-07-25 02:05:00,4863.3,8.95,TRADE
VIC1,2025-07-25 02:10:00,4915.23,8.95,TRADE
VIC1,2025-07-25 02:15:00,4881.4,0.7,TRADE
VIC1,2025-07-25 02:20:00,4880.52,8.95,TRADE
VIC1,2025-07-25 02:25:00,4847.35,8.09,TRADE
VIC1,2025-07-25 02:30:00,4834.35,8.25,TRADE
VIC1,2025-07-25 02:35:00,4835.01,20.0,TRADE
VIC1,2025-07-25 02:40:00,4743.25,7.95,TRADE
VIC1,2025-07-25 02:45:00,4798.52,8.95,TRADE
VIC1,2025-07-25 02:50:00,4811.77,8.95,TRADE
VIC1,2025-07-25 02:55:00,4803.55,6.66,TRADE
VIC1,2025-07-25 03:00:00,4809.83,0.06,TRADE
VIC1,2025-07-25 03:05:00,4800.66,11.89,TRADE
VIC1,2025-07-25 03:10:00,4769.87,0.06,TRADE
VIC1,2025-07-25 03:15:00,4783.72,0.06,TRADE
VIC1,2025-07-25 03:20:00,4694.21,7.95,TRADE
VIC1,2025-07-25 03:25:00,4753.08,7.81,TRADE
VIC1,2025-07-25 03:30:00,4767.06,0.06,TRADE
VIC1,2025-07-25 03:35:00,4740.95,0.06,TRADE
VIC1,2025-07-25 03:40:00,4742.38,0.06,TRADE
VIC1,2025-07-25 03:45:00,4782.56,0.06,TRADE
VIC1,2025-07-25 03:50:00,4785.81,0.06,TRADE
VIC1,2025-07-25 03:55:00,4736.9,0.06,TRADE
VIC1,2025-07-25 04:00:00,4751.74,0.06,TRADE
VIC1,2025-07-25 04:05:00,4784.05,0.05,TRADE
VIC1,2025-07-25 04:10:00,4840.65,0.06,TRADE
VIC1,2025-07-25 04:15:00,4803.24,0.01,TRADE
VIC1,2025-07-25 04:20:00,4856.17,0.01,TRADE
VIC1,2025-07-25 04:25:00,4873.72,-2.82,TRADE
VIC1,2025-07-25 04:30:00,4885.37,0.06,TRADE
VIC1,2025-07-25 04:35:00,4809.53,0.05,TRADE
VIC1,2025-07-25 04:40:00,4848.4,0.05,TRADE
VIC1,2025-07-25 04:45:00,4949.43,0.06,TRADE
VIC1,2025-07-25 04:50:00,4967.85,8.95,TRADE
VIC1,2025-07-25 04:55:00,4965.73,0.2,TRADE
VIC1,2025-07-25 05:00:00,4970.24,0.2,TRADE
VIC1,2025-07-25 05:05:00,4996.75,0.2,TRADE
VIC1,2025-07-25 05:10:00,5098.92,8.6,TRADE
VIC1,2025-07-25 05:15:00,5041.88,0.05,TRADE
VIC1,2025-07-25 05:20:00,5059.13,0.21,TRADE
VIC1,2025-07-25 05:25:00,5153.33,15.88,TRADE
VIC1,2025-07-25 05:30:00,5236.12,8.95,TRADE
VIC1,2025-07-25 05:35:00,5256.15,0.01,TRADE
VIC1,2025-07-25 05:40:00,5359.47,8.95,TRADE
VIC1,2025-07-25 05:45:00,5398.12,8.95,TRADE
VIC1,2025-07-25 05:50:00,5465.08,8.95,TRADE
VIC1,2025-07-25 05:55:00,5486.9,8.95,TRADE
VIC1,2025-07-25 06:00:00,5524.31,8.95,TRADE
VIC1,2025-07-25 06:05:00,5671.73,8.95,TRADE
VIC1,2025-07-25 06:10:00,5814.69,33.89,TRADE
VIC1,2025-07-25 06:15:00,5856.78,20.0,TRADE
VIC1,2025-07-25 06:20:00,6016.29,20.0,TRADE
VIC1,2025-07-25 06:25:00,6127.93,8.95,TRADE
VIC1,2025-07-25 06:30:00,6227.9,20.0,TRADE
VIC1,2025-07-25 06:35:00,6319.75,8.95,TRADE
VIC1,2025-07-25 06:40:00,6374.89,8.95,TRADE
VIC1,2025-07-25 06:45:00,6572.93,33.89,TRADE
VIC1,2025-07-25 06:50:00,6662.48,46.78,TRADE
VIC1,2025-07-25 06:55:00,6745.36,33.89,TRADE
VIC1,2025-07-25 07:00:00,6911.19,90.0,TRADE
VIC1,2025-07-25 07:05:00,7018.18,68.43,TRADE
VIC1,2025-07-25 07:10:00,7041.14,20.0,TRADE
VIC1,2025-07-25 07:15:00,7235.94,130.23,TRADE
VIC1,2025-07-25 07:20:00,7313.66,130.23,TRADE
VIC1,2025-07-25 07:25:00,7239.85,46.43,TRADE
VIC1,2025-07-25 07:30:00,7455.83,127.35,TRADE
VIC1,2025-07-25 07:35:00,7559.08,108.03,TRADE
VIC1,2025-07-25 07:40:00,7598.26,81.98,TRADE
VIC1,2025-07-25 07:45:00,7685.13,81.98,TRADE
VIC1,2025-07-25 07:50:00,7716.42,73.07,TRADE
VIC1,2025-07-25 07:55:00,7754.0,73.15,TRADE
VIC1,2025-07-25 08:00:00,7836.07,53.03,TRADE
VIC1,2025-07-25 08:05:00,7733.47,52.01,TRADE
VIC1,2025-07-25 08:10:00,7816.42,72.58,TRADE
VIC1,2025-07-25 08:15:00,7856.04,77.85,TRADE
VIC1,2025-07-25 08:20:00,7861.39,76.49,TRADE
VIC1,2025-07-25 08:25:00,7869.94,76.67,TRADE
VIC1,2025-07-25 08:30:00,7843.85,56.66,TRADE
VIC1,2025-07-25 08:35:00,7800.39,56.73,TRADE
VIC1,2025-07-25 08:40:00,7707.87,35.54,TRADE
VIC1,2025-07-25 08:45:00,7701.62,48.48,TRADE
VIC1,2025-07-25 08:50:00,7682.5,44.26,TRADE
VIC1,2025-07-25 08:55:00,7718.57,55.98,TRADE
VIC1,2025-07-25 09:00:00,7699.06,56.1,TRADE
VIC1,2025-07-25 09:05:00,7694.25,82.98,TRADE
VIC1,2025-07-25 09:10:00,7702.07,76.07,TRADE
VIC1,2025-07-25 09:15:00,7659.74,56.27,TRADE
VIC1,2025-07-25 09:20:00,7576.31,56.42,TRADE
VIC1,2025-07-25 09:25:00,7545.14,57.07,TRADE
VIC1,2025-07-25 09:30:00,7485.58,46.19,TRADE
VIC1,2025-07-25 09:35:00,7385.77,44.72,TRADE
VIC1,2025-07-25 09:40:00,7333.74,27.01,TRADE
VIC1,2025-07-25 09:45:00,7361.93,20.0,TRADE
VIC1,2025-07-25 09:50:00,7292.78,8.95,TRADE
VIC1,2025-07-25 09:55:00,7233.47,20.0,TRADE
VIC1,2025-07-25 10:00:00,7186.29,8.95,TRADE
VIC1,2025-07-25 10:05:00,7164.37,33.89,TRADE
VIC1,2025-07-25 10:10:00,7167.34,48.63,TRADE
VIC1,2025-07-25 10:15:00,7020.75,33.89,TRADE
VIC1,2025-07-25 10:20:00,7041.5,34.01,TRADE
VIC1,2025-07-25 10:25:00,7108.24,33.74,TRADE
VIC1,2025-07-25 10:30:00,7170.91,34.04,TRADE
VIC1,2025-07-25 10:35:00,7176.06,34.9,TRADE
VIC1,2025-07-25 10:40:00,7158.74,34.6,TRADE
VIC1,2025-07-25 10:45:00,7200.86,34.09,TRADE
VIC1,2025-07-25 10:50:00,7249.36,50.5,TRADE
VIC1,2025-07-25 10:55:00,7246.38,35.53,TRADE
VIC1,2025-07-25 11:00:00,7150.99,20.0,TRADE
VIC1,2025-07-25 11:05:00,7200.31,20.0,TRADE
VIC1,2025-07-25 11:10:00,7285.99,55.75,TRADE
VIC1,2025-07-25 11:15:00,7258.32,46.7,TRADE
VIC1,2025-07-25 11:20:00,7247.05,19.18,TRADE
VIC1,2025-07-25 11:25:00,7255.68,20.0,TRADE
VIC1,2025-07-25 11:30:00,7333.05,23.63,TRADE
VIC1,2025-07-25 11:35:00,7314.39,24.01,TRADE
VIC1,2025-07-25 11:40:00,7283.78,24.93,TRADE
VIC1,2025-07-25 11:45:00,7281.07,34.56,TRADE
VIC1,2025-07-25 11:50:00,7384.11,62.03,TRADE
VIC1,2025-07-25 11:55:00,7344.6,24.93,TRADE
VIC1,2025-07-25 12:00:00,7357.33,43.52,TRADE
VIC1,2025-07-25 12:05:00,7389.99,75.79,TRADE
VIC1,2025-07-25 12:10:00,7389.61,93.88,TRADE
VIC1,2025-07-25 12:15:00,7423.97,76.91,TRADE
VIC1,2025-07-25 12:20:00,7359.06,57.1,TRADE
VIC1,2025-07-25 12:25:00,7359.9,53.02,TRADE
VIC1,2025-07-25 12:30:00,7462.39,73.07,TRADE
VIC1,2025-07-25 12:35:00,7470.15,65.5,TRADE
VIC1,2025-07-25 12:40:00,7441.64,63.8,TRADE
VIC1,2025-07-25 12:45:00,7435.55,72.02,TRADE
VIC1,2025-07-25 12:50:00,7484.17,92.01,TRADE
VIC1,2025-07-25 12:55:00,7441.88,66.85,TRADE
VIC1,2025-07-25 13:00:00,7432.19,77.09,TRADE
VIC1,2025-07-25 13:05:00,7403.12,87.68,TRADE
VIC1,2025-07-25 13:10:00,7505.23,96.09,TRADE
VIC1,2025-07-25 13:15:00,7521.99,102.31,TRADE
VIC1,2025-07-25 13:20:00,7439.74,99.33,TRADE
VIC1,2025-07-25 13:25:00,7472.65,100.11,TRADE
VIC1,2025-07-25 13:30:00,7483.1,110.51,TRADE
VIC1,2025-07-25 13:35:00,7501.16,92.01,TRADE
VIC1,2025-07-25 13:40:00,7489.96,63.6,TRADE
VIC1,2025-07-25 13:45:00,7435.6,53.71,TRADE
VIC1,2025-07-25 13:50:00,7511.85,54.55,TRADE
VIC1,2025-07-25 13:55:00,7511.58,76.56,TRADE
VIC1,2025-07-25 14:00:00,7477.79,73.24,TRADE
VIC1,2025-07-25 14:05:00,7484.9,82.88,TRADE
VIC1,2025-07-25 14:10:00,7485.65,54.49,TRADE
VIC1,2025-07-25 14:15:00,7452.81,54.39,TRADE
VIC1,2025-07-25 14:20:00,7399.2,53.27,TRADE
VIC1,2025-07-25 14:25:00,7376.99,32.95,TRADE
VIC1,2025-07-25 14:30:00,7453.82,78.33,TRADE
VIC1,2025-07-25 14:35:00,7459.24,70.7,TRADE
VIC1,2025-07-25 14:40:00,7362.11,8.95,TRADE
VIC1,2025-07-25 14:45:00,7482.32,21.15,TRADE
VIC1,2025-07-25 14:50:00,7502.72,20.0,TRADE
VIC1,2025-07-25 14:55:00,7410.65,20.0,TRADE
VIC1,2025-07-25 15:00:00,7434.49,21.97,TRADE
VIC1,2025-07-25 15:05:00,7363.31,19.18,TRADE
VIC1,2025-07-25 15:10:00,7324.37,11.87,TRADE
VIC1,2025-07-25 15:15:00,7417.3,22.96,TRADE
VIC1,2025-07-25 15:20:00,7371.25,22.96,TRADE
VIC1,2025-07-25 15:25:00,7412.09,23.42,TRADE
VIC1,2025-07-25 15:30:00,7438.78,28.94,TRADE
VIC1,2025-07-25 15:35:00,7471.75,132.23,TRADE
VIC1,2025-07-25 15:40:00,7475.08,102.23,TRADE
VIC1,2025-07-25 15:45:00,7447.5,44.03,TRADE
VIC1,2025-07-25 15:50:00,7470.87,127.93,TRADE
VIC1,2025-07-25 15:55:00,7504.17,130.23,TRADE
VIC1,2025-07-25 16:00:00,7579.87,127.0,TRADE
VIC1,2025-07-25 16:05:00,7634.71,105.32,TRADE
VIC1,2025-07-25 16:10:00,7583.18,45.62,TRADE
VIC1,2025-07-25 16:15:00,7678.34,128.33,TRADE
VIC1,2025-07-25 16:20:00,7704.88,128.41,TRADE
VIC1,2025-07-25 16:25:00,7752.17,103.28,TRADE
VIC1,2025-07-25 16:30:00,7819.19,79.63,TRADE
VIC1,2025-07-25 16:35:00,7863.99,81.98,TRADE
VIC1,2025-07-25 16:40:00,7794.16,100.81,TRADE
VIC1,2025-07-25 16:45:00,7902.27,102.41,TRADE
VIC1,2025-07-25 16:50:00,7980.27,130.23,TRADE
VIC1,2025-07-25 16:55:00,7993.31,140.08,TRADE
VIC1,2025-07-25 17:00:00,7990.77,149.84,TRADE
VIC1,2025-07-25 17:05:00,8046.93,125.52,TRADE
VIC1,2025-07-25 17:10:00,8075.13,126.33,TRADE
VIC1,2025-07-25 17:15:00,8057.46,163.89,TRADE
VIC1,2025-07-25 17:20:00,7948.45,76.79,TRADE
VIC1,2025-07-25 17:25:00,8048.57,76.58,TRADE
VIC1,2025-07-25 17:30:00,8180.79,193.82,TRADE
VIC1,2025-07-25 17:35:00,8187.81,274.39,TRADE
VIC1,2025-07-25 17:40:00,8202.43,194.74,TRADE
VIC1,2025-07-25 17:45:00,8262.36,264.6,TRADE
VIC1,2025-07-25 17:50:00,8287.13,211.23,TRADE
VIC1,2025-07-25 17:55:00,8273.41,81.98,TRADE
VIC1,2025-07-25 18:00:00,8152.46,-468.93,TRADE
VIC1,2025-07-25 18:05:00,8170.71,130.23,TRADE
VIC1,2025-07-25 18:10:00,8175.77,130.23,TRADE
VIC1,2025-07-25 18:15:00,8201.5,81.98,TRADE
VIC1,2025-07-25 18:20:00,8183.1,81.98,TRADE
VIC1,2025-07-25 18:25:00,8152.57,81.98,TRADE
VIC1,2025-07-25 18:30:00,8186.36,81.98,TRADE
VIC1,2025-07-25 18:35:00,8143.49,247.51,TRADE
VIC1,2025-07-25 18:40:00,7917.7,99.65,TRADE
VIC1,2025-07-25 18:45:00,7970.25,101.2,TRADE
VIC1,2025-07-25 18:50:00,8003.57,99.16,TRADE
VIC1,2025-07-25 18:55:00,7989.9,90.15,TRADE
VIC1,2025-07-25 19:00:00,7940.27,30.86,TRADE
VIC1,2025-07-25 19:05:00,7940.45,91.85,TRADE
VIC1,2025-07-25 19:10:00,7927.55,167.1,TRADE
VIC1,2025-07-25 19:15:00,7785.68,132.36,TRADE
VIC1,2025-07-25 19:20:00,7784.19,160.7,TRADE
VIC1,2025-07-25 19:25:00,7738.2,89.57,TRADE
VIC1,2025-07-25 19:30:00,7784.91,124.13,TRADE
VIC1,2025-07-25 19:35:00,7797.08,149.5,TRADE
VIC1,2025-07-25 19:40:00,7666.87,122.74,TRADE
VIC1,2025-07-25 19:45:00,7618.11,129.38,TRADE
VIC1,2025-07-25 19:50:00,7556.28,68.25,TRADE
VIC1,2025-07-25 19:55:00,7620.6,68.23,TRADE
VIC1,2025-07-25 20:00:00,7635.33,60.94,TRADE
VIC1,2025-07-25 20:05:00,7551.1,81.98,TRADE
VIC1,2025-07-25 20:10:00,7548.97,81.98,TRADE
VIC1,2025-07-25 20:15:00,7487.28,81.98,TRADE
VIC1,2025-07-25 20:20:00,7393.22,0.0,TRADE
VIC1,2025-07-25 20:25:00,7398.01,81.98,TRADE
VIC1,2025-07-25 20:30:00,7408.96,90.7,TRADE
VIC1,2025-07-25 20:35:00,7362.8,131.58,TRADE
VIC1,2025-07-25 20:40:00,7310.91,90.7,TRADE
VIC1,2025-07-25 20:45:00,7299.76,131.58,TRADE
VIC1,2025-07-25 20:50:00,7270.77,131.58,TRADE
VIC1,2025-07-25 20:55:00,7255.69,130.24,TRADE
VIC1,2025-07-25 21:00:00,7182.29,48.64,TRADE
VIC1,2025-07-25 21:05:00,7086.48,-2.62,TRADE
VIC1,2025-07-25 21:10:00,7106.95,20.0,TRADE
VIC1,2025-07-25 21:15:00,7114.97,0.01,TRADE
VIC1,2025-07-25 21:20:00,7061.09,-2.82,TRADE
VIC1,2025-07-25 21:25:00,7069.24,-2.82,TRADE
VIC1,2025-07-25 21:30:00,6970.88,0.51,TRADE
VIC1,2025-07-25 21:35:00,6962.8,-2.82,TRADE
VIC1,2025-07-25 21:40:00,6790.51,-9.96,TRADE
VIC1,2025-07-25 21:45:00,6658.15,-11.79,TRADE
VIC1,2025-07-25 21:50:00,6685.41,-9.96,TRADE
VIC1,2025-07-25 21:55:00,6620.38,-13.0,TRADE
VIC1,2025-07-25 22:00:00,6556.4,-14.0,TRADE
VIC1,2025-07-25 22:05:00,6477.55,-14.0,TRADE
VIC1,2025-07-25 22:10:00,6476.66,-13.0,TRADE
VIC1,2025-07-25 22:15:00,6413.46,-13.0,TRADE
VIC1,2025-07-25 22:20:00,6271.84,-13.0,TRADE
VIC1,2025-07-25 22:25:00,6329.01,-11.79,TRADE
VIC1,2025-07-25 22:30:00,6323.34,-7.41,TRADE
VIC1,2025-07-25 22:35:00,6156.65,-7.41,TRADE
VIC1,2025-07-25 22:40:00,6084.67,-7.75,TRADE
VIC1,2025-07-25 22:45:00,6049.61,0.0,TRADE
VIC1,2025-07-25 22:50:00,6033.73,0.0,TRADE
VIC1,2025-07-25 22:55:00,5970.91,0.0,TRADE
VIC1,2025-07-25 23:00:00,5957.77,-2.82,TRADE
VIC1,2025-07-25 23:05:00,5933.38,0.01,TRADE
VIC1,2025-07-25 23:10:00,5964.18,0.05,TRADE
VIC1,2025-07-25 23:15:00,6015.1,0.26,TRADE
VIC1,2025-07-25 23:20:00,6050.17,18.98,TRADE
VIC1,2025-07-25 23:25:00,6082.78,20.0,TRADE
VIC1,2025-07-25 23:30:00,5960.31,0.06,TRADE
VIC1,2025-07-25 23:35:00,5950.8,10.5,TRADE
VIC1,2025-07-25 23:40:00,5965.18,20.0,TRADE
VIC1,2025-07-25 23:45:00,5862.77,0.06,TRADE
VIC1,2025-07-25 23:50:00,5859.58,8.95,TRADE
VIC1,2025-07-25 23:55:00,5755.96,0.01,TRADE
VIC1,2025-07-28 00:00:00,5190.29,27.01,TRADE
VIC1,2025-07-28 00:05:00,5153.0,20.0,TRADE
VIC1,2025-07-28 00:10:00,5155.56,55.83,TRADE
VIC1,2025-07-28 00:15:00,5127.65,49.07,TRADE
VIC1,2025-07-28 00:20:00,5146.16,61.23,TRADE
VIC1,2025-07-28 00:25:00,5113.21,57.19,TRADE
VIC1,2025-07-28 00:30:00,5042.7,50.61,TRADE
VIC1,2025-07-28 00:35:00,5032.51,49.92,TRADE
VIC1,2025-07-28 00:40:00,5040.42,60.63,TRADE
VIC1,2025-07-28 00:45:00,4985.72,49.57,TRADE
VIC1,2025-07-28 00:50:00,4897.74,49.55,TRADE
VIC1,2025-07-28 00:55:00,4917.46,49.62,TRADE
VIC1,2025-07-28 01:00:00,4922.44,43.98,TRADE
VIC1,2025-07-28 01:05:00,4879.45,48.91,TRADE
VIC1,2025-07-28 01:10:00,4905.33,49.62,TRADE
VIC1,2025-07-28 01:15:00,4902.59,23.0,TRADE
VIC1,2025-07-28 01:20:00,4813.91,27.6,TRADE
VIC1,2025-07-28 01:25:00,4859.3,20.74,TRADE
VIC1,2025-07-28 01:30:00,4745.42,19.18,TRADE
VIC1,2025-07-28 01:35:00,4756.66,49.3,TRADE
VIC1,2025-07-28 01:40:00,4717.33,32.61,TRADE
VIC1,2025-07-28 01:45:00,4720.92,34.97,TRADE
VIC1,2025-07-28 01:50:00,4690.45,20.0,TRADE
VIC1,2025-07-28 01:55:00,4668.85,20.0,TRADE
VIC1,2025-07-28 02:00:00,4660.54,20.0,TRADE
VIC1,2025-07-28 02:05:00,4649.28,20.0,TRADE
VIC1,2025-07-28 02:10:00,4544.17,8.95,TRADE
VIC1,2025-07-28 02:15:00,4543.78,19.18,TRADE
VIC1,2025-07-28 02:20:00,4579.55,19.18,TRADE
VIC1,2025-07-28 02:25:00,4583.6,19.18,TRADE
VIC1,2025-07-28 02:30:00,4541.76,19.18,TRADE
VIC1,2025-07-28 02:35:00,4504.37,19.18,TRADE
VIC1,2025-07-28 02:40:00,4510.14,19.18,TRADE
VIC1,2025-07-28 02:45:00,4476.35,19.18,TRADE
VIC1,2025-07-28 02:50:00,4369.32,8.95,TRADE
VIC1,2025-07-28 02:55:00,4413.56,19.18,TRADE
VIC1,2025-07-28 03:00:00,4429.8,19.18,TRADE
VIC1,2025-07-28 03:05:00,4350.41,8.95,TRADE
VIC1,2025-07-28 03:10:00,4399.78,19.18,TRADE
VIC1,2025-07-28 03:15:00,4422.59,19.18,TRADE
VIC1,2025-07-28 03:20:00,4407.11,19.18,TRADE
VIC1,2025-07-28 03:25:00,4271.66,0.49,TRADE
VIC1,2025-07-28 03:30:00,4262.11,0.01,TRADE
VIC1,2025-07-28 03:35:00,4279.37,8.95,TRADE
VIC1,2025-07-28 03:40:00,4388.17,21.53,TRADE
VIC1,2025-07-28 03:45:00,4328.67,8.95,TRADE
VIC1,2025-07-28 03:50:00,4333.25,8.95,TRADE
VIC1,2025-07-28 03:55:00,4328.56,8.95,TRADE
VIC1,2025-07-28 04:00:00,4333.65,8.95,TRADE
VIC1,2025-07-28 04:05:00,4335.07,8.95,TRADE
VIC1,2025-07-28 04:10:00,4290.42,19.18,TRADE
VIC1,2025-07-28 04:15:00,4379.82,19.18,TRADE
VIC1,2025-07-28 04:20:00,4392.22,19.18,TRADE
VIC1,2025-07-28 04:25:00,4369.25,19.18,TRADE
VIC1,2025-07-28 04:30:00,4376.05,19.18,TRADE
VIC1,2025-07-28 04:35:00,4410.78,19.18,TRADE
VIC1,2025-07-28 04:40:00,4457.9,19.18,TRADE
VIC1,2025-07-28 04:45:00,4439.7,19.18,TRADE
VIC1,2025-07-28 04:50:00,4377.93,16.06,TRADE
VIC1,2025-07-28 04:55:00,4445.48,19.18,TRADE
VIC1,2025-07-28 05:00:00,4489.48,19.18,TRADE
VIC1,2025-07-28 05:05:00,4589.89,16.92,TRADE
VIC1,2025-07-28 05:10:00,4583.85,19.18,TRADE
VIC1,2025-07-28 05:15:00,4707.09,19.18,TRADE
VIC1,2025-07-28 05:20:00,4739.18,19.18,TRADE
VIC1,2025-07-28 05:25:00,4834.7,19.18,TRADE
VIC1,2025-07-28 05:30:00,4703.54,15.37,TRADE
VIC1,2025-07-28 05:35:00,4813.08,19.18,TRADE
VIC1,2025-07-28 05:40:00,4904.71,20.0,TRADE
VIC1,2025-07-28 05:45:00,4980.89,19.18,TRADE
VIC1,2025-07-28 05:50:00,5030.13,20.0,TRADE
VIC1,2025-07-28 05:55:00,5149.92,20.0,TRADE
VIC1,2025-07-28 06:00:00,5234.73,19.18,TRADE
VIC1,2025-07-28 06:05:00,5300.21,20.0,TRADE
VIC1,2025-07-28 06:10:00,5357.17,23.0,TRADE
VIC1,2025-07-28 06:15:00,5470.91,68.88,TRADE
VIC1,2025-07-28 06:20:00,5557.03,70.42,TRADE
VIC1,2025-07-28 06:25:00,5673.54,70.45,TRADE
VIC1,2025-07-28 06:30:00,5711.64,67.04,TRADE
VIC1,2025-07-28 06:35:00,5800.07,70.87,TRADE
VIC1,2025-07-28 06:40:00,5896.66,71.98,TRADE
VIC1,2025-07-28 06:45:00,6034.8,97.35,TRADE
VIC1,2025-07-28 06:50:00,6027.79,87.3,TRADE
VIC1,2025-07-28 06:55:00,6141.1,78.99,TRADE
VIC1,2025-07-28 07:00:00,6256.74,84.3,TRADE
VIC1,2025-07-28 07:05:00,6383.44,98.38,TRADE
VIC1,2025-07-28 07:10:00,6450.82,79.5,TRADE
VIC1,2025-07-28 07:15:00,6592.97,120.0,TRADE
VIC1,2025-07-28 07:20:00,6719.18,104.16,TRADE
VIC1,2025-07-28 07:25:00,6721.86,79.02,TRADE
VIC1,2025-07-28 07:30:00,6895.44,84.15,TRADE
VIC1,2025-07-28 07:35:00,6933.77,81.12,TRADE
VIC1,2025-07-28 07:40:00,7026.83,79.31,TRADE
VIC1,2025-07-28 07:45:00,6999.16,75.79,TRADE
VIC1,2025-07-28 07:50:00,6997.63,72.52,TRADE
VIC1,2025-07-28 07:55:00,7089.52,57.0,TRADE
VIC1,2025-07-28 08:00:00,7109.78,56.54,TRADE
VIC1,2025-07-28 08:05:00,7051.31,56.26,TRADE
VIC1,2025-07-28 08:10:00,7127.56,57.0,TRADE
VIC1,2025-07-28 08:15:00,7084.84,57.0,TRADE
VIC1,2025-07-28 08:20:00,7054.14,49.48,TRADE
VIC1,2025-07-28 08:25:00,6911.27,37.73,TRADE
VIC1,2025-07-28 08:30:00,6849.28,11.06,TRADE
VIC1,2025-07-28 08:35:00,6818.91,11.06,TRADE
VIC1,2025-07-28 08:40:00,6797.31,35.16,TRADE
VIC1,2025-07-28 08:45:00,6746.78,20.0,TRADE
VIC1,2025-07-28 08:50:00,6705.65,20.0,TRADE
VIC1,2025-07-28 08:55:00,6660.51,20.0,TRADE
VIC1,2025-07-28 09:00:00,6580.77,8.95,TRADE
VIC1,2025-07-28 09:05:00,6542.12,20.0,TRADE
VIC1,2025-07-28 09:10:00,6505.45,38.19,TRADE
VIC1,2025-07-28 09:15:00,6546.0,48.19,TRADE
VIC1,2025-07-28 09:20:00,6519.2,20.0,TRADE
VIC1,2025-07-28 09:25:00,6502.09,32.78,TRADE
VIC1,2025-07-28 09:30:00,6397.68,11.05,TRADE
VIC1,2025-07-28 09:35:00,6326.64,33.07,TRADE
VIC1,2025-07-28 09:40:00,6262.17,11.05,TRADE
VIC1,2025-07-28 09:45:00,6064.59,0.45,TRADE
VIC1,2025-07-28 09:50:00,6064.94,8.95,TRADE
VIC1,2025-07-28 09:55:00,6002.51,8.95,TRADE
VIC1,2025-07-28 10:00:00,5888.09,0.08,TRADE
VIC1,2025-07-28 10:05:00,5813.8,8.95,TRADE
VIC1,2025-07-28 10:10:00,5736.24,20.04,TRADE
VIC1,2025-07-28 10:15:00,5561.24,0.41,TRADE
VIC1,2025-07-28 10:20:00,5482.67,0.0,TRADE
VIC1,2025-07-28 10:25:00,5323.49,0.08,TRADE
VIC1,2025-07-28 10:30:00,5276.67,0.0,TRADE
VIC1,2025-07-28 10:35:00,5292.26,0.0,TRADE
VIC1,2025-07-28 10:40:00,5312.37,0.08,TRADE
VIC1,2025-07-28 10:45:00,5208.13,-10.78,TRADE
VIC1,2025-07-28 10:50:00,5207.97,0.0,TRADE
VIC1,2025-07-28 10:55:00,5204.41,-1.06,TRADE
VIC1,2025-07-28 11:00:00,5148.78,0.0,TRADE
VIC1,2025-07-28 11:05:00,5030.19,-0.65,TRADE
VIC1,2025-07-28 11:10:00,5035.96,-1.06,TRADE
VIC1,2025-07-28 11:15:00,5070.48,0.08,TRADE
VIC1,2025-07-28 11:20:00,5102.51,0.0,TRADE
VIC1,2025-07-28 11:25:00,5150.76,7.03,TRADE
VIC1,2025-07-28 11:30:00,5036.33,-7.41,TRADE
VIC1,2025-07-28 11:35:00,5055.42,-9.83,TRADE
VIC1,2025-07-28 11:40:00,5088.01,-1.06,TRADE
VIC1,2025-07-28 11:45:00,5012.06,-9.83,TRADE
VIC1,2025-07-28 11:50:00,5070.59,-0.63,TRADE
VIC1,2025-07-28 11:55:00,4973.05,-12.0,TRADE
VIC1,2025-07-28 12:00:00,4976.22,-9.83,TRADE
VIC1,2025-07-28 12:05:00,5000.22,-8.56,TRADE
VIC1,2025-07-28 12:10:00,5008.29,0.0,TRADE
VIC1,2025-07-28 12:15:00,4927.56,-0.87,TRADE
VIC1,2025-07-28 12:20:00,4906.21,-10.71,TRADE
VIC1,2025-07-28 12:25:00,4980.77,-10.56,TRADE
VIC1,2025-07-28 12:30:00,4962.43,-10.63,TRADE
VIC1,2025-07-28 12:35:00,4929.88,-10.68,TRADE
VIC1,2025-07-28 12:40:00,4936.28,0.0,TRADE
VIC1,2025-07-28 12:45:00,5013.56,20.04,TRADE
VIC1,2025-07-28 12:50:00,5105.57,10.37,TRADE
VIC1,2025-07-28 12:55:00,5149.39,8.95,TRADE
VIC1,2025-07-28 13:00:00,5189.79,8.95,TRADE
VIC1,2025-07-28 13:05:00,5203.03,8.95,TRADE
VIC1,2025-07-28 13:10:00,5171.6,-6.03,TRADE
VIC1,2025-07-28 13:15:00,5165.79,8.95,TRADE
VIC1,2025-07-28 13:20:00,5033.27,0.0,TRADE
VIC1,2025-07-28 13:25:00,5123.15,8.95,TRADE
VIC1,2025-07-28 13:30:00,5110.8,13.67,TRADE
VIC1,2025-07-28 13:35:00,5090.34,8.95,TRADE
VIC1,2025-07-28 13:40:00,5083.5,8.95,TRADE
VIC1,2025-07-28 13:45:00,5102.97,20.61,TRADE
VIC1,2025-07-28 13:50:00,5166.03,10.17,TRADE
VIC1,2025-07-28 13:55:00,5224.66,10.29,TRADE
VIC1,2025-07-28 14:00:00,5197.84,8.95,TRADE
VIC1,2025-07-28 14:05:00,5318.32,0.08,TRADE
VIC1,2025-07-28 14:10:00,5396.2,8.95,TRADE
VIC1,2025-07-28 14:15:00,5366.62,0.08,TRADE
VIC1,2025-07-28 14:20:00,5351.44,8.95,TRADE
VIC1,2025-07-28 14:25:00,5378.62,20.0,TRADE
VIC1,2025-07-28 14:30:00,5362.1,0.08,TRADE
VIC1,2025-07-28 14:35:00,5346.27,8.95,TRADE
VIC1,2025-07-28 14:40:00,5304.64,29.98,TRADE
VIC1,2025-07-28 14:45:00,5341.81,0.08,TRADE
VIC1,2025-07-28 14:50:00,5371.4,31.14,TRADE
VIC1,2025-07-28 14:55:00,5454.96,20.0,TRADE
VIC1,2025-07-28 15:00:00,5541.26,21.49,TRADE
VIC1,2025-07-28 15:05:00,5590.25,19.03,TRADE
VIC1,2025-07-28 15:10:00,5529.43,8.95,TRADE
VIC1,2025-07-28 15:15:00,5586.66,8.95,TRADE
VIC1,2025-07-28 15:20:00,5628.12,30.71,TRADE
VIC1,2025-07-28 15:25:00,5671.14,8.95,TRADE
VIC1,2025-07-28 15:30:00,5699.37,1.04,TRADE
VIC1,2025-07-28 15:35:00,5722.69,8.95,TRADE
VIC1,2025-07-28 15:40:00,5875.2,20.0,TRADE
VIC1,2025-07-28 15:45:00,5980.35,35.0,TRADE
VIC1,2025-07-28 15:50:00,6060.04,8.95,TRADE
VIC1,2025-07-28 15:55:00,6102.69,34.26,TRADE
VIC1,2025-07-28 16:00:00,6180.49,49.73,TRADE
VIC1,2025-07-28 16:05:00,6244.81,35.92,TRADE
VIC1,2025-07-28 16:10:00,6262.79,20.04,TRADE
VIC1,2025-07-28 16:15:00,6233.37,12.49,TRADE
VIC1,2025-07-28 16:20:00,6400.54,44.56,TRADE
VIC1,2025-07-28 16:25:00,6528.98,75.69,TRADE
VIC1,2025-07-28 16:30:00,6569.99,84.11,TRADE
VIC1,2025-07-28 16:35:00,6645.89,78.58,TRADE
VIC1,2025-07-28 16:40:00,6745.27,102.17,TRADE
VIC1,2025-07-28 16:45:00,6850.02,118.32,TRADE
VIC1,2025-07-28 16:50:00,6923.18,139.49,TRADE
VIC1,2025-07-28 16:55:00,6911.25,155.23,TRADE
VIC1,2025-07-28 17:00:00,7040.44,156.77,TRADE
VIC1,2025-07-28 17:05:00,7132.72,158.28,TRADE
VIC1,2025-07-28 17:10:00,7115.42,137.69,TRADE
VIC1,2025-07-28 17:15:00,7274.21,160.67,TRADE
VIC1,2025-07-28 17:20:00,7334.12,173.4,TRADE
VIC1,2025-07-28 17:25:00,7444.74,166.26,TRADE
VIC1,2025-07-28 17:30:00,7439.26,170.27,TRADE
VIC1,2025-07-28 17:35:00,7499.24,162.83,TRADE
VIC1,2025-07-28 17:40:00,7655.04,170.76,TRADE
VIC1,2025-07-28 17:45:00,7645.01,159.95,TRADE
VIC1,2025-07-28 17:50:00,7731.7,170.22,TRADE
VIC1,2025-07-28 17:55:00,7725.16,162.76,TRADE
VIC1,2025-07-28 18:00:00,7784.84,187.01,TRADE
VIC1,2025-07-28 18:05:00,7812.99,190.76,TRADE
VIC1,2025-07-28 18:10:00,7835.31,199.01,TRADE
VIC1,2025-07-28 18:15:00,7806.74,193.46,TRADE
VIC1,2025-07-28 18:20:00,7762.17,247.65,TRADE
VIC1,2025-07-28 18:25:00,7844.44,209.34,TRADE
VIC1,2025-07-28 18:30:00,7877.95,180.96,TRADE
VIC1,2025-07-28 18:35:00,7805.21,184.67,TRADE
VIC1,2025-07-28 18:40:00,7844.59,183.34,TRADE
VIC1,2025-07-28 18:45:00,7776.96,177.87,TRADE
VIC1,2025-07-28 18:50:00,7819.46,240.0,TRADE
VIC1,2025-07-28 18:55:00,7660.33,167.45,TRADE
VIC1,2025-07-28 19:00:00,7734.23,211.37,TRADE
VIC1,2025-07-28 19:05:00,7687.65,170.99,TRADE
VIC1,2025-07-28 19:10:00,7576.52,174.8,TRADE
VIC1,2025-07-28 19:15:00,7602.68,168.72,TRADE
VIC1,2025-07-28 19:20:00,7643.16,202.3,TRADE
VIC1,2025-07-28 19:25:00,7587.78,166.88,TRADE
VIC1,2025-07-28 19:30:00,7518.27,165.44,TRADE
VIC1,2025-07-28 19:35:00,7485.15,221.79,TRADE
VIC1,2025-07-28 19:40:00,7488.69,192.72,TRADE
VIC1,2025-07-28 19:45:00,7436.82,223.41,TRADE
VIC1,2025-07-28 19:50:00,7426.62,223.36,TRADE
VIC1,2025-07-28 19:55:00,7446.22,218.68,TRADE
VIC1,2025-07-28 20:00:00,7437.51,200.89,TRADE
VIC1,2025-07-28 20:05:00,7357.87,223.5,TRADE
VIC1,2025-07-28 20:10:00,7398.24,223.36,TRADE
VIC1,2025-07-28 20:15:00,7375.77,247.45,TRADE
VIC1,2025-07-28 20:20:00,7339.34,248.94,TRADE
VIC1,2025-07-28 20:25:00,7252.96,205.93,TRADE
VIC1,2025-07-28 20:30:00,7188.31,203.21,TRADE
VIC1,2025-07-28 20:35:00,7159.88,195.54,TRADE
VIC1,2025-07-28 20:40:00,7080.15,180.96,TRADE
VIC1,2025-07-28 20:45:00,7155.36,191.56,TRADE
VIC1,2025-07-28 20:50:00,7134.58,232.36,TRADE
VIC1,2025-07-28 20:55:00,6976.04,191.79,TRADE
VIC1,2025-07-28 21:00:00,7020.92,187.98,TRADE
VIC1,2025-07-28 21:05:00,7004.46,233.39,TRADE
VIC1,2025-07-28 21:10:00,6986.39,200.89,TRADE
VIC1,2025-07-28 21:15:00,6948.16,175.8,TRADE
VIC1,2025-07-28 21:20:00,6787.8,179.28,TRADE
VIC1,2025-07-28 21:25:00,6872.75,209.55,TRADE
VIC1,2025-07-28 21:30:00,6813.04,202.32,TRADE
VIC1,2025-07-28 21:35:00,6768.6,192.28,TRADE
VIC1,2025-07-28 21:40:00,6728.29,196.68,TRADE
VIC1,2025-07-28 21:45:00,6688.51,197.72,TRADE
VIC1,2025-07-28 21:50:00,6608.1,160.0,TRADE
VIC1,2025-07-28 21:55:00,6518.06,145.46,TRADE
VIC1,2025-07-28 22:00:00,6398.16,144.26,TRADE
VIC1,2025-07-28 22:05:00,6390.26,142.34,TRADE
VIC1,2025-07-28 22:10:00,6427.49,160.0,TRADE
VIC1,2025-07-28 22:15:00,6394.85,158.0,TRADE
VIC1,2025-07-28 22:20:00,6306.12,147.33,TRADE
VIC1,2025-07-28 22:25:00,6303.07,147.15,TRADE
VIC1,2025-07-28 22:30:00,6239.06,122.33,TRADE
VIC1,2025-07-28 22:35:00,6214.05,126.94,TRADE
VIC1,2025-07-28 22:40:00,6136.93,142.76,TRADE
VIC1,2025-07-28 22:45:00,6000.75,153.31,TRADE
VIC1,2025-07-28 22:50:00,5964.19,130.43,TRADE
VIC1,2025-07-28 22:55:00,5935.14,130.47,TRADE
VIC1,2025-07-28 23:00:00,5896.08,127.17,TRADE
VIC1,2025-07-28 23:05:00,5960.12,143.41,TRADE
VIC1,2025-07-28 23:10:00,6030.77,143.57,TRADE
VIC1,2025-07-28 23:15:00,6027.42,134.21,TRADE
VIC1,2025-07-28 23:20:00,6001.01,134.45,TRADE
VIC1,2025-07-28 23:25:00,6023.28,134.65,TRADE
VIC1,2025-07-28 23:30:00,6025.34,135.86,TRADE
VIC1,2025-07-28 23:35:00,5870.71,132.12,TRADE
VIC1,2025-07-28 23:40:00,5843.56,132.72,TRADE
VIC1,2025-07-28 23:45:00,5882.06,144.4,TRADE
VIC1,2025-07-28 23:50:00,5862.69,135.57,TRADE
VIC1,2025-07-28 23:55:00,5800.75,144.87,TRADE
VIC1,2025-07-29 00:00:00,5808.87,134.35,TRADE
VIC1,2025-07-29 00:05:00,5754.93,143.8,TRADE
VIC1,2025-07-29 00:10:00,5756.69,144.47,TRADE
VIC1,2025-07-29 00:15:00,5666.36,131.15,TRADE
VIC1,2025-07-29 00:20:00,5604.31,97.0,TRADE
VIC1,2025-07-29 00:25:00,5646.4,141.07,TRADE
VIC1,2025-07-29 00:30:00,5545.67,128.21,TRADE
VIC1,2025-07-29 00:35:00,5568.54,99.63,TRADE
VIC1,2025-07-29 00:40:00,5514.57,100.31,TRADE
VIC1,2025-07-29 00:45:00,5532.7,123.87,TRADE
VIC1,2025-07-29 00:50:00,5501.37,110.31,TRADE
VIC1,2025-07-29 00:55:00,5500.84,133.12,TRADE
VIC1,2025-07-29 01:00:00,5421.33,109.4,TRADE
VIC1,2025-07-29 01:05:00,5374.2,98.7,TRADE
VIC1,2025-07-29 01:10:00,5384.52,110.63,TRADE
VIC1,2025-07-29 01:15:00,5415.27,119.16,TRADE
VIC1,2025-07-29 01:20:00,5389.4,97.0,TRADE
VIC1,2025-07-29 01:25:00,5340.4,98.05,TRADE
VIC1,2025-07-29 01:30:00,5331.78,123.19,TRADE
VIC1,2025-07-29 01:35:00,5312.95,134.55,TRADE
VIC1,2025-07-29 01:40:00,5214.51,86.47,TRADE
VIC1,2025-07-29 01:45:00,5280.4,97.0,TRADE
VIC1,2025-07-29 01:50:00,5176.39,97.0,TRADE
VIC1,2025-07-29 01:55:00,5150.29,89.53,TRADE
VIC1,2025-07-29 02:00:00,5176.48,87.93,TRADE
VIC1,2025-07-29 02:05:00,5125.49,97.0,TRADE
VIC1,2025-07-29 02:10:00,5176.75,137.47,TRADE
VIC1,2025-07-29 02:15:00,5144.69,102.62,TRADE
VIC1,2025-07-29 02:20:00,5123.12,89.65,TRADE
VIC1,2025-07-29 02:25:00,5110.3,100.27,TRADE
VIC1,2025-07-29 02:30:00,5096.59,90.0,TRADE
VIC1,2025-07-29 02:35:00,5085.55,90.0,TRADE
VIC1,2025-07-29 02:40:00,5006.0,119.96,TRADE
VIC1,2025-07-29 02:45:00,4969.48,97.0,TRADE
VIC1,2025-07-29 02:50:00,4991.51,90.58,TRADE
VIC1,2025-07-29 02:55:00,5028.21,108.5,TRADE
VIC1,2025-07-29 03:00:00,5016.12,88.1,TRADE
VIC1,2025-07-29 03:05:00,4990.29,97.0,TRADE
VIC1,2025-07-29 03:10:00,4960.38,87.03,TRADE
VIC1,2025-07-29 03:15:00,4981.45,97.0,TRADE
VIC1,2025-07-29 03:20:00,5004.15,97.0,TRADE
VIC1,2025-07-29 03:25:00,4911.38,85.35,TRADE
VIC1,2025-07-29 03:30:00,4989.36,97.0,TRADE
VIC1,2025-07-29 03:35:00,4964.81,90.0,TRADE
VIC1,2025-07-29 03:40:00,4928.77,93.18,TRADE
VIC1,2025-07-29 03:45:00,4980.23,112.68,TRADE
VIC1,2025-07-29 03:50:00,4980.17,130.35,TRADE
VIC1,2025-07-29 03:55:00,4992.25,86.4,TRADE
VIC1,2025-07-29 04:00:00,4911.69,109.1,TRADE
VIC1,2025-07-29 04:05:00,4917.75,112.0,TRADE
VIC1,2025-07-29 04:10:00,4955.6,117.6,TRADE
VIC1,2025-07-29 04:15:00,4953.47,117.38,TRADE
VIC1,2025-07-29 04:20:00,5029.53,122.86,TRADE
VIC1,2025-07-29 04:25:00,5020.93,93.09,TRADE
VIC1,2025-07-29 04:30:00,4980.77,107.57,TRADE
VIC1,2025-07-29 04:35:00,5043.28,109.13,TRADE
VIC1,2025-07-29 04:40:00,5094.94,94.0,TRADE
VIC1,2025-07-29 04:45:00,5136.02,98.36,TRADE
VIC1,2025-07-29 04:50:00,5130.17,115.49,TRADE
VIC1,2025-07-29 04:55:00,5078.7,111.73,TRADE
VIC1,2025-07-29 05:00:00,5139.03,121.77,TRADE
VIC1,2025-07-29 05:05:00,5210.46,116.47,TRADE
VIC1,2025-07-29 05:10:00,5276.09,126.64,TRADE
VIC1,2025-07-29 05:15:00,5301.07,121.7,TRADE
VIC1,2025-07-29 05:20:00,5365.73,119.69,TRADE
VIC1,2025-07-29 05:25:00,5453.21,112.9,TRADE
VIC1,2025-07-29 05:30:00,5507.83,167.25,TRADE
VIC1,2025-07-29 05:35:00,5465.22,123.61,TRADE
VIC1,2025-07-29 05:40:00,5569.89,160.4,TRADE
VIC1,2025-07-29 05:45:00,5662.34,168.67,TRADE
VIC1,2025-07-29 05:50:00,5762.65,175.69,TRADE
VIC1,2025-07-29 05:55:00,5777.81,171.48,TRADE
VIC1,2025-07-29 06:00:00,5876.36,172.62,TRADE
VIC1,2025-07-29 06:05:00,5950.66,199.78,TRADE
VIC1,2025-07-29 06:10:00,6025.89,221.85,TRADE
VIC1,2025-07-29 06:15:00,6184.14,295.37,TRADE
VIC1,2025-07-29 06:20:00,6294.33,298.53,TRADE
VIC1,2025-07-29 06:25:00,6310.18,297.13,TRADE
VIC1,2025-07-29 06:30:00,6406.36,299.49,TRADE
VIC1,2025-07-29 06:35:00,6510.66,253.13,TRADE
VIC1,2025-07-29 06:40:00,6717.65,248.94,TRADE
VIC1,2025-07-29 06:45:00,6752.12,248.94,TRADE
VIC1,2025-07-29 06:50:00,6922.75,260.1,TRADE
VIC1,2025-07-29 06:55:00,7034.51,276.07,TRADE
VIC1,2025-07-29 07:00:00,7155.33,299.4,TRADE
VIC1,2025-07-29 07:05:00,7291.39,273.08,TRADE
VIC1,2025-07-29 07:10:00,7310.57,253.44,TRADE
VIC1,2025-07-29 07:15:00,7510.74,299.17,TRADE
VIC1,2025-07-29 07:20:00,7579.24,320.26,TRADE
VIC1,2025-07-29 07:25:00,7601.94,308.25,TRADE
VIC1,2025-07-29 07:30:00,7627.2,298.0,TRADE
VIC1,2025-07-29 07:35:00,7690.13,254.77,TRADE
VIC1,2025-07-29 07:40:00,7516.2,247.45,TRADE
VIC1,2025-07-29 07:45:00,7590.23,270.82,TRADE
VIC1,2025-07-29 07:50:00,7622.2,270.82,TRADE
VIC1,2025-07-29 07:55:00,7640.65,281.85,TRADE
VIC1,2025-07-29 08:00:00,7631.6,288.18,TRADE
VIC1,2025-07-29 08:05:00,7560.98,253.13,TRADE
VIC1,2025-07-29 08:10:00,7614.74,248.94,TRADE
VIC1,2025-07-29 08:15:00,7601.85,270.82,TRADE
VIC1,2025-07-29 08:20:00,7558.09,248.94,TRADE
VIC1,2025-07-29 08:25:00,7494.74,262.47,TRADE
VIC1,2025-07-29 08:30:00,7430.3,261.3,TRADE
VIC1,2025-07-29 08:35:00,7492.85,263.8,TRADE
VIC1,2025-07-29 08:40:00,7527.8,270.82,TRADE
VIC1,2025-07-29 08:45:00,7389.15,248.94,TRADE
VIC1,2025-07-29 08:50:00,7360.47,248.94,TRADE
VIC1,2025-07-29 08:55:00,7371.72,248.94,TRADE
VIC1,2025-07-29 09:00:00,7262.02,247.45,TRADE
VIC1,2025-07-29 09:05:00,7231.6,222.23,TRADE
VIC1,2025-07-29 09:10:00,7212.8,222.1,TRADE
VIC1,2025-07-29 09:15:00,7107.29,228.46,TRADE
VIC1,2025-07-29 09:20:00,7065.52,221.18,TRADE
VIC1,2025-07-29 09:25:00,6962.93,180.96,TRADE
VIC1,2025-07-29 09:30:00,6910.05,180.96,TRADE
VIC1,2025-07-29 09:35:00,6862.77,180.96,TRADE
VIC1,2025-07-29 09:40:00,6859.92,180.94,TRADE
VIC1,2025-07-29 09:45:00,6825.51,180.94,TRADE
VIC1,2025-07-29 09:50:00,6742.05,147.99,TRADE
VIC1,2025-07-29 09:55:00,6711.41,154.59,TRADE
VIC1,2025-07-29 10:00:00,6535.25,123.86,TRADE
VIC1,2025-07-29 10:05:00,6391.4,160.0,TRADE
VIC1,2025-07-29 10:10:00,6467.64,160.0,TRADE
VIC1,2025-07-29 10:15:00,6276.39,280.16,TRADE
VIC1,2025-07-29 10:20:00,6199.45,167.54,TRADE
VIC1,2025-07-29 10:25:00,6210.43,160.0,TRADE
VIC1,2025-07-29 10:30:00,6120.86,106.36,TRADE
VIC1,2025-07-29 10:35:00,6086.3,158.72,TRADE
VIC1,2025-07-29 10:40:00,6007.69,162.05,TRADE
VIC1,2025-07-29 10:45:00,5919.96,91.72,TRADE
VIC1,2025-07-29 10:50:00,5875.2,91.65,TRADE
VIC1,2025-07-29 10:55:00,5809.74,84.46,TRADE
VIC1,2025-07-29 11:00:00,5684.95,73.17,TRADE
VIC1,2025-07-29 11:05:00,5645.79,76.56,TRADE
VIC1,2025-07-29 11:10:00,5704.05,108.19,TRADE
VIC1,2025-07-29 11:15:00,5645.67,56.2,TRADE
VIC1,2025-07-29 11:20:00,5575.91,48.19,TRADE
VIC1,2025-07-29 11:25:00,5605.29,90.0,TRADE
VIC1,2025-07-29 11:30:00,5544.48,48.19,TRADE
VIC1,2025-07-29 11:35:00,5559.55,62.7,TRADE
VIC1,2025-07-29 11:40:00,5469.39,55.74,TRADE
VIC1,2025-07-29 11:45:00,5504.91,67.15,TRADE
VIC1,2025-07-29 11:50:00,5518.09,90.0,TRADE
VIC1,2025-07-29 11:55:00,5504.3,75.8,TRADE
VIC1,2025-07-29 12:00:00,5469.87,50.06,TRADE
VIC1,2025-07-29 12:05:00,5533.94,90.0,TRADE
VIC1,2025-07-29 12:10:00,5545.46,92.23,TRADE
VIC1,2025-07-29 12:15:00,5530.63,92.23,TRADE
VIC1,2025-07-29 12:20:00,5460.17,115.89,TRADE
VIC1,2025-07-29 12:25:00,5414.97,113.57,TRADE
VIC1,2025-07-29 12:30:00,5394.7,113.28,TRADE
VIC1,2025-07-29 12:35:00,5430.43,122.02,TRADE
VIC1,2025-07-29 12:40:00,5416.86,92.51,TRADE
VIC1,2025-07-29 12:45:00,5465.54,176.17,TRADE
VIC1,2025-07-29 12:50:00,5471.72,173.38,TRADE
VIC1,2025-07-29 12:55:00,5442.64,160.0,TRADE
VIC1,2025-07-29 13:00:00,5475.83,166.45,TRADE
VIC1,2025-07-29 13:05:00,5480.58,166.45,TRADE
VIC1,2025-07-29 13:10:00,5423.21,149.17,TRADE
VIC1,2025-07-29 13:15:00,5488.48,156.66,TRADE
VIC1,2025-07-29 13:20:00,5517.24,160.36,TRADE
VIC1,2025-07-29 13:25:00,5498.57,207.8,TRADE
VIC1,2025-07-29 13:30:00,5507.08,209.92,TRADE
VIC1,2025-07-29 13:35:00,5500.75,133.28,TRADE
VIC1,2025-07-29 13:40:00,5494.72,155.45,TRADE
VIC1,2025-07-29 13:45:00,5452.49,139.34,TRADE
VIC1,2025-07-29 13:50:00,5468.26,132.63,TRADE
VIC1,2025-07-29 13:55:00,5540.46,227.63,TRADE
VIC1,2025-07-29 14:00:00,5474.55,126.34,TRADE
VIC1,2025-07-29 14:05:00,5546.37,221.61,TRADE
VIC1,2025-07-29 14:10:00,5558.22,216.13,TRADE
VIC1,2025-07-29 14:15:00,5596.03,219.2,TRADE
VIC1,2025-07-29 14:20:00,5559.63,220.95,TRADE
VIC1,2025-07-29 14:25:00,5578.0,160.36,TRADE
VIC1,2025-07-29 14:30:00,5577.51,162.32,TRADE
VIC1,2025-07-29 14:35:00,5575.74,160.36,TRADE
VIC1,2025-07-29 14:40:00,5512.13,159.08,TRADE
VIC1,2025-07-29 14:45:00,5581.48,160.36,TRADE
VIC1,2025-07-29 14:50:00,5609.32,167.48,TRADE
VIC1,2025-07-29 14:55:00,5634.95,160.36,TRADE
VIC1,2025-07-29 15:00:00,5606.9,143.66,TRADE
VIC1,2025-07-29 15:05:00,5704.39,171.57,TRADE
VIC1,2025-07-29 15:10:00,5703.42,168.69,TRADE
VIC1,2025-07-29 15:15:00,5769.96,197.97,TRADE
VIC1,2025-07-29 15:20:00,5742.71,199.71,TRADE
VIC1,2025-07-29 15:25:00,5764.15,199.97,TRADE
VIC1,2025-07-29 15:30:00,5802.72,197.52,TRADE
VIC1,2025-07-29 15:35:00,5749.6,154.6,TRADE
VIC1,2025-07-29 15:40:00,5996.62,204.55,TRADE
VIC1,2025-07-29 15:45:00,6049.14,204.52,TRADE
VIC1,2025-07-29 15:50:00,6157.35,236.99,TRADE
VIC1,2025-07-29 15:55:00,6260.22,239.95,TRADE
VIC1,2025-07-29 16:00:00,6273.63,254.04,TRADE
VIC1,2025-07-29 16:05:00,6348.65,299.5,TRADE
VIC1,2025-07-29 16:10:00,6349.08,286.12,TRADE
VIC1,2025-07-29 16:15:00,6417.25,266.7,TRADE
VIC1,2025-07-29 16:20:00,6515.54,254.29,TRADE
VIC1,2025-07-29 16:25:00,6657.23,278.82,TRADE
VIC1,2025-07-29 16:30:00,6723.84,299.5,TRADE
VIC1,2025-07-29 16:35:00,6860.43,295.21,TRADE
VIC1,2025-07-29 16:40:00,6930.35,299.29,TRADE
VIC1,2025-07-29 16:45:00,7034.83,342.67,TRADE
VIC1,2025-07-29 16:50:00,7112.76,348.61,TRADE
VIC1,2025-07-29 16:55:00,7213.54,348.61,TRADE
VIC1,2025-07-29 17:00:00,7174.93,333.3,TRADE
VIC1,2025-07-29 17:05:00,7276.7,291.13,TRADE
VIC1,2025-07-29 17:10:00,7397.77,298.36,TRADE
VIC1,2025-07-29 17:15:00,7494.27,348.61,TRADE
VIC1,2025-07-29 17:20:00,7478.47,348.61,TRADE
VIC1,2025-07-29 17:25:00,7596.79,375.76,TRADE
VIC1,2025-07-29 17:30:00,7678.02,378.37,TRADE
VIC1,2025-07-29 17:35:00,7739.46,359.39,TRADE
VIC1,2025-07-29 17:40:00,7806.82,356.47,TRADE
VIC1,2025-07-29 17:45:00,7846.43,354.5,TRADE
VIC1,2025-07-29 17:50:00,7911.69,351.51,TRADE
VIC1,2025-07-29 17:55:00,8050.15,406.48,TRADE
VIC1,2025-07-29 18:00:00,8061.24,357.15,TRADE
VIC1,2025-07-29 18:05:00,8025.84,348.61,TRADE
VIC1,2025-07-29 18:10:00,8069.14,296.62,TRADE
VIC1,2025-07-29 18:15:00,8169.8,348.61,TRADE
VIC1,2025-07-29 18:20:00,8128.7,321.47,TRADE
VIC1,2025-07-29 18:25:00,8160.41,329.07,TRADE
VIC1,2025-07-29 18:30:00,8064.35,309.46,TRADE
VIC1,2025-07-29 18:35:00,8170.74,293.47,TRADE
VIC1,2025-07-29 18:40:00,8110.27,297.89,TRADE
VIC1,2025-07-29 18:45:00,8117.44,293.24,TRADE
VIC1,2025-07-29 18:50:00,8080.63,287.17,TRADE
VIC1,2025-07-29 18:55:00,8075.18,287.0,TRADE
VIC1,2025-07-29 19:00:00,8054.82,276.84,TRADE
VIC1,2025-07-29 19:05:00,7926.97,254.98,TRADE
VIC1,2025-07-29 19:10:00,7972.51,263.26,TRADE
VIC1,2025-07-29 19:15:00,7928.56,266.96,TRADE
VIC1,2025-07-29 19:20:00,7946.73,266.96,TRADE
VIC1,2025-07-29 19:25:00,7956.62,257.76,TRADE
VIC1,2025-07-29 19:30:00,7842.25,263.34,TRADE
VIC1,2025-07-29 19:35:00,7908.67,295.46,TRADE
VIC1,2025-07-29 19:40:00,7930.02,294.93,TRADE
VIC1,2025-07-29 19:45:00,7880.63,280.22,TRADE
VIC1,2025-07-29 19:50:00,7777.58,263.78,TRADE
VIC1,2025-07-29 19:55:00,7727.72,269.82,TRADE
VIC1,2025-07-29 20:00:00,7712.68,266.96,TRADE
VIC1,2025-07-29 20:05:00,7780.69,291.11,TRADE
VIC1,2025-07-29 20:10:00,7719.06,285.84,TRADE
VIC1,2025-07-29 20:15:00,7643.53,295.79,TRADE
VIC1,2025-07-29 20:20:00,7615.37,297.55,TRADE
VIC1,2025-07-29 20:25:00,7587.58,297.84,TRADE
VIC1,2025-07-29 20:30:00,7557.32,295.81,TRADE
VIC1,2025-07-29 20:35:00,7439.63,270.82,TRADE
VIC1,2025-07-29 20:40:00,7401.93,280.38,TRADE
VIC1,2025-07-29 20:45:00,7419.29,266.62,TRADE
VIC1,2025-07-29 20:50:00,7416.44,263.34,TRADE
VIC1,2025-07-29 20:55:00,7316.95,257.78,TRADE
VIC1,2025-07-29 21:00:00,7321.1,254.02,TRADE
VIC1,2025-07-29 21:05:00,7289.08,269.17,TRADE
VIC1,2025-07-29 21:10:00,7245.3,270.61,TRADE
VIC1,2025-07-29 21:15:00,7118.65,270.82,TRADE
VIC1,2025-07-29 21:20:00,7089.28,247.65,TRADE
VIC1,2025-07-29 21:25:00,7048.02,253.56,TRADE
VIC1,2025-07-29 21:30:00,7031.73,244.34,TRADE
VIC1,2025-07-29 21:35:00,7038.56,279.57,TRADE
VIC1,2025-07-29 21:40:00,6953.58,284.28,TRADE
VIC1,2025-07-29 21:45:00,6868.09,281.32,TRADE
VIC1,2025-07-29 21:50:00,6850.33,263.34,TRADE
VIC1,2025-07-29 21:55:00,6754.51,260.4,TRADE
VIC1,2025-07-29 22:00:00,6654.04,180.77,TRADE
VIC1,2025-07-29 22:05:00,6511.13,215.19,TRADE
VIC1,2025-07-29 22:10:00,6465.05,266.96,TRADE
VIC1,2025-07-29 22:15:00,6416.41,272.84,TRADE
VIC1,2025-07-29 22:20:00,6368.32,262.29,TRADE
VIC1,2025-07-29 22:25:00,6300.63,216.44,TRADE
VIC1,2025-07-29 22:30:00,6335.1,223.3,TRADE
VIC1,2025-07-29 22:35:00,6223.72,236.53,TRADE
VIC1,2025-07-29 22:40:00,6211.57,241.96,TRADE
VIC1,2025-07-29 22:45:00,6205.26,219.77,TRADE
VIC1,2025-07-29 22:50:00,6166.48,217.78,TRADE
VIC1,2025-07-29 22:55:00,6107.46,168.57,TRADE
VIC1,2025-07-29 23:00:00,5966.74,158.0,TRADE
VIC1,2025-07-29 23:05:00,5977.08,158.0,TRADE
VIC1,2025-07-29 23:10:00,6091.25,160.0,TRADE
VIC1,2025-07-29 23:15:00,6154.97,227.87,TRADE
VIC1,2025-07-29 23:20:00,6043.26,159.11,TRADE
VIC1,2025-07-29 23:25:00,6055.16,256.89,TRADE
VIC1,2025-07-29 23:30:00,6065.05,158.0,TRADE
VIC1,2025-07-29 23:35:00,6019.24,165.81,TRADE
VIC1,2025-07-29 23:40:00,5895.41,182.44,TRADE
VIC1,2025-07-29 23:45:00,5862.17,217.53,TRADE
VIC1,2025-07-29 23:50:00,5897.62,211.74,TRADE
VIC1,2025-07-29 23:55:00,5825.23,186.11,TRADE
VIC1,2025-07-30 00:00:00,5701.34,156.94,TRADE
VIC1,2025-07-30 00:05:00,5785.67,218.16,TRADE
VIC1,2025-07-30 00:10:00,5746.2,195.02,TRADE
VIC1,2025-07-30 00:15:00,5742.81,207.98,TRADE
VIC1,2025-07-30 00:20:00,5705.51,160.0,TRADE
VIC1,2025-07-30 00:25:00,5619.3,155.01,TRADE
VIC1,2025-07-30 00:30:00,5581.79,153.3,TRADE
VIC1,2025-07-30 00:35:00,5632.72,160.0,TRADE
VIC1,2025-07-30 00:40:00,5639.25,160.0,TRADE
VIC1,2025-07-30 00:45:00,5562.94,158.0,TRADE
VIC1,2025-07-30 00:50:00,5559.38,158.0,TRADE
VIC1,2025-07-30 00:55:00,5540.39,160.0,TRADE
VIC1,2025-07-30 01:00:00,5427.13,124.35,TRADE
VIC1,2025-07-30 01:05:00,5431.82,156.3,TRADE
VIC1,2025-07-30 01:10:00,5479.2,160.0,TRADE
VIC1,2025-07-30 01:15:00,5421.1,160.0,TRADE
VIC1,2025-07-30 01:20:00,5355.36,128.68,TRADE
VIC1,2025-07-30 01:25:00,5358.34,126.91,TRADE
VIC1,2025-07-30 01:30:00,5325.37,127.93,TRADE
VIC1,2025-07-30 01:35:00,5361.16,127.89,TRADE
VIC1,2025-07-30 01:40:00,5353.61,130.55,TRADE
VIC1,2025-07-30 01:45:00,5300.54,122.53,TRADE
VIC1,2025-07-30 01:50:00,5288.85,126.3,TRADE
VIC1,2025-07-30 01:55:00,5245.01,120.0,TRADE
VIC1,2025-07-30 02:00:00,5166.59,119.97,TRADE
VIC1,2025-07-30 02:05:00,5213.55,138.51,TRADE
VIC1,2025-07-30 02:10:00,5153.64,128.1,TRADE
VIC1,2025-07-30 02:15:00,5145.1,127.19,TRADE
VIC1,2025-07-30 02:20:00,5165.46,156.72,TRADE
VIC1,2025-07-30 02:25:00,5152.56,126.24,TRADE
VIC1,2025-07-30 02:30:00,5140.71,125.23,TRADE
VIC1,2025-07-30 02:35:00,5155.03,156.35,TRADE
VIC1,2025-07-30 02:40:00,5099.16,125.62,TRADE
VIC1,2025-07-30 02:45:00,5129.17,126.72,TRADE
VIC1,2025-07-30 02:50:00,5036.68,138.4,TRADE
VIC1,2025-07-30 02:55:00,5003.14,119.69,TRADE
VIC1,2025-07-30 03:00:00,5013.48,131.35,TRADE
VIC1,2025-07-30 03:05:00,4984.79,122.02,TRADE
VIC1,2025-07-30 03:10:00,5065.84,136.98,TRADE
VIC1,2025-07-30 03:15:00,5059.8,120.0,TRADE
VIC1,2025-07-30 03:20:00,5060.03,124.08,TRADE
VIC1,2025-07-30 03:25:00,5061.44,122.02,TRADE
VIC1,2025-07-30 03:30:00,5069.51,123.66,TRADE
VIC1,2025-07-30 03:35:00,5081.68,159.83,TRADE
VIC1,2025-07-30 03:40:00,5028.01,122.02,TRADE
VIC1,2025-07-30 03:45:00,4965.44,113.66,TRADE
VIC1,2025-07-30 03:50:00,4946.84,122.02,TRADE
VIC1,2025-07-30 03:55:00,4966.62,119.69,TRADE
VIC1,2025-07-30 04:00:00,4953.81,119.87,TRADE
VIC1,2025-07-30 04:05:00,4941.02,122.02,TRADE
VIC1,2025-07-30 04:10:00,4980.78,133.05,TRADE
VIC1,2025-07-30 04:15:00,4975.55,122.02,TRADE
VIC1,2025-07-30 04:20:00,5002.81,134.29,TRADE
VIC1,2025-07-30 04:25:00,4991.84,129.45,TRADE
VIC1,2025-07-30 04:30:00,5015.78,122.02,TRADE
VIC1,2025-07-30 04:35:00,5057.6,155.88,TRADE
VIC1,2025-07-30 04:40:00,5099.56,166.78,TRADE
VIC1,2025-07-30 04:45:00,5118.33,120.99,TRADE
VIC1,2025-07-30 04:50:00,5132.99,122.02,TRADE
VIC1,2025-07-30 04:55:00,5133.1,122.02,TRADE
VIC1,2025-07-30 05:00:00,5156.53,145.84,TRADE
VIC1,2025-07-30 05:05:00,5177.78,134.74,TRADE
VIC1,2025-07-30 05:10:00,5287.15,158.49,TRADE
VIC1,2025-07-30 05:15:00,5344.17,130.95,TRADE
VIC1,2025-07-30 05:20:00,5398.41,162.28,TRADE
VIC1,2025-07-30 05:25:00,5420.64,160.0,TRADE
VIC1,2025-07-30 05:30:00,5445.15,167.98,TRADE
VIC1,2025-07-30 05:35:00,5464.63,160.06,TRADE
VIC1,2025-07-30 05:40:00,5552.64,169.35,TRADE
VIC1,2025-07-30 05:45:00,5597.74,130.86,TRADE
VIC1,2025-07-30 05:50:00,5701.66,163.81,TRADE
VIC1,2025-07-30 05:55:00,5771.28,172.26,TRADE
VIC1,2025-07-30 06:00:00,5828.11,166.83,TRADE
VIC1,2025-07-30 06:05:00,5903.89,166.83,TRADE
VIC1,2025-07-30 06:10:00,6065.07,166.57,TRADE
VIC1,2025-07-30 06:15:00,6193.05,171.48,TRADE
VIC1,2025-07-30 06:20:00,6264.07,190.87,TRADE
VIC1,2025-07-30 06:25:00,6373.41,227.97,TRADE
VIC1,2025-07-30 06:30:00,6461.62,187.44,TRADE
VIC1,2025-07-30 06:35:00,6537.4,182.56,TRADE
VIC1,2025-07-30 06:40:00,6647.84,166.3,TRADE
VIC1,2025-07-30 06:45:00,6801.01,158.0,TRADE
VIC1,2025-07-30 06:50:00,6864.62,158.0,TRADE
VIC1,2025-07-30 06:55:00,6970.55,242.58,TRADE
VIC1,2025-07-30 07:00:00,7108.47,247.45,TRADE
VIC1,2025-07-30 07:05:00,7238.92,247.45,TRADE
VIC1,2025-07-30 07:10:00,7289.86,215.64,TRADE
VIC1,2025-07-30 07:15:00,7428.08,284.54,TRADE
VIC1,2025-07-30 07:20:00,7520.07,247.45,TRADE
VIC1,2025-07-30 07:25:00,7622.14,283.52,TRADE
VIC1,2025-07-30 07:30:00,7644.06,272.35,TRADE
VIC1,2025-07-30 07:35:00,7710.34,299.5,TRADE
VIC1,2025-07-30 07:40:00,7458.48,270.82,TRADE
VIC1,2025-07-30 07:45:00,7580.28,274.71,TRADE
VIC1,2025-07-30 07:50:00,7572.63,247.45,TRADE
VIC1,2025-07-30 07:55:00,7550.48,239.77,TRADE
VIC1,2025-07-30 08:00:00,7507.38,170.63,TRADE
VIC1,2025-07-30 08:05:00,7520.67,211.98,TRADE
VIC1,2025-07-30 08:10:00,7542.04,222.54,TRADE
VIC1,2025-07-30 08:15:00,7487.76,269.18,TRADE
VIC1,2025-07-30 08:20:00,7436.02,226.8,TRADE
VIC1,2025-07-30 08:25:00,7392.71,226.9,TRADE
VIC1,2025-07-30 08:30:00,7281.36,156.97,TRADE
VIC1,2025-07-30 08:35:00,7400.57,182.41,TRADE
VIC1,2025-07-30 08:40:00,7400.79,156.97,TRADE
VIC1,2025-07-30 08:45:00,7418.6,184.23,TRADE
VIC1,2025-07-30 08:50:00,7341.59,156.02,TRADE
VIC1,2025-07-30 08:55:00,7249.17,156.02,TRADE
VIC1,2025-07-30 09:00:00,7201.91,119.91,TRADE
VIC1,2025-07-30 09:05:00,7157.05,127.22,TRADE
VIC1,2025-07-30 09:10:00,7125.1,126.57,TRADE
VIC1,2025-07-30 09:15:00,6995.85,119.17,TRADE
VIC1,2025-07-30 09:20:00,6932.62,138.57,TRADE
VIC1,2025-07-30 09:25:00,6807.53,115.79,TRADE
VIC1,2025-07-30 09:30:00,6759.54,103.84,TRADE
VIC1,2025-07-30 09:35:00,6712.73,132.72,TRADE
VIC1,2025-07-30 09:40:00,6572.61,97.0,TRADE
VIC1,2025-07-30 09:45:00,6461.77,85.07,TRADE
VIC1,2025-07-30 09:50:00,6364.25,75.8,TRADE
VIC1,2025-07-30 09:55:00,6265.07,54.41,TRADE
VIC1,2025-07-30 10:00:00,6145.92,53.22,TRADE
VIC1,2025-07-30 10:05:00,6035.97,80.0,TRADE
VIC1,2025-07-30 10:10:00,5965.31,80.0,TRADE
VIC1,2025-07-30 10:15:00,5859.02,80.0,TRADE
VIC1,2025-07-30 10:20:00,5752.83,80.0,TRADE
VIC1,2025-07-30 10:25:00,5652.67,78.23,TRADE
VIC1,2025-07-30 10:30:00,5576.99,77.08,TRADE
VIC1,2025-07-30 10:35:00,5490.3,68.32,TRADE
VIC1,2025-07-30 10:40:00,5429.91,75.8,TRADE
VIC1,2025-07-30 10:45:00,5299.9,61.18,TRADE
VIC1,2025-07-30 10:50:00,5280.66,49.87,TRADE
VIC1,2025-07-30 10:55:00,5224.13,49.8,TRADE
VIC1,2025-07-30 11:00:00,5183.29,56.19,TRADE
VIC1,2025-07-30 11:05:00,5134.74,71.28,TRADE
VIC1,2025-07-30 11:10:00,5071.18,54.18,TRADE
VIC1,2025-07-30 11:15:00,5094.21,71.95,TRADE
VIC1,2025-07-30 11:20:00,5092.24,48.19,TRADE
VIC1,2025-07-30 11:25:00,5116.97,63.54,TRADE
VIC1,2025-07-30 11:30:00,5084.87,63.51,TRADE
VIC1,2025-07-30 11:35:00,5090.02,48.19,TRADE
VIC1,2025-07-30 11:40:00,5137.53,80.37,TRADE
VIC1,2025-07-30 11:45:00,5133.0,71.03,TRADE
VIC1,2025-07-30 11:50:00,5115.42,80.0,TRADE
VIC1,2025-07-30 11:55:00,5120.57,75.75,TRADE
VIC1,2025-07-30 12:00:00,5089.31,48.19,TRADE
VIC1,2025-07-30 12:05:00,5161.72,81.25,TRADE
VIC1,2025-07-30 12:10:00,5116.19,88.39,TRADE
VIC1,2025-07-30 12:15:00,5051.35,72.94,TRADE
VIC1,2025-07-30 12:20:00,5024.88,60.57,TRADE
VIC1,2025-07-30 12:25:00,4962.62,85.5,TRADE
VIC1,2025-07-30 12:30:00,4956.32,85.89,TRADE
VIC1,2025-07-30 12:35:00,4868.66,48.15,TRADE
VIC1,2025-07-30 12:40:00,4894.02,51.69,TRADE
VIC1,2025-07-30 12:45:00,4879.51,84.13,TRADE
VIC1,2025-07-30 12:50:00,4863.61,48.15,TRADE
VIC1,2025-07-30 12:55:00,4884.26,83.55,TRADE
VIC1,2025-07-30 13:00:00,4929.84,85.63,TRADE
VIC1,2025-07-30 13:05:00,4975.55,73.06,TRADE
VIC1,2025-07-30 13:10:00,5020.15,72.25,TRADE
VIC1,2025-07-30 13:15:00,5032.01,72.89,TRADE
VIC1,2025-07-30 13:20:00,5035.14,75.8,TRADE
VIC1,2025-07-30 13:25:00,5091.57,70.97,TRADE
VIC1,2025-07-30 13:30:00,5129.12,75.63,TRADE
VIC1,2025-07-30 13:35:00,5082.33,62.68,TRADE
VIC1,2025-07-30 13:40:00,5143.59,69.78,TRADE
VIC1,2025-07-30 13:45:00,5135.76,69.82,TRADE
VIC1,2025-07-30 13:50:00,5151.44,69.73,TRADE
VIC1,2025-07-30 13:55:00,5179.46,71.18,TRADE
VIC1,2025-07-30 14:00:00,5179.59,80.0,TRADE
VIC1,2025-07-30 14:05:00,5153.48,70.05,TRADE
VIC1,2025-07-30 14:10:00,5209.57,80.0,TRADE
VIC1,2025-07-30 14:15:00,5197.91,80.0,TRADE
VIC1,2025-07-30 14:20:00,5202.79,80.0,TRADE
VIC1,2025-07-30 14:25:00,5170.23,83.88,TRADE
VIC1,2025-07-30 14:30:00,5149.13,67.78,TRADE
VIC1,2025-07-30 14:35:00,5216.08,69.07,TRADE
VIC1,2025-07-30 14:40:00,5229.09,74.6,TRADE
VIC1,2025-07-30 14:45:00,5224.29,69.43,TRADE
VIC1,2025-07-30 14:50:00,5234.69,64.58,TRADE
VIC1,2025-07-30 14:55:00,5229.44,68.51,TRADE
VIC1,2025-07-30 15:00:00,5132.61,85.77,TRADE
VIC1,2025-07-30 15:05:00,5142.38,71.2,TRADE
VIC1,2025-07-30 15:10:00,5222.49,71.2,TRADE
VIC1,2025-07-30 15:15:00,5256.1,65.4,TRADE
VIC1,2025-07-30 15:20:00,5294.94,65.46,TRADE
VIC1,2025-07-30 15:25:00,5279.24,66.73,TRADE
VIC1,2025-07-30 15:30:00,5282.36,71.42,TRADE
VIC1,2025-07-30 15:35:00,5299.67,36.71,TRADE
VIC1,2025-07-30 15:40:00,5367.16,26.44,TRADE
VIC1,2025-07-30 15:45:00,5451.49,26.67,TRADE
VIC1,2025-07-30 15:50:00,5559.84,28.15,TRADE
VIC1,2025-07-30 15:55:00,5643.6,29.76,TRADE
VIC1,2025-07-30 16:00:00,5748.54,78.27,TRADE
VIC1,2025-07-30 16:05:00,5820.11,63.5,TRADE
VIC1,2025-07-30 16:10:00,5916.16,64.38,TRADE
VIC1,2025-07-30 16:15:00,6051.82,78.93,TRADE
VIC1,2025-07-30 16:20:00,6107.64,88.49,TRADE
VIC1,2025-07-30 16:25:00,6234.54,102.39,TRADE
VIC1,2025-07-30 16:30:00,6357.41,119.69,TRADE
VIC1,2025-07-30 16:35:00,6378.28,80.0,TRADE
VIC1,2025-07-30 16:40:00,6419.07,115.79,TRADE
VIC1,2025-07-30 16:45:00,6524.22,122.95,TRADE
VIC1,2025-07-30 16:50:00,6665.51,158.0,TRADE
VIC1,2025-07-30 16:55:00,6717.46,158.0,TRADE
VIC1,2025-07-30 17:00:00,6848.29,158.0,TRADE
VIC1,2025-07-30 17:05:00,6953.78,151.32,TRADE
VIC1,2025-07-30 17:10:00,7033.3,147.25,TRADE
VIC1,2025-07-30 17:15:00,7151.66,171.57,TRADE
VIC1,2025-07-30 17:20:00,7251.98,158.0,TRADE
VIC1,2025-07-30 17:25:00,7368.93,158.66,TRADE
VIC1,2025-07-30 17:30:00,7413.33,158.0,TRADE
VIC1,2025-07-30 17:35:00,7514.45,161.39,TRADE
VIC1,2025-07-30 17:40:00,7578.76,190.12,TRADE
VIC1,2025-07-30 17:45:00,7627.89,164.45,TRADE
VIC1,2025-07-30 17:50:00,7713.79,208.25,TRADE
VIC1,2025-07-30 17:55:00,7716.04,167.05,TRADE
VIC1,2025-07-30 18:00:00,7833.16,187.86,TRADE
VIC1,2025-07-30 18:05:00,7863.55,186.79,TRADE
VIC1,2025-07-30 18:10:00,7888.98,174.8,TRADE
VIC1,2025-07-30 18:15:00,7935.2,176.02,TRADE
VIC1,2025-07-30 18:20:00,7911.24,158.0,TRADE
VIC1,2025-07-30 18:25:00,7952.83,173.59,TRADE
VIC1,2025-07-30 18:30:00,7954.7,159.47,TRADE
VIC1,2025-07-30 18:35:00,7947.16,158.0,TRADE
VIC1,2025-07-30 18:40:00,7930.24,158.0,TRADE
VIC1,2025-07-30 18:45:00,7952.04,132.72,TRADE
VIC1,2025-07-30 18:50:00,7933.42,139.56,TRADE
VIC1,2025-07-30 18:55:00,7900.25,132.72,TRADE
VIC1,2025-07-30 19:00:00,7921.13,130.23,TRADE
VIC1,2025-07-30 19:05:00,7840.0,130.23,TRADE
VIC1,2025-07-30 19:10:00,7825.72,132.72,TRADE
VIC1,2025-07-30 19:15:00,7778.58,152.77,TRADE
VIC1,2025-07-30 19:20:00,7727.89,124.12,TRADE
VIC1,2025-07-30 19:25:00,7785.22,129.99,TRADE
VIC1,2025-07-30 19:30:00,7746.18,129.21,TRADE
VIC1,2025-07-30 19:35:00,7737.47,122.02,TRADE
VIC1,2025-07-30 19:40:00,7645.15,122.02,TRADE
VIC1,2025-07-30 19:45:00,7646.5,120.0,TRADE
VIC1,2025-07-30 19:50:00,7643.28,120.0,TRADE
VIC1,2025-07-30 19:55:00,7609.25,97.0,TRADE
VIC1,2025-07-30 20:00:00,7549.85,112.12,TRADE
VIC1,2025-07-30 20:05:00,7536.52,135.04,TRADE
VIC1,2025-07-30 20:10:00,7485.08,125.36,TRADE
VIC1,2025-07-30 20:15:00,7515.69,130.39,TRADE
VIC1,2025-07-30 20:20:00,7433.74,125.2,TRADE
VIC1,2025-07-30 20:25:00,7400.02,125.26,TRADE
VIC1,2025-07-30 20:30:00,7374.55,126.23,TRADE
VIC1,2025-07-30 20:35:00,7326.87,122.02,TRADE
VIC1,2025-07-30 20:40:00,7274.64,122.02,TRADE
VIC1,2025-07-30 20:45:00,7251.36,118.77,TRADE
VIC1,2025-07-30 20:50:00,7259.66,120.0,TRADE
VIC1,2025-07-30 20:55:00,7218.16,117.95,TRADE
VIC1,2025-07-30 21:00:00,7200.95,120.0,TRADE
VIC1,2025-07-30 21:05:00,7089.88,113.33,TRADE
VIC1,2025-07-30 21:10:00,7070.19,120.0,TRADE
VIC1,2025-07-30 21:15:00,7050.65,120.0,TRADE
VIC1,2025-07-30 21:20:00,6995.71,116.62,TRADE
VIC1,2025-07-30 21:25:00,6952.28,101.04,TRADE
VIC1,2025-07-30 21:30:00,6889.47,97.11,TRADE
VIC1,2025-07-30 21:35:00,6851.89,97.66,TRADE
VIC1,2025-07-30 21:40:00,6799.48,97.0,TRADE
VIC1,2025-07-30 21:45:00,6756.59,97.0,TRADE
VIC1,2025-07-30 21:50:00,6716.35,89.3,TRADE
VIC1,2025-07-30 21:55:00,6663.28,80.0,TRADE
VIC1,2025-07-30 22:00:00,6607.37,80.0,TRADE
VIC1,2025-07-30 22:05:00,6577.85,81.85,TRADE
VIC1,2025-07-30 22:10:00,6514.08,97.0,TRADE
VIC1,2025-07-30 22:15:00,6472.18,93.53,TRADE
VIC1,2025-07-30 22:20:00,6414.21,93.16,TRADE
VIC1,2025-07-30 22:25:00,6373.65,80.0,TRADE
VIC1,2025-07-30 22:30:00,6298.29,81.62,TRADE
VIC1,2025-07-30 22:35:00,6253.27,81.36,TRADE
VIC1,2025-07-30 22:40:00,6166.96,80.0,TRADE
VIC1,2025-07-30 22:45:00,6122.79,80.0,TRADE
VIC1,2025-07-30 22:50:00,6066.41,80.0,TRADE
VIC1,2025-07-30 22:55:00,6002.86,79.89,TRADE
VIC1,2025-07-30 23:00:00,5968.53,71.63,TRADE
VIC1,2025-07-30 23:05:00,5984.98,80.0,TRADE
VIC1,2025-07-30 23:10:00,6040.58,80.0,TRADE
VIC1,2025-07-30 23:15:00,6057.64,80.0,TRADE
VIC1,2025-07-30 23:20:00,6013.48,80.0,TRADE
VIC1,2025-07-30 23:25:00,5990.2,80.0,TRADE
VIC1,2025-07-30 23:30:00,5968.04,80.0,TRADE
VIC1,2025-07-30 23:35:00,5918.3,80.0,TRADE
VIC1,2025-07-30 23:40:00,5878.43,80.0,TRADE
VIC1,2025-07-30 23:45:00,5828.02,78.09,TRADE
VIC1,2025-07-30 23:50:00,5817.32,78.73,TRADE
VIC1,2025-07-30 23:55:00,5766.83,80.0,TRADE
VIC1,2025-07-31 00:00:00,5701.63,69.38,TRADE
VIC1,2025-07-31 00:05:00,5689.51,80.0,TRADE
VIC1,2025-07-31 00:10:00,5661.78,77.4,TRADE
VIC1,2025-07-31 00:15:00,5658.72,72.68,TRADE
VIC1,2025-07-31 00:20:00,5619.87,74.69,TRADE
VIC1,2025-07-31 00:25:00,5574.23,75.98,TRADE
VIC1,2025-07-31 00:30:00,5573.97,76.04,TRADE
VIC1,2025-07-31 00:35:00,5524.57,67.75,TRADE
VIC1,2025-07-31 00:40:00,5505.35,69.52,TRADE
VIC1,2025-07-31 00:45:00,5468.51,75.17,TRADE
VIC1,2025-07-31 00:50:00,5454.4,68.23,TRADE
VIC1,2025-07-31 00:55:00,5436.35,68.72,TRADE
VIC1,2025-07-31 01:00:00,5377.44,66.11,TRADE
VIC1,2025-07-31 01:05:00,5317.02,67.43,TRADE
VIC1,2025-07-31 01:10:00,5299.67,67.83,TRADE
VIC1,2025-07-31 01:15:00,5273.53,59.79,TRADE
VIC1,2025-07-31 01:20:00,5243.32,63.98,TRADE
VIC1,2025-07-31 01:25:00,5216.33,48.99,TRADE
VIC1,2025-07-31 01:30:00,5195.54,66.15,TRADE
VIC1,2025-07-31 01:35:00,5166.96,64.46,TRADE
VIC1,2025-07-31 01:40:00,5140.45,73.8,TRADE
VIC1,2025-07-31 01:45:00,5070.0,46.92,TRADE
VIC1,2025-07-31 01:50:00,5050.65,64.07,TRADE
VIC1,2025-07-31 01:55:00,5044.73,66.38,TRADE
VIC1,2025-07-31 02:00:00,5030.81,48.87,TRADE
VIC1,2025-07-31 02:05:00,5030.38,78.89,TRADE
VIC1,2025-07-31 02:10:00,5008.26,67.08,TRADE
VIC1,2025-07-31 02:15:00,4950.34,49.58,TRADE
VIC1,2025-07-31 02:20:00,4915.76,49.64,TRADE
VIC1,2025-07-31 02:25:00,4909.82,73.05,TRADE
VIC1,2025-07-31 02:30:00,4913.55,67.61,TRADE
VIC1,2025-07-31 02:35:00,4855.79,60.88,TRADE
VIC1,2025-07-31 02:40:00,4846.43,65.66,TRADE
VIC1,2025-07-31 02:45:00,4832.87,25.86,TRADE
VIC1,2025-07-31 02:50:00,4811.85,26.41,TRADE
VIC1,2025-07-31 02:55:00,4840.74,46.29,TRADE
VIC1,2025-07-31 03:00:00,4837.27,48.77,TRADE
VIC1,2025-07-31 03:05:00,4841.58,46.47,TRADE
VIC1,2025-07-31 03:10:00,4838.87,23.75,TRADE
VIC1,2025-07-31 03:15:00,4836.42,46.47,TRADE
VIC1,2025-07-31 03:20:00,4812.12,46.86,TRADE
VIC1,2025-07-31 03:25:00,4839.62,62.5,TRADE
VIC1,2025-07-31 03:30:00,4848.55,47.67,TRADE
VIC1,2025-07-31 03:35:00,4854.84,51.77,TRADE
VIC1,2025-07-31 03:40:00,4853.97,71.97,TRADE
VIC1,2025-07-31 03:45:00,4864.74,66.01,TRADE
VIC1,2025-07-31 03:50:00,4858.81,63.86,TRADE
VIC1,2025-07-31 03:55:00,4893.08,52.81,TRADE
VIC1,2025-07-31 04:00:00,4898.02,66.09,TRADE
VIC1,2025-07-31 04:05:00,4913.11,66.83,TRADE
VIC1,2025-07-31 04:10:00,4924.75,72.86,TRADE
VIC1,2025-07-31 04:15:00,4942.63,74.28,TRADE
VIC1,2025-07-31 04:20:00,4934.13,67.52,TRADE
VIC1,2025-07-31 04:25:00,4955.02,75.04,TRADE
VIC1,2025-07-31 04:30:00,4961.28,64.44,TRADE
VIC1,2025-07-31 04:35:00,4985.68,66.04,TRADE
VIC1,2025-07-31 04:40:00,5037.27,73.48,TRADE
VIC1,2025-07-31 04:45:00,5035.54,61.77,TRADE
VIC1,2025-07-31 04:50:00,5058.34,62.47,TRADE
VIC1,2025-07-31 04:55:00,5064.25,65.94,TRADE
VIC1,2025-07-31 05:00:00,5089.64,65.33,TRADE
VIC1,2025-07-31 05:05:00,5139.33,62.01,TRADE
VIC1,2025-07-31 05:10:00,5202.18,62.0,TRADE
VIC1,2025-07-31 05:15:00,5241.05,66.13,TRADE
VIC1,2025-07-31 05:20:00,5267.01,62.25,TRADE
VIC1,2025-07-31 05:25:00,5322.1,62.25,TRADE
VIC1,2025-07-31 05:30:00,5345.32,80.0,TRADE
VIC1,2025-07-31 05:35:00,5401.8,74.83,TRADE
VIC1,2025-07-31 05:40:00,5513.89,80.0,TRADE
VIC1,2025-07-31 05:45:00,5537.67,80.0,TRADE
VIC1,2025-07-31 05:50:00,5591.92,80.0,TRADE
VIC1,2025-07-31 05:55:00,5716.76,84.13,TRADE
VIC1,2025-07-31 06:00:00,5767.88,120.0,TRADE
VIC1,2025-07-31 06:05:00,5863.23,83.28,TRADE
VIC1,2025-07-31 06:10:00,6054.21,121.01,TRADE
VIC1,2025-07-31 06:15:00,6157.34,120.0,TRADE
VIC1,2025-07-31 06:20:00,6285.45,158.0,TRADE
VIC1,2025-07-31 06:25:00,6369.97,132.72,TRADE
VIC1,2025-07-31 06:30:00,6427.05,132.72,TRADE
VIC1,2025-07-31 06:35:00,6529.72,158.0,TRADE
VIC1,2025-07-31 06:40:00,6649.01,158.0,TRADE
VIC1,2025-07-31 06:45:00,6769.99,158.0,TRADE
VIC1,2025-07-31 06:50:00,6856.01,172.02,TRADE
VIC1,2025-07-31 06:55:00,6966.56,231.85,TRADE
VIC1,2025-07-31 07:00:00,7047.79,246.69,TRADE
VIC1,2025-07-31 07:05:00,7212.89,247.45,TRADE
VIC1,2025-07-31 07:10:00,7230.61,248.94,TRADE
VIC1,2025-07-31 07:15:00,7412.75,247.45,TRADE
VIC1,2025-07-31 07:20:00,7530.41,278.08,TRADE
VIC1,2025-07-31 07:25:00,7618.32,281.35,TRADE
VIC1,2025-07-31 07:30:00,7695.19,284.11,TRADE
VIC1,2025-07-31 07:35:00,7790.64,270.82,TRADE
VIC1,2025-07-31 07:40:00,7506.85,247.38,TRADE
VIC1,2025-07-31 07:45:00,7580.91,195.1,TRADE
VIC1,2025-07-31 07:50:00,7599.09,163.32,TRADE
VIC1,2025-07-31 07:55:00,7595.22,156.02,TRADE
VIC1,2025-07-31 08:00:00,7538.27,122.02,TRADE
VIC1,2025-07-31 08:05:00,7517.04,129.57,TRADE
VIC1,2025-07-31 08:10:00,7546.52,123.11,TRADE
VIC1,2025-07-31 08:15:00,7484.15,115.99,TRADE
VIC1,2025-07-31 08:20:00,7419.88,87.02,TRADE
VIC1,2025-07-31 08:25:00,7298.99,82.24,TRADE
VIC1,2025-07-31 08:30:00,7256.5,50.67,TRADE
VIC1,2025-07-31 08:35:00,7309.56,112.39,TRADE
VIC1,2025-07-31 08:40:00,7339.14,97.0,TRADE
VIC1,2025-07-31 08:45:00,7301.26,96.96,TRADE
VIC1,2025-07-31 08:50:00,7186.57,80.0,TRADE
VIC1,2025-07-31 08:55:00,7088.83,69.73,TRADE
VIC1,2025-07-31 09:00:00,7033.94,50.47,TRADE
VIC1,2025-07-31 09:05:00,6957.52,59.88,TRADE
VIC1,2025-07-31 09:10:00,6938.77,80.0,TRADE
VIC1,2025-07-31 09:15:00,6812.59,61.93,TRADE
VIC1,2025-07-31 09:20:00,6772.34,57.0,TRADE
VIC1,2025-07-31 09:25:00,6685.57,64.4,TRADE
VIC1,2025-07-31 09:30:00,6616.01,61.12,TRADE
VIC1,2025-07-31 09:35:00,6520.86,50.45,TRADE
VIC1,2025-07-31 09:40:00,6410.85,48.15,TRADE
VIC1,2025-07-31 09:45:00,6276.38,33.89,TRADE
VIC1,2025-07-31 09:50:00,6187.21,29.71,TRADE
VIC1,2025-07-31 09:55:00,6085.93,11.06,TRADE
VIC1,2025-07-31 10:00:00,6003.32,33.89,TRADE
VIC1,2025-07-31 10:05:00,5942.42,11.6,TRADE
VIC1,2025-07-31 10:10:00,5847.16,12.42,TRADE
VIC1,2025-07-31 10:15:00,5749.93,12.42,TRADE
VIC1,2025-07-31 10:20:00,5664.02,20.04,TRADE
VIC1,2025-07-31 10:25:00,5551.73,8.95,TRADE
VIC1,2025-07-31 10:30:00,5481.37,0.35,TRADE
VIC1,2025-07-31 10:35:00,5406.29,29.75,TRADE
VIC1,2025-07-31 10:40:00,5302.32,33.47,TRADE
VIC1,2025-07-31 10:45:00,5301.91,9.86,TRADE
VIC1,2025-07-31 10:50:00,5263.47,21.72,TRADE
VIC1,2025-07-31 10:55:00,5262.81,58.23,TRADE
VIC1,2025-07-31 11:00:00,5156.46,8.95,TRADE
VIC1,2025-07-31 11:05:00,5206.51,33.55,TRADE
VIC1,2025-07-31 11:10:00,5217.36,33.89,TRADE
VIC1,2025-07-31 11:15:00,5211.85,1.08,TRADE
VIC1,2025-07-31 11:20:00,5167.23,11.57,TRADE
VIC1,2025-07-31 11:25:00,5221.43,20.04,TRADE
VIC1,2025-07-31 11:30:00,5214.75,8.95,TRADE
VIC1,2025-07-31 11:35:00,5283.98,37.9,TRADE
VIC1,2025-07-31 11:40:00,5168.75,35.91,TRADE
VIC1,2025-07-31 11:45:00,5223.47,12.91,TRADE
VIC1,2025-07-31 11:50:00,5225.37,37.5,TRADE
VIC1,2025-07-31 11:55:00,5187.85,21.57,TRADE
VIC1,2025-07-31 12:00:00,5266.42,38.06,TRADE
VIC1,2025-07-31 12:05:00,5201.0,12.42,TRADE
VIC1,2025-07-31 12:10:00,5207.36,8.95,TRADE
VIC1,2025-07-31 12:15:00,5180.44,1.09,TRADE
VIC1,2025-07-31 12:20:00,5232.4,35.02,TRADE
VIC1,2025-07-31 12:25:00,5168.26,30.12,TRADE
VIC1,2025-07-31 12:30:00,5155.48,8.95,TRADE
VIC1,2025-07-31 12:35:00,5246.3,8.95,TRADE
VIC1,2025-07-31 12:40:00,5247.44,12.42,TRADE
VIC1,2025-07-31 12:45:00,5289.17,36.88,TRADE
VIC1,2025-07-31 12:50:00,5251.09,30.2,TRADE
VIC1,2025-07-31 12:55:00,5276.14,20.45,TRADE
VIC1,2025-07-31 13:00:00,5270.21,20.85,TRADE
VIC1,2025-07-31 13:05:00,5300.66,45.02,TRADE
VIC1,2025-07-31 13:10:00,5289.68,34.05,TRADE
VIC1,2025-07-31 13:15:00,5278.32,50.87,TRADE
VIC1,2025-07-31 13:20:00,5310.5,34.91,TRADE
VIC1,2025-07-31 13:25:00,5302.47,35.38,TRADE
VIC1,2025-07-31 13:30:00,5242.13,34.91,TRADE
VIC1,2025-07-31 13:35:00,5235.38,33.21,TRADE
VIC1,2025-07-31 13:40:00,5199.15,33.69,TRADE
VIC1,2025-07-31 13:45:00,5214.12,46.76,TRADE
VIC1,2025-07-31 13:50:00,5169.01,48.69,TRADE
VIC1,2025-07-31 13:55:00,5188.63,48.63,TRADE
VIC1,2025-07-31 14:00:00,5143.15,53.18,TRADE
VIC1,2025-07-31 14:05:00,5131.84,33.07,TRADE
VIC1,2025-07-31 14:10:00,5092.5,46.22,TRADE
VIC1,2025-07-31 14:15:00,5084.85,53.93,TRADE
VIC1,2025-07-31 14:20:00,5039.99,20.04,TRADE
VIC1,2025-07-31 14:25:00,5024.14,12.42,TRADE
VIC1,2025-07-31 14:30:00,5027.36,20.04,TRADE
VIC1,2025-07-31 14:35:00,5030.36,40.43,TRADE
VIC1,2025-07-31 14:40:00,4969.87,46.06,TRADE
VIC1,2025-07-31 14:45:00,4999.69,12.04,TRADE
VIC1,2025-07-31 14:50:00,5003.77,20.04,TRADE
VIC1,2025-07-31 14:55:00,5001.61,2.45,TRADE
VIC1,2025-07-31 15:00:00,4978.07,8.95,TRADE
VIC1,2025-07-31 15:05:00,4969.93,2.05,TRADE
VIC1,2025-07-31 15:10:00,5089.53,8.95,TRADE
VIC1,2025-07-31 15:15:00,5072.31,8.95,TRADE
VIC1,2025-07-31 15:20:00,5081.04,1.11,TRADE
VIC1,2025-07-31 15:25:00,5218.4,8.95,TRADE
VIC1,2025-07-31 15:30:00,5294.03,8.95,TRADE
VIC1,2025-07-31 15:35:00,5369.43,6.7,TRADE
VIC1,2025-07-31 15:40:00,5426.4,8.95,TRADE
VIC1,2025-07-31 15:45:00,5499.1,20.1,TRADE
VIC1,2025-07-31 15:50:00,5614.09,42.03,TRADE
VIC1,2025-07-31 15:55:00,5723.02,69.93,TRADE
VIC1,2025-07-31 16:00:00,5818.19,78.45,TRADE
VIC1,2025-07-31 16:05:00,5902.37,80.0,TRADE
VIC1,2025-07-31 16:10:00,5980.01,73.29,TRADE
VIC1,2025-07-31 16:15:00,6112.91,100.96,TRADE
VIC1,2025-07-31 16:20:00,6203.4,104.07,TRADE
VIC1,2025-07-31 16:25:00,6365.74,141.75,TRADE
VIC1,2025-07-31 16:30:00,6461.7,269.31,TRADE
VIC1,2025-07-31 16:35:00,6534.96,156.0,TRADE
VIC1,2025-07-31 16:40:00,6705.64,158.68,TRADE
VIC1,2025-07-31 16:45:00,6785.92,173.78,TRADE
VIC1,2025-07-31 16:50:00,6831.25,240.38,TRADE
VIC1,2025-07-31 16:55:00,6926.34,247.45,TRADE
VIC1,2025-07-31 17:00:00,7080.83,271.61,TRADE
VIC1,2025-07-31 17:05:00,7129.32,247.45,TRADE
VIC1,2025-07-31 17:10:00,7166.54,248.94,TRADE
VIC1,2025-07-31 17:15:00,7241.32,248.94,TRADE
VIC1,2025-07-31 17:20:00,7294.51,261.73,TRADE
VIC1,2025-07-31 17:25:00,7380.27,269.75,TRADE
VIC1,2025-07-31 17:30:00,7540.24,278.39,TRADE
VIC1,2025-07-31 17:35:00,7592.51,264.79,TRADE
VIC1,2025-07-31 17:40:00,7677.19,269.8,TRADE
VIC1,2025-07-31 17:45:00,7704.64,260.75,TRADE
VIC1,2025-07-31 17:50:00,7790.71,262.16,TRADE
VIC1,2025-07-31 17:55:00,7786.83,262.16,TRADE
VIC1,2025-07-31 18:00:00,7861.21,264.57,TRADE
VIC1,2025-07-31 18:05:00,7856.8,247.45,TRADE
VIC1,2025-07-31 18:10:00,7933.97,263.06,TRADE
VIC1,2025-07-31 18:15:00,7944.29,248.1,TRADE
VIC1,2025-07-31 18:20:00,7915.88,248.1,TRADE
VIC1,2025-07-31 18:25:00,7933.21,247.41,TRADE
VIC1,2025-07-31 18:30:00,7918.4,248.11,TRADE
VIC1,2025-07-31 18:35:00,7915.87,247.45,TRADE
VIC1,2025-07-31 18:40:00,7883.25,221.52,TRADE
VIC1,2025-07-31 18:45:00,7948.57,220.62,TRADE
VIC1,2025-07-31 18:50:00,7886.08,209.85,TRADE
VIC1,2025-07-31 18:55:00,7913.35,221.79,TRADE
VIC1,2025-07-31 19:00:00,7878.57,218.93,TRADE
VIC1,2025-07-31 19:05:00,7762.52,185.24,TRADE
VIC1,2025-07-31 19:10:00,7723.67,170.04,TRADE
VIC1,2025-07-31 19:15:00,7853.66,190.59,TRADE
VIC1,2025-07-31 19:20:00,7815.36,218.46,TRADE
VIC1,2025-07-31 19:25:00,7724.74,164.27,TRADE
VIC1,2025-07-31 19:30:00,7688.09,171.21,TRADE
VIC1,2025-07-31 19:35:00,7728.05,168.92,TRADE
VIC1,2025-07-31 19:40:00,7690.08,174.47,TRADE
VIC1,2025-07-31 19:45:00,7764.9,207.84,TRADE
VIC1,2025-07-31 19:50:00,7723.44,221.95,TRADE
VIC1,2025-07-31 19:55:00,7685.87,215.54,TRADE
VIC1,2025-07-31 20:00:00,7657.88,164.34,TRADE
VIC1,2025-07-31 20:05:00,7689.26,221.08,TRADE
VIC1,2025-07-31 20:10:00,7639.86,215.52,TRADE
VIC1,2025-07-31 20:15:00,7529.5,171.33,TRADE
VIC1,2025-07-31 20:20:00,7526.95,174.36,TRADE
VIC1,2025-07-31 20:25:00,7591.37,218.9,TRADE
VIC1,2025-07-31 20:30:00,7580.97,172.39,TRADE
VIC1,2025-07-31 20:35:00,7497.46,179.62,TRADE
VIC1,2025-07-31 20:40:00,7514.19,220.64,TRADE
VIC1,2025-07-31 20:45:00,7469.57,185.56,TRADE
VIC1,2025-07-31 20:50:00,7414.33,167.93,TRADE
VIC1,2025-07-31 20:55:00,7462.04,184.3,TRADE
VIC1,2025-07-31 21:00:00,7413.12,158.15,TRADE
VIC1,2025-07-31 21:05:00,7264.02,175.25,TRADE
VIC1,2025-07-31 21:10:00,7244.01,226.62,TRADE
VIC1,2025-07-31 21:15:00,7200.28,242.93,TRADE
VIC1,2025-07-31 21:20:00,7151.66,195.65,TRADE
VIC1,2025-07-31 21:25:00,7085.86,221.25,TRADE
VIC1,2025-07-31 21:30:00,7093.11,219.94,TRADE
VIC1,2025-07-31 21:35:00,7069.84,266.35,TRADE
VIC1,2025-07-31 21:40:00,6987.78,250.76,TRADE
VIC1,2025-07-31 21:45:00,6982.99,253.56,TRADE
VIC1,2025-07-31 21:50:00,6803.18,197.02,TRADE
VIC1,2025-07-31 21:55:00,6755.6,168.88,TRADE
VIC1,2025-07-31 22:00:00,6683.59,158.0,TRADE
VIC1,2025-07-31 22:05:00,6632.76,158.0,TRADE
VIC1,2025-07-31 22:10:00,6677.15,266.14,TRADE
VIC1,2025-07-31 22:15:00,6677.32,265.18,TRADE
VIC1,2025-07-31 22:20:00,6511.79,268.78,TRADE
VIC1,2025-07-31 22:25:00,6500.41,249.76,TRADE
VIC1,2025-07-31 22:30:00,6440.98,170.2,TRADE
VIC1,2025-07-31 22:35:00,6403.07,242.97,TRADE
VIC1,2025-07-31 22:40:00,6363.78,178.37,TRADE
VIC1,2025-07-31 22:45:00,6250.72,172.85,TRADE
VIC1,2025-07-31 22:50:00,6193.27,158.0,TRADE
VIC1,2025-07-31 22:55:00,6209.31,158.0,TRADE
VIC1,2025-07-31 23:00:00,6137.8,131.44,TRADE
VIC1,2025-07-31 23:05:00,6208.9,158.0,TRADE
VIC1,2025-07-31 23:10:00,6308.17,174.99,TRADE
VIC1,2025-07-31 23:15:00,6182.74,128.95,TRADE
VIC1,2025-07-31 23:20:00,6197.8,158.0,TRADE
VIC1,2025-07-31 23:25:00,6247.04,161.85,TRADE
VIC1,2025-07-31 23:30:00,6178.69,158.75,TRADE
VIC1,2025-07-31 23:35:00,6193.47,208.53,TRADE
VIC1,2025-07-31 23:40:00,6029.59,161.68,TRADE
VIC1,2025-07-31 23:45:00,5990.72,158.0,TRADE
VIC1,2025-07-31 23:50:00,6047.53,165.96,TRADE
VIC1,2025-07-31 23:55:00,5992.0,135.54,TRADE
VIC1,2025-08-01 00:00:00,5942.63,137.29,TRADE
VIC1,2025-08-01 00:05:00,5922.63,131.76,TRADE
VIC1,2025-08-01 00:10:00,5918.84,156.97,TRADE
VIC1,2025-08-01 00:15:00,5903.69,124.61,TRADE
VIC1,2025-08-01 00:20:00,5770.52,120.03,TRADE
VIC1,2025-08-01 00:25:00,5761.25,181.0,TRADE
VIC1,2025-08-01 00:30:00,5792.84,125.31,TRADE
VIC1,2025-08-01 00:35:00,5786.78,190.37,TRADE
VIC1,2025-08-01 00:40:00,5723.86,120.78,TRADE
VIC1,2025-08-01 00:45:00,5688.69,136.46,TRADE
VIC1,2025-08-01 00:50:00,5686.31,123.12,TRADE
VIC1,2025-08-01 00:55:00,5668.95,114.93,TRADE
VIC1,2025-08-01 01:00:00,5575.99,114.39,TRADE
VIC1,2025-08-01 01:05:00,5522.12,120.42,TRADE
VIC1,2025-08-01 01:10:00,5568.04,136.73,TRADE
VIC1,2025-08-01 01:15:00,5526.49,111.84,TRADE
VIC1,2025-08-01 01:20:00,5519.79,116.86,TRADE
VIC1,2025-08-01 01:25:00,5483.19,120.0,TRADE
VIC1,2025-08-01 01:30:00,5500.43,118.01,TRADE
VIC1,2025-08-01 01:35:00,5477.18,120.78,TRADE
VIC1,2025-08-01 01:40:00,5391.8,120.0,TRADE
VIC1,2025-08-01 01:45:00,5340.02,116.88,TRADE
VIC1,2025-08-01 01:50:00,5303.09,117.91,TRADE
VIC1,2025-08-01 01:55:00,5296.75,120.58,TRADE
VIC1,2025-08-01 02:00:00,5350.36,120.0,TRADE
VIC1,2025-08-01 02:05:00,5309.29,180.32,TRADE
VIC1,2025-08-01 02:10:00,5244.09,158.0,TRADE
VIC1,2025-08-01 02:15:00,5252.83,135.44,TRADE
VIC1,2025-08-01 02:20:00,5246.83,136.08,TRADE
VIC1,2025-08-01 02:25:00,5240.8,149.67,TRADE
VIC1,2025-08-01 02:30:00,5171.98,129.83,TRADE
VIC1,2025-08-01 02:35:00,5151.82,127.25,TRADE
VIC1,2025-08-01 02:40:00,5167.01,136.14,TRADE
VIC1,2025-08-01 02:45:00,5199.29,146.61,TRADE
VIC1,2025-08-01 02:50:00,5125.95,120.0,TRADE
VIC1,2025-08-01 02:55:00,5211.01,155.79,TRADE
VIC1,2025-08-01 03:00:00,5140.03,120.0,TRADE
VIC1,2025-08-01 03:05:00,5130.92,156.12,TRADE
VIC1,2025-08-01 03:10:00,5090.23,202.01,TRADE
VIC1,2025-08-01 03:15:00,5039.45,119.84,TRADE
VIC1,2025-08-01 03:20:00,5058.49,120.0,TRADE
VIC1,2025-08-01 03:25:00,5169.7,153.22,TRADE
VIC1,2025-08-01 03:30:00,5159.24,160.36,TRADE
VIC1,2025-08-01 03:35:00,5057.27,120.0,TRADE
VIC1,2025-08-01 03:40:00,5168.72,158.0,TRADE
VIC1,2025-08-01 03:45:00,5135.56,155.3,TRADE
VIC1,2025-08-01 03:50:00,5155.19,158.0,TRADE
VIC1,2025-08-01 03:55:00,5137.44,157.12,TRADE
VIC1,2025-08-01 04:00:00,5052.43,140.96,TRADE
VIC1,2025-08-01 04:05:00,5075.71,130.38,TRADE
VIC1,2025-08-01 04:10:00,5179.94,158.0,TRADE
VIC1,2025-08-01 04:15:00,5195.5,159.57,TRADE
VIC1,2025-08-01 04:20:00,5149.92,158.96,TRADE
VIC1,2025-08-01 04:25:00,5190.36,158.0,TRADE
VIC1,2025-08-01 04:30:00,5214.68,164.79,TRADE
VIC1,2025-08-01 04:35:00,5240.76,160.25,TRADE
VIC1,2025-08-01 04:40:00,5179.16,160.6,TRADE
VIC1,2025-08-01 04:45:00,5210.21,178.5,TRADE
VIC1,2025-08-01 04:50:00,5285.47,170.58,TRADE
VIC1,2025-08-01 04:55:00,5302.31,170.58,TRADE
VIC1,2025-08-01 05:00:00,5291.31,158.0,TRADE
VIC1,2025-08-01 05:05:00,5385.26,172.24,TRADE
VIC1,2025-08-01 05:10:00,5467.13,227.97,TRADE
VIC1,2025-08-01 05:15:00,5515.26,173.7,TRADE
VIC1,2025-08-01 05:20:00,5511.48,173.86,TRADE
VIC1,2025-08-01 05:25:00,5540.2,237.25,TRADE
VIC1,2025-08-01 05:30:00,5592.64,214.57,TRADE
VIC1,2025-08-01 05:35:00,5700.04,241.44,TRADE
VIC1,2025-08-01 05:40:00,5799.68,235.27,TRADE
VIC1,2025-08-01 05:45:00,5798.32,227.97,TRADE
VIC1,2025-08-01 05:50:00,5958.13,262.28,TRADE
VIC1,2025-08-01 05:55:00,6000.31,241.14,TRADE
VIC1,2025-08-01 06:00:00,6088.72,265.22,TRADE
VIC1,2025-08-01 06:05:00,6092.71,255.81,TRADE
VIC1,2025-08-01 06:10:00,6272.13,266.01,TRADE
VIC1,2025-08-01 06:15:00,6398.01,270.82,TRADE
VIC1,2025-08-01 06:20:00,6477.98,270.82,TRADE
VIC1,2025-08-01 06:25:00,6592.04,287.73,TRADE
VIC1,2025-08-01 06:30:00,6658.63,284.56,TRADE
VIC1,2025-08-01 06:35:00,6731.62,266.53,TRADE
VIC1,2025-08-01 06:40:00,6886.91,270.82,TRADE
VIC1,2025-08-01 06:45:00,6975.24,246.94,TRADE
VIC1,2025-08-01 06:50:00,7041.06,244.29,TRADE
VIC1,2025-08-01 06:55:00,7177.71,271.05,TRADE
VIC1,2025-08-01 07:00:00,7264.71,269.59,TRADE
VIC1,2025-08-01 07:05:00,7384.9,246.94,TRADE
VIC1,2025-08-01 07:10:00,7365.66,261.6,TRADE
VIC1,2025-08-01 07:15:00,7524.55,250.46,TRADE
VIC1,2025-08-01 07:20:00,7587.37,305.25,TRADE
VIC1,2025-08-01 07:25:00,7682.26,368.36,TRADE
VIC1,2025-08-01 07:30:00,7811.29,314.71,TRADE
VIC1,2025-08-01 07:35:00,7866.39,298.0,TRADE
VIC1,2025-08-01 07:40:00,7980.57,291.0,TRADE
VIC1,2025-08-01 07:45:00,8010.97,270.82,TRADE
VIC1,2025-08-01 07:50:00,8049.83,222.74,TRADE
VIC1,2025-08-01 07:55:00,8101.44,228.55,TRADE
VIC1,2025-08-01 08:00:00,8092.88,245.45,TRADE
VIC1,2025-08-01 08:05:00,8081.96,237.74,TRADE
VIC1,2025-08-01 08:10:00,8115.17,245.45,TRADE
VIC1,2025-08-01 08:15:00,8069.56,265.96,TRADE
VIC1,2025-08-01 08:20:00,8000.23,227.97,TRADE
VIC1,2025-08-01 08:25:00,7946.2,220.77,TRADE
VIC1,2025-08-01 08:30:00,7942.92,156.97,TRADE
VIC1,2025-08-01 08:35:00,7809.17,156.97,TRADE
VIC1,2025-08-01 08:40:00,7748.05,158.0,TRADE
VIC1,2025-08-01 08:45:00,7717.53,158.0,TRADE
VIC1,2025-08-01 08:50:00,7639.0,158.0,TRADE
VIC1,2025-08-01 08:55:00,7590.51,156.97,TRADE
VIC1,2025-08-01 09:00:00,7506.62,122.02,TRADE
VIC1,2025-08-01 09:05:00,7415.85,148.83,TRADE
VIC1,2025-08-01 09:10:00,7185.88,144.08,TRADE
VIC1,2025-08-01 09:15:00,7156.23,120.0,TRADE
VIC1,2025-08-01 09:20:00,7113.64,119.08,TRADE
VIC1,2025-08-01 09:25:00,7054.41,111.88,TRADE
VIC1,2025-08-01 09:30:00,6971.16,109.08,TRADE
VIC1,2025-08-01 09:35:00,6890.59,132.39,TRADE
VIC1,2025-08-01 09:40:00,6840.44,154.43,TRADE
VIC1,2025-08-01 09:45:00,6701.82,134.67,TRADE
VIC1,2025-08-01 09:50:00,6631.7,120.0,TRADE
VIC1,2025-08-01 09:55:00,6558.08,120.0,TRADE
VIC1,2025-08-01 10:00:00,6580.35,121.1,TRADE
VIC1,2025-08-01 10:05:00,6594.55,131.17,TRADE
VIC1,2025-08-01 10:10:00,6578.68,129.33,TRADE
VIC1,2025-08-01 10:15:00,6432.19,151.24,TRADE
VIC1,2025-08-01 10:20:00,6411.8,120.0,TRADE
VIC1,2025-08-01 10:25:00,6368.66,107.8,TRADE
VIC1,2025-08-01 10:30:00,6302.45,90.36,TRADE
VIC1,2025-08-01 10:35:00,6239.75,84.1,TRADE
VIC1,2025-08-01 10:40:00,6149.34,81.16,TRADE
VIC1,2025-08-01 10:45:00,6053.9,73.42,TRADE
VIC1,2025-08-01 10:50:00,6072.44,76.34,TRADE
VIC1,2025-08-01 10:55:00,5906.59,75.8,TRADE
VIC1,2025-08-01 11:00:00,5865.77,77.01,TRADE
VIC1,2025-08-01 11:05:00,5842.17,80.0,TRADE
VIC1,2025-08-01 11:10:00,5815.71,85.14,TRADE
VIC1,2025-08-01 11:15:00,5677.52,75.5,TRADE
VIC1,2025-08-01 11:20:00,5666.41,73.34,TRADE
VIC1,2025-08-01 11:25:00,5603.82,66.98,TRADE
VIC1,2025-08-01 11:30:00,5533.47,67.73,TRADE
VIC1,2025-08-01 11:35:00,5508.01,74.04,TRADE
VIC1,2025-08-01 11:40:00,5401.64,71.94,TRADE
VIC1,2025-08-01 11:45:00,5286.16,70.08,TRADE
VIC1,2025-08-01 11:50:00,5331.43,73.67,TRADE
VIC1,2025-08-01 11:55:00,5257.95,67.78,TRADE
VIC1,2025-08-01 12:00:00,5141.6,64.35,TRADE
VIC1,2025-08-01 12:05:00,5207.27,65.64,TRADE
VIC1,2025-08-01 12:10:00,5183.68,68.92,TRADE
VIC1,2025-08-01 12:15:00,5124.65,65.05,TRADE
VIC1,2025-08-01 12:20:00,5065.0,54.59,TRADE
VIC1,2025-08-01 12:25:00,4999.28,68.19,TRADE
VIC1,2025-08-01 12:30:00,4999.75,64.02,TRADE
VIC1,2025-08-01 12:35:00,5032.65,62.0,TRADE
VIC1,2025-08-01 12:40:00,4850.04,63.93,TRADE
VIC1,2025-08-01 12:45:00,4903.61,51.38,TRADE
VIC1,2025-08-01 12:50:00,4916.95,59.54,TRADE
VIC1,2025-08-01 12:55:00,4940.47,63.44,TRADE
VIC1,2025-08-01 13:00:00,4895.97,65.83,TRADE
VIC1,2025-08-01 13:05:00,4798.0,71.33,TRADE
VIC1,2025-08-01 13:10:00,4876.22,64.74,TRADE
VIC1,2025-08-01 13:15:00,4865.33,68.04,TRADE
VIC1,2025-08-01 13:20:00,4744.26,64.26,TRADE
VIC1,2025-08-01 13:25:00,4866.41,54.63,TRADE
VIC1,2025-08-01 13:30:00,4889.29,71.14,TRADE
VIC1,2025-08-01 13:35:00,4892.53,65.81,TRADE
VIC1,2025-08-01 13:40:00,4845.93,68.32,TRADE
VIC1,2025-08-01 13:45:00,4817.37,67.66,TRADE
VIC1,2025-08-01 13:50:00,4880.88,69.02,TRADE
VIC1,2025-08-01 13:55:00,4975.84,71.88,TRADE
VIC1,2025-08-01 14:00:00,4959.75,70.2,TRADE
VIC1,2025-08-01 14:05:00,4933.92,69.5,TRADE
VIC1,2025-08-01 14:10:00,4930.05,71.51,TRADE
VIC1,2025-08-01 14:15:00,4973.22,77.48,TRADE
VIC1,2025-08-01 14:20:00,4966.41,92.23,TRADE
VIC1,2025-08-01 14:25:00,4871.42,70.91,TRADE
VIC1,2025-08-01 14:30:00,5015.33,71.2,TRADE
VIC1,2025-08-01 14:35:00,5105.64,73.78,TRADE
VIC1,2025-08-01 14:40:00,5108.58,83.95,TRADE
VIC1,2025-08-01 14:45:00,5136.46,71.94,TRADE
VIC1,2025-08-01 14:50:00,5251.18,71.2,TRADE
VIC1,2025-08-01 14:55:00,5294.82,70.18,TRADE
VIC1,2025-08-01 15:00:00,5300.27,70.01,TRADE
VIC1,2025-08-01 15:05:00,5387.32,63.79,TRADE
VIC1,2025-08-01 15:10:00,5313.79,70.75,TRADE
VIC1,2025-08-01 15:15:00,5431.15,72.6,TRADE
VIC1,2025-08-01 15:20:00,5498.2,73.78,TRADE
VIC1,2025-08-01 15:25:00,5546.69,70.07,TRADE
VIC1,2025-08-01 15:30:00,5653.05,86.04,TRADE
VIC1,2025-08-01 15:35:00,5723.66,82.86,TRADE
VIC1,2025-08-01 15:40:00,5825.69,90.89,TRADE
VIC1,2025-08-01 15:45:00,5745.15,75.8,TRADE
VIC1,2025-08-01 15:50:00,5963.9,100.11,TRADE
VIC1,2025-08-01 15:55:00,5977.05,120.91,TRADE
VIC1,2025-08-01 16:00:00,6038.03,110.06,TRADE
VIC1,2025-08-01 16:05:00,6202.99,97.0,TRADE
VIC1,2025-08-01 16:10:00,6315.59,111.44,TRADE
VIC1,2025-08-01 16:15:00,6308.08,110.77,TRADE
VIC1,2025-08-01 16:20:00,6425.03,120.0,TRADE
VIC1,2025-08-01 16:25:00,6523.69,158.0,TRADE
VIC1,2025-08-01 16:30:00,6561.03,215.88,TRADE
VIC1,2025-08-01 16:35:00,6588.13,156.02,TRADE
VIC1,2025-08-01 16:40:00,6644.52,158.0,TRADE
VIC1,2025-08-01 16:45:00,6792.11,191.37,TRADE
VIC1,2025-08-01 16:50:00,6872.74,201.56,TRADE
VIC1,2025-08-01 16:55:00,6957.85,226.19,TRADE
VIC1,2025-08-01 17:00:00,7044.38,225.79,TRADE
VIC1,2025-08-01 17:05:00,7149.22,226.49,TRADE
VIC1,2025-08-01 17:10:00,7229.99,219.6,TRADE
VIC1,2025-08-01 17:15:00,7331.91,243.59,TRADE
VIC1,2025-08-01 17:20:00,7321.66,240.97,TRADE
VIC1,2025-08-01 17:25:00,7400.65,223.36,TRADE
VIC1,2025-08-01 17:30:00,7497.76,271.1,TRADE
VIC1,2025-08-01 17:35:00,7523.53,240.27,TRADE
VIC1,2025-08-01 17:40:00,7660.6,219.33,TRADE
VIC1,2025-08-01 17:45:00,7617.83,229.75,TRADE
VIC1,2025-08-01 17:50:00,7724.31,241.49,TRADE
VIC1,2025-08-01 17:55:00,7782.47,225.84,TRADE
VIC1,2025-08-01 18:00:00,7859.59,229.99,TRADE
VIC1,2025-08-01 18:05:00,7834.25,198.15,TRADE
VIC1,2025-08-01 18:10:00,7797.69,220.55,TRADE
VIC1,2025-08-01 18:15:00,7837.76,168.78,TRADE
VIC1,2025-08-01 18:20:00,7894.81,223.45,TRADE
VIC1,2025-08-01 18:25:00,7860.82,210.5,TRADE
VIC1,2025-08-01 18:30:00,7827.54,219.33,TRADE
VIC1,2025-08-01 18:35:00,7859.95,218.9,TRADE
VIC1,2025-08-01 18:40:00,7855.42,220.64,TRADE
VIC1,2025-08-01 18:45:00,7862.39,220.64,TRADE
VIC1,2025-08-01 18:50:00,7737.53,207.98,TRADE
VIC1,2025-08-01 18:55:00,7765.53,175.24,TRADE
VIC1,2025-08-01 19:00:00,7709.11,207.88,TRADE
VIC1,2025-08-01 19:05:00,7705.78,167.74,TRADE
VIC1,2025-08-01 19:10:00,7690.41,221.52,TRADE
VIC1,2025-08-01 19:15:00,7606.15,169.87,TRADE
VIC1,2025-08-01 19:20:00,7703.95,174.93,TRADE
VIC1,2025-08-01 19:25:00,7703.79,173.49,TRADE
VIC1,2025-08-01 19:30:00,7640.66,165.9,TRADE
VIC1,2025-08-01 19:35:00,7662.89,160.59,TRADE
VIC1,2025-08-01 19:40:00,7570.33,173.37,TRADE
VIC1,2025-08-01 19:45:00,7564.57,173.78,TRADE
VIC1,2025-08-01 19:50:00,7527.45,162.59,TRADE
VIC1,2025-08-01 19:55:00,7553.87,161.09,TRADE
VIC1,2025-08-01 20:00:00,7465.65,161.09,TRADE
VIC1,2025-08-01 20:05:00,7446.42,158.99,TRADE
VIC1,2025-08-01 20:10:00,7430.17,169.53,TRADE
VIC1,2025-08-01 20:15:00,7377.95,158.0,TRADE
VIC1,2025-08-01 20:20:00,7306.08,158.0,TRADE
VIC1,2025-08-01 20:25:00,7313.42,139.46,TRADE
VIC1,2025-08-01 20:30:00,7345.25,158.0,TRADE
VIC1,2025-08-01 20:35:00,7321.52,168.7,TRADE
VIC1,2025-08-01 20:40:00,7249.03,158.0,TRADE
VIC1,2025-08-01 20:45:00,7263.29,158.0,TRADE
VIC1,2025-08-01 20:50:00,7229.59,160.36,TRADE
VIC1,2025-08-01 20:55:00,7196.33,155.63,TRADE
VIC1,2025-08-01 21:00:00,7059.68,158.0,TRADE
VIC1,2025-08-01 21:05:00,7019.65,158.0,TRADE
VIC1,2025-08-01 21:10:00,6975.65,158.0,TRADE
VIC1,2025-08-01 21:15:00,7055.0,158.0,TRADE
VIC1,2025-08-01 21:20:00,6940.59,155.41,TRADE
VIC1,2025-08-01 21:25:00,6970.3,140.42,TRADE
VIC1,2025-08-01 21:30:00,6927.52,140.14,TRADE
VIC1,2025-08-01 21:35:00,6913.6,138.93,TRADE
VIC1,2025-08-01 21:40:00,6782.47,146.44,TRADE
VIC1,2025-08-01 21:45:00,6743.84,158.0,TRADE
VIC1,2025-08-01 21:50:00,6716.45,145.84,TRADE
VIC1,2025-08-01 21:55:00,6724.18,146.13,TRADE
VIC1,2025-08-01 22:00:00,6600.72,122.02,TRADE
VIC1,2025-08-01 22:05:00,6678.61,175.49,TRADE
VIC1,2025-08-01 22:10:00,6608.25,195.98,TRADE
VIC1,2025-08-01 22:15:00,6555.53,213.17,TRADE
VIC1,2025-08-01 22:20:00,6411.97,173.24,TRADE
VIC1,2025-08-01 22:25:00,6372.42,213.9,TRADE
VIC1,2025-08-01 22:30:00,6389.19,207.1,TRADE
VIC1,2025-08-01 22:35:00,6388.64,175.1,TRADE
VIC1,2025-08-01 22:40:00,6266.59,172.34,TRADE
VIC1,2025-08-01 22:45:00,6310.36,165.73,TRADE
VIC1,2025-08-01 22:50:00,6247.0,157.78,TRADE
VIC1,2025-08-01 22:55:00,6197.13,129.96,TRADE
VIC1,2025-08-01 23:00:00,6159.45,158.0,TRADE
VIC1,2025-08-01 23:05:00,6023.73,122.76,TRADE
VIC1,2025-08-01 23:10:00,6131.44,130.48,TRADE
VIC1,2025-08-01 23:15:00,6255.16,175.37,TRADE
VIC1,2025-08-01 23:20:00,6223.77,180.67,TRADE
VIC1,2025-08-01 23:25:00,6117.34,144.07,TRADE
VIC1,2025-08-01 23:30:00,6205.79,177.15,TRADE
VIC1,2025-08-01 23:35:00,6139.55,199.9,TRADE
VIC1,2025-08-01 23:40:00,6079.49,191.44,TRADE
VIC1,2025-08-01 23:45:00,5930.38,124.24,TRADE
VIC1,2025-08-01 23:50:00,5844.12,120.0,TRADE
VIC1,2025-08-01 23:55:00,5842.46,124.98,TRADE
VIC1,2025-08-04 00:00:00,5198.61,8.95,TRADE
VIC1,2025-08-04 00:05:00,5189.78,8.95,TRADE
VIC1,2025-08-04 00:10:00,5092.64,8.95,TRADE
VIC1,2025-08-04 00:15:00,5158.23,10.49,TRADE
VIC1,2025-08-04 00:20:00,5134.73,8.95,TRADE
VIC1,2025-08-04 00:25:00,5027.65,1.15,TRADE
VIC1,2025-08-04 00:30:00,5059.84,1.14,TRADE
VIC1,2025-08-04 00:35:00,5040.95,8.95,TRADE
VIC1,2025-08-04 00:40:00,5011.57,8.95,TRADE
VIC1,2025-08-04 00:45:00,4978.29,8.95,TRADE
VIC1,2025-08-04 00:50:00,4828.84,1.14,TRADE
VIC1,2025-08-04 00:55:00,4828.58,8.95,TRADE
VIC1,2025-08-04 01:00:00,4825.47,7.95,TRADE
VIC1,2025-08-04 01:05:00,4765.84,7.95,TRADE
VIC1,2025-08-04 01:10:00,4814.18,29.6,TRADE
VIC1,2025-08-04 01:15:00,4832.6,8.95,TRADE
VIC1,2025-08-04 01:20:00,4751.13,8.95,TRADE
VIC1,2025-08-04 01:25:00,4633.81,-0.35,TRADE
VIC1,2025-08-04 01:30:00,4639.22,-3.79,TRADE
VIC1,2025-08-04 01:35:00,4694.61,-2.27,TRADE
VIC1,2025-08-04 01:40:00,4687.35,3.0,TRADE
VIC1,2025-08-04 01:45:00,4589.88,-0.35,TRADE
VIC1,2025-08-04 01:50:00,4588.66,-6.08,TRADE
VIC1,2025-08-04 01:55:00,4596.78,-0.35,TRADE
VIC1,2025-08-04 02:00:00,4566.16,-2.01,TRADE
VIC1,2025-08-04 02:05:00,4560.48,-0.35,TRADE
VIC1,2025-08-04 02:10:00,4440.57,-6.08,TRADE
VIC1,2025-08-04 02:15:00,4415.36,-6.08,TRADE
VIC1,2025-08-04 02:20:00,4490.67,-0.35,TRADE
VIC1,2025-08-04 02:25:00,4455.62,-2.25,TRADE
VIC1,2025-08-04 02:30:00,4367.45,-6.16,TRADE
VIC1,2025-08-04 02:35:00,4451.52,-6.08,TRADE
VIC1,2025-08-04 02:40:00,4433.68,-0.35,TRADE
VIC1,2025-08-04 02:45:00,4415.88,-6.08,TRADE
VIC1,2025-08-04 02:50:00,4295.86,-6.16,TRADE
VIC1,2025-08-04 02:55:00,4286.78,-6.16,TRADE
VIC1,2025-08-04 03:00:00,4253.61,-6.16,TRADE
VIC1,2025-08-04 03:05:00,4308.51,-6.16,TRADE
VIC1,2025-08-04 03:10:00,4269.05,-10.27,TRADE
VIC1,2025-08-04 03:15:00,4301.7,-6.16,TRADE
VIC1,2025-08-04 03:20:00,4302.47,-6.16,TRADE
VIC1,2025-08-04 03:25:00,4295.2,-6.16,TRADE
VIC1,2025-08-04 03:30:00,4252.18,-6.16,TRADE
VIC1,2025-08-04 03:35:00,4314.83,-6.16,TRADE
VIC1,2025-08-04 03:40:00,4282.47,-6.08,TRADE
VIC1,2025-08-04 03:45:00,4229.11,-6.08,TRADE
VIC1,2025-08-04 03:50:00,4306.13,-0.35,TRADE
VIC1,2025-08-04 03:55:00,4308.84,-0.35,TRADE
VIC1,2025-08-04 04:00:00,4299.96,5.01,TRADE
VIC1,2025-08-04 04:05:00,4310.14,0.08,TRADE
VIC1,2025-08-04 04:10:00,4336.9,0.01,TRADE
VIC1,2025-08-04 04:15:00,4361.42,-0.35,TRADE
VIC1,2025-08-04 04:20:00,4393.12,8.18,TRADE
VIC1,2025-08-04 04:25:00,4387.09,0.08,TRADE
VIC1,2025-08-04 04:30:00,4329.78,8.95,TRADE
VIC1,2025-08-04 04:35:00,4416.33,8.95,TRADE
VIC1,2025-08-04 04:40:00,4501.18,3.55,TRADE
VIC1,2025-08-04 04:45:00,4421.01,0.08,TRADE
VIC1,2025-08-04 04:50:00,4562.79,1.49,TRADE
VIC1,2025-08-04 04:55:00,4560.03,5.36,TRADE
VIC1,2025-08-04 05:00:00,4562.37,3.85,TRADE
VIC1,2025-08-04 05:05:00,4504.2,5.36,TRADE
VIC1,2025-08-04 05:10:00,4592.32,4.38,TRADE
VIC1,2025-08-04 05:15:00,4673.77,5.03,TRADE
VIC1,2025-08-04 05:20:00,4739.31,4.61,TRADE
VIC1,2025-08-04 05:25:00,4736.36,8.95,TRADE
VIC1,2025-08-04 05:30:00,4862.12,15.36,TRADE
VIC1,2025-08-04 05:35:00,4909.23,8.95,TRADE
VIC1,2025-08-04 05:40:00,5007.45,8.95,TRADE
VIC1,2025-08-04 05:45:00,5054.3,8.95,TRADE
VIC1,2025-08-04 05:50:00,5003.13,8.95,TRADE
VIC1,2025-08-04 05:55:00,5175.74,15.54,TRADE
VIC1,2025-08-04 06:00:00,5236.53,18.28,TRADE
VIC1,2025-08-04 06:05:00,5286.12,11.06,TRADE
VIC1,2025-08-04 06:10:00,5505.14,15.7,TRADE
VIC1,2025-08-04 06:15:00,5606.21,11.06,TRADE
VIC1,2025-08-04 06:20:00,5720.72,11.06,TRADE
VIC1,2025-08-04 06:25:00,5780.56,11.06,TRADE
VIC1,2025-08-04 06:30:00,5851.36,8.95,TRADE
VIC1,2025-08-04 06:35:00,5913.46,8.95,TRADE
VIC1,2025-08-04 06:40:00,6074.11,8.95,TRADE
VIC1,2025-08-04 06:45:00,6145.1,18.66,TRADE
VIC1,2025-08-04 06:50:00,6317.67,19.18,TRADE
VIC1,2025-08-04 06:55:00,6344.69,19.0,TRADE
VIC1,2025-08-04 07:00:00,6524.44,62.05,TRADE
VIC1,2025-08-04 07:05:00,6643.04,74.73,TRADE
VIC1,2025-08-04 07:10:00,6692.32,71.45,TRADE
VIC1,2025-08-04 07:15:00,6695.3,71.56,TRADE
VIC1,2025-08-04 07:20:00,6847.48,58.63,TRADE
VIC1,2025-08-04 07:25:00,6934.34,63.61,TRADE
VIC1,2025-08-04 07:30:00,7115.15,19.18,TRADE
VIC1,2025-08-04 07:35:00,7093.94,7.68,TRADE
VIC1,2025-08-04 07:40:00,7226.73,7.46,TRADE
VIC1,2025-08-04 07:45:00,7239.56,0.08,TRADE
VIC1,2025-08-04 07:50:00,7184.64,19.0,TRADE
VIC1,2025-08-04 07:55:00,7203.37,19.0,TRADE
VIC1,2025-08-04 08:00:00,7194.47,8.95,TRADE
VIC1,2025-08-04 08:05:00,7182.18,20.76,TRADE
VIC1,2025-08-04 08:10:00,7116.45,50.02,TRADE
VIC1,2025-08-04 08:15:00,7042.06,19.18,TRADE
VIC1,2025-08-04 08:20:00,6979.54,19.0,TRADE
VIC1,2025-08-04 08:25:00,6909.15,-6.08,TRADE
VIC1,2025-08-04 08:30:00,6791.69,-0.01,TRADE
VIC1,2025-08-04 08:35:00,6791.97,0.08,TRADE
VIC1,2025-08-04 08:40:00,6665.5,19.0,TRADE
VIC1,2025-08-04 08:45:00,6498.58,-5.76,TRADE
VIC1,2025-08-04 08:50:00,6404.05,0.08,TRADE
VIC1,2025-08-04 08:55:00,6345.56,-8.67,TRADE
VIC1,2025-08-04 09:00:00,6350.28,-4.79,TRADE
VIC1,2025-08-04 09:05:00,6153.21,-14.0,TRADE
VIC1,2025-08-04 09:10:00,6166.82,-7.87,TRADE
VIC1,2025-08-04 09:15:00,6121.87,-2.6,TRADE
VIC1,2025-08-04 09:20:00,6089.3,2.8,TRADE
VIC1,2025-08-04 09:25:00,5928.96,-11.99,TRADE
VIC1,2025-08-04 09:30:00,5879.28,-4.85,TRADE
VIC1,2025-08-04 09:35:00,5827.39,-4.86,TRADE
VIC1,2025-08-04 09:40:00,5774.38,-3.39,TRADE
VIC1,2025-08-04 09:45:00,5581.6,-8.69,TRADE
VIC1,2025-08-04 09:50:00,5456.33,-12.47,TRADE
VIC1,2025-08-04 09:55:00,5452.47,-11.76,TRADE
VIC1,2025-08-04 10:00:00,5372.06,-14.0,TRADE
VIC1,2025-08-04 10:05:00,5284.98,-9.89,TRADE
VIC1,2025-08-04 10:10:00,5246.22,-7.07,TRADE
VIC1,2025-08-04 10:15:00,5179.19,-8.4,TRADE
VIC1,2025-08-04 10:20:00,5109.45,-11.55,TRADE
VIC1,2025-08-04 10:25:00,4971.24,-12.0,TRADE
VIC1,2025-08-04 10:30:00,4960.06,-12.0,TRADE
VIC1,2025-08-04 10:35:00,4923.1,-7.65,TRADE
VIC1,2025-08-04 10:40:00,4978.77,-6.08,TRADE
VIC1,2025-08-04 10:45:00,4939.1,0.0,TRADE
VIC1,2025-08-04 10:50:00,4875.53,0.0,TRADE
VIC1,2025-08-04 10:55:00,4915.06,0.01,TRADE
VIC1,2025-08-04 11:00:00,4860.7,-8.19,TRADE
VIC1,2025-08-04 11:05:00,4891.93,-0.76,TRADE
VIC1,2025-08-04 11:10:00,4778.83,-4.71,TRADE
VIC1,2025-08-04 11:15:00,4691.63,-1.41,TRADE
VIC1,2025-08-04 11:20:00,4661.17,-1.32,TRADE
VIC1,2025-08-04 11:25:00,4674.62,-1.04,TRADE
VIC1,2025-08-04 11:30:00,4622.53,-0.48,TRADE
VIC1,2025-08-04 11:35:00,4564.75,-11.15,TRADE
VIC1,2025-08-04 11:40:00,4548.17,-10.53,TRADE
VIC1,2025-08-04 11:45:00,4560.38,0.0,TRADE
VIC1,2025-08-04 11:50:00,4520.65,-11.89,TRADE
VIC1,2025-08-04 11:55:00,4420.02,0.0,TRADE
VIC1,2025-08-04 12:00:00,4340.0,-14.0,TRADE
VIC1,2025-08-04 12:05:00,4309.77,0.0,TRADE
VIC1,2025-08-04 12:10:00,4231.04,-14.0,TRADE
VIC1,2025-08-04 12:15:00,4247.17,-14.0,TRADE
VIC1,2025-08-04 12:20:00,4246.93,-14.0,TRADE
VIC1,2025-08-04 12:25:00,4272.43,-13.5,TRADE
VIC1,2025-08-04 12:30:00,4206.8,-14.0,TRADE
VIC1,2025-08-04 12:35:00,4214.05,-14.0,TRADE
VIC1,2025-08-04 12:40:00,4293.89,-14.0,TRADE
VIC1,2025-08-04 12:45:00,4468.41,-14.0,TRADE
VIC1,2025-08-04 12:50:00,4465.01,-14.0,TRADE
VIC1,2025-08-04 12:55:00,4527.4,-14.0,TRADE
VIC1,2025-08-04 13:00:00,4525.87,-14.0,TRADE
VIC1,2025-08-04 13:05:00,4570.32,-14.0,TRADE
VIC1,2025-08-04 13:10:00,4613.53,-13.33,TRADE
VIC1,2025-08-04 13:15:00,4561.35,-14.0,TRADE
VIC1,2025-08-04 13:20:00,4652.24,-13.42,TRADE
VIC1,2025-08-04 13:25:00,4719.49,-12.0,TRADE
VIC1,2025-08-04 13:30:00,4682.77,-12.0,TRADE
VIC1,2025-08-04 13:35:00,4681.09,-12.0,TRADE
VIC1,2025-08-04 13:40:00,4815.61,-10.81,TRADE
VIC1,2025-08-04 13:45:00,4846.16,-11.29,TRADE
VIC1,2025-08-04 13:50:00,4884.78,-10.78,TRADE
VIC1,2025-08-04 13:55:00,4945.01,-10.93,TRADE
VIC1,2025-08-04 14:00:00,4986.32,0.0,TRADE
VIC1,2025-08-04 14:05:00,5009.54,1.17,TRADE
VIC1,2025-08-04 14:10:00,4947.6,-12.0,TRADE
VIC1,2025-08-04 14:15:00,4965.43,33.64,TRADE
VIC1,2025-08-04 14:20:00,5054.21,0.54,TRADE
VIC1,2025-08-04 14:25:00,5065.26,4.5,TRADE
VIC1,2025-08-04 14:30:00,5107.31,33.89,TRADE
VIC1,2025-08-04 14:35:00,5166.24,19.18,TRADE
VIC1,2025-08-04 14:40:00,5155.72,4.5,TRADE
VIC1,2025-08-04 14:45:00,5151.37,0.0,TRADE
VIC1,2025-08-04 14:50:00,5092.18,0.0,TRADE
VIC1,2025-08-04 14:55:00,5028.72,0.0,TRADE
VIC1,2025-08-04 15:00:00,5180.39,10.07,TRADE
VIC1,2025-08-04 15:05:00,5188.82,13.21,TRADE
VIC1,2025-08-04 15:10:00,5114.39,4.5,TRADE
VIC1,2025-08-04 15:15:00,5121.38,33.89,TRADE
VIC1,2025-08-04 15:20:00,5110.2,33.89,TRADE
VIC1,2025-08-04 15:25:00,4980.26,19.18,TRADE
VIC1,2025-08-04 15:30:00,5077.32,19.18,TRADE
VIC1,2025-08-04 15:35:00,5183.3,0.0,TRADE
VIC1,2025-08-04 15:40:00,5182.79,-0.01,TRADE
VIC1,2025-08-04 15:45:00,5349.85,33.89,TRADE
VIC1,2025-08-04 15:50:00,5364.97,55.36,TRADE
VIC1,2025-08-04 15:55:00,5488.03,51.36,TRADE
VIC1,2025-08-04 16:00:00,5618.36,51.01,TRADE
VIC1,2025-08-04 16:05:00,5747.19,8.95,TRADE
VIC1,2025-08-04 16:10:00,5853.14,38.74,TRADE
VIC1,2025-08-04 16:15:00,5878.73,40.4,TRADE
VIC1,2025-08-04 16:20:00,5762.08,39.2,TRADE
VIC1,2025-08-04 16:25:00,5820.3,70.5,TRADE
VIC1,2025-08-04 16:30:00,5897.74,81.08,TRADE
VIC1,2025-08-04 16:35:00,5939.74,87.61,TRADE
VIC1,2025-08-04 16:40:00,6005.47,86.28,TRADE
VIC1,2025-08-04 16:45:00,6025.97,78.24,TRADE
VIC1,2025-08-04 16:50:00,6058.37,19.18,TRADE
VIC1,2025-08-04 16:55:00,6278.35,76.26,TRADE
VIC1,2025-08-04 17:00:00,6256.87,39.25,TRADE
VIC1,2025-08-04 17:05:00,6335.2,75.17,TRADE
VIC1,2025-08-04 17:10:00,6405.16,75.8,TRADE
VIC1,2025-08-04 17:15:00,6382.68,19.18,TRADE
VIC1,2025-08-04 17:20:00,6542.3,57.61,TRADE
VIC1,2025-08-04 17:25:00,6547.63,75.8,TRADE
VIC1,2025-08-04 17:30:00,6714.48,82.98,TRADE
VIC1,2025-08-04 17:35:00,6821.21,156.3,TRADE
VIC1,2025-08-04 17:40:00,6821.57,141.11,TRADE
VIC1,2025-08-04 17:45:00,6871.88,102.76,TRADE
VIC1,2025-08-04 17:50:00,6950.25,170.87,TRADE
VIC1,2025-08-04 17:55:00,6894.54,151.55,TRADE
VIC1,2025-08-04 18:00:00,6986.07,155.06,TRADE
VIC1,2025-08-04 18:05:00,7021.22,58.29,TRADE
VIC1,2025-08-04 18:10:00,7092.68,142.54,TRADE
VIC1,2025-08-04 18:15:00,6986.81,136.41,TRADE
VIC1,2025-08-04 18:20:00,7071.99,142.52,TRADE
VIC1,2025-08-04 18:25:00,7051.21,127.07,TRADE
VIC1,2025-08-04 18:30:00,7100.3,150.42,TRADE
VIC1,2025-08-04 18:35:00,7056.99,115.22,TRADE
VIC1,2025-08-04 18:40:00,6988.07,110.49,TRADE
VIC1,2025-08-04 18:45:00,7052.42,125.49,TRADE
VIC1,2025-08-04 18:50:00,6996.34,114.75,TRADE
VIC1,2025-08-04 18:55:00,6938.35,106.09,TRADE
VIC1,2025-08-04 19:00:00,6919.77,111.06,TRADE
VIC1,2025-08-04 19:05:00,6895.49,107.7,TRADE
VIC1,2025-08-04 19:10:00,6901.78,105.3,TRADE
VIC1,2025-08-04 19:15:00,6776.86,64.24,TRADE
VIC1,2025-08-04 19:20:00,6779.78,79.1,TRADE
VIC1,2025-08-04 19:25:00,6745.71,30.99,TRADE
VIC1,2025-08-04 19:30:00,6784.43,106.8,TRADE
VIC1,2025-08-04 19:35:00,6787.05,97.4,TRADE
VIC1,2025-08-04 19:40:00,6746.11,64.09,TRADE
VIC1,2025-08-04 19:45:00,6732.85,54.08,TRADE
VIC1,2025-08-04 19:50:00,6688.77,30.99,TRADE
VIC1,2025-08-04 19:55:00,6703.38,54.17,TRADE
VIC1,2025-08-04 20:00:00,6665.23,-51.06,TRADE
VIC1,2025-08-04 20:05:00,6584.92,0.08,TRADE
VIC1,2025-08-04 20:10:00,6583.52,78.98,TRADE
VIC1,2025-08-04 20:15:00,6573.48,26.48,TRADE
VIC1,2025-08-04 20:20:00,6487.58,19.0,TRADE
VIC1,2025-08-04 20:25:00,6432.34,-14.0,TRADE
VIC1,2025-08-04 20:30:00,6485.92,-14.0,TRADE
VIC1,2025-08-04 20:35:00,6464.89,-6.08,TRADE
VIC1,2025-08-04 20:40:00,6389.33,1.13,TRADE
VIC1,2025-08-04 20:45:00,6262.06,-6.08,TRADE
VIC1,2025-08-04 20:50:00,6225.99,-6.16,TRADE
VIC1,2025-08-04 20:55:00,6254.94,-6.08,TRADE
VIC1,2025-08-04 21:00:00,6172.53,-6.16,TRADE
VIC1,2025-08-04 21:05:00,6134.97,-6.08,TRADE
VIC1,2025-08-04 21:10:00,6100.62,0.25,TRADE
VIC1,2025-08-04 21:15:00,6099.03,0.71,TRADE
VIC1,2025-08-04 21:20:00,6063.43,0.08,TRADE
VIC1,2025-08-04 21:25:00,6027.5,8.93,TRADE
VIC1,2025-08-04 21:30:00,5895.87,0.25,TRADE
VIC1,2025-08-04 21:35:00,5922.28,0.47,TRADE
VIC1,2025-08-04 21:40:00,5885.29,7.46,TRADE
VIC1,2025-08-04 21:45:00,5743.91,-12.0,TRADE
VIC1,2025-08-04 21:50:00,5798.43,5.39,TRADE
VIC1,2025-08-04 21:55:00,5703.69,8.95,TRADE
VIC1,2025-08-04 22:00:00,5667.93,8.95,TRADE
VIC1,2025-08-04 22:05:00,5556.92,8.95,TRADE
VIC1,2025-08-04 22:10:00,5447.49,0.08,TRADE
VIC1,2025-08-04 22:15:00,5428.8,8.95,TRADE
VIC1,2025-08-04 22:20:00,5430.79,8.95,TRADE
VIC1,2025-08-04 22:25:00,5381.46,8.95,TRADE
VIC1,2025-08-04 22:30:00,5247.74,0.96,TRADE
VIC1,2025-08-04 22:35:00,5280.89,8.95,TRADE
VIC1,2025-08-04 22:40:00,5239.53,8.95,TRADE
VIC1,2025-08-04 22:45:00,5208.18,8.37,TRADE
VIC1,2025-08-04 22:50:00,5165.29,5.46,TRADE
VIC1,2025-08-04 22:55:00,5029.73,0.08,TRADE
VIC1,2025-08-04 23:00:00,5119.05,8.95,TRADE
VIC1,2025-08-04 23:05:00,5160.62,19.0,TRADE
VIC1,2025-08-04 23:10:00,5132.52,19.0,TRADE
VIC1,2025-08-04 23:15:00,5245.85,39.0,TRADE
VIC1,2025-08-04 23:20:00,5234.12,38.9,TRADE
VIC1,2025-08-04 23:25:00,5240.89,39.2,TRADE
VIC1,2025-08-04 23:30:00,5164.4,37.63,TRADE
VIC1,2025-08-04 23:35:00,5204.93,39.0,TRADE
VIC1,2025-08-04 23:40:00,5118.14,38.57,TRADE
VIC1,2025-08-04 23:45:00,5178.25,45.89,TRADE
VIC1,2025-08-04 23:50:00,5162.0,38.57,TRADE
VIC1,2025-08-04 23:55:00,5006.19,8.95,TRADE
VIC1,2025-08-05 00:00:00,5040.64,19.0,TRADE
VIC1,2025-08-05 00:05:00,4990.97,62.64,TRADE
VIC1,2025-08-05 00:10:00,4960.31,62.8,TRADE
VIC1,2025-08-05 00:15:00,4941.17,31.72,TRADE
VIC1,2025-08-05 00:20:00,4833.26,17.79,TRADE
VIC1,2025-08-05 00:25:00,4770.98,17.86,TRADE
VIC1,2025-08-05 00:30:00,4769.23,1.82,TRADE
VIC1,2025-08-05 00:35:00,4806.86,8.95,TRADE
VIC1,2025-08-05 00:40:00,4709.21,0.0,TRADE
VIC1,2025-08-05 00:45:00,4751.9,-6.08,TRADE
VIC1,2025-08-05 00:50:00,4737.73,0.0,TRADE
VIC1,2025-08-05 00:55:00,4739.45,0.0,TRADE
VIC1,2025-08-05 01:00:00,4719.06,2.28,TRADE
VIC1,2025-08-05 01:05:00,4616.25,-5.73,TRADE
VIC1,2025-08-05 01:10:00,4567.35,-6.08,TRADE
VIC1,2025-08-05 01:15:00,4558.89,-0.05,TRADE
VIC1,2025-08-05 01:20:00,4502.1,-3.07,TRADE
VIC1,2025-08-05 01:25:00,4556.58,-6.08,TRADE
VIC1,2025-08-05 01:30:00,4532.65,-6.16,TRADE
VIC1,2025-08-05 01:35:00,4498.13,-6.16,TRADE
VIC1,2025-08-05 01:40:00,4480.16,-6.16,TRADE
VIC1,2025-08-05 01:45:00,4428.61,-6.16,TRADE
VIC1,2025-08-05 01:50:00,4404.5,-13.79,TRADE
VIC1,2025-08-05 01:55:00,4324.28,-6.16,TRADE
VIC1,2025-08-05 02:00:00,4291.91,-12.51,TRADE
VIC1,2025-08-05 02:05:00,4275.83,-12.0,TRADE
VIC1,2025-08-05 02:10:00,4355.33,-8.85,TRADE
VIC1,2025-08-05 02:15:00,4357.93,-11.38,TRADE
VIC1,2025-08-05 02:20:00,4240.37,-12.36,TRADE
VIC1,2025-08-05 02:25:00,4287.38,-12.64,TRADE
VIC1,2025-08-05 02:30:00,4288.45,-12.0,TRADE
VIC1,2025-08-05 02:35:00,4292.44,-12.0,TRADE
VIC1,2025-08-05 02:40:00,4172.8,-12.0,TRADE
VIC1,2025-08-05 02:45:00,4215.12,-11.09,TRADE
VIC1,2025-08-05 02:50:00,4201.54,-6.16,TRADE
VIC1,2025-08-05 02:55:00,4088.28,-12.0,TRADE
VIC1,2025-08-05 03:00:00,4119.85,-12.03,TRADE
VIC1,2025-08-05 03:05:00,4115.36,-14.0,TRADE
VIC1,2025-08-05 03:10:00,4132.01,-12.59,TRADE
VIC1,2025-08-05 03:15:00,4151.97,-12.0,TRADE
VIC1,2025-08-05 03:20:00,4156.8,-12.45,TRADE
VIC1,2025-08-05 03:25:00,4232.94,-12.56,TRADE
VIC1,2025-08-05 03:30:00,4200.93,-12.0,TRADE
VIC1,2025-08-05 03:35:00,4176.16,-14.0,TRADE
VIC1,2025-08-05 03:40:00,4218.6,-12.69,TRADE
VIC1,2025-08-05 03:45:00,4210.81,-12.68,TRADE
VIC1,2025-08-05 03:50:00,4205.39,-13.18,TRADE
VIC1,2025-08-05 03:55:00,4172.61,-12.53,TRADE
VIC1,2025-08-05 04:00:00,4111.36,-12.74,TRADE
VIC1,2025-08-05 04:05:00,4196.51,-14.0,TRADE
VIC1,2025-08-05 04:10:00,4147.5,-14.0,TRADE
VIC1,2025-08-05 04:15:00,4230.87,-13.18,TRADE
VIC1,2025-08-05 04:20:00,4275.72,-12.39,TRADE
VIC1,2025-08-05 04:25:00,4275.08,-14.0,TRADE
VIC1,2025-08-05 04:30:00,4270.13,-13.18,TRADE
VIC1,2025-08-05 04:35:00,4289.52,-13.18,TRADE
VIC1,2025-08-05 04:40:00,4322.67,-12.35,TRADE
VIC1,2025-08-05 04:45:00,4330.02,-12.0,TRADE
VIC1,2025-08-05 04:50:00,4245.51,-12.4,TRADE
VIC1,2025-08-05 04:55:00,4309.47,-12.0,TRADE
VIC1,2025-08-05 05:00:00,4302.32,-12.77,TRADE
VIC1,2025-08-05 05:05:00,4391.56,-6.16,TRADE
VIC1,2025-08-05 05:10:00,4481.79,-6.16,TRADE
VIC1,2025-08-05 05:15:00,4472.42,-11.7,TRADE
VIC1,2025-08-05 05:20:00,4490.01,-12.0,TRADE
VIC1,2025-08-05 05:25:00,4563.42,-3.07,TRADE
VIC1,2025-08-05 05:30:00,4628.7,-0.35,TRADE
VIC1,2025-08-05 05:35:00,4662.09,-0.35,TRADE
VIC1,2025-08-05 05:40:00,4700.93,-3.07,TRADE
VIC1,2025-08-05 05:45:00,4761.29,-3.07,TRADE
VIC1,2025-08-05 05:50:00,4837.11,0.0,TRADE
VIC1,2025-08-05 05:55:00,4896.62,-0.35,TRADE
VIC1,2025-08-05 06:00:00,5030.89,0.01,TRADE
VIC1,2025-08-05 06:05:00,5142.75,43.13,TRADE
VIC1,2025-08-05 06:10:00,5331.08,19.0,TRADE
VIC1,2025-08-05 06:15:00,5477.07,19.0,TRADE
VIC1,2025-08-05 06:20:00,5500.97,19.0,TRADE
VIC1,2025-08-05 06:25:00,5594.4,19.0,TRADE
VIC1,2025-08-05 06:30:00,5750.43,19.0,TRADE
VIC1,2025-08-05 06:35:00,5726.45,45.71,TRADE
VIC1,2025-08-05 06:40:00,5854.62,39.2,TRADE
VIC1,2025-08-05 06:45:00,6005.83,47.63,TRADE
VIC1,2025-08-05 06:50:00,6147.95,75.8,TRADE
VIC1,2025-08-05 06:55:00,6248.34,75.8,TRADE
VIC1,2025-08-05 07:00:00,6313.27,72.12,TRADE
VIC1,2025-08-05 07:05:00,6431.37,75.8,TRADE
VIC1,2025-08-05 07:10:00,6449.43,73.79,TRADE
VIC1,2025-08-05 07:15:00,6605.78,73.79,TRADE
VIC1,2025-08-05 07:20:00,6605.37,72.12,TRADE
VIC1,2025-08-05 07:25:00,6666.08,75.8,TRADE
VIC1,2025-08-05 07:30:00,6741.78,75.8,TRADE
VIC1,2025-08-05 07:35:00,6754.7,75.8,TRADE
VIC1,2025-08-05 07:40:00,6890.05,71.02,TRADE
VIC1,2025-08-05 07:45:00,6917.88,70.6,TRADE
VIC1,2025-08-05 07:50:00,6890.76,51.56,TRADE
VIC1,2025-08-05 07:55:00,6944.94,73.03,TRADE
VIC1,2025-08-05 08:00:00,6824.94,38.0,TRADE
VIC1,2025-08-05 08:05:00,6779.53,45.07,TRADE
VIC1,2025-08-05 08:10:00,6785.5,52.84,TRADE
VIC1,2025-08-05 08:15:00,6801.38,53.29,TRADE
VIC1,2025-08-05 08:20:00,6636.89,19.0,TRADE
VIC1,2025-08-05 08:25:00,6662.34,14.75,TRADE
VIC1,2025-08-05 08:30:00,6503.66,0.23,TRADE
VIC1,2025-08-05 08:35:00,6379.69,0.06,TRADE
VIC1,2025-08-05 08:40:00,6281.92,19.0,TRADE
VIC1,2025-08-05 08:45:00,6282.1,0.06,TRADE
VIC1,2025-08-05 08:50:00,6171.88,0.01,TRADE
VIC1,2025-08-05 08:55:00,6097.8,0.0,TRADE
VIC1,2025-08-05 09:00:00,5949.13,-0.35,TRADE
VIC1,2025-08-05 09:05:00,5847.92,3.83,TRADE
VIC1,2025-08-05 09:10:00,5790.09,19.47,TRADE
VIC1,2025-08-05 09:15:00,5794.79,8.95,TRADE
VIC1,2025-08-05 09:20:00,5694.76,19.0,TRADE
VIC1,2025-08-05 09:25:00,5572.21,0.01,TRADE
VIC1,2025-08-05 09:30:00,5508.13,0.01,TRADE
VIC1,2025-08-05 09:35:00,5367.85,17.54,TRADE
VIC1,2025-08-05 09:40:00,5329.25,8.83,TRADE
VIC1,2025-08-05 09:45:00,5147.25,0.0,TRADE
VIC1,2025-08-05 09:50:00,5072.78,0.0,TRADE
VIC1,2025-08-05 09:55:00,5066.11,-6.16,TRADE
VIC1,2025-08-05 10:00:00,4971.19,-12.9,TRADE
VIC1,2025-08-05 10:05:00,4918.21,-9.34,TRADE
VIC1,2025-08-05 10:10:00,4939.91,0.0,TRADE
VIC1,2025-08-05 10:15:00,4826.5,-9.25,TRADE
VIC1,2025-08-05 10:20:00,4719.1,-12.0,TRADE
VIC1,2025-08-05 10:25:00,4727.19,-12.12,TRADE
VIC1,2025-08-05 10:30:00,4545.99,-13.56,TRADE
VIC1,2025-08-05 10:35:00,4515.18,-14.0,TRADE
VIC1,2025-08-05 10:40:00,4570.34,-12.0,TRADE
VIC1,2025-08-05 10:45:00,4474.73,-13.0,TRADE
VIC1,2025-08-05 10:50:00,4422.09,-14.0,TRADE
VIC1,2025-08-05 10:55:00,4399.87,-14.0,TRADE
VIC1,2025-08-05 11:00:00,4393.35,-14.0,TRADE
VIC1,2025-08-05 11:05:00,4297.43,-15.63,TRADE
VIC1,2025-08-05 11:10:00,4338.5,-14.0,TRADE
VIC1,2025-08-05 11:15:00,4215.0,-15.75,TRADE
VIC1,2025-08-05 11:20:00,4193.32,-16.35,TRADE
VIC1,2025-08-05 11:25:00,4181.36,-16.5,TRADE
VIC1,2025-08-05 11:30:00,4093.61,-18.14,TRADE
VIC1,2025-08-05 11:35:00,4173.45,-16.5,TRADE
VIC1,2025-08-05 11:40:00,4165.68,-14.0,TRADE
VIC1,2025-08-05 11:45:00,4195.76,-18.33,TRADE
VIC1,2025-08-05 11:50:00,4212.9,-15.47,TRADE
VIC1,2025-08-05 11:55:00,4199.75,-15.47,TRADE
VIC1,2025-08-05 12:00:00,4205.78,-14.0,TRADE
VIC1,2025-08-05 12:05:00,4217.31,-15.41,TRADE
VIC1,2025-08-05 12:10:00,4122.18,-15.81,TRADE
VIC1,2025-08-05 12:15:00,4110.2,-17.1,TRADE
VIC1,2025-08-05 12:20:00,4187.25,-14.68,TRADE
VIC1,2025-08-05 12:25:00,4196.75,-15.64,TRADE
VIC1,2025-08-05 12:30:00,4119.76,-14.0,TRADE
VIC1,2025-08-05 12:35:00,4086.17,-15.26,TRADE
VIC1,2025-08-05 12:40:00,4096.61,-15.22,TRADE
VIC1,2025-08-05 12:45:00,4084.4,-15.46,TRADE
VIC1,2025-08-05 12:50:00,3994.83,-19.99,TRADE
VIC1,2025-08-05 12:55:00,4067.63,-20.99,TRADE
VIC1,2025-08-05 13:00:00,4041.53,-18.63,TRADE
VIC1,2025-08-05 13:05:00,3978.76,-15.07,TRADE
VIC1,2025-08-05 13:10:00,4060.68,-14.0,TRADE
VIC1,2025-08-05 13:15:00,4060.11,-14.0,TRADE
VIC1,2025-08-05 13:20:00,4080.31,-15.71,TRADE
VIC1,2025-08-05 13:25:00,4112.67,-15.26,TRADE
VIC1,2025-08-05 13:30:00,4053.87,-14.0,TRADE
VIC1,2025-08-05 13:35:00,4148.42,-14.0,TRADE
VIC1,2025-08-05 13:40:00,4171.74,-14.0,TRADE
VIC1,2025-08-05 13:45:00,4112.11,-15.42,TRADE
VIC1,2025-08-05 13:50:00,4146.72,-14.0,TRADE
VIC1,2025-08-05 13:55:00,4157.59,-14.0,TRADE
VIC1,2025-08-05 14:00:00,4174.88,-14.6,TRADE
VIC1,2025-08-05 14:05:00,4281.4,-14.0,TRADE
VIC1,2025-08-05 14:10:00,4215.49,-14.58,TRADE
VIC1,2025-08-05 14:15:00,4348.71,-14.0,TRADE
VIC1,2025-08-05 14:20:00,4434.0,-14.0,TRADE
VIC1,2025-08-05 14:25:00,4427.05,-14.0,TRADE
VIC1,2025-08-05 14:30:00,4523.57,-11.44,TRADE
VIC1,2025-08-05 14:35:00,4550.61,-11.77,TRADE
VIC1,2025-08-05 14:40:00,4595.64,-12.14,TRADE
VIC1,2025-08-05 14:45:00,4553.14,-12.9,TRADE
VIC1,2025-08-05 14:50:00,4577.88,-13.0,TRADE
VIC1,2025-08-05 14:55:00,4664.52,-11.5,TRADE
VIC1,2025-08-05 15:00:00,4667.18,-11.77,TRADE
VIC1,2025-08-05 15:05:00,4697.27,-12.9,TRADE
VIC1,2025-08-05 15:10:00,4752.72,-11.57,TRADE
VIC1,2025-08-05 15:15:00,4818.31,-11.76,TRADE
VIC1,2025-08-05 15:20:00,4910.09,-8.51,TRADE
VIC1,2025-08-05 15:25:00,4887.1,-12.55,TRADE
VIC1,2025-08-05 15:30:00,5006.92,0.0,TRADE
VIC1,2025-08-05 15:35:00,5014.18,-9.13,TRADE
VIC1,2025-08-05 15:40:00,5023.2,-11.1,TRADE
VIC1,2025-08-05 15:45:00,5174.66,-6.16,TRADE
VIC1,2025-08-05 15:50:00,5161.54,-9.38,TRADE
VIC1,2025-08-05 15:55:00,5232.9,0.0,TRADE
VIC1,2025-08-05 16:00:00,5216.33,54.73,TRADE
VIC1,2025-08-05 16:05:00,5261.18,-6.16,TRADE
VIC1,2025-08-05 16:10:00,5331.54,-6.08,TRADE
VIC1,2025-08-05 16:15:00,5453.16,8.95,TRADE
VIC1,2025-08-05 16:20:00,5470.29,4.98,TRADE
VIC1,2025-08-05 16:25:00,5613.97,71.56,TRADE
VIC1,2025-08-05 16:30:00,5650.2,110.26,TRADE
VIC1,2025-08-05 16:35:00,5750.53,74.99,TRADE
VIC1,2025-08-05 16:40:00,5771.45,106.15,TRADE
VIC1,2025-08-05 16:45:00,5849.88,116.98,TRADE
VIC1,2025-08-05 16:50:00,5960.06,154.3,TRADE
VIC1,2025-08-05 16:55:00,6030.02,114.78,TRADE
VIC1,2025-08-05 17:00:00,6114.0,145.84,TRADE
VIC1,2025-08-05 17:05:00,6189.41,132.72,TRADE
VIC1,2025-08-05 17:10:00,6292.2,136.71,TRADE
VIC1,2025-08-05 17:15:00,6371.64,145.81,TRADE
VIC1,2025-08-05 17:20:00,6404.83,166.19,TRADE
VIC1,2025-08-05 17:25:00,6495.47,148.08,TRADE
VIC1,2025-08-05 17:30:00,6680.56,223.36,TRADE
VIC1,2025-08-05 17:35:00,6755.75,154.0,TRADE
VIC1,2025-08-05 17:40:00,6790.26,178.03,TRADE
VIC1,2025-08-05 17:45:00,6916.16,239.29,TRADE
VIC1,2025-08-05 17:50:00,6971.64,217.54,TRADE
VIC1,2025-08-05 17:55:00,7026.15,196.0,TRADE
VIC1,2025-08-05 18:00:00,7089.06,180.14,TRADE
VIC1,2025-08-05 18:05:00,7065.84,169.82,TRADE
VIC1,2025-08-05 18:10:00,7108.84,170.22,TRADE
VIC1,2025-08-05 18:15:00,7198.73,244.54,TRADE
VIC1,2025-08-05 18:20:00,7225.2,169.47,TRADE
VIC1,2025-08-05 18:25:00,7145.15,170.16,TRADE
VIC1,2025-08-05 18:30:00,7234.64,152.52,TRADE
VIC1,2025-08-05 18:35:00,7291.58,153.96,TRADE
VIC1,2025-08-05 18:40:00,7292.75,156.25,TRADE
VIC1,2025-08-05 18:45:00,7287.66,159.99,TRADE
VIC1,2025-08-05 18:50:00,7178.56,154.04,TRADE
VIC1,2025-08-05 18:55:00,7172.12,141.24,TRADE
VIC1,2025-08-05 19:00:00,7152.99,143.72,TRADE
VIC1,2025-08-05 19:05:00,7197.66,154.38,TRADE
VIC1,2025-08-05 19:10:00,7108.77,144.68,TRADE
VIC1,2025-08-05 19:15:00,7158.88,144.3,TRADE
VIC1,2025-08-05 19:20:00,7118.03,156.93,TRADE
VIC1,2025-08-05 19:25:00,7094.53,155.85,TRADE
VIC1,2025-08-05 19:30:00,7020.87,154.53,TRADE
VIC1,2025-08-05 19:35:00,6921.03,145.15,TRADE
VIC1,2025-08-05 19:40:00,6908.3,140.22,TRADE
VIC1,2025-08-05 19:45:00,6993.66,144.71,TRADE
VIC1,2025-08-05 19:50:00,7004.68,142.52,TRADE
VIC1,2025-08-05 19:55:00,6929.2,135.73,TRADE
VIC1,2025-08-05 20:00:00,6948.17,133.96,TRADE
VIC1,2025-08-05 20:05:00,6896.79,132.72,TRADE
VIC1,2025-08-05 20:10:00,6854.24,129.68,TRADE
VIC1,2025-08-05 20:15:00,6845.82,122.08,TRADE
VIC1,2025-08-05 20:20:00,6869.07,126.11,TRADE
VIC1,2025-08-05 20:25:00,6815.0,97.1,TRADE
VIC1,2025-08-05 20:30:00,6732.47,97.0,TRADE
VIC1,2025-08-05 20:35:00,6710.85,97.0,TRADE
VIC1,2025-08-05 20:40:00,6756.76,97.0,TRADE
VIC1,2025-08-05 20:45:00,6661.61,91.24,TRADE
VIC1,2025-08-05 20:50:00,6638.31,88.45,TRADE
VIC1,2025-08-05 20:55:00,6593.69,76.59,TRADE
VIC1,2025-08-05 21:00:00,6560.13,72.21,TRADE
VIC1,2025-08-05 21:05:00,6512.2,74.04,TRADE
VIC1,2025-08-05 21:10:00,6402.75,72.69,TRADE
VIC1,2025-08-05 21:15:00,6379.93,75.37,TRADE
VIC1,2025-08-05 21:20:00,6378.76,74.34,TRADE
VIC1,2025-08-05 21:25:00,6274.12,69.59,TRADE
VIC1,2025-08-05 21:30:00,6258.64,66.85,TRADE
VIC1,2025-08-05 21:35:00,6289.4,75.55,TRADE
VIC1,2025-08-05 21:40:00,6178.35,23.29,TRADE
VIC1,2025-08-05 21:45:00,6223.48,30.06,TRADE
VIC1,2025-08-05 21:50:00,6155.37,19.0,TRADE
VIC1,2025-08-05 21:55:00,6099.64,19.0,TRADE
VIC1,2025-08-05 22:00:00,6044.57,8.95,TRADE
VIC1,2025-08-05 22:05:00,5911.71,7.95,TRADE
VIC1,2025-08-05 22:10:00,5925.16,8.95,TRADE
VIC1,2025-08-05 22:15:00,5929.19,6.95,TRADE
VIC1,2025-08-05 22:20:00,5754.16,0.01,TRADE
VIC1,2025-08-05 22:25:00,5749.07,8.95,TRADE
VIC1,2025-08-05 22:30:00,5698.82,8.21,TRADE
VIC1,2025-08-05 22:35:00,5636.86,8.89,TRADE
VIC1,2025-08-05 22:40:00,5510.2,2.62,TRADE
VIC1,2025-08-05 22:45:00,5438.77,0.12,TRADE
VIC1,2025-08-05 22:50:00,5477.03,8.95,TRADE
VIC1,2025-08-05 22:55:00,5445.82,8.95,TRADE
VIC1,2025-08-05 23:00:00,5338.03,3.76,TRADE
VIC1,2025-08-05 23:05:00,5384.33,26.01,TRADE
VIC1,2025-08-05 23:10:00,5468.8,19.2,TRADE
VIC1,2025-08-05 23:15:00,5472.69,24.77,TRADE
VIC1,2025-08-05 23:20:00,5360.48,8.95,TRADE
VIC1,2025-08-05 23:25:00,5310.33,0.01,TRADE
VIC1,2025-08-05 23:30:00,5421.25,19.0,TRADE
VIC1,2025-08-05 23:35:00,5390.69,19.0,TRADE
VIC1,2025-08-05 23:40:00,5301.02,8.95,TRADE
VIC1,2025-08-05 23:45:00,5222.29,0.01,TRADE
VIC1,2025-08-05 23:50:00,5265.87,19.0,TRADE
VIC1,2025-08-05 23:55:00,5232.12,28.25,TRADE
VIC1,2025-08-06 00:00:00,5115.22,8.95,TRADE
VIC1,2025-08-06 00:05:00,5137.98,19.0,TRADE
VIC1,2025-08-06 00:10:00,5147.59,19.0,TRADE
VIC1,2025-08-06 00:15:00,5131.38,19.0,TRADE
VIC1,2025-08-06 00:20:00,5056.0,19.0,TRADE
VIC1,2025-08-06 00:25:00,5077.64,8.95,TRADE
VIC1,2025-08-06 00:30:00,5042.96,19.0,TRADE
VIC1,2025-08-06 00:35:00,5044.23,8.95,TRADE
VIC1,2025-08-06 00:40:00,4936.31,0.01,TRADE
VIC1,2025-08-06 00:45:00,4915.34,0.01,TRADE
VIC1,2025-08-06 00:50:00,4884.8,0.01,TRADE
VIC1,2025-08-06 00:55:00,4860.11,-7.35,TRADE
VIC1,2025-08-06 01:00:00,4838.55,-13.18,TRADE
VIC1,2025-08-06 01:05:00,4909.18,33.93,TRADE
VIC1,2025-08-06 01:10:00,4838.48,8.95,TRADE
VIC1,2025-08-06 01:15:00,4812.14,0.01,TRADE
VIC1,2025-08-06 01:20:00,4809.4,8.95,TRADE
VIC1,2025-08-06 01:25:00,4795.03,0.01,TRADE
VIC1,2025-08-06 01:30:00,4795.88,8.95,TRADE
VIC1,2025-08-06 01:35:00,4671.81,0.0,TRADE
VIC1,2025-08-06 01:40:00,4666.76,0.01,TRADE
VIC1,2025-08-06 01:45:00,4679.75,0.01,TRADE
VIC1,2025-08-06 01:50:00,4667.06,0.01,TRADE
VIC1,2025-08-06 01:55:00,4634.35,0.01,TRADE
VIC1,2025-08-06 02:00:00,4625.74,0.0,TRADE
VIC1,2025-08-06 02:05:00,4626.98,0.01,TRADE
VIC1,2025-08-06 02:10:00,4600.96,0.01,TRADE
VIC1,2025-08-06 02:15:00,4499.89,0.01,TRADE
VIC1,2025-08-06 02:20:00,4538.68,0.01,TRADE
VIC1,2025-08-06 02:25:00,4463.89,0.01,TRADE
VIC1,2025-08-06 02:30:00,4457.96,0.01,TRADE
VIC1,2025-08-06 02:35:00,4442.95,0.01,TRADE
VIC1,2025-08-06 02:40:00,4442.84,0.01,TRADE
VIC1,2025-08-06 02:45:00,4470.77,0.01,TRADE
VIC1,2025-08-06 02:50:00,4461.74,0.0,TRADE
VIC1,2025-08-06 02:55:00,4447.76,0.0,TRADE
VIC1,2025-08-06 03:00:00,4427.69,0.0,TRADE
VIC1,2025-08-06 03:05:00,4415.05,0.01,TRADE
VIC1,2025-08-06 03:10:00,4438.87,0.0,TRADE
VIC1,2025-08-06 03:15:00,4429.2,0.0,TRADE
VIC1,2025-08-06 03:20:00,4431.04,0.01,TRADE
VIC1,2025-08-06 03:25:00,4458.12,0.01,TRADE
VIC1,2025-08-06 03:30:00,4464.29,0.0,TRADE
VIC1,2025-08-06 03:35:00,4449.22,0.0,TRADE
VIC1,2025-08-06 03:40:00,4434.59,0.0,TRADE
VIC1,2025-08-06 03:45:00,4420.83,0.0,TRADE
VIC1,2025-08-06 03:50:00,4435.15,0.09,TRADE
VIC1,2025-08-06 03:55:00,4414.85,0.0,TRADE
VIC1,2025-08-06 04:00:00,4419.39,0.0,TRADE
VIC1,2025-08-06 04:05:00,4441.03,-3.17,TRADE
VIC1,2025-08-06 04:10:00,4441.26,0.0,TRADE
VIC1,2025-08-06 04:15:00,4457.28,0.0,TRADE
VIC1,2025-08-06 04:20:00,4438.3,0.0,TRADE
VIC1,2025-08-06 04:25:00,4477.52,0.0,TRADE
VIC1,2025-08-06 04:30:00,4496.13,0.01,TRADE
VIC1,2025-08-06 04:35:00,4505.12,0.0,TRADE
VIC1,2025-08-06 04:40:00,4516.63,0.0,TRADE
VIC1,2025-08-06 04:45:00,4557.11,0.0,TRADE
VIC1,2025-08-06 04:50:00,4563.69,0.01,TRADE
VIC1,2025-08-06 04:55:00,4587.03,0.01,TRADE
VIC1,2025-08-06 05:00:00,4616.14,1.6,TRADE
VIC1,2025-08-06 05:05:00,4618.17,0.01,TRADE
VIC1,2025-08-06 05:10:00,4672.09,0.01,TRADE
VIC1,2025-08-06 05:15:00,4704.41,0.01,TRADE
VIC1,2025-08-06 05:20:00,4742.32,0.01,TRADE
VIC1,2025-08-06 05:25:00,4789.32,19.0,TRADE
VIC1,2025-08-06 05:30:00,4745.32,0.01,TRADE
VIC1,2025-08-06 05:35:00,4831.15,19.0,TRADE
VIC1,2025-08-06 05:40:00,4930.28,19.0,TRADE
VIC1,2025-08-06 05:45:00,4946.26,19.0,TRADE
VIC1,2025-08-06 05:50:00,5045.88,25.99,TRADE
VIC1,2025-08-06 05:55:00,5129.57,59.85,TRADE
VIC1,2025-08-06 06:00:00,5175.53,18.0,TRADE
VIC1,2025-08-06 06:05:00,5255.36,8.95,TRADE
VIC1,2025-08-06 06:10:00,5376.22,7.95,TRADE
VIC1,2025-08-06 06:15:00,5463.45,8.95,TRADE
VIC1,2025-08-06 06:20:00,5545.49,8.95,TRADE
VIC1,2025-08-06 06:25:00,5641.29,22.55,TRADE
VIC1,2025-08-06 06:30:00,5692.26,170.41,TRADE
VIC1,2025-08-06 06:35:00,5746.79,97.0,TRADE
VIC1,2025-08-06 06:40:00,5871.94,120.81,TRADE
VIC1,2025-08-06 06:45:00,6000.75,97.0,TRADE
VIC1,2025-08-06 06:50:00,6066.63,168.2,TRADE
VIC1,2025-08-06 06:55:00,6195.21,196.73,TRADE
VIC1,2025-08-06 07:00:00,6314.9,164.64,TRADE
VIC1,2025-08-06 07:05:00,6413.21,134.61,TRADE
VIC1,2025-08-06 07:10:00,6455.22,159.44,TRADE
VIC1,2025-08-06 07:15:00,6589.41,174.37,TRADE
VIC1,2025-08-06 07:20:00,6736.37,186.23,TRADE
VIC1,2025-08-06 07:25:00,6781.61,218.38,TRADE
VIC1,2025-08-06 07:30:00,6830.98,176.12,TRADE
VIC1,2025-08-06 07:35:00,6863.16,219.71,TRADE
VIC1,2025-08-06 07:40:00,6948.91,170.28,TRADE
VIC1,2025-08-06 07:45:00,6946.28,165.09,TRADE
VIC1,2025-08-06 07:50:00,7003.44,137.42,TRADE
VIC1,2025-08-06 07:55:00,7036.27,181.8,TRADE
VIC1,2025-08-06 08:00:00,6983.25,233.95,TRADE
VIC1,2025-08-06 08:05:00,6981.24,112.14,TRADE
VIC1,2025-08-06 08:10:00,7048.24,97.0,TRADE
VIC1,2025-08-06 08:15:00,7111.5,97.39,TRADE
VIC1,2025-08-06 08:20:00,7052.77,132.72,TRADE
VIC1,2025-08-06 08:25:00,7031.07,143.72,TRADE
VIC1,2025-08-06 08:30:00,6930.45,168.2,TRADE
VIC1,2025-08-06 08:35:00,6898.75,97.0,TRADE
VIC1,2025-08-06 08:40:00,6828.62,82.99,TRADE
VIC1,2025-08-06 08:45:00,6781.75,97.0,TRADE
VIC1,2025-08-06 08:50:00,6716.33,134.49,TRADE
VIC1,2025-08-06 08:55:00,6630.26,97.0,TRADE
VIC1,2025-08-06 09:00:00,6619.83,132.72,TRADE
VIC1,2025-08-06 09:05:00,6523.07,97.0,TRADE
VIC1,2025-08-06 09:10:00,6441.26,107.01,TRADE
VIC1,2025-08-06 09:15:00,6399.82,106.61,TRADE
VIC1,2025-08-06 09:20:00,6291.01,78.12,TRADE
VIC1,2025-08-06 09:25:00,6184.98,95.98,TRADE
VIC1,2025-08-06 09:30:00,6071.83,75.8,TRADE
VIC1,2025-08-06 09:35:00,5891.76,75.8,TRADE
VIC1,2025-08-06 09:40:00,5840.01,97.0,TRADE
VIC1,2025-08-06 09:45:00,5733.96,73.63,TRADE
VIC1,2025-08-06 09:50:00,5557.64,48.19,TRADE
VIC1,2025-08-06 09:55:00,5496.92,33.89,TRADE
VIC1,2025-08-06 10:00:00,5402.85,19.0,TRADE
VIC1,2025-08-06 10:05:00,5293.06,19.0,TRADE
VIC1,2025-08-06 10:10:00,5246.71,19.0,TRADE
VIC1,2025-08-06 10:15:00,5171.38,20.04,TRADE
VIC1,2025-08-06 10:20:00,5083.26,18.0,TRADE
VIC1,2025-08-06 10:25:00,4998.71,8.95,TRADE
VIC1,2025-08-06 10:30:00,4928.29,8.95,TRADE
VIC1,2025-08-06 10:35:00,4879.55,8.95,TRADE
VIC1,2025-08-06 10:40:00,4820.75,8.95,TRADE
VIC1,2025-08-06 10:45:00,4787.17,0.0,TRADE
VIC1,2025-08-06 10:50:00,4756.23,0.0,TRADE
VIC1,2025-08-06 10:55:00,4772.67,0.05,TRADE
VIC1,2025-08-06 11:00:00,4810.8,0.08,TRADE
VIC1,2025-08-06 11:05:00,4822.92,8.95,TRADE
VIC1,2025-08-06 11:10:00,4821.51,11.06,TRADE
VIC1,2025-08-06 11:15:00,4882.38,0.05,TRADE
VIC1,2025-08-06 11:20:00,4868.13,11.05,TRADE
VIC1,2025-08-06 11:25:00,4926.13,0.08,TRADE
VIC1,2025-08-06 11:30:00,4827.32,0.08,TRADE
VIC1,2025-08-06 11:35:00,4789.7,0.08,TRADE
VIC1,2025-08-06 11:40:00,4708.13,8.36,TRADE
VIC1,2025-08-06 11:45:00,4582.18,-6.08,TRADE
VIC1,2025-08-06 11:50:00,4511.3,-6.08,TRADE
VIC1,2025-08-06 11:55:00,4484.43,0.0,TRADE
VIC1,2025-08-06 12:00:00,4515.97,-1.08,TRADE
VIC1,2025-08-06 12:05:00,4488.11,-6.16,TRADE
VIC1,2025-08-06 12:10:00,4539.62,-10.0,TRADE
VIC1,2025-08-06 12:15:00,4558.94,0.0,TRADE
VIC1,2025-08-06 12:20:00,4551.66,-10.0,TRADE
VIC1,2025-08-06 12:25:00,4608.55,-10.0,TRADE
VIC1,2025-08-06 12:30:00,4658.7,-8.89,TRADE
VIC1,2025-08-06 12:35:00,4620.94,-12.2,TRADE
VIC1,2025-08-06 12:40:00,4685.9,-10.75,TRADE
VIC1,2025-08-06 12:45:00,4768.47,-6.16,TRADE
VIC1,2025-08-06 12:50:00,4804.41,-10.0,TRADE
VIC1,2025-08-06 12:55:00,4908.17,-10.0,TRADE
VIC1,2025-08-06 13:00:00,4993.42,-10.0,TRADE
VIC1,2025-08-06 13:05:00,5060.92,0.0,TRADE
VIC1,2025-08-06 13:10:00,5108.02,0.0,TRADE
VIC1,2025-08-06 13:15:00,5157.32,0.0,TRADE
VIC1,2025-08-06 13:20:00,5143.72,1.86,TRADE
VIC1,2025-08-06 13:25:00,5131.11,8.95,TRADE
VIC1,2025-08-06 13:30:00,5111.84,8.95,TRADE
VIC1,2025-08-06 13:35:00,5117.87,8.95,TRADE
VIC1,2025-08-06 13:40:00,5087.65,13.4,TRADE
VIC1,2025-08-06 13:45:00,5117.6,-10.0,TRADE
VIC1,2025-08-06 13:50:00,5105.95,0.95,TRADE
VIC1,2025-08-06 13:55:00,5090.87,29.11,TRADE
VIC1,2025-08-06 14:00:00,5093.11,19.0,TRADE
VIC1,2025-08-06 14:05:00,5150.21,22.76,TRADE
VIC1,2025-08-06 14:10:00,5115.6,19.0,TRADE
VIC1,2025-08-06 14:15:00,5157.05,8.95,TRADE
VIC1,2025-08-06 14:20:00,5190.66,20.0,TRADE
VIC1,2025-08-06 14:25:00,5245.59,11.12,TRADE
VIC1,2025-08-06 14:30:00,5303.55,13.36,TRADE
VIC1,2025-08-06 14:35:00,5366.87,0.0,TRADE
VIC1,2025-08-06 14:40:00,5462.75,11.56,TRADE
VIC1,2025-08-06 14:45:00,5522.53,8.95,TRADE
VIC1,2025-08-06 14:50:00,5565.2,11.9,TRADE
VIC1,2025-08-06 14:55:00,5603.17,13.46,TRADE
VIC1,2025-08-06 15:00:00,5642.55,57.0,TRADE
VIC1,2025-08-06 15:05:00,5656.28,22.81,TRADE
VIC1,2025-08-06 15:10:00,5617.08,20.04,TRADE
VIC1,2025-08-06 15:15:00,5647.3,8.95,TRADE
VIC1,2025-08-06 15:20:00,5655.51,8.95,TRADE
VIC1,2025-08-06 15:25:00,5640.9,8.95,TRADE
VIC1,2025-08-06 15:30:00,5711.11,40.85,TRADE
VIC1,2025-08-06 15:35:00,5730.36,12.46,TRADE
VIC1,2025-08-06 15:40:00,5794.77,19.0,TRADE
VIC1,2025-08-06 15:45:00,5873.27,19.0,TRADE
VIC1,2025-08-06 15:50:00,5954.8,65.87,TRADE
VIC1,2025-08-06 15:55:00,6040.59,73.44,TRADE
VIC1,2025-08-06 16:00:00,6138.62,100.42,TRADE
VIC1,2025-08-06 16:05:00,6196.1,153.01,TRADE
VIC1,2025-08-06 16:10:00,6235.95,121.78,TRADE
VIC1,2025-08-06 16:15:00,6330.23,170.97,TRADE
VIC1,2025-08-06 16:20:00,6417.85,230.92,TRADE
VIC1,2025-08-06 16:25:00,6455.05,220.48,TRADE
VIC1,2025-08-06 16:30:00,6504.41,217.54,TRADE
VIC1,2025-08-06 16:35:00,6566.19,158.0,TRADE
VIC1,2025-08-06 16:40:00,6679.76,202.17,TRADE
VIC1,2025-08-06 16:45:00,6694.54,183.85,TRADE
VIC1,2025-08-06 16:50:00,6736.08,245.45,TRADE
VIC1,2025-08-06 16:55:00,6821.84,232.02,TRADE
VIC1,2025-08-06 17:00:00,6833.87,245.45,TRADE
VIC1,2025-08-06 17:05:00,6902.8,231.04,TRADE
VIC1,2025-08-06 17:10:00,6960.23,199.34,TRADE
VIC1,2025-08-06 17:15:00,7020.89,183.85,TRADE
VIC1,2025-08-06 17:20:00,7175.14,242.94,TRADE
VIC1,2025-08-06 17:25:00,7223.47,200.89,TRADE
VIC1,2025-08-06 17:30:00,7293.12,245.45,TRADE
VIC1,2025-08-06 17:35:00,7360.96,240.0,TRADE
VIC1,2025-08-06 17:40:00,7448.27,284.7,TRADE
VIC1,2025-08-06 17:45:00,7537.46,270.82,TRADE
VIC1,2025-08-06 17:50:00,7568.78,246.39,TRADE
VIC1,2025-08-06 17:55:00,7617.43,279.45,TRADE
VIC1,2025-08-06 18:00:00,7658.33,278.07,TRADE
VIC1,2025-08-06 18:05:00,7721.26,251.16,TRADE
VIC1,2025-08-06 18:10:00,7755.37,250.38,TRADE
VIC1,2025-08-06 18:15:00,7767.84,279.29,TRADE
VIC1,2025-08-06 18:20:00,7785.49,279.71,TRADE
VIC1,2025-08-06 18:25:00,7790.01,275.68,TRADE
VIC1,2025-08-06 18:30:00,7767.75,250.38,TRADE
VIC1,2025-08-06 18:35:00,7758.01,276.6,TRADE
VIC1,2025-08-06 18:40:00,7725.25,246.94,TRADE
VIC1,2025-08-06 18:45:00,7730.41,262.97,TRADE
VIC1,2025-08-06 18:50:00,7711.79,284.32,TRADE
VIC1,2025-08-06 18:55:00,7710.56,284.66,TRADE
VIC1,2025-08-06 19:00:00,7709.9,291.51,TRADE
VIC1,2025-08-06 19:05:00,7652.1,274.89,TRADE
VIC1,2025-08-06 19:10:00,7661.54,272.66,TRADE
VIC1,2025-08-06 19:15:00,7623.05,298.1,TRADE
VIC1,2025-08-06 19:20:00,7597.37,290.32,TRADE
VIC1,2025-08-06 19:25:00,7615.82,290.94,TRADE
VIC1,2025-08-06 19:30:00,7590.45,301.84,TRADE
VIC1,2025-08-06 19:35:00,7566.47,299.29,TRADE
VIC1,2025-08-06 19:40:00,7576.59,299.29,TRADE
VIC1,2025-08-06 19:45:00,7567.53,307.33,TRADE
VIC1,2025-08-06 19:50:00,7534.06,284.58,TRADE
VIC1,2025-08-06 19:55:00,7550.07,345.51,TRADE
VIC1,2025-08-06 20:00:00,7479.75,290.65,TRADE
VIC1,2025-08-06 20:05:00,7521.14,297.39,TRADE
VIC1,2025-08-06 20:10:00,7437.89,288.42,TRADE
VIC1,2025-08-06 20:15:00,7422.28,291.0,TRADE
VIC1,2025-08-06 20:20:00,7392.64,286.98,TRADE
VIC1,2025-08-06 20:25:00,7353.14,270.82,TRADE
VIC1,2025-08-06 20:30:00,7312.74,280.51,TRADE
VIC1,2025-08-06 20:35:00,7307.77,286.66,TRADE
VIC1,2025-08-06 20:40:00,7254.29,270.82,TRADE
VIC1,2025-08-06 20:45:00,7280.09,270.82,TRADE
VIC1,2025-08-06 20:50:00,7267.35,283.87,TRADE
VIC1,2025-08-06 20:55:00,7166.08,244.92,TRADE
VIC1,2025-08-06 21:00:00,7174.03,244.65,TRADE
VIC1,2025-08-06 21:05:00,7064.92,250.17,TRADE
VIC1,2025-08-06 21:10:00,7034.17,240.92,TRADE
VIC1,2025-08-06 21:15:00,6988.87,239.52,TRADE
VIC1,2025-08-06 21:20:00,6967.45,240.0,TRADE
VIC1,2025-08-06 21:25:00,6946.38,241.36,TRADE
VIC1,2025-08-06 21:30:00,6884.16,229.55,TRADE
VIC1,2025-08-06 21:35:00,6875.11,239.67,TRADE
VIC1,2025-08-06 21:40:00,6787.58,240.0,TRADE
VIC1,2025-08-06 21:45:00,6720.12,232.35,TRADE
VIC1,2025-08-06 21:50:00,6651.72,232.39,TRADE
VIC1,2025-08-06 21:55:00,6585.27,227.97,TRADE
VIC1,2025-08-06 22:00:00,6481.22,158.0,TRADE
VIC1,2025-08-06 22:05:00,6389.05,178.16,TRADE
VIC1,2025-08-06 22:10:00,6377.47,272.51,TRADE
VIC1,2025-08-06 22:15:00,6327.71,234.61,TRADE
VIC1,2025-08-06 22:20:00,6293.03,206.42,TRADE
VIC1,2025-08-06 22:25:00,6241.51,227.97,TRADE
VIC1,2025-08-06 22:30:00,6205.55,196.68,TRADE
VIC1,2025-08-06 22:35:00,6147.94,240.0,TRADE
VIC1,2025-08-06 22:40:00,6106.04,239.17,TRADE
VIC1,2025-08-06 22:45:00,6065.04,229.13,TRADE
VIC1,2025-08-06 22:50:00,6032.37,227.8,TRADE
VIC1,2025-08-06 22:55:00,5971.71,206.91,TRADE
VIC1,2025-08-06 23:00:00,5938.65,172.3,TRADE
VIC1,2025-08-06 23:05:00,5927.37,229.13,TRADE
VIC1,2025-08-06 23:10:00,6003.75,229.54,TRADE
VIC1,2025-08-06 23:15:00,6040.05,241.5,TRADE
VIC1,2025-08-06 23:20:00,5980.31,208.43,TRADE
VIC1,2025-08-06 23:25:00,5996.09,208.4,TRADE
VIC1,2025-08-06 23:30:00,5984.44,207.34,TRADE
VIC1,2025-08-06 23:35:00,5961.13,240.0,TRADE
VIC1,2025-08-06 23:40:00,5952.07,251.35,TRADE
VIC1,2025-08-06 23:45:00,5882.66,239.89,TRADE
VIC1,2025-08-06 23:50:00,5806.76,203.33,TRADE
VIC1,2025-08-06 23:55:00,5774.99,184.38,TRADE
VIC1,2025-08-07 00:00:00,5721.92,183.2,TRADE
VIC1,2025-08-07 00:05:00,5715.55,207.82,TRADE
VIC1,2025-08-07 00:10:00,5706.97,183.85,TRADE
VIC1,2025-08-07 00:15:00,5672.2,183.55,TRADE
VIC1,2025-08-07 00:20:00,5652.29,179.78,TRADE
VIC1,2025-08-07 00:25:00,5637.75,170.87,TRADE
VIC1,2025-08-07 00:30:00,5579.82,169.02,TRADE
VIC1,2025-08-07 00:35:00,5556.3,168.2,TRADE
VIC1,2025-08-07 00:40:00,5536.34,167.59,TRADE
VIC1,2025-08-07 00:45:00,5538.57,174.46,TRADE
VIC1,2025-08-07 00:50:00,5490.23,165.89,TRADE
VIC1,2025-08-07 00:55:00,5459.16,166.67,TRADE
VIC1,2025-08-07 01:00:00,5427.79,166.49,TRADE
VIC1,2025-08-07 01:05:00,5403.08,165.28,TRADE
VIC1,2025-08-07 01:10:00,5416.44,187.33,TRADE
VIC1,2025-08-07 01:15:00,5354.77,165.67,TRADE
VIC1,2025-08-07 01:20:00,5381.27,167.93,TRADE
VIC1,2025-08-07 01:25:00,5344.19,174.84,TRADE
VIC1,2025-08-07 01:30:00,5305.43,163.37,TRADE
VIC1,2025-08-07 01:35:00,5292.18,176.3,TRADE
VIC1,2025-08-07 01:40:00,5284.33,179.91,TRADE
VIC1,2025-08-07 01:45:00,5231.77,167.2,TRADE
VIC1,2025-08-07 01:50:00,5168.25,208.64,TRADE
VIC1,2025-08-07 01:55:00,5167.94,197.03,TRADE
VIC1,2025-08-07 02:00:00,5113.78,163.06,TRADE
VIC1,2025-08-07 02:05:00,5169.92,176.45,TRADE
VIC1,2025-08-07 02:10:00,5159.96,185.98,TRADE
VIC1,2025-08-07 02:15:00,5137.09,175.67,TRADE
VIC1,2025-08-07 02:20:00,5097.0,174.96,TRADE
VIC1,2025-08-07 02:25:00,5061.13,167.23,TRADE
VIC1,2025-08-07 02:30:00,5063.04,167.23,TRADE
VIC1,2025-08-07 02:35:00,5036.78,167.23,TRADE
VIC1,2025-08-07 02:40:00,5025.71,167.23,TRADE
VIC1,2025-08-07 02:45:00,5006.89,167.23,TRADE
VIC1,2025-08-07 02:50:00,5018.13,167.53,TRADE
VIC1,2025-08-07 02:55:00,5018.77,167.23,TRADE
VIC1,2025-08-07 03:00:00,4991.25,166.45,TRADE
VIC1,2025-08-07 03:05:00,5001.54,210.42,TRADE
VIC1,2025-08-07 03:10:00,4966.22,167.23,TRADE
VIC1,2025-08-07 03:15:00,4957.99,210.22,TRADE
VIC1,2025-08-07 03:20:00,4930.21,168.33,TRADE
VIC1,2025-08-07 03:25:00,4931.56,167.23,TRADE
VIC1,2025-08-07 03:30:00,4941.83,178.1,TRADE
VIC1,2025-08-07 03:35:00,4915.09,167.23,TRADE
VIC1,2025-08-07 03:40:00,4910.14,166.45,TRADE
VIC1,2025-08-07 03:45:00,4904.2,158.0,TRADE
VIC1,2025-08-07 03:50:00,4929.1,159.51,TRADE
VIC1,2025-08-07 03:55:00,4912.4,158.0,TRADE
VIC1,2025-08-07 04:00:00,4934.58,158.0,TRADE
VIC1,2025-08-07 04:05:00,4931.82,141.12,TRADE
VIC1,2025-08-07 04:10:00,4961.23,160.36,TRADE
VIC1,2025-08-07 04:15:00,4953.36,165.76,TRADE
VIC1,2025-08-07 04:20:00,4928.57,160.36,TRADE
VIC1,2025-08-07 04:25:00,4983.97,161.21,TRADE
VIC1,2025-08-07 04:30:00,4987.14,158.0,TRADE
VIC1,2025-08-07 04:35:00,4972.54,160.36,TRADE
VIC1,2025-08-07 04:40:00,5028.06,158.0,TRADE
VIC1,2025-08-07 04:45:00,5041.28,158.0,TRADE
VIC1,2025-08-07 04:50:00,5053.95,167.68,TRADE
VIC1,2025-08-07 04:55:00,5090.33,183.22,TRADE
VIC1,2025-08-07 05:00:00,5095.72,158.0,TRADE
VIC1,2025-08-07 05:05:00,5110.33,158.0,TRADE
VIC1,2025-08-07 05:10:00,5201.81,183.99,TRADE
VIC1,2025-08-07 05:15:00,5200.81,227.97,TRADE
VIC1,2025-08-07 05:20:00,5246.82,182.37,TRADE
VIC1,2025-08-07 05:25:00,5222.4,213.93,TRADE
VIC1,2025-08-07 05:30:00,5311.3,241.96,TRADE
VIC1,2025-08-07 05:35:00,5362.71,227.13,TRADE
VIC1,2025-08-07 05:40:00,5459.91,241.12,TRADE
VIC1,2025-08-07 05:45:00,5505.37,240.58,TRADE
VIC1,2025-08-07 05:50:00,5581.55,266.56,TRADE
VIC1,2025-08-07 05:55:00,5634.18,265.24,TRADE
VIC1,2025-08-07 06:00:00,5730.43,242.28,TRADE
VIC1,2025-08-07 06:05:00,5782.98,228.97,TRADE
VIC1,2025-08-07 06:10:00,6002.71,264.25,TRADE
VIC1,2025-08-07 06:15:00,6140.47,244.01,TRADE
VIC1,2025-08-07 06:20:00,6191.89,291.99,TRADE
VIC1,2025-08-07 06:25:00,6289.71,296.99,TRADE
VIC1,2025-08-07 06:30:00,6388.94,289.25,TRADE
VIC1,2025-08-07 06:35:00,6445.97,283.15,TRADE
VIC1,2025-08-07 06:40:00,6613.99,287.36,TRADE
VIC1,2025-08-07 06:45:00,6737.63,281.66,TRADE
VIC1,2025-08-07 06:50:00,6824.63,282.91,TRADE
VIC1,2025-08-07 06:55:00,6962.15,325.38,TRADE
VIC1,2025-08-07 07:00:00,7057.82,340.21,TRADE
VIC1,2025-08-07 07:05:00,7181.03,406.48,TRADE
VIC1,2025-08-07 07:10:00,7232.55,399.15,TRADE
VIC1,2025-08-07 07:15:00,7325.96,284.48,TRADE
VIC1,2025-08-07 07:20:00,7457.85,270.82,TRADE
VIC1,2025-08-07 07:25:00,7490.07,292.05,TRADE
VIC1,2025-08-07 07:30:00,7603.88,257.76,TRADE
VIC1,2025-08-07 07:35:00,7680.14,331.38,TRADE
VIC1,2025-08-07 07:40:00,7726.65,343.61,TRADE
VIC1,2025-08-07 07:45:00,7730.79,406.48,TRADE
VIC1,2025-08-07 07:50:00,7743.93,377.04,TRADE
VIC1,2025-08-07 07:55:00,7793.29,360.07,TRADE
VIC1,2025-08-07 08:00:00,7768.53,270.82,TRADE
VIC1,2025-08-07 08:05:00,7697.4,255.28,TRADE
VIC1,2025-08-07 08:10:00,7703.07,245.45,TRADE
VIC1,2025-08-07 08:15:00,7691.26,245.45,TRADE
VIC1,2025-08-07 08:20:00,7676.85,245.45,TRADE
VIC1,2025-08-07 08:25:00,7582.65,191.84,TRADE
VIC1,2025-08-07 08:30:00,7589.01,207.9,TRADE
VIC1,2025-08-07 08:35:00,7504.56,245.45,TRADE
VIC1,2025-08-07 08:40:00,7391.54,187.28,TRADE
VIC1,2025-08-07 08:45:00,7368.43,206.82,TRADE
VIC1,2025-08-07 08:50:00,7274.61,185.02,TRADE
VIC1,2025-08-07 08:55:00,7274.31,182.04,TRADE
VIC1,2025-08-07 09:00:00,7146.3,137.96,TRADE
VIC1,2025-08-07 09:05:00,7115.85,194.93,TRADE
VIC1,2025-08-07 09:10:00,7071.69,227.72,TRADE
VIC1,2025-08-07 09:15:00,6984.15,182.71,TRADE
VIC1,2025-08-07 09:20:00,6935.02,162.19,TRADE
VIC1,2025-08-07 09:25:00,6879.15,183.85,TRADE
VIC1,2025-08-07 09:30:00,6818.92,135.44,TRADE
VIC1,2025-08-07 09:35:00,6730.88,193.39,TRADE
VIC1,2025-08-07 09:40:00,6645.62,178.04,TRADE
VIC1,2025-08-07 09:45:00,6547.13,170.97,TRADE
VIC1,2025-08-07 09:50:00,6493.51,166.45,TRADE
VIC1,2025-08-07 09:55:00,6396.07,150.36,TRADE
VIC1,2025-08-07 10:00:00,6322.24,146.53,TRADE
VIC1,2025-08-07 10:05:00,6221.59,159.93,TRADE
VIC1,2025-08-07 10:10:00,6216.5,162.99,TRADE
VIC1,2025-08-07 10:15:00,6115.87,147.98,TRADE
VIC1,2025-08-07 10:20:00,6065.24,141.6,TRADE
VIC1,2025-08-07 10:25:00,6067.84,144.79,TRADE
VIC1,2025-08-07 10:30:00,6008.06,130.77,TRADE
VIC1,2025-08-07 10:35:00,5939.68,166.45,TRADE
VIC1,2025-08-07 10:40:00,5895.38,166.45,TRADE
VIC1,2025-08-07 10:45:00,5841.44,166.45,TRADE
VIC1,2025-08-07 10:50:00,5781.31,166.45,TRADE
VIC1,2025-08-07 10:55:00,5706.92,166.45,TRADE
VIC1,2025-08-07 11:00:00,5670.95,92.51,TRADE
VIC1,2025-08-07 11:05:00,5652.34,92.51,TRADE
VIC1,2025-08-07 11:10:00,5672.17,92.51,TRADE
VIC1,2025-08-07 11:15:00,5643.83,92.51,TRADE
VIC1,2025-08-07 11:20:00,5578.4,80.0,TRADE
VIC1,2025-08-07 11:25:00,5534.03,92.23,TRADE
VIC1,2025-08-07 11:30:00,5480.54,92.23,TRADE
VIC1,2025-08-07 11:35:00,5495.28,83.02,TRADE
VIC1,2025-08-07 11:40:00,5433.07,92.51,TRADE
VIC1,2025-08-07 11:45:00,5454.07,95.17,TRADE
VIC1,2025-08-07 11:50:00,5449.88,114.96,TRADE
VIC1,2025-08-07 11:55:00,5456.04,92.51,TRADE
VIC1,2025-08-07 12:00:00,5443.18,80.0,TRADE
VIC1,2025-08-07 12:05:00,5426.57,80.0,TRADE
VIC1,2025-08-07 12:10:00,5474.01,84.38,TRADE
VIC1,2025-08-07 12:15:00,5438.4,84.2,TRADE
VIC1,2025-08-07 12:20:00,5472.87,92.51,TRADE
VIC1,2025-08-07 12:25:00,5464.2,83.37,TRADE
VIC1,2025-08-07 12:30:00,5463.88,92.51,TRADE
VIC1,2025-08-07 12:35:00,5491.69,90.0,TRADE
VIC1,2025-08-07 12:40:00,5520.37,92.51,TRADE
VIC1,2025-08-07 12:45:00,5499.92,92.51,TRADE
VIC1,2025-08-07 12:50:00,5464.53,91.4,TRADE
VIC1,2025-08-07 12:55:00,5569.35,110.61,TRADE
VIC1,2025-08-07 13:00:00,5470.96,81.17,TRADE
VIC1,2025-08-07 13:05:00,5515.2,90.0,TRADE
VIC1,2025-08-07 13:10:00,5515.76,92.51,TRADE
VIC1,2025-08-07 13:15:00,5556.06,123.29,TRADE
VIC1,2025-08-07 13:20:00,5497.78,88.22,TRADE
VIC1,2025-08-07 13:25:00,5528.77,120.0,TRADE
VIC1,2025-08-07 13:30:00,5535.17,158.0,TRADE
VIC1,2025-08-07 13:35:00,5516.04,158.0,TRADE
VIC1,2025-08-07 13:40:00,5534.48,114.1,TRADE
VIC1,2025-08-07 13:45:00,5552.75,124.21,TRADE
VIC1,2025-08-07 13:50:00,5597.93,142.64,TRADE
VIC1,2025-08-07 13:55:00,5643.75,152.4,TRADE
VIC1,2025-08-07 14:00:00,5625.92,166.45,TRADE
VIC1,2025-08-07 14:05:00,5581.43,155.94,TRADE
VIC1,2025-08-07 14:10:00,5611.72,135.23,TRADE
VIC1,2025-08-07 14:15:00,5593.43,141.29,TRADE
VIC1,2025-08-07 14:20:00,5559.59,92.51,TRADE
VIC1,2025-08-07 14:25:00,5583.22,104.0,TRADE
VIC1,2025-08-07 14:30:00,5566.16,105.62,TRADE
VIC1,2025-08-07 14:35:00,5590.24,106.38,TRADE
VIC1,2025-08-07 14:40:00,5594.96,118.44,TRADE
VIC1,2025-08-07 14:45:00,5561.34,104.63,TRADE
VIC1,2025-08-07 14:50:00,5626.56,120.0,TRADE
VIC1,2025-08-07 14:55:00,5643.69,120.0,TRADE
VIC1,2025-08-07 15:00:00,5606.43,158.0,TRADE
VIC1,2025-08-07 15:05:00,5631.57,139.25,TRADE
VIC1,2025-08-07 15:10:00,5640.02,137.96,TRADE
VIC1,2025-08-07 15:15:00,5655.34,112.8,TRADE
VIC1,2025-08-07 15:20:00,5676.91,100.69,TRADE
VIC1,2025-08-07 15:25:00,5708.03,90.48,TRADE
VIC1,2025-08-07 15:30:00,5758.22,85.16,TRADE
VIC1,2025-08-07 15:35:00,5784.34,56.08,TRADE
VIC1,2025-08-07 15:40:00,5829.9,94.55,TRADE
VIC1,2025-08-07 15:45:00,5876.78,98.25,TRADE
VIC1,2025-08-07 15:50:00,5902.19,137.96,TRADE
VIC1,2025-08-07 15:55:00,5960.44,137.96,TRADE
VIC1,2025-08-07 16:00:00,6027.0,168.78,TRADE
VIC1,2025-08-07 16:05:00,6058.33,146.93,TRADE
VIC1,2025-08-07 16:10:00,6110.79,137.96,TRADE
VIC1,2025-08-07 16:15:00,6194.28,155.99,TRADE
VIC1,2025-08-07 16:20:00,6253.27,136.41,TRADE
VIC1,2025-08-07 16:25:00,6331.04,158.0,TRADE
VIC1,2025-08-07 16:30:00,6440.45,171.33,TRADE
VIC1,2025-08-07 16:35:00,6521.68,158.0,TRADE
VIC1,2025-08-07 16:40:00,6596.01,155.38,TRADE
VIC1,2025-08-07 16:45:00,6649.17,184.8,TRADE
VIC1,2025-08-07 16:50:00,6756.37,290.43,TRADE
VIC1,2025-08-07 16:55:00,6838.61,286.84,TRADE
VIC1,2025-08-07 17:00:00,6853.13,284.57,TRADE
VIC1,2025-08-07 17:05:00,6881.15,280.84,TRADE
VIC1,2025-08-07 17:10:00,6687.92,276.95,TRADE
VIC1,2025-08-07 17:15:00,6771.23,279.11,TRADE
VIC1,2025-08-07 17:20:00,6946.05,310.81,TRADE
VIC1,2025-08-07 17:25:00,7023.63,298.1,TRADE
VIC1,2025-08-07 17:30:00,7071.12,343.61,TRADE
VIC1,2025-08-07 17:35:00,7181.69,289.12,TRADE
VIC1,2025-08-07 17:40:00,7136.46,277.61,TRADE
VIC1,2025-08-07 17:45:00,7289.63,305.23,TRADE
VIC1,2025-08-07 17:50:00,7346.44,343.61,TRADE
VIC1,2025-08-07 17:55:00,7417.53,460.8,TRADE
VIC1,2025-08-07 18:00:00,7389.7,299.5,TRADE
VIC1,2025-08-07 18:05:00,7690.07,311.05,TRADE
VIC1,2025-08-07 18:10:00,7710.28,298.0,TRADE
VIC1,2025-08-07 18:15:00,7793.7,299.29,TRADE
VIC1,2025-08-07 18:20:00,7802.71,283.49,TRADE
VIC1,2025-08-07 18:25:00,7797.46,280.05,TRADE
VIC1,2025-08-07 18:30:00,7816.88,277.79,TRADE
VIC1,2025-08-07 18:35:00,7828.38,274.05,TRADE
VIC1,2025-08-07 18:40:00,7809.1,250.89,TRADE
VIC1,2025-08-07 18:45:00,7789.77,246.94,TRADE
VIC1,2025-08-07 18:50:00,7806.83,246.94,TRADE
VIC1,2025-08-07 18:55:00,7802.84,245.45,TRADE
VIC1,2025-08-07 19:00:00,7857.13,246.94,TRADE
VIC1,2025-08-07 19:05:00,7829.29,246.88,TRADE
VIC1,2025-08-07 19:10:00,7891.07,246.94,TRADE
VIC1,2025-08-07 19:15:00,7918.48,245.45,TRADE
VIC1,2025-08-07 19:20:00,7907.31,235.55,TRADE
VIC1,2025-08-07 19:25:00,7839.79,246.94,TRADE
VIC1,2025-08-07 19:30:00,7847.57,237.5,TRADE
VIC1,2025-08-07 19:35:00,7791.93,246.94,TRADE
VIC1,2025-08-07 19:40:00,7766.83,233.8,TRADE
VIC1,2025-08-07 19:45:00,7756.68,234.31,TRADE
VIC1,2025-08-07 19:50:00,7763.25,235.77,TRADE
VIC1,2025-08-07 19:55:00,7798.02,227.97,TRADE
VIC1,2025-08-07 20:00:00,7772.6,193.09,TRADE
VIC1,2025-08-07 20:05:00,7756.18,196.39,TRADE
VIC1,2025-08-07 20:10:00,7613.69,172.26,TRADE
VIC1,2025-08-07 20:15:00,7632.46,184.45,TRADE
VIC1,2025-08-07 20:20:00,7594.7,172.51,TRADE
VIC1,2025-08-07 20:25:00,7572.87,176.17,TRADE
VIC1,2025-08-07 20:30:00,7564.39,166.13,TRADE
VIC1,2025-08-07 20:35:00,7596.85,158.0,TRADE
VIC1,2025-08-07 20:40:00,7602.81,173.34,TRADE
VIC1,2025-08-07 20:45:00,7516.44,185.41,TRADE
VIC1,2025-08-07 20:50:00,7474.12,158.0,TRADE
VIC1,2025-08-07 20:55:00,7447.47,158.0,TRADE
VIC1,2025-08-07 21:00:00,7439.91,158.59,TRADE
VIC1,2025-08-07 21:05:00,7329.57,192.23,TRADE
VIC1,2025-08-07 21:10:00,7253.05,158.0,TRADE
VIC1,2025-08-07 21:15:00,7203.76,153.85,TRADE
VIC1,2025-08-07 21:20:00,7254.14,158.0,TRADE
VIC1,2025-08-07 21:25:00,7210.78,166.27,TRADE
VIC1,2025-08-07 21:30:00,7121.32,158.0,TRADE
VIC1,2025-08-07 21:35:00,7112.78,162.12,TRADE
VIC1,2025-08-07 21:40:00,7056.52,162.52,TRADE
VIC1,2025-08-07 21:45:00,7027.75,169.37,TRADE
VIC1,2025-08-07 21:50:00,6904.28,157.1,TRADE
VIC1,2025-08-07 21:55:00,6788.66,128.88,TRADE
VIC1,2025-08-07 22:00:00,6809.03,122.02,TRADE
VIC1,2025-08-07 22:05:00,6714.37,158.0,TRADE
VIC1,2025-08-07 22:10:00,6686.41,155.49,TRADE
VIC1,2025-08-07 22:15:00,6596.82,156.67,TRADE
VIC1,2025-08-07 22:20:00,6562.34,152.1,TRADE
VIC1,2025-08-07 22:25:00,6499.39,150.73,TRADE
VIC1,2025-08-07 22:30:00,6429.06,131.84,TRADE
VIC1,2025-08-07 22:35:00,6308.82,120.0,TRADE
VIC1,2025-08-07 22:40:00,6269.12,130.14,TRADE
VIC1,2025-08-07 22:45:00,6229.94,128.04,TRADE
VIC1,2025-08-07 22:50:00,6152.6,121.25,TRADE
VIC1,2025-08-07 22:55:00,6148.98,122.02,TRADE
VIC1,2025-08-07 23:00:00,6143.11,124.68,TRADE
VIC1,2025-08-07 23:05:00,6143.76,156.61,TRADE
VIC1,2025-08-07 23:10:00,6160.19,151.64,TRADE
VIC1,2025-08-07 23:15:00,6221.99,160.0,TRADE
VIC1,2025-08-07 23:20:00,6168.33,156.41,TRADE
VIC1,2025-08-07 23:25:00,6156.05,160.0,TRADE
VIC1,2025-08-07 23:30:00,6056.45,134.69,TRADE
VIC1,2025-08-07 23:35:00,6041.44,156.54,TRADE
VIC1,2025-08-07 23:40:00,6034.15,168.93,TRADE
VIC1,2025-08-07 23:45:00,5975.5,160.0,TRADE
VIC1,2025-08-07 23:50:00,5874.26,134.79,TRADE
VIC1,2025-08-07 23:55:00,5892.65,137.57,TRADE
VIC1,2025-08-08 00:00:00,5885.62,133.6,TRADE
VIC1,2025-08-08 00:05:00,5868.15,135.15,TRADE
VIC1,2025-08-08 00:10:00,5763.88,122.02,TRADE
VIC1,2025-08-08 00:15:00,5744.44,122.02,TRADE
VIC1,2025-08-08 00:20:00,5701.78,91.09,TRADE
VIC1,2025-08-08 00:25:00,5758.63,122.02,TRADE
VIC1,2025-08-08 00:30:00,5735.72,91.6,TRADE
VIC1,2025-08-08 00:35:00,5675.56,90.0,TRADE
VIC1,2025-08-08 00:40:00,5681.66,125.1,TRADE
VIC1,2025-08-08 00:45:00,5603.01,86.04,TRADE
VIC1,2025-08-08 00:50:00,5615.23,102.24,TRADE
VIC1,2025-08-08 00:55:00,5511.5,100.31,TRADE
VIC1,2025-08-08 01:00:00,5454.72,86.0,TRADE
VIC1,2025-08-08 01:05:00,5489.83,103.2,TRADE
VIC1,2025-08-08 01:10:00,5493.47,101.42,TRADE
VIC1,2025-08-08 01:15:00,5415.26,90.0,TRADE
VIC1,2025-08-08 01:20:00,5406.14,102.43,TRADE
VIC1,2025-08-08 01:25:00,5413.91,91.12,TRADE
VIC1,2025-08-08 01:30:00,5387.94,81.57,TRADE
VIC1,2025-08-08 01:35:00,5270.28,85.81,TRADE
VIC1,2025-08-08 01:40:00,5260.17,98.46,TRADE
VIC1,2025-08-08 01:45:00,5259.94,89.43,TRADE
VIC1,2025-08-08 01:50:00,5218.23,80.0,TRADE
VIC1,2025-08-08 01:55:00,5207.59,86.86,TRADE
VIC1,2025-08-08 02:00:00,5179.89,80.04,TRADE
VIC1,2025-08-08 02:05:00,5162.93,92.51,TRADE
VIC1,2025-08-08 02:10:00,5167.22,99.94,TRADE
VIC1,2025-08-08 02:15:00,5091.89,92.51,TRADE
VIC1,2025-08-08 02:20:00,4986.82,92.23,TRADE
VIC1,2025-08-08 02:25:00,4984.06,92.51,TRADE
VIC1,2025-08-08 02:30:00,5053.79,90.0,TRADE
VIC1,2025-08-08 02:35:00,4981.15,84.22,TRADE
VIC1,2025-08-08 02:40:00,5070.67,90.0,TRADE
VIC1,2025-08-08 02:45:00,5036.53,90.56,TRADE
VIC1,2025-08-08 02:50:00,5002.55,80.0,TRADE
VIC1,2025-08-08 02:55:00,4997.03,80.0,TRADE
VIC1,2025-08-08 03:00:00,4916.92,80.0,TRADE
VIC1,2025-08-08 03:05:00,4887.48,80.0,TRADE
VIC1,2025-08-08 03:10:00,4957.76,81.73,TRADE
VIC1,2025-08-08 03:15:00,4935.52,80.0,TRADE
VIC1,2025-08-08 03:20:00,4945.88,91.88,TRADE
VIC1,2025-08-08 03:25:00,4854.07,89.26,TRADE
VIC1,2025-08-08 03:30:00,4920.59,92.23,TRADE
VIC1,2025-08-08 03:35:00,4936.0,92.23,TRADE
VIC1,2025-08-08 03:40:00,4948.68,92.23,TRADE
VIC1,2025-08-08 03:45:00,4875.73,89.82,TRADE
VIC1,2025-08-08 03:50:00,4862.84,89.72,TRADE
VIC1,2025-08-08 03:55:00,4939.51,92.23,TRADE
VIC1,2025-08-08 04:00:00,4975.3,89.95,TRADE
VIC1,2025-08-08 04:05:00,4899.98,90.0,TRADE
VIC1,2025-08-08 04:10:00,4882.93,86.08,TRADE
VIC1,2025-08-08 04:15:00,4986.06,90.0,TRADE
VIC1,2025-08-08 04:20:00,5001.52,87.36,TRADE
VIC1,2025-08-08 04:25:00,4979.11,86.61,TRADE
VIC1,2025-08-08 04:30:00,4950.75,90.0,TRADE
VIC1,2025-08-08 04:35:00,4972.19,89.65,TRADE
VIC1,2025-08-08 04:40:00,5023.08,87.6,TRADE
VIC1,2025-08-08 04:45:00,5057.99,92.15,TRADE
VIC1,2025-08-08 04:50:00,5082.81,90.0,TRADE
VIC1,2025-08-08 04:55:00,5095.69,86.88,TRADE
VIC1,2025-08-08 05:00:00,5093.27,90.0,TRADE
VIC1,2025-08-08 05:05:00,5161.62,86.41,TRADE
VIC1,2025-08-08 05:10:00,5245.4,90.0,TRADE
VIC1,2025-08-08 05:15:00,5222.22,82.88,TRADE
VIC1,2025-08-08 05:20:00,5291.89,90.0,TRADE
VIC1,2025-08-08 05:25:00,5373.27,87.6,TRADE
VIC1,2025-08-08 05:30:00,5403.29,105.0,TRADE
VIC1,2025-08-08 05:35:00,5390.06,87.12,TRADE
VIC1,2025-08-08 05:40:00,5530.54,127.37,TRADE
VIC1,2025-08-08 05:45:00,5547.95,120.29,TRADE
VIC1,2025-08-08 05:50:00,5580.54,118.08,TRADE
VIC1,2025-08-08 05:55:00,5541.18,105.0,TRADE
VIC1,2025-08-08 06:00:00,5616.02,128.41,TRADE
VIC1,2025-08-08 06:05:00,5686.38,105.0,TRADE
VIC1,2025-08-08 06:10:00,5890.65,206.49,TRADE
VIC1,2025-08-08 06:15:00,6015.24,157.37,TRADE
VIC1,2025-08-08 06:20:00,6082.38,233.5,TRADE
VIC1,2025-08-08 06:25:00,6058.17,132.72,TRADE
VIC1,2025-08-08 06:30:00,6235.1,174.57,TRADE
VIC1,2025-08-08 06:35:00,6295.69,132.72,TRADE
VIC1,2025-08-08 06:40:00,6415.57,154.51,TRADE
VIC1,2025-08-08 06:45:00,6561.51,168.2,TRADE
VIC1,2025-08-08 06:50:00,6519.34,158.0,TRADE
VIC1,2025-08-08 06:55:00,6724.2,187.09,TRADE
VIC1,2025-08-08 07:00:00,6830.06,183.85,TRADE
VIC1,2025-08-08 07:05:00,6897.27,168.2,TRADE
VIC1,2025-08-08 07:10:00,6931.91,158.0,TRADE
VIC1,2025-08-08 07:15:00,7104.18,196.13,TRADE
VIC1,2025-08-08 07:20:00,7183.81,183.85,TRADE
VIC1,2025-08-08 07:25:00,7244.85,213.12,TRADE
VIC1,2025-08-08 07:30:00,7254.53,168.2,TRADE
VIC1,2025-08-08 07:35:00,7367.08,183.85,TRADE
VIC1,2025-08-08 07:40:00,7394.11,172.48,TRADE
VIC1,2025-08-08 07:45:00,7426.79,184.6,TRADE
VIC1,2025-08-08 07:50:00,7430.1,183.85,TRADE
VIC1,2025-08-08 07:55:00,7442.19,188.04,TRADE
VIC1,2025-08-08 08:00:00,7469.25,185.72,TRADE
VIC1,2025-08-08 08:05:00,7442.56,182.51,TRADE
VIC1,2025-08-08 08:10:00,7378.9,168.2,TRADE
VIC1,2025-08-08 08:15:00,7362.88,168.2,TRADE
VIC1,2025-08-08 08:20:00,7378.57,156.52,TRADE
VIC1,2025-08-08 08:25:00,7387.97,120.84,TRADE
VIC1,2025-08-08 08:30:00,7307.37,120.0,TRADE
VIC1,2025-08-08 08:35:00,7225.79,150.3,TRADE
VIC1,2025-08-08 08:40:00,7136.04,157.71,TRADE
VIC1,2025-08-08 08:45:00,7040.6,156.39,TRADE
VIC1,2025-08-08 08:50:00,6979.23,168.2,TRADE
VIC1,2025-08-08 08:55:00,6819.81,153.52,TRADE
VIC1,2025-08-08 09:00:00,6803.14,148.81,TRADE
VIC1,2025-08-08 09:05:00,6830.48,191.8,TRADE
VIC1,2025-08-08 09:10:00,6742.32,168.2,TRADE
VIC1,2025-08-08 09:15:00,6742.64,157.41,TRADE
VIC1,2025-08-08 09:20:00,6703.45,168.2,TRADE
VIC1,2025-08-08 09:25:00,6525.75,135.39,TRADE
VIC1,2025-08-08 09:30:00,6513.76,123.67,TRADE
VIC1,2025-08-08 09:35:00,6453.92,145.15,TRADE
VIC1,2025-08-08 09:40:00,6391.17,132.72,TRADE
VIC1,2025-08-08 09:45:00,6183.77,126.8,TRADE
VIC1,2025-08-08 09:50:00,6147.37,116.36,TRADE
VIC1,2025-08-08 09:55:00,6132.67,116.66,TRADE
VIC1,2025-08-08 10:00:00,6079.94,76.5,TRADE
VIC1,2025-08-08 10:05:00,5998.17,74.94,TRADE
VIC1,2025-08-08 10:10:00,6010.72,112.3,TRADE
VIC1,2025-08-08 10:15:00,5946.44,87.38,TRADE
VIC1,2025-08-08 10:20:00,5916.87,116.25,TRADE
VIC1,2025-08-08 10:25:00,5896.57,158.0,TRADE
VIC1,2025-08-08 10:30:00,5775.73,91.49,TRADE
VIC1,2025-08-08 10:35:00,5738.35,88.05,TRADE
VIC1,2025-08-08 10:40:00,5742.32,107.6,TRADE
VIC1,2025-08-08 10:45:00,5725.41,74.76,TRADE
VIC1,2025-08-08 10:50:00,5572.48,47.24,TRADE
VIC1,2025-08-08 10:55:00,5632.07,56.0,TRADE
VIC1,2025-08-08 11:00:00,5536.35,36.76,TRADE
VIC1,2025-08-08 11:05:00,5520.47,58.27,TRADE
VIC1,2025-08-08 11:10:00,5499.47,83.96,TRADE
VIC1,2025-08-08 11:15:00,5344.85,51.15,TRADE
VIC1,2025-08-08 11:20:00,5332.67,54.93,TRADE
VIC1,2025-08-08 11:25:00,5349.08,61.69,TRADE
VIC1,2025-08-08 11:30:00,5301.34,62.23,TRADE
VIC1,2025-08-08 11:35:00,5170.35,60.44,TRADE
VIC1,2025-08-08 11:40:00,5157.31,62.21,TRADE
VIC1,2025-08-08 11:45:00,5198.37,55.43,TRADE
VIC1,2025-08-08 11:50:00,5162.47,59.17,TRADE
VIC1,2025-08-08 11:55:00,5174.06,74.71,TRADE
VIC1,2025-08-08 12:00:00,5065.35,67.8,TRADE
VIC1,2025-08-08 12:05:00,4955.43,34.13,TRADE
VIC1,2025-08-08 12:10:00,4970.58,53.75,TRADE
VIC1,2025-08-08 12:15:00,4936.31,51.05,TRADE
VIC1,2025-08-08 12:20:00,4912.95,50.1,TRADE
VIC1,2025-08-08 12:25:00,4884.07,55.58,TRADE
VIC1,2025-08-08 12:30:00,4808.47,50.83,TRADE
VIC1,2025-08-08 12:35:00,4815.82,50.37,TRADE
VIC1,2025-08-08 12:40:00,4812.49,50.58,TRADE
VIC1,2025-08-08 12:45:00,4805.01,49.23,TRADE
VIC1,2025-08-08 12:50:00,4737.66,48.48,TRADE
VIC1,2025-08-08 12:55:00,4738.45,64.57,TRADE
VIC1,2025-08-08 13:00:00,4652.32,47.55,TRADE
VIC1,2025-08-08 13:05:00,4696.81,49.27,TRADE
VIC1,2025-08-08 13:10:00,4679.99,65.26,TRADE
VIC1,2025-08-08 13:15:00,4642.19,52.75,TRADE
VIC1,2025-08-08 13:20:00,4662.51,48.15,TRADE
VIC1,2025-08-08 13:25:00,4688.84,48.15,TRADE
VIC1,2025-08-08 13:30:00,4744.66,50.2,TRADE
VIC1,2025-08-08 13:35:00,4757.49,53.06,TRADE
VIC1,2025-08-08 13:40:00,4750.14,56.13,TRADE
VIC1,2025-08-08 13:45:00,4638.31,52.14,TRADE
VIC1,2025-08-08 13:50:00,4718.7,66.35,TRADE
VIC1,2025-08-08 13:55:00,4681.03,71.05,TRADE
VIC1,2025-08-08 14:00:00,4701.02,68.79,TRADE
VIC1,2025-08-08 14:05:00,4758.1,72.59,TRADE
VIC1,2025-08-08 14:10:00,4686.96,72.67,TRADE
VIC1,2025-08-08 14:15:00,4757.42,72.95,TRADE
VIC1,2025-08-08 14:20:00,4781.58,75.8,TRADE
VIC1,2025-08-08 14:25:00,4736.7,70.92,TRADE
VIC1,2025-08-08 14:30:00,4802.01,71.2,TRADE
VIC1,2025-08-08 14:35:00,4802.25,70.13,TRADE
VIC1,2025-08-08 14:40:00,4834.91,88.07,TRADE
VIC1,2025-08-08 14:45:00,4852.15,112.7,TRADE
VIC1,2025-08-08 14:50:00,4735.85,57.28,TRADE
VIC1,2025-08-08 14:55:00,4826.91,86.21,TRADE
VIC1,2025-08-08 15:00:00,4782.05,68.69,TRADE
VIC1,2025-08-08 15:05:00,4898.76,75.8,TRADE
VIC1,2025-08-08 15:10:00,4898.1,65.23,TRADE
VIC1,2025-08-08 15:15:00,4967.04,75.8,TRADE
VIC1,2025-08-08 15:20:00,4970.3,74.09,TRADE
VIC1,2025-08-08 15:25:00,5043.71,76.27,TRADE
VIC1,2025-08-08 15:30:00,5086.81,84.16,TRADE
VIC1,2025-08-08 15:35:00,5060.4,84.16,TRADE
VIC1,2025-08-08 15:40:00,5136.55,83.26,TRADE
VIC1,2025-08-08 15:45:00,5224.05,83.26,TRADE
VIC1,2025-08-08 15:50:00,5296.48,84.16,TRADE
VIC1,2025-08-08 15:55:00,5380.58,111.53,TRADE
VIC1,2025-08-08 16:00:00,5461.07,110.91,TRADE
VIC1,2025-08-08 16:05:00,5522.77,84.16,TRADE
VIC1,2025-08-08 16:10:00,5628.75,91.0,TRADE
VIC1,2025-08-08 16:15:00,5631.45,81.99,TRADE
VIC1,2025-08-08 16:20:00,5748.8,95.86,TRADE
VIC1,2025-08-08 16:25:00,5845.76,96.41,TRADE
VIC1,2025-08-08 16:30:00,5853.83,120.0,TRADE
VIC1,2025-08-08 16:35:00,5953.8,93.97,TRADE
VIC1,2025-08-08 16:40:00,6088.48,120.0,TRADE
VIC1,2025-08-08 16:45:00,6184.67,120.0,TRADE
VIC1,2025-08-08 16:50:00,6190.55,158.0,TRADE
VIC1,2025-08-08 16:55:00,6365.5,158.0,TRADE
VIC1,2025-08-08 17:00:00,6346.49,132.72,TRADE
VIC1,2025-08-08 17:05:00,6453.23,158.0,TRADE
VIC1,2025-08-08 17:10:00,6517.75,158.0,TRADE
VIC1,2025-08-08 17:15:00,6600.2,137.24,TRADE
VIC1,2025-08-08 17:20:00,6740.49,157.05,TRADE
VIC1,2025-08-08 17:25:00,6763.11,167.88,TRADE
VIC1,2025-08-08 17:30:00,6911.07,175.64,TRADE
VIC1,2025-08-08 17:35:00,6945.45,176.78,TRADE
VIC1,2025-08-08 17:40:00,7042.9,178.47,TRADE
VIC1,2025-08-08 17:45:00,7056.52,177.52,TRADE
VIC1,2025-08-08 17:50:00,7044.14,168.2,TRADE
VIC1,2025-08-08 17:55:00,7099.04,170.22,TRADE
VIC1,2025-08-08 18:00:00,7195.01,172.98,TRADE
VIC1,2025-08-08 18:05:00,7255.6,168.2,TRADE
VIC1,2025-08-08 18:10:00,7215.38,158.0,TRADE
VIC1,2025-08-08 18:15:00,7267.94,151.37,TRADE
VIC1,2025-08-08 18:20:00,7300.75,168.2,TRADE
VIC1,2025-08-08 18:25:00,7304.48,162.79,TRADE
VIC1,2025-08-08 18:30:00,7179.81,158.0,TRADE
VIC1,2025-08-08 18:35:00,7168.81,144.76,TRADE
VIC1,2025-08-08 18:40:00,7251.21,158.96,TRADE
VIC1,2025-08-08 18:45:00,7180.68,148.69,TRADE
VIC1,2025-08-08 18:50:00,7105.46,141.04,TRADE
VIC1,2025-08-08 18:55:00,7173.57,140.55,TRADE
VIC1,2025-08-08 19:00:00,7187.22,159.62,TRADE
VIC1,2025-08-08 19:05:00,7041.79,132.78,TRADE
VIC1,2025-08-08 19:10:00,7119.94,155.79,TRADE
VIC1,2025-08-08 19:15:00,7042.76,112.85,TRADE
VIC1,2025-08-08 19:20:00,7044.4,120.0,TRADE
VIC1,2025-08-08 19:25:00,7120.75,128.44,TRADE
VIC1,2025-08-08 19:30:00,7107.55,120.0,TRADE
VIC1,2025-08-08 19:35:00,7030.81,120.0,TRADE
VIC1,2025-08-08 19:40:00,7086.88,139.6,TRADE
VIC1,2025-08-08 19:45:00,7019.01,128.98,TRADE
VIC1,2025-08-08 19:50:00,7020.51,120.0,TRADE
VIC1,2025-08-08 19:55:00,6973.64,124.42,TRADE
VIC1,2025-08-08 20:00:00,6900.04,112.14,TRADE
VIC1,2025-08-08 20:05:00,6955.84,120.0,TRADE
VIC1,2025-08-08 20:10:00,6931.62,120.0,TRADE
VIC1,2025-08-08 20:15:00,6872.05,120.0,TRADE
VIC1,2025-08-08 20:20:00,6936.18,114.24,TRADE
VIC1,2025-08-08 20:25:00,6937.71,124.95,TRADE
VIC1,2025-08-08 20:30:00,6859.17,115.45,TRADE
VIC1,2025-08-08 20:35:00,6890.36,120.0,TRADE
VIC1,2025-08-08 20:40:00,6774.05,115.4,TRADE
VIC1,2025-08-08 20:45:00,6710.17,98.95,TRADE
VIC1,2025-08-08 20:50:00,6709.14,99.91,TRADE
VIC1,2025-08-08 20:55:00,6683.5,109.84,TRADE
VIC1,2025-08-08 21:00:00,6741.35,107.44,TRADE
VIC1,2025-08-08 21:05:00,6713.28,104.35,TRADE
VIC1,2025-08-08 21:10:00,6622.93,115.23,TRADE
VIC1,2025-08-08 21:15:00,6644.22,113.81,TRADE
VIC1,2025-08-08 21:20:00,6630.81,109.62,TRADE
VIC1,2025-08-08 21:25:00,6614.06,98.69,TRADE
VIC1,2025-08-08 21:30:00,6505.83,80.41,TRADE
VIC1,2025-08-08 21:35:00,6500.09,108.43,TRADE
VIC1,2025-08-08 21:40:00,6506.95,101.36,TRADE
VIC1,2025-08-08 21:45:00,6471.23,82.2,TRADE
VIC1,2025-08-08 21:50:00,6433.59,80.0,TRADE
VIC1,2025-08-08 21:55:00,6390.75,80.0,TRADE
VIC1,2025-08-08 22:00:00,6366.27,80.0,TRADE
VIC1,2025-08-08 22:05:00,6242.76,80.0,TRADE
VIC1,2025-08-08 22:10:00,6227.32,105.0,TRADE
VIC1,2025-08-08 22:15:00,6164.88,105.0,TRADE
VIC1,2025-08-08 22:20:00,6090.35,92.83,TRADE
VIC1,2025-08-08 22:25:00,6075.13,94.93,TRADE
VIC1,2025-08-08 22:30:00,6090.16,81.86,TRADE
VIC1,2025-08-08 22:35:00,6077.11,96.16,TRADE
VIC1,2025-08-08 22:40:00,6009.41,82.71,TRADE
VIC1,2025-08-08 22:45:00,6001.86,80.7,TRADE
VIC1,2025-08-08 22:50:00,6007.64,97.46,TRADE
VIC1,2025-08-08 22:55:00,5953.88,81.85,TRADE
VIC1,2025-08-08 23:00:00,5826.61,80.0,TRADE
VIC1,2025-08-08 23:05:00,5827.91,84.26,TRADE
VIC1,2025-08-08 23:10:00,6047.1,105.39,TRADE
VIC1,2025-08-08 23:15:00,6025.43,105.13,TRADE
VIC1,2025-08-08 23:20:00,6006.95,84.27,TRADE
VIC1,2025-08-08 23:25:00,5968.0,80.66,TRADE
VIC1,2025-08-08 23:30:00,5971.84,86.05,TRADE
VIC1,2025-08-08 23:35:00,5863.16,80.36,TRADE
VIC1,2025-08-08 23:40:00,5883.53,82.4,TRADE
VIC1,2025-08-08 23:45:00,5781.85,80.0,TRADE
VIC1,2025-08-08 23:50:00,5799.3,80.0,TRADE
VIC1,2025-08-08 23:55:00,5787.25,80.0,TRADE
VIC1,2025-08-11 00:00:00,5355.34,75.8,TRADE
VIC1,2025-08-11 00:05:00,5326.61,75.8,TRADE
VIC1,2025-08-11 00:10:00,5282.31,80.0,TRADE
VIC1,2025-08-11 00:15:00,5269.08,77.54,TRADE
VIC1,2025-08-11 00:20:00,5230.56,75.24,TRADE
VIC1,2025-08-11 00:25:00,5214.25,75.51,TRADE
VIC1,2025-08-11 00:30:00,5127.18,63.87,TRADE
VIC1,2025-08-11 00:35:00,5102.47,62.1,TRADE
VIC1,2025-08-11 00:40:00,5142.98,80.73,TRADE
VIC1,2025-08-11 00:45:00,5123.7,73.97,TRADE
VIC1,2025-08-11 00:50:00,5051.56,53.52,TRADE
VIC1,2025-08-11 00:55:00,5065.56,57.93,TRADE
VIC1,2025-08-11 01:00:00,5059.82,75.8,TRADE
VIC1,2025-08-11 01:05:00,5036.67,73.53,TRADE
VIC1,2025-08-11 01:10:00,4934.47,53.53,TRADE
VIC1,2025-08-11 01:15:00,4940.4,58.01,TRADE
VIC1,2025-08-11 01:20:00,4991.32,73.56,TRADE
VIC1,2025-08-11 01:25:00,4950.3,58.11,TRADE
VIC1,2025-08-11 01:30:00,4876.08,53.9,TRADE
VIC1,2025-08-11 01:35:00,4903.58,53.92,TRADE
VIC1,2025-08-11 01:40:00,4868.92,59.39,TRADE
VIC1,2025-08-11 01:45:00,4855.02,57.87,TRADE
VIC1,2025-08-11 01:50:00,4832.85,53.2,TRADE
VIC1,2025-08-11 01:55:00,4836.07,56.99,TRADE
VIC1,2025-08-11 02:00:00,4750.49,72.05,TRADE
VIC1,2025-08-11 02:05:00,4733.31,72.42,TRADE
VIC1,2025-08-11 02:10:00,4692.15,49.22,TRADE
VIC1,2025-08-11 02:15:00,4757.76,75.4,TRADE
VIC1,2025-08-11 02:20:00,4736.4,58.29,TRADE
VIC1,2025-08-11 02:25:00,4688.62,71.36,TRADE
VIC1,2025-08-11 02:30:00,4736.67,72.33,TRADE
VIC1,2025-08-11 02:35:00,4708.43,52.63,TRADE
VIC1,2025-08-11 02:40:00,4716.76,74.76,TRADE
VIC1,2025-08-11 02:45:00,4722.43,56.81,TRADE
VIC1,2025-08-11 02:50:00,4622.95,51.61,TRADE
VIC1,2025-08-11 02:55:00,4674.1,70.4,TRADE
VIC1,2025-08-11 03:00:00,4678.01,70.84,TRADE
VIC1,2025-08-11 03:05:00,4677.51,51.01,TRADE
VIC1,2025-08-11 03:10:00,4680.66,54.83,TRADE
VIC1,2025-08-11 03:15:00,4685.6,70.31,TRADE
VIC1,2025-08-11 03:20:00,4690.33,51.01,TRADE
VIC1,2025-08-11 03:25:00,4591.59,51.01,TRADE
VIC1,2025-08-11 03:30:00,4649.77,53.51,TRADE
VIC1,2025-08-11 03:35:00,4595.43,53.77,TRADE
VIC1,2025-08-11 03:40:00,4630.07,46.57,TRADE
VIC1,2025-08-11 03:45:00,4699.67,56.23,TRADE
VIC1,2025-08-11 03:50:00,4691.91,74.58,TRADE
VIC1,2025-08-11 03:55:00,4667.4,69.35,TRADE
VIC1,2025-08-11 04:00:00,4683.56,67.72,TRADE
VIC1,2025-08-11 04:05:00,4662.12,67.8,TRADE
VIC1,2025-08-11 04:10:00,4719.68,76.74,TRADE
VIC1,2025-08-11 04:15:00,4678.91,74.71,TRADE
VIC1,2025-08-11 04:20:00,4663.58,73.61,TRADE
VIC1,2025-08-11 04:25:00,4736.53,75.39,TRADE
VIC1,2025-08-11 04:30:00,4727.6,74.24,TRADE
VIC1,2025-08-11 04:35:00,4697.11,68.03,TRADE
VIC1,2025-08-11 04:40:00,4813.09,75.8,TRADE
VIC1,2025-08-11 04:45:00,4832.61,75.8,TRADE
VIC1,2025-08-11 04:50:00,4853.24,77.46,TRADE
VIC1,2025-08-11 04:55:00,4896.82,78.8,TRADE
VIC1,2025-08-11 05:00:00,4830.96,76.85,TRADE
VIC1,2025-08-11 05:05:00,4866.11,58.29,TRADE
VIC1,2025-08-11 05:10:00,4938.74,80.0,TRADE
VIC1,2025-08-11 05:15:00,4985.41,77.17,TRADE
VIC1,2025-08-11 05:20:00,5040.47,77.78,TRADE
VIC1,2025-08-11 05:25:00,5176.06,79.54,TRADE
VIC1,2025-08-11 05:30:00,5222.0,80.0,TRADE
VIC1,2025-08-11 05:35:00,5231.35,76.71,TRADE
VIC1,2025-08-11 05:40:00,5372.64,79.64,TRADE
VIC1,2025-08-11 05:45:00,5416.92,79.5,TRADE
VIC1,2025-08-11 05:50:00,5473.16,80.0,TRADE
VIC1,2025-08-11 05:55:00,5437.64,80.0,TRADE
VIC1,2025-08-11 06:00:00,5540.2,84.36,TRADE
VIC1,2025-08-11 06:05:00,5664.88,80.0,TRADE
VIC1,2025-08-11 06:10:00,5792.51,86.88,TRADE
VIC1,2025-08-11 06:15:00,5919.16,100.1,TRADE
VIC1,2025-08-11 06:20:00,6029.6,96.75,TRADE
VIC1,2025-08-11 06:25:00,6099.0,111.69,TRADE
VIC1,2025-08-11 06:30:00,6202.71,120.0,TRADE
VIC1,2025-08-11 06:35:00,6212.04,112.14,TRADE
VIC1,2025-08-11 06:40:00,6324.02,145.66,TRADE
VIC1,2025-08-11 06:45:00,6451.46,125.07,TRADE
VIC1,2025-08-11 06:50:00,6584.74,179.66,TRADE
VIC1,2025-08-11 06:55:00,6705.88,179.66,TRADE
VIC1,2025-08-11 07:00:00,6831.15,179.66,TRADE
VIC1,2025-08-11 07:05:00,6816.87,158.0,TRADE
VIC1,2025-08-11 07:10:00,6651.32,149.79,TRADE
VIC1,2025-08-11 07:15:00,6787.8,158.0,TRADE
VIC1,2025-08-11 07:20:00,6881.39,158.0,TRADE
VIC1,2025-08-11 07:25:00,6974.8,112.14,TRADE
VIC1,2025-08-11 07:30:00,7145.54,112.14,TRADE
VIC1,2025-08-11 07:35:00,7169.92,112.14,TRADE
VIC1,2025-08-11 07:40:00,7233.07,97.0,TRADE
VIC1,2025-08-11 07:45:00,7210.58,112.14,TRADE
VIC1,2025-08-11 07:50:00,7244.16,102.7,TRADE
VIC1,2025-08-11 07:55:00,7258.52,102.7,TRADE
VIC1,2025-08-11 08:00:00,7345.48,112.14,TRADE
VIC1,2025-08-11 08:05:00,7375.2,112.14,TRADE
VIC1,2025-08-11 08:10:00,7388.08,97.0,TRADE
VIC1,2025-08-11 08:15:00,7408.54,112.14,TRADE
VIC1,2025-08-11 08:20:00,7307.15,97.0,TRADE
VIC1,2025-08-11 08:25:00,7290.09,75.8,TRADE
VIC1,2025-08-11 08:30:00,7214.54,76.9,TRADE
VIC1,2025-08-11 08:35:00,7101.71,89.08,TRADE
VIC1,2025-08-11 08:40:00,7004.51,77.14,TRADE
VIC1,2025-08-11 08:45:00,6804.91,76.52,TRADE
VIC1,2025-08-11 08:50:00,6800.35,79.97,TRADE
VIC1,2025-08-11 08:55:00,6687.81,76.9,TRADE
VIC1,2025-08-11 09:00:00,6602.61,73.45,TRADE
VIC1,2025-08-11 09:05:00,6520.93,81.5,TRADE
VIC1,2025-08-11 09:10:00,6495.6,73.45,TRADE
VIC1,2025-08-11 09:15:00,6393.46,51.32,TRADE
VIC1,2025-08-11 09:20:00,6334.63,70.47,TRADE
VIC1,2025-08-11 09:25:00,6152.35,51.32,TRADE
VIC1,2025-08-11 09:30:00,6078.25,19.0,TRADE
VIC1,2025-08-11 09:35:00,6009.7,69.16,TRADE
VIC1,2025-08-11 09:40:00,5917.76,75.8,TRADE
VIC1,2025-08-11 09:45:00,5762.37,56.07,TRADE
VIC1,2025-08-11 09:50:00,5674.82,50.16,TRADE
VIC1,2025-08-11 09:55:00,5557.96,48.19,TRADE
VIC1,2025-08-11 10:00:00,5455.79,48.0,TRADE
VIC1,2025-08-11 10:05:00,5294.61,20.04,TRADE
VIC1,2025-08-11 10:10:00,5224.36,51.68,TRADE
VIC1,2025-08-11 10:15:00,5113.91,48.19,TRADE
VIC1,2025-08-11 10:20:00,5036.38,19.0,TRADE
VIC1,2025-08-11 10:25:00,4966.88,49.1,TRADE
VIC1,2025-08-11 10:30:00,4905.95,35.94,TRADE
VIC1,2025-08-11 10:35:00,4836.72,48.19,TRADE
VIC1,2025-08-11 10:40:00,4658.15,19.0,TRADE
VIC1,2025-08-11 10:45:00,4679.46,33.89,TRADE
VIC1,2025-08-11 10:50:00,4579.81,30.97,TRADE
VIC1,2025-08-11 10:55:00,4469.32,9.87,TRADE
VIC1,2025-08-11 11:00:00,4393.95,19.0,TRADE
VIC1,2025-08-11 11:05:00,4244.97,20.04,TRADE
VIC1,2025-08-11 11:10:00,4221.17,31.57,TRADE
VIC1,2025-08-11 11:15:00,4106.6,20.04,TRADE
VIC1,2025-08-11 11:20:00,4130.49,20.04,TRADE
VIC1,2025-08-11 11:25:00,4088.68,19.0,TRADE
VIC1,2025-08-11 11:30:00,3988.77,10.18,TRADE
VIC1,2025-08-11 11:35:00,3965.42,20.04,TRADE
VIC1,2025-08-11 11:40:00,3959.67,19.0,TRADE
VIC1,2025-08-11 11:45:00,3865.01,19.0,TRADE
VIC1,2025-08-11 11:50:00,3822.12,19.0,TRADE
VIC1,2025-08-11 11:55:00,3743.24,19.0,TRADE
VIC1,2025-08-11 12:00:00,3768.7,19.0,TRADE
VIC1,2025-08-11 12:05:00,3676.42,8.95,TRADE
VIC1,2025-08-11 12:10:00,3682.75,19.0,TRADE
VIC1,2025-08-11 12:15:00,3658.72,19.18,TRADE
VIC1,2025-08-11 12:20:00,3611.79,5.26,TRADE
VIC1,2025-08-11 12:25:00,3649.96,0.0,TRADE
VIC1,2025-08-11 12:30:00,3606.35,8.95,TRADE
VIC1,2025-08-11 12:35:00,3510.06,0.0,TRADE
VIC1,2025-08-11 12:40:00,3510.53,0.0,TRADE
VIC1,2025-08-11 12:45:00,3486.65,-1.57,TRADE
VIC1,2025-08-11 12:50:00,3555.92,0.01,TRADE
VIC1,2025-08-11 12:55:00,3562.79,-2.48,TRADE
VIC1,2025-08-11 13:00:00,3523.36,0.01,TRADE
VIC1,2025-08-11 13:05:00,3527.76,5.26,TRADE
VIC1,2025-08-11 13:10:00,3535.42,12.42,TRADE
VIC1,2025-08-11 13:15:00,3543.46,19.0,TRADE
VIC1,2025-08-11 13:20:00,3478.12,10.77,TRADE
VIC1,2025-08-11 13:25:00,3494.48,5.26,TRADE
VIC1,2025-08-11 13:30:00,3599.59,19.0,TRADE
VIC1,2025-08-11 13:35:00,3553.38,16.64,TRADE
VIC1,2025-08-11 13:40:00,3605.5,8.95,TRADE
VIC1,2025-08-11 13:45:00,3620.43,29.85,TRADE
VIC1,2025-08-11 13:50:00,3622.12,18.9,TRADE
VIC1,2025-08-11 13:55:00,3609.26,5.26,TRADE
VIC1,2025-08-11 14:00:00,3556.1,8.95,TRADE
VIC1,2025-08-11 14:05:00,3666.85,19.0,TRADE
VIC1,2025-08-11 14:10:00,3614.26,8.95,TRADE
VIC1,2025-08-11 14:15:00,3729.54,0.01,TRADE
VIC1,2025-08-11 14:20:00,3796.07,8.51,TRADE
VIC1,2025-08-11 14:25:00,3750.89,19.0,TRADE
VIC1,2025-08-11 14:30:00,3847.47,19.0,TRADE
VIC1,2025-08-11 14:35:00,3872.49,19.0,TRADE
VIC1,2025-08-11 14:40:00,3902.33,11.89,TRADE
VIC1,2025-08-11 14:45:00,3906.98,8.95,TRADE
VIC1,2025-08-11 14:50:00,3973.05,4.81,TRADE
VIC1,2025-08-11 14:55:00,4002.73,10.51,TRADE
VIC1,2025-08-11 15:00:00,3973.88,10.5,TRADE
VIC1,2025-08-11 15:05:00,4140.32,19.96,TRADE
VIC1,2025-08-11 15:10:00,4135.65,0.0,TRADE
VIC1,2025-08-11 15:15:00,4195.48,30.32,TRADE
VIC1,2025-08-11 15:20:00,4257.15,30.28,TRADE
VIC1,2025-08-11 15:25:00,4346.97,30.78,TRADE
VIC1,2025-08-11 15:30:00,4336.24,43.47,TRADE
VIC1,2025-08-11 15:35:00,4449.97,84.7,TRADE
VIC1,2025-08-11 15:40:00,4427.84,44.5,TRADE
VIC1,2025-08-11 15:45:00,4562.42,34.34,TRADE
VIC1,2025-08-11 15:50:00,4680.23,51.37,TRADE
VIC1,2025-08-11 15:55:00,4763.85,56.42,TRADE
VIC1,2025-08-11 16:00:00,4794.38,76.64,TRADE
VIC1,2025-08-11 16:05:00,4904.66,39.68,TRADE
VIC1,2025-08-11 16:10:00,5018.74,48.08,TRADE
VIC1,2025-08-11 16:15:00,5083.47,55.13,TRADE
VIC1,2025-08-11 16:20:00,5114.86,71.96,TRADE
VIC1,2025-08-11 16:25:00,5224.57,88.03,TRADE
VIC1,2025-08-11 16:30:00,5380.59,163.02,TRADE
VIC1,2025-08-11 16:35:00,5485.92,98.64,TRADE
VIC1,2025-08-11 16:40:00,5602.49,120.0,TRADE
VIC1,2025-08-11 16:45:00,5686.33,158.0,TRADE
VIC1,2025-08-11 16:50:00,5795.39,179.08,TRADE
VIC1,2025-08-11 16:55:00,5847.17,158.0,TRADE
VIC1,2025-08-11 17:00:00,5948.88,186.48,TRADE
VIC1,2025-08-11 17:05:00,5957.87,158.0,TRADE
VIC1,2025-08-11 17:10:00,6055.77,153.88,TRADE
VIC1,2025-08-11 17:15:00,6215.08,179.66,TRADE
VIC1,2025-08-11 17:20:00,6337.07,223.36,TRADE
VIC1,2025-08-11 17:25:00,6415.7,179.66,TRADE
VIC1,2025-08-11 17:30:00,6477.84,191.57,TRADE
VIC1,2025-08-11 17:35:00,6594.89,158.0,TRADE
VIC1,2025-08-11 17:40:00,6658.0,233.08,TRADE
VIC1,2025-08-11 17:45:00,6733.2,179.18,TRADE
VIC1,2025-08-11 17:50:00,6708.08,221.37,TRADE
VIC1,2025-08-11 17:55:00,6755.11,200.89,TRADE
VIC1,2025-08-11 18:00:00,6899.56,190.22,TRADE
VIC1,2025-08-11 18:05:00,6970.68,187.71,TRADE
VIC1,2025-08-11 18:10:00,6981.87,195.08,TRADE
VIC1,2025-08-11 18:15:00,7073.29,218.74,TRADE
VIC1,2025-08-11 18:20:00,7072.93,185.06,TRADE
VIC1,2025-08-11 18:25:00,7125.26,273.99,TRADE
VIC1,2025-08-11 18:30:00,7037.04,211.83,TRADE
VIC1,2025-08-11 18:35:00,7044.46,145.97,TRADE
VIC1,2025-08-11 18:40:00,7068.86,178.1,TRADE
VIC1,2025-08-11 18:45:00,7181.55,195.08,TRADE
VIC1,2025-08-11 18:50:00,7158.99,163.15,TRADE
VIC1,2025-08-11 18:55:00,7139.84,140.58,TRADE
VIC1,2025-08-11 19:00:00,7153.17,223.37,TRADE
VIC1,2025-08-11 19:05:00,7080.76,158.0,TRADE
VIC1,2025-08-11 19:10:00,7114.05,158.0,TRADE
VIC1,2025-08-11 19:15:00,7058.48,157.68,TRADE
VIC1,2025-08-11 19:20:00,6957.27,154.0,TRADE
VIC1,2025-08-11 19:25:00,7021.68,142.38,TRADE
VIC1,2025-08-11 19:30:00,6983.85,140.55,TRADE
VIC1,2025-08-11 19:35:00,6938.74,158.0,TRADE
VIC1,2025-08-11 19:40:00,6974.11,158.0,TRADE
VIC1,2025-08-11 19:45:00,6942.33,142.48,TRADE
VIC1,2025-08-11 19:50:00,6944.77,158.0,TRADE
VIC1,2025-08-11 19:55:00,6959.7,140.55,TRADE
VIC1,2025-08-11 20:00:00,6866.42,139.17,TRADE
VIC1,2025-08-11 20:05:00,6814.66,139.7,TRADE
VIC1,2025-08-11 20:10:00,6789.12,158.0,TRADE
VIC1,2025-08-11 20:15:00,6769.72,140.55,TRADE
VIC1,2025-08-11 20:20:00,6736.37,140.55,TRADE
VIC1,2025-08-11 20:25:00,6765.75,152.64,TRADE
VIC1,2025-08-11 20:30:00,6684.37,135.86,TRADE
VIC1,2025-08-11 20:35:00,6720.29,140.55,TRADE
VIC1,2025-08-11 20:40:00,6693.07,140.55,TRADE
VIC1,2025-08-11 20:45:00,6658.73,140.13,TRADE
VIC1,2025-08-11 20:50:00,6547.39,120.46,TRADE
VIC1,2025-08-11 20:55:00,6502.79,120.0,TRADE
VIC1,2025-08-11 21:00:00,6539.1,123.22,TRADE
VIC1,2025-08-11 21:05:00,6506.79,134.09,TRADE
VIC1,2025-08-11 21:10:00,6394.57,120.0,TRADE
VIC1,2025-08-11 21:15:00,6435.34,131.12,TRADE
VIC1,2025-08-11 21:20:00,6403.01,128.93,TRADE
VIC1,2025-08-11 21:25:00,6384.3,97.76,TRADE
VIC1,2025-08-11 21:30:00,6344.02,91.3,TRADE
VIC1,2025-08-11 21:35:00,6213.83,96.32,TRADE
VIC1,2025-08-11 21:40:00,6219.72,97.0,TRADE
VIC1,2025-08-11 21:45:00,6125.64,95.91,TRADE
VIC1,2025-08-11 21:50:00,6125.34,136.86,TRADE
VIC1,2025-08-11 21:55:00,5998.22,132.04,TRADE
VIC1,2025-08-11 22:00:00,5990.54,132.65,TRADE
VIC1,2025-08-11 22:05:00,5955.22,137.73,TRADE
VIC1,2025-08-11 22:10:00,5920.27,131.67,TRADE
VIC1,2025-08-11 22:15:00,5837.88,121.29,TRADE
VIC1,2025-08-11 22:20:00,5691.14,102.44,TRADE
VIC1,2025-08-11 22:25:00,5717.34,100.9,TRADE
VIC1,2025-08-11 22:30:00,5750.51,94.59,TRADE
VIC1,2025-08-11 22:35:00,5605.83,96.6,TRADE
VIC1,2025-08-11 22:40:00,5637.29,100.57,TRADE
VIC1,2025-08-11 22:45:00,5624.65,87.14,TRADE
VIC1,2025-08-11 22:50:00,5565.56,80.76,TRADE
VIC1,2025-08-11 22:55:00,5530.37,77.87,TRADE
VIC1,2025-08-11 23:00:00,5421.3,75.8,TRADE
VIC1,2025-08-11 23:05:00,5465.23,76.91,TRADE
VIC1,2025-08-11 23:10:00,5513.7,83.01,TRADE
VIC1,2025-08-11 23:15:00,5573.96,82.2,TRADE
VIC1,2025-08-11 23:20:00,5490.62,77.57,TRADE
VIC1,2025-08-11 23:25:00,5512.62,84.79,TRADE
VIC1,2025-08-11 23:30:00,5537.21,80.56,TRADE
VIC1,2025-08-11 23:35:00,5520.56,99.34,TRADE
VIC1,2025-08-11 23:40:00,5484.08,96.76,TRADE
VIC1,2025-08-11 23:45:00,5340.43,85.04,TRADE
VIC1,2025-08-11 23:50:00,5368.35,84.72,TRADE
VIC1,2025-08-11 23:55:00,5386.69,77.72,TRADE
VIC1,2025-08-12 00:00:00,5236.45,74.54,TRADE
VIC1,2025-08-12 00:05:00,5260.21,76.94,TRADE
VIC1,2025-08-12 00:10:00,5276.27,78.07,TRADE
VIC1,2025-08-12 00:15:00,5238.37,77.21,TRADE
VIC1,2025-08-12 00:20:00,5231.14,77.86,TRADE
VIC1,2025-08-12 00:25:00,5100.98,75.8,TRADE
VIC1,2025-08-12 00:30:00,5069.2,75.8,TRADE
VIC1,2025-08-12 00:35:00,5148.9,75.63,TRADE
VIC1,2025-08-12 00:40:00,5133.34,76.72,TRADE
VIC1,2025-08-12 00:45:00,5080.63,71.35,TRADE
VIC1,2025-08-12 00:50:00,5106.16,66.45,TRADE
VIC1,2025-08-12 00:55:00,5081.59,63.23,TRADE
VIC1,2025-08-12 01:00:00,5080.81,71.07,TRADE
VIC1,2025-08-12 01:05:00,4961.06,67.54,TRADE
VIC1,2025-08-12 01:10:00,5016.0,75.98,TRADE
VIC1,2025-08-12 01:15:00,4980.87,71.68,TRADE
VIC1,2025-08-12 01:20:00,4818.68,73.4,TRADE
VIC1,2025-08-12 01:25:00,4891.37,71.21,TRADE
VIC1,2025-08-12 01:30:00,4849.76,65.84,TRADE
VIC1,2025-08-12 01:35:00,4848.76,69.43,TRADE
VIC1,2025-08-12 01:40:00,4823.3,59.84,TRADE
VIC1,2025-08-12 01:45:00,4730.12,31.57,TRADE
VIC1,2025-08-12 01:50:00,4746.27,29.91,TRADE
VIC1,2025-08-12 01:55:00,4744.24,47.97,TRADE
VIC1,2025-08-12 02:00:00,4636.3,31.73,TRADE
VIC1,2025-08-12 02:05:00,4710.97,51.01,TRADE
VIC1,2025-08-12 02:10:00,4711.34,31.38,TRADE
VIC1,2025-08-12 02:15:00,4703.63,31.57,TRADE
VIC1,2025-08-12 02:20:00,4628.26,26.0,TRADE
VIC1,2025-08-12 02:25:00,4595.08,31.57,TRADE
VIC1,2025-08-12 02:30:00,4664.64,51.01,TRADE
VIC1,2025-08-12 02:35:00,4665.42,71.2,TRADE
VIC1,2025-08-12 02:40:00,4606.88,70.43,TRADE
VIC1,2025-08-12 02:45:00,4617.04,74.05,TRADE
VIC1,2025-08-12 02:50:00,4594.3,31.57,TRADE
VIC1,2025-08-12 02:55:00,4595.44,66.45,TRADE
VIC1,2025-08-12 03:00:00,4498.52,58.15,TRADE
VIC1,2025-08-12 03:05:00,4576.72,71.88,TRADE
VIC1,2025-08-12 03:10:00,4491.96,72.68,TRADE
VIC1,2025-08-12 03:15:00,4457.62,75.94,TRADE
VIC1,2025-08-12 03:20:00,4533.58,71.2,TRADE
VIC1,2025-08-12 03:25:00,4528.78,70.68,TRADE
VIC1,2025-08-12 03:30:00,4527.86,75.8,TRADE
VIC1,2025-08-12 03:35:00,4512.82,73.68,TRADE
VIC1,2025-08-12 03:40:00,4424.09,69.56,TRADE
VIC1,2025-08-12 03:45:00,4479.27,67.66,TRADE
VIC1,2025-08-12 03:50:00,4515.97,70.36,TRADE
VIC1,2025-08-12 03:55:00,4514.17,71.2,TRADE
VIC1,2025-08-12 04:00:00,4469.62,65.93,TRADE
VIC1,2025-08-12 04:05:00,4493.85,52.98,TRADE
VIC1,2025-08-12 04:10:00,4588.9,70.97,TRADE
VIC1,2025-08-12 04:15:00,4579.9,71.15,TRADE
VIC1,2025-08-12 04:20:00,4524.46,65.85,TRADE
VIC1,2025-08-12 04:25:00,4585.96,69.19,TRADE
VIC1,2025-08-12 04:30:00,4589.91,68.01,TRADE
VIC1,2025-08-12 04:35:00,4580.51,31.57,TRADE
VIC1,2025-08-12 04:40:00,4628.59,31.57,TRADE
VIC1,2025-08-12 04:45:00,4620.64,31.57,TRADE
VIC1,2025-08-12 04:50:00,4645.78,19.23,TRADE
VIC1,2025-08-12 04:55:00,4671.79,19.0,TRADE
VIC1,2025-08-12 05:00:00,4599.72,17.8,TRADE
VIC1,2025-08-12 05:05:00,4650.52,19.0,TRADE
VIC1,2025-08-12 05:10:00,4720.76,19.0,TRADE
VIC1,2025-08-12 05:15:00,4776.9,19.0,TRADE
VIC1,2025-08-12 05:20:00,4938.37,66.39,TRADE
VIC1,2025-08-12 05:25:00,4882.54,19.0,TRADE
VIC1,2025-08-12 05:30:00,5001.55,70.14,TRADE
VIC1,2025-08-12 05:35:00,5029.74,67.29,TRADE
VIC1,2025-08-12 05:40:00,5159.72,74.0,TRADE
VIC1,2025-08-12 05:45:00,5187.44,70.86,TRADE
VIC1,2025-08-12 05:50:00,5161.67,70.3,TRADE
VIC1,2025-08-12 05:55:00,5311.8,81.73,TRADE
VIC1,2025-08-12 06:00:00,5362.84,72.72,TRADE
VIC1,2025-08-12 06:05:00,5461.28,70.37,TRADE
VIC1,2025-08-12 06:10:00,5590.59,81.69,TRADE
VIC1,2025-08-12 06:15:00,5682.24,84.99,TRADE
VIC1,2025-08-12 06:20:00,5873.42,99.43,TRADE
VIC1,2025-08-12 06:25:00,5973.66,97.0,TRADE
VIC1,2025-08-12 06:30:00,6103.79,98.01,TRADE
VIC1,2025-08-12 06:35:00,6201.26,120.0,TRADE
VIC1,2025-08-12 06:40:00,6293.52,122.02,TRADE
VIC1,2025-08-12 06:45:00,6331.79,132.72,TRADE
VIC1,2025-08-12 06:50:00,6364.72,146.03,TRADE
VIC1,2025-08-12 06:55:00,6497.3,144.17,TRADE
VIC1,2025-08-12 07:00:00,6615.87,158.0,TRADE
VIC1,2025-08-12 07:05:00,6652.5,204.83,TRADE
VIC1,2025-08-12 07:10:00,6658.48,161.11,TRADE
VIC1,2025-08-12 07:15:00,6810.88,174.15,TRADE
VIC1,2025-08-12 07:20:00,6913.95,172.72,TRADE
VIC1,2025-08-12 07:25:00,6893.59,170.22,TRADE
VIC1,2025-08-12 07:30:00,6965.25,149.22,TRADE
VIC1,2025-08-12 07:35:00,7127.61,133.43,TRADE
VIC1,2025-08-12 07:40:00,7217.02,142.21,TRADE
VIC1,2025-08-12 07:45:00,7244.14,122.63,TRADE
VIC1,2025-08-12 07:50:00,7252.91,114.04,TRADE
VIC1,2025-08-12 07:55:00,7202.94,94.81,TRADE
VIC1,2025-08-12 08:00:00,7106.02,122.02,TRADE
VIC1,2025-08-12 08:05:00,7080.21,132.72,TRADE
VIC1,2025-08-12 08:10:00,7107.28,132.72,TRADE
VIC1,2025-08-12 08:15:00,7101.65,130.82,TRADE
VIC1,2025-08-12 08:20:00,6974.83,116.89,TRADE
VIC1,2025-08-12 08:25:00,6950.19,105.06,TRADE
VIC1,2025-08-12 08:30:00,6939.7,132.73,TRADE
VIC1,2025-08-12 08:35:00,6929.68,148.4,TRADE
VIC1,2025-08-12 08:40:00,6773.2,129.84,TRADE
VIC1,2025-08-12 08:45:00,6680.75,129.24,TRADE
VIC1,2025-08-12 08:50:00,6781.62,132.72,TRADE
VIC1,2025-08-12 08:55:00,6681.91,129.62,TRADE
VIC1,2025-08-12 09:00:00,6719.67,132.72,TRADE
VIC1,2025-08-12 09:05:00,6630.78,92.9,TRADE
VIC1,2025-08-12 09:10:00,6602.58,77.7,TRADE
VIC1,2025-08-12 09:15:00,6552.13,130.43,TRADE
VIC1,2025-08-12 09:20:00,6555.13,131.78,TRADE
VIC1,2025-08-12 09:25:00,6498.98,122.02,TRADE
VIC1,2025-08-12 09:30:00,6416.38,65.56,TRADE
VIC1,2025-08-12 09:35:00,6396.88,122.02,TRADE
VIC1,2025-08-12 09:40:00,6341.04,146.4,TRADE
VIC1,2025-08-12 09:45:00,6287.48,124.86,TRADE
VIC1,2025-08-12 09:50:00,6182.77,75.8,TRADE
VIC1,2025-08-12 09:55:00,6031.98,39.51,TRADE
VIC1,2025-08-12 10:00:00,6040.47,43.12,TRADE
VIC1,2025-08-12 10:05:00,6009.59,82.79,TRADE
VIC1,2025-08-12 10:10:00,6009.26,20.04,TRADE
VIC1,2025-08-12 10:15:00,5967.82,42.78,TRADE
VIC1,2025-08-12 10:20:00,5916.57,82.79,TRADE
VIC1,2025-08-12 10:25:00,5899.22,75.81,TRADE
VIC1,2025-08-12 10:30:00,5853.55,87.76,TRADE
VIC1,2025-08-12 10:35:00,5791.24,45.2,TRADE
VIC1,2025-08-12 10:40:00,5754.78,43.1,TRADE
VIC1,2025-08-12 10:45:00,5730.18,43.97,TRADE
VIC1,2025-08-12 10:50:00,5730.42,39.51,TRADE
VIC1,2025-08-12 10:55:00,5847.36,39.51,TRADE
VIC1,2025-08-12 11:00:00,5890.65,39.51,TRADE
VIC1,2025-08-12 11:05:00,5836.32,39.51,TRADE
VIC1,2025-08-12 11:10:00,5995.15,50.36,TRADE
VIC1,2025-08-12 11:15:00,5967.93,39.51,TRADE
VIC1,2025-08-12 11:20:00,6053.7,39.51,TRADE
VIC1,2025-08-12 11:25:00,6038.99,39.51,TRADE
VIC1,2025-08-12 11:30:00,5991.39,19.0,TRADE
VIC1,2025-08-12 11:35:00,5991.14,31.57,TRADE
VIC1,2025-08-12 11:40:00,5920.94,39.51,TRADE
VIC1,2025-08-12 11:45:00,5884.73,39.51,TRADE
VIC1,2025-08-12 11:50:00,5912.36,39.51,TRADE
VIC1,2025-08-12 11:55:00,5775.87,38.79,TRADE
VIC1,2025-08-12 12:00:00,5749.4,34.91,TRADE
VIC1,2025-08-12 12:05:00,5697.42,39.51,TRADE
VIC1,2025-08-12 12:10:00,5701.18,49.82,TRADE
VIC1,2025-08-12 12:15:00,5681.06,39.51,TRADE
VIC1,2025-08-12 12:20:00,5658.23,39.51,TRADE
VIC1,2025-08-12 12:25:00,5543.23,39.51,TRADE
VIC1,2025-08-12 12:30:00,5600.03,39.51,TRADE
VIC1,2025-08-12 12:35:00,5625.23,39.51,TRADE
VIC1,2025-08-12 12:40:00,5614.04,51.01,TRADE
VIC1,2025-08-12 12:45:00,5617.09,51.01,TRADE
VIC1,2025-08-12 12:50:00,5679.99,54.86,TRADE
VIC1,2025-08-12 12:55:00,5749.14,59.85,TRADE
VIC1,2025-08-12 13:00:00,5745.33,39.51,TRADE
VIC1,2025-08-12 13:05:00,5762.8,43.64,TRADE
VIC1,2025-08-12 13:10:00,5774.29,75.8,TRADE
VIC1,2025-08-12 13:15:00,5780.8,39.51,TRADE
VIC1,2025-08-12 13:20:00,5794.22,64.26,TRADE
VIC1,2025-08-12 13:25:00,5881.99,71.79,TRADE
VIC1,2025-08-12 13:30:00,5883.44,71.2,TRADE
VIC1,2025-08-12 13:35:00,5902.87,51.01,TRADE
VIC1,2025-08-12 13:40:00,5914.43,91.0,TRADE
VIC1,2025-08-12 13:45:00,5991.66,126.65,TRADE
VIC1,2025-08-12 13:50:00,6012.51,241.0,TRADE
VIC1,2025-08-12 13:55:00,5947.55,132.72,TRADE
VIC1,2025-08-12 14:00:00,6000.91,140.55,TRADE
VIC1,2025-08-12 14:05:00,6016.43,170.91,TRADE
VIC1,2025-08-12 14:10:00,6027.7,191.49,TRADE
VIC1,2025-08-12 14:15:00,6085.04,196.94,TRADE
VIC1,2025-08-12 14:20:00,6085.73,227.97,TRADE
VIC1,2025-08-12 14:25:00,6111.09,192.99,TRADE
VIC1,2025-08-12 14:30:00,6176.96,225.44,TRADE
VIC1,2025-08-12 14:35:00,6198.61,187.91,TRADE
VIC1,2025-08-12 14:40:00,6167.14,221.46,TRADE
VIC1,2025-08-12 14:45:00,6169.51,184.93,TRADE
VIC1,2025-08-12 14:50:00,6193.48,181.93,TRADE
VIC1,2025-08-12 14:55:00,6229.36,218.37,TRADE
VIC1,2025-08-12 15:00:00,6323.88,160.0,TRADE
VIC1,2025-08-12 15:05:00,6364.8,172.93,TRADE
VIC1,2025-08-12 15:10:00,6376.33,183.72,TRADE
VIC1,2025-08-12 15:15:00,6395.45,176.97,TRADE
VIC1,2025-08-12 15:20:00,6421.85,195.36,TRADE
VIC1,2025-08-12 15:25:00,6425.86,172.86,TRADE
VIC1,2025-08-12 15:30:00,6389.48,162.67,TRADE
VIC1,2025-08-12 15:35:00,6481.97,160.36,TRADE
VIC1,2025-08-12 15:40:00,6583.08,165.98,TRADE
VIC1,2025-08-12 15:45:00,6624.88,160.36,TRADE
VIC1,2025-08-12 15:50:00,6701.79,160.36,TRADE
VIC1,2025-08-12 15:55:00,6745.55,153.23,TRADE
VIC1,2025-08-12 16:00:00,6797.21,171.03,TRADE
VIC1,2025-08-12 16:05:00,6826.81,169.96,TRADE
VIC1,2025-08-12 16:10:00,6739.29,130.43,TRADE
VIC1,2025-08-12 16:15:00,6817.85,170.79,TRADE
VIC1,2025-08-12 16:20:00,6925.98,205.34,TRADE
VIC1,2025-08-12 16:25:00,6908.47,135.37,TRADE
VIC1,2025-08-12 16:30:00,6979.47,186.43,TRADE
VIC1,2025-08-12 16:35:00,7086.23,270.0,TRADE
VIC1,2025-08-12 16:40:00,7070.98,209.66,TRADE
VIC1,2025-08-12 16:45:00,7192.99,209.66,TRADE
VIC1,2025-08-12 16:50:00,7198.42,209.66,TRADE
VIC1,2025-08-12 16:55:00,7288.55,250.24,TRADE
VIC1,2025-08-12 17:00:00,7313.74,267.41,TRADE
VIC1,2025-08-12 17:05:00,7375.88,248.52,TRADE
VIC1,2025-08-12 17:10:00,7366.83,241.59,TRADE
VIC1,2025-08-12 17:15:00,7418.76,251.78,TRADE
VIC1,2025-08-12 17:20:00,7497.41,253.55,TRADE
VIC1,2025-08-12 17:25:00,7553.92,266.97,TRADE
VIC1,2025-08-12 17:30:00,7618.54,273.44,TRADE
VIC1,2025-08-12 17:35:00,7657.05,246.79,TRADE
VIC1,2025-08-12 17:40:00,7742.37,270.0,TRADE
VIC1,2025-08-12 17:45:00,7773.47,277.65,TRADE
VIC1,2025-08-12 17:50:00,7777.59,286.69,TRADE
VIC1,2025-08-12 17:55:00,7827.95,287.7,TRADE
VIC1,2025-08-12 18:00:00,7852.6,249.27,TRADE
VIC1,2025-08-12 18:05:00,7936.91,247.95,TRADE
VIC1,2025-08-12 18:10:00,7897.16,246.3,TRADE
VIC1,2025-08-12 18:15:00,7953.93,248.42,TRADE
VIC1,2025-08-12 18:20:00,7918.4,243.07,TRADE
VIC1,2025-08-12 18:25:00,7912.05,237.88,TRADE
VIC1,2025-08-12 18:30:00,7907.84,270.0,TRADE
VIC1,2025-08-12 18:35:00,7901.12,240.0,TRADE
VIC1,2025-08-12 18:40:00,7935.49,266.8,TRADE
VIC1,2025-08-12 18:45:00,7775.13,209.66,TRADE
VIC1,2025-08-12 18:50:00,7805.93,251.83,TRADE
VIC1,2025-08-12 18:55:00,7799.0,246.18,TRADE
VIC1,2025-08-12 19:00:00,7810.0,240.0,TRADE
VIC1,2025-08-12 19:05:00,7791.14,270.0,TRADE
VIC1,2025-08-12 19:10:00,7691.92,209.11,TRADE
VIC1,2025-08-12 19:15:00,7736.77,269.33,TRADE
VIC1,2025-08-12 19:20:00,7694.53,270.82,TRADE
VIC1,2025-08-12 19:25:00,7642.6,183.89,TRADE
VIC1,2025-08-12 19:30:00,7600.51,289.01,TRADE
VIC1,2025-08-12 19:35:00,7545.47,199.06,TRADE
VIC1,2025-08-12 19:40:00,7609.54,228.28,TRADE
VIC1,2025-08-12 19:45:00,7616.21,240.0,TRADE
VIC1,2025-08-12 19:50:00,7450.97,180.96,TRADE
VIC1,2025-08-12 19:55:00,7499.76,227.97,TRADE
VIC1,2025-08-12 20:00:00,7496.38,174.81,TRADE
VIC1,2025-08-12 20:05:00,7443.48,180.96,TRADE
VIC1,2025-08-12 20:10:00,7361.2,158.95,TRADE
VIC1,2025-08-12 20:15:00,7246.61,167.46,TRADE
VIC1,2025-08-12 20:20:00,7285.33,214.08,TRADE
VIC1,2025-08-12 20:25:00,7242.81,158.0,TRADE
VIC1,2025-08-12 20:30:00,7162.27,158.0,TRADE
VIC1,2025-08-12 20:35:00,7171.73,158.0,TRADE
VIC1,2025-08-12 20:40:00,7107.09,158.0,TRADE
VIC1,2025-08-12 20:45:00,7087.9,158.0,TRADE
VIC1,2025-08-12 20:50:00,7058.12,158.0,TRADE
VIC1,2025-08-12 20:55:00,6950.03,183.85,TRADE
VIC1,2025-08-12 21:00:00,6950.0,169.64,TRADE
VIC1,2025-08-12 21:05:00,6869.06,180.61,TRADE
VIC1,2025-08-12 21:10:00,6911.28,182.32,TRADE
VIC1,2025-08-12 21:15:00,6774.72,181.48,TRADE
VIC1,2025-08-12 21:20:00,6831.4,183.85,TRADE
VIC1,2025-08-12 21:25:00,6778.86,183.85,TRADE
VIC1,2025-08-12 21:30:00,6731.94,181.14,TRADE
VIC1,2025-08-12 21:35:00,6635.77,161.87,TRADE
VIC1,2025-08-12 21:40:00,6555.65,162.38,TRADE
VIC1,2025-08-12 21:45:00,6504.41,166.89,TRADE
VIC1,2025-08-12 21:50:00,6485.78,179.82,TRADE
VIC1,2025-08-12 21:55:00,6380.84,155.03,TRADE
VIC1,2025-08-12 22:00:00,6399.85,137.1,TRADE
VIC1,2025-08-12 22:05:00,6319.62,162.47,TRADE
VIC1,2025-08-12 22:10:00,6260.4,178.74,TRADE
VIC1,2025-08-12 22:15:00,6189.42,169.4,TRADE
VIC1,2025-08-12 22:20:00,6034.93,158.0,TRADE
VIC1,2025-08-12 22:25:00,6051.19,166.82,TRADE
VIC1,2025-08-12 22:30:00,5994.73,145.5,TRADE
VIC1,2025-08-12 22:35:00,5896.35,177.12,TRADE
VIC1,2025-08-12 22:40:00,5821.46,170.56,TRADE
VIC1,2025-08-12 22:45:00,5873.48,180.02,TRADE
VIC1,2025-08-12 22:50:00,5821.26,158.0,TRADE
VIC1,2025-08-12 22:55:00,5784.08,166.38,TRADE
VIC1,2025-08-12 23:00:00,5636.42,160.36,TRADE
VIC1,2025-08-12 23:05:00,5610.61,135.46,TRADE
VIC1,2025-08-12 23:10:00,5791.61,240.94,TRADE
VIC1,2025-08-12 23:15:00,5695.91,183.85,TRADE
VIC1,2025-08-12 23:20:00,5769.53,196.67,TRADE
VIC1,2025-08-12 23:25:00,5820.6,227.43,TRADE
VIC1,2025-08-12 23:30:00,5652.02,181.94,TRADE
VIC1,2025-08-12 23:35:00,5726.55,199.55,TRADE
VIC1,2025-08-12 23:40:00,5688.96,198.94,TRADE
VIC1,2025-08-12 23:45:00,5610.46,183.85,TRADE
VIC1,2025-08-12 23:50:00,5587.33,183.85,TRADE
VIC1,2025-08-12 23:55:00,5439.72,170.13,TRADE
VIC1,2025-08-13 00:00:00,5443.54,183.85,TRADE
VIC1,2025-08-13 00:05:00,5429.57,176.48,TRADE
VIC1,2025-08-13 00:10:00,5382.53,166.88,TRADE
VIC1,2025-08-13 00:15:00,5389.91,214.35,TRADE
VIC1,2025-08-13 00:20:00,5313.74,183.85,TRADE
VIC1,2025-08-13 00:25:00,5338.56,215.78,TRADE
VIC1,2025-08-13 00:30:00,5302.84,223.93,TRADE
VIC1,2025-08-13 00:35:00,5294.83,132.72,TRADE
VIC1,2025-08-13 00:40:00,5273.4,193.36,TRADE
VIC1,2025-08-13 00:45:00,5236.79,146.92,TRADE
VIC1,2025-08-13 00:50:00,5249.93,161.38,TRADE
VIC1,2025-08-13 00:55:00,5244.66,227.97,TRADE
VIC1,2025-08-13 01:00:00,5128.86,121.47,TRADE
VIC1,2025-08-13 01:05:00,5066.0,162.56,TRADE
VIC1,2025-08-13 01:10:00,5120.18,213.67,TRADE
VIC1,2025-08-13 01:15:00,5128.74,165.81,TRADE
VIC1,2025-08-13 01:20:00,5097.58,164.36,TRADE
VIC1,2025-08-13 01:25:00,5070.93,227.97,TRADE
VIC1,2025-08-13 01:30:00,5053.97,200.71,TRADE
VIC1,2025-08-13 01:35:00,5031.45,213.67,TRADE
VIC1,2025-08-13 01:40:00,4921.46,204.23,TRADE
VIC1,2025-08-13 01:45:00,4908.45,182.92,TRADE
VIC1,2025-08-13 01:50:00,4865.53,166.73,TRADE
VIC1,2025-08-13 01:55:00,4902.17,168.31,TRADE
VIC1,2025-08-13 02:00:00,4888.33,169.71,TRADE
VIC1,2025-08-13 02:05:00,4860.74,132.72,TRADE
VIC1,2025-08-13 02:10:00,4876.36,186.61,TRADE
VIC1,2025-08-13 02:15:00,4857.55,160.0,TRADE
VIC1,2025-08-13 02:20:00,4836.85,160.0,TRADE
VIC1,2025-08-13 02:25:00,4746.1,155.78,TRADE
VIC1,2025-08-13 02:30:00,4755.25,161.52,TRADE
VIC1,2025-08-13 02:35:00,4733.87,160.0,TRADE
VIC1,2025-08-13 02:40:00,4678.71,160.0,TRADE
VIC1,2025-08-13 02:45:00,4682.13,157.23,TRADE
VIC1,2025-08-13 02:50:00,4693.1,161.37,TRADE
VIC1,2025-08-13 02:55:00,4694.62,160.36,TRADE
VIC1,2025-08-13 03:00:00,4694.28,160.0,TRADE
VIC1,2025-08-13 03:05:00,4656.79,161.88,TRADE
VIC1,2025-08-13 03:10:00,4731.2,183.7,TRADE
VIC1,2025-08-13 03:15:00,4710.05,160.0,TRADE
VIC1,2025-08-13 03:20:00,4705.12,133.07,TRADE
VIC1,2025-08-13 03:25:00,4632.54,154.69,TRADE
VIC1,2025-08-13 03:30:00,4601.53,151.98,TRADE
VIC1,2025-08-13 03:35:00,4635.52,153.41,TRADE
VIC1,2025-08-13 03:40:00,4695.89,154.7,TRADE
VIC1,2025-08-13 03:45:00,4684.35,160.0,TRADE
VIC1,2025-08-13 03:50:00,4726.57,154.91,TRADE
VIC1,2025-08-13 03:55:00,4735.97,155.56,TRADE
VIC1,2025-08-13 04:00:00,4651.24,123.15,TRADE
VIC1,2025-08-13 04:05:00,4742.12,158.49,TRADE
VIC1,2025-08-13 04:10:00,4683.28,122.88,TRADE
VIC1,2025-08-13 04:15:00,4698.83,162.67,TRADE
VIC1,2025-08-13 04:20:00,4712.84,159.71,TRADE
VIC1,2025-08-13 04:25:00,4795.85,161.29,TRADE
VIC1,2025-08-13 04:30:00,4832.98,162.91,TRADE
VIC1,2025-08-13 04:35:00,4792.49,155.64,TRADE
VIC1,2025-08-13 04:40:00,4880.06,160.0,TRADE
VIC1,2025-08-13 04:45:00,4903.23,195.09,TRADE
VIC1,2025-08-13 04:50:00,4883.1,185.19,TRADE
VIC1,2025-08-13 04:55:00,4904.25,157.05,TRADE
VIC1,2025-08-13 05:00:00,4858.09,201.7,TRADE
VIC1,2025-08-13 05:05:00,4897.7,189.02,TRADE
VIC1,2025-08-13 05:10:00,5002.41,192.62,TRADE
VIC1,2025-08-13 05:15:00,5044.25,218.02,TRADE
VIC1,2025-08-13 05:20:00,5095.05,205.14,TRADE
VIC1,2025-08-13 05:25:00,5130.26,162.93,TRADE
VIC1,2025-08-13 05:30:00,5207.03,192.61,TRADE
VIC1,2025-08-13 05:35:00,5236.37,232.55,TRADE
VIC1,2025-08-13 05:40:00,5327.17,221.52,TRADE
VIC1,2025-08-13 05:45:00,5377.6,243.18,TRADE
VIC1,2025-08-13 05:50:00,5458.46,241.43,TRADE
VIC1,2025-08-13 05:55:00,5502.86,226.45,TRADE
VIC1,2025-08-13 06:00:00,5596.79,240.59,TRADE
VIC1,2025-08-13 06:05:00,5662.98,231.7,TRADE
VIC1,2025-08-13 06:10:00,5830.84,261.49,TRADE
VIC1,2025-08-13 06:15:00,5914.62,261.92,TRADE
VIC1,2025-08-13 06:20:00,6024.82,251.88,TRADE
VIC1,2025-08-13 06:25:00,6110.25,246.94,TRADE
VIC1,2025-08-13 06:30:00,6226.57,263.24,TRADE
VIC1,2025-08-13 06:35:00,6280.08,240.53,TRADE
VIC1,2025-08-13 06:40:00,6373.49,246.94,TRADE
VIC1,2025-08-13 06:45:00,6491.53,245.45,TRADE
VIC1,2025-08-13 06:50:00,6592.22,270.0,TRADE
VIC1,2025-08-13 06:55:00,6367.48,245.45,TRADE
VIC1,2025-08-13 07:00:00,6486.16,267.51,TRADE
VIC1,2025-08-13 07:05:00,6576.59,248.02,TRADE
VIC1,2025-08-13 07:10:00,6575.16,230.85,TRADE
VIC1,2025-08-13 07:15:00,6740.02,240.12,TRADE
VIC1,2025-08-13 07:20:00,6877.65,238.81,TRADE
VIC1,2025-08-13 07:25:00,6912.69,240.0,TRADE
VIC1,2025-08-13 07:30:00,6970.21,238.81,TRADE
VIC1,2025-08-13 07:35:00,6958.45,251.41,TRADE
VIC1,2025-08-13 07:40:00,6994.22,228.6,TRADE
VIC1,2025-08-13 07:45:00,7313.67,289.61,TRADE
VIC1,2025-08-13 07:50:00,7127.39,185.44,TRADE
VIC1,2025-08-13 07:55:00,7265.91,228.57,TRADE
VIC1,2025-08-13 08:00:00,7266.45,168.2,TRADE
VIC1,2025-08-13 08:05:00,7253.05,248.6,TRADE
VIC1,2025-08-13 08:10:00,7211.94,180.96,TRADE
VIC1,2025-08-13 08:15:00,7233.13,204.44,TRADE
VIC1,2025-08-13 08:20:00,7181.17,178.35,TRADE
VIC1,2025-08-13 08:25:00,7149.92,227.86,TRADE
VIC1,2025-08-13 08:30:00,7105.74,188.43,TRADE
VIC1,2025-08-13 08:35:00,7103.18,182.96,TRADE
VIC1,2025-08-13 08:40:00,7076.22,188.64,TRADE
VIC1,2025-08-13 08:45:00,7036.69,225.11,TRADE
VIC1,2025-08-13 08:50:00,6942.19,221.5,TRADE
VIC1,2025-08-13 08:55:00,6895.12,223.92,TRADE
VIC1,2025-08-13 09:00:00,6926.08,195.04,TRADE
VIC1,2025-08-13 09:05:00,6874.84,203.84,TRADE
VIC1,2025-08-13 09:10:00,6782.83,223.85,TRADE
VIC1,2025-08-13 09:15:00,6752.9,263.97,TRADE
VIC1,2025-08-13 09:20:00,6625.25,200.17,TRADE
VIC1,2025-08-13 09:25:00,6597.44,211.68,TRADE
VIC1,2025-08-13 09:30:00,6488.76,183.18,TRADE
VIC1,2025-08-13 09:35:00,6399.16,181.91,TRADE
VIC1,2025-08-13 09:40:00,6293.85,184.04,TRADE
VIC1,2025-08-13 09:45:00,6177.63,183.73,TRADE
VIC1,2025-08-13 09:50:00,6116.19,180.76,TRADE
VIC1,2025-08-13 09:55:00,6002.51,132.24,TRADE
VIC1,2025-08-13 10:00:00,5954.94,131.66,TRADE
VIC1,2025-08-13 10:05:00,5882.82,131.92,TRADE
VIC1,2025-08-13 10:10:00,5854.28,180.72,TRADE
VIC1,2025-08-13 10:15:00,5718.42,97.0,TRADE
VIC1,2025-08-13 10:20:00,5687.59,100.48,TRADE
VIC1,2025-08-13 10:25:00,5624.43,97.85,TRADE
VIC1,2025-08-13 10:30:00,5591.16,166.45,TRADE
VIC1,2025-08-13 10:35:00,5473.58,92.51,TRADE
VIC1,2025-08-13 10:40:00,5476.29,100.86,TRADE
VIC1,2025-08-13 10:45:00,5401.68,131.41,TRADE
VIC1,2025-08-13 10:50:00,5340.53,122.89,TRADE
VIC1,2025-08-13 10:55:00,5310.03,97.0,TRADE
VIC1,2025-08-13 11:00:00,5238.41,92.51,TRADE
VIC1,2025-08-13 11:05:00,5147.12,92.23,TRADE
VIC1,2025-08-13 11:10:00,4965.16,80.36,TRADE
VIC1,2025-08-13 11:15:00,4954.62,89.33,TRADE
VIC1,2025-08-13 11:20:00,4937.71,90.0,TRADE
VIC1,2025-08-13 11:25:00,4893.16,78.28,TRADE
VIC1,2025-08-13 11:30:00,4893.98,75.07,TRADE
VIC1,2025-08-13 11:35:00,4845.89,54.91,TRADE
VIC1,2025-08-13 11:40:00,4794.22,73.51,TRADE
VIC1,2025-08-13 11:45:00,4816.64,71.94,TRADE
VIC1,2025-08-13 11:50:00,4793.27,70.6,TRADE
VIC1,2025-08-13 11:55:00,4992.66,90.0,TRADE
VIC1,2025-08-13 12:00:00,4758.52,49.1,TRADE
VIC1,2025-08-13 12:05:00,4821.2,79.0,TRADE
VIC1,2025-08-13 12:10:00,4901.27,76.51,TRADE
VIC1,2025-08-13 12:15:00,4910.98,76.73,TRADE
VIC1,2025-08-13 12:20:00,4890.01,51.01,TRADE
VIC1,2025-08-13 12:25:00,4884.43,76.32,TRADE
VIC1,2025-08-13 12:30:00,4816.9,78.04,TRADE
VIC1,2025-08-13 12:35:00,4785.26,72.49,TRADE
VIC1,2025-08-13 12:40:00,4755.58,71.2,TRADE
VIC1,2025-08-13 12:45:00,4702.37,65.87,TRADE
VIC1,2025-08-13 12:50:00,4653.85,48.19,TRADE
VIC1,2025-08-13 12:55:00,4647.28,71.2,TRADE
VIC1,2025-08-13 13:00:00,4565.53,54.66,TRADE
VIC1,2025-08-13 13:05:00,4569.79,53.73,TRADE
VIC1,2025-08-13 13:10:00,4547.97,48.19,TRADE
VIC1,2025-08-13 13:15:00,4594.02,52.46,TRADE
VIC1,2025-08-13 13:20:00,4535.74,48.19,TRADE
VIC1,2025-08-13 13:25:00,4570.46,51.19,TRADE
VIC1,2025-08-13 13:30:00,4504.2,59.04,TRADE
VIC1,2025-08-13 13:35:00,4485.78,72.38,TRADE
VIC1,2025-08-13 13:40:00,4389.78,52.38,TRADE
VIC1,2025-08-13 13:45:00,4398.3,48.19,TRADE
VIC1,2025-08-13 13:50:00,4399.32,55.86,TRADE
VIC1,2025-08-13 13:55:00,4384.86,48.87,TRADE
VIC1,2025-08-13 14:00:00,4383.13,51.86,TRADE
VIC1,2025-08-13 14:05:00,4417.63,34.67,TRADE
VIC1,2025-08-13 14:10:00,4372.18,51.01,TRADE
VIC1,2025-08-13 14:15:00,4367.6,43.68,TRADE
VIC1,2025-08-13 14:20:00,4359.61,33.89,TRADE
VIC1,2025-08-13 14:25:00,4347.52,31.57,TRADE
VIC1,2025-08-13 14:30:00,4340.27,10.43,TRADE
VIC1,2025-08-13 14:35:00,4394.62,33.89,TRADE
VIC1,2025-08-13 14:40:00,4418.99,55.01,TRADE
VIC1,2025-08-13 14:45:00,4389.22,31.69,TRADE
VIC1,2025-08-13 14:50:00,4405.07,10.19,TRADE
VIC1,2025-08-13 14:55:00,4459.82,-9.38,TRADE
VIC1,2025-08-13 15:00:00,4480.97,0.01,TRADE
VIC1,2025-08-13 15:05:00,4454.8,0.0,TRADE
VIC1,2025-08-13 15:10:00,4455.81,-6.08,TRADE
VIC1,2025-08-13 15:15:00,4487.38,-6.16,TRADE
VIC1,2025-08-13 15:20:00,4542.91,-6.2,TRADE
VIC1,2025-08-13 15:25:00,4586.41,44.22,TRADE
VIC1,2025-08-13 15:30:00,4613.35,62.81,TRADE
VIC1,2025-08-13 15:35:00,4656.41,63.23,TRADE
VIC1,2025-08-13 15:40:00,4771.81,66.99,TRADE
VIC1,2025-08-13 15:45:00,4858.37,77.98,TRADE
VIC1,2025-08-13 15:50:00,4944.33,97.0,TRADE
VIC1,2025-08-13 15:55:00,4981.78,97.74,TRADE
VIC1,2025-08-13 16:00:00,5083.9,115.64,TRADE
VIC1,2025-08-13 16:05:00,5151.16,88.25,TRADE
VIC1,2025-08-13 16:10:00,5266.76,102.96,TRADE
VIC1,2025-08-13 16:15:00,5342.45,103.84,TRADE
VIC1,2025-08-13 16:20:00,5435.74,99.56,TRADE
VIC1,2025-08-13 16:25:00,5534.42,106.38,TRADE
VIC1,2025-08-13 16:30:00,5616.08,111.72,TRADE
VIC1,2025-08-13 16:35:00,5731.2,112.99,TRADE
VIC1,2025-08-13 16:40:00,5831.89,120.0,TRADE
VIC1,2025-08-13 16:45:00,5952.94,158.0,TRADE
VIC1,2025-08-13 16:50:00,6044.73,227.97,TRADE
VIC1,2025-08-13 16:55:00,6124.95,221.47,TRADE
VIC1,2025-08-13 17:00:00,6230.19,227.97,TRADE
VIC1,2025-08-13 17:05:00,6310.98,183.85,TRADE
VIC1,2025-08-13 17:10:00,6391.97,185.32,TRADE
VIC1,2025-08-13 17:15:00,6474.71,204.74,TRADE
VIC1,2025-08-13 17:20:00,6586.73,262.49,TRADE
VIC1,2025-08-13 17:25:00,6641.68,262.99,TRADE
VIC1,2025-08-13 17:30:00,6741.05,270.0,TRADE
VIC1,2025-08-13 17:35:00,6841.82,257.63,TRADE
VIC1,2025-08-13 17:40:00,6946.93,258.33,TRADE
VIC1,2025-08-13 17:45:00,7028.77,261.51,TRADE
VIC1,2025-08-13 17:50:00,7097.86,270.0,TRADE
VIC1,2025-08-13 17:55:00,7214.29,297.33,TRADE
VIC1,2025-08-13 18:00:00,7259.92,248.19,TRADE
VIC1,2025-08-13 18:05:00,7319.56,270.0,TRADE
VIC1,2025-08-13 18:10:00,7351.7,257.4,TRADE
VIC1,2025-08-13 18:15:00,7418.67,246.94,TRADE
VIC1,2025-08-13 18:20:00,7450.25,246.94,TRADE
VIC1,2025-08-13 18:25:00,7504.97,245.45,TRADE
VIC1,2025-08-13 18:30:00,7525.54,246.94,TRADE
VIC1,2025-08-13 18:35:00,7548.69,240.44,TRADE
VIC1,2025-08-13 18:40:00,7553.76,223.36,TRADE
VIC1,2025-08-13 18:45:00,7531.99,240.0,TRADE
VIC1,2025-08-13 18:50:00,7523.21,246.94,TRADE
VIC1,2025-08-13 18:55:00,7510.65,242.45,TRADE
VIC1,2025-08-13 19:00:00,7494.86,240.0,TRADE
VIC1,2025-08-13 19:05:00,7482.83,230.82,TRADE
VIC1,2025-08-13 19:10:00,7483.71,240.0,TRADE
VIC1,2025-08-13 19:15:00,7461.89,199.44,TRADE
VIC1,2025-08-13 19:20:00,7475.93,210.33,TRADE
VIC1,2025-08-13 19:25:00,7455.41,193.65,TRADE
VIC1,2025-08-13 19:30:00,7476.1,200.04,TRADE
VIC1,2025-08-13 19:35:00,7425.16,251.12,TRADE
VIC1,2025-08-13 19:40:00,7420.21,247.64,TRADE
VIC1,2025-08-13 19:45:00,7409.97,205.83,TRADE
VIC1,2025-08-13 19:50:00,7459.12,244.44,TRADE
VIC1,2025-08-13 19:55:00,7407.02,266.64,TRADE
VIC1,2025-08-13 20:00:00,7387.44,256.09,TRADE
VIC1,2025-08-13 20:05:00,7357.09,240.0,TRADE
VIC1,2025-08-13 20:10:00,7348.08,269.18,TRADE
VIC1,2025-08-13 20:15:00,7345.61,224.32,TRADE
VIC1,2025-08-13 20:20:00,7337.23,256.54,TRADE
VIC1,2025-08-13 20:25:00,7303.26,270.82,TRADE
VIC1,2025-08-13 20:30:00,7229.82,228.34,TRADE
VIC1,2025-08-13 20:35:00,7289.54,253.21,TRADE
VIC1,2025-08-13 20:40:00,7249.82,270.82,TRADE
VIC1,2025-08-13 20:45:00,7186.1,255.08,TRADE
VIC1,2025-08-13 20:50:00,7197.95,257.41,TRADE
VIC1,2025-08-13 20:55:00,7175.1,256.53,TRADE
VIC1,2025-08-13 21:00:00,7106.28,242.76,TRADE
VIC1,2025-08-13 21:05:00,7087.83,257.85,TRADE
VIC1,2025-08-13 21:10:00,7034.89,254.09,TRADE
VIC1,2025-08-13 21:15:00,6987.94,256.24,TRADE
VIC1,2025-08-13 21:20:00,6943.82,243.09,TRADE
VIC1,2025-08-13 21:25:00,6953.09,243.5,TRADE
VIC1,2025-08-13 21:30:00,6913.35,183.85,TRADE
VIC1,2025-08-13 21:35:00,6871.2,183.85,TRADE
VIC1,2025-08-13 21:40:00,6805.54,231.85,TRADE
VIC1,2025-08-13 21:45:00,6731.92,233.83,TRADE
VIC1,2025-08-13 21:50:00,6669.06,233.89,TRADE
VIC1,2025-08-13 21:55:00,6629.42,235.12,TRADE
VIC1,2025-08-13 22:00:00,6572.74,181.98,TRADE
VIC1,2025-08-13 22:05:00,6465.58,232.94,TRADE
VIC1,2025-08-13 22:10:00,6432.31,241.23,TRADE
VIC1,2025-08-13 22:15:00,6397.72,241.23,TRADE
VIC1,2025-08-13 22:20:00,6330.47,220.06,TRADE
VIC1,2025-08-13 22:25:00,6308.18,219.62,TRADE
VIC1,2025-08-13 22:30:00,6242.94,201.67,TRADE
VIC1,2025-08-13 22:35:00,6184.68,183.85,TRADE
VIC1,2025-08-13 22:40:00,6149.04,185.33,TRADE
VIC1,2025-08-13 22:45:00,6110.62,227.97,TRADE
VIC1,2025-08-13 22:50:00,6030.07,185.48,TRADE
VIC1,2025-08-13 22:55:00,6048.87,217.77,TRADE
VIC1,2025-08-13 23:00:00,5966.2,159.65,TRADE
VIC1,2025-08-13 23:05:00,5997.41,241.96,TRADE
VIC1,2025-08-13 23:10:00,6069.32,245.29,TRADE
VIC1,2025-08-13 23:15:00,6066.99,244.39,TRADE
VIC1,2025-08-13 23:20:00,6055.01,243.35,TRADE
VIC1,2025-08-13 23:25:00,6018.39,241.96,TRADE
VIC1,2025-08-13 23:30:00,6018.45,241.73,TRADE
VIC1,2025-08-13 23:35:00,5980.72,241.96,TRADE
VIC1,2025-08-13 23:40:00,5933.13,243.35,TRADE
VIC1,2025-08-13 23:45:00,5879.43,242.85,TRADE
VIC1,2025-08-13 23:50:00,5811.85,241.23,TRADE
VIC1,2025-08-13 23:55:00,5770.24,240.17,TRADE
VIC1,2025-08-14 00:00:00,5724.58,218.2,TRADE
VIC1,2025-08-14 00:05:00,5703.75,198.89,TRADE
VIC1,2025-08-14 00:10:00,5699.28,241.96,TRADE
VIC1,2025-08-14 00:15:00,5656.95,241.96,TRADE
VIC1,2025-08-14 00:20:00,5632.4,241.96,TRADE
VIC1,2025-08-14 00:25:00,5597.05,241.96,TRADE
VIC1,2025-08-14 00:30:00,5535.15,239.76,TRADE
VIC1,2025-08-14 00:35:00,5533.9,238.5,TRADE
VIC1,2025-08-14 00:40:00,5509.18,240.74,TRADE
VIC1,2025-08-14 00:45:00,5454.5,217.59,TRADE
VIC1,2025-08-14 00:50:00,5465.11,200.19,TRADE
VIC1,2025-08-14 00:55:00,5408.9,175.25,TRADE
VIC1,2025-08-14 01:00:00,5386.23,176.39,TRADE
VIC1,2025-08-14 01:05:00,5369.37,178.13,TRADE
VIC1,2025-08-14 01:10:00,5340.33,167.23,TRADE
VIC1,2025-08-14 01:15:00,5336.17,167.23,TRADE
VIC1,2025-08-14 01:20:00,5300.42,167.23,TRADE
VIC1,2025-08-14 01:25:00,5277.54,167.23,TRADE
VIC1,2025-08-14 01:30:00,5265.28,167.23,TRADE
VIC1,2025-08-14 01:35:00,5226.91,167.23,TRADE
VIC1,2025-08-14 01:40:00,5220.15,177.99,TRADE
VIC1,2025-08-14 01:45:00,5159.49,167.23,TRADE
VIC1,2025-08-14 01:50:00,5140.77,167.23,TRADE
VIC1,2025-08-14 01:55:00,5111.5,166.45,TRADE
VIC1,2025-08-14 02:00:00,5092.88,166.45,TRADE
VIC1,2025-08-14 02:05:00,5078.15,167.23,TRADE
VIC1,2025-08-14 02:10:00,5092.82,167.23,TRADE
VIC1,2025-08-14 02:15:00,5073.43,167.23,TRADE
VIC1,2025-08-14 02:20:00,5035.43,167.23,TRADE
VIC1,2025-08-14 02:25:00,5023.28,167.23,TRADE
VIC1,2025-08-14 02:30:00,5007.09,166.45,TRADE
VIC1,2025-08-14 02:35:00,4977.31,166.45,TRADE
VIC1,2025-08-14 02:40:00,4963.94,166.45,TRADE
VIC1,2025-08-14 02:45:00,4933.27,166.45,TRADE
VIC1,2025-08-14 02:50:00,4923.29,161.79,TRADE
VIC1,2025-08-14 02:55:00,4937.89,166.45,TRADE
VIC1,2025-08-14 03:00:00,4920.12,160.0,TRADE
VIC1,2025-08-14 03:05:00,4912.92,160.44,TRADE
VIC1,2025-08-14 03:10:00,4906.93,161.15,TRADE
VIC1,2025-08-14 03:15:00,4884.91,160.0,TRADE
VIC1,2025-08-14 03:20:00,4885.34,160.0,TRADE
VIC1,2025-08-14 03:25:00,4868.48,160.0,TRADE
VIC1,2025-08-14 03:30:00,4858.79,147.94,TRADE
VIC1,2025-08-14 03:35:00,4889.1,137.96,TRADE
VIC1,2025-08-14 03:40:00,4923.95,160.0,TRADE
VIC1,2025-08-14 03:45:00,4885.13,145.0,TRADE
VIC1,2025-08-14 03:50:00,4895.04,146.06,TRADE
VIC1,2025-08-14 03:55:00,4879.02,147.48,TRADE
VIC1,2025-08-14 04:00:00,4906.99,144.69,TRADE
VIC1,2025-08-14 04:05:00,4917.54,151.85,TRADE
VIC1,2025-08-14 04:10:00,4892.09,150.03,TRADE
VIC1,2025-08-14 04:15:00,4906.15,152.37,TRADE
VIC1,2025-08-14 04:20:00,4907.31,137.96,TRADE
VIC1,2025-08-14 04:25:00,4928.35,137.96,TRADE
VIC1,2025-08-14 04:30:00,4960.15,154.72,TRADE
VIC1,2025-08-14 04:35:00,4952.34,143.06,TRADE
VIC1,2025-08-14 04:40:00,5016.41,150.84,TRADE
VIC1,2025-08-14 04:45:00,5028.57,151.66,TRADE
VIC1,2025-08-14 04:50:00,5060.5,130.19,TRADE
VIC1,2025-08-14 04:55:00,5069.47,129.2,TRADE
VIC1,2025-08-14 05:00:00,5087.98,158.0,TRADE
VIC1,2025-08-14 05:05:00,5129.09,122.02,TRADE
VIC1,2025-08-14 05:10:00,5264.89,150.89,TRADE
VIC1,2025-08-14 05:15:00,5313.27,137.96,TRADE
VIC1,2025-08-14 05:20:00,5373.39,128.21,TRADE
VIC1,2025-08-14 05:25:00,5409.56,158.0,TRADE
VIC1,2025-08-14 05:30:00,5434.8,137.96,TRADE
VIC1,2025-08-14 05:35:00,5472.32,147.78,TRADE
VIC1,2025-08-14 05:40:00,5546.72,158.0,TRADE
VIC1,2025-08-14 05:45:00,5616.87,151.85,TRADE
VIC1,2025-08-14 05:50:00,5708.82,158.0,TRADE
VIC1,2025-08-14 05:55:00,5736.66,158.0,TRADE
VIC1,2025-08-14 06:00:00,5822.76,190.46,TRADE
VIC1,2025-08-14 06:05:00,5890.43,158.1,TRADE
VIC1,2025-08-14 06:10:00,6037.48,202.03,TRADE
VIC1,2025-08-14 06:15:00,6124.07,168.2,TRADE
VIC1,2025-08-14 06:20:00,6197.66,168.2,TRADE
VIC1,2025-08-14 06:25:00,6301.69,210.66,TRADE
VIC1,2025-08-14 06:30:00,6346.39,185.74,TRADE
VIC1,2025-08-14 06:35:00,6461.69,189.57,TRADE
VIC1,2025-08-14 06:40:00,6583.54,216.05,TRADE
VIC1,2025-08-14 06:45:00,6700.05,197.3,TRADE
VIC1,2025-08-14 06:50:00,6818.72,215.64,TRADE
VIC1,2025-08-14 06:55:00,6960.94,169.98,TRADE
VIC1,2025-08-14 07:00:00,7005.71,167.4,TRADE
VIC1,2025-08-14 07:05:00,7112.99,172.95,TRADE
VIC1,2025-08-14 07:10:00,7103.29,167.81,TRADE
VIC1,2025-08-14 07:15:00,7288.06,158.0,TRADE
VIC1,2025-08-14 07:20:00,7339.28,132.72,TRADE
VIC1,2025-08-14 07:25:00,7478.58,158.0,TRADE
VIC1,2025-08-14 07:30:00,7495.47,145.14,TRADE
VIC1,2025-08-14 07:35:00,7511.35,158.0,TRADE
VIC1,2025-08-14 07:40:00,7555.03,140.55,TRADE
VIC1,2025-08-14 07:45:00,7568.23,125.29,TRADE
VIC1,2025-08-14 07:50:00,7616.04,124.84,TRADE
VIC1,2025-08-14 07:55:00,7560.66,121.93,TRADE
VIC1,2025-08-14 08:00:00,7503.49,122.95,TRADE
VIC1,2025-08-14 08:05:00,7389.29,109.7,TRADE
VIC1,2025-08-14 08:10:00,7419.49,112.14,TRADE
VIC1,2025-08-14 08:15:00,7341.68,107.77,TRADE
VIC1,2025-08-14 08:20:00,7217.37,97.0,TRADE
VIC1,2025-08-14 08:25:00,7149.81,97.0,TRADE
VIC1,2025-08-14 08:30:00,7010.18,78.03,TRADE
VIC1,2025-08-14 08:35:00,6927.19,80.0,TRADE
VIC1,2025-08-14 08:40:00,6777.55,80.0,TRADE
VIC1,2025-08-14 08:45:00,6671.6,80.0,TRADE
VIC1,2025-08-14 08:50:00,6583.24,85.0,TRADE
VIC1,2025-08-14 08:55:00,6486.51,80.0,TRADE
VIC1,2025-08-14 09:00:00,6437.26,80.0,TRADE
VIC1,2025-08-14 09:05:00,6339.15,105.35,TRADE
VIC1,2025-08-14 09:10:00,6251.69,120.0,TRADE
VIC1,2025-08-14 09:15:00,6177.48,100.6,TRADE
VIC1,2025-08-14 09:20:00,6051.81,75.5,TRADE
VIC1,2025-08-14 09:25:00,5961.36,84.86,TRADE
VIC1,2025-08-14 09:30:00,5855.29,86.16,TRADE
VIC1,2025-08-14 09:35:00,5697.52,88.1,TRADE
VIC1,2025-08-14 09:40:00,5604.54,88.61,TRADE
VIC1,2025-08-14 09:45:00,5463.12,56.63,TRADE
VIC1,2025-08-14 09:50:00,5365.58,55.19,TRADE
VIC1,2025-08-14 09:55:00,5289.78,59.91,TRADE
VIC1,2025-08-14 10:00:00,5220.9,49.12,TRADE
VIC1,2025-08-14 10:05:00,5118.53,78.35,TRADE
VIC1,2025-08-14 10:10:00,5054.42,88.52,TRADE
VIC1,2025-08-14 10:15:00,4937.35,71.2,TRADE
VIC1,2025-08-14 10:20:00,4860.58,70.32,TRADE
VIC1,2025-08-14 10:25:00,4752.51,48.19,TRADE
VIC1,2025-08-14 10:30:00,4693.77,48.19,TRADE
VIC1,2025-08-14 10:35:00,4573.48,36.01,TRADE
VIC1,2025-08-14 10:40:00,4550.35,33.89,TRADE
VIC1,2025-08-14 10:45:00,4450.85,11.06,TRADE
VIC1,2025-08-14 10:50:00,4365.85,11.06,TRADE
VIC1,2025-08-14 10:55:00,4294.68,11.06,TRADE
VIC1,2025-08-14 11:00:00,4237.74,11.05,TRADE
VIC1,2025-08-14 11:05:00,4162.44,19.18,TRADE
VIC1,2025-08-14 11:10:00,4098.39,11.06,TRADE
VIC1,2025-08-14 11:15:00,4074.67,8.95,TRADE
VIC1,2025-08-14 11:20:00,4028.34,11.06,TRADE
VIC1,2025-08-14 11:25:00,3958.89,8.95,TRADE
VIC1,2025-08-14 11:30:00,3908.73,8.95,TRADE
VIC1,2025-08-14 11:35:00,3871.04,19.18,TRADE
VIC1,2025-08-14 11:40:00,3780.23,0.0,TRADE
VIC1,2025-08-14 11:45:00,3762.37,5.26,TRADE
VIC1,2025-08-14 11:50:00,3692.27,5.26,TRADE
VIC1,2025-08-14 11:55:00,3652.59,8.95,TRADE
VIC1,2025-08-14 12:00:00,3597.95,-1.57,TRADE
VIC1,2025-08-14 12:05:00,3598.06,8.95,TRADE
VIC1,2025-08-14 12:10:00,3542.41,5.26,TRADE
VIC1,2025-08-14 12:15:00,3493.15,8.95,TRADE
VIC1,2025-08-14 12:20:00,3467.29,8.44,TRADE
VIC1,2025-08-14 12:25:00,3450.51,6.97,TRADE
VIC1,2025-08-14 12:30:00,3401.55,0.0,TRADE
VIC1,2025-08-14 12:35:00,3429.93,8.95,TRADE
VIC1,2025-08-14 12:40:00,3402.87,-0.09,TRADE
VIC1,2025-08-14 12:45:00,3352.27,-0.03,TRADE
VIC1,2025-08-14 12:50:00,3364.49,0.0,TRADE
VIC1,2025-08-14 12:55:00,3359.37,-1.57,TRADE
VIC1,2025-08-14 13:00:00,3331.29,-14.37,TRADE
VIC1,2025-08-14 13:05:00,3398.84,-13.19,TRADE
VIC1,2025-08-14 13:10:00,3395.3,-13.18,TRADE
VIC1,2025-08-14 13:15:00,3405.55,-14.37,TRADE
VIC1,2025-08-14 13:20:00,3412.26,-14.37,TRADE
VIC1,2025-08-14 13:25:00,3386.54,-14.37,TRADE
VIC1,2025-08-14 13:30:00,3405.97,-14.37,TRADE
VIC1,2025-08-14 13:35:00,3387.93,-15.26,TRADE
VIC1,2025-08-14 13:40:00,3388.29,-12.0,TRADE
VIC1,2025-08-14 13:45:00,3360.65,-13.22,TRADE
VIC1,2025-08-14 13:50:00,3397.69,-14.37,TRADE
VIC1,2025-08-14 13:55:00,3466.0,-13.18,TRADE
VIC1,2025-08-14 14:00:00,3395.88,-14.37,TRADE
VIC1,2025-08-14 14:05:00,3455.92,-13.22,TRADE
VIC1,2025-08-14 14:10:00,3409.05,-14.37,TRADE
VIC1,2025-08-14 14:15:00,3480.37,-13.22,TRADE
VIC1,2025-08-14 14:20:00,3435.6,-13.19,TRADE
VIC1,2025-08-14 14:25:00,3480.34,-14.37,TRADE
VIC1,2025-08-14 14:30:00,3493.52,-13.27,TRADE
VIC1,2025-08-14 14:35:00,3502.98,-14.37,TRADE
VIC1,2025-08-14 14:40:00,3562.08,-14.37,TRADE
VIC1,2025-08-14 14:45:00,3602.39,-14.37,TRADE
VIC1,2025-08-14 14:50:00,3604.07,-19.99,TRADE
VIC1,2025-08-14 14:55:00,3678.03,-13.27,TRADE
VIC1,2025-08-14 15:00:00,3655.36,-13.27,TRADE
VIC1,2025-08-14 15:05:00,3724.6,-14.37,TRADE
VIC1,2025-08-14 15:10:00,3734.61,-14.37,TRADE
VIC1,2025-08-14 15:15:00,3819.15,-13.27,TRADE
VIC1,2025-08-14 15:20:00,3897.77,-13.27,TRADE
VIC1,2025-08-14 15:25:00,3968.89,-14.37,TRADE
VIC1,2025-08-14 15:30:00,4060.71,-13.19,TRADE
VIC1,2025-08-14 15:35:00,4085.29,-13.18,TRADE
VIC1,2025-08-14 15:40:00,4154.73,-13.18,TRADE
VIC1,2025-08-14 15:45:00,4246.69,-12.0,TRADE
VIC1,2025-08-14 15:50:00,4319.19,-12.9,TRADE
VIC1,2025-08-14 15:55:00,4416.8,-10.0,TRADE
VIC1,2025-08-14 16:00:00,4482.15,-6.08,TRADE
VIC1,2025-08-14 16:05:00,4470.88,-7.69,TRADE
VIC1,2025-08-14 16:10:00,4572.68,0.01,TRADE
VIC1,2025-08-14 16:15:00,4656.27,19.51,TRADE
VIC1,2025-08-14 16:20:00,4773.8,19.0,TRADE
VIC1,2025-08-14 16:25:00,4866.29,20.74,TRADE
VIC1,2025-08-14 16:30:00,4991.75,19.57,TRADE
VIC1,2025-08-14 16:35:00,5065.77,19.0,TRADE
VIC1,2025-08-14 16:40:00,5151.77,20.31,TRADE
VIC1,2025-08-14 16:45:00,5287.81,70.89,TRADE
VIC1,2025-08-14 16:50:00,5479.64,86.39,TRADE
VIC1,2025-08-14 16:55:00,5556.32,98.26,TRADE
VIC1,2025-08-14 17:00:00,5687.62,121.52,TRADE
VIC1,2025-08-14 17:05:00,5772.2,88.0,TRADE
VIC1,2025-08-14 17:10:00,5918.08,97.26,TRADE
VIC1,2025-08-14 17:15:00,5994.58,102.85,TRADE
VIC1,2025-08-14 17:20:00,6103.31,138.67,TRADE
VIC1,2025-08-14 17:25:00,6189.72,132.96,TRADE
VIC1,2025-08-14 17:30:00,6247.28,133.89,TRADE
VIC1,2025-08-14 17:35:00,6303.34,115.04,TRADE
VIC1,2025-08-14 17:40:00,6353.47,112.14,TRADE
VIC1,2025-08-14 17:45:00,6435.13,129.08,TRADE
VIC1,2025-08-14 17:50:00,6498.89,128.04,TRADE
VIC1,2025-08-14 17:55:00,6557.95,140.99,TRADE
VIC1,2025-08-14 18:00:00,6606.57,138.64,TRADE
VIC1,2025-08-14 18:05:00,6695.56,132.72,TRADE
VIC1,2025-08-14 18:10:00,6791.18,134.4,TRADE
VIC1,2025-08-14 18:15:00,6817.22,124.77,TRADE
VIC1,2025-08-14 18:20:00,6878.54,133.15,TRADE
VIC1,2025-08-14 18:25:00,6926.87,125.49,TRADE
VIC1,2025-08-14 18:30:00,6928.61,125.49,TRADE
VIC1,2025-08-14 18:35:00,6923.92,124.48,TRADE
VIC1,2025-08-14 18:40:00,6907.62,122.61,TRADE
VIC1,2025-08-14 18:45:00,6939.6,122.88,TRADE
VIC1,2025-08-14 18:50:00,6924.69,120.3,TRADE
VIC1,2025-08-14 18:55:00,6911.31,124.45,TRADE
VIC1,2025-08-14 19:00:00,6896.37,128.8,TRADE
VIC1,2025-08-14 19:05:00,6928.02,128.15,TRADE
VIC1,2025-08-14 19:10:00,6992.38,128.3,TRADE
VIC1,2025-08-14 19:15:00,6882.49,115.0,TRADE
VIC1,2025-08-14 19:20:00,6963.35,125.53,TRADE
VIC1,2025-08-14 19:25:00,6951.5,126.2,TRADE
VIC1,2025-08-14 19:30:00,6907.45,128.86,TRADE
VIC1,2025-08-14 19:35:00,6893.7,127.26,TRADE
VIC1,2025-08-14 19:40:00,6824.87,131.96,TRADE
VIC1,2025-08-14 19:45:00,6828.03,123.15,TRADE
VIC1,2025-08-14 19:50:00,6807.38,124.79,TRADE
VIC1,2025-08-14 19:55:00,6881.81,126.9,TRADE
VIC1,2025-08-14 20:00:00,6906.44,128.53,TRADE
VIC1,2025-08-14 20:05:00,6870.6,131.88,TRADE
VIC1,2025-08-14 20:10:00,6847.05,130.93,TRADE
VIC1,2025-08-14 20:15:00,6796.98,105.65,TRADE
VIC1,2025-08-14 20:20:00,6808.58,99.0,TRADE
VIC1,2025-08-14 20:25:00,6721.48,102.17,TRADE
VIC1,2025-08-14 20:30:00,6661.47,75.8,TRADE
VIC1,2025-08-14 20:35:00,6669.37,74.72,TRADE
VIC1,2025-08-14 20:40:00,6636.68,55.28,TRADE
VIC1,2025-08-14 20:45:00,6684.11,74.36,TRADE
VIC1,2025-08-14 20:50:00,6637.91,54.39,TRADE
VIC1,2025-08-14 20:55:00,6540.41,11.06,TRADE
VIC1,2025-08-14 21:00:00,6568.01,19.0,TRADE
VIC1,2025-08-14 21:05:00,6523.72,80.36,TRADE
VIC1,2025-08-14 21:10:00,6498.7,45.7,TRADE
VIC1,2025-08-14 21:15:00,6468.07,45.87,TRADE
VIC1,2025-08-14 21:20:00,6293.53,5.16,TRADE
VIC1,2025-08-14 21:25:00,6328.42,31.85,TRADE
VIC1,2025-08-14 21:30:00,6225.83,0.08,TRADE
VIC1,2025-08-14 21:35:00,6289.27,8.95,TRADE
VIC1,2025-08-14 21:40:00,6231.96,8.95,TRADE
VIC1,2025-08-14 21:45:00,6113.02,0.08,TRADE
VIC1,2025-08-14 21:50:00,6118.4,0.08,TRADE
VIC1,2025-08-14 21:55:00,6081.68,8.95,TRADE
VIC1,2025-08-14 22:00:00,6010.96,0.08,TRADE
VIC1,2025-08-14 22:05:00,5929.61,8.95,TRADE
VIC1,2025-08-14 22:10:00,5829.34,8.95,TRADE
VIC1,2025-08-14 22:15:00,5750.56,8.95,TRADE
VIC1,2025-08-14 22:20:00,5711.75,8.95,TRADE
VIC1,2025-08-14 22:25:00,5742.11,8.95,TRADE
VIC1,2025-08-14 22:30:00,5682.21,8.95,TRADE
VIC1,2025-08-14 22:35:00,5588.88,2.9,TRADE
VIC1,2025-08-14 22:40:00,5594.17,8.95,TRADE
VIC1,2025-08-14 22:45:00,5550.35,8.59,TRADE
VIC1,2025-08-14 22:50:00,5480.09,0.08,TRADE
VIC1,2025-08-14 22:55:00,5369.95,-10.0,TRADE
VIC1,2025-08-14 23:00:00,5341.54,-4.5,TRADE
VIC1,2025-08-14 23:05:00,5348.52,3.89,TRADE
VIC1,2025-08-14 23:10:00,5454.51,5.49,TRADE
VIC1,2025-08-14 23:15:00,5504.03,1.49,TRADE
VIC1,2025-08-14 23:20:00,5394.93,2.63,TRADE
VIC1,2025-08-14 23:25:00,5412.86,8.85,TRADE
VIC1,2025-08-14 23:30:00,5405.63,8.95,TRADE
VIC1,2025-08-14 23:35:00,5365.28,8.95,TRADE
VIC1,2025-08-14 23:40:00,5350.48,8.95,TRADE
VIC1,2025-08-14 23:45:00,5186.01,0.08,TRADE
VIC1,2025-08-14 23:50:00,5184.82,0.08,TRADE
VIC1,2025-08-14 23:55:00,5227.66,8.01,TRADE
VIC1,2025-08-15 00:00:00,5149.4,0.08,TRADE
VIC1,2025-08-15 00:05:00,5161.62,0.08,TRADE
VIC1,2025-08-15 00:10:00,5097.43,0.08,TRADE
VIC1,2025-08-15 00:15:00,5085.1,0.01,TRADE
VIC1,2025-08-15 00:20:00,5035.2,-10.0,TRADE
VIC1,2025-08-15 00:25:00,5038.54,-10.0,TRADE
VIC1,2025-08-15 00:30:00,4953.95,0.08,TRADE
VIC1,2025-08-15 00:35:00,4966.79,2.0,TRADE
VIC1,2025-08-15 00:40:00,4931.28,-1.57,TRADE
VIC1,2025-08-15 00:45:00,4948.74,-6.08,TRADE
VIC1,2025-08-15 00:50:00,4904.31,-1.25,TRADE
VIC1,2025-08-15 00:55:00,4946.99,0.01,TRADE
VIC1,2025-08-15 01:00:00,4883.84,0.08,TRADE
VIC1,2025-08-15 01:05:00,4825.63,-6.08,TRADE
VIC1,2025-08-15 01:10:00,4783.25,-6.16,TRADE
VIC1,2025-08-15 01:15:00,4745.28,-6.08,TRADE
VIC1,2025-08-15 01:20:00,4706.75,-6.16,TRADE
VIC1,2025-08-15 01:25:00,4755.32,-6.08,TRADE
VIC1,2025-08-15 01:30:00,4707.05,-6.08,TRADE
VIC1,2025-08-15 01:35:00,4678.8,-6.08,TRADE
VIC1,2025-08-15 01:40:00,4639.25,-10.0,TRADE
VIC1,2025-08-15 01:45:00,4637.34,-6.16,TRADE
VIC1,2025-08-15 01:50:00,4619.73,-6.16,TRADE
VIC1,2025-08-15 01:55:00,4615.31,-6.16,TRADE
VIC1,2025-08-15 02:00:00,4472.14,-10.0,TRADE
VIC1,2025-08-15 02:05:00,4537.16,-10.0,TRADE
VIC1,2025-08-15 02:10:00,4566.44,-6.16,TRADE
VIC1,2025-08-15 02:15:00,4521.94,-6.16,TRADE
VIC1,2025-08-15 02:20:00,4440.57,-10.0,TRADE
VIC1,2025-08-15 02:25:00,4491.45,-10.0,TRADE
VIC1,2025-08-15 02:30:00,4486.38,-10.0,TRADE
VIC1,2025-08-15 02:35:00,4443.36,-10.0,TRADE
VIC1,2025-08-15 02:40:00,4449.91,-10.0,TRADE
VIC1,2025-08-15 02:45:00,4330.77,-10.0,TRADE
VIC1,2025-08-15 02:50:00,4389.25,-10.0,TRADE
VIC1,2025-08-15 02:55:00,4310.9,-10.0,TRADE
VIC1,2025-08-15 03:00:00,4374.83,-10.0,TRADE
VIC1,2025-08-15 03:05:00,4377.27,-10.0,TRADE
VIC1,2025-08-15 03:10:00,4296.91,-10.0,TRADE
VIC1,2025-08-15 03:15:00,4355.49,-10.0,TRADE
VIC1,2025-08-15 03:20:00,4361.59,-10.0,TRADE
VIC1,2025-08-15 03:25:00,4381.66,-10.0,TRADE
VIC1,2025-08-15 03:30:00,4306.91,-10.0,TRADE
VIC1,2025-08-15 03:35:00,4277.11,-10.0,TRADE
VIC1,2025-08-15 03:40:00,4328.67,-10.0,TRADE
VIC1,2025-08-15 03:45:00,4389.69,-10.0,TRADE
VIC1,2025-08-15 03:50:00,4384.88,-10.0,TRADE
VIC1,2025-08-15 03:55:00,4361.72,-10.0,TRADE
VIC1,2025-08-15 04:00:00,4360.13,-10.0,TRADE
VIC1,2025-08-15 04:05:00,4375.36,-10.0,TRADE
VIC1,2025-08-15 04:10:00,4359.47,-10.0,TRADE
VIC1,2025-08-15 04:15:00,4288.09,-10.0,TRADE
VIC1,2025-08-15 04:20:00,4338.53,-10.0,TRADE
VIC1,2025-08-15 04:25:00,4335.9,-10.0,TRADE
VIC1,2025-08-15 04:30:00,4355.31,-10.0,TRADE
VIC1,2025-08-15 04:35:00,4364.35,-10.0,TRADE
VIC1,2025-08-15 04:40:00,4477.4,-10.0,TRADE
VIC1,2025-08-15 04:45:00,4483.81,-10.0,TRADE
VIC1,2025-08-15 04:50:00,4473.75,-10.0,TRADE
VIC1,2025-08-15 04:55:00,4495.29,-10.0,TRADE
VIC1,2025-08-15 05:00:00,4505.52,-10.0,TRADE
VIC1,2025-08-15 05:05:00,4568.43,-10.0,TRADE
VIC1,2025-08-15 05:10:00,4559.64,-10.0,TRADE
VIC1,2025-08-15 05:15:00,4609.78,-10.0,TRADE
VIC1,2025-08-15 05:20:00,4715.25,-5.66,TRADE
VIC1,2025-08-15 05:25:00,4761.63,-5.58,TRADE
VIC1,2025-08-15 05:30:00,4752.01,-10.0,TRADE
VIC1,2025-08-15 05:35:00,4829.23,-10.0,TRADE
VIC1,2025-08-15 05:40:00,4904.24,-1.51,TRADE
VIC1,2025-08-15 05:45:00,4928.56,-1.57,TRADE
VIC1,2025-08-15 05:50:00,5025.43,-1.57,TRADE
VIC1,2025-08-15 05:55:00,4998.51,-1.64,TRADE
VIC1,2025-08-15 06:00:00,5063.02,-1.57,TRADE
VIC1,2025-08-15 06:05:00,5127.1,0.0,TRADE
VIC1,2025-08-15 06:10:00,5378.72,8.95,TRADE
VIC1,2025-08-15 06:15:00,5422.97,8.95,TRADE
VIC1,2025-08-15 06:20:00,5479.56,8.95,TRADE
VIC1,2025-08-15 06:25:00,5670.63,19.0,TRADE
VIC1,2025-08-15 06:30:00,5736.56,19.0,TRADE
VIC1,2025-08-15 06:35:00,5792.35,-0.99,TRADE
VIC1,2025-08-15 06:40:00,5946.41,57.07,TRADE
VIC1,2025-08-15 06:45:00,5942.56,63.0,TRADE
VIC1,2025-08-15 06:50:00,6127.45,69.77,TRADE
VIC1,2025-08-15 06:55:00,6258.05,63.2,TRADE
VIC1,2025-08-15 07:00:00,6238.58,62.79,TRADE
VIC1,2025-08-15 07:05:00,6437.74,73.3,TRADE
VIC1,2025-08-15 07:10:00,6459.92,79.18,TRADE
VIC1,2025-08-15 07:15:00,6571.34,48.42,TRADE
VIC1,2025-08-15 07:20:00,6687.95,43.13,TRADE
VIC1,2025-08-15 07:25:00,6711.18,42.13,TRADE
VIC1,2025-08-15 07:30:00,6762.74,-11.89,TRADE
VIC1,2025-08-15 07:35:00,6853.93,0.01,TRADE
VIC1,2025-08-15 07:40:00,6784.93,23.65,TRADE
VIC1,2025-08-15 07:45:00,6874.98,45.89,TRADE
VIC1,2025-08-15 07:50:00,6903.31,75.89,TRADE
VIC1,2025-08-15 07:55:00,6956.17,57.23,TRADE
VIC1,2025-08-15 08:00:00,6963.3,58.67,TRADE
VIC1,2025-08-15 08:05:00,6880.73,42.08,TRADE
VIC1,2025-08-15 08:10:00,6995.75,62.19,TRADE
VIC1,2025-08-15 08:15:00,7019.36,69.74,TRADE
VIC1,2025-08-15 08:20:00,7057.76,68.1,TRADE
VIC1,2025-08-15 08:25:00,7042.1,63.03,TRADE
VIC1,2025-08-15 08:30:00,6908.3,25.43,TRADE
VIC1,2025-08-15 08:35:00,6927.31,43.19,TRADE
VIC1,2025-08-15 08:40:00,6844.66,24.13,TRADE
VIC1,2025-08-15 08:45:00,6858.47,24.13,TRADE
VIC1,2025-08-15 08:50:00,6835.51,24.13,TRADE
VIC1,2025-08-15 08:55:00,6813.71,12.76,TRADE
VIC1,2025-08-15 09:00:00,6904.15,40.43,TRADE
VIC1,2025-08-15 09:05:00,6878.16,40.51,TRADE
VIC1,2025-08-15 09:10:00,6873.19,29.33,TRADE
VIC1,2025-08-15 09:15:00,6857.97,45.89,TRADE
VIC1,2025-08-15 09:20:00,6873.05,91.25,TRADE
VIC1,2025-08-15 09:25:00,6844.1,53.41,TRADE
VIC1,2025-08-15 09:30:00,6724.39,20.86,TRADE
VIC1,2025-08-15 09:35:00,6714.08,48.15,TRADE
VIC1,2025-08-15 09:40:00,6761.04,92.24,TRADE
VIC1,2025-08-15 09:45:00,6698.71,84.04,TRADE
VIC1,2025-08-15 09:50:00,6691.79,86.11,TRADE
VIC1,2025-08-15 09:55:00,6595.23,48.15,TRADE
VIC1,2025-08-15 10:00:00,6567.59,54.56,TRADE
VIC1,2025-08-15 10:05:00,6522.46,199.35,TRADE
VIC1,2025-08-15 10:10:00,6474.83,261.14,TRADE
VIC1,2025-08-15 10:15:00,6292.47,48.15,TRADE
VIC1,2025-08-15 10:20:00,6451.91,163.45,TRADE
VIC1,2025-08-15 10:25:00,6385.88,10.61,TRADE
VIC1,2025-08-15 10:30:00,6337.64,3.75,TRADE
VIC1,2025-08-15 10:35:00,6421.55,46.79,TRADE
VIC1,2025-08-15 10:40:00,6367.86,61.48,TRADE
VIC1,2025-08-15 10:45:00,6359.73,67.03,TRADE
VIC1,2025-08-15 10:50:00,6360.47,163.43,TRADE
VIC1,2025-08-15 10:55:00,6268.88,172.73,TRADE
VIC1,2025-08-15 11:00:00,6204.76,160.73,TRADE
VIC1,2025-08-15 11:05:00,6218.6,172.1,TRADE
VIC1,2025-08-15 11:10:00,6248.24,75.89,TRADE
VIC1,2025-08-15 11:15:00,6266.3,68.44,TRADE
VIC1,2025-08-15 11:20:00,6241.66,-44.64,TRADE
VIC1,2025-08-15 11:25:00,6375.51,267.73,TRADE
VIC1,2025-08-15 11:30:00,6275.11,-999.98,TRADE
VIC1,2025-08-15 11:35:00,6467.33,75.8,TRADE
VIC1,2025-08-15 11:40:00,6310.68,16.04,TRADE
VIC1,2025-08-15 11:45:00,6305.6,30.68,TRADE
VIC1,2025-08-15 11:50:00,6251.44,13.85,TRADE
VIC1,2025-08-15 11:55:00,6271.18,29.03,TRADE
VIC1,2025-08-15 12:00:00,6303.06,58.28,TRADE
VIC1,2025-08-15 12:05:00,6332.44,62.34,TRADE
VIC1,2025-08-15 12:10:00,6349.96,60.53,TRADE
VIC1,2025-08-15 12:15:00,6262.14,-10.0,TRADE
VIC1,2025-08-15 12:20:00,6286.46,3.52,TRADE
VIC1,2025-08-15 12:25:00,6332.64,3.65,TRADE
VIC1,2025-08-15 12:30:00,6392.16,24.48,TRADE
VIC1,2025-08-15 12:35:00,6359.07,16.58,TRADE
VIC1,2025-08-15 12:40:00,6386.64,38.45,TRADE
VIC1,2025-08-15 12:45:00,6422.72,53.5,TRADE
VIC1,2025-08-15 12:50:00,6436.31,62.57,TRADE
VIC1,2025-08-15 12:55:00,6427.2,122.66,TRADE
VIC1,2025-08-15 13:00:00,6310.75,43.04,TRADE
VIC1,2025-08-15 13:05:00,6334.1,54.68,TRADE
VIC1,2025-08-15 13:10:00,6284.56,-5.52,TRADE
VIC1,2025-08-15 13:15:00,6329.47,31.66,TRADE
VIC1,2025-08-15 13:20:00,6330.5,-2.01,TRADE
VIC1,2025-08-15 13:25:00,6332.41,10.83,TRADE
VIC1,2025-08-15 13:30:00,6370.17,19.0,TRADE
VIC1,2025-08-15 13:35:00,6255.42,8.95,TRADE
VIC1,2025-08-15 13:40:00,6252.02,31.89,TRADE
VIC1,2025-08-15 13:45:00,6226.42,-6.16,TRADE
VIC1,2025-08-15 13:50:00,6223.97,-6.16,TRADE
VIC1,2025-08-15 13:55:00,6217.56,28.51,TRADE
VIC1,2025-08-15 14:00:00,6048.73,8.95,TRADE
VIC1,2025-08-15 14:05:00,6111.78,17.7,TRADE
VIC1,2025-08-15 14:10:00,6206.52,8.95,TRADE
VIC1,2025-08-15 14:15:00,6203.86,-10.0,TRADE
VIC1,2025-08-15 14:20:00,6234.64,-10.0,TRADE
VIC1,2025-08-15 14:25:00,6261.94,0.0,TRADE
VIC1,2025-08-15 14:30:00,6316.87,11.06,TRADE
VIC1,2025-08-15 14:35:00,6329.04,-1.57,TRADE
VIC1,2025-08-15 14:40:00,6278.52,1.64,TRADE
VIC1,2025-08-15 14:45:00,6185.74,0.0,TRADE
VIC1,2025-08-15 14:50:00,6255.06,8.95,TRADE
VIC1,2025-08-15 14:55:00,6269.33,19.81,TRADE
VIC1,2025-08-15 15:00:00,6242.83,17.98,TRADE
VIC1,2025-08-15 15:05:00,6316.49,0.01,TRADE
VIC1,2025-08-15 15:10:00,6317.54,45.89,TRADE
VIC1,2025-08-15 15:15:00,6327.07,19.36,TRADE
VIC1,2025-08-15 15:20:00,6282.59,31.68,TRADE
VIC1,2025-08-15 15:25:00,6309.68,-10.0,TRADE
VIC1,2025-08-15 15:30:00,6384.32,70.34,TRADE
VIC1,2025-08-15 15:35:00,6388.93,50.1,TRADE
VIC1,2025-08-15 15:40:00,6410.31,71.17,TRADE
VIC1,2025-08-15 15:45:00,6522.77,20.04,TRADE
VIC1,2025-08-15 15:50:00,6585.97,12.42,TRADE
VIC1,2025-08-15 15:55:00,6598.2,56.08,TRADE
VIC1,2025-08-15 16:00:00,6592.23,43.01,TRADE
VIC1,2025-08-15 16:05:00,6455.2,-6.16,TRADE
VIC1,2025-08-15 16:10:00,6550.37,0.0,TRADE
VIC1,2025-08-15 16:15:00,6585.22,8.95,TRADE
VIC1,2025-08-15 16:20:00,6601.32,11.01,TRADE
VIC1,2025-08-15 16:25:00,6630.71,19.0,TRADE
VIC1,2025-08-15 16:30:00,6649.88,32.63,TRADE
VIC1,2025-08-15 16:35:00,6645.49,19.0,TRADE
VIC1,2025-08-15 16:40:00,6655.87,19.0,TRADE
VIC1,2025-08-15 16:45:00,6723.25,36.07,TRADE
VIC1,2025-08-15 16:50:00,6723.37,67.72,TRADE
VIC1,2025-08-15 16:55:00,6800.23,97.56,TRADE
VIC1,2025-08-15 17:00:00,6929.46,128.88,TRADE
VIC1,2025-08-15 17:05:00,6984.24,79.74,TRADE
VIC1,2025-08-15 17:10:00,7028.34,81.86,TRADE
VIC1,2025-08-15 17:15:00,7089.32,95.3,TRADE
VIC1,2025-08-15 17:20:00,7186.34,132.72,TRADE
VIC1,2025-08-15 17:25:00,7194.02,136.36,TRADE
VIC1,2025-08-15 17:30:00,7311.66,151.18,TRADE
VIC1,2025-08-15 17:35:00,7278.3,114.61,TRADE
VIC1,2025-08-15 17:40:00,7369.73,130.27,TRADE
VIC1,2025-08-15 17:45:00,7492.16,116.55,TRADE
VIC1,2025-08-15 17:50:00,7568.77,127.06,TRADE
VIC1,2025-08-15 17:55:00,7583.8,130.51,TRADE
VIC1,2025-08-15 18:00:00,7620.3,163.95,TRADE
VIC1,2025-08-15 18:05:00,7622.25,161.15,TRADE
VIC1,2025-08-15 18:10:00,7554.32,146.38,TRADE
VIC1,2025-08-15 18:15:00,7632.66,169.45,TRADE
VIC1,2025-08-15 18:20:00,7491.72,147.12,TRADE
VIC1,2025-08-15 18:25:00,7613.05,181.72,TRADE
VIC1,2025-08-15 18:30:00,7565.32,161.75,TRADE
VIC1,2025-08-15 18:35:00,7572.15,159.46,TRADE
VIC1,2025-08-15 18:40:00,7499.11,156.59,TRADE
VIC1,2025-08-15 18:45:00,7555.66,168.2,TRADE
VIC1,2025-08-15 18:50:00,7518.96,164.39,TRADE
VIC1,2025-08-15 18:55:00,7526.74,163.61,TRADE
VIC1,2025-08-15 19:00:00,7432.05,168.2,TRADE
VIC1,2025-08-15 19:05:00,7431.77,175.51,TRADE
VIC1,2025-08-15 19:10:00,7387.76,168.2,TRADE
VIC1,2025-08-15 19:15:00,7338.87,170.22,TRADE
VIC1,2025-08-15 19:20:00,7372.36,172.51,TRADE
VIC1,2025-08-15 19:25:00,7388.02,183.85,TRADE
VIC1,2025-08-15 19:30:00,7375.84,183.85,TRADE
VIC1,2025-08-15 19:35:00,7280.31,188.55,TRADE
VIC1,2025-08-15 19:40:00,7310.17,173.29,TRADE
VIC1,2025-08-15 19:45:00,7297.52,183.85,TRADE
VIC1,2025-08-15 19:50:00,7250.27,183.85,TRADE
VIC1,2025-08-15 19:55:00,7156.55,173.34,TRADE
VIC1,2025-08-15 20:00:00,7186.2,183.85,TRADE
VIC1,2025-08-15 20:05:00,7146.43,197.48,TRADE
VIC1,2025-08-15 20:10:00,7157.13,198.05,TRADE
VIC1,2025-08-15 20:15:00,7130.9,231.43,TRADE
VIC1,2025-08-15 20:20:00,7033.39,183.85,TRADE
VIC1,2025-08-15 20:25:00,7070.05,178.86,TRADE
VIC1,2025-08-15 20:30:00,7079.78,181.17,TRADE
VIC1,2025-08-15 20:35:00,7019.99,188.47,TRADE
VIC1,2025-08-15 20:40:00,7044.08,191.27,TRADE
VIC1,2025-08-15 20:45:00,6940.31,186.94,TRADE
VIC1,2025-08-15 20:50:00,6918.88,186.9,TRADE
VIC1,2025-08-15 20:55:00,6939.4,188.6,TRADE
VIC1,2025-08-15 21:00:00,6898.24,174.24,TRADE
VIC1,2025-08-15 21:05:00,6814.43,172.99,TRADE
VIC1,2025-08-15 21:10:00,6791.45,174.29,TRADE
VIC1,2025-08-15 21:15:00,6779.98,169.01,TRADE
VIC1,2025-08-15 21:20:00,6782.94,171.73,TRADE
VIC1,2025-08-15 21:25:00,6758.57,182.75,TRADE
VIC1,2025-08-15 21:30:00,6641.97,170.38,TRADE
VIC1,2025-08-15 21:35:00,6701.92,172.98,TRADE
VIC1,2025-08-15 21:40:00,6650.93,173.15,TRADE
VIC1,2025-08-15 21:45:00,6614.1,153.88,TRADE
VIC1,2025-08-15 21:50:00,6592.39,141.08,TRADE
VIC1,2025-08-15 21:55:00,6547.21,142.44,TRADE
VIC1,2025-08-15 22:00:00,6520.73,129.29,TRADE
VIC1,2025-08-15 22:05:00,6481.79,129.54,TRADE
VIC1,2025-08-15 22:10:00,6306.29,118.54,TRADE
VIC1,2025-08-15 22:15:00,6327.29,121.31,TRADE
VIC1,2025-08-15 22:20:00,6278.81,118.18,TRADE
VIC1,2025-08-15 22:25:00,6267.79,85.14,TRADE
VIC1,2025-08-15 22:30:00,6162.98,77.34,TRADE
VIC1,2025-08-15 22:35:00,6212.37,96.79,TRADE
VIC1,2025-08-15 22:40:00,6188.55,105.22,TRADE
VIC1,2025-08-15 22:45:00,6148.14,86.04,TRADE
VIC1,2025-08-15 22:50:00,6082.35,79.26,TRADE
VIC1,2025-08-15 22:55:00,5950.54,82.22,TRADE
VIC1,2025-08-15 23:00:00,5970.83,81.66,TRADE
VIC1,2025-08-15 23:05:00,5978.85,93.42,TRADE
VIC1,2025-08-15 23:10:00,5988.65,99.5,TRADE
VIC1,2025-08-15 23:15:00,6061.72,97.38,TRADE
VIC1,2025-08-15 23:20:00,6022.16,78.56,TRADE
VIC1,2025-08-15 23:25:00,5998.59,75.8,TRADE
VIC1,2025-08-15 23:30:00,6004.63,76.56,TRADE
VIC1,2025-08-15 23:35:00,5867.98,77.8,TRADE
VIC1,2025-08-15 23:40:00,5824.27,92.35,TRADE
VIC1,2025-08-15 23:45:00,5816.84,77.68,TRADE
VIC1,2025-08-15 23:50:00,5697.6,78.08,TRADE
VIC1,2025-08-15 23:55:00,5752.11,78.76,TRADE
VIC1,2025-08-18 00:00:00,5412.49,122.11,TRADE
VIC1,2025-08-18 00:05:00,5451.36,155.37,TRADE
VIC1,2025-08-18 00:10:00,5477.74,158.0,TRADE
VIC1,2025-08-18 00:15:00,5470.62,157.97,TRADE
VIC1,2025-08-18 00:20:00,5448.44,136.82,TRADE
VIC1,2025-08-18 00:25:00,5437.45,158.0,TRADE
VIC1,2025-08-18 00:30:00,5396.0,135.45,TRADE
VIC1,2025-08-18 00:35:00,5354.92,158.0,TRADE
VIC1,2025-08-18 00:40:00,5258.85,157.92,TRADE
VIC1,2025-08-18 00:45:00,5216.48,158.0,TRADE
VIC1,2025-08-18 00:50:00,5187.49,157.89,TRADE
VIC1,2025-08-18 00:55:00,5272.75,166.65,TRADE
VIC1,2025-08-18 01:00:00,5234.12,137.67,TRADE
VIC1,2025-08-18 01:05:00,5231.15,170.79,TRADE
VIC1,2025-08-18 01:10:00,5236.79,173.84,TRADE
VIC1,2025-08-18 01:15:00,5189.87,227.97,TRADE
VIC1,2025-08-18 01:20:00,5162.09,158.0,TRADE
VIC1,2025-08-18 01:25:00,5100.36,160.24,TRADE
VIC1,2025-08-18 01:30:00,5051.9,165.84,TRADE
VIC1,2025-08-18 01:35:00,5083.75,174.63,TRADE
VIC1,2025-08-18 01:40:00,5093.89,191.76,TRADE
VIC1,2025-08-18 01:45:00,4984.51,165.94,TRADE
VIC1,2025-08-18 01:50:00,5049.5,173.0,TRADE
VIC1,2025-08-18 01:55:00,5033.76,159.02,TRADE
VIC1,2025-08-18 02:00:00,5007.34,160.39,TRADE
VIC1,2025-08-18 02:05:00,4975.29,159.08,TRADE
VIC1,2025-08-18 02:10:00,4907.86,166.61,TRADE
VIC1,2025-08-18 02:15:00,4945.88,158.0,TRADE
VIC1,2025-08-18 02:20:00,4934.27,156.41,TRADE
VIC1,2025-08-18 02:25:00,4870.79,136.05,TRADE
VIC1,2025-08-18 02:30:00,4897.64,136.14,TRADE
VIC1,2025-08-18 02:35:00,4937.0,159.03,TRADE
VIC1,2025-08-18 02:40:00,4911.85,158.0,TRADE
VIC1,2025-08-18 02:45:00,4873.42,135.05,TRADE
VIC1,2025-08-18 02:50:00,4884.95,148.1,TRADE
VIC1,2025-08-18 02:55:00,4823.17,136.93,TRADE
VIC1,2025-08-18 03:00:00,4793.19,134.16,TRADE
VIC1,2025-08-18 03:05:00,4790.36,137.65,TRADE
VIC1,2025-08-18 03:10:00,4839.83,158.0,TRADE
VIC1,2025-08-18 03:15:00,4859.28,137.91,TRADE
VIC1,2025-08-18 03:20:00,4887.62,148.78,TRADE
VIC1,2025-08-18 03:25:00,4859.51,167.26,TRADE
VIC1,2025-08-18 03:30:00,4856.28,159.69,TRADE
VIC1,2025-08-18 03:35:00,4861.88,158.0,TRADE
VIC1,2025-08-18 03:40:00,4836.94,158.0,TRADE
VIC1,2025-08-18 03:45:00,4767.17,153.36,TRADE
VIC1,2025-08-18 03:50:00,4777.94,162.72,TRADE
VIC1,2025-08-18 03:55:00,4856.82,156.97,TRADE
VIC1,2025-08-18 04:00:00,4826.25,154.62,TRADE
VIC1,2025-08-18 04:05:00,4862.45,135.2,TRADE
VIC1,2025-08-18 04:10:00,4886.83,154.9,TRADE
VIC1,2025-08-18 04:15:00,4886.93,140.16,TRADE
VIC1,2025-08-18 04:20:00,4912.95,135.82,TRADE
VIC1,2025-08-18 04:25:00,4853.92,132.87,TRADE
VIC1,2025-08-18 04:30:00,4845.78,151.36,TRADE
VIC1,2025-08-18 04:35:00,4944.49,144.1,TRADE
VIC1,2025-08-18 04:40:00,4883.47,142.71,TRADE
VIC1,2025-08-18 04:45:00,4973.09,153.49,TRADE
VIC1,2025-08-18 04:50:00,5010.01,155.64,TRADE
VIC1,2025-08-18 04:55:00,5021.96,152.29,TRADE
VIC1,2025-08-18 05:00:00,5085.15,144.77,TRADE
VIC1,2025-08-18 05:05:00,5040.72,137.93,TRADE
VIC1,2025-08-18 05:10:00,5118.82,142.09,TRADE
VIC1,2025-08-18 05:15:00,5178.2,149.94,TRADE
VIC1,2025-08-18 05:20:00,5279.66,154.41,TRADE
VIC1,2025-08-18 05:25:00,5307.09,158.11,TRADE
VIC1,2025-08-18 05:30:00,5380.47,166.72,TRADE
VIC1,2025-08-18 05:35:00,5430.24,142.62,TRADE
VIC1,2025-08-18 05:40:00,5563.33,155.89,TRADE
VIC1,2025-08-18 05:45:00,5616.18,151.07,TRADE
VIC1,2025-08-18 05:50:00,5565.9,151.07,TRADE
VIC1,2025-08-18 05:55:00,5679.17,188.99,TRADE
VIC1,2025-08-18 06:00:00,5716.41,192.51,TRADE
VIC1,2025-08-18 06:05:00,5754.27,150.86,TRADE
VIC1,2025-08-18 06:10:00,6016.88,240.0,TRADE
VIC1,2025-08-18 06:15:00,6093.3,182.14,TRADE
VIC1,2025-08-18 06:20:00,6172.44,171.65,TRADE
VIC1,2025-08-18 06:25:00,6205.9,193.17,TRADE
VIC1,2025-08-18 06:30:00,6289.78,210.29,TRADE
VIC1,2025-08-18 06:35:00,6360.19,212.65,TRADE
VIC1,2025-08-18 06:40:00,6505.47,241.96,TRADE
VIC1,2025-08-18 06:45:00,6586.98,251.26,TRADE
VIC1,2025-08-18 06:50:00,6736.54,259.36,TRADE
VIC1,2025-08-18 06:55:00,6881.31,265.03,TRADE
VIC1,2025-08-18 07:00:00,7043.62,271.0,TRADE
VIC1,2025-08-18 07:05:00,7128.01,275.43,TRADE
VIC1,2025-08-18 07:10:00,7018.92,270.82,TRADE
VIC1,2025-08-18 07:15:00,7186.7,213.65,TRADE
VIC1,2025-08-18 07:20:00,7360.76,213.86,TRADE
VIC1,2025-08-18 07:25:00,7422.66,168.66,TRADE
VIC1,2025-08-18 07:30:00,7524.36,240.0,TRADE
VIC1,2025-08-18 07:35:00,7577.05,185.89,TRADE
VIC1,2025-08-18 07:40:00,7635.63,229.44,TRADE
VIC1,2025-08-18 07:45:00,7658.61,185.74,TRADE
VIC1,2025-08-18 07:50:00,7580.0,169.49,TRADE
VIC1,2025-08-18 07:55:00,7613.09,183.85,TRADE
VIC1,2025-08-18 08:00:00,7657.93,246.94,TRADE
VIC1,2025-08-18 08:05:00,7631.72,183.85,TRADE
VIC1,2025-08-18 08:10:00,7740.67,179.89,TRADE
VIC1,2025-08-18 08:15:00,7752.23,241.96,TRADE
VIC1,2025-08-18 08:20:00,7720.11,207.24,TRADE
VIC1,2025-08-18 08:25:00,7718.44,183.85,TRADE
VIC1,2025-08-18 08:30:00,7637.56,131.31,TRADE
VIC1,2025-08-18 08:35:00,7583.0,160.45,TRADE
VIC1,2025-08-18 08:40:00,7589.27,210.66,TRADE
VIC1,2025-08-18 08:45:00,7597.03,233.17,TRADE
VIC1,2025-08-18 08:50:00,7570.65,246.94,TRADE
VIC1,2025-08-18 08:55:00,7561.96,246.94,TRADE
VIC1,2025-08-18 09:00:00,7495.03,212.42,TRADE
VIC1,2025-08-18 09:05:00,7476.84,270.82,TRADE
VIC1,2025-08-18 09:10:00,7377.15,311.63,TRADE
VIC1,2025-08-18 09:15:00,7348.37,223.36,TRADE
VIC1,2025-08-18 09:20:00,7401.14,246.94,TRADE
VIC1,2025-08-18 09:25:00,7350.17,319.44,TRADE
VIC1,2025-08-18 09:30:00,7341.34,246.94,TRADE
VIC1,2025-08-18 09:35:00,7256.35,246.94,TRADE
VIC1,2025-08-18 09:40:00,7252.39,202.52,TRADE
VIC1,2025-08-18 09:45:00,7230.38,178.44,TRADE
VIC1,2025-08-18 09:50:00,7180.03,132.72,TRADE
VIC1,2025-08-18 09:55:00,7044.14,122.02,TRADE
VIC1,2025-08-18 10:00:00,7045.45,132.72,TRADE
VIC1,2025-08-18 10:05:00,7037.69,75.8,TRADE
VIC1,2025-08-18 10:10:00,6965.38,75.8,TRADE
VIC1,2025-08-18 10:15:00,6932.22,122.02,TRADE
VIC1,2025-08-18 10:20:00,6872.64,71.13,TRADE
VIC1,2025-08-18 10:25:00,6820.13,71.33,TRADE
VIC1,2025-08-18 10:30:00,6751.22,19.0,TRADE
VIC1,2025-08-18 10:35:00,6656.59,50.09,TRADE
VIC1,2025-08-18 10:40:00,6650.37,49.83,TRADE
VIC1,2025-08-18 10:45:00,6650.76,82.93,TRADE
VIC1,2025-08-18 10:50:00,6579.44,90.0,TRADE
VIC1,2025-08-18 10:55:00,6516.6,86.76,TRADE
VIC1,2025-08-18 11:00:00,6481.87,58.33,TRADE
VIC1,2025-08-18 11:05:00,6426.39,158.0,TRADE
VIC1,2025-08-18 11:10:00,6320.83,158.0,TRADE
VIC1,2025-08-18 11:15:00,6378.62,104.19,TRADE
VIC1,2025-08-18 11:20:00,6421.8,120.0,TRADE
VIC1,2025-08-18 11:25:00,6326.5,75.8,TRADE
VIC1,2025-08-18 11:30:00,6328.87,90.19,TRADE
VIC1,2025-08-18 11:35:00,6390.31,241.96,TRADE
VIC1,2025-08-18 11:40:00,6325.28,109.91,TRADE
VIC1,2025-08-18 11:45:00,6265.19,75.8,TRADE
VIC1,2025-08-18 11:50:00,6328.03,106.79,TRADE
VIC1,2025-08-18 11:55:00,6346.97,31.57,TRADE
VIC1,2025-08-18 12:00:00,6342.58,39.28,TRADE
VIC1,2025-08-18 12:05:00,6347.59,75.8,TRADE
VIC1,2025-08-18 12:10:00,6285.19,75.81,TRADE
VIC1,2025-08-18 12:15:00,6282.65,75.8,TRADE
VIC1,2025-08-18 12:20:00,6244.43,59.85,TRADE
VIC1,2025-08-18 12:25:00,6223.26,63.62,TRADE
VIC1,2025-08-18 12:30:00,6245.22,90.16,TRADE
VIC1,2025-08-18 12:35:00,6264.87,122.02,TRADE
VIC1,2025-08-18 12:40:00,6245.92,120.84,TRADE
VIC1,2025-08-18 12:45:00,6190.42,88.97,TRADE
VIC1,2025-08-18 12:50:00,6205.9,97.0,TRADE
VIC1,2025-08-18 12:55:00,6182.89,201.57,TRADE
VIC1,2025-08-18 13:00:00,5985.9,103.6,TRADE
VIC1,2025-08-18 13:05:00,6001.09,97.0,TRADE
VIC1,2025-08-18 13:10:00,6004.71,156.89,TRADE
VIC1,2025-08-18 13:15:00,6012.94,157.08,TRADE
VIC1,2025-08-18 13:20:00,5956.02,155.61,TRADE
VIC1,2025-08-18 13:25:00,5940.72,102.01,TRADE
VIC1,2025-08-18 13:30:00,5842.52,101.19,TRADE
VIC1,2025-08-18 13:35:00,5913.21,151.58,TRADE
VIC1,2025-08-18 13:40:00,5871.61,97.0,TRADE
VIC1,2025-08-18 13:45:00,5893.38,97.0,TRADE
VIC1,2025-08-18 13:50:00,5902.52,101.53,TRADE
VIC1,2025-08-18 13:55:00,5805.02,97.0,TRADE
VIC1,2025-08-18 14:00:00,5832.68,97.0,TRADE
VIC1,2025-08-18 14:05:00,5849.72,105.05,TRADE
VIC1,2025-08-18 14:10:00,5796.42,111.36,TRADE
VIC1,2025-08-18 14:15:00,5759.47,127.28,TRADE
VIC1,2025-08-18 14:20:00,5754.44,126.45,TRADE
VIC1,2025-08-18 14:25:00,5747.89,110.88,TRADE
VIC1,2025-08-18 14:30:00,5721.93,120.71,TRADE
VIC1,2025-08-18 14:35:00,5653.11,101.39,TRADE
VIC1,2025-08-18 14:40:00,5639.62,97.0,TRADE
VIC1,2025-08-18 14:45:00,5669.23,98.92,TRADE
VIC1,2025-08-18 14:50:00,5674.97,109.83,TRADE
VIC1,2025-08-18 14:55:00,5755.06,137.07,TRADE
VIC1,2025-08-18 15:00:00,5727.28,143.26,TRADE
VIC1,2025-08-18 15:05:00,5664.79,134.89,TRADE
VIC1,2025-08-18 15:10:00,5729.96,119.37,TRADE
VIC1,2025-08-18 15:15:00,5765.76,125.3,TRADE
VIC1,2025-08-18 15:20:00,5801.15,102.59,TRADE
VIC1,2025-08-18 15:25:00,5862.55,130.12,TRADE
VIC1,2025-08-18 15:30:00,5845.05,112.66,TRADE
VIC1,2025-08-18 15:35:00,5970.71,116.97,TRADE
VIC1,2025-08-18 15:40:00,6016.99,114.4,TRADE
VIC1,2025-08-18 15:45:00,6001.81,113.59,TRADE
VIC1,2025-08-18 15:50:00,6073.9,151.61,TRADE
VIC1,2025-08-18 15:55:00,6208.17,152.76,TRADE
VIC1,2025-08-18 16:00:00,6253.03,174.09,TRADE
VIC1,2025-08-18 16:05:00,6336.35,192.07,TRADE
VIC1,2025-08-18 16:10:00,6328.31,198.18,TRADE
VIC1,2025-08-18 16:15:00,6414.54,187.34,TRADE
VIC1,2025-08-18 16:20:00,6503.52,183.67,TRADE
VIC1,2025-08-18 16:25:00,6663.42,273.29,TRADE
VIC1,2025-08-18 16:30:00,6695.69,295.22,TRADE
VIC1,2025-08-18 16:35:00,6743.2,299.29,TRADE
VIC1,2025-08-18 16:40:00,6874.96,412.49,TRADE
VIC1,2025-08-18 16:45:00,6901.46,452.42,TRADE
VIC1,2025-08-18 16:50:00,6974.14,462.33,TRADE
VIC1,2025-08-18 16:55:00,7006.87,392.97,TRADE
VIC1,2025-08-18 17:00:00,7120.23,450.23,TRADE
VIC1,2025-08-18 17:05:00,7197.55,349.13,TRADE
VIC1,2025-08-18 17:10:00,7320.59,430.28,TRADE
VIC1,2025-08-18 17:15:00,7370.98,443.56,TRADE
VIC1,2025-08-18 17:20:00,7486.35,548.74,TRADE
VIC1,2025-08-18 17:25:00,7623.84,533.9,TRADE
VIC1,2025-08-18 17:30:00,7655.67,614.73,TRADE
VIC1,2025-08-18 17:35:00,7741.38,877.98,TRADE
VIC1,2025-08-18 17:40:00,7743.34,562.5,TRADE
VIC1,2025-08-18 17:45:00,7746.89,565.04,TRADE
VIC1,2025-08-18 17:50:00,7564.21,540.26,TRADE
VIC1,2025-08-18 17:55:00,7628.73,979.87,TRADE
VIC1,2025-08-18 18:00:00,7665.29,877.37,TRADE
VIC1,2025-08-18 18:05:00,7700.56,539.16,TRADE
VIC1,2025-08-18 18:10:00,7794.55,531.78,TRADE
VIC1,2025-08-18 18:15:00,7812.82,536.93,TRADE
VIC1,2025-08-18 18:20:00,7841.94,546.75,TRADE
VIC1,2025-08-18 18:25:00,7894.23,559.33,TRADE
VIC1,2025-08-18 18:30:00,7890.94,560.23,TRADE
VIC1,2025-08-18 18:35:00,7880.21,599.0,TRADE
VIC1,2025-08-18 18:40:00,7779.78,557.76,TRADE
VIC1,2025-08-18 18:45:00,7957.17,565.76,TRADE
VIC1,2025-08-18 18:50:00,8033.34,562.8,TRADE
VIC1,2025-08-18 18:55:00,8031.25,572.73,TRADE
VIC1,2025-08-18 19:00:00,7991.09,573.56,TRADE
VIC1,2025-08-18 19:05:00,7987.08,569.33,TRADE
VIC1,2025-08-18 19:10:00,7958.63,562.1,TRADE
VIC1,2025-08-18 19:15:00,7941.7,563.23,TRADE
VIC1,2025-08-18 19:20:00,7889.8,562.35,TRADE
VIC1,2025-08-18 19:25:00,7911.31,575.82,TRADE
VIC1,2025-08-18 19:30:00,7876.06,580.54,TRADE
VIC1,2025-08-18 19:35:00,7883.17,571.05,TRADE
VIC1,2025-08-18 19:40:00,7857.78,570.2,TRADE
VIC1,2025-08-18 19:45:00,7833.12,571.28,TRADE
VIC1,2025-08-18 19:50:00,7857.64,580.14,TRADE
VIC1,2025-08-18 19:55:00,7858.32,579.35,TRADE
VIC1,2025-08-18 20:00:00,7836.13,579.28,TRADE
VIC1,2025-08-18 20:05:00,7822.83,583.97,TRADE
VIC1,2025-08-18 20:10:00,7780.89,575.42,TRADE
VIC1,2025-08-18 20:15:00,7794.71,580.82,TRADE
VIC1,2025-08-18 20:20:00,7737.78,568.23,TRADE
VIC1,2025-08-18 20:25:00,7685.38,564.81,TRADE
VIC1,2025-08-18 20:30:00,7552.5,466.25,TRADE
VIC1,2025-08-18 20:35:00,7575.94,576.22,TRADE
VIC1,2025-08-18 20:40:00,7562.84,581.87,TRADE
VIC1,2025-08-18 20:45:00,7520.59,424.36,TRADE
VIC1,2025-08-18 20:50:00,7521.93,484.54,TRADE
VIC1,2025-08-18 20:55:00,7471.13,484.49,TRADE
VIC1,2025-08-18 21:00:00,7431.65,448.99,TRADE
VIC1,2025-08-18 21:05:00,7374.04,406.48,TRADE
VIC1,2025-08-18 21:10:00,7215.88,317.15,TRADE
VIC1,2025-08-18 21:15:00,7201.08,304.99,TRADE
VIC1,2025-08-18 21:20:00,7219.14,299.71,TRADE
VIC1,2025-08-18 21:25:00,7113.88,282.46,TRADE
VIC1,2025-08-18 21:30:00,7140.16,258.51,TRADE
VIC1,2025-08-18 21:35:00,7080.43,246.49,TRADE
VIC1,2025-08-18 21:40:00,7042.77,253.18,TRADE
VIC1,2025-08-18 21:45:00,6986.4,252.58,TRADE
VIC1,2025-08-18 21:50:00,6913.14,218.33,TRADE
VIC1,2025-08-18 21:55:00,6788.42,180.02,TRADE
VIC1,2025-08-18 22:00:00,6735.77,161.18,TRADE
VIC1,2025-08-18 22:05:00,6648.61,183.85,TRADE
VIC1,2025-08-18 22:10:00,6589.65,239.14,TRADE
VIC1,2025-08-18 22:15:00,6519.28,192.51,TRADE
VIC1,2025-08-18 22:20:00,6501.18,193.82,TRADE
VIC1,2025-08-18 22:25:00,6460.95,175.45,TRADE
VIC1,2025-08-18 22:30:00,6363.49,158.0,TRADE
VIC1,2025-08-18 22:35:00,6387.57,158.0,TRADE
VIC1,2025-08-18 22:40:00,6345.0,170.11,TRADE
VIC1,2025-08-18 22:45:00,6286.24,171.71,TRADE
VIC1,2025-08-18 22:50:00,6225.9,157.52,TRADE
VIC1,2025-08-18 22:55:00,6108.61,162.42,TRADE
VIC1,2025-08-18 23:00:00,6055.39,152.14,TRADE
VIC1,2025-08-18 23:05:00,6036.98,154.69,TRADE
VIC1,2025-08-18 23:10:00,6185.86,158.0,TRADE
VIC1,2025-08-18 23:15:00,6123.38,154.5,TRADE
VIC1,2025-08-18 23:20:00,6074.3,150.04,TRADE
VIC1,2025-08-18 23:25:00,6186.36,163.5,TRADE
VIC1,2025-08-18 23:30:00,6062.6,164.83,TRADE
VIC1,2025-08-18 23:35:00,6011.99,161.68,TRADE
VIC1,2025-08-18 23:40:00,6082.41,167.44,TRADE
VIC1,2025-08-18 23:45:00,5994.39,172.34,TRADE
VIC1,2025-08-18 23:50:00,5978.59,123.41,TRADE
VIC1,2025-08-18 23:55:00,5920.65,144.46,TRADE
VIC1,2025-08-19 00:00:00,5865.12,135.94,TRADE
VIC1,2025-08-19 00:05:00,5861.73,135.1,TRADE
VIC1,2025-08-19 00:10:00,5843.55,166.27,TRADE
VIC1,2025-08-19 00:15:00,5846.77,227.97,TRADE
VIC1,2025-08-19 00:20:00,5817.95,180.48,TRADE
VIC1,2025-08-19 00:25:00,5732.39,133.4,TRADE
VIC1,2025-08-19 00:30:00,5737.13,168.0,TRADE
VIC1,2025-08-19 00:35:00,5731.96,229.86,TRADE
VIC1,2025-08-19 00:40:00,5728.78,192.51,TRADE
VIC1,2025-08-19 00:45:00,5734.74,175.32,TRADE
VIC1,2025-08-19 00:50:00,5697.29,192.07,TRADE
VIC1,2025-08-19 00:55:00,5660.7,193.82,TRADE
VIC1,2025-08-19 01:00:00,5560.22,132.25,TRADE
VIC1,2025-08-19 01:05:00,5598.78,132.66,TRADE
VIC1,2025-08-19 01:10:00,5595.55,168.63,TRADE
VIC1,2025-08-19 01:15:00,5551.32,168.64,TRADE
VIC1,2025-08-19 01:20:00,5519.07,190.32,TRADE
VIC1,2025-08-19 01:25:00,5538.54,227.97,TRADE
VIC1,2025-08-19 01:30:00,5512.58,169.43,TRADE
VIC1,2025-08-19 01:35:00,5469.55,191.63,TRADE
VIC1,2025-08-19 01:40:00,5490.37,227.97,TRADE
VIC1,2025-08-19 01:45:00,5445.82,227.97,TRADE
VIC1,2025-08-19 01:50:00,5405.74,192.73,TRADE
VIC1,2025-08-19 01:55:00,5365.26,227.97,TRADE
VIC1,2025-08-19 02:00:00,5284.76,227.97,TRADE
VIC1,2025-08-19 02:05:00,5321.12,227.97,TRADE
VIC1,2025-08-19 02:10:00,5345.42,227.97,TRADE
VIC1,2025-08-19 02:15:00,5245.37,227.97,TRADE
VIC1,2025-08-19 02:20:00,5304.55,160.36,TRADE
VIC1,2025-08-19 02:25:00,5324.33,189.88,TRADE
VIC1,2025-08-19 02:30:00,5322.35,195.23,TRADE
VIC1,2025-08-19 02:35:00,5216.22,166.45,TRADE
VIC1,2025-08-19 02:40:00,5218.18,168.06,TRADE
VIC1,2025-08-19 02:45:00,5236.43,190.76,TRADE
VIC1,2025-08-19 02:50:00,5212.22,170.96,TRADE
VIC1,2025-08-19 02:55:00,5155.93,187.33,TRADE
VIC1,2025-08-19 03:00:00,5230.6,177.84,TRADE
VIC1,2025-08-19 03:05:00,5230.84,222.25,TRADE
VIC1,2025-08-19 03:10:00,5205.45,132.72,TRADE
VIC1,2025-08-19 03:15:00,5234.12,155.94,TRADE
VIC1,2025-08-19 03:20:00,5174.92,186.16,TRADE
VIC1,2025-08-19 03:25:00,5209.68,189.45,TRADE
VIC1,2025-08-19 03:30:00,5195.16,188.99,TRADE
VIC1,2025-08-19 03:35:00,5159.06,160.29,TRADE
VIC1,2025-08-19 03:40:00,5209.93,160.36,TRADE
VIC1,2025-08-19 03:45:00,5225.18,189.01,TRADE
VIC1,2025-08-19 03:50:00,5227.31,160.36,TRADE
VIC1,2025-08-19 03:55:00,5166.6,160.72,TRADE
VIC1,2025-08-19 04:00:00,5251.34,165.03,TRADE
VIC1,2025-08-19 04:05:00,5187.79,160.36,TRADE
VIC1,2025-08-19 04:10:00,5237.55,161.1,TRADE
VIC1,2025-08-19 04:15:00,5292.65,159.85,TRADE
VIC1,2025-08-19 04:20:00,5297.47,125.23,TRADE
VIC1,2025-08-19 04:25:00,5290.72,160.36,TRADE
VIC1,2025-08-19 04:30:00,5334.05,185.78,TRADE
VIC1,2025-08-19 04:35:00,5383.16,156.89,TRADE
VIC1,2025-08-19 04:40:00,5424.14,160.36,TRADE
VIC1,2025-08-19 04:45:00,5391.02,102.0,TRADE
VIC1,2025-08-19 04:50:00,5424.4,122.02,TRADE
VIC1,2025-08-19 04:55:00,5496.37,148.19,TRADE
VIC1,2025-08-19 05:00:00,5481.15,160.36,TRADE
VIC1,2025-08-19 05:05:00,5456.07,90.0,TRADE
VIC1,2025-08-19 05:10:00,5566.81,122.02,TRADE
VIC1,2025-08-19 05:15:00,5622.78,131.66,TRADE
VIC1,2025-08-19 05:20:00,5670.27,143.12,TRADE
VIC1,2025-08-19 05:25:00,5795.19,212.57,TRADE
VIC1,2025-08-19 05:30:00,5816.57,146.41,TRADE
VIC1,2025-08-19 05:35:00,5901.01,122.02,TRADE
VIC1,2025-08-19 05:40:00,5996.54,156.27,TRADE
VIC1,2025-08-19 05:45:00,5993.19,160.36,TRADE
VIC1,2025-08-19 05:50:00,6056.79,158.0,TRADE
VIC1,2025-08-19 05:55:00,6150.33,190.49,TRADE
VIC1,2025-08-19 06:00:00,6236.94,192.77,TRADE
VIC1,2025-08-19 06:05:00,6393.45,215.06,TRADE
VIC1,2025-08-19 06:10:00,6538.6,217.64,TRADE
VIC1,2025-08-19 06:15:00,6665.37,217.13,TRADE
VIC1,2025-08-19 06:20:00,6721.53,227.97,TRADE
VIC1,2025-08-19 06:25:00,6878.0,241.27,TRADE
VIC1,2025-08-19 06:30:00,7017.92,246.94,TRADE
VIC1,2025-08-19 06:35:00,7131.27,241.39,TRADE
VIC1,2025-08-19 06:40:00,7246.83,246.94,TRADE
VIC1,2025-08-19 06:45:00,7436.09,280.66,TRADE
VIC1,2025-08-19 06:50:00,7435.17,250.89,TRADE
VIC1,2025-08-19 06:55:00,7523.53,269.34,TRADE
VIC1,2025-08-19 07:00:00,7619.76,271.76,TRADE
VIC1,2025-08-19 07:05:00,7761.29,293.49,TRADE
VIC1,2025-08-19 07:10:00,7814.14,310.93,TRADE
VIC1,2025-08-19 07:15:00,7944.58,406.48,TRADE
VIC1,2025-08-19 07:20:00,8052.52,406.48,TRADE
VIC1,2025-08-19 07:25:00,8096.77,385.15,TRADE
VIC1,2025-08-19 07:30:00,8151.47,297.16,TRADE
VIC1,2025-08-19 07:35:00,8085.52,270.82,TRADE
VIC1,2025-08-19 07:40:00,8123.64,260.58,TRADE
VIC1,2025-08-19 07:45:00,8210.24,235.9,TRADE
VIC1,2025-08-19 07:50:00,8208.5,195.82,TRADE
VIC1,2025-08-19 07:55:00,8138.05,168.3,TRADE
VIC1,2025-08-19 08:00:00,8100.48,164.41,TRADE
VIC1,2025-08-19 08:05:00,8084.08,246.94,TRADE
VIC1,2025-08-19 08:10:00,7994.1,196.29,TRADE
VIC1,2025-08-19 08:15:00,8005.3,165.34,TRADE
VIC1,2025-08-19 08:20:00,7830.56,128.98,TRADE
VIC1,2025-08-19 08:25:00,7754.95,117.02,TRADE
VIC1,2025-08-19 08:30:00,7680.24,104.64,TRADE
VIC1,2025-08-19 08:35:00,7583.75,120.0,TRADE
VIC1,2025-08-19 08:40:00,7395.86,93.67,TRADE
VIC1,2025-08-19 08:45:00,7403.8,108.31,TRADE
VIC1,2025-08-19 08:50:00,7303.24,117.21,TRADE
VIC1,2025-08-19 08:55:00,7217.87,115.43,TRADE
VIC1,2025-08-19 09:00:00,7074.75,111.3,TRADE
VIC1,2025-08-19 09:05:00,6969.85,113.36,TRADE
VIC1,2025-08-19 09:10:00,6898.46,158.0,TRADE
VIC1,2025-08-19 09:15:00,6793.65,156.88,TRADE
VIC1,2025-08-19 09:20:00,6691.21,158.0,TRADE
VIC1,2025-08-19 09:25:00,6527.42,108.99,TRADE
VIC1,2025-08-19 09:30:00,6502.71,95.85,TRADE
VIC1,2025-08-19 09:35:00,6377.15,105.88,TRADE
VIC1,2025-08-19 09:40:00,6299.99,119.06,TRADE
VIC1,2025-08-19 09:45:00,6205.12,98.24,TRADE
VIC1,2025-08-19 09:50:00,6063.56,83.78,TRADE
VIC1,2025-08-19 09:55:00,5973.98,79.42,TRADE
VIC1,2025-08-19 10:00:00,5763.86,74.11,TRADE
VIC1,2025-08-19 10:05:00,5713.91,74.62,TRADE
VIC1,2025-08-19 10:10:00,5687.58,76.32,TRADE
VIC1,2025-08-19 10:15:00,5548.39,68.84,TRADE
VIC1,2025-08-19 10:20:00,5470.07,56.94,TRADE
VIC1,2025-08-19 10:25:00,5366.79,49.89,TRADE
VIC1,2025-08-19 10:30:00,5257.43,53.95,TRADE
VIC1,2025-08-19 10:35:00,5175.18,56.75,TRADE
VIC1,2025-08-19 10:40:00,4997.22,68.29,TRADE
VIC1,2025-08-19 10:45:00,4900.22,41.44,TRADE
VIC1,2025-08-19 10:50:00,4890.3,48.89,TRADE
VIC1,2025-08-19 10:55:00,4805.72,55.0,TRADE
VIC1,2025-08-19 11:00:00,4771.62,54.37,TRADE
VIC1,2025-08-19 11:05:00,4666.94,68.92,TRADE
VIC1,2025-08-19 11:10:00,4570.51,79.72,TRADE
VIC1,2025-08-19 11:15:00,4540.15,79.72,TRADE
VIC1,2025-08-19 11:20:00,4494.17,65.22,TRADE
VIC1,2025-08-19 11:25:00,4440.17,79.72,TRADE
VIC1,2025-08-19 11:30:00,4364.97,79.72,TRADE
VIC1,2025-08-19 11:35:00,4216.37,68.78,TRADE
VIC1,2025-08-19 11:40:00,4284.21,75.43,TRADE
VIC1,2025-08-19 11:45:00,4206.77,71.57,TRADE
VIC1,2025-08-19 11:50:00,4140.25,223.77,TRADE
VIC1,2025-08-19 11:55:00,4088.02,270.0,TRADE
VIC1,2025-08-19 12:00:00,4028.71,270.82,TRADE
VIC1,2025-08-19 12:05:00,4021.67,270.82,TRADE
VIC1,2025-08-19 12:10:00,3920.98,294.51,TRADE
VIC1,2025-08-19 12:15:00,3874.42,50.69,TRADE
VIC1,2025-08-19 12:20:00,3965.82,48.15,TRADE
VIC1,2025-08-19 12:25:00,3976.64,47.41,TRADE
VIC1,2025-08-19 12:30:00,3894.83,39.23,TRADE
VIC1,2025-08-19 12:35:00,3858.99,48.15,TRADE
VIC1,2025-08-19 12:40:00,3797.34,48.07,TRADE
VIC1,2025-08-19 12:45:00,3841.89,32.34,TRADE
VIC1,2025-08-19 12:50:00,3754.12,30.78,TRADE
VIC1,2025-08-19 12:55:00,3827.98,31.74,TRADE
VIC1,2025-08-19 13:00:00,3804.52,35.3,TRADE
VIC1,2025-08-19 13:05:00,3701.2,39.64,TRADE
VIC1,2025-08-19 13:10:00,3761.15,38.81,TRADE
VIC1,2025-08-19 13:15:00,3755.15,37.45,TRADE
VIC1,2025-08-19 13:20:00,3791.19,38.57,TRADE
VIC1,2025-08-19 13:25:00,3807.14,35.94,TRADE
VIC1,2025-08-19 13:30:00,3726.28,37.53,TRADE
VIC1,2025-08-19 13:35:00,3697.1,35.94,TRADE
VIC1,2025-08-19 13:40:00,3685.56,35.94,TRADE
VIC1,2025-08-19 13:45:00,3696.85,41.01,TRADE
VIC1,2025-08-19 13:50:00,3683.42,35.64,TRADE
VIC1,2025-08-19 13:55:00,3748.63,34.91,TRADE
VIC1,2025-08-19 14:00:00,3763.61,31.75,TRADE
VIC1,2025-08-19 14:05:00,3821.4,20.04,TRADE
VIC1,2025-08-19 14:10:00,3815.63,35.18,TRADE
VIC1,2025-08-19 14:15:00,3852.61,28.4,TRADE
VIC1,2025-08-19 14:20:00,3857.1,30.68,TRADE
VIC1,2025-08-19 14:25:00,3891.64,36.89,TRADE
VIC1,2025-08-19 14:30:00,3833.16,31.01,TRADE
VIC1,2025-08-19 14:35:00,3938.56,36.52,TRADE
VIC1,2025-08-19 14:40:00,3944.03,20.23,TRADE
VIC1,2025-08-19 14:45:00,4022.61,33.94,TRADE
VIC1,2025-08-19 14:50:00,4066.22,19.18,TRADE
VIC1,2025-08-19 14:55:00,4061.85,20.04,TRADE
VIC1,2025-08-19 15:00:00,4082.46,34.27,TRADE
VIC1,2025-08-19 15:05:00,4156.17,41.01,TRADE
VIC1,2025-08-19 15:10:00,4219.37,38.67,TRADE
VIC1,2025-08-19 15:15:00,4317.41,38.46,TRADE
VIC1,2025-08-19 15:20:00,4391.3,38.46,TRADE
VIC1,2025-08-19 15:25:00,4509.7,37.59,TRADE
VIC1,2025-08-19 15:30:00,4582.78,49.32,TRADE
VIC1,2025-08-19 15:35:00,4548.9,66.63,TRADE
VIC1,2025-08-19 15:40:00,4613.54,85.09,TRADE
VIC1,2025-08-19 15:45:00,4785.94,105.42,TRADE
VIC1,2025-08-19 15:50:00,4871.99,134.71,TRADE
VIC1,2025-08-19 15:55:00,4963.36,104.6,TRADE
VIC1,2025-08-19 16:00:00,5048.36,139.82,TRADE
VIC1,2025-08-19 16:05:00,5177.98,92.29,TRADE
VIC1,2025-08-19 16:10:00,5241.36,94.97,TRADE
VIC1,2025-08-19 16:15:00,5268.47,93.63,TRADE
VIC1,2025-08-19 16:20:00,5364.29,110.68,TRADE
VIC1,2025-08-19 16:25:00,5557.14,139.76,TRADE
VIC1,2025-08-19 16:30:00,5679.69,227.97,TRADE
VIC1,2025-08-19 16:35:00,5672.45,178.55,TRADE
VIC1,2025-08-19 16:40:00,5865.0,214.7,TRADE
VIC1,2025-08-19 16:45:00,5988.66,270.0,TRADE
VIC1,2025-08-19 16:50:00,6095.46,293.98,TRADE
VIC1,2025-08-19 16:55:00,6167.35,301.11,TRADE
VIC1,2025-08-19 17:00:00,6217.53,334.33,TRADE
VIC1,2025-08-19 17:05:00,6324.51,291.36,TRADE
VIC1,2025-08-19 17:10:00,6523.19,310.37,TRADE
VIC1,2025-08-19 17:15:00,6622.36,335.03,TRADE
VIC1,2025-08-19 17:20:00,6701.94,345.51,TRADE
VIC1,2025-08-19 17:25:00,6824.76,345.51,TRADE
VIC1,2025-08-19 17:30:00,6976.42,348.61,TRADE
VIC1,2025-08-19 17:35:00,7058.28,345.51,TRADE
VIC1,2025-08-19 17:40:00,7085.85,386.02,TRADE
VIC1,2025-08-19 17:45:00,7219.42,495.68,TRADE
VIC1,2025-08-19 17:50:00,7338.0,499.92,TRADE
VIC1,2025-08-19 17:55:00,7439.03,577.38,TRADE
VIC1,2025-08-19 18:00:00,7509.34,585.77,TRADE
VIC1,2025-08-19 18:05:00,7566.37,592.28,TRADE
VIC1,2025-08-19 18:10:00,7622.79,584.77,TRADE
VIC1,2025-08-19 18:15:00,7693.62,595.22,TRADE
VIC1,2025-08-19 18:20:00,7660.4,600.77,TRADE
VIC1,2025-08-19 18:25:00,7683.29,611.24,TRADE
VIC1,2025-08-19 18:30:00,7771.14,626.62,TRADE
VIC1,2025-08-19 18:35:00,7809.06,613.61,TRADE
VIC1,2025-08-19 18:40:00,7808.91,600.66,TRADE
VIC1,2025-08-19 18:45:00,7847.9,611.22,TRADE
VIC1,2025-08-19 18:50:00,7820.69,626.27,TRADE
VIC1,2025-08-19 18:55:00,7848.66,636.83,TRADE
VIC1,2025-08-19 19:00:00,7814.61,636.87,TRADE
VIC1,2025-08-19 19:05:00,7791.3,614.09,TRADE
VIC1,2025-08-19 19:10:00,7790.76,606.51,TRADE
VIC1,2025-08-19 19:15:00,7799.21,599.0,TRADE
VIC1,2025-08-19 19:20:00,7846.01,621.89,TRADE
VIC1,2025-08-19 19:25:00,7877.02,607.68,TRADE
VIC1,2025-08-19 19:30:00,7767.89,606.55,TRADE
VIC1,2025-08-19 19:35:00,7867.71,625.54,TRADE
VIC1,2025-08-19 19:40:00,7851.92,602.65,TRADE
VIC1,2025-08-19 19:45:00,7785.41,499.92,TRADE
VIC1,2025-08-19 19:50:00,7813.1,499.92,TRADE
VIC1,2025-08-19 19:55:00,7727.87,499.92,TRADE
VIC1,2025-08-19 20:00:00,7763.58,499.92,TRADE
VIC1,2025-08-19 20:05:00,7762.3,312.27,TRADE
VIC1,2025-08-19 20:10:00,7774.17,356.95,TRADE
VIC1,2025-08-19 20:15:00,7756.98,315.24,TRADE
VIC1,2025-08-19 20:20:00,7715.88,358.78,TRADE
VIC1,2025-08-19 20:25:00,7707.61,499.92,TRADE
VIC1,2025-08-19 20:30:00,7564.2,317.14,TRADE
VIC1,2025-08-19 20:35:00,7577.32,319.54,TRADE
VIC1,2025-08-19 20:40:00,7596.06,397.82,TRADE
VIC1,2025-08-19 20:45:00,7470.1,343.65,TRADE
VIC1,2025-08-19 20:50:00,7513.58,869.38,TRADE
VIC1,2025-08-19 20:55:00,7367.62,319.28,TRADE
VIC1,2025-08-19 21:00:00,7409.77,350.37,TRADE
VIC1,2025-08-19 21:05:00,7373.83,299.5,TRADE
VIC1,2025-08-19 21:10:00,7340.63,299.5,TRADE
VIC1,2025-08-19 21:15:00,7276.49,298.1,TRADE
VIC1,2025-08-19 21:20:00,7121.72,289.87,TRADE
VIC1,2025-08-19 21:25:00,7190.08,289.44,TRADE
VIC1,2025-08-19 21:30:00,7063.55,242.7,TRADE
VIC1,2025-08-19 21:35:00,7098.77,290.35,TRADE
VIC1,2025-08-19 21:40:00,7004.15,270.78,TRADE
VIC1,2025-08-19 21:45:00,6938.18,240.22,TRADE
VIC1,2025-08-19 21:50:00,6904.21,240.0,TRADE
VIC1,2025-08-19 21:55:00,6799.95,197.28,TRADE
VIC1,2025-08-19 22:00:00,6660.41,185.63,TRADE
VIC1,2025-08-19 22:05:00,6541.42,195.1,TRADE
VIC1,2025-08-19 22:10:00,6525.56,241.7,TRADE
VIC1,2025-08-19 22:15:00,6462.09,227.97,TRADE
VIC1,2025-08-19 22:20:00,6420.9,218.34,TRADE
VIC1,2025-08-19 22:25:00,6415.51,191.63,TRADE
VIC1,2025-08-19 22:30:00,6352.45,182.62,TRADE
VIC1,2025-08-19 22:35:00,6224.37,150.28,TRADE
VIC1,2025-08-19 22:40:00,6257.39,149.06,TRADE
VIC1,2025-08-19 22:45:00,6243.26,182.9,TRADE
VIC1,2025-08-19 22:50:00,6170.94,145.71,TRADE
VIC1,2025-08-19 22:55:00,6129.71,144.37,TRADE
VIC1,2025-08-19 23:00:00,5999.43,122.02,TRADE
VIC1,2025-08-19 23:05:00,6092.59,137.96,TRADE
VIC1,2025-08-19 23:10:00,6191.84,185.29,TRADE
VIC1,2025-08-19 23:15:00,6090.1,145.59,TRADE
VIC1,2025-08-19 23:20:00,6117.42,147.21,TRADE
VIC1,2025-08-19 23:25:00,6120.44,147.43,TRADE
VIC1,2025-08-19 23:30:00,6096.36,137.96,TRADE
VIC1,2025-08-19 23:35:00,6075.0,150.75,TRADE
VIC1,2025-08-19 23:40:00,5923.01,147.27,TRADE
VIC1,2025-08-19 23:45:00,5950.98,186.69,TRADE
VIC1,2025-08-19 23:50:00,5921.45,166.38,TRADE
VIC1,2025-08-19 23:55:00,5838.99,145.45,TRADE
VIC1,2025-08-20 00:00:00,5835.56,123.65,TRADE
VIC1,2025-08-20 00:05:00,5862.97,192.04,TRADE
VIC1,2025-08-20 00:10:00,5799.95,167.23,TRADE
VIC1,2025-08-20 00:15:00,5700.7,137.96,TRADE
VIC1,2025-08-20 00:20:00,5697.79,147.9,TRADE
VIC1,2025-08-20 00:25:00,5754.56,167.23,TRADE
VIC1,2025-08-20 00:30:00,5697.78,150.76,TRADE
VIC1,2025-08-20 00:35:00,5631.22,122.02,TRADE
VIC1,2025-08-20 00:40:00,5618.58,122.02,TRADE
VIC1,2025-08-20 00:45:00,5611.67,146.99,TRADE
VIC1,2025-08-20 00:50:00,5635.33,137.96,TRADE
VIC1,2025-08-20 00:55:00,5514.71,100.71,TRADE
VIC1,2025-08-20 01:00:00,5499.53,98.13,TRADE
VIC1,2025-08-20 01:05:00,5479.66,107.93,TRADE
VIC1,2025-08-20 01:10:00,5491.48,166.45,TRADE
VIC1,2025-08-20 01:15:00,5371.14,107.93,TRADE
VIC1,2025-08-20 01:20:00,5447.56,167.23,TRADE
VIC1,2025-08-20 01:25:00,5361.3,121.32,TRADE
VIC1,2025-08-20 01:30:00,5372.02,108.6,TRADE
VIC1,2025-08-20 01:35:00,5351.42,142.11,TRADE
VIC1,2025-08-20 01:40:00,5308.49,141.99,TRADE
VIC1,2025-08-20 01:45:00,5286.97,110.28,TRADE
VIC1,2025-08-20 01:50:00,5190.36,105.02,TRADE
VIC1,2025-08-20 01:55:00,5178.51,102.53,TRADE
VIC1,2025-08-20 02:00:00,5218.1,108.31,TRADE
VIC1,2025-08-20 02:05:00,5127.66,110.94,TRADE
VIC1,2025-08-20 02:10:00,5190.84,106.86,TRADE
VIC1,2025-08-20 02:15:00,5164.45,108.01,TRADE
VIC1,2025-08-20 02:20:00,5139.34,106.94,TRADE
VIC1,2025-08-20 02:25:00,5120.07,107.06,TRADE
VIC1,2025-08-20 02:30:00,5016.17,99.58,TRADE
VIC1,2025-08-20 02:35:00,5015.38,99.5,TRADE
VIC1,2025-08-20 02:40:00,5071.09,106.5,TRADE
VIC1,2025-08-20 02:45:00,5034.95,101.77,TRADE
VIC1,2025-08-20 02:50:00,5001.26,97.78,TRADE
VIC1,2025-08-20 02:55:00,5064.22,103.01,TRADE
VIC1,2025-08-20 03:00:00,5071.87,102.53,TRADE
VIC1,2025-08-20 03:05:00,5070.21,101.6,TRADE
VIC1,2025-08-20 03:10:00,5007.93,99.03,TRADE
VIC1,2025-08-20 03:15:00,5006.71,92.23,TRADE
VIC1,2025-08-20 03:20:00,5080.17,104.13,TRADE
VIC1,2025-08-20 03:25:00,5100.29,97.0,TRADE
VIC1,2025-08-20 03:30:00,5034.59,92.23,TRADE
VIC1,2025-08-20 03:35:00,5099.61,110.69,TRADE
VIC1,2025-08-20 03:40:00,5089.44,147.98,TRADE
VIC1,2025-08-20 03:45:00,5098.53,92.23,TRADE
VIC1,2025-08-20 03:50:00,5020.05,95.45,TRADE
VIC1,2025-08-20 03:55:00,5028.5,92.51,TRADE
VIC1,2025-08-20 04:00:00,5001.82,92.51,TRADE
VIC1,2025-08-20 04:05:00,5072.05,116.17,TRADE
VIC1,2025-08-20 04:10:00,5102.52,113.15,TRADE
VIC1,2025-08-20 04:15:00,5112.31,111.56,TRADE
VIC1,2025-08-20 04:20:00,5151.97,98.85,TRADE
VIC1,2025-08-20 04:25:00,5168.05,108.3,TRADE
VIC1,2025-08-20 04:30:00,5109.85,95.52,TRADE
VIC1,2025-08-20 04:35:00,5135.05,95.43,TRADE
VIC1,2025-08-20 04:40:00,5152.05,110.49,TRADE
VIC1,2025-08-20 04:45:00,5192.56,110.8,TRADE
VIC1,2025-08-20 04:50:00,5211.65,113.41,TRADE
VIC1,2025-08-20 04:55:00,5252.17,114.9,TRADE
VIC1,2025-08-20 05:00:00,5274.78,115.6,TRADE
VIC1,2025-08-20 05:05:00,5307.87,116.78,TRADE
VIC1,2025-08-20 05:10:00,5393.19,158.72,TRADE
VIC1,2025-08-20 05:15:00,5432.83,120.2,TRADE
VIC1,2025-08-20 05:20:00,5499.86,191.2,TRADE
VIC1,2025-08-20 05:25:00,5543.83,183.07,TRADE
VIC1,2025-08-20 05:30:00,5580.39,189.89,TRADE
VIC1,2025-08-20 05:35:00,5627.5,193.47,TRADE
VIC1,2025-08-20 05:40:00,5714.82,186.39,TRADE
VIC1,2025-08-20 05:45:00,5764.46,192.52,TRADE
VIC1,2025-08-20 05:50:00,5832.17,195.78,TRADE
VIC1,2025-08-20 05:55:00,5892.12,192.94,TRADE
VIC1,2025-08-20 06:00:00,6011.63,240.25,TRADE
VIC1,2025-08-20 06:05:00,6104.35,240.69,TRADE
VIC1,2025-08-20 06:10:00,6248.08,200.89,TRADE
VIC1,2025-08-20 06:15:00,6393.17,223.36,TRADE
VIC1,2025-08-20 06:20:00,6505.97,241.2,TRADE
VIC1,2025-08-20 06:25:00,6638.85,239.9,TRADE
VIC1,2025-08-20 06:30:00,6728.18,246.94,TRADE
VIC1,2025-08-20 06:35:00,6859.34,239.9,TRADE
VIC1,2025-08-20 06:40:00,6988.72,247.87,TRADE
VIC1,2025-08-20 06:45:00,7135.79,246.94,TRADE
VIC1,2025-08-20 06:50:00,7207.75,247.87,TRADE
VIC1,2025-08-20 06:55:00,7323.45,251.96,TRADE
VIC1,2025-08-20 07:00:00,7415.45,259.96,TRADE
VIC1,2025-08-20 07:05:00,7520.68,247.87,TRADE
VIC1,2025-08-20 07:10:00,7569.12,240.92,TRADE
VIC1,2025-08-20 07:15:00,7707.07,298.1,TRADE
VIC1,2025-08-20 07:20:00,7729.52,295.44,TRADE
VIC1,2025-08-20 07:25:00,7582.32,289.01,TRADE
VIC1,2025-08-20 07:30:00,7608.08,289.11,TRADE
VIC1,2025-08-20 07:35:00,7638.96,270.0,TRADE
VIC1,2025-08-20 07:40:00,7638.3,246.43,TRADE
VIC1,2025-08-20 07:45:00,7670.55,239.9,TRADE
VIC1,2025-08-20 07:50:00,7650.22,229.22,TRADE
VIC1,2025-08-20 07:55:00,7583.52,220.47,TRADE
VIC1,2025-08-20 08:00:00,7529.55,199.25,TRADE
VIC1,2025-08-20 08:05:00,7505.42,195.89,TRADE
VIC1,2025-08-20 08:10:00,7402.88,200.89,TRADE
VIC1,2025-08-20 08:15:00,7552.49,224.0,TRADE
VIC1,2025-08-20 08:20:00,7358.09,194.28,TRADE
VIC1,2025-08-20 08:25:00,7387.27,192.07,TRADE
VIC1,2025-08-20 08:30:00,7301.16,165.16,TRADE
VIC1,2025-08-20 08:35:00,7221.58,181.43,TRADE
VIC1,2025-08-20 08:40:00,7106.27,166.3,TRADE
VIC1,2025-08-20 08:45:00,6994.98,123.67,TRADE
VIC1,2025-08-20 08:50:00,6900.92,102.88,TRADE
VIC1,2025-08-20 08:55:00,6836.25,75.8,TRADE
VIC1,2025-08-20 09:00:00,6755.49,75.08,TRADE
VIC1,2025-08-20 09:05:00,6695.76,98.82,TRADE
VIC1,2025-08-20 09:10:00,6601.47,179.31,TRADE
VIC1,2025-08-20 09:15:00,6503.2,94.16,TRADE
VIC1,2025-08-20 09:20:00,6448.32,178.88,TRADE
VIC1,2025-08-20 09:25:00,6303.57,110.06,TRADE
VIC1,2025-08-20 09:30:00,6223.47,104.42,TRADE
VIC1,2025-08-20 09:35:00,6084.59,93.56,TRADE
VIC1,2025-08-20 09:40:00,5968.39,97.68,TRADE
VIC1,2025-08-20 09:45:00,5851.07,90.43,TRADE
VIC1,2025-08-20 09:50:00,5717.31,75.8,TRADE
VIC1,2025-08-20 09:55:00,5626.02,72.51,TRADE
VIC1,2025-08-20 10:00:00,5513.52,72.47,TRADE
VIC1,2025-08-20 10:05:00,5396.37,71.22,TRADE
VIC1,2025-08-20 10:10:00,5296.62,58.51,TRADE
VIC1,2025-08-20 10:15:00,5218.81,58.99,TRADE
VIC1,2025-08-20 10:20:00,5085.47,57.86,TRADE
VIC1,2025-08-20 10:25:00,4981.92,58.18,TRADE
VIC1,2025-08-20 10:30:00,4866.05,72.62,TRADE
VIC1,2025-08-20 10:35:00,4743.56,75.37,TRADE
VIC1,2025-08-20 10:40:00,4706.34,83.51,TRADE
VIC1,2025-08-20 10:45:00,4564.83,76.74,TRADE
VIC1,2025-08-20 10:50:00,4492.04,73.99,TRADE
VIC1,2025-08-20 10:55:00,4445.01,56.0,TRADE
VIC1,2025-08-20 11:00:00,4357.38,48.15,TRADE
VIC1,2025-08-20 11:05:00,4241.67,45.08,TRADE
VIC1,2025-08-20 11:10:00,4205.69,57.55,TRADE
VIC1,2025-08-20 11:15:00,4138.69,48.15,TRADE
VIC1,2025-08-20 11:20:00,4116.24,35.94,TRADE
VIC1,2025-08-20 11:25:00,4116.14,48.15,TRADE
VIC1,2025-08-20 11:30:00,4042.06,35.94,TRADE
VIC1,2025-08-20 11:35:00,3970.16,48.15,TRADE
VIC1,2025-08-20 11:40:00,3953.86,49.44,TRADE
VIC1,2025-08-20 11:45:00,3881.78,33.89,TRADE
VIC1,2025-08-20 11:50:00,3859.49,26.16,TRADE
VIC1,2025-08-20 11:55:00,3789.57,20.04,TRADE
VIC1,2025-08-20 12:00:00,3748.82,34.95,TRADE
VIC1,2025-08-20 12:05:00,3694.47,34.91,TRADE
VIC1,2025-08-20 12:10:00,3654.92,20.04,TRADE
VIC1,2025-08-20 12:15:00,3636.72,20.04,TRADE
VIC1,2025-08-20 12:20:00,3576.6,19.18,TRADE
VIC1,2025-08-20 12:25:00,3538.85,19.18,TRADE
VIC1,2025-08-20 12:30:00,3518.84,19.38,TRADE
VIC1,2025-08-20 12:35:00,3544.05,20.04,TRADE
VIC1,2025-08-20 12:40:00,3459.78,19.0,TRADE
VIC1,2025-08-20 12:45:00,3498.2,20.04,TRADE
VIC1,2025-08-20 12:50:00,3474.41,19.24,TRADE
VIC1,2025-08-20 12:55:00,3479.43,20.04,TRADE
VIC1,2025-08-20 13:00:00,3476.13,19.18,TRADE
VIC1,2025-08-20 13:05:00,3483.71,19.18,TRADE
VIC1,2025-08-20 13:10:00,3438.99,20.04,TRADE
VIC1,2025-08-20 13:15:00,3472.85,19.0,TRADE
VIC1,2025-08-20 13:20:00,3401.24,-11.0,TRADE
VIC1,2025-08-20 13:25:00,3488.21,19.18,TRADE
VIC1,2025-08-20 13:30:00,3438.2,19.76,TRADE
VIC1,2025-08-20 13:35:00,3465.86,20.04,TRADE
VIC1,2025-08-20 13:40:00,3429.34,19.18,TRADE
VIC1,2025-08-20 13:45:00,3495.39,19.18,TRADE
VIC1,2025-08-20 13:50:00,3468.59,20.04,TRADE
VIC1,2025-08-20 13:55:00,3482.19,20.04,TRADE
VIC1,2025-08-20 14:00:00,3478.96,20.04,TRADE
VIC1,2025-08-20 14:05:00,3494.65,19.76,TRADE
VIC1,2025-08-20 14:10:00,3504.7,20.04,TRADE
VIC1,2025-08-20 14:15:00,3545.37,20.04,TRADE
VIC1,2025-08-20 14:20:00,3543.42,20.04,TRADE
VIC1,2025-08-20 14:25:00,3589.37,20.04,TRADE
VIC1,2025-08-20 14:30:00,3590.55,34.91,TRADE
VIC1,2025-08-20 14:35:00,3630.99,22.38,TRADE
VIC1,2025-08-20 14:40:00,3670.96,20.25,TRADE
VIC1,2025-08-20 14:45:00,3708.03,45.93,TRADE
VIC1,2025-08-20 14:50:00,3752.79,57.67,TRADE
VIC1,2025-08-20 14:55:00,3780.36,51.29,TRADE
VIC1,2025-08-20 15:00:00,3833.62,51.85,TRADE
VIC1,2025-08-20 15:05:00,3908.77,50.64,TRADE
VIC1,2025-08-20 15:10:00,3936.98,66.67,TRADE
VIC1,2025-08-20 15:15:00,3999.95,63.92,TRADE
VIC1,2025-08-20 15:20:00,4100.28,47.62,TRADE
VIC1,2025-08-20 15:25:00,4160.71,47.91,TRADE
VIC1,2025-08-20 15:30:00,4203.85,45.17,TRADE
VIC1,2025-08-20 15:35:00,4299.64,35.47,TRADE
VIC1,2025-08-20 15:40:00,4352.77,21.33,TRADE
VIC1,2025-08-20 15:45:00,4440.18,46.6,TRADE
VIC1,2025-08-20 15:50:00,4543.57,57.56,TRADE
VIC1,2025-08-20 15:55:00,4624.15,58.01,TRADE
VIC1,2025-08-20 16:00:00,4744.18,50.12,TRADE
VIC1,2025-08-20 16:05:00,4821.92,63.06,TRADE
VIC1,2025-08-20 16:10:00,4885.71,96.74,TRADE
VIC1,2025-08-20 16:15:00,4934.64,72.06,TRADE
VIC1,2025-08-20 16:20:00,5068.45,73.9,TRADE
VIC1,2025-08-20 16:25:00,5230.93,81.75,TRADE
VIC1,2025-08-20 16:30:00,5277.59,223.36,TRADE
VIC1,2025-08-20 16:35:00,5302.64,106.96,TRADE
VIC1,2025-08-20 16:40:00,5490.26,223.89,TRADE
VIC1,2025-08-20 16:45:00,5522.86,137.34,TRADE
VIC1,2025-08-20 16:50:00,5664.47,140.78,TRADE
VIC1,2025-08-20 16:55:00,5773.89,188.88,TRADE
VIC1,2025-08-20 17:00:00,5840.35,216.77,TRADE
VIC1,2025-08-20 17:05:00,5954.22,170.23,TRADE
VIC1,2025-08-20 17:10:00,6042.16,175.64,TRADE
VIC1,2025-08-20 17:15:00,6159.36,243.79,TRADE
VIC1,2025-08-20 17:20:00,6199.27,183.85,TRADE
VIC1,2025-08-20 17:25:00,6363.84,240.0,TRADE
VIC1,2025-08-20 17:30:00,6450.52,204.79,TRADE
VIC1,2025-08-20 17:35:00,6532.15,218.52,TRADE
VIC1,2025-08-20 17:40:00,6598.6,221.32,TRADE
VIC1,2025-08-20 17:45:00,6701.37,200.73,TRADE
VIC1,2025-08-20 17:50:00,6789.6,223.36,TRADE
VIC1,2025-08-20 17:55:00,6843.33,223.36,TRADE
VIC1,2025-08-20 18:00:00,6923.89,224.43,TRADE
VIC1,2025-08-20 18:05:00,6963.87,223.42,TRADE
VIC1,2025-08-20 18:10:00,6996.1,220.27,TRADE
VIC1,2025-08-20 18:15:00,7090.93,223.36,TRADE
VIC1,2025-08-20 18:20:00,7151.3,227.97,TRADE
VIC1,2025-08-20 18:25:00,7198.89,197.36,TRADE
VIC1,2025-08-20 18:30:00,7284.69,233.05,TRADE
VIC1,2025-08-20 18:35:00,7251.05,223.36,TRADE
VIC1,2025-08-20 18:40:00,7253.44,195.89,TRADE
VIC1,2025-08-20 18:45:00,7253.14,216.34,TRADE
VIC1,2025-08-20 18:50:00,7258.8,195.89,TRADE
VIC1,2025-08-20 18:55:00,7300.2,188.21,TRADE
VIC1,2025-08-20 19:00:00,7259.69,195.29,TRADE
VIC1,2025-08-20 19:05:00,7285.34,174.92,TRADE
VIC1,2025-08-20 19:10:00,7238.01,180.95,TRADE
VIC1,2025-08-20 19:15:00,7238.67,148.7,TRADE
VIC1,2025-08-20 19:20:00,7218.49,145.86,TRADE
VIC1,2025-08-20 19:25:00,7234.7,143.09,TRADE
VIC1,2025-08-20 19:30:00,7176.77,141.41,TRADE
VIC1,2025-08-20 19:35:00,7189.89,136.16,TRADE
VIC1,2025-08-20 19:40:00,7176.72,137.46,TRADE
VIC1,2025-08-20 19:45:00,7144.77,139.77,TRADE
VIC1,2025-08-20 19:50:00,7132.44,144.49,TRADE
VIC1,2025-08-20 19:55:00,7148.23,145.4,TRADE
VIC1,2025-08-20 20:00:00,7103.98,133.96,TRADE
VIC1,2025-08-20 20:05:00,7100.29,145.96,TRADE
VIC1,2025-08-20 20:10:00,7048.73,137.47,TRADE
VIC1,2025-08-20 20:15:00,7046.11,135.26,TRADE
VIC1,2025-08-20 20:20:00,7021.72,148.45,TRADE
VIC1,2025-08-20 20:25:00,6973.9,147.26,TRADE
VIC1,2025-08-20 20:30:00,6999.24,148.48,TRADE
VIC1,2025-08-20 20:35:00,6987.42,149.64,TRADE
VIC1,2025-08-20 20:40:00,6936.99,150.98,TRADE
VIC1,2025-08-20 20:45:00,6931.65,150.93,TRADE
VIC1,2025-08-20 20:50:00,6849.1,149.72,TRADE
VIC1,2025-08-20 20:55:00,6803.45,137.12,TRADE
VIC1,2025-08-20 21:00:00,6770.16,129.4,TRADE
VIC1,2025-08-20 21:05:00,6755.91,114.96,TRADE
VIC1,2025-08-20 21:10:00,6733.11,115.82,TRADE
VIC1,2025-08-20 21:15:00,6714.51,114.07,TRADE
VIC1,2025-08-20 21:20:00,6662.61,101.79,TRADE
VIC1,2025-08-20 21:25:00,6604.23,98.6,TRADE
VIC1,2025-08-20 21:30:00,6552.8,97.0,TRADE
VIC1,2025-08-20 21:35:00,6522.83,118.67,TRADE
VIC1,2025-08-20 21:40:00,6440.92,122.02,TRADE
VIC1,2025-08-20 21:45:00,6380.54,97.0,TRADE
VIC1,2025-08-20 21:50:00,6321.42,81.29,TRADE
VIC1,2025-08-20 21:55:00,6319.04,74.83,TRADE
VIC1,2025-08-20 22:00:00,6248.46,72.73,TRADE
VIC1,2025-08-20 22:05:00,6225.88,75.84,TRADE
VIC1,2025-08-20 22:10:00,6122.87,76.52,TRADE
VIC1,2025-08-20 22:15:00,6105.51,105.06,TRADE
VIC1,2025-08-20 22:20:00,6042.89,77.83,TRADE
VIC1,2025-08-20 22:25:00,6031.16,74.61,TRADE
VIC1,2025-08-20 22:30:00,5972.93,73.95,TRADE
VIC1,2025-08-20 22:35:00,5968.84,82.56,TRADE
VIC1,2025-08-20 22:40:00,5920.14,79.4,TRADE
VIC1,2025-08-20 22:45:00,5855.83,74.69,TRADE
VIC1,2025-08-20 22:50:00,5814.37,73.76,TRADE
VIC1,2025-08-20 22:55:00,5773.72,75.41,TRADE
VIC1,2025-08-20 23:00:00,5736.19,69.17,TRADE
VIC1,2025-08-20 23:05:00,5703.66,72.69,TRADE
VIC1,2025-08-20 23:10:00,5772.04,73.22,TRADE
VIC1,2025-08-20 23:15:00,5797.7,70.31,TRADE
VIC1,2025-08-20 23:20:00,5795.16,69.39,TRADE
VIC1,2025-08-20 23:25:00,5765.32,66.35,TRADE
VIC1,2025-08-20 23:30:00,5766.51,58.21,TRADE
VIC1,2025-08-20 23:35:00,5765.48,68.15,TRADE
VIC1,2025-08-20 23:40:00,5731.13,69.45,TRADE
VIC1,2025-08-20 23:45:00,5658.31,63.89,TRADE
VIC1,2025-08-20 23:50:00,5613.14,46.52,TRADE
VIC1,2025-08-20 23:55:00,5571.52,50.49,TRADE
VIC1,2025-08-21 00:00:00,5528.72,57.39,TRADE
VIC1,2025-08-21 00:05:00,5534.35,34.91,TRADE
VIC1,2025-08-21 00:10:00,5504.52,51.28,TRADE
VIC1,2025-08-21 00:15:00,5480.63,50.89,TRADE
VIC1,2025-08-21 00:20:00,5430.68,50.96,TRADE
VIC1,2025-08-21 00:25:00,5401.35,49.17,TRADE
VIC1,2025-08-21 00:30:00,5384.27,47.43,TRADE
VIC1,2025-08-21 00:35:00,5364.08,64.67,TRADE
VIC1,2025-08-21 00:40:00,5298.09,49.39,TRADE
VIC1,2025-08-21 00:45:00,5285.04,45.43,TRADE
VIC1,2025-08-21 00:50:00,5247.72,45.87,TRADE
VIC1,2025-08-21 00:55:00,5210.66,49.49,TRADE
VIC1,2025-08-21 01:00:00,5153.47,34.91,TRADE
VIC1,2025-08-21 01:05:00,5127.69,51.64,TRADE
VIC1,2025-08-21 01:10:00,5137.48,52.08,TRADE
VIC1,2025-08-21 01:15:00,5136.93,51.72,TRADE
VIC1,2025-08-21 01:20:00,5128.47,52.16,TRADE
VIC1,2025-08-21 01:25:00,5104.88,52.11,TRADE
VIC1,2025-08-21 01:30:00,5079.73,52.55,TRADE
VIC1,2025-08-21 01:35:00,5031.23,69.93,TRADE
VIC1,2025-08-21 01:40:00,4998.16,70.68,TRADE
VIC1,2025-08-21 01:45:00,4967.92,69.7,TRADE
VIC1,2025-08-21 01:50:00,4933.53,52.24,TRADE
VIC1,2025-08-21 01:55:00,4916.0,70.47,TRADE
VIC1,2025-08-21 02:00:00,4876.7,52.04,TRADE
VIC1,2025-08-21 02:05:00,4888.76,71.79,TRADE
VIC1,2025-08-21 02:10:00,4876.21,71.24,TRADE
VIC1,2025-08-21 02:15:00,4835.15,71.15,TRADE
VIC1,2025-08-21 02:20:00,4852.16,72.4,TRADE
VIC1,2025-08-21 02:25:00,4816.96,73.45,TRADE
VIC1,2025-08-21 02:30:00,4800.44,72.8,TRADE
VIC1,2025-08-21 02:35:00,4787.18,73.73,TRADE
VIC1,2025-08-21 02:40:00,4794.36,73.55,TRADE
VIC1,2025-08-21 02:45:00,4795.4,71.67,TRADE
VIC1,2025-08-21 02:50:00,4777.85,65.06,TRADE
VIC1,2025-08-21 02:55:00,4764.54,67.77,TRADE
VIC1,2025-08-21 03:00:00,4738.17,55.75,TRADE
VIC1,2025-08-21 03:05:00,4737.14,52.39,TRADE
VIC1,2025-08-21 03:10:00,4722.65,68.74,TRADE
VIC1,2025-08-21 03:15:00,4725.97,67.2,TRADE
VIC1,2025-08-21 03:20:00,4728.1,54.79,TRADE
VIC1,2025-08-21 03:25:00,4728.72,51.3,TRADE
VIC1,2025-08-21 03:30:00,4725.85,61.75,TRADE
VIC1,2025-08-21 03:35:00,4737.69,51.65,TRADE
VIC1,2025-08-21 03:40:00,4752.34,51.65,TRADE
VIC1,2025-08-21 03:45:00,4737.74,50.73,TRADE
VIC1,2025-08-21 03:50:00,4739.34,51.31,TRADE
VIC1,2025-08-21 03:55:00,4773.87,51.3,TRADE
VIC1,2025-08-21 04:00:00,4757.97,51.67,TRADE
VIC1,2025-08-21 04:05:00,4762.8,56.08,TRADE
VIC1,2025-08-21 04:10:00,4771.0,67.14,TRADE
VIC1,2025-08-21 04:15:00,4751.85,49.99,TRADE
VIC1,2025-08-21 04:20:00,4794.83,69.17,TRADE
VIC1,2025-08-21 04:25:00,4827.36,69.48,TRADE
VIC1,2025-08-21 04:30:00,4855.44,69.64,TRADE
VIC1,2025-08-21 04:35:00,4854.89,69.1,TRADE
VIC1,2025-08-21 04:40:00,4892.91,69.02,TRADE
VIC1,2025-08-21 04:45:00,4898.22,69.0,TRADE
VIC1,2025-08-21 04:50:00,4916.58,69.6,TRADE
VIC1,2025-08-21 04:55:00,4970.8,70.05,TRADE
VIC1,2025-08-21 05:00:00,5012.72,69.99,TRADE
VIC1,2025-08-21 05:05:00,5053.3,74.68,TRADE
VIC1,2025-08-21 05:10:00,5113.25,74.7,TRADE
VIC1,2025-08-21 05:15:00,5184.99,75.8,TRADE
VIC1,2025-08-21 05:20:00,5241.38,75.8,TRADE
VIC1,2025-08-21 05:25:00,5277.89,75.29,TRADE
VIC1,2025-08-21 05:30:00,5356.87,75.68,TRADE
VIC1,2025-08-21 05:35:00,5380.07,74.63,TRADE
VIC1,2025-08-21 05:40:00,5448.97,78.26,TRADE
VIC1,2025-08-21 05:45:00,5550.84,78.41,TRADE
VIC1,2025-08-21 05:50:00,5623.55,84.39,TRADE
VIC1,2025-08-21 05:55:00,5694.29,92.58,TRADE
VIC1,2025-08-21 06:00:00,5767.49,95.22,TRADE
VIC1,2025-08-21 06:05:00,5873.25,84.97,TRADE
VIC1,2025-08-21 06:10:00,6036.87,132.72,TRADE
VIC1,2025-08-21 06:15:00,6122.13,176.3,TRADE
VIC1,2025-08-21 06:20:00,6195.36,184.49,TRADE
VIC1,2025-08-21 06:25:00,6283.33,164.41,TRADE
VIC1,2025-08-21 06:30:00,6391.6,173.13,TRADE
VIC1,2025-08-21 06:35:00,6458.04,224.99,TRADE
VIC1,2025-08-21 06:40:00,6610.38,234.39,TRADE
VIC1,2025-08-21 06:45:00,6731.59,290.76,TRADE
VIC1,2025-08-21 06:50:00,6829.3,319.95,TRADE
VIC1,2025-08-21 06:55:00,6937.02,309.55,TRADE
VIC1,2025-08-21 07:00:00,7019.11,313.41,TRADE
VIC1,2025-08-21 07:05:00,7153.93,360.07,TRADE
VIC1,2025-08-21 07:10:00,7194.07,320.45,TRADE
VIC1,2025-08-21 07:15:00,7294.67,489.01,TRADE
VIC1,2025-08-21 07:20:00,7071.68,313.97,TRADE
VIC1,2025-08-21 07:25:00,7147.68,270.82,TRADE
VIC1,2025-08-21 07:30:00,7190.7,311.98,TRADE
VIC1,2025-08-21 07:35:00,7179.48,288.76,TRADE
VIC1,2025-08-21 07:40:00,7187.4,222.42,TRADE
VIC1,2025-08-21 07:45:00,7183.45,175.94,TRADE
VIC1,2025-08-21 07:50:00,7154.49,183.85,TRADE
VIC1,2025-08-21 07:55:00,7156.88,195.89,TRADE
VIC1,2025-08-21 08:00:00,7060.84,183.85,TRADE
VIC1,2025-08-21 08:05:00,6975.1,163.66,TRADE
VIC1,2025-08-21 08:10:00,7232.01,180.96,TRADE
VIC1,2025-08-21 08:15:00,6977.68,161.98,TRADE
VIC1,2025-08-21 08:20:00,7051.33,163.03,TRADE
VIC1,2025-08-21 08:25:00,6935.18,162.51,TRADE
VIC1,2025-08-21 08:30:00,6864.48,128.39,TRADE
VIC1,2025-08-21 08:35:00,6775.83,174.94,TRADE
VIC1,2025-08-21 08:40:00,6665.79,114.67,TRADE
VIC1,2025-08-21 08:45:00,6566.44,160.25,TRADE
VIC1,2025-08-21 08:50:00,6440.94,93.1,TRADE
VIC1,2025-08-21 08:55:00,6381.39,96.18,TRADE
VIC1,2025-08-21 09:00:00,6294.54,81.77,TRADE
VIC1,2025-08-21 09:05:00,6200.23,101.13,TRADE
VIC1,2025-08-21 09:10:00,6150.76,93.84,TRADE
VIC1,2025-08-21 09:15:00,6056.6,109.25,TRADE
VIC1,2025-08-21 09:20:00,5921.24,88.03,TRADE
VIC1,2025-08-21 09:25:00,5833.31,77.62,TRADE
VIC1,2025-08-21 09:30:00,5715.63,78.22,TRADE
VIC1,2025-08-21 09:35:00,5605.59,73.41,TRADE
VIC1,2025-08-21 09:40:00,5529.79,73.99,TRADE
VIC1,2025-08-21 09:45:00,5392.41,57.9,TRADE
VIC1,2025-08-21 09:50:00,5333.44,71.8,TRADE
VIC1,2025-08-21 09:55:00,5217.45,60.09,TRADE
VIC1,2025-08-21 10:00:00,5106.37,68.36,TRADE
VIC1,2025-08-21 10:05:00,5019.29,70.88,TRADE
VIC1,2025-08-21 10:10:00,4941.24,75.2,TRADE
VIC1,2025-08-21 10:15:00,4851.79,57.1,TRADE
VIC1,2025-08-21 10:20:00,4770.21,51.26,TRADE
VIC1,2025-08-21 10:25:00,4719.3,50.87,TRADE
VIC1,2025-08-21 10:30:00,4586.29,65.02,TRADE
VIC1,2025-08-21 10:35:00,4510.8,52.17,TRADE
VIC1,2025-08-21 10:40:00,4427.76,55.07,TRADE
VIC1,2025-08-21 10:45:00,4358.87,48.19,TRADE
VIC1,2025-08-21 10:50:00,4269.8,41.32,TRADE
VIC1,2025-08-21 10:55:00,4191.79,42.41,TRADE
VIC1,2025-08-21 11:00:00,4149.35,48.19,TRADE
VIC1,2025-08-21 11:05:00,4069.66,48.19,TRADE
VIC1,2025-08-21 11:10:00,4019.15,48.19,TRADE
VIC1,2025-08-21 11:15:00,3966.28,54.36,TRADE
VIC1,2025-08-21 11:20:00,3942.17,38.83,TRADE
VIC1,2025-08-21 11:25:00,3895.19,48.17,TRADE
VIC1,2025-08-21 11:30:00,3815.48,47.72,TRADE
VIC1,2025-08-21 11:35:00,3779.02,41.17,TRADE
VIC1,2025-08-21 11:40:00,3717.95,28.82,TRADE
VIC1,2025-08-21 11:45:00,3699.63,19.0,TRADE
VIC1,2025-08-21 11:50:00,3639.24,19.18,TRADE
VIC1,2025-08-21 11:55:00,3649.76,19.18,TRADE
VIC1,2025-08-21 12:00:00,3541.94,19.18,TRADE
VIC1,2025-08-21 12:05:00,3543.52,19.18,TRADE
VIC1,2025-08-21 12:10:00,3471.89,19.18,TRADE
VIC1,2025-08-21 12:15:00,3486.66,19.18,TRADE
VIC1,2025-08-21 12:20:00,3418.39,19.0,TRADE
VIC1,2025-08-21 12:25:00,3350.09,19.0,TRADE
VIC1,2025-08-21 12:30:00,3321.4,19.0,TRADE
VIC1,2025-08-21 12:35:00,3322.62,19.18,TRADE
VIC1,2025-08-21 12:40:00,3333.57,19.18,TRADE
VIC1,2025-08-21 12:45:00,3246.96,12.42,TRADE
VIC1,2025-08-21 12:50:00,3256.35,8.95,TRADE
VIC1,2025-08-21 12:55:00,3261.57,19.0,TRADE
VIC1,2025-08-21 13:00:00,3198.14,8.95,TRADE
VIC1,2025-08-21 13:05:00,3224.69,8.95,TRADE
VIC1,2025-08-21 13:10:00,3273.27,19.0,TRADE
VIC1,2025-08-21 13:15:00,3266.35,0.01,TRADE
VIC1,2025-08-21 13:20:00,3323.88,0.01,TRADE
VIC1,2025-08-21 13:25:00,3352.46,12.42,TRADE
VIC1,2025-08-21 13:30:00,3341.97,-2.43,TRADE
VIC1,2025-08-21 13:35:00,3383.72,20.04,TRADE
VIC1,2025-08-21 13:40:00,3364.11,-2.21,TRADE
VIC1,2025-08-21 13:45:00,3435.31,-0.03,TRADE
VIC1,2025-08-21 13:50:00,3414.98,0.0,TRADE
VIC1,2025-08-21 13:55:00,3464.12,7.35,TRADE
VIC1,2025-08-21 14:00:00,3438.28,6.7,TRADE
VIC1,2025-08-21 14:05:00,3462.35,-2.42,TRADE
VIC1,2025-08-21 14:10:00,3467.49,43.69,TRADE
VIC1,2025-08-21 14:15:00,3423.38,21.27,TRADE
VIC1,2025-08-21 14:20:00,3510.24,21.34,TRADE
VIC1,2025-08-21 14:25:00,3588.53,21.01,TRADE
VIC1,2025-08-21 14:30:00,3617.4,19.0,TRADE
VIC1,2025-08-21 14:35:00,3662.52,8.95,TRADE
VIC1,2025-08-21 14:40:00,3647.6,33.14,TRADE
VIC1,2025-08-21 14:45:00,3658.14,37.14,TRADE
VIC1,2025-08-21 14:50:00,3685.71,45.59,TRADE
VIC1,2025-08-21 14:55:00,3756.14,13.65,TRADE
VIC1,2025-08-21 15:00:00,3864.05,48.82,TRADE
VIC1,2025-08-21 15:05:00,3899.74,61.16,TRADE
VIC1,2025-08-21 15:10:00,3863.09,46.28,TRADE
VIC1,2025-08-21 15:15:00,4021.25,84.53,TRADE
VIC1,2025-08-21 15:20:00,4033.44,61.34,TRADE
VIC1,2025-08-21 15:25:00,4138.67,75.8,TRADE
VIC1,2025-08-21 15:30:00,4199.73,97.36,TRADE
VIC1,2025-08-21 15:35:00,4246.95,92.48,TRADE
VIC1,2025-08-21 15:40:00,4361.74,83.97,TRADE
VIC1,2025-08-21 15:45:00,4393.27,78.09,TRADE
VIC1,2025-08-21 15:50:00,4539.12,100.61,TRADE
VIC1,2025-08-21 15:55:00,4558.7,101.4,TRADE
VIC1,2025-08-21 16:00:00,4619.87,115.89,TRADE
VIC1,2025-08-21 16:05:00,4716.41,102.67,TRADE
VIC1,2025-08-21 16:10:00,4849.08,103.28,TRADE
VIC1,2025-08-21 16:15:00,4930.5,140.1,TRADE
VIC1,2025-08-21 16:20:00,5008.8,141.36,TRADE
VIC1,2025-08-21 16:25:00,5118.76,179.62,TRADE
VIC1,2025-08-21 16:30:00,5219.56,246.94,TRADE
VIC1,2025-08-21 16:35:00,5237.88,164.41,TRADE
VIC1,2025-08-21 16:40:00,5325.62,185.23,TRADE
VIC1,2025-08-21 16:45:00,5387.92,195.89,TRADE
VIC1,2025-08-21 16:50:00,5498.34,191.43,TRADE
VIC1,2025-08-21 16:55:00,5592.31,195.89,TRADE
VIC1,2025-08-21 17:00:00,5661.06,218.65,TRADE
VIC1,2025-08-21 17:05:00,5749.29,213.75,TRADE
VIC1,2025-08-21 17:10:00,5849.93,229.34,TRADE
VIC1,2025-08-21 17:15:00,5948.81,256.77,TRADE
VIC1,2025-08-21 17:20:00,6041.38,239.99,TRADE
VIC1,2025-08-21 17:25:00,6084.78,217.43,TRADE
VIC1,2025-08-21 17:30:00,6148.22,265.74,TRADE
VIC1,2025-08-21 17:35:00,6203.5,228.37,TRADE
VIC1,2025-08-21 17:40:00,6320.15,228.62,TRADE
VIC1,2025-08-21 17:45:00,6384.59,238.91,TRADE
VIC1,2025-08-21 17:50:00,6436.91,241.01,TRADE
VIC1,2025-08-21 17:55:00,6464.41,253.45,TRADE
VIC1,2025-08-21 18:00:00,6510.27,227.46,TRADE
VIC1,2025-08-21 18:05:00,6589.33,270.32,TRADE
VIC1,2025-08-21 18:10:00,6586.97,238.51,TRADE
VIC1,2025-08-21 18:15:00,6651.88,251.04,TRADE
VIC1,2025-08-21 18:20:00,6658.89,228.5,TRADE
VIC1,2025-08-21 18:25:00,6687.57,255.33,TRADE
VIC1,2025-08-21 18:30:00,6639.86,270.82,TRADE
VIC1,2025-08-21 18:35:00,6648.02,339.1,TRADE
VIC1,2025-08-21 18:40:00,6650.34,424.73,TRADE
VIC1,2025-08-21 18:45:00,6600.49,318.24,TRADE
VIC1,2025-08-21 18:50:00,6594.45,243.6,TRADE
VIC1,2025-08-21 18:55:00,6594.32,260.35,TRADE
VIC1,2025-08-21 19:00:00,6607.57,260.4,TRADE
VIC1,2025-08-21 19:05:00,6589.92,266.43,TRADE
VIC1,2025-08-21 19:10:00,6571.5,249.12,TRADE
VIC1,2025-08-21 19:15:00,6534.3,232.88,TRADE
VIC1,2025-08-21 19:20:00,6540.44,251.29,TRADE
VIC1,2025-08-21 19:25:00,6520.34,239.74,TRADE
VIC1,2025-08-21 19:30:00,6494.59,239.73,TRADE
VIC1,2025-08-21 19:35:00,6488.59,225.51,TRADE
VIC1,2025-08-21 19:40:00,6479.97,222.16,TRADE
VIC1,2025-08-21 19:45:00,6448.31,238.91,TRADE
VIC1,2025-08-21 19:50:00,6400.86,223.31,TRADE
VIC1,2025-08-21 19:55:00,6439.15,223.4,TRADE
VIC1,2025-08-21 20:00:00,6382.8,196.29,TRADE
VIC1,2025-08-21 20:05:00,6349.64,205.29,TRADE
VIC1,2025-08-21 20:10:00,6307.56,225.79,TRADE
VIC1,2025-08-21 20:15:00,6337.31,224.02,TRADE
VIC1,2025-08-21 20:20:00,6295.96,224.04,TRADE
VIC1,2025-08-21 20:25:00,6270.66,223.82,TRADE
VIC1,2025-08-21 20:30:00,6291.73,238.51,TRADE
VIC1,2025-08-21 20:35:00,6261.18,238.07,TRADE
VIC1,2025-08-21 20:40:00,6223.14,256.71,TRADE
VIC1,2025-08-21 20:45:00,6184.53,252.92,TRADE
VIC1,2025-08-21 20:50:00,6165.71,259.28,TRADE
VIC1,2025-08-21 20:55:00,6123.52,258.68,TRADE
VIC1,2025-08-21 21:00:00,6072.95,211.4,TRADE
VIC1,2025-08-21 21:05:00,6025.11,213.49,TRADE
VIC1,2025-08-21 21:10:00,5980.58,216.01,TRADE
VIC1,2025-08-21 21:15:00,5946.14,183.85,TRADE
VIC1,2025-08-21 21:20:00,5944.93,212.67,TRADE
VIC1,2025-08-21 21:25:00,5910.43,188.97,TRADE
VIC1,2025-08-21 21:30:00,5869.18,161.95,TRADE
VIC1,2025-08-21 21:35:00,5828.5,158.97,TRADE
VIC1,2025-08-21 21:40:00,5787.63,156.64,TRADE
VIC1,2025-08-21 21:45:00,5740.75,154.31,TRADE
VIC1,2025-08-21 21:50:00,5695.28,142.91,TRADE
VIC1,2025-08-21 21:55:00,5651.27,140.87,TRADE
VIC1,2025-08-21 22:00:00,5616.97,106.36,TRADE
VIC1,2025-08-21 22:05:00,5577.61,125.39,TRADE
VIC1,2025-08-21 22:10:00,5517.35,187.36,TRADE
VIC1,2025-08-21 22:15:00,5527.0,200.76,TRADE
VIC1,2025-08-21 22:20:00,5449.62,189.9,TRADE
VIC1,2025-08-21 22:25:00,5411.31,189.13,TRADE
VIC1,2025-08-21 22:30:00,5361.68,136.48,TRADE
VIC1,2025-08-21 22:35:00,5324.07,135.57,TRADE
VIC1,2025-08-21 22:40:00,5326.93,113.26,TRADE
VIC1,2025-08-21 22:45:00,5291.76,101.27,TRADE
VIC1,2025-08-21 22:50:00,5222.4,90.0,TRADE
VIC1,2025-08-21 22:55:00,5212.15,85.99,TRADE
VIC1,2025-08-21 23:00:00,5191.13,84.12,TRADE
VIC1,2025-08-21 23:05:00,5195.97,81.53,TRADE
VIC1,2025-08-21 23:10:00,5286.19,83.1,TRADE
VIC1,2025-08-21 23:15:00,5318.25,82.84,TRADE
VIC1,2025-08-21 23:20:00,5281.78,76.43,TRADE
VIC1,2025-08-21 23:25:00,5261.78,76.44,TRADE
VIC1,2025-08-21 23:30:00,5272.43,76.56,TRADE
VIC1,2025-08-21 23:35:00,5243.59,88.23,TRADE
VIC1,2025-08-21 23:40:00,5235.9,97.91,TRADE
VIC1,2025-08-21 23:45:00,5154.74,86.45,TRADE
VIC1,2025-08-21 23:50:00,5138.19,93.78,TRADE
VIC1,2025-08-21 23:55:00,5091.56,75.8,TRADE
VIC1,2025-08-22 00:00:00,5032.98,31.2,TRADE
VIC1,2025-08-22 00:05:00,5056.5,79.64,TRADE
VIC1,2025-08-22 00:10:00,5068.13,86.23,TRADE
VIC1,2025-08-22 00:15:00,5007.74,75.8,TRADE
VIC1,2025-08-22 00:20:00,4991.61,79.64,TRADE
VIC1,2025-08-22 00:25:00,4939.6,75.8,TRADE
VIC1,2025-08-22 00:30:00,4911.57,76.31,TRADE
VIC1,2025-08-22 00:35:00,4882.33,50.32,TRADE
VIC1,2025-08-22 00:40:00,4891.33,63.74,TRADE
VIC1,2025-08-22 00:45:00,4850.61,19.0,TRADE
VIC1,2025-08-22 00:50:00,4840.32,54.97,TRADE
VIC1,2025-08-22 00:55:00,4811.42,76.56,TRADE
VIC1,2025-08-22 01:00:00,4774.89,69.81,TRADE
VIC1,2025-08-22 01:05:00,4732.79,55.39,TRADE
VIC1,2025-08-22 01:10:00,4754.93,79.11,TRADE
VIC1,2025-08-22 01:15:00,4711.57,75.8,TRADE
VIC1,2025-08-22 01:20:00,4683.04,19.76,TRADE
VIC1,2025-08-22 01:25:00,4659.88,19.0,TRADE
VIC1,2025-08-22 01:30:00,4625.85,19.0,TRADE
VIC1,2025-08-22 01:35:00,4620.09,19.0,TRADE
VIC1,2025-08-22 01:40:00,4579.29,19.0,TRADE
VIC1,2025-08-22 01:45:00,4580.39,19.0,TRADE
VIC1,2025-08-22 01:50:00,4566.65,20.33,TRADE
VIC1,2025-08-22 01:55:00,4573.62,53.6,TRADE
VIC1,2025-08-22 02:00:00,4533.29,19.0,TRADE
VIC1,2025-08-22 02:05:00,4526.45,8.95,TRADE
VIC1,2025-08-22 02:10:00,4485.37,21.01,TRADE
VIC1,2025-08-22 02:15:00,4482.26,12.42,TRADE
VIC1,2025-08-22 02:20:00,4487.68,11.06,TRADE
VIC1,2025-08-22 02:25:00,4452.03,11.06,TRADE
VIC1,2025-08-22 02:30:00,4457.36,11.06,TRADE
VIC1,2025-08-22 02:35:00,4436.25,12.42,TRADE
VIC1,2025-08-22 02:40:00,4435.62,11.57,TRADE
VIC1,2025-08-22 02:45:00,4428.56,0.01,TRADE
VIC1,2025-08-22 02:50:00,4393.84,0.01,TRADE
VIC1,2025-08-22 02:55:00,4389.22,10.89,TRADE
VIC1,2025-08-22 03:00:00,4342.7,8.95,TRADE
VIC1,2025-08-22 03:05:00,4346.32,10.89,TRADE
VIC1,2025-08-22 03:10:00,4322.43,0.01,TRADE
VIC1,2025-08-22 03:15:00,4312.69,8.95,TRADE
VIC1,2025-08-22 03:20:00,4283.27,0.01,TRADE
VIC1,2025-08-22 03:25:00,4247.23,0.0,TRADE
VIC1,2025-08-22 03:30:00,4228.75,8.95,TRADE
VIC1,2025-08-22 03:35:00,4236.99,8.95,TRADE
VIC1,2025-08-22 03:40:00,4242.29,8.95,TRADE
VIC1,2025-08-22 03:45:00,4282.89,9.55,TRADE
VIC1,2025-08-22 03:50:00,4261.16,8.95,TRADE
VIC1,2025-08-22 03:55:00,4283.56,5.26,TRADE
VIC1,2025-08-22 04:00:00,4261.31,8.95,TRADE
VIC1,2025-08-22 04:05:00,4274.87,8.95,TRADE
VIC1,2025-08-22 04:10:00,4253.65,0.01,TRADE
VIC1,2025-08-22 04:15:00,4271.75,0.08,TRADE
VIC1,2025-08-22 04:20:00,4266.64,8.95,TRADE
VIC1,2025-08-22 04:25:00,4280.12,8.95,TRADE
VIC1,2025-08-22 04:30:00,4308.41,9.76,TRADE
VIC1,2025-08-22 04:35:00,4301.02,9.57,TRADE
VIC1,2025-08-22 04:40:00,4329.17,9.72,TRADE
VIC1,2025-08-22 04:45:00,4385.94,0.01,TRADE
VIC1,2025-08-22 04:50:00,4386.29,0.01,TRADE
VIC1,2025-08-22 04:55:00,4398.91,0.01,TRADE
VIC1,2025-08-22 05:00:00,4446.23,8.95,TRADE
VIC1,2025-08-22 05:05:00,4456.84,19.0,TRADE
VIC1,2025-08-22 05:10:00,4546.15,19.0,TRADE
VIC1,2025-08-22 05:15:00,4611.1,19.47,TRADE
VIC1,2025-08-22 05:20:00,4659.83,34.91,TRADE
VIC1,2025-08-22 05:25:00,4701.45,51.75,TRADE
VIC1,2025-08-22 05:30:00,4732.41,19.0,TRADE
VIC1,2025-08-22 05:35:00,4770.82,50.55,TRADE
VIC1,2025-08-22 05:40:00,4833.82,77.81,TRADE
VIC1,2025-08-22 05:45:00,4871.92,82.79,TRADE
VIC1,2025-08-22 05:50:00,4908.09,75.8,TRADE
VIC1,2025-08-22 05:55:00,4952.87,75.8,TRADE
VIC1,2025-08-22 06:00:00,5014.82,75.23,TRADE
VIC1,2025-08-22 06:05:00,5098.52,75.8,TRADE
VIC1,2025-08-22 06:10:00,5203.38,112.96,TRADE
VIC1,2025-08-22 06:15:00,5309.76,119.78,TRADE
VIC1,2025-08-22 06:20:00,5385.37,105.49,TRADE
VIC1,2025-08-22 06:25:00,5515.73,149.7,TRADE
VIC1,2025-08-22 06:30:00,5585.71,114.55,TRADE
VIC1,2025-08-22 06:35:00,5650.67,115.97,TRADE
VIC1,2025-08-22 06:40:00,5692.91,99.04,TRADE
VIC1,2025-08-22 06:45:00,5809.07,97.33,TRADE
VIC1,2025-08-22 06:50:00,5840.74,132.34,TRADE
VIC1,2025-08-22 06:55:00,5851.61,132.72,TRADE
VIC1,2025-08-22 07:00:00,5999.83,128.77,TRADE
VIC1,2025-08-22 07:05:00,6064.62,127.43,TRADE
VIC1,2025-08-22 07:10:00,6078.33,132.76,TRADE
VIC1,2025-08-22 07:15:00,6163.49,155.17,TRADE
VIC1,2025-08-22 07:20:00,6241.44,144.23,TRADE
VIC1,2025-08-22 07:25:00,6251.4,124.17,TRADE
VIC1,2025-08-22 07:30:00,6283.81,114.67,TRADE
VIC1,2025-08-22 07:35:00,6333.67,132.72,TRADE
VIC1,2025-08-22 07:40:00,6438.44,129.58,TRADE
VIC1,2025-08-22 07:45:00,6404.38,114.67,TRADE
VIC1,2025-08-22 07:50:00,6424.11,114.67,TRADE
VIC1,2025-08-22 07:55:00,6369.12,114.67,TRADE
VIC1,2025-08-22 08:00:00,6417.14,109.69,TRADE
VIC1,2025-08-22 08:05:00,6327.18,107.7,TRADE
VIC1,2025-08-22 08:10:00,6451.36,114.67,TRADE
VIC1,2025-08-22 08:15:00,6368.09,110.39,TRADE
VIC1,2025-08-22 08:20:00,6346.29,112.41,TRADE
VIC1,2025-08-22 08:25:00,6326.31,122.94,TRADE
VIC1,2025-08-22 08:30:00,6282.67,90.03,TRADE
VIC1,2025-08-22 08:35:00,6224.14,115.83,TRADE
VIC1,2025-08-22 08:40:00,6227.73,105.89,TRADE
VIC1,2025-08-22 08:45:00,6247.44,111.04,TRADE
VIC1,2025-08-22 08:50:00,6141.77,75.8,TRADE
VIC1,2025-08-22 08:55:00,6211.72,77.0,TRADE
VIC1,2025-08-22 09:00:00,6113.72,74.98,TRADE
VIC1,2025-08-22 09:05:00,6036.05,84.23,TRADE
VIC1,2025-08-22 09:10:00,6006.57,105.69,TRADE
VIC1,2025-08-22 09:15:00,5935.06,85.12,TRADE
VIC1,2025-08-22 09:20:00,5831.82,59.3,TRADE
VIC1,2025-08-22 09:25:00,5734.91,59.03,TRADE
VIC1,2025-08-22 09:30:00,5734.44,58.82,TRADE
VIC1,2025-08-22 09:35:00,5694.21,48.19,TRADE
VIC1,2025-08-22 09:40:00,5543.98,57.05,TRADE
VIC1,2025-08-22 09:45:00,5509.45,54.06,TRADE
VIC1,2025-08-22 09:50:00,5418.33,48.17,TRADE
VIC1,2025-08-22 09:55:00,5305.29,67.81,TRADE
VIC1,2025-08-22 10:00:00,5250.37,52.09,TRADE
VIC1,2025-08-22 10:05:00,5069.88,19.0,TRADE
VIC1,2025-08-22 10:10:00,5178.86,61.27,TRADE
VIC1,2025-08-22 10:15:00,5133.57,68.47,TRADE
VIC1,2025-08-22 10:20:00,4961.62,49.6,TRADE
VIC1,2025-08-22 10:25:00,5025.18,67.1,TRADE
VIC1,2025-08-22 10:30:00,4976.25,19.0,TRADE
VIC1,2025-08-22 10:35:00,4994.16,64.35,TRADE
VIC1,2025-08-22 10:40:00,4911.46,56.28,TRADE
VIC1,2025-08-22 10:45:00,4824.39,37.98,TRADE
VIC1,2025-08-22 10:50:00,4811.9,38.3,TRADE
VIC1,2025-08-22 10:55:00,4826.4,47.39,TRADE
VIC1,2025-08-22 11:00:00,4726.23,36.29,TRADE
VIC1,2025-08-22 11:05:00,4829.26,41.9,TRADE
VIC1,2025-08-22 11:10:00,4897.66,76.16,TRADE
VIC1,2025-08-22 11:15:00,4816.63,61.9,TRADE
VIC1,2025-08-22 11:20:00,4779.95,67.07,TRADE
VIC1,2025-08-22 11:25:00,4664.56,27.75,TRADE
VIC1,2025-08-22 11:30:00,4728.97,53.44,TRADE
VIC1,2025-08-22 11:35:00,4611.53,19.0,TRADE
VIC1,2025-08-22 11:40:00,4720.2,55.1,TRADE
VIC1,2025-08-22 11:45:00,4574.31,48.17,TRADE
VIC1,2025-08-22 11:50:00,4522.26,71.1,TRADE
VIC1,2025-08-22 11:55:00,4445.59,48.17,TRADE
VIC1,2025-08-22 12:00:00,4413.54,45.0,TRADE
VIC1,2025-08-22 12:05:00,4378.4,44.95,TRADE
VIC1,2025-08-22 12:10:00,4181.87,19.76,TRADE
VIC1,2025-08-22 12:15:00,4133.82,8.95,TRADE
VIC1,2025-08-22 12:20:00,4166.07,34.25,TRADE
VIC1,2025-08-22 12:25:00,4120.22,8.95,TRADE
VIC1,2025-08-22 12:30:00,4058.78,19.0,TRADE
VIC1,2025-08-22 12:35:00,4126.08,19.0,TRADE
VIC1,2025-08-22 12:40:00,4117.87,22.81,TRADE
VIC1,2025-08-22 12:45:00,4102.98,19.0,TRADE
VIC1,2025-08-22 12:50:00,4077.65,19.0,TRADE
VIC1,2025-08-22 12:55:00,4098.68,19.0,TRADE
VIC1,2025-08-22 13:00:00,4196.48,20.04,TRADE
VIC1,2025-08-22 13:05:00,4310.14,40.93,TRADE
VIC1,2025-08-22 13:10:00,4247.82,40.68,TRADE
VIC1,2025-08-22 13:15:00,4315.84,40.39,TRADE
VIC1,2025-08-22 13:20:00,4310.46,39.8,TRADE
VIC1,2025-08-22 13:25:00,4410.26,65.34,TRADE
VIC1,2025-08-22 13:30:00,4435.86,44.04,TRADE
VIC1,2025-08-22 13:35:00,4464.16,38.38,TRADE
VIC1,2025-08-22 13:40:00,4526.04,18.81,TRADE
VIC1,2025-08-22 13:45:00,4666.28,22.01,TRADE
VIC1,2025-08-22 13:50:00,4681.14,20.04,TRADE
VIC1,2025-08-22 13:55:00,4625.97,34.82,TRADE
VIC1,2025-08-22 14:00:00,4669.04,19.0,TRADE
VIC1,2025-08-22 14:05:00,4785.1,36.85,TRADE
VIC1,2025-08-22 14:10:00,4702.96,28.26,TRADE
VIC1,2025-08-22 14:15:00,4721.51,40.0,TRADE
VIC1,2025-08-22 14:20:00,4754.06,65.1,TRADE
VIC1,2025-08-22 14:25:00,4722.62,50.02,TRADE
VIC1,2025-08-22 14:30:00,4752.09,40.48,TRADE
VIC1,2025-08-22 14:35:00,4817.42,39.62,TRADE
VIC1,2025-08-22 14:40:00,5012.01,68.43,TRADE
VIC1,2025-08-22 14:45:00,4990.43,92.51,TRADE
VIC1,2025-08-22 14:50:00,5051.5,45.62,TRADE
VIC1,2025-08-22 14:55:00,5164.69,76.73,TRADE
VIC1,2025-08-22 15:00:00,5155.25,94.95,TRADE
VIC1,2025-08-22 15:05:00,5195.9,83.81,TRADE
VIC1,2025-08-22 15:10:00,5116.51,99.51,TRADE
VIC1,2025-08-22 15:15:00,5104.25,83.49,TRADE
VIC1,2025-08-22 15:20:00,5267.92,99.97,TRADE
VIC1,2025-08-22 15:25:00,5269.46,89.27,TRADE
VIC1,2025-08-22 15:30:00,5216.86,103.59,TRADE
VIC1,2025-08-22 15:35:00,5293.82,86.76,TRADE
VIC1,2025-08-22 15:40:00,5267.5,73.81,TRADE
VIC1,2025-08-22 15:45:00,5327.97,58.18,TRADE
VIC1,2025-08-22 15:50:00,5239.9,47.36,TRADE
VIC1,2025-08-22 15:55:00,5314.51,71.2,TRADE
VIC1,2025-08-22 16:00:00,5396.02,57.9,TRADE
VIC1,2025-08-22 16:05:00,5458.92,54.35,TRADE
VIC1,2025-08-22 16:10:00,5424.63,57.69,TRADE
VIC1,2025-08-22 16:15:00,5534.87,70.16,TRADE
VIC1,2025-08-22 16:20:00,5581.01,75.8,TRADE
VIC1,2025-08-22 16:25:00,5568.0,85.0,TRADE
VIC1,2025-08-22 16:30:00,5639.06,101.67,TRADE
VIC1,2025-08-22 16:35:00,5610.63,99.77,TRADE
VIC1,2025-08-22 16:40:00,5672.44,194.13,TRADE
VIC1,2025-08-22 16:45:00,5762.69,147.65,TRADE
VIC1,2025-08-22 16:50:00,5788.96,143.5,TRADE
VIC1,2025-08-22 16:55:00,5823.06,144.43,TRADE
VIC1,2025-08-22 17:00:00,5941.86,139.45,TRADE
VIC1,2025-08-22 17:05:00,6017.19,140.12,TRADE
VIC1,2025-08-22 17:10:00,6053.86,140.49,TRADE
VIC1,2025-08-22 17:15:00,6015.1,143.44,TRADE
VIC1,2025-08-22 17:20:00,6104.42,185.33,TRADE
VIC1,2025-08-22 17:25:00,6130.08,151.62,TRADE
VIC1,2025-08-22 17:30:00,6208.2,210.34,TRADE
VIC1,2025-08-22 17:35:00,6296.49,158.97,TRADE
VIC1,2025-08-22 17:40:00,6282.85,170.22,TRADE
VIC1,2025-08-22 17:45:00,6386.37,156.66,TRADE
VIC1,2025-08-22 17:50:00,6408.53,195.89,TRADE
VIC1,2025-08-22 17:55:00,6407.67,187.66,TRADE
VIC1,2025-08-22 18:00:00,6350.31,184.21,TRADE
VIC1,2025-08-22 18:05:00,6376.72,184.36,TRADE
VIC1,2025-08-22 18:10:00,6447.24,180.66,TRADE
VIC1,2025-08-22 18:15:00,6527.37,169.15,TRADE
VIC1,2025-08-22 18:20:00,6495.16,167.84,TRADE
VIC1,2025-08-22 18:25:00,6499.9,177.49,TRADE
VIC1,2025-08-22 18:30:00,6493.86,164.41,TRADE
VIC1,2025-08-22 18:35:00,6573.57,164.41,TRADE
VIC1,2025-08-22 18:40:00,6527.57,158.97,TRADE
VIC1,2025-08-22 18:45:00,6539.14,151.31,TRADE
VIC1,2025-08-22 18:50:00,6495.31,158.97,TRADE
VIC1,2025-08-22 18:55:00,6455.06,132.72,TRADE
VIC1,2025-08-22 19:00:00,6380.6,132.72,TRADE
VIC1,2025-08-22 19:05:00,6360.21,132.72,TRADE
VIC1,2025-08-22 19:10:00,6340.96,130.66,TRADE
VIC1,2025-08-22 19:15:00,6362.34,125.62,TRADE
VIC1,2025-08-22 19:20:00,6466.1,130.86,TRADE
VIC1,2025-08-22 19:25:00,6449.07,127.72,TRADE
VIC1,2025-08-22 19:30:00,6357.02,126.72,TRADE
VIC1,2025-08-22 19:35:00,6359.28,129.28,TRADE
VIC1,2025-08-22 19:40:00,6335.98,124.87,TRADE
VIC1,2025-08-22 19:45:00,6384.97,124.76,TRADE
VIC1,2025-08-22 19:50:00,6374.51,125.57,TRADE
VIC1,2025-08-22 19:55:00,6363.57,125.51,TRADE
VIC1,2025-08-22 20:00:00,6353.31,124.99,TRADE
VIC1,2025-08-22 20:05:00,6228.88,124.28,TRADE
VIC1,2025-08-22 20:10:00,6232.7,125.67,TRADE
VIC1,2025-08-22 20:15:00,6176.27,124.71,TRADE
VIC1,2025-08-22 20:20:00,6206.29,125.78,TRADE
VIC1,2025-08-22 20:25:00,6186.91,124.84,TRADE
VIC1,2025-08-22 20:30:00,6122.27,122.15,TRADE
VIC1,2025-08-22 20:35:00,6166.46,128.99,TRADE
VIC1,2025-08-22 20:40:00,6158.05,132.35,TRADE
VIC1,2025-08-22 20:45:00,6145.63,132.06,TRADE
VIC1,2025-08-22 20:50:00,6054.42,140.14,TRADE
VIC1,2025-08-22 20:55:00,6015.92,132.08,TRADE
VIC1,2025-08-22 21:00:00,6086.83,150.89,TRADE
VIC1,2025-08-22 21:05:00,6062.07,130.72,TRADE
VIC1,2025-08-22 21:10:00,5992.15,130.72,TRADE
VIC1,2025-08-22 21:15:00,6033.76,133.31,TRADE
VIC1,2025-08-22 21:20:00,6013.15,136.0,TRADE
VIC1,2025-08-22 21:25:00,6000.86,154.0,TRADE
VIC1,2025-08-22 21:30:00,5891.38,122.02,TRADE
VIC1,2025-08-22 21:35:00,5867.09,137.13,TRADE
VIC1,2025-08-22 21:40:00,5817.17,134.46,TRADE
VIC1,2025-08-22 21:45:00,5854.01,135.13,TRADE
VIC1,2025-08-22 21:50:00,5806.62,132.73,TRADE
VIC1,2025-08-22 21:55:00,5697.82,155.02,TRADE
VIC1,2025-08-22 22:00:00,5663.96,130.0,TRADE
VIC1,2025-08-22 22:05:00,5661.15,129.63,TRADE
VIC1,2025-08-22 22:10:00,5660.68,158.97,TRADE
VIC1,2025-08-22 22:15:00,5633.06,157.58,TRADE
VIC1,2025-08-22 22:20:00,5546.89,158.97,TRADE
VIC1,2025-08-22 22:25:00,5493.99,132.72,TRADE
VIC1,2025-08-22 22:30:00,5549.46,162.47,TRADE
VIC1,2025-08-22 22:35:00,5538.32,145.18,TRADE
VIC1,2025-08-22 22:40:00,5529.49,158.97,TRADE
VIC1,2025-08-22 22:45:00,5523.46,122.14,TRADE
VIC1,2025-08-22 22:50:00,5457.15,129.38,TRADE
VIC1,2025-08-22 22:55:00,5353.26,105.59,TRADE
VIC1,2025-08-22 23:00:00,5405.16,128.72,TRADE
VIC1,2025-08-22 23:05:00,5364.83,106.69,TRADE
VIC1,2025-08-22 23:10:00,5400.37,131.21,TRADE
VIC1,2025-08-22 23:15:00,5534.39,125.18,TRADE
VIC1,2025-08-22 23:20:00,5539.33,131.01,TRADE
VIC1,2025-08-22 23:25:00,5540.67,127.8,TRADE
VIC1,2025-08-22 23:30:00,5523.51,131.24,TRADE
VIC1,2025-08-22 23:35:00,5517.6,111.09,TRADE
VIC1,2025-08-22 23:40:00,5448.54,133.89,TRADE
VIC1,2025-08-22 23:45:00,5431.1,110.38,TRADE
VIC1,2025-08-22 23:50:00,5311.78,107.56,TRADE
VIC1,2025-08-22 23:55:00,5290.81,107.72,TRADE
VIC1,2025-08-25 00:00:00,5379.73,82.99,TRADE
VIC1,2025-08-25 00:05:00,5322.19,84.34,TRADE
VIC1,2025-08-25 00:10:00,5351.35,83.13,TRADE
VIC1,2025-08-25 00:15:00,5333.18,82.35,TRADE
VIC1,2025-08-25 00:20:00,5303.32,77.04,TRADE
VIC1,2025-08-25 00:25:00,5296.09,82.78,TRADE
VIC1,2025-08-25 00:30:00,5186.04,78.22,TRADE
VIC1,2025-08-25 00:35:00,5152.59,76.55,TRADE
VIC1,2025-08-25 00:40:00,5144.59,85.95,TRADE
VIC1,2025-08-25 00:45:00,5174.61,89.39,TRADE
VIC1,2025-08-25 00:50:00,5177.87,93.37,TRADE
VIC1,2025-08-25 00:55:00,5123.48,81.25,TRADE
VIC1,2025-08-25 01:00:00,5112.05,85.46,TRADE
VIC1,2025-08-25 01:05:00,5098.91,75.8,TRADE
VIC1,2025-08-25 01:10:00,5080.84,75.8,TRADE
VIC1,2025-08-25 01:15:00,5074.08,76.37,TRADE
VIC1,2025-08-25 01:20:00,4981.38,75.8,TRADE
VIC1,2025-08-25 01:25:00,4969.46,74.79,TRADE
VIC1,2025-08-25 01:30:00,4972.4,74.0,TRADE
VIC1,2025-08-25 01:35:00,4963.43,74.08,TRADE
VIC1,2025-08-25 01:40:00,4913.37,72.4,TRADE
VIC1,2025-08-25 01:45:00,4887.34,71.86,TRADE
VIC1,2025-08-25 01:50:00,4848.42,69.94,TRADE
VIC1,2025-08-25 01:55:00,4830.22,68.47,TRADE
VIC1,2025-08-25 02:00:00,4750.33,66.97,TRADE
VIC1,2025-08-25 02:05:00,4718.6,71.31,TRADE
VIC1,2025-08-25 02:10:00,4705.12,71.67,TRADE
VIC1,2025-08-25 02:15:00,4784.41,74.91,TRADE
VIC1,2025-08-25 02:20:00,4756.71,72.11,TRADE
VIC1,2025-08-25 02:25:00,4726.93,69.15,TRADE
VIC1,2025-08-25 02:30:00,4701.89,70.19,TRADE
VIC1,2025-08-25 02:35:00,4707.42,70.22,TRADE
VIC1,2025-08-25 02:40:00,4674.58,70.54,TRADE
VIC1,2025-08-25 02:45:00,4621.68,67.14,TRADE
VIC1,2025-08-25 02:50:00,4607.75,67.87,TRADE
VIC1,2025-08-25 02:55:00,4637.49,69.62,TRADE
VIC1,2025-08-25 03:00:00,4615.32,64.58,TRADE
VIC1,2025-08-25 03:05:00,4648.89,69.6,TRADE
VIC1,2025-08-25 03:10:00,4654.42,75.1,TRADE
VIC1,2025-08-25 03:15:00,4620.21,69.47,TRADE
VIC1,2025-08-25 03:20:00,4608.88,71.13,TRADE
VIC1,2025-08-25 03:25:00,4525.41,67.55,TRADE
VIC1,2025-08-25 03:30:00,4561.27,72.88,TRADE
VIC1,2025-08-25 03:35:00,4594.75,69.61,TRADE
VIC1,2025-08-25 03:40:00,4606.55,69.62,TRADE
VIC1,2025-08-25 03:45:00,4601.63,69.69,TRADE
VIC1,2025-08-25 03:50:00,4612.39,73.55,TRADE
VIC1,2025-08-25 03:55:00,4628.79,71.0,TRADE
VIC1,2025-08-25 04:00:00,4624.6,70.15,TRADE
VIC1,2025-08-25 04:05:00,4562.39,68.87,TRADE
VIC1,2025-08-25 04:10:00,4625.69,75.56,TRADE
VIC1,2025-08-25 04:15:00,4675.37,71.93,TRADE
VIC1,2025-08-25 04:20:00,4703.03,70.23,TRADE
VIC1,2025-08-25 04:25:00,4713.57,70.34,TRADE
VIC1,2025-08-25 04:30:00,4730.27,69.06,TRADE
VIC1,2025-08-25 04:35:00,4746.12,70.34,TRADE
VIC1,2025-08-25 04:40:00,4750.88,70.39,TRADE
VIC1,2025-08-25 04:45:00,4693.45,68.9,TRADE
VIC1,2025-08-25 04:50:00,4714.17,69.34,TRADE
VIC1,2025-08-25 04:55:00,4804.27,67.59,TRADE
VIC1,2025-08-25 05:00:00,4835.88,70.52,TRADE
VIC1,2025-08-25 05:05:00,4876.5,69.93,TRADE
VIC1,2025-08-25 05:10:00,4958.03,70.45,TRADE
VIC1,2025-08-25 05:15:00,5006.76,70.3,TRADE
VIC1,2025-08-25 05:20:00,5054.89,70.34,TRADE
VIC1,2025-08-25 05:25:00,5089.24,75.59,TRADE
VIC1,2025-08-25 05:30:00,5072.2,69.7,TRADE
VIC1,2025-08-25 05:35:00,5191.54,75.8,TRADE
VIC1,2025-08-25 05:40:00,5289.01,83.12,TRADE
VIC1,2025-08-25 05:45:00,5366.35,93.37,TRADE
VIC1,2025-08-25 05:50:00,5432.0,99.8,TRADE
VIC1,2025-08-25 05:55:00,5529.0,100.76,TRADE
VIC1,2025-08-25 06:00:00,5582.6,133.55,TRADE
VIC1,2025-08-25 06:05:00,5590.34,107.96,TRADE
VIC1,2025-08-25 06:10:00,5842.97,134.74,TRADE
VIC1,2025-08-25 06:15:00,5887.24,158.97,TRADE
VIC1,2025-08-25 06:20:00,5980.28,158.97,TRADE
VIC1,2025-08-25 06:25:00,6113.18,158.97,TRADE
VIC1,2025-08-25 06:30:00,6213.58,158.97,TRADE
VIC1,2025-08-25 06:35:00,6245.21,163.66,TRADE
VIC1,2025-08-25 06:40:00,6391.54,204.89,TRADE
VIC1,2025-08-25 06:45:00,6445.58,200.89,TRADE
VIC1,2025-08-25 06:50:00,6521.6,226.23,TRADE
VIC1,2025-08-25 06:55:00,6649.18,183.46,TRADE
VIC1,2025-08-25 07:00:00,6699.6,158.97,TRADE
VIC1,2025-08-25 07:05:00,6813.47,158.97,TRADE
VIC1,2025-08-25 07:10:00,6852.23,158.97,TRADE
VIC1,2025-08-25 07:15:00,6987.36,158.97,TRADE
VIC1,2025-08-25 07:20:00,7053.56,158.97,TRADE
VIC1,2025-08-25 07:25:00,6790.65,120.0,TRADE
VIC1,2025-08-25 07:30:00,6824.45,114.55,TRADE
VIC1,2025-08-25 07:35:00,6865.3,105.89,TRADE
VIC1,2025-08-25 07:40:00,6877.8,92.9,TRADE
VIC1,2025-08-25 07:45:00,6813.36,80.0,TRADE
VIC1,2025-08-25 07:50:00,6808.2,75.8,TRADE
VIC1,2025-08-25 07:55:00,6876.08,67.16,TRADE
VIC1,2025-08-25 08:00:00,6804.56,56.92,TRADE
VIC1,2025-08-25 08:05:00,6787.18,56.92,TRADE
VIC1,2025-08-25 08:10:00,6792.46,56.92,TRADE
VIC1,2025-08-25 08:15:00,6906.77,56.92,TRADE
VIC1,2025-08-25 08:20:00,6846.55,56.92,TRADE
VIC1,2025-08-25 08:25:00,6784.44,56.92,TRADE
VIC1,2025-08-25 08:30:00,6679.98,56.92,TRADE
VIC1,2025-08-25 08:35:00,6601.65,28.87,TRADE
VIC1,2025-08-25 08:40:00,6558.26,29.13,TRADE
VIC1,2025-08-25 08:45:00,6546.71,33.89,TRADE
VIC1,2025-08-25 08:50:00,6458.56,35.67,TRADE
VIC1,2025-08-25 08:55:00,6396.69,35.65,TRADE
VIC1,2025-08-25 09:00:00,6333.7,28.79,TRADE
VIC1,2025-08-25 09:05:00,6294.69,55.65,TRADE
VIC1,2025-08-25 09:10:00,6244.78,56.92,TRADE
VIC1,2025-08-25 09:15:00,6177.87,17.76,TRADE
VIC1,2025-08-25 09:20:00,6084.72,6.44,TRADE
VIC1,2025-08-25 09:25:00,6063.98,8.95,TRADE
VIC1,2025-08-25 09:30:00,6011.45,0.08,TRADE
VIC1,2025-08-25 09:35:00,6076.21,21.76,TRADE
VIC1,2025-08-25 09:40:00,6077.55,8.95,TRADE
VIC1,2025-08-25 09:45:00,5984.85,71.2,TRADE
VIC1,2025-08-25 09:50:00,5957.24,23.91,TRADE
VIC1,2025-08-25 09:55:00,5917.1,127.49,TRADE
VIC1,2025-08-25 10:00:00,5845.57,23.52,TRADE
VIC1,2025-08-25 10:05:00,5722.55,0.08,TRADE
VIC1,2025-08-25 10:10:00,5507.15,0.08,TRADE
VIC1,2025-08-25 10:15:00,5486.32,4.92,TRADE
VIC1,2025-08-25 10:20:00,5440.66,0.0,TRADE
VIC1,2025-08-25 10:25:00,5175.35,-12.0,TRADE
VIC1,2025-08-25 10:30:00,5153.9,0.0,TRADE
VIC1,2025-08-25 10:35:00,5047.5,-18.14,TRADE
VIC1,2025-08-25 10:40:00,5093.33,-20.99,TRADE
VIC1,2025-08-25 10:45:00,5108.56,7.07,TRADE
VIC1,2025-08-25 10:50:00,4951.97,3.16,TRADE
VIC1,2025-08-25 10:55:00,4875.1,55.02,TRADE
VIC1,2025-08-25 11:00:00,4848.46,31.13,TRADE
VIC1,2025-08-25 11:05:00,4853.36,-24.96,TRADE
VIC1,2025-08-25 11:10:00,4891.17,-12.9,TRADE
VIC1,2025-08-25 11:15:00,4805.54,-18.72,TRADE
VIC1,2025-08-25 11:20:00,4791.28,-13.75,TRADE
VIC1,2025-08-25 11:25:00,4734.65,-19.99,TRADE
VIC1,2025-08-25 11:30:00,4660.37,-20.99,TRADE
VIC1,2025-08-25 11:35:00,4634.02,-11.0,TRADE
VIC1,2025-08-25 11:40:00,4523.6,-13.75,TRADE
VIC1,2025-08-25 11:45:00,4568.16,20.97,TRADE
VIC1,2025-08-25 11:50:00,4584.02,-11.0,TRADE
VIC1,2025-08-25 11:55:00,4564.16,-36.58,TRADE
VIC1,2025-08-25 12:00:00,4503.46,-20.99,TRADE
VIC1,2025-08-25 12:05:00,4502.52,-11.89,TRADE
VIC1,2025-08-25 12:10:00,4425.43,-12.3,TRADE
VIC1,2025-08-25 12:15:00,4386.98,-14.37,TRADE
VIC1,2025-08-25 12:20:00,4443.48,-21.28,TRADE
VIC1,2025-08-25 12:25:00,4325.96,-21.9,TRADE
VIC1,2025-08-25 12:30:00,4336.7,-20.0,TRADE
VIC1,2025-08-25 12:35:00,4424.21,-15.0,TRADE
VIC1,2025-08-25 12:40:00,4501.63,-19.99,TRADE
VIC1,2025-08-25 12:45:00,4466.0,-15.78,TRADE
VIC1,2025-08-25 12:50:00,4466.79,-14.84,TRADE
VIC1,2025-08-25 12:55:00,4522.86,4.5,TRADE
VIC1,2025-08-25 13:00:00,4307.5,4.5,TRADE
VIC1,2025-08-25 13:05:00,4312.21,0.08,TRADE
VIC1,2025-08-25 13:10:00,4259.97,0.08,TRADE
VIC1,2025-08-25 13:15:00,4326.37,4.5,TRADE
VIC1,2025-08-25 13:20:00,4293.53,4.5,TRADE
VIC1,2025-08-25 13:25:00,4191.03,4.5,TRADE
VIC1,2025-08-25 13:30:00,4204.67,8.91,TRADE
VIC1,2025-08-25 13:35:00,4154.06,4.5,TRADE
VIC1,2025-08-25 13:40:00,4120.85,0.08,TRADE
VIC1,2025-08-25 13:45:00,4015.93,-11.27,TRADE
VIC1,2025-08-25 13:50:00,3969.92,8.52,TRADE
VIC1,2025-08-25 13:55:00,4028.67,-12.0,TRADE
VIC1,2025-08-25 14:00:00,4196.46,-12.0,TRADE
VIC1,2025-08-25 14:05:00,4276.8,108.31,TRADE
VIC1,2025-08-25 14:10:00,4261.81,73.79,TRADE
VIC1,2025-08-25 14:15:00,4184.85,49.66,TRADE
VIC1,2025-08-25 14:20:00,4170.5,19.18,TRADE
VIC1,2025-08-25 14:25:00,4294.16,49.44,TRADE
VIC1,2025-08-25 14:30:00,4398.71,67.66,TRADE
VIC1,2025-08-25 14:35:00,4441.13,29.26,TRADE
VIC1,2025-08-25 14:40:00,4412.04,32.54,TRADE
VIC1,2025-08-25 14:45:00,4480.42,4.5,TRADE
VIC1,2025-08-25 14:50:00,4644.79,0.0,TRADE
VIC1,2025-08-25 14:55:00,4787.99,0.0,TRADE
VIC1,2025-08-25 15:00:00,4778.84,2.91,TRADE
VIC1,2025-08-25 15:05:00,4859.6,-20.0,TRADE
VIC1,2025-08-25 15:10:00,4958.45,-14.37,TRADE
VIC1,2025-08-25 15:15:00,4907.52,-12.9,TRADE
VIC1,2025-08-25 15:20:00,4828.49,-13.75,TRADE
VIC1,2025-08-25 15:25:00,4830.23,-14.37,TRADE
VIC1,2025-08-25 15:30:00,4878.53,-3.07,TRADE
VIC1,2025-08-25 15:35:00,4924.11,8.54,TRADE
VIC1,2025-08-25 15:40:00,4990.72,20.04,TRADE
VIC1,2025-08-25 15:45:00,5015.11,-1.22,TRADE
VIC1,2025-08-25 15:50:00,5120.21,10.68,TRADE
VIC1,2025-08-25 15:55:00,5201.15,-1.22,TRADE
VIC1,2025-08-25 16:00:00,5258.78,44.3,TRADE
VIC1,2025-08-25 16:05:00,5310.57,34.91,TRADE
VIC1,2025-08-25 16:10:00,5354.65,8.27,TRADE
VIC1,2025-08-25 16:15:00,5550.3,45.59,TRADE
VIC1,2025-08-25 16:20:00,5679.17,74.36,TRADE
VIC1,2025-08-25 16:25:00,5751.5,76.51,TRADE
VIC1,2025-08-25 16:30:00,5848.03,79.14,TRADE
VIC1,2025-08-25 16:35:00,5928.47,98.04,TRADE
VIC1,2025-08-25 16:40:00,6010.06,183.93,TRADE
VIC1,2025-08-25 16:45:00,6065.03,141.71,TRADE
VIC1,2025-08-25 16:50:00,6017.35,162.07,TRADE
VIC1,2025-08-25 16:55:00,6134.85,149.24,TRADE
VIC1,2025-08-25 17:00:00,6175.26,182.15,TRADE
VIC1,2025-08-25 17:05:00,6204.79,170.32,TRADE
VIC1,2025-08-25 17:10:00,6326.36,182.15,TRADE
VIC1,2025-08-25 17:15:00,6426.05,171.9,TRADE
VIC1,2025-08-25 17:20:00,6502.61,179.75,TRADE
VIC1,2025-08-25 17:25:00,6551.83,183.71,TRADE
VIC1,2025-08-25 17:30:00,6520.17,195.3,TRADE
VIC1,2025-08-25 17:35:00,6585.11,170.22,TRADE
VIC1,2025-08-25 17:40:00,6659.59,167.14,TRADE
VIC1,2025-08-25 17:45:00,6817.31,175.64,TRADE
VIC1,2025-08-25 17:50:00,6865.13,175.64,TRADE
VIC1,2025-08-25 17:55:00,6816.37,172.24,TRADE
VIC1,2025-08-25 18:00:00,6952.4,213.04,TRADE
VIC1,2025-08-25 18:05:00,6940.98,203.63,TRADE
VIC1,2025-08-25 18:10:00,6958.37,178.77,TRADE
VIC1,2025-08-25 18:15:00,7001.65,182.15,TRADE
VIC1,2025-08-25 18:20:00,6988.41,163.66,TRADE
VIC1,2025-08-25 18:25:00,7034.31,168.02,TRADE
VIC1,2025-08-25 18:30:00,7062.03,170.22,TRADE
VIC1,2025-08-25 18:35:00,6978.43,163.4,TRADE
VIC1,2025-08-25 18:40:00,7041.7,163.66,TRADE
VIC1,2025-08-25 18:45:00,7024.85,163.4,TRADE
VIC1,2025-08-25 18:50:00,6986.62,163.4,TRADE
VIC1,2025-08-25 18:55:00,6986.97,163.4,TRADE
VIC1,2025-08-25 19:00:00,6920.66,163.4,TRADE
VIC1,2025-08-25 19:05:00,6961.91,163.4,TRADE
VIC1,2025-08-25 19:10:00,6949.2,162.69,TRADE
VIC1,2025-08-25 19:15:00,6849.02,128.3,TRADE
VIC1,2025-08-25 19:20:00,6928.13,128.34,TRADE
VIC1,2025-08-25 19:25:00,6885.19,133.46,TRADE
VIC1,2025-08-25 19:30:00,6873.94,130.81,TRADE
VIC1,2025-08-25 19:35:00,6876.16,163.66,TRADE
VIC1,2025-08-25 19:40:00,6759.57,134.01,TRADE
VIC1,2025-08-25 19:45:00,6800.78,135.89,TRADE
VIC1,2025-08-25 19:50:00,6685.43,120.48,TRADE
VIC1,2025-08-25 19:55:00,6754.92,133.92,TRADE
VIC1,2025-08-25 20:00:00,6712.11,114.67,TRADE
VIC1,2025-08-25 20:05:00,6610.72,119.46,TRADE
VIC1,2025-08-25 20:10:00,6612.89,116.79,TRADE
VIC1,2025-08-25 20:15:00,6646.0,103.04,TRADE
VIC1,2025-08-25 20:20:00,6606.9,114.67,TRADE
VIC1,2025-08-25 20:25:00,6597.72,103.82,TRADE
VIC1,2025-08-25 20:30:00,6461.15,96.67,TRADE
VIC1,2025-08-25 20:35:00,6456.99,98.83,TRADE
VIC1,2025-08-25 20:40:00,6506.41,114.67,TRADE
VIC1,2025-08-25 20:45:00,6456.74,101.81,TRADE
VIC1,2025-08-25 20:50:00,6442.31,105.89,TRADE
VIC1,2025-08-25 20:55:00,6386.59,109.46,TRADE
VIC1,2025-08-25 21:00:00,6342.33,88.75,TRADE
VIC1,2025-08-25 21:05:00,6302.81,114.59,TRADE
VIC1,2025-08-25 21:10:00,6194.39,111.9,TRADE
VIC1,2025-08-25 21:15:00,6231.6,107.95,TRADE
VIC1,2025-08-25 21:20:00,6206.35,95.85,TRADE
VIC1,2025-08-25 21:25:00,6066.12,94.47,TRADE
VIC1,2025-08-25 21:30:00,6079.65,94.41,TRADE
VIC1,2025-08-25 21:35:00,6046.38,76.56,TRADE
VIC1,2025-08-25 21:40:00,5977.31,76.58,TRADE
VIC1,2025-08-25 21:45:00,5810.62,19.0,TRADE
VIC1,2025-08-25 21:50:00,5807.46,19.0,TRADE
VIC1,2025-08-25 21:55:00,5706.31,19.0,TRADE
VIC1,2025-08-25 22:00:00,5680.4,19.0,TRADE
VIC1,2025-08-25 22:05:00,5518.66,15.04,TRADE
VIC1,2025-08-25 22:10:00,5536.95,8.95,TRADE
VIC1,2025-08-25 22:15:00,5449.35,9.66,TRADE
VIC1,2025-08-25 22:20:00,5360.37,0.08,TRADE
VIC1,2025-08-25 22:25:00,5401.94,8.95,TRADE
VIC1,2025-08-25 22:30:00,5351.18,4.52,TRADE
VIC1,2025-08-25 22:35:00,5324.41,0.37,TRADE
VIC1,2025-08-25 22:40:00,5197.34,0.01,TRADE
VIC1,2025-08-25 22:45:00,5148.35,8.95,TRADE
VIC1,2025-08-25 22:50:00,5218.73,8.95,TRADE
VIC1,2025-08-25 22:55:00,5154.66,8.15,TRADE
VIC1,2025-08-25 23:00:00,5049.21,0.01,TRADE
VIC1,2025-08-25 23:05:00,5108.67,8.95,TRADE
VIC1,2025-08-25 23:10:00,5201.25,8.95,TRADE
VIC1,2025-08-25 23:15:00,5233.53,71.19,TRADE
VIC1,2025-08-25 23:20:00,5188.93,19.0,TRADE
VIC1,2025-08-25 23:25:00,5123.32,8.95,TRADE
VIC1,2025-08-25 23:30:00,5114.76,0.08,TRADE
VIC1,2025-08-25 23:35:00,5180.52,8.95,TRADE
VIC1,2025-08-25 23:40:00,5110.6,0.08,TRADE
VIC1,2025-08-25 23:45:00,5000.03,-1.8,TRADE
VIC1,2025-08-25 23:50:00,5058.7,8.02,TRADE
VIC1,2025-08-25 23:55:00,5001.46,0.01,TRADE
VIC1,2025-08-26 00:00:00,4933.38,0.01,TRADE
VIC1,2025-08-26 00:05:00,4935.75,0.01,TRADE
VIC1,2025-08-26 00:10:00,4832.08,0.01,TRADE
VIC1,2025-08-26 00:15:00,4827.33,0.08,TRADE
VIC1,2025-08-26 00:20:00,4827.42,0.01,TRADE
VIC1,2025-08-26 00:25:00,4866.4,0.08,TRADE
VIC1,2025-08-26 00:30:00,4752.45,-1.88,TRADE
VIC1,2025-08-26 00:35:00,4789.1,2.65,TRADE
VIC1,2025-08-26 00:40:00,4753.53,8.95,TRADE
VIC1,2025-08-26 00:45:00,4601.04,0.01,TRADE
VIC1,2025-08-26 00:50:00,4571.73,0.08,TRADE
VIC1,2025-08-26 00:55:00,4602.78,8.95,TRADE
VIC1,2025-08-26 01:00:00,4641.32,0.08,TRADE
VIC1,2025-08-26 01:05:00,4634.66,0.08,TRADE
VIC1,2025-08-26 01:10:00,4556.82,0.01,TRADE
VIC1,2025-08-26 01:15:00,4544.61,2.5,TRADE
VIC1,2025-08-26 01:20:00,4608.2,2.65,TRADE
VIC1,2025-08-26 01:25:00,4558.39,0.08,TRADE
VIC1,2025-08-26 01:30:00,4502.71,-0.99,TRADE
VIC1,2025-08-26 01:35:00,4490.82,0.01,TRADE
VIC1,2025-08-26 01:40:00,4437.78,0.01,TRADE
VIC1,2025-08-26 01:45:00,4371.55,-2.01,TRADE
VIC1,2025-08-26 01:50:00,4294.91,0.01,TRADE
VIC1,2025-08-26 01:55:00,4349.22,0.08,TRADE
VIC1,2025-08-26 02:00:00,4316.01,0.08,TRADE
VIC1,2025-08-26 02:05:00,4237.96,-0.99,TRADE
VIC1,2025-08-26 02:10:00,4289.99,0.01,TRADE
VIC1,2025-08-26 02:15:00,4257.52,0.01,TRADE
VIC1,2025-08-26 02:20:00,4262.37,-2.5,TRADE
VIC1,2025-08-26 02:25:00,4262.59,-4.77,TRADE
VIC1,2025-08-26 02:30:00,4219.44,-0.12,TRADE
VIC1,2025-08-26 02:35:00,4228.19,-1.71,TRADE
VIC1,2025-08-26 02:40:00,4188.08,0.01,TRADE
VIC1,2025-08-26 02:45:00,4156.22,-6.45,TRADE
VIC1,2025-08-26 02:50:00,4170.66,-6.44,TRADE
VIC1,2025-08-26 02:55:00,4206.43,0.01,TRADE
VIC1,2025-08-26 03:00:00,4185.77,0.01,TRADE
VIC1,2025-08-26 03:05:00,4182.44,-9.49,TRADE
VIC1,2025-08-26 03:10:00,4219.02,-9.55,TRADE
VIC1,2025-08-26 03:15:00,4223.83,-6.08,TRADE
VIC1,2025-08-26 03:20:00,4206.53,-6.16,TRADE
VIC1,2025-08-26 03:25:00,4177.93,-10.58,TRADE
VIC1,2025-08-26 03:30:00,4126.52,-11.23,TRADE
VIC1,2025-08-26 03:35:00,4128.11,-12.0,TRADE
VIC1,2025-08-26 03:40:00,4176.53,-11.4,TRADE
VIC1,2025-08-26 03:45:00,4131.83,-12.0,TRADE
VIC1,2025-08-26 03:50:00,4180.48,-12.4,TRADE
VIC1,2025-08-26 03:55:00,4178.87,-13.47,TRADE
VIC1,2025-08-26 04:00:00,4176.31,-13.18,TRADE
VIC1,2025-08-26 04:05:00,4173.6,-13.18,TRADE
VIC1,2025-08-26 04:10:00,4170.22,-13.18,TRADE
VIC1,2025-08-26 04:15:00,4180.07,-13.18,TRADE
VIC1,2025-08-26 04:20:00,4123.82,-13.38,TRADE
VIC1,2025-08-26 04:25:00,4155.22,-13.56,TRADE
VIC1,2025-08-26 04:30:00,4217.41,-13.28,TRADE
VIC1,2025-08-26 04:35:00,4229.02,-13.23,TRADE
VIC1,2025-08-26 04:40:00,4248.85,-13.18,TRADE
VIC1,2025-08-26 04:45:00,4271.5,-13.35,TRADE
VIC1,2025-08-26 04:50:00,4256.28,-13.41,TRADE
VIC1,2025-08-26 04:55:00,4264.23,-13.41,TRADE
VIC1,2025-08-26 05:00:00,4222.97,-13.7,TRADE
VIC1,2025-08-26 05:05:00,4256.66,-13.72,TRADE
VIC1,2025-08-26 05:10:00,4303.43,-13.79,TRADE
VIC1,2025-08-26 05:15:00,4386.36,-13.68,TRADE
VIC1,2025-08-26 05:20:00,4509.41,-13.18,TRADE
VIC1,2025-08-26 05:25:00,4527.63,-13.18,TRADE
VIC1,2025-08-26 05:30:00,4519.38,-13.88,TRADE
VIC1,2025-08-26 05:35:00,4586.98,-13.18,TRADE
VIC1,2025-08-26 05:40:00,4623.75,-12.0,TRADE
VIC1,2025-08-26 05:45:00,4690.91,-12.0,TRADE
VIC1,2025-08-26 05:50:00,4645.62,-12.0,TRADE
VIC1,2025-08-26 05:55:00,4762.16,-6.16,TRADE
VIC1,2025-08-26 06:00:00,4838.66,-6.16,TRADE
VIC1,2025-08-26 06:05:00,4848.07,-11.52,TRADE
VIC1,2025-08-26 06:10:00,4974.46,0.01,TRADE
VIC1,2025-08-26 06:15:00,5047.5,3.85,TRADE
VIC1,2025-08-26 06:20:00,5115.93,-11.95,TRADE
VIC1,2025-08-26 06:25:00,5197.85,70.58,TRADE
VIC1,2025-08-26 06:30:00,5281.0,17.72,TRADE
VIC1,2025-08-26 06:35:00,5365.18,20.01,TRADE
VIC1,2025-08-26 06:40:00,5508.94,76.8,TRADE
VIC1,2025-08-26 06:45:00,5630.42,81.6,TRADE
VIC1,2025-08-26 06:50:00,5653.84,8.95,TRADE
VIC1,2025-08-26 06:55:00,5770.8,19.78,TRADE
VIC1,2025-08-26 07:00:00,5848.54,29.87,TRADE
VIC1,2025-08-26 07:05:00,5952.45,58.29,TRADE
VIC1,2025-08-26 07:10:00,5978.14,59.21,TRADE
VIC1,2025-08-26 07:15:00,6118.39,138.06,TRADE
VIC1,2025-08-26 07:20:00,6141.59,134.05,TRADE
VIC1,2025-08-26 07:25:00,6232.75,257.63,TRADE
VIC1,2025-08-26 07:30:00,6187.98,209.86,TRADE
VIC1,2025-08-26 07:35:00,6132.76,-4.45,TRADE
VIC1,2025-08-26 07:40:00,6048.58,-3.43,TRADE
VIC1,2025-08-26 07:45:00,5982.44,19.0,TRADE
VIC1,2025-08-26 07:50:00,6072.07,8.95,TRADE
VIC1,2025-08-26 07:55:00,6055.23,-3.16,TRADE
VIC1,2025-08-26 08:00:00,6218.09,1.44,TRADE
VIC1,2025-08-26 08:05:00,6353.63,69.38,TRADE
VIC1,2025-08-26 08:10:00,6421.05,67.17,TRADE
VIC1,2025-08-26 08:15:00,6431.11,23.95,TRADE
VIC1,2025-08-26 08:20:00,6386.7,8.95,TRADE
VIC1,2025-08-26 08:25:00,6386.01,19.0,TRADE
VIC1,2025-08-26 08:30:00,6404.45,19.0,TRADE
VIC1,2025-08-26 08:35:00,6365.72,19.18,TRADE
VIC1,2025-08-26 08:40:00,6301.77,8.95,TRADE
VIC1,2025-08-26 08:45:00,6305.58,19.0,TRADE
VIC1,2025-08-26 08:50:00,6276.73,-9.37,TRADE
VIC1,2025-08-26 08:55:00,6279.53,8.95,TRADE
VIC1,2025-08-26 09:00:00,6216.42,-2.52,TRADE
VIC1,2025-08-26 09:05:00,6134.02,-11.52,TRADE
VIC1,2025-08-26 09:10:00,6314.09,0.0,TRADE
VIC1,2025-08-26 09:15:00,6298.12,110.06,TRADE
VIC1,2025-08-26 09:20:00,6204.61,8.95,TRADE
VIC1,2025-08-26 09:25:00,6193.83,10.18,TRADE
VIC1,2025-08-26 09:30:00,6209.96,-10.59,TRADE
VIC1,2025-08-26 09:35:00,6222.11,0.01,TRADE
VIC1,2025-08-26 09:40:00,6087.93,-10.84,TRADE
VIC1,2025-08-26 09:45:00,6125.35,-11.52,TRADE
VIC1,2025-08-26 09:50:00,6235.32,-6.59,TRADE
VIC1,2025-08-26 09:55:00,6213.16,-6.16,TRADE
VIC1,2025-08-26 10:00:00,6013.08,-11.0,TRADE
VIC1,2025-08-26 10:05:00,6028.67,-6.16,TRADE
VIC1,2025-08-26 10:10:00,6032.32,16.26,TRADE
VIC1,2025-08-26 10:15:00,5969.7,-11.52,TRADE
VIC1,2025-08-26 10:20:00,5807.66,70.58,TRADE
VIC1,2025-08-26 10:25:00,5768.05,-11.52,TRADE
VIC1,2025-08-26 10:30:00,5846.09,70.58,TRADE
VIC1,2025-08-26 10:35:00,5860.59,8.95,TRADE
VIC1,2025-08-26 10:40:00,5889.72,87.88,TRADE
VIC1,2025-08-26 10:45:00,5847.48,58.14,TRADE
VIC1,2025-08-26 10:50:00,5888.47,0.05,TRADE
VIC1,2025-08-26 10:55:00,5932.06,8.95,TRADE
VIC1,2025-08-26 11:00:00,5830.91,70.58,TRADE
VIC1,2025-08-26 11:05:00,5915.87,70.58,TRADE
VIC1,2025-08-26 11:10:00,5973.84,70.58,TRADE
VIC1,2025-08-26 11:15:00,5941.9,70.58,TRADE
VIC1,2025-08-26 11:20:00,5991.63,65.18,TRADE
VIC1,2025-08-26 11:25:00,5892.78,60.11,TRADE
VIC1,2025-08-26 11:30:00,5883.14,58.2,TRADE
VIC1,2025-08-26 11:35:00,5916.34,55.71,TRADE
VIC1,2025-08-26 11:40:00,5986.24,63.35,TRADE
VIC1,2025-08-26 11:45:00,6061.87,56.4,TRADE
VIC1,2025-08-26 11:50:00,6007.84,53.08,TRADE
VIC1,2025-08-26 11:55:00,6094.05,56.44,TRADE
VIC1,2025-08-26 12:00:00,6136.7,47.37,TRADE
VIC1,2025-08-26 12:05:00,6207.59,-20.99,TRADE
VIC1,2025-08-26 12:10:00,6210.64,-15.88,TRADE
VIC1,2025-08-26 12:15:00,6199.96,-15.48,TRADE
VIC1,2025-08-26 12:20:00,6173.21,-11.52,TRADE
VIC1,2025-08-26 12:25:00,6065.75,-11.52,TRADE
VIC1,2025-08-26 12:30:00,5927.37,-11.52,TRADE
VIC1,2025-08-26 12:35:00,5963.1,-10.96,TRADE
VIC1,2025-08-26 12:40:00,5939.43,-8.65,TRADE
VIC1,2025-08-26 12:45:00,5968.28,-10.53,TRADE
VIC1,2025-08-26 12:50:00,5904.75,-6.42,TRADE
VIC1,2025-08-26 12:55:00,5927.03,-7.7,TRADE
VIC1,2025-08-26 13:00:00,5935.22,0.0,TRADE
VIC1,2025-08-26 13:05:00,5957.71,0.0,TRADE
VIC1,2025-08-26 13:10:00,5960.28,0.0,TRADE
VIC1,2025-08-26 13:15:00,5946.6,0.05,TRADE
VIC1,2025-08-26 13:20:00,6007.69,2.04,TRADE
VIC1,2025-08-26 13:25:00,6114.91,8.95,TRADE
VIC1,2025-08-26 13:30:00,6029.15,5.2,TRADE
VIC1,2025-08-26 13:35:00,6082.48,8.95,TRADE
VIC1,2025-08-26 13:40:00,6090.7,109.03,TRADE
VIC1,2025-08-26 13:45:00,6027.65,100.41,TRADE
VIC1,2025-08-26 13:50:00,6077.22,105.23,TRADE
VIC1,2025-08-26 13:55:00,5934.15,0.05,TRADE
VIC1,2025-08-26 14:00:00,6036.82,106.99,TRADE
VIC1,2025-08-26 14:05:00,6082.74,70.58,TRADE
VIC1,2025-08-26 14:10:00,6040.96,24.16,TRADE
VIC1,2025-08-26 14:15:00,5981.11,19.0,TRADE
VIC1,2025-08-26 14:20:00,6090.62,71.2,TRADE
VIC1,2025-08-26 14:25:00,6147.48,106.37,TRADE
VIC1,2025-08-26 14:30:00,6116.27,104.92,TRADE
VIC1,2025-08-26 14:35:00,6189.99,70.58,TRADE
VIC1,2025-08-26 14:40:00,6124.89,78.08,TRADE
VIC1,2025-08-26 14:45:00,6129.33,75.8,TRADE
VIC1,2025-08-26 14:50:00,6189.02,81.11,TRADE
VIC1,2025-08-26 14:55:00,6289.84,79.03,TRADE
VIC1,2025-08-26 15:00:00,6269.23,71.49,TRADE
VIC1,2025-08-26 15:05:00,6259.45,45.74,TRADE
VIC1,2025-08-26 15:10:00,6286.78,41.18,TRADE
VIC1,2025-08-26 15:15:00,6286.45,41.18,TRADE
VIC1,2025-08-26 15:20:00,6326.69,81.11,TRADE
VIC1,2025-08-26 15:25:00,6304.19,46.73,TRADE
VIC1,2025-08-26 15:30:00,6308.17,71.96,TRADE
VIC1,2025-08-26 15:35:00,6423.49,81.11,TRADE
VIC1,2025-08-26 15:40:00,6484.89,81.11,TRADE
VIC1,2025-08-26 15:45:00,6516.89,81.11,TRADE
VIC1,2025-08-26 15:50:00,6640.31,174.21,TRADE
VIC1,2025-08-26 15:55:00,6581.66,120.0,TRADE
VIC1,2025-08-26 16:00:00,6718.9,174.21,TRADE
VIC1,2025-08-26 16:05:00,6663.53,90.0,TRADE
VIC1,2025-08-26 16:10:00,6667.57,90.0,TRADE
VIC1,2025-08-26 16:15:00,6722.28,93.98,TRADE
VIC1,2025-08-26 16:20:00,6834.94,97.45,TRADE
VIC1,2025-08-26 16:25:00,6870.3,89.11,TRADE
VIC1,2025-08-26 16:30:00,6842.34,98.42,TRADE
VIC1,2025-08-26 16:35:00,6895.54,111.14,TRADE
VIC1,2025-08-26 16:40:00,6929.62,115.48,TRADE
VIC1,2025-08-26 16:45:00,6949.22,130.57,TRADE
VIC1,2025-08-26 16:50:00,7008.77,162.12,TRADE
VIC1,2025-08-26 16:55:00,6946.77,159.66,TRADE
VIC1,2025-08-26 17:00:00,6978.82,163.66,TRADE
VIC1,2025-08-26 17:05:00,7066.6,158.97,TRADE
VIC1,2025-08-26 17:10:00,7081.26,158.97,TRADE
VIC1,2025-08-26 17:15:00,7105.48,158.97,TRADE
VIC1,2025-08-26 17:20:00,7166.02,173.71,TRADE
VIC1,2025-08-26 17:25:00,7156.57,171.28,TRADE
VIC1,2025-08-26 17:30:00,7251.12,198.36,TRADE
VIC1,2025-08-26 17:35:00,7184.49,163.66,TRADE
VIC1,2025-08-26 17:40:00,7253.19,164.71,TRADE
VIC1,2025-08-26 17:45:00,7301.22,163.66,TRADE
VIC1,2025-08-26 17:50:00,7367.38,163.66,TRADE
VIC1,2025-08-26 17:55:00,7392.21,158.97,TRADE
VIC1,2025-08-26 18:00:00,7432.12,163.66,TRADE
VIC1,2025-08-26 18:05:00,7484.83,158.97,TRADE
VIC1,2025-08-26 18:10:00,7439.84,153.14,TRADE
VIC1,2025-08-26 18:15:00,7536.46,143.41,TRADE
VIC1,2025-08-26 18:20:00,7463.09,125.49,TRADE
VIC1,2025-08-26 18:25:00,7502.5,147.75,TRADE
VIC1,2025-08-26 18:30:00,7569.92,158.97,TRADE
VIC1,2025-08-26 18:35:00,7595.34,153.51,TRADE
VIC1,2025-08-26 18:40:00,7543.76,126.05,TRADE
VIC1,2025-08-26 18:45:00,7537.15,127.95,TRADE
VIC1,2025-08-26 18:50:00,7495.95,123.69,TRADE
VIC1,2025-08-26 18:55:00,7469.34,124.64,TRADE
VIC1,2025-08-26 19:00:00,7446.92,120.0,TRADE
VIC1,2025-08-26 19:05:00,7349.84,114.68,TRADE
VIC1,2025-08-26 19:10:00,7313.44,115.85,TRADE
VIC1,2025-08-26 19:15:00,7355.44,110.18,TRADE
VIC1,2025-08-26 19:20:00,7326.21,105.2,TRADE
VIC1,2025-08-26 19:25:00,7276.28,92.73,TRADE
VIC1,2025-08-26 19:30:00,7255.11,95.9,TRADE
VIC1,2025-08-26 19:35:00,7218.86,106.63,TRADE
VIC1,2025-08-26 19:40:00,7214.87,101.99,TRADE
VIC1,2025-08-26 19:45:00,7145.44,91.61,TRADE
VIC1,2025-08-26 19:50:00,7106.47,95.22,TRADE
VIC1,2025-08-26 19:55:00,7161.2,88.02,TRADE
VIC1,2025-08-26 20:00:00,7156.82,80.0,TRADE
VIC1,2025-08-26 20:05:00,7070.57,85.46,TRADE
VIC1,2025-08-26 20:10:00,6998.76,91.76,TRADE
VIC1,2025-08-26 20:15:00,6962.77,91.21,TRADE
VIC1,2025-08-26 20:20:00,6932.41,93.52,TRADE
VIC1,2025-08-26 20:25:00,6770.98,78.84,TRADE
VIC1,2025-08-26 20:30:00,6737.01,80.0,TRADE
VIC1,2025-08-26 20:35:00,6723.94,79.58,TRADE
VIC1,2025-08-26 20:40:00,6763.38,80.0,TRADE
VIC1,2025-08-26 20:45:00,6740.96,75.92,TRADE
VIC1,2025-08-26 20:50:00,6671.76,80.6,TRADE
VIC1,2025-08-26 20:55:00,6628.87,92.61,TRADE
VIC1,2025-08-26 21:00:00,6573.24,92.5,TRADE
VIC1,2025-08-26 21:05:00,6541.44,88.01,TRADE
VIC1,2025-08-26 21:10:00,6514.27,86.22,TRADE
VIC1,2025-08-26 21:15:00,6555.22,75.8,TRADE
VIC1,2025-08-26 21:20:00,6405.8,73.23,TRADE
VIC1,2025-08-26 21:25:00,6418.88,73.76,TRADE
VIC1,2025-08-26 21:30:00,6350.34,68.72,TRADE
VIC1,2025-08-26 21:35:00,6294.49,68.3,TRADE
VIC1,2025-08-26 21:40:00,6251.63,76.54,TRADE
VIC1,2025-08-26 21:45:00,6245.33,75.8,TRADE
VIC1,2025-08-26 21:50:00,6180.2,76.3,TRADE
VIC1,2025-08-26 21:55:00,6099.09,79.38,TRADE
VIC1,2025-08-26 22:00:00,6082.38,80.34,TRADE
VIC1,2025-08-26 22:05:00,6027.91,92.02,TRADE
VIC1,2025-08-26 22:10:00,5959.61,102.0,TRADE
VIC1,2025-08-26 22:15:00,5905.49,104.69,TRADE
VIC1,2025-08-26 22:20:00,5762.37,73.72,TRADE
VIC1,2025-08-26 22:25:00,5795.18,72.27,TRADE
VIC1,2025-08-26 22:30:00,5650.05,64.39,TRADE
VIC1,2025-08-26 22:35:00,5673.59,67.27,TRADE
VIC1,2025-08-26 22:40:00,5644.63,57.72,TRADE
VIC1,2025-08-26 22:45:00,5510.19,55.74,TRADE
VIC1,2025-08-26 22:50:00,5476.27,47.81,TRADE
VIC1,2025-08-26 22:55:00,5430.96,47.47,TRADE
VIC1,2025-08-26 23:00:00,5396.66,36.89,TRADE
VIC1,2025-08-26 23:05:00,5411.68,54.03,TRADE
VIC1,2025-08-26 23:10:00,5414.02,54.37,TRADE
VIC1,2025-08-26 23:15:00,5533.97,55.92,TRADE
VIC1,2025-08-26 23:20:00,5512.42,55.23,TRADE
VIC1,2025-08-26 23:25:00,5459.92,48.43,TRADE
VIC1,2025-08-26 23:30:00,5486.59,54.82,TRADE
VIC1,2025-08-26 23:35:00,5421.5,56.42,TRADE
VIC1,2025-08-26 23:40:00,5349.4,55.72,TRADE
VIC1,2025-08-26 23:45:00,5241.38,19.0,TRADE
VIC1,2025-08-26 23:50:00,5120.26,-6.08,TRADE
VIC1,2025-08-26 23:55:00,5182.1,13.29,TRADE
VIC1,2025-08-27 00:00:00,5196.76,0.01,TRADE
VIC1,2025-08-27 00:05:00,5137.41,0.01,TRADE
VIC1,2025-08-27 00:10:00,5133.85,0.01,TRADE
VIC1,2025-08-27 00:15:00,5119.46,19.0,TRADE
VIC1,2025-08-27 00:20:00,5107.32,19.0,TRADE
VIC1,2025-08-27 00:25:00,5092.61,19.0,TRADE
VIC1,2025-08-27 00:30:00,5009.0,0.01,TRADE
VIC1,2025-08-27 00:35:00,4937.85,0.01,TRADE
VIC1,2025-08-27 00:40:00,4952.15,8.76,TRADE
VIC1,2025-08-27 00:45:00,4932.04,0.01,TRADE
VIC1,2025-08-27 00:50:00,4794.82,-0.18,TRADE
VIC1,2025-08-27 00:55:00,4853.47,2.01,TRADE
VIC1,2025-08-27 01:00:00,4828.36,0.01,TRADE
VIC1,2025-08-27 01:05:00,4812.84,0.01,TRADE
VIC1,2025-08-27 01:10:00,4829.22,0.01,TRADE
VIC1,2025-08-27 01:15:00,4694.8,-6.08,TRADE
VIC1,2025-08-27 01:20:00,4692.75,-6.08,TRADE
VIC1,2025-08-27 01:25:00,4668.77,4.4,TRADE
VIC1,2025-08-27 01:30:00,4634.05,0.01,TRADE
VIC1,2025-08-27 01:35:00,4640.6,-1.22,TRADE
VIC1,2025-08-27 01:40:00,4638.73,4.51,TRADE
VIC1,2025-08-27 01:45:00,4630.81,0.01,TRADE
VIC1,2025-08-27 01:50:00,4626.28,-2.25,TRADE
VIC1,2025-08-27 01:55:00,4583.81,-6.08,TRADE
VIC1,2025-08-27 02:00:00,4599.62,0.01,TRADE
VIC1,2025-08-27 02:05:00,4569.63,0.01,TRADE
VIC1,2025-08-27 02:10:00,4470.91,-1.5,TRADE
VIC1,2025-08-27 02:15:00,4458.01,-1.22,TRADE
VIC1,2025-08-27 02:20:00,4426.01,-1.22,TRADE
VIC1,2025-08-27 02:25:00,4341.94,-6.08,TRADE
VIC1,2025-08-27 02:30:00,4416.88,-1.22,TRADE
VIC1,2025-08-27 02:35:00,4427.01,-0.39,TRADE
VIC1,2025-08-27 02:40:00,4399.62,-1.22,TRADE
VIC1,2025-08-27 02:45:00,4376.12,-6.08,TRADE
VIC1,2025-08-27 02:50:00,4315.4,-6.08,TRADE
VIC1,2025-08-27 02:55:00,4295.11,-6.08,TRADE
VIC1,2025-08-27 03:00:00,4271.75,-6.16,TRADE
VIC1,2025-08-27 03:05:00,4329.74,-6.08,TRADE
VIC1,2025-08-27 03:10:00,4324.89,-1.22,TRADE
VIC1,2025-08-27 03:15:00,4271.61,-6.08,TRADE
VIC1,2025-08-27 03:20:00,4296.49,-6.08,TRADE
VIC1,2025-08-27 03:25:00,4263.9,-6.08,TRADE
VIC1,2025-08-27 03:30:00,4282.94,-6.08,TRADE
VIC1,2025-08-27 03:35:00,4166.33,-6.16,TRADE
VIC1,2025-08-27 03:40:00,4202.44,-6.16,TRADE
VIC1,2025-08-27 03:45:00,4196.9,-6.16,TRADE
VIC1,2025-08-27 03:50:00,4232.79,-6.16,TRADE
VIC1,2025-08-27 03:55:00,4272.93,-6.08,TRADE
VIC1,2025-08-27 04:00:00,4277.53,-6.08,TRADE
VIC1,2025-08-27 04:05:00,4252.91,-11.54,TRADE
VIC1,2025-08-27 04:10:00,4257.19,-6.16,TRADE
VIC1,2025-08-27 04:15:00,4265.24,-6.16,TRADE
VIC1,2025-08-27 04:20:00,4292.71,-6.16,TRADE
VIC1,2025-08-27 04:25:00,4257.94,-9.31,TRADE
VIC1,2025-08-27 04:30:00,4258.41,-6.16,TRADE
VIC1,2025-08-27 04:35:00,4275.73,-13.18,TRADE
VIC1,2025-08-27 04:40:00,4287.26,-6.16,TRADE
VIC1,2025-08-27 04:45:00,4313.37,-6.16,TRADE
VIC1,2025-08-27 04:50:00,4315.42,-6.16,TRADE
VIC1,2025-08-27 04:55:00,4314.6,-6.16,TRADE
VIC1,2025-08-27 05:00:00,4328.43,-6.16,TRADE
VIC1,2025-08-27 05:05:00,4368.57,-6.16,TRADE
VIC1,2025-08-27 05:10:00,4466.15,-6.08,TRADE
VIC1,2025-08-27 05:15:00,4528.57,-6.08,TRADE
VIC1,2025-08-27 05:20:00,4552.37,-6.08,TRADE
VIC1,2025-08-27 05:25:00,4579.37,-6.08,TRADE
VIC1,2025-08-27 05:30:00,4626.12,-1.22,TRADE
VIC1,2025-08-27 05:35:00,4649.44,-1.22,TRADE
VIC1,2025-08-27 05:40:00,4727.95,1.82,TRADE
VIC1,2025-08-27 05:45:00,4774.96,0.01,TRADE
VIC1,2025-08-27 05:50:00,4855.43,0.01,TRADE
VIC1,2025-08-27 05:55:00,4916.62,0.01,TRADE
VIC1,2025-08-27 06:00:00,5009.5,21.44,TRADE
VIC1,2025-08-27 06:05:00,5097.56,20.46,TRADE
VIC1,2025-08-27 06:10:00,5228.96,19.0,TRADE
VIC1,2025-08-27 06:15:00,5376.34,19.18,TRADE
VIC1,2025-08-27 06:20:00,5451.16,19.0,TRADE
VIC1,2025-08-27 06:25:00,5558.88,19.78,TRADE
VIC1,2025-08-27 06:30:00,5637.43,19.38,TRADE
VIC1,2025-08-27 06:35:00,5707.39,19.76,TRADE
VIC1,2025-08-27 06:40:00,5796.23,25.69,TRADE
VIC1,2025-08-27 06:45:00,5892.9,35.94,TRADE
VIC1,2025-08-27 06:50:00,5962.15,73.17,TRADE
VIC1,2025-08-27 06:55:00,6028.21,65.18,TRADE
VIC1,2025-08-27 07:00:00,6054.41,64.85,TRADE
VIC1,2025-08-27 07:05:00,6183.67,62.12,TRADE
VIC1,2025-08-27 07:10:00,6136.57,56.65,TRADE
VIC1,2025-08-27 07:15:00,6274.97,50.32,TRADE
VIC1,2025-08-27 07:20:00,6356.02,50.8,TRADE
VIC1,2025-08-27 07:25:00,6375.16,49.51,TRADE
VIC1,2025-08-27 07:30:00,6382.19,19.0,TRADE
VIC1,2025-08-27 07:35:00,6423.26,48.31,TRADE
VIC1,2025-08-27 07:40:00,6473.03,8.95,TRADE
VIC1,2025-08-27 07:45:00,6446.47,8.95,TRADE
VIC1,2025-08-27 07:50:00,6401.87,8.95,TRADE
VIC1,2025-08-27 07:55:00,6374.13,14.42,TRADE
VIC1,2025-08-27 08:00:00,6393.3,-9.56,TRADE
VIC1,2025-08-27 08:05:00,6345.53,0.05,TRADE
VIC1,2025-08-27 08:10:00,6320.63,0.05,TRADE
VIC1,2025-08-27 08:15:00,6245.99,-4.92,TRADE
VIC1,2025-08-27 08:20:00,6205.44,0.01,TRADE
VIC1,2025-08-27 08:25:00,6127.86,-6.16,TRADE
VIC1,2025-08-27 08:30:00,6073.17,-0.92,TRADE
VIC1,2025-08-27 08:35:00,5946.89,1.45,TRADE
VIC1,2025-08-27 08:40:00,5872.13,-4.92,TRADE
VIC1,2025-08-27 08:45:00,5773.75,0.05,TRADE
VIC1,2025-08-27 08:50:00,5774.36,0.05,TRADE
VIC1,2025-08-27 08:55:00,5671.44,-7.26,TRADE
VIC1,2025-08-27 09:00:00,5663.11,-9.54,TRADE
VIC1,2025-08-27 09:05:00,5649.51,-6.08,TRADE
VIC1,2025-08-27 09:10:00,5613.96,-6.16,TRADE
VIC1,2025-08-27 09:15:00,5530.26,-9.76,TRADE
VIC1,2025-08-27 09:20:00,5501.35,-6.16,TRADE
VIC1,2025-08-27 09:25:00,5415.38,-6.16,TRADE
VIC1,2025-08-27 09:30:00,5410.15,-9.76,TRADE
VIC1,2025-08-27 09:35:00,5391.96,-9.76,TRADE
VIC1,2025-08-27 09:40:00,5394.81,-6.16,TRADE
VIC1,2025-08-27 09:45:00,5365.19,-6.16,TRADE
VIC1,2025-08-27 09:50:00,5352.6,-9.75,TRADE
VIC1,2025-08-27 09:55:00,5400.5,-6.16,TRADE
VIC1,2025-08-27 10:00:00,5343.07,-6.16,TRADE
VIC1,2025-08-27 10:05:00,5290.29,-11.11,TRADE
VIC1,2025-08-27 10:10:00,5316.06,-6.08,TRADE
VIC1,2025-08-27 10:15:00,5250.41,-6.16,TRADE
VIC1,2025-08-27 10:20:00,5234.26,-6.16,TRADE
VIC1,2025-08-27 10:25:00,5125.34,-11.0,TRADE
VIC1,2025-08-27 10:30:00,5064.16,-14.77,TRADE
VIC1,2025-08-27 10:35:00,5147.11,-11.0,TRADE
VIC1,2025-08-27 10:40:00,5178.09,-11.86,TRADE
VIC1,2025-08-27 10:45:00,5159.57,-11.86,TRADE
VIC1,2025-08-27 10:50:00,5129.65,-14.97,TRADE
VIC1,2025-08-27 10:55:00,5183.72,-11.86,TRADE
VIC1,2025-08-27 11:00:00,5208.33,-6.16,TRADE
VIC1,2025-08-27 11:05:00,5177.75,-11.23,TRADE
VIC1,2025-08-27 11:10:00,5347.54,8.95,TRADE
VIC1,2025-08-27 11:15:00,5362.9,8.95,TRADE
VIC1,2025-08-27 11:20:00,5254.01,0.05,TRADE
VIC1,2025-08-27 11:25:00,5221.19,19.58,TRADE
VIC1,2025-08-27 11:30:00,5224.35,125.49,TRADE
VIC1,2025-08-27 11:35:00,5151.19,108.39,TRADE
VIC1,2025-08-27 11:40:00,5128.35,64.61,TRADE
VIC1,2025-08-27 11:45:00,5074.25,75.16,TRADE
VIC1,2025-08-27 11:50:00,5039.38,14.52,TRADE
VIC1,2025-08-27 11:55:00,4939.83,20.63,TRADE
VIC1,2025-08-27 12:00:00,4807.09,55.62,TRADE
VIC1,2025-08-27 12:05:00,4741.43,19.18,TRADE
VIC1,2025-08-27 12:10:00,4706.48,29.68,TRADE
VIC1,2025-08-27 12:15:00,4651.25,20.7,TRADE
VIC1,2025-08-27 12:20:00,4589.35,19.65,TRADE
VIC1,2025-08-27 12:25:00,4545.7,19.18,TRADE
VIC1,2025-08-27 12:30:00,4334.12,-11.59,TRADE
VIC1,2025-08-27 12:35:00,4306.87,-3.01,TRADE
VIC1,2025-08-27 12:40:00,4288.43,-0.83,TRADE
VIC1,2025-08-27 12:45:00,4376.17,0.05,TRADE
VIC1,2025-08-27 12:50:00,4396.92,-9.72,TRADE
VIC1,2025-08-27 12:55:00,4388.63,19.18,TRADE
VIC1,2025-08-27 13:00:00,4471.63,-8.3,TRADE
VIC1,2025-08-27 13:05:00,4443.44,0.05,TRADE
VIC1,2025-08-27 13:10:00,4553.28,20.04,TRADE
VIC1,2025-08-27 13:15:00,4559.51,19.18,TRADE
VIC1,2025-08-27 13:20:00,4575.15,-11.27,TRADE
VIC1,2025-08-27 13:25:00,4578.26,0.05,TRADE
VIC1,2025-08-27 13:30:00,4504.16,0.0,TRADE
VIC1,2025-08-27 13:35:00,4552.03,-8.83,TRADE
VIC1,2025-08-27 13:40:00,4579.33,-11.86,TRADE
VIC1,2025-08-27 13:45:00,4627.85,-13.75,TRADE
VIC1,2025-08-27 13:50:00,4723.0,-6.16,TRADE
VIC1,2025-08-27 13:55:00,4748.1,-9.98,TRADE
VIC1,2025-08-27 14:00:00,4734.05,-6.16,TRADE
VIC1,2025-08-27 14:05:00,4685.18,-6.16,TRADE
VIC1,2025-08-27 14:10:00,4720.2,-6.16,TRADE
VIC1,2025-08-27 14:15:00,4717.25,-11.57,TRADE
VIC1,2025-08-27 14:20:00,4890.17,-6.08,TRADE
VIC1,2025-08-27 14:25:00,4885.71,-6.16,TRADE
VIC1,2025-08-27 14:30:00,4900.35,-11.15,TRADE
VIC1,2025-08-27 14:35:00,4948.84,-11.96,TRADE
VIC1,2025-08-27 14:40:00,5029.77,-12.07,TRADE
VIC1,2025-08-27 14:45:00,5013.99,-10.16,TRADE
VIC1,2025-08-27 14:50:00,4924.64,-11.95,TRADE
VIC1,2025-08-27 14:55:00,4974.27,-13.11,TRADE
VIC1,2025-08-27 15:00:00,5003.08,-11.0,TRADE
VIC1,2025-08-27 15:05:00,5008.1,-10.47,TRADE
VIC1,2025-08-27 15:10:00,5009.43,-13.18,TRADE
VIC1,2025-08-27 15:15:00,5031.21,-12.11,TRADE
VIC1,2025-08-27 15:20:00,5201.54,-10.72,TRADE
VIC1,2025-08-27 15:25:00,5261.42,-10.88,TRADE
VIC1,2025-08-27 15:30:00,5310.06,-12.95,TRADE
VIC1,2025-08-27 15:35:00,5293.49,-14.64,TRADE
VIC1,2025-08-27 15:40:00,5276.15,-13.53,TRADE
VIC1,2025-08-27 15:45:00,5163.74,-13.67,TRADE
VIC1,2025-08-27 15:50:00,5085.98,-12.56,TRADE
VIC1,2025-08-27 15:55:00,5037.4,-11.99,TRADE
VIC1,2025-08-27 16:00:00,5104.81,-10.78,TRADE
VIC1,2025-08-27 16:05:00,5125.37,-12.43,TRADE
VIC1,2025-08-27 16:10:00,5119.79,-12.48,TRADE
VIC1,2025-08-27 16:15:00,5173.83,-11.93,TRADE
VIC1,2025-08-27 16:20:00,5273.13,-11.62,TRADE
VIC1,2025-08-27 16:25:00,5333.72,-8.65,TRADE
VIC1,2025-08-27 16:30:00,5504.62,8.95,TRADE
VIC1,2025-08-27 16:35:00,5607.82,17.85,TRADE
VIC1,2025-08-27 16:40:00,5788.39,39.03,TRADE
VIC1,2025-08-27 16:45:00,5897.54,55.47,TRADE
VIC1,2025-08-27 16:50:00,5960.8,58.8,TRADE
VIC1,2025-08-27 16:55:00,5992.74,55.91,TRADE
VIC1,2025-08-27 17:00:00,6079.86,61.38,TRADE
VIC1,2025-08-27 17:05:00,6173.25,61.4,TRADE
VIC1,2025-08-27 17:10:00,6279.7,68.82,TRADE
VIC1,2025-08-27 17:15:00,6418.17,75.8,TRADE
VIC1,2025-08-27 17:20:00,6519.9,86.14,TRADE
VIC1,2025-08-27 17:25:00,6559.03,101.29,TRADE
VIC1,2025-08-27 17:30:00,6664.67,121.26,TRADE
VIC1,2025-08-27 17:35:00,6714.79,69.57,TRADE
VIC1,2025-08-27 17:40:00,6931.34,100.85,TRADE
VIC1,2025-08-27 17:45:00,6965.62,81.83,TRADE
VIC1,2025-08-27 17:50:00,7083.88,89.42,TRADE
VIC1,2025-08-27 17:55:00,7138.28,107.63,TRADE
VIC1,2025-08-27 18:00:00,7180.04,110.15,TRADE
VIC1,2025-08-27 18:05:00,7264.91,104.59,TRADE
VIC1,2025-08-27 18:10:00,7274.92,99.87,TRADE
VIC1,2025-08-27 18:15:00,7331.7,106.65,TRADE
VIC1,2025-08-27 18:20:00,7381.81,112.55,TRADE
VIC1,2025-08-27 18:25:00,7406.81,112.81,TRADE
VIC1,2025-08-27 18:30:00,7433.09,115.34,TRADE
VIC1,2025-08-27 18:35:00,7392.6,107.73,TRADE
VIC1,2025-08-27 18:40:00,7309.19,94.42,TRADE
VIC1,2025-08-27 18:45:00,7423.8,112.26,TRADE
VIC1,2025-08-27 18:50:00,7386.57,107.78,TRADE
VIC1,2025-08-27 18:55:00,7430.16,98.66,TRADE
VIC1,2025-08-27 19:00:00,7396.8,100.87,TRADE
VIC1,2025-08-27 19:05:00,7374.13,98.66,TRADE
VIC1,2025-08-27 19:10:00,7307.36,86.64,TRADE
VIC1,2025-08-27 19:15:00,7323.11,98.31,TRADE
VIC1,2025-08-27 19:20:00,7290.97,93.12,TRADE
VIC1,2025-08-27 19:25:00,7257.15,95.68,TRADE
VIC1,2025-08-27 19:30:00,7246.31,98.66,TRADE
VIC1,2025-08-27 19:35:00,7206.56,109.56,TRADE
VIC1,2025-08-27 19:40:00,7208.45,116.41,TRADE
VIC1,2025-08-27 19:45:00,7181.47,103.49,TRADE
VIC1,2025-08-27 19:50:00,7180.9,113.39,TRADE
VIC1,2025-08-27 19:55:00,7176.04,108.72,TRADE
VIC1,2025-08-27 20:00:00,7159.79,119.53,TRADE
VIC1,2025-08-27 20:05:00,7157.35,120.0,TRADE
VIC1,2025-08-27 20:10:00,7120.64,117.84,TRADE
VIC1,2025-08-27 20:15:00,7118.13,110.32,TRADE
VIC1,2025-08-27 20:20:00,7062.33,94.63,TRADE
VIC1,2025-08-27 20:25:00,7088.77,108.32,TRADE
VIC1,2025-08-27 20:30:00,7009.72,80.0,TRADE
VIC1,2025-08-27 20:35:00,7006.5,97.69,TRADE
VIC1,2025-08-27 20:40:00,6929.14,87.79,TRADE
VIC1,2025-08-27 20:45:00,6908.04,93.13,TRADE
VIC1,2025-08-27 20:50:00,6874.82,88.71,TRADE
VIC1,2025-08-27 20:55:00,6826.55,85.82,TRADE
VIC1,2025-08-27 21:00:00,6756.26,81.75,TRADE
VIC1,2025-08-27 21:05:00,6770.03,82.84,TRADE
VIC1,2025-08-27 21:10:00,6710.39,79.88,TRADE
VIC1,2025-08-27 21:15:00,6667.58,75.8,TRADE
VIC1,2025-08-27 21:20:00,6640.05,72.27,TRADE
VIC1,2025-08-27 21:25:00,6587.55,70.48,TRADE
VIC1,2025-08-27 21:30:00,6546.17,70.82,TRADE
VIC1,2025-08-27 21:35:00,6499.36,70.68,TRADE
VIC1,2025-08-27 21:40:00,6430.53,70.1,TRADE
VIC1,2025-08-27 21:45:00,6384.9,63.5,TRADE
VIC1,2025-08-27 21:50:00,6306.47,61.43,TRADE
VIC1,2025-08-27 21:55:00,6271.37,58.22,TRADE
VIC1,2025-08-27 22:00:00,6165.81,51.3,TRADE
VIC1,2025-08-27 22:05:00,6122.93,53.0,TRADE
VIC1,2025-08-27 22:10:00,6079.83,19.0,TRADE
VIC1,2025-08-27 22:15:00,6077.16,34.99,TRADE
VIC1,2025-08-27 22:20:00,6022.59,19.0,TRADE
VIC1,2025-08-27 22:25:00,5989.98,49.95,TRADE
VIC1,2025-08-27 22:30:00,5949.66,35.0,TRADE
VIC1,2025-08-27 22:35:00,5877.23,29.39,TRADE
VIC1,2025-08-27 22:40:00,5808.34,19.0,TRADE
VIC1,2025-08-27 22:45:00,5767.87,19.0,TRADE
VIC1,2025-08-27 22:50:00,5688.05,19.0,TRADE
VIC1,2025-08-27 22:55:00,5667.44,19.18,TRADE
VIC1,2025-08-27 23:00:00,5567.75,19.0,TRADE
VIC1,2025-08-27 23:05:00,5615.7,19.0,TRADE
VIC1,2025-08-27 23:10:00,5702.63,19.0,TRADE
VIC1,2025-08-27 23:15:00,5700.74,19.0,TRADE
VIC1,2025-08-27 23:20:00,5646.51,10.35,TRADE
VIC1,2025-08-27 23:25:00,5649.87,19.0,TRADE
VIC1,2025-08-27 23:30:00,5597.09,19.0,TRADE
VIC1,2025-08-27 23:35:00,5599.66,19.0,TRADE
VIC1,2025-08-27 23:40:00,5545.98,19.0,TRADE
VIC1,2025-08-27 23:45:00,5492.14,19.0,TRADE
VIC1,2025-08-27 23:50:00,5420.92,8.95,TRADE
VIC1,2025-08-27 23:55:00,5374.34,8.95,TRADE
VIC1,2025-08-28 00:00:00,5337.14,8.15,TRADE
VIC1,2025-08-28 00:05:00,5298.19,0.05,TRADE
VIC1,2025-08-28 00:10:00,5260.92,0.05,TRADE
VIC1,2025-08-28 00:15:00,5220.44,8.95,TRADE
VIC1,2025-08-28 00:20:00,5213.06,8.95,TRADE
VIC1,2025-08-28 00:25:00,5166.43,1.63,TRADE
VIC1,2025-08-28 00:30:00,5102.98,0.01,TRADE
VIC1,2025-08-28 00:35:00,5075.31,0.01,TRADE
VIC1,2025-08-28 00:40:00,5068.67,0.01,TRADE
VIC1,2025-08-28 00:45:00,4992.34,-1.22,TRADE
VIC1,2025-08-28 00:50:00,4961.29,-1.22,TRADE
VIC1,2025-08-28 00:55:00,4948.24,1.64,TRADE
VIC1,2025-08-28 01:00:00,4892.4,0.05,TRADE
VIC1,2025-08-28 01:05:00,4870.91,-2.88,TRADE
VIC1,2025-08-28 01:10:00,4829.95,-1.22,TRADE
VIC1,2025-08-28 01:15:00,4857.79,1.64,TRADE
VIC1,2025-08-28 01:20:00,4784.32,0.01,TRADE
VIC1,2025-08-28 01:25:00,4756.95,-6.08,TRADE
VIC1,2025-08-28 01:30:00,4750.06,0.01,TRADE
VIC1,2025-08-28 01:35:00,4728.58,0.01,TRADE
VIC1,2025-08-28 01:40:00,4686.52,0.01,TRADE
VIC1,2025-08-28 01:45:00,4610.95,-1.22,TRADE
VIC1,2025-08-28 01:50:00,4588.43,-6.08,TRADE
VIC1,2025-08-28 01:55:00,4612.09,-1.22,TRADE
VIC1,2025-08-28 02:00:00,4601.42,0.0,TRADE
VIC1,2025-08-28 02:05:00,4549.9,0.05,TRADE
VIC1,2025-08-28 02:10:00,4500.61,0.0,TRADE
VIC1,2025-08-28 02:15:00,4504.12,0.01,TRADE
VIC1,2025-08-28 02:20:00,4466.33,-6.08,TRADE
VIC1,2025-08-28 02:25:00,4474.13,-8.76,TRADE
VIC1,2025-08-28 02:30:00,4461.35,-6.08,TRADE
VIC1,2025-08-28 02:35:00,4469.61,0.01,TRADE
VIC1,2025-08-28 02:40:00,4450.99,0.01,TRADE
VIC1,2025-08-28 02:45:00,4422.44,-1.22,TRADE
VIC1,2025-08-28 02:50:00,4395.05,-6.08,TRADE
VIC1,2025-08-28 02:55:00,4401.18,-1.22,TRADE
VIC1,2025-08-28 03:00:00,4398.42,-2.01,TRADE
VIC1,2025-08-28 03:05:00,4389.08,-2.23,TRADE
VIC1,2025-08-28 03:10:00,4355.38,-6.08,TRADE
VIC1,2025-08-28 03:15:00,4354.63,-6.08,TRADE
VIC1,2025-08-28 03:20:00,4372.05,-6.08,TRADE
VIC1,2025-08-28 03:25:00,4359.04,-6.08,TRADE
VIC1,2025-08-28 03:30:00,4354.65,-6.08,TRADE
VIC1,2025-08-28 03:35:00,4330.44,-6.08,TRADE
VIC1,2025-08-28 03:40:00,4332.61,-3.07,TRADE
VIC1,2025-08-28 03:45:00,4335.6,-6.08,TRADE
VIC1,2025-08-28 03:50:00,4323.41,-12.0,TRADE
VIC1,2025-08-28 03:55:00,4342.44,-6.16,TRADE
VIC1,2025-08-28 04:00:00,4345.45,-8.81,TRADE
VIC1,2025-08-28 04:05:00,4330.68,-8.86,TRADE
VIC1,2025-08-28 04:10:00,4358.55,-6.16,TRADE
VIC1,2025-08-28 04:15:00,4345.32,-9.88,TRADE
VIC1,2025-08-28 04:20:00,4375.79,-9.83,TRADE
VIC1,2025-08-28 04:25:00,4390.65,-6.16,TRADE
VIC1,2025-08-28 04:30:00,4386.07,-6.16,TRADE
VIC1,2025-08-28 04:35:00,4409.29,-6.16,TRADE
VIC1,2025-08-28 04:40:00,4440.73,-6.16,TRADE
VIC1,2025-08-28 04:45:00,4462.07,-6.08,TRADE
VIC1,2025-08-28 04:50:00,4472.33,-6.16,TRADE
VIC1,2025-08-28 04:55:00,4481.0,-6.08,TRADE
VIC1,2025-08-28 05:00:00,4516.52,-6.08,TRADE
VIC1,2025-08-28 05:05:00,4558.43,-6.08,TRADE
VIC1,2025-08-28 05:10:00,4655.66,-1.22,TRADE
VIC1,2025-08-28 05:15:00,4705.08,-1.22,TRADE
VIC1,2025-08-28 05:20:00,4752.95,0.01,TRADE
VIC1,2025-08-28 05:25:00,4777.02,0.01,TRADE
VIC1,2025-08-28 05:30:00,4809.98,0.01,TRADE
VIC1,2025-08-28 05:35:00,4890.89,2.39,TRADE
VIC1,2025-08-28 05:40:00,4975.91,1.64,TRADE
VIC1,2025-08-28 05:45:00,5009.92,0.0,TRADE
VIC1,2025-08-28 05:50:00,5086.96,8.95,TRADE
VIC1,2025-08-28 05:55:00,5158.26,19.0,TRADE
VIC1,2025-08-28 06:00:00,5225.12,6.66,TRADE
VIC1,2025-08-28 06:05:00,5288.7,8.95,TRADE
VIC1,2025-08-28 06:10:00,5437.3,8.95,TRADE
VIC1,2025-08-28 06:15:00,5519.1,-13.77,TRADE
VIC1,2025-08-28 06:20:00,5656.75,-20.99,TRADE
VIC1,2025-08-28 06:25:00,5660.86,-20.99,TRADE
VIC1,2025-08-28 06:30:00,5685.57,-20.99,TRADE
VIC1,2025-08-28 06:35:00,5788.8,-19.33,TRADE
VIC1,2025-08-28 06:40:00,5907.91,-12.3,TRADE
VIC1,2025-08-28 06:45:00,5940.44,-12.0,TRADE
VIC1,2025-08-28 06:50:00,6105.99,-8.46,TRADE
VIC1,2025-08-28 06:55:00,6174.28,-6.16,TRADE
VIC1,2025-08-28 07:00:00,6247.65,0.0,TRADE
VIC1,2025-08-28 07:05:00,6406.95,-3.07,TRADE
VIC1,2025-08-28 07:10:00,6370.49,-6.08,TRADE
VIC1,2025-08-28 07:15:00,6527.16,0.01,TRADE
VIC1,2025-08-28 07:20:00,6632.27,70.58,TRADE
VIC1,2025-08-28 07:25:00,6711.86,93.56,TRADE
VIC1,2025-08-28 07:30:00,6715.74,70.58,TRADE
VIC1,2025-08-28 07:35:00,6694.38,70.58,TRADE
VIC1,2025-08-28 07:40:00,6752.35,70.58,TRADE
VIC1,2025-08-28 07:45:00,6767.19,38.04,TRADE
VIC1,2025-08-28 07:50:00,6776.88,58.55,TRADE
VIC1,2025-08-28 07:55:00,6707.19,19.0,TRADE
VIC1,2025-08-28 08:00:00,6752.7,38.15,TRADE
VIC1,2025-08-28 08:05:00,6750.3,19.0,TRADE
VIC1,2025-08-28 08:10:00,6720.41,19.0,TRADE
VIC1,2025-08-28 08:15:00,6649.8,8.95,TRADE
VIC1,2025-08-28 08:20:00,6640.27,8.95,TRADE
VIC1,2025-08-28 08:25:00,6599.23,8.95,TRADE
VIC1,2025-08-28 08:30:00,6595.76,8.95,TRADE
VIC1,2025-08-28 08:35:00,6515.03,8.95,TRADE
VIC1,2025-08-28 08:40:00,6440.64,8.95,TRADE
VIC1,2025-08-28 08:45:00,6402.86,0.01,TRADE
VIC1,2025-08-28 08:50:00,6324.91,-1.22,TRADE
VIC1,2025-08-28 08:55:00,6334.48,0.01,TRADE
VIC1,2025-08-28 09:00:00,6304.92,8.95,TRADE
VIC1,2025-08-28 09:05:00,6283.63,8.95,TRADE
VIC1,2025-08-28 09:10:00,6309.79,-3.58,TRADE
VIC1,2025-08-28 09:15:00,6195.93,-6.08,TRADE
VIC1,2025-08-28 09:20:00,6098.49,-4.8,TRADE
VIC1,2025-08-28 09:25:00,6056.35,-6.16,TRADE
VIC1,2025-08-28 09:30:00,5972.73,-6.16,TRADE
VIC1,2025-08-28 09:35:00,5857.89,-1.22,TRADE
VIC1,2025-08-28 09:40:00,5767.23,-1.22,TRADE
VIC1,2025-08-28 09:45:00,5711.06,-1.22,TRADE
VIC1,2025-08-28 09:50:00,5624.41,-3.07,TRADE
VIC1,2025-08-28 09:55:00,5596.66,-6.16,TRADE
VIC1,2025-08-28 10:00:00,5450.6,-9.56,TRADE
VIC1,2025-08-28 10:05:00,5396.28,-9.56,TRADE
VIC1,2025-08-28 10:10:00,5347.1,-11.0,TRADE
VIC1,2025-08-28 10:15:00,5236.63,-9.56,TRADE
VIC1,2025-08-28 10:20:00,5224.05,-9.56,TRADE
VIC1,2025-08-28 10:25:00,5148.66,-10.86,TRADE
VIC1,2025-08-28 10:30:00,5112.83,-11.24,TRADE
VIC1,2025-08-28 10:35:00,5007.03,-12.6,TRADE
VIC1,2025-08-28 10:40:00,4966.88,-11.92,TRADE
VIC1,2025-08-28 10:45:00,4949.9,-11.83,TRADE
VIC1,2025-08-28 10:50:00,4941.28,-11.77,TRADE
VIC1,2025-08-28 10:55:00,4893.77,-11.9,TRADE
VIC1,2025-08-28 11:00:00,4804.92,-13.51,TRADE
VIC1,2025-08-28 11:05:00,4802.0,-11.52,TRADE
VIC1,2025-08-28 11:10:00,4756.27,-12.78,TRADE
VIC1,2025-08-28 11:15:00,4787.12,-11.76,TRADE
VIC1,2025-08-28 11:20:00,4750.3,-13.86,TRADE
VIC1,2025-08-28 11:25:00,4812.11,-12.61,TRADE
VIC1,2025-08-28 11:30:00,4779.33,-14.37,TRADE
VIC1,2025-08-28 11:35:00,4817.95,-14.71,TRADE
VIC1,2025-08-28 11:40:00,4792.86,-14.31,TRADE
VIC1,2025-08-28 11:45:00,4741.18,-15.0,TRADE
VIC1,2025-08-28 11:50:00,4673.54,-15.57,TRADE
VIC1,2025-08-28 11:55:00,4682.28,-14.84,TRADE
VIC1,2025-08-28 12:00:00,4603.57,-15.09,TRADE
VIC1,2025-08-28 12:05:00,4557.96,-14.77,TRADE
VIC1,2025-08-28 12:10:00,4628.19,-14.21,TRADE
VIC1,2025-08-28 12:15:00,4614.21,-14.37,TRADE
VIC1,2025-08-28 12:20:00,4568.16,-18.14,TRADE
VIC1,2025-08-28 12:25:00,4550.49,-19.89,TRADE
VIC1,2025-08-28 12:30:00,4499.56,-19.99,TRADE
VIC1,2025-08-28 12:35:00,4420.23,-19.99,TRADE
VIC1,2025-08-28 12:40:00,4388.28,-20.0,TRADE
VIC1,2025-08-28 12:45:00,4392.37,-20.0,TRADE
VIC1,2025-08-28 12:50:00,4338.36,-20.0,TRADE
VIC1,2025-08-28 12:55:00,4308.79,-20.47,TRADE
VIC1,2025-08-28 13:00:00,4273.9,-19.99,TRADE
VIC1,2025-08-28 13:05:00,4249.86,-20.0,TRADE
VIC1,2025-08-28 13:10:00,4296.32,-19.99,TRADE
VIC1,2025-08-28 13:15:00,4215.52,-19.86,TRADE
VIC1,2025-08-28 13:20:00,4199.17,-15.0,TRADE
VIC1,2025-08-28 13:25:00,4145.03,-19.99,TRADE
VIC1,2025-08-28 13:30:00,4255.35,-14.37,TRADE
VIC1,2025-08-28 13:35:00,4239.35,-14.37,TRADE
VIC1,2025-08-28 13:40:00,4211.26,-15.0,TRADE
VIC1,2025-08-28 13:45:00,4111.0,-20.02,TRADE
VIC1,2025-08-28 13:50:00,4075.69,-19.96,TRADE
VIC1,2025-08-28 13:55:00,4077.0,-20.99,TRADE
VIC1,2025-08-28 14:00:00,4089.98,-20.54,TRADE
VIC1,2025-08-28 14:05:00,4077.15,-22.1,TRADE
VIC1,2025-08-28 14:10:00,4128.95,-21.28,TRADE
VIC1,2025-08-28 14:15:00,4135.28,-19.94,TRADE
VIC1,2025-08-28 14:20:00,4170.7,-19.48,TRADE
VIC1,2025-08-28 14:25:00,4163.26,-19.99,TRADE
VIC1,2025-08-28 14:30:00,4208.17,-16.09,TRADE
VIC1,2025-08-28 14:35:00,4264.61,-16.79,TRADE
VIC1,2025-08-28 14:40:00,4341.45,-15.0,TRADE
VIC1,2025-08-28 14:45:00,4339.09,-16.15,TRADE
VIC1,2025-08-28 14:50:00,4507.75,-15.18,TRADE
VIC1,2025-08-28 14:55:00,4509.45,-14.37,TRADE
VIC1,2025-08-28 15:00:00,4542.62,-12.9,TRADE
VIC1,2025-08-28 15:05:00,4657.86,-9.56,TRADE
VIC1,2025-08-28 15:10:00,4702.12,-11.3,TRADE
VIC1,2025-08-28 15:15:00,4874.48,-10.08,TRADE
VIC1,2025-08-28 15:20:00,5021.46,-11.93,TRADE
VIC1,2025-08-28 15:25:00,5037.26,-13.88,TRADE
VIC1,2025-08-28 15:30:00,4987.07,-12.98,TRADE
VIC1,2025-08-28 15:35:00,4935.23,-13.26,TRADE
VIC1,2025-08-28 15:40:00,5004.5,-13.05,TRADE
VIC1,2025-08-28 15:45:00,5063.46,-12.9,TRADE
VIC1,2025-08-28 15:50:00,5069.56,-11.0,TRADE
VIC1,2025-08-28 15:55:00,5184.62,-5.5,TRADE
VIC1,2025-08-28 16:00:00,5237.86,0.0,TRADE
VIC1,2025-08-28 16:05:00,5187.67,-10.32,TRADE
VIC1,2025-08-28 16:10:00,5259.57,-12.0,TRADE
VIC1,2025-08-28 16:15:00,5334.07,-5.85,TRADE
VIC1,2025-08-28 16:20:00,5413.07,-1.85,TRADE
VIC1,2025-08-28 16:25:00,5515.98,0.2,TRADE
VIC1,2025-08-28 16:30:00,5619.34,0.0,TRADE
VIC1,2025-08-28 16:35:00,5693.24,0.2,TRADE
VIC1,2025-08-28 16:40:00,5778.21,-6.16,TRADE
VIC1,2025-08-28 16:45:00,5830.2,0.0,TRADE
VIC1,2025-08-28 16:50:00,5842.89,-2.06,TRADE
VIC1,2025-08-28 16:55:00,5968.09,1.81,TRADE
VIC1,2025-08-28 17:00:00,6092.0,98.33,TRADE
VIC1,2025-08-28 17:05:00,6196.49,92.27,TRADE
VIC1,2025-08-28 17:10:00,6213.24,82.02,TRADE
VIC1,2025-08-28 17:15:00,6355.24,84.41,TRADE
VIC1,2025-08-28 17:20:00,6441.81,84.31,TRADE
VIC1,2025-08-28 17:25:00,6474.38,87.42,TRADE
VIC1,2025-08-28 17:30:00,6544.81,105.46,TRADE
VIC1,2025-08-28 17:35:00,6650.0,85.55,TRADE
VIC1,2025-08-28 17:40:00,6777.12,103.92,TRADE
VIC1,2025-08-28 17:45:00,6878.2,114.68,TRADE
VIC1,2025-08-28 17:50:00,6874.84,115.81,TRADE
VIC1,2025-08-28 17:55:00,6939.75,117.03,TRADE
VIC1,2025-08-28 18:00:00,6982.79,118.82,TRADE
VIC1,2025-08-28 18:05:00,7040.63,114.67,TRADE
VIC1,2025-08-28 18:10:00,7045.67,114.68,TRADE
VIC1,2025-08-28 18:15:00,7172.97,125.62,TRADE
VIC1,2025-08-28 18:20:00,7179.99,131.97,TRADE
VIC1,2025-08-28 18:25:00,7240.8,131.5,TRADE
VIC1,2025-08-28 18:30:00,7284.41,129.55,TRADE
VIC1,2025-08-28 18:35:00,7363.45,125.49,TRADE
VIC1,2025-08-28 18:40:00,7357.85,130.68,TRADE
VIC1,2025-08-28 18:45:00,7229.27,125.49,TRADE
VIC1,2025-08-28 18:50:00,7298.86,120.22,TRADE
VIC1,2025-08-28 18:55:00,7317.66,128.98,TRADE
VIC1,2025-08-28 19:00:00,7280.0,114.67,TRADE
VIC1,2025-08-28 19:05:00,7287.76,113.49,TRADE
VIC1,2025-08-28 19:10:00,7225.52,101.61,TRADE
VIC1,2025-08-28 19:15:00,7261.37,88.77,TRADE
VIC1,2025-08-28 19:20:00,7172.88,90.03,TRADE
VIC1,2025-08-28 19:25:00,7215.24,90.05,TRADE
VIC1,2025-08-28 19:30:00,7228.02,105.55,TRADE
VIC1,2025-08-28 19:35:00,7226.93,90.34,TRADE
VIC1,2025-08-28 19:40:00,7188.75,82.17,TRADE
VIC1,2025-08-28 19:45:00,7206.11,83.09,TRADE
VIC1,2025-08-28 19:50:00,7190.14,88.0,TRADE
VIC1,2025-08-28 19:55:00,7211.63,91.24,TRADE
VIC1,2025-08-28 20:00:00,7092.1,83.69,TRADE
VIC1,2025-08-28 20:05:00,7068.6,87.55,TRADE
VIC1,2025-08-28 20:10:00,7078.05,98.83,TRADE
VIC1,2025-08-28 20:15:00,7019.97,97.0,TRADE
VIC1,2025-08-28 20:20:00,6963.31,111.98,TRADE
VIC1,2025-08-28 20:25:00,6981.69,97.0,TRADE
VIC1,2025-08-28 20:30:00,7035.52,80.89,TRADE
VIC1,2025-08-28 20:35:00,7022.01,114.62,TRADE
VIC1,2025-08-28 20:40:00,6930.74,110.44,TRADE
VIC1,2025-08-28 20:45:00,6852.59,111.98,TRADE
VIC1,2025-08-28 20:50:00,6868.7,110.36,TRADE
VIC1,2025-08-28 20:55:00,6889.49,125.5,TRADE
VIC1,2025-08-28 21:00:00,6769.94,108.5,TRADE
VIC1,2025-08-28 21:05:00,6757.02,109.17,TRADE
VIC1,2025-08-28 21:10:00,6708.29,133.74,TRADE
VIC1,2025-08-28 21:15:00,6636.3,109.09,TRADE
VIC1,2025-08-28 21:20:00,6649.26,135.11,TRADE
VIC1,2025-08-28 21:25:00,6489.84,107.12,TRADE
VIC1,2025-08-28 21:30:00,6457.93,91.43,TRADE
VIC1,2025-08-28 21:35:00,6510.18,113.92,TRADE
VIC1,2025-08-28 21:40:00,6443.4,108.25,TRADE
VIC1,2025-08-28 21:45:00,6316.41,82.01,TRADE
VIC1,2025-08-28 21:50:00,6359.61,93.84,TRADE
VIC1,2025-08-28 21:55:00,6277.54,75.8,TRADE
VIC1,2025-08-28 22:00:00,6212.94,70.03,TRADE
VIC1,2025-08-28 22:05:00,6065.43,80.0,TRADE
VIC1,2025-08-28 22:10:00,6031.15,75.88,TRADE
VIC1,2025-08-28 22:15:00,6024.55,80.0,TRADE
VIC1,2025-08-28 22:20:00,6015.18,71.05,TRADE
VIC1,2025-08-28 22:25:00,5958.85,20.04,TRADE
VIC1,2025-08-28 22:30:00,5892.74,23.79,TRADE
VIC1,2025-08-28 22:35:00,5786.58,19.0,TRADE
VIC1,2025-08-28 22:40:00,5791.8,19.18,TRADE
VIC1,2025-08-28 22:45:00,5750.15,19.18,TRADE
VIC1,2025-08-28 22:50:00,5717.11,19.18,TRADE
VIC1,2025-08-28 22:55:00,5619.8,19.0,TRADE
VIC1,2025-08-28 23:00:00,5571.5,19.0,TRADE
VIC1,2025-08-28 23:05:00,5646.76,19.18,TRADE
VIC1,2025-08-28 23:10:00,5713.8,19.18,TRADE
VIC1,2025-08-28 23:15:00,5686.73,19.18,TRADE
VIC1,2025-08-28 23:20:00,5702.5,19.18,TRADE
VIC1,2025-08-28 23:25:00,5646.1,5.36,TRADE
VIC1,2025-08-28 23:30:00,5603.02,8.95,TRADE
VIC1,2025-08-28 23:35:00,5534.5,19.18,TRADE
VIC1,2025-08-28 23:40:00,5494.2,8.95,TRADE
VIC1,2025-08-28 23:45:00,5468.56,8.95,TRADE
VIC1,2025-08-28 23:50:00,5419.96,8.95,TRADE
VIC1,2025-08-28 23:55:00,5387.3,8.95,TRADE
VIC1,2025-08-29 00:00:00,5245.87,0.0,TRADE
VIC1,2025-08-29 00:05:00,5306.53,8.95,TRADE
VIC1,2025-08-29 00:10:00,5262.46,8.95,TRADE
VIC1,2025-08-29 00:15:00,5262.17,8.95,TRADE
VIC1,2025-08-29 00:20:00,5275.98,8.95,TRADE
VIC1,2025-08-29 00:25:00,5125.39,0.0,TRADE
VIC1,2025-08-29 00:30:00,5114.08,7.21,TRADE
VIC1,2025-08-29 00:35:00,5084.28,8.95,TRADE
VIC1,2025-08-29 00:40:00,5065.31,8.95,TRADE
VIC1,2025-08-29 00:45:00,5127.82,8.95,TRADE
VIC1,2025-08-29 00:50:00,5053.22,8.95,TRADE
VIC1,2025-08-29 00:55:00,4980.32,8.95,TRADE
VIC1,2025-08-29 01:00:00,5033.79,8.95,TRADE
VIC1,2025-08-29 01:05:00,4979.55,9.4,TRADE
VIC1,2025-08-29 01:10:00,4951.17,9.4,TRADE
VIC1,2025-08-29 01:15:00,4932.66,9.5,TRADE
VIC1,2025-08-29 01:20:00,4844.67,8.95,TRADE
VIC1,2025-08-29 01:25:00,4888.91,19.0,TRADE
VIC1,2025-08-29 01:30:00,4885.84,19.0,TRADE
VIC1,2025-08-29 01:35:00,4817.69,9.64,TRADE
VIC1,2025-08-29 01:40:00,4835.85,9.68,TRADE
VIC1,2025-08-29 01:45:00,4770.74,8.95,TRADE
VIC1,2025-08-29 01:50:00,4698.46,0.01,TRADE
VIC1,2025-08-29 01:55:00,4723.03,8.95,TRADE
VIC1,2025-08-29 02:00:00,4627.99,0.0,TRADE
VIC1,2025-08-29 02:05:00,4606.58,0.01,TRADE
VIC1,2025-08-29 02:10:00,4603.72,0.01,TRADE
VIC1,2025-08-29 02:15:00,4533.99,0.0,TRADE
VIC1,2025-08-29 02:20:00,4615.13,8.95,TRADE
VIC1,2025-08-29 02:25:00,4542.14,0.0,TRADE
VIC1,2025-08-29 02:30:00,4548.37,0.01,TRADE
VIC1,2025-08-29 02:35:00,4537.31,0.01,TRADE
VIC1,2025-08-29 02:40:00,4522.82,0.01,TRADE
VIC1,2025-08-29 02:45:00,4510.05,8.95,TRADE
VIC1,2025-08-29 02:50:00,4487.34,0.01,TRADE
VIC1,2025-08-29 02:55:00,4406.3,0.0,TRADE
VIC1,2025-08-29 03:00:00,4414.05,0.0,TRADE
VIC1,2025-08-29 03:05:00,4430.9,0.0,TRADE
VIC1,2025-08-29 03:10:00,4440.52,-1.22,TRADE
VIC1,2025-08-29 03:15:00,4416.87,-2.01,TRADE
VIC1,2025-08-29 03:20:00,4401.88,-6.08,TRADE
VIC1,2025-08-29 03:25:00,4442.9,-1.22,TRADE
VIC1,2025-08-29 03:30:00,4450.6,-1.22,TRADE
VIC1,2025-08-29 03:35:00,4394.29,-6.08,TRADE
VIC1,2025-08-29 03:40:00,4357.85,-6.08,TRADE
VIC1,2025-08-29 03:45:00,4439.84,-6.08,TRADE
VIC1,2025-08-29 03:50:00,4443.21,-6.08,TRADE
VIC1,2025-08-29 03:55:00,4411.05,-6.08,TRADE
VIC1,2025-08-29 04:00:00,4448.71,-2.47,TRADE
VIC1,2025-08-29 04:05:00,4411.59,0.01,TRADE
VIC1,2025-08-29 04:10:00,4462.63,0.0,TRADE
VIC1,2025-08-29 04:15:00,4436.46,-6.08,TRADE
VIC1,2025-08-29 04:20:00,4448.75,-1.22,TRADE
VIC1,2025-08-29 04:25:00,4486.89,1.34,TRADE
VIC1,2025-08-29 04:30:00,4530.3,0.01,TRADE
VIC1,2025-08-29 04:35:00,4548.65,0.01,TRADE
VIC1,2025-08-29 04:40:00,4534.47,0.01,TRADE
VIC1,2025-08-29 04:45:00,4602.81,0.01,TRADE
VIC1,2025-08-29 04:50:00,4625.49,19.0,TRADE
VIC1,2025-08-29 04:55:00,4623.82,19.0,TRADE
VIC1,2025-08-29 05:00:00,4635.02,19.0,TRADE
VIC1,2025-08-29 05:05:00,4584.53,-6.16,TRADE
VIC1,2025-08-29 05:10:00,4747.73,0.01,TRADE
VIC1,2025-08-29 05:15:00,4692.75,0.01,TRADE
VIC1,2025-08-29 05:20:00,4849.46,55.69,TRADE
VIC1,2025-08-29 05:25:00,4853.17,19.0,TRADE
VIC1,2025-08-29 05:30:00,4896.6,19.0,TRADE
VIC1,2025-08-29 05:35:00,4962.79,33.89,TRADE
VIC1,2025-08-29 05:40:00,5060.16,19.0,TRADE
VIC1,2025-08-29 05:45:00,5147.98,19.0,TRADE
VIC1,2025-08-29 05:50:00,5083.81,0.01,TRADE
VIC1,2025-08-29 05:55:00,5163.31,8.95,TRADE
VIC1,2025-08-29 06:00:00,5197.27,5.46,TRADE
VIC1,2025-08-29 06:05:00,5263.54,0.01,TRADE
VIC1,2025-08-29 06:10:00,5435.74,8.95,TRADE
VIC1,2025-08-29 06:15:00,5480.16,19.0,TRADE
VIC1,2025-08-29 06:20:00,5635.94,58.3,TRADE
VIC1,2025-08-29 06:25:00,5794.07,-14.07,TRADE
VIC1,2025-08-29 06:30:00,5874.87,-13.84,TRADE
VIC1,2025-08-29 06:35:00,5836.92,-13.71,TRADE
VIC1,2025-08-29 06:40:00,5951.6,-12.4,TRADE
VIC1,2025-08-29 06:45:00,5944.57,-12.03,TRADE
VIC1,2025-08-29 06:50:00,6064.08,-9.56,TRADE
VIC1,2025-08-29 06:55:00,6183.04,-9.56,TRADE
VIC1,2025-08-29 07:00:00,6175.9,-9.56,TRADE
VIC1,2025-08-29 07:05:00,6282.91,-1.22,TRADE
VIC1,2025-08-29 07:10:00,6366.78,23.56,TRADE
VIC1,2025-08-29 07:15:00,6466.32,23.56,TRADE
VIC1,2025-08-29 07:20:00,6638.83,23.56,TRADE
VIC1,2025-08-29 07:25:00,6673.02,23.56,TRADE
VIC1,2025-08-29 07:30:00,6830.22,67.47,TRADE
VIC1,2025-08-29 07:35:00,6809.01,23.56,TRADE
VIC1,2025-08-29 07:40:00,6917.59,23.56,TRADE
VIC1,2025-08-29 07:45:00,6862.61,33.89,TRADE
VIC1,2025-08-29 07:50:00,6910.73,75.8,TRADE
VIC1,2025-08-29 07:55:00,6819.89,23.56,TRADE
VIC1,2025-08-29 08:00:00,6862.63,23.56,TRADE
VIC1,2025-08-29 08:05:00,6757.02,8.95,TRADE
VIC1,2025-08-29 08:10:00,6809.66,23.56,TRADE
VIC1,2025-08-29 08:15:00,6740.81,8.95,TRADE
VIC1,2025-08-29 08:20:00,6703.27,8.95,TRADE
VIC1,2025-08-29 08:25:00,6664.26,-9.56,TRADE
VIC1,2025-08-29 08:30:00,6596.0,-7.3,TRADE
VIC1,2025-08-29 08:35:00,6485.87,-9.56,TRADE
VIC1,2025-08-29 08:40:00,6392.94,-6.63,TRADE
VIC1,2025-08-29 08:45:00,6253.37,-6.57,TRADE
VIC1,2025-08-29 08:50:00,6215.33,-6.67,TRADE
VIC1,2025-08-29 08:55:00,6166.52,-6.68,TRADE
VIC1,2025-08-29 09:00:00,6144.06,-6.16,TRADE
VIC1,2025-08-29 09:05:00,6186.94,8.95,TRADE
VIC1,2025-08-29 09:10:00,6231.22,8.95,TRADE
VIC1,2025-08-29 09:15:00,6166.51,8.95,TRADE
VIC1,2025-08-29 09:20:00,6214.12,-9.56,TRADE
VIC1,2025-08-29 09:25:00,6207.29,8.5,TRADE
VIC1,2025-08-29 09:30:00,6170.94,1.4,TRADE
VIC1,2025-08-29 09:35:00,6052.54,33.89,TRADE
VIC1,2025-08-29 09:40:00,6114.13,74.27,TRADE
VIC1,2025-08-29 09:45:00,6096.63,8.95,TRADE
VIC1,2025-08-29 09:50:00,6087.6,-9.56,TRADE
VIC1,2025-08-29 09:55:00,5878.88,-13.84,TRADE
VIC1,2025-08-29 10:00:00,6037.86,-19.51,TRADE
VIC1,2025-08-29 10:05:00,5947.41,-14.97,TRADE
VIC1,2025-08-29 10:10:00,5717.84,-14.73,TRADE
VIC1,2025-08-29 10:15:00,5617.27,-16.41,TRADE
VIC1,2025-08-29 10:20:00,5500.46,-15.23,TRADE
VIC1,2025-08-29 10:25:00,5487.28,-8.61,TRADE
VIC1,2025-08-29 10:30:00,5600.1,-6.34,TRADE
VIC1,2025-08-29 10:35:00,5732.06,-9.56,TRADE
VIC1,2025-08-29 10:40:00,5684.73,-9.56,TRADE
VIC1,2025-08-29 10:45:00,5551.48,-12.0,TRADE
VIC1,2025-08-29 10:50:00,5598.87,-16.38,TRADE
VIC1,2025-08-29 10:55:00,5614.96,-14.37,TRADE
VIC1,2025-08-29 11:00:00,5585.02,-19.18,TRADE
VIC1,2025-08-29 11:05:00,5498.01,-16.59,TRADE
VIC1,2025-08-29 11:10:00,5425.08,-16.38,TRADE
VIC1,2025-08-29 11:15:00,5417.59,-12.58,TRADE
VIC1,2025-08-29 11:20:00,5236.26,-13.75,TRADE
VIC1,2025-08-29 11:25:00,5185.97,-8.73,TRADE
VIC1,2025-08-29 11:30:00,5117.18,-8.57,TRADE
VIC1,2025-08-29 11:35:00,5120.5,-8.57,TRADE
VIC1,2025-08-29 11:40:00,5107.66,-10.16,TRADE
VIC1,2025-08-29 11:45:00,5237.08,-8.31,TRADE
VIC1,2025-08-29 11:50:00,5304.81,-15.0,TRADE
VIC1,2025-08-29 11:55:00,5455.99,-8.35,TRADE
VIC1,2025-08-29 12:00:00,5523.76,-2.13,TRADE
VIC1,2025-08-29 12:05:00,5526.85,-13.75,TRADE
VIC1,2025-08-29 12:10:00,5660.61,-8.5,TRADE
VIC1,2025-08-29 12:15:00,5750.27,-9.68,TRADE
VIC1,2025-08-29 12:20:00,5734.22,-8.43,TRADE
VIC1,2025-08-29 12:25:00,5725.49,-1.35,TRADE
VIC1,2025-08-29 12:30:00,5720.15,8.95,TRADE
VIC1,2025-08-29 12:35:00,5733.13,-6.52,TRADE
VIC1,2025-08-29 12:40:00,5765.44,119.6,TRADE
VIC1,2025-08-29 12:45:00,5620.04,-5.44,TRADE
VIC1,2025-08-29 12:50:00,5743.6,8.95,TRADE
VIC1,2025-08-29 12:55:00,5769.84,8.95,TRADE
VIC1,2025-08-29 13:00:00,5767.29,69.85,TRADE
VIC1,2025-08-29 13:05:00,5819.58,75.89,TRADE
VIC1,2025-08-29 13:10:00,5782.73,1.7,TRADE
VIC1,2025-08-29 13:15:00,5849.06,5.2,TRADE
VIC1,2025-08-29 13:20:00,5760.46,4.5,TRADE
VIC1,2025-08-29 13:25:00,5764.12,0.06,TRADE
VIC1,2025-08-29 13:30:00,5831.12,54.2,TRADE
VIC1,2025-08-29 13:35:00,5990.74,4.5,TRADE
VIC1,2025-08-29 13:40:00,6078.17,8.95,TRADE
VIC1,2025-08-29 13:45:00,6205.83,38.5,TRADE
VIC1,2025-08-29 13:50:00,5998.76,4.5,TRADE
VIC1,2025-08-29 13:55:00,6094.72,37.17,TRADE
VIC1,2025-08-29 14:00:00,6090.31,8.95,TRADE
VIC1,2025-08-29 14:05:00,6036.84,4.5,TRADE
VIC1,2025-08-29 14:10:00,5927.02,125.49,TRADE
VIC1,2025-08-29 14:15:00,5820.1,4.5,TRADE
VIC1,2025-08-29 14:20:00,5839.01,8.95,TRADE
VIC1,2025-08-29 14:25:00,5839.29,72.78,TRADE
VIC1,2025-08-29 14:30:00,5743.26,8.95,TRADE
VIC1,2025-08-29 14:35:00,5892.4,0.06,TRADE
VIC1,2025-08-29 14:40:00,5899.38,4.5,TRADE
VIC1,2025-08-29 14:45:00,6039.76,4.5,TRADE
VIC1,2025-08-29 14:50:00,5957.94,8.95,TRADE
VIC1,2025-08-29 14:55:00,5946.44,19.0,TRADE
VIC1,2025-08-29 15:00:00,5909.12,18.26,TRADE
VIC1,2025-08-29 15:05:00,5801.34,4.5,TRADE
VIC1,2025-08-29 15:10:00,5750.17,4.5,TRADE
VIC1,2025-08-29 15:15:00,5704.66,8.95,TRADE
VIC1,2025-08-29 15:20:00,5617.84,8.95,TRADE
VIC1,2025-08-29 15:25:00,5599.09,0.06,TRADE
VIC1,2025-08-29 15:30:00,5454.17,-6.87,TRADE
VIC1,2025-08-29 15:35:00,5451.32,-12.8,TRADE
VIC1,2025-08-29 15:40:00,5541.41,-10.48,TRADE
VIC1,2025-08-29 15:45:00,5395.68,-7.68,TRADE
VIC1,2025-08-29 15:50:00,5590.76,-5.6,TRADE
VIC1,2025-08-29 15:55:00,5621.49,3.75,TRADE
VIC1,2025-08-29 16:00:00,5683.74,0.0,TRADE
VIC1,2025-08-29 16:05:00,5778.1,0.0,TRADE
VIC1,2025-08-29 16:10:00,5758.56,-12.79,TRADE
VIC1,2025-08-29 16:15:00,5897.81,7.8,TRADE
VIC1,2025-08-29 16:20:00,5923.12,19.0,TRADE
VIC1,2025-08-29 16:25:00,5938.66,8.95,TRADE
VIC1,2025-08-29 16:30:00,6144.8,44.87,TRADE
VIC1,2025-08-29 16:35:00,6356.13,40.0,TRADE
VIC1,2025-08-29 16:40:00,6473.22,69.7,TRADE
VIC1,2025-08-29 16:45:00,6528.73,-29.12,TRADE
VIC1,2025-08-29 16:50:00,6621.61,8.95,TRADE
VIC1,2025-08-29 16:55:00,6801.64,109.55,TRADE
VIC1,2025-08-29 17:00:00,6868.36,123.04,TRADE
VIC1,2025-08-29 17:05:00,6893.02,86.79,TRADE
VIC1,2025-08-29 17:10:00,7066.96,89.37,TRADE
VIC1,2025-08-29 17:15:00,7065.32,80.0,TRADE
VIC1,2025-08-29 17:20:00,7088.86,92.98,TRADE
VIC1,2025-08-29 17:25:00,7082.62,91.63,TRADE
VIC1,2025-08-29 17:30:00,7133.82,99.16,TRADE
VIC1,2025-08-29 17:35:00,7197.73,128.36,TRADE
VIC1,2025-08-29 17:40:00,7331.78,134.86,TRADE
VIC1,2025-08-29 17:45:00,7371.91,120.78,TRADE
VIC1,2025-08-29 17:50:00,7444.14,167.57,TRADE
VIC1,2025-08-29 17:55:00,7469.12,218.98,TRADE
VIC1,2025-08-29 18:00:00,7577.12,358.21,TRADE
VIC1,2025-08-29 18:05:00,7560.39,313.2,TRADE
VIC1,2025-08-29 18:10:00,7522.43,292.12,TRADE
VIC1,2025-08-29 18:15:00,7535.6,274.39,TRADE
VIC1,2025-08-29 18:20:00,7639.4,196.41,TRADE
VIC1,2025-08-29 18:25:00,7672.67,196.41,TRADE
VIC1,2025-08-29 18:30:00,7655.96,254.14,TRADE
VIC1,2025-08-29 18:35:00,7680.64,207.96,TRADE
VIC1,2025-08-29 18:40:00,7712.13,196.41,TRADE
VIC1,2025-08-29 18:45:00,7779.61,196.41,TRADE
VIC1,2025-08-29 18:50:00,7718.03,98.66,TRADE
VIC1,2025-08-29 18:55:00,7686.22,98.66,TRADE
VIC1,2025-08-29 19:00:00,7724.73,76.32,TRADE
VIC1,2025-08-29 19:05:00,7729.97,196.41,TRADE
VIC1,2025-08-29 19:10:00,7654.23,70.41,TRADE
VIC1,2025-08-29 19:15:00,7678.15,31.81,TRADE
VIC1,2025-08-29 19:20:00,7699.48,68.55,TRADE
VIC1,2025-08-29 19:25:00,7720.37,68.75,TRADE
VIC1,2025-08-29 19:30:00,7642.5,68.14,TRADE
VIC1,2025-08-29 19:35:00,7614.84,70.2,TRADE
VIC1,2025-08-29 19:40:00,7577.68,68.72,TRADE
VIC1,2025-08-29 19:45:00,7604.05,-9.56,TRADE
VIC1,2025-08-29 19:50:00,7556.48,-6.44,TRADE
VIC1,2025-08-29 19:55:00,7565.19,-9.56,TRADE
VIC1,2025-08-29 20:00:00,7574.45,2.56,TRADE
VIC1,2025-08-29 20:05:00,7572.09,22.05,TRADE
VIC1,2025-08-29 20:10:00,7546.94,0.01,TRADE
VIC1,2025-08-29 20:15:00,7449.13,-21.28,TRADE
VIC1,2025-08-29 20:20:00,7422.1,-10.0,TRADE
VIC1,2025-08-29 20:25:00,7462.82,2.02,TRADE
VIC1,2025-08-29 20:30:00,7394.18,0.0,TRADE
VIC1,2025-08-29 20:35:00,7377.45,94.05,TRADE
VIC1,2025-08-29 20:40:00,7320.35,58.85,TRADE
VIC1,2025-08-29 20:45:00,7318.84,72.1,TRADE
VIC1,2025-08-29 20:50:00,7331.7,72.49,TRADE
VIC1,2025-08-29 20:55:00,7253.79,67.06,TRADE
VIC1,2025-08-29 21:00:00,7218.15,69.67,TRADE
VIC1,2025-08-29 21:05:00,7165.18,73.06,TRADE
VIC1,2025-08-29 21:10:00,7159.27,80.0,TRADE
VIC1,2025-08-29 21:15:00,7132.24,78.56,TRADE
VIC1,2025-08-29 21:20:00,7056.68,77.44,TRADE
VIC1,2025-08-29 21:25:00,7041.05,67.32,TRADE
VIC1,2025-08-29 21:30:00,7016.18,75.22,TRADE
VIC1,2025-08-29 21:35:00,6913.43,47.89,TRADE
VIC1,2025-08-29 21:40:00,6809.46,39.4,TRADE
VIC1,2025-08-29 21:45:00,6738.99,53.37,TRADE
VIC1,2025-08-29 21:50:00,6717.01,19.0,TRADE
VIC1,2025-08-29 21:55:00,6706.44,34.77,TRADE
VIC1,2025-08-29 22:00:00,6712.02,35.82,TRADE
VIC1,2025-08-29 22:05:00,6536.2,34.22,TRADE
VIC1,2025-08-29 22:10:00,6539.38,31.18,TRADE
VIC1,2025-08-29 22:15:00,6500.57,25.99,TRADE
VIC1,2025-08-29 22:20:00,6440.23,2.41,TRADE
VIC1,2025-08-29 22:25:00,6349.16,1.77,TRADE
VIC1,2025-08-29 22:30:00,6234.2,-9.56,TRADE
VIC1,2025-08-29 22:35:00,6258.62,29.51,TRADE
VIC1,2025-08-29 22:40:00,6191.7,0.01,TRADE
VIC1,2025-08-29 22:45:00,6052.95,25.02,TRADE
VIC1,2025-08-29 22:50:00,6027.17,-1.8,TRADE
VIC1,2025-08-29 22:55:00,6007.31,8.95,TRADE
VIC1,2025-08-29 23:00:00,5956.97,0.01,TRADE
VIC1,2025-08-29 23:05:00,5951.3,8.95,TRADE
VIC1,2025-08-29 23:10:00,5903.76,8.02,TRADE
VIC1,2025-08-29 23:15:00,6033.09,19.0,TRADE
VIC1,2025-08-29 23:20:00,6015.17,8.95,TRADE
VIC1,2025-08-29 23:25:00,5921.96,23.09,TRADE
VIC1,2025-08-29 23:30:00,5936.46,26.89,TRADE
VIC1,2025-08-29 23:35:00,5949.22,25.79,TRADE
VIC1,2025-08-29 23:40:00,5801.99,-8.25,TRADE
VIC1,2025-08-29 23:45:00,5824.52,15.66,TRADE
VIC1,2025-08-29 23:50:00,5730.63,8.95,TRADE
VIC1,2025-08-29 23:55:00,5632.2,0.01,TRADE
